event_sample_id,station_id,anchor_time,window_start,window_end,target_class,split_group_id,sample_type,flow_t_minus_3,flow_t_minus_2,flow_t_minus_1,flow_t0,flow_t_plus_1,flow_t_plus_2,flow_t_plus_3,all_zero_flow_window
INCIDENT__219427-webtirf__7120,7120,2025-01-01 04:00:00,2025-01-01 01:00:00,2025-01-01 07:00:00,OTHER_DISRUPTION,GROUP__7120__0001,INCIDENT,0.0,0.0,0.0,0.0,0.0,0.0,0.0,True
INCIDENT__219427-webtirf__7121,7121,2025-01-01 04:00:00,2025-01-01 01:00:00,2025-01-01 07:00:00,OTHER_DISRUPTION,GROUP__7121__0001,INCIDENT,0.0,0.0,0.0,0.0,0.0,0.0,0.0,True
INCIDENT__219440.0-webtirf__7168,7168,2025-01-01 11:00:00,2025-01-01 08:00:00,2025-01-01 14:00:00,OTHER_DISRUPTION,GROUP__7168__0001,INCIDENT,13.0,4.0,13.0,10.0,16.0,12.0,7.0,False
INCIDENT__219468-webtirf__F3FWY003,F3FWY003,2025-01-02 01:00:00,2025-01-01 22:00:00,2025-01-02 04:00:00,ACCIDENT,GROUP__F3FWY003__0001,INCIDENT,0.0,0.0,31.0,19.0,30.0,27.0,0.0,False
INCIDENT__219481-webtirf__7179,7179,2025-01-02 03:00:00,2025-01-02 00:00:00,2025-01-02 06:00:00,OTHER_DISRUPTION,GROUP__7179__0001,INCIDENT,21.0,30.0,33.0,34.0,73.0,105.0,160.0,False
INCIDENT__219564-webtirf__33014,33014,2025-01-04 00:00:00,2025-01-03 21:00:00,2025-01-04 03:00:00,OTHER_DISRUPTION,GROUP__33014__0001,INCIDENT,26.0,15.0,0.0,10.0,5.0,17.0,16.0,False
INCIDENT__219601-webtirf__7123-PR,7123-PR,2025-01-04 19:00:00,2025-01-04 16:00:00,2025-01-04 22:00:00,OTHER_DISRUPTION,GROUP__7123-PR__0001,INCIDENT,477.0,530.0,400.0,336.0,401.0,395.0,292.0,False
INCIDENT__219613-webtirf__22001,22001,2025-01-05 05:00:00,2025-01-05 02:00:00,2025-01-05 08:00:00,OTHER_DISRUPTION,GROUP__22001__0001,INCIDENT,117.0,113.0,328.0,692.0,1131.0,1694.0,1684.0,False
INCIDENT__219630.0-webtirf__68025,68025,2025-01-05 21:00:00,2025-01-05 18:00:00,2025-01-06 00:00:00,OTHER_DISRUPTION,GROUP__68025__0001,INCIDENT,0.0,0.0,0.0,0.0,0.0,0.0,0.0,True
INCIDENT__219630.0-webtirf__7164,7164,2025-01-05 21:00:00,2025-01-05 18:00:00,2025-01-06 00:00:00,OTHER_DISRUPTION,GROUP__7164__0001,INCIDENT,0.0,0.0,0.0,0.0,0.0,0.0,12.0,False
INCIDENT__219630.0-webtirf__7179,7179,2025-01-05 21:00:00,2025-01-05 18:00:00,2025-01-06 00:00:00,OTHER_DISRUPTION,GROUP__7179__0002,INCIDENT,1416.0,1317.0,1159.0,1128.0,894.0,584.0,28.0,False
INCIDENT__219650.0-webtirf__F3FWY003,F3FWY003,2025-01-06 00:00:00,2025-01-05 21:00:00,2025-01-06 03:00:00,OTHER_DISRUPTION,GROUP__F3FWY003__0003,INCIDENT,0.0,0.0,0.0,217.0,153.0,128.0,194.0,False
INCIDENT__219653-webtirf__9836-PR,9836-PR,2025-01-06 01:00:00,2025-01-05 22:00:00,2025-01-06 04:00:00,ACCIDENT,GROUP__9836-PR__0001,INCIDENT,0.0,0.0,0.0,0.0,0.0,0.0,0.0,True
INCIDENT__219663-webtirf__7248,7248,2025-01-06 02:00:00,2025-01-05 23:00:00,2025-01-06 05:00:00,OTHER_DISRUPTION,GROUP__7248__0001,INCIDENT,296.0,71.0,42.0,52.0,54.0,97.0,204.0,False
INCIDENT__219668-webtirf__7163,7163,2025-01-06 03:00:00,2025-01-06 00:00:00,2025-01-06 06:00:00,OTHER_DISRUPTION,GROUP__7163__0001,INCIDENT,83.0,70.0,49.0,63.0,98.0,230.0,517.0,False
INCIDENT__219670.0-webtirf__23067,23067,2025-01-06 03:00:00,2025-01-06 00:00:00,2025-01-06 06:00:00,OTHER_DISRUPTION,GROUP__23067__0001,INCIDENT,51.0,101.0,367.0,882.0,1321.0,1756.0,2103.0,False
INCIDENT__219694-webtirf__7179,7179,2025-01-06 04:00:00,2025-01-06 01:00:00,2025-01-06 07:00:00,OTHER_DISRUPTION,GROUP__7179__0003,INCIDENT,34.0,28.0,37.0,76.0,168.0,262.0,291.0,False
INCIDENT__219711-webtirf__33014,33014,2025-01-06 07:00:00,2025-01-06 04:00:00,2025-01-06 10:00:00,OTHER_DISRUPTION,GROUP__33014__0002,INCIDENT,258.0,603.0,805.0,1040.0,1190.0,1133.0,1236.0,False
INCIDENT__219761-webtirf__7163,7163,2025-01-06 22:00:00,2025-01-06 19:00:00,2025-01-07 01:00:00,OTHER_DISRUPTION,GROUP__7163__0002,INCIDENT,353.0,291.0,255.0,404.0,271.0,17.0,11.0,False
INCIDENT__219783-webtirf__7112,7112,2025-01-07 01:00:00,2025-01-06 22:00:00,2025-01-07 04:00:00,ACCIDENT,GROUP__7112__0001,INCIDENT,0.0,0.0,111.0,90.0,61.0,57.0,197.0,False
INCIDENT__219796-webtirf__51235,51235,2025-01-07 02:00:00,2025-01-06 23:00:00,2025-01-07 05:00:00,ACCIDENT,GROUP__51235__0001,INCIDENT,19.0,145.0,81.0,64.0,106.0,293.0,887.0,False
INCIDENT__219807-webtirf__23067,23067,2025-01-07 04:00:00,2025-01-07 01:00:00,2025-01-07 07:00:00,OTHER_DISRUPTION,GROUP__23067__0002,INCIDENT,185.0,229.0,450.0,685.0,897.0,1361.0,1550.0,False
INCIDENT__219811-webtirf__50240,50240,2025-01-07 04:00:00,2025-01-07 01:00:00,2025-01-07 07:00:00,OTHER_DISRUPTION,GROUP__50240__0001,INCIDENT,210.0,136.0,149.0,320.0,877.0,1699.0,1895.0,False
INCIDENT__219833-webtirf__7248,7248,2025-01-07 07:00:00,2025-01-07 04:00:00,2025-01-07 10:00:00,OTHER_DISRUPTION,GROUP__7248__0002,INCIDENT,108.0,176.0,300.0,242.0,202.0,208.0,207.0,False
INCIDENT__219844-webtirf__9827,9827,2025-01-07 18:00:00,2025-01-07 15:00:00,2025-01-07 21:00:00,OTHER_DISRUPTION,GROUP__9827__0001,INCIDENT,0.0,0.0,0.0,0.0,0.0,0.0,0.0,True
INCIDENT__219890.0-webtirf__7164,7164,2025-01-08 02:00:00,2025-01-07 23:00:00,2025-01-08 05:00:00,OTHER_DISRUPTION,GROUP__7164__0002,INCIDENT,4.0,74.0,37.0,39.0,37.0,70.0,235.0,False
INCIDENT__219896-webtirf__F3FWY006,F3FWY006,2025-01-08 02:00:00,2025-01-07 23:00:00,2025-01-08 05:00:00,ACCIDENT,GROUP__F3FWY006__0001,INCIDENT,120.0,0.0,0.0,0.0,0.0,0.0,0.0,False
INCIDENT__219914-webtirf__7184,7184,2025-01-08 04:00:00,2025-01-08 01:00:00,2025-01-08 07:00:00,OTHER_DISRUPTION,GROUP__7184__0001,INCIDENT,81.0,63.0,84.0,0.0,0.0,0.0,0.0,False
INCIDENT__219932-webtirf__7120,7120,2025-01-08 10:00:00,2025-01-08 07:00:00,2025-01-08 13:00:00,ACCIDENT,GROUP__7120__0002,INCIDENT,95.0,93.0,78.0,85.0,60.0,64.0,53.0,False
INCIDENT__219932-webtirf__7121,7121,2025-01-08 10:00:00,2025-01-08 07:00:00,2025-01-08 13:00:00,ACCIDENT,GROUP__7121__0002,INCIDENT,35.0,41.0,39.0,45.0,45.0,45.0,44.0,False
INCIDENT__219943-webtirf__7184,7184,2025-01-08 12:00:00,2025-01-08 09:00:00,2025-01-08 15:00:00,OTHER_DISRUPTION,GROUP__7184__0002,INCIDENT,0.0,0.0,2009.0,1914.0,1839.0,1922.0,2050.0,False
INCIDENT__219947-webtirf__F3FWY003,F3FWY003,2025-01-08 13:00:00,2025-01-08 10:00:00,2025-01-08 16:00:00,OTHER_DISRUPTION,GROUP__F3FWY003__0004,INCIDENT,0.0,0.0,0.0,0.0,0.0,0.0,0.0,True
INCIDENT__219957-webtirf__10011,10011,2025-01-08 19:00:00,2025-01-08 16:00:00,2025-01-08 22:00:00,ACCIDENT,GROUP__10011__0001,INCIDENT,1576.0,1732.0,1482.0,871.0,729.0,749.0,521.0,False
INCIDENT__219957-webtirf__7139,7139,2025-01-08 19:00:00,2025-01-08 16:00:00,2025-01-08 22:00:00,ACCIDENT,GROUP__7139__0001,INCIDENT,142.0,119.0,57.0,54.0,39.0,35.0,37.0,False
INCIDENT__219979-webtirf__7251,7251,2025-01-08 23:00:00,2025-01-08 20:00:00,2025-01-09 02:00:00,OTHER_DISRUPTION,GROUP__7251__0001,INCIDENT,35.0,47.0,27.0,18.0,21.0,16.0,15.0,False
INCIDENT__220005-webtirf__68025,68025,2025-01-09 01:00:00,2025-01-08 22:00:00,2025-01-09 04:00:00,OTHER_DISRUPTION,GROUP__68025__0002,INCIDENT,214.0,165.0,10.0,5.0,5.0,9.0,11.0,False
INCIDENT__220025-webtirf__68025,68025,2025-01-09 04:00:00,2025-01-09 01:00:00,2025-01-09 07:00:00,OTHER_DISRUPTION,GROUP__68025__0002,INCIDENT,5.0,5.0,9.0,11.0,41.0,43.0,59.0,False
INCIDENT__220081-webtirf__7120,7120,2025-01-09 22:00:00,2025-01-09 19:00:00,2025-01-10 01:00:00,OTHER_DISRUPTION,GROUP__7120__0003,INCIDENT,538.0,404.0,435.0,318.0,231.0,11.0,9.0,False
INCIDENT__220081-webtirf__7121,7121,2025-01-09 22:00:00,2025-01-09 19:00:00,2025-01-10 01:00:00,OTHER_DISRUPTION,GROUP__7121__0003,INCIDENT,28.0,8.0,16.0,10.0,9.0,0.0,0.0,False
INCIDENT__220084-webtirf__7179,7179,2025-01-09 22:00:00,2025-01-09 19:00:00,2025-01-10 01:00:00,OTHER_DISRUPTION,GROUP__7179__0004,INCIDENT,0.0,0.0,0.0,0.0,0.0,52.0,41.0,False
INCIDENT__220088-webtirf__74230,74230,2025-01-09 23:00:00,2025-01-09 20:00:00,2025-01-10 02:00:00,OTHER_DISRUPTION,GROUP__74230__0001,INCIDENT,77.0,38.0,12.0,10.0,1.0,0.0,1.0,False
INCIDENT__220110.0-webtirf__53004,53004,2025-01-10 02:00:00,2025-01-09 23:00:00,2025-01-10 05:00:00,ACCIDENT,GROUP__53004__0001,INCIDENT,8.0,0.0,0.0,0.0,0.0,75.0,219.0,False
INCIDENT__220170.0-webtirf__7126,7126,2025-01-10 08:00:00,2025-01-10 05:00:00,2025-01-10 11:00:00,ACCIDENT,GROUP__7126__0001,INCIDENT,161.0,265.0,351.0,492.0,448.0,520.0,638.0,False
INCIDENT__220181-webtirf__7184,7184,2025-01-10 13:00:00,2025-01-10 10:00:00,2025-01-10 16:00:00,OTHER_DISRUPTION,GROUP__7184__0003,INCIDENT,218.0,224.0,249.0,259.0,265.0,234.0,217.0,False
INCIDENT__220188-webtirf__7184,7184,2025-01-10 15:00:00,2025-01-10 12:00:00,2025-01-10 18:00:00,OTHER_DISRUPTION,GROUP__7184__0003,INCIDENT,249.0,259.0,265.0,234.0,217.0,0.0,0.0,False
INCIDENT__220200.0-webtirf__7179,7179,2025-01-10 21:00:00,2025-01-10 18:00:00,2025-01-11 00:00:00,OTHER_DISRUPTION,GROUP__7179__0005,INCIDENT,0.0,0.0,0.0,0.0,0.0,0.0,0.0,True
INCIDENT__220216-webtirf__68025,68025,2025-01-11 02:00:00,2025-01-10 23:00:00,2025-01-11 05:00:00,OTHER_DISRUPTION,GROUP__68025__0003,INCIDENT,295.0,7.0,10.0,6.0,4.0,8.0,21.0,False
INCIDENT__220217-webtirf__50240,50240,2025-01-11 02:00:00,2025-01-10 23:00:00,2025-01-11 05:00:00,OTHER_DISRUPTION,GROUP__50240__0002,INCIDENT,51.0,0.0,0.0,0.0,0.0,0.0,0.0,False
INCIDENT__220247-webtirf__50260,50260,2025-01-11 21:00:00,2025-01-11 18:00:00,2025-01-12 00:00:00,ACCIDENT,GROUP__50260__0001,INCIDENT,78.0,64.0,51.0,28.0,32.0,25.0,287.0,False
INCIDENT__220287-webtirf__51235,51235,2025-01-12 13:00:00,2025-01-12 10:00:00,2025-01-12 16:00:00,OTHER_DISRUPTION,GROUP__51235__0002,INCIDENT,66.0,59.0,53.0,52.0,53.0,45.0,50.0,False
INCIDENT__220319-webtirf__7126,7126,2025-01-13 00:00:00,2025-01-12 21:00:00,2025-01-13 03:00:00,OTHER_DISRUPTION,GROUP__7126__0002,INCIDENT,141.0,98.0,53.0,0.0,0.0,0.0,0.0,False
INCIDENT__220326-webtirf__51235,51235,2025-01-13 00:00:00,2025-01-12 21:00:00,2025-01-13 03:00:00,OTHER_DISRUPTION,GROUP__51235__0003,INCIDENT,32.0,35.0,20.0,182.0,92.0,82.0,112.0,False
INCIDENT__220419-webtirf__7119-PR,7119-PR,2025-01-13 19:00:00,2025-01-13 16:00:00,2025-01-13 22:00:00,OTHER_DISRUPTION,GROUP__7119-PR__0001,INCIDENT,49.0,42.0,41.0,23.0,14.0,13.0,15.0,False
INCIDENT__220424-webtirf__7179,7179,2025-01-13 21:00:00,2025-01-13 18:00:00,2025-01-14 00:00:00,ACCIDENT,GROUP__7179__0006,INCIDENT,0.0,0.0,0.0,0.0,0.0,0.0,0.0,True
INCIDENT__220429-webtirf__7119-PR,7119-PR,2025-01-13 21:00:00,2025-01-13 18:00:00,2025-01-14 00:00:00,OTHER_DISRUPTION,GROUP__7119-PR__0001,INCIDENT,41.0,23.0,14.0,13.0,15.0,10.0,2.0,False
INCIDENT__220471-webtirf__7120,7120,2025-01-14 02:00:00,2025-01-13 23:00:00,2025-01-14 05:00:00,OTHER_DISRUPTION,GROUP__7120__0004,INCIDENT,0.0,0.0,0.0,0.0,0.0,0.0,0.0,True
INCIDENT__220471-webtirf__7121,7121,2025-01-14 02:00:00,2025-01-13 23:00:00,2025-01-14 05:00:00,OTHER_DISRUPTION,GROUP__7121__0004,INCIDENT,0.0,0.0,0.0,0.0,0.0,0.0,0.0,True
INCIDENT__220489-webtirf__50240,50240,2025-01-14 04:00:00,2025-01-14 01:00:00,2025-01-14 07:00:00,OTHER_DISRUPTION,GROUP__50240__0003,INCIDENT,57.0,78.0,84.0,136.0,295.0,530.0,421.0,False
INCIDENT__220572-webtirf__7161,7161,2025-01-14 21:00:00,2025-01-14 18:00:00,2025-01-15 00:00:00,OTHER_DISRUPTION,GROUP__7161__0001,INCIDENT,1077.0,672.0,600.0,471.0,391.0,204.0,103.0,False
INCIDENT__220582-webtirf__53003,53003,2025-01-14 23:00:00,2025-01-14 20:00:00,2025-01-15 02:00:00,OTHER_DISRUPTION,GROUP__53003__0001,INCIDENT,40.0,59.0,40.0,33.0,145.0,70.0,51.0,False
INCIDENT__220591-webtirf__50250,50250,2025-01-15 00:00:00,2025-01-14 21:00:00,2025-01-15 03:00:00,OTHER_DISRUPTION,GROUP__50250__0001,INCIDENT,25.0,11.0,3.0,2.0,0.0,2.0,9.0,False
INCIDENT__220608-webtirf__53004,53004,2025-01-15 03:00:00,2025-01-15 00:00:00,2025-01-15 06:00:00,ACCIDENT,GROUP__53004__0002,INCIDENT,33.0,28.0,23.0,33.0,141.0,336.0,513.0,False
INCIDENT__220664-webtirf__7248,7248,2025-01-15 08:00:00,2025-01-15 05:00:00,2025-01-15 11:00:00,ACCIDENT,GROUP__7248__0003,INCIDENT,1100.0,1254.0,1383.0,1336.0,1072.0,1044.0,952.0,False
INCIDENT__220679-webtirf__7251,7251,2025-01-15 10:00:00,2025-01-15 07:00:00,2025-01-15 13:00:00,OTHER_DISRUPTION,GROUP__7251__0002,INCIDENT,668.0,749.0,688.0,716.0,736.0,809.0,882.0,False
INCIDENT__220680.0-webtirf__T0085,T0085,2025-01-15 10:00:00,2025-01-15 07:00:00,2025-01-15 13:00:00,OTHER_DISRUPTION,GROUP__T0085__0001,INCIDENT,5.0,9.0,8.0,10.0,5.0,3.0,10.0,False
INCIDENT__220763-webtirf__7184,7184,2025-01-15 23:00:00,2025-01-15 20:00:00,2025-01-16 02:00:00,OTHER_DISRUPTION,GROUP__7184__0004,INCIDENT,0.0,0.0,0.0,0.0,4.0,3.0,0.0,False
INCIDENT__220800.0-webtirf__7184,7184,2025-01-16 03:00:00,2025-01-16 00:00:00,2025-01-16 06:00:00,OTHER_DISRUPTION,GROUP__7184__0004,INCIDENT,4.0,3.0,0.0,0.0,5.0,26.0,122.0,False
INCIDENT__220873-webtirf__T0085,T0085,2025-01-16 10:00:00,2025-01-16 07:00:00,2025-01-16 13:00:00,OTHER_DISRUPTION,GROUP__T0085__0002,INCIDENT,81.0,87.0,71.0,108.0,100.0,81.0,91.0,False
INCIDENT__220876-webtirf__T0231,T0231,2025-01-16 13:00:00,2025-01-16 10:00:00,2025-01-16 16:00:00,ACCIDENT,GROUP__T0231__0001,INCIDENT,861.0,760.0,546.0,862.0,886.0,980.0,1123.0,False
INCIDENT__220930.0-webtirf__F3FWY001,F3FWY001,2025-01-17 01:00:00,2025-01-16 22:00:00,2025-01-17 04:00:00,ACCIDENT,GROUP__F3FWY001__0001,INCIDENT,0.0,0.0,0.0,0.0,0.0,0.0,203.0,False
INCIDENT__220938-webtirf__53003,53003,2025-01-17 01:00:00,2025-01-16 22:00:00,2025-01-17 04:00:00,OTHER_DISRUPTION,GROUP__53003__0002,INCIDENT,41.0,33.0,43.0,35.0,25.0,27.0,65.0,False
INCIDENT__220944-webtirf__51235,51235,2025-01-17 02:00:00,2025-01-16 23:00:00,2025-01-17 05:00:00,OTHER_DISRUPTION,GROUP__51235__0004,INCIDENT,347.0,105.0,72.0,53.0,60.0,0.0,0.0,False
INCIDENT__220993-webtirf__7132,7132,2025-01-17 04:00:00,2025-01-17 01:00:00,2025-01-17 07:00:00,OTHER_DISRUPTION,GROUP__7132__0001,INCIDENT,0.0,0.0,63.0,188.0,599.0,1135.0,1138.0,False
INCIDENT__221020.0-webtirf__F3FWY001,F3FWY001,2025-01-17 06:00:00,2025-01-17 03:00:00,2025-01-17 09:00:00,ACCIDENT,GROUP__F3FWY001__0001,INCIDENT,0.0,203.0,401.0,625.0,583.0,543.0,535.0,False
INCIDENT__221032-webtirf__F3FWY003,F3FWY003,2025-01-17 07:00:00,2025-01-17 04:00:00,2025-01-17 10:00:00,OTHER_DISRUPTION,GROUP__F3FWY003__0005,INCIDENT,0.0,0.0,0.0,0.0,0.0,0.0,0.0,True
INCIDENT__221068-webtirf__7120,7120,2025-01-17 12:00:00,2025-01-17 09:00:00,2025-01-17 15:00:00,OTHER_DISRUPTION,GROUP__7120__0005,INCIDENT,675.0,698.0,612.0,663.0,627.0,647.0,636.0,False
INCIDENT__221068-webtirf__7121,7121,2025-01-17 12:00:00,2025-01-17 09:00:00,2025-01-17 15:00:00,OTHER_DISRUPTION,GROUP__7121__0005,INCIDENT,0.0,0.0,0.0,0.0,0.0,0.0,0.0,True
INCIDENT__221135-webtirf__47024,47024,2025-01-17 21:00:00,2025-01-17 18:00:00,2025-01-18 00:00:00,OTHER_DISRUPTION,GROUP__47024__0001,INCIDENT,101.0,92.0,58.0,61.0,51.0,0.0,0.0,False
INCIDENT__221139-webtirf__10011,10011,2025-01-17 21:00:00,2025-01-17 18:00:00,2025-01-18 00:00:00,OTHER_DISRUPTION,GROUP__10011__0002,INCIDENT,98.0,41.0,37.0,30.0,21.0,12.0,11.0,False
INCIDENT__221139-webtirf__7139,7139,2025-01-17 21:00:00,2025-01-17 18:00:00,2025-01-18 00:00:00,OTHER_DISRUPTION,GROUP__7139__0002,INCIDENT,0.0,0.0,0.0,0.0,0.0,0.0,19.0,False
INCIDENT__221167-webtirf__7132,7132,2025-01-18 00:00:00,2025-01-17 21:00:00,2025-01-18 03:00:00,ACCIDENT,GROUP__7132__0002,INCIDENT,324.0,252.0,193.0,0.0,0.0,0.0,0.0,False
INCIDENT__221180.0-webtirf__7251,7251,2025-01-18 01:00:00,2025-01-17 22:00:00,2025-01-18 04:00:00,OTHER_DISRUPTION,GROUP__7251__0003,INCIDENT,0.0,0.0,0.0,0.0,0.0,0.0,0.0,True
INCIDENT__221218-webtirf__7112,7112,2025-01-18 07:00:00,2025-01-18 04:00:00,2025-01-18 10:00:00,OTHER_DISRUPTION,GROUP__7112__0002,INCIDENT,0.0,0.0,0.0,0.0,0.0,0.0,0.0,True
INCIDENT__221220.0-webtirf__68025,68025,2025-01-18 07:00:00,2025-01-18 04:00:00,2025-01-18 10:00:00,OTHER_DISRUPTION,GROUP__68025__0004,INCIDENT,89.0,206.0,323.0,441.0,490.0,734.0,802.0,False
INCIDENT__221259-webtirf__10011,10011,2025-01-18 23:00:00,2025-01-18 20:00:00,2025-01-19 02:00:00,ACCIDENT,GROUP__10011__0003,INCIDENT,49.0,26.0,25.0,22.0,910.0,598.0,438.0,False
INCIDENT__221259-webtirf__7139,7139,2025-01-18 23:00:00,2025-01-18 20:00:00,2025-01-19 02:00:00,ACCIDENT,GROUP__7139__0003,INCIDENT,45.0,55.0,42.0,38.0,19.0,8.0,11.0,False
INCIDENT__221277-webtirf__53004,53004,2025-01-19 03:00:00,2025-01-19 00:00:00,2025-01-19 06:00:00,OTHER_DISRUPTION,GROUP__53004__0003,INCIDENT,4.0,2.0,6.0,4.0,5.0,16.0,20.0,False
INCIDENT__221287-webtirf__7153,7153,2025-01-19 07:00:00,2025-01-19 04:00:00,2025-01-19 10:00:00,ACCIDENT,GROUP__7153__0001,INCIDENT,0.0,0.0,0.0,0.0,0.0,0.0,0.0,True
INCIDENT__221291-webtirf__7112,7112,2025-01-19 09:00:00,2025-01-19 06:00:00,2025-01-19 12:00:00,OTHER_DISRUPTION,GROUP__7112__0003,INCIDENT,417.0,408.0,577.0,707.0,952.0,1211.0,1258.0,False
INCIDENT__221341-webtirf__7120,7120,2025-01-20 00:00:00,2025-01-19 21:00:00,2025-01-20 03:00:00,OTHER_DISRUPTION,GROUP__7120__0006,INCIDENT,0.0,0.0,0.0,0.0,0.0,0.0,0.0,True
INCIDENT__221341-webtirf__7121,7121,2025-01-20 00:00:00,2025-01-19 21:00:00,2025-01-20 03:00:00,OTHER_DISRUPTION,GROUP__7121__0006,INCIDENT,8.0,5.0,6.0,3.0,3.0,5.0,0.0,False
INCIDENT__221362-webtirf__7248,7248,2025-01-20 02:00:00,2025-01-19 23:00:00,2025-01-20 05:00:00,OTHER_DISRUPTION,GROUP__7248__0004,INCIDENT,221.0,46.0,50.0,58.0,61.0,123.0,224.0,False
INCIDENT__221414-webtirf__29005,29005,2025-01-20 19:00:00,2025-01-20 16:00:00,2025-01-20 22:00:00,OTHER_DISRUPTION,GROUP__29005__0001,INCIDENT,3371.0,3412.0,2841.0,1920.0,1558.0,1427.0,1047.0,False
INCIDENT__221452-webtirf__51235,51235,2025-01-21 01:00:00,2025-01-20 22:00:00,2025-01-21 04:00:00,OTHER_DISRUPTION,GROUP__51235__0005,INCIDENT,21.0,7.0,135.0,88.0,72.0,103.0,328.0,False
INCIDENT__221466-webtirf__7251,7251,2025-01-21 02:00:00,2025-01-20 23:00:00,2025-01-21 05:00:00,OTHER_DISRUPTION,GROUP__7251__0004,INCIDENT,0.0,0.0,0.0,0.0,0.0,0.0,0.0,True
INCIDENT__221498-webtirf__23067,23067,2025-01-21 05:00:00,2025-01-21 02:00:00,2025-01-21 08:00:00,OTHER_DISRUPTION,GROUP__23067__0003,INCIDENT,375.0,742.0,1107.0,1701.0,2330.0,2269.0,1647.0,False
INCIDENT__221501-webtirf__7126,7126,2025-01-21 06:00:00,2025-01-21 03:00:00,2025-01-21 09:00:00,ACCIDENT,GROUP__7126__0003,INCIDENT,6.0,8.0,23.0,66.0,56.0,53.0,61.0,False
INCIDENT__221512-webtirf__7163,7163,2025-01-21 11:00:00,2025-01-21 08:00:00,2025-01-21 14:00:00,OTHER_DISRUPTION,GROUP__7163__0003,INCIDENT,65.0,97.0,98.0,82.0,87.0,81.0,76.0,False
INCIDENT__221520.0-webtirf__7112,7112,2025-01-21 19:00:00,2025-01-21 16:00:00,2025-01-21 22:00:00,ACCIDENT,GROUP__7112__0004,INCIDENT,1291.0,1286.0,1188.0,832.0,747.0,577.0,458.0,False
INCIDENT__221530.0-webtirf__34016,34016,2025-01-21 21:00:00,2025-01-21 18:00:00,2025-01-22 00:00:00,OTHER_DISRUPTION,GROUP__34016__0001,INCIDENT,437.0,316.0,214.0,163.0,100.0,25.0,2.0,False
INCIDENT__221572-webtirf__7120,7120,2025-01-22 05:00:00,2025-01-22 02:00:00,2025-01-22 08:00:00,OTHER_DISRUPTION,GROUP__7120__0007,INCIDENT,9.0,17.0,30.0,67.0,101.0,102.0,84.0,False
INCIDENT__221572-webtirf__7121,7121,2025-01-22 05:00:00,2025-01-22 02:00:00,2025-01-22 08:00:00,OTHER_DISRUPTION,GROUP__7121__0007,INCIDENT,12.0,9.0,12.0,30.0,47.0,79.0,89.0,False
INCIDENT__221578-webtirf__7274,7274,2025-01-22 06:00:00,2025-01-22 03:00:00,2025-01-22 09:00:00,ACCIDENT,GROUP__7274__0001,INCIDENT,18.0,39.0,90.0,193.0,209.0,163.0,137.0,False
INCIDENT__221662-webtirf__F3FWY004,F3FWY004,2025-01-23 00:00:00,2025-01-22 21:00:00,2025-01-23 03:00:00,OTHER_DISRUPTION,GROUP__F3FWY004__0001,INCIDENT,0.0,0.0,0.0,0.0,0.0,0.0,0.0,True
INCIDENT__221723-webtirf__51235,51235,2025-01-23 15:00:00,2025-01-23 12:00:00,2025-01-23 18:00:00,OTHER_DISRUPTION,GROUP__51235__0006,INCIDENT,170.0,179.0,150.0,129.0,99.0,95.0,115.0,False
INCIDENT__221731-webtirf__7153,7153,2025-01-23 19:00:00,2025-01-23 16:00:00,2025-01-23 22:00:00,OTHER_DISRUPTION,GROUP__7153__0002,INCIDENT,1134.0,1208.0,992.0,726.0,562.0,546.0,363.0,False
INCIDENT__221767-webtirf__F3FWY002,F3FWY002,2025-01-24 01:00:00,2025-01-23 22:00:00,2025-01-24 04:00:00,ACCIDENT,GROUP__F3FWY002__0001,INCIDENT,0.0,0.0,0.0,0.0,0.0,0.0,0.0,True
INCIDENT__221794-webtirf__23067,23067,2025-01-24 04:00:00,2025-01-24 01:00:00,2025-01-24 07:00:00,OTHER_DISRUPTION,GROUP__23067__0004,INCIDENT,78.0,204.0,445.0,698.0,995.0,1304.0,1686.0,False
INCIDENT__221798-webtirf__7248,7248,2025-01-24 04:00:00,2025-01-24 01:00:00,2025-01-24 07:00:00,OTHER_DISRUPTION,GROUP__7248__0005,INCIDENT,106.0,98.0,120.0,254.0,733.0,723.0,871.0,False
INCIDENT__221804-webtirf__7274,7274,2025-01-24 05:00:00,2025-01-24 02:00:00,2025-01-24 08:00:00,OTHER_DISRUPTION,GROUP__7274__0002,INCIDENT,0.0,0.0,0.0,0.0,0.0,0.0,0.0,True
INCIDENT__221825-webtirf__7112,7112,2025-01-24 10:00:00,2025-01-24 07:00:00,2025-01-24 13:00:00,ACCIDENT,GROUP__7112__0005,INCIDENT,0.0,0.0,0.0,0.0,0.0,0.0,0.0,True
INCIDENT__221850.0-webtirf__F3FWY006,F3FWY006,2025-01-24 23:00:00,2025-01-24 20:00:00,2025-01-25 02:00:00,OTHER_DISRUPTION,GROUP__F3FWY006__0002,INCIDENT,0.0,0.0,0.0,0.0,0.0,0.0,0.0,True
INCIDENT__221908-webtirf__7161,7161,2025-01-26 06:00:00,2025-01-26 03:00:00,2025-01-26 09:00:00,OTHER_DISRUPTION,GROUP__7161__0002,INCIDENT,0.0,73.0,107.0,205.0,341.0,422.0,719.0,False
INCIDENT__221928-webtirf__7132,7132,2025-01-26 23:00:00,2025-01-26 20:00:00,2025-01-27 02:00:00,ACCIDENT,GROUP__7132__0003,INCIDENT,639.0,546.0,514.0,336.0,0.0,0.0,0.0,False
INCIDENT__221930.0-webtirf__7159,7159,2025-01-27 00:00:00,2025-01-26 21:00:00,2025-01-27 03:00:00,OTHER_DISRUPTION,GROUP__7159__0001,INCIDENT,0.0,0.0,0.0,0.0,0.0,0.0,0.0,True
INCIDENT__221949-webtirf__7184,7184,2025-01-27 04:00:00,2025-01-27 01:00:00,2025-01-27 07:00:00,OTHER_DISRUPTION,GROUP__7184__0005,INCIDENT,13.0,11.0,12.0,25.0,16.0,38.0,72.0,False
INCIDENT__221952-webtirf__55049,55049,2025-01-27 05:00:00,2025-01-27 02:00:00,2025-01-27 08:00:00,ACCIDENT,GROUP__55049__0001,INCIDENT,8.0,5.0,17.0,40.0,38.0,36.0,48.0,False
INCIDENT__221973-webtirf__F3FWY005,F3FWY005,2025-01-27 10:00:00,2025-01-27 07:00:00,2025-01-27 13:00:00,OTHER_DISRUPTION,GROUP__F3FWY005__0001,INCIDENT,0.0,0.0,0.0,0.0,0.0,0.0,0.0,True
INCIDENT__222011-webtirf__33014,33014,2025-01-28 00:00:00,2025-01-27 21:00:00,2025-01-28 03:00:00,OTHER_DISRUPTION,GROUP__33014__0003,INCIDENT,387.0,265.0,0.0,20.0,20.0,14.0,35.0,False
INCIDENT__222027-webtirf__7179,7179,2025-01-28 01:00:00,2025-01-27 22:00:00,2025-01-28 04:00:00,OTHER_DISRUPTION,GROUP__7179__0007,INCIDENT,0.0,0.0,37.0,27.0,26.0,52.0,76.0,False
INCIDENT__222057-webtirf__7120,7120,2025-01-28 04:00:00,2025-01-28 01:00:00,2025-01-28 07:00:00,OTHER_DISRUPTION,GROUP__7120__0008,INCIDENT,1.0,8.0,4.0,22.0,53.0,84.0,96.0,False
INCIDENT__222057-webtirf__7121,7121,2025-01-28 04:00:00,2025-01-28 01:00:00,2025-01-28 07:00:00,OTHER_DISRUPTION,GROUP__7121__0008,INCIDENT,0.0,0.0,0.0,0.0,0.0,0.0,0.0,True
INCIDENT__222064-webtirf__53004,53004,2025-01-28 05:00:00,2025-01-28 02:00:00,2025-01-28 08:00:00,OTHER_DISRUPTION,GROUP__53004__0004,INCIDENT,14.0,11.0,17.0,35.0,65.0,105.0,100.0,False
INCIDENT__222066-webtirf__10011,10011,2025-01-28 05:00:00,2025-01-28 02:00:00,2025-01-28 08:00:00,OTHER_DISRUPTION,GROUP__10011__0004,INCIDENT,0.0,0.0,0.0,0.0,0.0,0.0,0.0,True
INCIDENT__222066-webtirf__7139,7139,2025-01-28 05:00:00,2025-01-28 02:00:00,2025-01-28 08:00:00,OTHER_DISRUPTION,GROUP__7139__0004,INCIDENT,67.0,59.0,168.0,528.0,1408.0,2441.0,3113.0,False
INCIDENT__222140.0-webtirf__7132,7132,2025-01-28 21:00:00,2025-01-28 18:00:00,2025-01-29 00:00:00,OTHER_DISRUPTION,GROUP__7132__0004,INCIDENT,744.0,580.0,507.0,439.0,311.0,196.0,53.0,False
INCIDENT__222182-webtirf__7120,7120,2025-01-29 00:00:00,2025-01-28 21:00:00,2025-01-29 03:00:00,OTHER_DISRUPTION,GROUP__7120__0009,INCIDENT,29.0,14.0,16.0,10.0,10.0,13.0,8.0,False
INCIDENT__222182-webtirf__7121,7121,2025-01-29 00:00:00,2025-01-28 21:00:00,2025-01-29 03:00:00,OTHER_DISRUPTION,GROUP__7121__0009,INCIDENT,0.0,0.0,0.0,0.0,0.0,0.0,0.0,True
INCIDENT__222186-webtirf__7248,7248,2025-01-29 00:00:00,2025-01-28 21:00:00,2025-01-29 03:00:00,OTHER_DISRUPTION,GROUP__7248__0006,INCIDENT,579.0,455.0,273.0,51.0,58.0,60.0,78.0,False
INCIDENT__222221-webtirf__7123-PR,7123-PR,2025-01-29 04:00:00,2025-01-29 01:00:00,2025-01-29 07:00:00,OTHER_DISRUPTION,GROUP__7123-PR__0002,INCIDENT,3.0,2.0,4.0,8.0,12.0,33.0,38.0,False
INCIDENT__222224-webtirf__F3FWY003,F3FWY003,2025-01-29 04:00:00,2025-01-29 01:00:00,2025-01-29 07:00:00,OTHER_DISRUPTION,GROUP__F3FWY003__0007,INCIDENT,0.0,0.0,0.0,0.0,0.0,0.0,0.0,True
INCIDENT__222334-webtirf__7274,7274,2025-01-30 06:00:00,2025-01-30 03:00:00,2025-01-30 09:00:00,OTHER_DISRUPTION,GROUP__7274__0003,INCIDENT,9.0,29.0,62.0,147.0,125.0,122.0,89.0,False
INCIDENT__222366-webtirf__51235,51235,2025-01-30 19:00:00,2025-01-30 16:00:00,2025-01-30 22:00:00,OTHER_DISRUPTION,GROUP__51235__0007,INCIDENT,10.0,72.0,64.0,55.0,42.0,35.0,31.0,False
INCIDENT__222370.0-webtirf__33014,33014,2025-01-30 20:00:00,2025-01-30 17:00:00,2025-01-30 23:00:00,OTHER_DISRUPTION,GROUP__33014__0004,INCIDENT,1521.0,1121.0,942.0,883.0,663.0,435.0,164.0,False
INCIDENT__222476-webtirf__F3FWY003,F3FWY003,2025-01-31 05:00:00,2025-01-31 02:00:00,2025-01-31 08:00:00,OTHER_DISRUPTION,GROUP__F3FWY003__0008,INCIDENT,0.0,1.0,8.0,98.0,84.0,22.0,17.0,False
INCIDENT__222481-webtirf__9658,9658,2025-01-31 05:00:00,2025-01-31 02:00:00,2025-01-31 08:00:00,OTHER_DISRUPTION,GROUP__9658__0001,INCIDENT,0.0,0.0,0.0,0.0,0.0,0.0,0.0,True
INCIDENT__222495-webtirf__7112,7112,2025-01-31 07:00:00,2025-01-31 04:00:00,2025-01-31 10:00:00,OTHER_DISRUPTION,GROUP__7112__0006,INCIDENT,0.0,0.0,0.0,0.0,0.0,0.0,0.0,True
INCIDENT__222498-webtirf__51235,51235,2025-01-31 08:00:00,2025-01-31 05:00:00,2025-01-31 11:00:00,OTHER_DISRUPTION,GROUP__51235__0008,INCIDENT,0.0,0.0,0.0,0.0,0.0,0.0,0.0,True
INCIDENT__222559-webtirf__7132,7132,2025-02-01 09:00:00,2025-02-01 06:00:00,2025-02-01 12:00:00,ACCIDENT,GROUP__7132__0005,INCIDENT,0.0,0.0,0.0,0.0,0.0,0.0,0.0,True
INCIDENT__222566-webtirf__F3FWY003,F3FWY003,2025-02-01 14:00:00,2025-02-01 11:00:00,2025-02-01 17:00:00,ACCIDENT,GROUP__F3FWY003__0009,INCIDENT,0.0,0.0,0.0,0.0,0.0,0.0,0.0,True
INCIDENT__222574-webtirf__50240,50240,2025-02-01 17:00:00,2025-02-01 14:00:00,2025-02-01 20:00:00,OTHER_DISRUPTION,GROUP__50240__0004,INCIDENT,0.0,0.0,0.0,0.0,0.0,0.0,0.0,True
INCIDENT__222623-webtirf__7112,7112,2025-02-02 11:00:00,2025-02-02 08:00:00,2025-02-02 14:00:00,ACCIDENT,GROUP__7112__0007,INCIDENT,0.0,0.0,0.0,0.0,0.0,0.0,0.0,True
INCIDENT__222632-webtirf__7274,7274,2025-02-02 20:00:00,2025-02-02 17:00:00,2025-02-02 23:00:00,ACCIDENT,GROUP__7274__0004,INCIDENT,0.0,0.0,0.0,0.0,0.0,0.0,0.0,True
INCIDENT__222661-webtirf__53003,53003,2025-02-03 02:00:00,2025-02-02 23:00:00,2025-02-03 05:00:00,OTHER_DISRUPTION,GROUP__53003__0003,INCIDENT,0.0,0.0,0.0,0.0,0.0,0.0,0.0,True
INCIDENT__222684-webtirf__7251,7251,2025-02-03 04:00:00,2025-02-03 01:00:00,2025-02-03 07:00:00,OTHER_DISRUPTION,GROUP__7251__0005,INCIDENT,0.0,0.0,0.0,0.0,0.0,0.0,0.0,True
INCIDENT__222696-webtirf__68025,68025,2025-02-03 05:00:00,2025-02-03 02:00:00,2025-02-03 08:00:00,OTHER_DISRUPTION,GROUP__68025__0005,INCIDENT,0.0,0.0,0.0,0.0,0.0,0.0,0.0,True
INCIDENT__222700.0-webtirf__47024,47024,2025-02-03 05:00:00,2025-02-03 02:00:00,2025-02-03 08:00:00,OTHER_DISRUPTION,GROUP__47024__0002,INCIDENT,0.0,0.0,0.0,0.0,0.0,0.0,0.0,True
INCIDENT__222702-webtirf__7168,7168,2025-02-03 05:00:00,2025-02-03 02:00:00,2025-02-03 08:00:00,ACCIDENT,GROUP__7168__0002,INCIDENT,0.0,0.0,0.0,0.0,0.0,0.0,0.0,True
INCIDENT__222749-webtirf__74230,74230,2025-02-03 23:00:00,2025-02-03 20:00:00,2025-02-04 02:00:00,OTHER_DISRUPTION,GROUP__74230__0002,INCIDENT,0.0,0.0,0.0,0.0,0.0,0.0,0.0,True
INCIDENT__222759-webtirf__7120,7120,2025-02-04 00:00:00,2025-02-03 21:00:00,2025-02-04 03:00:00,OTHER_DISRUPTION,GROUP__7120__0010,INCIDENT,0.0,0.0,0.0,0.0,0.0,0.0,0.0,True
INCIDENT__222759-webtirf__7121,7121,2025-02-04 00:00:00,2025-02-03 21:00:00,2025-02-04 03:00:00,OTHER_DISRUPTION,GROUP__7121__0010,INCIDENT,0.0,0.0,0.0,0.0,0.0,0.0,0.0,True
INCIDENT__222771-webtirf__7162,7162,2025-02-04 02:00:00,2025-02-03 23:00:00,2025-02-04 05:00:00,OTHER_DISRUPTION,GROUP__7162__0001,INCIDENT,0.0,0.0,0.0,0.0,0.0,0.0,0.0,True
INCIDENT__222782-webtirf__7162,7162,2025-02-04 04:00:00,2025-02-04 01:00:00,2025-02-04 07:00:00,OTHER_DISRUPTION,GROUP__7162__0001,INCIDENT,0.0,0.0,0.0,0.0,0.0,0.0,0.0,True
INCIDENT__222788-webtirf__7119-PR,7119-PR,2025-02-04 04:00:00,2025-02-04 01:00:00,2025-02-04 07:00:00,ACCIDENT,GROUP__7119-PR__0002,INCIDENT,0.0,0.0,0.0,0.0,0.0,0.0,0.0,True
INCIDENT__222821-webtirf__7153,7153,2025-02-04 19:00:00,2025-02-04 16:00:00,2025-02-04 22:00:00,OTHER_DISRUPTION,GROUP__7153__0003,INCIDENT,0.0,0.0,0.0,0.0,0.0,0.0,0.0,True
INCIDENT__222835-webtirf__7251,7251,2025-02-04 21:00:00,2025-02-04 18:00:00,2025-02-05 00:00:00,OTHER_DISRUPTION,GROUP__7251__0006,INCIDENT,0.0,0.0,0.0,0.0,0.0,0.0,0.0,True
INCIDENT__222837-webtirf__7132,7132,2025-02-04 21:00:00,2025-02-04 18:00:00,2025-02-05 00:00:00,OTHER_DISRUPTION,GROUP__7132__0006,INCIDENT,0.0,0.0,0.0,0.0,0.0,0.0,0.0,True
INCIDENT__222901-webtirf__7251,7251,2025-02-05 04:00:00,2025-02-05 01:00:00,2025-02-05 07:00:00,OTHER_DISRUPTION,GROUP__7251__0007,INCIDENT,0.0,0.0,0.0,0.0,0.0,0.0,0.0,True
INCIDENT__222916-webtirf__53004,53004,2025-02-05 04:00:00,2025-02-05 01:00:00,2025-02-05 07:00:00,ACCIDENT,GROUP__53004__0005,INCIDENT,0.0,0.0,0.0,0.0,0.0,0.0,0.0,True
INCIDENT__222923-webtirf__7274,7274,2025-02-05 06:00:00,2025-02-05 03:00:00,2025-02-05 09:00:00,OTHER_DISRUPTION,GROUP__7274__0005,INCIDENT,0.0,0.0,0.0,0.0,0.0,0.0,0.0,True
INCIDENT__222953-webtirf__9849,9849,2025-02-05 18:00:00,2025-02-05 15:00:00,2025-02-05 21:00:00,ACCIDENT,GROUP__9849__0001,INCIDENT,0.0,0.0,0.0,0.0,0.0,0.0,0.0,True
INCIDENT__223042-webtirf__7179,7179,2025-02-06 06:00:00,2025-02-06 03:00:00,2025-02-06 09:00:00,OTHER_DISRUPTION,GROUP__7179__0008,INCIDENT,0.0,0.0,0.0,0.0,0.0,0.0,0.0,True
INCIDENT__223046-webtirf__7248,7248,2025-02-06 08:00:00,2025-02-06 05:00:00,2025-02-06 11:00:00,ACCIDENT,GROUP__7248__0008,INCIDENT,0.0,0.0,0.0,0.0,0.0,0.0,0.0,True
INCIDENT__223059-webtirf__7132,7132,2025-02-06 19:00:00,2025-02-06 16:00:00,2025-02-06 22:00:00,OTHER_DISRUPTION,GROUP__7132__0007,INCIDENT,0.0,0.0,0.0,0.0,0.0,0.0,0.0,True
INCIDENT__223065-webtirf__10011,10011,2025-02-06 20:00:00,2025-02-06 17:00:00,2025-02-06 23:00:00,ACCIDENT,GROUP__10011__0005,INCIDENT,0.0,0.0,0.0,0.0,0.0,0.0,0.0,True
INCIDENT__223065-webtirf__7139,7139,2025-02-06 20:00:00,2025-02-06 17:00:00,2025-02-06 23:00:00,ACCIDENT,GROUP__7139__0005,INCIDENT,0.0,0.0,0.0,0.0,0.0,0.0,0.0,True
INCIDENT__223086-webtirf__7251,7251,2025-02-06 23:00:00,2025-02-06 20:00:00,2025-02-07 02:00:00,OTHER_DISRUPTION,GROUP__7251__0008,INCIDENT,0.0,0.0,0.0,0.0,0.0,0.0,0.0,True
INCIDENT__223110.0-webtirf__7184,7184,2025-02-07 02:00:00,2025-02-06 23:00:00,2025-02-07 05:00:00,OTHER_DISRUPTION,GROUP__7184__0006,INCIDENT,0.0,0.0,0.0,0.0,0.0,0.0,0.0,True
INCIDENT__223149-webtirf__7168,7168,2025-02-07 05:00:00,2025-02-07 02:00:00,2025-02-07 08:00:00,OTHER_DISRUPTION,GROUP__7168__0003,INCIDENT,0.0,0.0,0.0,0.0,0.0,0.0,0.0,True
INCIDENT__223180.0-webtirf__7153,7153,2025-02-07 12:00:00,2025-02-07 09:00:00,2025-02-07 15:00:00,ACCIDENT,GROUP__7153__0004,INCIDENT,0.0,0.0,0.0,0.0,0.0,0.0,0.0,True
INCIDENT__223187-webtirf__7274,7274,2025-02-07 19:00:00,2025-02-07 16:00:00,2025-02-07 22:00:00,ACCIDENT,GROUP__7274__0006,INCIDENT,0.0,0.0,0.0,0.0,0.0,0.0,0.0,True
INCIDENT__223196-webtirf__51235,51235,2025-02-07 22:00:00,2025-02-07 19:00:00,2025-02-08 01:00:00,OTHER_DISRUPTION,GROUP__51235__0009,INCIDENT,0.0,0.0,0.0,0.0,0.0,0.0,0.0,True
INCIDENT__223224-webtirf__7162,7162,2025-02-08 05:00:00,2025-02-08 02:00:00,2025-02-08 08:00:00,ACCIDENT,GROUP__7162__0002,INCIDENT,0.0,0.0,0.0,0.0,0.0,0.0,0.0,True
INCIDENT__223225-webtirf__68025,68025,2025-02-08 05:00:00,2025-02-08 02:00:00,2025-02-08 08:00:00,OTHER_DISRUPTION,GROUP__68025__0006,INCIDENT,0.0,0.0,0.0,0.0,0.0,0.0,0.0,True
INCIDENT__223254-webtirf__7126,7126,2025-02-08 11:00:00,2025-02-08 08:00:00,2025-02-08 14:00:00,OTHER_DISRUPTION,GROUP__7126__0004,INCIDENT,0.0,0.0,0.0,0.0,0.0,0.0,0.0,True
INCIDENT__223282-webtirf__34016,34016,2025-02-08 23:00:00,2025-02-08 20:00:00,2025-02-09 02:00:00,OTHER_DISRUPTION,GROUP__34016__0002,INCIDENT,0.0,0.0,0.0,0.0,0.0,0.0,0.0,True
INCIDENT__223290.0-webtirf__9849,9849,2025-02-09 02:00:00,2025-02-08 23:00:00,2025-02-09 05:00:00,ACCIDENT,GROUP__9849__0002,INCIDENT,0.0,0.0,0.0,0.0,0.0,0.0,0.0,True
INCIDENT__223304-webtirf__7164,7164,2025-02-09 05:00:00,2025-02-09 02:00:00,2025-02-09 08:00:00,OTHER_DISRUPTION,GROUP__7164__0003,INCIDENT,0.0,0.0,0.0,0.0,0.0,0.0,0.0,True
INCIDENT__223315-webtirf__7274,7274,2025-02-09 06:00:00,2025-02-09 03:00:00,2025-02-09 09:00:00,OTHER_DISRUPTION,GROUP__7274__0007,INCIDENT,0.0,0.0,0.0,0.0,0.0,0.0,0.0,True
INCIDENT__223348-webtirf__10011,10011,2025-02-09 21:00:00,2025-02-09 18:00:00,2025-02-10 00:00:00,OTHER_DISRUPTION,GROUP__10011__0006,INCIDENT,0.0,0.0,0.0,0.0,0.0,0.0,0.0,True
INCIDENT__223348-webtirf__7139,7139,2025-02-09 21:00:00,2025-02-09 18:00:00,2025-02-10 00:00:00,OTHER_DISRUPTION,GROUP__7139__0006,INCIDENT,0.0,0.0,0.0,0.0,0.0,0.0,0.0,True
INCIDENT__223386-webtirf__7163,7163,2025-02-10 01:00:00,2025-02-09 22:00:00,2025-02-10 04:00:00,OTHER_DISRUPTION,GROUP__7163__0004,INCIDENT,0.0,0.0,0.0,0.0,0.0,0.0,0.0,True
INCIDENT__223424-webtirf__7184,7184,2025-02-10 03:00:00,2025-02-10 00:00:00,2025-02-10 06:00:00,OTHER_DISRUPTION,GROUP__7184__0007,INCIDENT,0.0,0.0,0.0,0.0,0.0,0.0,0.0,True
INCIDENT__223445-webtirf__7168,7168,2025-02-10 05:00:00,2025-02-10 02:00:00,2025-02-10 08:00:00,OTHER_DISRUPTION,GROUP__7168__0004,INCIDENT,0.0,0.0,0.0,0.0,0.0,0.0,0.0,True
INCIDENT__223457-webtirf__7120,7120,2025-02-10 08:00:00,2025-02-10 05:00:00,2025-02-10 11:00:00,OTHER_DISRUPTION,GROUP__7120__0011,INCIDENT,0.0,0.0,0.0,0.0,0.0,0.0,0.0,True
INCIDENT__223457-webtirf__7121,7121,2025-02-10 08:00:00,2025-02-10 05:00:00,2025-02-10 11:00:00,OTHER_DISRUPTION,GROUP__7121__0011,INCIDENT,0.0,0.0,0.0,0.0,0.0,0.0,0.0,True
INCIDENT__223483-webtirf__7120,7120,2025-02-10 20:00:00,2025-02-10 17:00:00,2025-02-10 23:00:00,OTHER_DISRUPTION,GROUP__7120__0012,INCIDENT,0.0,0.0,0.0,0.0,0.0,0.0,0.0,True
INCIDENT__223483-webtirf__7121,7121,2025-02-10 20:00:00,2025-02-10 17:00:00,2025-02-10 23:00:00,OTHER_DISRUPTION,GROUP__7121__0012,INCIDENT,0.0,0.0,0.0,0.0,0.0,0.0,0.0,True
INCIDENT__223485-webtirf__9658,9658,2025-02-10 20:00:00,2025-02-10 17:00:00,2025-02-10 23:00:00,OTHER_DISRUPTION,GROUP__9658__0002,INCIDENT,0.0,0.0,0.0,0.0,0.0,0.0,0.0,True
INCIDENT__223489-webtirf__50240,50240,2025-02-10 21:00:00,2025-02-10 18:00:00,2025-02-11 00:00:00,ACCIDENT,GROUP__50240__0006,INCIDENT,0.0,0.0,0.0,0.0,0.0,0.0,0.0,True
INCIDENT__223498-webtirf__7179,7179,2025-02-10 22:00:00,2025-02-10 19:00:00,2025-02-11 01:00:00,OTHER_DISRUPTION,GROUP__7179__0009,INCIDENT,0.0,0.0,0.0,0.0,0.0,0.0,0.0,True
INCIDENT__223506-webtirf__47024,47024,2025-02-10 23:00:00,2025-02-10 20:00:00,2025-02-11 02:00:00,OTHER_DISRUPTION,GROUP__47024__0003,INCIDENT,0.0,0.0,0.0,0.0,0.0,0.0,0.0,True
INCIDENT__223517-webtirf__7168,7168,2025-02-11 01:00:00,2025-02-10 22:00:00,2025-02-11 04:00:00,OTHER_DISRUPTION,GROUP__7168__0005,INCIDENT,0.0,0.0,0.0,0.0,0.0,0.0,0.0,True
INCIDENT__223572-webtirf__F3FWY003,F3FWY003,2025-02-11 20:00:00,2025-02-11 17:00:00,2025-02-11 23:00:00,OTHER_DISRUPTION,GROUP__F3FWY003__0010,INCIDENT,0.0,0.0,0.0,0.0,0.0,0.0,0.0,True
INCIDENT__223583-webtirf__50240,50240,2025-02-11 22:00:00,2025-02-11 19:00:00,2025-02-12 01:00:00,OTHER_DISRUPTION,GROUP__50240__0007,INCIDENT,0.0,0.0,0.0,0.0,0.0,0.0,0.0,True
INCIDENT__223634-webtirf__9827,9827,2025-02-12 05:00:00,2025-02-12 02:00:00,2025-02-12 08:00:00,OTHER_DISRUPTION,GROUP__9827__0002,INCIDENT,0.0,0.0,0.0,0.0,0.0,0.0,0.0,True
INCIDENT__223640.0-webtirf__7184,7184,2025-02-12 05:00:00,2025-02-12 02:00:00,2025-02-12 08:00:00,ACCIDENT,GROUP__7184__0008,INCIDENT,0.0,0.0,0.0,0.0,0.0,0.0,0.0,True
INCIDENT__223653-webtirf__7274,7274,2025-02-12 07:00:00,2025-02-12 04:00:00,2025-02-12 10:00:00,ACCIDENT,GROUP__7274__0008,INCIDENT,0.0,0.0,0.0,0.0,0.0,0.0,0.0,True
INCIDENT__223658-webtirf__22001,22001,2025-02-12 10:00:00,2025-02-12 07:00:00,2025-02-12 13:00:00,OTHER_DISRUPTION,GROUP__22001__0002,INCIDENT,0.0,0.0,0.0,0.0,0.0,0.0,0.0,True
INCIDENT__223661-webtirf__7132,7132,2025-02-12 11:00:00,2025-02-12 08:00:00,2025-02-12 14:00:00,ACCIDENT,GROUP__7132__0008,INCIDENT,0.0,0.0,0.0,0.0,0.0,0.0,0.0,True
INCIDENT__223704-webtirf__7161,7161,2025-02-12 22:00:00,2025-02-12 19:00:00,2025-02-13 01:00:00,ACCIDENT,GROUP__7161__0003,INCIDENT,0.0,0.0,0.0,0.0,0.0,0.0,0.0,True
INCIDENT__223705-webtirf__51235,51235,2025-02-12 23:00:00,2025-02-12 20:00:00,2025-02-13 02:00:00,OTHER_DISRUPTION,GROUP__51235__0010,INCIDENT,0.0,0.0,0.0,0.0,0.0,0.0,0.0,True
INCIDENT__223756-webtirf__7119-PR,7119-PR,2025-02-13 04:00:00,2025-02-13 01:00:00,2025-02-13 07:00:00,ACCIDENT,GROUP__7119-PR__0003,INCIDENT,0.0,0.0,0.0,0.0,0.0,0.0,0.0,True
INCIDENT__223809-webtirf__7179,7179,2025-02-13 07:00:00,2025-02-13 04:00:00,2025-02-13 10:00:00,OTHER_DISRUPTION,GROUP__7179__0010,INCIDENT,0.0,0.0,0.0,0.0,0.0,0.0,0.0,True
INCIDENT__223838-webtirf__9658,9658,2025-02-13 21:00:00,2025-02-13 18:00:00,2025-02-14 00:00:00,ACCIDENT,GROUP__9658__0003,INCIDENT,0.0,0.0,0.0,0.0,0.0,0.0,0.0,True
INCIDENT__223914-webtirf__68025,68025,2025-02-14 04:00:00,2025-02-14 01:00:00,2025-02-14 07:00:00,ACCIDENT,GROUP__68025__0007,INCIDENT,0.0,0.0,0.0,0.0,0.0,0.0,0.0,True
INCIDENT__223917-webtirf__7179,7179,2025-02-14 04:00:00,2025-02-14 01:00:00,2025-02-14 07:00:00,ACCIDENT,GROUP__7179__0011,INCIDENT,0.0,0.0,0.0,0.0,0.0,0.0,0.0,True
INCIDENT__223947-webtirf__7164,7164,2025-02-14 09:00:00,2025-02-14 06:00:00,2025-02-14 12:00:00,ACCIDENT,GROUP__7164__0004,INCIDENT,0.0,0.0,0.0,0.0,0.0,0.0,0.0,True
INCIDENT__224000.0-webtirf__7112,7112,2025-02-15 04:00:00,2025-02-15 01:00:00,2025-02-15 07:00:00,OTHER_DISRUPTION,GROUP__7112__0008,INCIDENT,0.0,0.0,0.0,0.0,0.0,0.0,0.0,True
INCIDENT__224039-webtirf__7168,7168,2025-02-15 17:00:00,2025-02-15 14:00:00,2025-02-15 20:00:00,OTHER_DISRUPTION,GROUP__7168__0006,INCIDENT,0.0,0.0,0.0,0.0,0.0,0.0,0.0,True
INCIDENT__224060.0-webtirf__7275,7275,2025-02-16 04:00:00,2025-02-16 01:00:00,2025-02-16 07:00:00,ACCIDENT,GROUP__7275__0001,INCIDENT,0.0,0.0,0.0,0.0,0.0,0.0,0.0,True
INCIDENT__224121-webtirf__34016,34016,2025-02-17 01:00:00,2025-02-16 22:00:00,2025-02-17 04:00:00,OTHER_DISRUPTION,GROUP__34016__0003,INCIDENT,0.0,0.0,0.0,0.0,0.0,0.0,0.0,True
INCIDENT__224168-webtirf__22001,22001,2025-02-17 09:00:00,2025-02-17 06:00:00,2025-02-17 12:00:00,OTHER_DISRUPTION,GROUP__22001__0003,INCIDENT,0.0,0.0,0.0,0.0,0.0,0.0,0.0,True
INCIDENT__224244-webtirf__7112,7112,2025-02-18 03:00:00,2025-02-18 00:00:00,2025-02-18 06:00:00,OTHER_DISRUPTION,GROUP__7112__0009,INCIDENT,0.0,0.0,0.0,0.0,0.0,0.0,0.0,True
INCIDENT__224250.0-webtirf__F3FWY003,F3FWY003,2025-02-18 03:00:00,2025-02-18 00:00:00,2025-02-18 06:00:00,OTHER_DISRUPTION,GROUP__F3FWY003__0011,INCIDENT,0.0,0.0,0.0,0.0,0.0,0.0,0.0,True
INCIDENT__224259-webtirf__7184,7184,2025-02-18 03:00:00,2025-02-18 00:00:00,2025-02-18 06:00:00,OTHER_DISRUPTION,GROUP__7184__0009,INCIDENT,0.0,0.0,0.0,0.0,0.0,0.0,0.0,True
INCIDENT__224271-webtirf__7120,7120,2025-02-18 05:00:00,2025-02-18 02:00:00,2025-02-18 08:00:00,OTHER_DISRUPTION,GROUP__7120__0013,INCIDENT,0.0,0.0,0.0,0.0,0.0,0.0,0.0,True
INCIDENT__224271-webtirf__7121,7121,2025-02-18 05:00:00,2025-02-18 02:00:00,2025-02-18 08:00:00,OTHER_DISRUPTION,GROUP__7121__0013,INCIDENT,0.0,0.0,0.0,0.0,0.0,0.0,0.0,True
INCIDENT__224287-webtirf__9658,9658,2025-02-18 07:00:00,2025-02-18 04:00:00,2025-02-18 10:00:00,OTHER_DISRUPTION,GROUP__9658__0004,INCIDENT,0.0,0.0,0.0,0.0,0.0,0.0,0.0,True
INCIDENT__224330.0-webtirf__7153,7153,2025-02-18 22:00:00,2025-02-18 19:00:00,2025-02-19 01:00:00,OTHER_DISRUPTION,GROUP__7153__0005,INCIDENT,0.0,0.0,0.0,0.0,0.0,0.0,0.0,True
INCIDENT__224331-webtirf__7112,7112,2025-02-18 22:00:00,2025-02-18 19:00:00,2025-02-19 01:00:00,ACCIDENT,GROUP__7112__0010,INCIDENT,0.0,0.0,0.0,0.0,0.0,0.0,0.0,True
INCIDENT__224346-webtirf__7184,7184,2025-02-19 00:00:00,2025-02-18 21:00:00,2025-02-19 03:00:00,OTHER_DISRUPTION,GROUP__7184__0010,INCIDENT,0.0,0.0,0.0,0.0,0.0,0.0,0.0,True
INCIDENT__224412-webtirf__9849,9849,2025-02-19 05:00:00,2025-02-19 02:00:00,2025-02-19 08:00:00,ACCIDENT,GROUP__9849__0003,INCIDENT,0.0,0.0,0.0,0.0,0.0,0.0,0.0,True
INCIDENT__224420.0-webtirf__7120,7120,2025-02-19 07:00:00,2025-02-19 04:00:00,2025-02-19 10:00:00,OTHER_DISRUPTION,GROUP__7120__0014,INCIDENT,0.0,0.0,0.0,0.0,0.0,0.0,0.0,True
INCIDENT__224420.0-webtirf__7121,7121,2025-02-19 07:00:00,2025-02-19 04:00:00,2025-02-19 10:00:00,OTHER_DISRUPTION,GROUP__7121__0014,INCIDENT,0.0,0.0,0.0,0.0,0.0,0.0,0.0,True
INCIDENT__224428-webtirf__7184,7184,2025-02-19 08:00:00,2025-02-19 05:00:00,2025-02-19 11:00:00,OTHER_DISRUPTION,GROUP__7184__0011,INCIDENT,0.0,0.0,0.0,0.0,0.0,0.0,0.0,True
INCIDENT__224435-webtirf__F3FWY001,F3FWY001,2025-02-19 11:00:00,2025-02-19 08:00:00,2025-02-19 14:00:00,OTHER_DISRUPTION,GROUP__F3FWY001__0002,INCIDENT,0.0,0.0,0.0,0.0,0.0,0.0,0.0,True
INCIDENT__224446-webtirf__57025,57025,2025-02-19 20:00:00,2025-02-19 17:00:00,2025-02-19 23:00:00,OTHER_DISRUPTION,GROUP__57025__0001,INCIDENT,0.0,0.0,0.0,0.0,0.0,0.0,0.0,True
INCIDENT__224510.0-webtirf__7120,7120,2025-02-20 03:00:00,2025-02-20 00:00:00,2025-02-20 06:00:00,OTHER_DISRUPTION,GROUP__7120__0015,INCIDENT,0.0,0.0,0.0,0.0,0.0,0.0,0.0,True
INCIDENT__224510.0-webtirf__7121,7121,2025-02-20 03:00:00,2025-02-20 00:00:00,2025-02-20 06:00:00,OTHER_DISRUPTION,GROUP__7121__0015,INCIDENT,0.0,0.0,0.0,0.0,0.0,0.0,0.0,True
INCIDENT__224541-webtirf__7120,7120,2025-02-20 08:00:00,2025-02-20 05:00:00,2025-02-20 11:00:00,OTHER_DISRUPTION,GROUP__7120__0015,INCIDENT,0.0,0.0,0.0,0.0,0.0,0.0,0.0,True
INCIDENT__224541-webtirf__7121,7121,2025-02-20 08:00:00,2025-02-20 05:00:00,2025-02-20 11:00:00,OTHER_DISRUPTION,GROUP__7121__0015,INCIDENT,0.0,0.0,0.0,0.0,0.0,0.0,0.0,True
INCIDENT__224555-webtirf__7153,7153,2025-02-20 19:00:00,2025-02-20 16:00:00,2025-02-20 22:00:00,OTHER_DISRUPTION,GROUP__7153__0006,INCIDENT,0.0,0.0,0.0,0.0,0.0,0.0,0.0,True
INCIDENT__224568-webtirf__F3FWY004,F3FWY004,2025-02-20 22:00:00,2025-02-20 19:00:00,2025-02-21 01:00:00,ACCIDENT,GROUP__F3FWY004__0002,INCIDENT,0.0,0.0,0.0,0.0,0.0,0.0,0.0,True
INCIDENT__224588-webtirf__53004,53004,2025-02-21 00:00:00,2025-02-20 21:00:00,2025-02-21 03:00:00,OTHER_DISRUPTION,GROUP__53004__0006,INCIDENT,0.0,0.0,0.0,0.0,0.0,0.0,0.0,True
INCIDENT__224622-webtirf__7184,7184,2025-02-21 04:00:00,2025-02-21 01:00:00,2025-02-21 07:00:00,OTHER_DISRUPTION,GROUP__7184__0012,INCIDENT,0.0,0.0,0.0,0.0,0.0,0.0,0.0,True
INCIDENT__224638-webtirf__22001,22001,2025-02-21 05:00:00,2025-02-21 02:00:00,2025-02-21 08:00:00,OTHER_DISRUPTION,GROUP__22001__0004,INCIDENT,0.0,0.0,0.0,0.0,0.0,0.0,0.0,True
INCIDENT__224652-webtirf__50250,50250,2025-02-21 07:00:00,2025-02-21 04:00:00,2025-02-21 10:00:00,ACCIDENT,GROUP__50250__0002,INCIDENT,0.0,0.0,0.0,0.0,0.0,0.0,0.0,True
INCIDENT__224672-webtirf__55049,55049,2025-02-21 16:00:00,2025-02-21 13:00:00,2025-02-21 19:00:00,ACCIDENT,GROUP__55049__0002,INCIDENT,0.0,0.0,0.0,0.0,0.0,0.0,0.0,True
INCIDENT__224690.0-webtirf__29005,29005,2025-02-22 01:00:00,2025-02-21 22:00:00,2025-02-22 04:00:00,OTHER_DISRUPTION,GROUP__29005__0002,INCIDENT,0.0,0.0,0.0,0.0,0.0,0.0,0.0,True
INCIDENT__224696-webtirf__23067,23067,2025-02-22 03:00:00,2025-02-22 00:00:00,2025-02-22 06:00:00,OTHER_DISRUPTION,GROUP__23067__0005,INCIDENT,0.0,0.0,0.0,0.0,0.0,0.0,0.0,True
INCIDENT__224707-webtirf__7132,7132,2025-02-22 06:00:00,2025-02-22 03:00:00,2025-02-22 09:00:00,OTHER_DISRUPTION,GROUP__7132__0009,INCIDENT,0.0,0.0,0.0,0.0,0.0,0.0,0.0,True
INCIDENT__224709-webtirf__33014,33014,2025-02-22 06:00:00,2025-02-22 03:00:00,2025-02-22 09:00:00,OTHER_DISRUPTION,GROUP__33014__0005,INCIDENT,0.0,0.0,0.0,0.0,0.0,0.0,0.0,True
INCIDENT__224720.0-webtirf__7159,7159,2025-02-22 11:00:00,2025-02-22 08:00:00,2025-02-22 14:00:00,ACCIDENT,GROUP__7159__0002,INCIDENT,0.0,0.0,0.0,0.0,0.0,0.0,0.0,True
INCIDENT__224767-webtirf__7153,7153,2025-02-23 06:00:00,2025-02-23 03:00:00,2025-02-23 09:00:00,OTHER_DISRUPTION,GROUP__7153__0007,INCIDENT,0.0,0.0,0.0,0.0,0.0,0.0,0.0,True
INCIDENT__224789-webtirf__51235,51235,2025-02-23 19:00:00,2025-02-23 16:00:00,2025-02-23 22:00:00,ACCIDENT,GROUP__51235__0011,INCIDENT,0.0,0.0,0.0,0.0,0.0,0.0,0.0,True
INCIDENT__224798-webtirf__29005,29005,2025-02-23 20:00:00,2025-02-23 17:00:00,2025-02-23 23:00:00,ACCIDENT,GROUP__29005__0003,INCIDENT,0.0,0.0,0.0,0.0,0.0,0.0,0.0,True
INCIDENT__224842-webtirf__F3FWY003,F3FWY003,2025-02-24 03:00:00,2025-02-24 00:00:00,2025-02-24 06:00:00,OTHER_DISRUPTION,GROUP__F3FWY003__0012,INCIDENT,0.0,0.0,0.0,0.0,0.0,0.0,0.0,True
INCIDENT__224877-webtirf__53004,53004,2025-02-24 12:00:00,2025-02-24 09:00:00,2025-02-24 15:00:00,ACCIDENT,GROUP__53004__0007,INCIDENT,0.0,0.0,0.0,0.0,0.0,0.0,0.0,True
INCIDENT__224891-webtirf__7112,7112,2025-02-24 19:00:00,2025-02-24 16:00:00,2025-02-24 22:00:00,OTHER_DISRUPTION,GROUP__7112__0011,INCIDENT,0.0,0.0,0.0,0.0,0.0,0.0,0.0,True
INCIDENT__224898-webtirf__9849,9849,2025-02-24 21:00:00,2025-02-24 18:00:00,2025-02-25 00:00:00,ACCIDENT,GROUP__9849__0004,INCIDENT,0.0,0.0,0.0,0.0,0.0,0.0,0.0,True
INCIDENT__224950.0-webtirf__F3FWY003,F3FWY003,2025-02-25 03:00:00,2025-02-25 00:00:00,2025-02-25 06:00:00,OTHER_DISRUPTION,GROUP__F3FWY003__0013,INCIDENT,0.0,0.0,0.0,0.0,0.0,0.0,0.0,True
INCIDENT__224975-webtirf__7274,7274,2025-02-25 05:00:00,2025-02-25 02:00:00,2025-02-25 08:00:00,OTHER_DISRUPTION,GROUP__7274__0009,INCIDENT,0.0,0.0,0.0,0.0,0.0,0.0,0.0,True
INCIDENT__224991-webtirf__7161,7161,2025-02-25 10:00:00,2025-02-25 07:00:00,2025-02-25 13:00:00,ACCIDENT,GROUP__7161__0004,INCIDENT,0.0,0.0,0.0,0.0,0.0,0.0,0.0,True
INCIDENT__225010.0-webtirf__7168,7168,2025-02-25 20:00:00,2025-02-25 17:00:00,2025-02-25 23:00:00,OTHER_DISRUPTION,GROUP__7168__0007,INCIDENT,0.0,0.0,0.0,0.0,0.0,0.0,0.0,True
INCIDENT__225018-webtirf__74228,74228,2025-02-25 23:00:00,2025-02-25 20:00:00,2025-02-26 02:00:00,ACCIDENT,GROUP__74228__0001,INCIDENT,0.0,0.0,0.0,0.0,0.0,0.0,0.0,True
INCIDENT__225019-webtirf__9658,9658,2025-02-25 23:00:00,2025-02-25 20:00:00,2025-02-26 02:00:00,OTHER_DISRUPTION,GROUP__9658__0005,INCIDENT,0.0,0.0,0.0,0.0,0.0,0.0,0.0,True
INCIDENT__225027-webtirf__7179,7179,2025-02-25 23:00:00,2025-02-25 20:00:00,2025-02-26 02:00:00,ACCIDENT,GROUP__7179__0012,INCIDENT,0.0,0.0,0.0,0.0,0.0,0.0,0.0,True
INCIDENT__225080.0-webtirf__7251,7251,2025-02-26 05:00:00,2025-02-26 02:00:00,2025-02-26 08:00:00,OTHER_DISRUPTION,GROUP__7251__0009,INCIDENT,0.0,0.0,0.0,0.0,0.0,0.0,0.0,True
INCIDENT__225084-webtirf__29005,29005,2025-02-26 05:00:00,2025-02-26 02:00:00,2025-02-26 08:00:00,OTHER_DISRUPTION,GROUP__29005__0004,INCIDENT,0.0,0.0,0.0,0.0,0.0,0.0,0.0,True
INCIDENT__225098-webtirf__7132,7132,2025-02-26 07:00:00,2025-02-26 04:00:00,2025-02-26 10:00:00,OTHER_DISRUPTION,GROUP__7132__0010,INCIDENT,0.0,0.0,0.0,0.0,0.0,0.0,0.0,True
INCIDENT__225126-webtirf__47024,47024,2025-02-26 20:00:00,2025-02-26 17:00:00,2025-02-26 23:00:00,OTHER_DISRUPTION,GROUP__47024__0004,INCIDENT,0.0,0.0,0.0,0.0,0.0,0.0,0.0,True
INCIDENT__225221-webtirf__7270,7270,2025-02-27 18:00:00,2025-02-27 15:00:00,2025-02-27 21:00:00,OTHER_DISRUPTION,GROUP__7270__0001,INCIDENT,0.0,0.0,0.0,0.0,0.0,0.0,0.0,True
INCIDENT__225230.0-webtirf__33014,33014,2025-02-27 20:00:00,2025-02-27 17:00:00,2025-02-27 23:00:00,ACCIDENT,GROUP__33014__0006,INCIDENT,0.0,0.0,0.0,0.0,0.0,0.0,0.0,True
INCIDENT__225235-webtirf__51235,51235,2025-02-27 21:00:00,2025-02-27 18:00:00,2025-02-28 00:00:00,OTHER_DISRUPTION,GROUP__51235__0012,INCIDENT,0.0,0.0,0.0,0.0,0.0,0.0,0.0,True
INCIDENT__225238-webtirf__29005,29005,2025-02-27 21:00:00,2025-02-27 18:00:00,2025-02-28 00:00:00,OTHER_DISRUPTION,GROUP__29005__0005,INCIDENT,0.0,0.0,0.0,0.0,0.0,0.0,0.0,True
INCIDENT__225248-webtirf__T0288,T0288,2025-02-27 22:00:00,2025-02-27 19:00:00,2025-02-28 01:00:00,OTHER_DISRUPTION,GROUP__T0288__0001,INCIDENT,0.0,0.0,0.0,0.0,0.0,0.0,0.0,True
INCIDENT__225248-webtirf__T0289,T0289,2025-02-27 22:00:00,2025-02-27 19:00:00,2025-02-28 01:00:00,OTHER_DISRUPTION,GROUP__T0289__0001,INCIDENT,0.0,0.0,0.0,0.0,0.0,0.0,0.0,True
INCIDENT__225248-webtirf__T0290,T0290,2025-02-27 22:00:00,2025-02-27 19:00:00,2025-02-28 01:00:00,OTHER_DISRUPTION,GROUP__T0290__0001,INCIDENT,0.0,0.0,0.0,0.0,0.0,0.0,0.0,True
INCIDENT__225248-webtirf__T0479-PR,T0479-PR,2025-02-27 22:00:00,2025-02-27 19:00:00,2025-02-28 01:00:00,OTHER_DISRUPTION,GROUP__T0479-PR__0001,INCIDENT,0.0,0.0,0.0,0.0,0.0,0.0,0.0,True
INCIDENT__225280.0-webtirf__7163,7163,2025-02-28 01:00:00,2025-02-27 22:00:00,2025-02-28 04:00:00,OTHER_DISRUPTION,GROUP__7163__0005,INCIDENT,0.0,0.0,0.0,0.0,0.0,0.0,0.0,True
INCIDENT__225312-webtirf__53004,53004,2025-02-28 03:00:00,2025-02-28 00:00:00,2025-02-28 06:00:00,ACCIDENT,GROUP__53004__0008,INCIDENT,0.0,0.0,0.0,0.0,0.0,0.0,0.0,True
INCIDENT__225334-webtirf__34016,34016,2025-02-28 05:00:00,2025-02-28 02:00:00,2025-02-28 08:00:00,OTHER_DISRUPTION,GROUP__34016__0004,INCIDENT,0.0,0.0,0.0,0.0,0.0,0.0,0.0,True
INCIDENT__225340.0-webtirf__29005,29005,2025-02-28 05:00:00,2025-02-28 02:00:00,2025-02-28 08:00:00,OTHER_DISRUPTION,GROUP__29005__0006,INCIDENT,0.0,0.0,0.0,0.0,0.0,0.0,0.0,True
INCIDENT__225352-webtirf__29005,29005,2025-02-28 07:00:00,2025-02-28 04:00:00,2025-02-28 10:00:00,OTHER_DISRUPTION,GROUP__29005__0006,INCIDENT,0.0,0.0,0.0,0.0,0.0,0.0,0.0,True
INCIDENT__225390.0-webtirf__7179,7179,2025-03-01 09:00:00,2025-03-01 06:00:00,2025-03-01 12:00:00,OTHER_DISRUPTION,GROUP__7179__0013,INCIDENT,138.0,153.0,170.0,209.0,208.0,226.0,257.0,False
INCIDENT__225425-webtirf__7179,7179,2025-03-02 06:00:00,2025-03-02 03:00:00,2025-03-02 09:00:00,OTHER_DISRUPTION,GROUP__7179__0014,INCIDENT,22.0,0.0,0.0,0.0,0.0,0.0,0.0,False
INCIDENT__225464-webtirf__9836-PR,9836-PR,2025-03-02 23:00:00,2025-03-02 20:00:00,2025-03-03 02:00:00,OTHER_DISRUPTION,GROUP__9836-PR__0002,INCIDENT,27.0,12.0,12.0,3.0,0.0,0.0,0.0,False
INCIDENT__225498-webtirf__7248,7248,2025-03-03 03:00:00,2025-03-03 00:00:00,2025-03-03 06:00:00,OTHER_DISRUPTION,GROUP__7248__0009,INCIDENT,65.0,54.0,65.0,83.0,135.0,232.0,322.0,False
INCIDENT__225506-webtirf__9658,9658,2025-03-03 04:00:00,2025-03-03 01:00:00,2025-03-03 07:00:00,OTHER_DISRUPTION,GROUP__9658__0006,INCIDENT,22.0,20.0,33.0,42.0,83.0,161.0,120.0,False
INCIDENT__225542-webtirf__10011,10011,2025-03-03 19:00:00,2025-03-03 16:00:00,2025-03-03 22:00:00,OTHER_DISRUPTION,GROUP__10011__0007,INCIDENT,0.0,15.0,12.0,11.0,4.0,6.0,5.0,False
INCIDENT__225542-webtirf__7139,7139,2025-03-03 19:00:00,2025-03-03 16:00:00,2025-03-03 22:00:00,OTHER_DISRUPTION,GROUP__7139__0007,INCIDENT,0.0,0.0,0.0,0.0,0.0,0.0,0.0,True
INCIDENT__225556-webtirf__68025,68025,2025-03-03 21:00:00,2025-03-03 18:00:00,2025-03-04 00:00:00,ACCIDENT,GROUP__68025__0008,INCIDENT,42.0,17.0,16.0,21.0,7.0,3.0,159.0,False
INCIDENT__225624-webtirf__7120,7120,2025-03-04 04:00:00,2025-03-04 01:00:00,2025-03-04 07:00:00,ACCIDENT,GROUP__7120__0016,INCIDENT,0.0,0.0,0.0,0.0,0.0,0.0,0.0,True
INCIDENT__225624-webtirf__7121,7121,2025-03-04 04:00:00,2025-03-04 01:00:00,2025-03-04 07:00:00,ACCIDENT,GROUP__7121__0016,INCIDENT,0.0,0.0,0.0,0.0,0.0,0.0,0.0,True
INCIDENT__225653-webtirf__9658,9658,2025-03-04 09:00:00,2025-03-04 06:00:00,2025-03-04 12:00:00,ACCIDENT,GROUP__9658__0007,INCIDENT,946.0,1253.0,996.0,940.0,889.0,810.0,832.0,False
INCIDENT__225693-webtirf__50240,50240,2025-03-04 22:00:00,2025-03-04 19:00:00,2025-03-05 01:00:00,OTHER_DISRUPTION,GROUP__50240__0008,INCIDENT,1991.0,1825.0,1609.0,1280.0,896.0,36.0,31.0,False
INCIDENT__225760.0-webtirf__50260,50260,2025-03-05 04:00:00,2025-03-05 01:00:00,2025-03-05 07:00:00,OTHER_DISRUPTION,GROUP__50260__0002,INCIDENT,112.0,70.0,66.0,165.0,702.0,1997.0,1798.0,False
INCIDENT__225769-webtirf__9658,9658,2025-03-05 05:00:00,2025-03-05 02:00:00,2025-03-05 08:00:00,ACCIDENT,GROUP__9658__0008,INCIDENT,0.0,0.0,0.0,0.0,0.0,0.0,0.0,True
INCIDENT__225780.0-webtirf__51235,51235,2025-03-05 06:00:00,2025-03-05 03:00:00,2025-03-05 09:00:00,ACCIDENT,GROUP__51235__0013,INCIDENT,28.0,50.0,136.0,308.0,213.0,164.0,236.0,False
INCIDENT__225805-webtirf__33014,33014,2025-03-05 16:00:00,2025-03-05 13:00:00,2025-03-05 19:00:00,ACCIDENT,GROUP__33014__0007,INCIDENT,157.0,170.0,143.0,123.0,72.0,56.0,39.0,False
INCIDENT__225812-webtirf__7153,7153,2025-03-05 19:00:00,2025-03-05 16:00:00,2025-03-05 22:00:00,ACCIDENT,GROUP__7153__0008,INCIDENT,159.0,119.0,97.0,81.0,71.0,54.0,54.0,False
INCIDENT__225822-webtirf__23067,23067,2025-03-05 21:00:00,2025-03-05 18:00:00,2025-03-06 00:00:00,OTHER_DISRUPTION,GROUP__23067__0006,INCIDENT,742.0,723.0,663.0,506.0,150.0,53.0,85.0,False
INCIDENT__225989-webtirf__34016,34016,2025-03-06 06:00:00,2025-03-06 03:00:00,2025-03-06 09:00:00,OTHER_DISRUPTION,GROUP__34016__0005,INCIDENT,39.0,160.0,416.0,635.0,875.0,629.0,649.0,False
INCIDENT__225994-webtirf__33014,33014,2025-03-06 06:00:00,2025-03-06 03:00:00,2025-03-06 09:00:00,OTHER_DISRUPTION,GROUP__33014__0008,INCIDENT,193.0,620.0,1352.0,2125.0,1896.0,1598.0,1384.0,False
INCIDENT__225996-webtirf__7120,7120,2025-03-06 06:00:00,2025-03-06 03:00:00,2025-03-06 09:00:00,ACCIDENT,GROUP__7120__0017,INCIDENT,0.0,0.0,0.0,0.0,0.0,0.0,0.0,True
INCIDENT__225996-webtirf__7121,7121,2025-03-06 06:00:00,2025-03-06 03:00:00,2025-03-06 09:00:00,ACCIDENT,GROUP__7121__0017,INCIDENT,7.0,9.0,14.0,31.0,28.0,60.0,49.0,False
INCIDENT__226007-webtirf__7161,7161,2025-03-06 08:00:00,2025-03-06 05:00:00,2025-03-06 11:00:00,ACCIDENT,GROUP__7161__0005,INCIDENT,0.0,0.0,0.0,0.0,0.0,0.0,0.0,True
INCIDENT__226011-webtirf__50240,50240,2025-03-06 10:00:00,2025-03-06 07:00:00,2025-03-06 13:00:00,OTHER_DISRUPTION,GROUP__50240__0009,INCIDENT,164.0,129.0,184.0,227.0,221.0,261.0,245.0,False
INCIDENT__226017-webtirf__F3FWY003,F3FWY003,2025-03-06 12:00:00,2025-03-06 09:00:00,2025-03-06 15:00:00,OTHER_DISRUPTION,GROUP__F3FWY003__0014,INCIDENT,0.0,0.0,0.0,0.0,0.0,0.0,0.0,True
INCIDENT__226132-webtirf__68025,68025,2025-03-07 00:00:00,2025-03-06 21:00:00,2025-03-07 03:00:00,OTHER_DISRUPTION,GROUP__68025__0009,INCIDENT,13.0,10.0,7.0,2.0,6.0,4.0,12.0,False
INCIDENT__226499-webtirf__7270,7270,2025-03-08 07:00:00,2025-03-08 04:00:00,2025-03-08 10:00:00,ACCIDENT,GROUP__7270__0002,INCIDENT,0.0,9.0,11.0,23.0,90.0,92.0,121.0,False
INCIDENT__226507-webtirf__T0085,T0085,2025-03-08 09:00:00,2025-03-08 06:00:00,2025-03-08 12:00:00,ACCIDENT,GROUP__T0085__0003,INCIDENT,25.0,112.0,96.0,100.0,151.0,180.0,169.0,False
INCIDENT__226627-webtirf__7126,7126,2025-03-09 04:00:00,2025-03-09 01:00:00,2025-03-09 07:00:00,OTHER_DISRUPTION,GROUP__7126__0005,INCIDENT,8.0,6.0,3.0,1.0,5.0,8.0,11.0,False
INCIDENT__226666-webtirf__55049,55049,2025-03-09 07:00:00,2025-03-09 04:00:00,2025-03-09 10:00:00,ACCIDENT,GROUP__55049__0003,INCIDENT,56.0,105.0,260.0,394.0,564.0,1045.0,1162.0,False
INCIDENT__226697-webtirf__55049,55049,2025-03-09 15:00:00,2025-03-09 12:00:00,2025-03-09 18:00:00,OTHER_DISRUPTION,GROUP__55049__0004,INCIDENT,1392.0,1275.0,1178.0,0.0,0.0,0.0,0.0,False
INCIDENT__226713-webtirf__F3FWY003,F3FWY003,2025-03-09 20:00:00,2025-03-09 17:00:00,2025-03-09 23:00:00,OTHER_DISRUPTION,GROUP__F3FWY003__0015,INCIDENT,0.0,0.0,0.0,0.0,0.0,0.0,0.0,True
INCIDENT__226785-webtirf__7168,7168,2025-03-09 23:00:00,2025-03-09 20:00:00,2025-03-10 02:00:00,ACCIDENT,GROUP__7168__0008,INCIDENT,0.0,0.0,0.0,0.0,6.0,3.0,3.0,False
INCIDENT__226786-webtirf__33014,33014,2025-03-09 23:00:00,2025-03-09 20:00:00,2025-03-10 02:00:00,OTHER_DISRUPTION,GROUP__33014__0009,INCIDENT,21.0,27.0,17.0,0.0,7.0,18.0,12.0,False
INCIDENT__226857-webtirf__7179,7179,2025-03-10 01:00:00,2025-03-09 22:00:00,2025-03-10 04:00:00,OTHER_DISRUPTION,GROUP__7179__0016,INCIDENT,872.0,510.0,44.0,33.0,32.0,45.0,97.0,False
INCIDENT__226884-webtirf__50240,50240,2025-03-10 02:00:00,2025-03-09 23:00:00,2025-03-10 05:00:00,ACCIDENT,GROUP__50240__0010,INCIDENT,478.0,295.0,174.0,125.0,247.0,700.0,2079.0,False
INCIDENT__226899-webtirf__23067,23067,2025-03-10 03:00:00,2025-03-10 00:00:00,2025-03-10 06:00:00,OTHER_DISRUPTION,GROUP__23067__0007,INCIDENT,72.0,79.0,217.0,361.0,652.0,878.0,1318.0,False
INCIDENT__226976-webtirf__F3FWY005,F3FWY005,2025-03-10 20:00:00,2025-03-10 17:00:00,2025-03-10 23:00:00,OTHER_DISRUPTION,GROUP__F3FWY005__0002,INCIDENT,0.0,0.0,0.0,0.0,0.0,0.0,0.0,True
INCIDENT__226987-webtirf__7168,7168,2025-03-10 21:00:00,2025-03-10 18:00:00,2025-03-11 00:00:00,ACCIDENT,GROUP__7168__0009,INCIDENT,33.0,22.0,20.0,16.0,16.0,8.0,0.0,False
INCIDENT__227008-webtirf__50240,50240,2025-03-10 23:00:00,2025-03-10 20:00:00,2025-03-11 02:00:00,OTHER_DISRUPTION,GROUP__50240__0011,INCIDENT,1231.0,973.0,642.0,350.0,237.0,143.0,145.0,False
INCIDENT__227083-webtirf__7179,7179,2025-03-11 06:00:00,2025-03-11 03:00:00,2025-03-11 09:00:00,ACCIDENT,GROUP__7179__0017,INCIDENT,0.0,0.0,0.0,0.0,0.0,0.0,0.0,True
INCIDENT__227085-webtirf__7184,7184,2025-03-11 07:00:00,2025-03-11 04:00:00,2025-03-11 10:00:00,ACCIDENT,GROUP__7184__0013,INCIDENT,0.0,0.0,0.0,0.0,0.0,0.0,0.0,True
INCIDENT__227089-webtirf__7112,7112,2025-03-11 08:00:00,2025-03-11 05:00:00,2025-03-11 11:00:00,OTHER_DISRUPTION,GROUP__7112__0014,INCIDENT,828.0,1460.0,1331.0,1249.0,1091.0,944.0,987.0,False
INCIDENT__227097-webtirf__7179,7179,2025-03-11 11:00:00,2025-03-11 08:00:00,2025-03-11 14:00:00,ACCIDENT,GROUP__7179__0017,INCIDENT,0.0,0.0,0.0,0.0,0.0,0.0,0.0,True
INCIDENT__227124-webtirf__47024,47024,2025-03-11 20:00:00,2025-03-11 17:00:00,2025-03-11 23:00:00,OTHER_DISRUPTION,GROUP__47024__0005,INCIDENT,0.0,0.0,0.0,0.0,0.0,0.0,0.0,True
INCIDENT__227126-webtirf__50240,50240,2025-03-11 20:00:00,2025-03-11 17:00:00,2025-03-11 23:00:00,OTHER_DISRUPTION,GROUP__50240__0012,INCIDENT,2059.0,2001.0,1359.0,1146.0,1023.0,713.0,386.0,False
INCIDENT__227142-webtirf__33014,33014,2025-03-11 21:00:00,2025-03-11 18:00:00,2025-03-12 00:00:00,OTHER_DISRUPTION,GROUP__33014__0010,INCIDENT,841.0,654.0,532.0,328.0,160.0,0.0,9.0,False
INCIDENT__227150.0-webtirf__68025,68025,2025-03-11 22:00:00,2025-03-11 19:00:00,2025-03-12 01:00:00,OTHER_DISRUPTION,GROUP__68025__0010,INCIDENT,30.0,31.0,30.0,27.0,10.0,144.0,95.0,False
INCIDENT__227206-webtirf__7132,7132,2025-03-12 01:00:00,2025-03-11 22:00:00,2025-03-12 04:00:00,OTHER_DISRUPTION,GROUP__7132__0011,INCIDENT,5.0,2.0,0.0,0.0,0.0,0.0,0.0,False
INCIDENT__227258-webtirf__7164,7164,2025-03-12 06:00:00,2025-03-12 03:00:00,2025-03-12 09:00:00,OTHER_DISRUPTION,GROUP__7164__0005,INCIDENT,16.0,26.0,58.0,92.0,93.0,105.0,118.0,False
INCIDENT__227258-webtirf__7179,7179,2025-03-12 06:00:00,2025-03-12 03:00:00,2025-03-12 09:00:00,OTHER_DISRUPTION,GROUP__7179__0018,INCIDENT,0.0,0.0,0.0,0.0,0.0,0.0,0.0,True
INCIDENT__227277-webtirf__33014,33014,2025-03-12 11:00:00,2025-03-12 08:00:00,2025-03-12 14:00:00,OTHER_DISRUPTION,GROUP__33014__0011,INCIDENT,155.0,177.0,142.0,150.0,133.0,125.0,137.0,False
INCIDENT__227282-webtirf__7163,7163,2025-03-12 14:00:00,2025-03-12 11:00:00,2025-03-12 17:00:00,OTHER_DISRUPTION,GROUP__7163__0006,INCIDENT,638.0,632.0,625.0,615.0,638.0,677.0,683.0,False
INCIDENT__227321-webtirf__51235,51235,2025-03-12 23:00:00,2025-03-12 20:00:00,2025-03-13 02:00:00,OTHER_DISRUPTION,GROUP__51235__0014,INCIDENT,0.0,0.0,0.0,0.0,0.0,0.0,0.0,True
INCIDENT__227344-webtirf__7159,7159,2025-03-13 01:00:00,2025-03-12 22:00:00,2025-03-13 04:00:00,OTHER_DISRUPTION,GROUP__7159__0003,INCIDENT,0.0,0.0,24.0,30.0,21.0,33.0,56.0,False
INCIDENT__227351-webtirf__7112,7112,2025-03-13 02:00:00,2025-03-12 23:00:00,2025-03-13 05:00:00,OTHER_DISRUPTION,GROUP__7112__0015,INCIDENT,0.0,18.0,17.0,13.0,30.0,70.0,96.0,False
INCIDENT__227366-webtirf__7120,7120,2025-03-13 04:00:00,2025-03-13 01:00:00,2025-03-13 07:00:00,OTHER_DISRUPTION,GROUP__7120__0018,INCIDENT,8.0,4.0,12.0,32.0,62.0,107.0,84.0,False
INCIDENT__227366-webtirf__7121,7121,2025-03-13 04:00:00,2025-03-13 01:00:00,2025-03-13 07:00:00,OTHER_DISRUPTION,GROUP__7121__0018,INCIDENT,7.0,2.0,0.0,0.0,0.0,0.0,0.0,False
INCIDENT__227368-webtirf__7164,7164,2025-03-13 04:00:00,2025-03-13 01:00:00,2025-03-13 07:00:00,OTHER_DISRUPTION,GROUP__7164__0006,INCIDENT,19.0,13.0,0.0,0.0,0.0,0.0,0.0,False
INCIDENT__227395-webtirf__57025,57025,2025-03-13 07:00:00,2025-03-13 04:00:00,2025-03-13 10:00:00,OTHER_DISRUPTION,GROUP__57025__0002,INCIDENT,41.0,134.0,83.0,113.0,104.0,114.0,107.0,False
INCIDENT__227399-webtirf__7153,7153,2025-03-13 09:00:00,2025-03-13 06:00:00,2025-03-13 12:00:00,OTHER_DISRUPTION,GROUP__7153__0009,INCIDENT,0.0,0.0,0.0,0.0,0.0,0.0,0.0,True
INCIDENT__227403-webtirf__7184,7184,2025-03-13 11:00:00,2025-03-13 08:00:00,2025-03-13 14:00:00,OTHER_DISRUPTION,GROUP__7184__0014,INCIDENT,193.0,275.0,260.0,339.0,339.0,323.0,312.0,False
INCIDENT__227425-webtirf__7275,7275,2025-03-13 21:00:00,2025-03-13 18:00:00,2025-03-14 00:00:00,ACCIDENT,GROUP__7275__0002,INCIDENT,621.0,478.0,454.0,412.0,318.0,181.0,81.0,False
INCIDENT__227483-webtirf__23067,23067,2025-03-14 04:00:00,2025-03-14 01:00:00,2025-03-14 07:00:00,ACCIDENT,GROUP__23067__0008,INCIDENT,34.0,64.0,43.0,81.0,124.0,119.0,99.0,False
INCIDENT__227511-webtirf__7248,7248,2025-03-14 07:00:00,2025-03-14 04:00:00,2025-03-14 10:00:00,OTHER_DISRUPTION,GROUP__7248__0010,INCIDENT,134.0,268.0,299.0,196.0,200.0,269.0,237.0,False
INCIDENT__227547-webtirf__50240,50240,2025-03-15 01:00:00,2025-03-14 22:00:00,2025-03-15 04:00:00,ACCIDENT,GROUP__50240__0013,INCIDENT,142.0,64.0,45.0,46.0,23.0,33.0,38.0,False
INCIDENT__227566-webtirf__47024,47024,2025-03-15 07:00:00,2025-03-15 04:00:00,2025-03-15 10:00:00,ACCIDENT,GROUP__47024__0006,INCIDENT,460.0,832.0,1039.0,1008.0,1233.0,1302.0,1279.0,False
INCIDENT__227603-webtirf__53004,53004,2025-03-16 00:00:00,2025-03-15 21:00:00,2025-03-16 03:00:00,OTHER_DISRUPTION,GROUP__53004__0009,INCIDENT,0.0,0.0,0.0,186.0,108.0,72.0,54.0,False
INCIDENT__227604-webtirf__10011,10011,2025-03-16 00:00:00,2025-03-15 21:00:00,2025-03-16 03:00:00,OTHER_DISRUPTION,GROUP__10011__0008,INCIDENT,0.0,0.0,0.0,0.0,0.0,0.0,0.0,True
INCIDENT__227604-webtirf__7139,7139,2025-03-16 00:00:00,2025-03-15 21:00:00,2025-03-16 03:00:00,OTHER_DISRUPTION,GROUP__7139__0008,INCIDENT,1660.0,1638.0,1384.0,985.0,740.0,572.0,336.0,False
INCIDENT__227606-webtirf__50240,50240,2025-03-16 00:00:00,2025-03-15 21:00:00,2025-03-16 03:00:00,OTHER_DISRUPTION,GROUP__50240__0014,INCIDENT,78.0,80.0,55.0,28.0,18.0,10.0,20.0,False
INCIDENT__227633-webtirf__68025,68025,2025-03-16 04:00:00,2025-03-16 01:00:00,2025-03-16 07:00:00,OTHER_DISRUPTION,GROUP__68025__0011,INCIDENT,3.0,0.0,2.0,1.0,1.0,1.0,3.0,False
INCIDENT__227635-webtirf__T0231,T0231,2025-03-16 05:00:00,2025-03-16 02:00:00,2025-03-16 08:00:00,OTHER_DISRUPTION,GROUP__T0231__0002,INCIDENT,0.0,0.0,0.0,0.0,0.0,0.0,0.0,True
INCIDENT__227645-webtirf__9658,9658,2025-03-16 07:00:00,2025-03-16 04:00:00,2025-03-16 10:00:00,OTHER_DISRUPTION,GROUP__9658__0009,INCIDENT,0.0,0.0,0.0,0.0,0.0,0.0,0.0,True
INCIDENT__227659-webtirf__22001,22001,2025-03-16 10:00:00,2025-03-16 07:00:00,2025-03-16 13:00:00,OTHER_DISRUPTION,GROUP__22001__0005,INCIDENT,63.0,111.0,114.0,87.0,106.0,117.0,354.0,False
INCIDENT__227661-webtirf__7120,7120,2025-03-16 11:00:00,2025-03-16 08:00:00,2025-03-16 14:00:00,ACCIDENT,GROUP__7120__0019,INCIDENT,42.0,39.0,36.0,35.0,28.0,38.0,47.0,False
INCIDENT__227661-webtirf__7121,7121,2025-03-16 11:00:00,2025-03-16 08:00:00,2025-03-16 14:00:00,ACCIDENT,GROUP__7121__0019,INCIDENT,11.0,15.0,22.0,17.0,17.0,15.0,15.0,False
INCIDENT__227671-webtirf__7168,7168,2025-03-16 18:00:00,2025-03-16 15:00:00,2025-03-16 21:00:00,OTHER_DISRUPTION,GROUP__7168__0010,INCIDENT,0.0,0.0,0.0,0.0,0.0,0.0,0.0,True
INCIDENT__227674-webtirf__7161,7161,2025-03-16 19:00:00,2025-03-16 16:00:00,2025-03-16 22:00:00,OTHER_DISRUPTION,GROUP__7161__0006,INCIDENT,1314.0,1267.0,1178.0,862.0,723.0,556.0,397.0,False
INCIDENT__227732-webtirf__7161,7161,2025-03-17 02:00:00,2025-03-16 23:00:00,2025-03-17 05:00:00,OTHER_DISRUPTION,GROUP__7161__0007,INCIDENT,191.0,4.0,14.0,18.0,15.0,41.0,93.0,False
INCIDENT__227774-webtirf__F3FWY003,F3FWY003,2025-03-17 19:00:00,2025-03-17 16:00:00,2025-03-17 22:00:00,ACCIDENT,GROUP__F3FWY003__0016,INCIDENT,0.0,0.0,0.0,0.0,0.0,0.0,0.0,True
INCIDENT__227807-webtirf__7179,7179,2025-03-18 00:00:00,2025-03-17 21:00:00,2025-03-18 03:00:00,OTHER_DISRUPTION,GROUP__7179__0019,INCIDENT,86.0,81.0,61.0,0.0,0.0,0.0,0.0,False
INCIDENT__227838-webtirf__29005,29005,2025-03-18 04:00:00,2025-03-18 01:00:00,2025-03-18 07:00:00,OTHER_DISRUPTION,GROUP__29005__0007,INCIDENT,0.0,0.0,0.0,0.0,0.0,0.0,0.0,True
INCIDENT__227875-webtirf__10011,10011,2025-03-18 12:00:00,2025-03-18 09:00:00,2025-03-18 15:00:00,OTHER_DISRUPTION,GROUP__10011__0009,INCIDENT,277.0,307.0,355.0,313.0,345.0,350.0,435.0,False
INCIDENT__227875-webtirf__7139,7139,2025-03-18 12:00:00,2025-03-18 09:00:00,2025-03-18 15:00:00,OTHER_DISRUPTION,GROUP__7139__0009,INCIDENT,2682.0,2163.0,2018.0,2257.0,2105.0,2493.0,2744.0,False
INCIDENT__227895-webtirf__9658,9658,2025-03-18 21:00:00,2025-03-18 18:00:00,2025-03-19 00:00:00,ACCIDENT,GROUP__9658__0010,INCIDENT,1129.0,782.0,642.0,600.0,468.0,275.0,1.0,False
INCIDENT__227898-webtirf__33014,33014,2025-03-18 21:00:00,2025-03-18 18:00:00,2025-03-19 00:00:00,OTHER_DISRUPTION,GROUP__33014__0012,INCIDENT,59.0,30.0,30.0,34.0,11.0,0.0,10.0,False
INCIDENT__227935-webtirf__7163,7163,2025-03-19 01:00:00,2025-03-18 22:00:00,2025-03-19 04:00:00,OTHER_DISRUPTION,GROUP__7163__0007,INCIDENT,18.0,13.0,70.0,53.0,48.0,57.0,95.0,False
INCIDENT__227942-webtirf__10011,10011,2025-03-19 02:00:00,2025-03-18 23:00:00,2025-03-19 05:00:00,OTHER_DISRUPTION,GROUP__10011__0010,INCIDENT,0.0,24.0,18.0,12.0,15.0,17.0,127.0,False
INCIDENT__227942-webtirf__7139,7139,2025-03-19 02:00:00,2025-03-18 23:00:00,2025-03-19 05:00:00,OTHER_DISRUPTION,GROUP__7139__0010,INCIDENT,368.0,23.0,20.0,15.0,24.0,0.0,0.0,False
INCIDENT__227958-webtirf__7168,7168,2025-03-19 04:00:00,2025-03-19 01:00:00,2025-03-19 07:00:00,ACCIDENT,GROUP__7168__0011,INCIDENT,2.0,2.0,2.0,8.0,12.0,11.0,21.0,False
INCIDENT__228007-webtirf__7150,7150,2025-03-19 21:00:00,2025-03-19 18:00:00,2025-03-20 00:00:00,OTHER_DISRUPTION,GROUP__7150__0001,INCIDENT,0.0,0.0,0.0,0.0,0.0,0.0,0.0,True
INCIDENT__228040.0-webtirf__7163,7163,2025-03-20 01:00:00,2025-03-19 22:00:00,2025-03-20 04:00:00,OTHER_DISRUPTION,GROUP__7163__0008,INCIDENT,298.0,160.0,103.0,67.0,65.0,59.0,100.0,False
INCIDENT__228135-webtirf__47024,47024,2025-03-20 19:00:00,2025-03-20 16:00:00,2025-03-20 22:00:00,ACCIDENT,GROUP__47024__0007,INCIDENT,0.0,0.0,0.0,0.0,0.0,0.0,0.0,True
INCIDENT__228179-webtirf__T0288,T0288,2025-03-20 23:00:00,2025-03-20 20:00:00,2025-03-21 02:00:00,OTHER_DISRUPTION,GROUP__T0288__0002,INCIDENT,182.0,181.0,144.0,113.0,1.0,4.0,0.0,False
INCIDENT__228179-webtirf__T0289,T0289,2025-03-20 23:00:00,2025-03-20 20:00:00,2025-03-21 02:00:00,OTHER_DISRUPTION,GROUP__T0289__0002,INCIDENT,0.0,0.0,0.0,0.0,0.0,0.0,0.0,True
INCIDENT__228179-webtirf__T0290,T0290,2025-03-20 23:00:00,2025-03-20 20:00:00,2025-03-21 02:00:00,OTHER_DISRUPTION,GROUP__T0290__0002,INCIDENT,0.0,0.0,0.0,0.0,0.0,0.0,0.0,True
INCIDENT__228179-webtirf__T0479-PR,T0479-PR,2025-03-20 23:00:00,2025-03-20 20:00:00,2025-03-21 02:00:00,OTHER_DISRUPTION,GROUP__T0479-PR__0002,INCIDENT,53.0,45.0,32.0,27.0,95.0,57.0,100.0,False
INCIDENT__228202-webtirf__7248,7248,2025-03-21 01:00:00,2025-03-20 22:00:00,2025-03-21 04:00:00,OTHER_DISRUPTION,GROUP__7248__0011,INCIDENT,561.0,355.0,242.0,144.0,120.0,153.0,382.0,False
INCIDENT__228203-webtirf__10011,10011,2025-03-21 01:00:00,2025-03-20 22:00:00,2025-03-21 04:00:00,OTHER_DISRUPTION,GROUP__10011__0011,INCIDENT,48.0,33.0,23.0,9.0,10.0,10.0,31.0,False
INCIDENT__228203-webtirf__7139,7139,2025-03-21 01:00:00,2025-03-20 22:00:00,2025-03-21 04:00:00,OTHER_DISRUPTION,GROUP__7139__0011,INCIDENT,44.0,31.0,26.0,16.0,10.0,23.0,25.0,False
INCIDENT__228232-webtirf__7274,7274,2025-03-21 03:00:00,2025-03-21 00:00:00,2025-03-21 06:00:00,ACCIDENT,GROUP__7274__0010,INCIDENT,0.0,0.0,0.0,0.0,0.0,0.0,0.0,True
INCIDENT__228299-webtirf__53003,53003,2025-03-21 08:00:00,2025-03-21 05:00:00,2025-03-21 11:00:00,OTHER_DISRUPTION,GROUP__53003__0004,INCIDENT,220.0,454.0,238.0,200.0,210.0,221.0,204.0,False
INCIDENT__228300.0-webtirf__7184,7184,2025-03-21 08:00:00,2025-03-21 05:00:00,2025-03-21 11:00:00,ACCIDENT,GROUP__7184__0015,INCIDENT,140.0,278.0,211.0,218.0,259.0,307.0,293.0,False
INCIDENT__228310.0-webtirf__7248,7248,2025-03-21 17:00:00,2025-03-21 14:00:00,2025-03-21 20:00:00,ACCIDENT,GROUP__7248__0012,INCIDENT,978.0,874.0,900.0,968.0,1054.0,913.0,788.0,False
INCIDENT__228351-webtirf__7248,7248,2025-03-22 04:00:00,2025-03-22 01:00:00,2025-03-22 07:00:00,OTHER_DISRUPTION,GROUP__7248__0013,INCIDENT,157.0,151.0,124.0,200.0,507.0,727.0,733.0,False
INCIDENT__228362-webtirf__7274,7274,2025-03-22 12:00:00,2025-03-22 09:00:00,2025-03-22 15:00:00,OTHER_DISRUPTION,GROUP__7274__0011,INCIDENT,0.0,0.0,0.0,0.0,0.0,0.0,0.0,True
INCIDENT__228375-webtirf__F3FWY003,F3FWY003,2025-03-22 17:00:00,2025-03-22 14:00:00,2025-03-22 20:00:00,OTHER_DISRUPTION,GROUP__F3FWY003__0017,INCIDENT,0.0,0.0,0.0,0.0,0.0,0.0,0.0,True
INCIDENT__228381-webtirf__7126,7126,2025-03-22 21:00:00,2025-03-22 18:00:00,2025-03-23 00:00:00,ACCIDENT,GROUP__7126__0006,INCIDENT,0.0,0.0,0.0,0.0,0.0,0.0,110.0,False
INCIDENT__228387-webtirf__53003,53003,2025-03-22 23:00:00,2025-03-22 20:00:00,2025-03-23 02:00:00,ACCIDENT,GROUP__53003__0005,INCIDENT,18.0,17.0,19.0,10.0,19.0,13.0,10.0,False
INCIDENT__228405-webtirf__7251,7251,2025-03-23 03:00:00,2025-03-23 00:00:00,2025-03-23 06:00:00,ACCIDENT,GROUP__7251__0010,INCIDENT,0.0,0.0,0.0,0.0,0.0,0.0,0.0,True
INCIDENT__228451-webtirf__7112,7112,2025-03-23 21:00:00,2025-03-23 18:00:00,2025-03-24 00:00:00,OTHER_DISRUPTION,GROUP__7112__0016,INCIDENT,0.0,0.0,0.0,0.0,0.0,0.0,172.0,False
INCIDENT__228505-webtirf__7163,7163,2025-03-24 03:00:00,2025-03-24 00:00:00,2025-03-24 06:00:00,OTHER_DISRUPTION,GROUP__7163__0009,INCIDENT,19.0,5.0,10.0,15.0,16.0,40.0,93.0,False
INCIDENT__228547-webtirf__68025,68025,2025-03-24 18:00:00,2025-03-24 15:00:00,2025-03-24 21:00:00,OTHER_DISRUPTION,GROUP__68025__0012,INCIDENT,0.0,0.0,0.0,0.0,0.0,0.0,0.0,True
INCIDENT__228549-webtirf__50240,50240,2025-03-24 19:00:00,2025-03-24 16:00:00,2025-03-24 22:00:00,ACCIDENT,GROUP__50240__0015,INCIDENT,179.0,165.0,155.0,138.0,95.0,66.0,65.0,False
INCIDENT__228553-webtirf__53004,53004,2025-03-24 20:00:00,2025-03-24 17:00:00,2025-03-24 23:00:00,OTHER_DISRUPTION,GROUP__53004__0010,INCIDENT,1949.0,1765.0,1142.0,841.0,732.0,460.0,223.0,False
INCIDENT__228632-webtirf__50240,50240,2025-03-25 10:00:00,2025-03-25 07:00:00,2025-03-25 13:00:00,OTHER_DISRUPTION,GROUP__50240__0016,INCIDENT,288.0,255.0,305.0,416.0,404.0,419.0,437.0,False
INCIDENT__228703-webtirf__7161,7161,2025-03-26 02:00:00,2025-03-25 23:00:00,2025-03-26 05:00:00,ACCIDENT,GROUP__7161__0008,INCIDENT,0.0,100.0,60.0,56.0,64.0,166.0,531.0,False
INCIDENT__228704-webtirf__68025,68025,2025-03-26 02:00:00,2025-03-25 23:00:00,2025-03-26 05:00:00,OTHER_DISRUPTION,GROUP__68025__0013,INCIDENT,0.0,0.0,0.0,0.0,11.0,15.0,36.0,False
INCIDENT__228735-webtirf__7132,7132,2025-03-26 06:00:00,2025-03-26 03:00:00,2025-03-26 09:00:00,ACCIDENT,GROUP__7132__0012,INCIDENT,0.0,0.0,0.0,0.0,0.0,0.0,0.0,True
INCIDENT__228933-webtirf__T0085,T0085,2025-03-27 06:00:00,2025-03-27 03:00:00,2025-03-27 09:00:00,OTHER_DISRUPTION,GROUP__T0085__0004,INCIDENT,3.0,2.0,23.0,84.0,132.0,147.0,107.0,False
INCIDENT__228950.0-webtirf__7132,7132,2025-03-27 10:00:00,2025-03-27 07:00:00,2025-03-27 13:00:00,OTHER_DISRUPTION,GROUP__7132__0013,INCIDENT,0.0,0.0,0.0,0.0,0.0,0.0,0.0,True
INCIDENT__229038-webtirf__23067,23067,2025-03-27 22:00:00,2025-03-27 19:00:00,2025-03-28 01:00:00,OTHER_DISRUPTION,GROUP__23067__0009,INCIDENT,50.0,46.0,34.0,41.0,23.0,59.0,118.0,False
INCIDENT__229110.0-webtirf__T0342,T0342,2025-03-27 23:00:00,2025-03-27 20:00:00,2025-03-28 02:00:00,OTHER_DISRUPTION,GROUP__T0342__0001,INCIDENT,29.0,20.0,12.0,6.0,0.0,1.0,0.0,False
INCIDENT__229117-webtirf__7179,7179,2025-03-27 23:00:00,2025-03-27 20:00:00,2025-03-28 02:00:00,ACCIDENT,GROUP__7179__0020,INCIDENT,12.0,16.0,20.0,6.0,47.0,44.0,44.0,False
INCIDENT__229123-webtirf__53003,53003,2025-03-28 00:00:00,2025-03-27 21:00:00,2025-03-28 03:00:00,ACCIDENT,GROUP__53003__0006,INCIDENT,1136.0,828.0,539.0,137.0,89.0,66.0,90.0,False
INCIDENT__229198-webtirf__F3FWY003,F3FWY003,2025-03-28 04:00:00,2025-03-28 01:00:00,2025-03-28 07:00:00,OTHER_DISRUPTION,GROUP__F3FWY003__0018,INCIDENT,0.0,0.0,0.0,0.0,0.0,0.0,0.0,True
INCIDENT__229247-webtirf__10011,10011,2025-03-28 07:00:00,2025-03-28 04:00:00,2025-03-28 10:00:00,OTHER_DISRUPTION,GROUP__10011__0012,INCIDENT,25.0,95.0,356.0,313.0,242.0,289.0,247.0,False
INCIDENT__229247-webtirf__7139,7139,2025-03-28 07:00:00,2025-03-28 04:00:00,2025-03-28 10:00:00,OTHER_DISRUPTION,GROUP__7139__0012,INCIDENT,0.0,0.0,0.0,0.0,0.0,0.0,0.0,True
INCIDENT__229322-webtirf__7120,7120,2025-03-29 00:00:00,2025-03-28 21:00:00,2025-03-29 03:00:00,OTHER_DISRUPTION,GROUP__7120__0020,INCIDENT,679.0,601.0,476.0,358.0,284.0,209.0,167.0,False
INCIDENT__229322-webtirf__7121,7121,2025-03-29 00:00:00,2025-03-28 21:00:00,2025-03-29 03:00:00,OTHER_DISRUPTION,GROUP__7121__0020,INCIDENT,414.0,328.0,267.0,10.0,7.0,14.0,7.0,False
INCIDENT__229462-webtirf__F3FWY001,F3FWY001,2025-03-29 05:00:00,2025-03-29 02:00:00,2025-03-29 08:00:00,ACCIDENT,GROUP__F3FWY001__0003,INCIDENT,0.0,0.0,0.0,0.0,0.0,0.0,0.0,True
INCIDENT__229592-webtirf__7119-PR,7119-PR,2025-03-30 08:00:00,2025-03-30 05:00:00,2025-03-30 11:00:00,ACCIDENT,GROUP__7119-PR__0004,INCIDENT,1.0,0.0,0.0,2.0,5.0,4.0,5.0,False
INCIDENT__229596-webtirf__7112,7112,2025-03-30 09:00:00,2025-03-30 06:00:00,2025-03-30 12:00:00,OTHER_DISRUPTION,GROUP__7112__0017,INCIDENT,0.0,0.0,0.0,0.0,944.0,1107.0,1206.0,False
INCIDENT__229618-webtirf__53004,53004,2025-03-30 13:00:00,2025-03-30 10:00:00,2025-03-30 16:00:00,OTHER_DISRUPTION,GROUP__53004__0011,INCIDENT,1212.0,1337.0,1483.0,1402.0,1492.0,1473.0,1484.0,False
INCIDENT__229624-webtirf__10011,10011,2025-03-30 16:00:00,2025-03-30 13:00:00,2025-03-30 19:00:00,OTHER_DISRUPTION,GROUP__10011__0013,INCIDENT,0.0,0.0,0.0,0.0,0.0,0.0,0.0,True
INCIDENT__229624-webtirf__7139,7139,2025-03-30 16:00:00,2025-03-30 13:00:00,2025-03-30 19:00:00,OTHER_DISRUPTION,GROUP__7139__0013,INCIDENT,85.0,87.0,93.0,81.0,82.0,75.0,54.0,False
INCIDENT__229636-webtirf__T0231,T0231,2025-03-30 19:00:00,2025-03-30 16:00:00,2025-03-30 22:00:00,ACCIDENT,GROUP__T0231__0003,INCIDENT,1072.0,1095.0,925.0,591.0,532.0,471.0,279.0,False
INCIDENT__229641-webtirf__55049,55049,2025-03-30 20:00:00,2025-03-30 17:00:00,2025-03-30 23:00:00,ACCIDENT,GROUP__55049__0005,INCIDENT,34.0,20.0,12.0,8.0,15.0,15.0,6.0,False
INCIDENT__229725-webtirf__7179,7179,2025-03-31 05:00:00,2025-03-31 02:00:00,2025-03-31 08:00:00,ACCIDENT,GROUP__7179__0021,INCIDENT,0.0,0.0,106.0,189.0,305.0,352.0,306.0,False
INCIDENT__229747-webtirf__51235,51235,2025-03-31 08:00:00,2025-03-31 05:00:00,2025-03-31 11:00:00,ACCIDENT,GROUP__51235__0015,INCIDENT,138.0,226.0,211.0,197.0,263.0,226.0,171.0,False
INCIDENT__229789-webtirf__7132,7132,2025-03-31 22:00:00,2025-03-31 19:00:00,2025-04-01 01:00:00,OTHER_DISRUPTION,GROUP__7132__0014,INCIDENT,24.0,22.0,20.0,13.0,17.0,9.0,10.0,False
INCIDENT__229843-webtirf__34016,34016,2025-04-01 05:00:00,2025-04-01 02:00:00,2025-04-01 08:00:00,ACCIDENT,GROUP__34016__0006,INCIDENT,1.0,0.0,5.0,4.0,2.0,6.0,4.0,False
INCIDENT__229849-webtirf__68025,68025,2025-04-01 05:00:00,2025-04-01 02:00:00,2025-04-01 08:00:00,OTHER_DISRUPTION,GROUP__68025__0014,INCIDENT,57.0,61.0,145.0,292.0,491.0,751.0,874.0,False
INCIDENT__229859-webtirf__50240,50240,2025-04-01 06:00:00,2025-04-01 03:00:00,2025-04-01 09:00:00,ACCIDENT,GROUP__50240__0017,INCIDENT,245.0,727.0,2132.0,2625.0,2616.0,2570.0,2068.0,False
INCIDENT__229878-webtirf__7161,7161,2025-04-01 15:00:00,2025-04-01 12:00:00,2025-04-01 18:00:00,OTHER_DISRUPTION,GROUP__7161__0009,INCIDENT,154.0,161.0,191.0,180.0,140.0,138.0,111.0,False
INCIDENT__230015-webtirf__F3FWY006,F3FWY006,2025-04-02 03:00:00,2025-04-02 00:00:00,2025-04-02 06:00:00,OTHER_DISRUPTION,GROUP__F3FWY006__0003,INCIDENT,0.0,0.0,0.0,0.0,0.0,0.0,0.0,True
INCIDENT__230100.0-webtirf__7248,7248,2025-04-02 18:00:00,2025-04-02 15:00:00,2025-04-02 21:00:00,OTHER_DISRUPTION,GROUP__7248__0014,INCIDENT,153.0,165.0,156.0,126.0,84.0,86.0,76.0,False
INCIDENT__230116-webtirf__33014,33014,2025-04-02 21:00:00,2025-04-02 18:00:00,2025-04-03 00:00:00,OTHER_DISRUPTION,GROUP__33014__0013,INCIDENT,56.0,36.0,25.0,23.0,17.0,0.0,22.0,False
INCIDENT__230196-webtirf__7179,7179,2025-04-03 03:00:00,2025-04-03 00:00:00,2025-04-03 06:00:00,OTHER_DISRUPTION,GROUP__7179__0022,INCIDENT,313.0,188.0,154.0,206.0,439.0,884.0,1327.0,False
INCIDENT__230250.0-webtirf__10011,10011,2025-04-03 08:00:00,2025-04-03 05:00:00,2025-04-03 11:00:00,ACCIDENT,GROUP__10011__0014,INCIDENT,0.0,0.0,0.0,0.0,0.0,0.0,0.0,True
INCIDENT__230250.0-webtirf__7139,7139,2025-04-03 08:00:00,2025-04-03 05:00:00,2025-04-03 11:00:00,ACCIDENT,GROUP__7139__0014,INCIDENT,0.0,0.0,0.0,0.0,0.0,0.0,0.0,True
INCIDENT__230277-webtirf__68025,68025,2025-04-03 19:00:00,2025-04-03 16:00:00,2025-04-03 22:00:00,ACCIDENT,GROUP__68025__0015,INCIDENT,1501.0,1508.0,1130.0,973.0,1026.0,976.0,588.0,False
INCIDENT__230290.0-webtirf__74230,74230,2025-04-03 21:00:00,2025-04-03 18:00:00,2025-04-04 00:00:00,OTHER_DISRUPTION,GROUP__74230__0003,INCIDENT,14.0,11.0,9.0,3.0,4.0,2.0,40.0,False
INCIDENT__230346-webtirf__50240,50240,2025-04-04 03:00:00,2025-04-04 00:00:00,2025-04-04 06:00:00,OTHER_DISRUPTION,GROUP__50240__0018,INCIDENT,52.0,42.0,56.0,83.0,81.0,209.0,343.0,False
INCIDENT__230351-webtirf__7163,7163,2025-04-04 04:00:00,2025-04-04 01:00:00,2025-04-04 07:00:00,OTHER_DISRUPTION,GROUP__7163__0010,INCIDENT,10.0,7.0,12.0,0.0,0.0,0.0,0.0,False
INCIDENT__230395-webtirf__22001,22001,2025-04-04 08:00:00,2025-04-04 05:00:00,2025-04-04 11:00:00,OTHER_DISRUPTION,GROUP__22001__0006,INCIDENT,0.0,0.0,0.0,0.0,0.0,0.0,0.0,True
INCIDENT__230415-webtirf__7274,7274,2025-04-04 21:00:00,2025-04-04 18:00:00,2025-04-05 00:00:00,OTHER_DISRUPTION,GROUP__7274__0012,INCIDENT,0.0,0.0,0.0,0.0,0.0,0.0,173.0,False
INCIDENT__230427-webtirf__7270,7270,2025-04-05 00:00:00,2025-04-04 21:00:00,2025-04-05 03:00:00,OTHER_DISRUPTION,GROUP__7270__0003,INCIDENT,767.0,732.0,421.0,25.0,20.0,27.0,28.0,False
INCIDENT__230436-webtirf__10011,10011,2025-04-05 01:00:00,2025-04-04 22:00:00,2025-04-05 04:00:00,OTHER_DISRUPTION,GROUP__10011__0015,INCIDENT,0.0,0.0,0.0,0.0,0.0,0.0,0.0,True
INCIDENT__230436-webtirf__7139,7139,2025-04-05 01:00:00,2025-04-04 22:00:00,2025-04-05 04:00:00,OTHER_DISRUPTION,GROUP__7139__0015,INCIDENT,0.0,0.0,0.0,0.0,0.0,0.0,183.0,False
INCIDENT__230474-webtirf__F3FWY001,F3FWY001,2025-04-05 19:00:00,2025-04-05 16:00:00,2025-04-05 22:00:00,ACCIDENT,GROUP__F3FWY001__0004,INCIDENT,221.0,208.0,170.0,126.0,95.0,73.0,81.0,False
INCIDENT__230514-webtirf__33014,33014,2025-04-06 10:00:00,2025-04-06 07:00:00,2025-04-06 13:00:00,ACCIDENT,GROUP__33014__0014,INCIDENT,38.0,47.0,59.0,48.0,58.0,42.0,47.0,False
INCIDENT__230527-webtirf__F3FWY003,F3FWY003,2025-04-06 21:00:00,2025-04-06 18:00:00,2025-04-07 00:00:00,OTHER_DISRUPTION,GROUP__F3FWY003__0019,INCIDENT,0.0,0.0,0.0,0.0,0.0,0.0,0.0,True
INCIDENT__230611-webtirf__29005,29005,2025-04-07 08:00:00,2025-04-07 05:00:00,2025-04-07 11:00:00,ACCIDENT,GROUP__29005__0008,INCIDENT,981.0,2483.0,3290.0,3230.0,2720.0,2229.0,2182.0,False
INCIDENT__230679-webtirf__T0288,T0288,2025-04-08 02:00:00,2025-04-07 23:00:00,2025-04-08 05:00:00,ACCIDENT,GROUP__T0288__0003,INCIDENT,0.0,88.0,86.0,90.0,109.0,186.0,328.0,False
INCIDENT__230679-webtirf__T0289,T0289,2025-04-08 02:00:00,2025-04-07 23:00:00,2025-04-08 05:00:00,ACCIDENT,GROUP__T0289__0003,INCIDENT,0.0,0.0,0.0,3.0,0.0,2.0,0.0,False
INCIDENT__230679-webtirf__T0290,T0290,2025-04-08 02:00:00,2025-04-07 23:00:00,2025-04-08 05:00:00,ACCIDENT,GROUP__T0290__0003,INCIDENT,0.0,88.0,86.0,90.0,109.0,185.0,328.0,False
INCIDENT__230679-webtirf__T0479-PR,T0479-PR,2025-04-08 02:00:00,2025-04-07 23:00:00,2025-04-08 05:00:00,ACCIDENT,GROUP__T0479-PR__0003,INCIDENT,36.0,13.0,21.0,25.0,37.0,136.0,503.0,False
INCIDENT__230695-webtirf__7179,7179,2025-04-08 03:00:00,2025-04-08 00:00:00,2025-04-08 06:00:00,OTHER_DISRUPTION,GROUP__7179__0023,INCIDENT,259.0,167.0,122.0,221.0,423.0,922.0,1383.0,False
INCIDENT__230712-webtirf__7132,7132,2025-04-08 06:00:00,2025-04-08 03:00:00,2025-04-08 09:00:00,OTHER_DISRUPTION,GROUP__7132__0015,INCIDENT,17.0,28.0,91.0,160.0,109.0,91.0,107.0,False
INCIDENT__230715-webtirf__7164,7164,2025-04-08 06:00:00,2025-04-08 03:00:00,2025-04-08 09:00:00,ACCIDENT,GROUP__7164__0007,INCIDENT,51.0,97.0,301.0,665.0,1053.0,1116.0,839.0,False
INCIDENT__230717-webtirf__23067,23067,2025-04-08 06:00:00,2025-04-08 03:00:00,2025-04-08 09:00:00,ACCIDENT,GROUP__23067__0010,INCIDENT,28.0,34.0,54.0,86.0,97.0,83.0,91.0,False
INCIDENT__230730.0-webtirf__53004,53004,2025-04-08 08:00:00,2025-04-08 05:00:00,2025-04-08 11:00:00,OTHER_DISRUPTION,GROUP__53004__0012,INCIDENT,80.0,258.0,192.0,181.0,154.0,130.0,114.0,False
INCIDENT__230732-webtirf__7251,7251,2025-04-08 08:00:00,2025-04-08 05:00:00,2025-04-08 11:00:00,ACCIDENT,GROUP__7251__0011,INCIDENT,69.0,103.0,134.0,134.0,157.0,163.0,181.0,False
INCIDENT__230746-webtirf__10011,10011,2025-04-08 12:00:00,2025-04-08 09:00:00,2025-04-08 15:00:00,OTHER_DISRUPTION,GROUP__10011__0016,INCIDENT,0.0,0.0,0.0,0.0,0.0,0.0,0.0,True
INCIDENT__230746-webtirf__7139,7139,2025-04-08 12:00:00,2025-04-08 09:00:00,2025-04-08 15:00:00,OTHER_DISRUPTION,GROUP__7139__0016,INCIDENT,328.0,307.0,378.0,330.0,339.0,371.0,376.0,False
INCIDENT__230775-webtirf__7184,7184,2025-04-08 22:00:00,2025-04-08 19:00:00,2025-04-09 01:00:00,OTHER_DISRUPTION,GROUP__7184__0016,INCIDENT,1150.0,869.0,667.0,457.0,218.0,30.0,33.0,False
INCIDENT__230789-webtirf__7274,7274,2025-04-08 23:00:00,2025-04-08 20:00:00,2025-04-09 02:00:00,ACCIDENT,GROUP__7274__0013,INCIDENT,7.0,1.0,2.0,5.0,17.0,7.0,15.0,False
INCIDENT__230815-webtirf__7161,7161,2025-04-09 03:00:00,2025-04-09 00:00:00,2025-04-09 06:00:00,OTHER_DISRUPTION,GROUP__7161__0010,INCIDENT,8.0,10.0,15.0,7.0,49.0,106.0,171.0,False
INCIDENT__230878-webtirf__7164,7164,2025-04-09 11:00:00,2025-04-09 08:00:00,2025-04-09 14:00:00,OTHER_DISRUPTION,GROUP__7164__0008,INCIDENT,1019.0,862.0,644.0,491.0,503.0,591.0,576.0,False
INCIDENT__230880.0-webtirf__23067,23067,2025-04-09 12:00:00,2025-04-09 09:00:00,2025-04-09 15:00:00,OTHER_DISRUPTION,GROUP__23067__0011,INCIDENT,0.0,0.0,0.0,0.0,1414.0,1580.0,2003.0,False
INCIDENT__230884-webtirf__50240,50240,2025-04-09 16:00:00,2025-04-09 13:00:00,2025-04-09 19:00:00,OTHER_DISRUPTION,GROUP__50240__0019,INCIDENT,2312.0,2549.0,2549.0,2554.0,2505.0,2663.0,2314.0,False
INCIDENT__230911-webtirf__7179,7179,2025-04-09 22:00:00,2025-04-09 19:00:00,2025-04-10 01:00:00,OTHER_DISRUPTION,GROUP__7179__0024,INCIDENT,170.0,138.0,97.0,66.0,62.0,295.0,194.0,False
INCIDENT__230959-webtirf__7251,7251,2025-04-10 04:00:00,2025-04-10 01:00:00,2025-04-10 07:00:00,OTHER_DISRUPTION,GROUP__7251__0012,INCIDENT,10.0,22.0,21.0,43.0,47.0,88.0,157.0,False
INCIDENT__230965-webtirf__51235,51235,2025-04-10 05:00:00,2025-04-10 02:00:00,2025-04-10 08:00:00,OTHER_DISRUPTION,GROUP__51235__0016,INCIDENT,74.0,129.0,390.0,1150.0,2253.0,2123.0,2114.0,False
INCIDENT__230973-webtirf__7161,7161,2025-04-10 05:00:00,2025-04-10 02:00:00,2025-04-10 08:00:00,OTHER_DISRUPTION,GROUP__7161__0011,INCIDENT,12.0,14.0,44.0,96.0,168.0,131.0,117.0,False
INCIDENT__231002-webtirf__29005,29005,2025-04-10 09:00:00,2025-04-10 06:00:00,2025-04-10 12:00:00,OTHER_DISRUPTION,GROUP__29005__0009,INCIDENT,397.0,332.0,331.0,384.0,409.0,452.0,446.0,False
INCIDENT__231036-webtirf__68025,68025,2025-04-10 22:00:00,2025-04-10 19:00:00,2025-04-11 01:00:00,OTHER_DISRUPTION,GROUP__68025__0016,INCIDENT,984.0,932.0,977.0,576.0,323.0,0.0,0.0,False
INCIDENT__231043-webtirf__7168,7168,2025-04-10 22:00:00,2025-04-10 19:00:00,2025-04-11 01:00:00,OTHER_DISRUPTION,GROUP__7168__0012,INCIDENT,394.0,234.0,231.0,208.0,111.0,0.0,0.0,False
INCIDENT__231089-webtirf__7164,7164,2025-04-11 02:00:00,2025-04-10 23:00:00,2025-04-11 05:00:00,OTHER_DISRUPTION,GROUP__7164__0009,INCIDENT,13.0,0.0,0.0,0.0,0.0,0.0,0.0,False
INCIDENT__231136-webtirf__7112,7112,2025-04-11 05:00:00,2025-04-11 02:00:00,2025-04-11 08:00:00,OTHER_DISRUPTION,GROUP__7112__0018,INCIDENT,25.0,22.0,40.0,80.0,153.0,141.0,135.0,False
INCIDENT__231141-webtirf__33014,33014,2025-04-11 05:00:00,2025-04-11 02:00:00,2025-04-11 08:00:00,OTHER_DISRUPTION,GROUP__33014__0015,INCIDENT,12.0,10.0,26.0,35.0,62.0,74.0,69.0,False
INCIDENT__231158-webtirf__T0288,T0288,2025-04-11 06:00:00,2025-04-11 03:00:00,2025-04-11 09:00:00,OTHER_DISRUPTION,GROUP__T0288__0004,INCIDENT,0.0,0.0,0.0,0.0,0.0,0.0,0.0,True
INCIDENT__231158-webtirf__T0289,T0289,2025-04-11 06:00:00,2025-04-11 03:00:00,2025-04-11 09:00:00,OTHER_DISRUPTION,GROUP__T0289__0004,INCIDENT,0.0,0.0,0.0,0.0,0.0,0.0,0.0,True
INCIDENT__231158-webtirf__T0290,T0290,2025-04-11 06:00:00,2025-04-11 03:00:00,2025-04-11 09:00:00,OTHER_DISRUPTION,GROUP__T0290__0004,INCIDENT,0.0,0.0,0.0,0.0,0.0,0.0,0.0,True
INCIDENT__231158-webtirf__T0479-PR,T0479-PR,2025-04-11 06:00:00,2025-04-11 03:00:00,2025-04-11 09:00:00,OTHER_DISRUPTION,GROUP__T0479-PR__0004,INCIDENT,102.0,196.0,587.0,1309.0,1483.0,1582.0,1672.0,False
INCIDENT__231160.0-webtirf__22001,22001,2025-04-11 06:00:00,2025-04-11 03:00:00,2025-04-11 09:00:00,OTHER_DISRUPTION,GROUP__22001__0007,INCIDENT,0.0,0.0,0.0,0.0,0.0,0.0,0.0,True
INCIDENT__231229-webtirf__68025,68025,2025-04-12 07:00:00,2025-04-12 04:00:00,2025-04-12 10:00:00,OTHER_DISRUPTION,GROUP__68025__0017,INCIDENT,10.0,17.0,36.0,41.0,47.0,52.0,61.0,False
INCIDENT__231252-webtirf__7274,7274,2025-04-12 22:00:00,2025-04-12 19:00:00,2025-04-13 01:00:00,OTHER_DISRUPTION,GROUP__7274__0014,INCIDENT,634.0,591.0,500.0,421.0,300.0,20.0,6.0,False
INCIDENT__231304-webtirf__7112,7112,2025-04-13 20:00:00,2025-04-13 17:00:00,2025-04-13 23:00:00,OTHER_DISRUPTION,GROUP__7112__0019,INCIDENT,70.0,52.0,43.0,39.0,36.0,20.0,16.0,False
INCIDENT__231331-webtirf__7179,7179,2025-04-14 00:00:00,2025-04-13 21:00:00,2025-04-14 03:00:00,OTHER_DISRUPTION,GROUP__7179__0025,INCIDENT,1139.0,826.0,480.0,37.0,30.0,36.0,53.0,False
INCIDENT__231359-webtirf__7179,7179,2025-04-14 03:00:00,2025-04-14 00:00:00,2025-04-14 06:00:00,OTHER_DISRUPTION,GROUP__7179__0025,INCIDENT,37.0,30.0,36.0,53.0,82.0,181.0,270.0,False
INCIDENT__231378-webtirf__9849,9849,2025-04-14 05:00:00,2025-04-14 02:00:00,2025-04-14 08:00:00,ACCIDENT,GROUP__9849__0005,INCIDENT,0.0,0.0,0.0,0.0,1.0,0.0,0.0,False
INCIDENT__231394-webtirf__50260,50260,2025-04-14 06:00:00,2025-04-14 03:00:00,2025-04-14 09:00:00,ACCIDENT,GROUP__50260__0003,INCIDENT,27.0,67.0,136.0,372.0,384.0,343.0,347.0,False
INCIDENT__231402-webtirf__7132,7132,2025-04-14 07:00:00,2025-04-14 04:00:00,2025-04-14 10:00:00,OTHER_DISRUPTION,GROUP__7132__0016,INCIDENT,350.0,870.0,1528.0,1451.0,1346.0,1109.0,1023.0,False
INCIDENT__231404-webtirf__33014,33014,2025-04-14 08:00:00,2025-04-14 05:00:00,2025-04-14 11:00:00,OTHER_DISRUPTION,GROUP__33014__0016,INCIDENT,643.0,1317.0,1832.0,1777.0,1366.0,1356.0,1257.0,False
INCIDENT__231407-webtirf__50240,50240,2025-04-14 09:00:00,2025-04-14 06:00:00,2025-04-14 12:00:00,OTHER_DISRUPTION,GROUP__50240__0020,INCIDENT,2571.0,2511.0,2626.0,2191.0,1894.0,1826.0,1823.0,False
INCIDENT__231424-webtirf__F3FWY002,F3FWY002,2025-04-14 21:00:00,2025-04-14 18:00:00,2025-04-15 00:00:00,OTHER_DISRUPTION,GROUP__F3FWY002__0002,INCIDENT,285.0,250.0,232.0,209.0,180.0,150.0,112.0,False
INCIDENT__231508-webtirf__53004,53004,2025-04-15 04:00:00,2025-04-15 01:00:00,2025-04-15 07:00:00,OTHER_DISRUPTION,GROUP__53004__0013,INCIDENT,6.0,15.0,20.0,32.0,99.0,268.0,191.0,False
INCIDENT__231525-webtirf__9658,9658,2025-04-15 05:00:00,2025-04-15 02:00:00,2025-04-15 08:00:00,OTHER_DISRUPTION,GROUP__9658__0011,INCIDENT,65.0,93.0,181.0,543.0,846.0,1178.0,1072.0,False
INCIDENT__231572-webtirf__7112,7112,2025-04-15 12:00:00,2025-04-15 09:00:00,2025-04-15 15:00:00,ACCIDENT,GROUP__7112__0020,INCIDENT,851.0,776.0,800.0,908.0,898.0,1005.0,954.0,False
INCIDENT__231592-webtirf__10011,10011,2025-04-15 22:00:00,2025-04-15 19:00:00,2025-04-16 01:00:00,OTHER_DISRUPTION,GROUP__10011__0017,INCIDENT,0.0,0.0,0.0,0.0,0.0,0.0,0.0,True
INCIDENT__231592-webtirf__7139,7139,2025-04-15 22:00:00,2025-04-15 19:00:00,2025-04-16 01:00:00,OTHER_DISRUPTION,GROUP__7139__0017,INCIDENT,66.0,42.0,47.0,30.0,14.0,147.0,113.0,False
INCIDENT__231609-webtirf__53003,53003,2025-04-15 23:00:00,2025-04-15 20:00:00,2025-04-16 02:00:00,OTHER_DISRUPTION,GROUP__53003__0007,INCIDENT,46.0,39.0,32.0,29.0,32.0,31.0,24.0,False
INCIDENT__231614-webtirf__T0288,T0288,2025-04-16 00:00:00,2025-04-15 21:00:00,2025-04-16 03:00:00,OTHER_DISRUPTION,GROUP__T0288__0005,INCIDENT,1.0,0.0,2.0,92.0,96.0,90.0,116.0,False
INCIDENT__231614-webtirf__T0289,T0289,2025-04-16 00:00:00,2025-04-15 21:00:00,2025-04-16 03:00:00,OTHER_DISRUPTION,GROUP__T0289__0005,INCIDENT,1.0,0.0,2.0,3.0,0.0,0.0,0.0,False
INCIDENT__231614-webtirf__T0290,T0290,2025-04-16 00:00:00,2025-04-15 21:00:00,2025-04-16 03:00:00,OTHER_DISRUPTION,GROUP__T0290__0005,INCIDENT,160.0,127.0,137.0,4.0,0.0,0.0,0.0,False
INCIDENT__231614-webtirf__T0479-PR,T0479-PR,2025-04-16 00:00:00,2025-04-15 21:00:00,2025-04-16 03:00:00,OTHER_DISRUPTION,GROUP__T0479-PR__0005,INCIDENT,45.0,33.0,24.0,18.0,22.0,14.0,44.0,False
INCIDENT__231671-webtirf__74228,74228,2025-04-16 06:00:00,2025-04-16 03:00:00,2025-04-16 09:00:00,ACCIDENT,GROUP__74228__0002,INCIDENT,34.0,116.0,460.0,1267.0,1308.0,1238.0,1155.0,False
INCIDENT__231681-webtirf__F3FWY004,F3FWY004,2025-04-16 07:00:00,2025-04-16 04:00:00,2025-04-16 10:00:00,OTHER_DISRUPTION,GROUP__F3FWY004__0003,INCIDENT,0.0,0.0,0.0,0.0,0.0,0.0,0.0,True
INCIDENT__231695-webtirf__7179,7179,2025-04-16 09:00:00,2025-04-16 06:00:00,2025-04-16 12:00:00,OTHER_DISRUPTION,GROUP__7179__0026,INCIDENT,309.0,361.0,359.0,419.0,478.0,444.0,496.0,False
INCIDENT__231711-webtirf__9849,9849,2025-04-16 20:00:00,2025-04-16 17:00:00,2025-04-16 23:00:00,ACCIDENT,GROUP__9849__0006,INCIDENT,0.0,0.0,0.0,0.0,0.0,0.0,0.0,True
INCIDENT__231733-webtirf__7150,7150,2025-04-16 23:00:00,2025-04-16 20:00:00,2025-04-17 02:00:00,OTHER_DISRUPTION,GROUP__7150__0002,INCIDENT,647.0,666.0,408.0,219.0,117.0,52.0,32.0,False
INCIDENT__231735-webtirf__9658,9658,2025-04-16 23:00:00,2025-04-16 20:00:00,2025-04-17 02:00:00,OTHER_DISRUPTION,GROUP__9658__0012,INCIDENT,689.0,588.0,463.0,309.0,143.0,130.0,80.0,False
INCIDENT__231756-webtirf__51235,51235,2025-04-17 01:00:00,2025-04-16 22:00:00,2025-04-17 04:00:00,OTHER_DISRUPTION,GROUP__51235__0017,INCIDENT,37.0,18.0,148.0,99.0,88.0,139.0,361.0,False
INCIDENT__231808-webtirf__50240,50240,2025-04-17 07:00:00,2025-04-17 04:00:00,2025-04-17 10:00:00,ACCIDENT,GROUP__50240__0021,INCIDENT,64.0,185.0,300.0,274.0,285.0,385.0,375.0,False
INCIDENT__231818-webtirf__9834-PR,9834-PR,2025-04-17 09:00:00,2025-04-17 06:00:00,2025-04-17 12:00:00,ACCIDENT,GROUP__9834-PR__0001,INCIDENT,0.0,0.0,0.0,0.0,0.0,0.0,0.0,True
INCIDENT__231847-webtirf__7270,7270,2025-04-18 00:00:00,2025-04-17 21:00:00,2025-04-18 03:00:00,OTHER_DISRUPTION,GROUP__7270__0004,INCIDENT,1142.0,821.0,446.0,236.0,127.0,105.0,127.0,False
INCIDENT__231849-webtirf__F3FWY003,F3FWY003,2025-04-18 00:00:00,2025-04-17 21:00:00,2025-04-18 03:00:00,ACCIDENT,GROUP__F3FWY003__0020,INCIDENT,0.0,0.0,0.0,0.0,0.0,0.0,0.0,True
INCIDENT__231852-webtirf__7126,7126,2025-04-18 01:00:00,2025-04-17 22:00:00,2025-04-18 04:00:00,ACCIDENT,GROUP__7126__0007,INCIDENT,19.0,9.0,0.0,0.0,0.0,0.0,0.0,False
INCIDENT__231892-webtirf__7153,7153,2025-04-18 09:00:00,2025-04-18 06:00:00,2025-04-18 12:00:00,ACCIDENT,GROUP__7153__0010,INCIDENT,52.0,70.0,83.0,72.0,101.0,83.0,88.0,False
INCIDENT__231910.0-webtirf__7248,7248,2025-04-19 01:00:00,2025-04-18 22:00:00,2025-04-19 04:00:00,ACCIDENT,GROUP__7248__0015,INCIDENT,45.0,43.0,35.0,21.0,29.0,32.0,37.0,False
INCIDENT__231923-webtirf__7274,7274,2025-04-19 05:00:00,2025-04-19 02:00:00,2025-04-19 08:00:00,OTHER_DISRUPTION,GROUP__7274__0015,INCIDENT,7.0,9.0,13.0,17.0,28.0,48.0,66.0,False
INCIDENT__231925-webtirf__7168,7168,2025-04-19 06:00:00,2025-04-19 03:00:00,2025-04-19 09:00:00,OTHER_DISRUPTION,GROUP__7168__0013,INCIDENT,42.0,43.0,81.0,124.0,240.0,232.0,356.0,False
INCIDENT__231936-webtirf__7153,7153,2025-04-19 09:00:00,2025-04-19 06:00:00,2025-04-19 12:00:00,ACCIDENT,GROUP__7153__0011,INCIDENT,361.0,423.0,734.0,1051.0,1365.0,1229.0,1073.0,False
INCIDENT__231957-webtirf__9658,9658,2025-04-19 22:00:00,2025-04-19 19:00:00,2025-04-20 01:00:00,OTHER_DISRUPTION,GROUP__9658__0013,INCIDENT,907.0,703.0,541.0,599.0,383.0,5.0,7.0,False
INCIDENT__231973-webtirf__51235,51235,2025-04-20 03:00:00,2025-04-20 00:00:00,2025-04-20 06:00:00,OTHER_DISRUPTION,GROUP__51235__0018,INCIDENT,16.0,11.0,14.0,11.0,11.0,15.0,14.0,False
INCIDENT__231989-webtirf__7270,7270,2025-04-20 08:00:00,2025-04-20 05:00:00,2025-04-20 11:00:00,OTHER_DISRUPTION,GROUP__7270__0005,INCIDENT,7.0,28.0,40.0,57.0,65.0,75.0,84.0,False
INCIDENT__232007-webtirf__F3FWY003,F3FWY003,2025-04-21 00:00:00,2025-04-20 21:00:00,2025-04-21 03:00:00,ACCIDENT,GROUP__F3FWY003__0021,INCIDENT,0.0,0.0,0.0,0.0,0.0,0.0,0.0,True
INCIDENT__232015-webtirf__7184,7184,2025-04-21 02:00:00,2025-04-20 23:00:00,2025-04-21 05:00:00,OTHER_DISRUPTION,GROUP__7184__0017,INCIDENT,326.0,10.0,8.0,9.0,9.0,17.0,22.0,False
INCIDENT__232028-webtirf__50250,50250,2025-04-21 06:00:00,2025-04-21 03:00:00,2025-04-21 09:00:00,OTHER_DISRUPTION,GROUP__50250__0003,INCIDENT,0.0,0.0,0.0,0.0,0.0,0.0,0.0,True
INCIDENT__232044-webtirf__7120,7120,2025-04-21 12:00:00,2025-04-21 09:00:00,2025-04-21 15:00:00,OTHER_DISRUPTION,GROUP__7120__0021,INCIDENT,35.0,49.0,49.0,36.0,29.0,35.0,45.0,False
INCIDENT__232044-webtirf__7121,7121,2025-04-21 12:00:00,2025-04-21 09:00:00,2025-04-21 15:00:00,OTHER_DISRUPTION,GROUP__7121__0021,INCIDENT,5.0,3.0,1.0,5.0,4.0,6.0,5.0,False
INCIDENT__232066-webtirf__F3FWY001,F3FWY001,2025-04-21 23:00:00,2025-04-21 20:00:00,2025-04-22 02:00:00,ACCIDENT,GROUP__F3FWY001__0005,INCIDENT,129.0,109.0,97.0,86.0,66.0,68.0,74.0,False
INCIDENT__232076-webtirf__7179,7179,2025-04-22 00:00:00,2025-04-21 21:00:00,2025-04-22 03:00:00,ACCIDENT,GROUP__7179__0027,INCIDENT,506.0,356.0,231.0,33.0,33.0,26.0,61.0,False
INCIDENT__232185-webtirf__7159,7159,2025-04-22 13:00:00,2025-04-22 10:00:00,2025-04-22 16:00:00,OTHER_DISRUPTION,GROUP__7159__0004,INCIDENT,976.0,903.0,912.0,997.0,1002.0,1101.0,1176.0,False
INCIDENT__232197-webtirf__F3FWY002,F3FWY002,2025-04-22 19:00:00,2025-04-22 16:00:00,2025-04-22 22:00:00,OTHER_DISRUPTION,GROUP__F3FWY002__0003,INCIDENT,470.0,401.0,321.0,280.0,243.0,199.0,171.0,False
INCIDENT__232246-webtirf__7179,7179,2025-04-23 02:00:00,2025-04-22 23:00:00,2025-04-23 05:00:00,ACCIDENT,GROUP__7179__0028,INCIDENT,64.0,44.0,40.0,43.0,65.0,107.0,193.0,False
INCIDENT__232274-webtirf__33014,33014,2025-04-23 05:00:00,2025-04-23 02:00:00,2025-04-23 08:00:00,ACCIDENT,GROUP__33014__0017,INCIDENT,9.0,16.0,42.0,65.0,158.0,173.0,126.0,False
INCIDENT__232302-webtirf__51235,51235,2025-04-23 15:00:00,2025-04-23 12:00:00,2025-04-23 18:00:00,ACCIDENT,GROUP__51235__0019,INCIDENT,1307.0,1373.0,1618.0,1793.0,1878.0,1908.0,1711.0,False
INCIDENT__232317-webtirf__7153,7153,2025-04-23 22:00:00,2025-04-23 19:00:00,2025-04-24 01:00:00,OTHER_DISRUPTION,GROUP__7153__0012,INCIDENT,64.0,56.0,40.0,30.0,37.0,118.0,74.0,False
INCIDENT__232337-webtirf__7179,7179,2025-04-24 00:00:00,2025-04-23 21:00:00,2025-04-24 03:00:00,OTHER_DISRUPTION,GROUP__7179__0029,INCIDENT,79.0,71.0,58.0,54.0,50.0,42.0,73.0,False
INCIDENT__232377-webtirf__74229,74229,2025-04-24 03:00:00,2025-04-24 00:00:00,2025-04-24 06:00:00,OTHER_DISRUPTION,GROUP__74229__0001,INCIDENT,44.0,29.0,19.0,23.0,79.0,287.0,715.0,False
INCIDENT__232432-webtirf__74229,74229,2025-04-24 05:00:00,2025-04-24 02:00:00,2025-04-24 08:00:00,OTHER_DISRUPTION,GROUP__74229__0001,INCIDENT,19.0,23.0,79.0,287.0,715.0,1025.0,1198.0,False
INCIDENT__232454-webtirf__7126,7126,2025-04-24 08:00:00,2025-04-24 05:00:00,2025-04-24 11:00:00,ACCIDENT,GROUP__7126__0008,INCIDENT,19.0,40.0,52.0,48.0,53.0,40.0,43.0,False
INCIDENT__232463-webtirf__9834-PR,9834-PR,2025-04-24 13:00:00,2025-04-24 10:00:00,2025-04-24 16:00:00,ACCIDENT,GROUP__9834-PR__0002,INCIDENT,0.0,0.0,0.0,0.0,0.0,0.0,0.0,True
INCIDENT__232506-webtirf__7163,7163,2025-04-25 05:00:00,2025-04-25 02:00:00,2025-04-25 08:00:00,OTHER_DISRUPTION,GROUP__7163__0011,INCIDENT,9.0,13.0,5.0,17.0,28.0,41.0,45.0,False
INCIDENT__232509-webtirf__7119-PR,7119-PR,2025-04-25 05:00:00,2025-04-25 02:00:00,2025-04-25 08:00:00,ACCIDENT,GROUP__7119-PR__0005,INCIDENT,1.0,7.0,8.0,5.0,9.0,17.0,18.0,False
INCIDENT__232617-webtirf__7163,7163,2025-04-26 11:00:00,2025-04-26 08:00:00,2025-04-26 14:00:00,ACCIDENT,GROUP__7163__0012,INCIDENT,46.0,58.0,50.0,50.0,62.0,60.0,53.0,False
INCIDENT__232619-webtirf__10011,10011,2025-04-26 11:00:00,2025-04-26 08:00:00,2025-04-26 14:00:00,OTHER_DISRUPTION,GROUP__10011__0018,INCIDENT,0.0,0.0,0.0,0.0,0.0,0.0,0.0,True
INCIDENT__232619-webtirf__7139,7139,2025-04-26 11:00:00,2025-04-26 08:00:00,2025-04-26 14:00:00,OTHER_DISRUPTION,GROUP__7139__0018,INCIDENT,1251.0,1979.0,2192.0,2309.0,2470.0,2406.0,2301.0,False
INCIDENT__232636-webtirf__7120,7120,2025-04-26 20:00:00,2025-04-26 17:00:00,2025-04-26 23:00:00,OTHER_DISRUPTION,GROUP__7120__0022,INCIDENT,34.0,28.0,25.0,18.0,27.0,16.0,13.0,False
INCIDENT__232636-webtirf__7121,7121,2025-04-26 20:00:00,2025-04-26 17:00:00,2025-04-26 23:00:00,OTHER_DISRUPTION,GROUP__7121__0022,INCIDENT,366.0,344.0,334.0,361.0,339.0,355.0,307.0,False
INCIDENT__232703-webtirf__33014,33014,2025-04-27 05:00:00,2025-04-27 02:00:00,2025-04-27 08:00:00,OTHER_DISRUPTION,GROUP__33014__0018,INCIDENT,6.0,11.0,11.0,26.0,19.0,41.0,44.0,False
INCIDENT__232724-webtirf__66249,66249,2025-04-27 09:00:00,2025-04-27 06:00:00,2025-04-27 12:00:00,OTHER_DISRUPTION,GROUP__66249__0001,INCIDENT,8.0,10.0,13.0,9.0,19.0,23.0,22.0,False
INCIDENT__232735-webtirf__33014,33014,2025-04-27 20:00:00,2025-04-27 17:00:00,2025-04-27 23:00:00,OTHER_DISRUPTION,GROUP__33014__0019,INCIDENT,41.0,39.0,33.0,31.0,27.0,14.0,0.0,False
INCIDENT__232763-webtirf__7163,7163,2025-04-27 23:00:00,2025-04-27 20:00:00,2025-04-28 02:00:00,OTHER_DISRUPTION,GROUP__7163__0013,INCIDENT,371.0,269.0,176.0,117.0,14.0,3.0,8.0,False
INCIDENT__232807-webtirf__7251,7251,2025-04-28 03:00:00,2025-04-28 00:00:00,2025-04-28 06:00:00,OTHER_DISRUPTION,GROUP__7251__0013,INCIDENT,18.0,10.0,19.0,14.0,35.0,46.0,79.0,False
INCIDENT__232900.0-webtirf__29005,29005,2025-04-29 01:00:00,2025-04-28 22:00:00,2025-04-29 04:00:00,OTHER_DISRUPTION,GROUP__29005__0010,INCIDENT,60.0,46.0,26.0,25.0,40.0,48.0,131.0,False
INCIDENT__232913-webtirf__50240,50240,2025-04-29 03:00:00,2025-04-29 00:00:00,2025-04-29 06:00:00,OTHER_DISRUPTION,GROUP__50240__0022,INCIDENT,55.0,51.0,39.0,54.0,80.0,182.0,312.0,False
INCIDENT__232952-webtirf__55049,55049,2025-04-29 06:00:00,2025-04-29 03:00:00,2025-04-29 09:00:00,OTHER_DISRUPTION,GROUP__55049__0006,INCIDENT,16.0,62.0,260.0,804.0,1061.0,1181.0,873.0,False
INCIDENT__232975-webtirf__7120,7120,2025-04-29 09:00:00,2025-04-29 06:00:00,2025-04-29 12:00:00,OTHER_DISRUPTION,GROUP__7120__0023,INCIDENT,111.0,87.0,76.0,93.0,100.0,84.0,82.0,False
INCIDENT__232975-webtirf__7121,7121,2025-04-29 09:00:00,2025-04-29 06:00:00,2025-04-29 12:00:00,OTHER_DISRUPTION,GROUP__7121__0023,INCIDENT,33.0,38.0,33.0,48.0,68.0,82.0,72.0,False
INCIDENT__232984-webtirf__9658,9658,2025-04-29 10:00:00,2025-04-29 07:00:00,2025-04-29 13:00:00,ACCIDENT,GROUP__9658__0014,INCIDENT,94.0,113.0,180.0,162.0,190.0,158.0,172.0,False
INCIDENT__232988-webtirf__7270,7270,2025-04-29 12:00:00,2025-04-29 09:00:00,2025-04-29 15:00:00,ACCIDENT,GROUP__7270__0006,INCIDENT,1329.0,1232.0,1161.0,1320.0,1089.0,1346.0,1381.0,False
INCIDENT__233085-webtirf__23067,23067,2025-04-30 07:00:00,2025-04-30 04:00:00,2025-04-30 10:00:00,ACCIDENT,GROUP__23067__0012,INCIDENT,33.0,36.0,64.0,88.0,94.0,103.0,109.0,False
INCIDENT__233118-webtirf__7179,7179,2025-04-30 19:00:00,2025-04-30 16:00:00,2025-04-30 22:00:00,OTHER_DISRUPTION,GROUP__7179__0030,INCIDENT,1804.0,1742.0,1624.0,1329.0,1044.0,949.0,811.0,False
INCIDENT__233129-webtirf__23067,23067,2025-04-30 21:00:00,2025-04-30 18:00:00,2025-05-01 00:00:00,OTHER_DISRUPTION,GROUP__23067__0013,INCIDENT,101.0,53.0,41.0,41.0,39.0,52.0,12.0,False
INCIDENT__233165-webtirf__50240,50240,2025-05-01 00:00:00,2025-04-30 21:00:00,2025-05-01 03:00:00,ACCIDENT,GROUP__50240__0023,INCIDENT,67.0,59.0,41.0,406.0,224.0,170.0,182.0,False
INCIDENT__233195-webtirf__7179,7179,2025-05-01 03:00:00,2025-05-01 00:00:00,2025-05-01 06:00:00,ACCIDENT,GROUP__7179__0031,INCIDENT,283.0,169.0,162.0,239.0,450.0,845.0,1336.0,False
INCIDENT__233202-webtirf__7153,7153,2025-05-01 04:00:00,2025-05-01 01:00:00,2025-05-01 07:00:00,ACCIDENT,GROUP__7153__0013,INCIDENT,29.0,41.0,51.0,82.0,157.0,372.0,282.0,False
INCIDENT__233226-webtirf__74230,74230,2025-05-01 07:00:00,2025-05-01 04:00:00,2025-05-01 10:00:00,OTHER_DISRUPTION,GROUP__74230__0004,INCIDENT,44.0,133.0,262.0,201.0,48.0,248.0,244.0,False
INCIDENT__233229-webtirf__7112,7112,2025-05-01 07:00:00,2025-05-01 04:00:00,2025-05-01 10:00:00,ACCIDENT,GROUP__7112__0021,INCIDENT,218.0,781.0,1517.0,1318.0,1226.0,1004.0,901.0,False
INCIDENT__233246-webtirf__F3FWY002,F3FWY002,2025-05-01 15:00:00,2025-05-01 12:00:00,2025-05-01 18:00:00,OTHER_DISRUPTION,GROUP__F3FWY002__0004,INCIDENT,1688.0,1695.0,1828.0,1856.0,2033.0,1789.0,1308.0,False
INCIDENT__233269-webtirf__57025,57025,2025-05-01 21:00:00,2025-05-01 18:00:00,2025-05-02 00:00:00,OTHER_DISRUPTION,GROUP__57025__0003,INCIDENT,509.0,293.0,194.0,157.0,95.0,31.0,27.0,False
INCIDENT__233309-webtirf__7179,7179,2025-05-02 02:00:00,2025-05-01 23:00:00,2025-05-02 05:00:00,OTHER_DISRUPTION,GROUP__7179__0032,INCIDENT,538.0,56.0,40.0,46.0,73.0,101.0,188.0,False
INCIDENT__233368-webtirf__7119-PR,7119-PR,2025-05-02 08:00:00,2025-05-02 05:00:00,2025-05-02 11:00:00,ACCIDENT,GROUP__7119-PR__0006,INCIDENT,15.0,48.0,60.0,62.0,63.0,70.0,70.0,False
INCIDENT__233374-webtirf__7112,7112,2025-05-02 08:00:00,2025-05-02 05:00:00,2025-05-02 11:00:00,OTHER_DISRUPTION,GROUP__7112__0022,INCIDENT,0.0,0.0,0.0,0.0,0.0,0.0,0.0,True
INCIDENT__233404-webtirf__7274,7274,2025-05-03 00:00:00,2025-05-02 21:00:00,2025-05-03 03:00:00,OTHER_DISRUPTION,GROUP__7274__0016,INCIDENT,37.0,39.0,36.0,146.0,109.0,85.0,98.0,False
INCIDENT__233406-webtirf__50240,50240,2025-05-03 01:00:00,2025-05-02 22:00:00,2025-05-03 04:00:00,OTHER_DISRUPTION,GROUP__50240__0024,INCIDENT,52.0,45.0,33.0,25.0,31.0,30.0,68.0,False
INCIDENT__233470.0-webtirf__7251,7251,2025-05-04 02:00:00,2025-05-03 23:00:00,2025-05-04 05:00:00,OTHER_DISRUPTION,GROUP__7251__0014,INCIDENT,817.0,594.0,405.0,393.0,283.0,216.0,159.0,False
INCIDENT__233476-webtirf__7275,7275,2025-05-04 03:00:00,2025-05-04 00:00:00,2025-05-04 06:00:00,ACCIDENT,GROUP__7275__0003,INCIDENT,15.0,5.0,7.0,3.0,7.0,6.0,3.0,False
INCIDENT__233485-webtirf__7179,7179,2025-05-04 07:00:00,2025-05-04 04:00:00,2025-05-04 10:00:00,OTHER_DISRUPTION,GROUP__7179__0033,INCIDENT,227.0,254.0,534.0,611.0,902.0,1305.0,1528.0,False
INCIDENT__233510.0-webtirf__74229,74229,2025-05-04 21:00:00,2025-05-04 18:00:00,2025-05-05 00:00:00,OTHER_DISRUPTION,GROUP__74229__0002,INCIDENT,724.0,694.0,508.0,447.0,334.0,175.0,47.0,False
INCIDENT__233512-webtirf__53004,53004,2025-05-04 21:00:00,2025-05-04 18:00:00,2025-05-05 00:00:00,ACCIDENT,GROUP__53004__0014,INCIDENT,909.0,683.0,519.0,392.0,228.0,127.0,48.0,False
INCIDENT__233532-webtirf__33014,33014,2025-05-04 23:00:00,2025-05-04 20:00:00,2025-05-05 02:00:00,ACCIDENT,GROUP__33014__0020,INCIDENT,656.0,650.0,469.0,228.0,87.0,66.0,58.0,False
INCIDENT__233547-webtirf__7161,7161,2025-05-05 01:00:00,2025-05-04 22:00:00,2025-05-05 04:00:00,OTHER_DISRUPTION,GROUP__7161__0012,INCIDENT,114.0,99.0,54.0,52.0,75.0,100.0,148.0,False
INCIDENT__233560.0-webtirf__7248,7248,2025-05-05 04:00:00,2025-05-05 01:00:00,2025-05-05 07:00:00,ACCIDENT,GROUP__7248__0016,INCIDENT,0.0,0.0,0.0,0.0,0.0,0.0,0.0,True
INCIDENT__233568-webtirf__7163,7163,2025-05-05 04:00:00,2025-05-05 01:00:00,2025-05-05 07:00:00,OTHER_DISRUPTION,GROUP__7163__0014,INCIDENT,45.0,47.0,61.0,100.0,284.0,637.0,684.0,False
INCIDENT__233587-webtirf__7179,7179,2025-05-05 06:00:00,2025-05-05 03:00:00,2025-05-05 09:00:00,OTHER_DISRUPTION,GROUP__7179__0034,INCIDENT,231.0,390.0,943.0,1356.0,1608.0,1654.0,1412.0,False
INCIDENT__233651-webtirf__51235,51235,2025-05-05 23:00:00,2025-05-05 20:00:00,2025-05-06 02:00:00,OTHER_DISRUPTION,GROUP__51235__0020,INCIDENT,50.0,35.0,25.0,21.0,223.0,115.0,90.0,False
INCIDENT__233661-webtirf__7270,7270,2025-05-05 23:00:00,2025-05-05 20:00:00,2025-05-06 02:00:00,OTHER_DISRUPTION,GROUP__7270__0007,INCIDENT,815.0,785.0,490.0,226.0,153.0,79.0,64.0,False
INCIDENT__233706-webtirf__7119-PR,7119-PR,2025-05-06 04:00:00,2025-05-06 01:00:00,2025-05-06 07:00:00,OTHER_DISRUPTION,GROUP__7119-PR__0007,INCIDENT,65.0,52.0,58.0,88.0,224.0,447.0,557.0,False
INCIDENT__233742-webtirf__7179,7179,2025-05-06 10:00:00,2025-05-06 07:00:00,2025-05-06 13:00:00,ACCIDENT,GROUP__7179__0035,INCIDENT,1601.0,1627.0,1482.0,1368.0,1375.0,1466.0,1554.0,False
INCIDENT__233744-webtirf__47024,47024,2025-05-06 10:00:00,2025-05-06 07:00:00,2025-05-06 13:00:00,OTHER_DISRUPTION,GROUP__47024__0008,INCIDENT,159.0,189.0,213.0,256.0,260.0,235.0,229.0,False
INCIDENT__233758-webtirf__7112,7112,2025-05-06 18:00:00,2025-05-06 15:00:00,2025-05-06 21:00:00,OTHER_DISRUPTION,GROUP__7112__0023,INCIDENT,139.0,100.0,103.0,89.0,58.0,57.0,32.0,False
INCIDENT__233764-webtirf__22001,22001,2025-05-06 20:00:00,2025-05-06 17:00:00,2025-05-06 23:00:00,ACCIDENT,GROUP__22001__0008,INCIDENT,0.0,0.0,0.0,0.0,0.0,0.0,0.0,True
INCIDENT__233783-webtirf__23067,23067,2025-05-06 23:00:00,2025-05-06 20:00:00,2025-05-07 02:00:00,OTHER_DISRUPTION,GROUP__23067__0014,INCIDENT,736.0,556.0,351.0,79.0,46.0,60.0,139.0,False
INCIDENT__233804-webtirf__7248,7248,2025-05-07 01:00:00,2025-05-06 22:00:00,2025-05-07 04:00:00,OTHER_DISRUPTION,GROUP__7248__0017,INCIDENT,0.0,0.0,126.0,112.0,109.0,159.0,414.0,False
INCIDENT__233833-webtirf__7112,7112,2025-05-07 05:00:00,2025-05-07 02:00:00,2025-05-07 08:00:00,ACCIDENT,GROUP__7112__0024,INCIDENT,61.0,81.0,221.0,854.0,1590.0,1414.0,1321.0,False
INCIDENT__233846-webtirf__7168,7168,2025-05-07 06:00:00,2025-05-07 03:00:00,2025-05-07 09:00:00,OTHER_DISRUPTION,GROUP__7168__0014,INCIDENT,13.0,23.0,31.0,83.0,92.0,80.0,69.0,False
INCIDENT__233859-webtirf__7112,7112,2025-05-07 07:00:00,2025-05-07 04:00:00,2025-05-07 10:00:00,ACCIDENT,GROUP__7112__0024,INCIDENT,221.0,854.0,1590.0,1414.0,1321.0,1046.0,910.0,False
INCIDENT__233880.0-webtirf__7274,7274,2025-05-07 19:00:00,2025-05-07 16:00:00,2025-05-07 22:00:00,ACCIDENT,GROUP__7274__0017,INCIDENT,92.0,101.0,67.0,71.0,61.0,44.0,24.0,False
INCIDENT__233889-webtirf__33014,33014,2025-05-07 21:00:00,2025-05-07 18:00:00,2025-05-08 00:00:00,OTHER_DISRUPTION,GROUP__33014__0021,INCIDENT,70.0,49.0,37.0,37.0,21.0,0.0,22.0,False
INCIDENT__233907-webtirf__T0337,T0337,2025-05-07 23:00:00,2025-05-07 20:00:00,2025-05-08 02:00:00,OTHER_DISRUPTION,GROUP__T0337__0001,INCIDENT,1.0,1.0,0.0,0.0,0.0,0.0,0.0,False
INCIDENT__233941-webtirf__53004,53004,2025-05-08 02:00:00,2025-05-07 23:00:00,2025-05-08 05:00:00,OTHER_DISRUPTION,GROUP__53004__0015,INCIDENT,398.0,145.0,88.0,40.0,28.0,89.0,254.0,False
INCIDENT__233993-webtirf__7168,7168,2025-05-08 09:00:00,2025-05-08 06:00:00,2025-05-08 12:00:00,ACCIDENT,GROUP__7168__0015,INCIDENT,79.0,79.0,63.0,72.0,73.0,95.0,97.0,False
INCIDENT__234000.0-webtirf__53004,53004,2025-05-08 11:00:00,2025-05-08 08:00:00,2025-05-08 14:00:00,OTHER_DISRUPTION,GROUP__53004__0016,INCIDENT,1207.0,1045.0,1033.0,1101.0,1175.0,1248.0,1434.0,False
INCIDENT__234025-webtirf__74229,74229,2025-05-08 22:00:00,2025-05-08 19:00:00,2025-05-09 01:00:00,OTHER_DISRUPTION,GROUP__74229__0003,INCIDENT,918.0,691.0,597.0,520.0,241.0,8.0,4.0,False
INCIDENT__234072-webtirf__7179,7179,2025-05-09 03:00:00,2025-05-09 00:00:00,2025-05-09 06:00:00,OTHER_DISRUPTION,GROUP__7179__0036,INCIDENT,334.0,200.0,169.0,219.0,445.0,909.0,1368.0,False
INCIDENT__234074-webtirf__9658,9658,2025-05-09 04:00:00,2025-05-09 01:00:00,2025-05-09 07:00:00,OTHER_DISRUPTION,GROUP__9658__0015,INCIDENT,98.0,79.0,94.0,187.0,510.0,906.0,1292.0,False
INCIDENT__234119-webtirf__55049,55049,2025-05-09 11:00:00,2025-05-09 08:00:00,2025-05-09 14:00:00,OTHER_DISRUPTION,GROUP__55049__0007,INCIDENT,157.0,162.0,181.0,149.0,161.0,162.0,173.0,False
INCIDENT__234151-webtirf__F3FWY003,F3FWY003,2025-05-10 03:00:00,2025-05-10 00:00:00,2025-05-10 06:00:00,OTHER_DISRUPTION,GROUP__F3FWY003__0022,INCIDENT,0.0,0.0,0.0,0.0,0.0,0.0,0.0,True
INCIDENT__234156-webtirf__7126,7126,2025-05-10 03:00:00,2025-05-10 00:00:00,2025-05-10 06:00:00,ACCIDENT,GROUP__7126__0009,INCIDENT,59.0,34.0,28.0,32.0,41.0,85.0,211.0,False
INCIDENT__234169-webtirf__10011,10011,2025-05-10 05:00:00,2025-05-10 02:00:00,2025-05-10 08:00:00,OTHER_DISRUPTION,GROUP__10011__0019,INCIDENT,0.0,0.0,0.0,0.0,0.0,0.0,0.0,True
INCIDENT__234169-webtirf__7139,7139,2025-05-10 05:00:00,2025-05-10 02:00:00,2025-05-10 08:00:00,OTHER_DISRUPTION,GROUP__7139__0019,INCIDENT,0.0,0.0,0.0,0.0,0.0,0.0,0.0,True
INCIDENT__234192-webtirf__50240,50240,2025-05-10 12:00:00,2025-05-10 09:00:00,2025-05-10 15:00:00,ACCIDENT,GROUP__50240__0025,INCIDENT,2318.0,2429.0,2450.0,2479.0,2598.0,2604.0,2448.0,False
INCIDENT__234224-webtirf__7159,7159,2025-05-11 03:00:00,2025-05-11 00:00:00,2025-05-11 06:00:00,OTHER_DISRUPTION,GROUP__7159__0005,INCIDENT,370.0,201.0,150.0,117.0,113.0,130.0,304.0,False
INCIDENT__234266-webtirf__7179,7179,2025-05-11 21:00:00,2025-05-11 18:00:00,2025-05-12 00:00:00,OTHER_DISRUPTION,GROUP__7179__0037,INCIDENT,118.0,81.0,99.0,83.0,52.0,40.0,27.0,False
INCIDENT__234438-webtirf__7184,7184,2025-05-13 04:00:00,2025-05-13 01:00:00,2025-05-13 07:00:00,OTHER_DISRUPTION,GROUP__7184__0018,INCIDENT,61.0,58.0,98.0,214.0,852.0,2050.0,2900.0,False
INCIDENT__234451-webtirf__F3FWY002,F3FWY002,2025-05-13 07:00:00,2025-05-13 04:00:00,2025-05-13 10:00:00,OTHER_DISRUPTION,GROUP__F3FWY002__0005,INCIDENT,558.0,1903.0,3095.0,3415.0,2269.0,1910.0,1610.0,False
INCIDENT__234472-webtirf__7163,7163,2025-05-13 10:00:00,2025-05-13 07:00:00,2025-05-13 13:00:00,OTHER_DISRUPTION,GROUP__7163__0015,INCIDENT,639.0,476.0,654.0,595.0,626.0,592.0,571.0,False
INCIDENT__234493-webtirf__7248,7248,2025-05-13 22:00:00,2025-05-13 19:00:00,2025-05-14 01:00:00,OTHER_DISRUPTION,GROUP__7248__0018,INCIDENT,0.0,0.0,0.0,0.0,0.0,48.0,53.0,False
INCIDENT__234504-webtirf__32029,32029,2025-05-13 23:00:00,2025-05-13 20:00:00,2025-05-14 02:00:00,OTHER_DISRUPTION,GROUP__32029__0001,INCIDENT,0.0,0.0,0.0,0.0,0.0,0.0,0.0,True
INCIDENT__234535-webtirf__7153,7153,2025-05-14 04:00:00,2025-05-14 01:00:00,2025-05-14 07:00:00,ACCIDENT,GROUP__7153__0014,INCIDENT,89.0,59.0,114.0,227.0,899.0,1504.0,1577.0,False
INCIDENT__234569-webtirf__7159,7159,2025-05-14 08:00:00,2025-05-14 05:00:00,2025-05-14 11:00:00,OTHER_DISRUPTION,GROUP__7159__0006,INCIDENT,481.0,870.0,909.0,1022.0,937.0,793.0,982.0,False
INCIDENT__234586-webtirf__7112,7112,2025-05-14 15:00:00,2025-05-14 12:00:00,2025-05-14 18:00:00,OTHER_DISRUPTION,GROUP__7112__0025,INCIDENT,215.0,179.0,164.0,112.0,109.0,95.0,83.0,False
INCIDENT__234592-webtirf__T0337,T0337,2025-05-14 19:00:00,2025-05-14 16:00:00,2025-05-14 22:00:00,OTHER_DISRUPTION,GROUP__T0337__0002,INCIDENT,45.0,20.0,11.0,3.0,5.0,2.0,1.0,False
INCIDENT__234594-webtirf__68025,68025,2025-05-14 20:00:00,2025-05-14 17:00:00,2025-05-14 23:00:00,OTHER_DISRUPTION,GROUP__68025__0018,INCIDENT,1540.0,1200.0,824.0,747.0,601.0,442.0,235.0,False
INCIDENT__234658-webtirf__10011,10011,2025-05-15 04:00:00,2025-05-15 01:00:00,2025-05-15 07:00:00,OTHER_DISRUPTION,GROUP__10011__0020,INCIDENT,0.0,0.0,0.0,0.0,0.0,0.0,0.0,True
INCIDENT__234658-webtirf__7139,7139,2025-05-15 04:00:00,2025-05-15 01:00:00,2025-05-15 07:00:00,OTHER_DISRUPTION,GROUP__7139__0020,INCIDENT,181.0,94.0,88.0,182.0,614.0,1506.0,2766.0,False
INCIDENT__234670.0-webtirf__55049,55049,2025-05-15 05:00:00,2025-05-15 02:00:00,2025-05-15 08:00:00,OTHER_DISRUPTION,GROUP__55049__0008,INCIDENT,6.0,8.0,21.0,50.0,139.0,126.0,149.0,False
INCIDENT__234689-webtirf__33014,33014,2025-05-15 07:00:00,2025-05-15 04:00:00,2025-05-15 10:00:00,OTHER_DISRUPTION,GROUP__33014__0022,INCIDENT,97.0,282.0,748.0,914.0,1024.0,1042.0,1075.0,False
INCIDENT__234738-webtirf__29005,29005,2025-05-15 21:00:00,2025-05-15 18:00:00,2025-05-16 00:00:00,ACCIDENT,GROUP__29005__0011,INCIDENT,3109.0,1348.0,778.0,1573.0,736.0,647.0,2.0,False
INCIDENT__234742-webtirf__23067,23067,2025-05-15 21:00:00,2025-05-15 18:00:00,2025-05-16 00:00:00,ACCIDENT,GROUP__23067__0015,INCIDENT,59.0,61.0,59.0,39.0,41.0,48.0,43.0,False
INCIDENT__234788-webtirf__7161,7161,2025-05-16 02:00:00,2025-05-15 23:00:00,2025-05-16 05:00:00,OTHER_DISRUPTION,GROUP__7161__0013,INCIDENT,25.0,97.0,56.0,51.0,77.0,155.0,456.0,False
INCIDENT__234815-webtirf__9658,9658,2025-05-16 04:00:00,2025-05-16 01:00:00,2025-05-16 07:00:00,OTHER_DISRUPTION,GROUP__9658__0016,INCIDENT,29.0,12.0,36.0,49.0,77.0,109.0,91.0,False
INCIDENT__234833-webtirf__50240,50240,2025-05-16 06:00:00,2025-05-16 03:00:00,2025-05-16 09:00:00,OTHER_DISRUPTION,GROUP__50240__0026,INCIDENT,59.0,80.0,180.0,328.0,259.0,270.0,370.0,False
INCIDENT__234851-webtirf__53003,53003,2025-05-16 08:00:00,2025-05-16 05:00:00,2025-05-16 11:00:00,ACCIDENT,GROUP__53003__0008,INCIDENT,1105.0,1959.0,2344.0,2147.0,1678.0,1672.0,1604.0,False
INCIDENT__234894-webtirf__7164,7164,2025-05-17 03:00:00,2025-05-17 00:00:00,2025-05-17 06:00:00,OTHER_DISRUPTION,GROUP__7164__0010,INCIDENT,18.0,14.0,7.0,9.0,12.0,25.0,40.0,False
INCIDENT__234896-webtirf__23067,23067,2025-05-17 03:00:00,2025-05-17 00:00:00,2025-05-17 06:00:00,OTHER_DISRUPTION,GROUP__23067__0016,INCIDENT,160.0,105.0,128.0,228.0,413.0,689.0,1144.0,False
INCIDENT__234901-webtirf__57025,57025,2025-05-17 03:00:00,2025-05-17 00:00:00,2025-05-17 06:00:00,ACCIDENT,GROUP__57025__0004,INCIDENT,36.0,19.0,16.0,10.0,21.0,62.0,178.0,False
INCIDENT__234913-webtirf__7163,7163,2025-05-17 07:00:00,2025-05-17 04:00:00,2025-05-17 10:00:00,ACCIDENT,GROUP__7163__0016,INCIDENT,108.0,179.0,287.0,427.0,575.0,702.0,753.0,False
INCIDENT__234922-webtirf__7159,7159,2025-05-17 10:00:00,2025-05-17 07:00:00,2025-05-17 13:00:00,OTHER_DISRUPTION,GROUP__7159__0007,INCIDENT,93.0,87.0,97.0,67.0,83.0,84.0,74.0,False
INCIDENT__234963-webtirf__F3FWY003,F3FWY003,2025-05-18 02:00:00,2025-05-17 23:00:00,2025-05-18 05:00:00,ACCIDENT,GROUP__F3FWY003__0023,INCIDENT,0.0,0.0,0.0,0.0,0.0,0.0,0.0,True
INCIDENT__235018-webtirf__74230,74230,2025-05-18 19:00:00,2025-05-18 16:00:00,2025-05-18 22:00:00,OTHER_DISRUPTION,GROUP__74230__0005,INCIDENT,3.0,5.0,1.0,2.0,0.0,4.0,3.0,False
INCIDENT__235027-webtirf__7112,7112,2025-05-18 21:00:00,2025-05-18 18:00:00,2025-05-19 00:00:00,OTHER_DISRUPTION,GROUP__7112__0026,INCIDENT,31.0,29.0,25.0,12.0,15.0,13.0,133.0,False
INCIDENT__235028-webtirf__53004,53004,2025-05-18 21:00:00,2025-05-18 18:00:00,2025-05-19 00:00:00,OTHER_DISRUPTION,GROUP__53004__0017,INCIDENT,65.0,54.0,14.0,33.0,37.0,19.0,10.0,False
INCIDENT__235092-webtirf__7179,7179,2025-05-19 00:00:00,2025-05-18 21:00:00,2025-05-19 03:00:00,OTHER_DISRUPTION,GROUP__7179__0038,INCIDENT,936.0,763.0,434.0,39.0,31.0,33.0,50.0,False
INCIDENT__235119-webtirf__T0231,T0231,2025-05-19 01:00:00,2025-05-18 22:00:00,2025-05-19 04:00:00,OTHER_DISRUPTION,GROUP__T0231__0004,INCIDENT,9.0,10.0,6.0,2.0,4.0,12.0,30.0,False
INCIDENT__235302-webtirf__7179,7179,2025-05-19 21:00:00,2025-05-19 18:00:00,2025-05-20 00:00:00,OTHER_DISRUPTION,GROUP__7179__0039,INCIDENT,207.0,148.0,101.0,77.0,78.0,59.0,264.0,False
INCIDENT__235657-webtirf__7248,7248,2025-05-21 01:00:00,2025-05-20 22:00:00,2025-05-21 04:00:00,OTHER_DISRUPTION,GROUP__7248__0019,INCIDENT,426.0,224.0,45.0,58.0,45.0,77.0,121.0,False
INCIDENT__235732-webtirf__7251,7251,2025-05-21 04:00:00,2025-05-21 01:00:00,2025-05-21 07:00:00,OTHER_DISRUPTION,GROUP__7251__0015,INCIDENT,170.0,122.0,105.0,110.0,219.0,414.0,845.0,False
INCIDENT__235757-webtirf__7119-PR,7119-PR,2025-05-21 05:00:00,2025-05-21 02:00:00,2025-05-21 08:00:00,OTHER_DISRUPTION,GROUP__7119-PR__0008,INCIDENT,5.0,8.0,11.0,35.0,85.0,89.0,85.0,False
INCIDENT__235801-webtirf__51235,51235,2025-05-21 07:00:00,2025-05-21 04:00:00,2025-05-21 10:00:00,ACCIDENT,GROUP__51235__0021,INCIDENT,355.0,1243.0,2202.0,2154.0,2083.0,2057.0,1565.0,False
INCIDENT__235819-webtirf__9658,9658,2025-05-21 09:00:00,2025-05-21 06:00:00,2025-05-21 12:00:00,ACCIDENT,GROUP__9658__0017,INCIDENT,951.0,1317.0,1035.0,888.0,872.0,906.0,867.0,False
INCIDENT__235866-webtirf__F3FWY003,F3FWY003,2025-05-21 18:00:00,2025-05-21 15:00:00,2025-05-21 21:00:00,OTHER_DISRUPTION,GROUP__F3FWY003__0024,INCIDENT,0.0,0.0,0.0,0.0,0.0,0.0,0.0,True
INCIDENT__235904-webtirf__72027,72027,2025-05-21 22:00:00,2025-05-21 19:00:00,2025-05-22 01:00:00,OTHER_DISRUPTION,GROUP__72027__0001,INCIDENT,745.0,588.0,437.0,230.0,109.0,60.0,38.0,False
INCIDENT__235953-webtirf__F3FWY001,F3FWY001,2025-05-22 00:00:00,2025-05-21 21:00:00,2025-05-22 03:00:00,ACCIDENT,GROUP__F3FWY001__0006,INCIDENT,706.0,539.0,368.0,21.0,25.0,23.0,25.0,False
INCIDENT__235968-webtirf__74230,74230,2025-05-22 01:00:00,2025-05-21 22:00:00,2025-05-22 04:00:00,OTHER_DISRUPTION,GROUP__74230__0006,INCIDENT,89.0,42.0,30.0,23.0,14.0,30.0,77.0,False
INCIDENT__236020.0-webtirf__7179,7179,2025-05-22 04:00:00,2025-05-22 01:00:00,2025-05-22 07:00:00,ACCIDENT,GROUP__7179__0040,INCIDENT,43.0,40.0,68.0,90.0,200.0,309.0,308.0,False
INCIDENT__236109-webtirf__29005,29005,2025-05-22 07:00:00,2025-05-22 04:00:00,2025-05-22 10:00:00,ACCIDENT,GROUP__29005__0012,INCIDENT,140.0,250.0,549.0,440.0,344.0,421.0,285.0,False
INCIDENT__236126-webtirf__50240,50240,2025-05-22 08:00:00,2025-05-22 05:00:00,2025-05-22 11:00:00,OTHER_DISRUPTION,GROUP__50240__0027,INCIDENT,149.0,310.0,258.0,233.0,337.0,236.0,355.0,False
INCIDENT__236245-webtirf__10011,10011,2025-05-22 21:00:00,2025-05-22 18:00:00,2025-05-23 00:00:00,OTHER_DISRUPTION,GROUP__10011__0021,INCIDENT,0.0,0.0,0.0,0.0,0.0,0.0,0.0,True
INCIDENT__236245-webtirf__7139,7139,2025-05-22 21:00:00,2025-05-22 18:00:00,2025-05-23 00:00:00,OTHER_DISRUPTION,GROUP__7139__0021,INCIDENT,2035.0,1013.0,1230.0,1064.0,788.0,455.0,10.0,False
INCIDENT__236375-webtirf__7112,7112,2025-05-23 00:00:00,2025-05-22 21:00:00,2025-05-23 03:00:00,OTHER_DISRUPTION,GROUP__7112__0027,INCIDENT,0.0,0.0,0.0,0.0,0.0,0.0,0.0,True
INCIDENT__236411-webtirf__23067,23067,2025-05-23 01:00:00,2025-05-22 22:00:00,2025-05-23 04:00:00,OTHER_DISRUPTION,GROUP__23067__0017,INCIDENT,1255.0,804.0,17.0,23.0,19.0,25.0,59.0,False
INCIDENT__236522-webtirf__F3FWY003,F3FWY003,2025-05-23 06:00:00,2025-05-23 03:00:00,2025-05-23 09:00:00,OTHER_DISRUPTION,GROUP__F3FWY003__0025,INCIDENT,0.0,0.0,0.0,0.0,0.0,0.0,0.0,True
INCIDENT__236589-webtirf__51235,51235,2025-05-23 20:00:00,2025-05-23 17:00:00,2025-05-23 23:00:00,ACCIDENT,GROUP__51235__0022,INCIDENT,2006.0,1796.0,1336.0,1066.0,967.0,975.0,627.0,False
INCIDENT__236617-webtirf__33014,33014,2025-05-23 23:00:00,2025-05-23 20:00:00,2025-05-24 02:00:00,OTHER_DISRUPTION,GROUP__33014__0023,INCIDENT,857.0,862.0,818.0,0.0,14.0,13.0,11.0,False
INCIDENT__236656-webtirf__68025,68025,2025-05-24 07:00:00,2025-05-24 04:00:00,2025-05-24 10:00:00,OTHER_DISRUPTION,GROUP__68025__0019,INCIDENT,98.0,223.0,362.0,480.0,677.0,887.0,1016.0,False
INCIDENT__236690.0-webtirf__51235,51235,2025-05-25 01:00:00,2025-05-24 22:00:00,2025-05-25 04:00:00,ACCIDENT,GROUP__51235__0023,INCIDENT,32.0,40.0,20.0,12.0,9.0,12.0,15.0,False
INCIDENT__236706-webtirf__7179,7179,2025-05-25 04:00:00,2025-05-25 01:00:00,2025-05-25 07:00:00,ACCIDENT,GROUP__7179__0041,INCIDENT,32.0,20.0,28.0,17.0,19.0,44.0,73.0,False
INCIDENT__236842-webtirf__7120,7120,2025-05-26 03:00:00,2025-05-26 00:00:00,2025-05-26 06:00:00,OTHER_DISRUPTION,GROUP__7120__0025,INCIDENT,108.0,74.0,55.0,80.0,192.0,665.0,725.0,False
INCIDENT__236842-webtirf__7121,7121,2025-05-26 03:00:00,2025-05-26 00:00:00,2025-05-26 06:00:00,OTHER_DISRUPTION,GROUP__7121__0025,INCIDENT,69.0,40.0,41.0,30.0,43.0,95.0,229.0,False
INCIDENT__236855-webtirf__10011,10011,2025-05-26 04:00:00,2025-05-26 01:00:00,2025-05-26 07:00:00,ACCIDENT,GROUP__10011__0022,INCIDENT,0.0,0.0,0.0,0.0,0.0,0.0,0.0,True
INCIDENT__236855-webtirf__7139,7139,2025-05-26 04:00:00,2025-05-26 01:00:00,2025-05-26 07:00:00,ACCIDENT,GROUP__7139__0022,INCIDENT,72.0,63.0,67.0,182.0,598.0,1410.0,2717.0,False
INCIDENT__236891-webtirf__9836-PR,9836-PR,2025-05-26 06:00:00,2025-05-26 03:00:00,2025-05-26 09:00:00,ACCIDENT,GROUP__9836-PR__0003,INCIDENT,100.0,321.0,1003.0,1787.0,1567.0,1542.0,1392.0,False
INCIDENT__236939-webtirf__32029,32029,2025-05-26 09:00:00,2025-05-26 06:00:00,2025-05-26 12:00:00,ACCIDENT,GROUP__32029__0002,INCIDENT,0.0,0.0,0.0,0.0,0.0,0.0,0.0,True
INCIDENT__236980.0-webtirf__23067,23067,2025-05-26 20:00:00,2025-05-26 17:00:00,2025-05-26 23:00:00,OTHER_DISRUPTION,GROUP__23067__0018,INCIDENT,66.0,52.0,60.0,50.0,43.0,24.0,31.0,False
INCIDENT__237051-webtirf__7161,7161,2025-05-27 02:00:00,2025-05-26 23:00:00,2025-05-27 05:00:00,OTHER_DISRUPTION,GROUP__7161__0014,INCIDENT,30.0,14.0,11.0,9.0,15.0,41.0,104.0,False
INCIDENT__237053-webtirf__T0231,T0231,2025-05-27 02:00:00,2025-05-26 23:00:00,2025-05-27 05:00:00,ACCIDENT,GROUP__T0231__0005,INCIDENT,106.0,58.0,51.0,45.0,74.0,237.0,713.0,False
INCIDENT__237136-webtirf__7112,7112,2025-05-27 20:00:00,2025-05-27 17:00:00,2025-05-27 23:00:00,OTHER_DISRUPTION,GROUP__7112__0028,INCIDENT,741.0,668.0,558.0,417.0,409.0,299.0,182.0,False
INCIDENT__237142-webtirf__51235,51235,2025-05-27 21:00:00,2025-05-27 18:00:00,2025-05-28 00:00:00,OTHER_DISRUPTION,GROUP__51235__0024,INCIDENT,1683.0,1159.0,967.0,866.0,532.0,245.0,18.0,False
INCIDENT__237166-webtirf__33014,33014,2025-05-28 01:00:00,2025-05-27 22:00:00,2025-05-28 04:00:00,ACCIDENT,GROUP__33014__0024,INCIDENT,15.0,0.0,94.0,57.0,53.0,74.0,209.0,False
INCIDENT__237222-webtirf__22001,22001,2025-05-28 06:00:00,2025-05-28 03:00:00,2025-05-28 09:00:00,OTHER_DISRUPTION,GROUP__22001__0009,INCIDENT,0.0,0.0,0.0,0.0,0.0,0.0,0.0,True
INCIDENT__237247-webtirf__7270,7270,2025-05-28 10:00:00,2025-05-28 07:00:00,2025-05-28 13:00:00,ACCIDENT,GROUP__7270__0008,INCIDENT,243.0,184.0,245.0,288.0,278.0,213.0,151.0,False
INCIDENT__237252-webtirf__53004,53004,2025-05-28 18:00:00,2025-05-28 15:00:00,2025-05-28 21:00:00,OTHER_DISRUPTION,GROUP__53004__0018,INCIDENT,1325.0,1297.0,1540.0,1312.0,938.0,574.0,412.0,False
INCIDENT__237253-webtirf__72027,72027,2025-05-28 20:00:00,2025-05-28 17:00:00,2025-05-28 23:00:00,OTHER_DISRUPTION,GROUP__72027__0002,INCIDENT,116.0,58.0,36.0,21.0,17.0,11.0,7.0,False
INCIDENT__237257-webtirf__68025,68025,2025-05-28 21:00:00,2025-05-28 18:00:00,2025-05-29 00:00:00,ACCIDENT,GROUP__68025__0020,INCIDENT,922.0,670.0,446.0,398.0,365.0,204.0,133.0,False
INCIDENT__237265-webtirf__22001,22001,2025-05-28 22:00:00,2025-05-28 19:00:00,2025-05-29 01:00:00,OTHER_DISRUPTION,GROUP__22001__0010,INCIDENT,0.0,0.0,0.0,0.0,0.0,0.0,0.0,True
INCIDENT__237280.0-webtirf__53004,53004,2025-05-29 00:00:00,2025-05-28 21:00:00,2025-05-29 03:00:00,OTHER_DISRUPTION,GROUP__53004__0018,INCIDENT,412.0,372.0,167.0,87.0,46.0,34.0,63.0,False
INCIDENT__237404-webtirf__7159,7159,2025-05-30 01:00:00,2025-05-29 22:00:00,2025-05-30 04:00:00,OTHER_DISRUPTION,GROUP__7159__0008,INCIDENT,38.0,34.0,23.0,22.0,36.0,40.0,50.0,False
INCIDENT__237431-webtirf__7179,7179,2025-05-30 04:00:00,2025-05-30 01:00:00,2025-05-30 07:00:00,ACCIDENT,GROUP__7179__0042,INCIDENT,45.0,60.0,62.0,101.0,197.0,342.0,324.0,False
INCIDENT__237556-webtirf__7132,7132,2025-05-31 22:00:00,2025-05-31 19:00:00,2025-06-01 01:00:00,OTHER_DISRUPTION,GROUP__7132__0017,INCIDENT,807.0,621.0,612.0,471.0,367.0,284.0,243.0,False
INCIDENT__237584-webtirf__7184,7184,2025-06-01 04:00:00,2025-06-01 01:00:00,2025-06-01 07:00:00,ACCIDENT,GROUP__7184__0019,INCIDENT,205.0,142.0,120.0,147.0,211.0,533.0,851.0,False
INCIDENT__237607-webtirf__F3FWY003,F3FWY003,2025-06-01 08:00:00,2025-06-01 05:00:00,2025-06-01 11:00:00,ACCIDENT,GROUP__F3FWY003__0026,INCIDENT,0.0,0.0,0.0,0.0,0.0,0.0,0.0,True
INCIDENT__237648-webtirf__7248,7248,2025-06-02 00:00:00,2025-06-01 21:00:00,2025-06-02 03:00:00,OTHER_DISRUPTION,GROUP__7248__0020,INCIDENT,540.0,471.0,287.0,60.0,50.0,39.0,57.0,False
INCIDENT__237773-webtirf__7112,7112,2025-06-02 06:00:00,2025-06-02 03:00:00,2025-06-02 09:00:00,OTHER_DISRUPTION,GROUP__7112__0029,INCIDENT,25.0,62.0,78.0,176.0,164.0,166.0,192.0,False
INCIDENT__237780.0-webtirf__29005,29005,2025-06-02 08:00:00,2025-06-02 05:00:00,2025-06-02 11:00:00,ACCIDENT,GROUP__29005__0013,INCIDENT,77.0,294.0,258.0,274.0,344.0,372.0,391.0,False
INCIDENT__237801-webtirf__7179,7179,2025-06-02 20:00:00,2025-06-02 17:00:00,2025-06-02 23:00:00,OTHER_DISRUPTION,GROUP__7179__0043,INCIDENT,323.0,238.0,148.0,137.0,89.0,70.0,60.0,False
INCIDENT__237829-webtirf__51235,51235,2025-06-02 23:00:00,2025-06-02 20:00:00,2025-06-03 02:00:00,OTHER_DISRUPTION,GROUP__51235__0025,INCIDENT,35.0,41.0,28.0,25.0,19.0,19.0,10.0,False
INCIDENT__237832-webtirf__33014,33014,2025-06-03 00:00:00,2025-06-02 21:00:00,2025-06-03 03:00:00,OTHER_DISRUPTION,GROUP__33014__0025,INCIDENT,27.0,15.0,21.0,10.0,11.0,14.0,26.0,False
INCIDENT__237884-webtirf__7112,7112,2025-06-03 05:00:00,2025-06-03 02:00:00,2025-06-03 08:00:00,OTHER_DISRUPTION,GROUP__7112__0030,INCIDENT,63.0,65.0,203.0,712.0,1289.0,1014.0,1030.0,False
INCIDENT__237901-webtirf__47024,47024,2025-06-03 06:00:00,2025-06-03 03:00:00,2025-06-03 09:00:00,ACCIDENT,GROUP__47024__0009,INCIDENT,72.0,101.0,180.0,271.0,240.0,225.0,253.0,False
INCIDENT__237944-webtirf__7132,7132,2025-06-03 23:00:00,2025-06-03 20:00:00,2025-06-04 02:00:00,OTHER_DISRUPTION,GROUP__7132__0018,INCIDENT,18.0,10.0,9.0,10.0,6.0,7.0,9.0,False
INCIDENT__238010.0-webtirf__7248,7248,2025-06-04 05:00:00,2025-06-04 02:00:00,2025-06-04 08:00:00,OTHER_DISRUPTION,GROUP__7248__0021,INCIDENT,111.0,137.0,406.0,1248.0,1283.0,1409.0,1193.0,False
INCIDENT__238022-webtirf__33014,33014,2025-06-04 07:00:00,2025-06-04 04:00:00,2025-06-04 10:00:00,OTHER_DISRUPTION,GROUP__33014__0026,INCIDENT,102.0,307.0,754.0,1112.0,1239.0,1163.0,1255.0,False
INCIDENT__238033-webtirf__T0231,T0231,2025-06-04 11:00:00,2025-06-04 08:00:00,2025-06-04 14:00:00,OTHER_DISRUPTION,GROUP__T0231__0006,INCIDENT,101.0,112.0,120.0,107.0,87.0,102.0,91.0,False
INCIDENT__238076-webtirf__51235,51235,2025-06-04 22:00:00,2025-06-04 19:00:00,2025-06-05 01:00:00,OTHER_DISRUPTION,GROUP__51235__0026,INCIDENT,1500.0,1163.0,1155.0,883.0,528.0,20.0,21.0,False
INCIDENT__238095-webtirf__F3FWY003,F3FWY003,2025-06-05 00:00:00,2025-06-04 21:00:00,2025-06-05 03:00:00,OTHER_DISRUPTION,GROUP__F3FWY003__0027,INCIDENT,0.0,0.0,0.0,0.0,0.0,0.0,0.0,True
INCIDENT__238113-webtirf__47024,47024,2025-06-05 02:00:00,2025-06-04 23:00:00,2025-06-05 05:00:00,OTHER_DISRUPTION,GROUP__47024__0010,INCIDENT,862.0,36.0,56.0,62.0,67.0,103.0,189.0,False
INCIDENT__238153-webtirf__53004,53004,2025-06-05 07:00:00,2025-06-05 04:00:00,2025-06-05 10:00:00,OTHER_DISRUPTION,GROUP__53004__0019,INCIDENT,195.0,658.0,1437.0,2267.0,2179.0,1453.0,1253.0,False
INCIDENT__238155-webtirf__7112,7112,2025-06-05 07:00:00,2025-06-05 04:00:00,2025-06-05 10:00:00,OTHER_DISRUPTION,GROUP__7112__0031,INCIDENT,36.0,93.0,171.0,194.0,168.0,174.0,164.0,False
INCIDENT__238176-webtirf__23067,23067,2025-06-05 10:00:00,2025-06-05 07:00:00,2025-06-05 13:00:00,OTHER_DISRUPTION,GROUP__23067__0019,INCIDENT,142.0,126.0,132.0,107.0,111.0,103.0,77.0,False
INCIDENT__238195-webtirf__51235,51235,2025-06-05 21:00:00,2025-06-05 18:00:00,2025-06-06 00:00:00,OTHER_DISRUPTION,GROUP__51235__0027,INCIDENT,79.0,78.0,56.0,42.0,42.0,24.0,154.0,False
INCIDENT__238246-webtirf__7270,7270,2025-06-06 03:00:00,2025-06-06 00:00:00,2025-06-06 06:00:00,ACCIDENT,GROUP__7270__0009,INCIDENT,159.0,88.0,80.0,128.0,328.0,1044.0,1653.0,False
INCIDENT__238274-webtirf__29005,29005,2025-06-06 04:00:00,2025-06-06 01:00:00,2025-06-06 07:00:00,OTHER_DISRUPTION,GROUP__29005__0014,INCIDENT,261.0,176.0,201.0,316.0,869.0,2152.0,2940.0,False
INCIDENT__238323-webtirf__7126,7126,2025-06-06 11:00:00,2025-06-06 08:00:00,2025-06-06 14:00:00,ACCIDENT,GROUP__7126__0010,INCIDENT,67.0,59.0,45.0,54.0,60.0,70.0,59.0,False
INCIDENT__238324-webtirf__7120,7120,2025-06-06 14:00:00,2025-06-06 11:00:00,2025-06-06 17:00:00,OTHER_DISRUPTION,GROUP__7120__0026,INCIDENT,680.0,689.0,650.0,662.0,686.0,759.0,688.0,False
INCIDENT__238324-webtirf__7121,7121,2025-06-06 14:00:00,2025-06-06 11:00:00,2025-06-06 17:00:00,OTHER_DISRUPTION,GROUP__7121__0026,INCIDENT,450.0,421.0,557.0,502.0,547.0,531.0,534.0,False
INCIDENT__238367-webtirf__51235,51235,2025-06-07 08:00:00,2025-06-07 05:00:00,2025-06-07 11:00:00,ACCIDENT,GROUP__51235__0028,INCIDENT,23.0,53.0,91.0,104.0,87.0,108.0,98.0,False
INCIDENT__238387-webtirf__7120,7120,2025-06-07 23:00:00,2025-06-07 20:00:00,2025-06-08 02:00:00,OTHER_DISRUPTION,GROUP__7120__0027,INCIDENT,696.0,578.0,560.0,417.0,376.0,288.0,301.0,False
INCIDENT__238387-webtirf__7121,7121,2025-06-07 23:00:00,2025-06-07 20:00:00,2025-06-08 02:00:00,OTHER_DISRUPTION,GROUP__7121__0027,INCIDENT,0.0,0.0,0.0,0.0,0.0,0.0,0.0,True
INCIDENT__238393-webtirf__7153,7153,2025-06-08 02:00:00,2025-06-07 23:00:00,2025-06-08 05:00:00,ACCIDENT,GROUP__7153__0015,INCIDENT,25.0,20.0,19.0,22.0,21.0,24.0,25.0,False
INCIDENT__238403-webtirf__9849,9849,2025-06-08 06:00:00,2025-06-08 03:00:00,2025-06-08 09:00:00,ACCIDENT,GROUP__9849__0007,INCIDENT,0.0,0.0,5.0,8.0,10.0,18.0,16.0,False
INCIDENT__238456-webtirf__7153,7153,2025-06-09 06:00:00,2025-06-09 03:00:00,2025-06-09 09:00:00,ACCIDENT,GROUP__7153__0016,INCIDENT,0.0,0.0,0.0,0.0,0.0,0.0,0.0,True
INCIDENT__238471-webtirf__7161,7161,2025-06-09 09:00:00,2025-06-09 06:00:00,2025-06-09 12:00:00,ACCIDENT,GROUP__7161__0015,INCIDENT,17.0,16.0,23.0,26.0,24.0,26.0,28.0,False
INCIDENT__238473-webtirf__9836-PR,9836-PR,2025-06-09 10:00:00,2025-06-09 07:00:00,2025-06-09 13:00:00,OTHER_DISRUPTION,GROUP__9836-PR__0004,INCIDENT,26.0,18.0,27.0,25.0,24.0,22.0,20.0,False
INCIDENT__238485-webtirf__7179,7179,2025-06-09 15:00:00,2025-06-09 12:00:00,2025-06-09 18:00:00,OTHER_DISRUPTION,GROUP__7179__0044,INCIDENT,662.0,692.0,670.0,682.0,649.0,654.0,639.0,False
INCIDENT__238492-webtirf__T0288,T0288,2025-06-09 19:00:00,2025-06-09 16:00:00,2025-06-09 22:00:00,OTHER_DISRUPTION,GROUP__T0288__0006,INCIDENT,0.0,0.0,0.0,0.0,0.0,0.0,0.0,True
INCIDENT__238492-webtirf__T0289,T0289,2025-06-09 19:00:00,2025-06-09 16:00:00,2025-06-09 22:00:00,OTHER_DISRUPTION,GROUP__T0289__0006,INCIDENT,0.0,0.0,0.0,0.0,0.0,0.0,0.0,True
INCIDENT__238492-webtirf__T0290,T0290,2025-06-09 19:00:00,2025-06-09 16:00:00,2025-06-09 22:00:00,OTHER_DISRUPTION,GROUP__T0290__0006,INCIDENT,0.0,0.0,0.0,0.0,0.0,0.0,0.0,True
INCIDENT__238492-webtirf__T0479-PR,T0479-PR,2025-06-09 19:00:00,2025-06-09 16:00:00,2025-06-09 22:00:00,OTHER_DISRUPTION,GROUP__T0479-PR__0006,INCIDENT,171.0,84.0,68.0,85.0,57.0,32.0,25.0,False
INCIDENT__238514-webtirf__23067,23067,2025-06-09 23:00:00,2025-06-09 20:00:00,2025-06-10 02:00:00,OTHER_DISRUPTION,GROUP__23067__0020,INCIDENT,28.0,32.0,15.0,12.0,29.0,52.0,115.0,False
INCIDENT__238522-webtirf__7120,7120,2025-06-10 00:00:00,2025-06-09 21:00:00,2025-06-10 03:00:00,OTHER_DISRUPTION,GROUP__7120__0028,INCIDENT,389.0,286.0,163.0,9.0,9.0,9.0,16.0,False
INCIDENT__238522-webtirf__7121,7121,2025-06-10 00:00:00,2025-06-09 21:00:00,2025-06-10 03:00:00,OTHER_DISRUPTION,GROUP__7121__0028,INCIDENT,198.0,112.0,80.0,0.0,0.0,0.0,0.0,False
INCIDENT__238536-webtirf__7179,7179,2025-06-10 02:00:00,2025-06-09 23:00:00,2025-06-10 05:00:00,OTHER_DISRUPTION,GROUP__7179__0045,INCIDENT,201.0,249.0,147.0,136.0,203.0,395.0,874.0,False
INCIDENT__238575-webtirf__9658,9658,2025-06-10 08:00:00,2025-06-10 05:00:00,2025-06-10 11:00:00,OTHER_DISRUPTION,GROUP__9658__0018,INCIDENT,445.0,881.0,1257.0,1084.0,949.0,786.0,857.0,False
INCIDENT__238601-webtirf__50260,50260,2025-06-10 20:00:00,2025-06-10 17:00:00,2025-06-10 23:00:00,OTHER_DISRUPTION,GROUP__50260__0004,INCIDENT,204.0,185.0,110.0,68.0,52.0,44.0,47.0,False
INCIDENT__238615-webtirf__57025,57025,2025-06-10 22:00:00,2025-06-10 19:00:00,2025-06-11 01:00:00,ACCIDENT,GROUP__57025__0005,INCIDENT,25.0,5.0,5.0,7.0,1.0,0.0,7.0,False
INCIDENT__238700.0-webtirf__53003,53003,2025-06-11 07:00:00,2025-06-11 04:00:00,2025-06-11 10:00:00,ACCIDENT,GROUP__53003__0009,INCIDENT,61.0,109.0,186.0,170.0,176.0,236.0,207.0,False
INCIDENT__238722-webtirf__23067,23067,2025-06-11 15:00:00,2025-06-11 12:00:00,2025-06-11 18:00:00,OTHER_DISRUPTION,GROUP__23067__0021,INCIDENT,1213.0,1174.0,929.0,940.0,1184.0,1261.0,1005.0,False
INCIDENT__238755-webtirf__7179,7179,2025-06-12 00:00:00,2025-06-11 21:00:00,2025-06-12 03:00:00,OTHER_DISRUPTION,GROUP__7179__0046,INCIDENT,105.0,76.0,64.0,330.0,201.0,130.0,229.0,False
INCIDENT__238776-webtirf__7179,7179,2025-06-12 03:00:00,2025-06-12 00:00:00,2025-06-12 06:00:00,OTHER_DISRUPTION,GROUP__7179__0046,INCIDENT,330.0,201.0,130.0,229.0,411.0,942.0,1371.0,False
INCIDENT__238796-webtirf__7150,7150,2025-06-12 05:00:00,2025-06-12 02:00:00,2025-06-12 08:00:00,OTHER_DISRUPTION,GROUP__7150__0003,INCIDENT,3.0,4.0,7.0,30.0,55.0,64.0,76.0,False
INCIDENT__238811-webtirf__7161,7161,2025-06-12 06:00:00,2025-06-12 03:00:00,2025-06-12 09:00:00,OTHER_DISRUPTION,GROUP__7161__0016,INCIDENT,17.0,41.0,106.0,158.0,144.0,132.0,134.0,False
INCIDENT__238824-webtirf__7168,7168,2025-06-12 07:00:00,2025-06-12 04:00:00,2025-06-12 10:00:00,ACCIDENT,GROUP__7168__0016,INCIDENT,116.0,220.0,427.0,480.0,508.0,444.0,380.0,False
INCIDENT__238832-webtirf__9658,9658,2025-06-12 11:00:00,2025-06-12 08:00:00,2025-06-12 14:00:00,ACCIDENT,GROUP__9658__0019,INCIDENT,1063.0,922.0,928.0,854.0,895.0,903.0,979.0,False
INCIDENT__238852-webtirf__7163,7163,2025-06-12 22:00:00,2025-06-12 19:00:00,2025-06-13 01:00:00,OTHER_DISRUPTION,GROUP__7163__0017,INCIDENT,558.0,483.0,452.0,336.0,196.0,12.0,7.0,False
INCIDENT__239024-webtirf__7184,7184,2025-06-14 06:00:00,2025-06-14 03:00:00,2025-06-14 09:00:00,ACCIDENT,GROUP__7184__0020,INCIDENT,13.0,16.0,38.0,75.0,147.0,95.0,159.0,False
INCIDENT__239028-webtirf__7132,7132,2025-06-14 07:00:00,2025-06-14 04:00:00,2025-06-14 10:00:00,ACCIDENT,GROUP__7132__0019,INCIDENT,23.0,30.0,58.0,56.0,61.0,57.0,52.0,False
INCIDENT__239042-webtirf__50240,50240,2025-06-14 14:00:00,2025-06-14 11:00:00,2025-06-14 17:00:00,OTHER_DISRUPTION,GROUP__50240__0028,INCIDENT,166.0,176.0,162.0,147.0,134.0,139.0,136.0,False
INCIDENT__239062-webtirf__7163,7163,2025-06-15 02:00:00,2025-06-14 23:00:00,2025-06-15 05:00:00,OTHER_DISRUPTION,GROUP__7163__0018,INCIDENT,352.0,20.0,9.0,10.0,9.0,7.0,13.0,False
INCIDENT__239068-webtirf__74228,74228,2025-06-15 03:00:00,2025-06-15 00:00:00,2025-06-15 06:00:00,ACCIDENT,GROUP__74228__0003,INCIDENT,7.0,9.0,1.0,4.0,4.0,5.0,18.0,False
INCIDENT__239087-webtirf__7120,7120,2025-06-15 07:00:00,2025-06-15 04:00:00,2025-06-15 10:00:00,ACCIDENT,GROUP__7120__0029,INCIDENT,9.0,20.0,19.0,24.0,32.0,27.0,36.0,False
INCIDENT__239087-webtirf__7121,7121,2025-06-15 07:00:00,2025-06-15 04:00:00,2025-06-15 10:00:00,ACCIDENT,GROUP__7121__0029,INCIDENT,130.0,115.0,116.0,204.0,162.0,337.0,386.0,False
INCIDENT__239088-webtirf__33014,33014,2025-06-15 07:00:00,2025-06-15 04:00:00,2025-06-15 10:00:00,OTHER_DISRUPTION,GROUP__33014__0027,INCIDENT,13.0,17.0,27.0,29.0,53.0,44.0,57.0,False
INCIDENT__239178-webtirf__7248,7248,2025-06-16 05:00:00,2025-06-16 02:00:00,2025-06-16 08:00:00,OTHER_DISRUPTION,GROUP__7248__0022,INCIDENT,80.0,143.0,355.0,1183.0,1204.0,1319.0,1257.0,False
INCIDENT__239246-webtirf__23067,23067,2025-06-16 22:00:00,2025-06-16 19:00:00,2025-06-17 01:00:00,OTHER_DISRUPTION,GROUP__23067__0022,INCIDENT,60.0,44.0,30.0,35.0,26.0,134.0,74.0,False
INCIDENT__239295-webtirf__T0345,T0345,2025-06-17 04:00:00,2025-06-17 01:00:00,2025-06-17 07:00:00,ACCIDENT,GROUP__T0345__0001,INCIDENT,9.0,7.0,4.0,9.0,40.0,135.0,350.0,False
INCIDENT__239329-webtirf__33014,33014,2025-06-17 09:00:00,2025-06-17 06:00:00,2025-06-17 12:00:00,OTHER_DISRUPTION,GROUP__33014__0028,INCIDENT,1448.0,2019.0,1523.0,1540.0,1310.0,1307.0,1263.0,False
INCIDENT__239331-webtirf__T0231,T0231,2025-06-17 09:00:00,2025-06-17 06:00:00,2025-06-17 12:00:00,ACCIDENT,GROUP__T0231__0007,INCIDENT,216.0,118.0,99.0,109.0,106.0,100.0,98.0,False
INCIDENT__239339-webtirf__29005,29005,2025-06-17 17:00:00,2025-06-17 14:00:00,2025-06-17 20:00:00,ACCIDENT,GROUP__29005__0015,INCIDENT,476.0,389.0,336.0,318.0,214.0,147.0,92.0,False
INCIDENT__239350.0-webtirf__68025,68025,2025-06-17 22:00:00,2025-06-17 19:00:00,2025-06-18 01:00:00,OTHER_DISRUPTION,GROUP__68025__0021,INCIDENT,860.0,691.0,601.0,386.0,242.0,9.0,9.0,False
INCIDENT__239375-webtirf__7161,7161,2025-06-18 02:00:00,2025-06-17 23:00:00,2025-06-18 05:00:00,OTHER_DISRUPTION,GROUP__7161__0017,INCIDENT,46.0,16.0,18.0,16.0,21.0,43.0,98.0,False
INCIDENT__239377-webtirf__9658,9658,2025-06-18 02:00:00,2025-06-17 23:00:00,2025-06-18 05:00:00,ACCIDENT,GROUP__9658__0020,INCIDENT,40.0,152.0,96.0,76.0,82.0,185.0,481.0,False
INCIDENT__239398-webtirf__68025,68025,2025-06-18 04:00:00,2025-06-18 01:00:00,2025-06-18 07:00:00,OTHER_DISRUPTION,GROUP__68025__0021,INCIDENT,9.0,14.0,8.0,17.0,57.0,146.0,112.0,False
INCIDENT__239430.0-webtirf__53004,53004,2025-06-18 07:00:00,2025-06-18 04:00:00,2025-06-18 10:00:00,OTHER_DISRUPTION,GROUP__53004__0020,INCIDENT,44.0,116.0,248.0,199.0,152.0,145.0,135.0,False
INCIDENT__239432-webtirf__9827,9827,2025-06-18 07:00:00,2025-06-18 04:00:00,2025-06-18 10:00:00,ACCIDENT,GROUP__9827__0003,INCIDENT,90.0,273.0,754.0,998.0,1053.0,914.0,842.0,False
INCIDENT__239435-webtirf__7270,7270,2025-06-18 08:00:00,2025-06-18 05:00:00,2025-06-18 11:00:00,OTHER_DISRUPTION,GROUP__7270__0010,INCIDENT,232.0,334.0,293.0,218.0,249.0,275.0,239.0,False
INCIDENT__239450.0-webtirf__7179,7179,2025-06-18 16:00:00,2025-06-18 13:00:00,2025-06-18 19:00:00,OTHER_DISRUPTION,GROUP__7179__0047,INCIDENT,494.0,550.0,433.0,390.0,279.0,319.0,184.0,False
INCIDENT__239454-webtirf__7164,7164,2025-06-18 19:00:00,2025-06-18 16:00:00,2025-06-18 22:00:00,OTHER_DISRUPTION,GROUP__7164__0011,INCIDENT,67.0,72.0,39.0,40.0,33.0,18.0,29.0,False
INCIDENT__239509-webtirf__T0288,T0288,2025-06-19 03:00:00,2025-06-19 00:00:00,2025-06-19 06:00:00,OTHER_DISRUPTION,GROUP__T0288__0007,INCIDENT,0.0,0.0,0.0,0.0,0.0,0.0,0.0,True
INCIDENT__239509-webtirf__T0289,T0289,2025-06-19 03:00:00,2025-06-19 00:00:00,2025-06-19 06:00:00,OTHER_DISRUPTION,GROUP__T0289__0007,INCIDENT,0.0,0.0,0.0,0.0,0.0,0.0,0.0,True
INCIDENT__239509-webtirf__T0290,T0290,2025-06-19 03:00:00,2025-06-19 00:00:00,2025-06-19 06:00:00,OTHER_DISRUPTION,GROUP__T0290__0007,INCIDENT,0.0,0.0,0.0,0.0,0.0,0.0,0.0,True
INCIDENT__239509-webtirf__T0479-PR,T0479-PR,2025-06-19 03:00:00,2025-06-19 00:00:00,2025-06-19 06:00:00,OTHER_DISRUPTION,GROUP__T0479-PR__0007,INCIDENT,0.0,0.0,0.0,0.0,0.0,0.0,0.0,True
INCIDENT__239555-webtirf__32029,32029,2025-06-19 08:00:00,2025-06-19 05:00:00,2025-06-19 11:00:00,OTHER_DISRUPTION,GROUP__32029__0003,INCIDENT,0.0,0.0,0.0,0.0,0.0,0.0,0.0,True
INCIDENT__239574-webtirf__50240,50240,2025-06-19 10:00:00,2025-06-19 07:00:00,2025-06-19 13:00:00,ACCIDENT,GROUP__50240__0029,INCIDENT,2438.0,2468.0,2206.0,1767.0,1810.0,1784.0,1915.0,False
INCIDENT__239593-webtirf__7126,7126,2025-06-19 21:00:00,2025-06-19 18:00:00,2025-06-20 00:00:00,ACCIDENT,GROUP__7126__0011,INCIDENT,500.0,498.0,389.0,284.0,101.0,52.0,7.0,False
INCIDENT__239596-webtirf__33014,33014,2025-06-19 21:00:00,2025-06-19 18:00:00,2025-06-20 00:00:00,OTHER_DISRUPTION,GROUP__33014__0029,INCIDENT,1589.0,1185.0,964.0,812.0,799.0,0.0,182.0,False
INCIDENT__239597-webtirf__7120,7120,2025-06-19 21:00:00,2025-06-19 18:00:00,2025-06-20 00:00:00,OTHER_DISRUPTION,GROUP__7120__0030,INCIDENT,34.0,29.0,26.0,22.0,19.0,19.0,163.0,False
INCIDENT__239597-webtirf__7121,7121,2025-06-19 21:00:00,2025-06-19 18:00:00,2025-06-20 00:00:00,OTHER_DISRUPTION,GROUP__7121__0030,INCIDENT,24.0,14.0,16.0,13.0,8.0,8.0,81.0,False
INCIDENT__239630.0-webtirf__T0288,T0288,2025-06-20 03:00:00,2025-06-20 00:00:00,2025-06-20 06:00:00,OTHER_DISRUPTION,GROUP__T0288__0008,INCIDENT,0.0,0.0,0.0,0.0,0.0,0.0,0.0,True
INCIDENT__239630.0-webtirf__T0289,T0289,2025-06-20 03:00:00,2025-06-20 00:00:00,2025-06-20 06:00:00,OTHER_DISRUPTION,GROUP__T0289__0008,INCIDENT,0.0,0.0,0.0,0.0,0.0,0.0,0.0,True
INCIDENT__239630.0-webtirf__T0290,T0290,2025-06-20 03:00:00,2025-06-20 00:00:00,2025-06-20 06:00:00,OTHER_DISRUPTION,GROUP__T0290__0008,INCIDENT,0.0,0.0,0.0,0.0,0.0,0.0,0.0,True
INCIDENT__239630.0-webtirf__T0479-PR,T0479-PR,2025-06-20 03:00:00,2025-06-20 00:00:00,2025-06-20 06:00:00,OTHER_DISRUPTION,GROUP__T0479-PR__0008,INCIDENT,45.0,19.0,15.0,10.0,17.0,64.0,142.0,False
INCIDENT__239678-webtirf__33014,33014,2025-06-20 08:00:00,2025-06-20 05:00:00,2025-06-20 11:00:00,OTHER_DISRUPTION,GROUP__33014__0030,INCIDENT,234.0,693.0,1016.0,1205.0,1188.0,1120.0,1266.0,False
INCIDENT__239682-webtirf__7112,7112,2025-06-20 08:00:00,2025-06-20 05:00:00,2025-06-20 11:00:00,OTHER_DISRUPTION,GROUP__7112__0033,INCIDENT,132.0,285.0,259.0,224.0,290.0,216.0,232.0,False
INCIDENT__239723-webtirf__50260,50260,2025-06-21 01:00:00,2025-06-20 22:00:00,2025-06-21 04:00:00,ACCIDENT,GROUP__50260__0005,INCIDENT,685.0,387.0,253.0,145.0,112.0,128.0,171.0,False
INCIDENT__239756-webtirf__7184,7184,2025-06-21 07:00:00,2025-06-21 04:00:00,2025-06-21 10:00:00,ACCIDENT,GROUP__7184__0021,INCIDENT,135.0,360.0,742.0,1411.0,2006.0,2771.0,3112.0,False
INCIDENT__239791-webtirf__55049,55049,2025-06-22 04:00:00,2025-06-22 01:00:00,2025-06-22 07:00:00,ACCIDENT,GROUP__55049__0009,INCIDENT,0.0,0.0,0.0,0.0,0.0,0.0,0.0,True
INCIDENT__239793-webtirf__7120,7120,2025-06-22 05:00:00,2025-06-22 02:00:00,2025-06-22 08:00:00,OTHER_DISRUPTION,GROUP__7120__0031,INCIDENT,287.0,237.0,237.0,258.0,422.0,380.0,515.0,False
INCIDENT__239793-webtirf__7121,7121,2025-06-22 05:00:00,2025-06-22 02:00:00,2025-06-22 08:00:00,OTHER_DISRUPTION,GROUP__7121__0031,INCIDENT,8.0,11.0,3.0,5.0,12.0,13.0,14.0,False
INCIDENT__239802-webtirf__7153,7153,2025-06-22 09:00:00,2025-06-22 06:00:00,2025-06-22 12:00:00,ACCIDENT,GROUP__7153__0017,INCIDENT,217.0,320.0,507.0,847.0,1161.0,1242.0,1443.0,False
INCIDENT__239814-webtirf__33014,33014,2025-06-22 14:00:00,2025-06-22 11:00:00,2025-06-22 17:00:00,ACCIDENT,GROUP__33014__0031,INCIDENT,1533.0,1467.0,1378.0,1412.0,1440.0,1397.0,1404.0,False
INCIDENT__239820.0-webtirf__68025,68025,2025-06-22 19:00:00,2025-06-22 16:00:00,2025-06-22 22:00:00,ACCIDENT,GROUP__68025__0022,INCIDENT,26.0,40.0,37.0,37.0,65.0,29.0,20.0,False
INCIDENT__239856-webtirf__7164,7164,2025-06-23 00:00:00,2025-06-22 21:00:00,2025-06-23 03:00:00,OTHER_DISRUPTION,GROUP__7164__0012,INCIDENT,298.0,238.0,130.0,92.0,65.0,39.0,51.0,False
INCIDENT__239869-webtirf__7179,7179,2025-06-23 02:00:00,2025-06-22 23:00:00,2025-06-23 05:00:00,OTHER_DISRUPTION,GROUP__7179__0048,INCIDENT,48.0,34.0,34.0,46.0,52.0,113.0,200.0,False
INCIDENT__239890.0-webtirf__29005,29005,2025-06-23 05:00:00,2025-06-23 02:00:00,2025-06-23 08:00:00,ACCIDENT,GROUP__29005__0016,INCIDENT,130.0,125.0,470.0,1605.0,2834.0,3005.0,3015.0,False
INCIDENT__239895-webtirf__10011,10011,2025-06-23 05:00:00,2025-06-23 02:00:00,2025-06-23 08:00:00,OTHER_DISRUPTION,GROUP__10011__0023,INCIDENT,0.0,0.0,0.0,0.0,0.0,0.0,0.0,True
INCIDENT__239895-webtirf__7139,7139,2025-06-23 05:00:00,2025-06-23 02:00:00,2025-06-23 08:00:00,OTHER_DISRUPTION,GROUP__7139__0023,INCIDENT,0.0,0.0,0.0,0.0,0.0,0.0,0.0,True
INCIDENT__239901-webtirf__68025,68025,2025-06-23 06:00:00,2025-06-23 03:00:00,2025-06-23 09:00:00,OTHER_DISRUPTION,GROUP__68025__0023,INCIDENT,11.0,17.0,62.0,156.0,99.0,124.0,106.0,False
INCIDENT__239901-webtirf__7179,7179,2025-06-23 06:00:00,2025-06-23 03:00:00,2025-06-23 09:00:00,OTHER_DISRUPTION,GROUP__7179__0048,INCIDENT,52.0,113.0,200.0,308.0,334.0,364.0,458.0,False
INCIDENT__239939-webtirf__7248,7248,2025-06-23 21:00:00,2025-06-23 18:00:00,2025-06-24 00:00:00,OTHER_DISRUPTION,GROUP__7248__0023,INCIDENT,99.0,78.0,85.0,64.0,76.0,51.0,114.0,False
INCIDENT__239963-webtirf__7153,7153,2025-06-23 23:00:00,2025-06-23 20:00:00,2025-06-24 02:00:00,ACCIDENT,GROUP__7153__0018,INCIDENT,58.0,65.0,46.0,45.0,93.0,69.0,79.0,False
INCIDENT__239967-webtirf__7179,7179,2025-06-23 23:00:00,2025-06-23 20:00:00,2025-06-24 02:00:00,OTHER_DISRUPTION,GROUP__7179__0049,INCIDENT,133.0,75.0,61.0,62.0,40.0,47.0,55.0,False
INCIDENT__240095-webtirf__9658,9658,2025-06-24 20:00:00,2025-06-24 17:00:00,2025-06-24 23:00:00,ACCIDENT,GROUP__9658__0021,INCIDENT,1010.0,949.0,773.0,604.0,554.0,455.0,281.0,False
INCIDENT__240101-webtirf__51235,51235,2025-06-24 21:00:00,2025-06-24 18:00:00,2025-06-25 00:00:00,OTHER_DISRUPTION,GROUP__51235__0029,INCIDENT,108.0,68.0,51.0,49.0,44.0,22.0,17.0,False
INCIDENT__240214-webtirf__7112,7112,2025-06-25 19:00:00,2025-06-25 16:00:00,2025-06-25 22:00:00,OTHER_DISRUPTION,GROUP__7112__0034,INCIDENT,1298.0,1420.0,1228.0,956.0,733.0,602.0,417.0,False
INCIDENT__240223-webtirf__33014,33014,2025-06-25 21:00:00,2025-06-25 18:00:00,2025-06-26 00:00:00,OTHER_DISRUPTION,GROUP__33014__0032,INCIDENT,0.0,0.0,0.0,0.0,0.0,0.0,0.0,True
INCIDENT__240235-webtirf__7184,7184,2025-06-25 23:00:00,2025-06-25 20:00:00,2025-06-26 02:00:00,OTHER_DISRUPTION,GROUP__7184__0022,INCIDENT,60.0,51.0,50.0,41.0,137.0,80.0,66.0,False
INCIDENT__240247-webtirf__7153,7153,2025-06-26 01:00:00,2025-06-25 22:00:00,2025-06-26 04:00:00,OTHER_DISRUPTION,GROUP__7153__0019,INCIDENT,268.0,155.0,37.0,27.0,40.0,48.0,106.0,False
INCIDENT__240263-webtirf__33014,33014,2025-06-26 02:00:00,2025-06-25 23:00:00,2025-06-26 05:00:00,OTHER_DISRUPTION,GROUP__33014__0032,INCIDENT,0.0,0.0,0.0,0.0,0.0,0.0,0.0,True
INCIDENT__240267-webtirf__7112,7112,2025-06-26 03:00:00,2025-06-26 00:00:00,2025-06-26 06:00:00,OTHER_DISRUPTION,GROUP__7112__0035,INCIDENT,153.0,80.0,60.0,87.0,214.0,902.0,1519.0,False
INCIDENT__240275-webtirf__7251,7251,2025-06-26 04:00:00,2025-06-26 01:00:00,2025-06-26 07:00:00,OTHER_DISRUPTION,GROUP__7251__0016,INCIDENT,219.0,147.0,102.0,119.0,190.0,405.0,721.0,False
INCIDENT__240298-webtirf__7119-PR,7119-PR,2025-06-26 08:00:00,2025-06-26 05:00:00,2025-06-26 11:00:00,ACCIDENT,GROUP__7119-PR__0009,INCIDENT,209.0,450.0,512.0,648.0,495.0,556.0,661.0,False
INCIDENT__240322-webtirf__50240,50240,2025-06-26 19:00:00,2025-06-26 16:00:00,2025-06-26 22:00:00,OTHER_DISRUPTION,GROUP__50240__0030,INCIDENT,166.0,154.0,161.0,151.0,113.0,64.0,52.0,False
INCIDENT__240326-webtirf__7270,7270,2025-06-26 22:00:00,2025-06-26 19:00:00,2025-06-27 01:00:00,OTHER_DISRUPTION,GROUP__7270__0011,INCIDENT,1124.0,1012.0,786.0,558.0,321.0,189.0,105.0,False
INCIDENT__240340.0-webtirf__100001,100001,2025-06-27 00:00:00,2025-06-26 21:00:00,2025-06-27 03:00:00,ACCIDENT,GROUP__100001__0001,INCIDENT,646.0,471.0,288.0,178.0,123.0,86.0,152.0,False
INCIDENT__240402-webtirf__7161,7161,2025-06-27 08:00:00,2025-06-27 05:00:00,2025-06-27 11:00:00,ACCIDENT,GROUP__7161__0018,INCIDENT,443.0,724.0,1128.0,1169.0,900.0,865.0,879.0,False
INCIDENT__240425-webtirf__7179,7179,2025-06-27 23:00:00,2025-06-27 20:00:00,2025-06-28 02:00:00,ACCIDENT,GROUP__7179__0050,INCIDENT,105.0,87.0,88.0,69.0,622.0,330.0,266.0,False
INCIDENT__240450.0-webtirf__7132,7132,2025-06-28 13:00:00,2025-06-28 10:00:00,2025-06-28 16:00:00,ACCIDENT,GROUP__7132__0020,INCIDENT,42.0,46.0,43.0,38.0,35.0,23.0,33.0,False
INCIDENT__240466-webtirf__7251,7251,2025-06-28 22:00:00,2025-06-28 19:00:00,2025-06-29 01:00:00,ACCIDENT,GROUP__7251__0017,INCIDENT,793.0,749.0,828.0,928.0,848.0,614.0,422.0,False
INCIDENT__240471-webtirf__74230,74230,2025-06-29 00:00:00,2025-06-28 21:00:00,2025-06-29 03:00:00,OTHER_DISRUPTION,GROUP__74230__0007,INCIDENT,4.0,2.0,4.0,0.0,0.0,0.0,0.0,False
INCIDENT__240483-webtirf__7119-PR,7119-PR,2025-06-29 04:00:00,2025-06-29 01:00:00,2025-06-29 07:00:00,OTHER_DISRUPTION,GROUP__7119-PR__0010,INCIDENT,161.0,104.0,97.0,79.0,85.0,162.0,192.0,False
INCIDENT__240509-webtirf__7248,7248,2025-06-29 09:00:00,2025-06-29 06:00:00,2025-06-29 12:00:00,OTHER_DISRUPTION,GROUP__7248__0024,INCIDENT,57.0,68.0,65.0,81.0,86.0,87.0,94.0,False
INCIDENT__240526-webtirf__7153,7153,2025-06-29 20:00:00,2025-06-29 17:00:00,2025-06-29 23:00:00,OTHER_DISRUPTION,GROUP__7153__0020,INCIDENT,63.0,65.0,51.0,37.0,36.0,42.0,38.0,False
INCIDENT__240613-webtirf__7163,7163,2025-06-30 05:00:00,2025-06-30 02:00:00,2025-06-30 08:00:00,ACCIDENT,GROUP__7163__0019,INCIDENT,0.0,0.0,0.0,0.0,0.0,0.0,0.0,True
INCIDENT__240627-webtirf__7123-PR,7123-PR,2025-06-30 06:00:00,2025-06-30 03:00:00,2025-06-30 09:00:00,OTHER_DISRUPTION,GROUP__7123-PR__0003,INCIDENT,41.0,65.0,184.0,360.0,501.0,743.0,634.0,False
INCIDENT__240630.0-webtirf__74230,74230,2025-06-30 07:00:00,2025-06-30 04:00:00,2025-06-30 10:00:00,ACCIDENT,GROUP__74230__0008,INCIDENT,4.0,9.0,20.0,9.0,7.0,16.0,22.0,False
INCIDENT__240646-webtirf__7159,7159,2025-06-30 10:00:00,2025-06-30 07:00:00,2025-06-30 13:00:00,OTHER_DISRUPTION,GROUP__7159__0009,INCIDENT,174.0,88.0,165.0,159.0,214.0,165.0,148.0,False
INCIDENT__240656-webtirf__50240,50240,2025-06-30 20:00:00,2025-06-30 17:00:00,2025-06-30 23:00:00,OTHER_DISRUPTION,GROUP__50240__0031,INCIDENT,2509.0,2413.0,1971.0,1545.0,1375.0,1156.0,699.0,False
INCIDENT__240721-webtirf__29005,29005,2025-07-01 03:00:00,2025-07-01 00:00:00,2025-07-01 06:00:00,OTHER_DISRUPTION,GROUP__29005__0017,INCIDENT,24.0,32.0,41.0,43.0,121.0,180.0,274.0,False
INCIDENT__240827-webtirf__7274,7274,2025-07-01 11:00:00,2025-07-01 08:00:00,2025-07-01 14:00:00,ACCIDENT,GROUP__7274__0018,INCIDENT,118.0,122.0,133.0,128.0,125.0,106.0,76.0,False
INCIDENT__240828-webtirf__68025,68025,2025-07-01 11:00:00,2025-07-01 08:00:00,2025-07-01 14:00:00,ACCIDENT,GROUP__68025__0024,INCIDENT,95.0,105.0,80.0,57.0,62.0,71.0,45.0,False
INCIDENT__240854-webtirf__7112,7112,2025-07-01 13:00:00,2025-07-01 10:00:00,2025-07-01 16:00:00,OTHER_DISRUPTION,GROUP__7112__0036,INCIDENT,216.0,187.0,173.0,156.0,126.0,127.0,97.0,False
INCIDENT__241030.0-webtirf__47024,47024,2025-07-02 02:00:00,2025-07-01 23:00:00,2025-07-02 05:00:00,OTHER_DISRUPTION,GROUP__47024__0011,INCIDENT,27.0,271.0,246.0,225.0,278.0,548.0,1027.0,False
INCIDENT__241047-webtirf__10011,10011,2025-07-02 03:00:00,2025-07-02 00:00:00,2025-07-02 06:00:00,OTHER_DISRUPTION,GROUP__10011__0024,INCIDENT,0.0,0.0,0.0,0.0,0.0,0.0,0.0,True
INCIDENT__241047-webtirf__7139,7139,2025-07-02 03:00:00,2025-07-02 00:00:00,2025-07-02 06:00:00,OTHER_DISRUPTION,GROUP__7139__0024,INCIDENT,0.0,0.0,0.0,0.0,0.0,0.0,0.0,True
INCIDENT__241078-webtirf__7251,7251,2025-07-02 05:00:00,2025-07-02 02:00:00,2025-07-02 08:00:00,OTHER_DISRUPTION,GROUP__7251__0018,INCIDENT,50.0,73.0,47.0,57.0,86.0,120.0,0.0,False
INCIDENT__241117-webtirf__50240,50240,2025-07-02 14:00:00,2025-07-02 11:00:00,2025-07-02 17:00:00,ACCIDENT,GROUP__50240__0032,INCIDENT,0.0,308.0,293.0,286.0,273.0,223.0,181.0,False
INCIDENT__241224-webtirf__7179,7179,2025-07-03 10:00:00,2025-07-03 07:00:00,2025-07-03 13:00:00,OTHER_DISRUPTION,GROUP__7179__0051,INCIDENT,382.0,414.0,496.0,538.0,572.0,546.0,523.0,False
INCIDENT__241243-webtirf__7163,7163,2025-07-03 21:00:00,2025-07-03 18:00:00,2025-07-04 00:00:00,OTHER_DISRUPTION,GROUP__7163__0020,INCIDENT,0.0,0.0,0.0,0.0,0.0,0.0,0.0,True
INCIDENT__241272-webtirf__53004,53004,2025-07-04 01:00:00,2025-07-03 22:00:00,2025-07-04 04:00:00,ACCIDENT,GROUP__53004__0021,INCIDENT,29.0,24.0,85.0,55.0,39.0,42.0,185.0,False
INCIDENT__241285-webtirf__10011,10011,2025-07-04 02:00:00,2025-07-03 23:00:00,2025-07-04 05:00:00,OTHER_DISRUPTION,GROUP__10011__0025,INCIDENT,0.0,0.0,0.0,0.0,0.0,0.0,0.0,True
INCIDENT__241285-webtirf__7139,7139,2025-07-04 02:00:00,2025-07-03 23:00:00,2025-07-04 05:00:00,OTHER_DISRUPTION,GROUP__7139__0025,INCIDENT,22.0,10.0,14.0,9.0,15.0,26.0,72.0,False
INCIDENT__241319-webtirf__68025,68025,2025-07-04 06:00:00,2025-07-04 03:00:00,2025-07-04 09:00:00,OTHER_DISRUPTION,GROUP__68025__0025,INCIDENT,9.0,21.0,54.0,129.0,114.0,98.0,74.0,False
INCIDENT__241363-webtirf__7248,7248,2025-07-05 00:00:00,2025-07-04 21:00:00,2025-07-05 03:00:00,ACCIDENT,GROUP__7248__0025,INCIDENT,0.0,0.0,0.0,193.0,133.0,90.0,116.0,False
INCIDENT__241392-webtirf__7179,7179,2025-07-05 05:00:00,2025-07-05 02:00:00,2025-07-05 08:00:00,OTHER_DISRUPTION,GROUP__7179__0052,INCIDENT,29.0,29.0,50.0,94.0,159.0,167.0,210.0,False
INCIDENT__241425-webtirf__29005,29005,2025-07-06 01:00:00,2025-07-05 22:00:00,2025-07-06 04:00:00,ACCIDENT,GROUP__29005__0018,INCIDENT,1580.0,994.0,652.0,398.0,289.0,221.0,220.0,False
INCIDENT__241432-webtirf__7163,7163,2025-07-06 02:00:00,2025-07-05 23:00:00,2025-07-06 05:00:00,ACCIDENT,GROUP__7163__0021,INCIDENT,0.0,0.0,0.0,0.0,0.0,0.0,0.0,True
INCIDENT__241451-webtirf__51235,51235,2025-07-06 07:00:00,2025-07-06 04:00:00,2025-07-06 10:00:00,ACCIDENT,GROUP__51235__0030,INCIDENT,172.0,146.0,318.0,484.0,695.0,1057.0,1289.0,False
INCIDENT__241459-webtirf__7179,7179,2025-07-06 10:00:00,2025-07-06 07:00:00,2025-07-06 13:00:00,OTHER_DISRUPTION,GROUP__7179__0053,INCIDENT,54.0,76.0,103.0,144.0,126.0,128.0,138.0,False
INCIDENT__241463-webtirf__7164,7164,2025-07-06 14:00:00,2025-07-06 11:00:00,2025-07-06 17:00:00,OTHER_DISRUPTION,GROUP__7164__0013,INCIDENT,59.0,61.0,32.0,44.0,48.0,34.0,58.0,False
INCIDENT__241476-webtirf__23067,23067,2025-07-06 21:00:00,2025-07-06 18:00:00,2025-07-07 00:00:00,OTHER_DISRUPTION,GROUP__23067__0023,INCIDENT,1093.0,747.0,610.0,848.0,540.0,299.0,287.0,False
INCIDENT__241515-webtirf__51235,51235,2025-07-07 01:00:00,2025-07-06 22:00:00,2025-07-07 04:00:00,OTHER_DISRUPTION,GROUP__51235__0031,INCIDENT,753.0,405.0,11.0,9.0,12.0,13.0,41.0,False
INCIDENT__241577-webtirf__22001,22001,2025-07-07 22:00:00,2025-07-07 19:00:00,2025-07-08 01:00:00,OTHER_DISRUPTION,GROUP__22001__0011,INCIDENT,0.0,0.0,0.0,0.0,0.0,0.0,0.0,True
INCIDENT__241603-webtirf__7248,7248,2025-07-08 04:00:00,2025-07-08 01:00:00,2025-07-08 07:00:00,OTHER_DISRUPTION,GROUP__7248__0026,INCIDENT,77.0,97.0,135.0,350.0,1111.0,1308.0,1320.0,False
INCIDENT__241608-webtirf__51235,51235,2025-07-08 05:00:00,2025-07-08 02:00:00,2025-07-08 08:00:00,OTHER_DISRUPTION,GROUP__51235__0032,INCIDENT,77.0,125.0,321.0,1102.0,2134.0,2002.0,2137.0,False
INCIDENT__241623-webtirf__7161,7161,2025-07-08 08:00:00,2025-07-08 05:00:00,2025-07-08 11:00:00,OTHER_DISRUPTION,GROUP__7161__0019,INCIDENT,530.0,844.0,1187.0,1172.0,1038.0,918.0,922.0,False
INCIDENT__241633-webtirf__F3FWY005,F3FWY005,2025-07-08 19:00:00,2025-07-08 16:00:00,2025-07-08 22:00:00,OTHER_DISRUPTION,GROUP__F3FWY005__0003,INCIDENT,0.0,0.0,0.0,0.0,0.0,0.0,0.0,True
INCIDENT__241642-webtirf__7274,7274,2025-07-08 21:00:00,2025-07-08 18:00:00,2025-07-09 00:00:00,OTHER_DISRUPTION,GROUP__7274__0019,INCIDENT,67.0,65.0,44.0,30.0,27.0,23.0,92.0,False
INCIDENT__241643-webtirf__T0288,T0288,2025-07-08 21:00:00,2025-07-08 18:00:00,2025-07-09 00:00:00,OTHER_DISRUPTION,GROUP__T0288__0009,INCIDENT,0.0,0.0,0.0,0.0,0.0,0.0,0.0,True
INCIDENT__241643-webtirf__T0289,T0289,2025-07-08 21:00:00,2025-07-08 18:00:00,2025-07-09 00:00:00,OTHER_DISRUPTION,GROUP__T0289__0009,INCIDENT,0.0,0.0,0.0,0.0,0.0,0.0,0.0,True
INCIDENT__241643-webtirf__T0290,T0290,2025-07-08 21:00:00,2025-07-08 18:00:00,2025-07-09 00:00:00,OTHER_DISRUPTION,GROUP__T0290__0009,INCIDENT,0.0,0.0,0.0,0.0,2.0,0.0,85.0,False
INCIDENT__241643-webtirf__T0479-PR,T0479-PR,2025-07-08 21:00:00,2025-07-08 18:00:00,2025-07-09 00:00:00,OTHER_DISRUPTION,GROUP__T0479-PR__0009,INCIDENT,166.0,91.0,62.0,43.0,27.0,17.0,134.0,False
INCIDENT__241646-webtirf__33014,33014,2025-07-08 23:00:00,2025-07-08 20:00:00,2025-07-09 02:00:00,OTHER_DISRUPTION,GROUP__33014__0033,INCIDENT,0.0,0.0,0.0,0.0,0.0,0.0,0.0,True
INCIDENT__241668-webtirf__10011,10011,2025-07-09 03:00:00,2025-07-09 00:00:00,2025-07-09 06:00:00,OTHER_DISRUPTION,GROUP__10011__0026,INCIDENT,0.0,0.0,0.0,0.0,0.0,0.0,0.0,True
INCIDENT__241668-webtirf__7139,7139,2025-07-09 03:00:00,2025-07-09 00:00:00,2025-07-09 06:00:00,OTHER_DISRUPTION,GROUP__7139__0026,INCIDENT,155.0,95.0,66.0,55.0,136.0,560.0,1434.0,False
INCIDENT__241731-webtirf__7112,7112,2025-07-09 13:00:00,2025-07-09 10:00:00,2025-07-09 16:00:00,OTHER_DISRUPTION,GROUP__7112__0037,INCIDENT,222.0,244.0,210.0,175.0,148.0,148.0,125.0,False
INCIDENT__241738-webtirf__7120,7120,2025-07-09 19:00:00,2025-07-09 16:00:00,2025-07-09 22:00:00,OTHER_DISRUPTION,GROUP__7120__0032,INCIDENT,666.0,657.0,720.0,520.0,446.0,442.0,353.0,False
INCIDENT__241738-webtirf__7121,7121,2025-07-09 19:00:00,2025-07-09 16:00:00,2025-07-09 22:00:00,OTHER_DISRUPTION,GROUP__7121__0032,INCIDENT,44.0,43.0,31.0,18.0,10.0,13.0,10.0,False
INCIDENT__241744-webtirf__7112,7112,2025-07-09 20:00:00,2025-07-09 17:00:00,2025-07-09 23:00:00,ACCIDENT,GROUP__7112__0038,INCIDENT,100.0,101.0,95.0,50.0,33.0,37.0,26.0,False
INCIDENT__241746-webtirf__7179,7179,2025-07-09 21:00:00,2025-07-09 18:00:00,2025-07-10 00:00:00,OTHER_DISRUPTION,GROUP__7179__0054,INCIDENT,247.0,170.0,114.0,67.0,109.0,80.0,398.0,False
INCIDENT__241754-webtirf__7161,7161,2025-07-09 22:00:00,2025-07-09 19:00:00,2025-07-10 01:00:00,OTHER_DISRUPTION,GROUP__7161__0020,INCIDENT,691.0,481.0,422.0,412.0,223.0,26.0,10.0,False
INCIDENT__241758-webtirf__9658,9658,2025-07-09 23:00:00,2025-07-09 20:00:00,2025-07-10 02:00:00,OTHER_DISRUPTION,GROUP__9658__0022,INCIDENT,49.0,39.0,45.0,34.0,169.0,122.0,66.0,False
INCIDENT__241825-webtirf__74230,74230,2025-07-10 04:00:00,2025-07-10 01:00:00,2025-07-10 07:00:00,OTHER_DISRUPTION,GROUP__74230__0009,INCIDENT,0.0,0.0,1.0,1.0,9.0,8.0,9.0,False
INCIDENT__241835-webtirf__50240,50240,2025-07-10 05:00:00,2025-07-10 02:00:00,2025-07-10 08:00:00,OTHER_DISRUPTION,GROUP__50240__0033,INCIDENT,55.0,80.0,115.0,345.0,560.0,388.0,382.0,False
INCIDENT__241849-webtirf__50260,50260,2025-07-10 07:00:00,2025-07-10 04:00:00,2025-07-10 10:00:00,ACCIDENT,GROUP__50260__0006,INCIDENT,271.0,866.0,1749.0,2370.0,2486.0,2067.0,1916.0,False
INCIDENT__241875-webtirf__10011,10011,2025-07-10 17:00:00,2025-07-10 14:00:00,2025-07-10 20:00:00,ACCIDENT,GROUP__10011__0027,INCIDENT,0.0,0.0,0.0,0.0,0.0,0.0,0.0,True
INCIDENT__241875-webtirf__7139,7139,2025-07-10 17:00:00,2025-07-10 14:00:00,2025-07-10 20:00:00,ACCIDENT,GROUP__7139__0027,INCIDENT,383.0,386.0,289.0,176.0,85.0,57.0,56.0,False
INCIDENT__241879-webtirf__50240,50240,2025-07-10 20:00:00,2025-07-10 17:00:00,2025-07-10 23:00:00,ACCIDENT,GROUP__50240__0034,INCIDENT,179.0,164.0,126.0,98.0,72.0,62.0,50.0,False
INCIDENT__241884-webtirf__7161,7161,2025-07-10 21:00:00,2025-07-10 18:00:00,2025-07-11 00:00:00,ACCIDENT,GROUP__7161__0021,INCIDENT,102.0,60.0,49.0,35.0,36.0,20.0,16.0,False
INCIDENT__241915-webtirf__68025,68025,2025-07-11 01:00:00,2025-07-10 22:00:00,2025-07-11 04:00:00,OTHER_DISRUPTION,GROUP__68025__0026,INCIDENT,500.0,282.0,170.0,125.0,69.0,90.0,145.0,False
INCIDENT__241982-webtirf__7150,7150,2025-07-11 11:00:00,2025-07-11 08:00:00,2025-07-11 14:00:00,OTHER_DISRUPTION,GROUP__7150__0004,INCIDENT,102.0,95.0,89.0,101.0,105.0,101.0,102.0,False
INCIDENT__241991-webtirf__74228,74228,2025-07-11 14:00:00,2025-07-11 11:00:00,2025-07-11 17:00:00,OTHER_DISRUPTION,GROUP__74228__0004,INCIDENT,120.0,110.0,112.0,104.0,111.0,96.0,70.0,False
INCIDENT__241993-webtirf__7251,7251,2025-07-11 15:00:00,2025-07-11 12:00:00,2025-07-11 18:00:00,OTHER_DISRUPTION,GROUP__7251__0019,INCIDENT,139.0,174.0,173.0,163.0,144.0,134.0,73.0,False
INCIDENT__242013-webtirf__7120,7120,2025-07-12 02:00:00,2025-07-11 23:00:00,2025-07-12 05:00:00,ACCIDENT,GROUP__7120__0033,INCIDENT,15.0,6.0,18.0,6.0,15.0,14.0,33.0,False
INCIDENT__242013-webtirf__7121,7121,2025-07-12 02:00:00,2025-07-11 23:00:00,2025-07-12 05:00:00,ACCIDENT,GROUP__7121__0033,INCIDENT,275.0,6.0,6.0,8.0,6.0,5.0,7.0,False
INCIDENT__242021-webtirf__7179,7179,2025-07-12 04:00:00,2025-07-12 01:00:00,2025-07-12 07:00:00,OTHER_DISRUPTION,GROUP__7179__0055,INCIDENT,34.0,26.0,30.0,34.0,81.0,139.0,172.0,False
INCIDENT__242058-webtirf__F3FWY003,F3FWY003,2025-07-13 01:00:00,2025-07-12 22:00:00,2025-07-13 04:00:00,OTHER_DISRUPTION,GROUP__F3FWY003__0028,INCIDENT,0.0,0.0,0.0,0.0,0.0,0.0,0.0,True
INCIDENT__242069-webtirf__F3FWY004,F3FWY004,2025-07-13 07:00:00,2025-07-13 04:00:00,2025-07-13 10:00:00,ACCIDENT,GROUP__F3FWY004__0004,INCIDENT,29.0,64.0,85.0,135.0,175.0,236.0,289.0,False
INCIDENT__242093-webtirf__23067,23067,2025-07-13 20:00:00,2025-07-13 17:00:00,2025-07-13 23:00:00,OTHER_DISRUPTION,GROUP__23067__0024,INCIDENT,34.0,38.0,41.0,39.0,29.0,19.0,15.0,False
INCIDENT__242113-webtirf__53004,53004,2025-07-14 04:00:00,2025-07-14 01:00:00,2025-07-14 07:00:00,OTHER_DISRUPTION,GROUP__53004__0022,INCIDENT,10.0,11.0,16.0,31.0,85.0,255.0,171.0,False
INCIDENT__242124-webtirf__7179,7179,2025-07-14 05:00:00,2025-07-14 02:00:00,2025-07-14 08:00:00,ACCIDENT,GROUP__7179__0056,INCIDENT,42.0,52.0,86.0,201.0,300.0,366.0,403.0,False
INCIDENT__242137-webtirf__7132,7132,2025-07-14 08:00:00,2025-07-14 05:00:00,2025-07-14 11:00:00,ACCIDENT,GROUP__7132__0021,INCIDENT,993.0,1923.0,2038.0,1802.0,1224.0,1042.0,1024.0,False
INCIDENT__242152-webtirf__33014,33014,2025-07-14 10:00:00,2025-07-14 07:00:00,2025-07-14 13:00:00,OTHER_DISRUPTION,GROUP__33014__0034,INCIDENT,0.0,0.0,0.0,0.0,0.0,0.0,0.0,True
INCIDENT__242161-webtirf__50240,50240,2025-07-14 19:00:00,2025-07-14 16:00:00,2025-07-14 22:00:00,ACCIDENT,GROUP__50240__0035,INCIDENT,259.0,225.0,185.0,111.0,87.0,65.0,66.0,False
INCIDENT__242201-webtirf__7153,7153,2025-07-14 22:00:00,2025-07-14 19:00:00,2025-07-15 01:00:00,OTHER_DISRUPTION,GROUP__7153__0021,INCIDENT,76.0,69.0,52.0,45.0,44.0,29.0,32.0,False
INCIDENT__242307-webtirf__7163,7163,2025-07-15 06:00:00,2025-07-15 03:00:00,2025-07-15 09:00:00,OTHER_DISRUPTION,GROUP__7163__0022,INCIDENT,0.0,0.0,0.0,0.0,0.0,0.0,20.0,False
INCIDENT__242319-webtirf__7120,7120,2025-07-15 07:00:00,2025-07-15 04:00:00,2025-07-15 10:00:00,OTHER_DISRUPTION,GROUP__7120__0034,INCIDENT,33.0,59.0,104.0,104.0,80.0,99.0,92.0,False
INCIDENT__242319-webtirf__7121,7121,2025-07-15 07:00:00,2025-07-15 04:00:00,2025-07-15 10:00:00,OTHER_DISRUPTION,GROUP__7121__0034,INCIDENT,46.0,88.0,209.0,271.0,395.0,408.0,408.0,False
INCIDENT__242339-webtirf__7161,7161,2025-07-15 16:00:00,2025-07-15 13:00:00,2025-07-15 19:00:00,ACCIDENT,GROUP__7161__0022,INCIDENT,926.0,1124.0,1402.0,1472.0,1556.0,1098.0,608.0,False
INCIDENT__242362-webtirf__7163,7163,2025-07-15 22:00:00,2025-07-15 19:00:00,2025-07-16 01:00:00,ACCIDENT,GROUP__7163__0023,INCIDENT,14.0,9.0,9.0,9.0,5.0,11.0,8.0,False
INCIDENT__242393-webtirf__53004,53004,2025-07-16 04:00:00,2025-07-16 01:00:00,2025-07-16 07:00:00,OTHER_DISRUPTION,GROUP__53004__0023,INCIDENT,39.0,29.0,56.0,197.0,595.0,1325.0,1639.0,False
INCIDENT__242403-webtirf__53004,53004,2025-07-16 05:00:00,2025-07-16 02:00:00,2025-07-16 08:00:00,OTHER_DISRUPTION,GROUP__53004__0023,INCIDENT,29.0,56.0,197.0,595.0,1325.0,1639.0,1726.0,False
INCIDENT__242427-webtirf__7163,7163,2025-07-16 08:00:00,2025-07-16 05:00:00,2025-07-16 11:00:00,OTHER_DISRUPTION,GROUP__7163__0024,INCIDENT,46.0,113.0,87.0,92.0,87.0,89.0,90.0,False
INCIDENT__242436-webtirf__7163,7163,2025-07-16 20:00:00,2025-07-16 17:00:00,2025-07-16 23:00:00,OTHER_DISRUPTION,GROUP__7163__0025,INCIDENT,59.0,52.0,44.0,29.0,39.0,20.0,21.0,False
INCIDENT__242464-webtirf__F3FWY003,F3FWY003,2025-07-17 00:00:00,2025-07-16 21:00:00,2025-07-17 03:00:00,ACCIDENT,GROUP__F3FWY003__0029,INCIDENT,0.0,0.0,0.0,0.0,0.0,0.0,0.0,True
INCIDENT__242474-webtirf__7179,7179,2025-07-17 01:00:00,2025-07-16 22:00:00,2025-07-17 04:00:00,OTHER_DISRUPTION,GROUP__7179__0057,INCIDENT,69.0,85.0,314.0,149.0,176.0,223.0,415.0,False
INCIDENT__242475-webtirf__51235,51235,2025-07-17 01:00:00,2025-07-16 22:00:00,2025-07-17 04:00:00,OTHER_DISRUPTION,GROUP__51235__0033,INCIDENT,26.0,18.0,15.0,25.0,15.0,29.0,42.0,False
INCIDENT__242498-webtirf__68025,68025,2025-07-17 05:00:00,2025-07-17 02:00:00,2025-07-17 08:00:00,OTHER_DISRUPTION,GROUP__68025__0027,INCIDENT,2.0,4.0,23.0,50.0,122.0,110.0,90.0,False
INCIDENT__242502-webtirf__10011,10011,2025-07-17 05:00:00,2025-07-17 02:00:00,2025-07-17 08:00:00,OTHER_DISRUPTION,GROUP__10011__0028,INCIDENT,0.0,0.0,0.0,0.0,0.0,0.0,0.0,True
INCIDENT__242502-webtirf__7139,7139,2025-07-17 05:00:00,2025-07-17 02:00:00,2025-07-17 08:00:00,OTHER_DISRUPTION,GROUP__7139__0028,INCIDENT,0.0,0.0,0.0,0.0,0.0,0.0,0.0,True
INCIDENT__242544-webtirf__7179,7179,2025-07-17 20:00:00,2025-07-17 17:00:00,2025-07-17 23:00:00,ACCIDENT,GROUP__7179__0058,INCIDENT,2034.0,1790.0,1417.0,1250.0,1210.0,945.0,588.0,False
INCIDENT__242549-webtirf__7120,7120,2025-07-17 21:00:00,2025-07-17 18:00:00,2025-07-18 00:00:00,OTHER_DISRUPTION,GROUP__7120__0035,INCIDENT,35.0,21.0,30.0,27.0,18.0,9.0,12.0,False
INCIDENT__242549-webtirf__7121,7121,2025-07-17 21:00:00,2025-07-17 18:00:00,2025-07-18 00:00:00,OTHER_DISRUPTION,GROUP__7121__0035,INCIDENT,549.0,373.0,328.0,322.0,251.0,120.0,86.0,False
INCIDENT__242744-webtirf__7248,7248,2025-07-20 01:00:00,2025-07-19 22:00:00,2025-07-20 04:00:00,ACCIDENT,GROUP__7248__0027,INCIDENT,0.0,0.0,0.0,0.0,0.0,0.0,0.0,True
INCIDENT__242905-webtirf__47024,47024,2025-07-22 00:00:00,2025-07-21 21:00:00,2025-07-22 03:00:00,OTHER_DISRUPTION,GROUP__47024__0012,INCIDENT,64.0,51.0,53.0,365.0,237.0,199.0,244.0,False
INCIDENT__242906-webtirf__T0288,T0288,2025-07-22 00:00:00,2025-07-21 21:00:00,2025-07-22 03:00:00,ACCIDENT,GROUP__T0288__0010,INCIDENT,0.0,0.0,0.0,0.0,0.0,0.0,0.0,True
INCIDENT__242906-webtirf__T0289,T0289,2025-07-22 00:00:00,2025-07-21 21:00:00,2025-07-22 03:00:00,ACCIDENT,GROUP__T0289__0010,INCIDENT,0.0,0.0,0.0,0.0,0.0,0.0,0.0,True
INCIDENT__242906-webtirf__T0290,T0290,2025-07-22 00:00:00,2025-07-21 21:00:00,2025-07-22 03:00:00,ACCIDENT,GROUP__T0290__0010,INCIDENT,0.0,0.0,3.0,0.0,0.0,1.0,0.0,False
INCIDENT__242906-webtirf__T0479-PR,T0479-PR,2025-07-22 00:00:00,2025-07-21 21:00:00,2025-07-22 03:00:00,ACCIDENT,GROUP__T0479-PR__0010,INCIDENT,344.0,209.0,121.0,19.0,13.0,11.0,18.0,False
INCIDENT__242908-webtirf__7120,7120,2025-07-22 00:00:00,2025-07-21 21:00:00,2025-07-22 03:00:00,ACCIDENT,GROUP__7120__0036,INCIDENT,18.0,13.0,9.0,9.0,5.0,6.0,15.0,False
INCIDENT__242908-webtirf__7121,7121,2025-07-22 00:00:00,2025-07-21 21:00:00,2025-07-22 03:00:00,ACCIDENT,GROUP__7121__0036,INCIDENT,12.0,4.0,6.0,3.0,4.0,5.0,6.0,False
INCIDENT__242996-webtirf__7179,7179,2025-07-22 23:00:00,2025-07-22 20:00:00,2025-07-23 02:00:00,OTHER_DISRUPTION,GROUP__7179__0059,INCIDENT,1034.0,975.0,834.0,484.0,50.0,38.0,60.0,False
INCIDENT__242997-webtirf__51235,51235,2025-07-22 23:00:00,2025-07-22 20:00:00,2025-07-23 02:00:00,ACCIDENT,GROUP__51235__0034,INCIDENT,50.0,55.0,35.0,33.0,111.0,70.0,69.0,False
INCIDENT__243039-webtirf__74229,74229,2025-07-23 05:00:00,2025-07-23 02:00:00,2025-07-23 08:00:00,OTHER_DISRUPTION,GROUP__74229__0004,INCIDENT,4.0,4.0,3.0,13.0,26.0,37.0,37.0,False
INCIDENT__243103-webtirf__7161,7161,2025-07-24 00:00:00,2025-07-23 21:00:00,2025-07-24 03:00:00,OTHER_DISRUPTION,GROUP__7161__0023,INCIDENT,508.0,388.0,189.0,10.0,11.0,17.0,11.0,False
INCIDENT__243114-webtirf__7161,7161,2025-07-24 02:00:00,2025-07-23 23:00:00,2025-07-24 05:00:00,OTHER_DISRUPTION,GROUP__7161__0023,INCIDENT,189.0,10.0,11.0,17.0,11.0,29.0,105.0,False
INCIDENT__243116-webtirf__F3FWY006,F3FWY006,2025-07-24 02:00:00,2025-07-23 23:00:00,2025-07-24 05:00:00,OTHER_DISRUPTION,GROUP__F3FWY006__0004,INCIDENT,120.0,76.0,55.0,90.0,203.0,610.0,1515.0,False
INCIDENT__243146-webtirf__7274,7274,2025-07-24 05:00:00,2025-07-24 02:00:00,2025-07-24 08:00:00,OTHER_DISRUPTION,GROUP__7274__0020,INCIDENT,12.0,8.0,41.0,109.0,210.0,203.0,116.0,False
INCIDENT__243159-webtirf__7161,7161,2025-07-24 06:00:00,2025-07-24 03:00:00,2025-07-24 09:00:00,OTHER_DISRUPTION,GROUP__7161__0023,INCIDENT,11.0,29.0,105.0,163.0,147.0,133.0,143.0,False
INCIDENT__243286-webtirf__47024,47024,2025-07-25 06:00:00,2025-07-25 03:00:00,2025-07-25 09:00:00,OTHER_DISRUPTION,GROUP__47024__0013,INCIDENT,303.0,573.0,1144.0,1180.0,1135.0,1201.0,1128.0,False
INCIDENT__243298-webtirf__50260,50260,2025-07-25 08:00:00,2025-07-25 05:00:00,2025-07-25 11:00:00,ACCIDENT,GROUP__50260__0007,INCIDENT,662.0,1928.0,1722.0,1770.0,1392.0,1299.0,1460.0,False
INCIDENT__243357-webtirf__7179,7179,2025-07-25 11:00:00,2025-07-25 08:00:00,2025-07-25 14:00:00,OTHER_DISRUPTION,GROUP__7179__0060,INCIDENT,403.0,435.0,424.0,496.0,490.0,491.0,471.0,False
INCIDENT__243360.0-webtirf__7251,7251,2025-07-25 12:00:00,2025-07-25 09:00:00,2025-07-25 15:00:00,OTHER_DISRUPTION,GROUP__7251__0020,INCIDENT,707.0,719.0,810.0,848.0,861.0,1023.0,1213.0,False
INCIDENT__243408-webtirf__7251,7251,2025-07-26 00:00:00,2025-07-25 21:00:00,2025-07-26 03:00:00,OTHER_DISRUPTION,GROUP__7251__0021,INCIDENT,850.0,869.0,699.0,522.0,414.0,287.0,234.0,False
INCIDENT__243439-webtirf__68025,68025,2025-07-26 07:00:00,2025-07-26 04:00:00,2025-07-26 10:00:00,OTHER_DISRUPTION,GROUP__68025__0028,INCIDENT,8.0,15.0,25.0,26.0,49.0,47.0,51.0,False
INCIDENT__243440.0-webtirf__32029,32029,2025-07-26 07:00:00,2025-07-26 04:00:00,2025-07-26 10:00:00,OTHER_DISRUPTION,GROUP__32029__0004,INCIDENT,0.0,0.0,0.0,0.0,0.0,0.0,0.0,True
INCIDENT__243487-webtirf__7112,7112,2025-07-27 05:00:00,2025-07-27 02:00:00,2025-07-27 08:00:00,OTHER_DISRUPTION,GROUP__7112__0039,INCIDENT,5.0,7.0,10.0,20.0,38.0,47.0,42.0,False
INCIDENT__243528-webtirf__F3FWY004,F3FWY004,2025-07-27 23:00:00,2025-07-27 20:00:00,2025-07-28 02:00:00,OTHER_DISRUPTION,GROUP__F3FWY004__0005,INCIDENT,637.0,628.0,310.0,174.0,20.0,26.0,31.0,False
INCIDENT__243569-webtirf__7163,7163,2025-07-28 03:00:00,2025-07-28 00:00:00,2025-07-28 06:00:00,OTHER_DISRUPTION,GROUP__7163__0026,INCIDENT,11.0,7.0,3.0,4.0,18.0,39.0,82.0,False
INCIDENT__243589-webtirf__7112,7112,2025-07-28 06:00:00,2025-07-28 03:00:00,2025-07-28 09:00:00,OTHER_DISRUPTION,GROUP__7112__0040,INCIDENT,82.0,192.0,804.0,1488.0,1312.0,1273.0,994.0,False
INCIDENT__243623-webtirf__50240,50240,2025-07-28 23:00:00,2025-07-28 20:00:00,2025-07-29 02:00:00,OTHER_DISRUPTION,GROUP__50240__0036,INCIDENT,1657.0,1375.0,1194.0,626.0,40.0,44.0,37.0,False
INCIDENT__243678-webtirf__10011,10011,2025-07-29 06:00:00,2025-07-29 03:00:00,2025-07-29 09:00:00,OTHER_DISRUPTION,GROUP__10011__0029,INCIDENT,0.0,0.0,0.0,0.0,0.0,0.0,0.0,True
INCIDENT__243678-webtirf__7139,7139,2025-07-29 06:00:00,2025-07-29 03:00:00,2025-07-29 09:00:00,OTHER_DISRUPTION,GROUP__7139__0029,INCIDENT,17.0,22.0,69.0,183.0,220.0,257.0,305.0,False
INCIDENT__243694-webtirf__T0231,T0231,2025-07-29 09:00:00,2025-07-29 06:00:00,2025-07-29 12:00:00,ACCIDENT,GROUP__T0231__0008,INCIDENT,202.0,114.0,118.0,106.0,97.0,96.0,90.0,False
INCIDENT__243755-webtirf__7270,7270,2025-07-30 03:00:00,2025-07-30 00:00:00,2025-07-30 06:00:00,ACCIDENT,GROUP__7270__0012,INCIDENT,144.0,80.0,82.0,112.0,311.0,1182.0,1758.0,False
INCIDENT__243814-webtirf__F3FWY001,F3FWY001,2025-07-30 09:00:00,2025-07-30 06:00:00,2025-07-30 12:00:00,ACCIDENT,GROUP__F3FWY001__0007,INCIDENT,1515.0,1756.0,1763.0,1702.0,1769.0,744.0,1790.0,False
INCIDENT__243829-webtirf__7272,7272,2025-07-30 14:00:00,2025-07-30 11:00:00,2025-07-30 17:00:00,OTHER_DISRUPTION,GROUP__7272__0001,INCIDENT,398.0,412.0,443.0,438.0,356.0,420.0,425.0,False
INCIDENT__243831-webtirf__53004,53004,2025-07-30 17:00:00,2025-07-30 14:00:00,2025-07-30 20:00:00,OTHER_DISRUPTION,GROUP__53004__0024,INCIDENT,0.0,53.0,65.0,39.0,45.0,25.0,21.0,False
INCIDENT__243839-webtirf__7270,7270,2025-07-30 20:00:00,2025-07-30 17:00:00,2025-07-30 23:00:00,OTHER_DISRUPTION,GROUP__7270__0013,INCIDENT,1231.0,1407.0,835.0,704.0,700.0,479.0,255.0,False
INCIDENT__243850.0-webtirf__10011,10011,2025-07-30 21:00:00,2025-07-30 18:00:00,2025-07-31 00:00:00,OTHER_DISRUPTION,GROUP__10011__0030,INCIDENT,0.0,0.0,0.0,0.0,0.0,0.0,0.0,True
INCIDENT__243850.0-webtirf__7139,7139,2025-07-30 21:00:00,2025-07-30 18:00:00,2025-07-31 00:00:00,OTHER_DISRUPTION,GROUP__7139__0030,INCIDENT,99.0,55.0,38.0,43.0,23.0,26.0,232.0,False
INCIDENT__243863-webtirf__7120,7120,2025-07-30 22:00:00,2025-07-30 19:00:00,2025-07-31 01:00:00,OTHER_DISRUPTION,GROUP__7120__0037,INCIDENT,19.0,27.0,18.0,12.0,9.0,113.0,74.0,False
INCIDENT__243863-webtirf__7121,7121,2025-07-30 22:00:00,2025-07-30 19:00:00,2025-07-31 01:00:00,OTHER_DISRUPTION,GROUP__7121__0037,INCIDENT,17.0,14.0,15.0,5.0,4.0,2.0,3.0,False
INCIDENT__243887-webtirf__53004,53004,2025-07-31 00:00:00,2025-07-30 21:00:00,2025-07-31 03:00:00,ACCIDENT,GROUP__53004__0025,INCIDENT,7.0,12.0,8.0,146.0,89.0,45.0,28.0,False
INCIDENT__243899-webtirf__7184,7184,2025-07-31 00:00:00,2025-07-30 21:00:00,2025-07-31 03:00:00,ACCIDENT,GROUP__7184__0023,INCIDENT,32.0,25.0,17.0,123.0,69.0,94.0,89.0,False
INCIDENT__243928-webtirf__10011,10011,2025-07-31 03:00:00,2025-07-31 00:00:00,2025-07-31 06:00:00,OTHER_DISRUPTION,GROUP__10011__0030,INCIDENT,0.0,0.0,0.0,0.0,0.0,0.0,0.0,True
INCIDENT__243928-webtirf__7139,7139,2025-07-31 03:00:00,2025-07-31 00:00:00,2025-07-31 06:00:00,OTHER_DISRUPTION,GROUP__7139__0030,INCIDENT,232.0,144.0,84.0,82.0,152.0,553.0,1425.0,False
INCIDENT__243930.0-webtirf__23067,23067,2025-07-31 03:00:00,2025-07-31 00:00:00,2025-07-31 06:00:00,ACCIDENT,GROUP__23067__0025,INCIDENT,19.0,24.0,20.0,35.0,56.0,82.0,134.0,False
INCIDENT__243945-webtirf__33014,33014,2025-07-31 05:00:00,2025-07-31 02:00:00,2025-07-31 08:00:00,ACCIDENT,GROUP__33014__0035,INCIDENT,0.0,0.0,0.0,0.0,0.0,0.0,0.0,True
INCIDENT__243960.0-webtirf__7179,7179,2025-07-31 07:00:00,2025-07-31 04:00:00,2025-07-31 10:00:00,ACCIDENT,GROUP__7179__0061,INCIDENT,415.0,841.0,1317.0,1612.0,1661.0,1372.0,1409.0,False
INCIDENT__243965-webtirf__7126,7126,2025-07-31 09:00:00,2025-07-31 06:00:00,2025-07-31 12:00:00,ACCIDENT,GROUP__7126__0012,INCIDENT,73.0,65.0,74.0,62.0,60.0,51.0,63.0,False
INCIDENT__243986-webtirf__7120,7120,2025-07-31 22:00:00,2025-07-31 19:00:00,2025-08-01 01:00:00,OTHER_DISRUPTION,GROUP__7120__0038,INCIDENT,603.0,578.0,506.0,414.0,290.0,156.0,115.0,False
INCIDENT__243986-webtirf__7121,7121,2025-07-31 22:00:00,2025-07-31 19:00:00,2025-08-01 01:00:00,OTHER_DISRUPTION,GROUP__7121__0038,INCIDENT,13.0,14.0,20.0,9.0,6.0,7.0,8.0,False
INCIDENT__244008-webtirf__53004,53004,2025-08-01 01:00:00,2025-07-31 22:00:00,2025-08-01 04:00:00,ACCIDENT,GROUP__53004__0026,INCIDENT,690.0,429.0,0.0,0.0,0.0,0.0,0.0,False
INCIDENT__244009-webtirf__7270,7270,2025-08-01 01:00:00,2025-07-31 22:00:00,2025-08-01 04:00:00,OTHER_DISRUPTION,GROUP__7270__0014,INCIDENT,526.0,285.0,174.0,86.0,82.0,111.0,312.0,False
INCIDENT__244026-webtirf__50250,50250,2025-08-01 03:00:00,2025-08-01 00:00:00,2025-08-01 06:00:00,ACCIDENT,GROUP__50250__0004,INCIDENT,0.0,0.0,1.0,3.0,5.0,19.0,45.0,False
INCIDENT__244058-webtirf__7248,7248,2025-08-01 06:00:00,2025-08-01 03:00:00,2025-08-01 09:00:00,OTHER_DISRUPTION,GROUP__7248__0029,INCIDENT,136.0,332.0,1076.0,1129.0,1158.0,1346.0,1087.0,False
INCIDENT__244075-webtirf__7163,7163,2025-08-01 09:00:00,2025-08-01 06:00:00,2025-08-01 12:00:00,OTHER_DISRUPTION,GROUP__7163__0027,INCIDENT,100.0,87.0,124.0,88.0,115.0,103.0,74.0,False
INCIDENT__244091-webtirf__53004,53004,2025-08-01 19:00:00,2025-08-01 16:00:00,2025-08-01 22:00:00,ACCIDENT,GROUP__53004__0027,INCIDENT,25.0,16.0,10.0,6.0,5.0,3.0,0.0,False
INCIDENT__244105-webtirf__7179,7179,2025-08-01 22:00:00,2025-08-01 19:00:00,2025-08-02 01:00:00,ACCIDENT,GROUP__7179__0062,INCIDENT,1348.0,1223.0,1044.0,1026.0,781.0,54.0,35.0,False
INCIDENT__244164-webtirf__F3FWY004,F3FWY004,2025-08-02 05:00:00,2025-08-02 02:00:00,2025-08-02 08:00:00,OTHER_DISRUPTION,GROUP__F3FWY004__0006,INCIDENT,53.0,73.0,108.0,119.0,137.0,159.0,184.0,False
INCIDENT__244192-webtirf__7161,7161,2025-08-02 08:00:00,2025-08-02 05:00:00,2025-08-02 11:00:00,OTHER_DISRUPTION,GROUP__7161__0024,INCIDENT,174.0,279.0,499.0,701.0,1008.0,1154.0,1244.0,False
INCIDENT__244218-webtirf__7275,7275,2025-08-02 10:00:00,2025-08-02 07:00:00,2025-08-02 13:00:00,ACCIDENT,GROUP__7275__0004,INCIDENT,25.0,24.0,31.0,39.0,34.0,39.0,45.0,False
INCIDENT__244317-webtirf__7179,7179,2025-08-03 00:00:00,2025-08-02 21:00:00,2025-08-03 03:00:00,OTHER_DISRUPTION,GROUP__7179__0063,INCIDENT,71.0,54.0,58.0,43.0,33.0,11.0,15.0,False
INCIDENT__244351-webtirf__F3FWY003,F3FWY003,2025-08-03 02:00:00,2025-08-02 23:00:00,2025-08-03 05:00:00,ACCIDENT,GROUP__F3FWY003__0030,INCIDENT,45.0,411.0,157.0,89.0,68.0,68.0,174.0,False
INCIDENT__244390.0-webtirf__74228,74228,2025-08-03 05:00:00,2025-08-03 02:00:00,2025-08-03 08:00:00,ACCIDENT,GROUP__74228__0005,INCIDENT,4.0,4.0,3.0,2.0,10.0,15.0,25.0,False
INCIDENT__244417-webtirf__33014,33014,2025-08-03 08:00:00,2025-08-03 05:00:00,2025-08-03 11:00:00,OTHER_DISRUPTION,GROUP__33014__0036,INCIDENT,0.0,0.0,0.0,0.0,0.0,0.0,0.0,True
INCIDENT__244430.0-webtirf__7270,7270,2025-08-03 09:00:00,2025-08-03 06:00:00,2025-08-03 12:00:00,ACCIDENT,GROUP__7270__0015,INCIDENT,49.0,65.0,63.0,77.0,79.0,86.0,68.0,False
INCIDENT__244521-webtirf__7179,7179,2025-08-04 01:00:00,2025-08-03 22:00:00,2025-08-04 04:00:00,OTHER_DISRUPTION,GROUP__7179__0064,INCIDENT,54.0,46.0,286.0,172.0,115.0,200.0,363.0,False
INCIDENT__244543-webtirf__7112,7112,2025-08-04 02:00:00,2025-08-03 23:00:00,2025-08-04 05:00:00,OTHER_DISRUPTION,GROUP__7112__0041,INCIDENT,249.0,132.0,75.0,61.0,84.0,202.0,845.0,False
INCIDENT__244633-webtirf__7179,7179,2025-08-04 08:00:00,2025-08-04 05:00:00,2025-08-04 11:00:00,ACCIDENT,GROUP__7179__0065,INCIDENT,810.0,1254.0,1632.0,1681.0,1522.0,1301.0,1370.0,False
INCIDENT__244636-webtirf__7184,7184,2025-08-04 09:00:00,2025-08-04 06:00:00,2025-08-04 12:00:00,OTHER_DISRUPTION,GROUP__7184__0024,INCIDENT,1838.0,2854.0,2678.0,2305.0,2115.0,2001.0,1829.0,False
INCIDENT__244661-webtirf__7120,7120,2025-08-04 21:00:00,2025-08-04 18:00:00,2025-08-05 00:00:00,OTHER_DISRUPTION,GROUP__7120__0039,INCIDENT,41.0,25.0,27.0,19.0,10.0,10.0,73.0,False
INCIDENT__244661-webtirf__7121,7121,2025-08-04 21:00:00,2025-08-04 18:00:00,2025-08-05 00:00:00,OTHER_DISRUPTION,GROUP__7121__0039,INCIDENT,23.0,27.0,20.0,8.0,10.0,4.0,40.0,False
INCIDENT__244708-webtirf__68025,68025,2025-08-05 03:00:00,2025-08-05 00:00:00,2025-08-05 06:00:00,OTHER_DISRUPTION,GROUP__68025__0029,INCIDENT,95.0,65.0,44.0,56.0,154.0,467.0,919.0,False
INCIDENT__244797-webtirf__7270,7270,2025-08-06 00:00:00,2025-08-05 21:00:00,2025-08-06 03:00:00,ACCIDENT,GROUP__7270__0016,INCIDENT,66.0,40.0,31.0,145.0,82.0,69.0,123.0,False
INCIDENT__244842-webtirf__74230,74230,2025-08-06 06:00:00,2025-08-06 03:00:00,2025-08-06 09:00:00,OTHER_DISRUPTION,GROUP__74230__0010,INCIDENT,0.0,0.0,0.0,0.0,0.0,0.0,0.0,True
INCIDENT__244874-webtirf__7248,7248,2025-08-06 20:00:00,2025-08-06 17:00:00,2025-08-06 23:00:00,ACCIDENT,GROUP__7248__0030,INCIDENT,111.0,135.0,113.0,90.0,72.0,56.0,53.0,False
INCIDENT__244894-webtirf__33014,33014,2025-08-07 00:00:00,2025-08-06 21:00:00,2025-08-07 03:00:00,OTHER_DISRUPTION,GROUP__33014__0037,INCIDENT,0.0,0.0,0.0,0.0,0.0,0.0,0.0,True
INCIDENT__244920.0-webtirf__7251,7251,2025-08-07 02:00:00,2025-08-06 23:00:00,2025-08-07 05:00:00,OTHER_DISRUPTION,GROUP__7251__0022,INCIDENT,918.0,465.0,244.0,230.0,186.0,244.0,195.0,False
INCIDENT__244979-webtirf__9658,9658,2025-08-07 08:00:00,2025-08-07 05:00:00,2025-08-07 11:00:00,ACCIDENT,GROUP__9658__0023,INCIDENT,107.0,154.0,116.0,129.0,159.0,194.0,214.0,False
INCIDENT__244980.0-webtirf__F3FWY003,F3FWY003,2025-08-07 08:00:00,2025-08-07 05:00:00,2025-08-07 11:00:00,OTHER_DISRUPTION,GROUP__F3FWY003__0031,INCIDENT,632.0,1450.0,1648.0,1577.0,1727.0,1793.0,1750.0,False
INCIDENT__245017-webtirf__7179,7179,2025-08-07 21:00:00,2025-08-07 18:00:00,2025-08-08 00:00:00,OTHER_DISRUPTION,GROUP__7179__0066,INCIDENT,1799.0,1347.0,1215.0,1116.0,920.0,528.0,52.0,False
INCIDENT__245026-webtirf__29005,29005,2025-08-07 22:00:00,2025-08-07 19:00:00,2025-08-08 01:00:00,OTHER_DISRUPTION,GROUP__29005__0019,INCIDENT,138.0,120.0,0.0,64.0,47.0,277.0,143.0,False
INCIDENT__245032-webtirf__74228,74228,2025-08-07 22:00:00,2025-08-07 19:00:00,2025-08-08 01:00:00,ACCIDENT,GROUP__74228__0006,INCIDENT,566.0,416.0,324.0,179.0,82.0,40.0,25.0,False
INCIDENT__245049-webtirf__68025,68025,2025-08-08 00:00:00,2025-08-07 21:00:00,2025-08-08 03:00:00,OTHER_DISRUPTION,GROUP__68025__0030,INCIDENT,479.0,316.0,190.0,107.0,66.0,53.0,63.0,False
INCIDENT__245069-webtirf__7179,7179,2025-08-08 03:00:00,2025-08-08 00:00:00,2025-08-08 06:00:00,OTHER_DISRUPTION,GROUP__7179__0066,INCIDENT,52.0,41.0,59.0,60.0,92.0,207.0,303.0,False
INCIDENT__245089-webtirf__7179,7179,2025-08-08 06:00:00,2025-08-08 03:00:00,2025-08-08 09:00:00,OTHER_DISRUPTION,GROUP__7179__0066,INCIDENT,60.0,92.0,207.0,303.0,365.0,423.0,441.0,False
INCIDENT__245111-webtirf__F3FWY003,F3FWY003,2025-08-08 13:00:00,2025-08-08 10:00:00,2025-08-08 16:00:00,OTHER_DISRUPTION,GROUP__F3FWY003__0032,INCIDENT,599.0,616.0,560.0,602.0,598.0,619.0,605.0,False
INCIDENT__245115-webtirf__F3FWY003,F3FWY003,2025-08-08 16:00:00,2025-08-08 13:00:00,2025-08-08 19:00:00,OTHER_DISRUPTION,GROUP__F3FWY003__0032,INCIDENT,602.0,598.0,619.0,605.0,465.0,327.0,238.0,False
INCIDENT__245140.0-webtirf__7112,7112,2025-08-09 01:00:00,2025-08-08 22:00:00,2025-08-09 04:00:00,ACCIDENT,GROUP__7112__0042,INCIDENT,538.0,362.0,14.0,13.0,17.0,10.0,25.0,False
INCIDENT__245153-webtirf__74230,74230,2025-08-09 03:00:00,2025-08-09 00:00:00,2025-08-09 06:00:00,ACCIDENT,GROUP__74230__0011,INCIDENT,0.0,0.0,0.0,0.0,0.0,0.0,0.0,True
INCIDENT__245194-webtirf__7163,7163,2025-08-09 15:00:00,2025-08-09 12:00:00,2025-08-09 18:00:00,OTHER_DISRUPTION,GROUP__7163__0028,INCIDENT,51.0,51.0,51.0,45.0,48.0,49.0,40.0,False
INCIDENT__245196-webtirf__68025,68025,2025-08-09 17:00:00,2025-08-09 14:00:00,2025-08-09 20:00:00,OTHER_DISRUPTION,GROUP__68025__0031,INCIDENT,34.0,34.0,20.0,35.0,17.0,20.0,16.0,False
INCIDENT__245231-webtirf__53004,53004,2025-08-10 03:00:00,2025-08-10 00:00:00,2025-08-10 06:00:00,ACCIDENT,GROUP__53004__0028,INCIDENT,2.0,3.0,2.0,6.0,6.0,13.0,19.0,False
INCIDENT__245251-webtirf__F3FWY003,F3FWY003,2025-08-10 08:00:00,2025-08-10 05:00:00,2025-08-10 11:00:00,ACCIDENT,GROUP__F3FWY003__0033,INCIDENT,76.0,105.0,124.0,183.0,216.0,282.0,262.0,False
INCIDENT__245274-webtirf__7248,7248,2025-08-10 19:00:00,2025-08-10 16:00:00,2025-08-10 22:00:00,ACCIDENT,GROUP__7248__0031,INCIDENT,1163.0,1079.0,933.0,797.0,668.0,647.0,456.0,False
INCIDENT__245294-webtirf__23067,23067,2025-08-10 22:00:00,2025-08-10 19:00:00,2025-08-11 01:00:00,OTHER_DISRUPTION,GROUP__23067__0026,INCIDENT,29.0,43.0,22.0,17.0,17.0,6.0,15.0,False
INCIDENT__245327-webtirf__7184,7184,2025-08-11 01:00:00,2025-08-10 22:00:00,2025-08-11 04:00:00,OTHER_DISRUPTION,GROUP__7184__0025,INCIDENT,23.0,22.0,22.0,21.0,28.0,33.0,43.0,False
INCIDENT__245349-webtirf__7120,7120,2025-08-11 04:00:00,2025-08-11 01:00:00,2025-08-11 07:00:00,OTHER_DISRUPTION,GROUP__7120__0040,INCIDENT,100.0,72.0,104.0,197.0,641.0,831.0,753.0,False
INCIDENT__245349-webtirf__7121,7121,2025-08-11 04:00:00,2025-08-11 01:00:00,2025-08-11 07:00:00,OTHER_DISRUPTION,GROUP__7121__0040,INCIDENT,92.0,87.0,128.0,81.0,111.0,214.0,337.0,False
INCIDENT__245367-webtirf__7270,7270,2025-08-11 06:00:00,2025-08-11 03:00:00,2025-08-11 09:00:00,ACCIDENT,GROUP__7270__0017,INCIDENT,113.0,381.0,1175.0,2079.0,1510.0,1683.0,1406.0,False
INCIDENT__245369-webtirf__7179,7179,2025-08-11 06:00:00,2025-08-11 03:00:00,2025-08-11 09:00:00,OTHER_DISRUPTION,GROUP__7179__0067,INCIDENT,194.0,342.0,844.0,1312.0,1484.0,1597.0,1260.0,False
INCIDENT__245396-webtirf__68025,68025,2025-08-11 21:00:00,2025-08-11 18:00:00,2025-08-12 00:00:00,OTHER_DISRUPTION,GROUP__68025__0032,INCIDENT,772.0,601.0,461.0,365.0,278.0,171.0,102.0,False
INCIDENT__245514-webtirf__7179,7179,2025-08-12 12:00:00,2025-08-12 09:00:00,2025-08-12 15:00:00,ACCIDENT,GROUP__7179__0068,INCIDENT,1528.0,1410.0,1363.0,1388.0,1559.0,1765.0,1929.0,False
INCIDENT__245526-webtirf__9834-PR,9834-PR,2025-08-12 22:00:00,2025-08-12 19:00:00,2025-08-13 01:00:00,OTHER_DISRUPTION,GROUP__9834-PR__0003,INCIDENT,426.0,303.0,265.0,148.0,55.0,37.0,19.0,False
INCIDENT__245534-webtirf__10011,10011,2025-08-12 23:00:00,2025-08-12 20:00:00,2025-08-13 02:00:00,OTHER_DISRUPTION,GROUP__10011__0031,INCIDENT,0.0,0.0,0.0,0.0,0.0,0.0,0.0,True
INCIDENT__245534-webtirf__7139,7139,2025-08-12 23:00:00,2025-08-12 20:00:00,2025-08-13 02:00:00,OTHER_DISRUPTION,GROUP__7139__0031,INCIDENT,51.0,37.0,31.0,33.0,16.0,16.0,20.0,False
INCIDENT__245539-webtirf__7163,7163,2025-08-13 00:00:00,2025-08-12 21:00:00,2025-08-13 03:00:00,OTHER_DISRUPTION,GROUP__7163__0029,INCIDENT,371.0,532.0,306.0,18.0,18.0,13.0,18.0,False
INCIDENT__245561-webtirf__9658,9658,2025-08-13 02:00:00,2025-08-12 23:00:00,2025-08-13 05:00:00,ACCIDENT,GROUP__9658__0024,INCIDENT,45.0,147.0,99.0,53.0,73.0,191.0,506.0,False
INCIDENT__245581-webtirf__7112,7112,2025-08-13 06:00:00,2025-08-13 03:00:00,2025-08-13 09:00:00,OTHER_DISRUPTION,GROUP__7112__0043,INCIDENT,0.0,0.0,0.0,0.0,0.0,0.0,0.0,True
INCIDENT__245595-webtirf__50240,50240,2025-08-13 07:00:00,2025-08-13 04:00:00,2025-08-13 10:00:00,OTHER_DISRUPTION,GROUP__50240__0037,INCIDENT,142.0,361.0,538.0,412.0,359.0,386.0,371.0,False
INCIDENT__245599-webtirf__7179,7179,2025-08-13 08:00:00,2025-08-13 05:00:00,2025-08-13 11:00:00,ACCIDENT,GROUP__7179__0069,INCIDENT,865.0,1361.0,1547.0,1566.0,1489.0,1412.0,1462.0,False
INCIDENT__245626-webtirf__7164,7164,2025-08-13 22:00:00,2025-08-13 19:00:00,2025-08-14 01:00:00,OTHER_DISRUPTION,GROUP__7164__0014,INCIDENT,403.0,240.0,323.0,247.0,126.0,79.0,59.0,False
INCIDENT__245672-webtirf__53004,53004,2025-08-14 03:00:00,2025-08-14 00:00:00,2025-08-14 06:00:00,ACCIDENT,GROUP__53004__0029,INCIDENT,13.0,15.0,12.0,11.0,24.0,33.0,90.0,False
INCIDENT__245678-webtirf__7248,7248,2025-08-14 04:00:00,2025-08-14 01:00:00,2025-08-14 07:00:00,ACCIDENT,GROUP__7248__0032,INCIDENT,118.0,93.0,120.0,375.0,1117.0,1343.0,1432.0,False
INCIDENT__245764-webtirf__33014,33014,2025-08-14 13:00:00,2025-08-14 10:00:00,2025-08-14 16:00:00,OTHER_DISRUPTION,GROUP__33014__0038,INCIDENT,0.0,0.0,0.0,0.0,0.0,0.0,0.0,True
INCIDENT__245772-webtirf__7159,7159,2025-08-14 21:00:00,2025-08-14 18:00:00,2025-08-15 00:00:00,ACCIDENT,GROUP__7159__0010,INCIDENT,79.0,63.0,54.0,37.0,37.0,22.0,27.0,False
INCIDENT__245773-webtirf__7163,7163,2025-08-14 21:00:00,2025-08-14 18:00:00,2025-08-15 00:00:00,OTHER_DISRUPTION,GROUP__7163__0030,INCIDENT,685.0,485.0,454.0,413.0,307.0,206.0,128.0,False
INCIDENT__245782-webtirf__33014,33014,2025-08-14 23:00:00,2025-08-14 20:00:00,2025-08-15 02:00:00,OTHER_DISRUPTION,GROUP__33014__0039,INCIDENT,0.0,0.0,0.0,0.0,0.0,0.0,0.0,True
INCIDENT__245787-webtirf__7179,7179,2025-08-14 23:00:00,2025-08-14 20:00:00,2025-08-15 02:00:00,OTHER_DISRUPTION,GROUP__7179__0070,INCIDENT,1210.0,1162.0,975.0,563.0,327.0,181.0,127.0,False
INCIDENT__245854-webtirf__9849,9849,2025-08-15 07:00:00,2025-08-15 04:00:00,2025-08-15 10:00:00,ACCIDENT,GROUP__9849__0008,INCIDENT,7.0,25.0,113.0,81.0,60.0,63.0,75.0,False
INCIDENT__245902-webtirf__7274,7274,2025-08-16 02:00:00,2025-08-15 23:00:00,2025-08-16 05:00:00,OTHER_DISRUPTION,GROUP__7274__0021,INCIDENT,19.0,26.0,16.0,5.0,6.0,17.0,25.0,False
INCIDENT__245908-webtirf__68025,68025,2025-08-16 04:00:00,2025-08-16 01:00:00,2025-08-16 07:00:00,OTHER_DISRUPTION,GROUP__68025__0033,INCIDENT,132.0,84.0,90.0,96.0,217.0,345.0,448.0,False
INCIDENT__245912-webtirf__53004,53004,2025-08-16 05:00:00,2025-08-16 02:00:00,2025-08-16 08:00:00,OTHER_DISRUPTION,GROUP__53004__0030,INCIDENT,7.0,6.0,15.0,37.0,74.0,66.0,66.0,False
INCIDENT__245943-webtirf__F3FWY001,F3FWY001,2025-08-17 01:00:00,2025-08-16 22:00:00,2025-08-17 04:00:00,OTHER_DISRUPTION,GROUP__F3FWY001__0008,INCIDENT,51.0,42.0,42.0,20.0,25.0,40.0,55.0,False
INCIDENT__245952-webtirf__7112,7112,2025-08-17 05:00:00,2025-08-17 02:00:00,2025-08-17 08:00:00,OTHER_DISRUPTION,GROUP__7112__0044,INCIDENT,108.0,90.0,73.0,169.0,344.0,416.0,542.0,False
INCIDENT__245981-webtirf__10011,10011,2025-08-17 17:00:00,2025-08-17 14:00:00,2025-08-17 20:00:00,OTHER_DISRUPTION,GROUP__10011__0032,INCIDENT,0.0,0.0,0.0,0.0,0.0,0.0,0.0,True
INCIDENT__245981-webtirf__7139,7139,2025-08-17 17:00:00,2025-08-17 14:00:00,2025-08-17 20:00:00,OTHER_DISRUPTION,GROUP__7139__0032,INCIDENT,2580.0,2601.0,2637.0,2457.0,2237.0,1284.0,1019.0,False
INCIDENT__245989-webtirf__7179,7179,2025-08-17 21:00:00,2025-08-17 18:00:00,2025-08-18 00:00:00,OTHER_DISRUPTION,GROUP__7179__0071,INCIDENT,120.0,79.0,80.0,67.0,51.0,32.0,29.0,False
INCIDENT__246026-webtirf__7163,7163,2025-08-18 02:00:00,2025-08-17 23:00:00,2025-08-18 05:00:00,ACCIDENT,GROUP__7163__0031,INCIDENT,23.0,81.0,49.0,35.0,55.0,108.0,273.0,False
INCIDENT__246048-webtirf__7153,7153,2025-08-18 05:00:00,2025-08-18 02:00:00,2025-08-18 08:00:00,OTHER_DISRUPTION,GROUP__7153__0022,INCIDENT,28.0,41.0,77.0,174.0,336.0,258.0,222.0,False
INCIDENT__246096-webtirf__F3FWY003,F3FWY003,2025-08-18 12:00:00,2025-08-18 09:00:00,2025-08-18 15:00:00,ACCIDENT,GROUP__F3FWY003__0034,INCIDENT,1626.0,1789.0,1834.0,1760.0,1818.0,2133.0,2655.0,False
INCIDENT__246106-webtirf__7274,7274,2025-08-18 20:00:00,2025-08-18 17:00:00,2025-08-18 23:00:00,ACCIDENT,GROUP__7274__0022,INCIDENT,887.0,623.0,498.0,450.0,391.0,276.0,143.0,False
INCIDENT__246108-webtirf__7112,7112,2025-08-18 20:00:00,2025-08-18 17:00:00,2025-08-18 23:00:00,ACCIDENT,GROUP__7112__0045,INCIDENT,46.0,33.0,27.0,7.0,13.0,11.0,16.0,False
INCIDENT__246177-webtirf__34016,34016,2025-08-19 06:00:00,2025-08-19 03:00:00,2025-08-19 09:00:00,OTHER_DISRUPTION,GROUP__34016__0007,INCIDENT,11.0,41.0,134.0,349.0,596.0,793.0,721.0,False
INCIDENT__246224-webtirf__68025,68025,2025-08-19 18:00:00,2025-08-19 15:00:00,2025-08-19 21:00:00,OTHER_DISRUPTION,GROUP__68025__0034,INCIDENT,946.0,916.0,989.0,843.0,578.0,441.0,422.0,False
INCIDENT__246229-webtirf__7153,7153,2025-08-19 20:00:00,2025-08-19 17:00:00,2025-08-19 23:00:00,ACCIDENT,GROUP__7153__0023,INCIDENT,1047.0,935.0,662.0,464.0,466.0,293.0,148.0,False
INCIDENT__246275-webtirf__7112,7112,2025-08-20 01:00:00,2025-08-19 22:00:00,2025-08-20 04:00:00,ACCIDENT,GROUP__7112__0046,INCIDENT,1.0,1.0,0.0,0.0,0.0,0.0,0.0,False
INCIDENT__246301-webtirf__7270,7270,2025-08-20 02:00:00,2025-08-19 23:00:00,2025-08-20 05:00:00,OTHER_DISRUPTION,GROUP__7270__0018,INCIDENT,31.0,24.0,25.0,37.0,44.0,127.0,224.0,False
INCIDENT__246391-webtirf__7119-PR,7119-PR,2025-08-20 06:00:00,2025-08-20 03:00:00,2025-08-20 09:00:00,ACCIDENT,GROUP__7119-PR__0011,INCIDENT,54.0,96.0,214.0,457.0,510.0,604.0,619.0,False
INCIDENT__246472-webtirf__68025,68025,2025-08-20 20:00:00,2025-08-20 17:00:00,2025-08-20 23:00:00,OTHER_DISRUPTION,GROUP__68025__0035,INCIDENT,934.0,780.0,580.0,440.0,389.0,261.0,157.0,False
INCIDENT__246479-webtirf__7112,7112,2025-08-20 20:00:00,2025-08-20 17:00:00,2025-08-20 23:00:00,OTHER_DISRUPTION,GROUP__7112__0047,INCIDENT,0.0,0.0,0.0,0.0,0.0,0.0,0.0,True
INCIDENT__246521-webtirf__51235,51235,2025-08-20 22:00:00,2025-08-20 19:00:00,2025-08-21 01:00:00,OTHER_DISRUPTION,GROUP__51235__0035,INCIDENT,73.0,41.0,24.0,27.0,15.0,23.0,15.0,False
INCIDENT__246742-webtirf__74230,74230,2025-08-21 06:00:00,2025-08-21 03:00:00,2025-08-21 09:00:00,OTHER_DISRUPTION,GROUP__74230__0012,INCIDENT,0.0,0.0,0.0,0.0,0.0,0.0,0.0,True
INCIDENT__246744-webtirf__7248,7248,2025-08-21 06:00:00,2025-08-21 03:00:00,2025-08-21 09:00:00,OTHER_DISRUPTION,GROUP__7248__0033,INCIDENT,0.0,0.0,0.0,0.0,0.0,0.0,0.0,True
INCIDENT__246810.0-webtirf__53004,53004,2025-08-21 22:00:00,2025-08-21 19:00:00,2025-08-22 01:00:00,ACCIDENT,GROUP__53004__0031,INCIDENT,49.0,36.0,30.0,31.0,25.0,168.0,80.0,False
INCIDENT__246912-webtirf__74230,74230,2025-08-22 05:00:00,2025-08-22 02:00:00,2025-08-22 08:00:00,OTHER_DISRUPTION,GROUP__74230__0013,INCIDENT,0.0,0.0,0.0,0.0,0.0,0.0,0.0,True
INCIDENT__246934-webtirf__47024,47024,2025-08-22 07:00:00,2025-08-22 04:00:00,2025-08-22 10:00:00,OTHER_DISRUPTION,GROUP__47024__0014,INCIDENT,99.0,157.0,258.0,249.0,229.0,267.0,242.0,False
INCIDENT__246935-webtirf__51235,51235,2025-08-22 07:00:00,2025-08-22 04:00:00,2025-08-22 10:00:00,OTHER_DISRUPTION,GROUP__51235__0036,INCIDENT,49.0,128.0,280.0,176.0,191.0,235.0,215.0,False
INCIDENT__246942-webtirf__29005,29005,2025-08-22 08:00:00,2025-08-22 05:00:00,2025-08-22 11:00:00,OTHER_DISRUPTION,GROUP__29005__0020,INCIDENT,270.0,476.0,405.0,321.0,397.0,379.0,348.0,False
INCIDENT__246952-webtirf__7120,7120,2025-08-22 10:00:00,2025-08-22 07:00:00,2025-08-22 13:00:00,OTHER_DISRUPTION,GROUP__7120__0041,INCIDENT,84.0,100.0,84.0,105.0,96.0,75.0,69.0,False
INCIDENT__246952-webtirf__7121,7121,2025-08-22 10:00:00,2025-08-22 07:00:00,2025-08-22 13:00:00,OTHER_DISRUPTION,GROUP__7121__0041,INCIDENT,45.0,38.0,47.0,52.0,63.0,46.0,56.0,False
INCIDENT__246969-webtirf__F3FWY003,F3FWY003,2025-08-22 13:00:00,2025-08-22 10:00:00,2025-08-22 16:00:00,OTHER_DISRUPTION,GROUP__F3FWY003__0035,INCIDENT,555.0,602.0,585.0,618.0,580.0,509.0,551.0,False
INCIDENT__246991-webtirf__7179,7179,2025-08-23 00:00:00,2025-08-22 21:00:00,2025-08-23 03:00:00,OTHER_DISRUPTION,GROUP__7179__0072,INCIDENT,1125.0,1160.0,862.0,560.0,379.0,240.0,219.0,False
INCIDENT__247011-webtirf__7184,7184,2025-08-23 07:00:00,2025-08-23 04:00:00,2025-08-23 10:00:00,ACCIDENT,GROUP__7184__0026,INCIDENT,142.0,371.0,672.0,1490.0,1969.0,2628.0,2921.0,False
INCIDENT__247050.0-webtirf__7248,7248,2025-08-24 02:00:00,2025-08-23 23:00:00,2025-08-24 05:00:00,OTHER_DISRUPTION,GROUP__7248__0034,INCIDENT,47.0,356.0,163.0,130.0,116.0,103.0,224.0,False
INCIDENT__247053-webtirf__68025,68025,2025-08-24 04:00:00,2025-08-24 01:00:00,2025-08-24 07:00:00,OTHER_DISRUPTION,GROUP__68025__0036,INCIDENT,7.0,5.0,5.0,3.0,9.0,3.0,12.0,False
INCIDENT__247153-webtirf__74228,74228,2025-08-25 03:00:00,2025-08-25 00:00:00,2025-08-25 06:00:00,OTHER_DISRUPTION,GROUP__74228__0007,INCIDENT,24.0,15.0,20.0,30.0,97.0,476.0,1256.0,False
INCIDENT__247272-webtirf__53004,53004,2025-08-26 04:00:00,2025-08-26 01:00:00,2025-08-26 07:00:00,OTHER_DISRUPTION,GROUP__53004__0032,INCIDENT,37.0,30.0,53.0,189.0,650.0,1511.0,2467.0,False
INCIDENT__247275-webtirf__7274,7274,2025-08-26 04:00:00,2025-08-26 01:00:00,2025-08-26 07:00:00,ACCIDENT,GROUP__7274__0023,INCIDENT,54.0,44.0,116.0,306.0,636.0,1293.0,1427.0,False
INCIDENT__247279-webtirf__7179,7179,2025-08-26 05:00:00,2025-08-26 02:00:00,2025-08-26 08:00:00,OTHER_DISRUPTION,GROUP__7179__0073,INCIDENT,79.0,68.0,99.0,206.0,306.0,358.0,288.0,False
INCIDENT__247316-webtirf__7112,7112,2025-08-26 09:00:00,2025-08-26 06:00:00,2025-08-26 12:00:00,OTHER_DISRUPTION,GROUP__7112__0048,INCIDENT,0.0,0.0,0.0,0.0,0.0,0.0,0.0,True
INCIDENT__247334-webtirf__9836-PR,9836-PR,2025-08-26 21:00:00,2025-08-26 18:00:00,2025-08-27 00:00:00,OTHER_DISRUPTION,GROUP__9836-PR__0005,INCIDENT,1442.0,1039.0,787.0,622.0,414.0,212.0,10.0,False
INCIDENT__247372-webtirf__7163,7163,2025-08-27 02:00:00,2025-08-26 23:00:00,2025-08-27 05:00:00,OTHER_DISRUPTION,GROUP__7163__0032,INCIDENT,28.0,14.0,12.0,12.0,8.0,21.0,46.0,False
INCIDENT__247418-webtirf__33014,33014,2025-08-27 07:00:00,2025-08-27 04:00:00,2025-08-27 10:00:00,OTHER_DISRUPTION,GROUP__33014__0040,INCIDENT,0.0,0.0,0.0,0.0,0.0,0.0,0.0,True
INCIDENT__247430.0-webtirf__7120,7120,2025-08-27 10:00:00,2025-08-27 07:00:00,2025-08-27 13:00:00,OTHER_DISRUPTION,GROUP__7120__0042,INCIDENT,719.0,679.0,751.0,671.0,663.0,638.0,626.0,False
INCIDENT__247430.0-webtirf__7121,7121,2025-08-27 10:00:00,2025-08-27 07:00:00,2025-08-27 13:00:00,OTHER_DISRUPTION,GROUP__7121__0042,INCIDENT,326.0,470.0,396.0,384.0,422.0,474.0,429.0,False
INCIDENT__247454-webtirf__51235,51235,2025-08-27 22:00:00,2025-08-27 19:00:00,2025-08-28 01:00:00,OTHER_DISRUPTION,GROUP__51235__0037,INCIDENT,84.0,67.0,0.0,38.0,30.0,28.0,17.0,False
INCIDENT__247466-webtirf__7164,7164,2025-08-28 00:00:00,2025-08-27 21:00:00,2025-08-28 03:00:00,OTHER_DISRUPTION,GROUP__7164__0015,INCIDENT,345.0,219.0,170.0,17.0,17.0,4.0,8.0,False
INCIDENT__247511-webtirf__50240,50240,2025-08-28 04:00:00,2025-08-28 01:00:00,2025-08-28 07:00:00,OTHER_DISRUPTION,GROUP__50240__0038,INCIDENT,167.0,175.0,228.0,687.0,2076.0,2552.0,2418.0,False
INCIDENT__247517-webtirf__51235,51235,2025-08-28 04:00:00,2025-08-28 01:00:00,2025-08-28 07:00:00,OTHER_DISRUPTION,GROUP__51235__0037,INCIDENT,17.0,19.0,19.0,30.0,66.0,116.0,140.0,False
INCIDENT__247537-webtirf__7179,7179,2025-08-28 06:00:00,2025-08-28 03:00:00,2025-08-28 09:00:00,OTHER_DISRUPTION,GROUP__7179__0074,INCIDENT,209.0,417.0,891.0,1289.0,1538.0,1601.0,1430.0,False
INCIDENT__247551-webtirf__7164,7164,2025-08-28 08:00:00,2025-08-28 05:00:00,2025-08-28 11:00:00,ACCIDENT,GROUP__7164__0016,INCIDENT,50.0,91.0,103.0,133.0,126.0,84.0,64.0,False
INCIDENT__247561-webtirf__7119-PR,7119-PR,2025-08-28 11:00:00,2025-08-28 08:00:00,2025-08-28 14:00:00,ACCIDENT,GROUP__7119-PR__0012,INCIDENT,630.0,490.0,591.0,655.0,794.0,834.0,885.0,False
INCIDENT__247576-webtirf__53004,53004,2025-08-28 21:00:00,2025-08-28 18:00:00,2025-08-29 00:00:00,ACCIDENT,GROUP__53004__0033,INCIDENT,74.0,49.0,45.0,37.0,27.0,19.0,7.0,False
INCIDENT__247611-webtirf__10011,10011,2025-08-29 02:00:00,2025-08-28 23:00:00,2025-08-29 05:00:00,OTHER_DISRUPTION,GROUP__10011__0033,INCIDENT,0.0,0.0,0.0,0.0,0.0,0.0,0.0,True
INCIDENT__247611-webtirf__7139,7139,2025-08-29 02:00:00,2025-08-28 23:00:00,2025-08-29 05:00:00,OTHER_DISRUPTION,GROUP__7139__0033,INCIDENT,24.0,311.0,165.0,133.0,87.0,180.0,626.0,False
INCIDENT__247639-webtirf__100001,100001,2025-08-29 05:00:00,2025-08-29 02:00:00,2025-08-29 08:00:00,ACCIDENT,GROUP__100001__0002,INCIDENT,93.0,117.0,226.0,481.0,875.0,1063.0,1164.0,False
INCIDENT__247644-webtirf__F3FWY004,F3FWY004,2025-08-29 06:00:00,2025-08-29 03:00:00,2025-08-29 09:00:00,ACCIDENT,GROUP__F3FWY004__0007,INCIDENT,116.0,216.0,622.0,1399.0,1436.0,1474.0,1855.0,False
INCIDENT__247681-webtirf__68025,68025,2025-08-29 14:00:00,2025-08-29 11:00:00,2025-08-29 17:00:00,OTHER_DISRUPTION,GROUP__68025__0037,INCIDENT,60.0,50.0,58.0,62.0,71.0,69.0,58.0,False
INCIDENT__247702-webtirf__F3FWY003,F3FWY003,2025-08-29 23:00:00,2025-08-29 20:00:00,2025-08-30 02:00:00,ACCIDENT,GROUP__F3FWY003__0036,INCIDENT,1146.0,803.0,649.0,450.0,252.0,107.0,100.0,False
INCIDENT__247715-webtirf__53004,53004,2025-08-30 04:00:00,2025-08-30 01:00:00,2025-08-30 07:00:00,OTHER_DISRUPTION,GROUP__53004__0034,INCIDENT,6.0,12.0,12.0,20.0,37.0,84.0,66.0,False
INCIDENT__247745-webtirf__F3FWY003,F3FWY003,2025-08-31 01:00:00,2025-08-30 22:00:00,2025-08-31 04:00:00,ACCIDENT,GROUP__F3FWY003__0037,INCIDENT,793.0,763.0,61.0,27.0,22.0,31.0,50.0,False
INCIDENT__247753-webtirf__22001,22001,2025-08-31 02:00:00,2025-08-30 23:00:00,2025-08-31 05:00:00,ACCIDENT,GROUP__22001__0012,INCIDENT,0.0,0.0,0.0,0.0,0.0,0.0,0.0,True
INCIDENT__247756-webtirf__23067,23067,2025-08-31 03:00:00,2025-08-31 00:00:00,2025-08-31 06:00:00,OTHER_DISRUPTION,GROUP__23067__0027,INCIDENT,103.0,99.0,156.0,469.0,1029.0,1243.0,1568.0,False
INCIDENT__247764-webtirf__7164,7164,2025-08-31 05:00:00,2025-08-31 02:00:00,2025-08-31 08:00:00,ACCIDENT,GROUP__7164__0017,INCIDENT,12.0,12.0,9.0,8.0,9.0,18.0,19.0,False
INCIDENT__247767-webtirf__9658,9658,2025-08-31 07:00:00,2025-08-31 04:00:00,2025-08-31 10:00:00,OTHER_DISRUPTION,GROUP__9658__0025,INCIDENT,134.0,136.0,284.0,506.0,696.0,1030.0,1116.0,False
INCIDENT__247799-webtirf__33014,33014,2025-08-31 20:00:00,2025-08-31 17:00:00,2025-08-31 23:00:00,OTHER_DISRUPTION,GROUP__33014__0041,INCIDENT,0.0,0.0,0.0,0.0,0.0,0.0,0.0,True
INCIDENT__247875-webtirf__7120,7120,2025-09-01 05:00:00,2025-09-01 02:00:00,2025-09-01 08:00:00,OTHER_DISRUPTION,GROUP__7120__0043,INCIDENT,85.0,102.0,236.0,684.0,791.0,766.0,713.0,False
INCIDENT__247875-webtirf__7121,7121,2025-09-01 05:00:00,2025-09-01 02:00:00,2025-09-01 08:00:00,OTHER_DISRUPTION,GROUP__7121__0043,INCIDENT,3.0,7.0,10.0,7.0,27.0,27.0,40.0,False
INCIDENT__247936-webtirf__7120,7120,2025-09-01 22:00:00,2025-09-01 19:00:00,2025-09-02 01:00:00,OTHER_DISRUPTION,GROUP__7120__0044,INCIDENT,544.0,442.0,380.0,296.0,157.0,85.0,68.0,False
INCIDENT__247936-webtirf__7121,7121,2025-09-01 22:00:00,2025-09-01 19:00:00,2025-09-02 01:00:00,OTHER_DISRUPTION,GROUP__7121__0044,INCIDENT,23.0,15.0,13.0,9.0,5.0,51.0,42.0,False
INCIDENT__247978-webtirf__50240,50240,2025-09-02 03:00:00,2025-09-02 00:00:00,2025-09-02 06:00:00,OTHER_DISRUPTION,GROUP__50240__0039,INCIDENT,189.0,134.0,151.0,250.0,721.0,1721.0,1620.0,False
INCIDENT__248013-webtirf__53004,53004,2025-09-02 08:00:00,2025-09-02 05:00:00,2025-09-02 11:00:00,ACCIDENT,GROUP__53004__0035,INCIDENT,113.0,240.0,217.0,155.0,143.0,144.0,134.0,False
INCIDENT__248014-webtirf__74230,74230,2025-09-02 09:00:00,2025-09-02 06:00:00,2025-09-02 12:00:00,OTHER_DISRUPTION,GROUP__74230__0014,INCIDENT,35.0,32.0,10.0,64.0,178.0,196.0,171.0,False
INCIDENT__248015-webtirf__7161,7161,2025-09-02 10:00:00,2025-09-02 07:00:00,2025-09-02 13:00:00,ACCIDENT,GROUP__7161__0025,INCIDENT,1501.0,1301.0,1028.0,913.0,852.0,900.0,917.0,False
INCIDENT__248017-webtirf__7251,7251,2025-09-02 11:00:00,2025-09-02 08:00:00,2025-09-02 14:00:00,ACCIDENT,GROUP__7251__0023,INCIDENT,138.0,166.0,169.0,184.0,150.0,161.0,189.0,False
INCIDENT__248039-webtirf__32029,32029,2025-09-02 22:00:00,2025-09-02 19:00:00,2025-09-03 01:00:00,OTHER_DISRUPTION,GROUP__32029__0005,INCIDENT,0.0,0.0,0.0,0.0,0.0,0.0,0.0,True
INCIDENT__248041-webtirf__7163,7163,2025-09-02 23:00:00,2025-09-02 20:00:00,2025-09-03 02:00:00,OTHER_DISRUPTION,GROUP__7163__0033,INCIDENT,34.0,25.0,26.0,23.0,11.0,10.0,6.0,False
INCIDENT__248068-webtirf__7270,7270,2025-09-03 04:00:00,2025-09-03 01:00:00,2025-09-03 07:00:00,OTHER_DISRUPTION,GROUP__7270__0019,INCIDENT,29.0,39.0,59.0,139.0,236.0,401.0,257.0,False
INCIDENT__248105-webtirf__7120,7120,2025-09-03 21:00:00,2025-09-03 18:00:00,2025-09-04 00:00:00,OTHER_DISRUPTION,GROUP__7120__0045,INCIDENT,32.0,34.0,28.0,25.0,20.0,13.0,120.0,False
INCIDENT__248105-webtirf__7121,7121,2025-09-03 21:00:00,2025-09-03 18:00:00,2025-09-04 00:00:00,OTHER_DISRUPTION,GROUP__7121__0045,INCIDENT,23.0,19.0,14.0,13.0,11.0,9.0,7.0,False
INCIDENT__248156-webtirf__9658,9658,2025-09-04 03:00:00,2025-09-04 00:00:00,2025-09-04 06:00:00,OTHER_DISRUPTION,GROUP__9658__0026,INCIDENT,147.0,94.0,59.0,86.0,177.0,498.0,852.0,False
INCIDENT__248179-webtirf__23067,23067,2025-09-04 05:00:00,2025-09-04 02:00:00,2025-09-04 08:00:00,OTHER_DISRUPTION,GROUP__23067__0028,INCIDENT,89.0,279.0,434.0,786.0,1218.0,1534.0,1427.0,False
INCIDENT__248213-webtirf__7184,7184,2025-09-04 19:00:00,2025-09-04 16:00:00,2025-09-04 22:00:00,OTHER_DISRUPTION,GROUP__7184__0027,INCIDENT,270.0,203.0,117.0,79.0,58.0,43.0,47.0,False
INCIDENT__248231-webtirf__7184,7184,2025-09-04 23:00:00,2025-09-04 20:00:00,2025-09-05 02:00:00,OTHER_DISRUPTION,GROUP__7184__0027,INCIDENT,58.0,43.0,47.0,34.0,33.0,33.0,32.0,False
INCIDENT__248306-webtirf__29005,29005,2025-09-05 05:00:00,2025-09-05 02:00:00,2025-09-05 08:00:00,OTHER_DISRUPTION,GROUP__29005__0021,INCIDENT,0.0,0.0,0.0,0.0,0.0,0.0,0.0,True
INCIDENT__248308-webtirf__50240,50240,2025-09-05 05:00:00,2025-09-05 02:00:00,2025-09-05 08:00:00,OTHER_DISRUPTION,GROUP__50240__0040,INCIDENT,164.0,243.0,707.0,1910.0,2567.0,2624.0,2331.0,False
INCIDENT__248326-webtirf__F3FWY002,F3FWY002,2025-09-05 08:00:00,2025-09-05 05:00:00,2025-09-05 11:00:00,ACCIDENT,GROUP__F3FWY002__0006,INCIDENT,1599.0,2449.0,2425.0,1990.0,2193.0,2125.0,2201.0,False
INCIDENT__248338-webtirf__7112,7112,2025-09-05 12:00:00,2025-09-05 09:00:00,2025-09-05 15:00:00,OTHER_DISRUPTION,GROUP__7112__0050,INCIDENT,1000.0,989.0,1042.0,1094.0,1202.0,1306.0,1214.0,False
INCIDENT__248379-webtirf__7112,7112,2025-09-06 07:00:00,2025-09-06 04:00:00,2025-09-06 10:00:00,OTHER_DISRUPTION,GROUP__7112__0051,INCIDENT,30.0,62.0,135.0,133.0,114.0,91.0,114.0,False
INCIDENT__248411-webtirf__T0345,T0345,2025-09-06 22:00:00,2025-09-06 19:00:00,2025-09-07 01:00:00,ACCIDENT,GROUP__T0345__0002,INCIDENT,301.0,310.0,172.0,197.0,148.0,98.0,38.0,False
INCIDENT__248425-webtirf__72027,72027,2025-09-07 01:00:00,2025-09-06 22:00:00,2025-09-07 04:00:00,ACCIDENT,GROUP__72027__0003,INCIDENT,462.0,328.0,155.0,67.0,49.0,47.0,50.0,False
INCIDENT__248460.0-webtirf__7120,7120,2025-09-07 06:00:00,2025-09-07 03:00:00,2025-09-07 09:00:00,OTHER_DISRUPTION,GROUP__7120__0046,INCIDENT,229.0,216.0,225.0,313.0,391.0,572.0,695.0,False
INCIDENT__248460.0-webtirf__7121,7121,2025-09-07 06:00:00,2025-09-07 03:00:00,2025-09-07 09:00:00,OTHER_DISRUPTION,GROUP__7121__0046,INCIDENT,6.0,6.0,4.0,11.0,15.0,17.0,14.0,False
INCIDENT__248468-webtirf__7248,7248,2025-09-07 08:00:00,2025-09-07 05:00:00,2025-09-07 11:00:00,OTHER_DISRUPTION,GROUP__7248__0035,INCIDENT,36.0,50.0,50.0,66.0,69.0,76.0,74.0,False
INCIDENT__248488-webtirf__T0231,T0231,2025-09-07 20:00:00,2025-09-07 17:00:00,2025-09-07 23:00:00,OTHER_DISRUPTION,GROUP__T0231__0009,INCIDENT,36.0,34.0,39.0,26.0,18.0,8.0,13.0,False
INCIDENT__248496-webtirf__7274,7274,2025-09-07 22:00:00,2025-09-07 19:00:00,2025-09-08 01:00:00,ACCIDENT,GROUP__7274__0024,INCIDENT,51.0,28.0,37.0,19.0,17.0,9.0,8.0,False
INCIDENT__248546-webtirf__50250,50250,2025-09-08 03:00:00,2025-09-08 00:00:00,2025-09-08 06:00:00,OTHER_DISRUPTION,GROUP__50250__0005,INCIDENT,0.0,1.0,2.0,2.0,8.0,82.0,133.0,False
INCIDENT__248567-webtirf__7179,7179,2025-09-08 06:00:00,2025-09-08 03:00:00,2025-09-08 09:00:00,OTHER_DISRUPTION,GROUP__7179__0075,INCIDENT,61.0,96.0,212.0,325.0,332.0,348.0,467.0,False
INCIDENT__248574-webtirf__7163,7163,2025-09-08 06:00:00,2025-09-08 03:00:00,2025-09-08 09:00:00,OTHER_DISRUPTION,GROUP__7163__0034,INCIDENT,57.0,115.0,286.0,623.0,612.0,223.0,434.0,False
INCIDENT__248731-webtirf__68025,68025,2025-09-09 18:00:00,2025-09-09 15:00:00,2025-09-09 21:00:00,OTHER_DISRUPTION,GROUP__68025__0038,INCIDENT,893.0,937.0,979.0,790.0,666.0,490.0,419.0,False
INCIDENT__248977-webtirf__7179,7179,2025-09-10 06:00:00,2025-09-10 03:00:00,2025-09-10 09:00:00,ACCIDENT,GROUP__7179__0076,INCIDENT,192.0,398.0,829.0,1209.0,1546.0,1602.0,1437.0,False
INCIDENT__248980-webtirf__47024,47024,2025-09-10 06:00:00,2025-09-10 03:00:00,2025-09-10 09:00:00,ACCIDENT,GROUP__47024__0015,INCIDENT,263.0,405.0,895.0,990.0,902.0,1084.0,998.0,False
INCIDENT__249008-webtirf__7120,7120,2025-09-10 10:00:00,2025-09-10 07:00:00,2025-09-10 13:00:00,OTHER_DISRUPTION,GROUP__7120__0047,INCIDENT,77.0,60.0,80.0,0.0,73.0,72.0,65.0,False
INCIDENT__249008-webtirf__7121,7121,2025-09-10 10:00:00,2025-09-10 07:00:00,2025-09-10 13:00:00,OTHER_DISRUPTION,GROUP__7121__0047,INCIDENT,419.0,481.0,388.0,418.0,462.0,284.0,504.0,False
INCIDENT__249085-webtirf__9658,9658,2025-09-10 21:00:00,2025-09-10 18:00:00,2025-09-11 00:00:00,OTHER_DISRUPTION,GROUP__9658__0027,INCIDENT,933.0,771.0,610.0,612.0,462.0,290.0,152.0,False
INCIDENT__249142-webtirf__7251,7251,2025-09-11 00:00:00,2025-09-10 21:00:00,2025-09-11 03:00:00,OTHER_DISRUPTION,GROUP__7251__0024,INCIDENT,686.0,594.0,483.0,22.0,10.0,22.0,21.0,False
INCIDENT__249226-webtirf__7163,7163,2025-09-11 05:00:00,2025-09-11 02:00:00,2025-09-11 08:00:00,ACCIDENT,GROUP__7163__0035,INCIDENT,10.0,8.0,19.0,40.0,99.0,80.0,77.0,False
INCIDENT__249267-webtirf__7184,7184,2025-09-11 20:00:00,2025-09-11 17:00:00,2025-09-11 23:00:00,OTHER_DISRUPTION,GROUP__7184__0028,INCIDENT,2384.0,1838.0,1303.0,879.0,748.0,578.0,300.0,False
INCIDENT__249280-webtirf__23067,23067,2025-09-11 21:00:00,2025-09-11 18:00:00,2025-09-12 00:00:00,OTHER_DISRUPTION,GROUP__23067__0029,INCIDENT,1331.0,1019.0,887.0,583.0,486.0,124.0,6.0,False
INCIDENT__249416-webtirf__7179,7179,2025-09-12 06:00:00,2025-09-12 03:00:00,2025-09-12 09:00:00,OTHER_DISRUPTION,GROUP__7179__0077,INCIDENT,200.0,388.0,885.0,1349.0,1594.0,1725.0,1362.0,False
INCIDENT__249425-webtirf__74230,74230,2025-09-12 07:00:00,2025-09-12 04:00:00,2025-09-12 10:00:00,OTHER_DISRUPTION,GROUP__74230__0015,INCIDENT,1.0,4.0,5.0,5.0,6.0,6.0,12.0,False
INCIDENT__249431-webtirf__23067,23067,2025-09-12 08:00:00,2025-09-12 05:00:00,2025-09-12 11:00:00,OTHER_DISRUPTION,GROUP__23067__0030,INCIDENT,50.0,79.0,108.0,106.0,122.0,133.0,110.0,False
INCIDENT__249440-webtirf__7179,7179,2025-09-12 11:00:00,2025-09-12 08:00:00,2025-09-12 14:00:00,OTHER_DISRUPTION,GROUP__7179__0077,INCIDENT,1725.0,1362.0,1387.0,1424.0,1461.0,1739.0,2033.0,False
INCIDENT__249446-webtirf__74230,74230,2025-09-12 15:00:00,2025-09-12 12:00:00,2025-09-12 18:00:00,OTHER_DISRUPTION,GROUP__74230__0016,INCIDENT,14.0,18.0,29.0,18.0,18.0,12.0,15.0,False
INCIDENT__249490-webtirf__7126,7126,2025-09-13 13:00:00,2025-09-13 10:00:00,2025-09-13 16:00:00,OTHER_DISRUPTION,GROUP__7126__0013,INCIDENT,44.0,46.0,45.0,52.0,46.0,38.0,26.0,False
INCIDENT__249497-webtirf__7112,7112,2025-09-13 23:00:00,2025-09-13 20:00:00,2025-09-14 02:00:00,OTHER_DISRUPTION,GROUP__7112__0052,INCIDENT,773.0,687.0,591.0,457.0,308.0,198.0,104.0,False
INCIDENT__249503-webtirf__33014,33014,2025-09-14 03:00:00,2025-09-14 00:00:00,2025-09-14 06:00:00,ACCIDENT,GROUP__33014__0042,INCIDENT,0.0,0.0,0.0,0.0,0.0,0.0,0.0,True
INCIDENT__249524-webtirf__F3FWY005,F3FWY005,2025-09-14 09:00:00,2025-09-14 06:00:00,2025-09-14 12:00:00,OTHER_DISRUPTION,GROUP__F3FWY005__0004,INCIDENT,132.0,137.0,200.0,244.0,325.0,350.0,339.0,False
INCIDENT__249542-webtirf__7179,7179,2025-09-14 21:00:00,2025-09-14 18:00:00,2025-09-15 00:00:00,OTHER_DISRUPTION,GROUP__7179__0078,INCIDENT,127.0,103.0,95.0,69.0,67.0,56.0,266.0,False
INCIDENT__249545-webtirf__7274,7274,2025-09-14 22:00:00,2025-09-14 19:00:00,2025-09-15 01:00:00,ACCIDENT,GROUP__7274__0025,INCIDENT,39.0,36.0,31.0,24.0,19.0,7.0,8.0,False
INCIDENT__249587-webtirf__7164,7164,2025-09-15 04:00:00,2025-09-15 01:00:00,2025-09-15 07:00:00,OTHER_DISRUPTION,GROUP__7164__0018,INCIDENT,8.0,8.0,11.0,16.0,45.0,130.0,95.0,False
INCIDENT__249598-webtirf__7251,7251,2025-09-15 04:00:00,2025-09-15 01:00:00,2025-09-15 07:00:00,OTHER_DISRUPTION,GROUP__7251__0025,INCIDENT,6.0,17.0,12.0,27.0,45.0,75.0,139.0,False
INCIDENT__249614-webtirf__7168,7168,2025-09-15 06:00:00,2025-09-15 03:00:00,2025-09-15 09:00:00,ACCIDENT,GROUP__7168__0017,INCIDENT,16.0,24.0,39.0,86.0,103.0,85.0,74.0,False
INCIDENT__249624-webtirf__51235,51235,2025-09-15 08:00:00,2025-09-15 05:00:00,2025-09-15 11:00:00,ACCIDENT,GROUP__51235__0038,INCIDENT,129.0,360.0,233.0,201.0,270.0,246.0,188.0,False
INCIDENT__249635-webtirf__7120,7120,2025-09-15 12:00:00,2025-09-15 09:00:00,2025-09-15 15:00:00,ACCIDENT,GROUP__7120__0048,INCIDENT,718.0,663.0,665.0,619.0,636.0,582.0,628.0,False
INCIDENT__249635-webtirf__7121,7121,2025-09-15 12:00:00,2025-09-15 09:00:00,2025-09-15 15:00:00,ACCIDENT,GROUP__7121__0048,INCIDENT,410.0,384.0,384.0,403.0,438.0,476.0,496.0,False
INCIDENT__249640-webtirf__53003,53003,2025-09-15 17:00:00,2025-09-15 14:00:00,2025-09-15 20:00:00,ACCIDENT,GROUP__53003__0010,INCIDENT,1749.0,2095.0,2431.0,2572.0,2086.0,1244.0,861.0,False
INCIDENT__249651-webtirf__7126,7126,2025-09-15 21:00:00,2025-09-15 18:00:00,2025-09-16 00:00:00,ACCIDENT,GROUP__7126__0014,INCIDENT,488.0,283.0,237.0,159.0,90.0,26.0,1.0,False
INCIDENT__249725-webtirf__53003,53003,2025-09-16 05:00:00,2025-09-16 02:00:00,2025-09-16 08:00:00,OTHER_DISRUPTION,GROUP__53003__0011,INCIDENT,51.0,57.0,125.0,477.0,1163.0,1614.0,1535.0,False
INCIDENT__249768-webtirf__23067,23067,2025-09-16 18:00:00,2025-09-16 15:00:00,2025-09-16 21:00:00,OTHER_DISRUPTION,GROUP__23067__0031,INCIDENT,72.0,59.0,51.0,45.0,46.0,62.0,18.0,False
INCIDENT__249800-webtirf__7112,7112,2025-09-17 00:00:00,2025-09-16 21:00:00,2025-09-17 03:00:00,OTHER_DISRUPTION,GROUP__7112__0053,INCIDENT,49.0,27.0,15.0,138.0,81.0,61.0,84.0,False
INCIDENT__249829-webtirf__33014,33014,2025-09-17 04:00:00,2025-09-17 01:00:00,2025-09-17 07:00:00,OTHER_DISRUPTION,GROUP__33014__0043,INCIDENT,0.0,0.0,0.0,0.0,0.0,0.0,0.0,True
INCIDENT__249840-webtirf__7112,7112,2025-09-17 05:00:00,2025-09-17 02:00:00,2025-09-17 08:00:00,OTHER_DISRUPTION,GROUP__7112__0053,INCIDENT,61.0,84.0,212.0,869.0,1604.0,1339.0,1267.0,False
INCIDENT__249844-webtirf__74230,74230,2025-09-17 05:00:00,2025-09-17 02:00:00,2025-09-17 08:00:00,OTHER_DISRUPTION,GROUP__74230__0017,INCIDENT,39.0,47.0,159.0,436.0,825.0,1087.0,1002.0,False
INCIDENT__249849-webtirf__9836-PR,9836-PR,2025-09-17 06:00:00,2025-09-17 03:00:00,2025-09-17 09:00:00,OTHER_DISRUPTION,GROUP__9836-PR__0006,INCIDENT,14.0,41.0,79.0,200.0,166.0,163.0,168.0,False
INCIDENT__249852-webtirf__7123-PR,7123-PR,2025-09-17 06:00:00,2025-09-17 03:00:00,2025-09-17 09:00:00,ACCIDENT,GROUP__7123-PR__0004,INCIDENT,9.0,44.0,61.0,120.0,93.0,105.0,76.0,False
INCIDENT__249857-webtirf__51235,51235,2025-09-17 07:00:00,2025-09-17 04:00:00,2025-09-17 10:00:00,OTHER_DISRUPTION,GROUP__51235__0039,INCIDENT,393.0,1174.0,2234.0,2136.0,2019.0,1837.0,1559.0,False
INCIDENT__249891-webtirf__68025,68025,2025-09-17 20:00:00,2025-09-17 17:00:00,2025-09-17 23:00:00,ACCIDENT,GROUP__68025__0039,INCIDENT,50.0,39.0,30.0,19.0,8.0,0.0,8.0,False
INCIDENT__249895-webtirf__53004,53004,2025-09-17 22:00:00,2025-09-17 19:00:00,2025-09-18 01:00:00,ACCIDENT,GROUP__53004__0036,INCIDENT,892.0,662.0,491.0,262.0,146.0,57.0,41.0,False
INCIDENT__249939-webtirf__7120,7120,2025-09-18 04:00:00,2025-09-18 01:00:00,2025-09-18 07:00:00,OTHER_DISRUPTION,GROUP__7120__0049,INCIDENT,15.0,5.0,12.0,27.0,73.0,105.0,99.0,False
INCIDENT__249939-webtirf__7121,7121,2025-09-18 04:00:00,2025-09-18 01:00:00,2025-09-18 07:00:00,OTHER_DISRUPTION,GROUP__7121__0049,INCIDENT,8.0,6.0,6.0,4.0,11.0,27.0,28.0,False
INCIDENT__249943-webtirf__T0231,T0231,2025-09-18 05:00:00,2025-09-18 02:00:00,2025-09-18 08:00:00,ACCIDENT,GROUP__T0231__0010,INCIDENT,13.0,13.0,33.0,103.0,223.0,126.0,109.0,False
INCIDENT__249952-webtirf__9658,9658,2025-09-18 06:00:00,2025-09-18 03:00:00,2025-09-18 09:00:00,OTHER_DISRUPTION,GROUP__9658__0028,INCIDENT,84.0,185.0,497.0,897.0,1225.0,1032.0,934.0,False
INCIDENT__250058-webtirf__51235,51235,2025-09-19 06:00:00,2025-09-19 03:00:00,2025-09-19 09:00:00,OTHER_DISRUPTION,GROUP__51235__0040,INCIDENT,29.0,45.0,152.0,367.0,259.0,222.0,253.0,False
INCIDENT__250093-webtirf__47024,47024,2025-09-19 13:00:00,2025-09-19 10:00:00,2025-09-19 16:00:00,ACCIDENT,GROUP__47024__0016,INCIDENT,1128.0,1076.0,1201.0,1269.0,1277.0,1393.0,1551.0,False
INCIDENT__250098-webtirf__7120,7120,2025-09-19 15:00:00,2025-09-19 12:00:00,2025-09-19 18:00:00,ACCIDENT,GROUP__7120__0050,INCIDENT,66.0,73.0,68.0,49.0,47.0,36.0,42.0,False
INCIDENT__250098-webtirf__7121,7121,2025-09-19 15:00:00,2025-09-19 12:00:00,2025-09-19 18:00:00,ACCIDENT,GROUP__7121__0050,INCIDENT,53.0,53.0,46.0,41.0,35.0,39.0,28.0,False
INCIDENT__250137-webtirf__7120,7120,2025-09-20 08:00:00,2025-09-20 05:00:00,2025-09-20 11:00:00,OTHER_DISRUPTION,GROUP__7120__0051,INCIDENT,329.0,555.0,607.0,659.0,657.0,670.0,697.0,False
INCIDENT__250137-webtirf__7121,7121,2025-09-20 08:00:00,2025-09-20 05:00:00,2025-09-20 11:00:00,OTHER_DISRUPTION,GROUP__7121__0051,INCIDENT,95.0,145.0,254.0,295.0,327.0,421.0,422.0,False
INCIDENT__250156-webtirf__23067,23067,2025-09-20 20:00:00,2025-09-20 17:00:00,2025-09-20 23:00:00,OTHER_DISRUPTION,GROUP__23067__0032,INCIDENT,1559.0,1695.0,1148.0,1156.0,1065.0,1007.0,660.0,False
INCIDENT__250172-webtirf__7120,7120,2025-09-21 02:00:00,2025-09-20 23:00:00,2025-09-21 05:00:00,OTHER_DISRUPTION,GROUP__7120__0052,INCIDENT,576.0,8.0,18.0,8.0,6.0,11.0,15.0,False
INCIDENT__250172-webtirf__7121,7121,2025-09-21 02:00:00,2025-09-20 23:00:00,2025-09-21 05:00:00,OTHER_DISRUPTION,GROUP__7121__0052,INCIDENT,321.0,9.0,9.0,6.0,3.0,3.0,9.0,False
INCIDENT__250222-webtirf__7132,7132,2025-09-21 20:00:00,2025-09-21 17:00:00,2025-09-21 23:00:00,ACCIDENT,GROUP__7132__0022,INCIDENT,25.0,26.0,31.0,12.0,6.0,8.0,5.0,False
INCIDENT__250224-webtirf__7112,7112,2025-09-21 21:00:00,2025-09-21 18:00:00,2025-09-22 00:00:00,OTHER_DISRUPTION,GROUP__7112__0054,INCIDENT,1128.0,912.0,780.0,601.0,466.0,294.0,192.0,False
INCIDENT__250235-webtirf__7163,7163,2025-09-21 22:00:00,2025-09-21 19:00:00,2025-09-22 01:00:00,OTHER_DISRUPTION,GROUP__7163__0036,INCIDENT,52.0,36.0,20.0,22.0,19.0,71.0,56.0,False
INCIDENT__250262-webtirf__53003,53003,2025-09-22 01:00:00,2025-09-21 22:00:00,2025-09-22 04:00:00,OTHER_DISRUPTION,GROUP__53003__0012,INCIDENT,31.0,24.0,19.0,19.0,25.0,30.0,77.0,False
INCIDENT__250269-webtirf__68025,68025,2025-09-22 02:00:00,2025-09-21 23:00:00,2025-09-22 05:00:00,OTHER_DISRUPTION,GROUP__68025__0040,INCIDENT,6.0,97.0,51.0,45.0,62.0,141.0,442.0,False
INCIDENT__250287-webtirf__10011,10011,2025-09-22 04:00:00,2025-09-22 01:00:00,2025-09-22 07:00:00,ACCIDENT,GROUP__10011__0034,INCIDENT,0.0,0.0,0.0,0.0,0.0,0.0,0.0,True
INCIDENT__250287-webtirf__7139,7139,2025-09-22 04:00:00,2025-09-22 01:00:00,2025-09-22 07:00:00,ACCIDENT,GROUP__7139__0034,INCIDENT,8.0,17.0,15.0,20.0,72.0,181.0,234.0,False
INCIDENT__250294-webtirf__23067,23067,2025-09-22 05:00:00,2025-09-22 02:00:00,2025-09-22 08:00:00,OTHER_DISRUPTION,GROUP__23067__0033,INCIDENT,114.0,431.0,1088.0,1743.0,2360.0,2534.0,2058.0,False
INCIDENT__250313-webtirf__7150,7150,2025-09-22 08:00:00,2025-09-22 05:00:00,2025-09-22 11:00:00,OTHER_DISRUPTION,GROUP__7150__0005,INCIDENT,31.0,62.0,70.0,86.0,81.0,90.0,87.0,False
INCIDENT__250318-webtirf__7184,7184,2025-09-22 11:00:00,2025-09-22 08:00:00,2025-09-22 14:00:00,OTHER_DISRUPTION,GROUP__7184__0029,INCIDENT,205.0,271.0,310.0,303.0,308.0,303.0,326.0,False
INCIDENT__250410-webtirf__7126,7126,2025-09-23 08:00:00,2025-09-23 05:00:00,2025-09-23 11:00:00,ACCIDENT,GROUP__7126__0015,INCIDENT,222.0,420.0,522.0,747.0,531.0,532.0,618.0,False
INCIDENT__250411-webtirf__7274,7274,2025-09-23 08:00:00,2025-09-23 05:00:00,2025-09-23 11:00:00,ACCIDENT,GROUP__7274__0026,INCIDENT,127.0,249.0,171.0,177.0,105.0,140.0,157.0,False
INCIDENT__250466-webtirf__53004,53004,2025-09-24 00:00:00,2025-09-23 21:00:00,2025-09-24 03:00:00,OTHER_DISRUPTION,GROUP__53004__0037,INCIDENT,31.0,29.0,17.0,14.0,8.0,15.0,29.0,False
INCIDENT__250486-webtirf__53004,53004,2025-09-24 01:00:00,2025-09-23 22:00:00,2025-09-24 04:00:00,OTHER_DISRUPTION,GROUP__53004__0037,INCIDENT,29.0,17.0,14.0,8.0,15.0,29.0,28.0,False
INCIDENT__250489-webtirf__F3FWY002,F3FWY002,2025-09-24 02:00:00,2025-09-23 23:00:00,2025-09-24 05:00:00,OTHER_DISRUPTION,GROUP__F3FWY002__0007,INCIDENT,0.0,0.0,0.0,0.0,0.0,0.0,0.0,True
INCIDENT__250494-webtirf__53003,53003,2025-09-24 03:00:00,2025-09-24 00:00:00,2025-09-24 06:00:00,OTHER_DISRUPTION,GROUP__53003__0013,INCIDENT,17.0,24.0,32.0,52.0,66.0,232.0,539.0,False
INCIDENT__250569-webtirf__29005,29005,2025-09-24 14:00:00,2025-09-24 11:00:00,2025-09-24 17:00:00,OTHER_DISRUPTION,GROUP__29005__0022,INCIDENT,428.0,430.0,472.0,448.0,395.0,334.0,301.0,False
INCIDENT__250572-webtirf__7248,7248,2025-09-24 19:00:00,2025-09-24 16:00:00,2025-09-24 22:00:00,OTHER_DISRUPTION,GROUP__7248__0036,INCIDENT,852.0,961.0,1063.0,816.0,709.0,614.0,486.0,False
INCIDENT__250609-webtirf__F3FWY002,F3FWY002,2025-09-25 01:00:00,2025-09-24 22:00:00,2025-09-25 04:00:00,ACCIDENT,GROUP__F3FWY002__0008,INCIDENT,0.0,0.0,8.0,5.0,0.0,6.0,26.0,False
INCIDENT__250633-webtirf__T0231,T0231,2025-09-25 03:00:00,2025-09-25 00:00:00,2025-09-25 06:00:00,OTHER_DISRUPTION,GROUP__T0231__0011,INCIDENT,86.0,51.0,48.0,87.0,231.0,734.0,1298.0,False
INCIDENT__250660-webtirf__9834-PR,9834-PR,2025-09-25 05:00:00,2025-09-25 02:00:00,2025-09-25 08:00:00,OTHER_DISRUPTION,GROUP__9834-PR__0004,INCIDENT,14.0,20.0,79.0,221.0,399.0,690.0,1027.0,False
INCIDENT__250686-webtirf__7161,7161,2025-09-25 08:00:00,2025-09-25 05:00:00,2025-09-25 11:00:00,OTHER_DISRUPTION,GROUP__7161__0026,INCIDENT,486.0,948.0,1370.0,1239.0,966.0,876.0,864.0,False
INCIDENT__250736-webtirf__7251,7251,2025-09-26 00:00:00,2025-09-25 21:00:00,2025-09-26 03:00:00,ACCIDENT,GROUP__7251__0026,INCIDENT,773.0,667.0,567.0,26.0,21.0,23.0,17.0,False
INCIDENT__250750-webtirf__51235,51235,2025-09-26 00:00:00,2025-09-25 21:00:00,2025-09-26 03:00:00,OTHER_DISRUPTION,GROUP__51235__0041,INCIDENT,44.0,35.0,22.0,24.0,28.0,18.0,29.0,False
INCIDENT__250776-webtirf__53004,53004,2025-09-26 03:00:00,2025-09-26 00:00:00,2025-09-26 06:00:00,OTHER_DISRUPTION,GROUP__53004__0038,INCIDENT,16.0,17.0,16.0,26.0,36.0,122.0,238.0,False
INCIDENT__250789-webtirf__F3FWY005,F3FWY005,2025-09-26 04:00:00,2025-09-26 01:00:00,2025-09-26 07:00:00,OTHER_DISRUPTION,GROUP__F3FWY005__0005,INCIDENT,113.0,133.0,188.0,364.0,722.0,700.0,523.0,False
INCIDENT__250805-webtirf__74230,74230,2025-09-26 05:00:00,2025-09-26 02:00:00,2025-09-26 08:00:00,OTHER_DISRUPTION,GROUP__74230__0018,INCIDENT,21.0,43.0,44.0,107.0,226.0,163.0,120.0,False
INCIDENT__250812-webtirf__7120,7120,2025-09-26 06:00:00,2025-09-26 03:00:00,2025-09-26 09:00:00,OTHER_DISRUPTION,GROUP__7120__0053,INCIDENT,19.0,17.0,71.0,101.0,110.0,82.0,101.0,False
INCIDENT__250812-webtirf__7121,7121,2025-09-26 06:00:00,2025-09-26 03:00:00,2025-09-26 09:00:00,OTHER_DISRUPTION,GROUP__7121__0053,INCIDENT,49.0,49.0,89.0,218.0,360.0,344.0,367.0,False
INCIDENT__250816-webtirf__74228,74228,2025-09-26 07:00:00,2025-09-26 04:00:00,2025-09-26 10:00:00,ACCIDENT,GROUP__74228__0008,INCIDENT,19.0,113.0,284.0,149.0,130.0,129.0,141.0,False
INCIDENT__250869-webtirf__F3FWY003,F3FWY003,2025-09-27 03:00:00,2025-09-27 00:00:00,2025-09-27 06:00:00,OTHER_DISRUPTION,GROUP__F3FWY003__0038,INCIDENT,81.0,58.0,53.0,76.0,121.0,215.0,368.0,False
INCIDENT__250870-webtirf__23067,23067,2025-09-27 03:00:00,2025-09-27 00:00:00,2025-09-27 06:00:00,OTHER_DISRUPTION,GROUP__23067__0034,INCIDENT,8.0,12.0,17.0,20.0,20.0,38.0,40.0,False
INCIDENT__250888-webtirf__100001,100001,2025-09-27 13:00:00,2025-09-27 10:00:00,2025-09-27 16:00:00,ACCIDENT,GROUP__100001__0003,INCIDENT,118.0,88.0,117.0,108.0,81.0,86.0,76.0,False
INCIDENT__250916-webtirf__47024,47024,2025-09-28 03:00:00,2025-09-28 00:00:00,2025-09-28 06:00:00,OTHER_DISRUPTION,GROUP__47024__0017,INCIDENT,521.0,324.0,240.0,262.0,356.0,555.0,750.0,False
INCIDENT__250927-webtirf__50240,50240,2025-09-28 07:00:00,2025-09-28 04:00:00,2025-09-28 10:00:00,OTHER_DISRUPTION,GROUP__50240__0041,INCIDENT,322.0,680.0,1092.0,1115.0,1525.0,2291.0,2211.0,False
INCIDENT__250941-webtirf__50240,50240,2025-09-28 19:00:00,2025-09-28 16:00:00,2025-09-28 22:00:00,ACCIDENT,GROUP__50240__0042,INCIDENT,2179.0,2106.0,1881.0,1539.0,1315.0,1282.0,0.0,False
INCIDENT__250947-webtirf__7120,7120,2025-09-28 21:00:00,2025-09-28 18:00:00,2025-09-29 00:00:00,OTHER_DISRUPTION,GROUP__7120__0054,INCIDENT,23.0,27.0,18.0,18.0,14.0,11.0,7.0,False
INCIDENT__250947-webtirf__7121,7121,2025-09-28 21:00:00,2025-09-28 18:00:00,2025-09-29 00:00:00,OTHER_DISRUPTION,GROUP__7121__0054,INCIDENT,14.0,14.0,11.0,5.0,16.0,2.0,70.0,False
INCIDENT__250953-webtirf__74230,74230,2025-09-28 22:00:00,2025-09-28 19:00:00,2025-09-29 01:00:00,OTHER_DISRUPTION,GROUP__74230__0019,INCIDENT,30.0,24.0,21.0,21.0,14.0,2.0,5.0,False
INCIDENT__250960-webtirf__F3FWY002,F3FWY002,2025-09-29 00:00:00,2025-09-28 21:00:00,2025-09-29 03:00:00,OTHER_DISRUPTION,GROUP__F3FWY002__0009,INCIDENT,43.0,65.0,8.0,67.0,68.0,81.0,142.0,False
INCIDENT__250974-webtirf__7163,7163,2025-09-29 00:00:00,2025-09-28 21:00:00,2025-09-29 03:00:00,OTHER_DISRUPTION,GROUP__7163__0037,INCIDENT,23.0,20.0,17.0,67.0,55.0,37.0,59.0,False
INCIDENT__250981-webtirf__7184,7184,2025-09-29 01:00:00,2025-09-28 22:00:00,2025-09-29 04:00:00,OTHER_DISRUPTION,GROUP__7184__0030,INCIDENT,515.0,261.0,166.0,85.0,66.0,98.0,246.0,False
INCIDENT__251003-webtirf__9658,9658,2025-09-29 04:00:00,2025-09-29 01:00:00,2025-09-29 07:00:00,OTHER_DISRUPTION,GROUP__9658__0029,INCIDENT,16.0,15.0,26.0,43.0,101.0,164.0,123.0,False
INCIDENT__251127-webtirf__7179,7179,2025-09-30 06:00:00,2025-09-30 03:00:00,2025-09-30 09:00:00,OTHER_DISRUPTION,GROUP__7179__0079,INCIDENT,217.0,398.0,917.0,1245.0,1550.0,1528.0,1450.0,False
INCIDENT__251152-webtirf__7251,7251,2025-09-30 11:00:00,2025-09-30 08:00:00,2025-09-30 14:00:00,OTHER_DISRUPTION,GROUP__7251__0027,INCIDENT,786.0,658.0,656.0,733.0,815.0,814.0,1002.0,False
INCIDENT__251170-webtirf__9658,9658,2025-09-30 20:00:00,2025-09-30 17:00:00,2025-09-30 23:00:00,ACCIDENT,GROUP__9658__0030,INCIDENT,131.0,125.0,68.0,63.0,40.0,36.0,38.0,False
INCIDENT__251189-webtirf__7251,7251,2025-09-30 23:00:00,2025-09-30 20:00:00,2025-10-01 02:00:00,OTHER_DISRUPTION,GROUP__7251__0028,INCIDENT,637.0,703.0,616.0,428.0,252.0,152.0,136.0,False
INCIDENT__251226-webtirf__53004,53004,2025-10-01 03:00:00,2025-10-01 00:00:00,2025-10-01 06:00:00,OTHER_DISRUPTION,GROUP__53004__0039,INCIDENT,23.0,19.0,14.0,17.0,24.0,43.0,86.0,False
INCIDENT__251248-webtirf__7119-PR,7119-PR,2025-10-01 05:00:00,2025-10-01 02:00:00,2025-10-01 08:00:00,ACCIDENT,GROUP__7119-PR__0013,INCIDENT,119.0,86.0,116.0,424.0,752.0,928.0,1049.0,False
INCIDENT__251254-webtirf__7179,7179,2025-10-01 06:00:00,2025-10-01 03:00:00,2025-10-01 09:00:00,ACCIDENT,GROUP__7179__0080,INCIDENT,218.0,409.0,949.0,1345.0,1513.0,1626.0,1430.0,False
INCIDENT__251315-webtirf__33014,33014,2025-10-01 22:00:00,2025-10-01 19:00:00,2025-10-02 01:00:00,OTHER_DISRUPTION,GROUP__33014__0044,INCIDENT,0.0,0.0,0.0,0.0,0.0,0.0,0.0,True
INCIDENT__251341-webtirf__34016,34016,2025-10-02 01:00:00,2025-10-01 22:00:00,2025-10-02 04:00:00,OTHER_DISRUPTION,GROUP__34016__0008,INCIDENT,0.0,0.0,0.0,0.0,0.0,0.0,1.0,False
INCIDENT__251403-webtirf__7248,7248,2025-10-02 07:00:00,2025-10-02 04:00:00,2025-10-02 10:00:00,OTHER_DISRUPTION,GROUP__7248__0037,INCIDENT,350.0,1198.0,1211.0,1194.0,1217.0,1072.0,947.0,False
INCIDENT__251420-webtirf__32029,32029,2025-10-02 11:00:00,2025-10-02 08:00:00,2025-10-02 14:00:00,ACCIDENT,GROUP__32029__0006,INCIDENT,0.0,0.0,0.0,0.0,0.0,0.0,0.0,True
INCIDENT__251430-webtirf__7275,7275,2025-10-02 19:00:00,2025-10-02 16:00:00,2025-10-02 22:00:00,OTHER_DISRUPTION,GROUP__7275__0005,INCIDENT,642.0,683.0,661.0,529.0,398.0,391.0,236.0,False
INCIDENT__251496-webtirf__34016,34016,2025-10-03 04:00:00,2025-10-03 01:00:00,2025-10-03 07:00:00,OTHER_DISRUPTION,GROUP__34016__0009,INCIDENT,24.0,10.0,14.0,41.0,161.0,365.0,645.0,False
INCIDENT__251526-webtirf__7179,7179,2025-10-03 06:00:00,2025-10-03 03:00:00,2025-10-03 09:00:00,OTHER_DISRUPTION,GROUP__7179__0081,INCIDENT,221.0,435.0,889.0,1279.0,1442.0,1504.0,1503.0,False
INCIDENT__251575-webtirf__7159,7159,2025-10-04 01:00:00,2025-10-03 22:00:00,2025-10-04 04:00:00,ACCIDENT,GROUP__7159__0011,INCIDENT,714.0,493.0,38.0,27.0,18.0,20.0,29.0,False
INCIDENT__251582-webtirf__50240,50240,2025-10-04 04:00:00,2025-10-04 01:00:00,2025-10-04 07:00:00,OTHER_DISRUPTION,GROUP__50240__0043,INCIDENT,263.0,206.0,234.0,386.0,932.0,1564.0,1570.0,False
INCIDENT__251621-webtirf__72027,72027,2025-10-05 04:00:00,2025-10-05 01:00:00,2025-10-05 07:00:00,OTHER_DISRUPTION,GROUP__72027__0004,INCIDENT,143.0,0.0,87.0,48.0,59.0,167.0,298.0,False
INCIDENT__251641-webtirf__51235,51235,2025-10-05 16:00:00,2025-10-05 13:00:00,2025-10-05 19:00:00,ACCIDENT,GROUP__51235__0042,INCIDENT,64.0,54.0,59.0,57.0,50.0,49.0,55.0,False
INCIDENT__251681-webtirf__F3FWY005,F3FWY005,2025-10-06 06:00:00,2025-10-06 03:00:00,2025-10-06 09:00:00,OTHER_DISRUPTION,GROUP__F3FWY005__0006,INCIDENT,8.0,26.0,36.0,64.0,71.0,122.0,195.0,False
INCIDENT__251728-webtirf__9827,9827,2025-10-07 00:00:00,2025-10-06 21:00:00,2025-10-07 03:00:00,ACCIDENT,GROUP__9827__0004,INCIDENT,0.0,0.0,0.0,0.0,0.0,0.0,0.0,True
INCIDENT__251763-webtirf__7126,7126,2025-10-07 03:00:00,2025-10-07 00:00:00,2025-10-07 06:00:00,ACCIDENT,GROUP__7126__0016,INCIDENT,1.0,0.0,3.0,5.0,13.0,29.0,57.0,False
INCIDENT__251771-webtirf__7270,7270,2025-10-07 04:00:00,2025-10-07 01:00:00,2025-10-07 07:00:00,OTHER_DISRUPTION,GROUP__7270__0020,INCIDENT,113.0,69.0,120.0,288.0,1110.0,1709.0,1478.0,False
INCIDENT__251785-webtirf__7120,7120,2025-10-07 06:00:00,2025-10-07 03:00:00,2025-10-07 09:00:00,OTHER_DISRUPTION,GROUP__7120__0055,INCIDENT,70.0,183.0,563.0,704.0,712.0,712.0,751.0,False
INCIDENT__251785-webtirf__7121,7121,2025-10-07 06:00:00,2025-10-07 03:00:00,2025-10-07 09:00:00,OTHER_DISRUPTION,GROUP__7121__0055,INCIDENT,23.0,42.0,107.0,195.0,335.0,440.0,421.0,False
INCIDENT__251899-webtirf__7251,7251,2025-10-08 04:00:00,2025-10-08 01:00:00,2025-10-08 07:00:00,OTHER_DISRUPTION,GROUP__7251__0029,INCIDENT,26.0,15.0,17.0,26.0,67.0,88.0,129.0,False
INCIDENT__251924-webtirf__7163,7163,2025-10-08 06:00:00,2025-10-08 03:00:00,2025-10-08 09:00:00,OTHER_DISRUPTION,GROUP__7163__0038,INCIDENT,6.0,22.0,46.0,115.0,135.0,121.0,117.0,False
INCIDENT__252059-webtirf__7161,7161,2025-10-09 06:00:00,2025-10-09 03:00:00,2025-10-09 09:00:00,OTHER_DISRUPTION,GROUP__7161__0027,INCIDENT,62.0,156.0,493.0,866.0,1099.0,1148.0,1055.0,False
INCIDENT__252083-webtirf__7120,7120,2025-10-09 13:00:00,2025-10-09 10:00:00,2025-10-09 16:00:00,OTHER_DISRUPTION,GROUP__7120__0056,INCIDENT,105.0,65.0,93.0,64.0,78.0,57.0,44.0,False
INCIDENT__252083-webtirf__7121,7121,2025-10-09 13:00:00,2025-10-09 10:00:00,2025-10-09 16:00:00,OTHER_DISRUPTION,GROUP__7121__0056,INCIDENT,416.0,416.0,456.0,496.0,481.0,549.0,670.0,False
INCIDENT__252085-webtirf__F3FWY002,F3FWY002,2025-10-09 17:00:00,2025-10-09 14:00:00,2025-10-09 20:00:00,OTHER_DISRUPTION,GROUP__F3FWY002__0010,INCIDENT,696.0,728.0,698.0,549.0,380.0,321.0,294.0,False
INCIDENT__252087-webtirf__22001,22001,2025-10-09 19:00:00,2025-10-09 16:00:00,2025-10-09 22:00:00,OTHER_DISRUPTION,GROUP__22001__0013,INCIDENT,0.0,0.0,0.0,0.0,0.0,0.0,0.0,True
INCIDENT__252224-webtirf__7126,7126,2025-10-10 12:00:00,2025-10-10 09:00:00,2025-10-10 15:00:00,OTHER_DISRUPTION,GROUP__7126__0017,INCIDENT,544.0,675.0,750.0,720.0,674.0,689.0,736.0,False
INCIDENT__252238-webtirf__T0288,T0288,2025-10-10 19:00:00,2025-10-10 16:00:00,2025-10-10 22:00:00,OTHER_DISRUPTION,GROUP__T0288__0011,INCIDENT,0.0,0.0,0.0,0.0,0.0,0.0,0.0,True
INCIDENT__252238-webtirf__T0289,T0289,2025-10-10 19:00:00,2025-10-10 16:00:00,2025-10-10 22:00:00,OTHER_DISRUPTION,GROUP__T0289__0011,INCIDENT,0.0,0.0,0.0,0.0,0.0,0.0,0.0,True
INCIDENT__252238-webtirf__T0290,T0290,2025-10-10 19:00:00,2025-10-10 16:00:00,2025-10-10 22:00:00,OTHER_DISRUPTION,GROUP__T0290__0011,INCIDENT,0.0,0.0,0.0,0.0,0.0,0.0,0.0,True
INCIDENT__252238-webtirf__T0479-PR,T0479-PR,2025-10-10 19:00:00,2025-10-10 16:00:00,2025-10-10 22:00:00,OTHER_DISRUPTION,GROUP__T0479-PR__0011,INCIDENT,3609.0,3364.0,2722.0,1912.0,1372.0,1049.0,833.0,False
INCIDENT__252260-webtirf__53004,53004,2025-10-11 01:00:00,2025-10-10 22:00:00,2025-10-11 04:00:00,OTHER_DISRUPTION,GROUP__53004__0040,INCIDENT,732.0,450.0,5.0,5.0,7.0,8.0,18.0,False
INCIDENT__252263-webtirf__10011,10011,2025-10-11 02:00:00,2025-10-10 23:00:00,2025-10-11 05:00:00,ACCIDENT,GROUP__10011__0035,INCIDENT,0.0,0.0,0.0,0.0,0.0,0.0,0.0,True
INCIDENT__252263-webtirf__7139,7139,2025-10-11 02:00:00,2025-10-10 23:00:00,2025-10-11 05:00:00,ACCIDENT,GROUP__7139__0035,INCIDENT,40.0,23.0,10.0,9.0,11.0,11.0,36.0,False
INCIDENT__252277-webtirf__F3FWY006,F3FWY006,2025-10-11 05:00:00,2025-10-11 02:00:00,2025-10-11 08:00:00,OTHER_DISRUPTION,GROUP__F3FWY006__0005,INCIDENT,55.0,131.0,247.0,510.0,735.0,1084.0,1641.0,False
INCIDENT__252322-webtirf__7251,7251,2025-10-12 04:00:00,2025-10-12 01:00:00,2025-10-12 07:00:00,OTHER_DISRUPTION,GROUP__7251__0030,INCIDENT,35.0,21.0,12.0,14.0,13.0,16.0,23.0,False
INCIDENT__252330-webtirf__7248,7248,2025-10-12 05:00:00,2025-10-12 02:00:00,2025-10-12 08:00:00,ACCIDENT,GROUP__7248__0038,INCIDENT,136.0,114.0,111.0,239.0,323.0,472.0,686.0,False
INCIDENT__252349-webtirf__F3FWY001,F3FWY001,2025-10-12 17:00:00,2025-10-12 14:00:00,2025-10-12 20:00:00,ACCIDENT,GROUP__F3FWY001__0009,INCIDENT,377.0,377.0,336.0,322.0,232.0,185.0,197.0,False
INCIDENT__252378-webtirf__F3FWY003,F3FWY003,2025-10-12 23:00:00,2025-10-12 20:00:00,2025-10-13 02:00:00,OTHER_DISRUPTION,GROUP__F3FWY003__0039,INCIDENT,131.0,132.0,127.0,111.0,73.0,82.0,86.0,False
INCIDENT__252417-webtirf__23067,23067,2025-10-13 04:00:00,2025-10-13 01:00:00,2025-10-13 07:00:00,ACCIDENT,GROUP__23067__0035,INCIDENT,21.0,27.0,53.0,88.0,152.0,144.0,114.0,False
INCIDENT__252421-webtirf__33014,33014,2025-10-13 05:00:00,2025-10-13 02:00:00,2025-10-13 08:00:00,OTHER_DISRUPTION,GROUP__33014__0045,INCIDENT,0.0,0.0,0.0,0.0,0.0,0.0,0.0,True
INCIDENT__252465-webtirf__68025,68025,2025-10-13 21:00:00,2025-10-13 18:00:00,2025-10-14 00:00:00,ACCIDENT,GROUP__68025__0041,INCIDENT,27.0,23.0,15.0,19.0,16.0,7.0,104.0,False
INCIDENT__252504-webtirf__7248,7248,2025-10-14 01:00:00,2025-10-13 22:00:00,2025-10-14 04:00:00,OTHER_DISRUPTION,GROUP__7248__0039,INCIDENT,379.0,207.0,0.0,0.0,1.0,0.0,0.0,False
INCIDENT__252570-webtirf__7132,7132,2025-10-14 09:00:00,2025-10-14 06:00:00,2025-10-14 12:00:00,ACCIDENT,GROUP__7132__0023,INCIDENT,2176.0,2189.0,2037.0,1415.0,1031.0,868.0,901.0,False
INCIDENT__252572-webtirf__7179,7179,2025-10-14 10:00:00,2025-10-14 07:00:00,2025-10-14 13:00:00,ACCIDENT,GROUP__7179__0082,INCIDENT,344.0,318.0,356.0,502.0,534.0,484.0,570.0,False
INCIDENT__252592-webtirf__74229,74229,2025-10-14 21:00:00,2025-10-14 18:00:00,2025-10-15 00:00:00,ACCIDENT,GROUP__74229__0005,INCIDENT,831.0,632.0,530.0,421.0,202.0,102.0,33.0,False
INCIDENT__252593-webtirf__7120,7120,2025-10-14 21:00:00,2025-10-14 18:00:00,2025-10-15 00:00:00,ACCIDENT,GROUP__7120__0057,INCIDENT,700.0,588.0,570.0,467.0,326.0,212.0,104.0,False
INCIDENT__252593-webtirf__7121,7121,2025-10-14 21:00:00,2025-10-14 18:00:00,2025-10-15 00:00:00,ACCIDENT,GROUP__7121__0057,INCIDENT,536.0,379.0,281.0,209.0,13.0,2.0,0.0,False
INCIDENT__252597-webtirf__68025,68025,2025-10-14 21:00:00,2025-10-14 18:00:00,2025-10-15 00:00:00,OTHER_DISRUPTION,GROUP__68025__0042,INCIDENT,833.0,710.0,619.0,455.0,343.0,220.0,120.0,False
INCIDENT__252629-webtirf__7112,7112,2025-10-15 01:00:00,2025-10-14 22:00:00,2025-10-15 04:00:00,OTHER_DISRUPTION,GROUP__7112__0055,INCIDENT,460.0,326.0,26.0,19.0,29.0,29.0,78.0,False
INCIDENT__252649-webtirf__7248,7248,2025-10-15 04:00:00,2025-10-15 01:00:00,2025-10-15 07:00:00,OTHER_DISRUPTION,GROUP__7248__0040,INCIDENT,0.0,0.0,0.0,0.0,0.0,0.0,0.0,True
INCIDENT__252661-webtirf__10011,10011,2025-10-15 05:00:00,2025-10-15 02:00:00,2025-10-15 08:00:00,ACCIDENT,GROUP__10011__0036,INCIDENT,0.0,0.0,0.0,0.0,0.0,0.0,0.0,True
INCIDENT__252661-webtirf__7139,7139,2025-10-15 05:00:00,2025-10-15 02:00:00,2025-10-15 08:00:00,ACCIDENT,GROUP__7139__0036,INCIDENT,81.0,56.0,179.0,688.0,1687.0,2743.0,3104.0,False
INCIDENT__252680-webtirf__T0342,T0342,2025-10-15 08:00:00,2025-10-15 05:00:00,2025-10-15 11:00:00,OTHER_DISRUPTION,GROUP__T0342__0002,INCIDENT,15.0,75.0,150.0,149.0,97.0,139.0,99.0,False
INCIDENT__252697-webtirf__7179,7179,2025-10-15 13:00:00,2025-10-15 10:00:00,2025-10-15 16:00:00,ACCIDENT,GROUP__7179__0083,INCIDENT,463.0,490.0,502.0,523.0,456.0,461.0,407.0,False
INCIDENT__252715-webtirf__29005,29005,2025-10-15 20:00:00,2025-10-15 17:00:00,2025-10-15 23:00:00,OTHER_DISRUPTION,GROUP__29005__0023,INCIDENT,275.0,0.0,191.0,139.0,0.0,68.0,63.0,False
INCIDENT__252740-webtirf__7112,7112,2025-10-15 23:00:00,2025-10-15 20:00:00,2025-10-16 02:00:00,OTHER_DISRUPTION,GROUP__7112__0056,INCIDENT,43.0,32.0,25.0,23.0,18.0,21.0,16.0,False
INCIDENT__252747-webtirf__10011,10011,2025-10-16 00:00:00,2025-10-15 21:00:00,2025-10-16 03:00:00,OTHER_DISRUPTION,GROUP__10011__0037,INCIDENT,0.0,0.0,0.0,0.0,0.0,0.0,0.0,True
INCIDENT__252747-webtirf__7139,7139,2025-10-16 00:00:00,2025-10-15 21:00:00,2025-10-16 03:00:00,OTHER_DISRUPTION,GROUP__7139__0037,INCIDENT,1106.0,831.0,460.0,273.0,167.0,83.0,81.0,False
INCIDENT__252774-webtirf__7270,7270,2025-10-16 04:00:00,2025-10-16 01:00:00,2025-10-16 07:00:00,OTHER_DISRUPTION,GROUP__7270__0021,INCIDENT,97.0,68.0,122.0,329.0,1240.0,1946.0,1369.0,False
INCIDENT__252780-webtirf__50240,50240,2025-10-16 04:00:00,2025-10-16 01:00:00,2025-10-16 07:00:00,OTHER_DISRUPTION,GROUP__50240__0044,INCIDENT,56.0,64.0,100.0,143.0,380.0,527.0,397.0,False
INCIDENT__252789-webtirf__23067,23067,2025-10-16 05:00:00,2025-10-16 02:00:00,2025-10-16 08:00:00,OTHER_DISRUPTION,GROUP__23067__0036,INCIDENT,30.0,31.0,38.0,76.0,89.0,113.0,96.0,False
INCIDENT__252792-webtirf__68025,68025,2025-10-16 06:00:00,2025-10-16 03:00:00,2025-10-16 09:00:00,ACCIDENT,GROUP__68025__0043,INCIDENT,11.0,17.0,68.0,122.0,104.0,113.0,116.0,False
INCIDENT__252803-webtirf__7179,7179,2025-10-16 08:00:00,2025-10-16 05:00:00,2025-10-16 11:00:00,ACCIDENT,GROUP__7179__0084,INCIDENT,928.0,1255.0,1622.0,1473.0,1547.0,1316.0,1376.0,False
INCIDENT__252808-webtirf__53003,53003,2025-10-16 10:00:00,2025-10-16 07:00:00,2025-10-16 13:00:00,OTHER_DISRUPTION,GROUP__53003__0014,INCIDENT,245.0,166.0,204.0,225.0,228.0,195.0,209.0,False
INCIDENT__252828-webtirf__7112,7112,2025-10-16 18:00:00,2025-10-16 15:00:00,2025-10-16 21:00:00,OTHER_DISRUPTION,GROUP__7112__0057,INCIDENT,168.0,135.0,111.0,97.0,61.0,59.0,39.0,False
INCIDENT__252936-webtirf__F3FWY003,F3FWY003,2025-10-17 06:00:00,2025-10-17 03:00:00,2025-10-17 09:00:00,ACCIDENT,GROUP__F3FWY003__0040,INCIDENT,153.0,264.0,491.0,671.0,665.0,585.0,621.0,False
INCIDENT__252963-webtirf__50240,50240,2025-10-17 09:00:00,2025-10-17 06:00:00,2025-10-17 12:00:00,OTHER_DISRUPTION,GROUP__50240__0045,INCIDENT,513.0,405.0,368.0,398.0,388.0,398.0,334.0,False
INCIDENT__252964-webtirf__23067,23067,2025-10-17 09:00:00,2025-10-17 06:00:00,2025-10-17 12:00:00,OTHER_DISRUPTION,GROUP__23067__0037,INCIDENT,102.0,122.0,121.0,129.0,111.0,121.0,125.0,False
INCIDENT__252972-webtirf__7120,7120,2025-10-17 12:00:00,2025-10-17 09:00:00,2025-10-17 15:00:00,ACCIDENT,GROUP__7120__0058,INCIDENT,739.0,739.0,676.0,663.0,652.0,671.0,611.0,False
INCIDENT__252972-webtirf__7121,7121,2025-10-17 12:00:00,2025-10-17 09:00:00,2025-10-17 15:00:00,ACCIDENT,GROUP__7121__0058,INCIDENT,42.0,75.0,72.0,61.0,51.0,73.0,64.0,False
INCIDENT__253046-webtirf__23067,23067,2025-10-18 09:00:00,2025-10-18 06:00:00,2025-10-18 12:00:00,OTHER_DISRUPTION,GROUP__23067__0038,INCIDENT,1702.0,1874.0,1548.0,1291.0,1530.0,1416.0,1520.0,False
INCIDENT__253084-webtirf__68025,68025,2025-10-19 02:00:00,2025-10-18 23:00:00,2025-10-19 05:00:00,ACCIDENT,GROUP__68025__0044,INCIDENT,399.0,7.0,3.0,3.0,7.0,1.0,9.0,False
INCIDENT__253084-webtirf__7164,7164,2025-10-19 02:00:00,2025-10-18 23:00:00,2025-10-19 05:00:00,ACCIDENT,GROUP__7164__0019,INCIDENT,275.0,200.0,147.0,102.0,56.0,78.0,99.0,False
INCIDENT__253084-webtirf__7179,7179,2025-10-19 02:00:00,2025-10-18 23:00:00,2025-10-19 05:00:00,ACCIDENT,GROUP__7179__0085,INCIDENT,1206.0,926.0,589.0,416.0,297.0,229.0,289.0,False
INCIDENT__253105-webtirf__7163,7163,2025-10-19 08:00:00,2025-10-19 05:00:00,2025-10-19 11:00:00,ACCIDENT,GROUP__7163__0039,INCIDENT,129.0,187.0,293.0,425.0,604.0,667.0,760.0,False
INCIDENT__253119-webtirf__7150,7150,2025-10-19 20:00:00,2025-10-19 17:00:00,2025-10-19 23:00:00,OTHER_DISRUPTION,GROUP__7150__0006,INCIDENT,30.0,31.0,30.0,15.0,18.0,17.0,16.0,False
INCIDENT__253135-webtirf__7120,7120,2025-10-19 21:00:00,2025-10-19 18:00:00,2025-10-20 00:00:00,OTHER_DISRUPTION,GROUP__7120__0059,INCIDENT,29.0,29.0,20.0,15.0,26.0,15.0,138.0,False
INCIDENT__253135-webtirf__7121,7121,2025-10-19 21:00:00,2025-10-19 18:00:00,2025-10-20 00:00:00,OTHER_DISRUPTION,GROUP__7121__0059,INCIDENT,389.0,332.0,304.0,274.0,214.0,144.0,5.0,False
INCIDENT__253138-webtirf__29005,29005,2025-10-19 22:00:00,2025-10-19 19:00:00,2025-10-20 01:00:00,ACCIDENT,GROUP__29005__0024,INCIDENT,2151.0,1942.0,0.0,1184.0,645.0,376.0,235.0,False
INCIDENT__253151-webtirf__7248,7248,2025-10-19 23:00:00,2025-10-19 20:00:00,2025-10-20 02:00:00,OTHER_DISRUPTION,GROUP__7248__0041,INCIDENT,70.0,69.0,66.0,62.0,72.0,56.0,37.0,False
INCIDENT__253176-webtirf__50240,50240,2025-10-20 03:00:00,2025-10-20 00:00:00,2025-10-20 06:00:00,OTHER_DISRUPTION,GROUP__50240__0046,INCIDENT,303.0,167.0,158.0,233.0,693.0,2033.0,2610.0,False
INCIDENT__253287-webtirf__7270,7270,2025-10-21 03:00:00,2025-10-21 00:00:00,2025-10-21 06:00:00,OTHER_DISRUPTION,GROUP__7270__0022,INCIDENT,160.0,87.0,80.0,117.0,345.0,1279.0,1747.0,False
INCIDENT__253289-webtirf__34016,34016,2025-10-21 04:00:00,2025-10-21 01:00:00,2025-10-21 07:00:00,OTHER_DISRUPTION,GROUP__34016__0010,INCIDENT,40.0,57.0,164.0,606.0,1459.0,1537.0,1554.0,False
INCIDENT__253301-webtirf__7163,7163,2025-10-21 06:00:00,2025-10-21 03:00:00,2025-10-21 09:00:00,OTHER_DISRUPTION,GROUP__7163__0040,INCIDENT,55.0,122.0,290.0,738.0,337.0,165.0,384.0,False
INCIDENT__253308-webtirf__53004,53004,2025-10-21 06:00:00,2025-10-21 03:00:00,2025-10-21 09:00:00,ACCIDENT,GROUP__53004__0041,INCIDENT,17.0,30.0,121.0,206.0,182.0,120.0,183.0,False
INCIDENT__253324-webtirf__F3FWY003,F3FWY003,2025-10-21 19:00:00,2025-10-21 16:00:00,2025-10-21 22:00:00,OTHER_DISRUPTION,GROUP__F3FWY003__0041,INCIDENT,630.0,497.0,403.0,314.0,247.0,220.0,197.0,False
INCIDENT__253353-webtirf__7112,7112,2025-10-21 23:00:00,2025-10-21 20:00:00,2025-10-22 02:00:00,OTHER_DISRUPTION,GROUP__7112__0058,INCIDENT,41.0,36.0,30.0,30.0,23.0,20.0,27.0,False
INCIDENT__253368-webtirf__7112,7112,2025-10-22 00:00:00,2025-10-21 21:00:00,2025-10-22 03:00:00,OTHER_DISRUPTION,GROUP__7112__0058,INCIDENT,36.0,30.0,30.0,23.0,20.0,27.0,30.0,False
INCIDENT__253386-webtirf__7120,7120,2025-10-22 02:00:00,2025-10-21 23:00:00,2025-10-22 05:00:00,ACCIDENT,GROUP__7120__0060,INCIDENT,0.0,0.0,0.0,0.0,0.0,0.0,0.0,True
INCIDENT__253386-webtirf__7121,7121,2025-10-22 02:00:00,2025-10-21 23:00:00,2025-10-22 05:00:00,ACCIDENT,GROUP__7121__0060,INCIDENT,0.0,0.0,0.0,0.0,0.0,0.0,0.0,True
INCIDENT__253400-webtirf__9658,9658,2025-10-22 03:00:00,2025-10-22 00:00:00,2025-10-22 06:00:00,OTHER_DISRUPTION,GROUP__9658__0031,INCIDENT,149.0,101.0,63.0,90.0,179.0,530.0,854.0,False
INCIDENT__253404-webtirf__7251,7251,2025-10-22 03:00:00,2025-10-22 00:00:00,2025-10-22 06:00:00,OTHER_DISRUPTION,GROUP__7251__0031,INCIDENT,286.0,162.0,120.0,99.0,125.0,213.0,452.0,False
INCIDENT__253437-webtirf__7163,7163,2025-10-22 05:00:00,2025-10-22 02:00:00,2025-10-22 08:00:00,OTHER_DISRUPTION,GROUP__7163__0041,INCIDENT,5.0,5.0,19.0,51.0,116.0,114.0,107.0,False
INCIDENT__253446-webtirf__53004,53004,2025-10-22 06:00:00,2025-10-22 03:00:00,2025-10-22 09:00:00,OTHER_DISRUPTION,GROUP__53004__0042,INCIDENT,41.0,85.0,310.0,768.0,1372.0,1240.0,1081.0,False
INCIDENT__253486-webtirf__51235,51235,2025-10-22 20:00:00,2025-10-22 17:00:00,2025-10-22 23:00:00,OTHER_DISRUPTION,GROUP__51235__0043,INCIDENT,1870.0,1577.0,854.0,930.0,535.0,116.0,61.0,False
INCIDENT__253488-webtirf__9658,9658,2025-10-22 20:00:00,2025-10-22 17:00:00,2025-10-22 23:00:00,ACCIDENT,GROUP__9658__0032,INCIDENT,1035.0,924.0,804.0,745.0,612.0,536.0,322.0,False
INCIDENT__253511-webtirf__7251,7251,2025-10-22 23:00:00,2025-10-22 20:00:00,2025-10-23 02:00:00,ACCIDENT,GROUP__7251__0032,INCIDENT,768.0,736.0,693.0,454.0,20.0,20.0,24.0,False
INCIDENT__253520-webtirf__50250,50250,2025-10-23 01:00:00,2025-10-22 22:00:00,2025-10-23 04:00:00,ACCIDENT,GROUP__50250__0006,INCIDENT,2.0,0.0,0.0,1.0,1.0,3.0,17.0,False
INCIDENT__253555-webtirf__53004,53004,2025-10-23 06:00:00,2025-10-23 03:00:00,2025-10-23 09:00:00,OTHER_DISRUPTION,GROUP__53004__0043,INCIDENT,18.0,23.0,114.0,285.0,232.0,187.0,190.0,False
INCIDENT__253601-webtirf__T0231,T0231,2025-10-23 22:00:00,2025-10-23 19:00:00,2025-10-24 01:00:00,OTHER_DISRUPTION,GROUP__T0231__0012,INCIDENT,851.0,634.0,569.0,427.0,225.0,127.0,79.0,False
INCIDENT__253646-webtirf__34016,34016,2025-10-24 03:00:00,2025-10-24 00:00:00,2025-10-24 06:00:00,OTHER_DISRUPTION,GROUP__34016__0011,INCIDENT,0.0,1.0,0.0,0.0,1.0,1.0,2.0,False
INCIDENT__253699-webtirf__7120,7120,2025-10-24 11:00:00,2025-10-24 08:00:00,2025-10-24 14:00:00,OTHER_DISRUPTION,GROUP__7120__0061,INCIDENT,0.0,0.0,0.0,0.0,0.0,0.0,0.0,True
INCIDENT__253699-webtirf__7121,7121,2025-10-24 11:00:00,2025-10-24 08:00:00,2025-10-24 14:00:00,OTHER_DISRUPTION,GROUP__7121__0061,INCIDENT,0.0,0.0,0.0,0.0,0.0,0.0,0.0,True
INCIDENT__253707-webtirf__10011,10011,2025-10-24 18:00:00,2025-10-24 15:00:00,2025-10-24 21:00:00,OTHER_DISRUPTION,GROUP__10011__0038,INCIDENT,0.0,0.0,0.0,0.0,0.0,0.0,0.0,True
INCIDENT__253707-webtirf__7139,7139,2025-10-24 18:00:00,2025-10-24 15:00:00,2025-10-24 21:00:00,OTHER_DISRUPTION,GROUP__7139__0038,INCIDENT,0.0,0.0,0.0,0.0,0.0,0.0,0.0,True
INCIDENT__253709-webtirf__T0288,T0288,2025-10-24 18:00:00,2025-10-24 15:00:00,2025-10-24 21:00:00,OTHER_DISRUPTION,GROUP__T0288__0012,INCIDENT,0.0,0.0,0.0,0.0,0.0,0.0,0.0,True
INCIDENT__253709-webtirf__T0289,T0289,2025-10-24 18:00:00,2025-10-24 15:00:00,2025-10-24 21:00:00,OTHER_DISRUPTION,GROUP__T0289__0012,INCIDENT,0.0,0.0,0.0,0.0,0.0,0.0,0.0,True
INCIDENT__253709-webtirf__T0290,T0290,2025-10-24 18:00:00,2025-10-24 15:00:00,2025-10-24 21:00:00,OTHER_DISRUPTION,GROUP__T0290__0012,INCIDENT,0.0,0.0,0.0,0.0,0.0,0.0,0.0,True
INCIDENT__253709-webtirf__T0479-PR,T0479-PR,2025-10-24 18:00:00,2025-10-24 15:00:00,2025-10-24 21:00:00,OTHER_DISRUPTION,GROUP__T0479-PR__0012,INCIDENT,3736.0,3959.0,3618.0,2814.0,1975.0,1263.0,1062.0,False
INCIDENT__253734-webtirf__7179,7179,2025-10-25 03:00:00,2025-10-25 00:00:00,2025-10-25 06:00:00,OTHER_DISRUPTION,GROUP__7179__0086,INCIDENT,63.0,48.0,32.0,24.0,49.0,97.0,175.0,False
INCIDENT__253737-webtirf__10011,10011,2025-10-25 05:00:00,2025-10-25 02:00:00,2025-10-25 08:00:00,OTHER_DISRUPTION,GROUP__10011__0039,INCIDENT,0.0,0.0,0.0,0.0,0.0,0.0,0.0,True
INCIDENT__253737-webtirf__7139,7139,2025-10-25 05:00:00,2025-10-25 02:00:00,2025-10-25 08:00:00,OTHER_DISRUPTION,GROUP__7139__0039,INCIDENT,318.0,218.0,203.0,403.0,953.0,1548.0,2186.0,False
INCIDENT__253762-webtirf__34016,34016,2025-10-25 21:00:00,2025-10-25 18:00:00,2025-10-26 00:00:00,OTHER_DISRUPTION,GROUP__34016__0012,INCIDENT,0.0,0.0,0.0,0.0,0.0,0.0,202.0,False
INCIDENT__253798-webtirf__51235,51235,2025-10-26 06:00:00,2025-10-26 03:00:00,2025-10-26 09:00:00,OTHER_DISRUPTION,GROUP__51235__0044,INCIDENT,8.0,16.0,40.0,31.0,62.0,68.0,48.0,False
INCIDENT__253799-webtirf__50240,50240,2025-10-26 07:00:00,2025-10-26 04:00:00,2025-10-26 10:00:00,OTHER_DISRUPTION,GROUP__50240__0047,INCIDENT,303.0,635.0,990.0,1178.0,1630.0,2157.0,2087.0,False
INCIDENT__253803-webtirf__F3FWY002,F3FWY002,2025-10-26 08:00:00,2025-10-26 05:00:00,2025-10-26 11:00:00,ACCIDENT,GROUP__F3FWY002__0011,INCIDENT,477.0,758.0,1207.0,1874.0,0.0,3362.0,3386.0,False
INCIDENT__253804-webtirf__34016,34016,2025-10-26 08:00:00,2025-10-26 05:00:00,2025-10-26 11:00:00,OTHER_DISRUPTION,GROUP__34016__0013,INCIDENT,299.0,457.0,668.0,1007.0,1114.0,1213.0,1394.0,False
INCIDENT__253855-webtirf__7168,7168,2025-10-27 02:00:00,2025-10-26 23:00:00,2025-10-27 05:00:00,OTHER_DISRUPTION,GROUP__7168__0018,INCIDENT,23.0,72.0,33.0,27.0,45.0,99.0,166.0,False
INCIDENT__253900-webtirf__53004,53004,2025-10-27 07:00:00,2025-10-27 04:00:00,2025-10-27 10:00:00,ACCIDENT,GROUP__53004__0044,INCIDENT,35.0,99.0,264.0,198.0,143.0,144.0,154.0,False
INCIDENT__253920-webtirf__23067,23067,2025-10-27 12:00:00,2025-10-27 09:00:00,2025-10-27 15:00:00,OTHER_DISRUPTION,GROUP__23067__0039,INCIDENT,1128.0,1212.0,1025.0,1238.0,1027.0,991.0,1096.0,False
INCIDENT__253922-webtirf__7161,7161,2025-10-27 12:00:00,2025-10-27 09:00:00,2025-10-27 15:00:00,OTHER_DISRUPTION,GROUP__7161__0028,INCIDENT,880.0,875.0,819.0,906.0,955.0,1072.0,1367.0,False
INCIDENT__253945-webtirf__53004,53004,2025-10-27 21:00:00,2025-10-27 18:00:00,2025-10-28 00:00:00,OTHER_DISRUPTION,GROUP__53004__0045,INCIDENT,63.0,76.0,32.0,37.0,24.0,18.0,107.0,False
INCIDENT__253950-webtirf__55049,55049,2025-10-27 21:00:00,2025-10-27 18:00:00,2025-10-28 00:00:00,OTHER_DISRUPTION,GROUP__55049__0010,INCIDENT,0.0,0.0,0.0,0.0,0.0,0.0,29.0,False
INCIDENT__254019-webtirf__68025,68025,2025-10-28 09:00:00,2025-10-28 06:00:00,2025-10-28 12:00:00,ACCIDENT,GROUP__68025__0045,INCIDENT,149.0,131.0,108.0,132.0,98.0,72.0,80.0,False
INCIDENT__254038-webtirf__F3FWY004,F3FWY004,2025-10-28 19:00:00,2025-10-28 16:00:00,2025-10-28 22:00:00,OTHER_DISRUPTION,GROUP__F3FWY004__0008,INCIDENT,0.0,0.0,0.0,0.0,0.0,0.0,0.0,True
INCIDENT__254059-webtirf__33014,33014,2025-10-28 22:00:00,2025-10-28 19:00:00,2025-10-29 01:00:00,OTHER_DISRUPTION,GROUP__33014__0046,INCIDENT,0.0,0.0,0.0,0.0,0.0,0.0,0.0,True
INCIDENT__254061-webtirf__29005,29005,2025-10-28 22:00:00,2025-10-28 19:00:00,2025-10-29 01:00:00,ACCIDENT,GROUP__29005__0025,INCIDENT,2134.0,0.0,1587.0,0.0,0.0,33.0,41.0,False
INCIDENT__254075-webtirf__7120,7120,2025-10-28 23:00:00,2025-10-28 20:00:00,2025-10-29 02:00:00,OTHER_DISRUPTION,GROUP__7120__0062,INCIDENT,0.0,0.0,0.0,0.0,0.0,0.0,0.0,True
INCIDENT__254075-webtirf__7121,7121,2025-10-28 23:00:00,2025-10-28 20:00:00,2025-10-29 02:00:00,OTHER_DISRUPTION,GROUP__7121__0062,INCIDENT,0.0,0.0,0.0,0.0,0.0,0.0,0.0,True
INCIDENT__254102-webtirf__10011,10011,2025-10-29 02:00:00,2025-10-28 23:00:00,2025-10-29 05:00:00,OTHER_DISRUPTION,GROUP__10011__0040,INCIDENT,0.0,0.0,0.0,0.0,0.0,0.0,0.0,True
INCIDENT__254102-webtirf__7139,7139,2025-10-29 02:00:00,2025-10-28 23:00:00,2025-10-29 05:00:00,OTHER_DISRUPTION,GROUP__7139__0040,INCIDENT,331.0,168.0,97.0,68.0,89.0,157.0,709.0,False
INCIDENT__254104-webtirf__7179,7179,2025-10-29 02:00:00,2025-10-28 23:00:00,2025-10-29 05:00:00,ACCIDENT,GROUP__7179__0087,INCIDENT,525.0,279.0,198.0,160.0,210.0,395.0,954.0,False
INCIDENT__254124-webtirf__7184,7184,2025-10-29 05:00:00,2025-10-29 02:00:00,2025-10-29 08:00:00,OTHER_DISRUPTION,GROUP__7184__0031,INCIDENT,29.0,40.0,60.0,119.0,290.0,194.0,230.0,False
INCIDENT__254132-webtirf__7112,7112,2025-10-29 07:00:00,2025-10-29 04:00:00,2025-10-29 10:00:00,OTHER_DISRUPTION,GROUP__7112__0059,INCIDENT,67.0,124.0,261.0,258.0,202.0,245.0,219.0,False
INCIDENT__254179-webtirf__53004,53004,2025-10-29 21:00:00,2025-10-29 18:00:00,2025-10-30 00:00:00,ACCIDENT,GROUP__53004__0046,INCIDENT,50.0,36.0,37.0,20.0,31.0,4.0,11.0,False
INCIDENT__254213-webtirf__23067,23067,2025-10-30 02:00:00,2025-10-29 23:00:00,2025-10-30 05:00:00,OTHER_DISRUPTION,GROUP__23067__0040,INCIDENT,94.0,18.0,21.0,29.0,56.0,77.0,137.0,False
INCIDENT__254234-webtirf__F3FWY004,F3FWY004,2025-10-30 04:00:00,2025-10-30 01:00:00,2025-10-30 07:00:00,OTHER_DISRUPTION,GROUP__F3FWY004__0009,INCIDENT,117.0,98.0,141.0,243.0,473.0,731.0,600.0,False
INCIDENT__254246-webtirf__7179,7179,2025-10-30 05:00:00,2025-10-30 02:00:00,2025-10-30 08:00:00,OTHER_DISRUPTION,GROUP__7179__0088,INCIDENT,147.0,219.0,411.0,933.0,1355.0,1507.0,1573.0,False
INCIDENT__254247-webtirf__7184,7184,2025-10-30 05:00:00,2025-10-30 02:00:00,2025-10-30 08:00:00,OTHER_DISRUPTION,GROUP__7184__0032,INCIDENT,66.0,90.0,243.0,838.0,1931.0,3118.0,2830.0,False
INCIDENT__254259-webtirf__10011,10011,2025-10-30 07:00:00,2025-10-30 04:00:00,2025-10-30 10:00:00,ACCIDENT,GROUP__10011__0041,INCIDENT,0.0,0.0,0.0,0.0,0.0,0.0,0.0,True
INCIDENT__254259-webtirf__7139,7139,2025-10-30 07:00:00,2025-10-30 04:00:00,2025-10-30 10:00:00,ACCIDENT,GROUP__7139__0041,INCIDENT,180.0,688.0,1666.0,2841.0,3221.0,2812.0,2349.0,False
INCIDENT__254277-webtirf__51235,51235,2025-10-30 20:00:00,2025-10-30 17:00:00,2025-10-30 23:00:00,OTHER_DISRUPTION,GROUP__51235__0045,INCIDENT,539.0,463.0,372.0,319.0,277.0,236.0,142.0,False
INCIDENT__254290-webtirf__7112,7112,2025-10-30 22:00:00,2025-10-30 19:00:00,2025-10-31 01:00:00,OTHER_DISRUPTION,GROUP__7112__0060,INCIDENT,1003.0,865.0,731.0,581.0,289.0,27.0,23.0,False
INCIDENT__254347-webtirf__7179,7179,2025-10-31 03:00:00,2025-10-31 00:00:00,2025-10-31 06:00:00,OTHER_DISRUPTION,GROUP__7179__0089,INCIDENT,388.0,244.0,182.0,216.0,413.0,897.0,1190.0,False
INCIDENT__254358-webtirf__33014,33014,2025-10-31 04:00:00,2025-10-31 01:00:00,2025-10-31 07:00:00,OTHER_DISRUPTION,GROUP__33014__0047,INCIDENT,0.0,0.0,0.0,0.0,0.0,0.0,0.0,True
INCIDENT__254392-webtirf__47024,47024,2025-10-31 06:00:00,2025-10-31 03:00:00,2025-10-31 09:00:00,OTHER_DISRUPTION,GROUP__47024__0018,INCIDENT,254.0,422.0,975.0,1024.0,911.0,928.0,1000.0,False
INCIDENT__254407-webtirf__7184,7184,2025-10-31 09:00:00,2025-10-31 06:00:00,2025-10-31 12:00:00,ACCIDENT,GROUP__7184__0033,INCIDENT,299.0,245.0,253.0,290.0,314.0,330.0,325.0,False
INCIDENT__254425-webtirf__68025,68025,2025-10-31 19:00:00,2025-10-31 16:00:00,2025-10-31 22:00:00,ACCIDENT,GROUP__68025__0046,INCIDENT,964.0,1016.0,966.0,745.0,587.0,519.0,430.0,False
INCIDENT__254427-webtirf__68025,68025,2025-10-31 20:00:00,2025-10-31 17:00:00,2025-10-31 23:00:00,ACCIDENT,GROUP__68025__0046,INCIDENT,1016.0,966.0,745.0,587.0,519.0,430.0,308.0,False
INCIDENT__254444-webtirf__7112,7112,2025-10-31 23:00:00,2025-10-31 20:00:00,2025-11-01 02:00:00,OTHER_DISRUPTION,GROUP__7112__0061,INCIDENT,50.0,27.0,22.0,19.0,264.0,177.0,116.0,False
INCIDENT__254469-webtirf__7184,7184,2025-11-01 04:00:00,2025-11-01 01:00:00,2025-11-01 07:00:00,OTHER_DISRUPTION,GROUP__7184__0034,INCIDENT,227.0,145.0,139.0,180.0,396.0,889.0,1612.0,False
INCIDENT__254520-webtirf__F3FWY004,F3FWY004,2025-11-02 03:00:00,2025-11-02 00:00:00,2025-11-02 06:00:00,OTHER_DISRUPTION,GROUP__F3FWY004__0010,INCIDENT,17.0,6.0,18.0,30.0,47.0,88.0,125.0,False
INCIDENT__254535-webtirf__7120,7120,2025-11-02 09:00:00,2025-11-02 06:00:00,2025-11-02 12:00:00,ACCIDENT,GROUP__7120__0063,INCIDENT,0.0,0.0,0.0,0.0,0.0,0.0,0.0,True
INCIDENT__254535-webtirf__7121,7121,2025-11-02 09:00:00,2025-11-02 06:00:00,2025-11-02 12:00:00,ACCIDENT,GROUP__7121__0063,INCIDENT,0.0,0.0,0.0,0.0,0.0,0.0,0.0,True
INCIDENT__254550-webtirf__7120,7120,2025-11-02 20:00:00,2025-11-02 17:00:00,2025-11-02 23:00:00,OTHER_DISRUPTION,GROUP__7120__0064,INCIDENT,0.0,0.0,0.0,0.0,0.0,0.0,0.0,True
INCIDENT__254550-webtirf__7121,7121,2025-11-02 20:00:00,2025-11-02 17:00:00,2025-11-02 23:00:00,OTHER_DISRUPTION,GROUP__7121__0064,INCIDENT,0.0,0.0,0.0,0.0,0.0,0.0,0.0,True
INCIDENT__254551-webtirf__9836-PR,9836-PR,2025-11-02 20:00:00,2025-11-02 17:00:00,2025-11-02 23:00:00,ACCIDENT,GROUP__9836-PR__0007,INCIDENT,68.0,64.0,57.0,36.0,37.0,21.0,19.0,False
INCIDENT__254561-webtirf__7251,7251,2025-11-02 22:00:00,2025-11-02 19:00:00,2025-11-03 01:00:00,OTHER_DISRUPTION,GROUP__7251__0033,INCIDENT,833.0,770.0,807.0,670.0,513.0,316.0,169.0,False
INCIDENT__254565-webtirf__F3FWY003,F3FWY003,2025-11-02 22:00:00,2025-11-02 19:00:00,2025-11-03 01:00:00,OTHER_DISRUPTION,GROUP__F3FWY003__0042,INCIDENT,198.0,129.0,111.0,114.0,96.0,243.0,108.0,False
INCIDENT__254633-webtirf__7184,7184,2025-11-03 08:00:00,2025-11-03 05:00:00,2025-11-03 11:00:00,OTHER_DISRUPTION,GROUP__7184__0035,INCIDENT,116.0,289.0,200.0,244.0,247.0,313.0,321.0,False
INCIDENT__254665-webtirf__10011,10011,2025-11-03 21:00:00,2025-11-03 18:00:00,2025-11-04 00:00:00,OTHER_DISRUPTION,GROUP__10011__0042,INCIDENT,0.0,0.0,0.0,0.0,0.0,0.0,0.0,True
INCIDENT__254665-webtirf__7139,7139,2025-11-03 21:00:00,2025-11-03 18:00:00,2025-11-04 00:00:00,OTHER_DISRUPTION,GROUP__7139__0042,INCIDENT,135.0,84.0,59.0,45.0,40.0,15.0,13.0,False
INCIDENT__254695-webtirf__T0288,T0288,2025-11-04 01:00:00,2025-11-03 22:00:00,2025-11-04 04:00:00,OTHER_DISRUPTION,GROUP__T0288__0013,INCIDENT,0.0,0.0,0.0,0.0,0.0,0.0,0.0,True
INCIDENT__254695-webtirf__T0289,T0289,2025-11-04 01:00:00,2025-11-03 22:00:00,2025-11-04 04:00:00,OTHER_DISRUPTION,GROUP__T0289__0013,INCIDENT,0.0,0.0,0.0,0.0,0.0,0.0,0.0,True
INCIDENT__254695-webtirf__T0290,T0290,2025-11-04 01:00:00,2025-11-03 22:00:00,2025-11-04 04:00:00,OTHER_DISRUPTION,GROUP__T0290__0013,INCIDENT,4.0,0.0,88.0,89.0,95.0,109.0,153.0,False
INCIDENT__254695-webtirf__T0479-PR,T0479-PR,2025-11-04 01:00:00,2025-11-03 22:00:00,2025-11-04 04:00:00,OTHER_DISRUPTION,GROUP__T0479-PR__0013,INCIDENT,252.0,184.0,14.0,6.0,15.0,47.0,120.0,False
INCIDENT__254705-webtirf__55049,55049,2025-11-04 03:00:00,2025-11-04 00:00:00,2025-11-04 06:00:00,OTHER_DISRUPTION,GROUP__55049__0011,INCIDENT,0.0,0.0,0.0,0.0,0.0,0.0,5.0,False
INCIDENT__254723-webtirf__33014,33014,2025-11-04 06:00:00,2025-11-04 03:00:00,2025-11-04 09:00:00,OTHER_DISRUPTION,GROUP__33014__0048,INCIDENT,0.0,0.0,0.0,0.0,0.0,0.0,0.0,True
INCIDENT__254748-webtirf__7251,7251,2025-11-04 22:00:00,2025-11-04 19:00:00,2025-11-05 01:00:00,OTHER_DISRUPTION,GROUP__7251__0034,INCIDENT,64.0,60.0,55.0,58.0,47.0,329.0,188.0,False
INCIDENT__254814-webtirf__53004,53004,2025-11-05 06:00:00,2025-11-05 03:00:00,2025-11-05 09:00:00,OTHER_DISRUPTION,GROUP__53004__0047,INCIDENT,2.0,1.0,7.0,10.0,18.0,11.0,0.0,False
INCIDENT__254826-webtirf__7168,7168,2025-11-05 17:00:00,2025-11-05 14:00:00,2025-11-05 20:00:00,OTHER_DISRUPTION,GROUP__7168__0019,INCIDENT,620.0,966.0,1002.0,1092.0,749.0,393.0,301.0,False
INCIDENT__254905-webtirf__74229,74229,2025-11-06 05:00:00,2025-11-06 02:00:00,2025-11-06 08:00:00,OTHER_DISRUPTION,GROUP__74229__0006,INCIDENT,26.0,54.0,144.0,505.0,877.0,901.0,750.0,False
INCIDENT__254934-webtirf__23067,23067,2025-11-06 19:00:00,2025-11-06 16:00:00,2025-11-06 22:00:00,ACCIDENT,GROUP__23067__0041,INCIDENT,2208.0,1757.0,1475.0,1127.0,1238.0,1111.0,789.0,False
INCIDENT__254946-webtirf__74229,74229,2025-11-06 21:00:00,2025-11-06 18:00:00,2025-11-07 00:00:00,OTHER_DISRUPTION,GROUP__74229__0007,INCIDENT,895.0,807.0,709.0,524.0,263.0,138.0,43.0,False
INCIDENT__254950-webtirf__9658,9658,2025-11-06 22:00:00,2025-11-06 19:00:00,2025-11-07 01:00:00,ACCIDENT,GROUP__9658__0033,INCIDENT,79.0,64.0,65.0,60.0,57.0,39.0,31.0,False
INCIDENT__254982-webtirf__F3FWY003,F3FWY003,2025-11-07 01:00:00,2025-11-06 22:00:00,2025-11-07 04:00:00,OTHER_DISRUPTION,GROUP__F3FWY003__0043,INCIDENT,173.0,145.0,135.0,91.0,117.0,204.0,632.0,False
INCIDENT__254987-webtirf__33014,33014,2025-11-07 02:00:00,2025-11-06 23:00:00,2025-11-07 05:00:00,OTHER_DISRUPTION,GROUP__33014__0049,INCIDENT,0.0,0.0,0.0,0.0,0.0,0.0,0.0,True
INCIDENT__255034-webtirf__7248,7248,2025-11-07 05:00:00,2025-11-07 02:00:00,2025-11-07 08:00:00,OTHER_DISRUPTION,GROUP__7248__0042,INCIDENT,70.0,86.0,151.0,252.0,321.0,213.0,215.0,False
INCIDENT__255047-webtirf__7119-PR,7119-PR,2025-11-07 06:00:00,2025-11-07 03:00:00,2025-11-07 09:00:00,ACCIDENT,GROUP__7119-PR__0014,INCIDENT,4.0,5.0,23.0,49.0,66.0,74.0,103.0,False
INCIDENT__255095-webtirf__7161,7161,2025-11-07 22:00:00,2025-11-07 19:00:00,2025-11-08 01:00:00,OTHER_DISRUPTION,GROUP__7161__0029,INCIDENT,69.0,69.0,42.0,37.0,40.0,207.0,123.0,False
INCIDENT__255128-webtirf__55049,55049,2025-11-08 04:00:00,2025-11-08 01:00:00,2025-11-08 07:00:00,OTHER_DISRUPTION,GROUP__55049__0012,INCIDENT,18.0,10.0,10.0,12.0,30.0,70.0,92.0,False
INCIDENT__255181-webtirf__7163,7163,2025-11-09 07:00:00,2025-11-09 04:00:00,2025-11-09 10:00:00,ACCIDENT,GROUP__7163__0042,INCIDENT,9.0,19.0,32.0,38.0,30.0,35.0,50.0,False
INCIDENT__255184-webtirf__F3FWY006,F3FWY006,2025-11-09 08:00:00,2025-11-09 05:00:00,2025-11-09 11:00:00,ACCIDENT,GROUP__F3FWY006__0006,INCIDENT,0.0,0.0,0.0,0.0,0.0,0.0,0.0,True
INCIDENT__255199-webtirf__68025,68025,2025-11-09 21:00:00,2025-11-09 18:00:00,2025-11-10 00:00:00,ACCIDENT,GROUP__68025__0047,INCIDENT,28.0,26.0,21.0,15.0,12.0,6.0,119.0,False
INCIDENT__255214-webtirf__7112,7112,2025-11-09 22:00:00,2025-11-09 19:00:00,2025-11-10 01:00:00,OTHER_DISRUPTION,GROUP__7112__0062,INCIDENT,35.0,39.0,25.0,16.0,20.0,140.0,89.0,False
INCIDENT__255268-webtirf__7184,7184,2025-11-10 05:00:00,2025-11-10 02:00:00,2025-11-10 08:00:00,OTHER_DISRUPTION,GROUP__7184__0036,INCIDENT,31.0,27.0,54.0,140.0,252.0,220.0,238.0,False
INCIDENT__255280-webtirf__53004,53004,2025-11-10 07:00:00,2025-11-10 04:00:00,2025-11-10 10:00:00,ACCIDENT,GROUP__53004__0048,INCIDENT,18.0,49.0,73.0,75.0,106.0,127.0,112.0,False
INCIDENT__255299-webtirf__7163,7163,2025-11-10 20:00:00,2025-11-10 17:00:00,2025-11-10 23:00:00,OTHER_DISRUPTION,GROUP__7163__0043,INCIDENT,65.0,48.0,38.0,39.0,27.0,46.0,33.0,False
INCIDENT__255305-webtirf__7150,7150,2025-11-10 21:00:00,2025-11-10 18:00:00,2025-11-11 00:00:00,OTHER_DISRUPTION,GROUP__7150__0007,INCIDENT,1306.0,943.0,803.0,601.0,430.0,225.0,3.0,False
INCIDENT__255350-webtirf__7120,7120,2025-11-11 03:00:00,2025-11-11 00:00:00,2025-11-11 06:00:00,OTHER_DISRUPTION,GROUP__7120__0065,INCIDENT,0.0,0.0,0.0,0.0,0.0,0.0,0.0,True
INCIDENT__255350-webtirf__7121,7121,2025-11-11 03:00:00,2025-11-11 00:00:00,2025-11-11 06:00:00,OTHER_DISRUPTION,GROUP__7121__0065,INCIDENT,0.0,0.0,0.0,0.0,0.0,0.0,0.0,True
INCIDENT__255379-webtirf__7120,7120,2025-11-11 07:00:00,2025-11-11 04:00:00,2025-11-11 10:00:00,OTHER_DISRUPTION,GROUP__7120__0065,INCIDENT,0.0,0.0,0.0,0.0,0.0,0.0,0.0,True
INCIDENT__255379-webtirf__7121,7121,2025-11-11 07:00:00,2025-11-11 04:00:00,2025-11-11 10:00:00,OTHER_DISRUPTION,GROUP__7121__0065,INCIDENT,0.0,0.0,0.0,0.0,0.0,0.0,0.0,True
INCIDENT__255387-webtirf__7126,7126,2025-11-11 10:00:00,2025-11-11 07:00:00,2025-11-11 13:00:00,ACCIDENT,GROUP__7126__0018,INCIDENT,524.0,656.0,534.0,574.0,612.0,608.0,597.0,False
INCIDENT__255402-webtirf__F3FWY003,F3FWY003,2025-11-11 19:00:00,2025-11-11 16:00:00,2025-11-11 22:00:00,ACCIDENT,GROUP__F3FWY003__0044,INCIDENT,3145.0,2921.0,1997.0,1111.0,813.0,637.0,522.0,False
INCIDENT__255422-webtirf__33014,33014,2025-11-11 21:00:00,2025-11-11 18:00:00,2025-11-12 00:00:00,OTHER_DISRUPTION,GROUP__33014__0050,INCIDENT,0.0,0.0,0.0,0.0,0.0,0.0,0.0,True
INCIDENT__255476-webtirf__10011,10011,2025-11-12 05:00:00,2025-11-12 02:00:00,2025-11-12 08:00:00,OTHER_DISRUPTION,GROUP__10011__0043,INCIDENT,0.0,0.0,0.0,0.0,0.0,0.0,0.0,True
INCIDENT__255476-webtirf__7139,7139,2025-11-12 05:00:00,2025-11-12 02:00:00,2025-11-12 08:00:00,OTHER_DISRUPTION,GROUP__7139__0043,INCIDENT,83.0,80.0,203.0,739.0,1722.0,2818.0,3152.0,False
INCIDENT__255482-webtirf__F3FWY001,F3FWY001,2025-11-12 05:00:00,2025-11-12 02:00:00,2025-11-12 08:00:00,OTHER_DISRUPTION,GROUP__F3FWY001__0010,INCIDENT,153.0,163.0,313.0,656.0,880.0,748.0,850.0,False
INCIDENT__255517-webtirf__53003,53003,2025-11-12 20:00:00,2025-11-12 17:00:00,2025-11-12 23:00:00,ACCIDENT,GROUP__53003__0015,INCIDENT,2498.0,2304.0,1580.0,1105.0,1107.0,738.0,390.0,False
INCIDENT__255563-webtirf__7112,7112,2025-11-13 02:00:00,2025-11-12 23:00:00,2025-11-13 05:00:00,OTHER_DISRUPTION,GROUP__7112__0063,INCIDENT,333.0,160.0,116.0,76.0,99.0,233.0,933.0,False
INCIDENT__255570-webtirf__50240,50240,2025-11-13 03:00:00,2025-11-13 00:00:00,2025-11-13 06:00:00,OTHER_DISRUPTION,GROUP__50240__0048,INCIDENT,53.0,62.0,66.0,78.0,147.0,373.0,497.0,False
INCIDENT__255580-webtirf__33014,33014,2025-11-13 03:00:00,2025-11-13 00:00:00,2025-11-13 06:00:00,OTHER_DISRUPTION,GROUP__33014__0051,INCIDENT,0.0,0.0,0.0,0.0,0.0,0.0,0.0,True
INCIDENT__255600-webtirf__74230,74230,2025-11-13 04:00:00,2025-11-13 01:00:00,2025-11-13 07:00:00,OTHER_DISRUPTION,GROUP__74230__0020,INCIDENT,24.0,16.0,51.0,220.0,404.0,661.0,596.0,False
INCIDENT__255607-webtirf__7270,7270,2025-11-13 05:00:00,2025-11-13 02:00:00,2025-11-13 08:00:00,OTHER_DISRUPTION,GROUP__7270__0023,INCIDENT,87.0,125.0,329.0,1254.0,1678.0,1183.0,953.0,False
INCIDENT__255618-webtirf__9836-PR,9836-PR,2025-11-13 07:00:00,2025-11-13 04:00:00,2025-11-13 10:00:00,ACCIDENT,GROUP__9836-PR__0008,INCIDENT,53.0,85.0,194.0,157.0,148.0,177.0,154.0,False
INCIDENT__255653-webtirf__74230,74230,2025-11-13 21:00:00,2025-11-13 18:00:00,2025-11-14 00:00:00,OTHER_DISRUPTION,GROUP__74230__0021,INCIDENT,428.0,316.0,308.0,190.0,82.0,33.0,24.0,False
INCIDENT__255656-webtirf__7120,7120,2025-11-13 22:00:00,2025-11-13 19:00:00,2025-11-14 01:00:00,OTHER_DISRUPTION,GROUP__7120__0066,INCIDENT,0.0,0.0,0.0,0.0,0.0,172.0,114.0,False
INCIDENT__255656-webtirf__7121,7121,2025-11-13 22:00:00,2025-11-13 19:00:00,2025-11-14 01:00:00,OTHER_DISRUPTION,GROUP__7121__0066,INCIDENT,8.0,4.0,4.0,7.0,4.0,8.0,10.0,False
INCIDENT__255659-webtirf__7159,7159,2025-11-13 22:00:00,2025-11-13 19:00:00,2025-11-14 01:00:00,OTHER_DISRUPTION,GROUP__7159__0012,INCIDENT,1003.0,797.0,828.0,604.0,419.0,38.0,26.0,False
INCIDENT__255691-webtirf__7179,7179,2025-11-14 00:00:00,2025-11-13 21:00:00,2025-11-14 03:00:00,OTHER_DISRUPTION,GROUP__7179__0090,INCIDENT,129.0,81.0,73.0,417.0,234.0,171.0,210.0,False
INCIDENT__255733-webtirf__53003,53003,2025-11-14 04:00:00,2025-11-14 01:00:00,2025-11-14 07:00:00,OTHER_DISRUPTION,GROUP__53003__0016,INCIDENT,114.0,82.0,75.0,154.0,459.0,1203.0,1731.0,False
INCIDENT__255779-webtirf__50240,50240,2025-11-14 20:00:00,2025-11-14 17:00:00,2025-11-14 23:00:00,ACCIDENT,GROUP__50240__0049,INCIDENT,153.0,175.0,120.0,100.0,86.0,69.0,57.0,False
INCIDENT__255814-webtirf__74230,74230,2025-11-15 05:00:00,2025-11-15 02:00:00,2025-11-15 08:00:00,OTHER_DISRUPTION,GROUP__74230__0022,INCIDENT,2.0,6.0,8.0,25.0,25.0,23.0,29.0,False
INCIDENT__255833-webtirf__T0288,T0288,2025-11-15 13:00:00,2025-11-15 10:00:00,2025-11-15 16:00:00,OTHER_DISRUPTION,GROUP__T0288__0014,INCIDENT,0.0,0.0,0.0,0.0,0.0,0.0,0.0,True
INCIDENT__255833-webtirf__T0289,T0289,2025-11-15 13:00:00,2025-11-15 10:00:00,2025-11-15 16:00:00,OTHER_DISRUPTION,GROUP__T0289__0014,INCIDENT,0.0,0.0,0.0,0.0,0.0,0.0,0.0,True
INCIDENT__255833-webtirf__T0290,T0290,2025-11-15 13:00:00,2025-11-15 10:00:00,2025-11-15 16:00:00,OTHER_DISRUPTION,GROUP__T0290__0014,INCIDENT,2.0,2.0,1.0,1.0,1.0,1.0,0.0,False
INCIDENT__255833-webtirf__T0479-PR,T0479-PR,2025-11-15 13:00:00,2025-11-15 10:00:00,2025-11-15 16:00:00,OTHER_DISRUPTION,GROUP__T0479-PR__0014,INCIDENT,3103.0,3228.0,3087.0,3216.0,3448.0,3802.0,3604.0,False
INCIDENT__255844-webtirf__7179,7179,2025-11-15 22:00:00,2025-11-15 19:00:00,2025-11-16 01:00:00,OTHER_DISRUPTION,GROUP__7179__0091,INCIDENT,110.0,89.0,68.0,80.0,70.0,74.0,35.0,False
INCIDENT__255854-webtirf__74229,74229,2025-11-16 00:00:00,2025-11-15 21:00:00,2025-11-16 03:00:00,OTHER_DISRUPTION,GROUP__74229__0008,INCIDENT,361.0,202.0,137.0,3.0,4.0,3.0,3.0,False
INCIDENT__255887-webtirf__7112,7112,2025-11-16 09:00:00,2025-11-16 06:00:00,2025-11-16 12:00:00,OTHER_DISRUPTION,GROUP__7112__0064,INCIDENT,45.0,61.0,50.0,56.0,46.0,68.0,47.0,False
INCIDENT__255900-webtirf__7270,7270,2025-11-16 17:00:00,2025-11-16 14:00:00,2025-11-16 20:00:00,OTHER_DISRUPTION,GROUP__7270__0024,INCIDENT,1781.0,1637.0,1627.0,1472.0,1358.0,1012.0,985.0,False
INCIDENT__255907-webtirf__53004,53004,2025-11-16 20:00:00,2025-11-16 17:00:00,2025-11-16 23:00:00,OTHER_DISRUPTION,GROUP__53004__0049,INCIDENT,35.0,37.0,27.0,18.0,26.0,16.0,7.0,False
INCIDENT__255929-webtirf__7132,7132,2025-11-16 22:00:00,2025-11-16 19:00:00,2025-11-17 01:00:00,OTHER_DISRUPTION,GROUP__7132__0024,INCIDENT,861.0,701.0,541.0,366.0,212.0,5.0,6.0,False
INCIDENT__255975-webtirf__74230,74230,2025-11-17 03:00:00,2025-11-17 00:00:00,2025-11-17 06:00:00,ACCIDENT,GROUP__74230__0023,INCIDENT,24.0,16.0,32.0,67.0,110.0,175.0,166.0,False
INCIDENT__256007-webtirf__55049,55049,2025-11-17 10:00:00,2025-11-17 07:00:00,2025-11-17 13:00:00,OTHER_DISRUPTION,GROUP__55049__0013,INCIDENT,68.0,112.0,94.0,122.0,135.0,111.0,93.0,False
INCIDENT__256019-webtirf__50240,50240,2025-11-17 19:00:00,2025-11-17 16:00:00,2025-11-17 22:00:00,OTHER_DISRUPTION,GROUP__50240__0050,INCIDENT,2079.0,2055.0,1482.0,1096.0,1145.0,877.0,466.0,False
INCIDENT__256041-webtirf__22001,22001,2025-11-17 21:00:00,2025-11-17 18:00:00,2025-11-18 00:00:00,OTHER_DISRUPTION,GROUP__22001__0014,INCIDENT,0.0,0.0,0.0,0.0,0.0,0.0,0.0,True
INCIDENT__256079-webtirf__T0288,T0288,2025-11-18 04:00:00,2025-11-18 01:00:00,2025-11-18 07:00:00,ACCIDENT,GROUP__T0288__0015,INCIDENT,0.0,0.0,0.0,0.0,0.0,0.0,0.0,True
INCIDENT__256079-webtirf__T0289,T0289,2025-11-18 04:00:00,2025-11-18 01:00:00,2025-11-18 07:00:00,ACCIDENT,GROUP__T0289__0015,INCIDENT,0.0,0.0,0.0,0.0,0.0,0.0,0.0,True
INCIDENT__256079-webtirf__T0290,T0290,2025-11-18 04:00:00,2025-11-18 01:00:00,2025-11-18 07:00:00,ACCIDENT,GROUP__T0290__0015,INCIDENT,0.0,0.0,2.0,0.0,1.0,1.0,0.0,False
INCIDENT__256079-webtirf__T0479-PR,T0479-PR,2025-11-18 04:00:00,2025-11-18 01:00:00,2025-11-18 07:00:00,ACCIDENT,GROUP__T0479-PR__0015,INCIDENT,84.0,124.0,253.0,788.0,2347.0,3245.0,3135.0,False
INCIDENT__256112-webtirf__7168,7168,2025-11-18 06:00:00,2025-11-18 03:00:00,2025-11-18 09:00:00,ACCIDENT,GROUP__7168__0020,INCIDENT,51.0,126.0,264.0,455.0,540.0,555.0,482.0,False
INCIDENT__256147-webtirf__7163,7163,2025-11-18 21:00:00,2025-11-18 18:00:00,2025-11-19 00:00:00,OTHER_DISRUPTION,GROUP__7163__0044,INCIDENT,49.0,36.0,39.0,32.0,23.0,17.0,103.0,False
INCIDENT__256152-webtirf__33014,33014,2025-11-18 22:00:00,2025-11-18 19:00:00,2025-11-19 01:00:00,ACCIDENT,GROUP__33014__0052,INCIDENT,0.0,0.0,0.0,0.0,0.0,0.0,0.0,True
INCIDENT__256183-webtirf__51235,51235,2025-11-19 03:00:00,2025-11-19 00:00:00,2025-11-19 06:00:00,OTHER_DISRUPTION,GROUP__51235__0046,INCIDENT,133.0,116.0,94.0,138.0,356.0,1247.0,2201.0,False
INCIDENT__256241-webtirf__29005,29005,2025-11-19 18:00:00,2025-11-19 15:00:00,2025-11-19 21:00:00,ACCIDENT,GROUP__29005__0026,INCIDENT,427.0,345.0,289.0,289.0,152.0,129.0,104.0,False
INCIDENT__256244-webtirf__68025,68025,2025-11-19 19:00:00,2025-11-19 16:00:00,2025-11-19 22:00:00,OTHER_DISRUPTION,GROUP__68025__0048,INCIDENT,74.0,46.0,29.0,24.0,23.0,27.0,18.0,False
INCIDENT__256247-webtirf__22001,22001,2025-11-19 20:00:00,2025-11-19 17:00:00,2025-11-19 23:00:00,OTHER_DISRUPTION,GROUP__22001__0015,INCIDENT,0.0,0.0,0.0,0.0,0.0,0.0,0.0,True
INCIDENT__256248-webtirf__7274,7274,2025-11-19 20:00:00,2025-11-19 17:00:00,2025-11-19 23:00:00,OTHER_DISRUPTION,GROUP__7274__0027,INCIDENT,992.0,802.0,671.0,715.0,552.0,444.0,208.0,False
INCIDENT__256286-webtirf__F3FWY003,F3FWY003,2025-11-20 02:00:00,2025-11-19 23:00:00,2025-11-20 05:00:00,ACCIDENT,GROUP__F3FWY003__0045,INCIDENT,364.0,211.0,99.0,77.0,101.0,217.0,712.0,False
INCIDENT__256351-webtirf__7120,7120,2025-11-20 08:00:00,2025-11-20 05:00:00,2025-11-20 11:00:00,ACCIDENT,GROUP__7120__0067,INCIDENT,263.0,276.0,235.0,236.0,260.0,281.0,277.0,False
INCIDENT__256351-webtirf__7121,7121,2025-11-20 08:00:00,2025-11-20 05:00:00,2025-11-20 11:00:00,ACCIDENT,GROUP__7121__0067,INCIDENT,13.0,35.0,33.0,38.0,53.0,62.0,57.0,False
INCIDENT__256412-webtirf__7251,7251,2025-11-20 23:00:00,2025-11-20 20:00:00,2025-11-21 02:00:00,OTHER_DISRUPTION,GROUP__7251__0035,INCIDENT,755.0,759.0,741.0,546.0,444.0,220.0,177.0,False
INCIDENT__256427-webtirf__7120,7120,2025-11-21 00:00:00,2025-11-20 21:00:00,2025-11-21 03:00:00,ACCIDENT,GROUP__7120__0068,INCIDENT,247.0,189.0,154.0,212.0,101.0,95.0,85.0,False
INCIDENT__256427-webtirf__7121,7121,2025-11-21 00:00:00,2025-11-20 21:00:00,2025-11-21 03:00:00,ACCIDENT,GROUP__7121__0068,INCIDENT,14.0,12.0,14.0,8.0,3.0,5.0,7.0,False
INCIDENT__256451-webtirf__7120,7120,2025-11-21 03:00:00,2025-11-21 00:00:00,2025-11-21 06:00:00,ACCIDENT,GROUP__7120__0068,INCIDENT,212.0,101.0,95.0,85.0,211.0,634.0,702.0,False
INCIDENT__256451-webtirf__7121,7121,2025-11-21 03:00:00,2025-11-21 00:00:00,2025-11-21 06:00:00,ACCIDENT,GROUP__7121__0068,INCIDENT,8.0,3.0,5.0,7.0,9.0,19.0,24.0,False
INCIDENT__256465-webtirf__F3FWY003,F3FWY003,2025-11-21 05:00:00,2025-11-21 02:00:00,2025-11-21 08:00:00,OTHER_DISRUPTION,GROUP__F3FWY003__0046,INCIDENT,81.0,89.0,219.0,701.0,1376.0,1675.0,1672.0,False
INCIDENT__256560-webtirf__7112,7112,2025-11-22 06:00:00,2025-11-22 03:00:00,2025-11-22 09:00:00,OTHER_DISRUPTION,GROUP__7112__0065,INCIDENT,94.0,138.0,444.0,1057.0,867.0,993.0,1039.0,False
INCIDENT__256586-webtirf__7132,7132,2025-11-22 11:00:00,2025-11-22 08:00:00,2025-11-22 14:00:00,ACCIDENT,GROUP__7132__0025,INCIDENT,1043.0,1176.0,1260.0,1273.0,1285.0,1293.0,1129.0,False
INCIDENT__256591-webtirf__53004,53004,2025-11-22 12:00:00,2025-11-22 09:00:00,2025-11-22 15:00:00,OTHER_DISRUPTION,GROUP__53004__0050,INCIDENT,1484.0,1522.0,1522.0,1585.0,1606.0,1680.0,1602.0,False
INCIDENT__256609-webtirf__7112,7112,2025-11-22 22:00:00,2025-11-22 19:00:00,2025-11-23 01:00:00,OTHER_DISRUPTION,GROUP__7112__0066,INCIDENT,1062.0,781.0,759.0,653.0,510.0,350.0,206.0,False
INCIDENT__256617-webtirf__7112,7112,2025-11-23 00:00:00,2025-11-22 21:00:00,2025-11-23 03:00:00,OTHER_DISRUPTION,GROUP__7112__0066,INCIDENT,759.0,653.0,510.0,350.0,206.0,131.0,81.0,False
INCIDENT__256625-webtirf__51235,51235,2025-11-23 02:00:00,2025-11-22 23:00:00,2025-11-23 05:00:00,OTHER_DISRUPTION,GROUP__51235__0047,INCIDENT,30.0,18.0,12.0,9.0,13.0,11.0,24.0,False
INCIDENT__256633-webtirf__7179,7179,2025-11-23 04:00:00,2025-11-23 01:00:00,2025-11-23 07:00:00,ACCIDENT,GROUP__7179__0092,INCIDENT,534.0,361.0,268.0,214.0,345.0,467.0,578.0,False
INCIDENT__256638-webtirf__F3FWY004,F3FWY004,2025-11-23 05:00:00,2025-11-23 02:00:00,2025-11-23 08:00:00,OTHER_DISRUPTION,GROUP__F3FWY004__0011,INCIDENT,120.0,84.0,141.0,274.0,552.0,936.0,1384.0,False
INCIDENT__256641-webtirf__34016,34016,2025-11-23 07:00:00,2025-11-23 04:00:00,2025-11-23 10:00:00,OTHER_DISRUPTION,GROUP__34016__0014,INCIDENT,46.0,119.0,195.0,326.0,550.0,676.0,770.0,False
INCIDENT__256645-webtirf__74230,74230,2025-11-23 10:00:00,2025-11-23 07:00:00,2025-11-23 13:00:00,OTHER_DISRUPTION,GROUP__74230__0024,INCIDENT,11.0,14.0,26.0,41.0,56.0,76.0,52.0,False
INCIDENT__256652-webtirf__7179,7179,2025-11-23 11:00:00,2025-11-23 08:00:00,2025-11-23 14:00:00,OTHER_DISRUPTION,GROUP__7179__0093,INCIDENT,808.0,1224.0,1571.0,1733.0,1718.0,1750.0,1778.0,False
INCIDENT__256680-webtirf__7153,7153,2025-11-23 21:00:00,2025-11-23 18:00:00,2025-11-24 00:00:00,OTHER_DISRUPTION,GROUP__7153__0024,INCIDENT,65.0,56.0,43.0,54.0,37.0,30.0,40.0,False
INCIDENT__256690-webtirf__T0231,T0231,2025-11-23 22:00:00,2025-11-23 19:00:00,2025-11-24 01:00:00,OTHER_DISRUPTION,GROUP__T0231__0013,INCIDENT,42.0,25.0,25.0,21.0,12.0,95.0,55.0,False
INCIDENT__256754-webtirf__F3FWY003,F3FWY003,2025-11-24 04:00:00,2025-11-24 01:00:00,2025-11-24 07:00:00,OTHER_DISRUPTION,GROUP__F3FWY003__0047,INCIDENT,105.0,107.0,235.0,709.0,2077.0,3188.0,3231.0,False
INCIDENT__256789-webtirf__29005,29005,2025-11-24 11:00:00,2025-11-24 08:00:00,2025-11-24 14:00:00,OTHER_DISRUPTION,GROUP__29005__0027,INCIDENT,301.0,378.0,413.0,428.0,405.0,0.0,422.0,False
INCIDENT__256790-webtirf__32029,32029,2025-11-24 12:00:00,2025-11-24 09:00:00,2025-11-24 15:00:00,ACCIDENT,GROUP__32029__0007,INCIDENT,0.0,0.0,0.0,0.0,0.0,0.0,0.0,True
INCIDENT__256796-webtirf__33014,33014,2025-11-24 19:00:00,2025-11-24 16:00:00,2025-11-24 22:00:00,OTHER_DISRUPTION,GROUP__33014__0053,INCIDENT,0.0,0.0,0.0,0.0,0.0,0.0,0.0,True
INCIDENT__256804-webtirf__51235,51235,2025-11-24 20:00:00,2025-11-24 17:00:00,2025-11-24 23:00:00,OTHER_DISRUPTION,GROUP__51235__0048,INCIDENT,109.0,83.0,89.0,49.0,44.0,28.0,25.0,False
INCIDENT__256823-webtirf__7119-PR,7119-PR,2025-11-24 22:00:00,2025-11-24 19:00:00,2025-11-25 01:00:00,OTHER_DISRUPTION,GROUP__7119-PR__0015,INCIDENT,31.0,27.0,30.0,22.0,11.0,96.0,62.0,False
INCIDENT__256862-webtirf__10011,10011,2025-11-25 03:00:00,2025-11-25 00:00:00,2025-11-25 06:00:00,OTHER_DISRUPTION,GROUP__10011__0044,INCIDENT,0.0,0.0,0.0,0.0,0.0,0.0,0.0,True
INCIDENT__256862-webtirf__7139,7139,2025-11-25 03:00:00,2025-11-25 00:00:00,2025-11-25 06:00:00,OTHER_DISRUPTION,GROUP__7139__0044,INCIDENT,150.0,102.0,72.0,59.0,171.0,738.0,1768.0,False
INCIDENT__256864-webtirf__23067,23067,2025-11-25 04:00:00,2025-11-25 01:00:00,2025-11-25 07:00:00,ACCIDENT,GROUP__23067__0042,INCIDENT,28.0,34.0,48.0,59.0,103.0,92.0,96.0,False
INCIDENT__256881-webtirf__7132,7132,2025-11-25 04:00:00,2025-11-25 01:00:00,2025-11-25 07:00:00,ACCIDENT,GROUP__7132__0026,INCIDENT,65.0,91.0,141.0,367.0,1298.0,2096.0,2170.0,False
INCIDENT__256897-webtirf__7112,7112,2025-11-25 06:00:00,2025-11-25 03:00:00,2025-11-25 09:00:00,ACCIDENT,GROUP__7112__0067,INCIDENT,31.0,56.0,123.0,266.0,260.0,221.0,241.0,False
INCIDENT__256928-webtirf__F3FWY002,F3FWY002,2025-11-25 16:00:00,2025-11-25 13:00:00,2025-11-25 19:00:00,OTHER_DISRUPTION,GROUP__F3FWY002__0012,INCIDENT,2083.0,2362.0,2545.0,2377.0,2074.0,1483.0,871.0,False
INCIDENT__256929-webtirf__F3FWY004,F3FWY004,2025-11-25 16:00:00,2025-11-25 13:00:00,2025-11-25 19:00:00,OTHER_DISRUPTION,GROUP__F3FWY004__0012,INCIDENT,1871.0,2192.0,2697.0,3155.0,2680.0,1855.0,1157.0,False
INCIDENT__256931-webtirf__9658,9658,2025-11-25 18:00:00,2025-11-25 15:00:00,2025-11-25 21:00:00,OTHER_DISRUPTION,GROUP__9658__0034,INCIDENT,990.0,1117.0,1178.0,1163.0,939.0,722.0,631.0,False
INCIDENT__256936-webtirf__53004,53004,2025-11-25 19:00:00,2025-11-25 16:00:00,2025-11-25 22:00:00,OTHER_DISRUPTION,GROUP__53004__0051,INCIDENT,1259.0,1269.0,1068.0,771.0,624.0,474.0,364.0,False
INCIDENT__256948-webtirf__7163,7163,2025-11-25 20:00:00,2025-11-25 17:00:00,2025-11-25 23:00:00,OTHER_DISRUPTION,GROUP__7163__0045,INCIDENT,68.0,55.0,38.0,30.0,27.0,28.0,27.0,False
INCIDENT__256949-webtirf__7163,7163,2025-11-25 21:00:00,2025-11-25 18:00:00,2025-11-26 00:00:00,OTHER_DISRUPTION,GROUP__7163__0045,INCIDENT,55.0,38.0,30.0,27.0,28.0,27.0,122.0,False
INCIDENT__256962-webtirf__53004,53004,2025-11-25 22:00:00,2025-11-25 19:00:00,2025-11-26 01:00:00,OTHER_DISRUPTION,GROUP__53004__0051,INCIDENT,771.0,624.0,474.0,364.0,178.0,17.0,14.0,False
INCIDENT__257082-webtirf__9658,9658,2025-11-26 05:00:00,2025-11-26 02:00:00,2025-11-26 08:00:00,OTHER_DISRUPTION,GROUP__9658__0035,INCIDENT,30.0,34.0,48.0,110.0,168.0,0.0,118.0,False
INCIDENT__257097-webtirf__7270,7270,2025-11-26 05:00:00,2025-11-26 02:00:00,2025-11-26 08:00:00,ACCIDENT,GROUP__7270__0025,INCIDENT,76.0,111.0,270.0,859.0,1107.0,548.0,722.0,False
INCIDENT__257143-webtirf__7251,7251,2025-11-26 11:00:00,2025-11-26 08:00:00,2025-11-26 14:00:00,ACCIDENT,GROUP__7251__0036,INCIDENT,889.0,679.0,636.0,696.0,795.0,867.0,1034.0,False
INCIDENT__257172-webtirf__7120,7120,2025-11-26 19:00:00,2025-11-26 16:00:00,2025-11-26 22:00:00,ACCIDENT,GROUP__7120__0069,INCIDENT,0.0,0.0,0.0,0.0,0.0,0.0,0.0,True
INCIDENT__257172-webtirf__7121,7121,2025-11-26 19:00:00,2025-11-26 16:00:00,2025-11-26 22:00:00,ACCIDENT,GROUP__7121__0069,INCIDENT,635.0,428.0,494.0,376.0,345.0,345.0,306.0,False
INCIDENT__257241-webtirf__7162,7162,2025-11-27 03:00:00,2025-11-27 00:00:00,2025-11-27 06:00:00,ACCIDENT,GROUP__7162__0003,INCIDENT,6.0,4.0,4.0,11.0,37.0,95.0,92.0,False
INCIDENT__257275-webtirf__10011,10011,2025-11-27 05:00:00,2025-11-27 02:00:00,2025-11-27 08:00:00,OTHER_DISRUPTION,GROUP__10011__0045,INCIDENT,0.0,0.0,0.0,0.0,0.0,0.0,0.0,True
INCIDENT__257275-webtirf__7139,7139,2025-11-27 05:00:00,2025-11-27 02:00:00,2025-11-27 08:00:00,OTHER_DISRUPTION,GROUP__7139__0045,INCIDENT,20.0,14.0,19.0,81.0,202.0,256.0,282.0,False
INCIDENT__257292-webtirf__47024,47024,2025-11-27 07:00:00,2025-11-27 04:00:00,2025-11-27 10:00:00,OTHER_DISRUPTION,GROUP__47024__0019,INCIDENT,114.0,200.0,239.0,262.0,254.0,260.0,263.0,False
INCIDENT__257294-webtirf__10011,10011,2025-11-27 07:00:00,2025-11-27 04:00:00,2025-11-27 10:00:00,OTHER_DISRUPTION,GROUP__10011__0045,INCIDENT,0.0,0.0,0.0,0.0,0.0,0.0,0.0,True
INCIDENT__257294-webtirf__7139,7139,2025-11-27 07:00:00,2025-11-27 04:00:00,2025-11-27 10:00:00,OTHER_DISRUPTION,GROUP__7139__0045,INCIDENT,19.0,81.0,202.0,256.0,282.0,357.0,424.0,False
INCIDENT__257352-webtirf__7161,7161,2025-11-27 22:00:00,2025-11-27 19:00:00,2025-11-28 01:00:00,OTHER_DISRUPTION,GROUP__7161__0030,INCIDENT,89.0,70.0,48.0,38.0,27.0,13.0,14.0,False
INCIDENT__257371-webtirf__T0288,T0288,2025-11-28 00:00:00,2025-11-27 21:00:00,2025-11-28 03:00:00,OTHER_DISRUPTION,GROUP__T0288__0016,INCIDENT,0.0,0.0,0.0,0.0,0.0,0.0,0.0,True
INCIDENT__257371-webtirf__T0289,T0289,2025-11-28 00:00:00,2025-11-27 21:00:00,2025-11-28 03:00:00,OTHER_DISRUPTION,GROUP__T0289__0016,INCIDENT,0.0,0.0,0.0,0.0,0.0,0.0,0.0,True
INCIDENT__257371-webtirf__T0290,T0290,2025-11-28 00:00:00,2025-11-27 21:00:00,2025-11-28 03:00:00,OTHER_DISRUPTION,GROUP__T0290__0016,INCIDENT,0.0,0.0,0.0,0.0,0.0,0.0,2.0,False
INCIDENT__257371-webtirf__T0479-PR,T0479-PR,2025-11-28 00:00:00,2025-11-27 21:00:00,2025-11-28 03:00:00,OTHER_DISRUPTION,GROUP__T0479-PR__0016,INCIDENT,0.0,0.0,0.0,151.0,109.0,123.0,243.0,False
INCIDENT__257386-webtirf__7274,7274,2025-11-28 00:00:00,2025-11-27 21:00:00,2025-11-28 03:00:00,ACCIDENT,GROUP__7274__0028,INCIDENT,624.0,461.0,227.0,132.0,77.0,84.0,106.0,False
INCIDENT__257416-webtirf__33014,33014,2025-11-28 02:00:00,2025-11-27 23:00:00,2025-11-28 05:00:00,OTHER_DISRUPTION,GROUP__33014__0054,INCIDENT,0.0,0.0,0.0,0.0,0.0,0.0,0.0,True
INCIDENT__257465-webtirf__74230,74230,2025-11-28 05:00:00,2025-11-28 02:00:00,2025-11-28 08:00:00,OTHER_DISRUPTION,GROUP__74230__0025,INCIDENT,28.0,66.0,154.0,199.0,432.0,495.0,393.0,False
INCIDENT__257484-webtirf__7161,7161,2025-11-28 07:00:00,2025-11-28 04:00:00,2025-11-28 10:00:00,OTHER_DISRUPTION,GROUP__7161__0031,INCIDENT,46.0,95.0,142.0,135.0,121.0,136.0,126.0,False
INCIDENT__257486-webtirf__7126,7126,2025-11-28 07:00:00,2025-11-28 04:00:00,2025-11-28 10:00:00,ACCIDENT,GROUP__7126__0019,INCIDENT,75.0,221.0,356.0,532.0,646.0,570.0,713.0,False
INCIDENT__257507-webtirf__7120,7120,2025-11-28 15:00:00,2025-11-28 12:00:00,2025-11-28 18:00:00,OTHER_DISRUPTION,GROUP__7120__0070,INCIDENT,50.0,49.0,48.0,49.0,47.0,33.0,31.0,False
INCIDENT__257507-webtirf__7121,7121,2025-11-28 15:00:00,2025-11-28 12:00:00,2025-11-28 18:00:00,OTHER_DISRUPTION,GROUP__7121__0070,INCIDENT,436.0,500.0,484.0,460.0,487.0,547.0,472.0,False
INCIDENT__257511-webtirf__7112,7112,2025-11-28 19:00:00,2025-11-28 16:00:00,2025-11-28 22:00:00,OTHER_DISRUPTION,GROUP__7112__0068,INCIDENT,125.0,112.0,101.0,82.0,46.0,46.0,32.0,False
INCIDENT__257570-webtirf__33014,33014,2025-11-29 02:00:00,2025-11-28 23:00:00,2025-11-29 05:00:00,OTHER_DISRUPTION,GROUP__33014__0055,INCIDENT,0.0,0.0,0.0,0.0,0.0,0.0,0.0,True
INCIDENT__257578-webtirf__7179,7179,2025-11-29 04:00:00,2025-11-29 01:00:00,2025-11-29 07:00:00,OTHER_DISRUPTION,GROUP__7179__0094,INCIDENT,46.0,37.0,37.0,59.0,112.0,187.0,196.0,False
INCIDENT__257591-webtirf__7179,7179,2025-11-29 06:00:00,2025-11-29 03:00:00,2025-11-29 09:00:00,OTHER_DISRUPTION,GROUP__7179__0094,INCIDENT,37.0,59.0,112.0,187.0,196.0,229.0,259.0,False
INCIDENT__257614-webtirf__7248,7248,2025-11-29 17:00:00,2025-11-29 14:00:00,2025-11-29 20:00:00,ACCIDENT,GROUP__7248__0043,INCIDENT,79.0,104.0,100.0,118.0,107.0,81.0,69.0,False
INCIDENT__257657-webtirf__9658,9658,2025-11-30 06:00:00,2025-11-30 03:00:00,2025-11-30 09:00:00,OTHER_DISRUPTION,GROUP__9658__0036,INCIDENT,167.0,136.0,184.0,371.0,638.0,841.0,1276.0,False
INCIDENT__257658-webtirf__7132,7132,2025-11-30 06:00:00,2025-11-30 03:00:00,2025-11-30 09:00:00,OTHER_DISRUPTION,GROUP__7132__0027,INCIDENT,11.0,12.0,24.0,22.0,31.0,39.0,29.0,False
INCIDENT__257675-webtirf__7270,7270,2025-11-30 14:00:00,2025-11-30 11:00:00,2025-11-30 17:00:00,ACCIDENT,GROUP__7270__0026,INCIDENT,1576.0,1912.0,1721.0,1520.0,1723.0,1724.0,1387.0,False
INCIDENT__257676-webtirf__29005,29005,2025-11-30 15:00:00,2025-11-30 12:00:00,2025-11-30 18:00:00,ACCIDENT,GROUP__29005__0028,INCIDENT,3191.0,3234.0,3373.0,3444.0,3070.0,0.0,2628.0,False
INCIDENT__257678-webtirf__F3FWY004,F3FWY004,2025-11-30 16:00:00,2025-11-30 13:00:00,2025-11-30 19:00:00,OTHER_DISRUPTION,GROUP__F3FWY004__0013,INCIDENT,0.0,0.0,0.0,0.0,0.0,0.0,0.0,True
INCIDENT__257681-webtirf__7270,7270,2025-11-30 17:00:00,2025-11-30 14:00:00,2025-11-30 20:00:00,ACCIDENT,GROUP__7270__0026,INCIDENT,1520.0,1723.0,1724.0,1387.0,1184.0,1134.0,937.0,False
INCIDENT__257685-webtirf__74230,74230,2025-11-30 19:00:00,2025-11-30 16:00:00,2025-11-30 22:00:00,OTHER_DISRUPTION,GROUP__74230__0026,INCIDENT,64.0,49.0,44.0,32.0,22.0,33.0,16.0,False
INCIDENT__257686-webtirf__50240,50240,2025-11-30 19:00:00,2025-11-30 16:00:00,2025-11-30 22:00:00,OTHER_DISRUPTION,GROUP__50240__0051,INCIDENT,0.0,0.0,0.0,0.0,0.0,0.0,0.0,True
INCIDENT__257696-webtirf__51235,51235,2025-11-30 21:00:00,2025-11-30 18:00:00,2025-12-01 00:00:00,ACCIDENT,GROUP__51235__0049,INCIDENT,1346.0,1089.0,1029.0,991.0,664.0,338.0,14.0,False
INCIDENT__257907-webtirf__7123-PR,7123-PR,2025-12-02 08:00:00,2025-12-02 05:00:00,2025-12-02 11:00:00,OTHER_DISRUPTION,GROUP__7123-PR__0005,INCIDENT,169.0,365.0,544.0,697.0,636.0,608.0,601.0,False
INCIDENT__257922-webtirf__7168,7168,2025-12-02 20:00:00,2025-12-02 17:00:00,2025-12-02 23:00:00,ACCIDENT,GROUP__7168__0021,INCIDENT,102.0,95.0,55.0,40.0,27.0,30.0,16.0,False
INCIDENT__257980-webtirf__7270,7270,2025-12-03 03:00:00,2025-12-03 00:00:00,2025-12-03 06:00:00,ACCIDENT,GROUP__7270__0027,INCIDENT,197.0,103.0,74.0,129.0,351.0,1232.0,1670.0,False
INCIDENT__258003-webtirf__53004,53004,2025-12-03 05:00:00,2025-12-03 02:00:00,2025-12-03 08:00:00,OTHER_DISRUPTION,GROUP__53004__0052,INCIDENT,18.0,32.0,29.0,46.0,57.0,85.0,75.0,False
INCIDENT__258007-webtirf__7184,7184,2025-12-03 05:00:00,2025-12-03 02:00:00,2025-12-03 08:00:00,ACCIDENT,GROUP__7184__0037,INCIDENT,75.0,117.0,214.0,856.0,1892.0,2505.0,2188.0,False
INCIDENT__258010-webtirf__7168,7168,2025-12-03 05:00:00,2025-12-03 02:00:00,2025-12-03 08:00:00,OTHER_DISRUPTION,GROUP__7168__0022,INCIDENT,28.0,49.0,110.0,216.0,453.0,464.0,445.0,False
INCIDENT__258032-webtirf__7179,7179,2025-12-03 11:00:00,2025-12-03 08:00:00,2025-12-03 14:00:00,OTHER_DISRUPTION,GROUP__7179__0095,INCIDENT,351.0,418.0,464.0,507.0,505.0,482.0,522.0,False
INCIDENT__258041-webtirf__7179,7179,2025-12-03 13:00:00,2025-12-03 10:00:00,2025-12-03 16:00:00,OTHER_DISRUPTION,GROUP__7179__0095,INCIDENT,464.0,507.0,505.0,482.0,522.0,464.0,407.0,False
INCIDENT__258057-webtirf__7112,7112,2025-12-03 21:00:00,2025-12-03 18:00:00,2025-12-04 00:00:00,OTHER_DISRUPTION,GROUP__7112__0069,INCIDENT,81.0,68.0,38.0,42.0,28.0,24.0,18.0,False
INCIDENT__258082-webtirf__7168,7168,2025-12-04 01:00:00,2025-12-03 22:00:00,2025-12-04 04:00:00,OTHER_DISRUPTION,GROUP__7168__0023,INCIDENT,176.0,136.0,17.0,13.0,17.0,17.0,23.0,False
INCIDENT__258119-webtirf__T0288,T0288,2025-12-04 06:00:00,2025-12-04 03:00:00,2025-12-04 09:00:00,OTHER_DISRUPTION,GROUP__T0288__0017,INCIDENT,0.0,0.0,0.0,0.0,0.0,0.0,0.0,True
INCIDENT__258119-webtirf__T0289,T0289,2025-12-04 06:00:00,2025-12-04 03:00:00,2025-12-04 09:00:00,OTHER_DISRUPTION,GROUP__T0289__0017,INCIDENT,0.0,0.0,0.0,0.0,0.0,0.0,0.0,True
INCIDENT__258119-webtirf__T0290,T0290,2025-12-04 06:00:00,2025-12-04 03:00:00,2025-12-04 09:00:00,OTHER_DISRUPTION,GROUP__T0290__0017,INCIDENT,0.0,0.0,0.0,0.0,0.0,0.0,0.0,True
INCIDENT__258119-webtirf__T0479-PR,T0479-PR,2025-12-04 06:00:00,2025-12-04 03:00:00,2025-12-04 09:00:00,OTHER_DISRUPTION,GROUP__T0479-PR__0017,INCIDENT,29.0,99.0,336.0,387.0,229.0,224.0,218.0,False
INCIDENT__258139-webtirf__7184,7184,2025-12-04 07:00:00,2025-12-04 04:00:00,2025-12-04 10:00:00,ACCIDENT,GROUP__7184__0038,INCIDENT,64.0,135.0,293.0,239.0,228.0,268.0,312.0,False
INCIDENT__258140-webtirf__50240,50240,2025-12-04 08:00:00,2025-12-04 05:00:00,2025-12-04 11:00:00,ACCIDENT,GROUP__50240__0052,INCIDENT,2098.0,2591.0,2540.0,2391.0,2162.0,1853.0,1750.0,False
INCIDENT__258186-webtirf__7153,7153,2025-12-04 21:00:00,2025-12-04 18:00:00,2025-12-05 00:00:00,OTHER_DISRUPTION,GROUP__7153__0025,INCIDENT,115.0,90.0,76.0,51.0,38.0,42.0,143.0,False
INCIDENT__258226-webtirf__23067,23067,2025-12-05 01:00:00,2025-12-04 22:00:00,2025-12-05 04:00:00,OTHER_DISRUPTION,GROUP__23067__0043,INCIDENT,49.0,42.0,34.0,65.0,221.0,450.0,680.0,False
INCIDENT__258248-webtirf__50240,50240,2025-12-05 03:00:00,2025-12-05 00:00:00,2025-12-05 06:00:00,OTHER_DISRUPTION,GROUP__50240__0053,INCIDENT,80.0,73.0,58.0,102.0,185.0,390.0,555.0,False
INCIDENT__258277-webtirf__7120,7120,2025-12-05 07:00:00,2025-12-05 04:00:00,2025-12-05 10:00:00,OTHER_DISRUPTION,GROUP__7120__0071,INCIDENT,221.0,638.0,770.0,714.0,634.0,578.0,643.0,False
INCIDENT__258277-webtirf__7121,7121,2025-12-05 07:00:00,2025-12-05 04:00:00,2025-12-05 10:00:00,OTHER_DISRUPTION,GROUP__7121__0071,INCIDENT,0.0,0.0,0.0,0.0,0.0,0.0,0.0,True
INCIDENT__258283-webtirf__53004,53004,2025-12-05 08:00:00,2025-12-05 05:00:00,2025-12-05 11:00:00,OTHER_DISRUPTION,GROUP__53004__0053,INCIDENT,94.0,261.0,187.0,129.0,164.0,154.0,138.0,False
INCIDENT__258284-webtirf__7179,7179,2025-12-05 09:00:00,2025-12-05 06:00:00,2025-12-05 12:00:00,OTHER_DISRUPTION,GROUP__7179__0096,INCIDENT,1267.0,1619.0,1567.0,1522.0,1435.0,1540.0,1579.0,False
INCIDENT__258333-webtirf__57025,57025,2025-12-06 02:00:00,2025-12-05 23:00:00,2025-12-06 05:00:00,OTHER_DISRUPTION,GROUP__57025__0006,INCIDENT,0.0,0.0,0.0,0.0,0.0,0.0,0.0,True
INCIDENT__258387-webtirf__7251,7251,2025-12-06 16:00:00,2025-12-06 13:00:00,2025-12-06 19:00:00,OTHER_DISRUPTION,GROUP__7251__0037,INCIDENT,1059.0,982.0,1024.0,926.0,954.0,855.0,845.0,False
INCIDENT__258391-webtirf__7112,7112,2025-12-06 22:00:00,2025-12-06 19:00:00,2025-12-07 01:00:00,OTHER_DISRUPTION,GROUP__7112__0070,INCIDENT,39.0,34.0,27.0,37.0,17.0,20.0,9.0,False
INCIDENT__258422-webtirf__23067,23067,2025-12-07 07:00:00,2025-12-07 04:00:00,2025-12-07 10:00:00,OTHER_DISRUPTION,GROUP__23067__0044,INCIDENT,1162.0,1282.0,1574.0,1685.0,1741.0,1496.0,1498.0,False
INCIDENT__258484-webtirf__7248,7248,2025-12-08 02:00:00,2025-12-07 23:00:00,2025-12-08 05:00:00,OTHER_DISRUPTION,GROUP__7248__0044,INCIDENT,343.0,218.0,147.0,105.0,135.0,417.0,1182.0,False
INCIDENT__258489-webtirf__68025,68025,2025-12-08 03:00:00,2025-12-08 00:00:00,2025-12-08 06:00:00,ACCIDENT,GROUP__68025__0049,INCIDENT,102.0,78.0,48.0,61.0,144.0,475.0,949.0,False
INCIDENT__258489-webtirf__7119-PR,7119-PR,2025-12-08 03:00:00,2025-12-08 00:00:00,2025-12-08 06:00:00,ACCIDENT,GROUP__7119-PR__0016,INCIDENT,116.0,76.0,49.0,51.0,109.0,228.0,458.0,False
INCIDENT__258505-webtirf__7179,7179,2025-12-08 04:00:00,2025-12-08 01:00:00,2025-12-08 07:00:00,OTHER_DISRUPTION,GROUP__7179__0097,INCIDENT,38.0,33.0,64.0,107.0,219.0,307.0,355.0,False
INCIDENT__258513-webtirf__50240,50240,2025-12-08 05:00:00,2025-12-08 02:00:00,2025-12-08 08:00:00,ACCIDENT,GROUP__50240__0054,INCIDENT,44.0,91.0,162.0,378.0,537.0,432.0,335.0,False
INCIDENT__258519-webtirf__74229,74229,2025-12-08 06:00:00,2025-12-08 03:00:00,2025-12-08 09:00:00,OTHER_DISRUPTION,GROUP__74229__0009,INCIDENT,12.0,48.0,147.0,109.0,82.0,98.0,91.0,False
INCIDENT__258522-webtirf__7161,7161,2025-12-08 07:00:00,2025-12-08 04:00:00,2025-12-08 10:00:00,ACCIDENT,GROUP__7161__0032,INCIDENT,45.0,94.0,142.0,154.0,125.0,136.0,158.0,False
INCIDENT__258534-webtirf__7248,7248,2025-12-08 11:00:00,2025-12-08 08:00:00,2025-12-08 14:00:00,OTHER_DISRUPTION,GROUP__7248__0045,INCIDENT,1238.0,1038.0,969.0,926.0,914.0,887.0,802.0,False
INCIDENT__258598-webtirf__7120,7120,2025-12-09 03:00:00,2025-12-09 00:00:00,2025-12-09 06:00:00,OTHER_DISRUPTION,GROUP__7120__0072,INCIDENT,8.0,9.0,10.0,14.0,20.0,67.0,108.0,False
INCIDENT__258598-webtirf__7121,7121,2025-12-09 03:00:00,2025-12-09 00:00:00,2025-12-09 06:00:00,OTHER_DISRUPTION,GROUP__7121__0072,INCIDENT,0.0,0.0,0.0,0.0,0.0,0.0,0.0,True
INCIDENT__258628-webtirf__7119-PR,7119-PR,2025-12-09 06:00:00,2025-12-09 03:00:00,2025-12-09 09:00:00,OTHER_DISRUPTION,GROUP__7119-PR__0017,INCIDENT,4.0,11.0,48.0,90.0,106.0,117.0,101.0,False
INCIDENT__258657-webtirf__7168,7168,2025-12-09 18:00:00,2025-12-09 15:00:00,2025-12-09 21:00:00,OTHER_DISRUPTION,GROUP__7168__0024,INCIDENT,114.0,95.0,77.0,64.0,43.0,20.0,33.0,False
INCIDENT__258665-webtirf__7179,7179,2025-12-09 21:00:00,2025-12-09 18:00:00,2025-12-10 00:00:00,ACCIDENT,GROUP__7179__0098,INCIDENT,1915.0,1446.0,1251.0,1313.0,1046.0,690.0,58.0,False
INCIDENT__258674-webtirf__F3FWY003,F3FWY003,2025-12-09 23:00:00,2025-12-09 20:00:00,2025-12-10 02:00:00,OTHER_DISRUPTION,GROUP__F3FWY003__0048,INCIDENT,237.0,162.0,186.0,126.0,111.0,114.0,117.0,False
INCIDENT__258700-webtirf__7112,7112,2025-12-10 01:00:00,2025-12-09 22:00:00,2025-12-10 04:00:00,OTHER_DISRUPTION,GROUP__7112__0071,INCIDENT,561.0,283.0,15.0,25.0,37.0,30.0,69.0,False
INCIDENT__258710-webtirf__7251,7251,2025-12-10 02:00:00,2025-12-09 23:00:00,2025-12-10 05:00:00,OTHER_DISRUPTION,GROUP__7251__0038,INCIDENT,499.0,22.0,26.0,25.0,22.0,24.0,58.0,False
INCIDENT__258760-webtirf__33014,33014,2025-12-10 06:00:00,2025-12-10 03:00:00,2025-12-10 09:00:00,OTHER_DISRUPTION,GROUP__33014__0056,INCIDENT,0.0,0.0,0.0,0.0,0.0,0.0,0.0,True
INCIDENT__258767-webtirf__53004,53004,2025-12-10 08:00:00,2025-12-10 05:00:00,2025-12-10 11:00:00,OTHER_DISRUPTION,GROUP__53004__0054,INCIDENT,251.0,598.0,902.0,1130.0,1128.0,1121.0,1330.0,False
INCIDENT__258782-webtirf__53003,53003,2025-12-10 18:00:00,2025-12-10 15:00:00,2025-12-10 21:00:00,OTHER_DISRUPTION,GROUP__53003__0017,INCIDENT,170.0,149.0,109.0,97.0,64.0,53.0,34.0,False
INCIDENT__258786-webtirf__F3FWY004,F3FWY004,2025-12-10 19:00:00,2025-12-10 16:00:00,2025-12-10 22:00:00,ACCIDENT,GROUP__F3FWY004__0014,INCIDENT,654.0,496.0,417.0,344.0,263.0,228.0,217.0,False
INCIDENT__258825-webtirf__F3FWY001,F3FWY001,2025-12-11 00:00:00,2025-12-10 21:00:00,2025-12-11 03:00:00,OTHER_DISRUPTION,GROUP__F3FWY001__0011,INCIDENT,1036.0,745.0,847.0,152.0,144.0,132.0,169.0,False
INCIDENT__258827-webtirf__7179,7179,2025-12-11 01:00:00,2025-12-10 22:00:00,2025-12-11 04:00:00,ACCIDENT,GROUP__7179__0099,INCIDENT,92.0,81.0,57.0,58.0,55.0,81.0,95.0,False
INCIDENT__258841-webtirf__F3FWY005,F3FWY005,2025-12-11 03:00:00,2025-12-11 00:00:00,2025-12-11 06:00:00,OTHER_DISRUPTION,GROUP__F3FWY005__0007,INCIDENT,0.0,0.0,0.0,0.0,0.0,0.0,0.0,True
INCIDENT__258879-webtirf__9827,9827,2025-12-11 14:00:00,2025-12-11 11:00:00,2025-12-11 17:00:00,OTHER_DISRUPTION,GROUP__9827__0005,INCIDENT,159.0,146.0,135.0,118.0,169.0,128.0,96.0,False
INCIDENT__258920-webtirf__F3FWY003,F3FWY003,2025-12-11 22:00:00,2025-12-11 19:00:00,2025-12-12 01:00:00,OTHER_DISRUPTION,GROUP__F3FWY003__0049,INCIDENT,1025.0,687.0,562.0,331.0,201.0,107.0,103.0,False
INCIDENT__258927-webtirf__74228,74228,2025-12-11 23:00:00,2025-12-11 20:00:00,2025-12-12 02:00:00,OTHER_DISRUPTION,GROUP__74228__0009,INCIDENT,29.0,19.0,10.0,12.0,146.0,51.0,16.0,False
INCIDENT__258962-webtirf__50250,50250,2025-12-12 01:00:00,2025-12-11 22:00:00,2025-12-12 04:00:00,ACCIDENT,GROUP__50250__0007,INCIDENT,3.0,0.0,0.0,0.0,0.0,0.0,0.0,False
INCIDENT__259086-webtirf__23067,23067,2025-12-12 05:00:00,2025-12-12 02:00:00,2025-12-12 08:00:00,OTHER_DISRUPTION,GROUP__23067__0045,INCIDENT,0.0,0.0,0.0,0.0,0.0,0.0,0.0,True
INCIDENT__259126-webtirf__10011,10011,2025-12-12 16:00:00,2025-12-12 13:00:00,2025-12-12 19:00:00,OTHER_DISRUPTION,GROUP__10011__0046,INCIDENT,0.0,0.0,0.0,0.0,0.0,0.0,0.0,True
INCIDENT__259126-webtirf__7139,7139,2025-12-12 16:00:00,2025-12-12 13:00:00,2025-12-12 19:00:00,OTHER_DISRUPTION,GROUP__7139__0046,INCIDENT,373.0,398.0,399.0,274.0,213.0,163.0,99.0,False
INCIDENT__259131-webtirf__7120,7120,2025-12-12 20:00:00,2025-12-12 17:00:00,2025-12-12 23:00:00,ACCIDENT,GROUP__7120__0073,INCIDENT,576.0,735.0,679.0,617.0,642.0,627.0,477.0,False
INCIDENT__259131-webtirf__7121,7121,2025-12-12 20:00:00,2025-12-12 17:00:00,2025-12-12 23:00:00,ACCIDENT,GROUP__7121__0073,INCIDENT,0.0,0.0,0.0,0.0,0.0,0.0,0.0,True
INCIDENT__259147-webtirf__7126,7126,2025-12-13 02:00:00,2025-12-12 23:00:00,2025-12-13 05:00:00,ACCIDENT,GROUP__7126__0020,INCIDENT,134.0,10.0,5.0,1.0,0.0,7.0,26.0,False
INCIDENT__259179-webtirf__7120,7120,2025-12-13 15:00:00,2025-12-13 12:00:00,2025-12-13 18:00:00,OTHER_DISRUPTION,GROUP__7120__0074,INCIDENT,531.0,552.0,477.0,527.0,529.0,539.0,539.0,False
INCIDENT__259179-webtirf__7121,7121,2025-12-13 15:00:00,2025-12-13 12:00:00,2025-12-13 18:00:00,OTHER_DISRUPTION,GROUP__7121__0074,INCIDENT,0.0,0.0,0.0,0.0,0.0,0.0,0.0,True
INCIDENT__259184-webtirf__7179,7179,2025-12-13 15:00:00,2025-12-13 12:00:00,2025-12-13 18:00:00,ACCIDENT,GROUP__7179__0100,INCIDENT,1998.0,1919.0,1973.0,2040.0,1984.0,2094.0,1877.0,False
INCIDENT__259188-webtirf__7161,7161,2025-12-13 23:00:00,2025-12-13 20:00:00,2025-12-14 02:00:00,ACCIDENT,GROUP__7161__0033,INCIDENT,29.0,35.0,26.0,25.0,247.0,153.0,108.0,False
INCIDENT__259200-webtirf__7184,7184,2025-12-14 03:00:00,2025-12-14 00:00:00,2025-12-14 06:00:00,ACCIDENT,GROUP__7184__0039,INCIDENT,22.0,22.0,8.0,15.0,14.0,26.0,38.0,False
INCIDENT__259224-webtirf__7179,7179,2025-12-14 12:00:00,2025-12-14 09:00:00,2025-12-14 15:00:00,ACCIDENT,GROUP__7179__0101,INCIDENT,1217.0,1466.0,1825.0,1879.0,1764.0,1790.0,1893.0,False
INCIDENT__259239-webtirf__7168,7168,2025-12-14 21:00:00,2025-12-14 18:00:00,2025-12-15 00:00:00,OTHER_DISRUPTION,GROUP__7168__0025,INCIDENT,353.0,277.0,245.0,254.0,200.0,139.0,10.0,False
INCIDENT__259289-webtirf__7132,7132,2025-12-15 05:00:00,2025-12-15 02:00:00,2025-12-15 08:00:00,OTHER_DISRUPTION,GROUP__7132__0028,INCIDENT,9.0,16.0,22.0,96.0,149.0,102.0,90.0,False
INCIDENT__259325-webtirf__68025,68025,2025-12-15 19:00:00,2025-12-15 16:00:00,2025-12-15 22:00:00,OTHER_DISRUPTION,GROUP__68025__0050,INCIDENT,959.0,985.0,714.0,629.0,524.0,410.0,313.0,False
INCIDENT__259339-webtirf__7179,7179,2025-12-15 21:00:00,2025-12-15 18:00:00,2025-12-16 00:00:00,OTHER_DISRUPTION,GROUP__7179__0102,INCIDENT,280.0,179.0,125.0,115.0,97.0,58.0,55.0,False
INCIDENT__259345-webtirf__74230,74230,2025-12-15 23:00:00,2025-12-15 20:00:00,2025-12-16 02:00:00,OTHER_DISRUPTION,GROUP__74230__0027,INCIDENT,274.0,205.0,123.0,31.0,1.0,6.0,3.0,False
INCIDENT__259366-webtirf__7120,7120,2025-12-16 01:00:00,2025-12-15 22:00:00,2025-12-16 04:00:00,OTHER_DISRUPTION,GROUP__7120__0075,INCIDENT,14.0,16.0,92.0,50.0,58.0,84.0,207.0,False
INCIDENT__259366-webtirf__7121,7121,2025-12-16 01:00:00,2025-12-15 22:00:00,2025-12-16 04:00:00,OTHER_DISRUPTION,GROUP__7121__0075,INCIDENT,105.0,68.0,0.0,1.0,0.0,0.0,2.0,False
INCIDENT__259379-webtirf__68025,68025,2025-12-16 04:00:00,2025-12-16 01:00:00,2025-12-16 07:00:00,OTHER_DISRUPTION,GROUP__68025__0051,INCIDENT,74.0,42.0,69.0,148.0,455.0,968.0,1385.0,False
INCIDENT__259383-webtirf__7179,7179,2025-12-16 05:00:00,2025-12-16 02:00:00,2025-12-16 08:00:00,OTHER_DISRUPTION,GROUP__7179__0103,INCIDENT,58.0,68.0,106.0,208.0,313.0,370.0,381.0,False
INCIDENT__259397-webtirf__33014,33014,2025-12-16 07:00:00,2025-12-16 04:00:00,2025-12-16 10:00:00,ACCIDENT,GROUP__33014__0057,INCIDENT,0.0,0.0,0.0,0.0,0.0,0.0,0.0,True
INCIDENT__259414-webtirf__7179,7179,2025-12-16 14:00:00,2025-12-16 11:00:00,2025-12-16 17:00:00,ACCIDENT,GROUP__7179__0104,INCIDENT,514.0,553.0,539.0,505.0,504.0,417.0,322.0,False
INCIDENT__259473-webtirf__68025,68025,2025-12-17 02:00:00,2025-12-16 23:00:00,2025-12-17 05:00:00,OTHER_DISRUPTION,GROUP__68025__0052,INCIDENT,224.0,4.0,4.0,7.0,7.0,24.0,75.0,False
INCIDENT__259475-webtirf__7162,7162,2025-12-17 02:00:00,2025-12-16 23:00:00,2025-12-17 05:00:00,ACCIDENT,GROUP__7162__0004,INCIDENT,12.0,88.0,39.0,36.0,37.0,219.0,592.0,False
INCIDENT__259477-webtirf__F3FWY001,F3FWY001,2025-12-17 02:00:00,2025-12-16 23:00:00,2025-12-17 05:00:00,OTHER_DISRUPTION,GROUP__F3FWY001__0012,INCIDENT,475.0,254.0,94.0,98.0,108.0,274.0,862.0,False
INCIDENT__259481-webtirf__33014,33014,2025-12-17 02:00:00,2025-12-16 23:00:00,2025-12-17 05:00:00,ACCIDENT,GROUP__33014__0058,INCIDENT,0.0,0.0,0.0,0.0,0.0,0.0,0.0,True
INCIDENT__259488-webtirf__T0345,T0345,2025-12-17 04:00:00,2025-12-17 01:00:00,2025-12-17 07:00:00,ACCIDENT,GROUP__T0345__0003,INCIDENT,2.0,1.0,0.0,5.0,22.0,52.0,64.0,False
INCIDENT__259492-webtirf__7112,7112,2025-12-17 04:00:00,2025-12-17 01:00:00,2025-12-17 07:00:00,ACCIDENT,GROUP__7112__0073,INCIDENT,97.0,79.0,92.0,228.0,870.0,1510.0,1143.0,False
INCIDENT__259528-webtirf__F3FWY003,F3FWY003,2025-12-17 09:00:00,2025-12-17 06:00:00,2025-12-17 12:00:00,ACCIDENT,GROUP__F3FWY003__0051,INCIDENT,963.0,711.0,605.0,650.0,663.0,665.0,616.0,False
INCIDENT__259637-webtirf__7161,7161,2025-12-18 07:00:00,2025-12-18 04:00:00,2025-12-18 10:00:00,OTHER_DISRUPTION,GROUP__7161__0034,INCIDENT,35.0,109.0,145.0,129.0,132.0,140.0,155.0,False
INCIDENT__259638-webtirf__7112,7112,2025-12-18 07:00:00,2025-12-18 04:00:00,2025-12-18 10:00:00,OTHER_DISRUPTION,GROUP__7112__0074,INCIDENT,62.0,143.0,254.0,254.0,217.0,256.0,218.0,False
INCIDENT__259730-webtirf__7112,7112,2025-12-19 03:00:00,2025-12-19 00:00:00,2025-12-19 06:00:00,ACCIDENT,GROUP__7112__0075,INCIDENT,177.0,108.0,84.0,92.0,205.0,846.0,1488.0,False
INCIDENT__259778-webtirf__7120,7120,2025-12-19 14:00:00,2025-12-19 11:00:00,2025-12-19 17:00:00,OTHER_DISRUPTION,GROUP__7120__0076,INCIDENT,90.0,63.0,64.0,68.0,47.0,60.0,35.0,False
INCIDENT__259778-webtirf__7121,7121,2025-12-19 14:00:00,2025-12-19 11:00:00,2025-12-19 17:00:00,OTHER_DISRUPTION,GROUP__7121__0076,INCIDENT,0.0,0.0,0.0,0.0,0.0,0.0,0.0,True
INCIDENT__259780-webtirf__7179,7179,2025-12-19 17:00:00,2025-12-19 14:00:00,2025-12-19 20:00:00,OTHER_DISRUPTION,GROUP__7179__0105,INCIDENT,429.0,450.0,358.0,272.0,250.0,213.0,125.0,False
INCIDENT__259792-webtirf__7161,7161,2025-12-19 20:00:00,2025-12-19 17:00:00,2025-12-19 23:00:00,ACCIDENT,GROUP__7161__0035,INCIDENT,1344.0,1138.0,838.0,694.0,578.0,522.0,404.0,False
INCIDENT__259820-webtirf__7184,7184,2025-12-20 01:00:00,2025-12-19 22:00:00,2025-12-20 04:00:00,OTHER_DISRUPTION,GROUP__7184__0040,INCIDENT,38.0,21.0,331.0,225.0,164.0,154.0,163.0,False
INCIDENT__259832-webtirf__7161,7161,2025-12-20 04:00:00,2025-12-20 01:00:00,2025-12-20 07:00:00,OTHER_DISRUPTION,GROUP__7161__0036,INCIDENT,21.0,16.0,18.0,15.0,36.0,49.0,64.0,False
INCIDENT__259840-webtirf__33014,33014,2025-12-20 06:00:00,2025-12-20 03:00:00,2025-12-20 09:00:00,OTHER_DISRUPTION,GROUP__33014__0059,INCIDENT,0.0,0.0,0.0,0.0,0.0,0.0,0.0,True
INCIDENT__259858-webtirf__7248,7248,2025-12-20 18:00:00,2025-12-20 15:00:00,2025-12-20 21:00:00,ACCIDENT,GROUP__7248__0046,INCIDENT,1060.0,712.0,1197.0,1204.0,854.0,848.0,896.0,False
INCIDENT__259859-webtirf__22001,22001,2025-12-20 18:00:00,2025-12-20 15:00:00,2025-12-20 21:00:00,ACCIDENT,GROUP__22001__0016,INCIDENT,0.0,0.0,0.0,0.0,0.0,0.0,0.0,True
INCIDENT__259903-webtirf__7159,7159,2025-12-21 04:00:00,2025-12-21 01:00:00,2025-12-21 07:00:00,OTHER_DISRUPTION,GROUP__7159__0013,INCIDENT,22.0,13.0,8.0,15.0,21.0,35.0,43.0,False
INCIDENT__260000-webtirf__7179,7179,2025-12-21 23:00:00,2025-12-21 20:00:00,2025-12-22 02:00:00,OTHER_DISRUPTION,GROUP__7179__0106,INCIDENT,105.0,81.0,82.0,56.0,436.0,242.0,166.0,False
INCIDENT__260006-webtirf__29005,29005,2025-12-21 23:00:00,2025-12-21 20:00:00,2025-12-22 02:00:00,ACCIDENT,GROUP__29005__0029,INCIDENT,1905.0,1865.0,1351.0,837.0,457.0,285.0,165.0,False
INCIDENT__260021-webtirf__7119-PR,7119-PR,2025-12-22 01:00:00,2025-12-21 22:00:00,2025-12-22 04:00:00,OTHER_DISRUPTION,GROUP__7119-PR__0018,INCIDENT,370.0,232.0,21.0,16.0,2.0,2.0,9.0,False
INCIDENT__260043-webtirf__7248,7248,2025-12-22 04:00:00,2025-12-22 01:00:00,2025-12-22 07:00:00,ACCIDENT,GROUP__7248__0047,INCIDENT,138.0,98.0,144.0,333.0,838.0,1036.0,1096.0,False
INCIDENT__260048-webtirf__68025,68025,2025-12-22 06:00:00,2025-12-22 03:00:00,2025-12-22 09:00:00,OTHER_DISRUPTION,GROUP__68025__0053,INCIDENT,7.0,19.0,52.0,78.0,67.0,86.0,72.0,False
INCIDENT__260075-webtirf__F3FWY003,F3FWY003,2025-12-22 20:00:00,2025-12-22 17:00:00,2025-12-22 23:00:00,OTHER_DISRUPTION,GROUP__F3FWY003__0052,INCIDENT,423.0,286.0,281.0,244.0,213.0,180.0,186.0,False
INCIDENT__260090-webtirf__7184,7184,2025-12-22 22:00:00,2025-12-22 19:00:00,2025-12-23 01:00:00,OTHER_DISRUPTION,GROUP__7184__0041,INCIDENT,1207.0,941.0,0.0,610.0,332.0,25.0,29.0,False
INCIDENT__260112-webtirf__7163,7163,2025-12-23 00:00:00,2025-12-22 21:00:00,2025-12-23 03:00:00,OTHER_DISRUPTION,GROUP__7163__0046,INCIDENT,30.0,27.0,20.0,87.0,62.0,53.0,54.0,False
INCIDENT__260132-webtirf__53004,53004,2025-12-23 02:00:00,2025-12-22 23:00:00,2025-12-23 05:00:00,OTHER_DISRUPTION,GROUP__53004__0055,INCIDENT,403.0,21.0,10.0,14.0,15.0,28.0,57.0,False
INCIDENT__260138-webtirf__7163,7163,2025-12-23 03:00:00,2025-12-23 00:00:00,2025-12-23 06:00:00,OTHER_DISRUPTION,GROUP__7163__0046,INCIDENT,87.0,62.0,53.0,54.0,91.0,179.0,443.0,False
INCIDENT__260142-webtirf__7275,7275,2025-12-23 04:00:00,2025-12-23 01:00:00,2025-12-23 07:00:00,ACCIDENT,GROUP__7275__0006,INCIDENT,4.0,11.0,7.0,17.0,41.0,114.0,87.0,False
INCIDENT__260144-webtirf__74230,74230,2025-12-23 04:00:00,2025-12-23 01:00:00,2025-12-23 07:00:00,OTHER_DISRUPTION,GROUP__74230__0028,INCIDENT,2.0,2.0,1.0,2.0,10.0,9.0,14.0,False
INCIDENT__260157-webtirf__7179,7179,2025-12-23 06:00:00,2025-12-23 03:00:00,2025-12-23 09:00:00,OTHER_DISRUPTION,GROUP__7179__0107,INCIDENT,63.0,98.0,187.0,297.0,361.0,382.0,433.0,False
INCIDENT__260171-webtirf__7120,7120,2025-12-23 13:00:00,2025-12-23 10:00:00,2025-12-23 16:00:00,OTHER_DISRUPTION,GROUP__7120__0077,INCIDENT,605.0,644.0,608.0,601.0,596.0,591.0,597.0,False
INCIDENT__260171-webtirf__7121,7121,2025-12-23 13:00:00,2025-12-23 10:00:00,2025-12-23 16:00:00,OTHER_DISRUPTION,GROUP__7121__0077,INCIDENT,0.0,0.0,0.0,0.0,0.0,0.0,0.0,True
INCIDENT__260177-webtirf__7120,7120,2025-12-23 15:00:00,2025-12-23 12:00:00,2025-12-23 18:00:00,OTHER_DISRUPTION,GROUP__7120__0077,INCIDENT,608.0,601.0,596.0,591.0,597.0,613.0,597.0,False
INCIDENT__260177-webtirf__7121,7121,2025-12-23 15:00:00,2025-12-23 12:00:00,2025-12-23 18:00:00,OTHER_DISRUPTION,GROUP__7121__0077,INCIDENT,0.0,0.0,0.0,0.0,0.0,0.0,0.0,True
INCIDENT__260182-webtirf__7184,7184,2025-12-23 20:00:00,2025-12-23 17:00:00,2025-12-23 23:00:00,OTHER_DISRUPTION,GROUP__7184__0042,INCIDENT,191.0,133.0,100.0,62.0,54.0,35.0,36.0,False
INCIDENT__260196-webtirf__74230,74230,2025-12-23 23:00:00,2025-12-23 20:00:00,2025-12-24 02:00:00,OTHER_DISRUPTION,GROUP__74230__0029,INCIDENT,7.0,4.0,0.0,0.0,20.0,11.0,11.0,False
INCIDENT__260236-webtirf__23067,23067,2025-12-24 07:00:00,2025-12-24 04:00:00,2025-12-24 10:00:00,OTHER_DISRUPTION,GROUP__23067__0046,INCIDENT,702.0,1002.0,1470.0,1614.0,1424.0,1532.0,1743.0,False
INCIDENT__260270-webtirf__F3FWY002,F3FWY002,2025-12-24 23:00:00,2025-12-24 20:00:00,2025-12-25 02:00:00,ACCIDENT,GROUP__F3FWY002__0013,INCIDENT,0.0,0.0,0.0,0.0,0.0,0.0,0.0,True
INCIDENT__260291-webtirf__7120,7120,2025-12-25 09:00:00,2025-12-25 06:00:00,2025-12-25 12:00:00,OTHER_DISRUPTION,GROUP__7120__0078,INCIDENT,0.0,0.0,0.0,0.0,0.0,0.0,0.0,True
INCIDENT__260291-webtirf__7121,7121,2025-12-25 09:00:00,2025-12-25 06:00:00,2025-12-25 12:00:00,OTHER_DISRUPTION,GROUP__7121__0078,INCIDENT,0.0,0.0,0.0,0.0,0.0,0.0,0.0,True
INCIDENT__260293-webtirf__10011,10011,2025-12-25 11:00:00,2025-12-25 08:00:00,2025-12-25 14:00:00,ACCIDENT,GROUP__10011__0047,INCIDENT,0.0,0.0,0.0,0.0,0.0,0.0,0.0,True
INCIDENT__260293-webtirf__7139,7139,2025-12-25 11:00:00,2025-12-25 08:00:00,2025-12-25 14:00:00,ACCIDENT,GROUP__7139__0047,INCIDENT,0.0,0.0,0.0,0.0,0.0,0.0,0.0,True
INCIDENT__260299-webtirf__7248,7248,2025-12-25 16:00:00,2025-12-25 13:00:00,2025-12-25 19:00:00,ACCIDENT,GROUP__7248__0048,INCIDENT,25.0,15.0,18.0,35.0,26.0,22.0,24.0,False
INCIDENT__260327-webtirf__7153,7153,2025-12-26 09:00:00,2025-12-26 06:00:00,2025-12-26 12:00:00,ACCIDENT,GROUP__7153__0026,INCIDENT,0.0,0.0,0.0,0.0,0.0,0.0,0.0,True
INCIDENT__260332-webtirf__50240,50240,2025-12-26 10:00:00,2025-12-26 07:00:00,2025-12-26 13:00:00,ACCIDENT,GROUP__50240__0055,INCIDENT,21.0,38.0,43.0,44.0,54.0,48.0,47.0,False
INCIDENT__260336-webtirf__7248,7248,2025-12-26 12:00:00,2025-12-26 09:00:00,2025-12-26 15:00:00,OTHER_DISRUPTION,GROUP__7248__0049,INCIDENT,36.0,42.0,38.0,49.0,40.0,30.0,29.0,False
INCIDENT__260364-webtirf__7120,7120,2025-12-27 03:00:00,2025-12-27 00:00:00,2025-12-27 06:00:00,OTHER_DISRUPTION,GROUP__7120__0079,INCIDENT,10.0,6.0,6.0,6.0,6.0,24.0,25.0,False
INCIDENT__260364-webtirf__7121,7121,2025-12-27 03:00:00,2025-12-27 00:00:00,2025-12-27 06:00:00,OTHER_DISRUPTION,GROUP__7121__0079,INCIDENT,0.0,0.0,0.0,0.0,0.0,0.0,0.0,True
INCIDENT__260368-webtirf__7120,7120,2025-12-27 06:00:00,2025-12-27 03:00:00,2025-12-27 09:00:00,OTHER_DISRUPTION,GROUP__7120__0079,INCIDENT,6.0,6.0,24.0,25.0,24.0,19.0,26.0,False
INCIDENT__260368-webtirf__7121,7121,2025-12-27 06:00:00,2025-12-27 03:00:00,2025-12-27 09:00:00,OTHER_DISRUPTION,GROUP__7121__0079,INCIDENT,0.0,0.0,0.0,0.0,0.0,0.0,0.0,True
INCIDENT__260380-webtirf__7132,7132,2025-12-27 11:00:00,2025-12-27 08:00:00,2025-12-27 14:00:00,ACCIDENT,GROUP__7132__0029,INCIDENT,641.0,888.0,1081.0,1131.0,1107.0,1137.0,1010.0,False
INCIDENT__260385-webtirf__29005,29005,2025-12-27 18:00:00,2025-12-27 15:00:00,2025-12-27 21:00:00,ACCIDENT,GROUP__29005__0030,INCIDENT,957.0,945.0,0.0,796.0,700.0,0.0,644.0,False
INCIDENT__260389-webtirf__7123-PR,7123-PR,2025-12-27 21:00:00,2025-12-27 18:00:00,2025-12-28 00:00:00,ACCIDENT,GROUP__7123-PR__0006,INCIDENT,293.0,227.0,230.0,263.0,233.0,150.0,10.0,False
INCIDENT__260470-webtirf__7179,7179,2025-12-29 08:00:00,2025-12-29 05:00:00,2025-12-29 11:00:00,OTHER_DISRUPTION,GROUP__7179__0108,INCIDENT,489.0,746.0,833.0,1029.0,1148.0,1391.0,1430.0,False
INCIDENT__260472-webtirf__7163,7163,2025-12-29 11:00:00,2025-12-29 08:00:00,2025-12-29 14:00:00,OTHER_DISRUPTION,GROUP__7163__0047,INCIDENT,26.0,35.0,44.0,31.0,35.0,36.0,40.0,False
INCIDENT__260481-webtirf__9849,9849,2025-12-29 19:00:00,2025-12-29 16:00:00,2025-12-29 22:00:00,OTHER_DISRUPTION,GROUP__9849__0009,INCIDENT,13.0,21.0,10.0,11.0,11.0,4.0,4.0,False
INCIDENT__260488-webtirf__7184,7184,2025-12-29 22:00:00,2025-12-29 19:00:00,2025-12-30 01:00:00,OTHER_DISRUPTION,GROUP__7184__0043,INCIDENT,66.0,62.0,42.0,29.0,18.0,27.0,26.0,False
INCIDENT__260529-webtirf__7161,7161,2025-12-30 07:00:00,2025-12-30 04:00:00,2025-12-30 10:00:00,OTHER_DISRUPTION,GROUP__7161__0037,INCIDENT,14.0,37.0,34.0,58.0,61.0,90.0,73.0,False
INCIDENT__260541-webtirf__10011,10011,2025-12-30 12:00:00,2025-12-30 09:00:00,2025-12-30 15:00:00,OTHER_DISRUPTION,GROUP__10011__0048,INCIDENT,0.0,0.0,0.0,0.0,0.0,0.0,0.0,True
INCIDENT__260541-webtirf__7139,7139,2025-12-30 12:00:00,2025-12-30 09:00:00,2025-12-30 15:00:00,OTHER_DISRUPTION,GROUP__7139__0048,INCIDENT,151.0,164.0,161.0,158.0,167.0,159.0,175.0,False
INCIDENT__260547-webtirf__7161,7161,2025-12-30 18:00:00,2025-12-30 15:00:00,2025-12-30 21:00:00,OTHER_DISRUPTION,GROUP__7161__0038,INCIDENT,83.0,97.0,91.0,60.0,40.0,43.0,32.0,False
INCIDENT__260575-webtirf__7112,7112,2025-12-31 06:00:00,2025-12-31 03:00:00,2025-12-31 09:00:00,OTHER_DISRUPTION,GROUP__7112__0076,INCIDENT,65.0,127.0,312.0,549.0,441.0,477.0,557.0,False
CONTROL__7120__2025081304,7120,2025-08-13 04:00:00,2025-08-13 01:00:00,2025-08-13 07:00:00,NORMAL,GROUP__7120__0001,CONTROL,18.0,23.0,30.0,31.0,61.0,125.0,92.0,False
CONTROL__7120__2025070904,7120,2025-07-09 04:00:00,2025-07-09 01:00:00,2025-07-09 07:00:00,NORMAL,GROUP__7120__0001,CONTROL,49.0,54.0,57.0,167.0,557.0,754.0,724.0,False
CONTROL__7121__2025032604,7121,2025-03-26 04:00:00,2025-03-26 01:00:00,2025-03-26 07:00:00,NORMAL,GROUP__7121__0001,CONTROL,6.0,8.0,14.0,10.0,15.0,23.0,40.0,False
CONTROL__7121__2025091704,7121,2025-09-17 04:00:00,2025-09-17 01:00:00,2025-09-17 07:00:00,NORMAL,GROUP__7121__0001,CONTROL,4.0,2.0,4.0,11.0,6.0,22.0,28.0,False
CONTROL__7168__2025043011,7168,2025-04-30 11:00:00,2025-04-30 08:00:00,2025-04-30 14:00:00,NORMAL,GROUP__7168__0001,CONTROL,64.0,67.0,84.0,85.0,86.0,74.0,94.0,False
CONTROL__7168__2025082011,7168,2025-08-20 11:00:00,2025-08-20 08:00:00,2025-08-20 14:00:00,NORMAL,GROUP__7168__0001,CONTROL,82.0,74.0,70.0,73.0,81.0,69.0,94.0,False
CONTROL__F3FWY003__2025022001,F3FWY003,2025-02-20 01:00:00,2025-02-19 22:00:00,2025-02-20 04:00:00,NORMAL,GROUP__F3FWY003__0001,CONTROL,0.0,0.0,0.0,0.0,0.0,0.0,0.0,True
CONTROL__F3FWY003__2025041701,F3FWY003,2025-04-17 01:00:00,2025-04-16 22:00:00,2025-04-17 04:00:00,NORMAL,GROUP__F3FWY003__0001,CONTROL,0.0,0.0,0.0,0.0,0.0,0.0,0.0,True
CONTROL__7179__2025122503,7179,2025-12-25 03:00:00,2025-12-25 00:00:00,2025-12-25 06:00:00,NORMAL,GROUP__7179__0001,CONTROL,33.0,22.0,11.0,16.0,9.0,17.0,20.0,False
CONTROL__7179__2025091103,7179,2025-09-11 03:00:00,2025-09-11 00:00:00,2025-09-11 06:00:00,NORMAL,GROUP__7179__0001,CONTROL,43.0,39.0,47.0,54.0,105.0,184.0,282.0,False
CONTROL__F3FWY003__2025052400,F3FWY003,2025-05-24 00:00:00,2025-05-23 21:00:00,2025-05-24 03:00:00,NORMAL,GROUP__F3FWY003__0002,CONTROL,0.0,0.0,0.0,0.0,0.0,0.0,0.0,True
CONTROL__F3FWY003__2025122700,F3FWY003,2025-12-27 00:00:00,2025-12-26 21:00:00,2025-12-27 03:00:00,NORMAL,GROUP__F3FWY003__0002,CONTROL,911.0,688.0,479.0,16.0,17.0,19.0,39.0,False
CONTROL__33014__2025072600,33014,2025-07-26 00:00:00,2025-07-25 21:00:00,2025-07-26 03:00:00,NORMAL,GROUP__33014__0001,CONTROL,0.0,0.0,0.0,0.0,0.0,0.0,0.0,True
CONTROL__33014__2025082300,33014,2025-08-23 00:00:00,2025-08-22 21:00:00,2025-08-23 03:00:00,NORMAL,GROUP__33014__0001,CONTROL,0.0,0.0,0.0,0.0,0.0,0.0,0.0,True
CONTROL__F3FWY003__2025090606,F3FWY003,2025-09-06 06:00:00,2025-09-06 03:00:00,2025-09-06 09:00:00,NORMAL,GROUP__F3FWY003__0002,CONTROL,85.0,180.0,442.0,1065.0,1555.0,2196.0,2824.0,False
CONTROL__F3FWY003__2025072606,F3FWY003,2025-07-26 06:00:00,2025-07-26 03:00:00,2025-07-26 09:00:00,NORMAL,GROUP__F3FWY003__0002,CONTROL,0.0,0.0,0.0,0.0,0.0,0.0,0.0,True
CONTROL__7123-PR__2025020119,7123-PR,2025-02-01 19:00:00,2025-02-01 16:00:00,2025-02-01 22:00:00,NORMAL,GROUP__7123-PR__0001,CONTROL,0.0,0.0,0.0,0.0,0.0,0.0,0.0,True
CONTROL__7123-PR__2025080219,7123-PR,2025-08-02 19:00:00,2025-08-02 16:00:00,2025-08-02 22:00:00,NORMAL,GROUP__7123-PR__0001,CONTROL,35.0,38.0,38.0,26.0,16.0,23.0,22.0,False
CONTROL__22001__2025032305,22001,2025-03-23 05:00:00,2025-03-23 02:00:00,2025-03-23 08:00:00,NORMAL,GROUP__22001__0001,CONTROL,0.0,0.0,0.0,0.0,0.0,0.0,0.0,True
CONTROL__22001__2025022305,22001,2025-02-23 05:00:00,2025-02-23 02:00:00,2025-02-23 08:00:00,NORMAL,GROUP__22001__0001,CONTROL,0.0,0.0,0.0,0.0,0.0,0.0,0.0,True
CONTROL__68025__2025101221,68025,2025-10-12 21:00:00,2025-10-12 18:00:00,2025-10-13 00:00:00,NORMAL,GROUP__68025__0001,CONTROL,24.0,22.0,23.0,14.0,14.0,9.0,10.0,False
CONTROL__68025__2025032321,68025,2025-03-23 21:00:00,2025-03-23 18:00:00,2025-03-24 00:00:00,NORMAL,GROUP__68025__0001,CONTROL,24.0,14.0,17.0,13.0,11.0,10.0,0.0,False
CONTROL__7164__2025121421,7164,2025-12-14 21:00:00,2025-12-14 18:00:00,2025-12-15 00:00:00,NORMAL,GROUP__7164__0001,CONTROL,460.0,367.0,417.0,375.0,297.0,156.0,125.0,False
CONTROL__7164__2025082421,7164,2025-08-24 21:00:00,2025-08-24 18:00:00,2025-08-25 00:00:00,NORMAL,GROUP__7164__0001,CONTROL,548.0,384.0,281.0,314.0,228.0,135.0,84.0,False
CONTROL__7179__2025040621,7179,2025-04-06 21:00:00,2025-04-06 18:00:00,2025-04-07 00:00:00,NORMAL,GROUP__7179__0002,CONTROL,108.0,82.0,91.0,88.0,57.0,39.0,270.0,False
CONTROL__7179__2025082421,7179,2025-08-24 21:00:00,2025-08-24 18:00:00,2025-08-25 00:00:00,NORMAL,GROUP__7179__0002,CONTROL,97.0,113.0,83.0,67.0,56.0,48.0,263.0,False
CONTROL__F3FWY003__2025031700,F3FWY003,2025-03-17 00:00:00,2025-03-16 21:00:00,2025-03-17 03:00:00,NORMAL,GROUP__F3FWY003__0003,CONTROL,0.0,0.0,0.0,0.0,0.0,0.0,0.0,True
CONTROL__F3FWY003__2025111700,F3FWY003,2025-11-17 00:00:00,2025-11-16 21:00:00,2025-11-17 03:00:00,NORMAL,GROUP__F3FWY003__0003,CONTROL,770.0,576.0,372.0,73.0,86.0,82.0,105.0,False
CONTROL__9836-PR__2025070701,9836-PR,2025-07-07 01:00:00,2025-07-06 22:00:00,2025-07-07 04:00:00,NORMAL,GROUP__9836-PR__0001,CONTROL,10.0,10.0,102.0,80.0,57.0,98.0,296.0,False
CONTROL__9836-PR__2025031701,9836-PR,2025-03-17 01:00:00,2025-03-16 22:00:00,2025-03-17 04:00:00,NORMAL,GROUP__9836-PR__0001,CONTROL,389.0,219.0,0.0,0.0,0.0,0.0,0.0,False
CONTROL__7248__2025063002,7248,2025-06-30 02:00:00,2025-06-29 23:00:00,2025-06-30 05:00:00,NORMAL,GROUP__7248__0001,CONTROL,47.0,172.0,91.0,92.0,147.0,356.0,1014.0,False
CONTROL__7248__2025041402,7248,2025-04-14 02:00:00,2025-04-13 23:00:00,2025-04-14 05:00:00,NORMAL,GROUP__7248__0001,CONTROL,277.0,62.0,49.0,40.0,71.0,112.0,233.0,False
CONTROL__7163__2025122203,7163,2025-12-22 03:00:00,2025-12-22 00:00:00,2025-12-22 06:00:00,NORMAL,GROUP__7163__0001,CONTROL,12.0,5.0,6.0,9.0,17.0,43.0,85.0,False
CONTROL__7163__2025120103,7163,2025-12-01 03:00:00,2025-12-01 00:00:00,2025-12-01 06:00:00,NORMAL,GROUP__7163__0001,CONTROL,69.0,45.0,48.0,61.0,122.0,290.0,707.0,False
CONTROL__23067__2025090803,23067,2025-09-08 03:00:00,2025-09-08 00:00:00,2025-09-08 06:00:00,NORMAL,GROUP__23067__0001,CONTROL,125.0,62.0,85.0,234.0,394.0,751.0,1165.0,False
CONTROL__23067__2025060903,23067,2025-06-09 03:00:00,2025-06-09 00:00:00,2025-06-09 06:00:00,NORMAL,GROUP__23067__0001,CONTROL,7.0,9.0,6.0,15.0,32.0,39.0,53.0,False
CONTROL__7179__2025060204,7179,2025-06-02 04:00:00,2025-06-02 01:00:00,2025-06-02 07:00:00,NORMAL,GROUP__7179__0003,CONTROL,32.0,37.0,42.0,95.0,203.0,293.0,347.0,False
CONTROL__7179__2025011304,7179,2025-01-13 04:00:00,2025-01-13 01:00:00,2025-01-13 07:00:00,NORMAL,GROUP__7179__0003,CONTROL,0.0,0.0,0.0,0.0,0.0,0.0,0.0,True
CONTROL__33014__2025042107,33014,2025-04-21 07:00:00,2025-04-21 04:00:00,2025-04-21 10:00:00,NORMAL,GROUP__33014__0002,CONTROL,0.0,0.0,0.0,0.0,0.0,0.0,0.0,True
CONTROL__33014__2025040707,33014,2025-04-07 07:00:00,2025-04-07 04:00:00,2025-04-07 10:00:00,NORMAL,GROUP__33014__0002,CONTROL,202.0,666.0,1430.0,2129.0,1825.0,1501.0,1333.0,False
CONTROL__7163__2025120822,7163,2025-12-08 22:00:00,2025-12-08 19:00:00,2025-12-09 01:00:00,NORMAL,GROUP__7163__0002,CONTROL,429.0,368.0,338.0,277.0,137.0,91.0,60.0,False
CONTROL__7163__2025080422,7163,2025-08-04 22:00:00,2025-08-04 19:00:00,2025-08-05 01:00:00,NORMAL,GROUP__7163__0002,CONTROL,359.0,305.0,284.0,437.0,259.0,134.0,96.0,False
CONTROL__7112__2025071501,7112,2025-07-15 01:00:00,2025-07-14 22:00:00,2025-07-15 04:00:00,NORMAL,GROUP__7112__0001,CONTROL,463.0,293.0,134.0,110.0,71.0,80.0,197.0,False
CONTROL__7112__2025082601,7112,2025-08-26 01:00:00,2025-08-25 22:00:00,2025-08-26 04:00:00,NORMAL,GROUP__7112__0001,CONTROL,0.0,0.0,0.0,0.0,0.0,0.0,0.0,True
CONTROL__51235__2025041502,51235,2025-04-15 02:00:00,2025-04-14 23:00:00,2025-04-15 05:00:00,NORMAL,GROUP__51235__0001,CONTROL,22.0,113.0,94.0,74.0,111.0,359.0,1061.0,False
CONTROL__51235__2025090202,51235,2025-09-02 02:00:00,2025-09-01 23:00:00,2025-09-02 05:00:00,NORMAL,GROUP__51235__0001,CONTROL,27.0,12.0,16.0,16.0,22.0,37.0,66.0,False
CONTROL__23067__2025111804,23067,2025-11-18 04:00:00,2025-11-18 01:00:00,2025-11-18 07:00:00,NORMAL,GROUP__23067__0002,CONTROL,151.0,502.0,922.0,1801.0,2293.0,2419.0,2538.0,False
CONTROL__23067__2025080504,23067,2025-08-05 04:00:00,2025-08-05 01:00:00,2025-08-05 07:00:00,NORMAL,GROUP__23067__0002,CONTROL,20.0,32.0,46.0,62.0,77.0,153.0,147.0,False
CONTROL__50240__2025112504,50240,2025-11-25 04:00:00,2025-11-25 01:00:00,2025-11-25 07:00:00,NORMAL,GROUP__50240__0001,CONTROL,168.0,177.0,263.0,727.0,2121.0,2571.0,2053.0,False
CONTROL__50240__2025030404,50240,2025-03-04 04:00:00,2025-03-04 01:00:00,2025-03-04 07:00:00,NORMAL,GROUP__50240__0001,CONTROL,0.0,0.0,0.0,360.0,1147.0,2001.0,1842.0,False
CONTROL__7248__2025070107,7248,2025-07-01 07:00:00,2025-07-01 04:00:00,2025-07-01 10:00:00,NORMAL,GROUP__7248__0002,CONTROL,117.0,229.0,241.0,212.0,194.0,242.0,252.0,False
CONTROL__7248__2025120907,7248,2025-12-09 07:00:00,2025-12-09 04:00:00,2025-12-09 10:00:00,NORMAL,GROUP__7248__0002,CONTROL,398.0,1174.0,1214.0,1285.0,1181.0,945.0,1002.0,False
CONTROL__9827__2025062418,9827,2025-06-24 18:00:00,2025-06-24 15:00:00,2025-06-24 21:00:00,NORMAL,GROUP__9827__0001,CONTROL,151.0,131.0,106.0,62.0,40.0,39.0,28.0,False
CONTROL__9827__2025060318,9827,2025-06-03 18:00:00,2025-06-03 15:00:00,2025-06-03 21:00:00,NORMAL,GROUP__9827__0001,CONTROL,152.0,121.0,93.0,54.0,39.0,42.0,23.0,False
CONTROL__7164__2025071602,7164,2025-07-16 02:00:00,2025-07-15 23:00:00,2025-07-16 05:00:00,NORMAL,GROUP__7164__0002,CONTROL,22.0,11.0,9.0,8.0,8.0,15.0,59.0,False
CONTROL__7164__2025082702,7164,2025-08-27 02:00:00,2025-08-26 23:00:00,2025-08-27 05:00:00,NORMAL,GROUP__7164__0002,CONTROL,147.0,101.0,67.0,43.0,46.0,97.0,320.0,False
CONTROL__F3FWY006__2025052802,F3FWY006,2025-05-28 02:00:00,2025-05-27 23:00:00,2025-05-28 05:00:00,NORMAL,GROUP__F3FWY006__0001,CONTROL,98.0,56.0,62.0,69.0,172.0,463.0,1282.0,False
CONTROL__F3FWY006__2025040902,F3FWY006,2025-04-09 02:00:00,2025-04-08 23:00:00,2025-04-09 05:00:00,NORMAL,GROUP__F3FWY006__0001,CONTROL,0.0,0.0,0.0,0.0,0.0,0.0,0.0,True
CONTROL__7184__2025100804,7184,2025-10-08 04:00:00,2025-10-08 01:00:00,2025-10-08 07:00:00,NORMAL,GROUP__7184__0001,CONTROL,79.0,72.0,88.0,235.0,796.0,1809.0,2666.0,False
CONTROL__7184__2025020504,7184,2025-02-05 04:00:00,2025-02-05 01:00:00,2025-02-05 07:00:00,NORMAL,GROUP__7184__0001,CONTROL,0.0,0.0,0.0,0.0,0.0,0.0,0.0,True
CONTROL__7120__2025052110,7120,2025-05-21 10:00:00,2025-05-21 07:00:00,2025-05-21 13:00:00,NORMAL,GROUP__7120__0002,CONTROL,99.0,51.0,76.0,93.0,73.0,85.0,77.0,False
CONTROL__7120__2025052810,7120,2025-05-28 10:00:00,2025-05-28 07:00:00,2025-05-28 13:00:00,NORMAL,GROUP__7120__0002,CONTROL,98.0,64.0,95.0,72.0,86.0,69.0,91.0,False
CONTROL__7121__2025120310,7121,2025-12-03 10:00:00,2025-12-03 07:00:00,2025-12-03 13:00:00,NORMAL,GROUP__7121__0002,CONTROL,115.0,173.0,134.0,182.0,181.0,161.0,180.0,False
CONTROL__7121__2025052810,7121,2025-05-28 10:00:00,2025-05-28 07:00:00,2025-05-28 13:00:00,NORMAL,GROUP__7121__0002,CONTROL,1.0,1.0,5.0,3.0,4.0,6.0,4.0,False
CONTROL__7184__2025071612,7184,2025-07-16 12:00:00,2025-07-16 09:00:00,2025-07-16 15:00:00,NORMAL,GROUP__7184__0002,CONTROL,2388.0,2192.0,2185.0,2075.0,2082.0,1606.0,2077.0,False
CONTROL__7184__2025082712,7184,2025-08-27 12:00:00,2025-08-27 09:00:00,2025-08-27 15:00:00,NORMAL,GROUP__7184__0002,CONTROL,269.0,282.0,334.0,326.0,366.0,360.0,312.0,False
CONTROL__F3FWY003__2025102213,F3FWY003,2025-10-22 13:00:00,2025-10-22 10:00:00,2025-10-22 16:00:00,NORMAL,GROUP__F3FWY003__0004,CONTROL,1685.0,1734.0,1647.0,1971.0,2293.0,2775.0,3015.0,False
CONTROL__F3FWY003__2025101513,F3FWY003,2025-10-15 13:00:00,2025-10-15 10:00:00,2025-10-15 16:00:00,NORMAL,GROUP__F3FWY003__0004,CONTROL,1716.0,1964.0,1708.0,1798.0,2159.0,2902.0,3180.0,False
CONTROL__10011__2025070219,10011,2025-07-02 19:00:00,2025-07-02 16:00:00,2025-07-02 22:00:00,NORMAL,GROUP__10011__0001,CONTROL,0.0,0.0,0.0,0.0,0.0,0.0,0.0,True
CONTROL__10011__2025041619,10011,2025-04-16 19:00:00,2025-04-16 16:00:00,2025-04-16 22:00:00,NORMAL,GROUP__10011__0001,CONTROL,0.0,0.0,0.0,0.0,0.0,0.0,0.0,True
CONTROL__7139__2025042319,7139,2025-04-23 19:00:00,2025-04-23 16:00:00,2025-04-23 22:00:00,NORMAL,GROUP__7139__0001,CONTROL,0.0,0.0,0.0,0.0,0.0,0.0,0.0,True
CONTROL__7139__2025102919,7139,2025-10-29 19:00:00,2025-10-29 16:00:00,2025-10-29 22:00:00,NORMAL,GROUP__7139__0001,CONTROL,2691.0,2750.0,2342.0,1627.0,1351.0,1133.0,887.0,False
CONTROL__7251__2025011523,7251,2025-01-15 23:00:00,2025-01-15 20:00:00,2025-01-16 02:00:00,NORMAL,GROUP__7251__0001,CONTROL,0.0,0.0,0.0,0.0,0.0,0.0,0.0,True
CONTROL__7251__2025102923,7251,2025-10-29 23:00:00,2025-10-29 20:00:00,2025-10-30 02:00:00,NORMAL,GROUP__7251__0001,CONTROL,739.0,700.0,601.0,471.0,337.0,199.0,127.0,False
CONTROL__68025__2025071001,68025,2025-07-10 01:00:00,2025-07-09 22:00:00,2025-07-10 04:00:00,NORMAL,GROUP__68025__0002,CONTROL,11.0,9.0,163.0,109.0,56.0,78.0,138.0,False
CONTROL__68025__2025013001,68025,2025-01-30 01:00:00,2025-01-29 22:00:00,2025-01-30 04:00:00,NORMAL,GROUP__68025__0002,CONTROL,15.0,11.0,115.0,67.0,53.0,57.0,141.0,False
CONTROL__68025__2025071004,68025,2025-07-10 04:00:00,2025-07-10 01:00:00,2025-07-10 07:00:00,NORMAL,GROUP__68025__0002,CONTROL,109.0,56.0,78.0,138.0,294.0,521.0,635.0,False
CONTROL__68025__2025102304,68025,2025-10-23 04:00:00,2025-10-23 01:00:00,2025-10-23 07:00:00,NORMAL,GROUP__68025__0002,CONTROL,8.0,9.0,8.0,20.0,64.0,145.0,134.0,False
CONTROL__7120__2025020622,7120,2025-02-06 22:00:00,2025-02-06 19:00:00,2025-02-07 01:00:00,NORMAL,GROUP__7120__0003,CONTROL,0.0,0.0,0.0,0.0,0.0,0.0,0.0,True
CONTROL__7120__2025050822,7120,2025-05-08 22:00:00,2025-05-08 19:00:00,2025-05-09 01:00:00,NORMAL,GROUP__7120__0003,CONTROL,29.0,28.0,30.0,18.0,19.0,7.0,10.0,False
CONTROL__7121__2025062622,7121,2025-06-26 22:00:00,2025-06-26 19:00:00,2025-06-27 01:00:00,NORMAL,GROUP__7121__0003,CONTROL,353.0,350.0,337.0,241.0,126.0,97.0,108.0,False
CONTROL__7121__2025040322,7121,2025-04-03 22:00:00,2025-04-03 19:00:00,2025-04-04 01:00:00,NORMAL,GROUP__7121__0003,CONTROL,384.0,398.0,381.0,403.0,252.0,87.0,59.0,False
CONTROL__7179__2025041722,7179,2025-04-17 22:00:00,2025-04-17 19:00:00,2025-04-18 01:00:00,NORMAL,GROUP__7179__0004,CONTROL,167.0,108.0,104.0,87.0,58.0,56.0,38.0,False
CONTROL__7179__2025100922,7179,2025-10-09 22:00:00,2025-10-09 19:00:00,2025-10-10 01:00:00,NORMAL,GROUP__7179__0004,CONTROL,1505.0,1359.0,1334.0,1029.0,624.0,53.0,64.0,False
CONTROL__74230__2025041023,74230,2025-04-10 23:00:00,2025-04-10 20:00:00,2025-04-11 02:00:00,NORMAL,GROUP__74230__0001,CONTROL,0.0,0.0,0.0,0.0,4.0,7.0,4.0,False
CONTROL__74230__2025012323,74230,2025-01-23 23:00:00,2025-01-23 20:00:00,2025-01-24 02:00:00,NORMAL,GROUP__74230__0001,CONTROL,140.0,85.0,33.0,20.0,1.0,0.0,0.0,False
CONTROL__53004__2025102402,53004,2025-10-24 02:00:00,2025-10-23 23:00:00,2025-10-24 05:00:00,NORMAL,GROUP__53004__0001,CONTROL,10.0,182.0,87.0,60.0,65.0,96.0,300.0,False
CONTROL__53004__2025013102,53004,2025-01-31 02:00:00,2025-01-30 23:00:00,2025-01-31 05:00:00,NORMAL,GROUP__53004__0001,CONTROL,100.0,7.0,0.0,1.0,1.0,8.0,51.0,False
CONTROL__7126__2025090508,7126,2025-09-05 08:00:00,2025-09-05 05:00:00,2025-09-05 11:00:00,NORMAL,GROUP__7126__0001,CONTROL,33.0,55.0,60.0,62.0,77.0,68.0,64.0,False
CONTROL__7126__2025091908,7126,2025-09-19 08:00:00,2025-09-19 05:00:00,2025-09-19 11:00:00,NORMAL,GROUP__7126__0001,CONTROL,228.0,375.0,516.0,677.0,564.0,650.0,690.0,False
CONTROL__7184__2025061313,7184,2025-06-13 13:00:00,2025-06-13 10:00:00,2025-06-13 16:00:00,NORMAL,GROUP__7184__0003,CONTROL,284.0,350.0,306.0,311.0,337.0,328.0,264.0,False
CONTROL__7184__2025101013,7184,2025-10-10 13:00:00,2025-10-10 10:00:00,2025-10-10 16:00:00,NORMAL,GROUP__7184__0003,CONTROL,298.0,284.0,306.0,317.0,322.0,293.0,250.0,False
CONTROL__7184__2025030715,7184,2025-03-07 15:00:00,2025-03-07 12:00:00,2025-03-07 18:00:00,NORMAL,GROUP__7184__0003,CONTROL,304.0,298.0,304.0,294.0,294.0,207.0,119.0,False
CONTROL__7184__2025080815,7184,2025-08-08 15:00:00,2025-08-08 12:00:00,2025-08-08 18:00:00,NORMAL,GROUP__7184__0003,CONTROL,287.0,320.0,306.0,286.0,279.0,177.0,120.0,False
CONTROL__7179__2025082921,7179,2025-08-29 21:00:00,2025-08-29 18:00:00,2025-08-30 00:00:00,NORMAL,GROUP__7179__0005,CONTROL,220.0,187.0,113.0,91.0,88.0,60.0,536.0,False
CONTROL__7179__2025031421,7179,2025-03-14 21:00:00,2025-03-14 18:00:00,2025-03-15 00:00:00,NORMAL,GROUP__7179__0005,CONTROL,1723.0,1660.0,1365.0,1263.0,1251.0,1034.0,638.0,False
CONTROL__68025__2025041902,68025,2025-04-19 02:00:00,2025-04-18 23:00:00,2025-04-19 05:00:00,NORMAL,GROUP__68025__0003,CONTROL,132.0,5.0,8.0,5.0,10.0,7.0,21.0,False
CONTROL__68025__2025030802,68025,2025-03-08 02:00:00,2025-03-07 23:00:00,2025-03-08 05:00:00,NORMAL,GROUP__68025__0003,CONTROL,9.0,259.0,168.0,109.0,90.0,101.0,184.0,False
CONTROL__50240__2025101802,50240,2025-10-18 02:00:00,2025-10-17 23:00:00,2025-10-18 05:00:00,NORMAL,GROUP__50240__0002,CONTROL,51.0,489.0,270.0,217.0,209.0,437.0,1068.0,False
CONTROL__50240__2025020102,50240,2025-02-01 02:00:00,2025-01-31 23:00:00,2025-02-01 05:00:00,NORMAL,GROUP__50240__0002,CONTROL,0.0,0.0,0.0,0.0,0.0,0.0,0.0,True
CONTROL__50260__2025101821,50260,2025-10-18 21:00:00,2025-10-18 18:00:00,2025-10-19 00:00:00,NORMAL,GROUP__50260__0001,CONTROL,106.0,90.0,62.0,49.0,65.0,54.0,453.0,False
CONTROL__50260__2025021521,50260,2025-02-15 21:00:00,2025-02-15 18:00:00,2025-02-16 00:00:00,NORMAL,GROUP__50260__0001,CONTROL,0.0,0.0,0.0,0.0,0.0,0.0,0.0,True
CONTROL__51235__2025020913,51235,2025-02-09 13:00:00,2025-02-09 10:00:00,2025-02-09 16:00:00,NORMAL,GROUP__51235__0002,CONTROL,0.0,0.0,0.0,0.0,0.0,0.0,0.0,True
CONTROL__51235__2025113013,51235,2025-11-30 13:00:00,2025-11-30 10:00:00,2025-11-30 16:00:00,NORMAL,GROUP__51235__0002,CONTROL,1932.0,1846.0,1765.0,1763.0,1791.0,1815.0,1805.0,False
CONTROL__7126__2025022400,7126,2025-02-24 00:00:00,2025-02-23 21:00:00,2025-02-24 03:00:00,NORMAL,GROUP__7126__0002,CONTROL,0.0,0.0,0.0,0.0,0.0,0.0,0.0,True
CONTROL__7126__2025031000,7126,2025-03-10 00:00:00,2025-03-09 21:00:00,2025-03-10 03:00:00,NORMAL,GROUP__7126__0002,CONTROL,0.0,0.0,0.0,0.0,0.0,0.0,0.0,True
CONTROL__51235__2025021700,51235,2025-02-17 00:00:00,2025-02-16 21:00:00,2025-02-17 03:00:00,NORMAL,GROUP__51235__0003,CONTROL,0.0,0.0,0.0,0.0,0.0,0.0,0.0,True
CONTROL__51235__2025102000,51235,2025-10-20 00:00:00,2025-10-19 21:00:00,2025-10-20 03:00:00,NORMAL,GROUP__51235__0003,CONTROL,903.0,635.0,300.0,13.0,18.0,13.0,20.0,False
CONTROL__7119-PR__2025091519,7119-PR,2025-09-15 19:00:00,2025-09-15 16:00:00,2025-09-15 22:00:00,NORMAL,GROUP__7119-PR__0001,CONTROL,896.0,842.0,825.0,613.0,455.0,405.0,296.0,False
CONTROL__7119-PR__2025021719,7119-PR,2025-02-17 19:00:00,2025-02-17 16:00:00,2025-02-17 22:00:00,NORMAL,GROUP__7119-PR__0001,CONTROL,0.0,0.0,0.0,0.0,0.0,0.0,0.0,True
CONTROL__7179__2025012021,7179,2025-01-20 21:00:00,2025-01-20 18:00:00,2025-01-21 00:00:00,NORMAL,GROUP__7179__0006,CONTROL,19.0,15.0,9.0,8.0,5.0,2.0,321.0,False
CONTROL__7179__2025102721,7179,2025-10-27 21:00:00,2025-10-27 18:00:00,2025-10-28 00:00:00,NORMAL,GROUP__7179__0006,CONTROL,1815.0,1237.0,1099.0,866.0,848.0,491.0,314.0,False
CONTROL__7119-PR__2025090821,7119-PR,2025-09-08 21:00:00,2025-09-08 18:00:00,2025-09-09 00:00:00,NORMAL,GROUP__7119-PR__0001,CONTROL,923.0,644.0,565.0,455.0,329.0,169.0,2.0,False
CONTROL__7119-PR__2025010621,7119-PR,2025-01-06 21:00:00,2025-01-06 18:00:00,2025-01-07 00:00:00,NORMAL,GROUP__7119-PR__0001,CONTROL,776.0,513.0,599.0,495.0,353.0,196.0,112.0,False
CONTROL__7120__2025040102,7120,2025-04-01 02:00:00,2025-03-31 23:00:00,2025-04-01 05:00:00,NORMAL,GROUP__7120__0004,CONTROL,10.0,59.0,52.0,51.0,50.0,182.0,612.0,False
CONTROL__7120__2025031102,7120,2025-03-11 02:00:00,2025-03-10 23:00:00,2025-03-11 05:00:00,NORMAL,GROUP__7120__0004,CONTROL,0.0,0.0,0.0,0.0,0.0,0.0,0.0,True
CONTROL__7121__2025010702,7121,2025-01-07 02:00:00,2025-01-06 23:00:00,2025-01-07 05:00:00,NORMAL,GROUP__7121__0004,CONTROL,0.0,8.0,7.0,6.0,2.0,4.0,13.0,False
CONTROL__7121__2025042202,7121,2025-04-22 02:00:00,2025-04-21 23:00:00,2025-04-22 05:00:00,NORMAL,GROUP__7121__0004,CONTROL,0.0,59.0,28.0,34.0,19.0,24.0,88.0,False
CONTROL__50240__2025020404,50240,2025-02-04 04:00:00,2025-02-04 01:00:00,2025-02-04 07:00:00,NORMAL,GROUP__50240__0003,CONTROL,0.0,0.0,0.0,0.0,0.0,0.0,0.0,True
CONTROL__50240__2025123004,50240,2025-12-30 04:00:00,2025-12-30 01:00:00,2025-12-30 07:00:00,NORMAL,GROUP__50240__0003,CONTROL,45.0,46.0,57.0,98.0,156.0,212.0,221.0,False
CONTROL__7161__2025120921,7161,2025-12-09 21:00:00,2025-12-09 18:00:00,2025-12-10 00:00:00,NORMAL,GROUP__7161__0001,CONTROL,125.0,86.0,75.0,35.0,32.0,31.0,134.0,False
CONTROL__7161__2025060321,7161,2025-06-03 21:00:00,2025-06-03 18:00:00,2025-06-04 00:00:00,NORMAL,GROUP__7161__0001,CONTROL,108.0,59.0,31.0,29.0,31.0,22.0,14.0,False
CONTROL__53003__2025081923,53003,2025-08-19 23:00:00,2025-08-19 20:00:00,2025-08-20 02:00:00,NORMAL,GROUP__53003__0001,CONTROL,923.0,808.0,679.0,373.0,23.0,30.0,24.0,False
CONTROL__53003__2025042923,53003,2025-04-29 23:00:00,2025-04-29 20:00:00,2025-04-30 02:00:00,NORMAL,GROUP__53003__0001,CONTROL,56.0,32.0,37.0,18.0,138.0,76.0,55.0,False
CONTROL__50250__2025092400,50250,2025-09-24 00:00:00,2025-09-23 21:00:00,2025-09-24 03:00:00,NORMAL,GROUP__50250__0001,CONTROL,35.0,19.0,0.0,1.0,1.0,1.0,3.0,False
CONTROL__50250__2025070900,50250,2025-07-09 00:00:00,2025-07-08 21:00:00,2025-07-09 03:00:00,NORMAL,GROUP__50250__0001,CONTROL,188.0,150.0,0.0,0.0,0.0,1.0,2.0,False
CONTROL__53004__2025012203,53004,2025-01-22 03:00:00,2025-01-22 00:00:00,2025-01-22 06:00:00,NORMAL,GROUP__53004__0002,CONTROL,163.0,80.0,31.0,37.0,97.0,231.0,504.0,False
CONTROL__53004__2025060403,53004,2025-06-04 03:00:00,2025-06-04 00:00:00,2025-06-04 06:00:00,NORMAL,GROUP__53004__0002,CONTROL,68.0,28.0,31.0,54.0,192.0,721.0,1499.0,False
CONTROL__7248__2025102908,7248,2025-10-29 08:00:00,2025-10-29 05:00:00,2025-10-29 11:00:00,NORMAL,GROUP__7248__0003,CONTROL,0.0,0.0,0.0,0.0,0.0,0.0,0.0,True
CONTROL__7248__2025010108,7248,2025-01-01 08:00:00,2025-01-01 05:00:00,2025-01-01 11:00:00,NORMAL,GROUP__7248__0003,CONTROL,90.0,109.0,124.0,157.0,242.0,309.0,378.0,False
CONTROL__7251__2025123110,7251,2025-12-31 10:00:00,2025-12-31 07:00:00,2025-12-31 13:00:00,NORMAL,GROUP__7251__0002,CONTROL,0.0,0.0,0.0,0.0,0.0,0.0,0.0,True
CONTROL__7251__2025030510,7251,2025-03-05 10:00:00,2025-03-05 07:00:00,2025-03-05 13:00:00,NORMAL,GROUP__7251__0002,CONTROL,0.0,0.0,0.0,0.0,0.0,0.0,0.0,True
CONTROL__T0085__2025052110,T0085,2025-05-21 10:00:00,2025-05-21 07:00:00,2025-05-21 13:00:00,NORMAL,GROUP__T0085__0001,CONTROL,4.0,3.0,7.0,7.0,11.0,12.0,7.0,False
CONTROL__T0085__2025040210,T0085,2025-04-02 10:00:00,2025-04-02 07:00:00,2025-04-02 13:00:00,NORMAL,GROUP__T0085__0001,CONTROL,288.0,230.0,140.0,96.0,94.0,97.0,107.0,False
CONTROL__7184__2025030523,7184,2025-03-05 23:00:00,2025-03-05 20:00:00,2025-03-06 02:00:00,NORMAL,GROUP__7184__0004,CONTROL,0.0,0.0,0.0,0.0,163.0,98.0,83.0,False
CONTROL__7184__2025081323,7184,2025-08-13 23:00:00,2025-08-13 20:00:00,2025-08-14 02:00:00,NORMAL,GROUP__7184__0004,CONTROL,945.0,762.0,484.0,223.0,21.0,28.0,29.0,False
CONTROL__7184__2025032003,7184,2025-03-20 03:00:00,2025-03-20 00:00:00,2025-03-20 06:00:00,NORMAL,GROUP__7184__0004,CONTROL,21.0,20.0,21.0,33.0,36.0,142.0,272.0,False
CONTROL__7184__2025100903,7184,2025-10-09 03:00:00,2025-10-09 00:00:00,2025-10-09 06:00:00,NORMAL,GROUP__7184__0004,CONTROL,150.0,92.0,81.0,100.0,230.0,736.0,1788.0,False
CONTROL__T0085__2025071010,T0085,2025-07-10 10:00:00,2025-07-10 07:00:00,2025-07-10 13:00:00,NORMAL,GROUP__T0085__0002,CONTROL,9.0,9.0,8.0,5.0,12.0,5.0,18.0,False
CONTROL__T0085__2025050810,T0085,2025-05-08 10:00:00,2025-05-08 07:00:00,2025-05-08 13:00:00,NORMAL,GROUP__T0085__0002,CONTROL,9.0,12.0,5.0,11.0,6.0,6.0,11.0,False
CONTROL__T0231__2025032013,T0231,2025-03-20 13:00:00,2025-03-20 10:00:00,2025-03-20 16:00:00,NORMAL,GROUP__T0231__0001,CONTROL,148.0,100.0,99.0,93.0,80.0,94.0,87.0,False
CONTROL__T0231__2025041713,T0231,2025-04-17 13:00:00,2025-04-17 10:00:00,2025-04-17 16:00:00,NORMAL,GROUP__T0231__0001,CONTROL,108.0,102.0,99.0,95.0,93.0,114.0,92.0,False
CONTROL__F3FWY001__2025051601,F3FWY001,2025-05-16 01:00:00,2025-05-15 22:00:00,2025-05-16 04:00:00,NORMAL,GROUP__F3FWY001__0001,CONTROL,709.0,402.0,161.0,88.0,89.0,124.0,268.0,False
CONTROL__F3FWY001__2025071801,F3FWY001,2025-07-18 01:00:00,2025-07-17 22:00:00,2025-07-18 04:00:00,NORMAL,GROUP__F3FWY001__0001,CONTROL,371.0,216.0,163.0,81.0,115.0,145.0,458.0,False
CONTROL__53003__2025060601,53003,2025-06-06 01:00:00,2025-06-05 22:00:00,2025-06-06 04:00:00,NORMAL,GROUP__53003__0002,CONTROL,48.0,41.0,179.0,86.0,92.0,87.0,114.0,False
CONTROL__53003__2025120501,53003,2025-12-05 01:00:00,2025-12-04 22:00:00,2025-12-05 04:00:00,NORMAL,GROUP__53003__0002,CONTROL,973.0,672.0,48.0,28.0,42.0,42.0,63.0,False
CONTROL__51235__2025031402,51235,2025-03-14 02:00:00,2025-03-13 23:00:00,2025-03-14 05:00:00,NORMAL,GROUP__51235__0004,CONTROL,21.0,55.0,32.0,25.0,44.0,116.0,356.0,False
CONTROL__51235__2025112802,51235,2025-11-28 02:00:00,2025-11-27 23:00:00,2025-11-28 05:00:00,NORMAL,GROUP__51235__0004,CONTROL,33.0,17.0,20.0,24.0,34.0,50.0,151.0,False
CONTROL__7132__2025091204,7132,2025-09-12 04:00:00,2025-09-12 01:00:00,2025-09-12 07:00:00,NORMAL,GROUP__7132__0001,CONTROL,7.0,14.0,19.0,22.0,95.0,144.0,137.0,False
CONTROL__7132__2025100304,7132,2025-10-03 04:00:00,2025-10-03 01:00:00,2025-10-03 07:00:00,NORMAL,GROUP__7132__0001,CONTROL,82.0,83.0,140.0,352.0,1040.0,1868.0,1673.0,False
CONTROL__F3FWY001__2025071106,F3FWY001,2025-07-11 06:00:00,2025-07-11 03:00:00,2025-07-11 09:00:00,NORMAL,GROUP__F3FWY001__0001,CONTROL,116.0,324.0,894.0,1557.0,1908.0,1998.0,2570.0,False
CONTROL__F3FWY001__2025080806,F3FWY001,2025-08-08 06:00:00,2025-08-08 03:00:00,2025-08-08 09:00:00,NORMAL,GROUP__F3FWY001__0001,CONTROL,161.0,270.0,499.0,688.0,639.0,588.0,640.0,False
CONTROL__F3FWY003__2025022107,F3FWY003,2025-02-21 07:00:00,2025-02-21 04:00:00,2025-02-21 10:00:00,NORMAL,GROUP__F3FWY003__0005,CONTROL,0.0,0.0,0.0,0.0,0.0,0.0,0.0,True
CONTROL__F3FWY003__2025010307,F3FWY003,2025-01-03 07:00:00,2025-01-03 04:00:00,2025-01-03 10:00:00,NORMAL,GROUP__F3FWY003__0005,CONTROL,0.0,0.0,0.0,0.0,0.0,0.0,0.0,True
CONTROL__7120__2025072512,7120,2025-07-25 12:00:00,2025-07-25 09:00:00,2025-07-25 15:00:00,NORMAL,GROUP__7120__0005,CONTROL,82.0,91.0,84.0,84.0,64.0,61.0,56.0,False
CONTROL__7120__2025030712,7120,2025-03-07 12:00:00,2025-03-07 09:00:00,2025-03-07 15:00:00,NORMAL,GROUP__7120__0005,CONTROL,749.0,680.0,644.0,584.0,649.0,646.0,602.0,False
CONTROL__7121__2025081512,7121,2025-08-15 12:00:00,2025-08-15 09:00:00,2025-08-15 15:00:00,NORMAL,GROUP__7121__0005,CONTROL,50.0,59.0,72.0,65.0,63.0,62.0,64.0,False
CONTROL__7121__2025121212,7121,2025-12-12 12:00:00,2025-12-12 09:00:00,2025-12-12 15:00:00,NORMAL,GROUP__7121__0005,CONTROL,0.0,0.0,0.0,0.0,0.0,0.0,0.0,True
CONTROL__47024__2025120521,47024,2025-12-05 21:00:00,2025-12-05 18:00:00,2025-12-06 00:00:00,NORMAL,GROUP__47024__0001,CONTROL,0.0,0.0,0.0,0.0,0.0,0.0,537.0,False
CONTROL__47024__2025042521,47024,2025-04-25 21:00:00,2025-04-25 18:00:00,2025-04-26 00:00:00,NORMAL,GROUP__47024__0001,CONTROL,1360.0,1130.0,996.0,972.0,897.0,606.0,0.0,False
CONTROL__10011__2025091221,10011,2025-09-12 21:00:00,2025-09-12 18:00:00,2025-09-13 00:00:00,NORMAL,GROUP__10011__0002,CONTROL,0.0,0.0,0.0,0.0,0.0,0.0,0.0,True
CONTROL__10011__2025070421,10011,2025-07-04 21:00:00,2025-07-04 18:00:00,2025-07-05 00:00:00,NORMAL,GROUP__10011__0002,CONTROL,0.0,0.0,0.0,0.0,0.0,0.0,0.0,True
CONTROL__7139__2025100321,7139,2025-10-03 21:00:00,2025-10-03 18:00:00,2025-10-04 00:00:00,NORMAL,GROUP__7139__0002,CONTROL,2432.0,1707.0,1280.0,1211.0,1085.0,821.0,19.0,False
CONTROL__7139__2025072521,7139,2025-07-25 21:00:00,2025-07-25 18:00:00,2025-07-26 00:00:00,NORMAL,GROUP__7139__0002,CONTROL,102.0,57.0,58.0,38.0,42.0,30.0,549.0,False
CONTROL__7132__2025101100,7132,2025-10-11 00:00:00,2025-10-10 21:00:00,2025-10-11 03:00:00,NORMAL,GROUP__7132__0002,CONTROL,634.0,469.0,300.0,12.0,6.0,9.0,9.0,False
CONTROL__7132__2025070500,7132,2025-07-05 00:00:00,2025-07-04 21:00:00,2025-07-05 03:00:00,NORMAL,GROUP__7132__0002,CONTROL,16.0,13.0,15.0,7.0,4.0,6.0,13.0,False
CONTROL__7251__2025021501,7251,2025-02-15 01:00:00,2025-02-14 22:00:00,2025-02-15 04:00:00,NORMAL,GROUP__7251__0003,CONTROL,0.0,0.0,0.0,0.0,0.0,0.0,0.0,True
CONTROL__7251__2025022201,7251,2025-02-22 01:00:00,2025-02-21 22:00:00,2025-02-22 04:00:00,NORMAL,GROUP__7251__0003,CONTROL,0.0,0.0,0.0,0.0,0.0,0.0,0.0,True
CONTROL__7112__2025012507,7112,2025-01-25 07:00:00,2025-01-25 04:00:00,2025-01-25 10:00:00,NORMAL,GROUP__7112__0002,CONTROL,0.0,0.0,0.0,0.0,0.0,0.0,95.0,False
CONTROL__7112__2025020107,7112,2025-02-01 07:00:00,2025-02-01 04:00:00,2025-02-01 10:00:00,NORMAL,GROUP__7112__0002,CONTROL,0.0,0.0,0.0,0.0,0.0,0.0,0.0,True
CONTROL__68025__2025111507,68025,2025-11-15 07:00:00,2025-11-15 04:00:00,2025-11-15 10:00:00,NORMAL,GROUP__68025__0004,CONTROL,7.0,21.0,36.0,42.0,48.0,43.0,44.0,False
CONTROL__68025__2025080207,68025,2025-08-02 07:00:00,2025-08-02 04:00:00,2025-08-02 10:00:00,NORMAL,GROUP__68025__0004,CONTROL,5.0,16.0,18.0,23.0,35.0,27.0,39.0,False
CONTROL__10011__2025122723,10011,2025-12-27 23:00:00,2025-12-27 20:00:00,2025-12-28 02:00:00,NORMAL,GROUP__10011__0003,CONTROL,0.0,0.0,0.0,0.0,0.0,0.0,0.0,True
CONTROL__10011__2025052423,10011,2025-05-24 23:00:00,2025-05-24 20:00:00,2025-05-25 02:00:00,NORMAL,GROUP__10011__0003,CONTROL,0.0,0.0,0.0,0.0,0.0,0.0,0.0,True
CONTROL__7139__2025102523,7139,2025-10-25 23:00:00,2025-10-25 20:00:00,2025-10-26 02:00:00,NORMAL,GROUP__7139__0003,CONTROL,1586.0,1875.0,1758.0,1501.0,34.0,24.0,18.0,False
CONTROL__7139__2025092723,7139,2025-09-27 23:00:00,2025-09-27 20:00:00,2025-09-28 02:00:00,NORMAL,GROUP__7139__0003,CONTROL,1435.0,1346.0,1503.0,1193.0,35.0,17.0,17.0,False
CONTROL__53004__2025032303,53004,2025-03-23 03:00:00,2025-03-23 00:00:00,2025-03-23 06:00:00,NORMAL,GROUP__53004__0003,CONTROL,173.0,121.0,84.0,54.0,71.0,149.0,341.0,False
CONTROL__53004__2025051103,53004,2025-05-11 03:00:00,2025-05-11 00:00:00,2025-05-11 06:00:00,NORMAL,GROUP__53004__0003,CONTROL,8.0,5.0,3.0,4.0,8.0,18.0,18.0,False
CONTROL__7153__2025110907,7153,2025-11-09 07:00:00,2025-11-09 04:00:00,2025-11-09 10:00:00,NORMAL,GROUP__7153__0001,CONTROL,79.0,168.0,260.0,368.0,579.0,923.0,1101.0,False
CONTROL__7153__2025020207,7153,2025-02-02 07:00:00,2025-02-02 04:00:00,2025-02-02 10:00:00,NORMAL,GROUP__7153__0001,CONTROL,0.0,0.0,0.0,0.0,0.0,0.0,0.0,True
CONTROL__7112__2025021609,7112,2025-02-16 09:00:00,2025-02-16 06:00:00,2025-02-16 12:00:00,NORMAL,GROUP__7112__0003,CONTROL,0.0,0.0,0.0,0.0,0.0,0.0,0.0,True
CONTROL__7112__2025120709,7112,2025-12-07 09:00:00,2025-12-07 06:00:00,2025-12-07 12:00:00,NORMAL,GROUP__7112__0003,CONTROL,53.0,55.0,56.0,52.0,55.0,50.0,77.0,False
CONTROL__7120__2025021700,7120,2025-02-17 00:00:00,2025-02-16 21:00:00,2025-02-17 03:00:00,NORMAL,GROUP__7120__0006,CONTROL,0.0,0.0,0.0,0.0,0.0,0.0,0.0,True
CONTROL__7120__2025031700,7120,2025-03-17 00:00:00,2025-03-16 21:00:00,2025-03-17 03:00:00,NORMAL,GROUP__7120__0006,CONTROL,13.0,16.0,13.0,3.0,7.0,8.0,18.0,False
CONTROL__7121__2025120800,7121,2025-12-08 00:00:00,2025-12-07 21:00:00,2025-12-08 03:00:00,NORMAL,GROUP__7121__0006,CONTROL,3.0,1.0,5.0,0.0,0.0,0.0,0.0,False
CONTROL__7121__2025100600,7121,2025-10-06 00:00:00,2025-10-05 21:00:00,2025-10-06 03:00:00,NORMAL,GROUP__7121__0006,CONTROL,11.0,10.0,8.0,185.0,176.0,183.0,146.0,False
CONTROL__7248__2025032402,7248,2025-03-24 02:00:00,2025-03-23 23:00:00,2025-03-24 05:00:00,NORMAL,GROUP__7248__0004,CONTROL,313.0,196.0,123.0,99.0,139.0,358.0,1169.0,False
CONTROL__7248__2025092902,7248,2025-09-29 02:00:00,2025-09-28 23:00:00,2025-09-29 05:00:00,NORMAL,GROUP__7248__0004,CONTROL,34.0,177.0,110.0,88.0,145.0,367.0,1227.0,False
CONTROL__29005__2025030319,29005,2025-03-03 19:00:00,2025-03-03 16:00:00,2025-03-03 22:00:00,NORMAL,GROUP__29005__0001,CONTROL,249.0,171.0,160.0,131.0,103.0,96.0,68.0,False
CONTROL__29005__2025051219,29005,2025-05-12 19:00:00,2025-05-12 16:00:00,2025-05-12 22:00:00,NORMAL,GROUP__29005__0001,CONTROL,3266.0,3126.0,2660.0,1920.0,1439.0,1246.0,0.0,False
CONTROL__51235__2025093001,51235,2025-09-30 01:00:00,2025-09-29 22:00:00,2025-09-30 04:00:00,NORMAL,GROUP__51235__0005,CONTROL,520.0,264.0,140.0,74.0,63.0,128.0,337.0,False
CONTROL__51235__2025062401,51235,2025-06-24 01:00:00,2025-06-23 22:00:00,2025-06-24 04:00:00,NORMAL,GROUP__51235__0005,CONTROL,37.0,27.0,13.0,18.0,20.0,19.0,41.0,False
CONTROL__7251__2025091602,7251,2025-09-16 02:00:00,2025-09-15 23:00:00,2025-09-16 05:00:00,NORMAL,GROUP__7251__0004,CONTROL,41.0,13.0,16.0,18.0,14.0,24.0,65.0,False
CONTROL__7251__2025112502,7251,2025-11-25 02:00:00,2025-11-24 23:00:00,2025-11-25 05:00:00,NORMAL,GROUP__7251__0004,CONTROL,0.0,0.0,0.0,16.0,14.0,42.0,67.0,False
CONTROL__23067__2025123005,23067,2025-12-30 05:00:00,2025-12-30 02:00:00,2025-12-30 08:00:00,NORMAL,GROUP__23067__0003,CONTROL,245.0,412.0,707.0,948.0,1377.0,1457.0,1492.0,False
CONTROL__23067__2025040105,23067,2025-04-01 05:00:00,2025-04-01 02:00:00,2025-04-01 08:00:00,NORMAL,GROUP__23067__0003,CONTROL,21.0,33.0,44.0,81.0,71.0,92.0,104.0,False
CONTROL__7126__2025031806,7126,2025-03-18 06:00:00,2025-03-18 03:00:00,2025-03-18 09:00:00,NORMAL,GROUP__7126__0003,CONTROL,7.0,16.0,22.0,85.0,67.0,61.0,70.0,False
CONTROL__7126__2025082606,7126,2025-08-26 06:00:00,2025-08-26 03:00:00,2025-08-26 09:00:00,NORMAL,GROUP__7126__0003,CONTROL,8.0,23.0,40.0,72.0,77.0,72.0,61.0,False
CONTROL__7163__2025111111,7163,2025-11-11 11:00:00,2025-11-11 08:00:00,2025-11-11 14:00:00,NORMAL,GROUP__7163__0003,CONTROL,97.0,134.0,129.0,91.0,89.0,109.0,85.0,False
CONTROL__7163__2025021111,7163,2025-02-11 11:00:00,2025-02-11 08:00:00,2025-02-11 14:00:00,NORMAL,GROUP__7163__0003,CONTROL,0.0,0.0,0.0,0.0,0.0,0.0,0.0,True
CONTROL__7112__2025072919,7112,2025-07-29 19:00:00,2025-07-29 16:00:00,2025-07-29 22:00:00,NORMAL,GROUP__7112__0004,CONTROL,152.0,117.0,87.0,55.0,49.0,38.0,27.0,False
CONTROL__7112__2025082619,7112,2025-08-26 19:00:00,2025-08-26 16:00:00,2025-08-26 22:00:00,NORMAL,GROUP__7112__0004,CONTROL,0.0,0.0,0.0,0.0,0.0,0.0,0.0,True
CONTROL__34016__2025010721,34016,2025-01-07 21:00:00,2025-01-07 18:00:00,2025-01-08 00:00:00,NORMAL,GROUP__34016__0001,CONTROL,278.0,225.0,152.0,114.0,47.0,14.0,8.0,False
CONTROL__34016__2025100721,34016,2025-10-07 21:00:00,2025-10-07 18:00:00,2025-10-08 00:00:00,NORMAL,GROUP__34016__0001,CONTROL,342.0,239.0,209.0,119.0,53.0,24.0,2.0,False
CONTROL__7120__2025120305,7120,2025-12-03 05:00:00,2025-12-03 02:00:00,2025-12-03 08:00:00,NORMAL,GROUP__7120__0007,CONTROL,9.0,9.0,18.0,60.0,101.0,94.0,68.0,False
CONTROL__7120__2025041605,7120,2025-04-16 05:00:00,2025-04-16 02:00:00,2025-04-16 08:00:00,NORMAL,GROUP__7120__0007,CONTROL,5.0,11.0,26.0,70.0,90.0,97.0,52.0,False
CONTROL__7121__2025121005,7121,2025-12-10 05:00:00,2025-12-10 02:00:00,2025-12-10 08:00:00,NORMAL,GROUP__7121__0007,CONTROL,8.0,8.0,18.0,31.0,48.0,70.0,88.0,False
CONTROL__7121__2025092405,7121,2025-09-24 05:00:00,2025-09-24 02:00:00,2025-09-24 08:00:00,NORMAL,GROUP__7121__0007,CONTROL,30.0,24.0,47.0,88.0,239.0,384.0,411.0,False
CONTROL__7120__2025040205,7120,2025-04-02 05:00:00,2025-04-02 02:00:00,2025-04-02 08:00:00,NORMAL,GROUP__7120__0007,CONTROL,0.0,0.0,0.0,0.0,0.0,0.0,0.0,True
CONTROL__7120__2025101505,7120,2025-10-15 05:00:00,2025-10-15 02:00:00,2025-10-15 08:00:00,NORMAL,GROUP__7120__0007,CONTROL,68.0,87.0,153.0,604.0,747.0,761.0,716.0,False
CONTROL__7121__2025122405,7121,2025-12-24 05:00:00,2025-12-24 02:00:00,2025-12-24 08:00:00,NORMAL,GROUP__7121__0007,CONTROL,0.0,0.0,0.0,0.0,0.0,0.0,0.0,True
CONTROL__7121__2025081305,7121,2025-08-13 05:00:00,2025-08-13 02:00:00,2025-08-13 08:00:00,NORMAL,GROUP__7121__0007,CONTROL,80.0,163.0,128.0,99.0,182.0,391.0,383.0,False
CONTROL__7274__2025040206,7274,2025-04-02 06:00:00,2025-04-02 03:00:00,2025-04-02 09:00:00,NORMAL,GROUP__7274__0001,CONTROL,94.0,302.0,697.0,1176.0,1353.0,1381.0,865.0,False
CONTROL__7274__2025011506,7274,2025-01-15 06:00:00,2025-01-15 03:00:00,2025-01-15 09:00:00,NORMAL,GROUP__7274__0001,CONTROL,0.0,0.0,0.0,0.0,0.0,0.0,0.0,True
CONTROL__F3FWY004__2025022700,F3FWY004,2025-02-27 00:00:00,2025-02-26 21:00:00,2025-02-27 03:00:00,NORMAL,GROUP__F3FWY004__0001,CONTROL,0.0,0.0,0.0,0.0,0.0,0.0,0.0,True
CONTROL__F3FWY004__2025062600,F3FWY004,2025-06-26 00:00:00,2025-06-25 21:00:00,2025-06-26 03:00:00,NORMAL,GROUP__F3FWY004__0001,CONTROL,49.0,32.0,18.0,92.0,81.0,92.0,118.0,False
CONTROL__51235__2025030615,51235,2025-03-06 15:00:00,2025-03-06 12:00:00,2025-03-06 18:00:00,NORMAL,GROUP__51235__0006,CONTROL,166.0,172.0,139.0,147.0,142.0,89.0,99.0,False
CONTROL__51235__2025092515,51235,2025-09-25 15:00:00,2025-09-25 12:00:00,2025-09-25 18:00:00,NORMAL,GROUP__51235__0006,CONTROL,156.0,171.0,146.0,148.0,130.0,102.0,86.0,False
CONTROL__7153__2025092519,7153,2025-09-25 19:00:00,2025-09-25 16:00:00,2025-09-25 22:00:00,NORMAL,GROUP__7153__0002,CONTROL,140.0,119.0,95.0,87.0,64.0,58.0,41.0,False
CONTROL__7153__2025091119,7153,2025-09-11 19:00:00,2025-09-11 16:00:00,2025-09-11 22:00:00,NORMAL,GROUP__7153__0002,CONTROL,140.0,96.0,116.0,80.0,63.0,42.0,29.0,False
CONTROL__F3FWY002__2025053001,F3FWY002,2025-05-30 01:00:00,2025-05-29 22:00:00,2025-05-30 04:00:00,NORMAL,GROUP__F3FWY002__0001,CONTROL,157.0,139.0,128.0,104.0,90.0,168.0,284.0,False
CONTROL__F3FWY002__2025101701,F3FWY002,2025-10-17 01:00:00,2025-10-16 22:00:00,2025-10-17 04:00:00,NORMAL,GROUP__F3FWY002__0001,CONTROL,221.0,199.0,0.0,0.0,0.0,0.0,0.0,False
CONTROL__F3FWY003__2025040404,F3FWY003,2025-04-04 04:00:00,2025-04-04 01:00:00,2025-04-04 07:00:00,NORMAL,GROUP__F3FWY003__0006,CONTROL,0.0,0.0,0.0,0.0,0.0,0.0,0.0,True
CONTROL__F3FWY003__2025102404,F3FWY003,2025-10-24 04:00:00,2025-10-24 01:00:00,2025-10-24 07:00:00,NORMAL,GROUP__F3FWY003__0006,CONTROL,108.0,104.0,141.0,264.0,511.0,708.0,712.0,False
CONTROL__23067__2025050904,23067,2025-05-09 04:00:00,2025-05-09 01:00:00,2025-05-09 07:00:00,NORMAL,GROUP__23067__0004,CONTROL,13.0,19.0,34.0,60.0,85.0,151.0,156.0,False
CONTROL__23067__2025103104,23067,2025-10-31 04:00:00,2025-10-31 01:00:00,2025-10-31 07:00:00,NORMAL,GROUP__23067__0004,CONTROL,122.0,403.0,942.0,1575.0,2235.0,2214.0,1991.0,False
CONTROL__7248__2025080804,7248,2025-08-08 04:00:00,2025-08-08 01:00:00,2025-08-08 07:00:00,NORMAL,GROUP__7248__0005,CONTROL,66.0,52.0,88.0,135.0,221.0,287.0,270.0,False
CONTROL__7248__2025071804,7248,2025-07-18 04:00:00,2025-07-18 01:00:00,2025-07-18 07:00:00,NORMAL,GROUP__7248__0005,CONTROL,68.0,73.0,71.0,137.0,241.0,291.0,258.0,False
CONTROL__7274__2025100305,7274,2025-10-03 05:00:00,2025-10-03 02:00:00,2025-10-03 08:00:00,NORMAL,GROUP__7274__0002,CONTROL,12.0,14.0,46.0,110.0,186.0,143.0,134.0,False
CONTROL__7274__2025041805,7274,2025-04-18 05:00:00,2025-04-18 02:00:00,2025-04-18 08:00:00,NORMAL,GROUP__7274__0002,CONTROL,0.0,0.0,0.0,0.0,0.0,0.0,0.0,True
CONTROL__F3FWY003__2025042509,F3FWY003,2025-04-25 09:00:00,2025-04-25 06:00:00,2025-04-25 12:00:00,NORMAL,GROUP__F3FWY003__0006,CONTROL,0.0,0.0,0.0,0.0,0.0,0.0,0.0,True
CONTROL__F3FWY003__2025091909,F3FWY003,2025-09-19 09:00:00,2025-09-19 06:00:00,2025-09-19 12:00:00,NORMAL,GROUP__F3FWY003__0006,CONTROL,1416.0,1676.0,1767.0,2103.0,2442.0,2559.0,2754.0,False
CONTROL__7112__2025101710,7112,2025-10-17 10:00:00,2025-10-17 07:00:00,2025-10-17 13:00:00,NORMAL,GROUP__7112__0005,CONTROL,281.0,229.0,264.0,234.0,225.0,219.0,192.0,False
CONTROL__7112__2025111410,7112,2025-11-14 10:00:00,2025-11-14 07:00:00,2025-11-14 13:00:00,NORMAL,GROUP__7112__0005,CONTROL,1236.0,1204.0,981.0,918.0,1087.0,1033.0,1114.0,False
CONTROL__F3FWY006__2025071123,F3FWY006,2025-07-11 23:00:00,2025-07-11 20:00:00,2025-07-12 02:00:00,NORMAL,GROUP__F3FWY006__0002,CONTROL,135.0,148.0,118.0,101.0,109.0,79.0,81.0,False
CONTROL__F3FWY006__2025062023,F3FWY006,2025-06-20 23:00:00,2025-06-20 20:00:00,2025-06-21 02:00:00,NORMAL,GROUP__F3FWY006__0002,CONTROL,0.0,0.0,0.0,0.0,71.0,51.0,69.0,False
CONTROL__7161__2025052506,7161,2025-05-25 06:00:00,2025-05-25 03:00:00,2025-05-25 09:00:00,NORMAL,GROUP__7161__0002,CONTROL,4.0,7.0,19.0,27.0,34.0,37.0,53.0,False
CONTROL__7161__2025062206,7161,2025-06-22 06:00:00,2025-06-22 03:00:00,2025-06-22 09:00:00,NORMAL,GROUP__7161__0002,CONTROL,89.0,73.0,129.0,274.0,507.0,654.0,1085.0,False
CONTROL__7132__2025080323,7132,2025-08-03 23:00:00,2025-08-03 20:00:00,2025-08-04 02:00:00,NORMAL,GROUP__7132__0003,CONTROL,451.0,355.0,281.0,149.0,6.0,7.0,5.0,False
CONTROL__7132__2025113023,7132,2025-11-30 23:00:00,2025-11-30 20:00:00,2025-12-01 02:00:00,NORMAL,GROUP__7132__0003,CONTROL,17.0,17.0,8.0,10.0,4.0,14.0,5.0,False
CONTROL__7159__2025021700,7159,2025-02-17 00:00:00,2025-02-16 21:00:00,2025-02-17 03:00:00,NORMAL,GROUP__7159__0001,CONTROL,0.0,0.0,0.0,0.0,0.0,0.0,0.0,True
CONTROL__7159__2025090100,7159,2025-09-01 00:00:00,2025-08-31 21:00:00,2025-09-01 03:00:00,NORMAL,GROUP__7159__0001,CONTROL,29.0,22.0,21.0,166.0,101.0,72.0,81.0,False
CONTROL__7184__2025021704,7184,2025-02-17 04:00:00,2025-02-17 01:00:00,2025-02-17 07:00:00,NORMAL,GROUP__7184__0005,CONTROL,0.0,0.0,0.0,0.0,0.0,0.0,0.0,True
CONTROL__7184__2025012004,7184,2025-01-20 04:00:00,2025-01-20 01:00:00,2025-01-20 07:00:00,NORMAL,GROUP__7184__0005,CONTROL,99.0,60.0,83.0,214.0,798.0,1799.0,2701.0,False
CONTROL__55049__2025081805,55049,2025-08-18 05:00:00,2025-08-18 02:00:00,2025-08-18 08:00:00,NORMAL,GROUP__55049__0001,CONTROL,0.0,0.0,0.0,0.0,0.0,0.0,0.0,True
CONTROL__55049__2025022405,55049,2025-02-24 05:00:00,2025-02-24 02:00:00,2025-02-24 08:00:00,NORMAL,GROUP__55049__0001,CONTROL,0.0,0.0,0.0,0.0,0.0,0.0,0.0,True
CONTROL__F3FWY005__2025020310,F3FWY005,2025-02-03 10:00:00,2025-02-03 07:00:00,2025-02-03 13:00:00,NORMAL,GROUP__F3FWY005__0001,CONTROL,0.0,0.0,0.0,0.0,0.0,0.0,0.0,True
CONTROL__F3FWY005__2025032410,F3FWY005,2025-03-24 10:00:00,2025-03-24 07:00:00,2025-03-24 13:00:00,NORMAL,GROUP__F3FWY005__0001,CONTROL,2412.0,1115.0,1182.0,1194.0,1319.0,885.0,1121.0,False
CONTROL__33014__2025061000,33014,2025-06-10 00:00:00,2025-06-09 21:00:00,2025-06-10 03:00:00,NORMAL,GROUP__33014__0003,CONTROL,271.0,149.0,103.0,13.0,14.0,10.0,22.0,False
CONTROL__33014__2025093000,33014,2025-09-30 00:00:00,2025-09-29 21:00:00,2025-09-30 03:00:00,NORMAL,GROUP__33014__0003,CONTROL,0.0,0.0,0.0,0.0,0.0,0.0,0.0,True
CONTROL__7179__2025101401,7179,2025-10-14 01:00:00,2025-10-13 22:00:00,2025-10-14 04:00:00,NORMAL,GROUP__7179__0007,CONTROL,805.0,481.0,66.0,58.0,45.0,71.0,119.0,False
CONTROL__7179__2025110401,7179,2025-11-04 01:00:00,2025-11-03 22:00:00,2025-11-04 04:00:00,NORMAL,GROUP__7179__0007,CONTROL,759.0,569.0,47.0,42.0,54.0,68.0,116.0,False
CONTROL__7120__2025122304,7120,2025-12-23 04:00:00,2025-12-23 01:00:00,2025-12-23 07:00:00,NORMAL,GROUP__7120__0008,CONTROL,62.0,80.0,84.0,184.0,403.0,584.0,568.0,False
CONTROL__7120__2025032504,7120,2025-03-25 04:00:00,2025-03-25 01:00:00,2025-03-25 07:00:00,NORMAL,GROUP__7120__0008,CONTROL,0.0,0.0,0.0,0.0,0.0,0.0,0.0,True
CONTROL__7121__2025112504,7121,2025-11-25 04:00:00,2025-11-25 01:00:00,2025-11-25 07:00:00,NORMAL,GROUP__7121__0008,CONTROL,0.0,0.0,0.0,0.0,0.0,0.0,0.0,True
CONTROL__7121__2025042204,7121,2025-04-22 04:00:00,2025-04-22 01:00:00,2025-04-22 07:00:00,NORMAL,GROUP__7121__0008,CONTROL,28.0,34.0,19.0,24.0,88.0,184.0,306.0,False
CONTROL__53004__2025111805,53004,2025-11-18 05:00:00,2025-11-18 02:00:00,2025-11-18 08:00:00,NORMAL,GROUP__53004__0004,CONTROL,14.0,13.0,32.0,106.0,247.0,186.0,163.0,False
CONTROL__53004__2025092305,53004,2025-09-23 05:00:00,2025-09-23 02:00:00,2025-09-23 08:00:00,NORMAL,GROUP__53004__0004,CONTROL,18.0,14.0,30.0,49.0,60.0,77.0,75.0,False
CONTROL__10011__2025022505,10011,2025-02-25 05:00:00,2025-02-25 02:00:00,2025-02-25 08:00:00,NORMAL,GROUP__10011__0004,CONTROL,0.0,0.0,0.0,0.0,0.0,0.0,0.0,True
CONTROL__10011__2025102105,10011,2025-10-21 05:00:00,2025-10-21 02:00:00,2025-10-21 08:00:00,NORMAL,GROUP__10011__0004,CONTROL,0.0,0.0,0.0,0.0,0.0,0.0,0.0,True
CONTROL__7139__2025090905,7139,2025-09-09 05:00:00,2025-09-09 02:00:00,2025-09-09 08:00:00,NORMAL,GROUP__7139__0004,CONTROL,18.0,26.0,17.0,68.0,189.0,248.0,272.0,False
CONTROL__7139__2025070105,7139,2025-07-01 05:00:00,2025-07-01 02:00:00,2025-07-01 08:00:00,NORMAL,GROUP__7139__0004,CONTROL,8.0,14.0,16.0,51.0,134.0,194.0,217.0,False
CONTROL__7132__2025040821,7132,2025-04-08 21:00:00,2025-04-08 18:00:00,2025-04-09 00:00:00,NORMAL,GROUP__7132__0004,CONTROL,28.0,32.0,21.0,16.0,12.0,5.0,93.0,False
CONTROL__7132__2025042921,7132,2025-04-29 21:00:00,2025-04-29 18:00:00,2025-04-30 00:00:00,NORMAL,GROUP__7132__0004,CONTROL,29.0,26.0,31.0,15.0,9.0,7.0,5.0,False
CONTROL__7120__2025120300,7120,2025-12-03 00:00:00,2025-12-02 21:00:00,2025-12-03 03:00:00,NORMAL,GROUP__7120__0009,CONTROL,448.0,406.0,288.0,8.0,13.0,9.0,9.0,False
CONTROL__7120__2025123100,7120,2025-12-31 00:00:00,2025-12-30 21:00:00,2025-12-31 03:00:00,NORMAL,GROUP__7120__0009,CONTROL,468.0,369.0,297.0,139.0,85.0,69.0,67.0,False
CONTROL__7121__2025051400,7121,2025-05-14 00:00:00,2025-05-13 21:00:00,2025-05-14 03:00:00,NORMAL,GROUP__7121__0009,CONTROL,2.0,3.0,2.0,156.0,122.0,94.0,148.0,False
CONTROL__7121__2025111900,7121,2025-11-19 00:00:00,2025-11-18 21:00:00,2025-11-19 03:00:00,NORMAL,GROUP__7121__0009,CONTROL,0.0,0.0,0.0,6.0,3.0,7.0,11.0,False
CONTROL__7248__2025112600,7248,2025-11-26 00:00:00,2025-11-25 21:00:00,2025-11-26 03:00:00,NORMAL,GROUP__7248__0006,CONTROL,0.0,0.0,1.0,64.0,83.0,70.0,75.0,False
CONTROL__7248__2025012200,7248,2025-01-22 00:00:00,2025-01-21 21:00:00,2025-01-22 03:00:00,NORMAL,GROUP__7248__0006,CONTROL,722.0,466.0,284.0,54.0,62.0,59.0,76.0,False
CONTROL__7123-PR__2025123104,7123-PR,2025-12-31 04:00:00,2025-12-31 01:00:00,2025-12-31 07:00:00,NORMAL,GROUP__7123-PR__0002,CONTROL,1.0,6.0,0.0,3.0,2.0,16.0,16.0,False
CONTROL__7123-PR__2025101504,7123-PR,2025-10-15 04:00:00,2025-10-15 01:00:00,2025-10-15 07:00:00,NORMAL,GROUP__7123-PR__0002,CONTROL,15.0,14.0,5.0,33.0,78.0,115.0,94.0,False
CONTROL__F3FWY003__2025080604,F3FWY003,2025-08-06 04:00:00,2025-08-06 01:00:00,2025-08-06 07:00:00,NORMAL,GROUP__F3FWY003__0007,CONTROL,79.0,95.0,129.0,263.0,485.0,671.0,687.0,False
CONTROL__F3FWY003__2025111204,F3FWY003,2025-11-12 04:00:00,2025-11-12 01:00:00,2025-11-12 07:00:00,NORMAL,GROUP__F3FWY003__0007,CONTROL,101.0,140.0,168.0,303.0,700.0,697.0,629.0,False
CONTROL__7274__2025121106,7274,2025-12-11 06:00:00,2025-12-11 03:00:00,2025-12-11 09:00:00,NORMAL,GROUP__7274__0003,CONTROL,138.0,334.0,781.0,1153.0,1169.0,1136.0,903.0,False
CONTROL__7274__2025011606,7274,2025-01-16 06:00:00,2025-01-16 03:00:00,2025-01-16 09:00:00,NORMAL,GROUP__7274__0003,CONTROL,97.0,293.0,679.0,1076.0,1150.0,1123.0,873.0,False
CONTROL__51235__2025082819,51235,2025-08-28 19:00:00,2025-08-28 16:00:00,2025-08-28 22:00:00,NORMAL,GROUP__51235__0007,CONTROL,178.0,174.0,106.0,100.0,72.0,64.0,54.0,False
CONTROL__51235__2025052919,51235,2025-05-29 19:00:00,2025-05-29 16:00:00,2025-05-29 22:00:00,NORMAL,GROUP__51235__0007,CONTROL,124.0,90.0,90.0,78.0,58.0,43.0,28.0,False
CONTROL__33014__2025062620,33014,2025-06-26 20:00:00,2025-06-26 17:00:00,2025-06-26 23:00:00,NORMAL,GROUP__33014__0004,CONTROL,0.0,0.0,0.0,0.0,0.0,0.0,0.0,True
CONTROL__33014__2025091120,33014,2025-09-11 20:00:00,2025-09-11 17:00:00,2025-09-11 23:00:00,NORMAL,GROUP__33014__0004,CONTROL,0.0,0.0,0.0,0.0,0.0,0.0,0.0,True
CONTROL__F3FWY003__2025100305,F3FWY003,2025-10-03 05:00:00,2025-10-03 02:00:00,2025-10-03 08:00:00,NORMAL,GROUP__F3FWY003__0008,CONTROL,87.0,149.0,298.0,851.0,1555.0,2004.0,2056.0,False
CONTROL__F3FWY003__2025120505,F3FWY003,2025-12-05 05:00:00,2025-12-05 02:00:00,2025-12-05 08:00:00,NORMAL,GROUP__F3FWY003__0008,CONTROL,121.0,165.0,284.0,633.0,812.0,647.0,546.0,False
CONTROL__9658__2025122605,9658,2025-12-26 05:00:00,2025-12-26 02:00:00,2025-12-26 08:00:00,NORMAL,GROUP__9658__0001,CONTROL,0.0,0.0,0.0,0.0,0.0,0.0,0.0,True
CONTROL__9658__2025101705,9658,2025-10-17 05:00:00,2025-10-17 02:00:00,2025-10-17 08:00:00,NORMAL,GROUP__9658__0001,CONTROL,29.0,34.0,61.0,102.0,147.0,124.0,114.0,False
CONTROL__7112__2025082907,7112,2025-08-29 07:00:00,2025-08-29 04:00:00,2025-08-29 10:00:00,NORMAL,GROUP__7112__0006,CONTROL,125.0,503.0,775.0,655.0,628.0,635.0,559.0,False
CONTROL__7112__2025060607,7112,2025-06-06 07:00:00,2025-06-06 04:00:00,2025-06-06 10:00:00,NORMAL,GROUP__7112__0006,CONTROL,38.0,96.0,173.0,142.0,159.0,164.0,166.0,False
CONTROL__51235__2025071808,51235,2025-07-18 08:00:00,2025-07-18 05:00:00,2025-07-18 11:00:00,NORMAL,GROUP__51235__0008,CONTROL,1046.0,2042.0,1823.0,1978.0,1874.0,1630.0,1578.0,False
CONTROL__51235__2025030708,51235,2025-03-07 08:00:00,2025-03-07 05:00:00,2025-03-07 11:00:00,NORMAL,GROUP__51235__0008,CONTROL,0.0,0.0,0.0,0.0,0.0,1148.0,1241.0,False
CONTROL__7132__2025112909,7132,2025-11-29 09:00:00,2025-11-29 06:00:00,2025-11-29 12:00:00,NORMAL,GROUP__7132__0005,CONTROL,56.0,50.0,58.0,40.0,52.0,39.0,56.0,False
CONTROL__7132__2025011809,7132,2025-01-18 09:00:00,2025-01-18 06:00:00,2025-01-18 12:00:00,NORMAL,GROUP__7132__0005,CONTROL,0.0,0.0,0.0,0.0,0.0,0.0,0.0,True
CONTROL__F3FWY003__2025092014,F3FWY003,2025-09-20 14:00:00,2025-09-20 11:00:00,2025-09-20 17:00:00,NORMAL,GROUP__F3FWY003__0009,CONTROL,351.0,332.0,313.0,332.0,292.0,276.0,203.0,False
CONTROL__F3FWY003__2025012514,F3FWY003,2025-01-25 14:00:00,2025-01-25 11:00:00,2025-01-25 17:00:00,NORMAL,GROUP__F3FWY003__0009,CONTROL,2904.0,2610.0,2445.0,2531.0,2737.0,2850.0,2691.0,False
CONTROL__50240__2025110117,50240,2025-11-01 17:00:00,2025-11-01 14:00:00,2025-11-01 20:00:00,NORMAL,GROUP__50240__0004,CONTROL,160.0,141.0,116.0,151.0,105.0,0.0,72.0,False
CONTROL__50240__2025100417,50240,2025-10-04 17:00:00,2025-10-04 14:00:00,2025-10-04 20:00:00,NORMAL,GROUP__50240__0004,CONTROL,2367.0,2111.0,0.0,2214.0,1874.0,1608.0,1276.0,False
CONTROL__7248__2025120623,7248,2025-12-06 23:00:00,2025-12-06 20:00:00,2025-12-07 02:00:00,NORMAL,GROUP__7248__0007,CONTROL,786.0,827.0,778.0,628.0,389.0,220.0,154.0,False
CONTROL__7248__2025062123,7248,2025-06-21 23:00:00,2025-06-21 20:00:00,2025-06-22 02:00:00,NORMAL,GROUP__7248__0007,CONTROL,0.0,0.0,0.0,0.0,278.0,175.0,99.0,False
CONTROL__7248__2025080303,7248,2025-08-03 03:00:00,2025-08-03 00:00:00,2025-08-03 06:00:00,NORMAL,GROUP__7248__0007,CONTROL,45.0,35.0,32.0,19.0,27.0,39.0,46.0,False
CONTROL__7248__2025091403,7248,2025-09-14 03:00:00,2025-09-14 00:00:00,2025-09-14 06:00:00,NORMAL,GROUP__7248__0007,CONTROL,41.0,26.0,21.0,31.0,21.0,45.0,55.0,False
CONTROL__7112__2025110211,7112,2025-11-02 11:00:00,2025-11-02 08:00:00,2025-11-02 14:00:00,NORMAL,GROUP__7112__0007,CONTROL,675.0,810.0,977.0,1219.0,1373.0,1293.0,1417.0,False
CONTROL__7112__2025072011,7112,2025-07-20 11:00:00,2025-07-20 08:00:00,2025-07-20 14:00:00,NORMAL,GROUP__7112__0007,CONTROL,645.0,828.0,1060.0,1307.0,1329.0,1369.0,1297.0,False
CONTROL__7274__2025120720,7274,2025-12-07 20:00:00,2025-12-07 17:00:00,2025-12-07 23:00:00,NORMAL,GROUP__7274__0004,CONTROL,56.0,48.0,37.0,34.0,21.0,31.0,10.0,False
CONTROL__7274__2025122120,7274,2025-12-21 20:00:00,2025-12-21 17:00:00,2025-12-21 23:00:00,NORMAL,GROUP__7274__0004,CONTROL,58.0,46.0,45.0,48.0,34.0,24.0,19.0,False
CONTROL__53003__2025071402,53003,2025-07-14 02:00:00,2025-07-13 23:00:00,2025-07-14 05:00:00,NORMAL,GROUP__53003__0003,CONTROL,22.0,21.0,19.0,18.0,35.0,58.0,135.0,False
CONTROL__53003__2025010602,53003,2025-01-06 02:00:00,2025-01-05 23:00:00,2025-01-06 05:00:00,NORMAL,GROUP__53003__0003,CONTROL,343.0,22.0,26.0,26.0,40.0,72.0,188.0,False
CONTROL__7251__2025111004,7251,2025-11-10 04:00:00,2025-11-10 01:00:00,2025-11-10 07:00:00,NORMAL,GROUP__7251__0005,CONTROL,12.0,12.0,12.0,19.0,70.0,109.0,133.0,False
CONTROL__7251__2025072804,7251,2025-07-28 04:00:00,2025-07-28 01:00:00,2025-07-28 07:00:00,NORMAL,GROUP__7251__0005,CONTROL,140.0,116.0,74.0,122.0,186.0,386.0,779.0,False
CONTROL__68025__2025012705,68025,2025-01-27 05:00:00,2025-01-27 02:00:00,2025-01-27 08:00:00,NORMAL,GROUP__68025__0005,CONTROL,51.0,31.0,37.0,109.0,158.0,148.0,203.0,False
CONTROL__68025__2025120105,68025,2025-12-01 05:00:00,2025-12-01 02:00:00,2025-12-01 08:00:00,NORMAL,GROUP__68025__0005,CONTROL,49.0,60.0,148.0,445.0,876.0,1157.0,1437.0,False
CONTROL__68025__2025110305,68025,2025-11-03 05:00:00,2025-11-03 02:00:00,2025-11-03 08:00:00,NORMAL,GROUP__68025__0005,CONTROL,54.0,64.0,137.0,442.0,881.0,1238.0,1400.0,False
CONTROL__68025__2025041405,68025,2025-04-14 05:00:00,2025-04-14 02:00:00,2025-04-14 08:00:00,NORMAL,GROUP__68025__0005,CONTROL,5.0,11.0,11.0,31.0,71.0,95.0,61.0,False
CONTROL__47024__2025101305,47024,2025-10-13 05:00:00,2025-10-13 02:00:00,2025-10-13 08:00:00,NORMAL,GROUP__47024__0002,CONTROL,224.0,263.0,561.0,1173.0,1137.0,1287.0,1212.0,False
CONTROL__47024__2025110305,47024,2025-11-03 05:00:00,2025-11-03 02:00:00,2025-11-03 08:00:00,NORMAL,GROUP__47024__0002,CONTROL,242.0,228.0,369.0,922.0,1049.0,940.0,977.0,False
CONTROL__7168__2025051905,7168,2025-05-19 05:00:00,2025-05-19 02:00:00,2025-05-19 08:00:00,NORMAL,GROUP__7168__0002,CONTROL,28.0,32.0,96.0,214.0,400.0,519.0,565.0,False
CONTROL__7168__2025090805,7168,2025-09-08 05:00:00,2025-09-08 02:00:00,2025-09-08 08:00:00,NORMAL,GROUP__7168__0002,CONTROL,9.0,19.0,22.0,44.0,78.0,86.0,79.0,False
CONTROL__74230__2025060223,74230,2025-06-02 23:00:00,2025-06-02 20:00:00,2025-06-03 02:00:00,NORMAL,GROUP__74230__0002,CONTROL,1.0,0.0,1.0,1.0,1.0,2.0,5.0,False
CONTROL__74230__2025102023,74230,2025-10-20 23:00:00,2025-10-20 20:00:00,2025-10-21 02:00:00,NORMAL,GROUP__74230__0002,CONTROL,11.0,9.0,3.0,3.0,15.0,17.0,13.0,False
CONTROL__7120__2025050600,7120,2025-05-06 00:00:00,2025-05-05 21:00:00,2025-05-06 03:00:00,NORMAL,GROUP__7120__0010,CONTROL,24.0,15.0,13.0,11.0,7.0,11.0,13.0,False
CONTROL__7120__2025012100,7120,2025-01-21 00:00:00,2025-01-20 21:00:00,2025-01-21 03:00:00,NORMAL,GROUP__7120__0010,CONTROL,0.0,0.0,0.0,9.0,4.0,7.0,13.0,False
CONTROL__7121__2025042900,7121,2025-04-29 00:00:00,2025-04-28 21:00:00,2025-04-29 03:00:00,NORMAL,GROUP__7121__0010,CONTROL,235.0,168.0,80.0,2.0,1.0,6.0,5.0,False
CONTROL__7121__2025101400,7121,2025-10-14 00:00:00,2025-10-13 21:00:00,2025-10-14 03:00:00,NORMAL,GROUP__7121__0010,CONTROL,19.0,12.0,9.0,69.0,49.0,22.0,22.0,False
CONTROL__7162__2025082602,7162,2025-08-26 02:00:00,2025-08-25 23:00:00,2025-08-26 05:00:00,NORMAL,GROUP__7162__0001,CONTROL,89.0,48.0,22.0,28.0,42.0,233.0,508.0,False
CONTROL__7162__2025061702,7162,2025-06-17 02:00:00,2025-06-16 23:00:00,2025-06-17 05:00:00,NORMAL,GROUP__7162__0001,CONTROL,6.0,39.0,21.0,20.0,42.0,227.0,533.0,False
CONTROL__7162__2025031804,7162,2025-03-18 04:00:00,2025-03-18 01:00:00,2025-03-18 07:00:00,NORMAL,GROUP__7162__0001,CONTROL,0.0,0.0,7.0,41.0,87.0,115.0,87.0,False
CONTROL__7162__2025021104,7162,2025-02-11 04:00:00,2025-02-11 01:00:00,2025-02-11 07:00:00,NORMAL,GROUP__7162__0001,CONTROL,0.0,0.0,0.0,0.0,0.0,0.0,0.0,True
CONTROL__7119-PR__2025071504,7119-PR,2025-07-15 04:00:00,2025-07-15 01:00:00,2025-07-15 07:00:00,NORMAL,GROUP__7119-PR__0002,CONTROL,5.0,7.0,2.0,18.0,32.0,100.0,97.0,False
CONTROL__7119-PR__2025042204,7119-PR,2025-04-22 04:00:00,2025-04-22 01:00:00,2025-04-22 07:00:00,NORMAL,GROUP__7119-PR__0002,CONTROL,79.0,44.0,44.0,75.0,197.0,370.0,432.0,False
CONTROL__7153__2025031819,7153,2025-03-18 19:00:00,2025-03-18 16:00:00,2025-03-18 22:00:00,NORMAL,GROUP__7153__0003,CONTROL,0.0,0.0,0.0,0.0,0.0,0.0,0.0,True
CONTROL__7153__2025031119,7153,2025-03-11 19:00:00,2025-03-11 16:00:00,2025-03-11 22:00:00,NORMAL,GROUP__7153__0003,CONTROL,141.0,113.0,76.0,77.0,61.0,41.0,30.0,False
CONTROL__7251__2025081221,7251,2025-08-12 21:00:00,2025-08-12 18:00:00,2025-08-13 00:00:00,NORMAL,GROUP__7251__0006,CONTROL,1352.0,748.0,634.0,588.0,559.0,407.0,256.0,False
CONTROL__7251__2025091621,7251,2025-09-16 21:00:00,2025-09-16 18:00:00,2025-09-17 00:00:00,NORMAL,GROUP__7251__0006,CONTROL,104.0,51.0,47.0,41.0,48.0,30.0,253.0,False
CONTROL__7132__2025110421,7132,2025-11-04 21:00:00,2025-11-04 18:00:00,2025-11-05 00:00:00,NORMAL,GROUP__7132__0006,CONTROL,895.0,732.0,608.0,511.0,325.0,213.0,119.0,False
CONTROL__7132__2025091621,7132,2025-09-16 21:00:00,2025-09-16 18:00:00,2025-09-17 00:00:00,NORMAL,GROUP__7132__0006,CONTROL,30.0,28.0,21.0,20.0,11.0,11.0,8.0,False
CONTROL__7251__2025120304,7251,2025-12-03 04:00:00,2025-12-03 01:00:00,2025-12-03 07:00:00,NORMAL,GROUP__7251__0007,CONTROL,23.0,12.0,18.0,26.0,44.0,109.0,122.0,False
CONTROL__7251__2025091004,7251,2025-09-10 04:00:00,2025-09-10 01:00:00,2025-09-10 07:00:00,NORMAL,GROUP__7251__0007,CONTROL,0.0,0.0,9.0,141.0,204.0,467.0,810.0,False
CONTROL__53004__2025052804,53004,2025-05-28 04:00:00,2025-05-28 01:00:00,2025-05-28 07:00:00,NORMAL,GROUP__53004__0005,CONTROL,46.0,25.0,47.0,193.0,674.0,1499.0,2327.0,False
CONTROL__53004__2025061104,53004,2025-06-11 04:00:00,2025-06-11 01:00:00,2025-06-11 07:00:00,NORMAL,GROUP__53004__0005,CONTROL,8.0,11.0,14.0,43.0,114.0,246.0,212.0,False
CONTROL__7274__2025110506,7274,2025-11-05 06:00:00,2025-11-05 03:00:00,2025-11-05 09:00:00,NORMAL,GROUP__7274__0005,CONTROL,114.0,298.0,725.0,1297.0,1240.0,1313.0,1037.0,False
CONTROL__7274__2025010106,7274,2025-01-01 06:00:00,2025-01-01 03:00:00,2025-01-01 09:00:00,NORMAL,GROUP__7274__0005,CONTROL,0.0,0.0,0.0,0.0,0.0,0.0,0.0,True
CONTROL__9849__2025091018,9849,2025-09-10 18:00:00,2025-09-10 15:00:00,2025-09-10 21:00:00,NORMAL,GROUP__9849__0001,CONTROL,80.0,71.0,62.0,53.0,24.0,26.0,18.0,False
CONTROL__9849__2025010818,9849,2025-01-08 18:00:00,2025-01-08 15:00:00,2025-01-08 21:00:00,NORMAL,GROUP__9849__0001,CONTROL,0.0,0.0,0.0,0.0,0.0,0.0,0.0,True
CONTROL__7179__2025031306,7179,2025-03-13 06:00:00,2025-03-13 03:00:00,2025-03-13 09:00:00,NORMAL,GROUP__7179__0008,CONTROL,203.0,395.0,892.0,1128.0,963.0,1318.0,1247.0,False
CONTROL__7179__2025100206,7179,2025-10-02 06:00:00,2025-10-02 03:00:00,2025-10-02 09:00:00,NORMAL,GROUP__7179__0008,CONTROL,234.0,405.0,967.0,1302.0,1434.0,1520.0,1496.0,False
CONTROL__7248__2025030608,7248,2025-03-06 08:00:00,2025-03-06 05:00:00,2025-03-06 11:00:00,NORMAL,GROUP__7248__0008,CONTROL,257.0,283.0,211.0,165.0,206.0,246.0,234.0,False
CONTROL__7248__2025112008,7248,2025-11-20 08:00:00,2025-11-20 05:00:00,2025-11-20 11:00:00,NORMAL,GROUP__7248__0008,CONTROL,1115.0,1314.0,1220.0,1158.0,1106.0,944.0,858.0,False
CONTROL__50240__2025072419,50240,2025-07-24 19:00:00,2025-07-24 16:00:00,2025-07-24 22:00:00,NORMAL,GROUP__50240__0005,CONTROL,293.0,247.0,201.0,150.0,102.0,88.0,58.0,False
CONTROL__50240__2025012319,50240,2025-01-23 19:00:00,2025-01-23 16:00:00,2025-01-23 22:00:00,NORMAL,GROUP__50240__0005,CONTROL,0.0,0.0,0.0,0.0,0.0,0.0,0.0,True
CONTROL__7132__2025071719,7132,2025-07-17 19:00:00,2025-07-17 16:00:00,2025-07-17 22:00:00,NORMAL,GROUP__7132__0007,CONTROL,1048.0,1016.0,859.0,720.0,605.0,457.0,329.0,False
CONTROL__7132__2025071019,7132,2025-07-10 19:00:00,2025-07-10 16:00:00,2025-07-10 22:00:00,NORMAL,GROUP__7132__0007,CONTROL,60.0,31.0,35.0,18.0,18.0,22.0,9.0,False
CONTROL__10011__2025072420,10011,2025-07-24 20:00:00,2025-07-24 17:00:00,2025-07-24 23:00:00,NORMAL,GROUP__10011__0005,CONTROL,0.0,0.0,0.0,0.0,0.0,0.0,0.0,True
CONTROL__10011__2025032720,10011,2025-03-27 20:00:00,2025-03-27 17:00:00,2025-03-27 23:00:00,NORMAL,GROUP__10011__0005,CONTROL,2784.0,2283.0,1697.0,1431.0,1229.0,1012.0,522.0,False
CONTROL__7139__2025051520,7139,2025-05-15 20:00:00,2025-05-15 17:00:00,2025-05-15 23:00:00,NORMAL,GROUP__7139__0005,CONTROL,2767.0,2436.0,1718.0,1397.0,1189.0,1017.0,491.0,False
CONTROL__7139__2025022020,7139,2025-02-20 20:00:00,2025-02-20 17:00:00,2025-02-20 23:00:00,NORMAL,GROUP__7139__0005,CONTROL,0.0,0.0,0.0,0.0,0.0,0.0,0.0,True
CONTROL__7251__2025030623,7251,2025-03-06 23:00:00,2025-03-06 20:00:00,2025-03-07 02:00:00,NORMAL,GROUP__7251__0008,CONTROL,0.0,0.0,0.0,0.0,0.0,0.0,0.0,True
CONTROL__7251__2025013023,7251,2025-01-30 23:00:00,2025-01-30 20:00:00,2025-01-31 02:00:00,NORMAL,GROUP__7251__0008,CONTROL,641.0,663.0,661.0,535.0,0.0,0.0,0.0,False
CONTROL__50240__2025013023,50240,2025-01-30 23:00:00,2025-01-30 20:00:00,2025-01-31 02:00:00,NORMAL,GROUP__50240__0005,CONTROL,477.0,437.0,355.0,0.0,0.0,0.0,0.0,False
CONTROL__50240__2025031323,50240,2025-03-13 23:00:00,2025-03-13 20:00:00,2025-03-14 02:00:00,NORMAL,GROUP__50240__0005,CONTROL,1896.0,1988.0,1544.0,871.0,58.0,48.0,48.0,False
CONTROL__7184__2025110702,7184,2025-11-07 02:00:00,2025-11-06 23:00:00,2025-11-07 05:00:00,NORMAL,GROUP__7184__0006,CONTROL,345.0,34.0,43.0,23.0,33.0,61.0,123.0,False
CONTROL__7184__2025080802,7184,2025-08-08 02:00:00,2025-08-07 23:00:00,2025-08-08 05:00:00,NORMAL,GROUP__7184__0006,CONTROL,308.0,30.0,24.0,33.0,33.0,52.0,125.0,False
CONTROL__7168__2025032105,7168,2025-03-21 05:00:00,2025-03-21 02:00:00,2025-03-21 08:00:00,NORMAL,GROUP__7168__0003,CONTROL,17.0,18.0,20.0,46.0,83.0,82.0,83.0,False
CONTROL__7168__2025121905,7168,2025-12-19 05:00:00,2025-12-19 02:00:00,2025-12-19 08:00:00,NORMAL,GROUP__7168__0003,CONTROL,45.0,41.0,116.0,262.0,348.0,434.0,450.0,False
CONTROL__7153__2025041112,7153,2025-04-11 12:00:00,2025-04-11 09:00:00,2025-04-11 15:00:00,NORMAL,GROUP__7153__0004,CONTROL,0.0,0.0,0.0,0.0,0.0,0.0,0.0,True
CONTROL__7153__2025050912,7153,2025-05-09 12:00:00,2025-05-09 09:00:00,2025-05-09 15:00:00,NORMAL,GROUP__7153__0004,CONTROL,269.0,208.0,227.0,228.0,169.0,184.0,142.0,False
CONTROL__7274__2025090519,7274,2025-09-05 19:00:00,2025-09-05 16:00:00,2025-09-05 22:00:00,NORMAL,GROUP__7274__0006,CONTROL,93.0,92.0,71.0,60.0,45.0,41.0,35.0,False
CONTROL__7274__2025012419,7274,2025-01-24 19:00:00,2025-01-24 16:00:00,2025-01-24 22:00:00,NORMAL,GROUP__7274__0006,CONTROL,0.0,0.0,0.0,0.0,0.0,0.0,0.0,True
CONTROL__51235__2025101022,51235,2025-10-10 22:00:00,2025-10-10 19:00:00,2025-10-11 01:00:00,NORMAL,GROUP__51235__0009,CONTROL,1361.0,1115.0,1120.0,763.0,548.0,17.0,18.0,False
CONTROL__51235__2025051622,51235,2025-05-16 22:00:00,2025-05-16 19:00:00,2025-05-17 01:00:00,NORMAL,GROUP__51235__0009,CONTROL,74.0,50.0,48.0,34.0,0.0,284.0,165.0,False
CONTROL__7162__2025040505,7162,2025-04-05 05:00:00,2025-04-05 02:00:00,2025-04-05 08:00:00,NORMAL,GROUP__7162__0002,CONTROL,7.0,4.0,14.0,30.0,38.0,67.0,78.0,False
CONTROL__7162__2025042605,7162,2025-04-26 05:00:00,2025-04-26 02:00:00,2025-04-26 08:00:00,NORMAL,GROUP__7162__0002,CONTROL,63.0,66.0,78.0,177.0,332.0,747.0,907.0,False
CONTROL__68025__2025022205,68025,2025-02-22 05:00:00,2025-02-22 02:00:00,2025-02-22 08:00:00,NORMAL,GROUP__68025__0006,CONTROL,0.0,0.0,0.0,0.0,0.0,0.0,0.0,True
CONTROL__68025__2025032205,68025,2025-03-22 05:00:00,2025-03-22 02:00:00,2025-03-22 08:00:00,NORMAL,GROUP__68025__0006,CONTROL,3.0,4.0,5.0,17.0,30.0,36.0,41.0,False
CONTROL__7126__2025100411,7126,2025-10-04 11:00:00,2025-10-04 08:00:00,2025-10-04 14:00:00,NORMAL,GROUP__7126__0004,CONTROL,37.0,40.0,43.0,44.0,30.0,44.0,27.0,False
CONTROL__7126__2025072611,7126,2025-07-26 11:00:00,2025-07-26 08:00:00,2025-07-26 14:00:00,NORMAL,GROUP__7126__0004,CONTROL,34.0,46.0,42.0,48.0,49.0,64.0,45.0,False
CONTROL__34016__2025072623,34016,2025-07-26 23:00:00,2025-07-26 20:00:00,2025-07-27 02:00:00,NORMAL,GROUP__34016__0002,CONTROL,0.0,0.0,1.0,0.0,243.0,168.0,124.0,False
CONTROL__34016__2025122723,34016,2025-12-27 23:00:00,2025-12-27 20:00:00,2025-12-28 02:00:00,NORMAL,GROUP__34016__0002,CONTROL,220.0,165.0,110.0,94.0,35.0,24.0,15.0,False
CONTROL__9849__2025091402,9849,2025-09-14 02:00:00,2025-09-13 23:00:00,2025-09-14 05:00:00,NORMAL,GROUP__9849__0002,CONTROL,6.0,126.0,64.0,37.0,38.0,32.0,79.0,False
CONTROL__9849__2025081002,9849,2025-08-10 02:00:00,2025-08-09 23:00:00,2025-08-10 05:00:00,NORMAL,GROUP__9849__0002,CONTROL,7.0,78.0,51.0,35.0,28.0,13.0,51.0,False
CONTROL__7164__2025082405,7164,2025-08-24 05:00:00,2025-08-24 02:00:00,2025-08-24 08:00:00,NORMAL,GROUP__7164__0003,CONTROL,87.0,68.0,77.0,114.0,159.0,199.0,337.0,False
CONTROL__7164__2025042005,7164,2025-04-20 05:00:00,2025-04-20 02:00:00,2025-04-20 08:00:00,NORMAL,GROUP__7164__0003,CONTROL,82.0,52.0,56.0,94.0,150.0,156.0,205.0,False
CONTROL__7274__2025072706,7274,2025-07-27 06:00:00,2025-07-27 03:00:00,2025-07-27 09:00:00,NORMAL,GROUP__7274__0007,CONTROL,7.0,6.0,22.0,25.0,32.0,47.0,46.0,False
CONTROL__7274__2025040606,7274,2025-04-06 06:00:00,2025-04-06 03:00:00,2025-04-06 09:00:00,NORMAL,GROUP__7274__0007,CONTROL,63.0,95.0,147.0,221.0,355.0,613.0,985.0,False
CONTROL__10011__2025110921,10011,2025-11-09 21:00:00,2025-11-09 18:00:00,2025-11-10 00:00:00,NORMAL,GROUP__10011__0006,CONTROL,0.0,0.0,0.0,0.0,0.0,0.0,0.0,True
CONTROL__10011__2025113021,10011,2025-11-30 21:00:00,2025-11-30 18:00:00,2025-12-01 00:00:00,NORMAL,GROUP__10011__0006,CONTROL,0.0,0.0,0.0,0.0,0.0,0.0,0.0,True
CONTROL__7139__2025011221,7139,2025-01-12 21:00:00,2025-01-12 18:00:00,2025-01-13 00:00:00,NORMAL,GROUP__7139__0006,CONTROL,62.0,48.0,45.0,32.0,19.0,14.0,193.0,False
CONTROL__7139__2025032321,7139,2025-03-23 21:00:00,2025-03-23 18:00:00,2025-03-24 00:00:00,NORMAL,GROUP__7139__0006,CONTROL,0.0,0.0,0.0,0.0,0.0,0.0,0.0,True
CONTROL__7163__2025091501,7163,2025-09-15 01:00:00,2025-09-14 22:00:00,2025-09-15 04:00:00,NORMAL,GROUP__7163__0004,CONTROL,215.0,101.0,20.0,9.0,5.0,8.0,18.0,False
CONTROL__7163__2025042101,7163,2025-04-21 01:00:00,2025-04-20 22:00:00,2025-04-21 04:00:00,NORMAL,GROUP__7163__0004,CONTROL,31.0,17.0,2.0,4.0,5.0,4.0,4.0,False
CONTROL__7184__2025070703,7184,2025-07-07 03:00:00,2025-07-07 00:00:00,2025-07-07 06:00:00,NORMAL,GROUP__7184__0007,CONTROL,19.0,21.0,22.0,28.0,55.0,125.0,267.0,False
CONTROL__7184__2025072803,7184,2025-07-28 03:00:00,2025-07-28 00:00:00,2025-07-28 06:00:00,NORMAL,GROUP__7184__0007,CONTROL,26.0,26.0,25.0,45.0,61.0,125.0,258.0,False
CONTROL__7168__2025122205,7168,2025-12-22 05:00:00,2025-12-22 02:00:00,2025-12-22 08:00:00,NORMAL,GROUP__7168__0004,CONTROL,12.0,17.0,20.0,43.0,43.0,58.0,65.0,False
CONTROL__7168__2025090105,7168,2025-09-01 05:00:00,2025-09-01 02:00:00,2025-09-01 08:00:00,NORMAL,GROUP__7168__0004,CONTROL,8.0,10.0,26.0,37.0,86.0,82.0,73.0,False
CONTROL__7120__2025010608,7120,2025-01-06 08:00:00,2025-01-06 05:00:00,2025-01-06 11:00:00,NORMAL,GROUP__7120__0011,CONTROL,381.0,669.0,646.0,681.0,605.0,615.0,603.0,False
CONTROL__7120__2025012708,7120,2025-01-27 08:00:00,2025-01-27 05:00:00,2025-01-27 11:00:00,NORMAL,GROUP__7120__0011,CONTROL,27.0,21.0,32.0,39.0,41.0,28.0,44.0,False
CONTROL__7121__2025070708,7121,2025-07-07 08:00:00,2025-07-07 05:00:00,2025-07-07 11:00:00,NORMAL,GROUP__7121__0011,CONTROL,14.0,24.0,30.0,45.0,52.0,59.0,61.0,False
CONTROL__7121__2025111008,7121,2025-11-10 08:00:00,2025-11-10 05:00:00,2025-11-10 11:00:00,NORMAL,GROUP__7121__0011,CONTROL,0.0,0.0,0.0,0.0,0.0,0.0,0.0,True
CONTROL__7120__2025110320,7120,2025-11-03 20:00:00,2025-11-03 17:00:00,2025-11-03 23:00:00,NORMAL,GROUP__7120__0012,CONTROL,0.0,0.0,0.0,0.0,0.0,0.0,0.0,True
CONTROL__7120__2025040720,7120,2025-04-07 20:00:00,2025-04-07 17:00:00,2025-04-07 23:00:00,NORMAL,GROUP__7120__0012,CONTROL,29.0,42.0,32.0,18.0,10.0,11.0,11.0,False
CONTROL__7121__2025110320,7121,2025-11-03 20:00:00,2025-11-03 17:00:00,2025-11-03 23:00:00,NORMAL,GROUP__7121__0012,CONTROL,0.0,0.0,0.0,0.0,0.0,0.0,0.0,True
CONTROL__7121__2025102020,7121,2025-10-20 20:00:00,2025-10-20 17:00:00,2025-10-20 23:00:00,NORMAL,GROUP__7121__0012,CONTROL,33.0,21.0,22.0,17.0,7.0,11.0,8.0,False
CONTROL__9658__2025112420,9658,2025-11-24 20:00:00,2025-11-24 17:00:00,2025-11-24 23:00:00,NORMAL,GROUP__9658__0002,CONTROL,1064.0,958.0,804.0,682.0,580.0,509.0,275.0,False
CONTROL__9658__2025092220,9658,2025-09-22 20:00:00,2025-09-22 17:00:00,2025-09-22 23:00:00,NORMAL,GROUP__9658__0002,CONTROL,918.0,911.0,713.0,581.0,502.0,423.0,233.0,False
CONTROL__50240__2025120121,50240,2025-12-01 21:00:00,2025-12-01 18:00:00,2025-12-02 00:00:00,NORMAL,GROUP__50240__0006,CONTROL,0.0,0.0,0.0,0.0,0.0,0.0,0.0,True
CONTROL__50240__2025112421,50240,2025-11-24 21:00:00,2025-11-24 18:00:00,2025-11-25 00:00:00,NORMAL,GROUP__50240__0006,CONTROL,1797.0,1405.0,1222.0,1065.0,666.0,428.0,206.0,False
CONTROL__7179__2025072122,7179,2025-07-21 22:00:00,2025-07-21 19:00:00,2025-07-22 01:00:00,NORMAL,GROUP__7179__0009,CONTROL,151.0,101.0,103.0,63.0,62.0,266.0,161.0,False
CONTROL__7179__2025070722,7179,2025-07-07 22:00:00,2025-07-07 19:00:00,2025-07-08 01:00:00,NORMAL,GROUP__7179__0009,CONTROL,141.0,117.0,84.0,65.0,61.0,282.0,155.0,False
CONTROL__47024__2025052623,47024,2025-05-26 23:00:00,2025-05-26 20:00:00,2025-05-27 02:00:00,NORMAL,GROUP__47024__0003,CONTROL,0.0,0.0,0.0,0.0,239.0,231.0,235.0,False
CONTROL__47024__2025060923,47024,2025-06-09 23:00:00,2025-06-09 20:00:00,2025-06-10 02:00:00,NORMAL,GROUP__47024__0003,CONTROL,844.0,813.0,652.0,423.0,28.0,21.0,14.0,False
CONTROL__7168__2025022501,7168,2025-02-25 01:00:00,2025-02-24 22:00:00,2025-02-25 04:00:00,NORMAL,GROUP__7168__0005,CONTROL,0.0,0.0,0.0,0.0,0.0,0.0,0.0,True
CONTROL__7168__2025061001,7168,2025-06-10 01:00:00,2025-06-09 22:00:00,2025-06-10 04:00:00,NORMAL,GROUP__7168__0005,CONTROL,0.0,0.0,39.0,27.0,33.0,37.0,97.0,False
CONTROL__F3FWY003__2025071520,F3FWY003,2025-07-15 20:00:00,2025-07-15 17:00:00,2025-07-15 23:00:00,NORMAL,GROUP__F3FWY003__0010,CONTROL,0.0,0.0,0.0,0.0,0.0,0.0,0.0,True
CONTROL__F3FWY003__2025021820,F3FWY003,2025-02-18 20:00:00,2025-02-18 17:00:00,2025-02-18 23:00:00,NORMAL,GROUP__F3FWY003__0010,CONTROL,0.0,0.0,0.0,0.0,0.0,0.0,0.0,True
CONTROL__50240__2025072922,50240,2025-07-29 22:00:00,2025-07-29 19:00:00,2025-07-30 01:00:00,NORMAL,GROUP__50240__0007,CONTROL,138.0,110.0,87.0,57.0,60.0,219.0,174.0,False
CONTROL__50240__2025121622,50240,2025-12-16 22:00:00,2025-12-16 19:00:00,2025-12-17 01:00:00,NORMAL,GROUP__50240__0007,CONTROL,0.0,44.0,20.0,0.0,4.0,36.0,59.0,False
CONTROL__9827__2025011505,9827,2025-01-15 05:00:00,2025-01-15 02:00:00,2025-01-15 08:00:00,NORMAL,GROUP__9827__0002,CONTROL,0.0,0.0,0.0,5.0,19.0,25.0,23.0,False
CONTROL__9827__2025123105,9827,2025-12-31 05:00:00,2025-12-31 02:00:00,2025-12-31 08:00:00,NORMAL,GROUP__9827__0002,CONTROL,23.0,31.0,54.0,155.0,328.0,425.0,520.0,False
CONTROL__7184__2025061805,7184,2025-06-18 05:00:00,2025-06-18 02:00:00,2025-06-18 08:00:00,NORMAL,GROUP__7184__0008,CONTROL,26.0,37.0,42.0,135.0,268.0,220.0,190.0,False
CONTROL__7184__2025012205,7184,2025-01-22 05:00:00,2025-01-22 02:00:00,2025-01-22 08:00:00,NORMAL,GROUP__7184__0008,CONTROL,0.0,0.0,0.0,0.0,0.0,0.0,0.0,True
CONTROL__7274__2025111207,7274,2025-11-12 07:00:00,2025-11-12 04:00:00,2025-11-12 10:00:00,NORMAL,GROUP__7274__0008,CONTROL,309.0,756.0,1185.0,1350.0,1391.0,1048.0,769.0,False
CONTROL__7274__2025100107,7274,2025-10-01 07:00:00,2025-10-01 04:00:00,2025-10-01 10:00:00,NORMAL,GROUP__7274__0008,CONTROL,268.0,690.0,1206.0,1080.0,992.0,915.0,796.0,False
CONTROL__22001__2025070910,22001,2025-07-09 10:00:00,2025-07-09 07:00:00,2025-07-09 13:00:00,NORMAL,GROUP__22001__0002,CONTROL,0.0,0.0,0.0,0.0,0.0,0.0,0.0,True
CONTROL__22001__2025011510,22001,2025-01-15 10:00:00,2025-01-15 07:00:00,2025-01-15 13:00:00,NORMAL,GROUP__22001__0002,CONTROL,1186.0,1304.0,1082.0,1141.0,1113.0,1158.0,1288.0,False
CONTROL__7132__2025052111,7132,2025-05-21 11:00:00,2025-05-21 08:00:00,2025-05-21 14:00:00,NORMAL,GROUP__7132__0008,CONTROL,112.0,114.0,92.0,86.0,90.0,59.0,66.0,False
CONTROL__7132__2025111211,7132,2025-11-12 11:00:00,2025-11-12 08:00:00,2025-11-12 14:00:00,NORMAL,GROUP__7132__0008,CONTROL,133.0,106.0,99.0,101.0,89.0,93.0,94.0,False
CONTROL__7161__2025110522,7161,2025-11-05 22:00:00,2025-11-05 19:00:00,2025-11-06 01:00:00,NORMAL,GROUP__7161__0003,CONTROL,77.0,64.0,135.0,177.0,154.0,144.0,90.0,False
CONTROL__7161__2025020522,7161,2025-02-05 22:00:00,2025-02-05 19:00:00,2025-02-06 01:00:00,NORMAL,GROUP__7161__0003,CONTROL,0.0,0.0,0.0,0.0,0.0,0.0,0.0,True
CONTROL__51235__2025052123,51235,2025-05-21 23:00:00,2025-05-21 20:00:00,2025-05-22 02:00:00,NORMAL,GROUP__51235__0010,CONTROL,919.0,907.0,549.0,272.0,14.0,16.0,10.0,False
CONTROL__51235__2025073023,51235,2025-07-30 23:00:00,2025-07-30 20:00:00,2025-07-31 02:00:00,NORMAL,GROUP__51235__0010,CONTROL,756.0,790.0,582.0,263.0,268.0,145.0,108.0,False
CONTROL__7119-PR__2025041004,7119-PR,2025-04-10 04:00:00,2025-04-10 01:00:00,2025-04-10 07:00:00,NORMAL,GROUP__7119-PR__0003,CONTROL,5.0,4.0,12.0,19.0,45.0,99.0,99.0,False
CONTROL__7119-PR__2025020604,7119-PR,2025-02-06 04:00:00,2025-02-06 01:00:00,2025-02-06 07:00:00,NORMAL,GROUP__7119-PR__0003,CONTROL,0.0,0.0,0.0,0.0,0.0,0.0,0.0,True
CONTROL__7179__2025120407,7179,2025-12-04 07:00:00,2025-12-04 04:00:00,2025-12-04 10:00:00,NORMAL,GROUP__7179__0010,CONTROL,433.0,939.0,1252.0,1452.0,1510.0,1322.0,1405.0,False
CONTROL__7179__2025061907,7179,2025-06-19 07:00:00,2025-06-19 04:00:00,2025-06-19 10:00:00,NORMAL,GROUP__7179__0010,CONTROL,432.0,902.0,1381.0,1608.0,1664.0,1500.0,1367.0,False
CONTROL__9658__2025071021,9658,2025-07-10 21:00:00,2025-07-10 18:00:00,2025-07-11 00:00:00,NORMAL,GROUP__9658__0003,CONTROL,955.0,767.0,671.0,652.0,503.0,329.0,169.0,False
CONTROL__9658__2025092521,9658,2025-09-25 21:00:00,2025-09-25 18:00:00,2025-09-26 00:00:00,NORMAL,GROUP__9658__0003,CONTROL,952.0,879.0,718.0,695.0,535.0,358.0,30.0,False
CONTROL__68025__2025081504,68025,2025-08-15 04:00:00,2025-08-15 01:00:00,2025-08-15 07:00:00,NORMAL,GROUP__68025__0007,CONTROL,13.0,7.0,9.0,20.0,48.0,101.0,108.0,False
CONTROL__68025__2025080104,68025,2025-08-01 04:00:00,2025-08-01 01:00:00,2025-08-01 07:00:00,NORMAL,GROUP__68025__0007,CONTROL,5.0,7.0,13.0,20.0,39.0,102.0,97.0,False
CONTROL__7179__2025031404,7179,2025-03-14 04:00:00,2025-03-14 01:00:00,2025-03-14 07:00:00,NORMAL,GROUP__7179__0011,CONTROL,0.0,0.0,0.0,422.0,901.0,1292.0,1565.0,False
CONTROL__7179__2025051604,7179,2025-05-16 04:00:00,2025-05-16 01:00:00,2025-05-16 07:00:00,NORMAL,GROUP__7179__0011,CONTROL,198.0,169.0,226.0,452.0,949.0,1211.0,1537.0,False
CONTROL__7164__2025091909,7164,2025-09-19 09:00:00,2025-09-19 06:00:00,2025-09-19 12:00:00,NORMAL,GROUP__7164__0004,CONTROL,585.0,717.0,965.0,721.0,615.0,561.0,594.0,False
CONTROL__7164__2025071109,7164,2025-07-11 09:00:00,2025-07-11 06:00:00,2025-07-11 12:00:00,NORMAL,GROUP__7164__0004,CONTROL,101.0,107.0,107.0,90.0,91.0,85.0,78.0,False
CONTROL__7112__2025101104,7112,2025-10-11 04:00:00,2025-10-11 01:00:00,2025-10-11 07:00:00,NORMAL,GROUP__7112__0008,CONTROL,153.0,121.0,104.0,115.0,431.0,1059.0,882.0,False
CONTROL__7112__2025062104,7112,2025-06-21 04:00:00,2025-06-21 01:00:00,2025-06-21 07:00:00,NORMAL,GROUP__7112__0008,CONTROL,142.0,103.0,88.0,134.0,433.0,996.0,835.0,False
CONTROL__7168__2025030117,7168,2025-03-01 17:00:00,2025-03-01 14:00:00,2025-03-01 20:00:00,NORMAL,GROUP__7168__0006,CONTROL,0.0,0.0,0.0,0.0,0.0,0.0,0.0,True
CONTROL__7168__2025101117,7168,2025-10-11 17:00:00,2025-10-11 14:00:00,2025-10-11 20:00:00,NORMAL,GROUP__7168__0006,CONTROL,37.0,28.0,28.0,33.0,26.0,23.0,25.0,False
CONTROL__7275__2025090704,7275,2025-09-07 04:00:00,2025-09-07 01:00:00,2025-09-07 07:00:00,NORMAL,GROUP__7275__0001,CONTROL,3.0,5.0,6.0,6.0,8.0,23.0,27.0,False
CONTROL__7275__2025051804,7275,2025-05-18 04:00:00,2025-05-18 01:00:00,2025-05-18 07:00:00,NORMAL,GROUP__7275__0001,CONTROL,263.0,200.0,145.0,135.0,131.0,165.0,207.0,False
CONTROL__34016__2025081101,34016,2025-08-11 01:00:00,2025-08-10 22:00:00,2025-08-11 04:00:00,NORMAL,GROUP__34016__0003,CONTROL,0.0,0.0,47.0,26.0,42.0,65.0,153.0,False
CONTROL__34016__2025010601,34016,2025-01-06 01:00:00,2025-01-05 22:00:00,2025-01-06 04:00:00,NORMAL,GROUP__34016__0003,CONTROL,120.0,65.0,27.0,15.0,9.0,30.0,99.0,False
CONTROL__22001__2025051909,22001,2025-05-19 09:00:00,2025-05-19 06:00:00,2025-05-19 12:00:00,NORMAL,GROUP__22001__0003,CONTROL,0.0,0.0,0.0,0.0,0.0,0.0,0.0,True
CONTROL__22001__2025033109,22001,2025-03-31 09:00:00,2025-03-31 06:00:00,2025-03-31 12:00:00,NORMAL,GROUP__22001__0003,CONTROL,0.0,0.0,0.0,0.0,0.0,0.0,0.0,True
CONTROL__7112__2025070103,7112,2025-07-01 03:00:00,2025-07-01 00:00:00,2025-07-01 06:00:00,NORMAL,GROUP__7112__0009,CONTROL,14.0,11.0,13.0,30.0,50.0,86.0,199.0,False
CONTROL__7112__2025120203,7112,2025-12-02 03:00:00,2025-12-02 00:00:00,2025-12-02 06:00:00,NORMAL,GROUP__7112__0009,CONTROL,151.0,77.0,68.0,87.0,218.0,871.0,1517.0,False
CONTROL__F3FWY003__2025090203,F3FWY003,2025-09-02 03:00:00,2025-09-02 00:00:00,2025-09-02 06:00:00,NORMAL,GROUP__F3FWY003__0011,CONTROL,113.0,66.0,54.0,75.0,188.0,618.0,1397.0,False
CONTROL__F3FWY003__2025072203,F3FWY003,2025-07-22 03:00:00,2025-07-22 00:00:00,2025-07-22 06:00:00,NORMAL,GROUP__F3FWY003__0011,CONTROL,0.0,0.0,0.0,0.0,0.0,0.0,0.0,True
CONTROL__7184__2025100703,7184,2025-10-07 03:00:00,2025-10-07 00:00:00,2025-10-07 06:00:00,NORMAL,GROUP__7184__0009,CONTROL,148.0,80.0,63.0,89.0,235.0,697.0,1718.0,False
CONTROL__7184__2025070803,7184,2025-07-08 03:00:00,2025-07-08 00:00:00,2025-07-08 06:00:00,NORMAL,GROUP__7184__0009,CONTROL,22.0,31.0,23.0,32.0,61.0,122.0,262.0,False
CONTROL__7120__2025082605,7120,2025-08-26 05:00:00,2025-08-26 02:00:00,2025-08-26 08:00:00,NORMAL,GROUP__7120__0013,CONTROL,32.0,70.0,140.0,580.0,735.0,697.0,716.0,False
CONTROL__7120__2025042205,7120,2025-04-22 05:00:00,2025-04-22 02:00:00,2025-04-22 08:00:00,NORMAL,GROUP__7120__0013,CONTROL,12.0,12.0,22.0,47.0,90.0,84.0,68.0,False
CONTROL__7121__2025040105,7121,2025-04-01 05:00:00,2025-04-01 02:00:00,2025-04-01 08:00:00,NORMAL,GROUP__7121__0013,CONTROL,32.0,37.0,34.0,83.0,209.0,381.0,410.0,False
CONTROL__7121__2025081905,7121,2025-08-19 05:00:00,2025-08-19 02:00:00,2025-08-19 08:00:00,NORMAL,GROUP__7121__0013,CONTROL,4.0,4.0,8.0,9.0,26.0,31.0,43.0,False
CONTROL__9658__2025011407,9658,2025-01-14 07:00:00,2025-01-14 04:00:00,2025-01-14 10:00:00,NORMAL,GROUP__9658__0004,CONTROL,154.0,470.0,840.0,1039.0,1094.0,946.0,849.0,False
CONTROL__9658__2025052007,9658,2025-05-20 07:00:00,2025-05-20 04:00:00,2025-05-20 10:00:00,NORMAL,GROUP__9658__0004,CONTROL,63.0,84.0,137.0,105.0,104.0,146.0,162.0,False
CONTROL__7153__2025112522,7153,2025-11-25 22:00:00,2025-11-25 19:00:00,2025-11-26 01:00:00,NORMAL,GROUP__7153__0005,CONTROL,107.0,83.0,70.0,58.0,40.0,40.0,43.0,False
CONTROL__7153__2025111122,7153,2025-11-11 22:00:00,2025-11-11 19:00:00,2025-11-12 01:00:00,NORMAL,GROUP__7153__0005,CONTROL,708.0,551.0,467.0,352.0,196.0,117.0,62.0,False
CONTROL__7112__2025011422,7112,2025-01-14 22:00:00,2025-01-14 19:00:00,2025-01-15 01:00:00,NORMAL,GROUP__7112__0010,CONTROL,860.0,760.0,631.0,504.0,269.0,16.0,15.0,False
CONTROL__7112__2025072922,7112,2025-07-29 22:00:00,2025-07-29 19:00:00,2025-07-30 01:00:00,NORMAL,GROUP__7112__0010,CONTROL,55.0,49.0,38.0,27.0,18.0,16.0,26.0,False
CONTROL__7184__2025012200,7184,2025-01-22 00:00:00,2025-01-21 21:00:00,2025-01-22 03:00:00,NORMAL,GROUP__7184__0010,CONTROL,0.0,0.0,0.0,0.0,0.0,0.0,0.0,True
CONTROL__7184__2025061800,7184,2025-06-18 00:00:00,2025-06-17 21:00:00,2025-06-18 03:00:00,NORMAL,GROUP__7184__0010,CONTROL,37.0,31.0,27.0,13.0,31.0,26.0,37.0,False
CONTROL__9849__2025031205,9849,2025-03-12 05:00:00,2025-03-12 02:00:00,2025-03-12 08:00:00,NORMAL,GROUP__9849__0003,CONTROL,0.0,0.0,0.0,3.0,5.0,3.0,14.0,False
CONTROL__9849__2025060405,9849,2025-06-04 05:00:00,2025-06-04 02:00:00,2025-06-04 08:00:00,NORMAL,GROUP__9849__0003,CONTROL,2.0,4.0,8.0,13.0,42.0,57.0,54.0,False
CONTROL__7120__2025073007,7120,2025-07-30 07:00:00,2025-07-30 04:00:00,2025-07-30 10:00:00,NORMAL,GROUP__7120__0014,CONTROL,22.0,52.0,110.0,96.0,63.0,79.0,85.0,False
CONTROL__7120__2025120307,7120,2025-12-03 07:00:00,2025-12-03 04:00:00,2025-12-03 10:00:00,NORMAL,GROUP__7120__0014,CONTROL,18.0,60.0,101.0,94.0,68.0,94.0,96.0,False
CONTROL__7121__2025100107,7121,2025-10-01 07:00:00,2025-10-01 04:00:00,2025-10-01 10:00:00,NORMAL,GROUP__7121__0014,CONTROL,0.0,0.0,0.0,0.0,0.0,0.0,0.0,True
CONTROL__7121__2025061107,7121,2025-06-11 07:00:00,2025-06-11 04:00:00,2025-06-11 10:00:00,NORMAL,GROUP__7121__0014,CONTROL,7.0,8.0,23.0,31.0,46.0,55.0,47.0,False
CONTROL__7184__2025060408,7184,2025-06-04 08:00:00,2025-06-04 05:00:00,2025-06-04 11:00:00,NORMAL,GROUP__7184__0011,CONTROL,836.0,2000.0,2981.0,2277.0,2329.0,2155.0,2031.0,False
CONTROL__7184__2025031208,7184,2025-03-12 08:00:00,2025-03-12 05:00:00,2025-03-12 11:00:00,NORMAL,GROUP__7184__0011,CONTROL,129.0,277.0,221.0,189.0,252.0,293.0,296.0,False
CONTROL__F3FWY001__2025112611,F3FWY001,2025-11-26 11:00:00,2025-11-26 08:00:00,2025-11-26 14:00:00,NORMAL,GROUP__F3FWY001__0002,CONTROL,581.0,604.0,598.0,641.0,498.0,231.0,313.0,False
CONTROL__F3FWY001__2025012911,F3FWY001,2025-01-29 11:00:00,2025-01-29 08:00:00,2025-01-29 14:00:00,NORMAL,GROUP__F3FWY001__0002,CONTROL,0.0,0.0,0.0,0.0,0.0,0.0,0.0,True
CONTROL__57025__2025070920,57025,2025-07-09 20:00:00,2025-07-09 17:00:00,2025-07-09 23:00:00,NORMAL,GROUP__57025__0001,CONTROL,52.0,35.0,25.0,16.0,8.0,15.0,3.0,False
CONTROL__57025__2025082020,57025,2025-08-20 20:00:00,2025-08-20 17:00:00,2025-08-20 23:00:00,NORMAL,GROUP__57025__0001,CONTROL,58.0,32.0,21.0,20.0,10.0,16.0,1.0,False
CONTROL__7120__2025040303,7120,2025-04-03 03:00:00,2025-04-03 00:00:00,2025-04-03 06:00:00,NORMAL,GROUP__7120__0015,CONTROL,0.0,0.0,0.0,0.0,0.0,0.0,0.0,True
CONTROL__7120__2025052903,7120,2025-05-29 03:00:00,2025-05-29 00:00:00,2025-05-29 06:00:00,NORMAL,GROUP__7120__0015,CONTROL,12.0,9.0,9.0,12.0,34.0,55.0,92.0,False
CONTROL__7121__2025103003,7121,2025-10-30 03:00:00,2025-10-30 00:00:00,2025-10-30 06:00:00,NORMAL,GROUP__7121__0015,CONTROL,0.0,0.0,0.0,0.0,0.0,0.0,0.0,True
CONTROL__7121__2025011603,7121,2025-01-16 03:00:00,2025-01-16 00:00:00,2025-01-16 06:00:00,NORMAL,GROUP__7121__0015,CONTROL,52.0,24.0,29.0,31.0,35.0,98.0,216.0,False
CONTROL__7120__2025082108,7120,2025-08-21 08:00:00,2025-08-21 05:00:00,2025-08-21 11:00:00,NORMAL,GROUP__7120__0015,CONTROL,576.0,729.0,707.0,670.0,585.0,590.0,634.0,False
CONTROL__7120__2025080708,7120,2025-08-07 08:00:00,2025-08-07 05:00:00,2025-08-07 11:00:00,NORMAL,GROUP__7120__0015,CONTROL,552.0,641.0,712.0,628.0,638.0,688.0,663.0,False
CONTROL__7121__2025081408,7121,2025-08-14 08:00:00,2025-08-14 05:00:00,2025-08-14 11:00:00,NORMAL,GROUP__7121__0015,CONTROL,12.0,24.0,32.0,36.0,42.0,60.0,71.0,False
CONTROL__7121__2025052908,7121,2025-05-29 08:00:00,2025-05-29 05:00:00,2025-05-29 11:00:00,NORMAL,GROUP__7121__0015,CONTROL,14.0,25.0,33.0,43.0,37.0,59.0,52.0,False
CONTROL__7153__2025082819,7153,2025-08-28 19:00:00,2025-08-28 16:00:00,2025-08-28 22:00:00,NORMAL,GROUP__7153__0006,CONTROL,134.0,117.0,130.0,110.0,74.0,59.0,41.0,False
CONTROL__7153__2025050819,7153,2025-05-08 19:00:00,2025-05-08 16:00:00,2025-05-08 22:00:00,NORMAL,GROUP__7153__0006,CONTROL,154.0,140.0,111.0,69.0,55.0,38.0,48.0,False
CONTROL__F3FWY004__2025082822,F3FWY004,2025-08-28 22:00:00,2025-08-28 19:00:00,2025-08-29 01:00:00,NORMAL,GROUP__F3FWY004__0002,CONTROL,1234.0,974.0,723.0,636.0,638.0,508.0,150.0,False
CONTROL__F3FWY004__2025100222,F3FWY004,2025-10-02 22:00:00,2025-10-02 19:00:00,2025-10-03 01:00:00,NORMAL,GROUP__F3FWY004__0002,CONTROL,217.0,129.0,82.0,175.0,168.0,166.0,95.0,False
CONTROL__53004__2025011700,53004,2025-01-17 00:00:00,2025-01-16 21:00:00,2025-01-17 03:00:00,NORMAL,GROUP__53004__0006,CONTROL,454.0,320.0,169.0,0.0,0.0,0.0,0.0,False
CONTROL__53004__2025013100,53004,2025-01-31 00:00:00,2025-01-30 21:00:00,2025-01-31 03:00:00,NORMAL,GROUP__53004__0006,CONTROL,253.0,205.0,100.0,7.0,0.0,1.0,1.0,False
CONTROL__7184__2025032804,7184,2025-03-28 04:00:00,2025-03-28 01:00:00,2025-03-28 07:00:00,NORMAL,GROUP__7184__0012,CONTROL,0.0,0.0,0.0,0.0,0.0,0.0,0.0,True
CONTROL__7184__2025082904,7184,2025-08-29 04:00:00,2025-08-29 01:00:00,2025-08-29 07:00:00,NORMAL,GROUP__7184__0012,CONTROL,115.0,67.0,114.0,232.0,765.0,1742.0,2614.0,False
CONTROL__22001__2025101705,22001,2025-10-17 05:00:00,2025-10-17 02:00:00,2025-10-17 08:00:00,NORMAL,GROUP__22001__0004,CONTROL,0.0,0.0,0.0,0.0,0.0,0.0,0.0,True
CONTROL__22001__2025111405,22001,2025-11-14 05:00:00,2025-11-14 02:00:00,2025-11-14 08:00:00,NORMAL,GROUP__22001__0004,CONTROL,0.0,0.0,0.0,0.0,0.0,0.0,0.0,True
CONTROL__50250__2025081507,50250,2025-08-15 07:00:00,2025-08-15 04:00:00,2025-08-15 10:00:00,NORMAL,GROUP__50250__0002,CONTROL,6.0,14.0,47.0,23.0,38.0,24.0,29.0,False
CONTROL__50250__2025021407,50250,2025-02-14 07:00:00,2025-02-14 04:00:00,2025-02-14 10:00:00,NORMAL,GROUP__50250__0002,CONTROL,0.0,0.0,0.0,0.0,0.0,0.0,0.0,True
CONTROL__55049__2025081516,55049,2025-08-15 16:00:00,2025-08-15 13:00:00,2025-08-15 19:00:00,NORMAL,GROUP__55049__0002,CONTROL,1062.0,1124.0,1351.0,1348.0,1295.0,948.0,638.0,False
CONTROL__55049__2025121916,55049,2025-12-19 16:00:00,2025-12-19 13:00:00,2025-12-19 19:00:00,NORMAL,GROUP__55049__0002,CONTROL,143.0,170.0,138.0,135.0,110.0,82.0,66.0,False
CONTROL__29005__2025061401,29005,2025-06-14 01:00:00,2025-06-13 22:00:00,2025-06-14 04:00:00,NORMAL,GROUP__29005__0002,CONTROL,1383.0,962.0,597.0,386.0,306.0,224.0,247.0,False
CONTROL__29005__2025071201,29005,2025-07-12 01:00:00,2025-07-11 22:00:00,2025-07-12 04:00:00,NORMAL,GROUP__29005__0002,CONTROL,1366.0,859.0,32.0,32.0,31.0,37.0,39.0,False
CONTROL__23067__2025090603,23067,2025-09-06 03:00:00,2025-09-06 00:00:00,2025-09-06 06:00:00,NORMAL,GROUP__23067__0005,CONTROL,189.0,88.0,109.0,237.0,412.0,781.0,1113.0,False
CONTROL__23067__2025083003,23067,2025-08-30 03:00:00,2025-08-30 00:00:00,2025-08-30 06:00:00,NORMAL,GROUP__23067__0005,CONTROL,18.0,15.0,15.0,24.0,39.0,49.0,99.0,False
CONTROL__7132__2025102506,7132,2025-10-25 06:00:00,2025-10-25 03:00:00,2025-10-25 09:00:00,NORMAL,GROUP__7132__0009,CONTROL,140.0,219.0,456.0,716.0,783.0,1064.0,1236.0,False
CONTROL__7132__2025062106,7132,2025-06-21 06:00:00,2025-06-21 03:00:00,2025-06-21 09:00:00,NORMAL,GROUP__7132__0009,CONTROL,152.0,240.0,500.0,720.0,798.0,1034.0,1219.0,False
CONTROL__33014__2025060706,33014,2025-06-07 06:00:00,2025-06-07 03:00:00,2025-06-07 09:00:00,NORMAL,GROUP__33014__0005,CONTROL,14.0,19.0,25.0,58.0,63.0,68.0,77.0,False
CONTROL__33014__2025082306,33014,2025-08-23 06:00:00,2025-08-23 03:00:00,2025-08-23 09:00:00,NORMAL,GROUP__33014__0005,CONTROL,0.0,0.0,0.0,0.0,0.0,0.0,0.0,True
CONTROL__7159__2025083011,7159,2025-08-30 11:00:00,2025-08-30 08:00:00,2025-08-30 14:00:00,NORMAL,GROUP__7159__0002,CONTROL,883.0,894.0,1141.0,1021.0,880.0,1155.0,1203.0,False
CONTROL__7159__2025110811,7159,2025-11-08 11:00:00,2025-11-08 08:00:00,2025-11-08 14:00:00,NORMAL,GROUP__7159__0002,CONTROL,88.0,77.0,71.0,95.0,113.0,84.0,87.0,False
CONTROL__7153__2025033006,7153,2025-03-30 06:00:00,2025-03-30 03:00:00,2025-03-30 09:00:00,NORMAL,GROUP__7153__0007,CONTROL,0.0,0.0,0.0,0.0,0.0,0.0,0.0,True
CONTROL__7153__2025011206,7153,2025-01-12 06:00:00,2025-01-12 03:00:00,2025-01-12 09:00:00,NORMAL,GROUP__7153__0007,CONTROL,0.0,0.0,0.0,0.0,0.0,0.0,0.0,True
CONTROL__51235__2025121419,51235,2025-12-14 19:00:00,2025-12-14 16:00:00,2025-12-14 22:00:00,NORMAL,GROUP__51235__0011,CONTROL,52.0,72.0,66.0,48.0,46.0,46.0,32.0,False
CONTROL__51235__2025091419,51235,2025-09-14 19:00:00,2025-09-14 16:00:00,2025-09-14 22:00:00,NORMAL,GROUP__51235__0011,CONTROL,50.0,48.0,62.0,51.0,38.0,34.0,21.0,False
CONTROL__29005__2025071320,29005,2025-07-13 20:00:00,2025-07-13 17:00:00,2025-07-13 23:00:00,NORMAL,GROUP__29005__0003,CONTROL,126.0,103.0,106.0,76.0,67.0,62.0,45.0,False
CONTROL__29005__2025110220,29005,2025-11-02 20:00:00,2025-11-02 17:00:00,2025-11-02 23:00:00,NORMAL,GROUP__29005__0003,CONTROL,122.0,126.0,126.0,87.0,95.0,72.0,61.0,False
CONTROL__F3FWY003__2025051203,F3FWY003,2025-05-12 03:00:00,2025-05-12 00:00:00,2025-05-12 06:00:00,NORMAL,GROUP__F3FWY003__0012,CONTROL,0.0,0.0,0.0,0.0,0.0,0.0,0.0,True
CONTROL__F3FWY003__2025121503,F3FWY003,2025-12-15 03:00:00,2025-12-15 00:00:00,2025-12-15 06:00:00,NORMAL,GROUP__F3FWY003__0012,CONTROL,94.0,80.0,87.0,133.0,294.0,565.0,829.0,False
CONTROL__53004__2025110312,53004,2025-11-03 12:00:00,2025-11-03 09:00:00,2025-11-03 15:00:00,NORMAL,GROUP__53004__0007,CONTROL,1395.0,1177.0,1059.0,1171.0,993.0,1080.0,1306.0,False
CONTROL__53004__2025061612,53004,2025-06-16 12:00:00,2025-06-16 09:00:00,2025-06-16 15:00:00,NORMAL,GROUP__53004__0007,CONTROL,114.0,114.0,120.0,127.0,111.0,109.0,92.0,False
CONTROL__7112__2025062319,7112,2025-06-23 19:00:00,2025-06-23 16:00:00,2025-06-23 22:00:00,NORMAL,GROUP__7112__0011,CONTROL,127.0,103.0,86.0,61.0,54.0,39.0,26.0,False
CONTROL__7112__2025060919,7112,2025-06-09 19:00:00,2025-06-09 16:00:00,2025-06-09 22:00:00,NORMAL,GROUP__7112__0011,CONTROL,0.0,0.0,0.0,0.0,0.0,0.0,0.0,True
CONTROL__9849__2025063021,9849,2025-06-30 21:00:00,2025-06-30 18:00:00,2025-07-01 00:00:00,NORMAL,GROUP__9849__0004,CONTROL,51.0,33.0,21.0,13.0,9.0,9.0,2.0,False
CONTROL__9849__2025092221,9849,2025-09-22 21:00:00,2025-09-22 18:00:00,2025-09-23 00:00:00,NORMAL,GROUP__9849__0004,CONTROL,35.0,22.0,12.0,9.0,6.0,9.0,52.0,False
CONTROL__F3FWY003__2025092303,F3FWY003,2025-09-23 03:00:00,2025-09-23 00:00:00,2025-09-23 06:00:00,NORMAL,GROUP__F3FWY003__0013,CONTROL,122.0,81.0,64.0,92.0,261.0,678.0,1423.0,False
CONTROL__F3FWY003__2025120203,F3FWY003,2025-12-02 03:00:00,2025-12-02 00:00:00,2025-12-02 06:00:00,NORMAL,GROUP__F3FWY003__0013,CONTROL,140.0,127.0,146.0,185.0,284.0,549.0,737.0,False
CONTROL__7274__2025080505,7274,2025-08-05 05:00:00,2025-08-05 02:00:00,2025-08-05 08:00:00,NORMAL,GROUP__7274__0009,CONTROL,57.0,116.0,273.0,699.0,1303.0,1193.0,1223.0,False
CONTROL__7274__2025040805,7274,2025-04-08 05:00:00,2025-04-08 02:00:00,2025-04-08 08:00:00,NORMAL,GROUP__7274__0009,CONTROL,2.0,4.0,6.0,10.0,10.0,6.0,11.0,False
CONTROL__7161__2025072910,7161,2025-07-29 10:00:00,2025-07-29 07:00:00,2025-07-29 13:00:00,NORMAL,GROUP__7161__0004,CONTROL,146.0,151.0,153.0,141.0,170.0,175.0,186.0,False
CONTROL__7161__2025082610,7161,2025-08-26 10:00:00,2025-08-26 07:00:00,2025-08-26 13:00:00,NORMAL,GROUP__7161__0004,CONTROL,1499.0,1374.0,1068.0,893.0,852.0,879.0,937.0,False
CONTROL__7168__2025071520,7168,2025-07-15 20:00:00,2025-07-15 17:00:00,2025-07-15 23:00:00,NORMAL,GROUP__7168__0007,CONTROL,1185.0,559.0,261.0,240.0,202.0,171.0,128.0,False
CONTROL__7168__2025042920,7168,2025-04-29 20:00:00,2025-04-29 17:00:00,2025-04-29 23:00:00,NORMAL,GROUP__7168__0007,CONTROL,85.0,84.0,41.0,22.0,25.0,22.0,15.0,False
CONTROL__74228__2025072223,74228,2025-07-22 23:00:00,2025-07-22 20:00:00,2025-07-23 02:00:00,NORMAL,GROUP__74228__0001,CONTROL,42.0,26.0,27.0,11.0,7.0,5.0,5.0,False
CONTROL__74228__2025031123,74228,2025-03-11 23:00:00,2025-03-11 20:00:00,2025-03-12 02:00:00,NORMAL,GROUP__74228__0001,CONTROL,32.0,22.0,27.0,10.0,10.0,5.0,6.0,False
CONTROL__9658__2025122323,9658,2025-12-23 23:00:00,2025-12-23 20:00:00,2025-12-24 02:00:00,NORMAL,GROUP__9658__0005,CONTROL,726.0,714.0,518.0,424.0,21.0,18.0,26.0,False
CONTROL__9658__2025012823,9658,2025-01-28 23:00:00,2025-01-28 20:00:00,2025-01-29 02:00:00,NORMAL,GROUP__9658__0005,CONTROL,0.0,0.0,0.0,0.0,0.0,0.0,0.0,True
CONTROL__7179__2025042923,7179,2025-04-29 23:00:00,2025-04-29 20:00:00,2025-04-30 02:00:00,NORMAL,GROUP__7179__0012,CONTROL,97.0,82.0,72.0,60.0,263.0,151.0,144.0,False
CONTROL__7179__2025111123,7179,2025-11-11 23:00:00,2025-11-11 20:00:00,2025-11-12 02:00:00,NORMAL,GROUP__7179__0012,CONTROL,1130.0,1109.0,959.0,587.0,60.0,57.0,65.0,False
CONTROL__7251__2025090305,7251,2025-09-03 05:00:00,2025-09-03 02:00:00,2025-09-03 08:00:00,NORMAL,GROUP__7251__0009,CONTROL,25.0,21.0,21.0,51.0,90.0,112.0,132.0,False
CONTROL__7251__2025102905,7251,2025-10-29 05:00:00,2025-10-29 02:00:00,2025-10-29 08:00:00,NORMAL,GROUP__7251__0009,CONTROL,113.0,104.0,119.0,237.0,396.0,828.0,890.0,False
CONTROL__29005__2025121705,29005,2025-12-17 05:00:00,2025-12-17 02:00:00,2025-12-17 08:00:00,NORMAL,GROUP__29005__0004,CONTROL,50.0,67.0,181.0,301.0,612.0,535.0,415.0,False
CONTROL__29005__2025092405,29005,2025-09-24 05:00:00,2025-09-24 02:00:00,2025-09-24 08:00:00,NORMAL,GROUP__29005__0004,CONTROL,64.0,69.0,88.0,178.0,377.0,350.0,279.0,False
CONTROL__7132__2025062507,7132,2025-06-25 07:00:00,2025-06-25 04:00:00,2025-06-25 10:00:00,NORMAL,GROUP__7132__0010,CONTROL,359.0,1076.0,2179.0,2159.0,2109.0,1484.0,1111.0,False
CONTROL__7132__2025042307,7132,2025-04-23 07:00:00,2025-04-23 04:00:00,2025-04-23 10:00:00,NORMAL,GROUP__7132__0010,CONTROL,22.0,49.0,107.0,98.0,93.0,67.0,64.0,False
CONTROL__47024__2025030520,47024,2025-03-05 20:00:00,2025-03-05 17:00:00,2025-03-05 23:00:00,NORMAL,GROUP__47024__0004,CONTROL,1085.0,1133.0,1125.0,1116.0,1129.0,1086.0,824.0,False
CONTROL__47024__2025070920,47024,2025-07-09 20:00:00,2025-07-09 17:00:00,2025-07-09 23:00:00,NORMAL,GROUP__47024__0004,CONTROL,76.0,93.0,93.0,63.0,60.0,64.0,60.0,False
CONTROL__7112__2025112701,7112,2025-11-27 01:00:00,2025-11-26 22:00:00,2025-11-27 04:00:00,NORMAL,GROUP__7112__0012,CONTROL,26.0,25.0,184.0,114.0,82.0,110.0,262.0,False
CONTROL__7112__2025080701,7112,2025-08-07 01:00:00,2025-08-06 22:00:00,2025-08-07 04:00:00,NORMAL,GROUP__7112__0012,CONTROL,0.0,0.0,0.0,0.0,0.0,0.0,0.0,True
CONTROL__7112__2025071705,7112,2025-07-17 05:00:00,2025-07-17 02:00:00,2025-07-17 08:00:00,NORMAL,GROUP__7112__0012,CONTROL,20.0,35.0,60.0,129.0,301.0,240.0,240.0,False
CONTROL__7112__2025102305,7112,2025-10-23 05:00:00,2025-10-23 02:00:00,2025-10-23 08:00:00,NORMAL,GROUP__7112__0012,CONTROL,72.0,89.0,232.0,873.0,1571.0,1287.0,1294.0,False
CONTROL__7270__2025032718,7270,2025-03-27 18:00:00,2025-03-27 15:00:00,2025-03-27 21:00:00,NORMAL,GROUP__7270__0001,CONTROL,1465.0,1397.0,1274.0,1527.0,1142.0,1002.0,963.0,False
CONTROL__7270__2025010218,7270,2025-01-02 18:00:00,2025-01-02 15:00:00,2025-01-02 21:00:00,NORMAL,GROUP__7270__0001,CONTROL,0.0,0.0,0.0,0.0,0.0,0.0,0.0,True
CONTROL__33014__2025011620,33014,2025-01-16 20:00:00,2025-01-16 17:00:00,2025-01-16 23:00:00,NORMAL,GROUP__33014__0006,CONTROL,63.0,49.0,34.0,38.0,24.0,20.0,26.0,False
CONTROL__33014__2025071020,33014,2025-07-10 20:00:00,2025-07-10 17:00:00,2025-07-10 23:00:00,NORMAL,GROUP__33014__0006,CONTROL,0.0,0.0,0.0,0.0,0.0,0.0,0.0,True
CONTROL__51235__2025041021,51235,2025-04-10 21:00:00,2025-04-10 18:00:00,2025-04-11 00:00:00,NORMAL,GROUP__51235__0012,CONTROL,1787.0,1316.0,1071.0,909.0,568.0,300.0,0.0,False
CONTROL__51235__2025062621,51235,2025-06-26 21:00:00,2025-06-26 18:00:00,2025-06-27 00:00:00,NORMAL,GROUP__51235__0012,CONTROL,1675.0,1629.0,1351.0,1215.0,1005.0,561.0,293.0,False
CONTROL__29005__2025012321,29005,2025-01-23 21:00:00,2025-01-23 18:00:00,2025-01-24 00:00:00,NORMAL,GROUP__29005__0005,CONTROL,0.0,0.0,0.0,0.0,0.0,0.0,0.0,True
CONTROL__29005__2025041021,29005,2025-04-10 21:00:00,2025-04-10 18:00:00,2025-04-11 00:00:00,NORMAL,GROUP__29005__0005,CONTROL,246.0,146.0,91.0,85.0,75.0,55.0,174.0,False
CONTROL__T0288__2025012322,T0288,2025-01-23 22:00:00,2025-01-23 19:00:00,2025-01-24 01:00:00,NORMAL,GROUP__T0288__0001,CONTROL,0.0,0.0,0.0,0.0,0.0,82.0,76.0,False
CONTROL__T0288__2025112022,T0288,2025-11-20 22:00:00,2025-11-20 19:00:00,2025-11-21 01:00:00,NORMAL,GROUP__T0288__0001,CONTROL,0.0,0.0,0.0,0.0,0.0,0.0,0.0,True
CONTROL__T0289__2025082822,T0289,2025-08-28 22:00:00,2025-08-28 19:00:00,2025-08-29 01:00:00,NORMAL,GROUP__T0289__0001,CONTROL,0.0,0.0,0.0,0.0,0.0,0.0,0.0,True
CONTROL__T0289__2025012322,T0289,2025-01-23 22:00:00,2025-01-23 19:00:00,2025-01-24 01:00:00,NORMAL,GROUP__T0289__0001,CONTROL,0.0,0.0,0.0,0.0,0.0,0.0,0.0,True
CONTROL__T0290__2025121122,T0290,2025-12-11 22:00:00,2025-12-11 19:00:00,2025-12-12 01:00:00,NORMAL,GROUP__T0290__0001,CONTROL,0.0,0.0,0.0,0.0,0.0,0.0,0.0,True
CONTROL__T0290__2025051522,T0290,2025-05-15 22:00:00,2025-05-15 19:00:00,2025-05-16 01:00:00,NORMAL,GROUP__T0290__0001,CONTROL,0.0,0.0,0.0,4.0,2.0,76.0,75.0,False
CONTROL__T0479-PR__2025050122,T0479-PR,2025-05-01 22:00:00,2025-05-01 19:00:00,2025-05-02 01:00:00,NORMAL,GROUP__T0479-PR__0001,CONTROL,1285.0,993.0,661.0,513.0,332.0,20.0,16.0,False
CONTROL__T0479-PR__2025021322,T0479-PR,2025-02-13 22:00:00,2025-02-13 19:00:00,2025-02-14 01:00:00,NORMAL,GROUP__T0479-PR__0001,CONTROL,0.0,0.0,0.0,0.0,0.0,0.0,0.0,True
CONTROL__7163__2025080801,7163,2025-08-08 01:00:00,2025-08-07 22:00:00,2025-08-08 04:00:00,NORMAL,GROUP__7163__0005,CONTROL,300.0,213.0,121.0,116.0,64.0,56.0,107.0,False
CONTROL__7163__2025082201,7163,2025-08-22 01:00:00,2025-08-21 22:00:00,2025-08-22 04:00:00,NORMAL,GROUP__7163__0005,CONTROL,312.0,195.0,12.0,12.0,7.0,8.0,18.0,False
CONTROL__53004__2025021403,53004,2025-02-14 03:00:00,2025-02-14 00:00:00,2025-02-14 06:00:00,NORMAL,GROUP__53004__0008,CONTROL,0.0,0.0,0.0,0.0,0.0,0.0,0.0,True
CONTROL__53004__2025101703,53004,2025-10-17 03:00:00,2025-10-17 00:00:00,2025-10-17 06:00:00,NORMAL,GROUP__53004__0008,CONTROL,91.0,42.0,32.0,40.0,164.0,589.0,1330.0,False
CONTROL__34016__2025021405,34016,2025-02-14 05:00:00,2025-02-14 02:00:00,2025-02-14 08:00:00,NORMAL,GROUP__34016__0004,CONTROL,0.0,0.0,0.0,0.0,0.0,0.0,0.0,True
CONTROL__34016__2025053005,34016,2025-05-30 05:00:00,2025-05-30 02:00:00,2025-05-30 08:00:00,NORMAL,GROUP__34016__0004,CONTROL,28.0,24.0,50.0,134.0,436.0,660.0,817.0,False
CONTROL__29005__2025102405,29005,2025-10-24 05:00:00,2025-10-24 02:00:00,2025-10-24 08:00:00,NORMAL,GROUP__29005__0006,CONTROL,138.0,171.0,409.0,1543.0,3000.0,2925.0,2963.0,False
CONTROL__29005__2025092605,29005,2025-09-26 05:00:00,2025-09-26 02:00:00,2025-09-26 08:00:00,NORMAL,GROUP__29005__0006,CONTROL,55.0,67.0,79.0,168.0,366.0,359.0,295.0,False
CONTROL__29005__2025040407,29005,2025-04-04 07:00:00,2025-04-04 04:00:00,2025-04-04 10:00:00,NORMAL,GROUP__29005__0006,CONTROL,0.0,0.0,0.0,0.0,0.0,0.0,0.0,True
CONTROL__29005__2025121207,29005,2025-12-12 07:00:00,2025-12-12 04:00:00,2025-12-12 10:00:00,NORMAL,GROUP__29005__0006,CONTROL,398.0,1430.0,2724.0,2433.0,2615.0,2263.0,2258.0,False
CONTROL__7179__2025082309,7179,2025-08-23 09:00:00,2025-08-23 06:00:00,2025-08-23 12:00:00,NORMAL,GROUP__7179__0013,CONTROL,641.0,865.0,1174.0,1458.0,1750.0,1881.0,1953.0,False
CONTROL__7179__2025040509,7179,2025-04-05 09:00:00,2025-04-05 06:00:00,2025-04-05 12:00:00,NORMAL,GROUP__7179__0013,CONTROL,149.0,170.0,188.0,199.0,209.0,229.0,220.0,False
CONTROL__7179__2025091406,7179,2025-09-14 06:00:00,2025-09-14 03:00:00,2025-09-14 09:00:00,NORMAL,GROUP__7179__0014,CONTROL,16.0,17.0,20.0,61.0,67.0,97.0,98.0,False
CONTROL__7179__2025122806,7179,2025-12-28 06:00:00,2025-12-28 03:00:00,2025-12-28 09:00:00,NORMAL,GROUP__7179__0014,CONTROL,22.0,13.0,20.0,40.0,48.0,75.0,73.0,False
CONTROL__9836-PR__2025021623,9836-PR,2025-02-16 23:00:00,2025-02-16 20:00:00,2025-02-17 02:00:00,NORMAL,GROUP__9836-PR__0002,CONTROL,0.0,0.0,0.0,0.0,0.0,0.0,0.0,True
CONTROL__9836-PR__2025080323,9836-PR,2025-08-03 23:00:00,2025-08-03 20:00:00,2025-08-04 02:00:00,NORMAL,GROUP__9836-PR__0002,CONTROL,27.0,28.0,21.0,10.0,185.0,113.0,87.0,False
CONTROL__7248__2025070703,7248,2025-07-07 03:00:00,2025-07-07 00:00:00,2025-07-07 06:00:00,NORMAL,GROUP__7248__0009,CONTROL,0.0,0.0,0.0,0.0,0.0,0.0,0.0,True
CONTROL__7248__2025033103,7248,2025-03-31 03:00:00,2025-03-31 00:00:00,2025-03-31 06:00:00,NORMAL,GROUP__7248__0009,CONTROL,62.0,45.0,62.0,70.0,99.0,217.0,248.0,False
CONTROL__9658__2025072104,9658,2025-07-21 04:00:00,2025-07-21 01:00:00,2025-07-21 07:00:00,NORMAL,GROUP__9658__0006,CONTROL,76.0,58.0,67.0,155.0,505.0,829.0,1246.0,False
CONTROL__9658__2025052604,9658,2025-05-26 04:00:00,2025-05-26 01:00:00,2025-05-26 07:00:00,NORMAL,GROUP__9658__0006,CONTROL,81.0,57.0,75.0,183.0,533.0,959.0,1223.0,False
CONTROL__10011__2025012719,10011,2025-01-27 19:00:00,2025-01-27 16:00:00,2025-01-27 22:00:00,NORMAL,GROUP__10011__0007,CONTROL,58.0,46.0,55.0,33.0,13.0,0.0,0.0,False
CONTROL__10011__2025062319,10011,2025-06-23 19:00:00,2025-06-23 16:00:00,2025-06-23 22:00:00,NORMAL,GROUP__10011__0007,CONTROL,0.0,0.0,0.0,0.0,0.0,0.0,0.0,True
CONTROL__7139__2025033119,7139,2025-03-31 19:00:00,2025-03-31 16:00:00,2025-03-31 22:00:00,NORMAL,GROUP__7139__0007,CONTROL,0.0,0.0,0.0,0.0,0.0,0.0,0.0,True
CONTROL__7139__2025031719,7139,2025-03-17 19:00:00,2025-03-17 16:00:00,2025-03-17 22:00:00,NORMAL,GROUP__7139__0007,CONTROL,0.0,921.0,777.0,628.0,492.0,408.0,302.0,False
CONTROL__68025__2025021721,68025,2025-02-17 21:00:00,2025-02-17 18:00:00,2025-02-18 00:00:00,NORMAL,GROUP__68025__0008,CONTROL,0.0,0.0,0.0,0.0,0.0,0.0,0.0,True
CONTROL__68025__2025021021,68025,2025-02-10 21:00:00,2025-02-10 18:00:00,2025-02-11 00:00:00,NORMAL,GROUP__68025__0008,CONTROL,0.0,0.0,0.0,0.0,0.0,0.0,0.0,True
CONTROL__7120__2025062404,7120,2025-06-24 04:00:00,2025-06-24 01:00:00,2025-06-24 07:00:00,NORMAL,GROUP__7120__0016,CONTROL,7.0,8.0,18.0,27.0,67.0,114.0,87.0,False
CONTROL__7120__2025060304,7120,2025-06-03 04:00:00,2025-06-03 01:00:00,2025-06-03 07:00:00,NORMAL,GROUP__7120__0016,CONTROL,8.0,7.0,13.0,34.0,51.0,116.0,109.0,False
CONTROL__7121__2025070104,7121,2025-07-01 04:00:00,2025-07-01 01:00:00,2025-07-01 07:00:00,NORMAL,GROUP__7121__0016,CONTROL,6.0,3.0,6.0,9.0,15.0,19.0,31.0,False
CONTROL__7121__2025093004,7121,2025-09-30 04:00:00,2025-09-30 01:00:00,2025-09-30 07:00:00,NORMAL,GROUP__7121__0016,CONTROL,39.0,27.0,33.0,52.0,91.0,205.0,365.0,False
CONTROL__9658__2025090209,9658,2025-09-02 09:00:00,2025-09-02 06:00:00,2025-09-02 12:00:00,NORMAL,GROUP__9658__0007,CONTROL,141.0,101.0,112.0,180.0,187.0,194.0,207.0,False
CONTROL__9658__2025010709,9658,2025-01-07 09:00:00,2025-01-07 06:00:00,2025-01-07 12:00:00,NORMAL,GROUP__9658__0007,CONTROL,0.0,0.0,0.0,0.0,819.0,834.0,842.0,False
CONTROL__50240__2025112522,50240,2025-11-25 22:00:00,2025-11-25 19:00:00,2025-11-26 01:00:00,NORMAL,GROUP__50240__0008,CONTROL,1516.0,1247.0,1191.0,826.0,444.0,261.0,168.0,False
CONTROL__50240__2025031822,50240,2025-03-18 22:00:00,2025-03-18 19:00:00,2025-03-19 01:00:00,NORMAL,GROUP__50240__0008,CONTROL,2002.0,1722.0,1707.0,1313.0,787.0,249.0,141.0,False
CONTROL__7179__2025121623,7179,2025-12-16 23:00:00,2025-12-16 20:00:00,2025-12-17 02:00:00,NORMAL,GROUP__7179__0015,CONTROL,156.0,109.0,89.0,65.0,368.0,195.0,155.0,False
CONTROL__7179__2025061023,7179,2025-06-10 23:00:00,2025-06-10 20:00:00,2025-06-11 02:00:00,NORMAL,GROUP__7179__0015,CONTROL,1120.0,961.0,832.0,516.0,55.0,48.0,48.0,False
CONTROL__7179__2025090303,7179,2025-09-03 03:00:00,2025-09-03 00:00:00,2025-09-03 06:00:00,NORMAL,GROUP__7179__0015,CONTROL,48.0,52.0,44.0,70.0,101.0,223.0,314.0,False
CONTROL__7179__2025012203,7179,2025-01-22 03:00:00,2025-01-22 00:00:00,2025-01-22 06:00:00,NORMAL,GROUP__7179__0015,CONTROL,0.0,0.0,0.0,0.0,0.0,0.0,0.0,True
CONTROL__50260__2025080604,50260,2025-08-06 04:00:00,2025-08-06 01:00:00,2025-08-06 07:00:00,NORMAL,GROUP__50260__0002,CONTROL,91.0,75.0,64.0,167.0,706.0,1941.0,1912.0,False
CONTROL__50260__2025041604,50260,2025-04-16 04:00:00,2025-04-16 01:00:00,2025-04-16 07:00:00,NORMAL,GROUP__50260__0002,CONTROL,120.0,71.0,142.0,295.0,974.0,1994.0,2605.0,False
CONTROL__9658__2025021905,9658,2025-02-19 05:00:00,2025-02-19 02:00:00,2025-02-19 08:00:00,NORMAL,GROUP__9658__0008,CONTROL,0.0,0.0,0.0,0.0,0.0,0.0,0.0,True
CONTROL__9658__2025032605,9658,2025-03-26 05:00:00,2025-03-26 02:00:00,2025-03-26 08:00:00,NORMAL,GROUP__9658__0008,CONTROL,0.0,0.0,0.0,0.0,0.0,0.0,0.0,True
CONTROL__51235__2025051406,51235,2025-05-14 06:00:00,2025-05-14 03:00:00,2025-05-14 09:00:00,NORMAL,GROUP__51235__0013,CONTROL,90.0,167.0,397.0,881.0,1441.0,1464.0,1158.0,False
CONTROL__51235__2025091006,51235,2025-09-10 06:00:00,2025-09-10 03:00:00,2025-09-10 09:00:00,NORMAL,GROUP__51235__0013,CONTROL,139.0,368.0,1115.0,2040.0,1924.0,1920.0,1966.0,False
CONTROL__33014__2025091016,33014,2025-09-10 16:00:00,2025-09-10 13:00:00,2025-09-10 19:00:00,NORMAL,GROUP__33014__0007,CONTROL,0.0,0.0,0.0,0.0,0.0,0.0,0.0,True
CONTROL__33014__2025041616,33014,2025-04-16 16:00:00,2025-04-16 13:00:00,2025-04-16 19:00:00,NORMAL,GROUP__33014__0007,CONTROL,1355.0,1406.0,1615.0,1824.0,1829.0,1551.0,1121.0,False
CONTROL__7153__2025022619,7153,2025-02-26 19:00:00,2025-02-26 16:00:00,2025-02-26 22:00:00,NORMAL,GROUP__7153__0008,CONTROL,0.0,0.0,0.0,0.0,0.0,0.0,0.0,True
CONTROL__7153__2025011519,7153,2025-01-15 19:00:00,2025-01-15 16:00:00,2025-01-15 22:00:00,NORMAL,GROUP__7153__0008,CONTROL,0.0,0.0,0.0,0.0,0.0,0.0,0.0,True
CONTROL__23067__2025082021,23067,2025-08-20 21:00:00,2025-08-20 18:00:00,2025-08-21 00:00:00,NORMAL,GROUP__23067__0006,CONTROL,1685.0,977.0,1132.0,1039.0,933.0,697.0,132.0,False
CONTROL__23067__2025091021,23067,2025-09-10 21:00:00,2025-09-10 18:00:00,2025-09-11 00:00:00,NORMAL,GROUP__23067__0006,CONTROL,50.0,52.0,37.0,34.0,27.0,24.0,53.0,False
CONTROL__34016__2025041006,34016,2025-04-10 06:00:00,2025-04-10 03:00:00,2025-04-10 09:00:00,NORMAL,GROUP__34016__0005,CONTROL,59.0,143.0,621.0,1352.0,1399.0,1535.0,1325.0,False
CONTROL__34016__2025041706,34016,2025-04-17 06:00:00,2025-04-17 03:00:00,2025-04-17 09:00:00,NORMAL,GROUP__34016__0005,CONTROL,70.0,156.0,558.0,1207.0,1195.0,1335.0,1359.0,False
CONTROL__33014__2025010206,33014,2025-01-02 06:00:00,2025-01-02 03:00:00,2025-01-02 09:00:00,NORMAL,GROUP__33014__0008,CONTROL,98.0,223.0,450.0,637.0,697.0,823.0,895.0,False
CONTROL__33014__2025102306,33014,2025-10-23 06:00:00,2025-10-23 03:00:00,2025-10-23 09:00:00,NORMAL,GROUP__33014__0008,CONTROL,0.0,0.0,0.0,0.0,0.0,0.0,0.0,True
CONTROL__33014__2025121106,33014,2025-12-11 06:00:00,2025-12-11 03:00:00,2025-12-11 09:00:00,NORMAL,GROUP__33014__0008,CONTROL,0.0,0.0,0.0,0.0,0.0,0.0,0.0,True
CONTROL__33014__2025092506,33014,2025-09-25 06:00:00,2025-09-25 03:00:00,2025-09-25 09:00:00,NORMAL,GROUP__33014__0008,CONTROL,0.0,0.0,0.0,0.0,0.0,0.0,0.0,True
CONTROL__7120__2025050106,7120,2025-05-01 06:00:00,2025-05-01 03:00:00,2025-05-01 09:00:00,NORMAL,GROUP__7120__0017,CONTROL,10.0,23.0,55.0,112.0,86.0,64.0,81.0,False
CONTROL__7120__2025032006,7120,2025-03-20 06:00:00,2025-03-20 03:00:00,2025-03-20 09:00:00,NORMAL,GROUP__7120__0017,CONTROL,64.0,186.0,624.0,745.0,697.0,732.0,729.0,False
CONTROL__7121__2025101606,7121,2025-10-16 06:00:00,2025-10-16 03:00:00,2025-10-16 09:00:00,NORMAL,GROUP__7121__0017,CONTROL,12.0,11.0,8.0,23.0,45.0,44.0,55.0,False
CONTROL__7121__2025011606,7121,2025-01-16 06:00:00,2025-01-16 03:00:00,2025-01-16 09:00:00,NORMAL,GROUP__7121__0017,CONTROL,31.0,35.0,98.0,216.0,360.0,446.0,421.0,False
CONTROL__7161__2025110608,7161,2025-11-06 08:00:00,2025-11-06 05:00:00,2025-11-06 11:00:00,NORMAL,GROUP__7161__0005,CONTROL,536.0,976.0,1344.0,1348.0,946.0,908.0,940.0,False
CONTROL__7161__2025032708,7161,2025-03-27 08:00:00,2025-03-27 05:00:00,2025-03-27 11:00:00,NORMAL,GROUP__7161__0005,CONTROL,527.0,852.0,1446.0,1278.0,1110.0,914.0,877.0,False
CONTROL__50240__2025081410,50240,2025-08-14 10:00:00,2025-08-14 07:00:00,2025-08-14 13:00:00,NORMAL,GROUP__50240__0009,CONTROL,298.0,281.0,356.0,400.0,410.0,443.0,423.0,False
CONTROL__50240__2025060510,50240,2025-06-05 10:00:00,2025-06-05 07:00:00,2025-06-05 13:00:00,NORMAL,GROUP__50240__0009,CONTROL,330.0,319.0,443.0,365.0,397.0,358.0,397.0,False
CONTROL__F3FWY003__2025101612,F3FWY003,2025-10-16 12:00:00,2025-10-16 09:00:00,2025-10-16 15:00:00,NORMAL,GROUP__F3FWY003__0014,CONTROL,612.0,675.0,634.0,571.0,579.0,697.0,734.0,False
CONTROL__F3FWY003__2025020612,F3FWY003,2025-02-06 12:00:00,2025-02-06 09:00:00,2025-02-06 15:00:00,NORMAL,GROUP__F3FWY003__0014,CONTROL,0.0,0.0,0.0,0.0,0.0,0.0,0.0,True
CONTROL__68025__2025082900,68025,2025-08-29 00:00:00,2025-08-28 21:00:00,2025-08-29 03:00:00,NORMAL,GROUP__68025__0009,CONTROL,18.0,21.0,7.0,14.0,8.0,7.0,13.0,False
CONTROL__68025__2025120500,68025,2025-12-05 00:00:00,2025-12-04 21:00:00,2025-12-05 03:00:00,NORMAL,GROUP__68025__0009,CONTROL,27.0,12.0,13.0,8.0,10.0,5.0,9.0,False
CONTROL__7270__2025122007,7270,2025-12-20 07:00:00,2025-12-20 04:00:00,2025-12-20 10:00:00,NORMAL,GROUP__7270__0002,CONTROL,245.0,627.0,1340.0,1213.0,1288.0,1631.0,1623.0,False
CONTROL__7270__2025052407,7270,2025-05-24 07:00:00,2025-05-24 04:00:00,2025-05-24 10:00:00,NORMAL,GROUP__7270__0002,CONTROL,189.0,544.0,1138.0,1324.0,1306.0,1550.0,1689.0,False
CONTROL__T0085__2025082309,T0085,2025-08-23 09:00:00,2025-08-23 06:00:00,2025-08-23 12:00:00,NORMAL,GROUP__T0085__0003,CONTROL,1.0,2.0,5.0,6.0,6.0,10.0,6.0,False
CONTROL__T0085__2025092009,T0085,2025-09-20 09:00:00,2025-09-20 06:00:00,2025-09-20 12:00:00,NORMAL,GROUP__T0085__0003,CONTROL,43.0,111.0,107.0,155.0,192.0,205.0,216.0,False
CONTROL__7126__2025092804,7126,2025-09-28 04:00:00,2025-09-28 01:00:00,2025-09-28 07:00:00,NORMAL,GROUP__7126__0005,CONTROL,7.0,5.0,3.0,9.0,13.0,16.0,18.0,False
CONTROL__7126__2025112304,7126,2025-11-23 04:00:00,2025-11-23 01:00:00,2025-11-23 07:00:00,NORMAL,GROUP__7126__0005,CONTROL,2.0,5.0,3.0,9.0,9.0,15.0,20.0,False
CONTROL__55049__2025091407,55049,2025-09-14 07:00:00,2025-09-14 04:00:00,2025-09-14 10:00:00,NORMAL,GROUP__55049__0003,CONTROL,0.0,0.0,0.0,0.0,0.0,0.0,0.0,True
CONTROL__55049__2025042707,55049,2025-04-27 07:00:00,2025-04-27 04:00:00,2025-04-27 10:00:00,NORMAL,GROUP__55049__0003,CONTROL,28.0,67.0,162.0,253.0,358.0,832.0,990.0,False
CONTROL__55049__2025051815,55049,2025-05-18 15:00:00,2025-05-18 12:00:00,2025-05-18 18:00:00,NORMAL,GROUP__55049__0004,CONTROL,40.0,43.0,0.0,0.0,0.0,0.0,0.0,False
CONTROL__55049__2025083115,55049,2025-08-31 15:00:00,2025-08-31 12:00:00,2025-08-31 18:00:00,NORMAL,GROUP__55049__0004,CONTROL,0.0,0.0,0.0,3.0,2.0,0.0,1.0,False
CONTROL__F3FWY003__2025011220,F3FWY003,2025-01-12 20:00:00,2025-01-12 17:00:00,2025-01-12 23:00:00,NORMAL,GROUP__F3FWY003__0015,CONTROL,288.0,260.0,195.0,193.0,167.0,128.0,105.0,False
CONTROL__F3FWY003__2025051120,F3FWY003,2025-05-11 20:00:00,2025-05-11 17:00:00,2025-05-11 23:00:00,NORMAL,GROUP__F3FWY003__0015,CONTROL,0.0,0.0,0.0,0.0,0.0,0.0,0.0,True
CONTROL__7168__2025041323,7168,2025-04-13 23:00:00,2025-04-13 20:00:00,2025-04-14 02:00:00,NORMAL,GROUP__7168__0008,CONTROL,247.0,190.0,170.0,95.0,46.0,31.0,29.0,False
CONTROL__7168__2025122823,7168,2025-12-28 23:00:00,2025-12-28 20:00:00,2025-12-29 02:00:00,NORMAL,GROUP__7168__0008,CONTROL,228.0,208.0,164.0,116.0,14.0,9.0,6.0,False
CONTROL__33014__2025020223,33014,2025-02-02 23:00:00,2025-02-02 20:00:00,2025-02-03 02:00:00,NORMAL,GROUP__33014__0009,CONTROL,0.0,0.0,0.0,0.0,0.0,0.0,0.0,True
CONTROL__33014__2025060823,33014,2025-06-08 23:00:00,2025-06-08 20:00:00,2025-06-09 02:00:00,NORMAL,GROUP__33014__0009,CONTROL,696.0,582.0,384.0,269.0,77.0,54.0,45.0,False
CONTROL__7179__2025031701,7179,2025-03-17 01:00:00,2025-03-16 22:00:00,2025-03-17 04:00:00,NORMAL,GROUP__7179__0016,CONTROL,75.0,36.0,29.0,24.0,34.0,48.0,106.0,False
CONTROL__7179__2025102701,7179,2025-10-27 01:00:00,2025-10-26 22:00:00,2025-10-27 04:00:00,NORMAL,GROUP__7179__0016,CONTROL,70.0,56.0,359.0,200.0,138.0,225.0,408.0,False
CONTROL__7112__2025022401,7112,2025-02-24 01:00:00,2025-02-23 22:00:00,2025-02-24 04:00:00,NORMAL,GROUP__7112__0013,CONTROL,0.0,0.0,0.0,0.0,0.0,0.0,0.0,True
CONTROL__7112__2025012001,7112,2025-01-20 01:00:00,2025-01-19 22:00:00,2025-01-20 04:00:00,NORMAL,GROUP__7112__0013,CONTROL,465.0,284.0,0.0,0.0,0.0,0.0,0.0,False
CONTROL__50240__2025121502,50240,2025-12-15 02:00:00,2025-12-14 23:00:00,2025-12-15 05:00:00,NORMAL,GROUP__50240__0010,CONTROL,492.0,288.0,191.0,141.0,262.0,696.0,1993.0,False
CONTROL__50240__2025090102,50240,2025-09-01 02:00:00,2025-08-31 23:00:00,2025-09-01 05:00:00,NORMAL,GROUP__50240__0010,CONTROL,34.0,22.0,25.0,26.0,59.0,71.0,150.0,False
CONTROL__23067__2025062303,23067,2025-06-23 03:00:00,2025-06-23 00:00:00,2025-06-23 06:00:00,NORMAL,GROUP__23067__0007,CONTROL,14.0,21.0,23.0,35.0,44.0,43.0,72.0,False
CONTROL__23067__2025033103,23067,2025-03-31 03:00:00,2025-03-31 00:00:00,2025-03-31 06:00:00,NORMAL,GROUP__23067__0007,CONTROL,69.0,89.0,200.0,339.0,732.0,965.0,1311.0,False
CONTROL__7112__2025102005,7112,2025-10-20 05:00:00,2025-10-20 02:00:00,2025-10-20 08:00:00,NORMAL,GROUP__7112__0013,CONTROL,20.0,29.0,59.0,106.0,243.0,251.0,207.0,False
CONTROL__7112__2025012705,7112,2025-01-27 05:00:00,2025-01-27 02:00:00,2025-01-27 08:00:00,NORMAL,GROUP__7112__0013,CONTROL,0.0,0.0,0.0,0.0,0.0,0.0,0.0,True
CONTROL__F3FWY005__2025101320,F3FWY005,2025-10-13 20:00:00,2025-10-13 17:00:00,2025-10-13 23:00:00,NORMAL,GROUP__F3FWY005__0002,CONTROL,1747.0,1154.0,746.0,548.0,387.0,212.0,141.0,False
CONTROL__F3FWY005__2025120120,F3FWY005,2025-12-01 20:00:00,2025-12-01 17:00:00,2025-12-01 23:00:00,NORMAL,GROUP__F3FWY005__0002,CONTROL,1784.0,1230.0,828.0,538.0,404.0,228.0,144.0,False
CONTROL__7168__2025012721,7168,2025-01-27 21:00:00,2025-01-27 18:00:00,2025-01-28 00:00:00,NORMAL,GROUP__7168__0009,CONTROL,110.0,83.0,71.0,61.0,41.0,30.0,0.0,False
CONTROL__7168__2025031721,7168,2025-03-17 21:00:00,2025-03-17 18:00:00,2025-03-18 00:00:00,NORMAL,GROUP__7168__0009,CONTROL,862.0,707.0,264.0,169.0,169.0,97.0,0.0,False
CONTROL__50240__2025092223,50240,2025-09-22 23:00:00,2025-09-22 20:00:00,2025-09-23 02:00:00,NORMAL,GROUP__50240__0011,CONTROL,0.0,65.0,56.0,33.0,191.0,141.0,156.0,False
CONTROL__50240__2025112423,50240,2025-11-24 23:00:00,2025-11-24 20:00:00,2025-11-25 02:00:00,NORMAL,GROUP__50240__0011,CONTROL,1222.0,1065.0,666.0,428.0,206.0,168.0,177.0,False
CONTROL__7179__2025011406,7179,2025-01-14 06:00:00,2025-01-14 03:00:00,2025-01-14 09:00:00,NORMAL,GROUP__7179__0017,CONTROL,0.0,0.0,0.0,0.0,0.0,0.0,0.0,True
CONTROL__7179__2025010706,7179,2025-01-07 06:00:00,2025-01-07 03:00:00,2025-01-07 09:00:00,NORMAL,GROUP__7179__0017,CONTROL,207.0,339.0,717.0,1102.0,1300.0,1405.0,1304.0,False
CONTROL__7184__2025092307,7184,2025-09-23 07:00:00,2025-09-23 04:00:00,2025-09-23 10:00:00,NORMAL,GROUP__7184__0013,CONTROL,62.0,121.0,318.0,232.0,232.0,298.0,326.0,False
CONTROL__7184__2025012107,7184,2025-01-21 07:00:00,2025-01-21 04:00:00,2025-01-21 10:00:00,NORMAL,GROUP__7184__0013,CONTROL,0.0,0.0,0.0,0.0,0.0,0.0,0.0,True
CONTROL__7112__2025042908,7112,2025-04-29 08:00:00,2025-04-29 05:00:00,2025-04-29 11:00:00,NORMAL,GROUP__7112__0014,CONTROL,769.0,1559.0,1365.0,1256.0,971.0,881.0,949.0,False
CONTROL__7112__2025090908,7112,2025-09-09 08:00:00,2025-09-09 05:00:00,2025-09-09 11:00:00,NORMAL,GROUP__7112__0014,CONTROL,824.0,1638.0,1352.0,1244.0,1029.0,900.0,987.0,False
CONTROL__7179__2025022511,7179,2025-02-25 11:00:00,2025-02-25 08:00:00,2025-02-25 14:00:00,NORMAL,GROUP__7179__0017,CONTROL,0.0,0.0,0.0,0.0,0.0,0.0,0.0,True
CONTROL__7179__2025031811,7179,2025-03-18 11:00:00,2025-03-18 08:00:00,2025-03-18 14:00:00,NORMAL,GROUP__7179__0017,CONTROL,0.0,0.0,0.0,0.0,0.0,0.0,0.0,True
CONTROL__47024__2025012120,47024,2025-01-21 20:00:00,2025-01-21 17:00:00,2025-01-21 23:00:00,NORMAL,GROUP__47024__0005,CONTROL,0.0,0.0,0.0,0.0,0.0,0.0,0.0,True
CONTROL__47024__2025092320,47024,2025-09-23 20:00:00,2025-09-23 17:00:00,2025-09-23 23:00:00,NORMAL,GROUP__47024__0005,CONTROL,0.0,0.0,0.0,0.0,0.0,0.0,0.0,True
CONTROL__50240__2025072920,50240,2025-07-29 20:00:00,2025-07-29 17:00:00,2025-07-29 23:00:00,NORMAL,GROUP__50240__0012,CONTROL,246.0,206.0,138.0,110.0,87.0,57.0,60.0,False
CONTROL__50240__2025040120,50240,2025-04-01 20:00:00,2025-04-01 17:00:00,2025-04-01 23:00:00,NORMAL,GROUP__50240__0012,CONTROL,1953.0,1865.0,1619.0,1215.0,1153.0,808.0,420.0,False
CONTROL__33014__2025102121,33014,2025-10-21 21:00:00,2025-10-21 18:00:00,2025-10-22 00:00:00,NORMAL,GROUP__33014__0010,CONTROL,0.0,0.0,0.0,0.0,0.0,0.0,0.0,True
CONTROL__33014__2025051321,33014,2025-05-13 21:00:00,2025-05-13 18:00:00,2025-05-14 00:00:00,NORMAL,GROUP__33014__0010,CONTROL,1472.0,1116.0,893.0,751.0,557.0,0.0,118.0,False
CONTROL__68025__2025071522,68025,2025-07-15 22:00:00,2025-07-15 19:00:00,2025-07-16 01:00:00,NORMAL,GROUP__68025__0010,CONTROL,825.0,746.0,630.0,480.0,239.0,115.0,71.0,False
CONTROL__68025__2025111822,68025,2025-11-18 22:00:00,2025-11-18 19:00:00,2025-11-19 01:00:00,NORMAL,GROUP__68025__0010,CONTROL,29.0,25.0,17.0,11.0,13.0,8.0,7.0,False
CONTROL__7132__2025070901,7132,2025-07-09 01:00:00,2025-07-08 22:00:00,2025-07-09 04:00:00,NORMAL,GROUP__7132__0011,CONTROL,289.0,181.0,94.0,53.0,62.0,140.0,362.0,False
CONTROL__7132__2025082001,7132,2025-08-20 01:00:00,2025-08-19 22:00:00,2025-08-20 04:00:00,NORMAL,GROUP__7132__0011,CONTROL,273.0,170.0,7.0,5.0,9.0,13.0,30.0,False
CONTROL__7164__2025081306,7164,2025-08-13 06:00:00,2025-08-13 03:00:00,2025-08-13 09:00:00,NORMAL,GROUP__7164__0005,CONTROL,48.0,113.0,322.0,549.0,878.0,1075.0,752.0,False
CONTROL__7164__2025021906,7164,2025-02-19 06:00:00,2025-02-19 03:00:00,2025-02-19 09:00:00,NORMAL,GROUP__7164__0005,CONTROL,0.0,0.0,0.0,0.0,0.0,0.0,0.0,True
CONTROL__7179__2025091706,7179,2025-09-17 06:00:00,2025-09-17 03:00:00,2025-09-17 09:00:00,NORMAL,GROUP__7179__0018,CONTROL,74.0,123.0,224.0,351.0,346.0,365.0,426.0,False
CONTROL__7179__2025102206,7179,2025-10-22 06:00:00,2025-10-22 03:00:00,2025-10-22 09:00:00,NORMAL,GROUP__7179__0018,CONTROL,242.0,418.0,940.0,1340.0,1568.0,1609.0,1501.0,False
CONTROL__33014__2025072311,33014,2025-07-23 11:00:00,2025-07-23 08:00:00,2025-07-23 14:00:00,NORMAL,GROUP__33014__0011,CONTROL,0.0,0.0,0.0,0.0,0.0,0.0,0.0,True
CONTROL__33014__2025100111,33014,2025-10-01 11:00:00,2025-10-01 08:00:00,2025-10-01 14:00:00,NORMAL,GROUP__33014__0011,CONTROL,0.0,0.0,0.0,0.0,0.0,0.0,0.0,True
CONTROL__7163__2025040214,7163,2025-04-02 14:00:00,2025-04-02 11:00:00,2025-04-02 17:00:00,NORMAL,GROUP__7163__0006,CONTROL,392.0,425.0,390.0,408.0,410.0,410.0,421.0,False
CONTROL__7163__2025070914,7163,2025-07-09 14:00:00,2025-07-09 11:00:00,2025-07-09 17:00:00,NORMAL,GROUP__7163__0006,CONTROL,0.0,0.0,0.0,0.0,0.0,0.0,0.0,True
CONTROL__7112__2025040918,7112,2025-04-09 18:00:00,2025-04-09 15:00:00,2025-04-09 21:00:00,NORMAL,GROUP__7112__0015,CONTROL,151.0,106.0,89.0,89.0,76.0,49.0,33.0,False
CONTROL__7112__2025060418,7112,2025-06-04 18:00:00,2025-06-04 15:00:00,2025-06-04 21:00:00,NORMAL,GROUP__7112__0015,CONTROL,80.0,68.0,58.0,54.0,40.0,23.0,29.0,False
CONTROL__7112__2025061823,7112,2025-06-18 23:00:00,2025-06-18 20:00:00,2025-06-19 02:00:00,NORMAL,GROUP__7112__0015,CONTROL,633.0,608.0,458.0,278.0,149.0,75.0,55.0,False
CONTROL__7112__2025041623,7112,2025-04-16 23:00:00,2025-04-16 20:00:00,2025-04-17 02:00:00,NORMAL,GROUP__7112__0015,CONTROL,788.0,666.0,477.0,293.0,12.0,16.0,24.0,False
CONTROL__51235__2025091723,51235,2025-09-17 23:00:00,2025-09-17 20:00:00,2025-09-18 02:00:00,NORMAL,GROUP__51235__0014,CONTROL,1061.0,893.0,571.0,297.0,16.0,14.0,17.0,False
CONTROL__51235__2025101523,51235,2025-10-15 23:00:00,2025-10-15 20:00:00,2025-10-16 02:00:00,NORMAL,GROUP__51235__0014,CONTROL,47.0,52.0,34.0,26.0,16.0,14.0,8.0,False
CONTROL__7159__2025103001,7159,2025-10-30 01:00:00,2025-10-29 22:00:00,2025-10-30 04:00:00,NORMAL,GROUP__7159__0003,CONTROL,471.0,293.0,156.0,123.0,107.0,114.0,202.0,False
CONTROL__7159__2025122501,7159,2025-12-25 01:00:00,2025-12-24 22:00:00,2025-12-25 04:00:00,NORMAL,GROUP__7159__0003,CONTROL,743.0,507.0,22.0,16.0,6.0,11.0,8.0,False
CONTROL__7112__2025090402,7112,2025-09-04 02:00:00,2025-09-03 23:00:00,2025-09-04 05:00:00,NORMAL,GROUP__7112__0015,CONTROL,282.0,144.0,73.0,66.0,102.0,222.0,875.0,False
CONTROL__7112__2025071702,7112,2025-07-17 02:00:00,2025-07-16 23:00:00,2025-07-17 05:00:00,NORMAL,GROUP__7112__0015,CONTROL,17.0,16.0,13.0,20.0,35.0,60.0,129.0,False
CONTROL__7120__2025062604,7120,2025-06-26 04:00:00,2025-06-26 01:00:00,2025-06-26 07:00:00,NORMAL,GROUP__7120__0018,CONTROL,5.0,14.0,6.0,37.0,58.0,117.0,105.0,False
CONTROL__7120__2025072404,7120,2025-07-24 04:00:00,2025-07-24 01:00:00,2025-07-24 07:00:00,NORMAL,GROUP__7120__0018,CONTROL,72.0,57.0,64.0,162.0,591.0,755.0,691.0,False
CONTROL__7121__2025032704,7121,2025-03-27 04:00:00,2025-03-27 01:00:00,2025-03-27 07:00:00,NORMAL,GROUP__7121__0018,CONTROL,0.0,0.0,0.0,0.0,0.0,0.0,0.0,True
CONTROL__7121__2025112704,7121,2025-11-27 04:00:00,2025-11-27 01:00:00,2025-11-27 07:00:00,NORMAL,GROUP__7121__0018,CONTROL,57.0,46.0,44.0,52.0,126.0,210.0,329.0,False
CONTROL__7164__2025050104,7164,2025-05-01 04:00:00,2025-05-01 01:00:00,2025-05-01 07:00:00,NORMAL,GROUP__7164__0006,CONTROL,51.0,50.0,46.0,92.0,298.0,650.0,802.0,False
CONTROL__7164__2025060504,7164,2025-06-05 04:00:00,2025-06-05 01:00:00,2025-06-05 07:00:00,NORMAL,GROUP__7164__0006,CONTROL,0.0,47.0,51.0,98.0,315.0,637.0,917.0,False
CONTROL__57025__2025021307,57025,2025-02-13 07:00:00,2025-02-13 04:00:00,2025-02-13 10:00:00,NORMAL,GROUP__57025__0002,CONTROL,0.0,0.0,0.0,0.0,0.0,0.0,0.0,True
CONTROL__57025__2025062607,57025,2025-06-26 07:00:00,2025-06-26 04:00:00,2025-06-26 10:00:00,NORMAL,GROUP__57025__0002,CONTROL,14.0,43.0,149.0,117.0,104.0,121.0,135.0,False
CONTROL__7153__2025032709,7153,2025-03-27 09:00:00,2025-03-27 06:00:00,2025-03-27 12:00:00,NORMAL,GROUP__7153__0009,CONTROL,0.0,0.0,0.0,0.0,0.0,0.0,0.0,True
CONTROL__7153__2025020609,7153,2025-02-06 09:00:00,2025-02-06 06:00:00,2025-02-06 12:00:00,NORMAL,GROUP__7153__0009,CONTROL,0.0,0.0,0.0,0.0,0.0,0.0,0.0,True
CONTROL__7184__2025061211,7184,2025-06-12 11:00:00,2025-06-12 08:00:00,2025-06-12 14:00:00,NORMAL,GROUP__7184__0014,CONTROL,226.0,262.0,321.0,314.0,311.0,334.0,327.0,False
CONTROL__7184__2025072411,7184,2025-07-24 11:00:00,2025-07-24 08:00:00,2025-07-24 14:00:00,NORMAL,GROUP__7184__0014,CONTROL,212.0,262.0,256.0,302.0,292.0,310.0,332.0,False
CONTROL__7275__2025050821,7275,2025-05-08 21:00:00,2025-05-08 18:00:00,2025-05-09 00:00:00,NORMAL,GROUP__7275__0002,CONTROL,1022.0,609.0,537.0,576.0,436.0,357.0,9.0,False
CONTROL__7275__2025120421,7275,2025-12-04 21:00:00,2025-12-04 18:00:00,2025-12-05 00:00:00,NORMAL,GROUP__7275__0002,CONTROL,47.0,25.0,29.0,15.0,19.0,20.0,13.0,False
CONTROL__23067__2025081504,23067,2025-08-15 04:00:00,2025-08-15 01:00:00,2025-08-15 07:00:00,NORMAL,GROUP__23067__0008,CONTROL,22.0,29.0,33.0,39.0,76.0,150.0,134.0,False
CONTROL__23067__2025101004,23067,2025-10-10 04:00:00,2025-10-10 01:00:00,2025-10-10 07:00:00,NORMAL,GROUP__23067__0008,CONTROL,129.0,427.0,955.0,1586.0,2154.0,2143.0,2055.0,False
CONTROL__7248__2025112807,7248,2025-11-28 07:00:00,2025-11-28 04:00:00,2025-11-28 10:00:00,NORMAL,GROUP__7248__0010,CONTROL,137.0,272.0,293.0,224.0,220.0,248.0,223.0,False
CONTROL__7248__2025011007,7248,2025-01-10 07:00:00,2025-01-10 04:00:00,2025-01-10 10:00:00,NORMAL,GROUP__7248__0010,CONTROL,328.0,936.0,1152.0,1099.0,1067.0,1066.0,991.0,False
CONTROL__50240__2025041901,50240,2025-04-19 01:00:00,2025-04-18 22:00:00,2025-04-19 04:00:00,NORMAL,GROUP__50240__0013,CONTROL,43.0,19.0,25.0,19.0,8.0,21.0,30.0,False
CONTROL__50240__2025060701,50240,2025-06-07 01:00:00,2025-06-06 22:00:00,2025-06-07 04:00:00,NORMAL,GROUP__50240__0013,CONTROL,0.0,684.0,432.0,257.0,183.0,205.0,392.0,False
CONTROL__47024__2025052407,47024,2025-05-24 07:00:00,2025-05-24 04:00:00,2025-05-24 10:00:00,NORMAL,GROUP__47024__0006,CONTROL,426.0,790.0,943.0,996.0,1166.0,1343.0,1371.0,False
CONTROL__47024__2025051707,47024,2025-05-17 07:00:00,2025-05-17 04:00:00,2025-05-17 10:00:00,NORMAL,GROUP__47024__0006,CONTROL,346.0,591.0,921.0,894.0,1073.0,1196.0,1249.0,False
CONTROL__53004__2025042000,53004,2025-04-20 00:00:00,2025-04-19 21:00:00,2025-04-20 03:00:00,NORMAL,GROUP__53004__0009,CONTROL,0.0,0.0,2.0,104.0,53.0,50.0,58.0,False
CONTROL__53004__2025061500,53004,2025-06-15 00:00:00,2025-06-14 21:00:00,2025-06-15 03:00:00,NORMAL,GROUP__53004__0009,CONTROL,441.0,399.0,275.0,5.0,6.0,3.0,3.0,False
CONTROL__10011__2025041300,10011,2025-04-13 00:00:00,2025-04-12 21:00:00,2025-04-13 03:00:00,NORMAL,GROUP__10011__0008,CONTROL,0.0,0.0,0.0,0.0,0.0,0.0,0.0,True
CONTROL__10011__2025101200,10011,2025-10-12 00:00:00,2025-10-11 21:00:00,2025-10-12 03:00:00,NORMAL,GROUP__10011__0008,CONTROL,0.0,0.0,0.0,0.0,0.0,0.0,0.0,True
CONTROL__7139__2025112300,7139,2025-11-23 00:00:00,2025-11-22 21:00:00,2025-11-23 03:00:00,NORMAL,GROUP__7139__0008,CONTROL,56.0,65.0,58.0,1105.0,722.0,625.0,349.0,False
CONTROL__7139__2025030900,7139,2025-03-09 00:00:00,2025-03-08 21:00:00,2025-03-09 03:00:00,NORMAL,GROUP__7139__0008,CONTROL,0.0,0.0,0.0,0.0,0.0,0.0,0.0,True
CONTROL__50240__2025072000,50240,2025-07-20 00:00:00,2025-07-19 21:00:00,2025-07-20 03:00:00,NORMAL,GROUP__50240__0014,CONTROL,1273.0,1269.0,811.0,1010.0,547.0,359.0,262.0,False
CONTROL__50240__2025112300,50240,2025-11-23 00:00:00,2025-11-22 21:00:00,2025-11-23 03:00:00,NORMAL,GROUP__50240__0014,CONTROL,49.0,47.0,36.0,632.0,374.0,241.0,189.0,False
CONTROL__68025__2025080304,68025,2025-08-03 04:00:00,2025-08-03 01:00:00,2025-08-03 07:00:00,NORMAL,GROUP__68025__0011,CONTROL,135.0,91.0,82.0,75.0,155.0,216.0,268.0,False
CONTROL__68025__2025102604,68025,2025-10-26 04:00:00,2025-10-26 01:00:00,2025-10-26 07:00:00,NORMAL,GROUP__68025__0011,CONTROL,130.0,109.0,75.0,93.0,149.0,263.0,295.0,False
CONTROL__T0231__2025081005,T0231,2025-08-10 05:00:00,2025-08-10 02:00:00,2025-08-10 08:00:00,NORMAL,GROUP__T0231__0002,CONTROL,187.0,130.0,163.0,232.0,396.0,539.0,688.0,False
CONTROL__T0231__2025011905,T0231,2025-01-19 05:00:00,2025-01-19 02:00:00,2025-01-19 08:00:00,NORMAL,GROUP__T0231__0002,CONTROL,0.0,0.0,0.0,0.0,0.0,0.0,0.0,True
CONTROL__9658__2025110207,9658,2025-11-02 07:00:00,2025-11-02 04:00:00,2025-11-02 10:00:00,NORMAL,GROUP__9658__0009,CONTROL,10.0,15.0,36.0,28.0,45.0,63.0,62.0,False
CONTROL__9658__2025012607,9658,2025-01-26 07:00:00,2025-01-26 04:00:00,2025-01-26 10:00:00,NORMAL,GROUP__9658__0009,CONTROL,0.0,0.0,0.0,0.0,11.0,38.0,0.0,False
CONTROL__22001__2025090710,22001,2025-09-07 10:00:00,2025-09-07 07:00:00,2025-09-07 13:00:00,NORMAL,GROUP__22001__0005,CONTROL,0.0,0.0,0.0,0.0,0.0,0.0,0.0,True
CONTROL__22001__2025122810,22001,2025-12-28 10:00:00,2025-12-28 07:00:00,2025-12-28 13:00:00,NORMAL,GROUP__22001__0005,CONTROL,0.0,0.0,0.0,0.0,0.0,0.0,0.0,True
CONTROL__7120__2025051111,7120,2025-05-11 11:00:00,2025-05-11 08:00:00,2025-05-11 14:00:00,NORMAL,GROUP__7120__0019,CONTROL,539.0,672.0,758.0,736.0,726.0,745.0,723.0,False
CONTROL__7120__2025012611,7120,2025-01-26 11:00:00,2025-01-26 08:00:00,2025-01-26 14:00:00,NORMAL,GROUP__7120__0019,CONTROL,20.0,25.0,17.0,20.0,32.0,21.0,14.0,False
CONTROL__7121__2025033011,7121,2025-03-30 11:00:00,2025-03-30 08:00:00,2025-03-30 14:00:00,NORMAL,GROUP__7121__0019,CONTROL,187.0,269.0,0.0,0.0,0.0,0.0,0.0,False
CONTROL__7121__2025060111,7121,2025-06-01 11:00:00,2025-06-01 08:00:00,2025-06-01 14:00:00,NORMAL,GROUP__7121__0019,CONTROL,0.0,0.0,0.0,0.0,0.0,0.0,0.0,True
CONTROL__7168__2025122818,7168,2025-12-28 18:00:00,2025-12-28 15:00:00,2025-12-28 21:00:00,NORMAL,GROUP__7168__0010,CONTROL,368.0,336.0,351.0,330.0,217.0,228.0,208.0,False
CONTROL__7168__2025051818,7168,2025-05-18 18:00:00,2025-05-18 15:00:00,2025-05-18 21:00:00,NORMAL,GROUP__7168__0010,CONTROL,466.0,315.0,316.0,288.0,267.0,174.0,178.0,False
CONTROL__7161__2025011219,7161,2025-01-12 19:00:00,2025-01-12 16:00:00,2025-01-12 22:00:00,NORMAL,GROUP__7161__0006,CONTROL,0.0,0.0,0.0,0.0,0.0,0.0,0.0,True
CONTROL__7161__2025070619,7161,2025-07-06 19:00:00,2025-07-06 16:00:00,2025-07-06 22:00:00,NORMAL,GROUP__7161__0006,CONTROL,81.0,68.0,55.0,45.0,29.0,24.0,14.0,False
CONTROL__7161__2025090802,7161,2025-09-08 02:00:00,2025-09-07 23:00:00,2025-09-08 05:00:00,NORMAL,GROUP__7161__0007,CONTROL,142.0,9.0,9.0,15.0,18.0,34.0,99.0,False
CONTROL__7161__2025112402,7161,2025-11-24 02:00:00,2025-11-23 23:00:00,2025-11-24 05:00:00,NORMAL,GROUP__7161__0007,CONTROL,266.0,13.0,6.0,11.0,16.0,38.0,114.0,False
CONTROL__F3FWY003__2025120119,F3FWY003,2025-12-01 19:00:00,2025-12-01 16:00:00,2025-12-01 22:00:00,NORMAL,GROUP__F3FWY003__0016,CONTROL,630.0,470.0,357.0,267.0,246.0,216.0,190.0,False
CONTROL__F3FWY003__2025111019,F3FWY003,2025-11-10 19:00:00,2025-11-10 16:00:00,2025-11-10 22:00:00,NORMAL,GROUP__F3FWY003__0016,CONTROL,606.0,496.0,333.0,321.0,240.0,229.0,196.0,False
CONTROL__7179__2025032500,7179,2025-03-25 00:00:00,2025-03-24 21:00:00,2025-03-25 03:00:00,NORMAL,GROUP__7179__0019,CONTROL,83.0,80.0,67.0,280.0,184.0,155.0,209.0,False
CONTROL__7179__2025070100,7179,2025-07-01 00:00:00,2025-06-30 21:00:00,2025-07-01 03:00:00,NORMAL,GROUP__7179__0019,CONTROL,888.0,749.0,457.0,271.0,166.0,138.0,208.0,False
CONTROL__29005__2025051304,29005,2025-05-13 04:00:00,2025-05-13 01:00:00,2025-05-13 07:00:00,NORMAL,GROUP__29005__0007,CONTROL,48.0,36.0,54.0,78.0,158.0,315.0,320.0,False
CONTROL__29005__2025080504,29005,2025-08-05 04:00:00,2025-08-05 01:00:00,2025-08-05 07:00:00,NORMAL,GROUP__29005__0007,CONTROL,30.0,44.0,51.0,166.0,280.0,564.0,498.0,False
CONTROL__10011__2025093012,10011,2025-09-30 12:00:00,2025-09-30 09:00:00,2025-09-30 15:00:00,NORMAL,GROUP__10011__0009,CONTROL,0.0,0.0,0.0,0.0,0.0,0.0,0.0,True
CONTROL__10011__2025061012,10011,2025-06-10 12:00:00,2025-06-10 09:00:00,2025-06-10 15:00:00,NORMAL,GROUP__10011__0009,CONTROL,0.0,0.0,0.0,0.0,0.0,0.0,0.0,True
CONTROL__7139__2025102812,7139,2025-10-28 12:00:00,2025-10-28 09:00:00,2025-10-28 15:00:00,NORMAL,GROUP__7139__0009,CONTROL,2703.0,2134.0,2113.0,2207.0,2202.0,2521.0,2731.0,False
CONTROL__7139__2025090212,7139,2025-09-02 12:00:00,2025-09-02 09:00:00,2025-09-02 15:00:00,NORMAL,GROUP__7139__0009,CONTROL,345.0,328.0,393.0,355.0,345.0,356.0,436.0,False
CONTROL__9658__2025052021,9658,2025-05-20 21:00:00,2025-05-20 18:00:00,2025-05-21 00:00:00,NORMAL,GROUP__9658__0010,CONTROL,87.0,68.0,50.0,46.0,36.0,38.0,138.0,False
CONTROL__9658__2025030421,9658,2025-03-04 21:00:00,2025-03-04 18:00:00,2025-03-05 00:00:00,NORMAL,GROUP__9658__0010,CONTROL,993.0,847.0,707.0,580.0,485.0,274.0,0.0,False
CONTROL__33014__2025040821,33014,2025-04-08 21:00:00,2025-04-08 18:00:00,2025-04-09 00:00:00,NORMAL,GROUP__33014__0012,CONTROL,1450.0,1087.0,938.0,766.0,504.0,0.0,15.0,False
CONTROL__33014__2025112521,33014,2025-11-25 21:00:00,2025-11-25 18:00:00,2025-11-26 00:00:00,NORMAL,GROUP__33014__0012,CONTROL,0.0,0.0,0.0,0.0,0.0,0.0,0.0,True
CONTROL__7163__2025021901,7163,2025-02-19 01:00:00,2025-02-18 22:00:00,2025-02-19 04:00:00,NORMAL,GROUP__7163__0007,CONTROL,0.0,0.0,0.0,0.0,0.0,0.0,0.0,True
CONTROL__7163__2025012201,7163,2025-01-22 01:00:00,2025-01-21 22:00:00,2025-01-22 04:00:00,NORMAL,GROUP__7163__0007,CONTROL,22.0,13.0,68.0,45.0,43.0,32.0,78.0,False
CONTROL__10011__2025071602,10011,2025-07-16 02:00:00,2025-07-15 23:00:00,2025-07-16 05:00:00,NORMAL,GROUP__10011__0010,CONTROL,0.0,0.0,0.0,0.0,0.0,0.0,0.0,True
CONTROL__10011__2025012902,10011,2025-01-29 02:00:00,2025-01-28 23:00:00,2025-01-29 05:00:00,NORMAL,GROUP__10011__0010,CONTROL,0.0,0.0,0.0,0.0,0.0,34.0,80.0,False
CONTROL__7139__2025022602,7139,2025-02-26 02:00:00,2025-02-25 23:00:00,2025-02-26 05:00:00,NORMAL,GROUP__7139__0010,CONTROL,0.0,0.0,0.0,0.0,0.0,0.0,0.0,True
CONTROL__7139__2025012202,7139,2025-01-22 02:00:00,2025-01-21 23:00:00,2025-01-22 05:00:00,NORMAL,GROUP__7139__0010,CONTROL,21.0,34.0,14.0,12.0,15.0,0.0,0.0,False
CONTROL__7168__2025041604,7168,2025-04-16 04:00:00,2025-04-16 01:00:00,2025-04-16 07:00:00,NORMAL,GROUP__7168__0011,CONTROL,13.0,13.0,13.0,25.0,32.0,77.0,68.0,False
CONTROL__7168__2025111904,7168,2025-11-19 04:00:00,2025-11-19 01:00:00,2025-11-19 07:00:00,NORMAL,GROUP__7168__0011,CONTROL,10.0,11.0,16.0,22.0,49.0,83.0,101.0,False
CONTROL__7150__2025040221,7150,2025-04-02 21:00:00,2025-04-02 18:00:00,2025-04-03 00:00:00,NORMAL,GROUP__7150__0001,CONTROL,1495.0,1177.0,846.0,711.0,513.0,261.0,8.0,False
CONTROL__7150__2025040921,7150,2025-04-09 21:00:00,2025-04-09 18:00:00,2025-04-10 00:00:00,NORMAL,GROUP__7150__0001,CONTROL,51.0,27.0,26.0,22.0,11.0,9.0,89.0,False
CONTROL__7163__2025030601,7163,2025-03-06 01:00:00,2025-03-05 22:00:00,2025-03-06 04:00:00,NORMAL,GROUP__7163__0008,CONTROL,20.0,26.0,11.0,12.0,9.0,10.0,21.0,False
CONTROL__7163__2025031301,7163,2025-03-13 01:00:00,2025-03-12 22:00:00,2025-03-13 04:00:00,NORMAL,GROUP__7163__0008,CONTROL,308.0,200.0,18.0,8.0,9.0,11.0,19.0,False
CONTROL__47024__2025101619,47024,2025-10-16 19:00:00,2025-10-16 16:00:00,2025-10-16 22:00:00,NORMAL,GROUP__47024__0007,CONTROL,123.0,0.0,0.0,0.0,0.0,0.0,0.0,False
CONTROL__47024__2025042419,47024,2025-04-24 19:00:00,2025-04-24 16:00:00,2025-04-24 22:00:00,NORMAL,GROUP__47024__0007,CONTROL,923.0,0.0,0.0,0.0,0.0,0.0,0.0,False
CONTROL__T0288__2025081423,T0288,2025-08-14 23:00:00,2025-08-14 20:00:00,2025-08-15 02:00:00,NORMAL,GROUP__T0288__0002,CONTROL,0.0,0.0,0.0,0.0,0.0,0.0,0.0,True
CONTROL__T0288__2025101623,T0288,2025-10-16 23:00:00,2025-10-16 20:00:00,2025-10-17 02:00:00,NORMAL,GROUP__T0288__0002,CONTROL,0.0,0.0,0.0,0.0,0.0,0.0,0.0,True
CONTROL__T0289__2025071023,T0289,2025-07-10 23:00:00,2025-07-10 20:00:00,2025-07-11 02:00:00,NORMAL,GROUP__T0289__0002,CONTROL,0.0,0.0,0.0,0.0,0.0,0.0,0.0,True
CONTROL__T0289__2025050123,T0289,2025-05-01 23:00:00,2025-05-01 20:00:00,2025-05-02 02:00:00,NORMAL,GROUP__T0289__0002,CONTROL,151.0,152.0,113.0,111.0,72.0,81.0,87.0,False
CONTROL__T0290__2025121823,T0290,2025-12-18 23:00:00,2025-12-18 20:00:00,2025-12-19 02:00:00,NORMAL,GROUP__T0290__0002,CONTROL,0.0,0.0,0.0,0.0,0.0,0.0,0.0,True
CONTROL__T0290__2025100223,T0290,2025-10-02 23:00:00,2025-10-02 20:00:00,2025-10-03 02:00:00,NORMAL,GROUP__T0290__0002,CONTROL,0.0,0.0,0.0,0.0,0.0,0.0,0.0,True
CONTROL__T0479-PR__2025082123,T0479-PR,2025-08-21 23:00:00,2025-08-21 20:00:00,2025-08-22 02:00:00,NORMAL,GROUP__T0479-PR__0002,CONTROL,64.0,48.0,18.0,25.0,16.0,25.0,26.0,False
CONTROL__T0479-PR__2025102323,T0479-PR,2025-10-23 23:00:00,2025-10-23 20:00:00,2025-10-24 02:00:00,NORMAL,GROUP__T0479-PR__0002,CONTROL,1085.0,875.0,619.0,507.0,301.0,127.0,83.0,False
CONTROL__7248__2025052301,7248,2025-05-23 01:00:00,2025-05-22 22:00:00,2025-05-23 04:00:00,NORMAL,GROUP__7248__0011,CONTROL,403.0,229.0,156.0,99.0,92.0,152.0,328.0,False
CONTROL__7248__2025090501,7248,2025-09-05 01:00:00,2025-09-04 22:00:00,2025-09-05 04:00:00,NORMAL,GROUP__7248__0011,CONTROL,75.0,73.0,176.0,107.0,99.0,152.0,335.0,False
CONTROL__10011__2025100301,10011,2025-10-03 01:00:00,2025-10-02 22:00:00,2025-10-03 04:00:00,NORMAL,GROUP__10011__0011,CONTROL,0.0,0.0,0.0,0.0,0.0,0.0,0.0,True
CONTROL__10011__2025110701,10011,2025-11-07 01:00:00,2025-11-06 22:00:00,2025-11-07 04:00:00,NORMAL,GROUP__10011__0011,CONTROL,0.0,0.0,0.0,0.0,0.0,0.0,0.0,True
CONTROL__7139__2025061301,7139,2025-06-13 01:00:00,2025-06-12 22:00:00,2025-06-13 04:00:00,NORMAL,GROUP__7139__0011,CONTROL,26.0,21.0,17.0,12.0,14.0,15.0,28.0,False
CONTROL__7139__2025082201,7139,2025-08-22 01:00:00,2025-08-21 22:00:00,2025-08-22 04:00:00,NORMAL,GROUP__7139__0011,CONTROL,38.0,28.0,11.0,5.0,13.0,14.0,26.0,False
CONTROL__7274__2025030703,7274,2025-03-07 03:00:00,2025-03-07 00:00:00,2025-03-07 06:00:00,NORMAL,GROUP__7274__0010,CONTROL,117.0,68.0,79.0,105.0,266.0,690.0,1185.0,False
CONTROL__7274__2025111403,7274,2025-11-14 03:00:00,2025-11-14 00:00:00,2025-11-14 06:00:00,NORMAL,GROUP__7274__0010,CONTROL,132.0,91.0,70.0,110.0,324.0,693.0,1155.0,False
CONTROL__53003__2025010308,53003,2025-01-03 08:00:00,2025-01-03 05:00:00,2025-01-03 11:00:00,NORMAL,GROUP__53003__0004,CONTROL,50.0,150.0,230.0,273.0,298.0,310.0,305.0,False
CONTROL__53003__2025101708,53003,2025-10-17 08:00:00,2025-10-17 05:00:00,2025-10-17 11:00:00,NORMAL,GROUP__53003__0004,CONTROL,109.0,184.0,194.0,221.0,251.0,255.0,249.0,False
CONTROL__7184__2025090508,7184,2025-09-05 08:00:00,2025-09-05 05:00:00,2025-09-05 11:00:00,NORMAL,GROUP__7184__0015,CONTROL,119.0,273.0,220.0,234.0,275.0,302.0,369.0,False
CONTROL__7184__2025080108,7184,2025-08-01 08:00:00,2025-08-01 05:00:00,2025-08-01 11:00:00,NORMAL,GROUP__7184__0015,CONTROL,737.0,1528.0,2516.0,2467.0,2224.0,2156.0,2179.0,False
CONTROL__7248__2025022817,7248,2025-02-28 17:00:00,2025-02-28 14:00:00,2025-02-28 20:00:00,NORMAL,GROUP__7248__0012,CONTROL,0.0,0.0,0.0,0.0,0.0,0.0,0.0,True
CONTROL__7248__2025100317,7248,2025-10-03 17:00:00,2025-10-03 14:00:00,2025-10-03 20:00:00,NORMAL,GROUP__7248__0012,CONTROL,979.0,948.0,932.0,1002.0,1042.0,1058.0,809.0,False
CONTROL__7248__2025010404,7248,2025-01-04 04:00:00,2025-01-04 01:00:00,2025-01-04 07:00:00,NORMAL,GROUP__7248__0013,CONTROL,141.0,107.0,117.0,128.0,299.0,492.0,550.0,False
CONTROL__7248__2025121304,7248,2025-12-13 04:00:00,2025-12-13 01:00:00,2025-12-13 07:00:00,NORMAL,GROUP__7248__0013,CONTROL,42.0,30.0,50.0,57.0,117.0,169.0,135.0,False
CONTROL__7274__2025080212,7274,2025-08-02 12:00:00,2025-08-02 09:00:00,2025-08-02 15:00:00,NORMAL,GROUP__7274__0011,CONTROL,66.0,94.0,70.0,80.0,63.0,82.0,60.0,False
CONTROL__7274__2025082312,7274,2025-08-23 12:00:00,2025-08-23 09:00:00,2025-08-23 15:00:00,NORMAL,GROUP__7274__0011,CONTROL,873.0,967.0,1136.0,955.0,873.0,1020.0,886.0,False
CONTROL__F3FWY003__2025040517,F3FWY003,2025-04-05 17:00:00,2025-04-05 14:00:00,2025-04-05 20:00:00,NORMAL,GROUP__F3FWY003__0017,CONTROL,0.0,0.0,0.0,0.0,0.0,0.0,0.0,True
CONTROL__F3FWY003__2025081617,F3FWY003,2025-08-16 17:00:00,2025-08-16 14:00:00,2025-08-16 20:00:00,NORMAL,GROUP__F3FWY003__0017,CONTROL,323.0,316.0,255.0,231.0,174.0,136.0,100.0,False
CONTROL__7126__2025011821,7126,2025-01-18 21:00:00,2025-01-18 18:00:00,2025-01-19 00:00:00,NORMAL,GROUP__7126__0006,CONTROL,36.0,27.0,19.0,26.0,17.0,13.0,12.0,False
CONTROL__7126__2025092021,7126,2025-09-20 21:00:00,2025-09-20 18:00:00,2025-09-21 00:00:00,NORMAL,GROUP__7126__0006,CONTROL,512.0,284.0,193.0,162.0,192.0,163.0,12.0,False
CONTROL__53003__2025071223,53003,2025-07-12 23:00:00,2025-07-12 20:00:00,2025-07-13 02:00:00,NORMAL,GROUP__53003__0005,CONTROL,43.0,43.0,23.0,15.0,24.0,13.0,11.0,False
CONTROL__53003__2025080923,53003,2025-08-09 23:00:00,2025-08-09 20:00:00,2025-08-10 02:00:00,NORMAL,GROUP__53003__0005,CONTROL,692.0,627.0,553.0,320.0,23.0,8.0,6.0,False
CONTROL__7251__2025092803,7251,2025-09-28 03:00:00,2025-09-28 00:00:00,2025-09-28 06:00:00,NORMAL,GROUP__7251__0010,CONTROL,707.0,484.0,412.0,367.0,225.0,200.0,227.0,False
CONTROL__7251__2025072703,7251,2025-07-27 03:00:00,2025-07-27 00:00:00,2025-07-27 06:00:00,NORMAL,GROUP__7251__0010,CONTROL,657.0,478.0,413.0,283.0,271.0,203.0,238.0,False
CONTROL__7112__2025081721,7112,2025-08-17 21:00:00,2025-08-17 18:00:00,2025-08-18 00:00:00,NORMAL,GROUP__7112__0016,CONTROL,940.0,679.0,634.0,535.0,421.0,215.0,25.0,False
CONTROL__7112__2025020221,7112,2025-02-02 21:00:00,2025-02-02 18:00:00,2025-02-03 00:00:00,NORMAL,GROUP__7112__0016,CONTROL,0.0,0.0,0.0,0.0,0.0,0.0,0.0,True
CONTROL__7163__2025082503,7163,2025-08-25 03:00:00,2025-08-25 00:00:00,2025-08-25 06:00:00,NORMAL,GROUP__7163__0009,CONTROL,66.0,48.0,36.0,64.0,117.0,314.0,627.0,False
CONTROL__7163__2025081103,7163,2025-08-11 03:00:00,2025-08-11 00:00:00,2025-08-11 06:00:00,NORMAL,GROUP__7163__0009,CONTROL,12.0,14.0,4.0,8.0,18.0,47.0,91.0,False
CONTROL__68025__2025040718,68025,2025-04-07 18:00:00,2025-04-07 15:00:00,2025-04-07 21:00:00,NORMAL,GROUP__68025__0012,CONTROL,54.0,54.0,48.0,34.0,35.0,20.0,16.0,False
CONTROL__68025__2025012018,68025,2025-01-20 18:00:00,2025-01-20 15:00:00,2025-01-20 21:00:00,NORMAL,GROUP__68025__0012,CONTROL,49.0,0.0,0.0,0.0,0.0,0.0,0.0,False
CONTROL__50240__2025042819,50240,2025-04-28 19:00:00,2025-04-28 16:00:00,2025-04-28 22:00:00,NORMAL,GROUP__50240__0015,CONTROL,2280.0,1927.0,1841.0,1307.0,1011.0,963.0,634.0,False
CONTROL__50240__2025012019,50240,2025-01-20 19:00:00,2025-01-20 16:00:00,2025-01-20 22:00:00,NORMAL,GROUP__50240__0015,CONTROL,60.0,31.0,25.0,16.0,13.0,14.0,13.0,False
CONTROL__53004__2025060920,53004,2025-06-09 20:00:00,2025-06-09 17:00:00,2025-06-09 23:00:00,NORMAL,GROUP__53004__0010,CONTROL,26.0,26.0,33.0,30.0,9.0,13.0,9.0,False
CONTROL__53004__2025021020,53004,2025-02-10 20:00:00,2025-02-10 17:00:00,2025-02-10 23:00:00,NORMAL,GROUP__53004__0010,CONTROL,0.0,0.0,0.0,0.0,0.0,0.0,0.0,True
CONTROL__50240__2025062410,50240,2025-06-24 10:00:00,2025-06-24 07:00:00,2025-06-24 13:00:00,NORMAL,GROUP__50240__0016,CONTROL,2629.0,2521.0,2084.0,1841.0,1777.0,1704.0,1878.0,False
CONTROL__50240__2025052710,50240,2025-05-27 10:00:00,2025-05-27 07:00:00,2025-05-27 13:00:00,NORMAL,GROUP__50240__0016,CONTROL,264.0,253.0,373.0,366.0,393.0,410.0,416.0,False
CONTROL__7161__2025022602,7161,2025-02-26 02:00:00,2025-02-25 23:00:00,2025-02-26 05:00:00,NORMAL,GROUP__7161__0008,CONTROL,0.0,0.0,0.0,0.0,0.0,0.0,0.0,True
CONTROL__68025__2025112602,68025,2025-11-26 02:00:00,2025-11-25 23:00:00,2025-11-26 05:00:00,NORMAL,GROUP__68025__0013,CONTROL,10.0,11.0,9.0,4.0,3.0,23.0,84.0,False
CONTROL__68025__2025071602,68025,2025-07-16 02:00:00,2025-07-15 23:00:00,2025-07-16 05:00:00,NORMAL,GROUP__68025__0013,CONTROL,239.0,115.0,71.0,47.0,59.0,138.0,444.0,False
CONTROL__7132__2025081306,7132,2025-08-13 06:00:00,2025-08-13 03:00:00,2025-08-13 09:00:00,NORMAL,GROUP__7132__0012,CONTROL,20.0,27.0,100.0,208.0,126.0,124.0,98.0,False
CONTROL__7132__2025100806,7132,2025-10-08 06:00:00,2025-10-08 03:00:00,2025-10-08 09:00:00,NORMAL,GROUP__7132__0012,CONTROL,21.0,31.0,93.0,184.0,138.0,120.0,113.0,False
CONTROL__T0085__2025051506,T0085,2025-05-15 06:00:00,2025-05-15 03:00:00,2025-05-15 09:00:00,NORMAL,GROUP__T0085__0004,CONTROL,0.0,1.0,9.0,33.0,24.0,21.0,13.0,False
CONTROL__T0085__2025060506,T0085,2025-06-05 06:00:00,2025-06-05 03:00:00,2025-06-05 09:00:00,NORMAL,GROUP__T0085__0004,CONTROL,0.0,0.0,2.0,10.0,6.0,12.0,5.0,False
CONTROL__7132__2025121110,7132,2025-12-11 10:00:00,2025-12-11 07:00:00,2025-12-11 13:00:00,NORMAL,GROUP__7132__0013,CONTROL,1396.0,1337.0,1151.0,1145.0,1150.0,1023.0,1031.0,False
CONTROL__7132__2025071710,7132,2025-07-17 10:00:00,2025-07-17 07:00:00,2025-07-17 13:00:00,NORMAL,GROUP__7132__0013,CONTROL,2004.0,1860.0,1318.0,1175.0,1086.0,1007.0,976.0,False
CONTROL__23067__2025040322,23067,2025-04-03 22:00:00,2025-04-03 19:00:00,2025-04-04 01:00:00,NORMAL,GROUP__23067__0009,CONTROL,40.0,37.0,37.0,22.0,20.0,11.0,17.0,False
CONTROL__23067__2025013022,23067,2025-01-30 22:00:00,2025-01-30 19:00:00,2025-01-31 01:00:00,NORMAL,GROUP__23067__0009,CONTROL,743.0,767.0,563.0,193.0,72.0,78.0,98.0,False
CONTROL__T0342__2025061223,T0342,2025-06-12 23:00:00,2025-06-12 20:00:00,2025-06-13 02:00:00,NORMAL,GROUP__T0342__0001,CONTROL,29.0,33.0,10.0,1.0,3.0,1.0,3.0,False
CONTROL__T0342__2025091123,T0342,2025-09-11 23:00:00,2025-09-11 20:00:00,2025-09-12 02:00:00,NORMAL,GROUP__T0342__0001,CONTROL,1.0,0.0,0.0,0.0,1.0,3.0,3.0,False
CONTROL__7179__2025073123,7179,2025-07-31 23:00:00,2025-07-31 20:00:00,2025-08-01 02:00:00,NORMAL,GROUP__7179__0020,CONTROL,1137.0,1079.0,959.0,597.0,325.0,201.0,148.0,False
CONTROL__7179__2025013023,7179,2025-01-30 23:00:00,2025-01-30 20:00:00,2025-01-31 02:00:00,NORMAL,GROUP__7179__0020,CONTROL,0.0,0.0,0.0,0.0,0.0,0.0,0.0,True
CONTROL__53003__2025053000,53003,2025-05-30 00:00:00,2025-05-29 21:00:00,2025-05-30 03:00:00,NORMAL,GROUP__53003__0006,CONTROL,640.0,324.0,200.0,109.0,85.0,54.0,87.0,False
CONTROL__53003__2025121900,53003,2025-12-19 00:00:00,2025-12-18 21:00:00,2025-12-19 03:00:00,NORMAL,GROUP__53003__0006,CONTROL,1187.0,892.0,530.0,28.0,30.0,25.0,44.0,False
CONTROL__F3FWY003__2025071804,F3FWY003,2025-07-18 04:00:00,2025-07-18 01:00:00,2025-07-18 07:00:00,NORMAL,GROUP__F3FWY003__0018,CONTROL,0.0,0.0,0.0,0.0,0.0,0.0,0.0,True
CONTROL__F3FWY003__2025071104,F3FWY003,2025-07-11 04:00:00,2025-07-11 01:00:00,2025-07-11 07:00:00,NORMAL,GROUP__F3FWY003__0018,CONTROL,0.0,0.0,0.0,0.0,0.0,0.0,0.0,True
CONTROL__10011__2025040407,10011,2025-04-04 07:00:00,2025-04-04 04:00:00,2025-04-04 10:00:00,NORMAL,GROUP__10011__0012,CONTROL,0.0,0.0,0.0,0.0,0.0,0.0,0.0,True
CONTROL__10011__2025012407,10011,2025-01-24 07:00:00,2025-01-24 04:00:00,2025-01-24 10:00:00,NORMAL,GROUP__10011__0012,CONTROL,86.0,420.0,1121.0,1087.0,1167.0,1153.0,1153.0,False
CONTROL__7139__2025022807,7139,2025-02-28 07:00:00,2025-02-28 04:00:00,2025-02-28 10:00:00,NORMAL,GROUP__7139__0012,CONTROL,0.0,0.0,0.0,0.0,0.0,0.0,0.0,True
CONTROL__7139__2025111407,7139,2025-11-14 07:00:00,2025-11-14 04:00:00,2025-11-14 10:00:00,NORMAL,GROUP__7139__0012,CONTROL,210.0,672.0,1593.0,2590.0,2881.0,2677.0,2490.0,False
CONTROL__7120__2025080900,7120,2025-08-09 00:00:00,2025-08-08 21:00:00,2025-08-09 03:00:00,NORMAL,GROUP__7120__0020,CONTROL,603.0,595.0,419.0,342.0,217.0,189.0,182.0,False
CONTROL__7120__2025100400,7120,2025-10-04 00:00:00,2025-10-03 21:00:00,2025-10-04 03:00:00,NORMAL,GROUP__7120__0020,CONTROL,661.0,524.0,418.0,13.0,14.0,9.0,8.0,False
CONTROL__7121__2025072600,7121,2025-07-26 00:00:00,2025-07-25 21:00:00,2025-07-26 03:00:00,NORMAL,GROUP__7121__0020,CONTROL,334.0,363.0,281.0,10.0,9.0,9.0,7.0,False
CONTROL__7121__2025110800,7121,2025-11-08 00:00:00,2025-11-07 21:00:00,2025-11-08 03:00:00,NORMAL,GROUP__7121__0020,CONTROL,0.0,0.0,0.0,0.0,0.0,0.0,0.0,True
CONTROL__F3FWY001__2025042605,F3FWY001,2025-04-26 05:00:00,2025-04-26 02:00:00,2025-04-26 08:00:00,NORMAL,GROUP__F3FWY001__0003,CONTROL,35.0,52.0,61.0,133.0,178.0,210.0,206.0,False
CONTROL__F3FWY001__2025010405,F3FWY001,2025-01-04 05:00:00,2025-01-04 02:00:00,2025-01-04 08:00:00,NORMAL,GROUP__F3FWY001__0003,CONTROL,70.0,64.0,85.0,152.0,194.0,210.0,256.0,False
CONTROL__7119-PR__2025060108,7119-PR,2025-06-01 08:00:00,2025-06-01 05:00:00,2025-06-01 11:00:00,NORMAL,GROUP__7119-PR__0004,CONTROL,8.0,11.0,17.0,30.0,26.0,43.0,43.0,False
CONTROL__7119-PR__2025112308,7119-PR,2025-11-23 08:00:00,2025-11-23 05:00:00,2025-11-23 11:00:00,NORMAL,GROUP__7119-PR__0004,CONTROL,6.0,13.0,16.0,24.0,36.0,42.0,32.0,False
CONTROL__7112__2025060109,7112,2025-06-01 09:00:00,2025-06-01 06:00:00,2025-06-01 12:00:00,NORMAL,GROUP__7112__0017,CONTROL,17.0,20.0,27.0,0.0,33.0,35.0,47.0,False
CONTROL__7112__2025121409,7112,2025-12-14 09:00:00,2025-12-14 06:00:00,2025-12-14 12:00:00,NORMAL,GROUP__7112__0017,CONTROL,42.0,53.0,61.0,60.0,63.0,65.0,63.0,False
CONTROL__53004__2025113013,53004,2025-11-30 13:00:00,2025-11-30 10:00:00,2025-11-30 16:00:00,NORMAL,GROUP__53004__0011,CONTROL,1253.0,1383.0,1510.0,1406.0,1237.0,1381.0,1419.0,False
CONTROL__53004__2025050413,53004,2025-05-04 13:00:00,2025-05-04 10:00:00,2025-05-04 16:00:00,NORMAL,GROUP__53004__0011,CONTROL,1441.0,1587.0,1506.0,1361.0,1269.0,1296.0,1262.0,False
CONTROL__10011__2025122116,10011,2025-12-21 16:00:00,2025-12-21 13:00:00,2025-12-21 19:00:00,NORMAL,GROUP__10011__0013,CONTROL,0.0,0.0,0.0,0.0,0.0,0.0,0.0,True
CONTROL__10011__2025021616,10011,2025-02-16 16:00:00,2025-02-16 13:00:00,2025-02-16 19:00:00,NORMAL,GROUP__10011__0013,CONTROL,0.0,0.0,0.0,0.0,0.0,0.0,0.0,True
CONTROL__7139__2025062916,7139,2025-06-29 16:00:00,2025-06-29 13:00:00,2025-06-29 19:00:00,NORMAL,GROUP__7139__0013,CONTROL,78.0,90.0,86.0,87.0,86.0,41.0,45.0,False
CONTROL__7139__2025121416,7139,2025-12-14 16:00:00,2025-12-14 13:00:00,2025-12-14 19:00:00,NORMAL,GROUP__7139__0013,CONTROL,2527.0,2543.0,2640.0,2807.0,2735.0,2391.0,1801.0,False
CONTROL__T0231__2025011919,T0231,2025-01-19 19:00:00,2025-01-19 16:00:00,2025-01-19 22:00:00,NORMAL,GROUP__T0231__0003,CONTROL,0.0,0.0,0.0,0.0,0.0,0.0,0.0,True
CONTROL__T0231__2025121419,T0231,2025-12-14 19:00:00,2025-12-14 16:00:00,2025-12-14 22:00:00,NORMAL,GROUP__T0231__0003,CONTROL,45.0,55.0,38.0,31.0,33.0,25.0,21.0,False
CONTROL__55049__2025011920,55049,2025-01-19 20:00:00,2025-01-19 17:00:00,2025-01-19 23:00:00,NORMAL,GROUP__55049__0005,CONTROL,0.0,0.0,0.0,0.0,0.0,0.0,0.0,True
CONTROL__55049__2025070620,55049,2025-07-06 20:00:00,2025-07-06 17:00:00,2025-07-06 23:00:00,NORMAL,GROUP__55049__0005,CONTROL,884.0,955.0,495.0,375.0,270.0,167.0,75.0,False
CONTROL__7179__2025061605,7179,2025-06-16 05:00:00,2025-06-16 02:00:00,2025-06-16 08:00:00,NORMAL,GROUP__7179__0021,CONTROL,43.0,47.0,113.0,192.0,321.0,343.0,358.0,False
CONTROL__7179__2025021005,7179,2025-02-10 05:00:00,2025-02-10 02:00:00,2025-02-10 08:00:00,NORMAL,GROUP__7179__0021,CONTROL,0.0,0.0,0.0,0.0,0.0,0.0,0.0,True
CONTROL__51235__2025021008,51235,2025-02-10 08:00:00,2025-02-10 05:00:00,2025-02-10 11:00:00,NORMAL,GROUP__51235__0015,CONTROL,0.0,0.0,0.0,0.0,0.0,0.0,0.0,True
CONTROL__51235__2025040708,51235,2025-04-07 08:00:00,2025-04-07 05:00:00,2025-04-07 11:00:00,NORMAL,GROUP__51235__0015,CONTROL,1149.0,2216.0,2072.0,2056.0,1768.0,1490.0,1398.0,False
CONTROL__7132__2025070722,7132,2025-07-07 22:00:00,2025-07-07 19:00:00,2025-07-08 01:00:00,NORMAL,GROUP__7132__0014,CONTROL,26.0,14.0,18.0,13.0,14.0,81.0,65.0,False
CONTROL__7132__2025021722,7132,2025-02-17 22:00:00,2025-02-17 19:00:00,2025-02-18 01:00:00,NORMAL,GROUP__7132__0014,CONTROL,0.0,0.0,0.0,0.0,0.0,0.0,0.0,True
CONTROL__34016__2025090905,34016,2025-09-09 05:00:00,2025-09-09 02:00:00,2025-09-09 08:00:00,NORMAL,GROUP__34016__0006,CONTROL,0.0,0.0,0.0,0.0,1.0,2.0,2.0,False
CONTROL__34016__2025052705,34016,2025-05-27 05:00:00,2025-05-27 02:00:00,2025-05-27 08:00:00,NORMAL,GROUP__34016__0006,CONTROL,33.0,51.0,153.0,568.0,1464.0,1406.0,1578.0,False
CONTROL__68025__2025061705,68025,2025-06-17 05:00:00,2025-06-17 02:00:00,2025-06-17 08:00:00,NORMAL,GROUP__68025__0014,CONTROL,58.0,63.0,132.0,317.0,618.0,731.0,923.0,False
CONTROL__68025__2025021805,68025,2025-02-18 05:00:00,2025-02-18 02:00:00,2025-02-18 08:00:00,NORMAL,GROUP__68025__0014,CONTROL,0.0,0.0,0.0,0.0,0.0,0.0,0.0,True
CONTROL__50240__2025121606,50240,2025-12-16 06:00:00,2025-12-16 03:00:00,2025-12-16 09:00:00,NORMAL,GROUP__50240__0017,CONTROL,63.0,104.0,174.0,253.0,191.0,162.0,213.0,False
CONTROL__50240__2025021806,50240,2025-02-18 06:00:00,2025-02-18 03:00:00,2025-02-18 09:00:00,NORMAL,GROUP__50240__0017,CONTROL,0.0,0.0,0.0,0.0,0.0,0.0,0.0,True
CONTROL__7161__2025021815,7161,2025-02-18 15:00:00,2025-02-18 12:00:00,2025-02-18 18:00:00,NORMAL,GROUP__7161__0009,CONTROL,0.0,0.0,0.0,0.0,0.0,0.0,0.0,True
CONTROL__7161__2025102115,7161,2025-10-21 15:00:00,2025-10-21 12:00:00,2025-10-21 18:00:00,NORMAL,GROUP__7161__0009,CONTROL,179.0,169.0,169.0,192.0,165.0,136.0,100.0,False
CONTROL__F3FWY006__2025111203,F3FWY006,2025-11-12 03:00:00,2025-11-12 00:00:00,2025-11-12 06:00:00,NORMAL,GROUP__F3FWY006__0003,CONTROL,0.0,0.0,0.0,0.0,0.0,0.0,0.0,True
CONTROL__F3FWY006__2025080603,F3FWY006,2025-08-06 03:00:00,2025-08-06 00:00:00,2025-08-06 06:00:00,NORMAL,GROUP__F3FWY006__0003,CONTROL,0.0,0.0,0.0,0.0,0.0,0.0,27.0,False
CONTROL__7248__2025030518,7248,2025-03-05 18:00:00,2025-03-05 15:00:00,2025-03-05 21:00:00,NORMAL,GROUP__7248__0014,CONTROL,945.0,917.0,839.0,943.0,669.0,621.0,680.0,False
CONTROL__7248__2025100118,7248,2025-10-01 18:00:00,2025-10-01 15:00:00,2025-10-01 21:00:00,NORMAL,GROUP__7248__0014,CONTROL,891.0,1022.0,955.0,896.0,813.0,716.0,627.0,False
CONTROL__33014__2025081321,33014,2025-08-13 21:00:00,2025-08-13 18:00:00,2025-08-14 00:00:00,NORMAL,GROUP__33014__0013,CONTROL,0.0,0.0,0.0,0.0,0.0,0.0,0.0,True
CONTROL__33014__2025120321,33014,2025-12-03 21:00:00,2025-12-03 18:00:00,2025-12-04 00:00:00,NORMAL,GROUP__33014__0013,CONTROL,0.0,0.0,0.0,0.0,0.0,0.0,0.0,True
CONTROL__7179__2025091803,7179,2025-09-18 03:00:00,2025-09-18 00:00:00,2025-09-18 06:00:00,NORMAL,GROUP__7179__0022,CONTROL,55.0,55.0,66.0,67.0,112.0,217.0,296.0,False
CONTROL__7179__2025081403,7179,2025-08-14 03:00:00,2025-08-14 00:00:00,2025-08-14 06:00:00,NORMAL,GROUP__7179__0022,CONTROL,293.0,180.0,159.0,202.0,375.0,860.0,1329.0,False
CONTROL__10011__2025041708,10011,2025-04-17 08:00:00,2025-04-17 05:00:00,2025-04-17 11:00:00,NORMAL,GROUP__10011__0014,CONTROL,0.0,0.0,0.0,0.0,0.0,0.0,0.0,True
CONTROL__10011__2025112008,10011,2025-11-20 08:00:00,2025-11-20 05:00:00,2025-11-20 11:00:00,NORMAL,GROUP__10011__0014,CONTROL,0.0,0.0,0.0,0.0,0.0,0.0,0.0,True
CONTROL__7139__2025011608,7139,2025-01-16 08:00:00,2025-01-16 05:00:00,2025-01-16 11:00:00,NORMAL,GROUP__7139__0014,CONTROL,9.0,18.0,25.0,28.0,35.0,35.0,28.0,False
CONTROL__7139__2025041708,7139,2025-04-17 08:00:00,2025-04-17 05:00:00,2025-04-17 11:00:00,NORMAL,GROUP__7139__0014,CONTROL,70.0,166.0,221.0,287.0,329.0,351.0,337.0,False
CONTROL__68025__2025101619,68025,2025-10-16 19:00:00,2025-10-16 16:00:00,2025-10-16 22:00:00,NORMAL,GROUP__68025__0015,CONTROL,70.0,60.0,43.0,32.0,20.0,21.0,14.0,False
CONTROL__68025__2025061919,68025,2025-06-19 19:00:00,2025-06-19 16:00:00,2025-06-19 22:00:00,NORMAL,GROUP__68025__0015,CONTROL,1429.0,1542.0,1383.0,899.0,897.0,902.0,534.0,False
CONTROL__74230__2025071021,74230,2025-07-10 21:00:00,2025-07-10 18:00:00,2025-07-11 00:00:00,NORMAL,GROUP__74230__0003,CONTROL,3.0,13.0,5.0,6.0,3.0,1.0,9.0,False
CONTROL__74230__2025021321,74230,2025-02-13 21:00:00,2025-02-13 18:00:00,2025-02-14 00:00:00,NORMAL,GROUP__74230__0003,CONTROL,0.0,0.0,0.0,0.0,0.0,0.0,0.0,True
CONTROL__50240__2025080103,50240,2025-08-01 03:00:00,2025-08-01 00:00:00,2025-08-01 06:00:00,NORMAL,GROUP__50240__0018,CONTROL,43.0,30.0,53.0,53.0,72.0,162.0,317.0,False
CONTROL__50240__2025030703,50240,2025-03-07 03:00:00,2025-03-07 00:00:00,2025-03-07 06:00:00,NORMAL,GROUP__50240__0018,CONTROL,0.0,0.0,0.0,0.0,0.0,0.0,0.0,True
CONTROL__7163__2025032104,7163,2025-03-21 04:00:00,2025-03-21 01:00:00,2025-03-21 07:00:00,NORMAL,GROUP__7163__0010,CONTROL,13.0,10.0,9.0,21.0,55.0,106.0,111.0,False
CONTROL__7163__2025111404,7163,2025-11-14 04:00:00,2025-11-14 01:00:00,2025-11-14 07:00:00,NORMAL,GROUP__7163__0010,CONTROL,9.0,9.0,10.0,23.0,54.0,125.0,122.0,False
CONTROL__22001__2025122608,22001,2025-12-26 08:00:00,2025-12-26 05:00:00,2025-12-26 11:00:00,NORMAL,GROUP__22001__0006,CONTROL,0.0,0.0,0.0,0.0,0.0,0.0,0.0,True
CONTROL__22001__2025012408,22001,2025-01-24 08:00:00,2025-01-24 05:00:00,2025-01-24 11:00:00,NORMAL,GROUP__22001__0006,CONTROL,1111.0,1286.0,1233.0,1156.0,1181.0,1122.0,1264.0,False
CONTROL__7274__2025011721,7274,2025-01-17 21:00:00,2025-01-17 18:00:00,2025-01-18 00:00:00,NORMAL,GROUP__7274__0012,CONTROL,60.0,65.0,34.0,39.0,38.0,32.0,0.0,False
CONTROL__7274__2025030721,7274,2025-03-07 21:00:00,2025-03-07 18:00:00,2025-03-08 00:00:00,NORMAL,GROUP__7274__0012,CONTROL,836.0,713.0,601.0,586.0,448.0,304.0,0.0,False
CONTROL__7270__2025011100,7270,2025-01-11 00:00:00,2025-01-10 21:00:00,2025-01-11 03:00:00,NORMAL,GROUP__7270__0003,CONTROL,771.0,652.0,397.0,15.0,19.0,21.0,18.0,False
CONTROL__7270__2025052400,7270,2025-05-24 00:00:00,2025-05-23 21:00:00,2025-05-24 03:00:00,NORMAL,GROUP__7270__0003,CONTROL,59.0,36.0,44.0,294.0,192.0,120.0,108.0,False
CONTROL__10011__2025071901,10011,2025-07-19 01:00:00,2025-07-18 22:00:00,2025-07-19 04:00:00,NORMAL,GROUP__10011__0015,CONTROL,0.0,0.0,0.0,0.0,0.0,0.0,0.0,True
CONTROL__10011__2025121301,10011,2025-12-13 01:00:00,2025-12-12 22:00:00,2025-12-13 04:00:00,NORMAL,GROUP__10011__0015,CONTROL,0.0,0.0,0.0,0.0,0.0,0.0,0.0,True
CONTROL__7139__2025101801,7139,2025-10-18 01:00:00,2025-10-17 22:00:00,2025-10-18 04:00:00,NORMAL,GROUP__7139__0015,CONTROL,1269.0,1042.0,679.0,457.0,329.0,251.0,242.0,False
CONTROL__7139__2025071901,7139,2025-07-19 01:00:00,2025-07-18 22:00:00,2025-07-19 04:00:00,NORMAL,GROUP__7139__0015,CONTROL,1097.0,798.0,487.0,329.0,252.0,219.0,163.0,False
CONTROL__F3FWY001__2025121319,F3FWY001,2025-12-13 19:00:00,2025-12-13 16:00:00,2025-12-13 22:00:00,NORMAL,GROUP__F3FWY001__0004,CONTROL,2733.0,2465.0,2000.0,1433.0,1162.0,1071.0,1094.0,False
CONTROL__F3FWY001__2025011119,F3FWY001,2025-01-11 19:00:00,2025-01-11 16:00:00,2025-01-11 22:00:00,NORMAL,GROUP__F3FWY001__0004,CONTROL,0.0,0.0,0.0,0.0,0.0,0.0,0.0,True
CONTROL__33014__2025020210,33014,2025-02-02 10:00:00,2025-02-02 07:00:00,2025-02-02 13:00:00,NORMAL,GROUP__33014__0014,CONTROL,0.0,0.0,0.0,0.0,0.0,0.0,0.0,True
CONTROL__33014__2025082410,33014,2025-08-24 10:00:00,2025-08-24 07:00:00,2025-08-24 13:00:00,NORMAL,GROUP__33014__0014,CONTROL,0.0,0.0,0.0,0.0,0.0,0.0,0.0,True
CONTROL__F3FWY003__2025071321,F3FWY003,2025-07-13 21:00:00,2025-07-13 18:00:00,2025-07-14 00:00:00,NORMAL,GROUP__F3FWY003__0019,CONTROL,0.0,0.0,0.0,0.0,0.0,0.0,0.0,True
CONTROL__F3FWY003__2025110921,F3FWY003,2025-11-09 21:00:00,2025-11-09 18:00:00,2025-11-10 00:00:00,NORMAL,GROUP__F3FWY003__0019,CONTROL,1740.0,1494.0,1229.0,812.0,730.0,343.0,65.0,False
CONTROL__29005__2025120108,29005,2025-12-01 08:00:00,2025-12-01 05:00:00,2025-12-01 11:00:00,NORMAL,GROUP__29005__0008,CONTROL,168.0,336.0,306.0,278.0,385.0,398.0,396.0,False
CONTROL__29005__2025120808,29005,2025-12-08 08:00:00,2025-12-08 05:00:00,2025-12-08 11:00:00,NORMAL,GROUP__29005__0008,CONTROL,178.0,379.0,344.0,365.0,406.0,414.0,418.0,False
CONTROL__T0288__2025062402,T0288,2025-06-24 02:00:00,2025-06-23 23:00:00,2025-06-24 05:00:00,NORMAL,GROUP__T0288__0003,CONTROL,0.0,0.0,0.0,0.0,0.0,0.0,0.0,True
CONTROL__T0288__2025021102,T0288,2025-02-11 02:00:00,2025-02-10 23:00:00,2025-02-11 05:00:00,NORMAL,GROUP__T0288__0003,CONTROL,0.0,0.0,0.0,0.0,0.0,0.0,0.0,True
CONTROL__T0289__2025071502,T0289,2025-07-15 02:00:00,2025-07-14 23:00:00,2025-07-15 05:00:00,NORMAL,GROUP__T0289__0003,CONTROL,0.0,0.0,0.0,0.0,0.0,0.0,0.0,True
CONTROL__T0289__2025082602,T0289,2025-08-26 02:00:00,2025-08-25 23:00:00,2025-08-26 05:00:00,NORMAL,GROUP__T0289__0003,CONTROL,0.0,0.0,0.0,0.0,0.0,0.0,0.0,True
CONTROL__T0290__2025070802,T0290,2025-07-08 02:00:00,2025-07-07 23:00:00,2025-07-08 05:00:00,NORMAL,GROUP__T0290__0003,CONTROL,103.0,1.0,3.0,2.0,0.0,0.0,0.0,False
CONTROL__T0290__2025082602,T0290,2025-08-26 02:00:00,2025-08-25 23:00:00,2025-08-26 05:00:00,NORMAL,GROUP__T0290__0003,CONTROL,113.0,0.0,0.0,0.0,0.0,0.0,0.0,False
CONTROL__T0479-PR__2025091602,T0479-PR,2025-09-16 02:00:00,2025-09-15 23:00:00,2025-09-16 05:00:00,NORMAL,GROUP__T0479-PR__0003,CONTROL,13.0,20.0,18.0,11.0,23.0,46.0,147.0,False
CONTROL__T0479-PR__2025061702,T0479-PR,2025-06-17 02:00:00,2025-06-16 23:00:00,2025-06-17 05:00:00,NORMAL,GROUP__T0479-PR__0003,CONTROL,192.0,56.0,71.0,96.0,221.0,781.0,2269.0,False
CONTROL__7179__2025042903,7179,2025-04-29 03:00:00,2025-04-29 00:00:00,2025-04-29 06:00:00,NORMAL,GROUP__7179__0023,CONTROL,49.0,31.0,33.0,71.0,84.0,210.0,328.0,False
CONTROL__7179__2025012103,7179,2025-01-21 03:00:00,2025-01-21 00:00:00,2025-01-21 06:00:00,NORMAL,GROUP__7179__0023,CONTROL,321.0,172.0,146.0,220.0,424.0,840.0,1292.0,False
CONTROL__7132__2025061706,7132,2025-06-17 06:00:00,2025-06-17 03:00:00,2025-06-17 09:00:00,NORMAL,GROUP__7132__0015,CONTROL,128.0,372.0,1132.0,2056.0,2176.0,1959.0,1398.0,False
CONTROL__7132__2025021806,7132,2025-02-18 06:00:00,2025-02-18 03:00:00,2025-02-18 09:00:00,NORMAL,GROUP__7132__0015,CONTROL,0.0,0.0,0.0,0.0,0.0,0.0,0.0,True
CONTROL__7164__2025110406,7164,2025-11-04 06:00:00,2025-11-04 03:00:00,2025-11-04 09:00:00,NORMAL,GROUP__7164__0007,CONTROL,6.0,21.0,64.0,102.0,113.0,109.0,117.0,False
CONTROL__7164__2025051306,7164,2025-05-13 06:00:00,2025-05-13 03:00:00,2025-05-13 09:00:00,NORMAL,GROUP__7164__0007,CONTROL,9.0,24.0,44.0,113.0,104.0,130.0,123.0,False
CONTROL__23067__2025042206,23067,2025-04-22 06:00:00,2025-04-22 03:00:00,2025-04-22 09:00:00,NORMAL,GROUP__23067__0010,CONTROL,22.0,31.0,52.0,82.0,102.0,111.0,98.0,False
CONTROL__23067__2025022506,23067,2025-02-25 06:00:00,2025-02-25 03:00:00,2025-02-25 09:00:00,NORMAL,GROUP__23067__0010,CONTROL,0.0,0.0,0.0,0.0,0.0,0.0,0.0,True
CONTROL__53004__2025072208,53004,2025-07-22 08:00:00,2025-07-22 05:00:00,2025-07-22 11:00:00,NORMAL,GROUP__53004__0012,CONTROL,83.0,236.0,167.0,119.0,124.0,128.0,138.0,False
CONTROL__53004__2025061708,53004,2025-06-17 08:00:00,2025-06-17 05:00:00,2025-06-17 11:00:00,NORMAL,GROUP__53004__0012,CONTROL,106.0,244.0,192.0,161.0,159.0,131.0,127.0,False
CONTROL__7251__2025020408,7251,2025-02-04 08:00:00,2025-02-04 05:00:00,2025-02-04 11:00:00,NORMAL,GROUP__7251__0011,CONTROL,0.0,0.0,0.0,0.0,0.0,0.0,0.0,True
CONTROL__7251__2025101408,7251,2025-10-14 08:00:00,2025-10-14 05:00:00,2025-10-14 11:00:00,NORMAL,GROUP__7251__0011,CONTROL,234.0,441.0,864.0,869.0,664.0,700.0,688.0,False
CONTROL__10011__2025070812,10011,2025-07-08 12:00:00,2025-07-08 09:00:00,2025-07-08 15:00:00,NORMAL,GROUP__10011__0016,CONTROL,0.0,0.0,0.0,0.0,0.0,0.0,0.0,True
CONTROL__10011__2025080512,10011,2025-08-05 12:00:00,2025-08-05 09:00:00,2025-08-05 15:00:00,NORMAL,GROUP__10011__0016,CONTROL,0.0,0.0,0.0,0.0,0.0,0.0,0.0,True
CONTROL__7139__2025110412,7139,2025-11-04 12:00:00,2025-11-04 09:00:00,2025-11-04 15:00:00,NORMAL,GROUP__7139__0016,CONTROL,341.0,378.0,376.0,385.0,353.0,383.0,383.0,False
CONTROL__7139__2025082612,7139,2025-08-26 12:00:00,2025-08-26 09:00:00,2025-08-26 15:00:00,NORMAL,GROUP__7139__0016,CONTROL,2504.0,2099.0,2027.0,2115.0,2099.0,2318.0,2680.0,False
CONTROL__7184__2025031122,7184,2025-03-11 22:00:00,2025-03-11 19:00:00,2025-03-12 01:00:00,NORMAL,GROUP__7184__0016,CONTROL,0.0,0.0,0.0,0.0,0.0,25.0,28.0,False
CONTROL__7184__2025101422,7184,2025-10-14 22:00:00,2025-10-14 19:00:00,2025-10-15 01:00:00,NORMAL,GROUP__7184__0016,CONTROL,1317.0,1004.0,716.0,511.0,273.0,132.0,91.0,False
CONTROL__7274__2025102823,7274,2025-10-28 23:00:00,2025-10-28 20:00:00,2025-10-29 02:00:00,NORMAL,GROUP__7274__0013,CONTROL,39.0,46.0,35.0,22.0,21.0,8.0,20.0,False
CONTROL__7274__2025031123,7274,2025-03-11 23:00:00,2025-03-11 20:00:00,2025-03-12 02:00:00,NORMAL,GROUP__7274__0013,CONTROL,36.0,35.0,27.0,23.0,94.0,70.0,74.0,False
CONTROL__7161__2025050703,7161,2025-05-07 03:00:00,2025-05-07 00:00:00,2025-05-07 06:00:00,NORMAL,GROUP__7161__0010,CONTROL,116.0,78.0,101.0,147.0,78.0,91.0,148.0,False
CONTROL__7161__2025073003,7161,2025-07-30 03:00:00,2025-07-30 00:00:00,2025-07-30 06:00:00,NORMAL,GROUP__7161__0010,CONTROL,11.0,14.0,5.0,20.0,26.0,96.0,147.0,False
CONTROL__7164__2025123111,7164,2025-12-31 11:00:00,2025-12-31 08:00:00,2025-12-31 14:00:00,NORMAL,GROUP__7164__0008,CONTROL,125.0,209.0,148.0,182.0,206.0,187.0,162.0,False
CONTROL__7164__2025052111,7164,2025-05-21 11:00:00,2025-05-21 08:00:00,2025-05-21 14:00:00,NORMAL,GROUP__7164__0008,CONTROL,1063.0,1235.0,805.0,537.0,591.0,530.0,712.0,False
CONTROL__23067__2025010112,23067,2025-01-01 12:00:00,2025-01-01 09:00:00,2025-01-01 15:00:00,NORMAL,GROUP__23067__0011,CONTROL,38.0,50.0,48.0,29.0,26.0,34.0,27.0,False
CONTROL__23067__2025101512,23067,2025-10-15 12:00:00,2025-10-15 09:00:00,2025-10-15 15:00:00,NORMAL,GROUP__23067__0011,CONTROL,130.0,119.0,122.0,107.0,125.0,118.0,122.0,False
CONTROL__50240__2025102216,50240,2025-10-22 16:00:00,2025-10-22 13:00:00,2025-10-22 19:00:00,NORMAL,GROUP__50240__0019,CONTROL,1972.0,2159.0,2337.0,2143.0,1896.0,1886.0,0.0,False
CONTROL__50240__2025032616,50240,2025-03-26 16:00:00,2025-03-26 13:00:00,2025-03-26 19:00:00,NORMAL,GROUP__50240__0019,CONTROL,2241.0,2516.0,2685.0,2573.0,2486.0,2694.0,2330.0,False
CONTROL__7179__2025050722,7179,2025-05-07 22:00:00,2025-05-07 19:00:00,2025-05-08 01:00:00,NORMAL,GROUP__7179__0024,CONTROL,184.0,120.0,114.0,44.0,57.0,294.0,180.0,False
CONTROL__7179__2025111922,7179,2025-11-19 22:00:00,2025-11-19 19:00:00,2025-11-20 01:00:00,NORMAL,GROUP__7179__0024,CONTROL,172.0,143.0,113.0,86.0,61.0,347.0,230.0,False
CONTROL__7251__2025020604,7251,2025-02-06 04:00:00,2025-02-06 01:00:00,2025-02-06 07:00:00,NORMAL,GROUP__7251__0012,CONTROL,0.0,0.0,0.0,0.0,0.0,0.0,0.0,True
CONTROL__7251__2025120404,7251,2025-12-04 04:00:00,2025-12-04 01:00:00,2025-12-04 07:00:00,NORMAL,GROUP__7251__0012,CONTROL,0.0,0.0,0.0,0.0,0.0,0.0,0.0,True
CONTROL__51235__2025110605,51235,2025-11-06 05:00:00,2025-11-06 02:00:00,2025-11-06 08:00:00,NORMAL,GROUP__51235__0016,CONTROL,19.0,22.0,47.0,159.0,380.0,237.0,218.0,False
CONTROL__51235__2025061205,51235,2025-06-12 05:00:00,2025-06-12 02:00:00,2025-06-12 08:00:00,NORMAL,GROUP__51235__0016,CONTROL,9.0,25.0,46.0,161.0,354.0,231.0,204.0,False
CONTROL__51235__2025040305,51235,2025-04-03 05:00:00,2025-04-03 02:00:00,2025-04-03 08:00:00,NORMAL,GROUP__51235__0016,CONTROL,11.0,17.0,34.0,142.0,312.0,251.0,222.0,False
CONTROL__51235__2025072405,51235,2025-07-24 05:00:00,2025-07-24 02:00:00,2025-07-24 08:00:00,NORMAL,GROUP__51235__0016,CONTROL,15.0,24.0,43.0,131.0,317.0,272.0,204.0,False
CONTROL__7161__2025082805,7161,2025-08-28 05:00:00,2025-08-28 02:00:00,2025-08-28 08:00:00,NORMAL,GROUP__7161__0011,CONTROL,14.0,21.0,36.0,105.0,148.0,139.0,167.0,False
CONTROL__7161__2025022705,7161,2025-02-27 05:00:00,2025-02-27 02:00:00,2025-02-27 08:00:00,NORMAL,GROUP__7161__0011,CONTROL,0.0,0.0,0.0,0.0,0.0,0.0,0.0,True
CONTROL__29005__2025122509,29005,2025-12-25 09:00:00,2025-12-25 06:00:00,2025-12-25 12:00:00,NORMAL,GROUP__29005__0009,CONTROL,218.0,311.0,425.0,653.0,875.0,1046.0,0.0,False
CONTROL__29005__2025100909,29005,2025-10-09 09:00:00,2025-10-09 06:00:00,2025-10-09 12:00:00,NORMAL,GROUP__29005__0009,CONTROL,340.0,332.0,319.0,366.0,409.0,437.0,401.0,False
CONTROL__68025__2025041722,68025,2025-04-17 22:00:00,2025-04-17 19:00:00,2025-04-18 01:00:00,NORMAL,GROUP__68025__0016,CONTROL,1011.0,1029.0,1047.0,685.0,390.0,98.0,73.0,False
CONTROL__68025__2025050122,68025,2025-05-01 22:00:00,2025-05-01 19:00:00,2025-05-02 01:00:00,NORMAL,GROUP__68025__0016,CONTROL,35.0,37.0,34.0,14.0,11.0,7.0,5.0,False
CONTROL__7168__2025010222,7168,2025-01-02 22:00:00,2025-01-02 19:00:00,2025-01-03 01:00:00,NORMAL,GROUP__7168__0012,CONTROL,0.0,0.0,0.0,0.0,0.0,12.0,10.0,False
CONTROL__7168__2025080722,7168,2025-08-07 22:00:00,2025-08-07 19:00:00,2025-08-08 01:00:00,NORMAL,GROUP__7168__0012,CONTROL,334.0,273.0,267.0,214.0,113.0,71.0,41.0,False
CONTROL__7164__2025082202,7164,2025-08-22 02:00:00,2025-08-21 23:00:00,2025-08-22 05:00:00,NORMAL,GROUP__7164__0009,CONTROL,23.0,91.0,74.0,37.0,45.0,99.0,288.0,False
CONTROL__7164__2025103102,7164,2025-10-31 02:00:00,2025-10-30 23:00:00,2025-10-31 05:00:00,NORMAL,GROUP__7164__0009,CONTROL,0.0,24.0,78.0,47.0,46.0,95.0,306.0,False
CONTROL__7112__2025022805,7112,2025-02-28 05:00:00,2025-02-28 02:00:00,2025-02-28 08:00:00,NORMAL,GROUP__7112__0018,CONTROL,0.0,0.0,0.0,0.0,0.0,0.0,0.0,True
CONTROL__7112__2025091905,7112,2025-09-19 05:00:00,2025-09-19 02:00:00,2025-09-19 08:00:00,NORMAL,GROUP__7112__0018,CONTROL,26.0,33.0,64.0,115.0,276.0,251.0,248.0,False
CONTROL__33014__2025022105,33014,2025-02-21 05:00:00,2025-02-21 02:00:00,2025-02-21 08:00:00,NORMAL,GROUP__33014__0015,CONTROL,0.0,0.0,0.0,0.0,0.0,0.0,0.0,True
CONTROL__33014__2025042505,33014,2025-04-25 05:00:00,2025-04-25 02:00:00,2025-04-25 08:00:00,NORMAL,GROUP__33014__0015,CONTROL,6.0,14.0,7.0,9.0,12.0,21.0,12.0,False
CONTROL__T0288__2025050906,T0288,2025-05-09 06:00:00,2025-05-09 03:00:00,2025-05-09 09:00:00,NORMAL,GROUP__T0288__0004,CONTROL,111.0,164.0,287.0,309.0,286.0,321.0,286.0,False
CONTROL__T0288__2025021406,T0288,2025-02-14 06:00:00,2025-02-14 03:00:00,2025-02-14 09:00:00,NORMAL,GROUP__T0288__0004,CONTROL,0.0,0.0,0.0,0.0,0.0,0.0,0.0,True
CONTROL__T0289__2025092606,T0289,2025-09-26 06:00:00,2025-09-26 03:00:00,2025-09-26 09:00:00,NORMAL,GROUP__T0289__0004,CONTROL,0.0,0.0,0.0,0.0,0.0,0.0,0.0,True
CONTROL__T0289__2025082906,T0289,2025-08-29 06:00:00,2025-08-29 03:00:00,2025-08-29 09:00:00,NORMAL,GROUP__T0289__0004,CONTROL,0.0,0.0,0.0,0.0,0.0,0.0,0.0,True
CONTROL__T0290__2025102406,T0290,2025-10-24 06:00:00,2025-10-24 03:00:00,2025-10-24 09:00:00,NORMAL,GROUP__T0290__0004,CONTROL,0.0,0.0,0.0,0.0,0.0,0.0,0.0,True
CONTROL__T0290__2025052306,T0290,2025-05-23 06:00:00,2025-05-23 03:00:00,2025-05-23 09:00:00,NORMAL,GROUP__T0290__0004,CONTROL,18.0,0.0,3.0,1.0,0.0,0.0,0.0,False
CONTROL__T0479-PR__2025050206,T0479-PR,2025-05-02 06:00:00,2025-05-02 03:00:00,2025-05-02 09:00:00,NORMAL,GROUP__T0479-PR__0004,CONTROL,24.0,47.0,156.0,306.0,353.0,269.0,244.0,False
CONTROL__T0479-PR__2025041806,T0479-PR,2025-04-18 06:00:00,2025-04-18 03:00:00,2025-04-18 09:00:00,NORMAL,GROUP__T0479-PR__0004,CONTROL,31.0,86.0,168.0,0.0,222.0,239.0,201.0,False
CONTROL__22001__2025101706,22001,2025-10-17 06:00:00,2025-10-17 03:00:00,2025-10-17 09:00:00,NORMAL,GROUP__22001__0007,CONTROL,0.0,0.0,0.0,0.0,0.0,0.0,0.0,True
CONTROL__22001__2025103106,22001,2025-10-31 06:00:00,2025-10-31 03:00:00,2025-10-31 09:00:00,NORMAL,GROUP__22001__0007,CONTROL,0.0,0.0,0.0,0.0,0.0,0.0,0.0,True
CONTROL__68025__2025053107,68025,2025-05-31 07:00:00,2025-05-31 04:00:00,2025-05-31 10:00:00,NORMAL,GROUP__68025__0017,CONTROL,105.0,223.0,380.0,505.0,683.0,916.0,1083.0,False
CONTROL__68025__2025122007,68025,2025-12-20 07:00:00,2025-12-20 04:00:00,2025-12-20 10:00:00,NORMAL,GROUP__68025__0017,CONTROL,0.0,0.0,0.0,0.0,0.0,0.0,0.0,True
CONTROL__7274__2025080922,7274,2025-08-09 22:00:00,2025-08-09 19:00:00,2025-08-10 01:00:00,NORMAL,GROUP__7274__0014,CONTROL,582.0,526.0,465.0,407.0,288.0,18.0,5.0,False
CONTROL__7274__2025122722,7274,2025-12-27 22:00:00,2025-12-27 19:00:00,2025-12-28 01:00:00,NORMAL,GROUP__7274__0014,CONTROL,471.0,422.0,383.0,336.0,217.0,158.0,114.0,False
CONTROL__7112__2025040620,7112,2025-04-06 20:00:00,2025-04-06 17:00:00,2025-04-06 23:00:00,NORMAL,GROUP__7112__0019,CONTROL,1368.0,1041.0,802.0,673.0,607.0,383.0,245.0,False
CONTROL__7112__2025011920,7112,2025-01-19 20:00:00,2025-01-19 17:00:00,2025-01-19 23:00:00,NORMAL,GROUP__7112__0019,CONTROL,1225.0,1022.0,813.0,708.0,671.0,465.0,284.0,False
CONTROL__7179__2025092900,7179,2025-09-29 00:00:00,2025-09-28 21:00:00,2025-09-29 03:00:00,NORMAL,GROUP__7179__0025,CONTROL,81.0,68.0,53.0,315.0,186.0,144.0,198.0,False
CONTROL__7179__2025072100,7179,2025-07-21 00:00:00,2025-07-20 21:00:00,2025-07-21 03:00:00,NORMAL,GROUP__7179__0025,CONTROL,945.0,745.0,436.0,35.0,30.0,33.0,54.0,False
CONTROL__7179__2025090100,7179,2025-09-01 00:00:00,2025-08-31 21:00:00,2025-09-01 03:00:00,NORMAL,GROUP__7179__0025,CONTROL,957.0,713.0,445.0,263.0,172.0,139.0,196.0,False
CONTROL__7179__2025012000,7179,2025-01-20 00:00:00,2025-01-19 21:00:00,2025-01-20 03:00:00,NORMAL,GROUP__7179__0025,CONTROL,72.0,67.0,45.0,2.0,2.0,1.0,1.0,False
CONTROL__7179__2025090103,7179,2025-09-01 03:00:00,2025-09-01 00:00:00,2025-09-01 06:00:00,NORMAL,GROUP__7179__0025,CONTROL,263.0,172.0,139.0,196.0,390.0,880.0,1213.0,False
CONTROL__7179__2025052603,7179,2025-05-26 03:00:00,2025-05-26 00:00:00,2025-05-26 06:00:00,NORMAL,GROUP__7179__0025,CONTROL,316.0,167.0,139.0,205.0,417.0,965.0,1282.0,False
CONTROL__9849__2025122905,9849,2025-12-29 05:00:00,2025-12-29 02:00:00,2025-12-29 08:00:00,NORMAL,GROUP__9849__0005,CONTROL,5.0,4.0,9.0,6.0,27.0,17.0,28.0,False
CONTROL__9849__2025063005,9849,2025-06-30 05:00:00,2025-06-30 02:00:00,2025-06-30 08:00:00,NORMAL,GROUP__9849__0005,CONTROL,3.0,2.0,7.0,16.0,30.0,55.0,45.0,False
CONTROL__50260__2025040706,50260,2025-04-07 06:00:00,2025-04-07 03:00:00,2025-04-07 09:00:00,NORMAL,GROUP__50260__0003,CONTROL,101.0,299.0,980.0,2088.0,2594.0,2195.0,2138.0,False
CONTROL__50260__2025052606,50260,2025-05-26 06:00:00,2025-05-26 03:00:00,2025-05-26 09:00:00,NORMAL,GROUP__50260__0003,CONTROL,24.0,53.0,146.0,364.0,368.0,325.0,350.0,False
CONTROL__7132__2025012007,7132,2025-01-20 07:00:00,2025-01-20 04:00:00,2025-01-20 10:00:00,NORMAL,GROUP__7132__0016,CONTROL,292.0,783.0,1410.0,1384.0,1310.0,1015.0,994.0,False
CONTROL__7132__2025042107,7132,2025-04-21 07:00:00,2025-04-21 04:00:00,2025-04-21 10:00:00,NORMAL,GROUP__7132__0016,CONTROL,7.0,16.0,11.0,14.0,25.0,21.0,22.0,False
CONTROL__33014__2025052608,33014,2025-05-26 08:00:00,2025-05-26 05:00:00,2025-05-26 11:00:00,NORMAL,GROUP__33014__0016,CONTROL,89.0,207.0,184.0,131.0,157.0,171.0,184.0,False
CONTROL__33014__2025091508,33014,2025-09-15 08:00:00,2025-09-15 05:00:00,2025-09-15 11:00:00,NORMAL,GROUP__33014__0016,CONTROL,0.0,0.0,0.0,0.0,0.0,0.0,0.0,True
CONTROL__50240__2025033109,50240,2025-03-31 09:00:00,2025-03-31 06:00:00,2025-03-31 12:00:00,NORMAL,GROUP__50240__0020,CONTROL,341.0,264.0,274.0,349.0,370.0,357.0,379.0,False
CONTROL__50240__2025061609,50240,2025-06-16 09:00:00,2025-06-16 06:00:00,2025-06-16 12:00:00,NORMAL,GROUP__50240__0020,CONTROL,2077.0,2185.0,2205.0,2048.0,1830.0,1833.0,1910.0,False
CONTROL__F3FWY002__2025052621,F3FWY002,2025-05-26 21:00:00,2025-05-26 18:00:00,2025-05-27 00:00:00,NORMAL,GROUP__F3FWY002__0002,CONTROL,260.0,251.0,202.0,243.0,168.0,173.0,105.0,False
CONTROL__F3FWY002__2025120121,F3FWY002,2025-12-01 21:00:00,2025-12-01 18:00:00,2025-12-02 00:00:00,NORMAL,GROUP__F3FWY002__0002,CONTROL,0.0,0.0,0.0,0.0,0.0,0.0,0.0,True
CONTROL__53004__2025071504,53004,2025-07-15 04:00:00,2025-07-15 01:00:00,2025-07-15 07:00:00,NORMAL,GROUP__53004__0013,CONTROL,14.0,9.0,12.0,32.0,96.0,245.0,208.0,False
CONTROL__53004__2025031804,53004,2025-03-18 04:00:00,2025-03-18 01:00:00,2025-03-18 07:00:00,NORMAL,GROUP__53004__0013,CONTROL,14.0,12.0,18.0,40.0,114.0,238.0,193.0,False
CONTROL__9658__2025100705,9658,2025-10-07 05:00:00,2025-10-07 02:00:00,2025-10-07 08:00:00,NORMAL,GROUP__9658__0011,CONTROL,20.0,30.0,42.0,77.0,138.0,108.0,115.0,False
CONTROL__9658__2025081205,9658,2025-08-12 05:00:00,2025-08-12 02:00:00,2025-08-12 08:00:00,NORMAL,GROUP__9658__0011,CONTROL,30.0,39.0,48.0,101.0,151.0,136.0,117.0,False
CONTROL__7112__2025042912,7112,2025-04-29 12:00:00,2025-04-29 09:00:00,2025-04-29 15:00:00,NORMAL,GROUP__7112__0020,CONTROL,971.0,881.0,949.0,994.0,1055.0,1126.0,1091.0,False
CONTROL__7112__2025030412,7112,2025-03-04 12:00:00,2025-03-04 09:00:00,2025-03-04 15:00:00,NORMAL,GROUP__7112__0020,CONTROL,1067.0,983.0,901.0,1029.0,1141.0,1182.0,1231.0,False
CONTROL__10011__2025010722,10011,2025-01-07 22:00:00,2025-01-07 19:00:00,2025-01-08 01:00:00,NORMAL,GROUP__10011__0017,CONTROL,817.0,668.0,629.0,449.0,225.0,119.0,77.0,False
CONTROL__10011__2025031122,10011,2025-03-11 22:00:00,2025-03-11 19:00:00,2025-03-12 01:00:00,NORMAL,GROUP__10011__0017,CONTROL,1334.0,1168.0,963.0,645.0,331.0,6.0,6.0,False
CONTROL__7139__2025012122,7139,2025-01-21 22:00:00,2025-01-21 19:00:00,2025-01-22 01:00:00,NORMAL,GROUP__7139__0017,CONTROL,78.0,55.0,36.0,28.0,21.0,34.0,14.0,False
CONTROL__7139__2025121622,7139,2025-12-16 22:00:00,2025-12-16 19:00:00,2025-12-17 01:00:00,NORMAL,GROUP__7139__0017,CONTROL,1537.0,1299.0,1277.0,934.0,496.0,243.0,145.0,False
CONTROL__53003__2025030423,53003,2025-03-04 23:00:00,2025-03-04 20:00:00,2025-03-05 02:00:00,NORMAL,GROUP__53003__0007,CONTROL,55.0,67.0,33.0,39.0,26.0,19.0,27.0,False
CONTROL__53003__2025040123,53003,2025-04-01 23:00:00,2025-04-01 20:00:00,2025-04-02 02:00:00,NORMAL,GROUP__53003__0007,CONTROL,66.0,45.0,44.0,34.0,0.0,0.0,0.0,False
CONTROL__T0288__2025101500,T0288,2025-10-15 00:00:00,2025-10-14 21:00:00,2025-10-15 03:00:00,NORMAL,GROUP__T0288__0005,CONTROL,0.0,0.0,0.0,0.0,0.0,0.0,0.0,True
CONTROL__T0288__2025052800,T0288,2025-05-28 00:00:00,2025-05-27 21:00:00,2025-05-28 03:00:00,NORMAL,GROUP__T0288__0005,CONTROL,0.0,3.0,0.0,84.0,83.0,84.0,100.0,False
CONTROL__T0289__2025051400,T0289,2025-05-14 00:00:00,2025-05-13 21:00:00,2025-05-14 03:00:00,NORMAL,GROUP__T0289__0005,CONTROL,152.0,120.0,119.0,80.0,98.0,69.0,119.0,False
CONTROL__T0289__2025120300,T0289,2025-12-03 00:00:00,2025-12-02 21:00:00,2025-12-03 03:00:00,NORMAL,GROUP__T0289__0005,CONTROL,0.0,0.0,0.0,0.0,0.0,0.0,0.0,True
CONTROL__T0290__2025031200,T0290,2025-03-12 00:00:00,2025-03-11 21:00:00,2025-03-12 03:00:00,NORMAL,GROUP__T0290__0005,CONTROL,0.0,0.0,0.0,0.0,0.0,0.0,0.0,True
CONTROL__T0290__2025032600,T0290,2025-03-26 00:00:00,2025-03-25 21:00:00,2025-03-26 03:00:00,NORMAL,GROUP__T0290__0005,CONTROL,0.0,0.0,0.0,93.0,70.0,69.0,97.0,False
CONTROL__T0479-PR__2025020500,T0479-PR,2025-02-05 00:00:00,2025-02-04 21:00:00,2025-02-05 03:00:00,NORMAL,GROUP__T0479-PR__0005,CONTROL,0.0,0.0,0.0,0.0,0.0,0.0,0.0,True
CONTROL__T0479-PR__2025073000,T0479-PR,2025-07-30 00:00:00,2025-07-29 21:00:00,2025-07-30 03:00:00,NORMAL,GROUP__T0479-PR__0005,CONTROL,34.0,31.0,16.0,124.0,82.0,66.0,49.0,False
CONTROL__74228__2025031906,74228,2025-03-19 06:00:00,2025-03-19 03:00:00,2025-03-19 09:00:00,NORMAL,GROUP__74228__0002,CONTROL,13.0,57.0,175.0,512.0,880.0,743.0,682.0,False
CONTROL__74228__2025091006,74228,2025-09-10 06:00:00,2025-09-10 03:00:00,2025-09-10 09:00:00,NORMAL,GROUP__74228__0002,CONTROL,15.0,43.0,169.0,482.0,837.0,772.0,600.0,False
CONTROL__F3FWY004__2025082707,F3FWY004,2025-08-27 07:00:00,2025-08-27 04:00:00,2025-08-27 10:00:00,NORMAL,GROUP__F3FWY004__0003,CONTROL,217.0,616.0,1468.0,1592.0,1546.0,1515.0,1696.0,False
CONTROL__F3FWY004__2025092407,F3FWY004,2025-09-24 07:00:00,2025-09-24 04:00:00,2025-09-24 10:00:00,NORMAL,GROUP__F3FWY004__0003,CONTROL,261.0,481.0,764.0,565.0,630.0,768.0,656.0,False
CONTROL__7179__2025051409,7179,2025-05-14 09:00:00,2025-05-14 06:00:00,2025-05-14 12:00:00,NORMAL,GROUP__7179__0026,CONTROL,335.0,312.0,352.0,506.0,494.0,484.0,499.0,False
CONTROL__7179__2025032609,7179,2025-03-26 09:00:00,2025-03-26 06:00:00,2025-03-26 12:00:00,NORMAL,GROUP__7179__0026,CONTROL,0.0,0.0,0.0,0.0,0.0,0.0,0.0,True
CONTROL__9849__2025091020,9849,2025-09-10 20:00:00,2025-09-10 17:00:00,2025-09-10 23:00:00,NORMAL,GROUP__9849__0006,CONTROL,62.0,53.0,24.0,26.0,18.0,4.0,5.0,False
CONTROL__9849__2025091720,9849,2025-09-17 20:00:00,2025-09-17 17:00:00,2025-09-17 23:00:00,NORMAL,GROUP__9849__0006,CONTROL,83.0,59.0,29.0,15.0,15.0,6.0,8.0,False
CONTROL__7150__2025120323,7150,2025-12-03 23:00:00,2025-12-03 20:00:00,2025-12-04 02:00:00,NORMAL,GROUP__7150__0002,CONTROL,24.0,21.0,19.0,11.0,75.0,52.0,24.0,False
CONTROL__7150__2025101523,7150,2025-10-15 23:00:00,2025-10-15 20:00:00,2025-10-16 02:00:00,NORMAL,GROUP__7150__0002,CONTROL,26.0,17.0,15.0,13.0,113.0,43.0,45.0,False
CONTROL__9658__2025052123,9658,2025-05-21 23:00:00,2025-05-21 20:00:00,2025-05-22 02:00:00,NORMAL,GROUP__9658__0012,CONTROL,650.0,557.0,513.0,295.0,162.0,92.0,65.0,False
CONTROL__9658__2025060423,9658,2025-06-04 23:00:00,2025-06-04 20:00:00,2025-06-05 02:00:00,NORMAL,GROUP__9658__0012,CONTROL,665.0,595.0,478.0,278.0,33.0,22.0,25.0,False
CONTROL__51235__2025050101,51235,2025-05-01 01:00:00,2025-04-30 22:00:00,2025-05-01 04:00:00,NORMAL,GROUP__51235__0017,CONTROL,30.0,34.0,261.0,146.0,108.0,95.0,151.0,False
CONTROL__51235__2025072401,51235,2025-07-24 01:00:00,2025-07-23 22:00:00,2025-07-24 04:00:00,NORMAL,GROUP__51235__0017,CONTROL,556.0,259.0,12.0,15.0,15.0,24.0,43.0,False
CONTROL__50240__2025090407,50240,2025-09-04 07:00:00,2025-09-04 04:00:00,2025-09-04 10:00:00,NORMAL,GROUP__50240__0021,CONTROL,716.0,2025.0,2687.0,2673.0,2426.0,2186.0,1935.0,False
CONTROL__50240__2025081407,50240,2025-08-14 07:00:00,2025-08-14 04:00:00,2025-08-14 10:00:00,NORMAL,GROUP__50240__0021,CONTROL,77.0,170.0,341.0,298.0,281.0,356.0,400.0,False
CONTROL__9834-PR__2025070309,9834-PR,2025-07-03 09:00:00,2025-07-03 06:00:00,2025-07-03 12:00:00,NORMAL,GROUP__9834-PR__0001,CONTROL,77.0,69.0,71.0,96.0,66.0,72.0,59.0,False
CONTROL__9834-PR__2025091109,9834-PR,2025-09-11 09:00:00,2025-09-11 06:00:00,2025-09-11 12:00:00,NORMAL,GROUP__9834-PR__0001,CONTROL,34.0,19.0,51.0,75.0,78.0,72.0,77.0,False
CONTROL__7270__2025080800,7270,2025-08-08 00:00:00,2025-08-07 21:00:00,2025-08-08 03:00:00,NORMAL,GROUP__7270__0004,CONTROL,58.0,59.0,39.0,155.0,83.0,80.0,155.0,False
CONTROL__7270__2025022100,7270,2025-02-21 00:00:00,2025-02-20 21:00:00,2025-02-21 03:00:00,NORMAL,GROUP__7270__0004,CONTROL,0.0,0.0,0.0,0.0,0.0,0.0,0.0,True
CONTROL__F3FWY003__2025111400,F3FWY003,2025-11-14 00:00:00,2025-11-13 21:00:00,2025-11-14 03:00:00,NORMAL,GROUP__F3FWY003__0020,CONTROL,880.0,621.0,423.0,118.0,135.0,117.0,165.0,False
CONTROL__F3FWY003__2025121900,F3FWY003,2025-12-19 00:00:00,2025-12-18 21:00:00,2025-12-19 03:00:00,NORMAL,GROUP__F3FWY003__0020,CONTROL,254.0,150.0,0.0,0.0,0.0,0.0,114.0,False
CONTROL__7126__2025021401,7126,2025-02-14 01:00:00,2025-02-13 22:00:00,2025-02-14 04:00:00,NORMAL,GROUP__7126__0007,CONTROL,0.0,0.0,0.0,0.0,0.0,0.0,0.0,True
CONTROL__7126__2025020701,7126,2025-02-07 01:00:00,2025-02-06 22:00:00,2025-02-07 04:00:00,NORMAL,GROUP__7126__0007,CONTROL,0.0,0.0,0.0,0.0,0.0,0.0,0.0,True
CONTROL__7153__2025062009,7153,2025-06-20 09:00:00,2025-06-20 06:00:00,2025-06-20 12:00:00,NORMAL,GROUP__7153__0010,CONTROL,1294.0,1443.0,1460.0,1193.0,951.0,897.0,890.0,False
CONTROL__7153__2025061309,7153,2025-06-13 09:00:00,2025-06-13 06:00:00,2025-06-13 12:00:00,NORMAL,GROUP__7153__0010,CONTROL,338.0,291.0,244.0,267.0,245.0,242.0,216.0,False
CONTROL__7248__2025101101,7248,2025-10-11 01:00:00,2025-10-10 22:00:00,2025-10-11 04:00:00,NORMAL,GROUP__7248__0015,CONTROL,76.0,59.0,199.0,67.0,64.0,98.0,163.0,False
CONTROL__7248__2025020101,7248,2025-02-01 01:00:00,2025-01-31 22:00:00,2025-02-01 04:00:00,NORMAL,GROUP__7248__0015,CONTROL,0.0,0.0,0.0,0.0,0.0,0.0,0.0,True
CONTROL__7274__2025010405,7274,2025-01-04 05:00:00,2025-01-04 02:00:00,2025-01-04 08:00:00,NORMAL,GROUP__7274__0015,CONTROL,6.0,8.0,5.0,22.0,31.0,44.0,52.0,False
CONTROL__7274__2025100405,7274,2025-10-04 05:00:00,2025-10-04 02:00:00,2025-10-04 08:00:00,NORMAL,GROUP__7274__0015,CONTROL,8.0,7.0,11.0,45.0,51.0,56.0,76.0,False
CONTROL__7168__2025050306,7168,2025-05-03 06:00:00,2025-05-03 03:00:00,2025-05-03 09:00:00,NORMAL,GROUP__7168__0013,CONTROL,42.0,46.0,103.0,176.0,264.0,334.0,383.0,False
CONTROL__7168__2025110806,7168,2025-11-08 06:00:00,2025-11-08 03:00:00,2025-11-08 09:00:00,NORMAL,GROUP__7168__0013,CONTROL,35.0,61.0,86.0,153.0,245.0,340.0,418.0,False
CONTROL__7153__2025110809,7153,2025-11-08 09:00:00,2025-11-08 06:00:00,2025-11-08 12:00:00,NORMAL,GROUP__7153__0011,CONTROL,709.0,658.0,838.0,1148.0,1327.0,1175.0,1126.0,False
CONTROL__7153__2025060709,7153,2025-06-07 09:00:00,2025-06-07 06:00:00,2025-06-07 12:00:00,NORMAL,GROUP__7153__0011,CONTROL,122.0,111.0,78.0,106.0,99.0,107.0,124.0,False
CONTROL__9658__2025042622,9658,2025-04-26 22:00:00,2025-04-26 19:00:00,2025-04-27 01:00:00,NORMAL,GROUP__9658__0013,CONTROL,2.0,2.0,3.0,1.0,1.0,268.0,169.0,False
CONTROL__9658__2025041222,9658,2025-04-12 22:00:00,2025-04-12 19:00:00,2025-04-13 01:00:00,NORMAL,GROUP__9658__0013,CONTROL,0.0,0.0,0.0,0.0,0.0,20.0,6.0,False
CONTROL__51235__2025033003,51235,2025-03-30 03:00:00,2025-03-30 00:00:00,2025-03-30 06:00:00,NORMAL,GROUP__51235__0018,CONTROL,386.0,262.0,155.0,130.0,153.0,306.0,735.0,False
CONTROL__51235__2025021603,51235,2025-02-16 03:00:00,2025-02-16 00:00:00,2025-02-16 06:00:00,NORMAL,GROUP__51235__0018,CONTROL,0.0,0.0,0.0,0.0,0.0,0.0,0.0,True
CONTROL__7270__2025122808,7270,2025-12-28 08:00:00,2025-12-28 05:00:00,2025-12-28 11:00:00,NORMAL,GROUP__7270__0005,CONTROL,400.0,676.0,653.0,911.0,1417.0,1385.0,1483.0,False
CONTROL__7270__2025030908,7270,2025-03-09 08:00:00,2025-03-09 05:00:00,2025-03-09 11:00:00,NORMAL,GROUP__7270__0005,CONTROL,294.0,580.0,627.0,869.0,1227.0,1319.0,1615.0,False
CONTROL__F3FWY003__2025090100,F3FWY003,2025-09-01 00:00:00,2025-08-31 21:00:00,2025-09-01 03:00:00,NORMAL,GROUP__F3FWY003__0021,CONTROL,107.0,95.0,85.0,117.0,72.0,56.0,117.0,False
CONTROL__F3FWY003__2025070700,F3FWY003,2025-07-07 00:00:00,2025-07-06 21:00:00,2025-07-07 03:00:00,NORMAL,GROUP__F3FWY003__0021,CONTROL,0.0,0.0,0.0,0.0,0.0,0.0,0.0,True
CONTROL__7184__2025111702,7184,2025-11-17 02:00:00,2025-11-16 23:00:00,2025-11-17 05:00:00,NORMAL,GROUP__7184__0017,CONTROL,25.0,117.0,89.0,86.0,104.0,278.0,946.0,False
CONTROL__7184__2025072102,7184,2025-07-21 02:00:00,2025-07-20 23:00:00,2025-07-21 05:00:00,NORMAL,GROUP__7184__0017,CONTROL,21.0,16.0,15.0,22.0,24.0,55.0,118.0,False
CONTROL__50250__2025051906,50250,2025-05-19 06:00:00,2025-05-19 03:00:00,2025-05-19 09:00:00,NORMAL,GROUP__50250__0003,CONTROL,3.0,11.0,66.0,103.0,109.0,113.0,60.0,False
CONTROL__50250__2025102006,50250,2025-10-20 06:00:00,2025-10-20 03:00:00,2025-10-20 09:00:00,NORMAL,GROUP__50250__0003,CONTROL,6.0,11.0,43.0,46.0,36.0,30.0,24.0,False
CONTROL__7120__2025021712,7120,2025-02-17 12:00:00,2025-02-17 09:00:00,2025-02-17 15:00:00,NORMAL,GROUP__7120__0021,CONTROL,0.0,0.0,0.0,0.0,0.0,0.0,0.0,True
CONTROL__7120__2025012012,7120,2025-01-20 12:00:00,2025-01-20 09:00:00,2025-01-20 15:00:00,NORMAL,GROUP__7120__0021,CONTROL,0.0,0.0,0.0,0.0,0.0,0.0,0.0,True
CONTROL__7121__2025121512,7121,2025-12-15 12:00:00,2025-12-15 09:00:00,2025-12-15 15:00:00,NORMAL,GROUP__7121__0021,CONTROL,155.0,200.0,218.0,251.0,196.0,214.0,234.0,False
CONTROL__7121__2025012012,7121,2025-01-20 12:00:00,2025-01-20 09:00:00,2025-01-20 15:00:00,NORMAL,GROUP__7121__0021,CONTROL,0.0,43.0,47.0,40.0,49.0,35.0,46.0,False
CONTROL__F3FWY001__2025031023,F3FWY001,2025-03-10 23:00:00,2025-03-10 20:00:00,2025-03-11 02:00:00,NORMAL,GROUP__F3FWY001__0005,CONTROL,0.0,0.0,0.0,0.0,0.0,0.0,0.0,True
CONTROL__F3FWY001__2025012723,F3FWY001,2025-01-27 23:00:00,2025-01-27 20:00:00,2025-01-28 02:00:00,NORMAL,GROUP__F3FWY001__0005,CONTROL,0.0,0.0,0.0,0.0,0.0,0.0,0.0,True
CONTROL__7179__2025120200,7179,2025-12-02 00:00:00,2025-12-01 21:00:00,2025-12-02 03:00:00,NORMAL,GROUP__7179__0027,CONTROL,139.0,86.0,83.0,329.0,190.0,131.0,226.0,False
CONTROL__7179__2025102800,7179,2025-10-28 00:00:00,2025-10-27 21:00:00,2025-10-28 03:00:00,NORMAL,GROUP__7179__0027,CONTROL,866.0,848.0,491.0,314.0,200.0,134.0,222.0,False
CONTROL__7159__2025012813,7159,2025-01-28 13:00:00,2025-01-28 10:00:00,2025-01-28 16:00:00,NORMAL,GROUP__7159__0004,CONTROL,165.0,165.0,184.0,157.0,173.0,130.0,134.0,False
CONTROL__7159__2025040113,7159,2025-04-01 13:00:00,2025-04-01 10:00:00,2025-04-01 16:00:00,NORMAL,GROUP__7159__0004,CONTROL,0.0,0.0,0.0,0.0,0.0,0.0,0.0,True
CONTROL__F3FWY002__2025040819,F3FWY002,2025-04-08 19:00:00,2025-04-08 16:00:00,2025-04-08 22:00:00,NORMAL,GROUP__F3FWY002__0003,CONTROL,467.0,411.0,229.0,219.0,191.0,168.0,164.0,False
CONTROL__F3FWY002__2025052019,F3FWY002,2025-05-20 19:00:00,2025-05-20 16:00:00,2025-05-20 22:00:00,NORMAL,GROUP__F3FWY002__0003,CONTROL,453.0,374.0,311.0,241.0,168.0,157.0,158.0,False
CONTROL__7179__2025011502,7179,2025-01-15 02:00:00,2025-01-14 23:00:00,2025-01-15 05:00:00,NORMAL,GROUP__7179__0028,CONTROL,0.0,0.0,0.0,0.0,0.0,0.0,0.0,True
CONTROL__7179__2025092402,7179,2025-09-24 02:00:00,2025-09-23 23:00:00,2025-09-24 05:00:00,NORMAL,GROUP__7179__0028,CONTROL,52.0,260.0,162.0,109.0,232.0,382.0,943.0,False
CONTROL__33014__2025091005,33014,2025-09-10 05:00:00,2025-09-10 02:00:00,2025-09-10 08:00:00,NORMAL,GROUP__33014__0017,CONTROL,0.0,0.0,0.0,0.0,0.0,0.0,0.0,True
CONTROL__33014__2025022605,33014,2025-02-26 05:00:00,2025-02-26 02:00:00,2025-02-26 08:00:00,NORMAL,GROUP__33014__0017,CONTROL,0.0,0.0,0.0,0.0,0.0,0.0,0.0,True
CONTROL__51235__2025102915,51235,2025-10-29 15:00:00,2025-10-29 12:00:00,2025-10-29 18:00:00,NORMAL,GROUP__51235__0019,CONTROL,1385.0,1426.0,1544.0,1646.0,1848.0,1883.0,1676.0,False
CONTROL__51235__2025110515,51235,2025-11-05 15:00:00,2025-11-05 12:00:00,2025-11-05 18:00:00,NORMAL,GROUP__51235__0019,CONTROL,0.0,0.0,0.0,0.0,0.0,0.0,0.0,True
CONTROL__7153__2025111222,7153,2025-11-12 22:00:00,2025-11-12 19:00:00,2025-11-13 01:00:00,NORMAL,GROUP__7153__0012,CONTROL,645.0,541.0,553.0,390.0,251.0,158.0,103.0,False
CONTROL__7153__2025090322,7153,2025-09-03 22:00:00,2025-09-03 19:00:00,2025-09-04 01:00:00,NORMAL,GROUP__7153__0012,CONTROL,641.0,548.0,524.0,313.0,164.0,92.0,78.0,False
CONTROL__7179__2025111300,7179,2025-11-13 00:00:00,2025-11-12 21:00:00,2025-11-13 03:00:00,NORMAL,GROUP__7179__0029,CONTROL,126.0,80.0,59.0,59.0,48.0,52.0,79.0,False
CONTROL__7179__2025100200,7179,2025-10-02 00:00:00,2025-10-01 21:00:00,2025-10-02 03:00:00,NORMAL,GROUP__7179__0029,CONTROL,1035.0,983.0,556.0,334.0,224.0,178.0,234.0,False
CONTROL__74229__2025051503,74229,2025-05-15 03:00:00,2025-05-15 00:00:00,2025-05-15 06:00:00,NORMAL,GROUP__74229__0001,CONTROL,6.0,3.0,9.0,5.0,11.0,48.0,124.0,False
CONTROL__74229__2025021303,74229,2025-02-13 03:00:00,2025-02-13 00:00:00,2025-02-13 06:00:00,NORMAL,GROUP__74229__0001,CONTROL,0.0,0.0,0.0,0.0,0.0,0.0,0.0,True
CONTROL__74229__2025100205,74229,2025-10-02 05:00:00,2025-10-02 02:00:00,2025-10-02 08:00:00,NORMAL,GROUP__74229__0001,CONTROL,0.0,0.0,0.0,388.0,913.0,1236.0,1288.0,False
CONTROL__74229__2025022705,74229,2025-02-27 05:00:00,2025-02-27 02:00:00,2025-02-27 08:00:00,NORMAL,GROUP__74229__0001,CONTROL,0.0,0.0,0.0,0.0,0.0,0.0,0.0,True
CONTROL__7126__2025100208,7126,2025-10-02 08:00:00,2025-10-02 05:00:00,2025-10-02 11:00:00,NORMAL,GROUP__7126__0008,CONTROL,45.0,80.0,79.0,55.0,76.0,59.0,64.0,False
CONTROL__7126__2025122508,7126,2025-12-25 08:00:00,2025-12-25 05:00:00,2025-12-25 11:00:00,NORMAL,GROUP__7126__0008,CONTROL,0.0,0.0,0.0,0.0,0.0,0.0,0.0,True
CONTROL__9834-PR__2025071013,9834-PR,2025-07-10 13:00:00,2025-07-10 10:00:00,2025-07-10 16:00:00,NORMAL,GROUP__9834-PR__0002,CONTROL,808.0,810.0,771.0,564.0,630.0,762.0,746.0,False
CONTROL__9834-PR__2025121113,9834-PR,2025-12-11 13:00:00,2025-12-11 10:00:00,2025-12-11 16:00:00,NORMAL,GROUP__9834-PR__0002,CONTROL,489.0,570.0,633.0,595.0,686.0,719.0,745.0,False
CONTROL__7163__2025122605,7163,2025-12-26 05:00:00,2025-12-26 02:00:00,2025-12-26 08:00:00,NORMAL,GROUP__7163__0011,CONTROL,0.0,0.0,0.0,0.0,0.0,0.0,0.0,True
CONTROL__7163__2025021405,7163,2025-02-14 05:00:00,2025-02-14 02:00:00,2025-02-14 08:00:00,NORMAL,GROUP__7163__0011,CONTROL,0.0,0.0,0.0,0.0,0.0,0.0,0.0,True
CONTROL__7119-PR__2025100305,7119-PR,2025-10-03 05:00:00,2025-10-03 02:00:00,2025-10-03 08:00:00,NORMAL,GROUP__7119-PR__0005,CONTROL,4.0,6.0,15.0,30.0,91.0,93.0,72.0,False
CONTROL__7119-PR__2025022105,7119-PR,2025-02-21 05:00:00,2025-02-21 02:00:00,2025-02-21 08:00:00,NORMAL,GROUP__7119-PR__0005,CONTROL,0.0,0.0,0.0,0.0,0.0,0.0,0.0,True
CONTROL__7163__2025053111,7163,2025-05-31 11:00:00,2025-05-31 08:00:00,2025-05-31 14:00:00,NORMAL,GROUP__7163__0012,CONTROL,54.0,53.0,59.0,60.0,59.0,65.0,47.0,False
CONTROL__7163__2025052411,7163,2025-05-24 11:00:00,2025-05-24 08:00:00,2025-05-24 14:00:00,NORMAL,GROUP__7163__0012,CONTROL,550.0,691.0,746.0,756.0,748.0,820.0,719.0,False
CONTROL__10011__2025053111,10011,2025-05-31 11:00:00,2025-05-31 08:00:00,2025-05-31 14:00:00,NORMAL,GROUP__10011__0018,CONTROL,0.0,0.0,0.0,0.0,0.0,0.0,0.0,True
CONTROL__10011__2025020111,10011,2025-02-01 11:00:00,2025-02-01 08:00:00,2025-02-01 14:00:00,NORMAL,GROUP__10011__0018,CONTROL,0.0,0.0,0.0,0.0,0.0,0.0,0.0,True
CONTROL__7139__2025083011,7139,2025-08-30 11:00:00,2025-08-30 08:00:00,2025-08-30 14:00:00,NORMAL,GROUP__7139__0018,CONTROL,1806.0,2435.0,2610.0,2798.0,3001.0,2988.0,2852.0,False
CONTROL__7139__2025110811,7139,2025-11-08 11:00:00,2025-11-08 08:00:00,2025-11-08 14:00:00,NORMAL,GROUP__7139__0018,CONTROL,2021.0,2459.0,2790.0,2936.0,3125.0,3028.0,2995.0,False
CONTROL__7120__2025090620,7120,2025-09-06 20:00:00,2025-09-06 17:00:00,2025-09-06 23:00:00,NORMAL,GROUP__7120__0022,CONTROL,684.0,684.0,689.0,664.0,647.0,637.0,470.0,False
CONTROL__7120__2025020820,7120,2025-02-08 20:00:00,2025-02-08 17:00:00,2025-02-08 23:00:00,NORMAL,GROUP__7120__0022,CONTROL,0.0,0.0,0.0,0.0,0.0,0.0,0.0,True
CONTROL__7121__2025080920,7121,2025-08-09 20:00:00,2025-08-09 17:00:00,2025-08-09 23:00:00,NORMAL,GROUP__7121__0022,CONTROL,14.0,14.0,20.0,19.0,16.0,12.0,16.0,False
CONTROL__7121__2025102520,7121,2025-10-25 20:00:00,2025-10-25 17:00:00,2025-10-25 23:00:00,NORMAL,GROUP__7121__0022,CONTROL,0.0,0.0,0.0,0.0,0.0,0.0,0.0,True
CONTROL__33014__2025051105,33014,2025-05-11 05:00:00,2025-05-11 02:00:00,2025-05-11 08:00:00,NORMAL,GROUP__33014__0018,CONTROL,7.0,6.0,4.0,20.0,24.0,38.0,40.0,False
CONTROL__33014__2025030905,33014,2025-03-09 05:00:00,2025-03-09 02:00:00,2025-03-09 08:00:00,NORMAL,GROUP__33014__0018,CONTROL,4.0,9.0,13.0,23.0,47.0,41.0,49.0,False
CONTROL__66249__2025110909,66249,2025-11-09 09:00:00,2025-11-09 06:00:00,2025-11-09 12:00:00,NORMAL,GROUP__66249__0001,CONTROL,10.0,10.0,26.0,29.0,32.0,41.0,41.0,False
CONTROL__66249__2025052509,66249,2025-05-25 09:00:00,2025-05-25 06:00:00,2025-05-25 12:00:00,NORMAL,GROUP__66249__0001,CONTROL,20.0,34.0,39.0,35.0,42.0,39.0,67.0,False
CONTROL__33014__2025012620,33014,2025-01-26 20:00:00,2025-01-26 17:00:00,2025-01-26 23:00:00,NORMAL,GROUP__33014__0019,CONTROL,42.0,24.0,31.0,30.0,24.0,5.0,0.0,False
CONTROL__33014__2025092820,33014,2025-09-28 20:00:00,2025-09-28 17:00:00,2025-09-28 23:00:00,NORMAL,GROUP__33014__0019,CONTROL,0.0,0.0,0.0,0.0,0.0,0.0,0.0,True
CONTROL__7163__2025022323,7163,2025-02-23 23:00:00,2025-02-23 20:00:00,2025-02-24 02:00:00,NORMAL,GROUP__7163__0013,CONTROL,0.0,0.0,0.0,0.0,0.0,0.0,0.0,True
CONTROL__7163__2025071323,7163,2025-07-13 23:00:00,2025-07-13 20:00:00,2025-07-14 02:00:00,NORMAL,GROUP__7163__0013,CONTROL,0.0,0.0,0.0,0.0,0.0,0.0,0.0,True
CONTROL__7251__2025072103,7251,2025-07-21 03:00:00,2025-07-21 00:00:00,2025-07-21 06:00:00,NORMAL,GROUP__7251__0013,CONTROL,222.0,142.0,103.0,97.0,102.0,190.0,362.0,False
CONTROL__7251__2025051903,7251,2025-05-19 03:00:00,2025-05-19 00:00:00,2025-05-19 06:00:00,NORMAL,GROUP__7251__0013,CONTROL,13.0,16.0,9.0,9.0,25.0,42.0,90.0,False
CONTROL__29005__2025031101,29005,2025-03-11 01:00:00,2025-03-10 22:00:00,2025-03-11 04:00:00,NORMAL,GROUP__29005__0010,CONTROL,1075.0,538.0,312.0,213.0,184.0,177.0,309.0,False
CONTROL__29005__2025021101,29005,2025-02-11 01:00:00,2025-02-10 22:00:00,2025-02-11 04:00:00,NORMAL,GROUP__29005__0010,CONTROL,0.0,0.0,0.0,0.0,0.0,0.0,0.0,True
CONTROL__50240__2025101403,50240,2025-10-14 03:00:00,2025-10-14 00:00:00,2025-10-14 06:00:00,NORMAL,GROUP__50240__0022,CONTROL,39.0,48.0,58.0,97.0,147.0,355.0,551.0,False
CONTROL__50240__2025082603,50240,2025-08-26 03:00:00,2025-08-26 00:00:00,2025-08-26 06:00:00,NORMAL,GROUP__50240__0022,CONTROL,337.0,210.0,179.0,162.0,336.0,1158.0,2203.0,False
CONTROL__55049__2025030406,55049,2025-03-04 06:00:00,2025-03-04 03:00:00,2025-03-04 09:00:00,NORMAL,GROUP__55049__0006,CONTROL,0.0,0.0,0.0,11.0,50.0,29.0,16.0,False
CONTROL__55049__2025090206,55049,2025-09-02 06:00:00,2025-09-02 03:00:00,2025-09-02 09:00:00,NORMAL,GROUP__55049__0006,CONTROL,0.0,0.0,0.0,0.0,0.0,603.0,911.0,False
CONTROL__7120__2025110409,7120,2025-11-04 09:00:00,2025-11-04 06:00:00,2025-11-04 12:00:00,NORMAL,GROUP__7120__0023,CONTROL,0.0,0.0,0.0,0.0,0.0,0.0,0.0,True
CONTROL__7120__2025093009,7120,2025-09-30 09:00:00,2025-09-30 06:00:00,2025-09-30 12:00:00,NORMAL,GROUP__7120__0023,CONTROL,758.0,778.0,735.0,696.0,661.0,669.0,622.0,False
CONTROL__7121__2025120209,7121,2025-12-02 09:00:00,2025-12-02 06:00:00,2025-12-02 12:00:00,NORMAL,GROUP__7121__0023,CONTROL,0.0,0.0,0.0,0.0,0.0,0.0,0.0,True
CONTROL__7121__2025062409,7121,2025-06-24 09:00:00,2025-06-24 06:00:00,2025-06-24 12:00:00,NORMAL,GROUP__7121__0023,CONTROL,200.0,337.0,403.0,388.0,392.0,408.0,379.0,False
CONTROL__9658__2025090910,9658,2025-09-09 10:00:00,2025-09-09 07:00:00,2025-09-09 13:00:00,NORMAL,GROUP__9658__0014,CONTROL,100.0,112.0,169.0,179.0,215.0,207.0,210.0,False
CONTROL__9658__2025102810,9658,2025-10-28 10:00:00,2025-10-28 07:00:00,2025-10-28 13:00:00,NORMAL,GROUP__9658__0014,CONTROL,1164.0,877.0,879.0,869.0,848.0,897.0,889.0,False
CONTROL__7270__2025082612,7270,2025-08-26 12:00:00,2025-08-26 09:00:00,2025-08-26 15:00:00,NORMAL,GROUP__7270__0006,CONTROL,1436.0,1287.0,975.0,961.0,901.0,845.0,1513.0,False
CONTROL__7270__2025102812,7270,2025-10-28 12:00:00,2025-10-28 09:00:00,2025-10-28 15:00:00,NORMAL,GROUP__7270__0006,CONTROL,1522.0,1399.0,1073.0,1271.0,1291.0,1309.0,1429.0,False
CONTROL__23067__2025010107,23067,2025-01-01 07:00:00,2025-01-01 04:00:00,2025-01-01 10:00:00,NORMAL,GROUP__23067__0012,CONTROL,22.0,41.0,46.0,53.0,52.0,38.0,50.0,False
CONTROL__23067__2025081307,23067,2025-08-13 07:00:00,2025-08-13 04:00:00,2025-08-13 10:00:00,NORMAL,GROUP__23067__0012,CONTROL,1127.0,1566.0,2263.0,2414.0,2340.0,1512.0,973.0,False
CONTROL__7179__2025091719,7179,2025-09-17 19:00:00,2025-09-17 16:00:00,2025-09-17 22:00:00,NORMAL,GROUP__7179__0030,CONTROL,394.0,287.0,258.0,190.0,139.0,103.0,71.0,False
CONTROL__7179__2025082019,7179,2025-08-20 19:00:00,2025-08-20 16:00:00,2025-08-20 22:00:00,NORMAL,GROUP__7179__0030,CONTROL,334.0,267.0,216.0,162.0,115.0,90.0,76.0,False
CONTROL__23067__2025022621,23067,2025-02-26 21:00:00,2025-02-26 18:00:00,2025-02-27 00:00:00,NORMAL,GROUP__23067__0013,CONTROL,0.0,0.0,0.0,0.0,0.0,0.0,0.0,True
CONTROL__23067__2025011521,23067,2025-01-15 21:00:00,2025-01-15 18:00:00,2025-01-16 00:00:00,NORMAL,GROUP__23067__0013,CONTROL,1444.0,1125.0,767.0,983.0,1047.0,835.0,42.0,False
CONTROL__50240__2025112700,50240,2025-11-27 00:00:00,2025-11-26 21:00:00,2025-11-27 03:00:00,NORMAL,GROUP__50240__0023,CONTROL,1304.0,820.0,475.0,68.0,69.0,68.0,80.0,False
CONTROL__50240__2025032000,50240,2025-03-20 00:00:00,2025-03-19 21:00:00,2025-03-20 03:00:00,NORMAL,GROUP__50240__0023,CONTROL,0.0,0.0,0.0,316.0,188.0,148.0,153.0,False
CONTROL__7179__2025030603,7179,2025-03-06 03:00:00,2025-03-06 00:00:00,2025-03-06 06:00:00,NORMAL,GROUP__7179__0031,CONTROL,36.0,43.0,43.0,55.0,117.0,219.0,311.0,False
CONTROL__7179__2025110603,7179,2025-11-06 03:00:00,2025-11-06 00:00:00,2025-11-06 06:00:00,NORMAL,GROUP__7179__0031,CONTROL,62.0,45.0,56.0,73.0,112.0,215.0,343.0,False
CONTROL__7153__2025112004,7153,2025-11-20 04:00:00,2025-11-20 01:00:00,2025-11-20 07:00:00,NORMAL,GROUP__7153__0013,CONTROL,41.0,34.0,68.0,90.0,212.0,378.0,243.0,False
CONTROL__7153__2025121804,7153,2025-12-18 04:00:00,2025-12-18 01:00:00,2025-12-18 07:00:00,NORMAL,GROUP__7153__0013,CONTROL,44.0,51.0,61.0,99.0,220.0,347.0,310.0,False
CONTROL__74230__2025120407,74230,2025-12-04 07:00:00,2025-12-04 04:00:00,2025-12-04 10:00:00,NORMAL,GROUP__74230__0004,CONTROL,7.0,21.0,20.0,21.0,18.0,17.0,15.0,False
CONTROL__74230__2025082807,74230,2025-08-28 07:00:00,2025-08-28 04:00:00,2025-08-28 10:00:00,NORMAL,GROUP__74230__0004,CONTROL,10.0,46.0,96.0,67.0,35.0,75.0,195.0,False
CONTROL__7112__2025051507,7112,2025-05-15 07:00:00,2025-05-15 04:00:00,2025-05-15 10:00:00,NORMAL,GROUP__7112__0021,CONTROL,69.0,115.0,241.0,255.0,216.0,213.0,242.0,False
CONTROL__7112__2025010207,7112,2025-01-02 07:00:00,2025-01-02 04:00:00,2025-01-02 10:00:00,NORMAL,GROUP__7112__0021,CONTROL,148.0,430.0,762.0,658.0,798.0,771.0,868.0,False
CONTROL__F3FWY002__2025042415,F3FWY002,2025-04-24 15:00:00,2025-04-24 12:00:00,2025-04-24 18:00:00,NORMAL,GROUP__F3FWY002__0004,CONTROL,2625.0,2656.0,2955.0,2995.0,3119.0,2896.0,2069.0,False
CONTROL__F3FWY002__2025050815,F3FWY002,2025-05-08 15:00:00,2025-05-08 12:00:00,2025-05-08 18:00:00,NORMAL,GROUP__F3FWY002__0004,CONTROL,1631.0,1878.0,2035.0,2286.0,2213.0,1943.0,1411.0,False
CONTROL__57025__2025081421,57025,2025-08-14 21:00:00,2025-08-14 18:00:00,2025-08-15 00:00:00,NORMAL,GROUP__57025__0003,CONTROL,34.0,23.0,22.0,17.0,11.0,2.0,3.0,False
CONTROL__57025__2025010221,57025,2025-01-02 21:00:00,2025-01-02 18:00:00,2025-01-03 00:00:00,NORMAL,GROUP__57025__0003,CONTROL,255.0,235.0,188.0,122.0,72.0,31.0,6.0,False
CONTROL__7179__2025092602,7179,2025-09-26 02:00:00,2025-09-25 23:00:00,2025-09-26 05:00:00,NORMAL,GROUP__7179__0032,CONTROL,59.0,341.0,215.0,165.0,216.0,398.0,911.0,False
CONTROL__7179__2025032102,7179,2025-03-21 02:00:00,2025-03-20 23:00:00,2025-03-21 05:00:00,NORMAL,GROUP__7179__0032,CONTROL,15.0,13.0,8.0,16.0,6.0,28.0,72.0,False
CONTROL__7119-PR__2025122608,7119-PR,2025-12-26 08:00:00,2025-12-26 05:00:00,2025-12-26 11:00:00,NORMAL,GROUP__7119-PR__0006,CONTROL,3.0,4.0,12.0,8.0,15.0,18.0,29.0,False
CONTROL__7119-PR__2025022808,7119-PR,2025-02-28 08:00:00,2025-02-28 05:00:00,2025-02-28 11:00:00,NORMAL,GROUP__7119-PR__0006,CONTROL,0.0,0.0,0.0,0.0,0.0,0.0,0.0,True
CONTROL__7112__2025051608,7112,2025-05-16 08:00:00,2025-05-16 05:00:00,2025-05-16 11:00:00,NORMAL,GROUP__7112__0022,CONTROL,0.0,0.0,0.0,0.0,0.0,0.0,0.0,True
CONTROL__7112__2025072508,7112,2025-07-25 08:00:00,2025-07-25 05:00:00,2025-07-25 11:00:00,NORMAL,GROUP__7112__0022,CONTROL,801.0,1524.0,1335.0,1230.0,1006.0,879.0,1003.0,False
CONTROL__7274__2025071200,7274,2025-07-12 00:00:00,2025-07-11 21:00:00,2025-07-12 03:00:00,NORMAL,GROUP__7274__0016,CONTROL,44.0,43.0,25.0,22.0,12.0,7.0,11.0,False
CONTROL__7274__2025112200,7274,2025-11-22 00:00:00,2025-11-21 21:00:00,2025-11-22 03:00:00,NORMAL,GROUP__7274__0016,CONTROL,47.0,37.0,34.0,24.0,11.0,10.0,9.0,False
CONTROL__50240__2025101801,50240,2025-10-18 01:00:00,2025-10-17 22:00:00,2025-10-18 04:00:00,NORMAL,GROUP__50240__0024,CONTROL,64.0,51.0,489.0,270.0,217.0,209.0,437.0,False
CONTROL__50240__2025022201,50240,2025-02-22 01:00:00,2025-02-21 22:00:00,2025-02-22 04:00:00,NORMAL,GROUP__50240__0024,CONTROL,0.0,0.0,0.0,0.0,0.0,0.0,0.0,True
CONTROL__7251__2025092802,7251,2025-09-28 02:00:00,2025-09-27 23:00:00,2025-09-28 05:00:00,NORMAL,GROUP__7251__0014,CONTROL,1041.0,707.0,484.0,412.0,367.0,225.0,200.0,False
CONTROL__7251__2025021602,7251,2025-02-16 02:00:00,2025-02-15 23:00:00,2025-02-16 05:00:00,NORMAL,GROUP__7251__0014,CONTROL,0.0,0.0,0.0,0.0,0.0,0.0,0.0,True
CONTROL__7275__2025060803,7275,2025-06-08 03:00:00,2025-06-08 00:00:00,2025-06-08 06:00:00,NORMAL,GROUP__7275__0003,CONTROL,316.0,208.0,159.0,138.0,100.0,106.0,146.0,False
CONTROL__7275__2025062903,7275,2025-06-29 03:00:00,2025-06-29 00:00:00,2025-06-29 06:00:00,NORMAL,GROUP__7275__0003,CONTROL,357.0,223.0,194.0,135.0,142.0,123.0,118.0,False
CONTROL__7179__2025110207,7179,2025-11-02 07:00:00,2025-11-02 04:00:00,2025-11-02 10:00:00,NORMAL,GROUP__7179__0033,CONTROL,20.0,19.0,52.0,70.0,85.0,111.0,120.0,False
CONTROL__7179__2025062207,7179,2025-06-22 07:00:00,2025-06-22 04:00:00,2025-06-22 10:00:00,NORMAL,GROUP__7179__0033,CONTROL,12.0,34.0,45.0,61.0,83.0,93.0,126.0,False
CONTROL__74229__2025011221,74229,2025-01-12 21:00:00,2025-01-12 18:00:00,2025-01-13 00:00:00,NORMAL,GROUP__74229__0002,CONTROL,10.0,13.0,17.0,6.0,4.0,4.0,29.0,False
CONTROL__74229__2025092121,74229,2025-09-21 21:00:00,2025-09-21 18:00:00,2025-09-22 00:00:00,NORMAL,GROUP__74229__0002,CONTROL,798.0,706.0,624.0,483.0,321.0,166.0,7.0,False
CONTROL__53004__2025012621,53004,2025-01-26 21:00:00,2025-01-26 18:00:00,2025-01-27 00:00:00,NORMAL,GROUP__53004__0014,CONTROL,60.0,51.0,40.0,31.0,33.0,16.0,0.0,False
CONTROL__53004__2025041321,53004,2025-04-13 21:00:00,2025-04-13 18:00:00,2025-04-14 00:00:00,NORMAL,GROUP__53004__0014,CONTROL,39.0,26.0,15.0,19.0,13.0,5.0,70.0,False
CONTROL__33014__2025011223,33014,2025-01-12 23:00:00,2025-01-12 20:00:00,2025-01-13 02:00:00,NORMAL,GROUP__33014__0020,CONTROL,20.0,16.0,11.0,0.0,86.0,71.0,48.0,False
CONTROL__33014__2025081723,33014,2025-08-17 23:00:00,2025-08-17 20:00:00,2025-08-18 02:00:00,NORMAL,GROUP__33014__0020,CONTROL,0.0,0.0,0.0,0.0,0.0,0.0,0.0,True
CONTROL__7161__2025060201,7161,2025-06-02 01:00:00,2025-06-01 22:00:00,2025-06-02 04:00:00,NORMAL,GROUP__7161__0012,CONTROL,22.0,14.0,7.0,10.0,6.0,20.0,31.0,False
CONTROL__7161__2025010601,7161,2025-01-06 01:00:00,2025-01-05 22:00:00,2025-01-06 04:00:00,NORMAL,GROUP__7161__0012,CONTROL,0.0,0.0,0.0,0.0,0.0,0.0,165.0,False
CONTROL__7248__2025092204,7248,2025-09-22 04:00:00,2025-09-22 01:00:00,2025-09-22 07:00:00,NORMAL,GROUP__7248__0016,CONTROL,46.0,55.0,60.0,115.0,217.0,278.0,202.0,False
CONTROL__7248__2025041404,7248,2025-04-14 04:00:00,2025-04-14 01:00:00,2025-04-14 07:00:00,NORMAL,GROUP__7248__0016,CONTROL,49.0,40.0,71.0,112.0,233.0,279.0,223.0,False
CONTROL__7163__2025072104,7163,2025-07-21 04:00:00,2025-07-21 01:00:00,2025-07-21 07:00:00,NORMAL,GROUP__7163__0014,CONTROL,7.0,4.0,6.0,15.0,50.0,95.0,117.0,False
CONTROL__7163__2025100604,7163,2025-10-06 04:00:00,2025-10-06 01:00:00,2025-10-06 07:00:00,NORMAL,GROUP__7163__0014,CONTROL,107.0,91.0,69.0,65.0,69.0,123.0,139.0,False
CONTROL__7179__2025112406,7179,2025-11-24 06:00:00,2025-11-24 03:00:00,2025-11-24 09:00:00,NORMAL,GROUP__7179__0034,CONTROL,212.0,390.0,999.0,1335.0,1629.0,1507.0,1503.0,False
CONTROL__7179__2025021006,7179,2025-02-10 06:00:00,2025-02-10 03:00:00,2025-02-10 09:00:00,NORMAL,GROUP__7179__0034,CONTROL,0.0,0.0,0.0,0.0,0.0,0.0,0.0,True
CONTROL__51235__2025082523,51235,2025-08-25 23:00:00,2025-08-25 20:00:00,2025-08-26 02:00:00,NORMAL,GROUP__51235__0020,CONTROL,57.0,46.0,41.0,29.0,16.0,16.0,17.0,False
CONTROL__51235__2025051223,51235,2025-05-12 23:00:00,2025-05-12 20:00:00,2025-05-13 02:00:00,NORMAL,GROUP__51235__0020,CONTROL,39.0,45.0,32.0,19.0,206.0,151.0,96.0,False
CONTROL__7270__2025101323,7270,2025-10-13 23:00:00,2025-10-13 20:00:00,2025-10-14 02:00:00,NORMAL,GROUP__7270__0007,CONTROL,894.0,665.0,496.0,251.0,34.0,25.0,39.0,False
CONTROL__7270__2025060923,7270,2025-06-09 23:00:00,2025-06-09 20:00:00,2025-06-10 02:00:00,NORMAL,GROUP__7270__0007,CONTROL,36.0,30.0,30.0,39.0,170.0,90.0,66.0,False
CONTROL__7119-PR__2025110404,7119-PR,2025-11-04 04:00:00,2025-11-04 01:00:00,2025-11-04 07:00:00,NORMAL,GROUP__7119-PR__0007,CONTROL,4.0,3.0,4.0,8.0,22.0,46.0,65.0,False
CONTROL__7119-PR__2025080504,7119-PR,2025-08-05 04:00:00,2025-08-05 01:00:00,2025-08-05 07:00:00,NORMAL,GROUP__7119-PR__0007,CONTROL,4.0,4.0,8.0,12.0,34.0,95.0,100.0,False
CONTROL__7179__2025042210,7179,2025-04-22 10:00:00,2025-04-22 07:00:00,2025-04-22 13:00:00,NORMAL,GROUP__7179__0035,CONTROL,332.0,390.0,415.0,438.0,455.0,462.0,426.0,False
CONTROL__7179__2025052710,7179,2025-05-27 10:00:00,2025-05-27 07:00:00,2025-05-27 13:00:00,NORMAL,GROUP__7179__0035,CONTROL,1662.0,1602.0,1460.0,1399.0,1487.0,1443.0,1397.0,False
CONTROL__47024__2025082610,47024,2025-08-26 10:00:00,2025-08-26 07:00:00,2025-08-26 13:00:00,NORMAL,GROUP__47024__0008,CONTROL,150.0,172.0,214.0,276.0,256.0,229.0,225.0,False
CONTROL__47024__2025112510,47024,2025-11-25 10:00:00,2025-11-25 07:00:00,2025-11-25 13:00:00,NORMAL,GROUP__47024__0008,CONTROL,232.0,255.0,279.0,281.0,244.0,250.0,236.0,False
CONTROL__7112__2025111118,7112,2025-11-11 18:00:00,2025-11-11 15:00:00,2025-11-11 21:00:00,NORMAL,GROUP__7112__0023,CONTROL,1125.0,1322.0,1331.0,1291.0,877.0,797.0,673.0,False
CONTROL__7112__2025122318,7112,2025-12-23 18:00:00,2025-12-23 15:00:00,2025-12-23 21:00:00,NORMAL,GROUP__7112__0023,CONTROL,116.0,103.0,90.0,83.0,64.0,49.0,45.0,False
CONTROL__22001__2025070820,22001,2025-07-08 20:00:00,2025-07-08 17:00:00,2025-07-08 23:00:00,NORMAL,GROUP__22001__0008,CONTROL,0.0,0.0,0.0,0.0,0.0,0.0,0.0,True
CONTROL__22001__2025123020,22001,2025-12-30 20:00:00,2025-12-30 17:00:00,2025-12-30 23:00:00,NORMAL,GROUP__22001__0008,CONTROL,0.0,0.0,0.0,0.0,0.0,0.0,0.0,True
CONTROL__23067__2025120223,23067,2025-12-02 23:00:00,2025-12-02 20:00:00,2025-12-03 02:00:00,NORMAL,GROUP__23067__0014,CONTROL,81.0,86.0,53.0,115.0,110.0,106.0,255.0,False
CONTROL__23067__2025081923,23067,2025-08-19 23:00:00,2025-08-19 20:00:00,2025-08-20 02:00:00,NORMAL,GROUP__23067__0014,CONTROL,43.0,41.0,29.0,31.0,143.0,96.0,96.0,False
CONTROL__7248__2025062501,7248,2025-06-25 01:00:00,2025-06-24 22:00:00,2025-06-25 04:00:00,NORMAL,GROUP__7248__0017,CONTROL,337.0,224.0,121.0,94.0,120.0,134.0,379.0,False
CONTROL__7248__2025052801,7248,2025-05-28 01:00:00,2025-05-27 22:00:00,2025-05-28 04:00:00,NORMAL,GROUP__7248__0017,CONTROL,66.0,58.0,107.0,110.0,113.0,145.0,383.0,False
CONTROL__7112__2025111905,7112,2025-11-19 05:00:00,2025-11-19 02:00:00,2025-11-19 08:00:00,NORMAL,GROUP__7112__0024,CONTROL,22.0,33.0,68.0,115.0,302.0,275.0,235.0,False
CONTROL__7112__2025011505,7112,2025-01-15 05:00:00,2025-01-15 02:00:00,2025-01-15 08:00:00,NORMAL,GROUP__7112__0024,CONTROL,17.0,33.0,55.0,116.0,256.0,249.0,220.0,False
CONTROL__7168__2025051406,7168,2025-05-14 06:00:00,2025-05-14 03:00:00,2025-05-14 09:00:00,NORMAL,GROUP__7168__0014,CONTROL,16.0,22.0,27.0,69.0,87.0,93.0,81.0,False
CONTROL__7168__2025091706,7168,2025-09-17 06:00:00,2025-09-17 03:00:00,2025-09-17 09:00:00,NORMAL,GROUP__7168__0014,CONTROL,12.0,30.0,46.0,96.0,82.0,103.0,95.0,False
CONTROL__7112__2025092407,7112,2025-09-24 07:00:00,2025-09-24 04:00:00,2025-09-24 10:00:00,NORMAL,GROUP__7112__0024,CONTROL,221.0,924.0,1559.0,1342.0,1293.0,1139.0,973.0,False
CONTROL__7112__2025043007,7112,2025-04-30 07:00:00,2025-04-30 04:00:00,2025-04-30 10:00:00,NORMAL,GROUP__7112__0024,CONTROL,209.0,831.0,1476.0,1324.0,1214.0,1015.0,930.0,False
CONTROL__7274__2025060419,7274,2025-06-04 19:00:00,2025-06-04 16:00:00,2025-06-04 22:00:00,NORMAL,GROUP__7274__0017,CONTROL,84.0,103.0,81.0,73.0,52.0,37.0,27.0,False
CONTROL__7274__2025043019,7274,2025-04-30 19:00:00,2025-04-30 16:00:00,2025-04-30 22:00:00,NORMAL,GROUP__7274__0017,CONTROL,924.0,877.0,781.0,548.0,479.0,436.0,340.0,False
CONTROL__33014__2025070921,33014,2025-07-09 21:00:00,2025-07-09 18:00:00,2025-07-10 00:00:00,NORMAL,GROUP__33014__0021,CONTROL,0.0,0.0,0.0,0.0,0.0,0.0,0.0,True
CONTROL__33014__2025111921,33014,2025-11-19 21:00:00,2025-11-19 18:00:00,2025-11-20 00:00:00,NORMAL,GROUP__33014__0021,CONTROL,0.0,0.0,0.0,0.0,0.0,0.0,0.0,True
CONTROL__T0337__2025062523,T0337,2025-06-25 23:00:00,2025-06-25 20:00:00,2025-06-26 02:00:00,NORMAL,GROUP__T0337__0001,CONTROL,2.0,5.0,1.0,0.0,3.0,1.0,0.0,False
CONTROL__T0337__2025121723,T0337,2025-12-17 23:00:00,2025-12-17 20:00:00,2025-12-18 02:00:00,NORMAL,GROUP__T0337__0001,CONTROL,2.0,0.0,0.0,0.0,11.0,4.0,4.0,False
CONTROL__53004__2025042402,53004,2025-04-24 02:00:00,2025-04-23 23:00:00,2025-04-24 05:00:00,NORMAL,GROUP__53004__0015,CONTROL,157.0,13.0,18.0,17.0,20.0,31.0,31.0,False
CONTROL__53004__2025070302,53004,2025-07-03 02:00:00,2025-07-02 23:00:00,2025-07-03 05:00:00,NORMAL,GROUP__53004__0015,CONTROL,0.0,13.0,14.0,15.0,16.0,43.0,105.0,False
CONTROL__7168__2025102309,7168,2025-10-23 09:00:00,2025-10-23 06:00:00,2025-10-23 12:00:00,NORMAL,GROUP__7168__0015,CONTROL,86.0,81.0,101.0,63.0,86.0,80.0,93.0,False
CONTROL__7168__2025081409,7168,2025-08-14 09:00:00,2025-08-14 06:00:00,2025-08-14 12:00:00,NORMAL,GROUP__7168__0015,CONTROL,88.0,78.0,83.0,85.0,73.0,97.0,76.0,False
CONTROL__53004__2025030611,53004,2025-03-06 11:00:00,2025-03-06 08:00:00,2025-03-06 14:00:00,NORMAL,GROUP__53004__0016,CONTROL,0.0,0.0,127.0,130.0,141.0,122.0,117.0,False
CONTROL__53004__2025070311,53004,2025-07-03 11:00:00,2025-07-03 08:00:00,2025-07-03 14:00:00,NORMAL,GROUP__53004__0016,CONTROL,140.0,132.0,139.0,121.0,103.0,94.0,105.0,False
CONTROL__74229__2025061922,74229,2025-06-19 22:00:00,2025-06-19 19:00:00,2025-06-20 01:00:00,NORMAL,GROUP__74229__0003,CONTROL,875.0,629.0,646.0,464.0,230.0,6.0,7.0,False
CONTROL__74229__2025091122,74229,2025-09-11 22:00:00,2025-09-11 19:00:00,2025-09-12 01:00:00,NORMAL,GROUP__74229__0003,CONTROL,23.0,23.0,13.0,13.0,11.0,16.0,3.0,False
CONTROL__7179__2025112103,7179,2025-11-21 03:00:00,2025-11-21 00:00:00,2025-11-21 06:00:00,NORMAL,GROUP__7179__0036,CONTROL,447.0,251.0,168.0,247.0,401.0,960.0,1213.0,False
CONTROL__7179__2025061303,7179,2025-06-13 03:00:00,2025-06-13 00:00:00,2025-06-13 06:00:00,NORMAL,GROUP__7179__0036,CONTROL,59.0,46.0,54.0,71.0,109.0,233.0,326.0,False
CONTROL__9658__2025121904,9658,2025-12-19 04:00:00,2025-12-19 01:00:00,2025-12-19 07:00:00,NORMAL,GROUP__9658__0015,CONTROL,29.0,25.0,50.0,54.0,108.0,139.0,138.0,False
CONTROL__9658__2025120504,9658,2025-12-05 04:00:00,2025-12-05 01:00:00,2025-12-05 07:00:00,NORMAL,GROUP__9658__0015,CONTROL,165.0,105.0,126.0,201.0,531.0,853.0,1129.0,False
CONTROL__55049__2025061311,55049,2025-06-13 11:00:00,2025-06-13 08:00:00,2025-06-13 14:00:00,NORMAL,GROUP__55049__0007,CONTROL,1421.0,1214.0,1106.0,1173.0,1190.0,1133.0,1075.0,False
CONTROL__55049__2025112111,55049,2025-11-21 11:00:00,2025-11-21 08:00:00,2025-11-21 14:00:00,NORMAL,GROUP__55049__0007,CONTROL,1293.0,1195.0,1202.0,1111.0,1080.0,1057.0,649.0,False
CONTROL__F3FWY003__2025122703,F3FWY003,2025-12-27 03:00:00,2025-12-27 00:00:00,2025-12-27 06:00:00,NORMAL,GROUP__F3FWY003__0022,CONTROL,16.0,17.0,19.0,39.0,79.0,118.0,122.0,False
CONTROL__F3FWY003__2025112203,F3FWY003,2025-11-22 03:00:00,2025-11-22 00:00:00,2025-11-22 06:00:00,NORMAL,GROUP__F3FWY003__0022,CONTROL,1672.0,492.0,143.0,97.0,192.0,489.0,1228.0,False
CONTROL__7126__2025090603,7126,2025-09-06 03:00:00,2025-09-06 00:00:00,2025-09-06 06:00:00,NORMAL,GROUP__7126__0009,CONTROL,8.0,3.0,5.0,6.0,3.0,19.0,33.0,False
CONTROL__7126__2025041203,7126,2025-04-12 03:00:00,2025-04-12 00:00:00,2025-04-12 06:00:00,NORMAL,GROUP__7126__0009,CONTROL,6.0,6.0,1.0,6.0,7.0,15.0,36.0,False
CONTROL__10011__2025111505,10011,2025-11-15 05:00:00,2025-11-15 02:00:00,2025-11-15 08:00:00,NORMAL,GROUP__10011__0019,CONTROL,0.0,0.0,0.0,0.0,0.0,0.0,0.0,True
CONTROL__10011__2025092005,10011,2025-09-20 05:00:00,2025-09-20 02:00:00,2025-09-20 08:00:00,NORMAL,GROUP__10011__0019,CONTROL,0.0,0.0,0.0,0.0,0.0,0.0,0.0,True
CONTROL__7139__2025092705,7139,2025-09-27 05:00:00,2025-09-27 02:00:00,2025-09-27 08:00:00,NORMAL,GROUP__7139__0019,CONTROL,301.0,208.0,209.0,392.0,760.0,1156.0,1694.0,False
CONTROL__7139__2025080205,7139,2025-08-02 05:00:00,2025-08-02 02:00:00,2025-08-02 08:00:00,NORMAL,GROUP__7139__0019,CONTROL,313.0,207.0,173.0,249.0,556.0,980.0,1434.0,False
CONTROL__50240__2025021512,50240,2025-02-15 12:00:00,2025-02-15 09:00:00,2025-02-15 15:00:00,NORMAL,GROUP__50240__0025,CONTROL,0.0,0.0,0.0,0.0,0.0,0.0,0.0,True
CONTROL__50240__2025111512,50240,2025-11-15 12:00:00,2025-11-15 09:00:00,2025-11-15 15:00:00,NORMAL,GROUP__50240__0025,CONTROL,2275.0,2414.0,2450.0,2518.0,2367.0,2373.0,2285.0,False
CONTROL__7159__2025032303,7159,2025-03-23 03:00:00,2025-03-23 00:00:00,2025-03-23 06:00:00,NORMAL,GROUP__7159__0005,CONTROL,408.0,249.0,181.0,153.0,117.0,169.0,251.0,False
CONTROL__7159__2025070603,7159,2025-07-06 03:00:00,2025-07-06 00:00:00,2025-07-06 06:00:00,NORMAL,GROUP__7159__0005,CONTROL,16.0,17.0,13.0,12.0,8.0,20.0,19.0,False
CONTROL__7179__2025031621,7179,2025-03-16 21:00:00,2025-03-16 18:00:00,2025-03-17 00:00:00,NORMAL,GROUP__7179__0037,CONTROL,125.0,103.0,96.0,75.0,75.0,36.0,29.0,False
CONTROL__7179__2025011921,7179,2025-01-19 21:00:00,2025-01-19 18:00:00,2025-01-20 00:00:00,NORMAL,GROUP__7179__0037,CONTROL,119.0,94.0,77.0,72.0,67.0,45.0,2.0,False
CONTROL__7184__2025070804,7184,2025-07-08 04:00:00,2025-07-08 01:00:00,2025-07-08 07:00:00,NORMAL,GROUP__7184__0018,CONTROL,31.0,23.0,32.0,61.0,122.0,262.0,224.0,False
CONTROL__7184__2025052004,7184,2025-05-20 04:00:00,2025-05-20 01:00:00,2025-05-20 07:00:00,NORMAL,GROUP__7184__0018,CONTROL,77.0,59.0,86.0,219.0,841.0,2012.0,2973.0,False
CONTROL__F3FWY002__2025091607,F3FWY002,2025-09-16 07:00:00,2025-09-16 04:00:00,2025-09-16 10:00:00,NORMAL,GROUP__F3FWY002__0005,CONTROL,329.0,716.0,1044.0,714.0,599.0,581.0,636.0,False
CONTROL__F3FWY002__2025072907,F3FWY002,2025-07-29 07:00:00,2025-07-29 04:00:00,2025-07-29 10:00:00,NORMAL,GROUP__F3FWY002__0005,CONTROL,537.0,1785.0,3091.0,3424.0,2348.0,1969.0,1721.0,False
CONTROL__7163__2025050610,7163,2025-05-06 10:00:00,2025-05-06 07:00:00,2025-05-06 13:00:00,NORMAL,GROUP__7163__0015,CONTROL,90.0,78.0,108.0,110.0,99.0,98.0,94.0,False
CONTROL__7163__2025112510,7163,2025-11-25 10:00:00,2025-11-25 07:00:00,2025-11-25 13:00:00,NORMAL,GROUP__7163__0015,CONTROL,100.0,98.0,98.0,124.0,106.0,93.0,97.0,False
CONTROL__7248__2025012122,7248,2025-01-21 22:00:00,2025-01-21 19:00:00,2025-01-22 01:00:00,NORMAL,GROUP__7248__0018,CONTROL,808.0,656.0,722.0,466.0,284.0,54.0,62.0,False
CONTROL__7248__2025080522,7248,2025-08-05 22:00:00,2025-08-05 19:00:00,2025-08-06 01:00:00,NORMAL,GROUP__7248__0018,CONTROL,90.0,81.0,73.0,73.0,67.0,49.0,61.0,False
CONTROL__32029__2025091623,32029,2025-09-16 23:00:00,2025-09-16 20:00:00,2025-09-17 02:00:00,NORMAL,GROUP__32029__0001,CONTROL,0.0,0.0,0.0,0.0,0.0,0.0,0.0,True
CONTROL__32029__2025012123,32029,2025-01-21 23:00:00,2025-01-21 20:00:00,2025-01-22 02:00:00,NORMAL,GROUP__32029__0001,CONTROL,595.0,395.0,183.0,65.0,0.0,0.0,0.0,False
CONTROL__7153__2025050704,7153,2025-05-07 04:00:00,2025-05-07 01:00:00,2025-05-07 07:00:00,NORMAL,GROUP__7153__0014,CONTROL,27.0,31.0,44.0,85.0,165.0,380.0,277.0,False
CONTROL__7153__2025071604,7153,2025-07-16 04:00:00,2025-07-16 01:00:00,2025-07-16 07:00:00,NORMAL,GROUP__7153__0014,CONTROL,25.0,27.0,47.0,87.0,175.0,351.0,287.0,False
CONTROL__7159__2025010808,7159,2025-01-08 08:00:00,2025-01-08 05:00:00,2025-01-08 11:00:00,NORMAL,GROUP__7159__0006,CONTROL,0.0,0.0,0.0,0.0,0.0,0.0,0.0,True
CONTROL__7159__2025072308,7159,2025-07-23 08:00:00,2025-07-23 05:00:00,2025-07-23 11:00:00,NORMAL,GROUP__7159__0006,CONTROL,484.0,781.0,902.0,875.0,904.0,956.0,792.0,False
CONTROL__7112__2025010115,7112,2025-01-01 15:00:00,2025-01-01 12:00:00,2025-01-01 18:00:00,NORMAL,GROUP__7112__0025,CONTROL,0.0,0.0,0.0,0.0,0.0,0.0,0.0,True
CONTROL__7112__2025102915,7112,2025-10-29 15:00:00,2025-10-29 12:00:00,2025-10-29 18:00:00,NORMAL,GROUP__7112__0025,CONTROL,198.0,188.0,166.0,154.0,124.0,105.0,98.0,False
CONTROL__T0337__2025052119,T0337,2025-05-21 19:00:00,2025-05-21 16:00:00,2025-05-21 22:00:00,NORMAL,GROUP__T0337__0002,CONTROL,33.0,31.0,10.0,2.0,4.0,1.0,0.0,False
CONTROL__T0337__2025072319,T0337,2025-07-23 19:00:00,2025-07-23 16:00:00,2025-07-23 22:00:00,NORMAL,GROUP__T0337__0002,CONTROL,282.0,304.0,156.0,65.0,54.0,27.0,20.0,False
CONTROL__68025__2025050720,68025,2025-05-07 20:00:00,2025-05-07 17:00:00,2025-05-07 23:00:00,NORMAL,GROUP__68025__0018,CONTROL,85.0,81.0,44.0,25.0,25.0,13.0,14.0,False
CONTROL__68025__2025110520,68025,2025-11-05 20:00:00,2025-11-05 17:00:00,2025-11-05 23:00:00,NORMAL,GROUP__68025__0018,CONTROL,1199.0,911.0,710.0,629.0,504.0,357.0,204.0,False
CONTROL__10011__2025012304,10011,2025-01-23 04:00:00,2025-01-23 01:00:00,2025-01-23 07:00:00,NORMAL,GROUP__10011__0020,CONTROL,0.0,0.0,0.0,0.0,0.0,0.0,0.0,True
CONTROL__10011__2025010204,10011,2025-01-02 04:00:00,2025-01-02 01:00:00,2025-01-02 07:00:00,NORMAL,GROUP__10011__0020,CONTROL,0.0,0.0,0.0,91.0,216.0,545.0,596.0,False
CONTROL__7139__2025110604,7139,2025-11-06 04:00:00,2025-11-06 01:00:00,2025-11-06 07:00:00,NORMAL,GROUP__7139__0020,CONTROL,218.0,87.0,70.0,184.0,750.0,1761.0,2869.0,False
CONTROL__7139__2025120404,7139,2025-12-04 04:00:00,2025-12-04 01:00:00,2025-12-04 07:00:00,NORMAL,GROUP__7139__0020,CONTROL,6.0,12.0,12.0,27.0,102.0,201.0,235.0,False
CONTROL__55049__2025041005,55049,2025-04-10 05:00:00,2025-04-10 02:00:00,2025-04-10 08:00:00,NORMAL,GROUP__55049__0008,CONTROL,19.0,22.0,61.0,251.0,872.0,1080.0,1210.0,False
CONTROL__55049__2025032705,55049,2025-03-27 05:00:00,2025-03-27 02:00:00,2025-03-27 08:00:00,NORMAL,GROUP__55049__0008,CONTROL,4.0,8.0,14.0,38.0,127.0,69.0,88.0,False
CONTROL__33014__2025101607,33014,2025-10-16 07:00:00,2025-10-16 04:00:00,2025-10-16 10:00:00,NORMAL,GROUP__33014__0022,CONTROL,0.0,0.0,0.0,0.0,0.0,0.0,0.0,True
CONTROL__33014__2025052907,33014,2025-05-29 07:00:00,2025-05-29 04:00:00,2025-05-29 10:00:00,NORMAL,GROUP__33014__0022,CONTROL,158.0,492.0,1238.0,1998.0,1826.0,1563.0,1303.0,False
CONTROL__29005__2025072421,29005,2025-07-24 21:00:00,2025-07-24 18:00:00,2025-07-25 00:00:00,NORMAL,GROUP__29005__0011,CONTROL,242.0,133.0,118.0,72.0,67.0,54.0,399.0,False
CONTROL__29005__2025010921,29005,2025-01-09 21:00:00,2025-01-09 18:00:00,2025-01-10 00:00:00,NORMAL,GROUP__29005__0011,CONTROL,164.0,120.0,88.0,70.0,55.0,44.0,0.0,False
CONTROL__23067__2025042421,23067,2025-04-24 21:00:00,2025-04-24 18:00:00,2025-04-25 00:00:00,NORMAL,GROUP__23067__0015,CONTROL,0.0,0.0,0.0,0.0,0.0,0.0,72.0,False
CONTROL__23067__2025062621,23067,2025-06-26 21:00:00,2025-06-26 18:00:00,2025-06-27 00:00:00,NORMAL,GROUP__23067__0015,CONTROL,1812.0,1519.0,1222.0,991.0,992.0,799.0,99.0,False
CONTROL__7161__2025092602,7161,2025-09-26 02:00:00,2025-09-25 23:00:00,2025-09-26 05:00:00,NORMAL,GROUP__7161__0013,CONTROL,264.0,109.0,76.0,65.0,81.0,167.0,507.0,False
CONTROL__7161__2025042502,7161,2025-04-25 02:00:00,2025-04-24 23:00:00,2025-04-25 05:00:00,NORMAL,GROUP__7161__0013,CONTROL,235.0,82.0,51.0,42.0,35.0,63.0,91.0,False
CONTROL__9658__2025032104,9658,2025-03-21 04:00:00,2025-03-21 01:00:00,2025-03-21 07:00:00,NORMAL,GROUP__9658__0016,CONTROL,28.0,25.0,33.0,51.0,96.0,135.0,123.0,False
CONTROL__9658__2025041104,9658,2025-04-11 04:00:00,2025-04-11 01:00:00,2025-04-11 07:00:00,NORMAL,GROUP__9658__0016,CONTROL,128.0,73.0,74.0,187.0,515.0,868.0,999.0,False
CONTROL__50240__2025101006,50240,2025-10-10 06:00:00,2025-10-10 03:00:00,2025-10-10 09:00:00,NORMAL,GROUP__50240__0026,CONTROL,229.0,661.0,1901.0,2482.0,2245.0,2290.0,2094.0,False
CONTROL__50240__2025071106,50240,2025-07-11 06:00:00,2025-07-11 03:00:00,2025-07-11 09:00:00,NORMAL,GROUP__50240__0026,CONTROL,253.0,632.0,1925.0,1689.0,2157.0,2317.0,2186.0,False
CONTROL__53003__2025080808,53003,2025-08-08 08:00:00,2025-08-08 05:00:00,2025-08-08 11:00:00,NORMAL,GROUP__53003__0008,CONTROL,1100.0,2111.0,2423.0,2202.0,1724.0,1538.0,1517.0,False
CONTROL__53003__2025032808,53003,2025-03-28 08:00:00,2025-03-28 05:00:00,2025-03-28 11:00:00,NORMAL,GROUP__53003__0008,CONTROL,1092.0,1861.0,2287.0,2253.0,1701.0,1603.0,1571.0,False
CONTROL__7164__2025101803,7164,2025-10-18 03:00:00,2025-10-18 00:00:00,2025-10-18 06:00:00,NORMAL,GROUP__7164__0010,CONTROL,171.0,94.0,74.0,51.0,72.0,152.0,264.0,False
CONTROL__7164__2025102503,7164,2025-10-25 03:00:00,2025-10-25 00:00:00,2025-10-25 06:00:00,NORMAL,GROUP__7164__0010,CONTROL,197.0,111.0,86.0,60.0,64.0,151.0,271.0,False
CONTROL__23067__2025020803,23067,2025-02-08 03:00:00,2025-02-08 00:00:00,2025-02-08 06:00:00,NORMAL,GROUP__23067__0016,CONTROL,0.0,0.0,0.0,0.0,0.0,0.0,0.0,True
CONTROL__23067__2025110103,23067,2025-11-01 03:00:00,2025-11-01 00:00:00,2025-11-01 06:00:00,NORMAL,GROUP__23067__0016,CONTROL,16.0,23.0,24.0,34.0,42.0,69.0,75.0,False
CONTROL__57025__2025112203,57025,2025-11-22 03:00:00,2025-11-22 00:00:00,2025-11-22 06:00:00,NORMAL,GROUP__57025__0004,CONTROL,29.0,12.0,6.0,24.0,75.0,203.0,290.0,False
CONTROL__57025__2025060703,57025,2025-06-07 03:00:00,2025-06-07 00:00:00,2025-06-07 06:00:00,NORMAL,GROUP__57025__0004,CONTROL,26.0,21.0,8.0,9.0,21.0,60.0,167.0,False
CONTROL__7163__2025031507,7163,2025-03-15 07:00:00,2025-03-15 04:00:00,2025-03-15 10:00:00,NORMAL,GROUP__7163__0016,CONTROL,92.0,165.0,301.0,413.0,628.0,693.0,815.0,False
CONTROL__7163__2025032207,7163,2025-03-22 07:00:00,2025-03-22 04:00:00,2025-03-22 10:00:00,NORMAL,GROUP__7163__0016,CONTROL,103.0,166.0,375.0,441.0,526.0,655.0,749.0,False
CONTROL__7159__2025020810,7159,2025-02-08 10:00:00,2025-02-08 07:00:00,2025-02-08 13:00:00,NORMAL,GROUP__7159__0007,CONTROL,0.0,0.0,0.0,0.0,0.0,0.0,0.0,True
CONTROL__7159__2025030810,7159,2025-03-08 10:00:00,2025-03-08 07:00:00,2025-03-08 13:00:00,NORMAL,GROUP__7159__0007,CONTROL,648.0,828.0,974.0,1023.0,1176.0,916.0,1151.0,False
CONTROL__F3FWY003__2025061502,F3FWY003,2025-06-15 02:00:00,2025-06-14 23:00:00,2025-06-15 05:00:00,NORMAL,GROUP__F3FWY003__0023,CONTROL,0.0,0.0,0.0,0.0,0.0,0.0,0.0,True
CONTROL__F3FWY003__2025090702,F3FWY003,2025-09-07 02:00:00,2025-09-06 23:00:00,2025-09-07 05:00:00,NORMAL,GROUP__F3FWY003__0023,CONTROL,865.0,61.0,40.0,31.0,25.0,55.0,86.0,False
CONTROL__74230__2025020919,74230,2025-02-09 19:00:00,2025-02-09 16:00:00,2025-02-09 22:00:00,NORMAL,GROUP__74230__0005,CONTROL,0.0,0.0,0.0,0.0,0.0,0.0,0.0,True
CONTROL__74230__2025110219,74230,2025-11-02 19:00:00,2025-11-02 16:00:00,2025-11-02 22:00:00,NORMAL,GROUP__74230__0005,CONTROL,14.0,8.0,7.0,6.0,4.0,1.0,3.0,False
CONTROL__7112__2025011921,7112,2025-01-19 21:00:00,2025-01-19 18:00:00,2025-01-20 00:00:00,NORMAL,GROUP__7112__0026,CONTROL,1022.0,813.0,708.0,671.0,465.0,284.0,0.0,False
CONTROL__7112__2025072721,7112,2025-07-27 21:00:00,2025-07-27 18:00:00,2025-07-28 00:00:00,NORMAL,GROUP__7112__0026,CONTROL,41.0,45.0,24.0,30.0,26.0,12.0,128.0,False
CONTROL__53004__2025120721,53004,2025-12-07 21:00:00,2025-12-07 18:00:00,2025-12-08 00:00:00,NORMAL,GROUP__53004__0017,CONTROL,47.0,27.0,25.0,16.0,19.0,26.0,8.0,False
CONTROL__53004__2025031621,53004,2025-03-16 21:00:00,2025-03-16 18:00:00,2025-03-17 00:00:00,NORMAL,GROUP__53004__0017,CONTROL,1130.0,749.0,590.0,385.0,244.0,101.0,62.0,False
CONTROL__7179__2025021000,7179,2025-02-10 00:00:00,2025-02-09 21:00:00,2025-02-10 03:00:00,NORMAL,GROUP__7179__0038,CONTROL,0.0,0.0,0.0,0.0,0.0,0.0,0.0,True
CONTROL__7179__2025063000,7179,2025-06-30 00:00:00,2025-06-29 21:00:00,2025-06-30 03:00:00,NORMAL,GROUP__7179__0038,CONTROL,979.0,706.0,458.0,269.0,162.0,124.0,209.0,False
CONTROL__T0231__2025010601,T0231,2025-01-06 01:00:00,2025-01-05 22:00:00,2025-01-06 04:00:00,NORMAL,GROUP__T0231__0004,CONTROL,0.0,0.0,0.0,0.0,0.0,0.0,20.0,False
CONTROL__T0231__2025080401,T0231,2025-08-04 01:00:00,2025-08-03 22:00:00,2025-08-04 04:00:00,NORMAL,GROUP__T0231__0004,CONTROL,307.0,137.0,10.0,4.0,4.0,11.0,26.0,False
CONTROL__7179__2025111721,7179,2025-11-17 21:00:00,2025-11-17 18:00:00,2025-11-18 00:00:00,NORMAL,GROUP__7179__0039,CONTROL,1670.0,1281.0,1118.0,1066.0,951.0,517.0,287.0,False
CONTROL__7179__2025081121,7179,2025-08-11 21:00:00,2025-08-11 18:00:00,2025-08-12 00:00:00,NORMAL,GROUP__7179__0039,CONTROL,1841.0,1306.0,956.0,848.0,743.0,413.0,282.0,False
CONTROL__7248__2025092401,7248,2025-09-24 01:00:00,2025-09-23 22:00:00,2025-09-24 04:00:00,NORMAL,GROUP__7248__0019,CONTROL,63.0,51.0,153.0,102.0,111.0,151.0,382.0,False
CONTROL__7248__2025123101,7248,2025-12-31 01:00:00,2025-12-30 22:00:00,2025-12-31 04:00:00,NORMAL,GROUP__7248__0019,CONTROL,76.0,58.0,60.0,52.0,38.0,58.0,69.0,False
CONTROL__7251__2025021204,7251,2025-02-12 04:00:00,2025-02-12 01:00:00,2025-02-12 07:00:00,NORMAL,GROUP__7251__0015,CONTROL,0.0,0.0,0.0,0.0,0.0,0.0,0.0,True
CONTROL__7251__2025043004,7251,2025-04-30 04:00:00,2025-04-30 01:00:00,2025-04-30 07:00:00,NORMAL,GROUP__7251__0015,CONTROL,12.0,14.0,19.0,35.0,53.0,104.0,135.0,False
CONTROL__7119-PR__2025031905,7119-PR,2025-03-19 05:00:00,2025-03-19 02:00:00,2025-03-19 08:00:00,NORMAL,GROUP__7119-PR__0008,CONTROL,0.0,0.0,0.0,0.0,0.0,0.0,0.0,True
CONTROL__7119-PR__2025031205,7119-PR,2025-03-12 05:00:00,2025-03-12 02:00:00,2025-03-12 08:00:00,NORMAL,GROUP__7119-PR__0008,CONTROL,4.0,9.0,22.0,47.0,87.0,86.0,98.0,False
CONTROL__51235__2025101507,51235,2025-10-15 07:00:00,2025-10-15 04:00:00,2025-10-15 10:00:00,NORMAL,GROUP__51235__0021,CONTROL,47.0,165.0,383.0,278.0,194.0,308.0,247.0,False
CONTROL__51235__2025061107,51235,2025-06-11 07:00:00,2025-06-11 04:00:00,2025-06-11 10:00:00,NORMAL,GROUP__51235__0021,CONTROL,47.0,154.0,362.0,249.0,220.0,268.0,225.0,False
CONTROL__9658__2025012209,9658,2025-01-22 09:00:00,2025-01-22 06:00:00,2025-01-22 12:00:00,NORMAL,GROUP__9658__0017,CONTROL,0.0,0.0,0.0,0.0,0.0,0.0,0.0,True
CONTROL__9658__2025091009,9658,2025-09-10 09:00:00,2025-09-10 06:00:00,2025-09-10 12:00:00,NORMAL,GROUP__9658__0017,CONTROL,828.0,1282.0,847.0,830.0,890.0,871.0,839.0,False
CONTROL__F3FWY003__2025021918,F3FWY003,2025-02-19 18:00:00,2025-02-19 15:00:00,2025-02-19 21:00:00,NORMAL,GROUP__F3FWY003__0024,CONTROL,0.0,0.0,0.0,0.0,0.0,0.0,0.0,True
CONTROL__F3FWY003__2025043018,F3FWY003,2025-04-30 18:00:00,2025-04-30 15:00:00,2025-04-30 21:00:00,NORMAL,GROUP__F3FWY003__0024,CONTROL,0.0,0.0,0.0,0.0,0.0,0.0,0.0,True
CONTROL__72027__2025060422,72027,2025-06-04 22:00:00,2025-06-04 19:00:00,2025-06-05 01:00:00,NORMAL,GROUP__72027__0001,CONTROL,54.0,34.0,26.0,15.0,4.0,6.0,4.0,False
CONTROL__72027__2025031222,72027,2025-03-12 22:00:00,2025-03-12 19:00:00,2025-03-13 01:00:00,NORMAL,GROUP__72027__0001,CONTROL,68.0,40.0,28.0,19.0,9.0,4.0,4.0,False
CONTROL__F3FWY001__2025021300,F3FWY001,2025-02-13 00:00:00,2025-02-12 21:00:00,2025-02-13 03:00:00,NORMAL,GROUP__F3FWY001__0006,CONTROL,0.0,0.0,0.0,0.0,0.0,0.0,0.0,True
CONTROL__F3FWY001__2025010200,F3FWY001,2025-01-02 00:00:00,2025-01-01 21:00:00,2025-01-02 03:00:00,NORMAL,GROUP__F3FWY001__0006,CONTROL,80.0,85.0,95.0,6.0,12.0,22.0,42.0,False
CONTROL__74230__2025012301,74230,2025-01-23 01:00:00,2025-01-22 22:00:00,2025-01-23 04:00:00,NORMAL,GROUP__74230__0006,CONTROL,1.0,0.0,9.0,6.0,9.0,33.0,135.0,False
CONTROL__74230__2025022701,74230,2025-02-27 01:00:00,2025-02-26 22:00:00,2025-02-27 04:00:00,NORMAL,GROUP__74230__0006,CONTROL,0.0,0.0,0.0,0.0,0.0,0.0,0.0,True
CONTROL__7179__2025032004,7179,2025-03-20 04:00:00,2025-03-20 01:00:00,2025-03-20 07:00:00,NORMAL,GROUP__7179__0040,CONTROL,3.0,11.0,9.0,30.0,71.0,89.0,94.0,False
CONTROL__7179__2025022704,7179,2025-02-27 04:00:00,2025-02-27 01:00:00,2025-02-27 07:00:00,NORMAL,GROUP__7179__0040,CONTROL,0.0,0.0,0.0,0.0,0.0,0.0,0.0,True
CONTROL__29005__2025020607,29005,2025-02-06 07:00:00,2025-02-06 04:00:00,2025-02-06 10:00:00,NORMAL,GROUP__29005__0012,CONTROL,0.0,0.0,0.0,0.0,0.0,0.0,0.0,True
CONTROL__29005__2025041707,29005,2025-04-17 07:00:00,2025-04-17 04:00:00,2025-04-17 10:00:00,NORMAL,GROUP__29005__0012,CONTROL,323.0,869.0,2138.0,3130.0,3193.0,2959.0,2781.0,False
CONTROL__50240__2025090408,50240,2025-09-04 08:00:00,2025-09-04 05:00:00,2025-09-04 11:00:00,NORMAL,GROUP__50240__0027,CONTROL,2025.0,2687.0,2673.0,2426.0,2186.0,1935.0,1807.0,False
CONTROL__50240__2025022008,50240,2025-02-20 08:00:00,2025-02-20 05:00:00,2025-02-20 11:00:00,NORMAL,GROUP__50240__0027,CONTROL,0.0,0.0,0.0,0.0,0.0,0.0,0.0,True
CONTROL__10011__2025103021,10011,2025-10-30 21:00:00,2025-10-30 18:00:00,2025-10-31 00:00:00,NORMAL,GROUP__10011__0021,CONTROL,0.0,0.0,0.0,0.0,0.0,0.0,0.0,True
CONTROL__10011__2025121821,10011,2025-12-18 21:00:00,2025-12-18 18:00:00,2025-12-19 00:00:00,NORMAL,GROUP__10011__0021,CONTROL,0.0,0.0,0.0,0.0,0.0,0.0,0.0,True
CONTROL__7139__2025061921,7139,2025-06-19 21:00:00,2025-06-19 18:00:00,2025-06-20 00:00:00,NORMAL,GROUP__7139__0021,CONTROL,119.0,72.0,55.0,44.0,26.0,28.0,287.0,False
CONTROL__7139__2025101621,7139,2025-10-16 21:00:00,2025-10-16 18:00:00,2025-10-17 00:00:00,NORMAL,GROUP__7139__0021,CONTROL,2675.0,1944.0,1603.0,1422.0,1003.0,596.0,367.0,False
CONTROL__7112__2025092600,7112,2025-09-26 00:00:00,2025-09-25 21:00:00,2025-09-26 03:00:00,NORMAL,GROUP__7112__0027,CONTROL,717.0,495.0,287.0,181.0,98.0,57.0,93.0,False
CONTROL__7112__2025032100,7112,2025-03-21 00:00:00,2025-03-20 21:00:00,2025-03-21 03:00:00,NORMAL,GROUP__7112__0027,CONTROL,39.0,32.0,29.0,17.0,18.0,27.0,34.0,False
CONTROL__23067__2025032101,23067,2025-03-21 01:00:00,2025-03-20 22:00:00,2025-03-21 04:00:00,NORMAL,GROUP__23067__0017,CONTROL,680.0,193.0,19.0,20.0,42.0,36.0,60.0,False
CONTROL__23067__2025030701,23067,2025-03-07 01:00:00,2025-03-06 22:00:00,2025-03-07 04:00:00,NORMAL,GROUP__23067__0017,CONTROL,527.0,417.0,17.0,19.0,30.0,42.0,67.0,False
CONTROL__F3FWY003__2025102406,F3FWY003,2025-10-24 06:00:00,2025-10-24 03:00:00,2025-10-24 09:00:00,NORMAL,GROUP__F3FWY003__0025,CONTROL,141.0,264.0,511.0,708.0,712.0,571.0,646.0,False
CONTROL__F3FWY003__2025040406,F3FWY003,2025-04-04 06:00:00,2025-04-04 03:00:00,2025-04-04 09:00:00,NORMAL,GROUP__F3FWY003__0025,CONTROL,0.0,0.0,0.0,0.0,0.0,0.0,0.0,True
CONTROL__7120__2025080809,7120,2025-08-08 09:00:00,2025-08-08 06:00:00,2025-08-08 12:00:00,NORMAL,GROUP__7120__0024,CONTROL,801.0,736.0,623.0,739.0,667.0,677.0,647.0,False
CONTROL__7120__2025122609,7120,2025-12-26 09:00:00,2025-12-26 06:00:00,2025-12-26 12:00:00,NORMAL,GROUP__7120__0024,CONTROL,0.0,0.0,0.0,0.0,0.0,0.0,0.0,True
CONTROL__7121__2025013109,7121,2025-01-31 09:00:00,2025-01-31 06:00:00,2025-01-31 12:00:00,NORMAL,GROUP__7121__0024,CONTROL,0.0,0.0,0.0,0.0,0.0,0.0,0.0,True
CONTROL__7121__2025041109,7121,2025-04-11 09:00:00,2025-04-11 06:00:00,2025-04-11 12:00:00,NORMAL,GROUP__7121__0024,CONTROL,202.0,400.0,373.0,406.0,426.0,464.0,482.0,False
CONTROL__7120__2025030714,7120,2025-03-07 14:00:00,2025-03-07 11:00:00,2025-03-07 17:00:00,NORMAL,GROUP__7120__0024,CONTROL,644.0,584.0,649.0,646.0,602.0,623.0,706.0,False
CONTROL__7120__2025021414,7120,2025-02-14 14:00:00,2025-02-14 11:00:00,2025-02-14 17:00:00,NORMAL,GROUP__7120__0024,CONTROL,0.0,0.0,0.0,0.0,0.0,0.0,0.0,True
CONTROL__7121__2025030714,7121,2025-03-07 14:00:00,2025-03-07 11:00:00,2025-03-07 17:00:00,NORMAL,GROUP__7121__0024,CONTROL,0.0,0.0,0.0,0.0,0.0,0.0,0.0,True
CONTROL__7121__2025053014,7121,2025-05-30 14:00:00,2025-05-30 11:00:00,2025-05-30 17:00:00,NORMAL,GROUP__7121__0024,CONTROL,63.0,65.0,58.0,58.0,57.0,37.0,42.0,False
CONTROL__51235__2025101720,51235,2025-10-17 20:00:00,2025-10-17 17:00:00,2025-10-17 23:00:00,NORMAL,GROUP__51235__0022,CONTROL,2030.0,1742.0,1294.0,1073.0,964.0,859.0,525.0,False
CONTROL__51235__2025112120,51235,2025-11-21 20:00:00,2025-11-21 17:00:00,2025-11-21 23:00:00,NORMAL,GROUP__51235__0022,CONTROL,1944.0,1852.0,1595.0,1165.0,1106.0,850.0,770.0,False
CONTROL__33014__2025110723,33014,2025-11-07 23:00:00,2025-11-07 20:00:00,2025-11-08 02:00:00,NORMAL,GROUP__33014__0023,CONTROL,0.0,0.0,0.0,0.0,0.0,0.0,0.0,True
CONTROL__33014__2025101723,33014,2025-10-17 23:00:00,2025-10-17 20:00:00,2025-10-18 02:00:00,NORMAL,GROUP__33014__0023,CONTROL,0.0,0.0,0.0,0.0,0.0,0.0,0.0,True
CONTROL__68025__2025041907,68025,2025-04-19 07:00:00,2025-04-19 04:00:00,2025-04-19 10:00:00,NORMAL,GROUP__68025__0019,CONTROL,7.0,21.0,25.0,29.0,28.0,27.0,39.0,False
CONTROL__68025__2025110807,68025,2025-11-08 07:00:00,2025-11-08 04:00:00,2025-11-08 10:00:00,NORMAL,GROUP__68025__0019,CONTROL,2.0,16.0,39.0,42.0,40.0,41.0,44.0,False
CONTROL__51235__2025011201,51235,2025-01-12 01:00:00,2025-01-11 22:00:00,2025-01-12 04:00:00,NORMAL,GROUP__51235__0023,CONTROL,514.0,0.0,20.0,15.0,5.0,9.0,14.0,False
CONTROL__51235__2025082401,51235,2025-08-24 01:00:00,2025-08-23 22:00:00,2025-08-24 04:00:00,NORMAL,GROUP__51235__0023,CONTROL,1162.0,920.0,23.0,12.0,13.0,15.0,13.0,False
CONTROL__7179__2025113004,7179,2025-11-30 04:00:00,2025-11-30 01:00:00,2025-11-30 07:00:00,NORMAL,GROUP__7179__0041,CONTROL,582.0,358.0,276.0,226.0,309.0,473.0,644.0,False
CONTROL__7179__2025092804,7179,2025-09-28 04:00:00,2025-09-28 01:00:00,2025-09-28 07:00:00,NORMAL,GROUP__7179__0041,CONTROL,34.0,28.0,23.0,21.0,41.0,41.0,65.0,False
CONTROL__7120__2025012703,7120,2025-01-27 03:00:00,2025-01-27 00:00:00,2025-01-27 06:00:00,NORMAL,GROUP__7120__0025,CONTROL,8.0,15.0,12.0,21.0,25.0,27.0,21.0,False
CONTROL__7120__2025062303,7120,2025-06-23 03:00:00,2025-06-23 00:00:00,2025-06-23 06:00:00,NORMAL,GROUP__7120__0025,CONTROL,106.0,80.0,76.0,90.0,206.0,616.0,758.0,False
CONTROL__7121__2025102703,7121,2025-10-27 03:00:00,2025-10-27 00:00:00,2025-10-27 06:00:00,NORMAL,GROUP__7121__0025,CONTROL,0.0,0.0,0.0,0.0,0.0,0.0,0.0,True
CONTROL__7121__2025122203,7121,2025-12-22 03:00:00,2025-12-22 00:00:00,2025-12-22 06:00:00,NORMAL,GROUP__7121__0025,CONTROL,0.0,0.0,0.0,0.0,0.0,0.0,0.0,True
CONTROL__10011__2025031004,10011,2025-03-10 04:00:00,2025-03-10 01:00:00,2025-03-10 07:00:00,NORMAL,GROUP__10011__0022,CONTROL,0.0,0.0,3.0,2.0,7.0,42.0,29.0,False
CONTROL__10011__2025022404,10011,2025-02-24 04:00:00,2025-02-24 01:00:00,2025-02-24 07:00:00,NORMAL,GROUP__10011__0022,CONTROL,0.0,0.0,0.0,0.0,0.0,0.0,0.0,True
CONTROL__7139__2025060204,7139,2025-06-02 04:00:00,2025-06-02 01:00:00,2025-06-02 07:00:00,NORMAL,GROUP__7139__0022,CONTROL,0.0,0.0,0.0,0.0,0.0,0.0,0.0,True
CONTROL__7139__2025120104,7139,2025-12-01 04:00:00,2025-12-01 01:00:00,2025-12-01 07:00:00,NORMAL,GROUP__7139__0022,CONTROL,10.0,16.0,18.0,20.0,74.0,200.0,224.0,False
CONTROL__9836-PR__2025061606,9836-PR,2025-06-16 06:00:00,2025-06-16 03:00:00,2025-06-16 09:00:00,NORMAL,GROUP__9836-PR__0003,CONTROL,102.0,326.0,908.0,1761.0,1523.0,1480.0,1346.0,False
CONTROL__9836-PR__2025071406,9836-PR,2025-07-14 06:00:00,2025-07-14 03:00:00,2025-07-14 09:00:00,NORMAL,GROUP__9836-PR__0003,CONTROL,12.0,10.0,30.0,64.0,113.0,116.0,139.0,False
CONTROL__32029__2025072809,32029,2025-07-28 09:00:00,2025-07-28 06:00:00,2025-07-28 12:00:00,NORMAL,GROUP__32029__0002,CONTROL,0.0,0.0,0.0,0.0,0.0,0.0,0.0,True
CONTROL__32029__2025122209,32029,2025-12-22 09:00:00,2025-12-22 06:00:00,2025-12-22 12:00:00,NORMAL,GROUP__32029__0002,CONTROL,0.0,0.0,0.0,0.0,0.0,0.0,0.0,True
CONTROL__23067__2025033120,23067,2025-03-31 20:00:00,2025-03-31 17:00:00,2025-03-31 23:00:00,NORMAL,GROUP__23067__0018,CONTROL,1409.0,1292.0,1090.0,1009.0,917.0,654.0,144.0,False
CONTROL__23067__2025081120,23067,2025-08-11 20:00:00,2025-08-11 17:00:00,2025-08-11 23:00:00,NORMAL,GROUP__23067__0018,CONTROL,75.0,73.0,63.0,46.0,40.0,25.0,34.0,False
CONTROL__7161__2025070102,7161,2025-07-01 02:00:00,2025-06-30 23:00:00,2025-07-01 05:00:00,NORMAL,GROUP__7161__0014,CONTROL,32.0,18.0,17.0,17.0,12.0,35.0,85.0,False
CONTROL__7161__2025122302,7161,2025-12-23 02:00:00,2025-12-22 23:00:00,2025-12-23 05:00:00,NORMAL,GROUP__7161__0014,CONTROL,288.0,23.0,16.0,12.0,21.0,15.0,66.0,False
CONTROL__T0231__2025071502,T0231,2025-07-15 02:00:00,2025-07-14 23:00:00,2025-07-15 05:00:00,NORMAL,GROUP__T0231__0005,CONTROL,134.0,52.0,51.0,55.0,85.0,196.0,691.0,False
CONTROL__T0231__2025052002,T0231,2025-05-20 02:00:00,2025-05-19 23:00:00,2025-05-20 05:00:00,NORMAL,GROUP__T0231__0005,CONTROL,7.0,60.0,61.0,51.0,81.0,240.0,712.0,False
CONTROL__7112__2025021120,7112,2025-02-11 20:00:00,2025-02-11 17:00:00,2025-02-11 23:00:00,NORMAL,GROUP__7112__0028,CONTROL,0.0,0.0,0.0,0.0,0.0,0.0,0.0,True
CONTROL__7112__2025022520,7112,2025-02-25 20:00:00,2025-02-25 17:00:00,2025-02-25 23:00:00,NORMAL,GROUP__7112__0028,CONTROL,0.0,0.0,0.0,0.0,0.0,0.0,0.0,True
CONTROL__51235__2025092321,51235,2025-09-23 21:00:00,2025-09-23 18:00:00,2025-09-24 00:00:00,NORMAL,GROUP__51235__0024,CONTROL,1736.0,1185.0,968.0,863.0,620.0,311.0,19.0,False
CONTROL__51235__2025010721,51235,2025-01-07 21:00:00,2025-01-07 18:00:00,2025-01-08 00:00:00,NORMAL,GROUP__51235__0024,CONTROL,1373.0,909.0,847.0,699.0,497.0,304.0,0.0,False
CONTROL__33014__2025102201,33014,2025-10-22 01:00:00,2025-10-21 22:00:00,2025-10-22 04:00:00,NORMAL,GROUP__33014__0024,CONTROL,0.0,0.0,0.0,0.0,0.0,0.0,0.0,True
CONTROL__33014__2025021201,33014,2025-02-12 01:00:00,2025-02-11 22:00:00,2025-02-12 04:00:00,NORMAL,GROUP__33014__0024,CONTROL,0.0,0.0,0.0,0.0,0.0,0.0,0.0,True
CONTROL__22001__2025091706,22001,2025-09-17 06:00:00,2025-09-17 03:00:00,2025-09-17 09:00:00,NORMAL,GROUP__22001__0009,CONTROL,0.0,0.0,0.0,0.0,0.0,0.0,0.0,True
CONTROL__22001__2025060406,22001,2025-06-04 06:00:00,2025-06-04 03:00:00,2025-06-04 09:00:00,NORMAL,GROUP__22001__0009,CONTROL,0.0,0.0,0.0,0.0,0.0,0.0,0.0,True
CONTROL__7270__2025102910,7270,2025-10-29 10:00:00,2025-10-29 07:00:00,2025-10-29 13:00:00,NORMAL,GROUP__7270__0008,CONTROL,258.0,196.0,191.0,258.0,243.0,176.0,200.0,False
CONTROL__7270__2025081310,7270,2025-08-13 10:00:00,2025-08-13 07:00:00,2025-08-13 13:00:00,NORMAL,GROUP__7270__0008,CONTROL,1259.0,1334.0,1337.0,1373.0,1224.0,1204.0,1338.0,False
CONTROL__53004__2025102218,53004,2025-10-22 18:00:00,2025-10-22 15:00:00,2025-10-22 21:00:00,NORMAL,GROUP__53004__0018,CONTROL,1693.0,1989.0,1928.0,1728.0,1244.0,1028.0,870.0,False
CONTROL__53004__2025070918,53004,2025-07-09 18:00:00,2025-07-09 15:00:00,2025-07-09 21:00:00,NORMAL,GROUP__53004__0018,CONTROL,1119.0,1172.0,1325.0,1055.0,735.0,439.0,372.0,False
CONTROL__72027__2025101520,72027,2025-10-15 20:00:00,2025-10-15 17:00:00,2025-10-15 23:00:00,NORMAL,GROUP__72027__0002,CONTROL,1712.0,1227.0,898.0,711.0,539.0,287.0,126.0,False
CONTROL__72027__2025043020,72027,2025-04-30 20:00:00,2025-04-30 17:00:00,2025-04-30 23:00:00,NORMAL,GROUP__72027__0002,CONTROL,115.0,119.0,59.0,33.0,24.0,12.0,9.0,False
CONTROL__68025__2025042321,68025,2025-04-23 21:00:00,2025-04-23 18:00:00,2025-04-24 00:00:00,NORMAL,GROUP__68025__0020,CONTROL,63.0,40.0,26.0,23.0,16.0,14.0,8.0,False
CONTROL__68025__2025072321,68025,2025-07-23 21:00:00,2025-07-23 18:00:00,2025-07-24 00:00:00,NORMAL,GROUP__68025__0020,CONTROL,19.0,17.0,10.0,5.0,3.0,1.0,8.0,False
CONTROL__22001__2025091722,22001,2025-09-17 22:00:00,2025-09-17 19:00:00,2025-09-18 01:00:00,NORMAL,GROUP__22001__0010,CONTROL,0.0,0.0,0.0,0.0,0.0,0.0,0.0,True
CONTROL__53004__2025071700,53004,2025-07-17 00:00:00,2025-07-16 21:00:00,2025-07-17 03:00:00,NORMAL,GROUP__53004__0018,CONTROL,384.0,274.0,130.0,14.0,13.0,13.0,21.0,False
CONTROL__53004__2025021300,53004,2025-02-13 00:00:00,2025-02-12 21:00:00,2025-02-13 03:00:00,NORMAL,GROUP__53004__0018,CONTROL,0.0,0.0,0.0,0.0,0.0,0.0,0.0,True
CONTROL__7159__2025101001,7159,2025-10-10 01:00:00,2025-10-09 22:00:00,2025-10-10 04:00:00,NORMAL,GROUP__7159__0008,CONTROL,640.0,355.0,206.0,133.0,108.0,113.0,214.0,False
CONTROL__7159__2025032801,7159,2025-03-28 01:00:00,2025-03-27 22:00:00,2025-03-28 04:00:00,NORMAL,GROUP__7159__0008,CONTROL,43.0,39.0,30.0,27.0,25.0,38.0,53.0,False
CONTROL__7179__2025112104,7179,2025-11-21 04:00:00,2025-11-21 01:00:00,2025-11-21 07:00:00,NORMAL,GROUP__7179__0042,CONTROL,251.0,168.0,247.0,401.0,960.0,1213.0,1562.0,False
CONTROL__7179__2025010304,7179,2025-01-03 04:00:00,2025-01-03 01:00:00,2025-01-03 07:00:00,NORMAL,GROUP__7179__0042,CONTROL,89.0,71.0,74.0,97.0,158.0,228.0,270.0,False
CONTROL__7132__2025012522,7132,2025-01-25 22:00:00,2025-01-25 19:00:00,2025-01-26 01:00:00,NORMAL,GROUP__7132__0017,CONTROL,14.0,14.0,17.0,6.0,13.0,306.0,206.0,False
CONTROL__7132__2025042622,7132,2025-04-26 22:00:00,2025-04-26 19:00:00,2025-04-27 01:00:00,NORMAL,GROUP__7132__0017,CONTROL,11.0,11.0,6.0,7.0,4.0,229.0,169.0,False
CONTROL__7184__2025031604,7184,2025-03-16 04:00:00,2025-03-16 01:00:00,2025-03-16 07:00:00,NORMAL,GROUP__7184__0019,CONTROL,0.0,0.0,0.0,6.0,19.0,34.0,40.0,False
CONTROL__7184__2025051804,7184,2025-05-18 04:00:00,2025-05-18 01:00:00,2025-05-18 07:00:00,NORMAL,GROUP__7184__0019,CONTROL,222.0,153.0,118.0,146.0,253.0,547.0,874.0,False
CONTROL__F3FWY003__2025022308,F3FWY003,2025-02-23 08:00:00,2025-02-23 05:00:00,2025-02-23 11:00:00,NORMAL,GROUP__F3FWY003__0026,CONTROL,0.0,0.0,0.0,0.0,0.0,0.0,0.0,True
CONTROL__F3FWY003__2025020208,F3FWY003,2025-02-02 08:00:00,2025-02-02 05:00:00,2025-02-02 11:00:00,NORMAL,GROUP__F3FWY003__0026,CONTROL,0.0,0.0,0.0,0.0,0.0,0.0,0.0,True
CONTROL__7248__2025092900,7248,2025-09-29 00:00:00,2025-09-28 21:00:00,2025-09-29 03:00:00,NORMAL,GROUP__7248__0020,CONTROL,50.0,62.0,34.0,177.0,110.0,88.0,145.0,False
CONTROL__7248__2025011300,7248,2025-01-13 00:00:00,2025-01-12 21:00:00,2025-01-13 03:00:00,NORMAL,GROUP__7248__0020,CONTROL,703.0,529.0,306.0,201.0,108.0,98.0,124.0,False
CONTROL__7112__2025030306,7112,2025-03-03 06:00:00,2025-03-03 03:00:00,2025-03-03 09:00:00,NORMAL,GROUP__7112__0029,CONTROL,0.0,0.0,0.0,0.0,0.0,0.0,0.0,True
CONTROL__7112__2025052606,7112,2025-05-26 06:00:00,2025-05-26 03:00:00,2025-05-26 09:00:00,NORMAL,GROUP__7112__0029,CONTROL,0.0,0.0,0.0,0.0,0.0,0.0,0.0,True
CONTROL__29005__2025012708,29005,2025-01-27 08:00:00,2025-01-27 05:00:00,2025-01-27 11:00:00,NORMAL,GROUP__29005__0013,CONTROL,38.0,55.0,78.0,102.0,111.0,86.0,93.0,False
CONTROL__29005__2025041408,29005,2025-04-14 08:00:00,2025-04-14 05:00:00,2025-04-14 11:00:00,NORMAL,GROUP__29005__0013,CONTROL,1622.0,3055.0,2804.0,2811.0,2431.0,2158.0,2263.0,False
CONTROL__7179__2025072120,7179,2025-07-21 20:00:00,2025-07-21 17:00:00,2025-07-21 23:00:00,NORMAL,GROUP__7179__0043,CONTROL,258.0,243.0,151.0,101.0,103.0,63.0,62.0,False
CONTROL__7179__2025033120,7179,2025-03-31 20:00:00,2025-03-31 17:00:00,2025-03-31 23:00:00,NORMAL,GROUP__7179__0043,CONTROL,263.0,231.0,146.0,120.0,101.0,70.0,59.0,False
CONTROL__51235__2025032423,51235,2025-03-24 23:00:00,2025-03-24 20:00:00,2025-03-25 02:00:00,NORMAL,GROUP__51235__0025,CONTROL,0.0,0.0,0.0,0.0,0.0,0.0,0.0,True
CONTROL__51235__2025071423,51235,2025-07-14 23:00:00,2025-07-14 20:00:00,2025-07-15 02:00:00,NORMAL,GROUP__51235__0025,CONTROL,59.0,34.0,34.0,16.0,14.0,13.0,21.0,False
CONTROL__33014__2025030400,33014,2025-03-04 00:00:00,2025-03-03 21:00:00,2025-03-04 03:00:00,NORMAL,GROUP__33014__0025,CONTROL,22.0,19.0,0.0,16.0,12.0,23.0,31.0,False
CONTROL__33014__2025120900,33014,2025-12-09 00:00:00,2025-12-08 21:00:00,2025-12-09 03:00:00,NORMAL,GROUP__33014__0025,CONTROL,0.0,0.0,0.0,0.0,0.0,0.0,0.0,True
CONTROL__7112__2025040105,7112,2025-04-01 05:00:00,2025-04-01 02:00:00,2025-04-01 08:00:00,NORMAL,GROUP__7112__0030,CONTROL,0.0,0.0,0.0,0.0,0.0,0.0,0.0,True
CONTROL__7112__2025012805,7112,2025-01-28 05:00:00,2025-01-28 02:00:00,2025-01-28 08:00:00,NORMAL,GROUP__7112__0030,CONTROL,0.0,0.0,0.0,0.0,0.0,0.0,0.0,True
CONTROL__47024__2025093006,47024,2025-09-30 06:00:00,2025-09-30 03:00:00,2025-09-30 09:00:00,NORMAL,GROUP__47024__0009,CONTROL,44.0,70.0,137.0,92.0,167.0,188.0,251.0,False
CONTROL__47024__2025011406,47024,2025-01-14 06:00:00,2025-01-14 03:00:00,2025-01-14 09:00:00,NORMAL,GROUP__47024__0009,CONTROL,88.0,101.0,154.0,234.0,256.0,240.0,268.0,False
CONTROL__7132__2025050623,7132,2025-05-06 23:00:00,2025-05-06 20:00:00,2025-05-07 02:00:00,NORMAL,GROUP__7132__0018,CONTROL,549.0,428.0,272.0,143.0,8.0,10.0,13.0,False
CONTROL__7132__2025021123,7132,2025-02-11 23:00:00,2025-02-11 20:00:00,2025-02-12 02:00:00,NORMAL,GROUP__7132__0018,CONTROL,0.0,0.0,0.0,0.0,0.0,0.0,0.0,True
CONTROL__7248__2025123105,7248,2025-12-31 05:00:00,2025-12-31 02:00:00,2025-12-31 08:00:00,NORMAL,GROUP__7248__0021,CONTROL,38.0,58.0,69.0,90.0,118.0,113.0,104.0,False
CONTROL__7248__2025080605,7248,2025-08-06 05:00:00,2025-08-06 02:00:00,2025-08-06 08:00:00,NORMAL,GROUP__7248__0021,CONTROL,63.0,92.0,138.0,222.0,331.0,222.0,177.0,False
CONTROL__33014__2025090307,33014,2025-09-03 07:00:00,2025-09-03 04:00:00,2025-09-03 10:00:00,NORMAL,GROUP__33014__0026,CONTROL,0.0,0.0,0.0,0.0,0.0,0.0,0.0,True
CONTROL__33014__2025030507,33014,2025-03-05 07:00:00,2025-03-05 04:00:00,2025-03-05 10:00:00,NORMAL,GROUP__33014__0026,CONTROL,100.0,250.0,182.0,152.0,198.0,205.0,206.0,False
CONTROL__T0231__2025111211,T0231,2025-11-12 11:00:00,2025-11-12 08:00:00,2025-11-12 14:00:00,NORMAL,GROUP__T0231__0006,CONTROL,104.0,111.0,117.0,116.0,98.0,86.0,74.0,False
CONTROL__T0231__2025052811,T0231,2025-05-28 11:00:00,2025-05-28 08:00:00,2025-05-28 14:00:00,NORMAL,GROUP__T0231__0006,CONTROL,121.0,113.0,120.0,103.0,86.0,78.0,120.0,False
CONTROL__51235__2025073022,51235,2025-07-30 22:00:00,2025-07-30 19:00:00,2025-07-31 01:00:00,NORMAL,GROUP__51235__0026,CONTROL,910.0,756.0,790.0,582.0,263.0,268.0,145.0,False
CONTROL__51235__2025010822,51235,2025-01-08 22:00:00,2025-01-08 19:00:00,2025-01-09 01:00:00,NORMAL,GROUP__51235__0026,CONTROL,0.0,0.0,0.0,0.0,0.0,0.0,0.0,True
CONTROL__F3FWY003__2025102300,F3FWY003,2025-10-23 00:00:00,2025-10-22 21:00:00,2025-10-23 03:00:00,NORMAL,GROUP__F3FWY003__0027,CONTROL,725.0,795.0,368.0,207.0,101.0,73.0,87.0,False
CONTROL__F3FWY003__2025050100,F3FWY003,2025-05-01 00:00:00,2025-04-30 21:00:00,2025-05-01 03:00:00,NORMAL,GROUP__F3FWY003__0027,CONTROL,0.0,0.0,0.0,0.0,0.0,0.0,0.0,True
CONTROL__47024__2025091102,47024,2025-09-11 02:00:00,2025-09-10 23:00:00,2025-09-11 05:00:00,NORMAL,GROUP__47024__0010,CONTROL,731.0,316.0,274.0,237.0,334.0,572.0,1169.0,False
CONTROL__47024__2025012302,47024,2025-01-23 02:00:00,2025-01-22 23:00:00,2025-01-23 05:00:00,NORMAL,GROUP__47024__0010,CONTROL,0.0,459.0,264.0,189.0,233.0,363.0,956.0,False
CONTROL__53004__2025061907,53004,2025-06-19 07:00:00,2025-06-19 04:00:00,2025-06-19 10:00:00,NORMAL,GROUP__53004__0019,CONTROL,203.0,623.0,1464.0,2253.0,2198.0,1564.0,1285.0,False
CONTROL__53004__2025121807,53004,2025-12-18 07:00:00,2025-12-18 04:00:00,2025-12-18 10:00:00,NORMAL,GROUP__53004__0019,CONTROL,183.0,552.0,1281.0,1677.0,1718.0,1607.0,1274.0,False
CONTROL__7112__2025090407,7112,2025-09-04 07:00:00,2025-09-04 04:00:00,2025-09-04 10:00:00,NORMAL,GROUP__7112__0031,CONTROL,222.0,875.0,1603.0,1353.0,1200.0,1072.0,898.0,False
CONTROL__7112__2025082807,7112,2025-08-28 07:00:00,2025-08-28 04:00:00,2025-08-28 10:00:00,NORMAL,GROUP__7112__0031,CONTROL,0.0,0.0,0.0,0.0,0.0,0.0,0.0,True
CONTROL__23067__2025100910,23067,2025-10-09 10:00:00,2025-10-09 07:00:00,2025-10-09 13:00:00,NORMAL,GROUP__23067__0019,CONTROL,108.0,123.0,131.0,119.0,116.0,110.0,103.0,False
CONTROL__23067__2025012310,23067,2025-01-23 10:00:00,2025-01-23 07:00:00,2025-01-23 13:00:00,NORMAL,GROUP__23067__0019,CONTROL,1604.0,1447.0,1412.0,1586.0,1580.0,1664.0,1799.0,False
CONTROL__51235__2025071721,51235,2025-07-17 21:00:00,2025-07-17 18:00:00,2025-07-18 00:00:00,NORMAL,GROUP__51235__0027,CONTROL,88.0,79.0,45.0,37.0,31.0,18.0,136.0,False
CONTROL__51235__2025082821,51235,2025-08-28 21:00:00,2025-08-28 18:00:00,2025-08-29 00:00:00,NORMAL,GROUP__51235__0027,CONTROL,106.0,100.0,72.0,64.0,54.0,42.0,30.0,False
CONTROL__7270__2025080803,7270,2025-08-08 03:00:00,2025-08-08 00:00:00,2025-08-08 06:00:00,NORMAL,GROUP__7270__0009,CONTROL,155.0,83.0,80.0,155.0,328.0,1132.0,1972.0,False
CONTROL__7270__2025112803,7270,2025-11-28 03:00:00,2025-11-28 00:00:00,2025-11-28 06:00:00,NORMAL,GROUP__7270__0009,CONTROL,38.0,46.0,51.0,61.0,116.0,183.0,299.0,False
CONTROL__29005__2025100304,29005,2025-10-03 04:00:00,2025-10-03 01:00:00,2025-10-03 07:00:00,NORMAL,GROUP__29005__0014,CONTROL,183.0,137.0,204.0,422.0,1368.0,2467.0,2561.0,False
CONTROL__29005__2025041804,29005,2025-04-18 04:00:00,2025-04-18 01:00:00,2025-04-18 07:00:00,NORMAL,GROUP__29005__0014,CONTROL,26.0,23.0,16.0,28.0,46.0,75.0,118.0,False
CONTROL__7126__2025031411,7126,2025-03-14 11:00:00,2025-03-14 08:00:00,2025-03-14 14:00:00,NORMAL,GROUP__7126__0010,CONTROL,62.0,60.0,55.0,53.0,69.0,62.0,55.0,False
CONTROL__7126__2025082211,7126,2025-08-22 11:00:00,2025-08-22 08:00:00,2025-08-22 14:00:00,NORMAL,GROUP__7126__0010,CONTROL,610.0,482.0,569.0,690.0,672.0,703.0,740.0,False
CONTROL__7120__2025022814,7120,2025-02-28 14:00:00,2025-02-28 11:00:00,2025-02-28 17:00:00,NORMAL,GROUP__7120__0026,CONTROL,0.0,0.0,0.0,0.0,0.0,0.0,0.0,True
CONTROL__7120__2025092614,7120,2025-09-26 14:00:00,2025-09-26 11:00:00,2025-09-26 17:00:00,NORMAL,GROUP__7120__0026,CONTROL,87.0,79.0,67.0,68.0,58.0,41.0,31.0,False
CONTROL__7121__2025090514,7121,2025-09-05 14:00:00,2025-09-05 11:00:00,2025-09-05 17:00:00,NORMAL,GROUP__7121__0026,CONTROL,435.0,430.0,456.0,510.0,547.0,562.0,578.0,False
CONTROL__7121__2025041114,7121,2025-04-11 14:00:00,2025-04-11 11:00:00,2025-04-11 17:00:00,NORMAL,GROUP__7121__0026,CONTROL,464.0,482.0,483.0,528.0,562.0,518.0,602.0,False
CONTROL__51235__2025020108,51235,2025-02-01 08:00:00,2025-02-01 05:00:00,2025-02-01 11:00:00,NORMAL,GROUP__51235__0028,CONTROL,0.0,0.0,0.0,0.0,0.0,0.0,0.0,True
CONTROL__51235__2025032908,51235,2025-03-29 08:00:00,2025-03-29 05:00:00,2025-03-29 11:00:00,NORMAL,GROUP__51235__0028,CONTROL,26.0,45.0,63.0,81.0,96.0,103.0,76.0,False
CONTROL__7120__2025110123,7120,2025-11-01 23:00:00,2025-11-01 20:00:00,2025-11-02 02:00:00,NORMAL,GROUP__7120__0027,CONTROL,0.0,0.0,0.0,0.0,0.0,0.0,0.0,True
CONTROL__7120__2025072623,7120,2025-07-26 23:00:00,2025-07-26 20:00:00,2025-07-27 02:00:00,NORMAL,GROUP__7120__0027,CONTROL,19.0,35.0,16.0,20.0,18.0,14.0,9.0,False
CONTROL__7121__2025082323,7121,2025-08-23 23:00:00,2025-08-23 20:00:00,2025-08-24 02:00:00,NORMAL,GROUP__7121__0027,CONTROL,15.0,11.0,11.0,15.0,280.0,281.0,212.0,False
CONTROL__7121__2025111523,7121,2025-11-15 23:00:00,2025-11-15 20:00:00,2025-11-16 02:00:00,NORMAL,GROUP__7121__0027,CONTROL,15.0,14.0,16.0,11.0,356.0,335.0,301.0,False
CONTROL__7153__2025071302,7153,2025-07-13 02:00:00,2025-07-12 23:00:00,2025-07-13 05:00:00,NORMAL,GROUP__7153__0015,CONTROL,19.0,26.0,27.0,20.0,14.0,24.0,31.0,False
CONTROL__7153__2025011202,7153,2025-01-12 02:00:00,2025-01-11 23:00:00,2025-01-12 05:00:00,NORMAL,GROUP__7153__0015,CONTROL,309.0,0.0,0.0,0.0,0.0,0.0,0.0,False
CONTROL__9849__2025102606,9849,2025-10-26 06:00:00,2025-10-26 03:00:00,2025-10-26 09:00:00,NORMAL,GROUP__9849__0007,CONTROL,28.0,36.0,78.0,148.0,181.0,380.0,536.0,False
CONTROL__9849__2025051806,9849,2025-05-18 06:00:00,2025-05-18 03:00:00,2025-05-18 09:00:00,NORMAL,GROUP__9849__0007,CONTROL,29.0,36.0,76.0,135.0,185.0,335.0,421.0,False
CONTROL__7153__2025081106,7153,2025-08-11 06:00:00,2025-08-11 03:00:00,2025-08-11 09:00:00,NORMAL,GROUP__7153__0016,CONTROL,47.0,68.0,176.0,345.0,278.0,263.0,228.0,False
CONTROL__7153__2025090806,7153,2025-09-08 06:00:00,2025-09-08 03:00:00,2025-09-08 09:00:00,NORMAL,GROUP__7153__0016,CONTROL,98.0,224.0,899.0,1438.0,1517.0,1483.0,1070.0,False
CONTROL__7161__2025021709,7161,2025-02-17 09:00:00,2025-02-17 06:00:00,2025-02-17 12:00:00,NORMAL,GROUP__7161__0015,CONTROL,0.0,0.0,0.0,0.0,0.0,0.0,0.0,True
CONTROL__7161__2025122909,7161,2025-12-29 09:00:00,2025-12-29 06:00:00,2025-12-29 12:00:00,NORMAL,GROUP__7161__0015,CONTROL,312.0,421.0,510.0,632.0,824.0,783.0,834.0,False
CONTROL__9836-PR__2025032410,9836-PR,2025-03-24 10:00:00,2025-03-24 07:00:00,2025-03-24 13:00:00,NORMAL,GROUP__9836-PR__0004,CONTROL,1515.0,1513.0,1383.0,1292.0,1260.0,1238.0,1276.0,False
CONTROL__9836-PR__2025042110,9836-PR,2025-04-21 10:00:00,2025-04-21 07:00:00,2025-04-21 13:00:00,NORMAL,GROUP__9836-PR__0004,CONTROL,44.0,41.0,57.0,50.0,62.0,66.0,52.0,False
CONTROL__7179__2025010615,7179,2025-01-06 15:00:00,2025-01-06 12:00:00,2025-01-06 18:00:00,NORMAL,GROUP__7179__0044,CONTROL,381.0,418.0,385.0,363.0,278.0,230.0,174.0,False
CONTROL__7179__2025092915,7179,2025-09-29 15:00:00,2025-09-29 12:00:00,2025-09-29 18:00:00,NORMAL,GROUP__7179__0044,CONTROL,1471.0,1610.0,1689.0,1981.0,2025.0,1952.0,1906.0,False
CONTROL__T0288__2025091519,T0288,2025-09-15 19:00:00,2025-09-15 16:00:00,2025-09-15 22:00:00,NORMAL,GROUP__T0288__0006,CONTROL,0.0,0.0,0.0,0.0,0.0,0.0,0.0,True
CONTROL__T0288__2025111719,T0288,2025-11-17 19:00:00,2025-11-17 16:00:00,2025-11-17 22:00:00,NORMAL,GROUP__T0288__0006,CONTROL,0.0,0.0,0.0,0.0,0.0,0.0,0.0,True
CONTROL__T0289__2025042119,T0289,2025-04-21 19:00:00,2025-04-21 16:00:00,2025-04-21 22:00:00,NORMAL,GROUP__T0289__0006,CONTROL,0.0,0.0,0.0,0.0,0.0,0.0,0.0,True
CONTROL__T0289__2025062319,T0289,2025-06-23 19:00:00,2025-06-23 16:00:00,2025-06-23 22:00:00,NORMAL,GROUP__T0289__0006,CONTROL,0.0,0.0,0.0,0.0,0.0,0.0,0.0,True
CONTROL__T0290__2025122919,T0290,2025-12-29 19:00:00,2025-12-29 16:00:00,2025-12-29 22:00:00,NORMAL,GROUP__T0290__0006,CONTROL,0.0,0.0,0.0,0.0,0.0,0.0,0.0,True
CONTROL__T0290__2025120119,T0290,2025-12-01 19:00:00,2025-12-01 16:00:00,2025-12-01 22:00:00,NORMAL,GROUP__T0290__0006,CONTROL,207.0,171.0,172.0,180.0,176.0,157.0,151.0,False
CONTROL__T0479-PR__2025060219,T0479-PR,2025-06-02 19:00:00,2025-06-02 16:00:00,2025-06-02 22:00:00,NORMAL,GROUP__T0479-PR__0006,CONTROL,1507.0,1419.0,861.0,528.0,341.0,248.0,147.0,False
CONTROL__T0479-PR__2025031719,T0479-PR,2025-03-17 19:00:00,2025-03-17 16:00:00,2025-03-17 22:00:00,NORMAL,GROUP__T0479-PR__0006,CONTROL,1300.0,1250.0,1007.0,675.0,468.0,386.0,319.0,False
CONTROL__23067__2025100623,23067,2025-10-06 23:00:00,2025-10-06 20:00:00,2025-10-07 02:00:00,NORMAL,GROUP__23067__0020,CONTROL,1193.0,1090.0,783.0,123.0,66.0,110.0,375.0,False
CONTROL__23067__2025090123,23067,2025-09-01 23:00:00,2025-09-01 20:00:00,2025-09-02 02:00:00,NORMAL,GROUP__23067__0020,CONTROL,938.0,872.0,909.0,695.0,13.0,20.0,18.0,False
CONTROL__7120__2025111800,7120,2025-11-18 00:00:00,2025-11-17 21:00:00,2025-11-18 03:00:00,NORMAL,GROUP__7120__0028,CONTROL,446.0,345.0,172.0,104.0,73.0,80.0,68.0,False
CONTROL__7120__2025070100,7120,2025-07-01 00:00:00,2025-06-30 21:00:00,2025-07-01 03:00:00,NORMAL,GROUP__7120__0028,CONTROL,432.0,214.0,124.0,5.0,8.0,6.0,8.0,False
CONTROL__7121__2025031100,7121,2025-03-11 00:00:00,2025-03-10 21:00:00,2025-03-11 03:00:00,NORMAL,GROUP__7121__0028,CONTROL,0.0,0.0,0.0,0.0,0.0,0.0,29.0,False
CONTROL__7121__2025110400,7121,2025-11-04 00:00:00,2025-11-03 21:00:00,2025-11-04 03:00:00,NORMAL,GROUP__7121__0028,CONTROL,0.0,0.0,0.0,0.0,0.0,0.0,0.0,True
CONTROL__7179__2025100702,7179,2025-10-07 02:00:00,2025-10-06 23:00:00,2025-10-07 05:00:00,NORMAL,GROUP__7179__0045,CONTROL,214.0,277.0,161.0,130.0,194.0,377.0,841.0,False
CONTROL__7179__2025072902,7179,2025-07-29 02:00:00,2025-07-28 23:00:00,2025-07-29 05:00:00,NORMAL,GROUP__7179__0045,CONTROL,47.0,247.0,162.0,142.0,217.0,413.0,834.0,False
CONTROL__9658__2025100708,9658,2025-10-07 08:00:00,2025-10-07 05:00:00,2025-10-07 11:00:00,NORMAL,GROUP__9658__0018,CONTROL,77.0,138.0,108.0,115.0,148.0,169.0,180.0,False
CONTROL__9658__2025031808,9658,2025-03-18 08:00:00,2025-03-18 05:00:00,2025-03-18 11:00:00,NORMAL,GROUP__9658__0018,CONTROL,531.0,985.0,1318.0,1053.0,943.0,835.0,807.0,False
CONTROL__50260__2025050620,50260,2025-05-06 20:00:00,2025-05-06 17:00:00,2025-05-06 23:00:00,NORMAL,GROUP__50260__0004,CONTROL,225.0,194.0,105.0,80.0,57.0,50.0,24.0,False
CONTROL__50260__2025031820,50260,2025-03-18 20:00:00,2025-03-18 17:00:00,2025-03-18 23:00:00,NORMAL,GROUP__50260__0004,CONTROL,3087.0,2349.0,1385.0,1170.0,1050.0,844.0,443.0,False
CONTROL__57025__2025110422,57025,2025-11-04 22:00:00,2025-11-04 19:00:00,2025-11-05 01:00:00,NORMAL,GROUP__57025__0005,CONTROL,21.0,12.0,13.0,4.0,2.0,0.0,3.0,False
CONTROL__57025__2025031122,57025,2025-03-11 22:00:00,2025-03-11 19:00:00,2025-03-12 01:00:00,NORMAL,GROUP__57025__0005,CONTROL,228.0,219.0,85.0,30.0,14.0,10.0,6.0,False
CONTROL__53003__2025111207,53003,2025-11-12 07:00:00,2025-11-12 04:00:00,2025-11-12 10:00:00,NORMAL,GROUP__53003__0009,CONTROL,126.0,465.0,1235.0,1741.0,1498.0,1386.0,1435.0,False
CONTROL__53003__2025010807,53003,2025-01-08 07:00:00,2025-01-08 04:00:00,2025-01-08 10:00:00,NORMAL,GROUP__53003__0009,CONTROL,243.0,731.0,1227.0,1357.0,1393.0,1328.0,1263.0,False
CONTROL__23067__2025090315,23067,2025-09-03 15:00:00,2025-09-03 12:00:00,2025-09-03 18:00:00,NORMAL,GROUP__23067__0021,CONTROL,1556.0,1503.0,1766.0,2039.0,2164.0,2212.0,1806.0,False
CONTROL__23067__2025042315,23067,2025-04-23 15:00:00,2025-04-23 12:00:00,2025-04-23 18:00:00,NORMAL,GROUP__23067__0021,CONTROL,1568.0,1576.0,1687.0,1825.0,1769.0,1882.0,1710.0,False
CONTROL__7112__2025121100,7112,2025-12-11 00:00:00,2025-12-10 21:00:00,2025-12-11 03:00:00,NORMAL,GROUP__7112__0032,CONTROL,43.0,30.0,24.0,199.0,113.0,79.0,113.0,False
CONTROL__7112__2025022000,7112,2025-02-20 00:00:00,2025-02-19 21:00:00,2025-02-20 03:00:00,NORMAL,GROUP__7112__0032,CONTROL,0.0,0.0,0.0,0.0,0.0,0.0,0.0,True
CONTROL__7179__2025091800,7179,2025-09-18 00:00:00,2025-09-17 21:00:00,2025-09-18 03:00:00,NORMAL,GROUP__7179__0046,CONTROL,103.0,71.0,67.0,55.0,55.0,66.0,67.0,False
CONTROL__7179__2025030600,7179,2025-03-06 00:00:00,2025-03-05 21:00:00,2025-03-06 03:00:00,NORMAL,GROUP__7179__0046,CONTROL,0.0,0.0,0.0,36.0,43.0,43.0,55.0,False
CONTROL__7179__2025062603,7179,2025-06-26 03:00:00,2025-06-26 00:00:00,2025-06-26 06:00:00,NORMAL,GROUP__7179__0046,CONTROL,335.0,213.0,160.0,234.0,410.0,921.0,1311.0,False
CONTROL__7179__2025010903,7179,2025-01-09 03:00:00,2025-01-09 00:00:00,2025-01-09 06:00:00,NORMAL,GROUP__7179__0046,CONTROL,0.0,0.0,0.0,0.0,0.0,0.0,0.0,True
CONTROL__7112__2025112005,7112,2025-11-20 05:00:00,2025-11-20 02:00:00,2025-11-20 08:00:00,NORMAL,GROUP__7112__0032,CONTROL,75.0,92.0,230.0,947.0,1636.0,1253.0,1257.0,False
CONTROL__7112__2025012305,7112,2025-01-23 05:00:00,2025-01-23 02:00:00,2025-01-23 08:00:00,NORMAL,GROUP__7112__0032,CONTROL,7.0,17.0,31.0,52.0,109.0,110.0,105.0,False
CONTROL__7150__2025010205,7150,2025-01-02 05:00:00,2025-01-02 02:00:00,2025-01-02 08:00:00,NORMAL,GROUP__7150__0003,CONTROL,37.0,34.0,29.0,79.0,164.0,297.0,406.0,False
CONTROL__7150__2025071005,7150,2025-07-10 05:00:00,2025-07-10 02:00:00,2025-07-10 08:00:00,NORMAL,GROUP__7150__0003,CONTROL,4.0,10.0,8.0,35.0,48.0,77.0,89.0,False
CONTROL__7161__2025032006,7161,2025-03-20 06:00:00,2025-03-20 03:00:00,2025-03-20 09:00:00,NORMAL,GROUP__7161__0016,CONTROL,13.0,45.0,93.0,157.0,123.0,117.0,148.0,False
CONTROL__7161__2025082806,7161,2025-08-28 06:00:00,2025-08-28 03:00:00,2025-08-28 09:00:00,NORMAL,GROUP__7161__0016,CONTROL,21.0,36.0,105.0,148.0,139.0,167.0,153.0,False
CONTROL__7168__2025122507,7168,2025-12-25 07:00:00,2025-12-25 04:00:00,2025-12-25 10:00:00,NORMAL,GROUP__7168__0016,CONTROL,0.0,0.0,0.0,0.0,0.0,0.0,0.0,True
CONTROL__7168__2025031307,7168,2025-03-13 07:00:00,2025-03-13 04:00:00,2025-03-13 10:00:00,NORMAL,GROUP__7168__0016,CONTROL,0.0,0.0,0.0,0.0,0.0,0.0,0.0,True
CONTROL__9658__2025021311,9658,2025-02-13 11:00:00,2025-02-13 08:00:00,2025-02-13 14:00:00,NORMAL,GROUP__9658__0019,CONTROL,0.0,0.0,0.0,0.0,0.0,0.0,0.0,True
CONTROL__9658__2025112011,9658,2025-11-20 11:00:00,2025-11-20 08:00:00,2025-11-20 14:00:00,NORMAL,GROUP__9658__0019,CONTROL,994.0,965.0,916.0,912.0,902.0,935.0,953.0,False
CONTROL__7163__2025091122,7163,2025-09-11 22:00:00,2025-09-11 19:00:00,2025-09-12 01:00:00,NORMAL,GROUP__7163__0017,CONTROL,45.0,35.0,35.0,25.0,20.0,10.0,8.0,False
CONTROL__7163__2025011622,7163,2025-01-16 22:00:00,2025-01-16 19:00:00,2025-01-17 01:00:00,NORMAL,GROUP__7163__0017,CONTROL,527.0,461.0,395.0,301.0,176.0,17.0,18.0,False
CONTROL__7184__2025101106,7184,2025-10-11 06:00:00,2025-10-11 03:00:00,2025-10-11 09:00:00,NORMAL,GROUP__7184__0020,CONTROL,19.0,32.0,41.0,102.0,144.0,153.0,182.0,False
CONTROL__7184__2025022206,7184,2025-02-22 06:00:00,2025-02-22 03:00:00,2025-02-22 09:00:00,NORMAL,GROUP__7184__0020,CONTROL,0.0,0.0,0.0,0.0,0.0,0.0,0.0,True
CONTROL__7132__2025053107,7132,2025-05-31 07:00:00,2025-05-31 04:00:00,2025-05-31 10:00:00,NORMAL,GROUP__7132__0019,CONTROL,241.0,511.0,710.0,818.0,1090.0,1304.0,1372.0,False
CONTROL__7132__2025041207,7132,2025-04-12 07:00:00,2025-04-12 04:00:00,2025-04-12 10:00:00,NORMAL,GROUP__7132__0019,CONTROL,282.0,473.0,710.0,788.0,1060.0,1251.0,1340.0,False
CONTROL__50240__2025031514,50240,2025-03-15 14:00:00,2025-03-15 11:00:00,2025-03-15 17:00:00,NORMAL,GROUP__50240__0028,CONTROL,204.0,191.0,175.0,172.0,163.0,137.0,111.0,False
CONTROL__50240__2025092014,50240,2025-09-20 14:00:00,2025-09-20 11:00:00,2025-09-20 17:00:00,NORMAL,GROUP__50240__0028,CONTROL,171.0,158.0,158.0,156.0,129.0,0.0,147.0,False
CONTROL__7163__2025091402,7163,2025-09-14 02:00:00,2025-09-13 23:00:00,2025-09-14 05:00:00,NORMAL,GROUP__7163__0018,CONTROL,333.0,302.0,211.0,158.0,130.0,102.0,128.0,False
CONTROL__7163__2025082402,7163,2025-08-24 02:00:00,2025-08-23 23:00:00,2025-08-24 05:00:00,NORMAL,GROUP__7163__0018,CONTROL,360.0,294.0,251.0,154.0,125.0,124.0,115.0,False
CONTROL__74228__2025110903,74228,2025-11-09 03:00:00,2025-11-09 00:00:00,2025-11-09 06:00:00,NORMAL,GROUP__74228__0003,CONTROL,215.0,111.0,64.0,46.0,52.0,113.0,278.0,False
CONTROL__74228__2025083103,74228,2025-08-31 03:00:00,2025-08-31 00:00:00,2025-08-31 06:00:00,NORMAL,GROUP__74228__0003,CONTROL,3.0,2.0,2.0,5.0,5.0,11.0,25.0,False
CONTROL__7120__2025070607,7120,2025-07-06 07:00:00,2025-07-06 04:00:00,2025-07-06 10:00:00,NORMAL,GROUP__7120__0029,CONTROL,213.0,251.0,373.0,375.0,543.0,649.0,641.0,False
CONTROL__7120__2025071307,7120,2025-07-13 07:00:00,2025-07-13 04:00:00,2025-07-13 10:00:00,NORMAL,GROUP__7120__0029,CONTROL,213.0,278.0,354.0,404.0,535.0,602.0,707.0,False
CONTROL__7121__2025022307,7121,2025-02-23 07:00:00,2025-02-23 04:00:00,2025-02-23 10:00:00,NORMAL,GROUP__7121__0029,CONTROL,0.0,0.0,0.0,0.0,0.0,0.0,0.0,True
CONTROL__7121__2025051107,7121,2025-05-11 07:00:00,2025-05-11 04:00:00,2025-05-11 10:00:00,NORMAL,GROUP__7121__0029,CONTROL,11.0,5.0,8.0,16.0,15.0,12.0,14.0,False
CONTROL__33014__2025121407,33014,2025-12-14 07:00:00,2025-12-14 04:00:00,2025-12-14 10:00:00,NORMAL,GROUP__33014__0027,CONTROL,0.0,0.0,0.0,0.0,0.0,0.0,0.0,True
CONTROL__33014__2025033007,33014,2025-03-30 07:00:00,2025-03-30 04:00:00,2025-03-30 10:00:00,NORMAL,GROUP__33014__0027,CONTROL,16.0,11.0,35.0,37.0,39.0,55.0,63.0,False
CONTROL__7248__2025071405,7248,2025-07-14 05:00:00,2025-07-14 02:00:00,2025-07-14 08:00:00,NORMAL,GROUP__7248__0022,CONTROL,0.0,0.0,0.0,0.0,0.0,0.0,0.0,True
CONTROL__7248__2025080405,7248,2025-08-04 05:00:00,2025-08-04 02:00:00,2025-08-04 08:00:00,NORMAL,GROUP__7248__0022,CONTROL,44.0,62.0,100.0,236.0,283.0,239.0,197.0,False
CONTROL__23067__2025051922,23067,2025-05-19 22:00:00,2025-05-19 19:00:00,2025-05-20 01:00:00,NORMAL,GROUP__23067__0022,CONTROL,777.0,488.0,320.0,274.0,56.0,32.0,40.0,False
CONTROL__23067__2025041422,23067,2025-04-14 22:00:00,2025-04-14 19:00:00,2025-04-15 01:00:00,NORMAL,GROUP__23067__0022,CONTROL,34.0,37.0,25.0,27.0,19.0,13.0,16.0,False
CONTROL__T0345__2025031104,T0345,2025-03-11 04:00:00,2025-03-11 01:00:00,2025-03-11 07:00:00,NORMAL,GROUP__T0345__0001,CONTROL,1.0,0.0,2.0,4.0,28.0,44.0,47.0,False
CONTROL__T0345__2025051304,T0345,2025-05-13 04:00:00,2025-05-13 01:00:00,2025-05-13 07:00:00,NORMAL,GROUP__T0345__0001,CONTROL,2.0,1.0,4.0,3.0,12.0,23.0,43.0,False
CONTROL__33014__2025030409,33014,2025-03-04 09:00:00,2025-03-04 06:00:00,2025-03-04 12:00:00,NORMAL,GROUP__33014__0028,CONTROL,171.0,129.0,177.0,186.0,203.0,197.0,168.0,False
CONTROL__33014__2025070809,33014,2025-07-08 09:00:00,2025-07-08 06:00:00,2025-07-08 12:00:00,NORMAL,GROUP__33014__0028,CONTROL,0.0,0.0,0.0,0.0,0.0,0.0,0.0,True
CONTROL__T0231__2025110409,T0231,2025-11-04 09:00:00,2025-11-04 06:00:00,2025-11-04 12:00:00,NORMAL,GROUP__T0231__0007,CONTROL,1324.0,1191.0,1017.0,1040.0,1009.0,1000.0,944.0,False
CONTROL__T0231__2025100709,T0231,2025-10-07 09:00:00,2025-10-07 06:00:00,2025-10-07 12:00:00,NORMAL,GROUP__T0231__0007,CONTROL,207.0,122.0,120.0,111.0,106.0,98.0,95.0,False
CONTROL__29005__2025100717,29005,2025-10-07 17:00:00,2025-10-07 14:00:00,2025-10-07 20:00:00,NORMAL,GROUP__29005__0015,CONTROL,2628.0,2947.0,2999.0,3216.0,2592.0,2002.0,1603.0,False
CONTROL__29005__2025120917,29005,2025-12-09 17:00:00,2025-12-09 14:00:00,2025-12-09 20:00:00,NORMAL,GROUP__29005__0015,CONTROL,2686.0,2588.0,2837.0,2935.0,2932.0,2409.0,1825.0,False
CONTROL__68025__2025060322,68025,2025-06-03 22:00:00,2025-06-03 19:00:00,2025-06-04 01:00:00,NORMAL,GROUP__68025__0021,CONTROL,684.0,511.0,429.0,297.0,166.0,96.0,59.0,False
CONTROL__68025__2025012822,68025,2025-01-28 22:00:00,2025-01-28 19:00:00,2025-01-29 01:00:00,NORMAL,GROUP__68025__0021,CONTROL,20.0,14.0,12.0,9.0,2.0,6.0,8.0,False
CONTROL__7161__2025050702,7161,2025-05-07 02:00:00,2025-05-06 23:00:00,2025-05-07 05:00:00,NORMAL,GROUP__7161__0017,CONTROL,252.0,116.0,78.0,101.0,147.0,78.0,91.0,False
CONTROL__7161__2025040202,7161,2025-04-02 02:00:00,2025-04-01 23:00:00,2025-04-02 05:00:00,NORMAL,GROUP__7161__0017,CONTROL,22.0,0.0,0.0,0.0,0.0,0.0,0.0,False
CONTROL__9658__2025072302,9658,2025-07-23 02:00:00,2025-07-22 23:00:00,2025-07-23 05:00:00,NORMAL,GROUP__9658__0020,CONTROL,40.0,157.0,105.0,61.0,74.0,169.0,491.0,False
CONTROL__9658__2025011502,9658,2025-01-15 02:00:00,2025-01-14 23:00:00,2025-01-15 05:00:00,NORMAL,GROUP__9658__0020,CONTROL,0.0,0.0,0.0,0.0,0.0,47.0,67.0,False
CONTROL__68025__2025100804,68025,2025-10-08 04:00:00,2025-10-08 01:00:00,2025-10-08 07:00:00,NORMAL,GROUP__68025__0021,CONTROL,99.0,54.0,68.0,140.0,454.0,900.0,1088.0,False
CONTROL__68025__2025060404,68025,2025-06-04 04:00:00,2025-06-04 01:00:00,2025-06-04 07:00:00,NORMAL,GROUP__68025__0021,CONTROL,59.0,50.0,66.0,158.0,505.0,871.0,1304.0,False
CONTROL__53004__2025042307,53004,2025-04-23 07:00:00,2025-04-23 04:00:00,2025-04-23 10:00:00,NORMAL,GROUP__53004__0020,CONTROL,151.0,481.0,1085.0,1449.0,1555.0,1490.0,1319.0,False
CONTROL__53004__2025090307,53004,2025-09-03 07:00:00,2025-09-03 04:00:00,2025-09-03 10:00:00,NORMAL,GROUP__53004__0020,CONTROL,82.0,245.0,691.0,1339.0,1158.0,1091.0,1098.0,False
CONTROL__9827__2025082707,9827,2025-08-27 07:00:00,2025-08-27 04:00:00,2025-08-27 10:00:00,NORMAL,GROUP__9827__0003,CONTROL,102.0,309.0,689.0,1058.0,1065.0,881.0,821.0,False
CONTROL__9827__2025012207,9827,2025-01-22 07:00:00,2025-01-22 04:00:00,2025-01-22 10:00:00,NORMAL,GROUP__9827__0003,CONTROL,0.0,0.0,0.0,0.0,0.0,0.0,0.0,True
CONTROL__7270__2025030508,7270,2025-03-05 08:00:00,2025-03-05 05:00:00,2025-03-05 11:00:00,NORMAL,GROUP__7270__0010,CONTROL,1127.0,1719.0,1472.0,1495.0,1409.0,1267.0,1165.0,False
CONTROL__7270__2025043008,7270,2025-04-30 08:00:00,2025-04-30 05:00:00,2025-04-30 11:00:00,NORMAL,GROUP__7270__0010,CONTROL,1181.0,1538.0,1382.0,1392.0,1142.0,1325.0,1189.0,False
CONTROL__7179__2025070216,7179,2025-07-02 16:00:00,2025-07-02 13:00:00,2025-07-02 19:00:00,NORMAL,GROUP__7179__0047,CONTROL,24.0,29.0,46.0,28.0,32.0,19.0,13.0,False
CONTROL__7179__2025042316,7179,2025-04-23 16:00:00,2025-04-23 13:00:00,2025-04-23 19:00:00,NORMAL,GROUP__7179__0047,CONTROL,424.0,419.0,426.0,349.0,297.0,253.0,145.0,False
CONTROL__7164__2025030519,7164,2025-03-05 19:00:00,2025-03-05 16:00:00,2025-03-05 22:00:00,NORMAL,GROUP__7164__0011,CONTROL,84.0,74.0,42.0,37.0,32.0,29.0,23.0,False
CONTROL__7164__2025090319,7164,2025-09-03 19:00:00,2025-09-03 16:00:00,2025-09-03 22:00:00,NORMAL,GROUP__7164__0011,CONTROL,56.0,62.0,60.0,37.0,32.0,28.0,32.0,False
CONTROL__T0288__2025121103,T0288,2025-12-11 03:00:00,2025-12-11 00:00:00,2025-12-11 06:00:00,NORMAL,GROUP__T0288__0007,CONTROL,0.0,0.0,0.0,0.0,0.0,0.0,0.0,True
CONTROL__T0288__2025050103,T0288,2025-05-01 03:00:00,2025-05-01 00:00:00,2025-05-01 06:00:00,NORMAL,GROUP__T0288__0007,CONTROL,2.0,0.0,0.0,1.0,0.0,1.0,0.0,False
CONTROL__T0289__2025091103,T0289,2025-09-11 03:00:00,2025-09-11 00:00:00,2025-09-11 06:00:00,NORMAL,GROUP__T0289__0007,CONTROL,0.0,0.0,0.0,0.0,0.0,0.0,0.0,True
CONTROL__T0289__2025110603,T0289,2025-11-06 03:00:00,2025-11-06 00:00:00,2025-11-06 06:00:00,NORMAL,GROUP__T0289__0007,CONTROL,0.0,0.0,0.0,0.0,0.0,0.0,0.0,True
CONTROL__T0290__2025100903,T0290,2025-10-09 03:00:00,2025-10-09 00:00:00,2025-10-09 06:00:00,NORMAL,GROUP__T0290__0007,CONTROL,0.0,0.0,0.0,0.0,0.0,0.0,0.0,True
CONTROL__T0290__2025022703,T0290,2025-02-27 03:00:00,2025-02-27 00:00:00,2025-02-27 06:00:00,NORMAL,GROUP__T0290__0007,CONTROL,0.0,0.0,0.0,0.0,0.0,0.0,0.0,True
CONTROL__T0479-PR__2025091103,T0479-PR,2025-09-11 03:00:00,2025-09-11 00:00:00,2025-09-11 06:00:00,NORMAL,GROUP__T0479-PR__0007,CONTROL,63.0,73.0,0.0,206.0,720.0,1988.0,2879.0,False
CONTROL__T0479-PR__2025080703,T0479-PR,2025-08-07 03:00:00,2025-08-07 00:00:00,2025-08-07 06:00:00,NORMAL,GROUP__T0479-PR__0007,CONTROL,219.0,86.0,67.0,84.0,188.0,547.0,1416.0,False
CONTROL__32029__2025062608,32029,2025-06-26 08:00:00,2025-06-26 05:00:00,2025-06-26 11:00:00,NORMAL,GROUP__32029__0003,CONTROL,0.0,0.0,0.0,0.0,0.0,0.0,0.0,True
CONTROL__32029__2025101608,32029,2025-10-16 08:00:00,2025-10-16 05:00:00,2025-10-16 11:00:00,NORMAL,GROUP__32029__0003,CONTROL,0.0,0.0,0.0,0.0,0.0,0.0,0.0,True
CONTROL__50240__2025051510,50240,2025-05-15 10:00:00,2025-05-15 07:00:00,2025-05-15 13:00:00,NORMAL,GROUP__50240__0029,CONTROL,400.0,329.0,418.0,363.0,430.0,354.0,306.0,False
CONTROL__50240__2025020610,50240,2025-02-06 10:00:00,2025-02-06 07:00:00,2025-02-06 13:00:00,NORMAL,GROUP__50240__0029,CONTROL,0.0,0.0,0.0,0.0,0.0,0.0,0.0,True
CONTROL__7126__2025070321,7126,2025-07-03 21:00:00,2025-07-03 18:00:00,2025-07-04 00:00:00,NORMAL,GROUP__7126__0011,CONTROL,618.0,511.0,377.0,313.0,119.0,51.0,1.0,False
CONTROL__7126__2025121121,7126,2025-12-11 21:00:00,2025-12-11 18:00:00,2025-12-12 00:00:00,NORMAL,GROUP__7126__0011,CONTROL,61.0,56.0,40.0,39.0,15.0,5.0,33.0,False
CONTROL__33014__2025042421,33014,2025-04-24 21:00:00,2025-04-24 18:00:00,2025-04-25 00:00:00,NORMAL,GROUP__33014__0029,CONTROL,72.0,47.0,41.0,40.0,26.0,16.0,11.0,False
CONTROL__33014__2025052921,33014,2025-05-29 21:00:00,2025-05-29 18:00:00,2025-05-30 00:00:00,NORMAL,GROUP__33014__0029,CONTROL,1167.0,927.0,858.0,701.0,415.0,0.0,18.0,False
CONTROL__7120__2025090421,7120,2025-09-04 21:00:00,2025-09-04 18:00:00,2025-09-05 00:00:00,NORMAL,GROUP__7120__0030,CONTROL,710.0,669.0,550.0,528.0,404.0,240.0,163.0,False
CONTROL__7120__2025082821,7120,2025-08-28 21:00:00,2025-08-28 18:00:00,2025-08-29 00:00:00,NORMAL,GROUP__7120__0030,CONTROL,36.0,28.0,17.0,14.0,22.0,16.0,8.0,False
CONTROL__7121__2025051521,7121,2025-05-15 21:00:00,2025-05-15 18:00:00,2025-05-16 00:00:00,NORMAL,GROUP__7121__0030,CONTROL,537.0,395.0,388.0,334.0,315.0,173.0,6.0,False
CONTROL__7121__2025012321,7121,2025-01-23 21:00:00,2025-01-23 18:00:00,2025-01-24 00:00:00,NORMAL,GROUP__7121__0030,CONTROL,634.0,386.0,353.0,325.0,278.0,124.0,85.0,False
CONTROL__T0288__2025102403,T0288,2025-10-24 03:00:00,2025-10-24 00:00:00,2025-10-24 06:00:00,NORMAL,GROUP__T0288__0008,CONTROL,0.0,0.0,0.0,0.0,0.0,0.0,0.0,True
CONTROL__T0288__2025031403,T0288,2025-03-14 03:00:00,2025-03-14 00:00:00,2025-03-14 06:00:00,NORMAL,GROUP__T0288__0008,CONTROL,0.0,0.0,0.0,0.0,0.0,0.0,0.0,True
CONTROL__T0289__2025111403,T0289,2025-11-14 03:00:00,2025-11-14 00:00:00,2025-11-14 06:00:00,NORMAL,GROUP__T0289__0008,CONTROL,0.0,0.0,0.0,0.0,0.0,0.0,0.0,True
CONTROL__T0289__2025082203,T0289,2025-08-22 03:00:00,2025-08-22 00:00:00,2025-08-22 06:00:00,NORMAL,GROUP__T0289__0008,CONTROL,0.0,0.0,0.0,0.0,0.0,0.0,0.0,True
CONTROL__T0290__2025090503,T0290,2025-09-05 03:00:00,2025-09-05 00:00:00,2025-09-05 06:00:00,NORMAL,GROUP__T0290__0008,CONTROL,2.0,0.0,0.0,0.0,1.0,0.0,1.0,False
CONTROL__T0290__2025100303,T0290,2025-10-03 03:00:00,2025-10-03 00:00:00,2025-10-03 06:00:00,NORMAL,GROUP__T0290__0008,CONTROL,0.0,0.0,0.0,0.0,0.0,0.0,0.0,True
CONTROL__T0479-PR__2025010303,T0479-PR,2025-01-03 03:00:00,2025-01-03 00:00:00,2025-01-03 06:00:00,NORMAL,GROUP__T0479-PR__0008,CONTROL,209.0,183.0,138.0,190.0,423.0,826.0,1212.0,False
CONTROL__T0479-PR__2025081503,T0479-PR,2025-08-15 03:00:00,2025-08-15 00:00:00,2025-08-15 06:00:00,NORMAL,GROUP__T0479-PR__0008,CONTROL,15.0,10.0,17.0,40.0,108.0,326.0,394.0,False
CONTROL__33014__2025011708,33014,2025-01-17 08:00:00,2025-01-17 05:00:00,2025-01-17 11:00:00,NORMAL,GROUP__33014__0030,CONTROL,652.0,865.0,1137.0,1288.0,1206.0,1282.0,1289.0,False
CONTROL__33014__2025012408,33014,2025-01-24 08:00:00,2025-01-24 05:00:00,2025-01-24 11:00:00,NORMAL,GROUP__33014__0030,CONTROL,186.0,162.0,159.0,169.0,166.0,168.0,178.0,False
CONTROL__7112__2025100308,7112,2025-10-03 08:00:00,2025-10-03 05:00:00,2025-10-03 11:00:00,NORMAL,GROUP__7112__0033,CONTROL,120.0,253.0,230.0,247.0,229.0,197.0,202.0,False
CONTROL__7112__2025082208,7112,2025-08-22 08:00:00,2025-08-22 05:00:00,2025-08-22 11:00:00,NORMAL,GROUP__7112__0033,CONTROL,0.0,0.0,0.0,0.0,0.0,0.0,0.0,True
CONTROL__50260__2025070501,50260,2025-07-05 01:00:00,2025-07-04 22:00:00,2025-07-05 04:00:00,NORMAL,GROUP__50260__0005,CONTROL,78.0,30.0,267.0,146.0,112.0,113.0,181.0,False
CONTROL__50260__2025020101,50260,2025-02-01 01:00:00,2025-01-31 22:00:00,2025-02-01 04:00:00,NORMAL,GROUP__50260__0005,CONTROL,0.0,0.0,0.0,0.0,0.0,0.0,0.0,True
CONTROL__7184__2025051707,7184,2025-05-17 07:00:00,2025-05-17 04:00:00,2025-05-17 10:00:00,NORMAL,GROUP__7184__0021,CONTROL,160.0,380.0,727.0,1439.0,2003.0,2819.0,2919.0,False
CONTROL__7184__2025102507,7184,2025-10-25 07:00:00,2025-10-25 04:00:00,2025-10-25 10:00:00,NORMAL,GROUP__7184__0021,CONTROL,169.0,458.0,956.0,1643.0,2114.0,2810.0,2955.0,False
CONTROL__55049__2025082404,55049,2025-08-24 04:00:00,2025-08-24 01:00:00,2025-08-24 07:00:00,NORMAL,GROUP__55049__0009,CONTROL,8.0,6.0,6.0,12.0,20.0,26.0,52.0,False
CONTROL__55049__2025111604,55049,2025-11-16 04:00:00,2025-11-16 01:00:00,2025-11-16 07:00:00,NORMAL,GROUP__55049__0009,CONTROL,0.0,0.0,0.0,0.0,0.0,0.0,0.0,True
CONTROL__7120__2025051105,7120,2025-05-11 05:00:00,2025-05-11 02:00:00,2025-05-11 08:00:00,NORMAL,GROUP__7120__0031,CONTROL,275.0,218.0,205.0,222.0,426.0,444.0,539.0,False
CONTROL__7120__2025041305,7120,2025-04-13 05:00:00,2025-04-13 02:00:00,2025-04-13 08:00:00,NORMAL,GROUP__7120__0031,CONTROL,303.0,246.0,219.0,274.0,371.0,438.0,580.0,False
CONTROL__7121__2025113005,7121,2025-11-30 05:00:00,2025-11-30 02:00:00,2025-11-30 08:00:00,NORMAL,GROUP__7121__0031,CONTROL,329.0,270.0,215.0,168.0,144.0,190.0,251.0,False
CONTROL__7121__2025050405,7121,2025-05-04 05:00:00,2025-05-04 02:00:00,2025-05-04 08:00:00,NORMAL,GROUP__7121__0031,CONTROL,4.0,6.0,9.0,9.0,10.0,12.0,23.0,False
CONTROL__7153__2025122109,7153,2025-12-21 09:00:00,2025-12-21 06:00:00,2025-12-21 12:00:00,NORMAL,GROUP__7153__0017,CONTROL,289.0,366.0,566.0,864.0,1028.0,957.0,1034.0,False
CONTROL__7153__2025120709,7153,2025-12-07 09:00:00,2025-12-07 06:00:00,2025-12-07 12:00:00,NORMAL,GROUP__7153__0017,CONTROL,269.0,369.0,531.0,820.0,1072.0,1215.0,1069.0,False
CONTROL__33014__2025110214,33014,2025-11-02 14:00:00,2025-11-02 11:00:00,2025-11-02 17:00:00,NORMAL,GROUP__33014__0031,CONTROL,0.0,0.0,0.0,0.0,0.0,0.0,0.0,True
CONTROL__33014__2025101214,33014,2025-10-12 14:00:00,2025-10-12 11:00:00,2025-10-12 17:00:00,NORMAL,GROUP__33014__0031,CONTROL,0.0,0.0,0.0,0.0,0.0,0.0,0.0,True
CONTROL__68025__2025022319,68025,2025-02-23 19:00:00,2025-02-23 16:00:00,2025-02-23 22:00:00,NORMAL,GROUP__68025__0022,CONTROL,0.0,0.0,0.0,0.0,0.0,0.0,0.0,True
CONTROL__68025__2025111619,68025,2025-11-16 19:00:00,2025-11-16 16:00:00,2025-11-16 22:00:00,NORMAL,GROUP__68025__0022,CONTROL,693.0,779.0,730.0,647.0,567.0,508.0,340.0,False
CONTROL__7164__2025012000,7164,2025-01-20 00:00:00,2025-01-19 21:00:00,2025-01-20 03:00:00,NORMAL,GROUP__7164__0012,CONTROL,71.0,51.0,24.0,17.0,12.0,8.0,0.0,False
CONTROL__7164__2025122200,7164,2025-12-22 00:00:00,2025-12-21 21:00:00,2025-12-22 03:00:00,NORMAL,GROUP__7164__0012,CONTROL,326.0,275.0,198.0,125.0,73.0,60.0,43.0,False
CONTROL__7179__2025011302,7179,2025-01-13 02:00:00,2025-01-12 23:00:00,2025-01-13 05:00:00,NORMAL,GROUP__7179__0048,CONTROL,48.0,0.0,0.0,0.0,0.0,0.0,0.0,False
CONTROL__7179__2025072802,7179,2025-07-28 02:00:00,2025-07-27 23:00:00,2025-07-28 05:00:00,NORMAL,GROUP__7179__0048,CONTROL,57.0,33.0,33.0,39.0,57.0,93.0,199.0,False
CONTROL__29005__2025021705,29005,2025-02-17 05:00:00,2025-02-17 02:00:00,2025-02-17 08:00:00,NORMAL,GROUP__29005__0016,CONTROL,0.0,0.0,0.0,0.0,0.0,0.0,0.0,True
CONTROL__29005__2025100605,29005,2025-10-06 05:00:00,2025-10-06 02:00:00,2025-10-06 08:00:00,NORMAL,GROUP__29005__0016,CONTROL,302.0,192.0,159.0,246.0,656.0,804.0,1043.0,False
CONTROL__10011__2025021005,10011,2025-02-10 05:00:00,2025-02-10 02:00:00,2025-02-10 08:00:00,NORMAL,GROUP__10011__0023,CONTROL,0.0,0.0,0.0,0.0,0.0,0.0,0.0,True
CONTROL__10011__2025091505,10011,2025-09-15 05:00:00,2025-09-15 02:00:00,2025-09-15 08:00:00,NORMAL,GROUP__10011__0023,CONTROL,0.0,0.0,0.0,0.0,0.0,0.0,0.0,True
CONTROL__7139__2025011305,7139,2025-01-13 05:00:00,2025-01-13 02:00:00,2025-01-13 08:00:00,NORMAL,GROUP__7139__0023,CONTROL,69.0,96.0,172.0,531.0,1221.0,2016.0,2498.0,False
CONTROL__7139__2025031705,7139,2025-03-17 05:00:00,2025-03-17 02:00:00,2025-03-17 08:00:00,NORMAL,GROUP__7139__0023,CONTROL,56.0,41.0,88.0,301.0,655.0,1114.0,1288.0,False
CONTROL__68025__2025041406,68025,2025-04-14 06:00:00,2025-04-14 03:00:00,2025-04-14 09:00:00,NORMAL,GROUP__68025__0023,CONTROL,11.0,11.0,31.0,71.0,95.0,61.0,95.0,False
CONTROL__68025__2025072106,68025,2025-07-21 06:00:00,2025-07-21 03:00:00,2025-07-21 09:00:00,NORMAL,GROUP__68025__0023,CONTROL,57.0,127.0,415.0,818.0,1093.0,1234.0,970.0,False
CONTROL__7179__2025061606,7179,2025-06-16 06:00:00,2025-06-16 03:00:00,2025-06-16 09:00:00,NORMAL,GROUP__7179__0048,CONTROL,47.0,113.0,192.0,321.0,343.0,358.0,442.0,False
CONTROL__7179__2025092906,7179,2025-09-29 06:00:00,2025-09-29 03:00:00,2025-09-29 09:00:00,NORMAL,GROUP__7179__0048,CONTROL,198.0,356.0,883.0,1358.0,1596.0,1476.0,1451.0,False
CONTROL__68025__2025090106,68025,2025-09-01 06:00:00,2025-09-01 03:00:00,2025-09-01 09:00:00,NORMAL,GROUP__68025__0023,CONTROL,49.0,136.0,446.0,892.0,1141.0,1330.0,1001.0,False
CONTROL__68025__2025030306,68025,2025-03-03 06:00:00,2025-03-03 03:00:00,2025-03-03 09:00:00,NORMAL,GROUP__68025__0023,CONTROL,6.0,17.0,41.0,137.0,0.0,110.0,88.0,False
CONTROL__7248__2025102721,7248,2025-10-27 21:00:00,2025-10-27 18:00:00,2025-10-28 00:00:00,NORMAL,GROUP__7248__0023,CONTROL,815.0,727.0,692.0,567.0,367.0,201.0,51.0,False
CONTROL__7248__2025110321,7248,2025-11-03 21:00:00,2025-11-03 18:00:00,2025-11-04 00:00:00,NORMAL,GROUP__7248__0023,CONTROL,111.0,84.0,91.0,70.0,73.0,68.0,113.0,False
CONTROL__7153__2025051923,7153,2025-05-19 23:00:00,2025-05-19 20:00:00,2025-05-20 02:00:00,NORMAL,GROUP__7153__0018,CONTROL,431.0,359.0,259.0,110.0,91.0,70.0,45.0,False
CONTROL__7153__2025102023,7153,2025-10-20 23:00:00,2025-10-20 20:00:00,2025-10-21 02:00:00,NORMAL,GROUP__7153__0018,CONTROL,74.0,60.0,52.0,28.0,35.0,27.0,45.0,False
CONTROL__7179__2025111723,7179,2025-11-17 23:00:00,2025-11-17 20:00:00,2025-11-18 02:00:00,NORMAL,GROUP__7179__0049,CONTROL,1118.0,1066.0,951.0,517.0,287.0,190.0,144.0,False
CONTROL__7179__2025050523,7179,2025-05-05 23:00:00,2025-05-05 20:00:00,2025-05-06 02:00:00,NORMAL,GROUP__7179__0049,CONTROL,935.0,838.0,712.0,432.0,246.0,172.0,136.0,False
CONTROL__9658__2025121620,9658,2025-12-16 20:00:00,2025-12-16 17:00:00,2025-12-16 23:00:00,NORMAL,GROUP__9658__0021,CONTROL,161.0,125.0,99.0,75.0,51.0,41.0,52.0,False
CONTROL__9658__2025061020,9658,2025-06-10 20:00:00,2025-06-10 17:00:00,2025-06-10 23:00:00,NORMAL,GROUP__9658__0021,CONTROL,1089.0,974.0,843.0,657.0,551.0,473.0,245.0,False
CONTROL__51235__2025070821,51235,2025-07-08 21:00:00,2025-07-08 18:00:00,2025-07-09 00:00:00,NORMAL,GROUP__51235__0029,CONTROL,1612.0,1130.0,890.0,833.0,516.0,280.0,240.0,False
CONTROL__51235__2025011421,51235,2025-01-14 21:00:00,2025-01-14 18:00:00,2025-01-15 00:00:00,NORMAL,GROUP__51235__0029,CONTROL,1578.0,1108.0,945.0,825.0,550.0,305.0,0.0,False
CONTROL__7112__2025121019,7112,2025-12-10 19:00:00,2025-12-10 16:00:00,2025-12-10 22:00:00,NORMAL,GROUP__7112__0034,CONTROL,128.0,100.0,104.0,72.0,62.0,43.0,30.0,False
CONTROL__7112__2025052819,7112,2025-05-28 19:00:00,2025-05-28 16:00:00,2025-05-28 22:00:00,NORMAL,GROUP__7112__0034,CONTROL,713.0,677.0,712.0,573.0,426.0,332.0,23.0,False
CONTROL__33014__2025031221,33014,2025-03-12 21:00:00,2025-03-12 18:00:00,2025-03-13 00:00:00,NORMAL,GROUP__33014__0032,CONTROL,51.0,41.0,46.0,42.0,28.0,0.0,11.0,False
CONTROL__33014__2025092421,33014,2025-09-24 21:00:00,2025-09-24 18:00:00,2025-09-25 00:00:00,NORMAL,GROUP__33014__0032,CONTROL,0.0,0.0,0.0,0.0,0.0,0.0,0.0,True
CONTROL__7184__2025070223,7184,2025-07-02 23:00:00,2025-07-02 20:00:00,2025-07-03 02:00:00,NORMAL,GROUP__7184__0022,CONTROL,0.0,0.0,0.0,0.0,131.0,79.0,75.0,False
CONTROL__7184__2025092423,7184,2025-09-24 23:00:00,2025-09-24 20:00:00,2025-09-25 02:00:00,NORMAL,GROUP__7184__0022,CONTROL,51.0,41.0,23.0,26.0,132.0,81.0,75.0,False
CONTROL__7153__2025031301,7153,2025-03-13 01:00:00,2025-03-12 22:00:00,2025-03-13 04:00:00,NORMAL,GROUP__7153__0019,CONTROL,371.0,218.0,0.0,0.0,0.0,0.0,0.0,False
CONTROL__7153__2025100201,7153,2025-10-02 01:00:00,2025-10-01 22:00:00,2025-10-02 04:00:00,NORMAL,GROUP__7153__0019,CONTROL,37.0,36.0,156.0,82.0,77.0,130.0,246.0,False
CONTROL__33014__2025091102,33014,2025-09-11 02:00:00,2025-09-10 23:00:00,2025-09-11 05:00:00,NORMAL,GROUP__33014__0032,CONTROL,0.0,0.0,0.0,0.0,0.0,0.0,0.0,True
CONTROL__33014__2025112702,33014,2025-11-27 02:00:00,2025-11-26 23:00:00,2025-11-27 05:00:00,NORMAL,GROUP__33014__0032,CONTROL,0.0,0.0,0.0,0.0,0.0,0.0,0.0,True
CONTROL__7112__2025041703,7112,2025-04-17 03:00:00,2025-04-17 00:00:00,2025-04-17 06:00:00,NORMAL,GROUP__7112__0035,CONTROL,12.0,16.0,24.0,29.0,66.0,126.0,301.0,False
CONTROL__7112__2025010203,7112,2025-01-02 03:00:00,2025-01-02 00:00:00,2025-01-02 06:00:00,NORMAL,GROUP__7112__0035,CONTROL,191.0,101.0,68.0,66.0,148.0,430.0,762.0,False
CONTROL__7251__2025041704,7251,2025-04-17 04:00:00,2025-04-17 01:00:00,2025-04-17 07:00:00,NORMAL,GROUP__7251__0016,CONTROL,21.0,28.0,26.0,48.0,65.0,90.0,128.0,False
CONTROL__7251__2025031304,7251,2025-03-13 04:00:00,2025-03-13 01:00:00,2025-03-13 07:00:00,NORMAL,GROUP__7251__0016,CONTROL,0.0,0.0,0.0,0.0,0.0,0.0,0.0,True
CONTROL__7119-PR__2025072408,7119-PR,2025-07-24 08:00:00,2025-07-24 05:00:00,2025-07-24 11:00:00,NORMAL,GROUP__7119-PR__0009,CONTROL,431.0,724.0,1032.0,1198.0,1155.0,872.0,845.0,False
CONTROL__7119-PR__2025051508,7119-PR,2025-05-15 08:00:00,2025-05-15 05:00:00,2025-05-15 11:00:00,NORMAL,GROUP__7119-PR__0009,CONTROL,402.0,788.0,1038.0,1273.0,1078.0,864.0,834.0,False
CONTROL__50240__2025050119,50240,2025-05-01 19:00:00,2025-05-01 16:00:00,2025-05-01 22:00:00,NORMAL,GROUP__50240__0030,CONTROL,2646.0,2523.0,2458.0,2111.0,1818.0,1744.0,1339.0,False
CONTROL__50240__2025042419,50240,2025-04-24 19:00:00,2025-04-24 16:00:00,2025-04-24 22:00:00,NORMAL,GROUP__50240__0030,CONTROL,2245.0,0.0,2197.0,1677.0,1246.0,1178.0,927.0,False
CONTROL__7270__2025102322,7270,2025-10-23 22:00:00,2025-10-23 19:00:00,2025-10-24 01:00:00,NORMAL,GROUP__7270__0011,CONTROL,83.0,91.0,64.0,52.0,33.0,196.0,93.0,False
CONTROL__7270__2025112722,7270,2025-11-27 22:00:00,2025-11-27 19:00:00,2025-11-28 01:00:00,NORMAL,GROUP__7270__0011,CONTROL,113.0,82.0,80.0,63.0,53.0,38.0,46.0,False
CONTROL__100001__2025060600,100001,2025-06-06 00:00:00,2025-06-05 21:00:00,2025-06-06 03:00:00,NORMAL,GROUP__100001__0001,CONTROL,25.0,30.0,22.0,22.0,20.0,27.0,45.0,False
CONTROL__100001__2025070400,100001,2025-07-04 00:00:00,2025-07-03 21:00:00,2025-07-04 03:00:00,NORMAL,GROUP__100001__0001,CONTROL,60.0,31.0,33.0,209.0,129.0,0.0,24.0,False
CONTROL__7161__2025081508,7161,2025-08-15 08:00:00,2025-08-15 05:00:00,2025-08-15 11:00:00,NORMAL,GROUP__7161__0018,CONTROL,497.0,813.0,1287.0,1235.0,1010.0,975.0,958.0,False
CONTROL__7161__2025071108,7161,2025-07-11 08:00:00,2025-07-11 05:00:00,2025-07-11 11:00:00,NORMAL,GROUP__7161__0018,CONTROL,90.0,139.0,142.0,137.0,154.0,163.0,148.0,False
CONTROL__7179__2025032823,7179,2025-03-28 23:00:00,2025-03-28 20:00:00,2025-03-29 02:00:00,NORMAL,GROUP__7179__0050,CONTROL,101.0,93.0,96.0,78.0,59.0,38.0,33.0,False
CONTROL__7179__2025091923,7179,2025-09-19 23:00:00,2025-09-19 20:00:00,2025-09-20 02:00:00,NORMAL,GROUP__7179__0050,CONTROL,135.0,96.0,96.0,59.0,615.0,349.0,295.0,False
CONTROL__7132__2025041213,7132,2025-04-12 13:00:00,2025-04-12 10:00:00,2025-04-12 16:00:00,NORMAL,GROUP__7132__0020,CONTROL,1340.0,1192.0,1254.0,1267.0,1252.0,1195.0,1254.0,False
CONTROL__7132__2025122013,7132,2025-12-20 13:00:00,2025-12-20 10:00:00,2025-12-20 16:00:00,NORMAL,GROUP__7132__0020,CONTROL,1200.0,1220.0,1148.0,1160.0,1097.0,1062.0,1091.0,False
CONTROL__7251__2025110122,7251,2025-11-01 22:00:00,2025-11-01 19:00:00,2025-11-02 01:00:00,NORMAL,GROUP__7251__0017,CONTROL,47.0,35.0,34.0,53.0,47.0,801.0,569.0,False
CONTROL__7251__2025011122,7251,2025-01-11 22:00:00,2025-01-11 19:00:00,2025-01-12 01:00:00,NORMAL,GROUP__7251__0017,CONTROL,760.0,744.0,810.0,926.0,816.0,0.0,0.0,False
CONTROL__74230__2025090700,74230,2025-09-07 00:00:00,2025-09-06 21:00:00,2025-09-07 03:00:00,NORMAL,GROUP__74230__0007,CONTROL,119.0,73.0,69.0,0.0,0.0,1.0,9.0,False
CONTROL__74230__2025011200,74230,2025-01-12 00:00:00,2025-01-11 21:00:00,2025-01-12 03:00:00,NORMAL,GROUP__74230__0007,CONTROL,105.0,54.0,38.0,0.0,0.0,0.0,0.0,False
CONTROL__7119-PR__2025080304,7119-PR,2025-08-03 04:00:00,2025-08-03 01:00:00,2025-08-03 07:00:00,NORMAL,GROUP__7119-PR__0010,CONTROL,146.0,106.0,73.0,101.0,86.0,117.0,156.0,False
CONTROL__7119-PR__2025120704,7119-PR,2025-12-07 04:00:00,2025-12-07 01:00:00,2025-12-07 07:00:00,NORMAL,GROUP__7119-PR__0010,CONTROL,152.0,112.0,84.0,78.0,141.0,267.0,306.0,False
CONTROL__7248__2025042709,7248,2025-04-27 09:00:00,2025-04-27 06:00:00,2025-04-27 12:00:00,NORMAL,GROUP__7248__0024,CONTROL,263.0,314.0,486.0,789.0,1048.0,1204.0,1232.0,False
CONTROL__7248__2025092809,7248,2025-09-28 09:00:00,2025-09-28 06:00:00,2025-09-28 12:00:00,NORMAL,GROUP__7248__0024,CONTROL,65.0,63.0,68.0,72.0,77.0,81.0,84.0,False
CONTROL__7153__2025022320,7153,2025-02-23 20:00:00,2025-02-23 17:00:00,2025-02-23 23:00:00,NORMAL,GROUP__7153__0020,CONTROL,0.0,0.0,0.0,0.0,0.0,0.0,0.0,True
CONTROL__7153__2025030920,7153,2025-03-09 20:00:00,2025-03-09 17:00:00,2025-03-09 23:00:00,NORMAL,GROUP__7153__0020,CONTROL,0.0,0.0,0.0,0.0,0.0,0.0,0.0,True
CONTROL__7163__2025091505,7163,2025-09-15 05:00:00,2025-09-15 02:00:00,2025-09-15 08:00:00,NORMAL,GROUP__7163__0019,CONTROL,5.0,8.0,18.0,47.0,114.0,106.0,115.0,False
CONTROL__7163__2025042105,7163,2025-04-21 05:00:00,2025-04-21 02:00:00,2025-04-21 08:00:00,NORMAL,GROUP__7163__0019,CONTROL,5.0,4.0,4.0,4.0,16.0,14.0,24.0,False
CONTROL__7123-PR__2025122906,7123-PR,2025-12-29 06:00:00,2025-12-29 03:00:00,2025-12-29 09:00:00,NORMAL,GROUP__7123-PR__0003,CONTROL,16.0,29.0,49.0,89.0,101.0,136.0,164.0,False
CONTROL__7123-PR__2025090806,7123-PR,2025-09-08 06:00:00,2025-09-08 03:00:00,2025-09-08 09:00:00,NORMAL,GROUP__7123-PR__0003,CONTROL,11.0,22.0,39.0,109.0,92.0,75.0,71.0,False
CONTROL__74230__2025102707,74230,2025-10-27 07:00:00,2025-10-27 04:00:00,2025-10-27 10:00:00,NORMAL,GROUP__74230__0008,CONTROL,525.0,1004.0,1322.0,1373.0,1182.0,1106.0,1063.0,False
CONTROL__74230__2025021007,74230,2025-02-10 07:00:00,2025-02-10 04:00:00,2025-02-10 10:00:00,NORMAL,GROUP__74230__0008,CONTROL,0.0,0.0,0.0,0.0,0.0,0.0,0.0,True
CONTROL__7159__2025102010,7159,2025-10-20 10:00:00,2025-10-20 07:00:00,2025-10-20 13:00:00,NORMAL,GROUP__7159__0009,CONTROL,808.0,953.0,912.0,976.0,873.0,817.0,1004.0,False
CONTROL__7159__2025072810,7159,2025-07-28 10:00:00,2025-07-28 07:00:00,2025-07-28 13:00:00,NORMAL,GROUP__7159__0009,CONTROL,176.0,152.0,155.0,178.0,150.0,156.0,159.0,False
CONTROL__50240__2025041420,50240,2025-04-14 20:00:00,2025-04-14 17:00:00,2025-04-14 23:00:00,NORMAL,GROUP__50240__0031,CONTROL,2205.0,2020.0,1497.0,1094.0,1037.0,660.0,403.0,False
CONTROL__50240__2025051920,50240,2025-05-19 20:00:00,2025-05-19 17:00:00,2025-05-19 23:00:00,NORMAL,GROUP__50240__0031,CONTROL,2492.0,2331.0,1824.0,1481.0,1282.0,1088.0,680.0,False
CONTROL__29005__2025052003,29005,2025-05-20 03:00:00,2025-05-20 00:00:00,2025-05-20 06:00:00,NORMAL,GROUP__29005__0017,CONTROL,32.0,25.0,48.0,48.0,158.0,222.0,536.0,False
CONTROL__29005__2025041503,29005,2025-04-15 03:00:00,2025-04-15 00:00:00,2025-04-15 06:00:00,NORMAL,GROUP__29005__0017,CONTROL,271.0,201.0,164.0,170.0,279.0,875.0,2224.0,False
CONTROL__7274__2025093011,7274,2025-09-30 11:00:00,2025-09-30 08:00:00,2025-09-30 14:00:00,NORMAL,GROUP__7274__0018,CONTROL,171.0,106.0,112.0,110.0,130.0,101.0,127.0,False
CONTROL__7274__2025031111,7274,2025-03-11 11:00:00,2025-03-11 08:00:00,2025-03-11 14:00:00,NORMAL,GROUP__7274__0018,CONTROL,123.0,145.0,121.0,138.0,109.0,102.0,112.0,False
CONTROL__68025__2025100711,68025,2025-10-07 11:00:00,2025-10-07 08:00:00,2025-10-07 14:00:00,NORMAL,GROUP__68025__0024,CONTROL,1137.0,990.0,837.0,824.0,801.0,776.0,852.0,False
CONTROL__68025__2025123011,68025,2025-12-30 11:00:00,2025-12-30 08:00:00,2025-12-30 14:00:00,NORMAL,GROUP__68025__0024,CONTROL,25.0,31.0,28.0,24.0,28.0,28.0,26.0,False
CONTROL__7112__2025061013,7112,2025-06-10 13:00:00,2025-06-10 10:00:00,2025-06-10 16:00:00,NORMAL,GROUP__7112__0036,CONTROL,186.0,165.0,137.0,153.0,97.0,80.0,93.0,False
CONTROL__7112__2025102813,7112,2025-10-28 13:00:00,2025-10-28 10:00:00,2025-10-28 16:00:00,NORMAL,GROUP__7112__0036,CONTROL,231.0,217.0,186.0,178.0,159.0,157.0,110.0,False
CONTROL__47024__2025020502,47024,2025-02-05 02:00:00,2025-02-04 23:00:00,2025-02-05 05:00:00,NORMAL,GROUP__47024__0011,CONTROL,0.0,0.0,0.0,0.0,0.0,0.0,0.0,True
CONTROL__47024__2025031902,47024,2025-03-19 02:00:00,2025-03-18 23:00:00,2025-03-19 05:00:00,NORMAL,GROUP__47024__0011,CONTROL,464.0,334.0,278.0,272.0,299.0,601.0,1130.0,False
CONTROL__10011__2025122403,10011,2025-12-24 03:00:00,2025-12-24 00:00:00,2025-12-24 06:00:00,NORMAL,GROUP__10011__0024,CONTROL,0.0,0.0,0.0,0.0,0.0,0.0,0.0,True
CONTROL__10011__2025050703,10011,2025-05-07 03:00:00,2025-05-07 00:00:00,2025-05-07 06:00:00,NORMAL,GROUP__10011__0024,CONTROL,0.0,0.0,0.0,0.0,0.0,0.0,0.0,True
CONTROL__7139__2025062503,7139,2025-06-25 03:00:00,2025-06-25 00:00:00,2025-06-25 06:00:00,NORMAL,GROUP__7139__0024,CONTROL,0.0,0.0,0.0,0.0,0.0,0.0,0.0,True
CONTROL__7139__2025022603,7139,2025-02-26 03:00:00,2025-02-26 00:00:00,2025-02-26 06:00:00,NORMAL,GROUP__7139__0024,CONTROL,0.0,0.0,0.0,0.0,0.0,0.0,0.0,True
CONTROL__7251__2025071605,7251,2025-07-16 05:00:00,2025-07-16 02:00:00,2025-07-16 08:00:00,NORMAL,GROUP__7251__0018,CONTROL,110.0,96.0,106.0,207.0,481.0,662.0,723.0,False
CONTROL__7251__2025080605,7251,2025-08-06 05:00:00,2025-08-06 02:00:00,2025-08-06 08:00:00,NORMAL,GROUP__7251__0018,CONTROL,137.0,104.0,131.0,192.0,421.0,810.0,963.0,False
CONTROL__50240__2025043014,50240,2025-04-30 14:00:00,2025-04-30 11:00:00,2025-04-30 17:00:00,NORMAL,GROUP__50240__0032,CONTROL,336.0,338.0,317.0,293.0,214.0,178.0,168.0,False
CONTROL__50240__2025102914,50240,2025-10-29 14:00:00,2025-10-29 11:00:00,2025-10-29 17:00:00,NORMAL,GROUP__50240__0032,CONTROL,351.0,293.0,301.0,234.0,189.0,180.0,127.0,False
CONTROL__7179__2025091110,7179,2025-09-11 10:00:00,2025-09-11 07:00:00,2025-09-11 13:00:00,NORMAL,GROUP__7179__0051,CONTROL,312.0,320.0,473.0,475.0,482.0,512.0,497.0,False
CONTROL__7179__2025041010,7179,2025-04-10 10:00:00,2025-04-10 07:00:00,2025-04-10 13:00:00,NORMAL,GROUP__7179__0051,CONTROL,1554.0,1623.0,1468.0,1337.0,1466.0,1476.0,1509.0,False
CONTROL__7163__2025052921,7163,2025-05-29 21:00:00,2025-05-29 18:00:00,2025-05-30 00:00:00,NORMAL,GROUP__7163__0020,CONTROL,47.0,42.0,37.0,30.0,28.0,18.0,19.0,False
CONTROL__7163__2025031321,7163,2025-03-13 21:00:00,2025-03-13 18:00:00,2025-03-14 00:00:00,NORMAL,GROUP__7163__0020,CONTROL,56.0,38.0,40.0,28.0,26.0,19.0,117.0,False
CONTROL__53004__2025103101,53004,2025-10-31 01:00:00,2025-10-30 22:00:00,2025-10-31 04:00:00,NORMAL,GROUP__53004__0021,CONTROL,29.0,16.0,13.0,13.0,8.0,10.0,17.0,False
CONTROL__53004__2025031401,53004,2025-03-14 01:00:00,2025-03-13 22:00:00,2025-03-14 04:00:00,NORMAL,GROUP__53004__0021,CONTROL,317.0,143.0,160.0,76.0,57.0,39.0,73.0,False
CONTROL__10011__2025092602,10011,2025-09-26 02:00:00,2025-09-25 23:00:00,2025-09-26 05:00:00,NORMAL,GROUP__10011__0025,CONTROL,0.0,0.0,0.0,0.0,0.0,0.0,0.0,True
CONTROL__10011__2025050202,10011,2025-05-02 02:00:00,2025-05-01 23:00:00,2025-05-02 05:00:00,NORMAL,GROUP__10011__0025,CONTROL,0.0,0.0,0.0,0.0,0.0,0.0,0.0,True
CONTROL__7139__2025040402,7139,2025-04-04 02:00:00,2025-04-03 23:00:00,2025-04-04 05:00:00,NORMAL,GROUP__7139__0025,CONTROL,0.0,338.0,169.0,128.0,102.0,190.0,645.0,False
CONTROL__7139__2025062702,7139,2025-06-27 02:00:00,2025-06-26 23:00:00,2025-06-27 05:00:00,NORMAL,GROUP__7139__0025,CONTROL,0.0,25.0,13.0,11.0,15.0,29.0,81.0,False
CONTROL__68025__2025051606,68025,2025-05-16 06:00:00,2025-05-16 03:00:00,2025-05-16 09:00:00,NORMAL,GROUP__68025__0025,CONTROL,9.0,18.0,59.0,158.0,164.0,107.0,118.0,False
CONTROL__68025__2025110706,68025,2025-11-07 06:00:00,2025-11-07 03:00:00,2025-11-07 09:00:00,NORMAL,GROUP__68025__0025,CONTROL,66.0,158.0,428.0,872.0,1122.0,1281.0,1102.0,False
CONTROL__7248__2025030800,7248,2025-03-08 00:00:00,2025-03-07 21:00:00,2025-03-08 03:00:00,NORMAL,GROUP__7248__0025,CONTROL,781.0,679.0,499.0,312.0,169.0,140.0,131.0,False
CONTROL__7248__2025110100,7248,2025-11-01 00:00:00,2025-10-31 21:00:00,2025-11-01 03:00:00,NORMAL,GROUP__7248__0025,CONTROL,85.0,63.0,38.0,265.0,154.0,136.0,132.0,False
CONTROL__7179__2025021505,7179,2025-02-15 05:00:00,2025-02-15 02:00:00,2025-02-15 08:00:00,NORMAL,GROUP__7179__0052,CONTROL,0.0,0.0,0.0,0.0,0.0,0.0,0.0,True
CONTROL__7179__2025110805,7179,2025-11-08 05:00:00,2025-11-08 02:00:00,2025-11-08 08:00:00,NORMAL,GROUP__7179__0052,CONTROL,33.0,29.0,50.0,90.0,186.0,188.0,198.0,False
CONTROL__29005__2025051101,29005,2025-05-11 01:00:00,2025-05-10 22:00:00,2025-05-11 04:00:00,NORMAL,GROUP__29005__0018,CONTROL,68.0,43.0,663.0,395.0,319.0,217.0,191.0,False
CONTROL__29005__2025102601,29005,2025-10-26 01:00:00,2025-10-25 22:00:00,2025-10-26 04:00:00,NORMAL,GROUP__29005__0018,CONTROL,79.0,78.0,79.0,239.0,68.0,23.0,2.0,False
CONTROL__7163__2025020202,7163,2025-02-02 02:00:00,2025-02-01 23:00:00,2025-02-02 05:00:00,NORMAL,GROUP__7163__0021,CONTROL,0.0,0.0,0.0,0.0,0.0,0.0,0.0,True
CONTROL__7163__2025122802,7163,2025-12-28 02:00:00,2025-12-27 23:00:00,2025-12-28 05:00:00,NORMAL,GROUP__7163__0021,CONTROL,10.0,209.0,131.0,122.0,97.0,90.0,124.0,False
CONTROL__51235__2025101907,51235,2025-10-19 07:00:00,2025-10-19 04:00:00,2025-10-19 10:00:00,NORMAL,GROUP__51235__0030,CONTROL,205.0,372.0,797.0,909.0,1314.0,1796.0,1909.0,False
CONTROL__51235__2025022307,51235,2025-02-23 07:00:00,2025-02-23 04:00:00,2025-02-23 10:00:00,NORMAL,GROUP__51235__0030,CONTROL,0.0,0.0,0.0,0.0,0.0,0.0,0.0,True
CONTROL__7179__2025042710,7179,2025-04-27 10:00:00,2025-04-27 07:00:00,2025-04-27 13:00:00,NORMAL,GROUP__7179__0053,CONTROL,36.0,61.0,67.0,98.0,127.0,133.0,108.0,False
CONTROL__7179__2025080310,7179,2025-08-03 10:00:00,2025-08-03 07:00:00,2025-08-03 13:00:00,NORMAL,GROUP__7179__0053,CONTROL,52.0,64.0,84.0,113.0,124.0,145.0,126.0,False
CONTROL__7164__2025020214,7164,2025-02-02 14:00:00,2025-02-02 11:00:00,2025-02-02 17:00:00,NORMAL,GROUP__7164__0013,CONTROL,0.0,0.0,0.0,0.0,0.0,0.0,0.0,True
CONTROL__7164__2025041314,7164,2025-04-13 14:00:00,2025-04-13 11:00:00,2025-04-13 17:00:00,NORMAL,GROUP__7164__0013,CONTROL,28.0,36.0,34.0,35.0,40.0,42.0,30.0,False
CONTROL__23067__2025011921,23067,2025-01-19 21:00:00,2025-01-19 18:00:00,2025-01-20 00:00:00,NORMAL,GROUP__23067__0023,CONTROL,1227.0,1303.0,1168.0,1077.0,789.0,299.0,8.0,False
CONTROL__23067__2025042021,23067,2025-04-20 21:00:00,2025-04-20 18:00:00,2025-04-21 00:00:00,NORMAL,GROUP__23067__0023,CONTROL,33.0,34.0,25.0,23.0,24.0,14.0,59.0,False
CONTROL__51235__2025062301,51235,2025-06-23 01:00:00,2025-06-22 22:00:00,2025-06-23 04:00:00,NORMAL,GROUP__51235__0031,CONTROL,860.0,409.0,12.0,9.0,11.0,13.0,38.0,False
CONTROL__51235__2025102701,51235,2025-10-27 01:00:00,2025-10-26 22:00:00,2025-10-27 04:00:00,NORMAL,GROUP__51235__0031,CONTROL,33.0,26.0,226.0,94.0,82.0,114.0,370.0,False
CONTROL__22001__2025052622,22001,2025-05-26 22:00:00,2025-05-26 19:00:00,2025-05-27 01:00:00,NORMAL,GROUP__22001__0011,CONTROL,0.0,0.0,0.0,0.0,0.0,0.0,0.0,True
CONTROL__22001__2025063022,22001,2025-06-30 22:00:00,2025-06-30 19:00:00,2025-07-01 01:00:00,NORMAL,GROUP__22001__0011,CONTROL,0.0,0.0,0.0,0.0,0.0,0.0,0.0,True
CONTROL__7248__2025021804,7248,2025-02-18 04:00:00,2025-02-18 01:00:00,2025-02-18 07:00:00,NORMAL,GROUP__7248__0026,CONTROL,0.0,0.0,0.0,0.0,0.0,0.0,0.0,True
CONTROL__7248__2025070104,7248,2025-07-01 04:00:00,2025-07-01 01:00:00,2025-07-01 07:00:00,NORMAL,GROUP__7248__0026,CONTROL,45.0,53.0,77.0,117.0,229.0,241.0,212.0,False
CONTROL__51235__2025031805,51235,2025-03-18 05:00:00,2025-03-18 02:00:00,2025-03-18 08:00:00,NORMAL,GROUP__51235__0032,CONTROL,6.0,21.0,38.0,73.0,117.0,179.0,143.0,False
CONTROL__51235__2025051305,51235,2025-05-13 05:00:00,2025-05-13 02:00:00,2025-05-13 08:00:00,NORMAL,GROUP__51235__0032,CONTROL,96.0,86.0,162.0,358.0,838.0,1472.0,1394.0,False
CONTROL__7161__2025121608,7161,2025-12-16 08:00:00,2025-12-16 05:00:00,2025-12-16 11:00:00,NORMAL,GROUP__7161__0019,CONTROL,538.0,901.0,1311.0,1153.0,978.0,1065.0,1141.0,False
CONTROL__7161__2025070108,7161,2025-07-01 08:00:00,2025-07-01 05:00:00,2025-07-01 11:00:00,NORMAL,GROUP__7161__0019,CONTROL,85.0,141.0,109.0,104.0,135.0,118.0,159.0,False
CONTROL__F3FWY005__2025101419,F3FWY005,2025-10-14 19:00:00,2025-10-14 16:00:00,2025-10-14 22:00:00,NORMAL,GROUP__F3FWY005__0003,CONTROL,412.0,410.0,328.0,265.0,220.0,176.0,147.0,False
CONTROL__F3FWY005__2025120919,F3FWY005,2025-12-09 19:00:00,2025-12-09 16:00:00,2025-12-09 22:00:00,NORMAL,GROUP__F3FWY005__0003,CONTROL,484.0,436.0,353.0,278.0,230.0,187.0,198.0,False
CONTROL__7274__2025102121,7274,2025-10-21 21:00:00,2025-10-21 18:00:00,2025-10-22 00:00:00,NORMAL,GROUP__7274__0019,CONTROL,66.0,77.0,49.0,49.0,34.0,34.0,90.0,False
CONTROL__7274__2025101421,7274,2025-10-14 21:00:00,2025-10-14 18:00:00,2025-10-15 00:00:00,NORMAL,GROUP__7274__0019,CONTROL,78.0,65.0,63.0,34.0,35.0,19.0,112.0,False
CONTROL__T0288__2025060321,T0288,2025-06-03 21:00:00,2025-06-03 18:00:00,2025-06-04 00:00:00,NORMAL,GROUP__T0288__0009,CONTROL,0.0,0.0,0.0,0.0,0.0,0.0,0.0,True
CONTROL__T0288__2025102121,T0288,2025-10-21 21:00:00,2025-10-21 18:00:00,2025-10-22 00:00:00,NORMAL,GROUP__T0288__0009,CONTROL,0.0,0.0,0.0,0.0,0.0,0.0,0.0,True
CONTROL__T0289__2025120921,T0289,2025-12-09 21:00:00,2025-12-09 18:00:00,2025-12-10 00:00:00,NORMAL,GROUP__T0289__0009,CONTROL,0.0,0.0,0.0,0.0,0.0,0.0,0.0,True
CONTROL__T0289__2025122321,T0289,2025-12-23 21:00:00,2025-12-23 18:00:00,2025-12-24 00:00:00,NORMAL,GROUP__T0289__0009,CONTROL,0.0,0.0,0.0,0.0,0.0,0.0,0.0,True
CONTROL__T0290__2025082621,T0290,2025-08-26 21:00:00,2025-08-26 18:00:00,2025-08-27 00:00:00,NORMAL,GROUP__T0290__0009,CONTROL,0.0,0.0,0.0,0.0,0.0,0.0,81.0,False
CONTROL__T0290__2025031121,T0290,2025-03-11 21:00:00,2025-03-11 18:00:00,2025-03-12 00:00:00,NORMAL,GROUP__T0290__0009,CONTROL,0.0,0.0,0.0,0.0,0.0,0.0,0.0,True
CONTROL__T0479-PR__2025040121,T0479-PR,2025-04-01 21:00:00,2025-04-01 18:00:00,2025-04-02 00:00:00,NORMAL,GROUP__T0479-PR__0009,CONTROL,232.0,119.0,103.0,56.0,42.0,28.0,80.0,False
CONTROL__T0479-PR__2025093021,T0479-PR,2025-09-30 21:00:00,2025-09-30 18:00:00,2025-10-01 00:00:00,NORMAL,GROUP__T0479-PR__0009,CONTROL,269.0,153.0,86.0,71.0,45.0,37.0,27.0,False
CONTROL__33014__2025061023,33014,2025-06-10 23:00:00,2025-06-10 20:00:00,2025-06-11 02:00:00,NORMAL,GROUP__33014__0033,CONTROL,39.0,42.0,23.0,28.0,104.0,68.0,57.0,False
CONTROL__33014__2025041523,33014,2025-04-15 23:00:00,2025-04-15 20:00:00,2025-04-16 02:00:00,NORMAL,GROUP__33014__0033,CONTROL,34.0,23.0,24.0,0.0,124.0,80.0,67.0,False
CONTROL__10011__2025042303,10011,2025-04-23 03:00:00,2025-04-23 00:00:00,2025-04-23 06:00:00,NORMAL,GROUP__10011__0026,CONTROL,0.0,0.0,0.0,0.0,0.0,0.0,0.0,True
CONTROL__10011__2025022603,10011,2025-02-26 03:00:00,2025-02-26 00:00:00,2025-02-26 06:00:00,NORMAL,GROUP__10011__0026,CONTROL,0.0,0.0,0.0,0.0,0.0,0.0,0.0,True
CONTROL__7139__2025040203,7139,2025-04-02 03:00:00,2025-04-02 00:00:00,2025-04-02 06:00:00,NORMAL,GROUP__7139__0026,CONTROL,10.0,19.0,10.0,8.0,21.0,63.0,177.0,False
CONTROL__7139__2025010803,7139,2025-01-08 03:00:00,2025-01-08 00:00:00,2025-01-08 06:00:00,NORMAL,GROUP__7139__0026,CONTROL,9.0,8.0,5.0,12.0,15.0,39.0,141.0,False
CONTROL__7112__2025091713,7112,2025-09-17 13:00:00,2025-09-17 10:00:00,2025-09-17 16:00:00,NORMAL,GROUP__7112__0037,CONTROL,979.0,925.0,1023.0,1143.0,1233.0,1217.0,1278.0,False
CONTROL__7112__2025111913,7112,2025-11-19 13:00:00,2025-11-19 10:00:00,2025-11-19 16:00:00,NORMAL,GROUP__7112__0037,CONTROL,250.0,232.0,214.0,214.0,202.0,151.0,110.0,False
CONTROL__7120__2025041619,7120,2025-04-16 19:00:00,2025-04-16 16:00:00,2025-04-16 22:00:00,NORMAL,GROUP__7120__0032,CONTROL,39.0,32.0,26.0,26.0,22.0,26.0,17.0,False
CONTROL__7120__2025111919,7120,2025-11-19 19:00:00,2025-11-19 16:00:00,2025-11-19 22:00:00,NORMAL,GROUP__7120__0032,CONTROL,0.0,0.0,0.0,0.0,0.0,0.0,0.0,True
CONTROL__7121__2025071619,7121,2025-07-16 19:00:00,2025-07-16 16:00:00,2025-07-16 22:00:00,NORMAL,GROUP__7121__0032,CONTROL,30.0,20.0,18.0,16.0,19.0,16.0,10.0,False
CONTROL__7121__2025052819,7121,2025-05-28 19:00:00,2025-05-28 16:00:00,2025-05-28 22:00:00,NORMAL,GROUP__7121__0032,CONTROL,4.0,7.0,7.0,3.0,3.0,3.0,7.0,False
CONTROL__7120__2025102919,7120,2025-10-29 19:00:00,2025-10-29 16:00:00,2025-10-29 22:00:00,NORMAL,GROUP__7120__0032,CONTROL,0.0,0.0,0.0,0.0,0.0,0.0,0.0,True
CONTROL__7120__2025052119,7120,2025-05-21 19:00:00,2025-05-21 16:00:00,2025-05-21 22:00:00,NORMAL,GROUP__7120__0032,CONTROL,36.0,50.0,24.0,28.0,21.0,22.0,19.0,False
CONTROL__7121__2025101519,7121,2025-10-15 19:00:00,2025-10-15 16:00:00,2025-10-15 22:00:00,NORMAL,GROUP__7121__0032,CONTROL,0.0,0.0,0.0,0.0,0.0,0.0,0.0,True
CONTROL__7121__2025061819,7121,2025-06-18 19:00:00,2025-06-18 16:00:00,2025-06-18 22:00:00,NORMAL,GROUP__7121__0032,CONTROL,545.0,567.0,580.0,395.0,287.0,252.0,241.0,False
CONTROL__7112__2025060420,7112,2025-06-04 20:00:00,2025-06-04 17:00:00,2025-06-04 23:00:00,NORMAL,GROUP__7112__0038,CONTROL,58.0,54.0,40.0,23.0,29.0,21.0,16.0,False
CONTROL__7112__2025010820,7112,2025-01-08 20:00:00,2025-01-08 17:00:00,2025-01-08 23:00:00,NORMAL,GROUP__7112__0038,CONTROL,86.0,81.0,41.0,25.0,29.0,22.0,15.0,False
CONTROL__7179__2025021921,7179,2025-02-19 21:00:00,2025-02-19 18:00:00,2025-02-20 00:00:00,NORMAL,GROUP__7179__0054,CONTROL,0.0,0.0,0.0,0.0,0.0,0.0,0.0,True
CONTROL__7179__2025021221,7179,2025-02-12 21:00:00,2025-02-12 18:00:00,2025-02-13 00:00:00,NORMAL,GROUP__7179__0054,CONTROL,0.0,0.0,0.0,0.0,0.0,0.0,0.0,True
CONTROL__7161__2025012222,7161,2025-01-22 22:00:00,2025-01-22 19:00:00,2025-01-23 01:00:00,NORMAL,GROUP__7161__0020,CONTROL,38.0,19.0,26.0,20.0,14.0,89.0,59.0,False
CONTROL__7161__2025060422,7161,2025-06-04 22:00:00,2025-06-04 19:00:00,2025-06-05 01:00:00,NORMAL,GROUP__7161__0020,CONTROL,66.0,47.0,43.0,31.0,15.0,71.0,48.0,False
CONTROL__9658__2025050723,9658,2025-05-07 23:00:00,2025-05-07 20:00:00,2025-05-08 02:00:00,NORMAL,GROUP__9658__0022,CONTROL,685.0,594.0,496.0,309.0,30.0,31.0,24.0,False
CONTROL__9658__2025122423,9658,2025-12-24 23:00:00,2025-12-24 20:00:00,2025-12-25 02:00:00,NORMAL,GROUP__9658__0022,CONTROL,46.0,45.0,0.0,0.0,0.0,0.0,0.0,False
CONTROL__74230__2025100904,74230,2025-10-09 04:00:00,2025-10-09 01:00:00,2025-10-09 07:00:00,NORMAL,GROUP__74230__0009,CONTROL,27.0,29.0,69.0,252.0,513.0,525.0,501.0,False
CONTROL__74230__2025121804,74230,2025-12-18 04:00:00,2025-12-18 01:00:00,2025-12-18 07:00:00,NORMAL,GROUP__74230__0009,CONTROL,1.0,5.0,5.0,18.0,9.0,16.0,16.0,False
CONTROL__50240__2025020605,50240,2025-02-06 05:00:00,2025-02-06 02:00:00,2025-02-06 08:00:00,NORMAL,GROUP__50240__0033,CONTROL,0.0,0.0,0.0,0.0,0.0,0.0,0.0,True
CONTROL__50240__2025080705,50240,2025-08-07 05:00:00,2025-08-07 02:00:00,2025-08-07 08:00:00,NORMAL,GROUP__50240__0033,CONTROL,168.0,240.0,653.0,1927.0,2682.0,2561.0,2614.0,False
CONTROL__50260__2025100907,50260,2025-10-09 07:00:00,2025-10-09 04:00:00,2025-10-09 10:00:00,NORMAL,GROUP__50260__0006,CONTROL,254.0,844.0,1836.0,2438.0,2372.0,1995.0,1719.0,False
CONTROL__50260__2025030607,50260,2025-03-06 07:00:00,2025-03-06 04:00:00,2025-03-06 10:00:00,NORMAL,GROUP__50260__0006,CONTROL,166.0,708.0,2010.0,1723.0,1897.0,1560.0,1344.0,False
CONTROL__10011__2025100917,10011,2025-10-09 17:00:00,2025-10-09 14:00:00,2025-10-09 20:00:00,NORMAL,GROUP__10011__0027,CONTROL,0.0,0.0,0.0,0.0,0.0,0.0,0.0,True
CONTROL__10011__2025070317,10011,2025-07-03 17:00:00,2025-07-03 14:00:00,2025-07-03 20:00:00,NORMAL,GROUP__10011__0027,CONTROL,0.0,0.0,0.0,0.0,0.0,0.0,0.0,True
CONTROL__7139__2025032717,7139,2025-03-27 17:00:00,2025-03-27 14:00:00,2025-03-27 20:00:00,NORMAL,GROUP__7139__0027,CONTROL,2489.0,2661.0,2751.0,2928.0,2386.0,1737.0,1463.0,False
CONTROL__7139__2025032017,7139,2025-03-20 17:00:00,2025-03-20 14:00:00,2025-03-20 20:00:00,NORMAL,GROUP__7139__0027,CONTROL,245.0,248.0,179.0,130.0,84.0,53.0,37.0,False
CONTROL__50240__2025092520,50240,2025-09-25 20:00:00,2025-09-25 17:00:00,2025-09-25 23:00:00,NORMAL,GROUP__50240__0034,CONTROL,1825.0,1896.0,1578.0,1233.0,1204.0,1001.0,544.0,False
CONTROL__50240__2025061220,50240,2025-06-12 20:00:00,2025-06-12 17:00:00,2025-06-12 23:00:00,NORMAL,GROUP__50240__0034,CONTROL,1885.0,2083.0,1552.0,1184.0,1061.0,759.0,453.0,False
CONTROL__7161__2025121821,7161,2025-12-18 21:00:00,2025-12-18 18:00:00,2025-12-19 00:00:00,NORMAL,GROUP__7161__0021,CONTROL,127.0,70.0,64.0,36.0,48.0,40.0,160.0,False
CONTROL__7161__2025062621,7161,2025-06-26 21:00:00,2025-06-26 18:00:00,2025-06-27 00:00:00,NORMAL,GROUP__7161__0021,CONTROL,1229.0,850.0,721.0,569.0,441.0,244.0,111.0,False
CONTROL__68025__2025112801,68025,2025-11-28 01:00:00,2025-11-27 22:00:00,2025-11-28 04:00:00,NORMAL,GROUP__68025__0026,CONTROL,354.0,250.0,156.0,74.0,63.0,66.0,155.0,False
CONTROL__68025__2025102401,68025,2025-10-24 01:00:00,2025-10-23 22:00:00,2025-10-24 04:00:00,NORMAL,GROUP__68025__0026,CONTROL,12.0,6.0,10.0,4.0,3.0,11.0,28.0,False
CONTROL__7150__2025091911,7150,2025-09-19 11:00:00,2025-09-19 08:00:00,2025-09-19 14:00:00,NORMAL,GROUP__7150__0004,CONTROL,1129.0,931.0,909.0,1051.0,1169.0,1276.0,1362.0,False
CONTROL__7150__2025013111,7150,2025-01-31 11:00:00,2025-01-31 08:00:00,2025-01-31 14:00:00,NORMAL,GROUP__7150__0004,CONTROL,0.0,0.0,0.0,0.0,0.0,0.0,0.0,True
CONTROL__74228__2025040414,74228,2025-04-04 14:00:00,2025-04-04 11:00:00,2025-04-04 17:00:00,NORMAL,GROUP__74228__0004,CONTROL,121.0,113.0,124.0,148.0,111.0,98.0,99.0,False
CONTROL__74228__2025020714,74228,2025-02-07 14:00:00,2025-02-07 11:00:00,2025-02-07 17:00:00,NORMAL,GROUP__74228__0004,CONTROL,0.0,0.0,0.0,0.0,0.0,0.0,0.0,True
CONTROL__7251__2025082215,7251,2025-08-22 15:00:00,2025-08-22 12:00:00,2025-08-22 18:00:00,NORMAL,GROUP__7251__0019,CONTROL,884.0,914.0,1029.0,1286.0,1248.0,1291.0,1136.0,False
CONTROL__7251__2025091915,7251,2025-09-19 15:00:00,2025-09-19 12:00:00,2025-09-19 18:00:00,NORMAL,GROUP__7251__0019,CONTROL,889.0,919.0,1128.0,1386.0,1420.0,1519.0,1189.0,False
CONTROL__7120__2025010402,7120,2025-01-04 02:00:00,2025-01-03 23:00:00,2025-01-04 05:00:00,NORMAL,GROUP__7120__0033,CONTROL,11.0,0.0,0.0,0.0,0.0,0.0,0.0,False
CONTROL__7120__2025082302,7120,2025-08-23 02:00:00,2025-08-22 23:00:00,2025-08-23 05:00:00,NORMAL,GROUP__7120__0033,CONTROL,18.0,319.0,233.0,171.0,162.0,174.0,327.0,False
CONTROL__7121__2025110802,7121,2025-11-08 02:00:00,2025-11-07 23:00:00,2025-11-08 05:00:00,NORMAL,GROUP__7121__0033,CONTROL,0.0,0.0,0.0,0.0,0.0,0.0,0.0,True
CONTROL__7121__2025101802,7121,2025-10-18 02:00:00,2025-10-17 23:00:00,2025-10-18 05:00:00,NORMAL,GROUP__7121__0033,CONTROL,9.0,9.0,12.0,10.0,6.0,13.0,7.0,False
CONTROL__7179__2025010404,7179,2025-01-04 04:00:00,2025-01-04 01:00:00,2025-01-04 07:00:00,NORMAL,GROUP__7179__0055,CONTROL,0.0,0.0,0.0,0.0,0.0,0.0,0.0,True
CONTROL__7179__2025032204,7179,2025-03-22 04:00:00,2025-03-22 01:00:00,2025-03-22 07:00:00,NORMAL,GROUP__7179__0055,CONTROL,0.0,0.0,0.0,0.0,0.0,0.0,0.0,True
CONTROL__F3FWY003__2025052501,F3FWY003,2025-05-25 01:00:00,2025-05-24 22:00:00,2025-05-25 04:00:00,NORMAL,GROUP__F3FWY003__0028,CONTROL,0.0,0.0,0.0,0.0,0.0,0.0,0.0,True
CONTROL__F3FWY003__2025021601,F3FWY003,2025-02-16 01:00:00,2025-02-15 22:00:00,2025-02-16 04:00:00,NORMAL,GROUP__F3FWY003__0028,CONTROL,0.0,0.0,0.0,0.0,0.0,0.0,0.0,True
CONTROL__F3FWY004__2025070607,F3FWY004,2025-07-06 07:00:00,2025-07-06 04:00:00,2025-07-06 10:00:00,NORMAL,GROUP__F3FWY004__0004,CONTROL,83.0,198.0,594.0,878.0,1480.0,2391.0,3271.0,False
CONTROL__F3FWY004__2025080307,F3FWY004,2025-08-03 07:00:00,2025-08-03 04:00:00,2025-08-03 10:00:00,NORMAL,GROUP__F3FWY004__0004,CONTROL,161.0,281.0,385.0,567.0,894.0,1260.0,1456.0,False
CONTROL__23067__2025083120,23067,2025-08-31 20:00:00,2025-08-31 17:00:00,2025-08-31 23:00:00,NORMAL,GROUP__23067__0024,CONTROL,1696.0,1383.0,967.0,723.0,579.0,405.0,177.0,False
CONTROL__23067__2025092120,23067,2025-09-21 20:00:00,2025-09-21 17:00:00,2025-09-21 23:00:00,NORMAL,GROUP__23067__0024,CONTROL,1524.0,1529.0,1223.0,1077.0,1089.0,987.0,621.0,False
CONTROL__53004__2025052604,53004,2025-05-26 04:00:00,2025-05-26 01:00:00,2025-05-26 07:00:00,NORMAL,GROUP__53004__0022,CONTROL,9.0,14.0,13.0,28.0,108.0,233.0,195.0,False
CONTROL__53004__2025041404,53004,2025-04-14 04:00:00,2025-04-14 01:00:00,2025-04-14 07:00:00,NORMAL,GROUP__53004__0022,CONTROL,43.0,29.0,56.0,210.0,662.0,1300.0,1775.0,False
CONTROL__7179__2025110305,7179,2025-11-03 05:00:00,2025-11-03 02:00:00,2025-11-03 08:00:00,NORMAL,GROUP__7179__0056,CONTROL,150.0,202.0,396.0,899.0,1350.0,1707.0,1553.0,False
CONTROL__7179__2025011305,7179,2025-01-13 05:00:00,2025-01-13 02:00:00,2025-01-13 08:00:00,NORMAL,GROUP__7179__0056,CONTROL,0.0,0.0,0.0,0.0,0.0,0.0,0.0,True
CONTROL__7132__2025042108,7132,2025-04-21 08:00:00,2025-04-21 05:00:00,2025-04-21 11:00:00,NORMAL,GROUP__7132__0021,CONTROL,16.0,11.0,14.0,25.0,21.0,22.0,20.0,False
CONTROL__7132__2025042808,7132,2025-04-28 08:00:00,2025-04-28 05:00:00,2025-04-28 11:00:00,NORMAL,GROUP__7132__0021,CONTROL,66.0,135.0,69.0,73.0,71.0,97.0,67.0,False
CONTROL__33014__2025031010,33014,2025-03-10 10:00:00,2025-03-10 07:00:00,2025-03-10 13:00:00,NORMAL,GROUP__33014__0034,CONTROL,135.0,168.0,180.0,181.0,189.0,174.0,181.0,False
CONTROL__33014__2025020310,33014,2025-02-03 10:00:00,2025-02-03 07:00:00,2025-02-03 13:00:00,NORMAL,GROUP__33014__0034,CONTROL,0.0,0.0,0.0,0.0,0.0,0.0,0.0,True
CONTROL__50240__2025020319,50240,2025-02-03 19:00:00,2025-02-03 16:00:00,2025-02-03 22:00:00,NORMAL,GROUP__50240__0035,CONTROL,0.0,0.0,0.0,0.0,0.0,0.0,0.0,True
CONTROL__50240__2025072119,50240,2025-07-21 19:00:00,2025-07-21 16:00:00,2025-07-21 22:00:00,NORMAL,GROUP__50240__0035,CONTROL,2683.0,2572.0,2589.0,1920.0,1636.0,1421.0,1222.0,False
CONTROL__7153__2025120122,7153,2025-12-01 22:00:00,2025-12-01 19:00:00,2025-12-02 01:00:00,NORMAL,GROUP__7153__0021,CONTROL,97.0,86.0,61.0,53.0,41.0,117.0,65.0,False
CONTROL__7153__2025082522,7153,2025-08-25 22:00:00,2025-08-25 19:00:00,2025-08-26 01:00:00,NORMAL,GROUP__7153__0021,CONTROL,650.0,554.0,444.0,307.0,154.0,104.0,94.0,False
CONTROL__7163__2025121606,7163,2025-12-16 06:00:00,2025-12-16 03:00:00,2025-12-16 09:00:00,NORMAL,GROUP__7163__0022,CONTROL,44.0,77.0,152.0,368.0,330.0,314.0,407.0,False
CONTROL__7163__2025080506,7163,2025-08-05 06:00:00,2025-08-05 03:00:00,2025-08-05 09:00:00,NORMAL,GROUP__7163__0022,CONTROL,153.0,281.0,275.0,589.0,608.0,308.0,558.0,False
CONTROL__7120__2025010707,7120,2025-01-07 07:00:00,2025-01-07 04:00:00,2025-01-07 10:00:00,NORMAL,GROUP__7120__0034,CONTROL,29.0,45.0,84.0,70.0,93.0,81.0,70.0,False
CONTROL__7120__2025022507,7120,2025-02-25 07:00:00,2025-02-25 04:00:00,2025-02-25 10:00:00,NORMAL,GROUP__7120__0034,CONTROL,0.0,0.0,0.0,0.0,0.0,0.0,0.0,True
CONTROL__7121__2025061707,7121,2025-06-17 07:00:00,2025-06-17 04:00:00,2025-06-17 10:00:00,NORMAL,GROUP__7121__0034,CONTROL,0.0,0.0,0.0,0.0,0.0,0.0,0.0,True
CONTROL__7121__2025041507,7121,2025-04-15 07:00:00,2025-04-15 04:00:00,2025-04-15 10:00:00,NORMAL,GROUP__7121__0034,CONTROL,35.0,81.0,187.0,339.0,394.0,385.0,367.0,False
CONTROL__7161__2025082616,7161,2025-08-26 16:00:00,2025-08-26 13:00:00,2025-08-26 19:00:00,NORMAL,GROUP__7161__0022,CONTROL,937.0,1134.0,1502.0,1523.0,1587.0,1291.0,847.0,False
CONTROL__7161__2025031116,7161,2025-03-11 16:00:00,2025-03-11 13:00:00,2025-03-11 19:00:00,NORMAL,GROUP__7161__0022,CONTROL,0.0,0.0,0.0,0.0,0.0,0.0,0.0,True
CONTROL__7163__2025021822,7163,2025-02-18 22:00:00,2025-02-18 19:00:00,2025-02-19 01:00:00,NORMAL,GROUP__7163__0023,CONTROL,0.0,0.0,0.0,0.0,0.0,0.0,0.0,True
CONTROL__7163__2025011422,7163,2025-01-14 22:00:00,2025-01-14 19:00:00,2025-01-15 01:00:00,NORMAL,GROUP__7163__0023,CONTROL,0.0,0.0,0.0,0.0,0.0,13.0,8.0,False
CONTROL__53004__2025072304,53004,2025-07-23 04:00:00,2025-07-23 01:00:00,2025-07-23 07:00:00,NORMAL,GROUP__53004__0023,CONTROL,30.0,24.0,24.0,142.0,336.0,533.0,711.0,False
CONTROL__53004__2025052104,53004,2025-05-21 04:00:00,2025-05-21 01:00:00,2025-05-21 07:00:00,NORMAL,GROUP__53004__0023,CONTROL,11.0,10.0,18.0,34.0,129.0,236.0,184.0,False
CONTROL__53004__2025082005,53004,2025-08-20 05:00:00,2025-08-20 02:00:00,2025-08-20 08:00:00,NORMAL,GROUP__53004__0023,CONTROL,10.0,13.0,25.0,106.0,233.0,179.0,138.0,False
CONTROL__53004__2025111205,53004,2025-11-12 05:00:00,2025-11-12 02:00:00,2025-11-12 08:00:00,NORMAL,GROUP__53004__0023,CONTROL,13.0,18.0,19.0,46.0,74.0,101.0,76.0,False
CONTROL__7163__2025050708,7163,2025-05-07 08:00:00,2025-05-07 05:00:00,2025-05-07 11:00:00,NORMAL,GROUP__7163__0024,CONTROL,48.0,119.0,97.0,135.0,110.0,102.0,95.0,False
CONTROL__7163__2025012208,7163,2025-01-22 08:00:00,2025-01-22 05:00:00,2025-01-22 11:00:00,NORMAL,GROUP__7163__0024,CONTROL,202.0,368.0,446.0,427.0,480.0,461.0,498.0,False
CONTROL__7163__2025102920,7163,2025-10-29 20:00:00,2025-10-29 17:00:00,2025-10-29 23:00:00,NORMAL,GROUP__7163__0025,CONTROL,708.0,599.0,506.0,437.0,447.0,297.0,153.0,False
CONTROL__7163__2025123120,7163,2025-12-31 20:00:00,2025-12-31 17:00:00,2025-12-31 23:00:00,NORMAL,GROUP__7163__0025,CONTROL,406.0,385.0,323.0,345.0,363.0,310.0,341.0,False
CONTROL__F3FWY003__2025041000,F3FWY003,2025-04-10 00:00:00,2025-04-09 21:00:00,2025-04-10 03:00:00,NORMAL,GROUP__F3FWY003__0029,CONTROL,0.0,0.0,0.0,0.0,0.0,0.0,0.0,True
CONTROL__F3FWY003__2025110600,F3FWY003,2025-11-06 00:00:00,2025-11-05 21:00:00,2025-11-06 03:00:00,NORMAL,GROUP__F3FWY003__0029,CONTROL,186.0,163.0,141.0,123.0,98.0,85.0,166.0,False
CONTROL__7179__2025092501,7179,2025-09-25 01:00:00,2025-09-24 22:00:00,2025-09-25 04:00:00,NORMAL,GROUP__7179__0057,CONTROL,892.0,555.0,57.0,46.0,67.0,64.0,105.0,False
CONTROL__7179__2025090401,7179,2025-09-04 01:00:00,2025-09-03 22:00:00,2025-09-04 04:00:00,NORMAL,GROUP__7179__0057,CONTROL,74.0,57.0,297.0,199.0,133.0,166.0,380.0,False
CONTROL__51235__2025011601,51235,2025-01-16 01:00:00,2025-01-15 22:00:00,2025-01-16 04:00:00,NORMAL,GROUP__51235__0033,CONTROL,0.0,0.0,156.0,95.0,80.0,124.0,322.0,False
CONTROL__51235__2025122501,51235,2025-12-25 01:00:00,2025-12-24 22:00:00,2025-12-25 04:00:00,NORMAL,GROUP__51235__0033,CONTROL,898.0,619.0,0.0,0.0,0.0,0.0,0.0,False
CONTROL__68025__2025082105,68025,2025-08-21 05:00:00,2025-08-21 02:00:00,2025-08-21 08:00:00,NORMAL,GROUP__68025__0027,CONTROL,1.0,5.0,13.0,55.0,79.0,119.0,89.0,False
CONTROL__68025__2025030605,68025,2025-03-06 05:00:00,2025-03-06 02:00:00,2025-03-06 08:00:00,NORMAL,GROUP__68025__0027,CONTROL,8.0,2.0,12.0,57.0,140.0,115.0,98.0,False
CONTROL__10011__2025062605,10011,2025-06-26 05:00:00,2025-06-26 02:00:00,2025-06-26 08:00:00,NORMAL,GROUP__10011__0028,CONTROL,0.0,0.0,0.0,0.0,0.0,0.0,0.0,True
CONTROL__10011__2025060505,10011,2025-06-05 05:00:00,2025-06-05 02:00:00,2025-06-05 08:00:00,NORMAL,GROUP__10011__0028,CONTROL,0.0,0.0,0.0,0.0,0.0,0.0,0.0,True
CONTROL__7139__2025072405,7139,2025-07-24 05:00:00,2025-07-24 02:00:00,2025-07-24 08:00:00,NORMAL,GROUP__7139__0028,CONTROL,63.0,78.0,126.0,619.0,1537.0,2675.0,3162.0,False
CONTROL__7139__2025050105,7139,2025-05-01 05:00:00,2025-05-01 02:00:00,2025-05-01 08:00:00,NORMAL,GROUP__7139__0028,CONTROL,75.0,84.0,151.0,608.0,1503.0,2744.0,3168.0,False
CONTROL__7179__2025052220,7179,2025-05-22 20:00:00,2025-05-22 17:00:00,2025-05-22 23:00:00,NORMAL,GROUP__7179__0058,CONTROL,247.0,184.0,144.0,116.0,92.0,84.0,61.0,False
CONTROL__7179__2025090420,7179,2025-09-04 20:00:00,2025-09-04 17:00:00,2025-09-04 23:00:00,NORMAL,GROUP__7179__0058,CONTROL,1735.0,1832.0,1460.0,1308.0,1128.0,1008.0,532.0,False
CONTROL__7120__2025022721,7120,2025-02-27 21:00:00,2025-02-27 18:00:00,2025-02-28 00:00:00,NORMAL,GROUP__7120__0035,CONTROL,0.0,0.0,0.0,0.0,0.0,0.0,0.0,True
CONTROL__7120__2025122521,7120,2025-12-25 21:00:00,2025-12-25 18:00:00,2025-12-26 00:00:00,NORMAL,GROUP__7120__0035,CONTROL,0.0,0.0,0.0,0.0,0.0,0.0,0.0,True
CONTROL__7121__2025091121,7121,2025-09-11 21:00:00,2025-09-11 18:00:00,2025-09-12 00:00:00,NORMAL,GROUP__7121__0035,CONTROL,656.0,379.0,316.0,306.0,258.0,151.0,13.0,False
CONTROL__7121__2025011621,7121,2025-01-16 21:00:00,2025-01-16 18:00:00,2025-01-17 00:00:00,NORMAL,GROUP__7121__0035,CONTROL,620.0,387.0,370.0,333.0,282.0,142.0,0.0,False
CONTROL__7248__2025101901,7248,2025-10-19 01:00:00,2025-10-18 22:00:00,2025-10-19 04:00:00,NORMAL,GROUP__7248__0027,CONTROL,0.0,0.0,37.0,31.0,21.0,28.0,33.0,False
CONTROL__7248__2025081701,7248,2025-08-17 01:00:00,2025-08-16 22:00:00,2025-08-17 04:00:00,NORMAL,GROUP__7248__0027,CONTROL,0.0,0.0,0.0,0.0,0.0,1.0,0.0,False
CONTROL__47024__2025100700,47024,2025-10-07 00:00:00,2025-10-06 21:00:00,2025-10-07 03:00:00,NORMAL,GROUP__47024__0012,CONTROL,1148.0,916.0,668.0,411.0,244.0,198.0,181.0,False
CONTROL__47024__2025030400,47024,2025-03-04 00:00:00,2025-03-03 21:00:00,2025-03-04 03:00:00,NORMAL,GROUP__47024__0012,CONTROL,1032.0,1007.0,889.0,437.0,176.0,138.0,135.0,False
CONTROL__T0288__2025052000,T0288,2025-05-20 00:00:00,2025-05-19 21:00:00,2025-05-20 03:00:00,NORMAL,GROUP__T0288__0010,CONTROL,170.0,141.0,93.0,86.0,83.0,80.0,76.0,False
CONTROL__T0288__2025090900,T0288,2025-09-09 00:00:00,2025-09-08 21:00:00,2025-09-09 03:00:00,NORMAL,GROUP__T0288__0010,CONTROL,0.0,0.0,0.0,0.0,0.0,0.0,0.0,True
CONTROL__T0289__2025093000,T0289,2025-09-30 00:00:00,2025-09-29 21:00:00,2025-09-30 03:00:00,NORMAL,GROUP__T0289__0010,CONTROL,0.0,0.0,0.0,0.0,0.0,0.0,0.0,True
CONTROL__T0289__2025121600,T0289,2025-12-16 00:00:00,2025-12-15 21:00:00,2025-12-16 03:00:00,NORMAL,GROUP__T0289__0010,CONTROL,0.0,0.0,0.0,0.0,0.0,0.0,0.0,True
CONTROL__T0290__2025040100,T0290,2025-04-01 00:00:00,2025-03-31 21:00:00,2025-04-01 03:00:00,NORMAL,GROUP__T0290__0010,CONTROL,0.0,0.0,0.0,107.0,78.0,77.0,112.0,False
CONTROL__T0290__2025101400,T0290,2025-10-14 00:00:00,2025-10-13 21:00:00,2025-10-14 03:00:00,NORMAL,GROUP__T0290__0010,CONTROL,0.0,3.0,0.0,0.0,0.0,0.0,0.0,False
CONTROL__T0479-PR__2025120900,T0479-PR,2025-12-09 00:00:00,2025-12-08 21:00:00,2025-12-09 03:00:00,NORMAL,GROUP__T0479-PR__0010,CONTROL,39.0,24.0,5.0,83.0,92.0,103.0,252.0,False
CONTROL__T0479-PR__2025061700,T0479-PR,2025-06-17 00:00:00,2025-06-16 21:00:00,2025-06-17 03:00:00,NORMAL,GROUP__T0479-PR__0010,CONTROL,391.0,299.0,192.0,56.0,71.0,96.0,221.0,False
CONTROL__7120__2025101400,7120,2025-10-14 00:00:00,2025-10-13 21:00:00,2025-10-14 03:00:00,NORMAL,GROUP__7120__0036,CONTROL,21.0,15.0,5.0,102.0,67.0,62.0,56.0,False
CONTROL__7120__2025093000,7120,2025-09-30 00:00:00,2025-09-29 21:00:00,2025-09-30 03:00:00,NORMAL,GROUP__7120__0036,CONTROL,30.0,9.0,15.0,93.0,55.0,66.0,76.0,False
CONTROL__7121__2025120200,7121,2025-12-02 00:00:00,2025-12-01 21:00:00,2025-12-02 03:00:00,NORMAL,GROUP__7121__0036,CONTROL,0.0,0.0,0.0,0.0,0.0,0.0,0.0,True
CONTROL__7121__2025102100,7121,2025-10-21 00:00:00,2025-10-20 21:00:00,2025-10-21 03:00:00,NORMAL,GROUP__7121__0036,CONTROL,7.0,11.0,8.0,71.0,38.0,37.0,33.0,False
CONTROL__7179__2025070823,7179,2025-07-08 23:00:00,2025-07-08 20:00:00,2025-07-09 02:00:00,NORMAL,GROUP__7179__0059,CONTROL,1044.0,996.0,795.0,535.0,47.0,41.0,51.0,False
CONTROL__7179__2025040123,7179,2025-04-01 23:00:00,2025-04-01 20:00:00,2025-04-02 02:00:00,NORMAL,GROUP__7179__0059,CONTROL,126.0,84.0,84.0,63.0,56.0,31.0,42.0,False
CONTROL__51235__2025090923,51235,2025-09-09 23:00:00,2025-09-09 20:00:00,2025-09-10 02:00:00,NORMAL,GROUP__51235__0034,CONTROL,948.0,817.0,553.0,309.0,136.0,97.0,96.0,False
CONTROL__51235__2025122323,51235,2025-12-23 23:00:00,2025-12-23 20:00:00,2025-12-24 02:00:00,NORMAL,GROUP__51235__0034,CONTROL,1163.0,1086.0,777.0,474.0,276.0,162.0,138.0,False
CONTROL__74229__2025043005,74229,2025-04-30 05:00:00,2025-04-30 02:00:00,2025-04-30 08:00:00,NORMAL,GROUP__74229__0004,CONTROL,4.0,4.0,8.0,48.0,123.0,87.0,66.0,False
CONTROL__74229__2025082005,74229,2025-08-20 05:00:00,2025-08-20 02:00:00,2025-08-20 08:00:00,NORMAL,GROUP__74229__0004,CONTROL,2.0,10.0,18.0,46.0,122.0,119.0,98.0,False
CONTROL__7161__2025080700,7161,2025-08-07 00:00:00,2025-08-06 21:00:00,2025-08-07 03:00:00,NORMAL,GROUP__7161__0023,CONTROL,149.0,163.0,128.0,128.0,102.0,121.0,136.0,False
CONTROL__7161__2025112700,7161,2025-11-27 00:00:00,2025-11-26 21:00:00,2025-11-27 03:00:00,NORMAL,GROUP__7161__0023,CONTROL,611.0,465.0,256.0,21.0,5.0,9.0,21.0,False
CONTROL__7161__2025102302,7161,2025-10-23 02:00:00,2025-10-22 23:00:00,2025-10-23 05:00:00,NORMAL,GROUP__7161__0023,CONTROL,27.0,93.0,68.0,56.0,71.0,179.0,511.0,False
CONTROL__7161__2025122502,7161,2025-12-25 02:00:00,2025-12-24 23:00:00,2025-12-25 05:00:00,NORMAL,GROUP__7161__0023,CONTROL,396.0,266.0,196.0,88.0,74.0,42.0,63.0,False
CONTROL__F3FWY006__2025122502,F3FWY006,2025-12-25 02:00:00,2025-12-24 23:00:00,2025-12-25 05:00:00,NORMAL,GROUP__F3FWY006__0004,CONTROL,0.0,0.0,0.0,0.0,0.0,0.0,0.0,True
CONTROL__F3FWY006__2025050802,F3FWY006,2025-05-08 02:00:00,2025-05-07 23:00:00,2025-05-08 05:00:00,NORMAL,GROUP__F3FWY006__0004,CONTROL,84.0,0.0,0.0,0.0,0.0,0.0,0.0,False
CONTROL__7274__2025030605,7274,2025-03-06 05:00:00,2025-03-06 02:00:00,2025-03-06 08:00:00,NORMAL,GROUP__7274__0020,CONTROL,20.0,17.0,42.0,115.0,256.0,190.0,170.0,False
CONTROL__7274__2025050105,7274,2025-05-01 05:00:00,2025-05-01 02:00:00,2025-05-01 08:00:00,NORMAL,GROUP__7274__0020,CONTROL,18.0,24.0,42.0,100.0,192.0,206.0,146.0,False
CONTROL__7274__2025071705,7274,2025-07-17 05:00:00,2025-07-17 02:00:00,2025-07-17 08:00:00,NORMAL,GROUP__7274__0020,CONTROL,14.0,15.0,26.0,97.0,173.0,143.0,128.0,False
CONTROL__7274__2025102305,7274,2025-10-23 05:00:00,2025-10-23 02:00:00,2025-10-23 08:00:00,NORMAL,GROUP__7274__0020,CONTROL,84.0,128.0,299.0,692.0,1363.0,1300.0,1395.0,False
CONTROL__7161__2025042406,7161,2025-04-24 06:00:00,2025-04-24 03:00:00,2025-04-24 09:00:00,NORMAL,GROUP__7161__0023,CONTROL,70.0,132.0,362.0,715.0,940.0,1025.0,1080.0,False
CONTROL__7161__2025062606,7161,2025-06-26 06:00:00,2025-06-26 03:00:00,2025-06-26 09:00:00,NORMAL,GROUP__7161__0023,CONTROL,81.0,153.0,464.0,783.0,1250.0,1253.0,807.0,False
CONTROL__47024__2025062006,47024,2025-06-20 06:00:00,2025-06-20 03:00:00,2025-06-20 09:00:00,NORMAL,GROUP__47024__0013,CONTROL,299.0,596.0,1161.0,1149.0,1184.0,1207.0,1088.0,False
CONTROL__47024__2025100306,47024,2025-10-03 06:00:00,2025-10-03 03:00:00,2025-10-03 09:00:00,NORMAL,GROUP__47024__0013,CONTROL,81.0,92.0,194.0,263.0,285.0,247.0,276.0,False
CONTROL__50260__2025091908,50260,2025-09-19 08:00:00,2025-09-19 05:00:00,2025-09-19 11:00:00,NORMAL,GROUP__50260__0007,CONTROL,182.0,366.0,326.0,285.0,325.0,354.0,344.0,False
CONTROL__50260__2025022808,50260,2025-02-28 08:00:00,2025-02-28 05:00:00,2025-02-28 11:00:00,NORMAL,GROUP__50260__0007,CONTROL,0.0,0.0,0.0,0.0,0.0,0.0,0.0,True
CONTROL__7179__2025032111,7179,2025-03-21 11:00:00,2025-03-21 08:00:00,2025-03-21 14:00:00,NORMAL,GROUP__7179__0060,CONTROL,128.0,138.0,146.0,140.0,168.0,163.0,155.0,False
CONTROL__7179__2025080111,7179,2025-08-01 11:00:00,2025-08-01 08:00:00,2025-08-01 14:00:00,NORMAL,GROUP__7179__0060,CONTROL,1704.0,1473.0,1401.0,1432.0,1597.0,1551.0,1932.0,False
CONTROL__7251__2025062012,7251,2025-06-20 12:00:00,2025-06-20 09:00:00,2025-06-20 15:00:00,NORMAL,GROUP__7251__0020,CONTROL,702.0,690.0,743.0,882.0,873.0,1070.0,1172.0,False
CONTROL__7251__2025091912,7251,2025-09-19 12:00:00,2025-09-19 09:00:00,2025-09-19 15:00:00,NORMAL,GROUP__7251__0020,CONTROL,733.0,712.0,768.0,889.0,919.0,1128.0,1386.0,False
CONTROL__7251__2025122700,7251,2025-12-27 00:00:00,2025-12-26 21:00:00,2025-12-27 03:00:00,NORMAL,GROUP__7251__0021,CONTROL,0.0,0.0,0.0,197.0,131.0,121.0,120.0,False
CONTROL__7251__2025070500,7251,2025-07-05 00:00:00,2025-07-04 21:00:00,2025-07-05 03:00:00,NORMAL,GROUP__7251__0021,CONTROL,59.0,48.0,42.0,26.0,18.0,13.0,19.0,False
CONTROL__68025__2025121307,68025,2025-12-13 07:00:00,2025-12-13 04:00:00,2025-12-13 10:00:00,NORMAL,GROUP__68025__0028,CONTROL,13.0,32.0,41.0,44.0,51.0,46.0,48.0,False
CONTROL__68025__2025021507,68025,2025-02-15 07:00:00,2025-02-15 04:00:00,2025-02-15 10:00:00,NORMAL,GROUP__68025__0028,CONTROL,0.0,0.0,0.0,0.0,0.0,0.0,0.0,True
CONTROL__32029__2025110807,32029,2025-11-08 07:00:00,2025-11-08 04:00:00,2025-11-08 10:00:00,NORMAL,GROUP__32029__0004,CONTROL,0.0,0.0,0.0,0.0,0.0,0.0,0.0,True
CONTROL__32029__2025031507,32029,2025-03-15 07:00:00,2025-03-15 04:00:00,2025-03-15 10:00:00,NORMAL,GROUP__32029__0004,CONTROL,0.0,0.0,0.0,0.0,0.0,0.0,0.0,True
CONTROL__7112__2025020905,7112,2025-02-09 05:00:00,2025-02-09 02:00:00,2025-02-09 08:00:00,NORMAL,GROUP__7112__0039,CONTROL,0.0,0.0,0.0,0.0,0.0,0.0,0.0,True
CONTROL__7112__2025052505,7112,2025-05-25 05:00:00,2025-05-25 02:00:00,2025-05-25 08:00:00,NORMAL,GROUP__7112__0039,CONTROL,0.0,0.0,0.0,0.0,0.0,0.0,0.0,True
CONTROL__F3FWY004__2025101923,F3FWY004,2025-10-19 23:00:00,2025-10-19 20:00:00,2025-10-20 02:00:00,NORMAL,GROUP__F3FWY004__0005,CONTROL,1016.0,770.0,504.0,358.0,75.0,72.0,86.0,False
CONTROL__F3FWY004__2025101223,F3FWY004,2025-10-12 23:00:00,2025-10-12 20:00:00,2025-10-13 02:00:00,NORMAL,GROUP__F3FWY004__0005,CONTROL,632.0,688.0,523.0,289.0,51.0,7.0,45.0,False
CONTROL__7163__2025051203,7163,2025-05-12 03:00:00,2025-05-12 00:00:00,2025-05-12 06:00:00,NORMAL,GROUP__7163__0026,CONTROL,126.0,95.0,57.0,48.0,110.0,264.0,676.0,False
CONTROL__7163__2025040703,7163,2025-04-07 03:00:00,2025-04-07 00:00:00,2025-04-07 06:00:00,NORMAL,GROUP__7163__0026,CONTROL,14.0,4.0,9.0,9.0,24.0,52.0,121.0,False
CONTROL__7112__2025090106,7112,2025-09-01 06:00:00,2025-09-01 03:00:00,2025-09-01 09:00:00,NORMAL,GROUP__7112__0040,CONTROL,57.0,145.0,527.0,830.0,659.0,593.0,522.0,False
CONTROL__7112__2025070706,7112,2025-07-07 06:00:00,2025-07-07 03:00:00,2025-07-07 09:00:00,NORMAL,GROUP__7112__0040,CONTROL,78.0,205.0,831.0,1417.0,1237.0,1178.0,1013.0,False
CONTROL__50240__2025081823,50240,2025-08-18 23:00:00,2025-08-18 20:00:00,2025-08-19 02:00:00,NORMAL,GROUP__50240__0036,CONTROL,1496.0,1332.0,1127.0,670.0,323.0,207.0,149.0,False
CONTROL__50240__2025050523,50240,2025-05-05 23:00:00,2025-05-05 20:00:00,2025-05-06 02:00:00,NORMAL,GROUP__50240__0036,CONTROL,1074.0,947.0,651.0,334.0,350.0,200.0,154.0,False
CONTROL__10011__2025030406,10011,2025-03-04 06:00:00,2025-03-04 03:00:00,2025-03-04 09:00:00,NORMAL,GROUP__10011__0029,CONTROL,57.0,141.0,656.0,1606.0,2931.0,3185.0,2703.0,False
CONTROL__10011__2025061006,10011,2025-06-10 06:00:00,2025-06-10 03:00:00,2025-06-10 09:00:00,NORMAL,GROUP__10011__0029,CONTROL,0.0,0.0,0.0,0.0,0.0,0.0,0.0,True
CONTROL__7139__2025021806,7139,2025-02-18 06:00:00,2025-02-18 03:00:00,2025-02-18 09:00:00,NORMAL,GROUP__7139__0029,CONTROL,0.0,0.0,0.0,0.0,0.0,0.0,0.0,True
CONTROL__7139__2025102106,7139,2025-10-21 06:00:00,2025-10-21 03:00:00,2025-10-21 09:00:00,NORMAL,GROUP__7139__0029,CONTROL,57.0,150.0,680.0,1698.0,2928.0,3158.0,2785.0,False
CONTROL__T0231__2025021109,T0231,2025-02-11 09:00:00,2025-02-11 06:00:00,2025-02-11 12:00:00,NORMAL,GROUP__T0231__0008,CONTROL,0.0,0.0,0.0,0.0,0.0,0.0,0.0,True
CONTROL__T0231__2025090909,T0231,2025-09-09 09:00:00,2025-09-09 06:00:00,2025-09-09 12:00:00,NORMAL,GROUP__T0231__0008,CONTROL,216.0,126.0,124.0,116.0,105.0,122.0,95.0,False
CONTROL__7248__2025022522,7248,2025-02-25 22:00:00,2025-02-25 19:00:00,2025-02-26 01:00:00,NORMAL,GROUP__7248__0028,CONTROL,0.0,0.0,0.0,0.0,0.0,0.0,0.0,True
CONTROL__7248__2025070822,7248,2025-07-08 22:00:00,2025-07-08 19:00:00,2025-07-09 01:00:00,NORMAL,GROUP__7248__0028,CONTROL,744.0,533.0,556.0,386.0,244.0,146.0,97.0,False
CONTROL__7270__2025022603,7270,2025-02-26 03:00:00,2025-02-26 00:00:00,2025-02-26 06:00:00,NORMAL,GROUP__7270__0012,CONTROL,0.0,0.0,0.0,0.0,0.0,0.0,0.0,True
CONTROL__7270__2025010103,7270,2025-01-01 03:00:00,2025-01-01 00:00:00,2025-01-01 06:00:00,NORMAL,GROUP__7270__0012,CONTROL,0.0,0.0,0.0,0.0,0.0,0.0,0.0,True
CONTROL__7248__2025110504,7248,2025-11-05 04:00:00,2025-11-05 01:00:00,2025-11-05 07:00:00,NORMAL,GROUP__7248__0028,CONTROL,108.0,97.0,144.0,410.0,1175.0,1156.0,1382.0,False
CONTROL__7248__2025120304,7248,2025-12-03 04:00:00,2025-12-03 01:00:00,2025-12-03 07:00:00,NORMAL,GROUP__7248__0028,CONTROL,0.0,108.0,143.0,415.0,1221.0,1176.0,1394.0,False
CONTROL__F3FWY001__2025031209,F3FWY001,2025-03-12 09:00:00,2025-03-12 06:00:00,2025-03-12 12:00:00,NORMAL,GROUP__F3FWY001__0007,CONTROL,273.0,259.0,198.0,210.0,255.0,235.0,294.0,False
CONTROL__F3FWY001__2025070209,F3FWY001,2025-07-02 09:00:00,2025-07-02 06:00:00,2025-07-02 12:00:00,NORMAL,GROUP__F3FWY001__0007,CONTROL,0.0,0.0,0.0,0.0,0.0,0.0,0.0,True
CONTROL__7272__2025100114,7272,2025-10-01 14:00:00,2025-10-01 11:00:00,2025-10-01 17:00:00,NORMAL,GROUP__7272__0001,CONTROL,79.0,448.0,463.0,423.0,424.0,445.0,423.0,False
CONTROL__7272__2025012914,7272,2025-01-29 14:00:00,2025-01-29 11:00:00,2025-01-29 17:00:00,NORMAL,GROUP__7272__0001,CONTROL,203.0,147.0,172.0,153.0,138.0,140.0,173.0,False
CONTROL__53004__2025082017,53004,2025-08-20 17:00:00,2025-08-20 14:00:00,2025-08-20 20:00:00,NORMAL,GROUP__53004__0024,CONTROL,72.0,76.0,72.0,70.0,47.0,35.0,24.0,False
CONTROL__53004__2025072317,53004,2025-07-23 17:00:00,2025-07-23 14:00:00,2025-07-23 20:00:00,NORMAL,GROUP__53004__0024,CONTROL,651.0,815.0,704.0,623.0,633.0,468.0,315.0,False
CONTROL__7270__2025021920,7270,2025-02-19 20:00:00,2025-02-19 17:00:00,2025-02-19 23:00:00,NORMAL,GROUP__7270__0013,CONTROL,0.0,0.0,0.0,0.0,0.0,0.0,0.0,True
CONTROL__7270__2025042320,7270,2025-04-23 20:00:00,2025-04-23 17:00:00,2025-04-23 23:00:00,NORMAL,GROUP__7270__0013,CONTROL,103.0,82.0,75.0,66.0,54.0,51.0,35.0,False
CONTROL__10011__2025070921,10011,2025-07-09 21:00:00,2025-07-09 18:00:00,2025-07-10 00:00:00,NORMAL,GROUP__10011__0030,CONTROL,0.0,0.0,0.0,0.0,0.0,0.0,0.0,True
CONTROL__10011__2025041621,10011,2025-04-16 21:00:00,2025-04-16 18:00:00,2025-04-17 00:00:00,NORMAL,GROUP__10011__0030,CONTROL,0.0,0.0,0.0,0.0,0.0,0.0,0.0,True
CONTROL__7139__2025050721,7139,2025-05-07 21:00:00,2025-05-07 18:00:00,2025-05-08 00:00:00,NORMAL,GROUP__7139__0030,CONTROL,2355.0,1546.0,487.0,0.0,0.0,0.0,0.0,False
CONTROL__7139__2025010121,7139,2025-01-01 21:00:00,2025-01-01 18:00:00,2025-01-02 00:00:00,NORMAL,GROUP__7139__0030,CONTROL,1931.0,1695.0,1591.0,1320.0,855.0,610.0,0.0,False
CONTROL__7120__2025060422,7120,2025-06-04 22:00:00,2025-06-04 19:00:00,2025-06-05 01:00:00,NORMAL,GROUP__7120__0037,CONTROL,589.0,528.0,463.0,339.0,218.0,7.0,12.0,False
CONTROL__7120__2025122422,7120,2025-12-24 22:00:00,2025-12-24 19:00:00,2025-12-25 01:00:00,NORMAL,GROUP__7120__0037,CONTROL,27.0,22.0,21.0,28.0,13.0,0.0,0.0,False
CONTROL__7121__2025052822,7121,2025-05-28 22:00:00,2025-05-28 19:00:00,2025-05-29 01:00:00,NORMAL,GROUP__7121__0037,CONTROL,3.0,3.0,3.0,7.0,4.0,9.0,6.0,False
CONTROL__7121__2025110522,7121,2025-11-05 22:00:00,2025-11-05 19:00:00,2025-11-06 01:00:00,NORMAL,GROUP__7121__0037,CONTROL,0.0,0.0,0.0,0.0,0.0,0.0,0.0,True
CONTROL__53004__2025052200,53004,2025-05-22 00:00:00,2025-05-21 21:00:00,2025-05-22 03:00:00,NORMAL,GROUP__53004__0025,CONTROL,24.0,19.0,8.0,10.0,8.0,13.0,18.0,False
CONTROL__53004__2025012300,53004,2025-01-23 00:00:00,2025-01-22 21:00:00,2025-01-23 03:00:00,NORMAL,GROUP__53004__0025,CONTROL,0.0,0.0,0.0,0.0,0.0,0.0,1.0,False
CONTROL__7184__2025020600,7184,2025-02-06 00:00:00,2025-02-05 21:00:00,2025-02-06 03:00:00,NORMAL,GROUP__7184__0023,CONTROL,0.0,0.0,0.0,0.0,0.0,0.0,0.0,True
CONTROL__7184__2025072400,7184,2025-07-24 00:00:00,2025-07-23 21:00:00,2025-07-24 03:00:00,NORMAL,GROUP__7184__0023,CONTROL,35.0,27.0,30.0,22.0,26.0,27.0,33.0,False
CONTROL__10011__2025082103,10011,2025-08-21 03:00:00,2025-08-21 00:00:00,2025-08-21 06:00:00,NORMAL,GROUP__10011__0030,CONTROL,0.0,0.0,0.0,0.0,0.0,0.0,0.0,True
CONTROL__10011__2025042403,10011,2025-04-24 03:00:00,2025-04-24 00:00:00,2025-04-24 06:00:00,NORMAL,GROUP__10011__0030,CONTROL,0.0,0.0,0.0,0.0,0.0,0.0,0.0,True
CONTROL__7139__2025052903,7139,2025-05-29 03:00:00,2025-05-29 00:00:00,2025-05-29 06:00:00,NORMAL,GROUP__7139__0030,CONTROL,234.0,186.0,109.0,75.0,151.0,594.0,1486.0,False
CONTROL__7139__2025022003,7139,2025-02-20 03:00:00,2025-02-20 00:00:00,2025-02-20 06:00:00,NORMAL,GROUP__7139__0030,CONTROL,0.0,0.0,0.0,0.0,0.0,0.0,0.0,True
CONTROL__23067__2025091803,23067,2025-09-18 03:00:00,2025-09-18 00:00:00,2025-09-18 06:00:00,NORMAL,GROUP__23067__0025,CONTROL,36.0,50.0,118.0,487.0,1085.0,1759.0,2493.0,False
CONTROL__23067__2025050803,23067,2025-05-08 03:00:00,2025-05-08 00:00:00,2025-05-08 06:00:00,NORMAL,GROUP__23067__0025,CONTROL,24.0,30.0,26.0,30.0,32.0,48.0,79.0,False
CONTROL__33014__2025050805,33014,2025-05-08 05:00:00,2025-05-08 02:00:00,2025-05-08 08:00:00,NORMAL,GROUP__33014__0035,CONTROL,17.0,30.0,40.0,59.0,143.0,139.0,141.0,False
CONTROL__33014__2025121805,33014,2025-12-18 05:00:00,2025-12-18 02:00:00,2025-12-18 08:00:00,NORMAL,GROUP__33014__0035,CONTROL,0.0,0.0,0.0,0.0,0.0,0.0,0.0,True
CONTROL__7179__2025072407,7179,2025-07-24 07:00:00,2025-07-24 04:00:00,2025-07-24 10:00:00,NORMAL,GROUP__7179__0061,CONTROL,112.0,221.0,320.0,357.0,381.0,478.0,483.0,False
CONTROL__7179__2025090407,7179,2025-09-04 07:00:00,2025-09-04 04:00:00,2025-09-04 10:00:00,NORMAL,GROUP__7179__0061,CONTROL,380.0,909.0,1299.0,1616.0,1685.0,1509.0,1418.0,False
CONTROL__7126__2025091809,7126,2025-09-18 09:00:00,2025-09-18 06:00:00,2025-09-18 12:00:00,NORMAL,GROUP__7126__0012,CONTROL,369.0,575.0,689.0,560.0,654.0,580.0,560.0,False
CONTROL__7126__2025092509,7126,2025-09-25 09:00:00,2025-09-25 06:00:00,2025-09-25 12:00:00,NORMAL,GROUP__7126__0012,CONTROL,353.0,505.0,654.0,561.0,632.0,676.0,694.0,False
CONTROL__7120__2025061222,7120,2025-06-12 22:00:00,2025-06-12 19:00:00,2025-06-13 01:00:00,NORMAL,GROUP__7120__0038,CONTROL,690.0,555.0,525.0,406.0,312.0,9.0,7.0,False
CONTROL__7120__2025042422,7120,2025-04-24 22:00:00,2025-04-24 19:00:00,2025-04-25 01:00:00,NORMAL,GROUP__7120__0038,CONTROL,685.0,638.0,568.0,522.0,378.0,9.0,9.0,False
CONTROL__7121__2025020622,7121,2025-02-06 22:00:00,2025-02-06 19:00:00,2025-02-07 01:00:00,NORMAL,GROUP__7121__0038,CONTROL,0.0,0.0,0.0,0.0,0.0,0.0,0.0,True
CONTROL__7121__2025092522,7121,2025-09-25 22:00:00,2025-09-25 19:00:00,2025-09-26 01:00:00,NORMAL,GROUP__7121__0038,CONTROL,404.0,370.0,371.0,273.0,142.0,70.0,47.0,False
CONTROL__53004__2025081501,53004,2025-08-15 01:00:00,2025-08-14 22:00:00,2025-08-15 04:00:00,NORMAL,GROUP__53004__0026,CONTROL,30.0,13.0,8.0,20.0,11.0,17.0,31.0,False
CONTROL__53004__2025041101,53004,2025-04-11 01:00:00,2025-04-10 22:00:00,2025-04-11 04:00:00,NORMAL,GROUP__53004__0026,CONTROL,253.0,112.0,14.0,11.0,19.0,18.0,25.0,False
CONTROL__7270__2025061301,7270,2025-06-13 01:00:00,2025-06-12 22:00:00,2025-06-13 04:00:00,NORMAL,GROUP__7270__0014,CONTROL,542.0,291.0,154.0,105.0,91.0,126.0,305.0,False
CONTROL__7270__2025121901,7270,2025-12-19 01:00:00,2025-12-18 22:00:00,2025-12-19 04:00:00,NORMAL,GROUP__7270__0014,CONTROL,662.0,396.0,45.0,38.0,48.0,47.0,131.0,False
CONTROL__50250__2025061303,50250,2025-06-13 03:00:00,2025-06-13 00:00:00,2025-06-13 06:00:00,NORMAL,GROUP__50250__0004,CONTROL,4.0,1.0,6.0,5.0,11.0,87.0,119.0,False
CONTROL__50250__2025092603,50250,2025-09-26 03:00:00,2025-09-26 00:00:00,2025-09-26 06:00:00,NORMAL,GROUP__50250__0004,CONTROL,1.0,1.0,3.0,2.0,6.0,30.0,53.0,False
CONTROL__7248__2025052306,7248,2025-05-23 06:00:00,2025-05-23 03:00:00,2025-05-23 09:00:00,NORMAL,GROUP__7248__0029,CONTROL,152.0,328.0,946.0,1075.0,1157.0,1015.0,922.0,False
CONTROL__7248__2025072506,7248,2025-07-25 06:00:00,2025-07-25 03:00:00,2025-07-25 09:00:00,NORMAL,GROUP__7248__0029,CONTROL,163.0,306.0,1071.0,1263.0,1421.0,1170.0,1069.0,False
CONTROL__7163__2025050909,7163,2025-05-09 09:00:00,2025-05-09 06:00:00,2025-05-09 12:00:00,NORMAL,GROUP__7163__0027,CONTROL,699.0,699.0,616.0,633.0,647.0,695.0,692.0,False
CONTROL__7163__2025092609,7163,2025-09-26 09:00:00,2025-09-26 06:00:00,2025-09-26 12:00:00,NORMAL,GROUP__7163__0027,CONTROL,657.0,707.0,608.0,651.0,728.0,777.0,698.0,False
CONTROL__53004__2025020719,53004,2025-02-07 19:00:00,2025-02-07 16:00:00,2025-02-07 22:00:00,NORMAL,GROUP__53004__0027,CONTROL,0.0,0.0,0.0,0.0,0.0,0.0,0.0,True
CONTROL__53004__2025103119,53004,2025-10-31 19:00:00,2025-10-31 16:00:00,2025-10-31 22:00:00,NORMAL,GROUP__53004__0027,CONTROL,79.0,54.0,36.0,36.0,25.0,15.0,16.0,False
CONTROL__7179__2025080822,7179,2025-08-08 22:00:00,2025-08-08 19:00:00,2025-08-09 01:00:00,NORMAL,GROUP__7179__0062,CONTROL,131.0,112.0,85.0,83.0,77.0,574.0,336.0,False
CONTROL__7179__2025081522,7179,2025-08-15 22:00:00,2025-08-15 19:00:00,2025-08-16 01:00:00,NORMAL,GROUP__7179__0062,CONTROL,1560.0,1253.0,1154.0,1160.0,927.0,59.0,43.0,False
CONTROL__F3FWY004__2025110105,F3FWY004,2025-11-01 05:00:00,2025-11-01 02:00:00,2025-11-01 08:00:00,NORMAL,GROUP__F3FWY004__0006,CONTROL,118.0,87.0,172.0,425.0,907.0,1483.0,2135.0,False
CONTROL__F3FWY004__2025120605,F3FWY004,2025-12-06 05:00:00,2025-12-06 02:00:00,2025-12-06 08:00:00,NORMAL,GROUP__F3FWY004__0006,CONTROL,16.0,32.0,49.0,87.0,232.0,245.0,229.0,False
CONTROL__7161__2025051008,7161,2025-05-10 08:00:00,2025-05-10 05:00:00,2025-05-10 11:00:00,NORMAL,GROUP__7161__0024,CONTROL,29.0,66.0,69.0,77.0,87.0,91.0,104.0,False
CONTROL__7161__2025032208,7161,2025-03-22 08:00:00,2025-03-22 05:00:00,2025-03-22 11:00:00,NORMAL,GROUP__7161__0024,CONTROL,42.0,57.0,64.0,66.0,77.0,87.0,99.0,False
CONTROL__7275__2025053110,7275,2025-05-31 10:00:00,2025-05-31 07:00:00,2025-05-31 13:00:00,NORMAL,GROUP__7275__0004,CONTROL,88.0,74.0,62.0,55.0,53.0,43.0,49.0,False
CONTROL__7275__2025062810,7275,2025-06-28 10:00:00,2025-06-28 07:00:00,2025-06-28 13:00:00,NORMAL,GROUP__7275__0004,CONTROL,0.0,0.0,0.0,0.0,0.0,0.0,0.0,True
CONTROL__7179__2025051100,7179,2025-05-11 00:00:00,2025-05-10 21:00:00,2025-05-11 03:00:00,NORMAL,GROUP__7179__0063,CONTROL,83.0,81.0,42.0,50.0,21.0,22.0,20.0,False
CONTROL__7179__2025083100,7179,2025-08-31 00:00:00,2025-08-30 21:00:00,2025-08-31 03:00:00,NORMAL,GROUP__7179__0063,CONTROL,1305.0,1227.0,1071.0,800.0,500.0,352.0,286.0,False
CONTROL__F3FWY003__2025020202,F3FWY003,2025-02-02 02:00:00,2025-02-01 23:00:00,2025-02-02 05:00:00,NORMAL,GROUP__F3FWY003__0030,CONTROL,0.0,0.0,0.0,0.0,0.0,0.0,0.0,True
CONTROL__F3FWY003__2025041302,F3FWY003,2025-04-13 02:00:00,2025-04-12 23:00:00,2025-04-13 05:00:00,NORMAL,GROUP__F3FWY003__0030,CONTROL,0.0,0.0,0.0,0.0,0.0,0.0,0.0,True
CONTROL__74228__2025110905,74228,2025-11-09 05:00:00,2025-11-09 02:00:00,2025-11-09 08:00:00,NORMAL,GROUP__74228__0005,CONTROL,64.0,46.0,52.0,113.0,278.0,434.0,711.0,False
CONTROL__74228__2025072005,74228,2025-07-20 05:00:00,2025-07-20 02:00:00,2025-07-20 08:00:00,NORMAL,GROUP__74228__0005,CONTROL,50.0,22.0,34.0,39.0,153.0,246.0,500.0,False
CONTROL__33014__2025082408,33014,2025-08-24 08:00:00,2025-08-24 05:00:00,2025-08-24 11:00:00,NORMAL,GROUP__33014__0036,CONTROL,0.0,0.0,0.0,0.0,0.0,0.0,0.0,True
CONTROL__33014__2025010508,33014,2025-01-05 08:00:00,2025-01-05 05:00:00,2025-01-05 11:00:00,NORMAL,GROUP__33014__0036,CONTROL,27.0,35.0,52.0,44.0,57.0,58.0,37.0,False
CONTROL__7270__2025060109,7270,2025-06-01 09:00:00,2025-06-01 06:00:00,2025-06-01 12:00:00,NORMAL,GROUP__7270__0015,CONTROL,33.0,71.0,78.0,67.0,77.0,63.0,57.0,False
CONTROL__7270__2025011209,7270,2025-01-12 09:00:00,2025-01-12 06:00:00,2025-01-12 12:00:00,NORMAL,GROUP__7270__0015,CONTROL,42.0,54.0,81.0,83.0,93.0,57.0,78.0,False
CONTROL__7179__2025090101,7179,2025-09-01 01:00:00,2025-08-31 22:00:00,2025-09-01 04:00:00,NORMAL,GROUP__7179__0064,CONTROL,713.0,445.0,263.0,172.0,139.0,196.0,390.0,False
CONTROL__7179__2025042101,7179,2025-04-21 01:00:00,2025-04-20 22:00:00,2025-04-21 04:00:00,NORMAL,GROUP__7179__0064,CONTROL,953.0,714.0,232.0,140.0,121.0,95.0,99.0,False
CONTROL__7112__2025030302,7112,2025-03-03 02:00:00,2025-03-02 23:00:00,2025-03-03 05:00:00,NORMAL,GROUP__7112__0041,CONTROL,0.0,0.0,0.0,0.0,0.0,0.0,0.0,True
CONTROL__7112__2025122902,7112,2025-12-29 02:00:00,2025-12-28 23:00:00,2025-12-29 05:00:00,NORMAL,GROUP__7112__0041,CONTROL,338.0,20.0,16.0,19.0,19.0,45.0,64.0,False
CONTROL__7179__2025111008,7179,2025-11-10 08:00:00,2025-11-10 05:00:00,2025-11-10 11:00:00,NORMAL,GROUP__7179__0065,CONTROL,217.0,328.0,297.0,313.0,449.0,469.0,524.0,False
CONTROL__7179__2025031708,7179,2025-03-17 08:00:00,2025-03-17 05:00:00,2025-03-17 11:00:00,NORMAL,GROUP__7179__0065,CONTROL,201.0,310.0,300.0,374.0,444.0,449.0,470.0,False
CONTROL__7184__2025092909,7184,2025-09-29 09:00:00,2025-09-29 06:00:00,2025-09-29 12:00:00,NORMAL,GROUP__7184__0024,CONTROL,1885.0,2704.0,2591.0,2233.0,2264.0,2012.0,1946.0,False
CONTROL__7184__2025020309,7184,2025-02-03 09:00:00,2025-02-03 06:00:00,2025-02-03 12:00:00,NORMAL,GROUP__7184__0024,CONTROL,0.0,0.0,0.0,0.0,0.0,0.0,0.0,True
CONTROL__7120__2025112421,7120,2025-11-24 21:00:00,2025-11-24 18:00:00,2025-11-25 00:00:00,NORMAL,GROUP__7120__0039,CONTROL,633.0,575.0,477.0,444.0,309.0,172.0,112.0,False
CONTROL__7120__2025110321,7120,2025-11-03 21:00:00,2025-11-03 18:00:00,2025-11-04 00:00:00,NORMAL,GROUP__7120__0039,CONTROL,0.0,0.0,0.0,0.0,0.0,0.0,0.0,True
CONTROL__7121__2025010621,7121,2025-01-06 21:00:00,2025-01-06 18:00:00,2025-01-07 00:00:00,NORMAL,GROUP__7121__0039,CONTROL,0.0,0.0,0.0,0.0,0.0,0.0,8.0,False
CONTROL__7121__2025092221,7121,2025-09-22 21:00:00,2025-09-22 18:00:00,2025-09-23 00:00:00,NORMAL,GROUP__7121__0039,CONTROL,390.0,277.0,227.0,220.0,156.0,79.0,6.0,False
CONTROL__68025__2025100703,68025,2025-10-07 03:00:00,2025-10-07 00:00:00,2025-10-07 06:00:00,NORMAL,GROUP__68025__0029,CONTROL,103.0,75.0,43.0,67.0,141.0,404.0,790.0,False
CONTROL__68025__2025072203,68025,2025-07-22 03:00:00,2025-07-22 00:00:00,2025-07-22 06:00:00,NORMAL,GROUP__68025__0029,CONTROL,6.0,10.0,7.0,10.0,19.0,30.0,120.0,False
CONTROL__7270__2025043000,7270,2025-04-30 00:00:00,2025-04-29 21:00:00,2025-04-30 03:00:00,NORMAL,GROUP__7270__0016,CONTROL,712.0,531.0,265.0,164.0,96.0,67.0,111.0,False
CONTROL__7270__2025020500,7270,2025-02-05 00:00:00,2025-02-04 21:00:00,2025-02-05 03:00:00,NORMAL,GROUP__7270__0016,CONTROL,0.0,0.0,0.0,0.0,0.0,0.0,0.0,True
CONTROL__74230__2025110506,74230,2025-11-05 06:00:00,2025-11-05 03:00:00,2025-11-05 09:00:00,NORMAL,GROUP__74230__0010,CONTROL,187.0,381.0,821.0,1276.0,1287.0,1246.0,1193.0,False
CONTROL__74230__2025061806,74230,2025-06-18 06:00:00,2025-06-18 03:00:00,2025-06-18 09:00:00,NORMAL,GROUP__74230__0010,CONTROL,7.0,24.0,118.0,209.0,247.0,247.0,222.0,False
CONTROL__7248__2025121020,7248,2025-12-10 20:00:00,2025-12-10 17:00:00,2025-12-10 23:00:00,NORMAL,GROUP__7248__0030,CONTROL,0.0,0.0,0.0,0.0,0.0,0.0,0.0,True
CONTROL__7248__2025070920,7248,2025-07-09 20:00:00,2025-07-09 17:00:00,2025-07-09 23:00:00,NORMAL,GROUP__7248__0030,CONTROL,1061.0,1154.0,763.0,552.0,524.0,592.0,300.0,False
CONTROL__33014__2025031300,33014,2025-03-13 00:00:00,2025-03-12 21:00:00,2025-03-13 03:00:00,NORMAL,GROUP__33014__0037,CONTROL,42.0,28.0,0.0,11.0,13.0,18.0,44.0,False
CONTROL__33014__2025072400,33014,2025-07-24 00:00:00,2025-07-23 21:00:00,2025-07-24 03:00:00,NORMAL,GROUP__33014__0037,CONTROL,0.0,0.0,0.0,0.0,0.0,0.0,0.0,True
CONTROL__7251__2025112002,7251,2025-11-20 02:00:00,2025-11-19 23:00:00,2025-11-20 05:00:00,NORMAL,GROUP__7251__0022,CONTROL,37.0,324.0,187.0,149.0,122.0,150.0,226.0,False
CONTROL__7251__2025041702,7251,2025-04-17 02:00:00,2025-04-16 23:00:00,2025-04-17 05:00:00,NORMAL,GROUP__7251__0022,CONTROL,47.0,36.0,21.0,28.0,26.0,48.0,65.0,False
CONTROL__9658__2025011608,9658,2025-01-16 08:00:00,2025-01-16 05:00:00,2025-01-16 11:00:00,NORMAL,GROUP__9658__0023,CONTROL,483.0,795.0,958.0,976.0,942.0,818.0,801.0,False
CONTROL__9658__2025050808,9658,2025-05-08 08:00:00,2025-05-08 05:00:00,2025-05-08 11:00:00,NORMAL,GROUP__9658__0023,CONTROL,107.0,152.0,114.0,104.0,116.0,169.0,197.0,False
CONTROL__F3FWY003__2025032008,F3FWY003,2025-03-20 08:00:00,2025-03-20 05:00:00,2025-03-20 11:00:00,NORMAL,GROUP__F3FWY003__0031,CONTROL,0.0,0.0,0.0,0.0,0.0,0.0,0.0,True
CONTROL__F3FWY003__2025013008,F3FWY003,2025-01-30 08:00:00,2025-01-30 05:00:00,2025-01-30 11:00:00,NORMAL,GROUP__F3FWY003__0031,CONTROL,0.0,0.0,0.0,0.0,0.0,0.0,0.0,True
CONTROL__7179__2025061221,7179,2025-06-12 21:00:00,2025-06-12 18:00:00,2025-06-13 00:00:00,NORMAL,GROUP__7179__0066,CONTROL,1897.0,1446.0,1204.0,1195.0,980.0,572.0,59.0,False
CONTROL__7179__2025112021,7179,2025-11-20 21:00:00,2025-11-20 18:00:00,2025-11-21 00:00:00,NORMAL,GROUP__7179__0066,CONTROL,1854.0,1505.0,1351.0,1325.0,1077.0,814.0,447.0,False
CONTROL__29005__2025030622,29005,2025-03-06 22:00:00,2025-03-06 19:00:00,2025-03-07 01:00:00,NORMAL,GROUP__29005__0019,CONTROL,0.0,0.0,0.0,0.0,0.0,50.0,34.0,False
CONTROL__29005__2025052222,29005,2025-05-22 22:00:00,2025-05-22 19:00:00,2025-05-23 01:00:00,NORMAL,GROUP__29005__0019,CONTROL,103.0,70.0,66.0,51.0,31.0,290.0,147.0,False
CONTROL__29005__2025011622,29005,2025-01-16 22:00:00,2025-01-16 19:00:00,2025-01-17 01:00:00,NORMAL,GROUP__29005__0019,CONTROL,36.0,47.0,19.0,15.0,15.0,0.0,0.0,False
CONTROL__29005__2025091822,29005,2025-09-18 22:00:00,2025-09-18 19:00:00,2025-09-19 01:00:00,NORMAL,GROUP__29005__0019,CONTROL,2321.0,1905.0,1678.0,0.0,704.0,48.0,48.0,False
CONTROL__74228__2025052922,74228,2025-05-29 22:00:00,2025-05-29 19:00:00,2025-05-30 01:00:00,NORMAL,GROUP__74228__0006,CONTROL,58.0,40.0,25.0,23.0,15.0,72.0,31.0,False
CONTROL__74228__2025041022,74228,2025-04-10 22:00:00,2025-04-10 19:00:00,2025-04-11 01:00:00,NORMAL,GROUP__74228__0006,CONTROL,618.0,468.0,365.0,203.0,74.0,0.0,0.0,False
CONTROL__68025__2025042500,68025,2025-04-25 00:00:00,2025-04-24 21:00:00,2025-04-25 03:00:00,NORMAL,GROUP__68025__0030,CONTROL,22.0,21.0,19.0,0.0,0.0,0.0,0.0,False
CONTROL__68025__2025052300,68025,2025-05-23 00:00:00,2025-05-22 21:00:00,2025-05-23 03:00:00,NORMAL,GROUP__68025__0030,CONTROL,16.0,15.0,9.0,14.0,5.0,3.0,12.0,False
CONTROL__7179__2025101703,7179,2025-10-17 03:00:00,2025-10-17 00:00:00,2025-10-17 06:00:00,NORMAL,GROUP__7179__0066,CONTROL,441.0,232.0,204.0,241.0,406.0,895.0,1231.0,False
CONTROL__7179__2025080103,7179,2025-08-01 03:00:00,2025-08-01 00:00:00,2025-08-01 06:00:00,NORMAL,GROUP__7179__0066,CONTROL,325.0,201.0,148.0,208.0,406.0,823.0,1309.0,False
CONTROL__7179__2025060606,7179,2025-06-06 06:00:00,2025-06-06 03:00:00,2025-06-06 09:00:00,NORMAL,GROUP__7179__0066,CONTROL,79.0,113.0,254.0,311.0,321.0,396.0,428.0,False
CONTROL__7179__2025030706,7179,2025-03-07 06:00:00,2025-03-07 03:00:00,2025-03-07 09:00:00,NORMAL,GROUP__7179__0066,CONTROL,0.0,0.0,0.0,0.0,0.0,0.0,0.0,True
CONTROL__F3FWY003__2025102413,F3FWY003,2025-10-24 13:00:00,2025-10-24 10:00:00,2025-10-24 16:00:00,NORMAL,GROUP__F3FWY003__0032,CONTROL,658.0,659.0,632.0,648.0,710.0,709.0,593.0,False
CONTROL__F3FWY003__2025100313,F3FWY003,2025-10-03 13:00:00,2025-10-03 10:00:00,2025-10-03 16:00:00,NORMAL,GROUP__F3FWY003__0032,CONTROL,2999.0,3286.0,3282.0,3175.0,3227.0,3102.0,3192.0,False
CONTROL__F3FWY003__2025041116,F3FWY003,2025-04-11 16:00:00,2025-04-11 13:00:00,2025-04-11 19:00:00,NORMAL,GROUP__F3FWY003__0032,CONTROL,0.0,0.0,0.0,0.0,0.0,0.0,0.0,True
CONTROL__F3FWY003__2025092616,F3FWY003,2025-09-26 16:00:00,2025-09-26 13:00:00,2025-09-26 19:00:00,NORMAL,GROUP__F3FWY003__0032,CONTROL,3072.0,3272.0,3083.0,3457.0,3822.0,1671.0,1673.0,False
CONTROL__7112__2025062801,7112,2025-06-28 01:00:00,2025-06-27 22:00:00,2025-06-28 04:00:00,NORMAL,GROUP__7112__0042,CONTROL,575.0,399.0,239.0,162.0,90.0,81.0,114.0,False
CONTROL__7112__2025101101,7112,2025-10-11 01:00:00,2025-10-10 22:00:00,2025-10-11 04:00:00,NORMAL,GROUP__7112__0042,CONTROL,631.0,466.0,263.0,153.0,121.0,104.0,115.0,False
CONTROL__74230__2025053103,74230,2025-05-31 03:00:00,2025-05-31 00:00:00,2025-05-31 06:00:00,NORMAL,GROUP__74230__0011,CONTROL,22.0,11.0,9.0,10.0,10.0,59.0,76.0,False
CONTROL__74230__2025030103,74230,2025-03-01 03:00:00,2025-03-01 00:00:00,2025-03-01 06:00:00,NORMAL,GROUP__74230__0011,CONTROL,0.0,1.0,2.0,2.0,4.0,3.0,8.0,False
CONTROL__7163__2025092715,7163,2025-09-27 15:00:00,2025-09-27 12:00:00,2025-09-27 18:00:00,NORMAL,GROUP__7163__0028,CONTROL,71.0,61.0,49.0,53.0,47.0,47.0,46.0,False
CONTROL__7163__2025062815,7163,2025-06-28 15:00:00,2025-06-28 12:00:00,2025-06-28 18:00:00,NORMAL,GROUP__7163__0028,CONTROL,0.0,0.0,0.0,0.0,0.0,0.0,0.0,True
CONTROL__68025__2025011817,68025,2025-01-18 17:00:00,2025-01-18 14:00:00,2025-01-18 20:00:00,NORMAL,GROUP__68025__0031,CONTROL,863.0,782.0,777.0,869.0,842.0,772.0,624.0,False
CONTROL__68025__2025051717,68025,2025-05-17 17:00:00,2025-05-17 14:00:00,2025-05-17 20:00:00,NORMAL,GROUP__68025__0031,CONTROL,1181.0,1172.0,1029.0,1116.0,1121.0,827.0,808.0,False
CONTROL__53004__2025072003,53004,2025-07-20 03:00:00,2025-07-20 00:00:00,2025-07-20 06:00:00,NORMAL,GROUP__53004__0028,CONTROL,154.0,112.0,67.0,60.0,70.0,156.0,293.0,False
CONTROL__53004__2025081703,53004,2025-08-17 03:00:00,2025-08-17 00:00:00,2025-08-17 06:00:00,NORMAL,GROUP__53004__0028,CONTROL,158.0,111.0,66.0,53.0,84.0,169.0,324.0,False
CONTROL__F3FWY003__2025033008,F3FWY003,2025-03-30 08:00:00,2025-03-30 05:00:00,2025-03-30 11:00:00,NORMAL,GROUP__F3FWY003__0033,CONTROL,0.0,0.0,0.0,0.0,0.0,0.0,0.0,True
CONTROL__F3FWY003__2025041308,F3FWY003,2025-04-13 08:00:00,2025-04-13 05:00:00,2025-04-13 11:00:00,NORMAL,GROUP__F3FWY003__0033,CONTROL,0.0,0.0,0.0,0.0,0.0,0.0,0.0,True
CONTROL__7248__2025050419,7248,2025-05-04 19:00:00,2025-05-04 16:00:00,2025-05-04 22:00:00,NORMAL,GROUP__7248__0031,CONTROL,1068.0,1274.0,1255.0,868.0,659.0,560.0,530.0,False
CONTROL__7248__2025032319,7248,2025-03-23 19:00:00,2025-03-23 16:00:00,2025-03-23 22:00:00,NORMAL,GROUP__7248__0031,CONTROL,1084.0,1173.0,1121.0,773.0,768.0,712.0,557.0,False
CONTROL__23067__2025092822,23067,2025-09-28 22:00:00,2025-09-28 19:00:00,2025-09-29 01:00:00,NORMAL,GROUP__23067__0026,CONTROL,34.0,38.0,24.0,15.0,19.0,144.0,75.0,False
CONTROL__23067__2025042022,23067,2025-04-20 22:00:00,2025-04-20 19:00:00,2025-04-21 01:00:00,NORMAL,GROUP__23067__0026,CONTROL,34.0,25.0,23.0,24.0,14.0,59.0,54.0,False
CONTROL__7184__2025101301,7184,2025-10-13 01:00:00,2025-10-12 22:00:00,2025-10-13 04:00:00,NORMAL,GROUP__7184__0025,CONTROL,26.0,33.0,149.0,83.0,56.0,97.0,257.0,False
CONTROL__7184__2025032401,7184,2025-03-24 01:00:00,2025-03-23 22:00:00,2025-03-24 04:00:00,NORMAL,GROUP__7184__0025,CONTROL,499.0,231.0,0.0,0.0,0.0,0.0,0.0,False
CONTROL__7120__2025041404,7120,2025-04-14 04:00:00,2025-04-14 01:00:00,2025-04-14 07:00:00,NORMAL,GROUP__7120__0040,CONTROL,14.0,14.0,20.0,30.0,71.0,109.0,94.0,False
CONTROL__7120__2025112404,7120,2025-11-24 04:00:00,2025-11-24 01:00:00,2025-11-24 07:00:00,NORMAL,GROUP__7120__0040,CONTROL,74.0,68.0,81.0,195.0,647.0,730.0,722.0,False
CONTROL__7121__2025110304,7121,2025-11-03 04:00:00,2025-11-03 01:00:00,2025-11-03 07:00:00,NORMAL,GROUP__7121__0040,CONTROL,0.0,0.0,0.0,0.0,0.0,0.0,0.0,True
CONTROL__7121__2025122204,7121,2025-12-22 04:00:00,2025-12-22 01:00:00,2025-12-22 07:00:00,NORMAL,GROUP__7121__0040,CONTROL,0.0,0.0,0.0,0.0,0.0,0.0,0.0,True
CONTROL__7270__2025100606,7270,2025-10-06 06:00:00,2025-10-06 03:00:00,2025-10-06 09:00:00,NORMAL,GROUP__7270__0017,CONTROL,20.0,35.0,35.0,55.0,72.0,59.0,57.0,False
CONTROL__7270__2025092206,7270,2025-09-22 06:00:00,2025-09-22 03:00:00,2025-09-22 09:00:00,NORMAL,GROUP__7270__0017,CONTROL,28.0,96.0,225.0,349.0,205.0,191.0,261.0,False
CONTROL__7179__2025101306,7179,2025-10-13 06:00:00,2025-10-13 03:00:00,2025-10-13 09:00:00,NORMAL,GROUP__7179__0067,CONTROL,183.0,390.0,918.0,1225.0,1690.0,1573.0,1308.0,False
CONTROL__7179__2025100606,7179,2025-10-06 06:00:00,2025-10-06 03:00:00,2025-10-06 09:00:00,NORMAL,GROUP__7179__0067,CONTROL,117.0,115.0,100.0,188.0,200.0,245.0,412.0,False
CONTROL__68025__2025033121,68025,2025-03-31 21:00:00,2025-03-31 18:00:00,2025-04-01 00:00:00,NORMAL,GROUP__68025__0032,CONTROL,0.0,0.0,0.0,0.0,0.0,0.0,147.0,False
CONTROL__68025__2025120821,68025,2025-12-08 21:00:00,2025-12-08 18:00:00,2025-12-09 00:00:00,NORMAL,GROUP__68025__0032,CONTROL,806.0,595.0,528.0,480.0,332.0,197.0,133.0,False
CONTROL__7179__2025102812,7179,2025-10-28 12:00:00,2025-10-28 09:00:00,2025-10-28 15:00:00,NORMAL,GROUP__7179__0068,CONTROL,1336.0,1386.0,1400.0,1488.0,1516.0,1728.0,1978.0,False
CONTROL__7179__2025080512,7179,2025-08-05 12:00:00,2025-08-05 09:00:00,2025-08-05 15:00:00,NORMAL,GROUP__7179__0068,CONTROL,1453.0,1350.0,1369.0,1419.0,1561.0,1751.0,2050.0,False
CONTROL__9834-PR__2025040122,9834-PR,2025-04-01 22:00:00,2025-04-01 19:00:00,2025-04-02 01:00:00,NORMAL,GROUP__9834-PR__0003,CONTROL,0.0,0.0,0.0,0.0,0.0,0.0,0.0,True
CONTROL__9834-PR__2025052722,9834-PR,2025-05-27 22:00:00,2025-05-27 19:00:00,2025-05-28 01:00:00,NORMAL,GROUP__9834-PR__0003,CONTROL,31.0,20.0,7.0,11.0,3.0,4.0,2.0,False
CONTROL__10011__2025112523,10011,2025-11-25 23:00:00,2025-11-25 20:00:00,2025-11-26 02:00:00,NORMAL,GROUP__10011__0031,CONTROL,0.0,0.0,0.0,0.0,0.0,0.0,0.0,True
CONTROL__10011__2025040123,10011,2025-04-01 23:00:00,2025-04-01 20:00:00,2025-04-02 02:00:00,NORMAL,GROUP__10011__0031,CONTROL,0.0,0.0,0.0,0.0,0.0,0.0,0.0,True
CONTROL__7139__2025051323,7139,2025-05-13 23:00:00,2025-05-13 20:00:00,2025-05-14 02:00:00,NORMAL,GROUP__7139__0031,CONTROL,1068.0,972.0,654.0,377.0,12.0,18.0,16.0,False
CONTROL__7139__2025090923,7139,2025-09-09 23:00:00,2025-09-09 20:00:00,2025-09-10 02:00:00,NORMAL,GROUP__7139__0031,CONTROL,64.0,37.0,30.0,20.0,138.0,88.0,61.0,False
CONTROL__7163__2025072300,7163,2025-07-23 00:00:00,2025-07-22 21:00:00,2025-07-23 03:00:00,NORMAL,GROUP__7163__0029,CONTROL,371.0,251.0,121.0,8.0,9.0,10.0,6.0,False
CONTROL__7163__2025080600,7163,2025-08-06 00:00:00,2025-08-05 21:00:00,2025-08-06 03:00:00,NORMAL,GROUP__7163__0029,CONTROL,314.0,523.0,295.0,187.0,112.0,94.0,141.0,False
CONTROL__7163__2025061100,7163,2025-06-11 00:00:00,2025-06-10 21:00:00,2025-06-11 03:00:00,NORMAL,GROUP__7163__0029,CONTROL,312.0,229.0,137.0,70.0,49.0,47.0,47.0,False
CONTROL__7163__2025102900,7163,2025-10-29 00:00:00,2025-10-28 21:00:00,2025-10-29 03:00:00,NORMAL,GROUP__7163__0029,CONTROL,369.0,270.0,154.0,83.0,44.0,45.0,60.0,False
CONTROL__9658__2025122402,9658,2025-12-24 02:00:00,2025-12-23 23:00:00,2025-12-24 05:00:00,NORMAL,GROUP__9658__0024,CONTROL,424.0,21.0,18.0,26.0,16.0,31.0,56.0,False
CONTROL__9658__2025052802,9658,2025-05-28 02:00:00,2025-05-27 23:00:00,2025-05-28 05:00:00,NORMAL,GROUP__9658__0024,CONTROL,39.0,131.0,94.0,74.0,64.0,185.0,535.0,False
CONTROL__7112__2025061106,7112,2025-06-11 06:00:00,2025-06-11 03:00:00,2025-06-11 09:00:00,NORMAL,GROUP__7112__0043,CONTROL,90.0,226.0,841.0,1503.0,1405.0,1306.0,1001.0,False
CONTROL__7112__2025070206,7112,2025-07-02 06:00:00,2025-07-02 03:00:00,2025-07-02 09:00:00,NORMAL,GROUP__7112__0043,CONTROL,67.0,187.0,761.0,1287.0,1094.0,0.0,0.0,False
CONTROL__50240__2025091007,50240,2025-09-10 07:00:00,2025-09-10 04:00:00,2025-09-10 10:00:00,NORMAL,GROUP__50240__0037,CONTROL,718.0,2017.0,2485.0,2461.0,2304.0,2065.0,1825.0,False
CONTROL__50240__2025071607,50240,2025-07-16 07:00:00,2025-07-16 04:00:00,2025-07-16 10:00:00,NORMAL,GROUP__50240__0037,CONTROL,77.0,176.0,317.0,272.0,311.0,370.0,405.0,False
CONTROL__7179__2025020508,7179,2025-02-05 08:00:00,2025-02-05 05:00:00,2025-02-05 11:00:00,NORMAL,GROUP__7179__0069,CONTROL,0.0,0.0,0.0,0.0,0.0,0.0,0.0,True
CONTROL__7179__2025032608,7179,2025-03-26 08:00:00,2025-03-26 05:00:00,2025-03-26 11:00:00,NORMAL,GROUP__7179__0069,CONTROL,0.0,0.0,0.0,0.0,0.0,0.0,0.0,True
CONTROL__7164__2025082022,7164,2025-08-20 22:00:00,2025-08-20 19:00:00,2025-08-21 01:00:00,NORMAL,GROUP__7164__0014,CONTROL,40.0,38.0,14.0,15.0,16.0,13.0,11.0,False
CONTROL__7164__2025102222,7164,2025-10-22 22:00:00,2025-10-22 19:00:00,2025-10-23 01:00:00,NORMAL,GROUP__7164__0014,CONTROL,564.0,508.0,312.0,331.0,198.0,22.0,18.0,False
CONTROL__53004__2025011603,53004,2025-01-16 03:00:00,2025-01-16 00:00:00,2025-01-16 06:00:00,NORMAL,GROUP__53004__0029,CONTROL,0.0,0.0,0.0,0.0,170.0,581.0,1279.0,False
CONTROL__53004__2025100203,53004,2025-10-02 03:00:00,2025-10-02 00:00:00,2025-10-02 06:00:00,NORMAL,GROUP__53004__0029,CONTROL,203.0,67.0,51.0,46.0,103.0,283.0,622.0,False
CONTROL__7248__2025071704,7248,2025-07-17 04:00:00,2025-07-17 01:00:00,2025-07-17 07:00:00,NORMAL,GROUP__7248__0032,CONTROL,54.0,59.0,75.0,126.0,245.0,323.0,233.0,False
CONTROL__7248__2025011604,7248,2025-01-16 04:00:00,2025-01-16 01:00:00,2025-01-16 07:00:00,NORMAL,GROUP__7248__0032,CONTROL,139.0,84.0,140.0,320.0,1106.0,1340.0,1243.0,False
CONTROL__33014__2025060513,33014,2025-06-05 13:00:00,2025-06-05 10:00:00,2025-06-05 16:00:00,NORMAL,GROUP__33014__0038,CONTROL,1212.0,1161.0,1297.0,1311.0,1378.0,1467.0,1737.0,False
CONTROL__33014__2025041013,33014,2025-04-10 13:00:00,2025-04-10 10:00:00,2025-04-10 16:00:00,NORMAL,GROUP__33014__0038,CONTROL,219.0,180.0,176.0,172.0,174.0,156.0,146.0,False
CONTROL__7159__2025031321,7159,2025-03-13 21:00:00,2025-03-13 18:00:00,2025-03-14 00:00:00,NORMAL,GROUP__7159__0010,CONTROL,87.0,59.0,51.0,51.0,32.0,42.0,198.0,False
CONTROL__7159__2025011621,7159,2025-01-16 21:00:00,2025-01-16 18:00:00,2025-01-17 00:00:00,NORMAL,GROUP__7159__0010,CONTROL,1076.0,815.0,702.0,667.0,657.0,402.0,0.0,False
CONTROL__7163__2025102321,7163,2025-10-23 21:00:00,2025-10-23 18:00:00,2025-10-24 00:00:00,NORMAL,GROUP__7163__0030,CONTROL,71.0,57.0,37.0,37.0,26.0,23.0,140.0,False
CONTROL__7163__2025091821,7163,2025-09-18 21:00:00,2025-09-18 18:00:00,2025-09-19 00:00:00,NORMAL,GROUP__7163__0030,CONTROL,699.0,541.0,468.0,429.0,328.0,221.0,125.0,False
CONTROL__33014__2025050823,33014,2025-05-08 23:00:00,2025-05-08 20:00:00,2025-05-09 02:00:00,NORMAL,GROUP__33014__0039,CONTROL,42.0,38.0,31.0,34.0,8.0,14.0,10.0,False
CONTROL__33014__2025122523,33014,2025-12-25 23:00:00,2025-12-25 20:00:00,2025-12-26 02:00:00,NORMAL,GROUP__33014__0039,CONTROL,0.0,0.0,0.0,0.0,0.0,0.0,0.0,True
CONTROL__7179__2025071023,7179,2025-07-10 23:00:00,2025-07-10 20:00:00,2025-07-11 02:00:00,NORMAL,GROUP__7179__0070,CONTROL,1217.0,1223.0,891.0,542.0,356.0,179.0,158.0,False
CONTROL__7179__2025121123,7179,2025-12-11 23:00:00,2025-12-11 20:00:00,2025-12-12 02:00:00,NORMAL,GROUP__7179__0070,CONTROL,140.0,158.0,97.0,77.0,492.0,252.0,163.0,False
CONTROL__9849__2025082207,9849,2025-08-22 07:00:00,2025-08-22 04:00:00,2025-08-22 10:00:00,NORMAL,GROUP__9849__0008,CONTROL,59.0,214.0,606.0,784.0,860.0,624.0,565.0,False
CONTROL__9849__2025071107,9849,2025-07-11 07:00:00,2025-07-11 04:00:00,2025-07-11 10:00:00,NORMAL,GROUP__9849__0008,CONTROL,69.0,219.0,697.0,563.0,652.0,619.0,622.0,False
CONTROL__7274__2025120602,7274,2025-12-06 02:00:00,2025-12-05 23:00:00,2025-12-06 05:00:00,NORMAL,GROUP__7274__0021,CONTROL,30.0,27.0,20.0,17.0,10.0,27.0,52.0,False
CONTROL__7274__2025062802,7274,2025-06-28 02:00:00,2025-06-27 23:00:00,2025-06-28 05:00:00,NORMAL,GROUP__7274__0021,CONTROL,295.0,157.0,91.0,92.0,82.0,157.0,225.0,False
CONTROL__68025__2025102504,68025,2025-10-25 04:00:00,2025-10-25 01:00:00,2025-10-25 07:00:00,NORMAL,GROUP__68025__0033,CONTROL,5.0,4.0,6.0,7.0,10.0,44.0,40.0,False
CONTROL__68025__2025020104,68025,2025-02-01 04:00:00,2025-02-01 01:00:00,2025-02-01 07:00:00,NORMAL,GROUP__68025__0033,CONTROL,0.0,0.0,0.0,0.0,0.0,0.0,0.0,True
CONTROL__53004__2025020805,53004,2025-02-08 05:00:00,2025-02-08 02:00:00,2025-02-08 08:00:00,NORMAL,GROUP__53004__0030,CONTROL,0.0,0.0,0.0,0.0,0.0,0.0,0.0,True
CONTROL__53004__2025101805,53004,2025-10-18 05:00:00,2025-10-18 02:00:00,2025-10-18 08:00:00,NORMAL,GROUP__53004__0030,CONTROL,8.0,12.0,14.0,26.0,38.0,61.0,61.0,False
CONTROL__F3FWY001__2025060101,F3FWY001,2025-06-01 01:00:00,2025-05-31 22:00:00,2025-06-01 04:00:00,NORMAL,GROUP__F3FWY001__0008,CONTROL,1298.0,951.0,463.0,203.0,119.0,92.0,167.0,False
CONTROL__F3FWY001__2025110201,F3FWY001,2025-11-02 01:00:00,2025-11-01 22:00:00,2025-11-02 04:00:00,NORMAL,GROUP__F3FWY001__0008,CONTROL,1022.0,768.0,501.0,231.0,148.0,123.0,251.0,False
CONTROL__7112__2025010505,7112,2025-01-05 05:00:00,2025-01-05 02:00:00,2025-01-05 08:00:00,NORMAL,GROUP__7112__0044,CONTROL,0.0,90.0,103.0,181.0,381.0,404.0,585.0,False
CONTROL__7112__2025122105,7112,2025-12-21 05:00:00,2025-12-21 02:00:00,2025-12-21 08:00:00,NORMAL,GROUP__7112__0044,CONTROL,138.0,88.0,120.0,271.0,483.0,516.0,670.0,False
CONTROL__10011__2025080317,10011,2025-08-03 17:00:00,2025-08-03 14:00:00,2025-08-03 20:00:00,NORMAL,GROUP__10011__0032,CONTROL,0.0,0.0,0.0,0.0,0.0,0.0,0.0,True
CONTROL__10011__2025122117,10011,2025-12-21 17:00:00,2025-12-21 14:00:00,2025-12-21 20:00:00,NORMAL,GROUP__10011__0032,CONTROL,0.0,0.0,0.0,0.0,0.0,0.0,0.0,True
CONTROL__7139__2025120717,7139,2025-12-07 17:00:00,2025-12-07 14:00:00,2025-12-07 20:00:00,NORMAL,GROUP__7139__0032,CONTROL,107.0,134.0,142.0,123.0,115.0,79.0,78.0,False
CONTROL__7139__2025111617,7139,2025-11-16 17:00:00,2025-11-16 14:00:00,2025-11-16 20:00:00,NORMAL,GROUP__7139__0032,CONTROL,2555.0,2692.0,2885.0,2888.0,2424.0,1902.0,1653.0,False
CONTROL__7179__2025092821,7179,2025-09-28 21:00:00,2025-09-28 18:00:00,2025-09-29 00:00:00,NORMAL,GROUP__7179__0071,CONTROL,125.0,107.0,107.0,81.0,68.0,53.0,315.0,False
CONTROL__7179__2025102621,7179,2025-10-26 21:00:00,2025-10-26 18:00:00,2025-10-27 00:00:00,NORMAL,GROUP__7179__0071,CONTROL,119.0,93.0,119.0,82.0,70.0,56.0,359.0,False
CONTROL__7163__2025091502,7163,2025-09-15 02:00:00,2025-09-14 23:00:00,2025-09-15 05:00:00,NORMAL,GROUP__7163__0031,CONTROL,101.0,20.0,9.0,5.0,8.0,18.0,47.0,False
CONTROL__7163__2025033102,7163,2025-03-31 02:00:00,2025-03-30 23:00:00,2025-03-31 05:00:00,NORMAL,GROUP__7163__0031,CONTROL,114.0,9.0,7.0,4.0,9.0,23.0,98.0,False
CONTROL__7153__2025101305,7153,2025-10-13 05:00:00,2025-10-13 02:00:00,2025-10-13 08:00:00,NORMAL,GROUP__7153__0022,CONTROL,61.0,96.0,235.0,935.0,1361.0,1548.0,1510.0,False
CONTROL__7153__2025120105,7153,2025-12-01 05:00:00,2025-12-01 02:00:00,2025-12-01 08:00:00,NORMAL,GROUP__7153__0022,CONTROL,45.0,60.0,76.0,197.0,332.0,276.0,268.0,False
CONTROL__F3FWY003__2025033112,F3FWY003,2025-03-31 12:00:00,2025-03-31 09:00:00,2025-03-31 15:00:00,NORMAL,GROUP__F3FWY003__0034,CONTROL,0.0,0.0,0.0,0.0,0.0,0.0,0.0,True
CONTROL__F3FWY003__2025102012,F3FWY003,2025-10-20 12:00:00,2025-10-20 09:00:00,2025-10-20 15:00:00,NORMAL,GROUP__F3FWY003__0034,CONTROL,1729.0,2114.0,1969.0,1825.0,1875.0,2253.0,2699.0,False
CONTROL__7274__2025121520,7274,2025-12-15 20:00:00,2025-12-15 17:00:00,2025-12-15 23:00:00,NORMAL,GROUP__7274__0022,CONTROL,100.0,65.0,50.0,45.0,46.0,33.0,32.0,False
CONTROL__7274__2025033120,7274,2025-03-31 20:00:00,2025-03-31 17:00:00,2025-03-31 23:00:00,NORMAL,GROUP__7274__0022,CONTROL,0.0,0.0,0.0,0.0,0.0,0.0,0.0,True
CONTROL__7112__2025060920,7112,2025-06-09 20:00:00,2025-06-09 17:00:00,2025-06-09 23:00:00,NORMAL,GROUP__7112__0045,CONTROL,0.0,0.0,0.0,0.0,0.0,0.0,0.0,True
CONTROL__7112__2025021020,7112,2025-02-10 20:00:00,2025-02-10 17:00:00,2025-02-10 23:00:00,NORMAL,GROUP__7112__0045,CONTROL,0.0,0.0,0.0,0.0,0.0,0.0,0.0,True
CONTROL__34016__2025071506,34016,2025-07-15 06:00:00,2025-07-15 03:00:00,2025-07-15 09:00:00,NORMAL,GROUP__34016__0007,CONTROL,0.0,1.0,4.0,3.0,7.0,2.0,4.0,False
CONTROL__34016__2025041506,34016,2025-04-15 06:00:00,2025-04-15 03:00:00,2025-04-15 09:00:00,NORMAL,GROUP__34016__0007,CONTROL,0.0,3.0,4.0,4.0,5.0,4.0,7.0,False
CONTROL__68025__2025081218,68025,2025-08-12 18:00:00,2025-08-12 15:00:00,2025-08-12 21:00:00,NORMAL,GROUP__68025__0034,CONTROL,880.0,997.0,1028.0,869.0,659.0,474.0,400.0,False
CONTROL__68025__2025012118,68025,2025-01-21 18:00:00,2025-01-21 15:00:00,2025-01-21 21:00:00,NORMAL,GROUP__68025__0034,CONTROL,61.0,51.0,36.0,24.0,19.0,18.0,22.0,False
CONTROL__7153__2025040120,7153,2025-04-01 20:00:00,2025-04-01 17:00:00,2025-04-01 23:00:00,NORMAL,GROUP__7153__0023,CONTROL,9.0,0.0,0.0,0.0,0.0,0.0,0.0,False
CONTROL__7153__2025031820,7153,2025-03-18 20:00:00,2025-03-18 17:00:00,2025-03-18 23:00:00,NORMAL,GROUP__7153__0023,CONTROL,0.0,0.0,0.0,0.0,0.0,0.0,0.0,True
CONTROL__7112__2025122401,7112,2025-12-24 01:00:00,2025-12-23 22:00:00,2025-12-24 04:00:00,NORMAL,GROUP__7112__0046,CONTROL,40.0,20.0,21.0,18.0,21.0,33.0,49.0,False
CONTROL__7112__2025100101,7112,2025-10-01 01:00:00,2025-09-30 22:00:00,2025-10-01 04:00:00,NORMAL,GROUP__7112__0046,CONTROL,479.0,300.0,165.0,93.0,66.0,84.0,224.0,False
CONTROL__7270__2025100802,7270,2025-10-08 02:00:00,2025-10-07 23:00:00,2025-10-08 05:00:00,NORMAL,GROUP__7270__0018,CONTROL,256.0,38.0,28.0,35.0,56.0,106.0,264.0,False
CONTROL__7270__2025043002,7270,2025-04-30 02:00:00,2025-04-29 23:00:00,2025-04-30 05:00:00,NORMAL,GROUP__7270__0018,CONTROL,265.0,164.0,96.0,67.0,111.0,339.0,1181.0,False
CONTROL__7119-PR__2025061806,7119-PR,2025-06-18 06:00:00,2025-06-18 03:00:00,2025-06-18 09:00:00,NORMAL,GROUP__7119-PR__0011,CONTROL,8.0,14.0,52.0,98.0,100.0,98.0,105.0,False
CONTROL__7119-PR__2025052806,7119-PR,2025-05-28 06:00:00,2025-05-28 03:00:00,2025-05-28 09:00:00,NORMAL,GROUP__7119-PR__0011,CONTROL,51.0,81.0,224.0,549.0,575.0,628.0,569.0,False
CONTROL__68025__2025041620,68025,2025-04-16 20:00:00,2025-04-16 17:00:00,2025-04-16 23:00:00,NORMAL,GROUP__68025__0035,CONTROL,87.0,73.0,28.0,36.0,30.0,25.0,12.0,False
CONTROL__68025__2025022620,68025,2025-02-26 20:00:00,2025-02-26 17:00:00,2025-02-26 23:00:00,NORMAL,GROUP__68025__0035,CONTROL,0.0,0.0,0.0,0.0,0.0,0.0,0.0,True
CONTROL__7112__2025100120,7112,2025-10-01 20:00:00,2025-10-01 17:00:00,2025-10-01 23:00:00,NORMAL,GROUP__7112__0047,CONTROL,1381.0,1259.0,914.0,796.0,711.0,470.0,274.0,False
CONTROL__7112__2025091720,7112,2025-09-17 20:00:00,2025-09-17 17:00:00,2025-09-17 23:00:00,NORMAL,GROUP__7112__0047,CONTROL,1361.0,1133.0,896.0,775.0,623.0,445.0,234.0,False
CONTROL__51235__2025120322,51235,2025-12-03 22:00:00,2025-12-03 19:00:00,2025-12-04 01:00:00,NORMAL,GROUP__51235__0035,CONTROL,78.0,72.0,56.0,42.0,26.0,27.0,19.0,False
CONTROL__51235__2025030522,51235,2025-03-05 22:00:00,2025-03-05 19:00:00,2025-03-06 01:00:00,NORMAL,GROUP__51235__0035,CONTROL,90.0,60.0,43.0,35.0,22.0,19.0,9.0,False
CONTROL__74230__2025072406,74230,2025-07-24 06:00:00,2025-07-24 03:00:00,2025-07-24 09:00:00,NORMAL,GROUP__74230__0012,CONTROL,0.0,0.0,0.0,0.0,0.0,0.0,0.0,True
CONTROL__74230__2025090406,74230,2025-09-04 06:00:00,2025-09-04 03:00:00,2025-09-04 09:00:00,NORMAL,GROUP__74230__0012,CONTROL,1.0,4.0,9.0,12.0,20.0,20.0,18.0,False
CONTROL__7248__2025010906,7248,2025-01-09 06:00:00,2025-01-09 03:00:00,2025-01-09 09:00:00,NORMAL,GROUP__7248__0033,CONTROL,138.0,318.0,921.0,1194.0,1277.0,1185.0,997.0,False
CONTROL__7248__2025032006,7248,2025-03-20 06:00:00,2025-03-20 03:00:00,2025-03-20 09:00:00,NORMAL,GROUP__7248__0033,CONTROL,171.0,380.0,1219.0,1254.0,1261.0,1098.0,1001.0,False
CONTROL__53004__2025090422,53004,2025-09-04 22:00:00,2025-09-04 19:00:00,2025-09-05 01:00:00,NORMAL,GROUP__53004__0031,CONTROL,48.0,36.0,22.0,12.0,21.0,15.0,10.0,False
CONTROL__53004__2025011622,53004,2025-01-16 22:00:00,2025-01-16 19:00:00,2025-01-17 01:00:00,NORMAL,GROUP__53004__0031,CONTROL,696.0,508.0,454.0,320.0,169.0,0.0,0.0,False
CONTROL__74230__2025110705,74230,2025-11-07 05:00:00,2025-11-07 02:00:00,2025-11-07 08:00:00,NORMAL,GROUP__74230__0013,CONTROL,64.0,97.0,279.0,562.0,601.0,872.0,827.0,False
CONTROL__74230__2025050905,74230,2025-05-09 05:00:00,2025-05-09 02:00:00,2025-05-09 08:00:00,NORMAL,GROUP__74230__0013,CONTROL,9.0,16.0,41.0,137.0,226.0,268.0,270.0,False
CONTROL__47024__2025112107,47024,2025-11-21 07:00:00,2025-11-21 04:00:00,2025-11-21 10:00:00,NORMAL,GROUP__47024__0014,CONTROL,110.0,185.0,251.0,256.0,240.0,294.0,236.0,False
CONTROL__47024__2025011707,47024,2025-01-17 07:00:00,2025-01-17 04:00:00,2025-01-17 10:00:00,NORMAL,GROUP__47024__0014,CONTROL,0.0,0.0,0.0,0.0,0.0,0.0,0.0,True
CONTROL__51235__2025070407,51235,2025-07-04 07:00:00,2025-07-04 04:00:00,2025-07-04 10:00:00,NORMAL,GROUP__51235__0036,CONTROL,50.0,58.0,115.0,156.0,161.0,151.0,189.0,False
CONTROL__51235__2025103107,51235,2025-10-31 07:00:00,2025-10-31 04:00:00,2025-10-31 10:00:00,NORMAL,GROUP__51235__0036,CONTROL,345.0,1194.0,2280.0,2124.0,2240.0,1916.0,1654.0,False
CONTROL__29005__2025092608,29005,2025-09-26 08:00:00,2025-09-26 05:00:00,2025-09-26 11:00:00,NORMAL,GROUP__29005__0020,CONTROL,168.0,366.0,359.0,295.0,365.0,351.0,455.0,False
CONTROL__29005__2025012408,29005,2025-01-24 08:00:00,2025-01-24 05:00:00,2025-01-24 11:00:00,NORMAL,GROUP__29005__0020,CONTROL,0.0,0.0,0.0,0.0,0.0,0.0,0.0,True
CONTROL__7120__2025071810,7120,2025-07-18 10:00:00,2025-07-18 07:00:00,2025-07-18 13:00:00,NORMAL,GROUP__7120__0041,CONTROL,118.0,106.0,100.0,99.0,90.0,77.0,82.0,False
CONTROL__7120__2025061310,7120,2025-06-13 10:00:00,2025-06-13 07:00:00,2025-06-13 13:00:00,NORMAL,GROUP__7120__0041,CONTROL,102.0,83.0,86.0,92.0,79.0,91.0,83.0,False
CONTROL__7121__2025030710,7121,2025-03-07 10:00:00,2025-03-07 07:00:00,2025-03-07 13:00:00,NORMAL,GROUP__7121__0041,CONTROL,0.0,0.0,0.0,0.0,0.0,0.0,0.0,True
CONTROL__7121__2025082910,7121,2025-08-29 10:00:00,2025-08-29 07:00:00,2025-08-29 13:00:00,NORMAL,GROUP__7121__0041,CONTROL,313.0,394.0,406.0,392.0,477.0,545.0,515.0,False
CONTROL__7120__2025122610,7120,2025-12-26 10:00:00,2025-12-26 07:00:00,2025-12-26 13:00:00,NORMAL,GROUP__7120__0041,CONTROL,0.0,0.0,0.0,0.0,0.0,0.0,0.0,True
CONTROL__7120__2025041810,7120,2025-04-18 10:00:00,2025-04-18 07:00:00,2025-04-18 13:00:00,NORMAL,GROUP__7120__0041,CONTROL,432.0,582.0,678.0,676.0,669.0,641.0,696.0,False
CONTROL__7121__2025013110,7121,2025-01-31 10:00:00,2025-01-31 07:00:00,2025-01-31 13:00:00,NORMAL,GROUP__7121__0041,CONTROL,0.0,0.0,0.0,0.0,0.0,0.0,0.0,True
CONTROL__7121__2025070410,7121,2025-07-04 10:00:00,2025-07-04 07:00:00,2025-07-04 13:00:00,NORMAL,GROUP__7121__0041,CONTROL,21.0,27.0,32.0,56.0,52.0,61.0,65.0,False
CONTROL__F3FWY003__2025030713,F3FWY003,2025-03-07 13:00:00,2025-03-07 10:00:00,2025-03-07 16:00:00,NORMAL,GROUP__F3FWY003__0035,CONTROL,0.0,0.0,0.0,0.0,0.0,0.0,0.0,True
CONTROL__F3FWY003__2025080113,F3FWY003,2025-08-01 13:00:00,2025-08-01 10:00:00,2025-08-01 16:00:00,NORMAL,GROUP__F3FWY003__0035,CONTROL,522.0,547.0,520.0,580.0,617.0,562.0,596.0,False
CONTROL__7179__2025092700,7179,2025-09-27 00:00:00,2025-09-26 21:00:00,2025-09-27 03:00:00,NORMAL,GROUP__7179__0072,CONTROL,1172.0,1299.0,1013.0,52.0,28.0,42.0,36.0,False
CONTROL__7179__2025081600,7179,2025-08-16 00:00:00,2025-08-15 21:00:00,2025-08-16 03:00:00,NORMAL,GROUP__7179__0072,CONTROL,1154.0,1160.0,927.0,59.0,43.0,27.0,31.0,False
CONTROL__7184__2025071907,7184,2025-07-19 07:00:00,2025-07-19 04:00:00,2025-07-19 10:00:00,NORMAL,GROUP__7184__0026,CONTROL,129.0,371.0,681.0,1180.0,1667.0,2394.0,2788.0,False
CONTROL__7184__2025071207,7184,2025-07-12 07:00:00,2025-07-12 04:00:00,2025-07-12 10:00:00,NORMAL,GROUP__7184__0026,CONTROL,131.0,315.0,700.0,1190.0,1633.0,2297.0,2683.0,False
CONTROL__7248__2025092102,7248,2025-09-21 02:00:00,2025-09-20 23:00:00,2025-09-21 05:00:00,NORMAL,GROUP__7248__0034,CONTROL,503.0,41.0,29.0,29.0,30.0,32.0,39.0,False
CONTROL__7248__2025041302,7248,2025-04-13 02:00:00,2025-04-12 23:00:00,2025-04-13 05:00:00,NORMAL,GROUP__7248__0034,CONTROL,441.0,307.0,197.0,149.0,112.0,103.0,279.0,False
CONTROL__68025__2025083104,68025,2025-08-31 04:00:00,2025-08-31 01:00:00,2025-08-31 07:00:00,NORMAL,GROUP__68025__0036,CONTROL,6.0,4.0,6.0,7.0,8.0,4.0,9.0,False
CONTROL__68025__2025113004,68025,2025-11-30 04:00:00,2025-11-30 01:00:00,2025-11-30 07:00:00,NORMAL,GROUP__68025__0036,CONTROL,5.0,3.0,2.0,4.0,9.0,12.0,14.0,False
CONTROL__74228__2025121503,74228,2025-12-15 03:00:00,2025-12-15 00:00:00,2025-12-15 06:00:00,NORMAL,GROUP__74228__0007,CONTROL,7.0,2.0,5.0,4.0,16.0,32.0,88.0,False
CONTROL__74228__2025032403,74228,2025-03-24 03:00:00,2025-03-24 00:00:00,2025-03-24 06:00:00,NORMAL,GROUP__74228__0007,CONTROL,36.0,20.0,22.0,31.0,108.0,497.0,1275.0,False
CONTROL__53004__2025032504,53004,2025-03-25 04:00:00,2025-03-25 01:00:00,2025-03-25 07:00:00,NORMAL,GROUP__53004__0032,CONTROL,34.0,24.0,55.0,192.0,719.0,1464.0,2410.0,False
CONTROL__53004__2025022504,53004,2025-02-25 04:00:00,2025-02-25 01:00:00,2025-02-25 07:00:00,NORMAL,GROUP__53004__0032,CONTROL,0.0,0.0,0.0,0.0,0.0,0.0,0.0,True
CONTROL__7274__2025010704,7274,2025-01-07 04:00:00,2025-01-07 01:00:00,2025-01-07 07:00:00,NORMAL,GROUP__7274__0023,CONTROL,12.0,17.0,21.0,31.0,76.0,115.0,135.0,False
CONTROL__7274__2025100704,7274,2025-10-07 04:00:00,2025-10-07 01:00:00,2025-10-07 07:00:00,NORMAL,GROUP__7274__0023,CONTROL,64.0,70.0,121.0,261.0,566.0,989.0,987.0,False
CONTROL__7179__2025020405,7179,2025-02-04 05:00:00,2025-02-04 02:00:00,2025-02-04 08:00:00,NORMAL,GROUP__7179__0073,CONTROL,0.0,0.0,0.0,0.0,0.0,0.0,0.0,True
CONTROL__7179__2025070105,7179,2025-07-01 05:00:00,2025-07-01 02:00:00,2025-07-01 08:00:00,NORMAL,GROUP__7179__0073,CONTROL,138.0,208.0,367.0,844.0,1203.0,1543.0,1613.0,False
CONTROL__7112__2025100709,7112,2025-10-07 09:00:00,2025-10-07 06:00:00,2025-10-07 12:00:00,NORMAL,GROUP__7112__0048,CONTROL,243.0,237.0,260.0,221.0,241.0,208.0,209.0,False
CONTROL__7112__2025092309,7112,2025-09-23 09:00:00,2025-09-23 06:00:00,2025-09-23 12:00:00,NORMAL,GROUP__7112__0048,CONTROL,1569.0,1369.0,1293.0,1068.0,911.0,928.0,1079.0,False
CONTROL__7112__2025040809,7112,2025-04-08 09:00:00,2025-04-08 06:00:00,2025-04-08 12:00:00,NORMAL,GROUP__7112__0048,CONTROL,169.0,132.0,148.0,148.0,133.0,109.0,132.0,False
CONTROL__7112__2025042909,7112,2025-04-29 09:00:00,2025-04-29 06:00:00,2025-04-29 12:00:00,NORMAL,GROUP__7112__0048,CONTROL,1559.0,1365.0,1256.0,971.0,881.0,949.0,994.0,False
CONTROL__9836-PR__2025090921,9836-PR,2025-09-09 21:00:00,2025-09-09 18:00:00,2025-09-10 00:00:00,NORMAL,GROUP__9836-PR__0005,CONTROL,93.0,49.0,49.0,46.0,35.0,12.0,18.0,False
CONTROL__9836-PR__2025021821,9836-PR,2025-02-18 21:00:00,2025-02-18 18:00:00,2025-02-19 00:00:00,NORMAL,GROUP__9836-PR__0005,CONTROL,0.0,0.0,0.0,0.0,0.0,0.0,0.0,True
CONTROL__7163__2025082002,7163,2025-08-20 02:00:00,2025-08-19 23:00:00,2025-08-20 05:00:00,NORMAL,GROUP__7163__0032,CONTROL,18.0,7.0,7.0,7.0,11.0,14.0,39.0,False
CONTROL__7163__2025012902,7163,2025-01-29 02:00:00,2025-01-28 23:00:00,2025-01-29 05:00:00,NORMAL,GROUP__7163__0032,CONTROL,187.0,83.0,68.0,52.0,59.0,108.0,316.0,False
CONTROL__33014__2025070207,33014,2025-07-02 07:00:00,2025-07-02 04:00:00,2025-07-02 10:00:00,NORMAL,GROUP__33014__0040,CONTROL,0.0,0.0,0.0,0.0,0.0,0.0,0.0,True
CONTROL__33014__2025061107,33014,2025-06-11 07:00:00,2025-06-11 04:00:00,2025-06-11 10:00:00,NORMAL,GROUP__33014__0040,CONTROL,92.0,279.0,755.0,1060.0,1131.0,1127.0,1193.0,False
CONTROL__7120__2025051410,7120,2025-05-14 10:00:00,2025-05-14 07:00:00,2025-05-14 13:00:00,NORMAL,GROUP__7120__0042,CONTROL,711.0,652.0,695.0,674.0,722.0,656.0,641.0,False
CONTROL__7120__2025090310,7120,2025-09-03 10:00:00,2025-09-03 07:00:00,2025-09-03 13:00:00,NORMAL,GROUP__7120__0042,CONTROL,94.0,94.0,91.0,112.0,93.0,96.0,94.0,False
CONTROL__7121__2025121010,7121,2025-12-10 10:00:00,2025-12-10 07:00:00,2025-12-10 13:00:00,NORMAL,GROUP__7121__0042,CONTROL,70.0,88.0,83.0,77.0,105.0,100.0,124.0,False
CONTROL__7121__2025123110,7121,2025-12-31 10:00:00,2025-12-31 07:00:00,2025-12-31 13:00:00,NORMAL,GROUP__7121__0042,CONTROL,11.0,17.0,16.0,23.0,17.0,22.0,13.0,False
CONTROL__51235__2025021922,51235,2025-02-19 22:00:00,2025-02-19 19:00:00,2025-02-20 01:00:00,NORMAL,GROUP__51235__0037,CONTROL,0.0,0.0,0.0,0.0,0.0,0.0,0.0,True
CONTROL__51235__2025090322,51235,2025-09-03 22:00:00,2025-09-03 19:00:00,2025-09-04 01:00:00,NORMAL,GROUP__51235__0037,CONTROL,76.0,56.0,37.0,37.0,21.0,24.0,23.0,False
CONTROL__7164__2025013000,7164,2025-01-30 00:00:00,2025-01-29 21:00:00,2025-01-30 03:00:00,NORMAL,GROUP__7164__0015,CONTROL,0.0,0.0,0.0,82.0,63.0,50.0,46.0,False
CONTROL__7164__2025061200,7164,2025-06-12 00:00:00,2025-06-11 21:00:00,2025-06-12 03:00:00,NORMAL,GROUP__7164__0015,CONTROL,39.0,27.0,29.0,88.0,64.0,44.0,45.0,False
CONTROL__50240__2025052904,50240,2025-05-29 04:00:00,2025-05-29 01:00:00,2025-05-29 07:00:00,NORMAL,GROUP__50240__0038,CONTROL,55.0,45.0,55.0,78.0,180.0,328.0,256.0,False
CONTROL__50240__2025081404,50240,2025-08-14 04:00:00,2025-08-14 01:00:00,2025-08-14 07:00:00,NORMAL,GROUP__50240__0038,CONTROL,42.0,27.0,47.0,77.0,170.0,341.0,298.0,False
CONTROL__51235__2025071004,51235,2025-07-10 04:00:00,2025-07-10 01:00:00,2025-07-10 07:00:00,NORMAL,GROUP__51235__0037,CONTROL,111.0,87.0,127.0,326.0,1051.0,2177.0,1947.0,False
CONTROL__51235__2025081404,51235,2025-08-14 04:00:00,2025-08-14 01:00:00,2025-08-14 07:00:00,NORMAL,GROUP__51235__0037,CONTROL,75.0,71.0,108.0,366.0,1145.0,2244.0,2120.0,False
CONTROL__7179__2025062606,7179,2025-06-26 06:00:00,2025-06-26 03:00:00,2025-06-26 09:00:00,NORMAL,GROUP__7179__0074,CONTROL,234.0,410.0,921.0,1311.0,1580.0,1636.0,1419.0,False
CONTROL__7179__2025071006,7179,2025-07-10 06:00:00,2025-07-10 03:00:00,2025-07-10 09:00:00,NORMAL,GROUP__7179__0074,CONTROL,202.0,371.0,867.0,1200.0,1216.0,1463.0,1491.0,False
CONTROL__7179__2025102306,7179,2025-10-23 06:00:00,2025-10-23 03:00:00,2025-10-23 09:00:00,NORMAL,GROUP__7179__0074,CONTROL,217.0,432.0,962.0,1268.0,1490.0,1551.0,1430.0,False
CONTROL__7179__2025120406,7179,2025-12-04 06:00:00,2025-12-04 03:00:00,2025-12-04 09:00:00,NORMAL,GROUP__7179__0074,CONTROL,247.0,433.0,939.0,1252.0,1452.0,1510.0,1322.0,False
CONTROL__7164__2025121808,7164,2025-12-18 08:00:00,2025-12-18 05:00:00,2025-12-18 11:00:00,NORMAL,GROUP__7164__0016,CONTROL,380.0,639.0,828.0,964.0,866.0,552.0,588.0,False
CONTROL__7164__2025041708,7164,2025-04-17 08:00:00,2025-04-17 05:00:00,2025-04-17 11:00:00,NORMAL,GROUP__7164__0016,CONTROL,37.0,97.0,80.0,89.0,105.0,76.0,74.0,False
CONTROL__7119-PR__2025060511,7119-PR,2025-06-05 11:00:00,2025-06-05 08:00:00,2025-06-05 14:00:00,NORMAL,GROUP__7119-PR__0012,CONTROL,1267.0,1135.0,923.0,793.0,781.0,801.0,885.0,False
CONTROL__7119-PR__2025112011,7119-PR,2025-11-20 11:00:00,2025-11-20 08:00:00,2025-11-20 14:00:00,NORMAL,GROUP__7119-PR__0012,CONTROL,111.0,113.0,76.0,74.0,77.0,78.0,60.0,False
CONTROL__53004__2025100921,53004,2025-10-09 21:00:00,2025-10-09 18:00:00,2025-10-10 00:00:00,NORMAL,GROUP__53004__0033,CONTROL,1500.0,1144.0,977.0,927.0,615.0,359.0,159.0,False
CONTROL__53004__2025032721,53004,2025-03-27 21:00:00,2025-03-27 18:00:00,2025-03-28 00:00:00,NORMAL,GROUP__53004__0033,CONTROL,0.0,0.0,0.0,0.0,0.0,0.0,0.0,True
CONTROL__10011__2025091902,10011,2025-09-19 02:00:00,2025-09-18 23:00:00,2025-09-19 05:00:00,NORMAL,GROUP__10011__0033,CONTROL,0.0,0.0,0.0,0.0,0.0,0.0,0.0,True
CONTROL__10011__2025062702,10011,2025-06-27 02:00:00,2025-06-26 23:00:00,2025-06-27 05:00:00,NORMAL,GROUP__10011__0033,CONTROL,0.0,0.0,0.0,0.0,0.0,0.0,0.0,True
CONTROL__7139__2025031402,7139,2025-03-14 02:00:00,2025-03-13 23:00:00,2025-03-14 05:00:00,NORMAL,GROUP__7139__0033,CONTROL,26.0,127.0,65.0,69.0,40.0,95.0,266.0,False
CONTROL__7139__2025013102,7139,2025-01-31 02:00:00,2025-01-30 23:00:00,2025-01-31 05:00:00,NORMAL,GROUP__7139__0033,CONTROL,0.0,0.0,0.0,0.0,0.0,0.0,0.0,True
CONTROL__100001__2025122605,100001,2025-12-26 05:00:00,2025-12-26 02:00:00,2025-12-26 08:00:00,NORMAL,GROUP__100001__0002,CONTROL,69.0,53.0,45.0,94.0,141.0,153.0,203.0,False
CONTROL__100001__2025090505,100001,2025-09-05 05:00:00,2025-09-05 02:00:00,2025-09-05 08:00:00,NORMAL,GROUP__100001__0002,CONTROL,22.0,34.0,65.0,162.0,250.0,208.0,186.0,False
CONTROL__F3FWY004__2025101006,F3FWY004,2025-10-10 06:00:00,2025-10-10 03:00:00,2025-10-10 09:00:00,NORMAL,GROUP__F3FWY004__0007,CONTROL,94.0,195.0,584.0,1342.0,1600.0,1848.0,2029.0,False
CONTROL__F3FWY004__2025103106,F3FWY004,2025-10-31 06:00:00,2025-10-31 03:00:00,2025-10-31 09:00:00,NORMAL,GROUP__F3FWY004__0007,CONTROL,140.0,247.0,452.0,742.0,498.0,591.0,566.0,False
CONTROL__68025__2025040414,68025,2025-04-04 14:00:00,2025-04-04 11:00:00,2025-04-04 17:00:00,NORMAL,GROUP__68025__0037,CONTROL,90.0,111.0,87.0,130.0,126.0,110.0,86.0,False
CONTROL__68025__2025020714,68025,2025-02-07 14:00:00,2025-02-07 11:00:00,2025-02-07 17:00:00,NORMAL,GROUP__68025__0037,CONTROL,0.0,0.0,0.0,0.0,0.0,0.0,0.0,True
CONTROL__F3FWY003__2025103123,F3FWY003,2025-10-31 23:00:00,2025-10-31 20:00:00,2025-11-01 02:00:00,NORMAL,GROUP__F3FWY003__0036,CONTROL,184.0,122.0,118.0,126.0,96.0,69.0,80.0,False
CONTROL__F3FWY003__2025101023,F3FWY003,2025-10-10 23:00:00,2025-10-10 20:00:00,2025-10-11 02:00:00,NORMAL,GROUP__F3FWY003__0036,CONTROL,220.0,239.0,169.0,123.0,80.0,76.0,55.0,False
CONTROL__53004__2025061404,53004,2025-06-14 04:00:00,2025-06-14 01:00:00,2025-06-14 07:00:00,NORMAL,GROUP__53004__0034,CONTROL,102.0,57.0,46.0,97.0,240.0,544.0,752.0,False
CONTROL__53004__2025101804,53004,2025-10-18 04:00:00,2025-10-18 01:00:00,2025-10-18 07:00:00,NORMAL,GROUP__53004__0034,CONTROL,2.0,8.0,12.0,14.0,26.0,38.0,61.0,False
CONTROL__F3FWY003__2025100501,F3FWY003,2025-10-05 01:00:00,2025-10-04 22:00:00,2025-10-05 04:00:00,NORMAL,GROUP__F3FWY003__0037,CONTROL,31.0,27.0,51.0,40.0,0.0,33.0,57.0,False
CONTROL__F3FWY003__2025072001,F3FWY003,2025-07-20 01:00:00,2025-07-19 22:00:00,2025-07-20 04:00:00,NORMAL,GROUP__F3FWY003__0037,CONTROL,0.0,0.0,0.0,0.0,0.0,0.0,0.0,True
CONTROL__22001__2025120702,22001,2025-12-07 02:00:00,2025-12-06 23:00:00,2025-12-07 05:00:00,NORMAL,GROUP__22001__0012,CONTROL,0.0,0.0,0.0,0.0,0.0,0.0,0.0,True
CONTROL__22001__2025062902,22001,2025-06-29 02:00:00,2025-06-28 23:00:00,2025-06-29 05:00:00,NORMAL,GROUP__22001__0012,CONTROL,0.0,0.0,0.0,0.0,0.0,0.0,0.0,True
CONTROL__23067__2025101203,23067,2025-10-12 03:00:00,2025-10-12 00:00:00,2025-10-12 06:00:00,NORMAL,GROUP__23067__0027,CONTROL,12.0,13.0,8.0,11.0,26.0,29.0,43.0,False
CONTROL__23067__2025011203,23067,2025-01-12 03:00:00,2025-01-12 00:00:00,2025-01-12 06:00:00,NORMAL,GROUP__23067__0027,CONTROL,86.0,137.0,429.0,785.0,1033.0,1206.0,1404.0,False
CONTROL__7164__2025020205,7164,2025-02-02 05:00:00,2025-02-02 02:00:00,2025-02-02 08:00:00,NORMAL,GROUP__7164__0017,CONTROL,0.0,0.0,0.0,0.0,0.0,0.0,0.0,True
CONTROL__7164__2025032305,7164,2025-03-23 05:00:00,2025-03-23 02:00:00,2025-03-23 08:00:00,NORMAL,GROUP__7164__0017,CONTROL,0.0,0.0,0.0,0.0,0.0,0.0,0.0,True
CONTROL__9658__2025082407,9658,2025-08-24 07:00:00,2025-08-24 04:00:00,2025-08-24 10:00:00,NORMAL,GROUP__9658__0025,CONTROL,13.0,11.0,29.0,35.0,46.0,66.0,64.0,False
CONTROL__9658__2025033007,9658,2025-03-30 07:00:00,2025-03-30 04:00:00,2025-03-30 10:00:00,NORMAL,GROUP__9658__0025,CONTROL,0.0,0.0,0.0,0.0,0.0,0.0,984.0,False
CONTROL__33014__2025120720,33014,2025-12-07 20:00:00,2025-12-07 17:00:00,2025-12-07 23:00:00,NORMAL,GROUP__33014__0041,CONTROL,0.0,0.0,0.0,0.0,0.0,0.0,0.0,True
CONTROL__33014__2025102620,33014,2025-10-26 20:00:00,2025-10-26 17:00:00,2025-10-26 23:00:00,NORMAL,GROUP__33014__0041,CONTROL,0.0,0.0,0.0,0.0,0.0,0.0,0.0,True
CONTROL__7120__2025101305,7120,2025-10-13 05:00:00,2025-10-13 02:00:00,2025-10-13 08:00:00,NORMAL,GROUP__7120__0043,CONTROL,8.0,18.0,40.0,65.0,107.0,100.0,66.0,False
CONTROL__7120__2025060905,7120,2025-06-09 05:00:00,2025-06-09 02:00:00,2025-06-09 08:00:00,NORMAL,GROUP__7120__0043,CONTROL,193.0,154.0,198.0,255.0,334.0,374.0,470.0,False
CONTROL__7121__2025011305,7121,2025-01-13 05:00:00,2025-01-13 02:00:00,2025-01-13 08:00:00,NORMAL,GROUP__7121__0043,CONTROL,53.0,48.0,60.0,110.0,205.0,308.0,365.0,False
CONTROL__7121__2025061605,7121,2025-06-16 05:00:00,2025-06-16 02:00:00,2025-06-16 08:00:00,NORMAL,GROUP__7121__0043,CONTROL,32.0,34.0,40.0,98.0,202.0,326.0,396.0,False
CONTROL__7120__2025061622,7120,2025-06-16 22:00:00,2025-06-16 19:00:00,2025-06-17 01:00:00,NORMAL,GROUP__7120__0044,CONTROL,551.0,437.0,428.0,253.0,154.0,4.0,7.0,False
CONTROL__7120__2025031022,7120,2025-03-10 22:00:00,2025-03-10 19:00:00,2025-03-11 01:00:00,NORMAL,GROUP__7120__0044,CONTROL,0.0,0.0,0.0,0.0,0.0,0.0,0.0,True
CONTROL__7121__2025010622,7121,2025-01-06 22:00:00,2025-01-06 19:00:00,2025-01-07 01:00:00,NORMAL,GROUP__7121__0044,CONTROL,0.0,0.0,0.0,0.0,0.0,8.0,7.0,False
CONTROL__7121__2025122922,7121,2025-12-29 22:00:00,2025-12-29 19:00:00,2025-12-30 01:00:00,NORMAL,GROUP__7121__0044,CONTROL,224.0,190.0,205.0,165.0,123.0,0.0,0.0,False
CONTROL__50240__2025050603,50240,2025-05-06 03:00:00,2025-05-06 00:00:00,2025-05-06 06:00:00,NORMAL,GROUP__50240__0039,CONTROL,350.0,200.0,154.0,175.0,380.0,1210.0,2098.0,False
CONTROL__50240__2025051303,50240,2025-05-13 03:00:00,2025-05-13 00:00:00,2025-05-13 06:00:00,NORMAL,GROUP__50240__0039,CONTROL,324.0,214.0,161.0,178.0,388.0,1207.0,2184.0,False
CONTROL__50240__2025111103,50240,2025-11-11 03:00:00,2025-11-11 00:00:00,2025-11-11 06:00:00,NORMAL,GROUP__50240__0039,CONTROL,208.0,161.0,171.0,262.0,726.0,2185.0,2607.0,False
CONTROL__50240__2025012103,50240,2025-01-21 03:00:00,2025-01-21 00:00:00,2025-01-21 06:00:00,NORMAL,GROUP__50240__0039,CONTROL,245.0,159.0,158.0,238.0,660.0,1622.0,2184.0,False
CONTROL__53004__2025120908,53004,2025-12-09 08:00:00,2025-12-09 05:00:00,2025-12-09 11:00:00,NORMAL,GROUP__53004__0035,CONTROL,653.0,1479.0,1906.0,1872.0,1611.0,1304.0,1261.0,False
CONTROL__53004__2025042908,53004,2025-04-29 08:00:00,2025-04-29 05:00:00,2025-04-29 11:00:00,NORMAL,GROUP__53004__0035,CONTROL,41.0,69.0,71.0,80.0,90.0,106.0,123.0,False
CONTROL__74230__2025052709,74230,2025-05-27 09:00:00,2025-05-27 06:00:00,2025-05-27 12:00:00,NORMAL,GROUP__74230__0014,CONTROL,303.0,382.0,346.0,281.0,251.0,254.0,237.0,False
CONTROL__74230__2025042209,74230,2025-04-22 09:00:00,2025-04-22 06:00:00,2025-04-22 12:00:00,NORMAL,GROUP__74230__0014,CONTROL,20.0,18.0,12.0,11.0,12.0,15.0,19.0,False
CONTROL__7161__2025042210,7161,2025-04-22 10:00:00,2025-04-22 07:00:00,2025-04-22 13:00:00,NORMAL,GROUP__7161__0025,CONTROL,133.0,110.0,118.0,132.0,152.0,167.0,138.0,False
CONTROL__7161__2025081210,7161,2025-08-12 10:00:00,2025-08-12 07:00:00,2025-08-12 13:00:00,NORMAL,GROUP__7161__0025,CONTROL,1521.0,1383.0,969.0,857.0,889.0,846.0,861.0,False
CONTROL__7251__2025030411,7251,2025-03-04 11:00:00,2025-03-04 08:00:00,2025-03-04 14:00:00,NORMAL,GROUP__7251__0023,CONTROL,0.0,0.0,0.0,0.0,0.0,0.0,0.0,True
CONTROL__7251__2025040111,7251,2025-04-01 11:00:00,2025-04-01 08:00:00,2025-04-01 14:00:00,NORMAL,GROUP__7251__0023,CONTROL,905.0,658.0,623.0,698.0,743.0,779.0,1060.0,False
CONTROL__32029__2025123022,32029,2025-12-30 22:00:00,2025-12-30 19:00:00,2025-12-31 01:00:00,NORMAL,GROUP__32029__0005,CONTROL,0.0,0.0,0.0,0.0,0.0,0.0,0.0,True
CONTROL__32029__2025092322,32029,2025-09-23 22:00:00,2025-09-23 19:00:00,2025-09-24 01:00:00,NORMAL,GROUP__32029__0005,CONTROL,0.0,0.0,0.0,0.0,0.0,0.0,0.0,True
CONTROL__7163__2025041523,7163,2025-04-15 23:00:00,2025-04-15 20:00:00,2025-04-16 02:00:00,NORMAL,GROUP__7163__0033,CONTROL,44.0,31.0,23.0,24.0,73.0,49.0,49.0,False
CONTROL__7163__2025040823,7163,2025-04-08 23:00:00,2025-04-08 20:00:00,2025-04-09 02:00:00,NORMAL,GROUP__7163__0033,CONTROL,39.0,29.0,14.0,15.0,58.0,55.0,32.0,False
CONTROL__7270__2025081304,7270,2025-08-13 04:00:00,2025-08-13 01:00:00,2025-08-13 07:00:00,NORMAL,GROUP__7270__0019,CONTROL,100.0,71.0,107.0,351.0,1219.0,1763.0,1259.0,False
CONTROL__7270__2025010804,7270,2025-01-08 04:00:00,2025-01-08 01:00:00,2025-01-08 07:00:00,NORMAL,GROUP__7270__0019,CONTROL,0.0,0.0,0.0,0.0,0.0,0.0,0.0,True
CONTROL__7120__2025082721,7120,2025-08-27 21:00:00,2025-08-27 18:00:00,2025-08-28 00:00:00,NORMAL,GROUP__7120__0045,CONTROL,683.0,537.0,498.0,549.0,403.0,232.0,4.0,False
CONTROL__7120__2025071621,7120,2025-07-16 21:00:00,2025-07-16 18:00:00,2025-07-17 00:00:00,NORMAL,GROUP__7120__0045,CONTROL,728.0,583.0,507.0,500.0,325.0,197.0,6.0,False
CONTROL__7121__2025061821,7121,2025-06-18 21:00:00,2025-06-18 18:00:00,2025-06-19 00:00:00,NORMAL,GROUP__7121__0045,CONTROL,580.0,395.0,287.0,252.0,241.0,118.0,5.0,False
CONTROL__7121__2025111921,7121,2025-11-19 21:00:00,2025-11-19 18:00:00,2025-11-20 00:00:00,NORMAL,GROUP__7121__0045,CONTROL,26.0,21.0,16.0,12.0,16.0,11.0,4.0,False
CONTROL__9658__2025071703,9658,2025-07-17 03:00:00,2025-07-17 00:00:00,2025-07-17 06:00:00,NORMAL,GROUP__9658__0026,CONTROL,155.0,106.0,67.0,80.0,172.0,460.0,823.0,False
CONTROL__9658__2025042403,9658,2025-04-24 03:00:00,2025-04-24 00:00:00,2025-04-24 06:00:00,NORMAL,GROUP__9658__0026,CONTROL,22.0,23.0,23.0,37.0,37.0,79.0,107.0,False
CONTROL__23067__2025021305,23067,2025-02-13 05:00:00,2025-02-13 02:00:00,2025-02-13 08:00:00,NORMAL,GROUP__23067__0028,CONTROL,0.0,0.0,0.0,0.0,0.0,0.0,0.0,True
CONTROL__23067__2025100205,23067,2025-10-02 05:00:00,2025-10-02 02:00:00,2025-10-02 08:00:00,NORMAL,GROUP__23067__0028,CONTROL,31.0,34.0,45.0,42.0,77.0,110.0,106.0,False
CONTROL__7184__2025121119,7184,2025-12-11 19:00:00,2025-12-11 16:00:00,2025-12-11 22:00:00,NORMAL,GROUP__7184__0027,CONTROL,2327.0,2267.0,1937.0,1456.0,1029.0,906.0,687.0,False
CONTROL__7184__2025040319,7184,2025-04-03 19:00:00,2025-04-03 16:00:00,2025-04-03 22:00:00,NORMAL,GROUP__7184__0027,CONTROL,0.0,0.0,0.0,0.0,0.0,0.0,0.0,True
CONTROL__7112__2025042421,7112,2025-04-24 21:00:00,2025-04-24 18:00:00,2025-04-25 00:00:00,NORMAL,GROUP__7112__0049,CONTROL,100.0,60.0,53.0,38.0,24.0,13.0,0.0,False
CONTROL__7112__2025020621,7112,2025-02-06 21:00:00,2025-02-06 18:00:00,2025-02-07 00:00:00,NORMAL,GROUP__7112__0049,CONTROL,0.0,0.0,0.0,0.0,0.0,0.0,0.0,True
CONTROL__7184__2025061223,7184,2025-06-12 23:00:00,2025-06-12 20:00:00,2025-06-13 02:00:00,NORMAL,GROUP__7184__0027,CONTROL,56.0,32.0,28.0,33.0,20.0,25.0,25.0,False
CONTROL__7184__2025100923,7184,2025-10-09 23:00:00,2025-10-09 20:00:00,2025-10-10 02:00:00,NORMAL,GROUP__7184__0027,CONTROL,967.0,742.0,557.0,286.0,30.0,35.0,36.0,False
CONTROL__7112__2025032802,7112,2025-03-28 02:00:00,2025-03-27 23:00:00,2025-03-28 05:00:00,NORMAL,GROUP__7112__0049,CONTROL,19.0,224.0,97.0,79.0,82.0,246.0,791.0,False
CONTROL__7112__2025110702,7112,2025-11-07 02:00:00,2025-11-06 23:00:00,2025-11-07 05:00:00,NORMAL,GROUP__7112__0049,CONTROL,300.0,178.0,82.0,72.0,83.0,198.0,858.0,False
CONTROL__29005__2025100305,29005,2025-10-03 05:00:00,2025-10-03 02:00:00,2025-10-03 08:00:00,NORMAL,GROUP__29005__0021,CONTROL,137.0,204.0,422.0,1368.0,2467.0,2561.0,2724.0,False
CONTROL__29005__2025110705,29005,2025-11-07 05:00:00,2025-11-07 02:00:00,2025-11-07 08:00:00,NORMAL,GROUP__29005__0021,CONTROL,218.0,201.0,331.0,898.0,2140.0,3156.0,3002.0,False
CONTROL__50240__2025011005,50240,2025-01-10 05:00:00,2025-01-10 02:00:00,2025-01-10 08:00:00,NORMAL,GROUP__50240__0040,CONTROL,41.0,50.0,66.0,169.0,241.0,243.0,240.0,False
CONTROL__50240__2025011705,50240,2025-01-17 05:00:00,2025-01-17 02:00:00,2025-01-17 08:00:00,NORMAL,GROUP__50240__0040,CONTROL,0.0,0.0,264.0,756.0,1378.0,1390.0,1426.0,False
CONTROL__F3FWY002__2025032108,F3FWY002,2025-03-21 08:00:00,2025-03-21 05:00:00,2025-03-21 11:00:00,NORMAL,GROUP__F3FWY002__0006,CONTROL,761.0,1559.0,1691.0,1818.0,1861.0,2422.0,2788.0,False
CONTROL__F3FWY002__2025122608,F3FWY002,2025-12-26 08:00:00,2025-12-26 05:00:00,2025-12-26 11:00:00,NORMAL,GROUP__F3FWY002__0006,CONTROL,0.0,0.0,0.0,0.0,0.0,0.0,0.0,True
CONTROL__7112__2025061312,7112,2025-06-13 12:00:00,2025-06-13 09:00:00,2025-06-13 15:00:00,NORMAL,GROUP__7112__0050,CONTROL,962.0,983.0,1007.0,1094.0,1191.0,1197.0,1243.0,False
CONTROL__7112__2025110712,7112,2025-11-07 12:00:00,2025-11-07 09:00:00,2025-11-07 15:00:00,NORMAL,GROUP__7112__0050,CONTROL,1085.0,944.0,1024.0,1130.0,1205.0,1240.0,1360.0,False
CONTROL__7112__2025051007,7112,2025-05-10 07:00:00,2025-05-10 04:00:00,2025-05-10 10:00:00,NORMAL,GROUP__7112__0051,CONTROL,14.0,15.0,58.0,39.0,39.0,21.0,34.0,False
CONTROL__7112__2025110807,7112,2025-11-08 07:00:00,2025-11-08 04:00:00,2025-11-08 10:00:00,NORMAL,GROUP__7112__0051,CONTROL,18.0,59.0,151.0,140.0,116.0,109.0,103.0,False
CONTROL__T0345__2025030822,T0345,2025-03-08 22:00:00,2025-03-08 19:00:00,2025-03-09 01:00:00,NORMAL,GROUP__T0345__0002,CONTROL,10.0,14.0,5.0,3.0,7.0,108.0,48.0,False
CONTROL__T0345__2025072622,T0345,2025-07-26 22:00:00,2025-07-26 19:00:00,2025-07-27 01:00:00,NORMAL,GROUP__T0345__0002,CONTROL,11.0,8.0,5.0,6.0,7.0,5.0,0.0,False
CONTROL__72027__2025031601,72027,2025-03-16 01:00:00,2025-03-15 22:00:00,2025-03-16 04:00:00,NORMAL,GROUP__72027__0003,CONTROL,0.0,0.0,0.0,0.0,0.0,0.0,40.0,False
CONTROL__72027__2025050401,72027,2025-05-04 01:00:00,2025-05-03 22:00:00,2025-05-04 04:00:00,NORMAL,GROUP__72027__0003,CONTROL,359.0,232.0,2.0,2.0,2.0,3.0,3.0,False
CONTROL__7120__2025082406,7120,2025-08-24 06:00:00,2025-08-24 03:00:00,2025-08-24 09:00:00,NORMAL,GROUP__7120__0046,CONTROL,10.0,19.0,19.0,24.0,31.0,49.0,41.0,False
CONTROL__7120__2025051106,7120,2025-05-11 06:00:00,2025-05-11 03:00:00,2025-05-11 09:00:00,NORMAL,GROUP__7120__0046,CONTROL,218.0,205.0,222.0,426.0,444.0,539.0,672.0,False
CONTROL__7121__2025083106,7121,2025-08-31 06:00:00,2025-08-31 03:00:00,2025-08-31 09:00:00,NORMAL,GROUP__7121__0046,CONTROL,0.0,0.0,0.0,0.0,0.0,0.0,0.0,True
CONTROL__7121__2025080306,7121,2025-08-03 06:00:00,2025-08-03 03:00:00,2025-08-03 09:00:00,NORMAL,GROUP__7121__0046,CONTROL,10.0,6.0,9.0,5.0,18.0,8.0,15.0,False
CONTROL__7248__2025032308,7248,2025-03-23 08:00:00,2025-03-23 05:00:00,2025-03-23 11:00:00,NORMAL,GROUP__7248__0035,CONTROL,253.0,300.0,376.0,660.0,833.0,1036.0,1206.0,False
CONTROL__7248__2025112308,7248,2025-11-23 08:00:00,2025-11-23 05:00:00,2025-11-23 11:00:00,NORMAL,GROUP__7248__0035,CONTROL,46.0,55.0,63.0,77.0,88.0,92.0,101.0,False
CONTROL__T0231__2025092120,T0231,2025-09-21 20:00:00,2025-09-21 17:00:00,2025-09-21 23:00:00,NORMAL,GROUP__T0231__0009,CONTROL,1021.0,848.0,734.0,564.0,471.0,302.0,154.0,False
CONTROL__T0231__2025051120,T0231,2025-05-11 20:00:00,2025-05-11 17:00:00,2025-05-11 23:00:00,NORMAL,GROUP__T0231__0009,CONTROL,46.0,34.0,29.0,23.0,22.0,15.0,13.0,False
CONTROL__7274__2025072022,7274,2025-07-20 22:00:00,2025-07-20 19:00:00,2025-07-21 01:00:00,NORMAL,GROUP__7274__0024,CONTROL,41.0,32.0,24.0,24.0,17.0,100.0,45.0,False
CONTROL__7274__2025021622,7274,2025-02-16 22:00:00,2025-02-16 19:00:00,2025-02-17 01:00:00,NORMAL,GROUP__7274__0024,CONTROL,0.0,0.0,0.0,0.0,0.0,0.0,0.0,True
CONTROL__50250__2025050503,50250,2025-05-05 03:00:00,2025-05-05 00:00:00,2025-05-05 06:00:00,NORMAL,GROUP__50250__0005,CONTROL,0.0,0.0,0.0,3.0,7.0,23.0,40.0,False
CONTROL__50250__2025122203,50250,2025-12-22 03:00:00,2025-12-22 00:00:00,2025-12-22 06:00:00,NORMAL,GROUP__50250__0005,CONTROL,26.0,18.0,19.0,57.0,159.0,298.0,347.0,False
CONTROL__7179__2025012006,7179,2025-01-20 06:00:00,2025-01-20 03:00:00,2025-01-20 09:00:00,NORMAL,GROUP__7179__0075,CONTROL,1.0,0.0,6.0,14.0,18.0,16.0,12.0,False
CONTROL__7179__2025022406,7179,2025-02-24 06:00:00,2025-02-24 03:00:00,2025-02-24 09:00:00,NORMAL,GROUP__7179__0075,CONTROL,0.0,0.0,0.0,0.0,0.0,0.0,0.0,True
CONTROL__7163__2025120106,7163,2025-12-01 06:00:00,2025-12-01 03:00:00,2025-12-01 09:00:00,NORMAL,GROUP__7163__0034,CONTROL,61.0,122.0,290.0,707.0,603.0,397.0,305.0,False
CONTROL__7163__2025120806,7163,2025-12-08 06:00:00,2025-12-08 03:00:00,2025-12-08 09:00:00,NORMAL,GROUP__7163__0034,CONTROL,53.0,124.0,316.0,734.0,610.0,535.0,630.0,False
CONTROL__68025__2025120218,68025,2025-12-02 18:00:00,2025-12-02 15:00:00,2025-12-02 21:00:00,NORMAL,GROUP__68025__0038,CONTROL,81.0,51.0,45.0,34.0,34.0,17.0,13.0,False
CONTROL__68025__2025102818,68025,2025-10-28 18:00:00,2025-10-28 15:00:00,2025-10-28 21:00:00,NORMAL,GROUP__68025__0038,CONTROL,56.0,54.0,53.0,33.0,23.0,21.0,26.0,False
CONTROL__7179__2025060406,7179,2025-06-04 06:00:00,2025-06-04 03:00:00,2025-06-04 09:00:00,NORMAL,GROUP__7179__0076,CONTROL,211.0,420.0,906.0,1348.0,1471.0,1526.0,1633.0,False
CONTROL__7179__2025100806,7179,2025-10-08 06:00:00,2025-10-08 03:00:00,2025-10-08 09:00:00,NORMAL,GROUP__7179__0076,CONTROL,217.0,414.0,890.0,1192.0,1533.0,1517.0,1405.0,False
CONTROL__47024__2025030506,47024,2025-03-05 06:00:00,2025-03-05 03:00:00,2025-03-05 09:00:00,NORMAL,GROUP__47024__0015,CONTROL,246.0,392.0,949.0,927.0,852.0,918.0,929.0,False
CONTROL__47024__2025102206,47024,2025-10-22 06:00:00,2025-10-22 03:00:00,2025-10-22 09:00:00,NORMAL,GROUP__47024__0015,CONTROL,84.0,119.0,200.0,239.0,288.0,244.0,279.0,False
CONTROL__47024__2025031906,47024,2025-03-19 06:00:00,2025-03-19 03:00:00,2025-03-19 09:00:00,NORMAL,GROUP__47024__0015,CONTROL,299.0,601.0,1130.0,1037.0,1233.0,1242.0,1094.0,False
CONTROL__47024__2025022606,47024,2025-02-26 06:00:00,2025-02-26 03:00:00,2025-02-26 09:00:00,NORMAL,GROUP__47024__0015,CONTROL,0.0,0.0,0.0,0.0,0.0,0.0,0.0,True
CONTROL__7120__2025072310,7120,2025-07-23 10:00:00,2025-07-23 07:00:00,2025-07-23 13:00:00,NORMAL,GROUP__7120__0047,CONTROL,727.0,701.0,696.0,631.0,621.0,611.0,618.0,False
CONTROL__7120__2025020510,7120,2025-02-05 10:00:00,2025-02-05 07:00:00,2025-02-05 13:00:00,NORMAL,GROUP__7120__0047,CONTROL,0.0,0.0,0.0,0.0,0.0,0.0,0.0,True
CONTROL__7121__2025080610,7121,2025-08-06 10:00:00,2025-08-06 07:00:00,2025-08-06 13:00:00,NORMAL,GROUP__7121__0047,CONTROL,308.0,426.0,349.0,387.0,412.0,454.0,471.0,False
CONTROL__7121__2025021210,7121,2025-02-12 10:00:00,2025-02-12 07:00:00,2025-02-12 13:00:00,NORMAL,GROUP__7121__0047,CONTROL,0.0,0.0,0.0,0.0,0.0,0.0,0.0,True
CONTROL__9658__2025051421,9658,2025-05-14 21:00:00,2025-05-14 18:00:00,2025-05-15 00:00:00,NORMAL,GROUP__9658__0027,CONTROL,110.0,79.0,52.0,43.0,33.0,41.0,142.0,False
CONTROL__9658__2025100121,9658,2025-10-01 21:00:00,2025-10-01 18:00:00,2025-10-02 00:00:00,NORMAL,GROUP__9658__0027,CONTROL,935.0,892.0,702.0,640.0,529.0,302.0,29.0,False
CONTROL__7251__2025110600,7251,2025-11-06 00:00:00,2025-11-05 21:00:00,2025-11-06 03:00:00,NORMAL,GROUP__7251__0024,CONTROL,727.0,1226.0,1010.0,87.0,77.0,81.0,94.0,False
CONTROL__7251__2025021300,7251,2025-02-13 00:00:00,2025-02-12 21:00:00,2025-02-13 03:00:00,NORMAL,GROUP__7251__0024,CONTROL,0.0,0.0,0.0,0.0,0.0,0.0,0.0,True
CONTROL__7163__2025050805,7163,2025-05-08 05:00:00,2025-05-08 02:00:00,2025-05-08 08:00:00,NORMAL,GROUP__7163__0035,CONTROL,68.0,67.0,102.0,283.0,709.0,707.0,472.0,False
CONTROL__7163__2025062605,7163,2025-06-26 05:00:00,2025-06-26 02:00:00,2025-06-26 08:00:00,NORMAL,GROUP__7163__0035,CONTROL,0.0,0.0,0.0,0.0,0.0,0.0,0.0,True
CONTROL__7184__2025050120,7184,2025-05-01 20:00:00,2025-05-01 17:00:00,2025-05-01 23:00:00,NORMAL,GROUP__7184__0028,CONTROL,169.0,128.0,91.0,60.0,42.0,28.0,23.0,False
CONTROL__7184__2025042420,7184,2025-04-24 20:00:00,2025-04-24 17:00:00,2025-04-24 23:00:00,NORMAL,GROUP__7184__0028,CONTROL,2522.0,1963.0,1276.0,874.0,806.0,613.0,337.0,False
CONTROL__23067__2025122521,23067,2025-12-25 21:00:00,2025-12-25 18:00:00,2025-12-26 00:00:00,NORMAL,GROUP__23067__0029,CONTROL,43.0,18.0,15.0,15.0,13.0,6.0,7.0,False
CONTROL__23067__2025013021,23067,2025-01-30 21:00:00,2025-01-30 18:00:00,2025-01-31 00:00:00,NORMAL,GROUP__23067__0029,CONTROL,844.0,743.0,767.0,563.0,193.0,72.0,78.0,False
CONTROL__23067__2025112721,23067,2025-11-27 21:00:00,2025-11-27 18:00:00,2025-11-28 00:00:00,NORMAL,GROUP__23067__0029,CONTROL,48.0,61.0,50.0,50.0,33.0,26.0,155.0,False
CONTROL__23067__2025010221,23067,2025-01-02 21:00:00,2025-01-02 18:00:00,2025-01-03 00:00:00,NORMAL,GROUP__23067__0029,CONTROL,425.0,309.0,351.0,213.0,123.0,27.0,50.0,False
CONTROL__7179__2025071806,7179,2025-07-18 06:00:00,2025-07-18 03:00:00,2025-07-18 09:00:00,NORMAL,GROUP__7179__0077,CONTROL,235.0,382.0,855.0,1160.0,1477.0,1544.0,1448.0,False
CONTROL__7179__2025041106,7179,2025-04-11 06:00:00,2025-04-11 03:00:00,2025-04-11 09:00:00,NORMAL,GROUP__7179__0077,CONTROL,0.0,0.0,0.0,0.0,0.0,0.0,0.0,True
CONTROL__74230__2025061307,74230,2025-06-13 07:00:00,2025-06-13 04:00:00,2025-06-13 10:00:00,NORMAL,GROUP__74230__0015,CONTROL,28.0,141.0,190.0,248.0,259.0,232.0,224.0,False
CONTROL__74230__2025091907,74230,2025-09-19 07:00:00,2025-09-19 04:00:00,2025-09-19 10:00:00,NORMAL,GROUP__74230__0015,CONTROL,7.0,28.0,36.0,22.0,23.0,46.0,130.0,False
CONTROL__23067__2025112808,23067,2025-11-28 08:00:00,2025-11-28 05:00:00,2025-11-28 11:00:00,NORMAL,GROUP__23067__0030,CONTROL,1071.0,1416.0,1515.0,1453.0,1419.0,1614.0,1777.0,False
CONTROL__23067__2025071808,23067,2025-07-18 08:00:00,2025-07-18 05:00:00,2025-07-18 11:00:00,NORMAL,GROUP__23067__0030,CONTROL,41.0,66.0,94.0,111.0,94.0,109.0,101.0,False
CONTROL__7179__2025101711,7179,2025-10-17 11:00:00,2025-10-17 08:00:00,2025-10-17 14:00:00,NORMAL,GROUP__7179__0077,CONTROL,1708.0,1521.0,1447.0,1339.0,1251.0,1384.0,1571.0,False
CONTROL__7179__2025041111,7179,2025-04-11 11:00:00,2025-04-11 08:00:00,2025-04-11 14:00:00,NORMAL,GROUP__7179__0077,CONTROL,0.0,0.0,0.0,0.0,0.0,0.0,0.0,True
CONTROL__7179__2025062011,7179,2025-06-20 11:00:00,2025-06-20 08:00:00,2025-06-20 14:00:00,NORMAL,GROUP__7179__0077,CONTROL,1621.0,1357.0,1401.0,1551.0,1591.0,1620.0,1728.0,False
CONTROL__7179__2025070411,7179,2025-07-04 11:00:00,2025-07-04 08:00:00,2025-07-04 14:00:00,NORMAL,GROUP__7179__0077,CONTROL,1649.0,1479.0,1498.0,1488.0,1590.0,1667.0,1711.0,False
CONTROL__74230__2025092615,74230,2025-09-26 15:00:00,2025-09-26 12:00:00,2025-09-26 18:00:00,NORMAL,GROUP__74230__0016,CONTROL,147.0,132.0,114.0,132.0,115.0,103.0,70.0,False
CONTROL__74230__2025013115,74230,2025-01-31 15:00:00,2025-01-31 12:00:00,2025-01-31 18:00:00,NORMAL,GROUP__74230__0016,CONTROL,236.0,387.0,376.0,404.0,363.0,394.0,231.0,False
CONTROL__7126__2025060713,7126,2025-06-07 13:00:00,2025-06-07 10:00:00,2025-06-07 16:00:00,NORMAL,GROUP__7126__0013,CONTROL,65.0,66.0,77.0,61.0,52.0,54.0,64.0,False
CONTROL__7126__2025032913,7126,2025-03-29 13:00:00,2025-03-29 10:00:00,2025-03-29 16:00:00,NORMAL,GROUP__7126__0013,CONTROL,0.0,0.0,0.0,0.0,0.0,0.0,0.0,True
CONTROL__7126__2025083013,7126,2025-08-30 13:00:00,2025-08-30 10:00:00,2025-08-30 16:00:00,NORMAL,GROUP__7126__0013,CONTROL,39.0,53.0,65.0,41.0,46.0,51.0,54.0,False
CONTROL__7126__2025080913,7126,2025-08-09 13:00:00,2025-08-09 10:00:00,2025-08-09 16:00:00,NORMAL,GROUP__7126__0013,CONTROL,736.0,759.0,785.0,787.0,682.0,686.0,628.0,False
CONTROL__7112__2025053123,7112,2025-05-31 23:00:00,2025-05-31 20:00:00,2025-06-01 02:00:00,NORMAL,GROUP__7112__0052,CONTROL,673.0,652.0,557.0,394.0,7.0,5.0,4.0,False
CONTROL__7112__2025092723,7112,2025-09-27 23:00:00,2025-09-27 20:00:00,2025-09-28 02:00:00,NORMAL,GROUP__7112__0052,CONTROL,32.0,28.0,21.0,12.0,276.0,162.0,141.0,False
CONTROL__33014__2025033003,33014,2025-03-30 03:00:00,2025-03-30 00:00:00,2025-03-30 06:00:00,NORMAL,GROUP__33014__0042,CONTROL,9.0,12.0,14.0,5.0,16.0,11.0,35.0,False
CONTROL__33014__2025122103,33014,2025-12-21 03:00:00,2025-12-21 00:00:00,2025-12-21 06:00:00,NORMAL,GROUP__33014__0042,CONTROL,0.0,0.0,0.0,0.0,0.0,0.0,0.0,True
CONTROL__F3FWY005__2025101209,F3FWY005,2025-10-12 09:00:00,2025-10-12 06:00:00,2025-10-12 12:00:00,NORMAL,GROUP__F3FWY005__0004,CONTROL,110.0,151.0,195.0,231.0,299.0,361.0,318.0,False
CONTROL__F3FWY005__2025080309,F3FWY005,2025-08-03 09:00:00,2025-08-03 06:00:00,2025-08-03 12:00:00,NORMAL,GROUP__F3FWY005__0004,CONTROL,70.0,79.0,112.0,127.0,107.0,162.0,133.0,False
CONTROL__7179__2025021621,7179,2025-02-16 21:00:00,2025-02-16 18:00:00,2025-02-17 00:00:00,NORMAL,GROUP__7179__0078,CONTROL,0.0,0.0,0.0,0.0,0.0,0.0,0.0,True
CONTROL__7179__2025072721,7179,2025-07-27 21:00:00,2025-07-27 18:00:00,2025-07-28 00:00:00,NORMAL,GROUP__7179__0078,CONTROL,115.0,84.0,110.0,59.0,58.0,57.0,33.0,False
CONTROL__7274__2025081022,7274,2025-08-10 22:00:00,2025-08-10 19:00:00,2025-08-11 01:00:00,NORMAL,GROUP__7274__0025,CONTROL,34.0,29.0,33.0,26.0,10.0,99.0,48.0,False
CONTROL__7274__2025040622,7274,2025-04-06 22:00:00,2025-04-06 19:00:00,2025-04-07 01:00:00,NORMAL,GROUP__7274__0025,CONTROL,553.0,425.0,375.0,257.0,147.0,73.0,39.0,False
CONTROL__7164__2025102004,7164,2025-10-20 04:00:00,2025-10-20 01:00:00,2025-10-20 07:00:00,NORMAL,GROUP__7164__0018,CONTROL,60.0,44.0,45.0,103.0,280.0,601.0,770.0,False
CONTROL__7164__2025060204,7164,2025-06-02 04:00:00,2025-06-02 01:00:00,2025-06-02 07:00:00,NORMAL,GROUP__7164__0018,CONTROL,66.0,56.0,54.0,95.0,302.0,563.0,935.0,False
CONTROL__7251__2025092904,7251,2025-09-29 04:00:00,2025-09-29 01:00:00,2025-09-29 07:00:00,NORMAL,GROUP__7251__0025,CONTROL,157.0,118.0,81.0,122.0,230.0,362.0,637.0,False
CONTROL__7251__2025112404,7251,2025-11-24 04:00:00,2025-11-24 01:00:00,2025-11-24 07:00:00,NORMAL,GROUP__7251__0025,CONTROL,153.0,101.0,75.0,120.0,229.0,432.0,818.0,False
CONTROL__7168__2025112406,7168,2025-11-24 06:00:00,2025-11-24 03:00:00,2025-11-24 09:00:00,NORMAL,GROUP__7168__0017,CONTROL,18.0,20.0,39.0,76.0,87.0,83.0,83.0,False
CONTROL__7168__2025122206,7168,2025-12-22 06:00:00,2025-12-22 03:00:00,2025-12-22 09:00:00,NORMAL,GROUP__7168__0017,CONTROL,17.0,20.0,43.0,43.0,58.0,65.0,52.0,False
CONTROL__51235__2025063008,51235,2025-06-30 08:00:00,2025-06-30 05:00:00,2025-06-30 11:00:00,NORMAL,GROUP__51235__0038,CONTROL,341.0,770.0,1291.0,1383.0,1180.0,1052.0,1145.0,False
CONTROL__51235__2025032408,51235,2025-03-24 08:00:00,2025-03-24 05:00:00,2025-03-24 11:00:00,NORMAL,GROUP__51235__0038,CONTROL,137.0,286.0,233.0,213.0,243.0,228.0,190.0,False
CONTROL__7120__2025070712,7120,2025-07-07 12:00:00,2025-07-07 09:00:00,2025-07-07 15:00:00,NORMAL,GROUP__7120__0048,CONTROL,748.0,660.0,688.0,642.0,647.0,545.0,547.0,False
CONTROL__7120__2025111712,7120,2025-11-17 12:00:00,2025-11-17 09:00:00,2025-11-17 15:00:00,NORMAL,GROUP__7120__0048,CONTROL,666.0,670.0,611.0,573.0,644.0,598.0,593.0,False
CONTROL__7121__2025072812,7121,2025-07-28 12:00:00,2025-07-28 09:00:00,2025-07-28 15:00:00,NORMAL,GROUP__7121__0048,CONTROL,343.0,326.0,352.0,345.0,426.0,388.0,419.0,False
CONTROL__7121__2025032412,7121,2025-03-24 12:00:00,2025-03-24 09:00:00,2025-03-24 15:00:00,NORMAL,GROUP__7121__0048,CONTROL,302.0,279.0,277.0,332.0,340.0,348.0,407.0,False
CONTROL__53003__2025012717,53003,2025-01-27 17:00:00,2025-01-27 14:00:00,2025-01-27 20:00:00,NORMAL,GROUP__53003__0010,CONTROL,77.0,0.0,66.0,59.0,61.0,40.0,39.0,False
CONTROL__53003__2025060217,53003,2025-06-02 17:00:00,2025-06-02 14:00:00,2025-06-02 20:00:00,NORMAL,GROUP__53003__0010,CONTROL,245.0,310.0,295.0,224.0,148.0,68.0,63.0,False
CONTROL__53003__2025111717,53003,2025-11-17 17:00:00,2025-11-17 14:00:00,2025-11-17 20:00:00,NORMAL,GROUP__53003__0010,CONTROL,194.0,169.0,123.0,110.0,111.0,68.0,54.0,False
CONTROL__53003__2025051217,53003,2025-05-12 17:00:00,2025-05-12 14:00:00,2025-05-12 20:00:00,NORMAL,GROUP__53003__0010,CONTROL,1381.0,1684.0,1725.0,1782.0,1224.0,924.0,687.0,False
CONTROL__7126__2025111721,7126,2025-11-17 21:00:00,2025-11-17 18:00:00,2025-11-18 00:00:00,NORMAL,GROUP__7126__0014,CONTROL,37.0,38.0,29.0,14.0,11.0,10.0,3.0,False
CONTROL__7126__2025041421,7126,2025-04-14 21:00:00,2025-04-14 18:00:00,2025-04-15 00:00:00,NORMAL,GROUP__7126__0014,CONTROL,50.0,32.0,22.0,15.0,11.0,7.0,1.0,False
CONTROL__53003__2025021805,53003,2025-02-18 05:00:00,2025-02-18 02:00:00,2025-02-18 08:00:00,NORMAL,GROUP__53003__0011,CONTROL,0.0,0.0,0.0,0.0,0.0,0.0,0.0,True
CONTROL__53003__2025110405,53003,2025-11-04 05:00:00,2025-11-04 02:00:00,2025-11-04 08:00:00,NORMAL,GROUP__53003__0011,CONTROL,58.0,113.0,345.0,1211.0,2355.0,2887.0,2310.0,False
CONTROL__23067__2025021118,23067,2025-02-11 18:00:00,2025-02-11 15:00:00,2025-02-11 21:00:00,NORMAL,GROUP__23067__0031,CONTROL,0.0,0.0,0.0,0.0,0.0,0.0,0.0,True
CONTROL__23067__2025072918,23067,2025-07-29 18:00:00,2025-07-29 15:00:00,2025-07-29 21:00:00,NORMAL,GROUP__23067__0031,CONTROL,2023.0,2139.0,2391.0,1758.0,1283.0,1068.0,1034.0,False
CONTROL__7112__2025082700,7112,2025-08-27 00:00:00,2025-08-26 21:00:00,2025-08-27 03:00:00,NORMAL,GROUP__7112__0053,CONTROL,0.0,0.0,0.0,0.0,0.0,0.0,0.0,True
CONTROL__7112__2025110500,7112,2025-11-05 00:00:00,2025-11-04 21:00:00,2025-11-05 03:00:00,NORMAL,GROUP__7112__0053,CONTROL,46.0,30.0,27.0,24.0,17.0,29.0,31.0,False
CONTROL__7112__2025040200,7112,2025-04-02 00:00:00,2025-04-01 21:00:00,2025-04-02 03:00:00,NORMAL,GROUP__7112__0053,CONTROL,0.0,0.0,0.0,153.0,98.0,53.0,80.0,False
CONTROL__7112__2025031200,7112,2025-03-12 00:00:00,2025-03-11 21:00:00,2025-03-12 03:00:00,NORMAL,GROUP__7112__0053,CONTROL,686.0,504.0,272.0,0.0,0.0,0.0,0.0,False
CONTROL__33014__2025010104,33014,2025-01-01 04:00:00,2025-01-01 01:00:00,2025-01-01 07:00:00,NORMAL,GROUP__33014__0043,CONTROL,0.0,0.0,0.0,0.0,0.0,0.0,0.0,True
CONTROL__33014__2025081304,33014,2025-08-13 04:00:00,2025-08-13 01:00:00,2025-08-13 07:00:00,NORMAL,GROUP__33014__0043,CONTROL,0.0,0.0,0.0,0.0,0.0,0.0,0.0,True
CONTROL__7112__2025052805,7112,2025-05-28 05:00:00,2025-05-28 02:00:00,2025-05-28 08:00:00,NORMAL,GROUP__7112__0053,CONTROL,50.0,44.0,141.0,515.0,827.0,598.0,607.0,False
CONTROL__7112__2025070205,7112,2025-07-02 05:00:00,2025-07-02 02:00:00,2025-07-02 08:00:00,NORMAL,GROUP__7112__0053,CONTROL,73.0,67.0,187.0,761.0,1287.0,1094.0,0.0,False
CONTROL__7112__2025043005,7112,2025-04-30 05:00:00,2025-04-30 02:00:00,2025-04-30 08:00:00,NORMAL,GROUP__7112__0053,CONTROL,77.0,80.0,209.0,831.0,1476.0,1324.0,1214.0,False
CONTROL__7112__2025061805,7112,2025-06-18 05:00:00,2025-06-18 02:00:00,2025-06-18 08:00:00,NORMAL,GROUP__7112__0053,CONTROL,75.0,74.0,232.0,874.0,1536.0,1304.0,1237.0,False
CONTROL__74230__2025111905,74230,2025-11-19 05:00:00,2025-11-19 02:00:00,2025-11-19 08:00:00,NORMAL,GROUP__74230__0017,CONTROL,57.0,133.0,320.0,745.0,1282.0,1335.0,1199.0,False
CONTROL__74230__2025070205,74230,2025-07-02 05:00:00,2025-07-02 02:00:00,2025-07-02 08:00:00,NORMAL,GROUP__74230__0017,CONTROL,0.0,0.0,0.0,0.0,3.0,0.0,1.0,False
CONTROL__9836-PR__2025072306,9836-PR,2025-07-23 06:00:00,2025-07-23 03:00:00,2025-07-23 09:00:00,NORMAL,GROUP__9836-PR__0006,CONTROL,7.0,15.0,26.0,70.0,100.0,132.0,126.0,False
CONTROL__9836-PR__2025010106,9836-PR,2025-01-01 06:00:00,2025-01-01 03:00:00,2025-01-01 09:00:00,NORMAL,GROUP__9836-PR__0006,CONTROL,0.0,0.0,0.0,0.0,0.0,0.0,0.0,True
CONTROL__7123-PR__2025082006,7123-PR,2025-08-20 06:00:00,2025-08-20 03:00:00,2025-08-20 09:00:00,NORMAL,GROUP__7123-PR__0004,CONTROL,35.0,94.0,173.0,324.0,559.0,725.0,698.0,False
CONTROL__7123-PR__2025042306,7123-PR,2025-04-23 06:00:00,2025-04-23 03:00:00,2025-04-23 09:00:00,NORMAL,GROUP__7123-PR__0004,CONTROL,3.0,25.0,41.0,76.0,70.0,69.0,71.0,False
CONTROL__51235__2025121007,51235,2025-12-10 07:00:00,2025-12-10 04:00:00,2025-12-10 10:00:00,NORMAL,GROUP__51235__0039,CONTROL,342.0,1219.0,2219.0,2143.0,2202.0,1875.0,1589.0,False
CONTROL__51235__2025040207,51235,2025-04-02 07:00:00,2025-04-02 04:00:00,2025-04-02 10:00:00,NORMAL,GROUP__51235__0039,CONTROL,47.0,150.0,320.0,225.0,212.0,240.0,240.0,False
CONTROL__68025__2025121020,68025,2025-12-10 20:00:00,2025-12-10 17:00:00,2025-12-10 23:00:00,NORMAL,GROUP__68025__0039,CONTROL,56.0,44.0,32.0,27.0,15.0,20.0,3.0,False
CONTROL__68025__2025060420,68025,2025-06-04 20:00:00,2025-06-04 17:00:00,2025-06-04 23:00:00,NORMAL,GROUP__68025__0039,CONTROL,1080.0,885.0,762.0,526.0,448.0,327.0,219.0,False
CONTROL__53004__2025120322,53004,2025-12-03 22:00:00,2025-12-03 19:00:00,2025-12-04 01:00:00,NORMAL,GROUP__53004__0036,CONTROL,39.0,30.0,38.0,37.0,19.0,14.0,18.0,False
CONTROL__53004__2025080622,53004,2025-08-06 22:00:00,2025-08-06 19:00:00,2025-08-07 01:00:00,NORMAL,GROUP__53004__0036,CONTROL,47.0,40.0,24.0,11.0,12.0,15.0,13.0,False
CONTROL__7120__2025041004,7120,2025-04-10 04:00:00,2025-04-10 01:00:00,2025-04-10 07:00:00,NORMAL,GROUP__7120__0049,CONTROL,71.0,75.0,62.0,195.0,594.0,755.0,751.0,False
CONTROL__7120__2025080704,7120,2025-08-07 04:00:00,2025-08-07 01:00:00,2025-08-07 07:00:00,NORMAL,GROUP__7120__0049,CONTROL,64.0,63.0,73.0,180.0,552.0,641.0,712.0,False
CONTROL__7121__2025010204,7121,2025-01-02 04:00:00,2025-01-02 01:00:00,2025-01-02 07:00:00,NORMAL,GROUP__7121__0049,CONTROL,0.0,0.0,1.0,5.0,4.0,11.0,15.0,False
CONTROL__7121__2025081404,7121,2025-08-14 04:00:00,2025-08-14 01:00:00,2025-08-14 07:00:00,NORMAL,GROUP__7121__0049,CONTROL,8.0,6.0,8.0,7.0,12.0,24.0,32.0,False
CONTROL__T0231__2025032705,T0231,2025-03-27 05:00:00,2025-03-27 02:00:00,2025-03-27 08:00:00,NORMAL,GROUP__T0231__0010,CONTROL,65.0,84.0,225.0,694.0,1272.0,1261.0,1078.0,False
CONTROL__T0231__2025022705,T0231,2025-02-27 05:00:00,2025-02-27 02:00:00,2025-02-27 08:00:00,NORMAL,GROUP__T0231__0010,CONTROL,0.0,0.0,0.0,0.0,0.0,0.0,0.0,True
CONTROL__9658__2025082106,9658,2025-08-21 06:00:00,2025-08-21 03:00:00,2025-08-21 09:00:00,NORMAL,GROUP__9658__0028,CONTROL,24.0,48.0,94.0,125.0,127.0,108.0,112.0,False
CONTROL__9658__2025062606,9658,2025-06-26 06:00:00,2025-06-26 03:00:00,2025-06-26 09:00:00,NORMAL,GROUP__9658__0028,CONTROL,0.0,0.0,1.0,11.0,162.0,138.0,12.0,False
CONTROL__51235__2025081506,51235,2025-08-15 06:00:00,2025-08-15 03:00:00,2025-08-15 09:00:00,NORMAL,GROUP__51235__0040,CONTROL,90.0,179.0,347.0,751.0,1108.0,1349.0,1180.0,False
CONTROL__51235__2025020706,51235,2025-02-07 06:00:00,2025-02-07 03:00:00,2025-02-07 09:00:00,NORMAL,GROUP__51235__0040,CONTROL,0.0,0.0,0.0,0.0,0.0,0.0,0.0,True
CONTROL__47024__2025040413,47024,2025-04-04 13:00:00,2025-04-04 10:00:00,2025-04-04 16:00:00,NORMAL,GROUP__47024__0016,CONTROL,125.0,131.0,127.0,125.0,118.0,89.0,0.0,False
CONTROL__47024__2025051613,47024,2025-05-16 13:00:00,2025-05-16 10:00:00,2025-05-16 16:00:00,NORMAL,GROUP__47024__0016,CONTROL,245.0,240.0,231.0,213.0,0.0,150.0,110.0,False
CONTROL__7120__2025050915,7120,2025-05-09 15:00:00,2025-05-09 12:00:00,2025-05-09 18:00:00,NORMAL,GROUP__7120__0050,CONTROL,86.0,68.0,57.0,63.0,46.0,35.0,34.0,False
CONTROL__7120__2025053015,7120,2025-05-30 15:00:00,2025-05-30 12:00:00,2025-05-30 18:00:00,NORMAL,GROUP__7120__0050,CONTROL,86.0,70.0,57.0,38.0,37.0,31.0,44.0,False
CONTROL__7121__2025062015,7121,2025-06-20 15:00:00,2025-06-20 12:00:00,2025-06-20 18:00:00,NORMAL,GROUP__7121__0050,CONTROL,453.0,489.0,555.0,486.0,474.0,560.0,587.0,False
CONTROL__7121__2025053015,7121,2025-05-30 15:00:00,2025-05-30 12:00:00,2025-05-30 18:00:00,NORMAL,GROUP__7121__0050,CONTROL,65.0,58.0,58.0,57.0,37.0,42.0,29.0,False
CONTROL__7120__2025062108,7120,2025-06-21 08:00:00,2025-06-21 05:00:00,2025-06-21 11:00:00,NORMAL,GROUP__7120__0051,CONTROL,26.0,54.0,65.0,62.0,62.0,40.0,49.0,False
CONTROL__7120__2025031508,7120,2025-03-15 08:00:00,2025-03-15 05:00:00,2025-03-15 11:00:00,NORMAL,GROUP__7120__0051,CONTROL,340.0,583.0,599.0,607.0,731.0,696.0,660.0,False
CONTROL__7121__2025062108,7121,2025-06-21 08:00:00,2025-06-21 05:00:00,2025-06-21 11:00:00,NORMAL,GROUP__7121__0051,CONTROL,76.0,119.0,241.0,264.0,307.0,379.0,369.0,False
CONTROL__7121__2025011108,7121,2025-01-11 08:00:00,2025-01-11 05:00:00,2025-01-11 11:00:00,NORMAL,GROUP__7121__0051,CONTROL,0.0,0.0,0.0,0.0,0.0,0.0,0.0,True
CONTROL__23067__2025041920,23067,2025-04-19 20:00:00,2025-04-19 17:00:00,2025-04-19 23:00:00,NORMAL,GROUP__23067__0032,CONTROL,46.0,38.0,25.0,30.0,26.0,24.0,14.0,False
CONTROL__23067__2025070520,23067,2025-07-05 20:00:00,2025-07-05 17:00:00,2025-07-05 23:00:00,NORMAL,GROUP__23067__0032,CONTROL,1567.0,1259.0,910.0,833.0,656.0,540.0,223.0,False
CONTROL__7120__2025011202,7120,2025-01-12 02:00:00,2025-01-11 23:00:00,2025-01-12 05:00:00,NORMAL,GROUP__7120__0052,CONTROL,25.0,409.0,299.0,214.0,177.0,185.0,222.0,False
CONTROL__7120__2025100502,7120,2025-10-05 02:00:00,2025-10-04 23:00:00,2025-10-05 05:00:00,NORMAL,GROUP__7120__0052,CONTROL,19.0,4.0,12.0,0.0,14.0,9.0,13.0,False
CONTROL__7121__2025121402,7121,2025-12-14 02:00:00,2025-12-13 23:00:00,2025-12-14 05:00:00,NORMAL,GROUP__7121__0052,CONTROL,0.0,240.0,163.0,177.0,143.0,127.0,100.0,False
CONTROL__7121__2025120702,7121,2025-12-07 02:00:00,2025-12-06 23:00:00,2025-12-07 05:00:00,NORMAL,GROUP__7121__0052,CONTROL,0.0,6.0,1.0,0.0,1.0,1.0,3.0,False
CONTROL__7132__2025052520,7132,2025-05-25 20:00:00,2025-05-25 17:00:00,2025-05-25 23:00:00,NORMAL,GROUP__7132__0022,CONTROL,23.0,16.0,14.0,24.0,10.0,6.0,4.0,False
CONTROL__7132__2025110920,7132,2025-11-09 20:00:00,2025-11-09 17:00:00,2025-11-09 23:00:00,NORMAL,GROUP__7132__0022,CONTROL,30.0,26.0,17.0,15.0,14.0,12.0,8.0,False
CONTROL__7112__2025021621,7112,2025-02-16 21:00:00,2025-02-16 18:00:00,2025-02-17 00:00:00,NORMAL,GROUP__7112__0054,CONTROL,0.0,0.0,0.0,0.0,0.0,0.0,0.0,True
CONTROL__7112__2025020921,7112,2025-02-09 21:00:00,2025-02-09 18:00:00,2025-02-10 00:00:00,NORMAL,GROUP__7112__0054,CONTROL,0.0,0.0,0.0,0.0,0.0,0.0,0.0,True
CONTROL__7163__2025072022,7163,2025-07-20 22:00:00,2025-07-20 19:00:00,2025-07-21 01:00:00,NORMAL,GROUP__7163__0036,CONTROL,31.0,26.0,27.0,17.0,16.0,12.0,7.0,False
CONTROL__7163__2025122822,7163,2025-12-28 22:00:00,2025-12-28 19:00:00,2025-12-29 01:00:00,NORMAL,GROUP__7163__0036,CONTROL,413.0,385.0,360.0,280.0,193.0,6.0,3.0,False
CONTROL__53003__2025100601,53003,2025-10-06 01:00:00,2025-10-05 22:00:00,2025-10-06 04:00:00,NORMAL,GROUP__53003__0012,CONTROL,34.0,18.0,278.0,126.0,92.0,82.0,133.0,False
CONTROL__53003__2025033101,53003,2025-03-31 01:00:00,2025-03-30 22:00:00,2025-03-31 04:00:00,NORMAL,GROUP__53003__0012,CONTROL,542.0,409.0,14.0,17.0,15.0,34.0,62.0,False
CONTROL__68025__2025033102,68025,2025-03-31 02:00:00,2025-03-30 23:00:00,2025-03-31 05:00:00,NORMAL,GROUP__68025__0040,CONTROL,11.0,0.0,0.0,0.0,0.0,0.0,0.0,False
CONTROL__68025__2025092902,68025,2025-09-29 02:00:00,2025-09-28 23:00:00,2025-09-29 05:00:00,NORMAL,GROUP__68025__0040,CONTROL,12.0,11.0,25.0,13.0,12.0,21.0,50.0,False
CONTROL__10011__2025081804,10011,2025-08-18 04:00:00,2025-08-18 01:00:00,2025-08-18 07:00:00,NORMAL,GROUP__10011__0034,CONTROL,0.0,0.0,0.0,0.0,0.0,0.0,0.0,True
CONTROL__10011__2025120104,10011,2025-12-01 04:00:00,2025-12-01 01:00:00,2025-12-01 07:00:00,NORMAL,GROUP__10011__0034,CONTROL,0.0,0.0,0.0,0.0,0.0,0.0,0.0,True
CONTROL__7139__2025011304,7139,2025-01-13 04:00:00,2025-01-13 01:00:00,2025-01-13 07:00:00,NORMAL,GROUP__7139__0034,CONTROL,109.0,69.0,96.0,172.0,531.0,1221.0,2016.0,False
CONTROL__7139__2025031704,7139,2025-03-17 04:00:00,2025-03-17 01:00:00,2025-03-17 07:00:00,NORMAL,GROUP__7139__0034,CONTROL,90.0,56.0,41.0,88.0,301.0,655.0,1114.0,False
CONTROL__23067__2025020305,23067,2025-02-03 05:00:00,2025-02-03 02:00:00,2025-02-03 08:00:00,NORMAL,GROUP__23067__0033,CONTROL,0.0,0.0,0.0,0.0,0.0,0.0,0.0,True
CONTROL__23067__2025071405,23067,2025-07-14 05:00:00,2025-07-14 02:00:00,2025-07-14 08:00:00,NORMAL,GROUP__23067__0033,CONTROL,111.0,482.0,1073.0,1696.0,2348.0,2511.0,2102.0,False
CONTROL__7150__2025122908,7150,2025-12-29 08:00:00,2025-12-29 05:00:00,2025-12-29 11:00:00,NORMAL,GROUP__7150__0005,CONTROL,15.0,29.0,41.0,42.0,60.0,49.0,48.0,False
CONTROL__7150__2025072108,7150,2025-07-21 08:00:00,2025-07-21 05:00:00,2025-07-21 11:00:00,NORMAL,GROUP__7150__0005,CONTROL,219.0,441.0,771.0,1026.0,732.0,773.0,890.0,False
CONTROL__7184__2025030311,7184,2025-03-03 11:00:00,2025-03-03 08:00:00,2025-03-03 14:00:00,NORMAL,GROUP__7184__0029,CONTROL,241.0,155.0,149.0,130.0,138.0,133.0,142.0,False
CONTROL__7184__2025060211,7184,2025-06-02 11:00:00,2025-06-02 08:00:00,2025-06-02 14:00:00,NORMAL,GROUP__7184__0029,CONTROL,195.0,234.0,302.0,312.0,317.0,311.0,291.0,False
CONTROL__7126__2025120208,7126,2025-12-02 08:00:00,2025-12-02 05:00:00,2025-12-02 11:00:00,NORMAL,GROUP__7126__0015,CONTROL,191.0,420.0,0.0,673.0,588.0,588.0,682.0,False
CONTROL__7126__2025010708,7126,2025-01-07 08:00:00,2025-01-07 05:00:00,2025-01-07 11:00:00,NORMAL,GROUP__7126__0015,CONTROL,140.0,293.0,424.0,462.0,443.0,572.0,697.0,False
CONTROL__7126__2025031808,7126,2025-03-18 08:00:00,2025-03-18 05:00:00,2025-03-18 11:00:00,NORMAL,GROUP__7126__0015,CONTROL,22.0,85.0,67.0,61.0,70.0,36.0,53.0,False
CONTROL__7126__2025090908,7126,2025-09-09 08:00:00,2025-09-09 05:00:00,2025-09-09 11:00:00,NORMAL,GROUP__7126__0015,CONTROL,42.0,65.0,80.0,64.0,66.0,56.0,60.0,False
CONTROL__7274__2025070808,7274,2025-07-08 08:00:00,2025-07-08 05:00:00,2025-07-08 11:00:00,NORMAL,GROUP__7274__0026,CONTROL,113.0,181.0,158.0,146.0,115.0,123.0,127.0,False
CONTROL__7274__2025040808,7274,2025-04-08 08:00:00,2025-04-08 05:00:00,2025-04-08 11:00:00,NORMAL,GROUP__7274__0026,CONTROL,10.0,10.0,6.0,11.0,8.0,15.0,14.0,False
CONTROL__53004__2025091700,53004,2025-09-17 00:00:00,2025-09-16 21:00:00,2025-09-17 03:00:00,NORMAL,GROUP__53004__0037,CONTROL,417.0,234.0,109.0,60.0,36.0,32.0,58.0,False
CONTROL__53004__2025070900,53004,2025-07-09 00:00:00,2025-07-08 21:00:00,2025-07-09 03:00:00,NORMAL,GROUP__53004__0037,CONTROL,400.0,243.0,132.0,58.0,38.0,25.0,58.0,False
CONTROL__53004__2025031201,53004,2025-03-12 01:00:00,2025-03-11 22:00:00,2025-03-12 04:00:00,NORMAL,GROUP__53004__0037,CONTROL,0.0,0.0,0.0,0.0,0.0,0.0,208.0,False
CONTROL__F3FWY002__2025022602,F3FWY002,2025-02-26 02:00:00,2025-02-25 23:00:00,2025-02-26 05:00:00,NORMAL,GROUP__F3FWY002__0007,CONTROL,0.0,0.0,0.0,0.0,0.0,0.0,0.0,True
CONTROL__F3FWY002__2025072302,F3FWY002,2025-07-23 02:00:00,2025-07-22 23:00:00,2025-07-23 05:00:00,NORMAL,GROUP__F3FWY002__0007,CONTROL,160.0,127.0,125.0,96.0,196.0,317.0,640.0,False
CONTROL__53003__2025102903,53003,2025-10-29 03:00:00,2025-10-29 00:00:00,2025-10-29 06:00:00,NORMAL,GROUP__53003__0013,CONTROL,90.0,73.0,69.0,98.0,347.0,1182.0,2271.0,False
CONTROL__53003__2025022603,53003,2025-02-26 03:00:00,2025-02-26 00:00:00,2025-02-26 06:00:00,NORMAL,GROUP__53003__0013,CONTROL,0.0,0.0,0.0,0.0,0.0,0.0,0.0,True
CONTROL__29005__2025052814,29005,2025-05-28 14:00:00,2025-05-28 11:00:00,2025-05-28 17:00:00,NORMAL,GROUP__29005__0022,CONTROL,2185.0,2244.0,2510.0,2733.0,2858.0,3428.0,3519.0,False
CONTROL__29005__2025050714,29005,2025-05-07 14:00:00,2025-05-07 11:00:00,2025-05-07 17:00:00,NORMAL,GROUP__29005__0022,CONTROL,429.0,443.0,449.0,412.0,388.0,326.0,275.0,False
CONTROL__7248__2025062519,7248,2025-06-25 19:00:00,2025-06-25 16:00:00,2025-06-25 22:00:00,NORMAL,GROUP__7248__0036,CONTROL,800.0,936.0,1024.0,820.0,568.0,553.0,372.0,False
CONTROL__7248__2025011519,7248,2025-01-15 19:00:00,2025-01-15 16:00:00,2025-01-15 22:00:00,NORMAL,GROUP__7248__0036,CONTROL,936.0,1051.0,1048.0,777.0,565.0,561.0,391.0,False
CONTROL__F3FWY002__2025042401,F3FWY002,2025-04-24 01:00:00,2025-04-23 22:00:00,2025-04-24 04:00:00,NORMAL,GROUP__F3FWY002__0008,CONTROL,130.0,140.0,115.0,90.0,76.0,162.0,386.0,False
CONTROL__F3FWY002__2025052201,F3FWY002,2025-05-22 01:00:00,2025-05-21 22:00:00,2025-05-22 04:00:00,NORMAL,GROUP__F3FWY002__0008,CONTROL,121.0,139.0,95.0,66.0,64.0,151.0,523.0,False
CONTROL__T0231__2025071703,T0231,2025-07-17 03:00:00,2025-07-17 00:00:00,2025-07-17 06:00:00,NORMAL,GROUP__T0231__0011,CONTROL,66.0,71.0,53.0,78.0,215.0,597.0,1189.0,False
CONTROL__T0231__2025103003,T0231,2025-10-30 03:00:00,2025-10-30 00:00:00,2025-10-30 06:00:00,NORMAL,GROUP__T0231__0011,CONTROL,92.0,66.0,54.0,90.0,220.0,719.0,1361.0,False
CONTROL__9834-PR__2025100905,9834-PR,2025-10-09 05:00:00,2025-10-09 02:00:00,2025-10-09 08:00:00,NORMAL,GROUP__9834-PR__0004,CONTROL,16.0,29.0,58.0,137.0,260.0,354.0,459.0,False
CONTROL__9834-PR__2025032005,9834-PR,2025-03-20 05:00:00,2025-03-20 02:00:00,2025-03-20 08:00:00,NORMAL,GROUP__9834-PR__0004,CONTROL,0.0,0.0,0.0,0.0,0.0,0.0,0.0,True
CONTROL__9834-PR__2025112005,9834-PR,2025-11-20 05:00:00,2025-11-20 02:00:00,2025-11-20 08:00:00,NORMAL,GROUP__9834-PR__0004,CONTROL,17.0,28.0,59.0,152.0,320.0,485.0,634.0,False
CONTROL__9834-PR__2025040305,9834-PR,2025-04-03 05:00:00,2025-04-03 02:00:00,2025-04-03 08:00:00,NORMAL,GROUP__9834-PR__0004,CONTROL,0.0,0.0,0.0,0.0,0.0,0.0,0.0,True
CONTROL__7161__2025050108,7161,2025-05-01 08:00:00,2025-05-01 05:00:00,2025-05-01 11:00:00,NORMAL,GROUP__7161__0026,CONTROL,93.0,148.0,126.0,126.0,143.0,143.0,169.0,False
CONTROL__7161__2025101608,7161,2025-10-16 08:00:00,2025-10-16 05:00:00,2025-10-16 11:00:00,NORMAL,GROUP__7161__0026,CONTROL,540.0,886.0,1371.0,1378.0,1026.0,901.0,856.0,False
CONTROL__7251__2025060600,7251,2025-06-06 00:00:00,2025-06-05 21:00:00,2025-06-06 03:00:00,NORMAL,GROUP__7251__0026,CONTROL,784.0,757.0,541.0,339.0,190.0,163.0,102.0,False
CONTROL__7251__2025111400,7251,2025-11-14 00:00:00,2025-11-13 21:00:00,2025-11-14 03:00:00,NORMAL,GROUP__7251__0026,CONTROL,820.0,696.0,571.0,26.0,12.0,21.0,29.0,False
CONTROL__51235__2025072500,51235,2025-07-25 00:00:00,2025-07-24 21:00:00,2025-07-25 03:00:00,NORMAL,GROUP__51235__0041,CONTROL,38.0,28.0,16.0,308.0,155.0,112.0,100.0,False
CONTROL__51235__2025071800,51235,2025-07-18 00:00:00,2025-07-17 21:00:00,2025-07-18 03:00:00,NORMAL,GROUP__51235__0041,CONTROL,37.0,31.0,18.0,136.0,105.0,92.0,136.0,False
CONTROL__51235__2025082900,51235,2025-08-29 00:00:00,2025-08-28 21:00:00,2025-08-29 03:00:00,NORMAL,GROUP__51235__0041,CONTROL,64.0,54.0,42.0,30.0,24.0,18.0,11.0,False
CONTROL__51235__2025052300,51235,2025-05-23 00:00:00,2025-05-22 21:00:00,2025-05-23 03:00:00,NORMAL,GROUP__51235__0041,CONTROL,55.0,25.0,29.0,148.0,82.0,89.0,120.0,False
CONTROL__53004__2025081503,53004,2025-08-15 03:00:00,2025-08-15 00:00:00,2025-08-15 06:00:00,NORMAL,GROUP__53004__0038,CONTROL,8.0,20.0,11.0,17.0,31.0,95.0,237.0,False
CONTROL__53004__2025101003,53004,2025-10-10 03:00:00,2025-10-10 00:00:00,2025-10-10 06:00:00,NORMAL,GROUP__53004__0038,CONTROL,159.0,68.0,59.0,53.0,94.0,231.0,484.0,False
CONTROL__F3FWY005__2025090504,F3FWY005,2025-09-05 04:00:00,2025-09-05 01:00:00,2025-09-05 07:00:00,NORMAL,GROUP__F3FWY005__0005,CONTROL,119.0,134.0,191.0,297.0,576.0,666.0,452.0,False
CONTROL__F3FWY005__2025082204,F3FWY005,2025-08-22 04:00:00,2025-08-22 01:00:00,2025-08-22 07:00:00,NORMAL,GROUP__F3FWY005__0005,CONTROL,72.0,113.0,203.0,690.0,1708.0,2142.0,2125.0,False
CONTROL__74230__2025121905,74230,2025-12-19 05:00:00,2025-12-19 02:00:00,2025-12-19 08:00:00,NORMAL,GROUP__74230__0018,CONTROL,6.0,5.0,18.0,36.0,32.0,20.0,13.0,False
CONTROL__74230__2025041805,74230,2025-04-18 05:00:00,2025-04-18 02:00:00,2025-04-18 08:00:00,NORMAL,GROUP__74230__0018,CONTROL,0.0,0.0,0.0,0.0,0.0,0.0,0.0,True
CONTROL__7120__2025061306,7120,2025-06-13 06:00:00,2025-06-13 03:00:00,2025-06-13 09:00:00,NORMAL,GROUP__7120__0053,CONTROL,14.0,23.0,79.0,126.0,102.0,83.0,86.0,False
CONTROL__7120__2025020706,7120,2025-02-07 06:00:00,2025-02-07 03:00:00,2025-02-07 09:00:00,NORMAL,GROUP__7120__0053,CONTROL,0.0,0.0,0.0,0.0,0.0,0.0,0.0,True
CONTROL__7121__2025011006,7121,2025-01-10 06:00:00,2025-01-10 03:00:00,2025-01-10 09:00:00,NORMAL,GROUP__7121__0053,CONTROL,0.0,0.0,0.0,0.0,0.0,0.0,0.0,True
CONTROL__7121__2025121906,7121,2025-12-19 06:00:00,2025-12-19 03:00:00,2025-12-19 09:00:00,NORMAL,GROUP__7121__0053,CONTROL,0.0,0.0,0.0,0.0,0.0,0.0,0.0,True
CONTROL__74228__2025080107,74228,2025-08-01 07:00:00,2025-08-01 04:00:00,2025-08-01 10:00:00,NORMAL,GROUP__74228__0008,CONTROL,13.0,33.0,90.0,99.0,121.0,125.0,126.0,False
CONTROL__74228__2025071807,74228,2025-07-18 07:00:00,2025-07-18 04:00:00,2025-07-18 10:00:00,NORMAL,GROUP__74228__0008,CONTROL,10.0,28.0,89.0,119.0,109.0,132.0,150.0,False
CONTROL__F3FWY003__2025030803,F3FWY003,2025-03-08 03:00:00,2025-03-08 00:00:00,2025-03-08 06:00:00,NORMAL,GROUP__F3FWY003__0038,CONTROL,0.0,0.0,0.0,0.0,0.0,0.0,0.0,True
CONTROL__F3FWY003__2025100403,F3FWY003,2025-10-04 03:00:00,2025-10-04 00:00:00,2025-10-04 06:00:00,NORMAL,GROUP__F3FWY003__0038,CONTROL,25.0,20.0,19.0,31.0,45.0,90.0,140.0,False
CONTROL__23067__2025012503,23067,2025-01-25 03:00:00,2025-01-25 00:00:00,2025-01-25 06:00:00,NORMAL,GROUP__23067__0034,CONTROL,15.0,15.0,22.0,28.0,34.0,79.0,74.0,False
CONTROL__23067__2025081603,23067,2025-08-16 03:00:00,2025-08-16 00:00:00,2025-08-16 06:00:00,NORMAL,GROUP__23067__0034,CONTROL,197.0,112.0,119.0,252.0,395.0,724.0,1078.0,False
CONTROL__23067__2025053103,23067,2025-05-31 03:00:00,2025-05-31 00:00:00,2025-05-31 06:00:00,NORMAL,GROUP__23067__0034,CONTROL,11.0,14.0,19.0,17.0,24.0,41.0,41.0,False
CONTROL__23067__2025062803,23067,2025-06-28 03:00:00,2025-06-28 00:00:00,2025-06-28 06:00:00,NORMAL,GROUP__23067__0034,CONTROL,12.0,11.0,18.0,21.0,41.0,52.0,95.0,False
CONTROL__100001__2025032913,100001,2025-03-29 13:00:00,2025-03-29 10:00:00,2025-03-29 16:00:00,NORMAL,GROUP__100001__0003,CONTROL,56.0,63.0,74.0,56.0,68.0,53.0,68.0,False
CONTROL__100001__2025070513,100001,2025-07-05 13:00:00,2025-07-05 10:00:00,2025-07-05 16:00:00,NORMAL,GROUP__100001__0003,CONTROL,966.0,1022.0,1094.0,1178.0,1087.0,1179.0,1160.0,False
CONTROL__47024__2025082403,47024,2025-08-24 03:00:00,2025-08-24 00:00:00,2025-08-24 06:00:00,NORMAL,GROUP__47024__0017,CONTROL,519.0,328.0,258.0,220.0,355.0,493.0,698.0,False
CONTROL__47024__2025051103,47024,2025-05-11 03:00:00,2025-05-11 00:00:00,2025-05-11 06:00:00,NORMAL,GROUP__47024__0017,CONTROL,492.0,274.0,207.0,251.0,294.0,442.0,640.0,False
CONTROL__50240__2025050407,50240,2025-05-04 07:00:00,2025-05-04 04:00:00,2025-05-04 10:00:00,NORMAL,GROUP__50240__0041,CONTROL,281.0,584.0,961.0,1134.0,1484.0,2120.0,2209.0,False
CONTROL__50240__2025061507,50240,2025-06-15 07:00:00,2025-06-15 04:00:00,2025-06-15 10:00:00,NORMAL,GROUP__50240__0041,CONTROL,216.0,308.0,633.0,972.0,1253.0,1796.0,1986.0,False
CONTROL__50240__2025060119,50240,2025-06-01 19:00:00,2025-06-01 16:00:00,2025-06-01 22:00:00,NORMAL,GROUP__50240__0042,CONTROL,123.0,121.0,181.0,99.0,86.0,66.0,58.0,False
CONTROL__50240__2025080319,50240,2025-08-03 19:00:00,2025-08-03 16:00:00,2025-08-03 22:00:00,NORMAL,GROUP__50240__0042,CONTROL,141.0,108.0,81.0,80.0,83.0,69.0,47.0,False
CONTROL__7120__2025121421,7120,2025-12-14 21:00:00,2025-12-14 18:00:00,2025-12-15 00:00:00,NORMAL,GROUP__7120__0054,CONTROL,26.0,26.0,27.0,27.0,19.0,12.0,8.0,False
CONTROL__7120__2025042721,7120,2025-04-27 21:00:00,2025-04-27 18:00:00,2025-04-28 00:00:00,NORMAL,GROUP__7120__0054,CONTROL,624.0,503.0,449.0,381.0,320.0,208.0,101.0,False
CONTROL__7121__2025020221,7121,2025-02-02 21:00:00,2025-02-02 18:00:00,2025-02-03 00:00:00,NORMAL,GROUP__7121__0054,CONTROL,0.0,0.0,0.0,0.0,0.0,0.0,0.0,True
CONTROL__7121__2025051121,7121,2025-05-11 21:00:00,2025-05-11 18:00:00,2025-05-12 00:00:00,NORMAL,GROUP__7121__0054,CONTROL,23.0,13.0,15.0,13.0,11.0,21.0,114.0,False
CONTROL__74230__2025060822,74230,2025-06-08 22:00:00,2025-06-08 19:00:00,2025-06-09 01:00:00,NORMAL,GROUP__74230__0019,CONTROL,157.0,132.0,106.0,70.0,34.0,49.0,24.0,False
CONTROL__74230__2025100522,74230,2025-10-05 22:00:00,2025-10-05 19:00:00,2025-10-06 01:00:00,NORMAL,GROUP__74230__0019,CONTROL,680.0,687.0,741.0,505.0,215.0,11.0,7.0,False
CONTROL__F3FWY002__2025100600,F3FWY002,2025-10-06 00:00:00,2025-10-05 21:00:00,2025-10-06 03:00:00,NORMAL,GROUP__F3FWY002__0009,CONTROL,0.0,0.0,0.0,0.0,0.0,0.0,0.0,True
CONTROL__F3FWY002__2025052600,F3FWY002,2025-05-26 00:00:00,2025-05-25 21:00:00,2025-05-26 03:00:00,NORMAL,GROUP__F3FWY002__0009,CONTROL,125.0,113.0,98.0,87.0,70.0,90.0,114.0,False
CONTROL__F3FWY002__2025111000,F3FWY002,2025-11-10 00:00:00,2025-11-09 21:00:00,2025-11-10 03:00:00,NORMAL,GROUP__F3FWY002__0009,CONTROL,823.0,735.0,297.0,61.0,72.0,90.0,142.0,False
CONTROL__F3FWY002__2025081800,F3FWY002,2025-08-18 00:00:00,2025-08-17 21:00:00,2025-08-18 03:00:00,NORMAL,GROUP__F3FWY002__0009,CONTROL,128.0,141.0,103.0,82.0,81.0,78.0,138.0,False
CONTROL__7163__2025082500,7163,2025-08-25 00:00:00,2025-08-24 21:00:00,2025-08-25 03:00:00,NORMAL,GROUP__7163__0037,CONTROL,306.0,193.0,135.0,66.0,48.0,36.0,64.0,False
CONTROL__7163__2025052600,7163,2025-05-26 00:00:00,2025-05-25 21:00:00,2025-05-26 03:00:00,NORMAL,GROUP__7163__0037,CONTROL,318.0,206.0,126.0,62.0,40.0,40.0,55.0,False
CONTROL__7184__2025092201,7184,2025-09-22 01:00:00,2025-09-21 22:00:00,2025-09-22 04:00:00,NORMAL,GROUP__7184__0030,CONTROL,32.0,18.0,18.0,20.0,28.0,31.0,48.0,False
CONTROL__7184__2025060201,7184,2025-06-02 01:00:00,2025-06-01 22:00:00,2025-06-02 04:00:00,NORMAL,GROUP__7184__0030,CONTROL,417.0,231.0,24.0,16.0,23.0,26.0,50.0,False
CONTROL__9658__2025051204,9658,2025-05-12 04:00:00,2025-05-12 01:00:00,2025-05-12 07:00:00,NORMAL,GROUP__9658__0029,CONTROL,20.0,17.0,29.0,46.0,75.0,134.0,103.0,False
CONTROL__9658__2025071404,9658,2025-07-14 04:00:00,2025-07-14 01:00:00,2025-07-14 07:00:00,NORMAL,GROUP__9658__0029,CONTROL,13.0,21.0,39.0,46.0,89.0,124.0,111.0,False
CONTROL__7179__2025061706,7179,2025-06-17 06:00:00,2025-06-17 03:00:00,2025-06-17 09:00:00,NORMAL,GROUP__7179__0079,CONTROL,211.0,389.0,937.0,1300.0,1594.0,1663.0,1428.0,False
CONTROL__7179__2025072206,7179,2025-07-22 06:00:00,2025-07-22 03:00:00,2025-07-22 09:00:00,NORMAL,GROUP__7179__0079,CONTROL,228.0,390.0,855.0,1165.0,1439.0,1617.0,1465.0,False
CONTROL__7251__2025042211,7251,2025-04-22 11:00:00,2025-04-22 08:00:00,2025-04-22 14:00:00,NORMAL,GROUP__7251__0027,CONTROL,739.0,650.0,682.0,737.0,770.0,821.0,982.0,False
CONTROL__7251__2025061711,7251,2025-06-17 11:00:00,2025-06-17 08:00:00,2025-06-17 14:00:00,NORMAL,GROUP__7251__0027,CONTROL,913.0,767.0,635.0,683.0,746.0,841.0,1011.0,False
CONTROL__9658__2025072920,9658,2025-07-29 20:00:00,2025-07-29 17:00:00,2025-07-29 23:00:00,NORMAL,GROUP__9658__0030,CONTROL,118.0,108.0,74.0,50.0,36.0,29.0,33.0,False
CONTROL__9658__2025040120,9658,2025-04-01 20:00:00,2025-04-01 17:00:00,2025-04-01 23:00:00,NORMAL,GROUP__9658__0030,CONTROL,0.0,0.0,0.0,0.0,0.0,0.0,0.0,True
CONTROL__9658__2025020420,9658,2025-02-04 20:00:00,2025-02-04 17:00:00,2025-02-04 23:00:00,NORMAL,GROUP__9658__0030,CONTROL,0.0,0.0,0.0,0.0,0.0,0.0,0.0,True
CONTROL__9658__2025091620,9658,2025-09-16 20:00:00,2025-09-16 17:00:00,2025-09-16 23:00:00,NORMAL,GROUP__9658__0030,CONTROL,125.0,130.0,86.0,70.0,35.0,41.0,49.0,False
CONTROL__7251__2025010723,7251,2025-01-07 23:00:00,2025-01-07 20:00:00,2025-01-08 02:00:00,NORMAL,GROUP__7251__0028,CONTROL,566.0,584.0,1086.0,826.0,58.0,47.0,52.0,False
CONTROL__7251__2025012123,7251,2025-01-21 23:00:00,2025-01-21 20:00:00,2025-01-22 02:00:00,NORMAL,GROUP__7251__0028,CONTROL,0.0,0.0,0.0,0.0,0.0,0.0,0.0,True
CONTROL__53004__2025080603,53004,2025-08-06 03:00:00,2025-08-06 00:00:00,2025-08-06 06:00:00,NORMAL,GROUP__53004__0039,CONTROL,22.0,9.0,12.0,20.0,33.0,126.0,263.0,False
CONTROL__53004__2025091003,53004,2025-09-10 03:00:00,2025-09-10 00:00:00,2025-09-10 06:00:00,NORMAL,GROUP__53004__0039,CONTROL,15.0,14.0,8.0,16.0,30.0,108.0,198.0,False
CONTROL__7119-PR__2025111205,7119-PR,2025-11-12 05:00:00,2025-11-12 02:00:00,2025-11-12 08:00:00,NORMAL,GROUP__7119-PR__0013,CONTROL,46.0,56.0,104.0,249.0,479.0,603.0,685.0,False
CONTROL__7119-PR__2025091005,7119-PR,2025-09-10 05:00:00,2025-09-10 02:00:00,2025-09-10 08:00:00,NORMAL,GROUP__7119-PR__0013,CONTROL,41.0,46.0,133.0,354.0,671.0,961.0,1116.0,False
CONTROL__7179__2025112606,7179,2025-11-26 06:00:00,2025-11-26 03:00:00,2025-11-26 09:00:00,NORMAL,GROUP__7179__0080,CONTROL,66.0,138.0,228.0,323.0,362.0,345.0,438.0,False
CONTROL__7179__2025090306,7179,2025-09-03 06:00:00,2025-09-03 03:00:00,2025-09-03 09:00:00,NORMAL,GROUP__7179__0080,CONTROL,70.0,101.0,223.0,314.0,329.0,369.0,461.0,False
CONTROL__33014__2025032622,33014,2025-03-26 22:00:00,2025-03-26 19:00:00,2025-03-27 01:00:00,NORMAL,GROUP__33014__0044,CONTROL,35.0,31.0,28.0,22.0,19.0,13.0,24.0,False
CONTROL__33014__2025102922,33014,2025-10-29 22:00:00,2025-10-29 19:00:00,2025-10-30 01:00:00,NORMAL,GROUP__33014__0044,CONTROL,0.0,0.0,0.0,0.0,0.0,0.0,0.0,True
CONTROL__34016__2025112701,34016,2025-11-27 01:00:00,2025-11-26 22:00:00,2025-11-27 04:00:00,NORMAL,GROUP__34016__0008,CONTROL,217.0,97.0,53.0,46.0,71.0,163.0,646.0,False
CONTROL__34016__2025032701,34016,2025-03-27 01:00:00,2025-03-26 22:00:00,2025-03-27 04:00:00,NORMAL,GROUP__34016__0008,CONTROL,170.0,77.0,13.0,9.0,11.0,47.0,164.0,False
CONTROL__7248__2025100907,7248,2025-10-09 07:00:00,2025-10-09 04:00:00,2025-10-09 10:00:00,NORMAL,GROUP__7248__0037,CONTROL,119.0,219.0,273.0,218.0,229.0,238.0,220.0,False
CONTROL__7248__2025032007,7248,2025-03-20 07:00:00,2025-03-20 04:00:00,2025-03-20 10:00:00,NORMAL,GROUP__7248__0037,CONTROL,380.0,1219.0,1254.0,1261.0,1098.0,1001.0,918.0,False
CONTROL__32029__2025011611,32029,2025-01-16 11:00:00,2025-01-16 08:00:00,2025-01-16 14:00:00,NORMAL,GROUP__32029__0006,CONTROL,1670.0,1368.0,1177.0,1024.0,1003.0,970.0,1137.0,False
CONTROL__32029__2025073111,32029,2025-07-31 11:00:00,2025-07-31 08:00:00,2025-07-31 14:00:00,NORMAL,GROUP__32029__0006,CONTROL,0.0,0.0,0.0,0.0,0.0,0.0,0.0,True
CONTROL__32029__2025062611,32029,2025-06-26 11:00:00,2025-06-26 08:00:00,2025-06-26 14:00:00,NORMAL,GROUP__32029__0006,CONTROL,0.0,0.0,0.0,0.0,0.0,0.0,0.0,True
CONTROL__32029__2025010211,32029,2025-01-02 11:00:00,2025-01-02 08:00:00,2025-01-02 14:00:00,NORMAL,GROUP__32029__0006,CONTROL,427.0,510.0,606.0,613.0,618.0,628.0,644.0,False
CONTROL__7275__2025061219,7275,2025-06-12 19:00:00,2025-06-12 16:00:00,2025-06-12 22:00:00,NORMAL,GROUP__7275__0005,CONTROL,670.0,697.0,594.0,470.0,356.0,323.0,232.0,False
CONTROL__7275__2025032019,7275,2025-03-20 19:00:00,2025-03-20 16:00:00,2025-03-20 22:00:00,NORMAL,GROUP__7275__0005,CONTROL,52.0,59.0,50.0,30.0,20.0,27.0,17.0,False
CONTROL__7275__2025060519,7275,2025-06-05 19:00:00,2025-06-05 16:00:00,2025-06-05 22:00:00,NORMAL,GROUP__7275__0005,CONTROL,53.0,48.0,48.0,37.0,19.0,27.0,17.0,False
CONTROL__7275__2025101619,7275,2025-10-16 19:00:00,2025-10-16 16:00:00,2025-10-16 22:00:00,NORMAL,GROUP__7275__0005,CONTROL,116.0,83.0,70.0,42.0,34.0,21.0,21.0,False
CONTROL__34016__2025090504,34016,2025-09-05 04:00:00,2025-09-05 01:00:00,2025-09-05 07:00:00,NORMAL,GROUP__34016__0009,CONTROL,0.0,3.0,2.0,0.0,2.0,6.0,9.0,False
CONTROL__34016__2025082204,34016,2025-08-22 04:00:00,2025-08-22 01:00:00,2025-08-22 07:00:00,NORMAL,GROUP__34016__0009,CONTROL,52.0,46.0,70.0,182.0,579.0,1324.0,1315.0,False
CONTROL__7179__2025022806,7179,2025-02-28 06:00:00,2025-02-28 03:00:00,2025-02-28 09:00:00,NORMAL,GROUP__7179__0081,CONTROL,0.0,0.0,0.0,0.0,0.0,0.0,0.0,True
CONTROL__7179__2025032106,7179,2025-03-21 06:00:00,2025-03-21 03:00:00,2025-03-21 09:00:00,NORMAL,GROUP__7179__0081,CONTROL,6.0,28.0,72.0,106.0,120.0,128.0,138.0,False
CONTROL__7159__2025030101,7159,2025-03-01 01:00:00,2025-02-28 22:00:00,2025-03-01 04:00:00,NORMAL,GROUP__7159__0011,CONTROL,0.0,0.0,0.0,0.0,0.0,0.0,0.0,True
CONTROL__7159__2025091301,7159,2025-09-13 01:00:00,2025-09-12 22:00:00,2025-09-13 04:00:00,NORMAL,GROUP__7159__0011,CONTROL,694.0,529.0,359.0,182.0,135.0,121.0,147.0,False
CONTROL__50240__2025072604,50240,2025-07-26 04:00:00,2025-07-26 01:00:00,2025-07-26 07:00:00,NORMAL,GROUP__50240__0043,CONTROL,32.0,20.0,16.0,42.0,57.0,132.0,174.0,False
CONTROL__50240__2025091304,50240,2025-09-13 04:00:00,2025-09-13 01:00:00,2025-09-13 07:00:00,NORMAL,GROUP__50240__0043,CONTROL,32.0,32.0,40.0,55.0,128.0,246.0,258.0,False
CONTROL__72027__2025121404,72027,2025-12-14 04:00:00,2025-12-14 01:00:00,2025-12-14 07:00:00,NORMAL,GROUP__72027__0004,CONTROL,4.0,4.0,1.0,1.0,5.0,16.0,32.0,False
CONTROL__72027__2025040604,72027,2025-04-06 04:00:00,2025-04-06 01:00:00,2025-04-06 07:00:00,NORMAL,GROUP__72027__0004,CONTROL,4.0,4.0,2.0,6.0,10.0,20.0,25.0,False
CONTROL__51235__2025042016,51235,2025-04-20 16:00:00,2025-04-20 13:00:00,2025-04-20 19:00:00,NORMAL,GROUP__51235__0042,CONTROL,42.0,51.0,34.0,47.0,62.0,57.0,41.0,False
CONTROL__51235__2025072716,51235,2025-07-27 16:00:00,2025-07-27 13:00:00,2025-07-27 19:00:00,NORMAL,GROUP__51235__0042,CONTROL,76.0,73.0,88.0,77.0,71.0,66.0,44.0,False
CONTROL__F3FWY005__2025041406,F3FWY005,2025-04-14 06:00:00,2025-04-14 03:00:00,2025-04-14 09:00:00,NORMAL,GROUP__F3FWY005__0006,CONTROL,286.0,930.0,2508.0,3209.0,2818.0,2324.0,2181.0,False
CONTROL__F3FWY005__2025060906,F3FWY005,2025-06-09 06:00:00,2025-06-09 03:00:00,2025-06-09 09:00:00,NORMAL,GROUP__F3FWY005__0006,CONTROL,10.0,24.0,26.0,71.0,83.0,90.0,174.0,False
CONTROL__9827__2025072200,9827,2025-07-22 00:00:00,2025-07-21 21:00:00,2025-07-22 03:00:00,NORMAL,GROUP__9827__0004,CONTROL,246.0,124.0,58.0,7.0,6.0,6.0,7.0,False
CONTROL__9827__2025021100,9827,2025-02-11 00:00:00,2025-02-10 21:00:00,2025-02-11 03:00:00,NORMAL,GROUP__9827__0004,CONTROL,0.0,0.0,0.0,0.0,0.0,0.0,0.0,True
CONTROL__7126__2025082603,7126,2025-08-26 03:00:00,2025-08-26 00:00:00,2025-08-26 06:00:00,NORMAL,GROUP__7126__0016,CONTROL,5.0,3.0,2.0,8.0,23.0,40.0,72.0,False
CONTROL__7126__2025030403,7126,2025-03-04 03:00:00,2025-03-04 00:00:00,2025-03-04 06:00:00,NORMAL,GROUP__7126__0016,CONTROL,24.0,10.0,10.0,22.0,45.0,198.0,406.0,False
CONTROL__7270__2025032504,7270,2025-03-25 04:00:00,2025-03-25 01:00:00,2025-03-25 07:00:00,NORMAL,GROUP__7270__0020,CONTROL,0.0,0.0,0.0,0.0,0.0,0.0,0.0,True
CONTROL__7270__2025012104,7270,2025-01-21 04:00:00,2025-01-21 01:00:00,2025-01-21 07:00:00,NORMAL,GROUP__7270__0020,CONTROL,76.0,75.0,110.0,293.0,1148.0,1647.0,1465.0,False
CONTROL__7120__2025093006,7120,2025-09-30 06:00:00,2025-09-30 03:00:00,2025-09-30 09:00:00,NORMAL,GROUP__7120__0055,CONTROL,76.0,204.0,586.0,758.0,778.0,735.0,696.0,False
CONTROL__7120__2025050606,7120,2025-05-06 06:00:00,2025-05-06 03:00:00,2025-05-06 09:00:00,NORMAL,GROUP__7120__0055,CONTROL,13.0,32.0,66.0,95.0,81.0,87.0,91.0,False
CONTROL__7121__2025081906,7121,2025-08-19 06:00:00,2025-08-19 03:00:00,2025-08-19 09:00:00,NORMAL,GROUP__7121__0055,CONTROL,4.0,8.0,9.0,26.0,31.0,43.0,40.0,False
CONTROL__7121__2025031106,7121,2025-03-11 06:00:00,2025-03-11 03:00:00,2025-03-11 09:00:00,NORMAL,GROUP__7121__0055,CONTROL,29.0,42.0,110.0,220.0,418.0,480.0,407.0,False
CONTROL__7251__2025042304,7251,2025-04-23 04:00:00,2025-04-23 01:00:00,2025-04-23 07:00:00,NORMAL,GROUP__7251__0029,CONTROL,15.0,12.0,8.0,33.0,48.0,82.0,134.0,False
CONTROL__7251__2025012204,7251,2025-01-22 04:00:00,2025-01-22 01:00:00,2025-01-22 07:00:00,NORMAL,GROUP__7251__0029,CONTROL,0.0,0.0,0.0,0.0,0.0,0.0,0.0,True
CONTROL__7163__2025061106,7163,2025-06-11 06:00:00,2025-06-11 03:00:00,2025-06-11 09:00:00,NORMAL,GROUP__7163__0038,CONTROL,47.0,110.0,266.0,682.0,648.0,357.0,615.0,False
CONTROL__7163__2025120306,7163,2025-12-03 06:00:00,2025-12-03 03:00:00,2025-12-03 09:00:00,NORMAL,GROUP__7163__0038,CONTROL,9.0,12.0,36.0,85.0,71.0,68.0,71.0,False
CONTROL__7161__2025050106,7161,2025-05-01 06:00:00,2025-05-01 03:00:00,2025-05-01 09:00:00,NORMAL,GROUP__7161__0027,CONTROL,14.0,40.0,93.0,148.0,126.0,126.0,143.0,False
CONTROL__7161__2025100206,7161,2025-10-02 06:00:00,2025-10-02 03:00:00,2025-10-02 09:00:00,NORMAL,GROUP__7161__0027,CONTROL,72.0,170.0,540.0,879.0,1137.0,1103.0,1039.0,False
CONTROL__7120__2025051513,7120,2025-05-15 13:00:00,2025-05-15 10:00:00,2025-05-15 16:00:00,NORMAL,GROUP__7120__0056,CONTROL,84.0,93.0,79.0,77.0,64.0,49.0,35.0,False
CONTROL__7120__2025072413,7120,2025-07-24 13:00:00,2025-07-24 10:00:00,2025-07-24 16:00:00,NORMAL,GROUP__7120__0056,CONTROL,635.0,657.0,581.0,637.0,583.0,598.0,602.0,False
CONTROL__7121__2025070313,7121,2025-07-03 13:00:00,2025-07-03 10:00:00,2025-07-03 16:00:00,NORMAL,GROUP__7121__0056,CONTROL,422.0,390.0,390.0,432.0,447.0,556.0,549.0,False
CONTROL__7121__2025022713,7121,2025-02-27 13:00:00,2025-02-27 10:00:00,2025-02-27 16:00:00,NORMAL,GROUP__7121__0056,CONTROL,0.0,0.0,0.0,0.0,0.0,0.0,0.0,True
CONTROL__F3FWY002__2025022717,F3FWY002,2025-02-27 17:00:00,2025-02-27 14:00:00,2025-02-27 20:00:00,NORMAL,GROUP__F3FWY002__0010,CONTROL,0.0,0.0,0.0,0.0,0.0,0.0,0.0,True
CONTROL__F3FWY002__2025011617,F3FWY002,2025-01-16 17:00:00,2025-01-16 14:00:00,2025-01-16 20:00:00,NORMAL,GROUP__F3FWY002__0010,CONTROL,0.0,0.0,0.0,0.0,0.0,0.0,0.0,True
CONTROL__22001__2025052219,22001,2025-05-22 19:00:00,2025-05-22 16:00:00,2025-05-22 22:00:00,NORMAL,GROUP__22001__0013,CONTROL,0.0,0.0,0.0,0.0,0.0,0.0,0.0,True
CONTROL__22001__2025012319,22001,2025-01-23 19:00:00,2025-01-23 16:00:00,2025-01-23 22:00:00,NORMAL,GROUP__22001__0013,CONTROL,201.0,146.0,125.0,93.0,74.0,62.0,50.0,False
CONTROL__7126__2025082212,7126,2025-08-22 12:00:00,2025-08-22 09:00:00,2025-08-22 15:00:00,NORMAL,GROUP__7126__0017,CONTROL,482.0,569.0,690.0,672.0,703.0,740.0,689.0,False
CONTROL__7126__2025090512,7126,2025-09-05 12:00:00,2025-09-05 09:00:00,2025-09-05 15:00:00,NORMAL,GROUP__7126__0017,CONTROL,77.0,68.0,64.0,49.0,58.0,46.0,63.0,False
CONTROL__T0288__2025121919,T0288,2025-12-19 19:00:00,2025-12-19 16:00:00,2025-12-19 22:00:00,NORMAL,GROUP__T0288__0011,CONTROL,0.0,0.0,0.0,0.0,0.0,0.0,0.0,True
CONTROL__T0288__2025011719,T0288,2025-01-17 19:00:00,2025-01-17 16:00:00,2025-01-17 22:00:00,NORMAL,GROUP__T0288__0011,CONTROL,0.0,0.0,0.0,0.0,0.0,0.0,0.0,True
CONTROL__T0289__2025031419,T0289,2025-03-14 19:00:00,2025-03-14 16:00:00,2025-03-14 22:00:00,NORMAL,GROUP__T0289__0011,CONTROL,0.0,0.0,0.0,0.0,0.0,0.0,0.0,True
CONTROL__T0289__2025032819,T0289,2025-03-28 19:00:00,2025-03-28 16:00:00,2025-03-28 22:00:00,NORMAL,GROUP__T0289__0011,CONTROL,0.0,135.0,136.0,119.0,140.0,114.0,94.0,False
CONTROL__T0290__2025062019,T0290,2025-06-20 19:00:00,2025-06-20 16:00:00,2025-06-20 22:00:00,NORMAL,GROUP__T0290__0011,CONTROL,0.0,0.0,0.0,0.0,0.0,0.0,0.0,True
CONTROL__T0290__2025090519,T0290,2025-09-05 19:00:00,2025-09-05 16:00:00,2025-09-05 22:00:00,NORMAL,GROUP__T0290__0011,CONTROL,1.0,0.0,1.0,0.0,0.0,0.0,0.0,False
CONTROL__T0479-PR__2025121219,T0479-PR,2025-12-12 19:00:00,2025-12-12 16:00:00,2025-12-12 22:00:00,NORMAL,GROUP__T0479-PR__0011,CONTROL,0.0,197.0,212.0,108.0,86.0,61.0,53.0,False
CONTROL__T0479-PR__2025092619,T0479-PR,2025-09-26 19:00:00,2025-09-26 16:00:00,2025-09-26 22:00:00,NORMAL,GROUP__T0479-PR__0011,CONTROL,3701.0,4239.0,2154.0,2596.0,1476.0,923.0,767.0,False
CONTROL__53004__2025022201,53004,2025-02-22 01:00:00,2025-02-21 22:00:00,2025-02-22 04:00:00,NORMAL,GROUP__53004__0040,CONTROL,0.0,0.0,0.0,0.0,0.0,0.0,0.0,True
CONTROL__53004__2025112201,53004,2025-11-22 01:00:00,2025-11-21 22:00:00,2025-11-22 04:00:00,NORMAL,GROUP__53004__0040,CONTROL,902.0,731.0,394.0,230.0,144.0,101.0,107.0,False
CONTROL__53004__2025031501,53004,2025-03-15 01:00:00,2025-03-14 22:00:00,2025-03-15 04:00:00,NORMAL,GROUP__53004__0040,CONTROL,915.0,811.0,16.0,5.0,9.0,13.0,20.0,False
CONTROL__53004__2025061401,53004,2025-06-14 01:00:00,2025-06-13 22:00:00,2025-06-14 04:00:00,NORMAL,GROUP__53004__0040,CONTROL,341.0,215.0,172.0,102.0,57.0,46.0,97.0,False
CONTROL__10011__2025062802,10011,2025-06-28 02:00:00,2025-06-27 23:00:00,2025-06-28 05:00:00,NORMAL,GROUP__10011__0035,CONTROL,0.0,0.0,0.0,0.0,0.0,0.0,0.0,True
CONTROL__10011__2025020102,10011,2025-02-01 02:00:00,2025-01-31 23:00:00,2025-02-01 05:00:00,NORMAL,GROUP__10011__0035,CONTROL,697.0,0.0,0.0,0.0,0.0,0.0,0.0,False
CONTROL__7139__2025011102,7139,2025-01-11 02:00:00,2025-01-10 23:00:00,2025-01-11 05:00:00,NORMAL,GROUP__7139__0035,CONTROL,0.0,0.0,0.0,0.0,0.0,0.0,0.0,True
CONTROL__7139__2025060702,7139,2025-06-07 02:00:00,2025-06-06 23:00:00,2025-06-07 05:00:00,NORMAL,GROUP__7139__0035,CONTROL,808.0,22.0,12.0,14.0,10.0,13.0,33.0,False
CONTROL__F3FWY006__2025060705,F3FWY006,2025-06-07 05:00:00,2025-06-07 02:00:00,2025-06-07 08:00:00,NORMAL,GROUP__F3FWY006__0005,CONTROL,38.0,78.0,77.0,117.0,152.0,205.0,178.0,False
CONTROL__F3FWY006__2025091305,F3FWY006,2025-09-13 05:00:00,2025-09-13 02:00:00,2025-09-13 08:00:00,NORMAL,GROUP__F3FWY006__0005,CONTROL,88.0,91.0,123.0,185.0,206.0,247.0,271.0,False
CONTROL__7251__2025120704,7251,2025-12-07 04:00:00,2025-12-07 01:00:00,2025-12-07 07:00:00,NORMAL,GROUP__7251__0030,CONTROL,37.0,17.0,19.0,18.0,13.0,21.0,25.0,False
CONTROL__7251__2025101904,7251,2025-10-19 04:00:00,2025-10-19 01:00:00,2025-10-19 07:00:00,NORMAL,GROUP__7251__0030,CONTROL,23.0,14.0,12.0,13.0,12.0,17.0,26.0,False
CONTROL__7248__2025110205,7248,2025-11-02 05:00:00,2025-11-02 02:00:00,2025-11-02 08:00:00,NORMAL,GROUP__7248__0038,CONTROL,23.0,19.0,30.0,53.0,50.0,53.0,82.0,False
CONTROL__7248__2025011905,7248,2025-01-19 05:00:00,2025-01-19 02:00:00,2025-01-19 08:00:00,NORMAL,GROUP__7248__0038,CONTROL,121.0,91.0,110.0,215.0,317.0,389.0,523.0,False
CONTROL__7248__2025121405,7248,2025-12-14 05:00:00,2025-12-14 02:00:00,2025-12-14 08:00:00,NORMAL,GROUP__7248__0038,CONTROL,142.0,113.0,130.0,277.0,397.0,518.0,704.0,False
CONTROL__7248__2025062205,7248,2025-06-22 05:00:00,2025-06-22 02:00:00,2025-06-22 08:00:00,NORMAL,GROUP__7248__0038,CONTROL,99.0,102.0,107.0,212.0,286.0,462.0,812.0,False
CONTROL__F3FWY001__2025050417,F3FWY001,2025-05-04 17:00:00,2025-05-04 14:00:00,2025-05-04 20:00:00,NORMAL,GROUP__F3FWY001__0009,CONTROL,292.0,308.0,330.0,314.0,250.0,182.0,169.0,False
CONTROL__F3FWY001__2025030217,F3FWY001,2025-03-02 17:00:00,2025-03-02 14:00:00,2025-03-02 20:00:00,NORMAL,GROUP__F3FWY001__0009,CONTROL,0.0,0.0,0.0,0.0,0.0,0.0,0.0,True
CONTROL__F3FWY003__2025092123,F3FWY003,2025-09-21 23:00:00,2025-09-21 20:00:00,2025-09-22 02:00:00,NORMAL,GROUP__F3FWY003__0039,CONTROL,1248.0,770.0,460.0,274.0,79.0,66.0,64.0,False
CONTROL__F3FWY003__2025102623,F3FWY003,2025-10-26 23:00:00,2025-10-26 20:00:00,2025-10-27 02:00:00,NORMAL,GROUP__F3FWY003__0039,CONTROL,1154.0,744.0,548.0,417.0,86.0,86.0,124.0,False
CONTROL__23067__2025051204,23067,2025-05-12 04:00:00,2025-05-12 01:00:00,2025-05-12 07:00:00,NORMAL,GROUP__23067__0035,CONTROL,21.0,21.0,31.0,40.0,78.0,98.0,135.0,False
CONTROL__23067__2025090804,23067,2025-09-08 04:00:00,2025-09-08 01:00:00,2025-09-08 07:00:00,NORMAL,GROUP__23067__0035,CONTROL,62.0,85.0,234.0,394.0,751.0,1165.0,1567.0,False
CONTROL__33014__2025063005,33014,2025-06-30 05:00:00,2025-06-30 02:00:00,2025-06-30 08:00:00,NORMAL,GROUP__33014__0045,CONTROL,0.0,0.0,0.0,0.0,0.0,0.0,0.0,True
CONTROL__33014__2025060205,33014,2025-06-02 05:00:00,2025-06-02 02:00:00,2025-06-02 08:00:00,NORMAL,GROUP__33014__0045,CONTROL,11.0,21.0,34.0,101.0,189.0,168.0,139.0,False
CONTROL__68025__2025100621,68025,2025-10-06 21:00:00,2025-10-06 18:00:00,2025-10-07 00:00:00,NORMAL,GROUP__68025__0041,CONTROL,0.0,0.0,0.0,0.0,0.0,0.0,103.0,False
CONTROL__68025__2025051921,68025,2025-05-19 21:00:00,2025-05-19 18:00:00,2025-05-20 00:00:00,NORMAL,GROUP__68025__0041,CONTROL,26.0,29.0,22.0,16.0,3.0,4.0,8.0,False
CONTROL__7248__2025072901,7248,2025-07-29 01:00:00,2025-07-28 22:00:00,2025-07-29 04:00:00,NORMAL,GROUP__7248__0039,CONTROL,0.0,0.0,38.0,56.0,43.0,67.0,126.0,False
CONTROL__7248__2025071501,7248,2025-07-15 01:00:00,2025-07-14 22:00:00,2025-07-15 04:00:00,NORMAL,GROUP__7248__0039,CONTROL,0.0,0.0,112.0,95.0,114.0,135.0,353.0,False
CONTROL__7132__2025100709,7132,2025-10-07 09:00:00,2025-10-07 06:00:00,2025-10-07 12:00:00,NORMAL,GROUP__7132__0023,CONTROL,1447.0,1426.0,1332.0,1076.0,1033.0,1004.0,987.0,False
CONTROL__7132__2025030409,7132,2025-03-04 09:00:00,2025-03-04 06:00:00,2025-03-04 12:00:00,NORMAL,GROUP__7132__0023,CONTROL,41.0,25.0,29.0,24.0,0.0,0.0,0.0,False
CONTROL__7132__2025070109,7132,2025-07-01 09:00:00,2025-07-01 06:00:00,2025-07-01 12:00:00,NORMAL,GROUP__7132__0023,CONTROL,160.0,110.0,91.0,78.0,84.0,88.0,80.0,False
CONTROL__7132__2025082609,7132,2025-08-26 09:00:00,2025-08-26 06:00:00,2025-08-26 12:00:00,NORMAL,GROUP__7132__0023,CONTROL,185.0,143.0,116.0,119.0,108.0,119.0,106.0,False
CONTROL__7179__2025051310,7179,2025-05-13 10:00:00,2025-05-13 07:00:00,2025-05-13 13:00:00,NORMAL,GROUP__7179__0082,CONTROL,331.0,357.0,440.0,459.0,542.0,504.0,498.0,False
CONTROL__7179__2025030410,7179,2025-03-04 10:00:00,2025-03-04 07:00:00,2025-03-04 13:00:00,NORMAL,GROUP__7179__0082,CONTROL,0.0,0.0,0.0,0.0,0.0,0.0,0.0,True
CONTROL__74229__2025071521,74229,2025-07-15 21:00:00,2025-07-15 18:00:00,2025-07-16 00:00:00,NORMAL,GROUP__74229__0005,CONTROL,1125.0,676.0,565.0,501.0,380.0,191.0,1.0,False
CONTROL__74229__2025021121,74229,2025-02-11 21:00:00,2025-02-11 18:00:00,2025-02-12 00:00:00,NORMAL,GROUP__74229__0005,CONTROL,0.0,0.0,0.0,0.0,0.0,0.0,0.0,True
CONTROL__7120__2025080521,7120,2025-08-05 21:00:00,2025-08-05 18:00:00,2025-08-06 00:00:00,NORMAL,GROUP__7120__0057,CONTROL,715.0,524.0,480.0,417.0,88.0,29.0,0.0,False
CONTROL__7120__2025042921,7120,2025-04-29 21:00:00,2025-04-29 18:00:00,2025-04-30 00:00:00,NORMAL,GROUP__7120__0057,CONTROL,35.0,24.0,22.0,18.0,16.0,8.0,12.0,False
CONTROL__7121__2025021821,7121,2025-02-18 21:00:00,2025-02-18 18:00:00,2025-02-19 00:00:00,NORMAL,GROUP__7121__0057,CONTROL,0.0,0.0,0.0,0.0,0.0,0.0,0.0,True
CONTROL__7121__2025031821,7121,2025-03-18 21:00:00,2025-03-18 18:00:00,2025-03-19 00:00:00,NORMAL,GROUP__7121__0057,CONTROL,570.0,342.0,315.0,315.0,229.0,103.0,3.0,False
CONTROL__68025__2025012121,68025,2025-01-21 21:00:00,2025-01-21 18:00:00,2025-01-22 00:00:00,NORMAL,GROUP__68025__0042,CONTROL,24.0,19.0,18.0,22.0,12.0,11.0,8.0,False
CONTROL__68025__2025072921,68025,2025-07-29 21:00:00,2025-07-29 18:00:00,2025-07-30 00:00:00,NORMAL,GROUP__68025__0042,CONTROL,1200.0,865.0,662.0,660.0,416.0,265.0,4.0,False
CONTROL__7112__2025010801,7112,2025-01-08 01:00:00,2025-01-07 22:00:00,2025-01-08 04:00:00,NORMAL,GROUP__7112__0055,CONTROL,463.0,279.0,23.0,35.0,37.0,20.0,46.0,False
CONTROL__7112__2025062501,7112,2025-06-25 01:00:00,2025-06-24 22:00:00,2025-06-25 04:00:00,NORMAL,GROUP__7112__0055,CONTROL,27.0,21.0,148.0,75.0,70.0,84.0,210.0,False
CONTROL__7248__2025090304,7248,2025-09-03 04:00:00,2025-09-03 01:00:00,2025-09-03 07:00:00,NORMAL,GROUP__7248__0040,CONTROL,59.0,67.0,74.0,133.0,225.0,277.0,159.0,False
CONTROL__7248__2025122404,7248,2025-12-24 04:00:00,2025-12-24 01:00:00,2025-12-24 07:00:00,NORMAL,GROUP__7248__0040,CONTROL,72.0,64.0,63.0,111.0,131.0,197.0,181.0,False
CONTROL__10011__2025052805,10011,2025-05-28 05:00:00,2025-05-28 02:00:00,2025-05-28 08:00:00,NORMAL,GROUP__10011__0036,CONTROL,0.0,0.0,0.0,0.0,0.0,0.0,0.0,True
CONTROL__10011__2025050705,10011,2025-05-07 05:00:00,2025-05-07 02:00:00,2025-05-07 08:00:00,NORMAL,GROUP__10011__0036,CONTROL,0.0,0.0,0.0,0.0,0.0,0.0,0.0,True
CONTROL__7139__2025112605,7139,2025-11-26 05:00:00,2025-11-26 02:00:00,2025-11-26 08:00:00,NORMAL,GROUP__7139__0036,CONTROL,11.0,19.0,26.0,86.0,222.0,249.0,284.0,False
CONTROL__7139__2025020505,7139,2025-02-05 05:00:00,2025-02-05 02:00:00,2025-02-05 08:00:00,NORMAL,GROUP__7139__0036,CONTROL,0.0,0.0,0.0,0.0,0.0,0.0,0.0,True
CONTROL__T0342__2025040208,T0342,2025-04-02 08:00:00,2025-04-02 05:00:00,2025-04-02 11:00:00,NORMAL,GROUP__T0342__0002,CONTROL,48.0,201.0,289.0,234.0,119.0,96.0,88.0,False
CONTROL__T0342__2025071608,T0342,2025-07-16 08:00:00,2025-07-16 05:00:00,2025-07-16 11:00:00,NORMAL,GROUP__T0342__0002,CONTROL,0.0,0.0,0.0,0.0,0.0,0.0,0.0,True
CONTROL__T0342__2025100108,T0342,2025-10-01 08:00:00,2025-10-01 05:00:00,2025-10-01 11:00:00,NORMAL,GROUP__T0342__0002,CONTROL,0.0,13.0,14.0,11.0,16.0,11.0,11.0,False
CONTROL__T0342__2025081308,T0342,2025-08-13 08:00:00,2025-08-13 05:00:00,2025-08-13 11:00:00,NORMAL,GROUP__T0342__0002,CONTROL,47.0,169.0,278.0,220.0,142.0,113.0,104.0,False
CONTROL__7179__2025070913,7179,2025-07-09 13:00:00,2025-07-09 10:00:00,2025-07-09 16:00:00,NORMAL,GROUP__7179__0083,CONTROL,481.0,462.0,498.0,507.0,492.0,438.0,341.0,False
CONTROL__7179__2025122413,7179,2025-12-24 13:00:00,2025-12-24 10:00:00,2025-12-24 16:00:00,NORMAL,GROUP__7179__0083,CONTROL,334.0,379.0,385.0,310.0,259.0,251.0,197.0,False
CONTROL__29005__2025052820,29005,2025-05-28 20:00:00,2025-05-28 17:00:00,2025-05-28 23:00:00,NORMAL,GROUP__29005__0023,CONTROL,3519.0,3068.0,2027.0,1581.0,1375.0,1305.0,568.0,False
CONTROL__29005__2025010120,29005,2025-01-01 20:00:00,2025-01-01 17:00:00,2025-01-01 23:00:00,NORMAL,GROUP__29005__0023,CONTROL,2303.0,2099.0,1607.0,1607.0,1586.0,1164.0,0.0,False
CONTROL__7112__2025112623,7112,2025-11-26 23:00:00,2025-11-26 20:00:00,2025-11-27 02:00:00,NORMAL,GROUP__7112__0056,CONTROL,71.0,53.0,26.0,25.0,184.0,114.0,82.0,False
CONTROL__7112__2025010123,7112,2025-01-01 23:00:00,2025-01-01 20:00:00,2025-01-02 02:00:00,NORMAL,GROUP__7112__0056,CONTROL,0.0,0.0,0.0,0.0,191.0,101.0,68.0,False
CONTROL__7112__2025100823,7112,2025-10-08 23:00:00,2025-10-08 20:00:00,2025-10-09 02:00:00,NORMAL,GROUP__7112__0056,CONTROL,768.0,675.0,467.0,290.0,15.0,14.0,22.0,False
CONTROL__7112__2025090323,7112,2025-09-03 23:00:00,2025-09-03 20:00:00,2025-09-04 02:00:00,NORMAL,GROUP__7112__0056,CONTROL,757.0,626.0,432.0,282.0,144.0,73.0,66.0,False
CONTROL__10011__2025100900,10011,2025-10-09 00:00:00,2025-10-08 21:00:00,2025-10-09 03:00:00,NORMAL,GROUP__10011__0037,CONTROL,0.0,0.0,0.0,0.0,0.0,0.0,0.0,True
CONTROL__10011__2025052900,10011,2025-05-29 00:00:00,2025-05-28 21:00:00,2025-05-29 03:00:00,NORMAL,GROUP__10011__0037,CONTROL,0.0,0.0,0.0,0.0,0.0,0.0,0.0,True
CONTROL__7139__2025102300,7139,2025-10-23 00:00:00,2025-10-22 21:00:00,2025-10-23 03:00:00,NORMAL,GROUP__7139__0037,CONTROL,1245.0,862.0,510.0,15.0,6.0,7.0,13.0,False
CONTROL__7139__2025022700,7139,2025-02-27 00:00:00,2025-02-26 21:00:00,2025-02-27 03:00:00,NORMAL,GROUP__7139__0037,CONTROL,0.0,0.0,0.0,0.0,0.0,0.0,0.0,True
CONTROL__7270__2025052204,7270,2025-05-22 04:00:00,2025-05-22 01:00:00,2025-05-22 07:00:00,NORMAL,GROUP__7270__0021,CONTROL,28.0,32.0,39.0,107.0,212.0,367.0,249.0,False
CONTROL__7270__2025073104,7270,2025-07-31 04:00:00,2025-07-31 01:00:00,2025-07-31 07:00:00,NORMAL,GROUP__7270__0021,CONTROL,92.0,57.0,102.0,325.0,1080.0,1589.0,1478.0,False
CONTROL__50240__2025032704,50240,2025-03-27 04:00:00,2025-03-27 01:00:00,2025-03-27 07:00:00,NORMAL,GROUP__50240__0044,CONTROL,0.0,0.0,0.0,0.0,0.0,0.0,0.0,True
CONTROL__50240__2025071704,50240,2025-07-17 04:00:00,2025-07-17 01:00:00,2025-07-17 07:00:00,NORMAL,GROUP__50240__0044,CONTROL,53.0,53.0,76.0,139.0,339.0,538.0,409.0,False
CONTROL__50240__2025051504,50240,2025-05-15 04:00:00,2025-05-15 01:00:00,2025-05-15 07:00:00,NORMAL,GROUP__50240__0044,CONTROL,48.0,59.0,82.0,155.0,318.0,489.0,400.0,False
CONTROL__50240__2025061204,50240,2025-06-12 04:00:00,2025-06-12 01:00:00,2025-06-12 07:00:00,NORMAL,GROUP__50240__0044,CONTROL,159.0,150.0,251.0,688.0,2163.0,2647.0,2487.0,False
CONTROL__23067__2025121805,23067,2025-12-18 05:00:00,2025-12-18 02:00:00,2025-12-18 08:00:00,NORMAL,GROUP__23067__0036,CONTROL,421.0,1055.0,1689.0,2224.0,2196.0,2093.0,1531.0,False
CONTROL__23067__2025071005,23067,2025-07-10 05:00:00,2025-07-10 02:00:00,2025-07-10 08:00:00,NORMAL,GROUP__23067__0036,CONTROL,22.0,34.0,48.0,79.0,170.0,161.0,111.0,False
CONTROL__68025__2025091806,68025,2025-09-18 06:00:00,2025-09-18 03:00:00,2025-09-18 09:00:00,NORMAL,GROUP__68025__0043,CONTROL,86.0,162.0,481.0,983.0,1450.0,1338.0,1157.0,False
CONTROL__68025__2025071006,68025,2025-07-10 06:00:00,2025-07-10 03:00:00,2025-07-10 09:00:00,NORMAL,GROUP__68025__0043,CONTROL,78.0,138.0,294.0,521.0,635.0,715.0,547.0,False
CONTROL__7179__2025022708,7179,2025-02-27 08:00:00,2025-02-27 05:00:00,2025-02-27 11:00:00,NORMAL,GROUP__7179__0084,CONTROL,0.0,0.0,0.0,0.0,0.0,0.0,0.0,True
CONTROL__7179__2025110608,7179,2025-11-06 08:00:00,2025-11-06 05:00:00,2025-11-06 11:00:00,NORMAL,GROUP__7179__0084,CONTROL,215.0,343.0,331.0,313.0,402.0,461.0,521.0,False
CONTROL__53003__2025041710,53003,2025-04-17 10:00:00,2025-04-17 07:00:00,2025-04-17 13:00:00,NORMAL,GROUP__53003__0014,CONTROL,2167.0,1987.0,1776.0,1710.0,1608.0,1632.0,1491.0,False
CONTROL__53003__2025110610,53003,2025-11-06 10:00:00,2025-11-06 07:00:00,2025-11-06 13:00:00,NORMAL,GROUP__53003__0014,CONTROL,2753.0,2511.0,1881.0,1570.0,1512.0,1477.0,1465.0,False
CONTROL__7112__2025013018,7112,2025-01-30 18:00:00,2025-01-30 15:00:00,2025-01-30 21:00:00,NORMAL,GROUP__7112__0057,CONTROL,99.0,82.0,84.0,71.0,32.0,32.0,25.0,False
CONTROL__7112__2025111318,7112,2025-11-13 18:00:00,2025-11-13 15:00:00,2025-11-13 21:00:00,NORMAL,GROUP__7112__0057,CONTROL,1552.0,1782.0,1415.0,1295.0,907.0,895.0,752.0,False
CONTROL__F3FWY003__2025101006,F3FWY003,2025-10-10 06:00:00,2025-10-10 03:00:00,2025-10-10 09:00:00,NORMAL,GROUP__F3FWY003__0040,CONTROL,151.0,259.0,473.0,729.0,679.0,624.0,582.0,False
CONTROL__F3FWY003__2025080106,F3FWY003,2025-08-01 06:00:00,2025-08-01 03:00:00,2025-08-01 09:00:00,NORMAL,GROUP__F3FWY003__0040,CONTROL,113.0,224.0,401.0,596.0,569.0,475.0,548.0,False
CONTROL__50240__2025032809,50240,2025-03-28 09:00:00,2025-03-28 06:00:00,2025-03-28 12:00:00,NORMAL,GROUP__50240__0045,CONTROL,2037.0,2063.0,2106.0,2015.0,1991.0,2051.0,2095.0,False
CONTROL__50240__2025091209,50240,2025-09-12 09:00:00,2025-09-12 06:00:00,2025-09-12 12:00:00,NORMAL,GROUP__50240__0045,CONTROL,520.0,409.0,323.0,386.0,409.0,326.0,334.0,False
CONTROL__23067__2025082209,23067,2025-08-22 09:00:00,2025-08-22 06:00:00,2025-08-22 12:00:00,NORMAL,GROUP__23067__0037,CONTROL,131.0,146.0,116.0,127.0,72.0,96.0,87.0,False
CONTROL__23067__2025070409,23067,2025-07-04 09:00:00,2025-07-04 06:00:00,2025-07-04 12:00:00,NORMAL,GROUP__23067__0037,CONTROL,156.0,160.0,127.0,140.0,130.0,137.0,98.0,False
CONTROL__7120__2025040412,7120,2025-04-04 12:00:00,2025-04-04 09:00:00,2025-04-04 15:00:00,NORMAL,GROUP__7120__0058,CONTROL,774.0,622.0,636.0,653.0,661.0,658.0,665.0,False
CONTROL__7120__2025081512,7120,2025-08-15 12:00:00,2025-08-15 09:00:00,2025-08-15 15:00:00,NORMAL,GROUP__7120__0058,CONTROL,101.0,96.0,97.0,80.0,69.0,76.0,52.0,False
CONTROL__7121__2025110712,7121,2025-11-07 12:00:00,2025-11-07 09:00:00,2025-11-07 15:00:00,NORMAL,GROUP__7121__0058,CONTROL,0.0,0.0,0.0,0.0,0.0,0.0,0.0,True
CONTROL__7121__2025101012,7121,2025-10-10 12:00:00,2025-10-10 09:00:00,2025-10-10 15:00:00,NORMAL,GROUP__7121__0058,CONTROL,411.0,388.0,451.0,503.0,510.0,554.0,584.0,False
CONTROL__23067__2025090609,23067,2025-09-06 09:00:00,2025-09-06 06:00:00,2025-09-06 12:00:00,NORMAL,GROUP__23067__0038,CONTROL,1113.0,1648.0,1565.0,1444.0,1438.0,1631.0,1655.0,False
CONTROL__23067__2025053109,23067,2025-05-31 09:00:00,2025-05-31 06:00:00,2025-05-31 12:00:00,NORMAL,GROUP__23067__0038,CONTROL,41.0,57.0,69.0,70.0,58.0,48.0,52.0,False
CONTROL__68025__2025020902,68025,2025-02-09 02:00:00,2025-02-08 23:00:00,2025-02-09 05:00:00,NORMAL,GROUP__68025__0044,CONTROL,0.0,0.0,0.0,0.0,0.0,0.0,0.0,True
CONTROL__68025__2025033002,68025,2025-03-30 02:00:00,2025-03-29 23:00:00,2025-03-30 05:00:00,NORMAL,GROUP__68025__0044,CONTROL,0.0,7.0,12.0,7.0,4.0,4.0,6.0,False
CONTROL__7164__2025102602,7164,2025-10-26 02:00:00,2025-10-25 23:00:00,2025-10-26 05:00:00,NORMAL,GROUP__7164__0019,CONTROL,287.0,17.0,18.0,14.0,16.0,10.0,15.0,False
CONTROL__7164__2025070602,7164,2025-07-06 02:00:00,2025-07-05 23:00:00,2025-07-06 05:00:00,NORMAL,GROUP__7164__0019,CONTROL,30.0,16.0,12.0,10.0,6.0,5.0,12.0,False
CONTROL__7179__2025062202,7179,2025-06-22 02:00:00,2025-06-21 23:00:00,2025-06-22 05:00:00,NORMAL,GROUP__7179__0085,CONTROL,1059.0,47.0,30.0,27.0,15.0,12.0,34.0,False
CONTROL__7179__2025081002,7179,2025-08-10 02:00:00,2025-08-09 23:00:00,2025-08-10 05:00:00,NORMAL,GROUP__7179__0085,CONTROL,903.0,647.0,432.0,331.0,224.0,196.0,231.0,False
CONTROL__7163__2025082408,7163,2025-08-24 08:00:00,2025-08-24 05:00:00,2025-08-24 11:00:00,NORMAL,GROUP__7163__0039,CONTROL,115.0,169.0,274.0,376.0,569.0,680.0,688.0,False
CONTROL__7163__2025083108,7163,2025-08-31 08:00:00,2025-08-31 05:00:00,2025-08-31 11:00:00,NORMAL,GROUP__7163__0039,CONTROL,139.0,228.0,340.0,438.0,672.0,744.0,707.0,False
CONTROL__7150__2025020920,7150,2025-02-09 20:00:00,2025-02-09 17:00:00,2025-02-09 23:00:00,NORMAL,GROUP__7150__0006,CONTROL,0.0,0.0,0.0,0.0,0.0,0.0,0.0,True
CONTROL__7150__2025051820,7150,2025-05-18 20:00:00,2025-05-18 17:00:00,2025-05-18 23:00:00,NORMAL,GROUP__7150__0006,CONTROL,1492.0,896.0,686.0,607.0,483.0,304.0,157.0,False
CONTROL__7120__2025081721,7120,2025-08-17 21:00:00,2025-08-17 18:00:00,2025-08-18 00:00:00,NORMAL,GROUP__7120__0059,CONTROL,27.0,26.0,19.0,26.0,22.0,14.0,127.0,False
CONTROL__7120__2025021621,7120,2025-02-16 21:00:00,2025-02-16 18:00:00,2025-02-17 00:00:00,NORMAL,GROUP__7120__0059,CONTROL,0.0,0.0,0.0,0.0,0.0,0.0,0.0,True
CONTROL__7121__2025050421,7121,2025-05-04 21:00:00,2025-05-04 18:00:00,2025-05-05 00:00:00,NORMAL,GROUP__7121__0059,CONTROL,17.0,14.0,10.0,10.0,6.0,9.0,59.0,False
CONTROL__7121__2025083121,7121,2025-08-31 21:00:00,2025-08-31 18:00:00,2025-09-01 00:00:00,NORMAL,GROUP__7121__0059,CONTROL,0.0,0.0,0.0,0.0,0.0,0.0,2.0,False
CONTROL__29005__2025012622,29005,2025-01-26 22:00:00,2025-01-26 19:00:00,2025-01-27 01:00:00,NORMAL,GROUP__29005__0024,CONTROL,690.0,681.0,639.0,557.0,415.0,24.0,19.0,False
CONTROL__29005__2025010522,29005,2025-01-05 22:00:00,2025-01-05 19:00:00,2025-01-06 01:00:00,NORMAL,GROUP__29005__0024,CONTROL,1725.0,0.0,1558.0,1339.0,850.0,0.0,0.0,False
CONTROL__7248__2025051823,7248,2025-05-18 23:00:00,2025-05-18 20:00:00,2025-05-19 02:00:00,NORMAL,GROUP__7248__0041,CONTROL,709.0,573.0,423.0,222.0,147.0,105.0,93.0,False
CONTROL__7248__2025082423,7248,2025-08-24 23:00:00,2025-08-24 20:00:00,2025-08-25 02:00:00,NORMAL,GROUP__7248__0041,CONTROL,675.0,647.0,461.0,259.0,49.0,47.0,54.0,False
CONTROL__50240__2025071403,50240,2025-07-14 03:00:00,2025-07-14 00:00:00,2025-07-14 06:00:00,NORMAL,GROUP__50240__0046,CONTROL,38.0,36.0,52.0,48.0,67.0,171.0,287.0,False
CONTROL__50240__2025060903,50240,2025-06-09 03:00:00,2025-06-09 00:00:00,2025-06-09 06:00:00,NORMAL,GROUP__50240__0046,CONTROL,6.0,9.0,7.0,11.0,10.0,13.0,26.0,False
CONTROL__7270__2025072903,7270,2025-07-29 03:00:00,2025-07-29 00:00:00,2025-07-29 06:00:00,NORMAL,GROUP__7270__0022,CONTROL,43.0,25.0,36.0,45.0,103.0,247.0,352.0,False
CONTROL__7270__2025030403,7270,2025-03-04 03:00:00,2025-03-04 00:00:00,2025-03-04 06:00:00,NORMAL,GROUP__7270__0022,CONTROL,0.0,0.0,0.0,0.0,0.0,0.0,0.0,True
CONTROL__34016__2025052004,34016,2025-05-20 04:00:00,2025-05-20 01:00:00,2025-05-20 07:00:00,NORMAL,GROUP__34016__0010,CONTROL,0.0,0.0,0.0,0.0,0.0,0.0,1.0,False
CONTROL__34016__2025032504,34016,2025-03-25 04:00:00,2025-03-25 01:00:00,2025-03-25 07:00:00,NORMAL,GROUP__34016__0010,CONTROL,7.0,6.0,46.0,166.0,433.0,627.0,878.0,False
CONTROL__7163__2025092306,7163,2025-09-23 06:00:00,2025-09-23 03:00:00,2025-09-23 09:00:00,NORMAL,GROUP__7163__0040,CONTROL,28.0,43.0,81.0,132.0,94.0,109.0,106.0,False
CONTROL__7163__2025090206,7163,2025-09-02 06:00:00,2025-09-02 03:00:00,2025-09-02 09:00:00,NORMAL,GROUP__7163__0040,CONTROL,9.0,19.0,46.0,118.0,93.0,86.0,119.0,False
CONTROL__53004__2025020406,53004,2025-02-04 06:00:00,2025-02-04 03:00:00,2025-02-04 09:00:00,NORMAL,GROUP__53004__0041,CONTROL,0.0,0.0,0.0,0.0,0.0,0.0,0.0,True
CONTROL__53004__2025101406,53004,2025-10-14 06:00:00,2025-10-14 03:00:00,2025-10-14 09:00:00,NORMAL,GROUP__53004__0041,CONTROL,17.0,20.0,45.0,80.0,86.0,94.0,103.0,False
CONTROL__F3FWY003__2025052019,F3FWY003,2025-05-20 19:00:00,2025-05-20 16:00:00,2025-05-20 22:00:00,NORMAL,GROUP__F3FWY003__0041,CONTROL,0.0,0.0,0.0,0.0,0.0,0.0,0.0,True
CONTROL__F3FWY003__2025070819,F3FWY003,2025-07-08 19:00:00,2025-07-08 16:00:00,2025-07-08 22:00:00,NORMAL,GROUP__F3FWY003__0041,CONTROL,0.0,0.0,0.0,0.0,0.0,0.0,0.0,True
CONTROL__7112__2025040123,7112,2025-04-01 23:00:00,2025-04-01 20:00:00,2025-04-02 02:00:00,NORMAL,GROUP__7112__0058,CONTROL,0.0,0.0,0.0,0.0,153.0,98.0,53.0,False
CONTROL__7112__2025100723,7112,2025-10-07 23:00:00,2025-10-07 20:00:00,2025-10-08 02:00:00,NORMAL,GROUP__7112__0058,CONTROL,46.0,49.0,29.0,26.0,143.0,91.0,72.0,False
CONTROL__7112__2025070200,7112,2025-07-02 00:00:00,2025-07-01 21:00:00,2025-07-02 03:00:00,NORMAL,GROUP__7112__0058,CONTROL,32.0,25.0,15.0,116.0,64.0,73.0,67.0,False
CONTROL__7112__2025073000,7112,2025-07-30 00:00:00,2025-07-29 21:00:00,2025-07-30 03:00:00,NORMAL,GROUP__7112__0058,CONTROL,38.0,27.0,18.0,16.0,26.0,24.0,40.0,False
CONTROL__7120__2025110502,7120,2025-11-05 02:00:00,2025-11-04 23:00:00,2025-11-05 05:00:00,NORMAL,GROUP__7120__0060,CONTROL,0.0,0.0,0.0,0.0,0.0,0.0,0.0,True
CONTROL__7120__2025072302,7120,2025-07-23 02:00:00,2025-07-22 23:00:00,2025-07-23 05:00:00,NORMAL,GROUP__7120__0060,CONTROL,8.0,85.0,74.0,57.0,69.0,190.0,560.0,False
CONTROL__7121__2025112602,7121,2025-11-26 02:00:00,2025-11-25 23:00:00,2025-11-26 05:00:00,NORMAL,GROUP__7121__0060,CONTROL,0.0,83.0,49.0,40.0,40.0,52.0,95.0,False
CONTROL__7121__2025052102,7121,2025-05-21 02:00:00,2025-05-20 23:00:00,2025-05-21 05:00:00,NORMAL,GROUP__7121__0060,CONTROL,113.0,7.0,4.0,3.0,10.0,2.0,13.0,False
CONTROL__9658__2025102903,9658,2025-10-29 03:00:00,2025-10-29 00:00:00,2025-10-29 06:00:00,NORMAL,GROUP__9658__0031,CONTROL,25.0,18.0,23.0,43.0,51.0,94.0,156.0,False
CONTROL__9658__2025012203,9658,2025-01-22 03:00:00,2025-01-22 00:00:00,2025-01-22 06:00:00,NORMAL,GROUP__9658__0031,CONTROL,0.0,0.0,0.0,0.0,0.0,0.0,0.0,True
CONTROL__9658__2025070903,9658,2025-07-09 03:00:00,2025-07-09 00:00:00,2025-07-09 06:00:00,NORMAL,GROUP__9658__0031,CONTROL,30.0,21.0,19.0,34.0,48.0,80.0,146.0,False
CONTROL__9658__2025120303,9658,2025-12-03 03:00:00,2025-12-03 00:00:00,2025-12-03 06:00:00,NORMAL,GROUP__9658__0031,CONTROL,175.0,119.0,72.0,91.0,191.0,565.0,956.0,False
CONTROL__7251__2025111903,7251,2025-11-19 03:00:00,2025-11-19 00:00:00,2025-11-19 06:00:00,NORMAL,GROUP__7251__0031,CONTROL,27.0,15.0,28.0,24.0,23.0,69.0,102.0,False
CONTROL__7251__2025121703,7251,2025-12-17 03:00:00,2025-12-17 00:00:00,2025-12-17 06:00:00,NORMAL,GROUP__7251__0031,CONTROL,29.0,23.0,12.0,25.0,25.0,45.0,103.0,False
CONTROL__7163__2025010105,7163,2025-01-01 05:00:00,2025-01-01 02:00:00,2025-01-01 08:00:00,NORMAL,GROUP__7163__0041,CONTROL,0.0,0.0,0.0,0.0,0.0,0.0,0.0,True
CONTROL__7163__2025012905,7163,2025-01-29 05:00:00,2025-01-29 02:00:00,2025-01-29 08:00:00,NORMAL,GROUP__7163__0041,CONTROL,52.0,59.0,108.0,316.0,681.0,699.0,678.0,False
CONTROL__7163__2025052105,7163,2025-05-21 05:00:00,2025-05-21 02:00:00,2025-05-21 08:00:00,NORMAL,GROUP__7163__0041,CONTROL,52.0,61.0,128.0,268.0,673.0,375.0,237.0,False
CONTROL__7163__2025111905,7163,2025-11-19 05:00:00,2025-11-19 02:00:00,2025-11-19 08:00:00,NORMAL,GROUP__7163__0041,CONTROL,53.0,66.0,123.0,338.0,779.0,584.0,453.0,False
CONTROL__53004__2025052106,53004,2025-05-21 06:00:00,2025-05-21 03:00:00,2025-05-21 09:00:00,NORMAL,GROUP__53004__0042,CONTROL,18.0,34.0,129.0,236.0,184.0,122.0,133.0,False
CONTROL__53004__2025101506,53004,2025-10-15 06:00:00,2025-10-15 03:00:00,2025-10-15 09:00:00,NORMAL,GROUP__53004__0042,CONTROL,42.0,96.0,276.0,824.0,1325.0,1135.0,1036.0,False
CONTROL__51235__2025052120,51235,2025-05-21 20:00:00,2025-05-21 17:00:00,2025-05-21 23:00:00,NORMAL,GROUP__51235__0043,CONTROL,1997.0,1819.0,1159.0,919.0,907.0,549.0,272.0,False
CONTROL__51235__2025012220,51235,2025-01-22 20:00:00,2025-01-22 17:00:00,2025-01-22 23:00:00,NORMAL,GROUP__51235__0043,CONTROL,0.0,0.0,0.0,0.0,0.0,0.0,0.0,True
CONTROL__9658__2025122420,9658,2025-12-24 20:00:00,2025-12-24 17:00:00,2025-12-24 23:00:00,NORMAL,GROUP__9658__0032,CONTROL,81.0,72.0,49.0,46.0,45.0,0.0,0.0,False
CONTROL__9658__2025022620,9658,2025-02-26 20:00:00,2025-02-26 17:00:00,2025-02-26 23:00:00,NORMAL,GROUP__9658__0032,CONTROL,0.0,0.0,0.0,0.0,0.0,0.0,0.0,True
CONTROL__7251__2025082023,7251,2025-08-20 23:00:00,2025-08-20 20:00:00,2025-08-21 02:00:00,NORMAL,GROUP__7251__0032,CONTROL,48.0,45.0,32.0,38.0,21.0,19.0,26.0,False
CONTROL__7251__2025101523,7251,2025-10-15 23:00:00,2025-10-15 20:00:00,2025-10-16 02:00:00,NORMAL,GROUP__7251__0032,CONTROL,43.0,58.0,40.0,41.0,326.0,226.0,131.0,False
CONTROL__50250__2025081401,50250,2025-08-14 01:00:00,2025-08-13 22:00:00,2025-08-14 04:00:00,NORMAL,GROUP__50250__0006,CONTROL,21.0,8.0,2.0,1.0,1.0,1.0,2.0,False
CONTROL__50250__2025100201,50250,2025-10-02 01:00:00,2025-10-01 22:00:00,2025-10-02 04:00:00,NORMAL,GROUP__50250__0006,CONTROL,8.0,0.0,0.0,0.0,0.0,0.0,6.0,False
CONTROL__50250__2025042401,50250,2025-04-24 01:00:00,2025-04-23 22:00:00,2025-04-24 04:00:00,NORMAL,GROUP__50250__0006,CONTROL,1.0,1.0,0.0,1.0,0.0,3.0,3.0,False
CONTROL__50250__2025091801,50250,2025-09-18 01:00:00,2025-09-17 22:00:00,2025-09-18 04:00:00,NORMAL,GROUP__50250__0006,CONTROL,0.0,0.0,0.0,2.0,3.0,3.0,11.0,False
CONTROL__53004__2025013006,53004,2025-01-30 06:00:00,2025-01-30 03:00:00,2025-01-30 09:00:00,NORMAL,GROUP__53004__0043,CONTROL,36.0,131.0,360.0,545.0,693.0,565.0,598.0,False
CONTROL__53004__2025072406,53004,2025-07-24 06:00:00,2025-07-24 03:00:00,2025-07-24 09:00:00,NORMAL,GROUP__53004__0043,CONTROL,54.0,191.0,636.0,1497.0,2159.0,2214.0,1496.0,False
CONTROL__T0231__2025091822,T0231,2025-09-18 22:00:00,2025-09-18 19:00:00,2025-09-19 01:00:00,NORMAL,GROUP__T0231__0012,CONTROL,44.0,27.0,27.0,14.0,16.0,104.0,83.0,False
CONTROL__T0231__2025080722,T0231,2025-08-07 22:00:00,2025-08-07 19:00:00,2025-08-08 01:00:00,NORMAL,GROUP__T0231__0012,CONTROL,34.0,31.0,21.0,17.0,9.0,6.0,9.0,False
CONTROL__34016__2025112103,34016,2025-11-21 03:00:00,2025-11-21 00:00:00,2025-11-21 06:00:00,NORMAL,GROUP__34016__0011,CONTROL,1.0,0.0,0.0,1.0,0.0,1.0,1.0,False
CONTROL__34016__2025022103,34016,2025-02-21 03:00:00,2025-02-21 00:00:00,2025-02-21 06:00:00,NORMAL,GROUP__34016__0011,CONTROL,0.0,0.0,0.0,0.0,0.0,0.0,0.0,True
CONTROL__7120__2025013111,7120,2025-01-31 11:00:00,2025-01-31 08:00:00,2025-01-31 14:00:00,NORMAL,GROUP__7120__0061,CONTROL,99.0,108.0,88.0,84.0,83.0,77.0,69.0,False
CONTROL__7120__2025091211,7120,2025-09-12 11:00:00,2025-09-12 08:00:00,2025-09-12 14:00:00,NORMAL,GROUP__7120__0061,CONTROL,106.0,101.0,84.0,77.0,79.0,75.0,69.0,False
CONTROL__7121__2025100311,7121,2025-10-03 11:00:00,2025-10-03 08:00:00,2025-10-03 14:00:00,NORMAL,GROUP__7121__0061,CONTROL,40.0,51.0,53.0,54.0,53.0,81.0,70.0,False
CONTROL__7121__2025010311,7121,2025-01-03 11:00:00,2025-01-03 08:00:00,2025-01-03 14:00:00,NORMAL,GROUP__7121__0061,CONTROL,8.0,7.0,0.0,0.0,0.0,0.0,0.0,False
CONTROL__10011__2025020718,10011,2025-02-07 18:00:00,2025-02-07 15:00:00,2025-02-07 21:00:00,NORMAL,GROUP__10011__0038,CONTROL,0.0,0.0,0.0,0.0,0.0,0.0,0.0,True
CONTROL__10011__2025031418,10011,2025-03-14 18:00:00,2025-03-14 15:00:00,2025-03-14 21:00:00,NORMAL,GROUP__10011__0038,CONTROL,341.0,321.0,0.0,0.0,0.0,0.0,0.0,False
CONTROL__7139__2025091918,7139,2025-09-19 18:00:00,2025-09-19 15:00:00,2025-09-19 21:00:00,NORMAL,GROUP__7139__0038,CONTROL,2951.0,2992.0,3027.0,2737.0,1750.0,1404.0,1383.0,False
CONTROL__7139__2025091218,7139,2025-09-12 18:00:00,2025-09-12 15:00:00,2025-09-12 21:00:00,NORMAL,GROUP__7139__0038,CONTROL,2827.0,2904.0,2859.0,2600.0,1715.0,1332.0,1189.0,False
CONTROL__T0288__2025060618,T0288,2025-06-06 18:00:00,2025-06-06 15:00:00,2025-06-06 21:00:00,NORMAL,GROUP__T0288__0012,CONTROL,0.0,0.0,0.0,0.0,0.0,0.0,0.0,True
CONTROL__T0288__2025042518,T0288,2025-04-25 18:00:00,2025-04-25 15:00:00,2025-04-25 21:00:00,NORMAL,GROUP__T0288__0012,CONTROL,0.0,0.0,0.0,0.0,0.0,0.0,0.0,True
CONTROL__T0289__2025080818,T0289,2025-08-08 18:00:00,2025-08-08 15:00:00,2025-08-08 21:00:00,NORMAL,GROUP__T0289__0012,CONTROL,0.0,0.0,0.0,0.0,0.0,0.0,0.0,True
CONTROL__T0289__2025092618,T0289,2025-09-26 18:00:00,2025-09-26 15:00:00,2025-09-26 21:00:00,NORMAL,GROUP__T0289__0012,CONTROL,0.0,0.0,0.0,0.0,0.0,0.0,0.0,True
CONTROL__T0290__2025032818,T0290,2025-03-28 18:00:00,2025-03-28 15:00:00,2025-03-28 21:00:00,NORMAL,GROUP__T0290__0012,CONTROL,0.0,0.0,0.0,0.0,0.0,0.0,0.0,True
CONTROL__T0290__2025082218,T0290,2025-08-22 18:00:00,2025-08-22 15:00:00,2025-08-22 21:00:00,NORMAL,GROUP__T0290__0012,CONTROL,128.0,152.0,140.0,141.0,92.0,133.0,104.0,False
CONTROL__T0479-PR__2025053018,T0479-PR,2025-05-30 18:00:00,2025-05-30 15:00:00,2025-05-30 21:00:00,NORMAL,GROUP__T0479-PR__0012,CONTROL,3283.0,3601.0,3192.0,2451.0,1614.0,1079.0,808.0,False
CONTROL__T0479-PR__2025121218,T0479-PR,2025-12-12 18:00:00,2025-12-12 15:00:00,2025-12-12 21:00:00,NORMAL,GROUP__T0479-PR__0012,CONTROL,156.0,0.0,197.0,212.0,108.0,86.0,61.0,False
CONTROL__7179__2025022203,7179,2025-02-22 03:00:00,2025-02-22 00:00:00,2025-02-22 06:00:00,NORMAL,GROUP__7179__0086,CONTROL,0.0,0.0,0.0,0.0,0.0,0.0,0.0,True
CONTROL__7179__2025091303,7179,2025-09-13 03:00:00,2025-09-13 00:00:00,2025-09-13 06:00:00,NORMAL,GROUP__7179__0086,CONTROL,561.0,383.0,267.0,212.0,228.0,432.0,791.0,False
CONTROL__10011__2025091305,10011,2025-09-13 05:00:00,2025-09-13 02:00:00,2025-09-13 08:00:00,NORMAL,GROUP__10011__0039,CONTROL,0.0,0.0,0.0,0.0,0.0,0.0,0.0,True
CONTROL__10011__2025081605,10011,2025-08-16 05:00:00,2025-08-16 02:00:00,2025-08-16 08:00:00,NORMAL,GROUP__10011__0039,CONTROL,0.0,0.0,0.0,0.0,0.0,0.0,0.0,True
CONTROL__7139__2025110805,7139,2025-11-08 05:00:00,2025-11-08 02:00:00,2025-11-08 08:00:00,NORMAL,GROUP__7139__0039,CONTROL,369.0,240.0,202.0,386.0,856.0,1383.0,2021.0,False
CONTROL__7139__2025050305,7139,2025-05-03 05:00:00,2025-05-03 02:00:00,2025-05-03 08:00:00,NORMAL,GROUP__7139__0039,CONTROL,10.0,6.0,15.0,21.0,50.0,61.0,67.0,False
CONTROL__34016__2025082321,34016,2025-08-23 21:00:00,2025-08-23 18:00:00,2025-08-24 00:00:00,NORMAL,GROUP__34016__0012,CONTROL,0.0,0.0,0.0,0.0,0.0,0.0,0.0,True
CONTROL__34016__2025110121,34016,2025-11-01 21:00:00,2025-11-01 18:00:00,2025-11-02 00:00:00,NORMAL,GROUP__34016__0012,CONTROL,0.0,0.0,1.0,0.0,0.0,0.0,101.0,False
CONTROL__51235__2025092806,51235,2025-09-28 06:00:00,2025-09-28 03:00:00,2025-09-28 09:00:00,NORMAL,GROUP__51235__0044,CONTROL,14.0,15.0,18.0,42.0,59.0,62.0,52.0,False
CONTROL__51235__2025060106,51235,2025-06-01 06:00:00,2025-06-01 03:00:00,2025-06-01 09:00:00,NORMAL,GROUP__51235__0044,CONTROL,140.0,177.0,351.0,736.0,786.0,1331.0,1811.0,False
CONTROL__50240__2025111607,50240,2025-11-16 07:00:00,2025-11-16 04:00:00,2025-11-16 10:00:00,NORMAL,GROUP__50240__0047,CONTROL,275.0,605.0,1033.0,1113.0,1528.0,2327.0,2238.0,False
CONTROL__50240__2025081707,50240,2025-08-17 07:00:00,2025-08-17 04:00:00,2025-08-17 10:00:00,NORMAL,GROUP__50240__0047,CONTROL,256.0,612.0,928.0,1053.0,1453.0,2247.0,2173.0,False
CONTROL__F3FWY002__2025062908,F3FWY002,2025-06-29 08:00:00,2025-06-29 05:00:00,2025-06-29 11:00:00,NORMAL,GROUP__F3FWY002__0011,CONTROL,310.0,539.0,866.0,1329.0,2086.0,2685.0,3117.0,False
CONTROL__F3FWY002__2025040608,F3FWY002,2025-04-06 08:00:00,2025-04-06 05:00:00,2025-04-06 11:00:00,NORMAL,GROUP__F3FWY002__0011,CONTROL,61.0,123.0,165.0,203.0,227.0,289.0,303.0,False
CONTROL__34016__2025122808,34016,2025-12-28 08:00:00,2025-12-28 05:00:00,2025-12-28 11:00:00,NORMAL,GROUP__34016__0013,CONTROL,87.0,253.0,533.0,410.0,512.0,540.0,572.0,False
CONTROL__34016__2025030908,34016,2025-03-09 08:00:00,2025-03-09 05:00:00,2025-03-09 11:00:00,NORMAL,GROUP__34016__0013,CONTROL,0.0,0.0,2.0,3.0,1.0,0.0,2.0,False
CONTROL__7168__2025012002,7168,2025-01-20 02:00:00,2025-01-19 23:00:00,2025-01-20 05:00:00,NORMAL,GROUP__7168__0018,CONTROL,0.0,0.0,0.0,0.0,0.0,0.0,0.0,True
CONTROL__7168__2025063002,7168,2025-06-30 02:00:00,2025-06-29 23:00:00,2025-06-30 05:00:00,NORMAL,GROUP__7168__0018,CONTROL,88.0,11.0,8.0,9.0,13.0,21.0,35.0,False
CONTROL__53004__2025062307,53004,2025-06-23 07:00:00,2025-06-23 04:00:00,2025-06-23 10:00:00,NORMAL,GROUP__53004__0044,CONTROL,204.0,698.0,1424.0,2204.0,2106.0,1497.0,1113.0,False
CONTROL__53004__2025121507,53004,2025-12-15 07:00:00,2025-12-15 04:00:00,2025-12-15 10:00:00,NORMAL,GROUP__53004__0044,CONTROL,23.0,103.0,255.0,185.0,140.0,134.0,132.0,False
CONTROL__53004__2025012007,53004,2025-01-20 07:00:00,2025-01-20 04:00:00,2025-01-20 10:00:00,NORMAL,GROUP__53004__0044,CONTROL,100.0,306.0,548.0,813.0,1105.0,1182.0,1182.0,False
CONTROL__53004__2025092907,53004,2025-09-29 07:00:00,2025-09-29 04:00:00,2025-09-29 10:00:00,NORMAL,GROUP__53004__0044,CONTROL,207.0,604.0,1359.0,1746.0,1621.0,1455.0,1238.0,False
CONTROL__23067__2025071412,23067,2025-07-14 12:00:00,2025-07-14 09:00:00,2025-07-14 15:00:00,NORMAL,GROUP__23067__0039,CONTROL,1201.0,1233.0,1273.0,1282.0,1234.0,1015.0,1053.0,False
CONTROL__23067__2025100612,23067,2025-10-06 12:00:00,2025-10-06 09:00:00,2025-10-06 15:00:00,NORMAL,GROUP__23067__0039,CONTROL,1529.0,1601.0,1748.0,1630.0,1629.0,1358.0,1335.0,False
CONTROL__23067__2025031012,23067,2025-03-10 12:00:00,2025-03-10 09:00:00,2025-03-10 15:00:00,NORMAL,GROUP__23067__0039,CONTROL,1350.0,1510.0,1484.0,1636.0,1805.0,1972.0,2067.0,False
CONTROL__23067__2025021012,23067,2025-02-10 12:00:00,2025-02-10 09:00:00,2025-02-10 15:00:00,NORMAL,GROUP__23067__0039,CONTROL,0.0,0.0,0.0,0.0,0.0,0.0,0.0,True
CONTROL__7161__2025042112,7161,2025-04-21 12:00:00,2025-04-21 09:00:00,2025-04-21 15:00:00,NORMAL,GROUP__7161__0028,CONTROL,51.0,44.0,35.0,38.0,40.0,52.0,29.0,False
CONTROL__7161__2025010612,7161,2025-01-06 12:00:00,2025-01-06 09:00:00,2025-01-06 15:00:00,NORMAL,GROUP__7161__0028,CONTROL,845.0,961.0,931.0,933.0,882.0,956.0,1225.0,False
CONTROL__53004__2025030321,53004,2025-03-03 21:00:00,2025-03-03 18:00:00,2025-03-04 00:00:00,NORMAL,GROUP__53004__0045,CONTROL,75.0,41.0,25.0,23.0,21.0,19.0,86.0,False
CONTROL__53004__2025120821,53004,2025-12-08 21:00:00,2025-12-08 18:00:00,2025-12-09 00:00:00,NORMAL,GROUP__53004__0045,CONTROL,57.0,41.0,40.0,26.0,15.0,10.0,71.0,False
CONTROL__55049__2025122921,55049,2025-12-29 21:00:00,2025-12-29 18:00:00,2025-12-30 00:00:00,NORMAL,GROUP__55049__0010,CONTROL,45.0,49.0,34.0,27.0,0.0,24.0,0.0,False
CONTROL__55049__2025020321,55049,2025-02-03 21:00:00,2025-02-03 18:00:00,2025-02-04 00:00:00,NORMAL,GROUP__55049__0010,CONTROL,0.0,0.0,0.0,0.0,0.0,0.0,0.0,True
CONTROL__55049__2025010621,55049,2025-01-06 21:00:00,2025-01-06 18:00:00,2025-01-07 00:00:00,NORMAL,GROUP__55049__0010,CONTROL,74.0,5.0,0.0,0.0,0.0,0.0,0.0,False
CONTROL__55049__2025072121,55049,2025-07-21 21:00:00,2025-07-21 18:00:00,2025-07-22 00:00:00,NORMAL,GROUP__55049__0010,CONTROL,960.0,161.0,0.0,0.0,0.0,0.0,32.0,False
CONTROL__68025__2025101409,68025,2025-10-14 09:00:00,2025-10-14 06:00:00,2025-10-14 12:00:00,NORMAL,GROUP__68025__0045,CONTROL,933.0,1252.0,1342.0,1220.0,910.0,696.0,731.0,False
CONTROL__68025__2025011409,68025,2025-01-14 09:00:00,2025-01-14 06:00:00,2025-01-14 12:00:00,NORMAL,GROUP__68025__0045,CONTROL,0.0,0.0,0.0,0.0,0.0,0.0,0.0,True
CONTROL__F3FWY004__2025021119,F3FWY004,2025-02-11 19:00:00,2025-02-11 16:00:00,2025-02-11 22:00:00,NORMAL,GROUP__F3FWY004__0008,CONTROL,0.0,0.0,0.0,0.0,0.0,0.0,0.0,True
CONTROL__F3FWY004__2025031819,F3FWY004,2025-03-18 19:00:00,2025-03-18 16:00:00,2025-03-18 22:00:00,NORMAL,GROUP__F3FWY004__0008,CONTROL,399.0,356.0,84.0,85.0,100.0,16.0,29.0,False
CONTROL__33014__2025092322,33014,2025-09-23 22:00:00,2025-09-23 19:00:00,2025-09-24 01:00:00,NORMAL,GROUP__33014__0046,CONTROL,0.0,0.0,0.0,0.0,0.0,0.0,0.0,True
CONTROL__33014__2025061722,33014,2025-06-17 22:00:00,2025-06-17 19:00:00,2025-06-18 01:00:00,NORMAL,GROUP__33014__0046,CONTROL,878.0,720.0,559.0,355.0,152.0,23.0,18.0,False
CONTROL__29005__2025021822,29005,2025-02-18 22:00:00,2025-02-18 19:00:00,2025-02-19 01:00:00,NORMAL,GROUP__29005__0025,CONTROL,0.0,0.0,0.0,0.0,0.0,0.0,0.0,True
CONTROL__29005__2025021122,29005,2025-02-11 22:00:00,2025-02-11 19:00:00,2025-02-12 01:00:00,NORMAL,GROUP__29005__0025,CONTROL,0.0,0.0,0.0,0.0,0.0,0.0,0.0,True
CONTROL__7120__2025021823,7120,2025-02-18 23:00:00,2025-02-18 20:00:00,2025-02-19 02:00:00,NORMAL,GROUP__7120__0062,CONTROL,0.0,0.0,0.0,0.0,0.0,0.0,0.0,True
CONTROL__7120__2025093023,7120,2025-09-30 23:00:00,2025-09-30 20:00:00,2025-10-01 02:00:00,NORMAL,GROUP__7120__0062,CONTROL,488.0,423.0,312.0,203.0,3.0,7.0,10.0,False
CONTROL__7121__2025062423,7121,2025-06-24 23:00:00,2025-06-24 20:00:00,2025-06-25 02:00:00,NORMAL,GROUP__7121__0062,CONTROL,275.0,114.0,171.0,89.0,4.0,4.0,5.0,False
CONTROL__7121__2025080523,7121,2025-08-05 23:00:00,2025-08-05 20:00:00,2025-08-06 02:00:00,NORMAL,GROUP__7121__0062,CONTROL,271.0,298.0,151.0,88.0,48.0,40.0,34.0,False
CONTROL__10011__2025091702,10011,2025-09-17 02:00:00,2025-09-16 23:00:00,2025-09-17 05:00:00,NORMAL,GROUP__10011__0040,CONTROL,0.0,0.0,0.0,0.0,0.0,0.0,0.0,True
CONTROL__10011__2025021202,10011,2025-02-12 02:00:00,2025-02-11 23:00:00,2025-02-12 05:00:00,NORMAL,GROUP__10011__0040,CONTROL,0.0,0.0,0.0,0.0,0.0,0.0,0.0,True
CONTROL__7139__2025123102,7139,2025-12-31 02:00:00,2025-12-30 23:00:00,2025-12-31 05:00:00,NORMAL,GROUP__7139__0040,CONTROL,35.0,0.0,0.0,0.0,0.0,0.0,0.0,False
CONTROL__7139__2025102202,7139,2025-10-22 02:00:00,2025-10-21 23:00:00,2025-10-22 05:00:00,NORMAL,GROUP__7139__0040,CONTROL,340.0,170.0,80.0,66.0,68.0,194.0,712.0,False
CONTROL__7179__2025032602,7179,2025-03-26 02:00:00,2025-03-25 23:00:00,2025-03-26 05:00:00,NORMAL,GROUP__7179__0087,CONTROL,557.0,0.0,0.0,0.0,0.0,0.0,0.0,False
CONTROL__7179__2025082702,7179,2025-08-27 02:00:00,2025-08-26 23:00:00,2025-08-27 05:00:00,NORMAL,GROUP__7179__0087,CONTROL,66.0,60.0,49.0,60.0,69.0,113.0,198.0,False
CONTROL__7184__2025073005,7184,2025-07-30 05:00:00,2025-07-30 02:00:00,2025-07-30 08:00:00,NORMAL,GROUP__7184__0031,CONTROL,33.0,53.0,48.0,127.0,265.0,213.0,189.0,False
CONTROL__7184__2025022605,7184,2025-02-26 05:00:00,2025-02-26 02:00:00,2025-02-26 08:00:00,NORMAL,GROUP__7184__0031,CONTROL,0.0,0.0,0.0,0.0,0.0,0.0,0.0,True
CONTROL__7112__2025020507,7112,2025-02-05 07:00:00,2025-02-05 04:00:00,2025-02-05 10:00:00,NORMAL,GROUP__7112__0059,CONTROL,0.0,0.0,0.0,0.0,0.0,0.0,0.0,True
CONTROL__7112__2025100807,7112,2025-10-08 07:00:00,2025-10-08 04:00:00,2025-10-08 10:00:00,NORMAL,GROUP__7112__0059,CONTROL,203.0,927.0,1547.0,1292.0,1280.0,998.0,973.0,False
CONTROL__53004__2025082021,53004,2025-08-20 21:00:00,2025-08-20 18:00:00,2025-08-21 00:00:00,NORMAL,GROUP__53004__0046,CONTROL,47.0,35.0,24.0,16.0,12.0,6.0,16.0,False
CONTROL__53004__2025021221,53004,2025-02-12 21:00:00,2025-02-12 18:00:00,2025-02-13 00:00:00,NORMAL,GROUP__53004__0046,CONTROL,0.0,0.0,0.0,0.0,0.0,0.0,0.0,True
CONTROL__23067__2025010902,23067,2025-01-09 02:00:00,2025-01-08 23:00:00,2025-01-09 05:00:00,NORMAL,GROUP__23067__0040,CONTROL,22.0,10.0,15.0,28.0,25.0,45.0,78.0,False
CONTROL__23067__2025052902,23067,2025-05-29 02:00:00,2025-05-28 23:00:00,2025-05-29 05:00:00,NORMAL,GROUP__23067__0040,CONTROL,39.0,56.0,60.0,135.0,468.0,1023.0,1654.0,False
CONTROL__F3FWY004__2025011604,F3FWY004,2025-01-16 04:00:00,2025-01-16 01:00:00,2025-01-16 07:00:00,NORMAL,GROUP__F3FWY004__0009,CONTROL,0.0,0.0,0.0,2.0,84.0,147.0,84.0,False
CONTROL__F3FWY004__2025091104,F3FWY004,2025-09-11 04:00:00,2025-09-11 01:00:00,2025-09-11 07:00:00,NORMAL,GROUP__F3FWY004__0009,CONTROL,63.0,79.0,185.0,650.0,1833.0,1438.0,1133.0,False
CONTROL__7179__2025072405,7179,2025-07-24 05:00:00,2025-07-24 02:00:00,2025-07-24 08:00:00,NORMAL,GROUP__7179__0088,CONTROL,59.0,59.0,112.0,221.0,320.0,357.0,381.0,False
CONTROL__7179__2025062605,7179,2025-06-26 05:00:00,2025-06-26 02:00:00,2025-06-26 08:00:00,NORMAL,GROUP__7179__0088,CONTROL,160.0,234.0,410.0,921.0,1311.0,1580.0,1636.0,False
CONTROL__7184__2025020605,7184,2025-02-06 05:00:00,2025-02-06 02:00:00,2025-02-06 08:00:00,NORMAL,GROUP__7184__0032,CONTROL,0.0,0.0,0.0,0.0,0.0,0.0,0.0,True
CONTROL__7184__2025071005,7184,2025-07-10 05:00:00,2025-07-10 02:00:00,2025-07-10 08:00:00,NORMAL,GROUP__7184__0032,CONTROL,75.0,92.0,215.0,735.0,1762.0,2550.0,2527.0,False
CONTROL__10011__2025070307,10011,2025-07-03 07:00:00,2025-07-03 04:00:00,2025-07-03 10:00:00,NORMAL,GROUP__10011__0041,CONTROL,0.0,0.0,0.0,0.0,0.0,0.0,0.0,True
CONTROL__10011__2025090407,10011,2025-09-04 07:00:00,2025-09-04 04:00:00,2025-09-04 10:00:00,NORMAL,GROUP__10011__0041,CONTROL,0.0,0.0,0.0,0.0,0.0,0.0,0.0,True
CONTROL__7139__2025030607,7139,2025-03-06 07:00:00,2025-03-06 04:00:00,2025-03-06 10:00:00,NORMAL,GROUP__7139__0041,CONTROL,0.0,0.0,0.0,0.0,0.0,0.0,0.0,True
CONTROL__7139__2025071007,7139,2025-07-10 07:00:00,2025-07-10 04:00:00,2025-07-10 10:00:00,NORMAL,GROUP__7139__0041,CONTROL,20.0,54.0,156.0,215.0,238.0,280.0,294.0,False
CONTROL__51235__2025041720,51235,2025-04-17 20:00:00,2025-04-17 17:00:00,2025-04-17 23:00:00,NORMAL,GROUP__51235__0045,CONTROL,1998.0,1794.0,1316.0,1065.0,1084.0,771.0,492.0,False
CONTROL__51235__2025042420,51235,2025-04-24 20:00:00,2025-04-24 17:00:00,2025-04-24 23:00:00,NORMAL,GROUP__51235__0045,CONTROL,81.0,78.0,70.0,57.0,31.0,25.0,18.0,False
CONTROL__7112__2025022722,7112,2025-02-27 22:00:00,2025-02-27 19:00:00,2025-02-28 01:00:00,NORMAL,GROUP__7112__0060,CONTROL,0.0,0.0,0.0,0.0,0.0,0.0,0.0,True
CONTROL__7112__2025120422,7112,2025-12-04 22:00:00,2025-12-04 19:00:00,2025-12-05 01:00:00,NORMAL,GROUP__7112__0060,CONTROL,79.0,69.0,45.0,32.0,31.0,203.0,105.0,False
CONTROL__7112__2025013022,7112,2025-01-30 22:00:00,2025-01-30 19:00:00,2025-01-31 01:00:00,NORMAL,GROUP__7112__0060,CONTROL,32.0,32.0,25.0,27.0,16.0,0.0,0.0,False
CONTROL__7112__2025092522,7112,2025-09-25 22:00:00,2025-09-25 19:00:00,2025-09-26 01:00:00,NORMAL,GROUP__7112__0060,CONTROL,1001.0,820.0,717.0,495.0,287.0,181.0,98.0,False
CONTROL__7179__2025012403,7179,2025-01-24 03:00:00,2025-01-24 00:00:00,2025-01-24 06:00:00,NORMAL,GROUP__7179__0089,CONTROL,0.0,0.0,0.0,0.0,0.0,0.0,0.0,True
CONTROL__7179__2025062003,7179,2025-06-20 03:00:00,2025-06-20 00:00:00,2025-06-20 06:00:00,NORMAL,GROUP__7179__0089,CONTROL,343.0,182.0,180.0,232.0,421.0,863.0,1360.0,False
CONTROL__33014__2025080804,33014,2025-08-08 04:00:00,2025-08-08 01:00:00,2025-08-08 07:00:00,NORMAL,GROUP__33014__0047,CONTROL,0.0,0.0,0.0,0.0,0.0,0.0,0.0,True
CONTROL__33014__2025051604,33014,2025-05-16 04:00:00,2025-05-16 01:00:00,2025-05-16 07:00:00,NORMAL,GROUP__33014__0047,CONTROL,95.0,64.0,99.0,178.0,593.0,1225.0,1736.0,False
CONTROL__47024__2025060606,47024,2025-06-06 06:00:00,2025-06-06 03:00:00,2025-06-06 09:00:00,NORMAL,GROUP__47024__0018,CONTROL,45.0,60.0,128.0,140.0,167.0,192.0,236.0,False
CONTROL__47024__2025010306,47024,2025-01-03 06:00:00,2025-01-03 03:00:00,2025-01-03 09:00:00,NORMAL,GROUP__47024__0018,CONTROL,266.0,486.0,795.0,864.0,850.0,1002.0,1040.0,False
CONTROL__7184__2025012409,7184,2025-01-24 09:00:00,2025-01-24 06:00:00,2025-01-24 12:00:00,NORMAL,GROUP__7184__0033,CONTROL,0.0,0.0,0.0,0.0,0.0,0.0,0.0,True
CONTROL__7184__2025072509,7184,2025-07-25 09:00:00,2025-07-25 06:00:00,2025-07-25 12:00:00,NORMAL,GROUP__7184__0033,CONTROL,255.0,247.0,257.0,260.0,298.0,341.0,311.0,False
CONTROL__68025__2025080119,68025,2025-08-01 19:00:00,2025-08-01 16:00:00,2025-08-01 22:00:00,NORMAL,GROUP__68025__0046,CONTROL,48.0,56.0,35.0,29.0,17.0,14.0,15.0,False
CONTROL__68025__2025032119,68025,2025-03-21 19:00:00,2025-03-21 16:00:00,2025-03-21 22:00:00,NORMAL,GROUP__68025__0046,CONTROL,1399.0,1389.0,1146.0,940.0,781.0,854.0,750.0,False
CONTROL__68025__2025013120,68025,2025-01-31 20:00:00,2025-01-31 17:00:00,2025-01-31 23:00:00,NORMAL,GROUP__68025__0046,CONTROL,0.0,0.0,0.0,0.0,0.0,0.0,0.0,True
CONTROL__68025__2025120520,68025,2025-12-05 20:00:00,2025-12-05 17:00:00,2025-12-05 23:00:00,NORMAL,GROUP__68025__0046,CONTROL,44.0,33.0,30.0,26.0,17.0,15.0,7.0,False
CONTROL__7112__2025071823,7112,2025-07-18 23:00:00,2025-07-18 20:00:00,2025-07-19 02:00:00,NORMAL,GROUP__7112__0061,CONTROL,50.0,27.0,23.0,20.0,242.0,142.0,92.0,False
CONTROL__7112__2025031423,7112,2025-03-14 23:00:00,2025-03-14 20:00:00,2025-03-15 02:00:00,NORMAL,GROUP__7112__0061,CONTROL,34.0,44.0,25.0,13.0,1.0,0.0,0.0,False
CONTROL__7184__2025030804,7184,2025-03-08 04:00:00,2025-03-08 01:00:00,2025-03-08 07:00:00,NORMAL,GROUP__7184__0034,CONTROL,0.0,0.0,0.0,0.0,0.0,0.0,0.0,True
CONTROL__7184__2025112204,7184,2025-11-22 04:00:00,2025-11-22 01:00:00,2025-11-22 07:00:00,NORMAL,GROUP__7184__0034,CONTROL,28.0,17.0,22.0,25.0,54.0,104.0,117.0,False
CONTROL__F3FWY004__2025070603,F3FWY004,2025-07-06 03:00:00,2025-07-06 00:00:00,2025-07-06 06:00:00,NORMAL,GROUP__F3FWY004__0010,CONTROL,189.0,96.0,50.0,36.0,83.0,198.0,594.0,False
CONTROL__F3FWY004__2025081003,F3FWY004,2025-08-10 03:00:00,2025-08-10 00:00:00,2025-08-10 06:00:00,NORMAL,GROUP__F3FWY004__0010,CONTROL,154.0,101.0,90.0,86.0,191.0,418.0,640.0,False
CONTROL__F3FWY004__2025092103,F3FWY004,2025-09-21 03:00:00,2025-09-21 00:00:00,2025-09-21 06:00:00,NORMAL,GROUP__F3FWY004__0010,CONTROL,60.0,51.0,36.0,35.0,56.0,67.0,130.0,False
CONTROL__F3FWY004__2025072003,F3FWY004,2025-07-20 03:00:00,2025-07-20 00:00:00,2025-07-20 06:00:00,NORMAL,GROUP__F3FWY004__0010,CONTROL,107.0,8.0,18.0,1.0,4.0,60.0,204.0,False
CONTROL__7120__2025102609,7120,2025-10-26 09:00:00,2025-10-26 06:00:00,2025-10-26 12:00:00,NORMAL,GROUP__7120__0063,CONTROL,0.0,0.0,0.0,0.0,0.0,0.0,0.0,True
CONTROL__7120__2025032309,7120,2025-03-23 09:00:00,2025-03-23 06:00:00,2025-03-23 12:00:00,NORMAL,GROUP__7120__0063,CONTROL,351.0,367.0,502.0,657.0,691.0,671.0,789.0,False
CONTROL__7121__2025012609,7121,2025-01-26 09:00:00,2025-01-26 06:00:00,2025-01-26 12:00:00,NORMAL,GROUP__7121__0063,CONTROL,84.0,135.0,178.0,219.0,253.0,292.0,300.0,False
CONTROL__7121__2025021609,7121,2025-02-16 09:00:00,2025-02-16 06:00:00,2025-02-16 12:00:00,NORMAL,GROUP__7121__0063,CONTROL,0.0,0.0,0.0,0.0,0.0,0.0,0.0,True
CONTROL__7120__2025112320,7120,2025-11-23 20:00:00,2025-11-23 17:00:00,2025-11-23 23:00:00,NORMAL,GROUP__7120__0064,CONTROL,38.0,32.0,24.0,24.0,24.0,31.0,19.0,False
CONTROL__7120__2025030220,7120,2025-03-02 20:00:00,2025-03-02 17:00:00,2025-03-02 23:00:00,NORMAL,GROUP__7120__0064,CONTROL,604.0,544.0,461.0,487.0,460.0,372.0,270.0,False
CONTROL__7121__2025121420,7121,2025-12-14 20:00:00,2025-12-14 17:00:00,2025-12-14 23:00:00,NORMAL,GROUP__7121__0064,CONTROL,239.0,235.0,184.0,199.0,51.0,1.0,102.0,False
CONTROL__7121__2025081020,7121,2025-08-10 20:00:00,2025-08-10 17:00:00,2025-08-10 23:00:00,NORMAL,GROUP__7121__0064,CONTROL,408.0,360.0,286.0,269.0,261.0,236.0,306.0,False
CONTROL__7120__2025110920,7120,2025-11-09 20:00:00,2025-11-09 17:00:00,2025-11-09 23:00:00,NORMAL,GROUP__7120__0064,CONTROL,0.0,0.0,0.0,0.0,0.0,0.0,0.0,True
CONTROL__7120__2025051120,7120,2025-05-11 20:00:00,2025-05-11 17:00:00,2025-05-11 23:00:00,NORMAL,GROUP__7120__0064,CONTROL,667.0,670.0,604.0,577.0,439.0,642.0,384.0,False
CONTROL__7121__2025100520,7121,2025-10-05 20:00:00,2025-10-05 17:00:00,2025-10-05 23:00:00,NORMAL,GROUP__7121__0064,CONTROL,21.0,19.0,11.0,12.0,11.0,10.0,8.0,False
CONTROL__7121__2025122820,7121,2025-12-28 20:00:00,2025-12-28 17:00:00,2025-12-28 23:00:00,NORMAL,GROUP__7121__0064,CONTROL,0.0,0.0,0.0,0.0,0.0,0.0,0.0,True
CONTROL__9836-PR__2025092120,9836-PR,2025-09-21 20:00:00,2025-09-21 17:00:00,2025-09-21 23:00:00,NORMAL,GROUP__9836-PR__0007,CONTROL,33.0,27.0,26.0,21.0,18.0,24.0,14.0,False
CONTROL__9836-PR__2025072020,9836-PR,2025-07-20 20:00:00,2025-07-20 17:00:00,2025-07-20 23:00:00,NORMAL,GROUP__9836-PR__0007,CONTROL,39.0,29.0,34.0,30.0,15.0,12.0,7.0,False
CONTROL__7251__2025052522,7251,2025-05-25 22:00:00,2025-05-25 19:00:00,2025-05-26 01:00:00,NORMAL,GROUP__7251__0033,CONTROL,713.0,737.0,712.0,638.0,449.0,287.0,163.0,False
CONTROL__7251__2025092122,7251,2025-09-21 22:00:00,2025-09-21 19:00:00,2025-09-22 01:00:00,NORMAL,GROUP__7251__0033,CONTROL,39.0,45.0,25.0,37.0,26.0,17.0,5.0,False
CONTROL__F3FWY003__2025061522,F3FWY003,2025-06-15 22:00:00,2025-06-15 19:00:00,2025-06-16 01:00:00,NORMAL,GROUP__F3FWY003__0042,CONTROL,0.0,0.0,0.0,0.0,0.0,0.0,0.0,True
CONTROL__F3FWY003__2025111622,F3FWY003,2025-11-16 22:00:00,2025-11-16 19:00:00,2025-11-17 01:00:00,NORMAL,GROUP__F3FWY003__0042,CONTROL,1317.0,1099.0,770.0,576.0,372.0,73.0,86.0,False
CONTROL__7184__2025090108,7184,2025-09-01 08:00:00,2025-09-01 05:00:00,2025-09-01 11:00:00,NORMAL,GROUP__7184__0035,CONTROL,127.0,301.0,227.0,216.0,288.0,300.0,318.0,False
CONTROL__7184__2025041408,7184,2025-04-14 08:00:00,2025-04-14 05:00:00,2025-04-14 11:00:00,NORMAL,GROUP__7184__0035,CONTROL,870.0,1980.0,2909.0,2243.0,2322.0,2115.0,2029.0,False
CONTROL__10011__2025091521,10011,2025-09-15 21:00:00,2025-09-15 18:00:00,2025-09-16 00:00:00,NORMAL,GROUP__10011__0042,CONTROL,0.0,0.0,0.0,0.0,0.0,0.0,0.0,True
CONTROL__10011__2025092921,10011,2025-09-29 21:00:00,2025-09-29 18:00:00,2025-09-30 00:00:00,NORMAL,GROUP__10011__0042,CONTROL,0.0,0.0,0.0,0.0,0.0,0.0,0.0,True
CONTROL__7139__2025010621,7139,2025-01-06 21:00:00,2025-01-06 18:00:00,2025-01-07 00:00:00,NORMAL,GROUP__7139__0042,CONTROL,93.0,48.0,36.0,30.0,36.0,9.0,4.0,False
CONTROL__7139__2025051221,7139,2025-05-12 21:00:00,2025-05-12 18:00:00,2025-05-13 00:00:00,NORMAL,GROUP__7139__0042,CONTROL,1802.0,1209.0,975.0,768.0,510.0,324.0,122.0,False
CONTROL__T0288__2025070801,T0288,2025-07-08 01:00:00,2025-07-07 22:00:00,2025-07-08 04:00:00,NORMAL,GROUP__T0288__0013,CONTROL,0.0,0.0,0.0,0.0,0.0,0.0,0.0,True
CONTROL__T0288__2025011401,T0288,2025-01-14 01:00:00,2025-01-13 22:00:00,2025-01-14 04:00:00,NORMAL,GROUP__T0288__0013,CONTROL,0.0,3.0,85.0,68.0,86.0,123.0,168.0,False
CONTROL__T0289__2025062401,T0289,2025-06-24 01:00:00,2025-06-23 22:00:00,2025-06-24 04:00:00,NORMAL,GROUP__T0289__0013,CONTROL,0.0,0.0,0.0,0.0,0.0,0.0,0.0,True
CONTROL__T0289__2025081201,T0289,2025-08-12 01:00:00,2025-08-11 22:00:00,2025-08-12 04:00:00,NORMAL,GROUP__T0289__0013,CONTROL,0.0,0.0,0.0,0.0,0.0,0.0,0.0,True
CONTROL__T0290__2025081201,T0290,2025-08-12 01:00:00,2025-08-11 22:00:00,2025-08-12 04:00:00,NORMAL,GROUP__T0290__0013,CONTROL,0.0,0.0,0.0,0.0,0.0,0.0,0.0,True
CONTROL__T0290__2025091601,T0290,2025-09-16 01:00:00,2025-09-15 22:00:00,2025-09-16 04:00:00,NORMAL,GROUP__T0290__0013,CONTROL,2.0,1.0,2.0,0.0,1.0,2.0,1.0,False
CONTROL__T0479-PR__2025081901,T0479-PR,2025-08-19 01:00:00,2025-08-18 22:00:00,2025-08-19 04:00:00,NORMAL,GROUP__T0479-PR__0013,CONTROL,41.0,42.0,11.0,13.0,13.0,16.0,51.0,False
CONTROL__T0479-PR__2025122301,T0479-PR,2025-12-23 01:00:00,2025-12-22 22:00:00,2025-12-23 04:00:00,NORMAL,GROUP__T0479-PR__0013,CONTROL,44.0,52.0,213.0,115.0,81.0,133.0,310.0,False
CONTROL__55049__2025030403,55049,2025-03-04 03:00:00,2025-03-04 00:00:00,2025-03-04 06:00:00,NORMAL,GROUP__55049__0011,CONTROL,0.0,0.0,0.0,0.0,0.0,0.0,11.0,False
CONTROL__55049__2025061003,55049,2025-06-10 03:00:00,2025-06-10 00:00:00,2025-06-10 06:00:00,NORMAL,GROUP__55049__0011,CONTROL,30.0,25.0,15.0,24.0,63.0,230.0,766.0,False
CONTROL__33014__2025072206,33014,2025-07-22 06:00:00,2025-07-22 03:00:00,2025-07-22 09:00:00,NORMAL,GROUP__33014__0048,CONTROL,0.0,0.0,0.0,0.0,0.0,0.0,0.0,True
CONTROL__33014__2025120206,33014,2025-12-02 06:00:00,2025-12-02 03:00:00,2025-12-02 09:00:00,NORMAL,GROUP__33014__0048,CONTROL,0.0,0.0,0.0,0.0,0.0,0.0,0.0,True
CONTROL__7251__2025061022,7251,2025-06-10 22:00:00,2025-06-10 19:00:00,2025-06-11 01:00:00,NORMAL,GROUP__7251__0034,CONTROL,839.0,663.0,665.0,567.0,399.0,259.0,146.0,False
CONTROL__7251__2025121622,7251,2025-12-16 22:00:00,2025-12-16 19:00:00,2025-12-17 01:00:00,NORMAL,GROUP__7251__0034,CONTROL,791.0,658.0,681.0,613.0,455.0,29.0,23.0,False
CONTROL__53004__2025012906,53004,2025-01-29 06:00:00,2025-01-29 03:00:00,2025-01-29 09:00:00,NORMAL,GROUP__53004__0047,CONTROL,0.0,0.0,0.0,0.0,0.0,0.0,0.0,True
CONTROL__53004__2025062506,53004,2025-06-25 06:00:00,2025-06-25 03:00:00,2025-06-25 09:00:00,NORMAL,GROUP__53004__0047,CONTROL,50.0,207.0,672.0,1452.0,2304.0,2190.0,1714.0,False
CONTROL__7168__2025010817,7168,2025-01-08 17:00:00,2025-01-08 14:00:00,2025-01-08 20:00:00,NORMAL,GROUP__7168__0019,CONTROL,0.0,0.0,0.0,0.0,0.0,0.0,0.0,True
CONTROL__7168__2025082717,7168,2025-08-27 17:00:00,2025-08-27 14:00:00,2025-08-27 20:00:00,NORMAL,GROUP__7168__0019,CONTROL,838.0,1047.0,928.0,993.0,706.0,311.0,243.0,False
CONTROL__74229__2025013005,74229,2025-01-30 05:00:00,2025-01-30 02:00:00,2025-01-30 08:00:00,NORMAL,GROUP__74229__0006,CONTROL,30.0,0.0,0.0,0.0,0.0,1405.0,1166.0,False
CONTROL__74229__2025101605,74229,2025-10-16 05:00:00,2025-10-16 02:00:00,2025-10-16 08:00:00,NORMAL,GROUP__74229__0006,CONTROL,20.0,36.0,142.0,510.0,847.0,1043.0,794.0,False
CONTROL__23067__2025010219,23067,2025-01-02 19:00:00,2025-01-02 16:00:00,2025-01-02 22:00:00,NORMAL,GROUP__23067__0041,CONTROL,466.0,553.0,425.0,309.0,351.0,213.0,123.0,False
CONTROL__23067__2025112719,23067,2025-11-27 19:00:00,2025-11-27 16:00:00,2025-11-27 22:00:00,NORMAL,GROUP__23067__0041,CONTROL,54.0,63.0,48.0,61.0,50.0,50.0,33.0,False
CONTROL__74229__2025042421,74229,2025-04-24 21:00:00,2025-04-24 18:00:00,2025-04-25 00:00:00,NORMAL,GROUP__74229__0007,CONTROL,796.0,562.0,380.0,401.0,251.0,125.0,0.0,False
CONTROL__74229__2025071021,74229,2025-07-10 21:00:00,2025-07-10 18:00:00,2025-07-11 00:00:00,NORMAL,GROUP__74229__0007,CONTROL,1137.0,792.0,659.0,612.0,472.0,201.0,1.0,False
CONTROL__9658__2025052222,9658,2025-05-22 22:00:00,2025-05-22 19:00:00,2025-05-23 01:00:00,NORMAL,GROUP__9658__0033,CONTROL,789.0,666.0,528.0,437.0,291.0,143.0,117.0,False
CONTROL__9658__2025112022,9658,2025-11-20 22:00:00,2025-11-20 19:00:00,2025-11-21 01:00:00,NORMAL,GROUP__9658__0033,CONTROL,951.0,771.0,758.0,556.0,403.0,207.0,146.0,False
CONTROL__9658__2025070322,9658,2025-07-03 22:00:00,2025-07-03 19:00:00,2025-07-04 01:00:00,NORMAL,GROUP__9658__0033,CONTROL,865.0,616.0,625.0,513.0,292.0,169.0,113.0,False
CONTROL__9658__2025101622,9658,2025-10-16 22:00:00,2025-10-16 19:00:00,2025-10-17 01:00:00,NORMAL,GROUP__9658__0033,CONTROL,875.0,720.0,676.0,545.0,321.0,26.0,28.0,False
CONTROL__F3FWY003__2025062701,F3FWY003,2025-06-27 01:00:00,2025-06-26 22:00:00,2025-06-27 04:00:00,NORMAL,GROUP__F3FWY003__0043,CONTROL,0.0,0.0,0.0,0.0,0.0,0.0,0.0,True
CONTROL__F3FWY003__2025091201,F3FWY003,2025-09-12 01:00:00,2025-09-11 22:00:00,2025-09-12 04:00:00,NORMAL,GROUP__F3FWY003__0043,CONTROL,197.0,133.0,157.0,105.0,82.0,115.0,216.0,False
CONTROL__33014__2025011002,33014,2025-01-10 02:00:00,2025-01-09 23:00:00,2025-01-10 05:00:00,NORMAL,GROUP__33014__0049,CONTROL,0.0,13.0,12.0,22.0,33.0,59.0,106.0,False
CONTROL__33014__2025053002,33014,2025-05-30 02:00:00,2025-05-29 23:00:00,2025-05-30 05:00:00,NORMAL,GROUP__33014__0049,CONTROL,0.0,18.0,16.0,15.0,23.0,44.0,60.0,False
CONTROL__7248__2025091905,7248,2025-09-19 05:00:00,2025-09-19 02:00:00,2025-09-19 08:00:00,NORMAL,GROUP__7248__0042,CONTROL,61.0,134.0,370.0,1179.0,1188.0,1250.0,1192.0,False
CONTROL__7248__2025040405,7248,2025-04-04 05:00:00,2025-04-04 02:00:00,2025-04-04 08:00:00,NORMAL,GROUP__7248__0042,CONTROL,81.0,109.0,264.0,875.0,1014.0,1049.0,872.0,False
CONTROL__7119-PR__2025072506,7119-PR,2025-07-25 06:00:00,2025-07-25 03:00:00,2025-07-25 09:00:00,NORMAL,GROUP__7119-PR__0014,CONTROL,6.0,15.0,36.0,90.0,93.0,90.0,108.0,False
CONTROL__7119-PR__2025082906,7119-PR,2025-08-29 06:00:00,2025-08-29 03:00:00,2025-08-29 09:00:00,NORMAL,GROUP__7119-PR__0014,CONTROL,58.0,136.0,392.0,639.0,1007.0,1122.0,1019.0,False
CONTROL__7161__2025051622,7161,2025-05-16 22:00:00,2025-05-16 19:00:00,2025-05-17 01:00:00,NORMAL,GROUP__7161__0029,CONTROL,871.0,762.0,640.0,525.0,301.0,180.0,96.0,False
CONTROL__7161__2025111422,7161,2025-11-14 22:00:00,2025-11-14 19:00:00,2025-11-15 01:00:00,NORMAL,GROUP__7161__0029,CONTROL,75.0,64.0,44.0,34.0,34.0,16.0,14.0,False
CONTROL__55049__2025080204,55049,2025-08-02 04:00:00,2025-08-02 01:00:00,2025-08-02 07:00:00,NORMAL,GROUP__55049__0012,CONTROL,86.0,62.0,41.0,51.0,85.0,252.0,408.0,False
CONTROL__55049__2025092004,55049,2025-09-20 04:00:00,2025-09-20 01:00:00,2025-09-20 07:00:00,NORMAL,GROUP__55049__0012,CONTROL,0.0,1.0,0.0,0.0,0.0,0.0,22.0,False
CONTROL__7163__2025033007,7163,2025-03-30 07:00:00,2025-03-30 04:00:00,2025-03-30 10:00:00,NORMAL,GROUP__7163__0042,CONTROL,98.0,92.0,171.0,215.0,366.0,521.0,634.0,False
CONTROL__7163__2025090707,7163,2025-09-07 07:00:00,2025-09-07 04:00:00,2025-09-07 10:00:00,NORMAL,GROUP__7163__0042,CONTROL,105.0,129.0,187.0,272.0,394.0,534.0,630.0,False
CONTROL__F3FWY006__2025030208,F3FWY006,2025-03-02 08:00:00,2025-03-02 05:00:00,2025-03-02 11:00:00,NORMAL,GROUP__F3FWY006__0006,CONTROL,0.0,0.0,0.0,0.0,0.0,0.0,0.0,True
CONTROL__F3FWY006__2025033008,F3FWY006,2025-03-30 08:00:00,2025-03-30 05:00:00,2025-03-30 11:00:00,NORMAL,GROUP__F3FWY006__0006,CONTROL,0.0,0.0,0.0,0.0,0.0,0.0,0.0,True
CONTROL__68025__2025121421,68025,2025-12-14 21:00:00,2025-12-14 18:00:00,2025-12-15 00:00:00,NORMAL,GROUP__68025__0047,CONTROL,33.0,16.0,22.0,19.0,14.0,8.0,138.0,False
CONTROL__68025__2025113021,68025,2025-11-30 21:00:00,2025-11-30 18:00:00,2025-12-01 00:00:00,NORMAL,GROUP__68025__0047,CONTROL,26.0,22.0,20.0,13.0,12.0,6.0,120.0,False
CONTROL__7112__2025060122,7112,2025-06-01 22:00:00,2025-06-01 19:00:00,2025-06-02 01:00:00,NORMAL,GROUP__7112__0062,CONTROL,38.0,18.0,16.0,13.0,11.0,14.0,11.0,False
CONTROL__7112__2025033022,7112,2025-03-30 22:00:00,2025-03-30 19:00:00,2025-03-31 01:00:00,NORMAL,GROUP__7112__0062,CONTROL,864.0,726.0,678.0,450.0,295.0,0.0,0.0,False
CONTROL__7184__2025061605,7184,2025-06-16 05:00:00,2025-06-16 02:00:00,2025-06-16 08:00:00,NORMAL,GROUP__7184__0036,CONTROL,45.0,96.0,225.0,853.0,1886.0,3019.0,2411.0,False
CONTROL__7184__2025122205,7184,2025-12-22 05:00:00,2025-12-22 02:00:00,2025-12-22 08:00:00,NORMAL,GROUP__7184__0036,CONTROL,69.0,104.0,203.0,578.0,1293.0,1922.0,2135.0,False
CONTROL__53004__2025041407,53004,2025-04-14 07:00:00,2025-04-14 04:00:00,2025-04-14 10:00:00,NORMAL,GROUP__53004__0048,CONTROL,210.0,662.0,1300.0,1775.0,1685.0,1531.0,1205.0,False
CONTROL__53004__2025091507,53004,2025-09-15 07:00:00,2025-09-15 04:00:00,2025-09-15 10:00:00,NORMAL,GROUP__53004__0048,CONTROL,235.0,676.0,1444.0,2258.0,1969.0,1408.0,1132.0,False
CONTROL__53004__2025050507,53004,2025-05-05 07:00:00,2025-05-05 04:00:00,2025-05-05 10:00:00,NORMAL,GROUP__53004__0048,CONTROL,214.0,666.0,1484.0,2250.0,2114.0,1519.0,1199.0,False
CONTROL__53004__2025031007,53004,2025-03-10 07:00:00,2025-03-10 04:00:00,2025-03-10 10:00:00,NORMAL,GROUP__53004__0048,CONTROL,34.0,105.0,185.0,149.0,121.0,120.0,100.0,False
CONTROL__7163__2025081120,7163,2025-08-11 20:00:00,2025-08-11 17:00:00,2025-08-11 23:00:00,NORMAL,GROUP__7163__0043,CONTROL,61.0,55.0,41.0,31.0,34.0,28.0,26.0,False
CONTROL__7163__2025060920,7163,2025-06-09 20:00:00,2025-06-09 17:00:00,2025-06-09 23:00:00,NORMAL,GROUP__7163__0043,CONTROL,15.0,13.0,13.0,12.0,11.0,8.0,7.0,False
CONTROL__7150__2025090821,7150,2025-09-08 21:00:00,2025-09-08 18:00:00,2025-09-09 00:00:00,NORMAL,GROUP__7150__0007,CONTROL,54.0,32.0,26.0,23.0,18.0,6.0,5.0,False
CONTROL__7150__2025102721,7150,2025-10-27 21:00:00,2025-10-27 18:00:00,2025-10-28 00:00:00,NORMAL,GROUP__7150__0007,CONTROL,45.0,33.0,31.0,26.0,15.0,2.0,73.0,False
CONTROL__7120__2025012103,7120,2025-01-21 03:00:00,2025-01-21 00:00:00,2025-01-21 06:00:00,NORMAL,GROUP__7120__0065,CONTROL,9.0,4.0,7.0,13.0,28.0,54.0,113.0,False
CONTROL__7120__2025120203,7120,2025-12-02 03:00:00,2025-12-02 00:00:00,2025-12-02 06:00:00,NORMAL,GROUP__7120__0065,CONTROL,110.0,62.0,53.0,92.0,194.0,630.0,775.0,False
CONTROL__7121__2025032503,7121,2025-03-25 03:00:00,2025-03-25 00:00:00,2025-03-25 06:00:00,NORMAL,GROUP__7121__0065,CONTROL,5.0,3.0,2.0,8.0,9.0,17.0,22.0,False
CONTROL__7121__2025012103,7121,2025-01-21 03:00:00,2025-01-21 00:00:00,2025-01-21 06:00:00,NORMAL,GROUP__7121__0065,CONTROL,0.0,0.0,0.0,0.0,0.0,0.0,0.0,True
CONTROL__7120__2025032503,7120,2025-03-25 03:00:00,2025-03-25 00:00:00,2025-03-25 06:00:00,NORMAL,GROUP__7120__0065,CONTROL,0.0,0.0,0.0,0.0,0.0,0.0,0.0,True
CONTROL__7120__2025010703,7120,2025-01-07 03:00:00,2025-01-07 00:00:00,2025-01-07 06:00:00,NORMAL,GROUP__7120__0065,CONTROL,6.0,9.0,6.0,18.0,29.0,45.0,84.0,False
CONTROL__7121__2025031803,7121,2025-03-18 03:00:00,2025-03-18 00:00:00,2025-03-18 06:00:00,NORMAL,GROUP__7121__0065,CONTROL,40.0,33.0,24.0,43.0,37.0,114.0,219.0,False
CONTROL__7121__2025072903,7121,2025-07-29 03:00:00,2025-07-29 00:00:00,2025-07-29 06:00:00,NORMAL,GROUP__7121__0065,CONTROL,51.0,30.0,16.0,27.0,46.0,81.0,168.0,False
CONTROL__7120__2025070107,7120,2025-07-01 07:00:00,2025-07-01 04:00:00,2025-07-01 10:00:00,NORMAL,GROUP__7120__0065,CONTROL,19.0,76.0,95.0,70.0,71.0,96.0,86.0,False
CONTROL__7120__2025032507,7120,2025-03-25 07:00:00,2025-03-25 04:00:00,2025-03-25 10:00:00,NORMAL,GROUP__7120__0065,CONTROL,0.0,0.0,0.0,0.0,0.0,0.0,0.0,True
CONTROL__7121__2025101407,7121,2025-10-14 07:00:00,2025-10-14 04:00:00,2025-10-14 10:00:00,NORMAL,GROUP__7121__0065,CONTROL,47.0,92.0,190.0,371.0,440.0,392.0,379.0,False
CONTROL__7121__2025091607,7121,2025-09-16 07:00:00,2025-09-16 04:00:00,2025-09-16 10:00:00,NORMAL,GROUP__7121__0065,CONTROL,35.0,80.0,210.0,352.0,386.0,360.0,389.0,False
CONTROL__7126__2025121610,7126,2025-12-16 10:00:00,2025-12-16 07:00:00,2025-12-16 13:00:00,NORMAL,GROUP__7126__0018,CONTROL,550.0,644.0,577.0,541.0,605.0,706.0,770.0,False
CONTROL__7126__2025022510,7126,2025-02-25 10:00:00,2025-02-25 07:00:00,2025-02-25 13:00:00,NORMAL,GROUP__7126__0018,CONTROL,0.0,0.0,0.0,0.0,0.0,0.0,0.0,True
CONTROL__F3FWY003__2025090219,F3FWY003,2025-09-02 19:00:00,2025-09-02 16:00:00,2025-09-02 22:00:00,NORMAL,GROUP__F3FWY003__0044,CONTROL,3049.0,2717.0,1891.0,1092.0,719.0,551.0,436.0,False
CONTROL__F3FWY003__2025040819,F3FWY003,2025-04-08 19:00:00,2025-04-08 16:00:00,2025-04-08 22:00:00,NORMAL,GROUP__F3FWY003__0044,CONTROL,0.0,0.0,0.0,0.0,0.0,0.0,0.0,True
CONTROL__33014__2025090221,33014,2025-09-02 21:00:00,2025-09-02 18:00:00,2025-09-03 00:00:00,NORMAL,GROUP__33014__0050,CONTROL,0.0,0.0,0.0,0.0,0.0,0.0,0.0,True
CONTROL__33014__2025042921,33014,2025-04-29 21:00:00,2025-04-29 18:00:00,2025-04-30 00:00:00,NORMAL,GROUP__33014__0050,CONTROL,60.0,55.0,35.0,20.0,32.0,0.0,119.0,False
CONTROL__10011__2025061105,10011,2025-06-11 05:00:00,2025-06-11 02:00:00,2025-06-11 08:00:00,NORMAL,GROUP__10011__0043,CONTROL,0.0,0.0,0.0,0.0,0.0,0.0,0.0,True
CONTROL__10011__2025020505,10011,2025-02-05 05:00:00,2025-02-05 02:00:00,2025-02-05 08:00:00,NORMAL,GROUP__10011__0043,CONTROL,0.0,0.0,0.0,0.0,0.0,0.0,0.0,True
CONTROL__7139__2025022605,7139,2025-02-26 05:00:00,2025-02-26 02:00:00,2025-02-26 08:00:00,NORMAL,GROUP__7139__0043,CONTROL,0.0,0.0,0.0,0.0,0.0,0.0,0.0,True
CONTROL__7139__2025120305,7139,2025-12-03 05:00:00,2025-12-03 02:00:00,2025-12-03 08:00:00,NORMAL,GROUP__7139__0043,CONTROL,12.0,16.0,20.0,76.0,193.0,214.0,215.0,False
CONTROL__F3FWY001__2025122405,F3FWY001,2025-12-24 05:00:00,2025-12-24 02:00:00,2025-12-24 08:00:00,NORMAL,GROUP__F3FWY001__0010,CONTROL,135.0,212.0,404.0,855.0,1330.0,1720.0,2254.0,False
CONTROL__F3FWY001__2025091705,F3FWY001,2025-09-17 05:00:00,2025-09-17 02:00:00,2025-09-17 08:00:00,NORMAL,GROUP__F3FWY001__0010,CONTROL,105.0,178.0,296.0,571.0,793.0,716.0,616.0,False
CONTROL__53003__2025082020,53003,2025-08-20 20:00:00,2025-08-20 17:00:00,2025-08-20 23:00:00,NORMAL,GROUP__53003__0015,CONTROL,106.0,61.0,61.0,49.0,41.0,23.0,18.0,False
CONTROL__53003__2025052120,53003,2025-05-21 20:00:00,2025-05-21 17:00:00,2025-05-21 23:00:00,NORMAL,GROUP__53003__0015,CONTROL,2575.0,2350.0,1514.0,985.0,861.0,728.0,424.0,False
CONTROL__7112__2025032702,7112,2025-03-27 02:00:00,2025-03-26 23:00:00,2025-03-27 05:00:00,NORMAL,GROUP__7112__0063,CONTROL,0.0,0.0,0.0,0.0,27.0,64.0,130.0,False
CONTROL__7112__2025041002,7112,2025-04-10 02:00:00,2025-04-09 23:00:00,2025-04-10 05:00:00,NORMAL,GROUP__7112__0063,CONTROL,35.0,30.0,40.0,57.0,55.0,67.0,131.0,False
CONTROL__50240__2025010203,50240,2025-01-02 03:00:00,2025-01-02 00:00:00,2025-01-02 06:00:00,NORMAL,GROUP__50240__0048,CONTROL,319.0,227.0,148.0,224.0,423.0,1036.0,1422.0,False
CONTROL__50240__2025012303,50240,2025-01-23 03:00:00,2025-01-23 00:00:00,2025-01-23 06:00:00,NORMAL,GROUP__50240__0048,CONTROL,0.0,0.0,0.0,0.0,0.0,0.0,0.0,True
CONTROL__50240__2025052903,50240,2025-05-29 03:00:00,2025-05-29 00:00:00,2025-05-29 06:00:00,NORMAL,GROUP__50240__0048,CONTROL,52.0,55.0,45.0,55.0,78.0,180.0,328.0,False
CONTROL__50240__2025090403,50240,2025-09-04 03:00:00,2025-09-04 00:00:00,2025-09-04 06:00:00,NORMAL,GROUP__50240__0048,CONTROL,234.0,155.0,175.0,240.0,716.0,2025.0,2687.0,False
CONTROL__33014__2025022703,33014,2025-02-27 03:00:00,2025-02-27 00:00:00,2025-02-27 06:00:00,NORMAL,GROUP__33014__0051,CONTROL,0.0,0.0,0.0,0.0,0.0,0.0,0.0,True
CONTROL__33014__2025041003,33014,2025-04-10 03:00:00,2025-04-10 00:00:00,2025-04-10 06:00:00,NORMAL,GROUP__33014__0051,CONTROL,24.0,15.0,13.0,19.0,34.0,115.0,223.0,False
CONTROL__33014__2025103003,33014,2025-10-30 03:00:00,2025-10-30 00:00:00,2025-10-30 06:00:00,NORMAL,GROUP__33014__0051,CONTROL,0.0,0.0,0.0,0.0,0.0,0.0,0.0,True
CONTROL__33014__2025091803,33014,2025-09-18 03:00:00,2025-09-18 00:00:00,2025-09-18 06:00:00,NORMAL,GROUP__33014__0051,CONTROL,0.0,0.0,0.0,0.0,0.0,0.0,0.0,True
CONTROL__74230__2025091804,74230,2025-09-18 04:00:00,2025-09-18 01:00:00,2025-09-18 07:00:00,NORMAL,GROUP__74230__0020,CONTROL,47.0,43.0,78.0,170.0,425.0,863.0,1053.0,False
CONTROL__74230__2025120404,74230,2025-12-04 04:00:00,2025-12-04 01:00:00,2025-12-04 07:00:00,NORMAL,GROUP__74230__0020,CONTROL,0.0,1.0,3.0,7.0,21.0,20.0,21.0,False
CONTROL__74230__2025020604,74230,2025-02-06 04:00:00,2025-02-06 01:00:00,2025-02-06 07:00:00,NORMAL,GROUP__74230__0020,CONTROL,0.0,0.0,0.0,0.0,0.0,0.0,0.0,True
CONTROL__74230__2025022704,74230,2025-02-27 04:00:00,2025-02-27 01:00:00,2025-02-27 07:00:00,NORMAL,GROUP__74230__0020,CONTROL,0.0,0.0,0.0,0.0,0.0,0.0,0.0,True
CONTROL__7270__2025010905,7270,2025-01-09 05:00:00,2025-01-09 02:00:00,2025-01-09 08:00:00,NORMAL,GROUP__7270__0023,CONTROL,0.0,0.0,0.0,0.0,0.0,0.0,0.0,True
CONTROL__7270__2025032005,7270,2025-03-20 05:00:00,2025-03-20 02:00:00,2025-03-20 08:00:00,NORMAL,GROUP__7270__0023,CONTROL,76.0,115.0,345.0,1221.0,1423.0,141.0,131.0,False
CONTROL__9836-PR__2025100907,9836-PR,2025-10-09 07:00:00,2025-10-09 04:00:00,2025-10-09 10:00:00,NORMAL,GROUP__9836-PR__0008,CONTROL,9.0,36.0,89.0,94.0,108.0,161.0,168.0,False
CONTROL__9836-PR__2025021307,9836-PR,2025-02-13 07:00:00,2025-02-13 04:00:00,2025-02-13 10:00:00,NORMAL,GROUP__9836-PR__0008,CONTROL,0.0,0.0,0.0,0.0,0.0,0.0,0.0,True
CONTROL__74230__2025031321,74230,2025-03-13 21:00:00,2025-03-13 18:00:00,2025-03-14 00:00:00,NORMAL,GROUP__74230__0021,CONTROL,254.0,194.0,181.0,83.0,32.0,19.0,1.0,False
CONTROL__74230__2025012321,74230,2025-01-23 21:00:00,2025-01-23 18:00:00,2025-01-24 00:00:00,NORMAL,GROUP__74230__0021,CONTROL,185.0,188.0,140.0,85.0,33.0,20.0,1.0,False
CONTROL__7120__2025012322,7120,2025-01-23 22:00:00,2025-01-23 19:00:00,2025-01-24 01:00:00,NORMAL,GROUP__7120__0066,CONTROL,46.0,23.0,22.0,23.0,13.0,162.0,86.0,False
CONTROL__7120__2025040322,7120,2025-04-03 22:00:00,2025-04-03 19:00:00,2025-04-04 01:00:00,NORMAL,GROUP__7120__0066,CONTROL,0.0,0.0,0.0,0.0,0.0,0.0,0.0,True
CONTROL__7121__2025082822,7121,2025-08-28 22:00:00,2025-08-28 19:00:00,2025-08-29 01:00:00,NORMAL,GROUP__7121__0066,CONTROL,25.0,14.0,8.0,7.0,9.0,79.0,40.0,False
CONTROL__7121__2025121122,7121,2025-12-11 22:00:00,2025-12-11 19:00:00,2025-12-12 01:00:00,NORMAL,GROUP__7121__0066,CONTROL,0.0,0.0,0.0,0.0,0.0,0.0,0.0,True
CONTROL__7159__2025101622,7159,2025-10-16 22:00:00,2025-10-16 19:00:00,2025-10-17 01:00:00,NORMAL,GROUP__7159__0012,CONTROL,66.0,69.0,42.0,58.0,33.0,33.0,34.0,False
CONTROL__7159__2025022722,7159,2025-02-27 22:00:00,2025-02-27 19:00:00,2025-02-28 01:00:00,NORMAL,GROUP__7159__0012,CONTROL,0.0,0.0,0.0,0.0,0.0,0.0,0.0,True
CONTROL__7179__2025101700,7179,2025-10-17 00:00:00,2025-10-16 21:00:00,2025-10-17 03:00:00,NORMAL,GROUP__7179__0090,CONTROL,1354.0,1127.0,800.0,441.0,232.0,204.0,241.0,False
CONTROL__7179__2025061300,7179,2025-06-13 00:00:00,2025-06-12 21:00:00,2025-06-13 03:00:00,NORMAL,GROUP__7179__0090,CONTROL,1195.0,980.0,572.0,59.0,46.0,54.0,71.0,False
CONTROL__53003__2025092604,53003,2025-09-26 04:00:00,2025-09-26 01:00:00,2025-09-26 07:00:00,NORMAL,GROUP__53003__0016,CONTROL,30.0,31.0,34.0,56.0,135.0,203.0,177.0,False
CONTROL__53003__2025010304,53003,2025-01-03 04:00:00,2025-01-03 01:00:00,2025-01-03 07:00:00,NORMAL,GROUP__53003__0016,CONTROL,0.0,0.0,0.0,5.0,50.0,150.0,230.0,False
CONTROL__50240__2025071120,50240,2025-07-11 20:00:00,2025-07-11 17:00:00,2025-07-11 23:00:00,NORMAL,GROUP__50240__0049,CONTROL,2268.0,2280.0,1679.0,1352.0,1288.0,1094.0,717.0,False
CONTROL__50240__2025070420,50240,2025-07-04 20:00:00,2025-07-04 17:00:00,2025-07-04 23:00:00,NORMAL,GROUP__50240__0049,CONTROL,2636.0,2622.0,2289.0,1875.0,1795.0,1940.0,1343.0,False
CONTROL__74230__2025040505,74230,2025-04-05 05:00:00,2025-04-05 02:00:00,2025-04-05 08:00:00,NORMAL,GROUP__74230__0022,CONTROL,1.0,0.0,0.0,0.0,2.0,0.0,0.0,False
CONTROL__74230__2025110805,74230,2025-11-08 05:00:00,2025-11-08 02:00:00,2025-11-08 08:00:00,NORMAL,GROUP__74230__0022,CONTROL,8.0,26.0,61.0,86.0,182.0,201.0,242.0,False
CONTROL__T0288__2025112213,T0288,2025-11-22 13:00:00,2025-11-22 10:00:00,2025-11-22 16:00:00,NORMAL,GROUP__T0288__0014,CONTROL,0.0,0.0,0.0,0.0,0.0,0.0,0.0,True
CONTROL__T0288__2025032913,T0288,2025-03-29 13:00:00,2025-03-29 10:00:00,2025-03-29 16:00:00,NORMAL,GROUP__T0288__0014,CONTROL,0.0,0.0,0.0,0.0,0.0,0.0,0.0,True
CONTROL__T0289__2025031513,T0289,2025-03-15 13:00:00,2025-03-15 10:00:00,2025-03-15 16:00:00,NORMAL,GROUP__T0289__0014,CONTROL,0.0,0.0,0.0,0.0,0.0,0.0,0.0,True
CONTROL__T0289__2025060713,T0289,2025-06-07 13:00:00,2025-06-07 10:00:00,2025-06-07 16:00:00,NORMAL,GROUP__T0289__0014,CONTROL,0.0,0.0,0.0,0.0,0.0,0.0,0.0,True
CONTROL__T0290__2025121313,T0290,2025-12-13 13:00:00,2025-12-13 10:00:00,2025-12-13 16:00:00,NORMAL,GROUP__T0290__0014,CONTROL,96.0,84.0,85.0,95.0,74.0,68.0,70.0,False
CONTROL__T0290__2025120613,T0290,2025-12-06 13:00:00,2025-12-06 10:00:00,2025-12-06 16:00:00,NORMAL,GROUP__T0290__0014,CONTROL,0.0,2.0,0.0,0.0,1.0,1.0,0.0,False
CONTROL__T0479-PR__2025051713,T0479-PR,2025-05-17 13:00:00,2025-05-17 10:00:00,2025-05-17 16:00:00,NORMAL,GROUP__T0479-PR__0014,CONTROL,243.0,236.0,231.0,264.0,250.0,227.0,249.0,False
CONTROL__T0479-PR__2025122013,T0479-PR,2025-12-20 13:00:00,2025-12-20 10:00:00,2025-12-20 16:00:00,NORMAL,GROUP__T0479-PR__0014,CONTROL,271.0,282.0,347.0,323.0,322.0,264.0,183.0,False
CONTROL__7179__2025060722,7179,2025-06-07 22:00:00,2025-06-07 19:00:00,2025-06-08 01:00:00,NORMAL,GROUP__7179__0091,CONTROL,1320.0,1179.0,1234.0,1113.0,984.0,50.0,37.0,False
CONTROL__7179__2025012522,7179,2025-01-25 22:00:00,2025-01-25 19:00:00,2025-01-26 01:00:00,NORMAL,GROUP__7179__0091,CONTROL,99.0,77.0,76.0,58.0,69.0,0.0,0.0,False
CONTROL__74229__2025041300,74229,2025-04-13 00:00:00,2025-04-12 21:00:00,2025-04-13 03:00:00,NORMAL,GROUP__74229__0008,CONTROL,577.0,527.0,373.0,200.0,107.0,69.0,42.0,False
CONTROL__74229__2025092100,74229,2025-09-21 00:00:00,2025-09-20 21:00:00,2025-09-21 03:00:00,NORMAL,GROUP__74229__0008,CONTROL,360.0,317.0,195.0,179.0,109.0,65.0,41.0,False
CONTROL__7112__2025040609,7112,2025-04-06 09:00:00,2025-04-06 06:00:00,2025-04-06 12:00:00,NORMAL,GROUP__7112__0064,CONTROL,436.0,511.0,653.0,879.0,1029.0,1316.0,1405.0,False
CONTROL__7112__2025030909,7112,2025-03-09 09:00:00,2025-03-09 06:00:00,2025-03-09 12:00:00,NORMAL,GROUP__7112__0064,CONTROL,351.0,393.0,532.0,772.0,0.0,0.0,0.0,False
CONTROL__7270__2025092817,7270,2025-09-28 17:00:00,2025-09-28 14:00:00,2025-09-28 20:00:00,NORMAL,GROUP__7270__0024,CONTROL,1666.0,1652.0,1543.0,1620.0,1313.0,950.0,890.0,False
CONTROL__7270__2025032317,7270,2025-03-23 17:00:00,2025-03-23 14:00:00,2025-03-23 20:00:00,NORMAL,GROUP__7270__0024,CONTROL,1562.0,1640.0,1704.0,1534.0,1292.0,976.0,976.0,False
CONTROL__7270__2025010517,7270,2025-01-05 17:00:00,2025-01-05 14:00:00,2025-01-05 20:00:00,NORMAL,GROUP__7270__0024,CONTROL,0.0,0.0,0.0,0.0,0.0,0.0,0.0,True
CONTROL__7270__2025033017,7270,2025-03-30 17:00:00,2025-03-30 14:00:00,2025-03-30 20:00:00,NORMAL,GROUP__7270__0024,CONTROL,1636.0,1790.0,1679.0,1555.0,1252.0,928.0,935.0,False
CONTROL__53004__2025092820,53004,2025-09-28 20:00:00,2025-09-28 17:00:00,2025-09-28 23:00:00,NORMAL,GROUP__53004__0049,CONTROL,1169.0,1073.0,887.0,785.0,674.0,467.0,298.0,False
CONTROL__53004__2025051120,53004,2025-05-11 20:00:00,2025-05-11 17:00:00,2025-05-11 23:00:00,NORMAL,GROUP__53004__0049,CONTROL,38.0,33.0,37.0,24.0,14.0,11.0,10.0,False
CONTROL__7132__2025112322,7132,2025-11-23 22:00:00,2025-11-23 19:00:00,2025-11-24 01:00:00,NORMAL,GROUP__7132__0024,CONTROL,25.0,15.0,12.0,8.0,11.0,124.0,72.0,False
CONTROL__7132__2025062222,7132,2025-06-22 22:00:00,2025-06-22 19:00:00,2025-06-23 01:00:00,NORMAL,GROUP__7132__0024,CONTROL,636.0,504.0,406.0,284.0,140.0,3.0,5.0,False
CONTROL__74230__2025072803,74230,2025-07-28 03:00:00,2025-07-28 00:00:00,2025-07-28 06:00:00,NORMAL,GROUP__74230__0023,CONTROL,0.0,0.0,0.0,0.0,0.0,0.0,0.0,True
CONTROL__74230__2025040703,74230,2025-04-07 03:00:00,2025-04-07 00:00:00,2025-04-07 06:00:00,NORMAL,GROUP__74230__0023,CONTROL,0.0,0.0,1.0,1.0,6.0,21.0,20.0,False
CONTROL__55049__2025052610,55049,2025-05-26 10:00:00,2025-05-26 07:00:00,2025-05-26 13:00:00,NORMAL,GROUP__55049__0013,CONTROL,126.0,140.0,145.0,169.0,71.0,130.0,147.0,False
CONTROL__55049__2025090810,55049,2025-09-08 10:00:00,2025-09-08 07:00:00,2025-09-08 13:00:00,NORMAL,GROUP__55049__0013,CONTROL,959.0,1193.0,858.0,920.0,987.0,1011.0,978.0,False
CONTROL__50240__2025061619,50240,2025-06-16 19:00:00,2025-06-16 16:00:00,2025-06-16 22:00:00,NORMAL,GROUP__50240__0050,CONTROL,2552.0,2514.0,2613.0,1858.0,1486.0,1277.0,1050.0,False
CONTROL__50240__2025102719,50240,2025-10-27 19:00:00,2025-10-27 16:00:00,2025-10-27 22:00:00,NORMAL,GROUP__50240__0050,CONTROL,204.0,186.0,139.0,119.0,91.0,0.0,59.0,False
CONTROL__22001__2025122921,22001,2025-12-29 21:00:00,2025-12-29 18:00:00,2025-12-30 00:00:00,NORMAL,GROUP__22001__0014,CONTROL,0.0,0.0,0.0,0.0,0.0,0.0,0.0,True
CONTROL__22001__2025062321,22001,2025-06-23 21:00:00,2025-06-23 18:00:00,2025-06-24 00:00:00,NORMAL,GROUP__22001__0014,CONTROL,0.0,0.0,0.0,0.0,0.0,0.0,0.0,True
CONTROL__T0288__2025032504,T0288,2025-03-25 04:00:00,2025-03-25 01:00:00,2025-03-25 07:00:00,NORMAL,GROUP__T0288__0015,CONTROL,0.0,0.0,0.0,0.0,0.0,0.0,0.0,True
CONTROL__T0288__2025021804,T0288,2025-02-18 04:00:00,2025-02-18 01:00:00,2025-02-18 07:00:00,NORMAL,GROUP__T0288__0015,CONTROL,0.0,0.0,0.0,0.0,0.0,0.0,0.0,True
CONTROL__T0289__2025021804,T0289,2025-02-18 04:00:00,2025-02-18 01:00:00,2025-02-18 07:00:00,NORMAL,GROUP__T0289__0015,CONTROL,0.0,0.0,0.0,0.0,0.0,0.0,0.0,True
CONTROL__T0289__2025081904,T0289,2025-08-19 04:00:00,2025-08-19 01:00:00,2025-08-19 07:00:00,NORMAL,GROUP__T0289__0015,CONTROL,0.0,0.0,0.0,0.0,0.0,0.0,0.0,True
CONTROL__T0290__2025122304,T0290,2025-12-23 04:00:00,2025-12-23 01:00:00,2025-12-23 07:00:00,NORMAL,GROUP__T0290__0015,CONTROL,0.0,0.0,0.0,0.0,0.0,1.0,0.0,False
CONTROL__T0290__2025080504,T0290,2025-08-05 04:00:00,2025-08-05 01:00:00,2025-08-05 07:00:00,NORMAL,GROUP__T0290__0015,CONTROL,0.0,0.0,0.0,0.0,0.0,0.0,0.0,True
CONTROL__T0479-PR__2025093004,T0479-PR,2025-09-30 04:00:00,2025-09-30 01:00:00,2025-09-30 07:00:00,NORMAL,GROUP__T0479-PR__0015,CONTROL,13.0,9.0,25.0,35.0,149.0,294.0,311.0,False
CONTROL__T0479-PR__2025051304,T0479-PR,2025-05-13 04:00:00,2025-05-13 01:00:00,2025-05-13 07:00:00,NORMAL,GROUP__T0479-PR__0015,CONTROL,16.0,16.0,28.0,58.0,166.0,380.0,366.0,False
CONTROL__7168__2025102106,7168,2025-10-21 06:00:00,2025-10-21 03:00:00,2025-10-21 09:00:00,NORMAL,GROUP__7168__0020,CONTROL,18.0,19.0,26.0,73.0,92.0,89.0,73.0,False
CONTROL__7168__2025100706,7168,2025-10-07 06:00:00,2025-10-07 03:00:00,2025-10-07 09:00:00,NORMAL,GROUP__7168__0020,CONTROL,16.0,19.0,29.0,78.0,91.0,82.0,80.0,False
CONTROL__7163__2025081921,7163,2025-08-19 21:00:00,2025-08-19 18:00:00,2025-08-20 00:00:00,NORMAL,GROUP__7163__0044,CONTROL,40.0,44.0,45.0,37.0,24.0,18.0,7.0,False
CONTROL__7163__2025012121,7163,2025-01-21 21:00:00,2025-01-21 18:00:00,2025-01-22 00:00:00,NORMAL,GROUP__7163__0044,CONTROL,35.0,31.0,19.0,21.0,22.0,13.0,68.0,False
CONTROL__33014__2025050622,33014,2025-05-06 22:00:00,2025-05-06 19:00:00,2025-05-07 01:00:00,NORMAL,GROUP__33014__0052,CONTROL,48.0,34.0,32.0,23.0,0.0,16.0,10.0,False
CONTROL__33014__2025011422,33014,2025-01-14 22:00:00,2025-01-14 19:00:00,2025-01-15 01:00:00,NORMAL,GROUP__33014__0052,CONTROL,815.0,711.0,531.0,317.0,0.0,9.0,5.0,False
CONTROL__51235__2025010103,51235,2025-01-01 03:00:00,2025-01-01 00:00:00,2025-01-01 06:00:00,NORMAL,GROUP__51235__0046,CONTROL,8.0,9.0,11.0,8.0,10.0,12.0,14.0,False
CONTROL__51235__2025022603,51235,2025-02-26 03:00:00,2025-02-26 00:00:00,2025-02-26 06:00:00,NORMAL,GROUP__51235__0046,CONTROL,0.0,0.0,0.0,0.0,0.0,0.0,0.0,True
CONTROL__29005__2025100118,29005,2025-10-01 18:00:00,2025-10-01 15:00:00,2025-10-01 21:00:00,NORMAL,GROUP__29005__0026,CONTROL,2952.0,3365.0,3446.0,2881.0,2005.0,1797.0,1637.0,False
CONTROL__29005__2025041618,29005,2025-04-16 18:00:00,2025-04-16 15:00:00,2025-04-16 21:00:00,NORMAL,GROUP__29005__0026,CONTROL,3128.0,3304.0,3516.0,3328.0,2306.0,1895.0,1905.0,False
CONTROL__68025__2025092419,68025,2025-09-24 19:00:00,2025-09-24 16:00:00,2025-09-24 22:00:00,NORMAL,GROUP__68025__0048,CONTROL,56.0,61.0,37.0,33.0,21.0,12.0,9.0,False
CONTROL__68025__2025070219,68025,2025-07-02 19:00:00,2025-07-02 16:00:00,2025-07-02 22:00:00,NORMAL,GROUP__68025__0048,CONTROL,0.0,0.0,0.0,0.0,0.0,0.0,0.0,True
CONTROL__22001__2025121020,22001,2025-12-10 20:00:00,2025-12-10 17:00:00,2025-12-10 23:00:00,NORMAL,GROUP__22001__0015,CONTROL,0.0,0.0,0.0,0.0,0.0,0.0,0.0,True
CONTROL__22001__2025040920,22001,2025-04-09 20:00:00,2025-04-09 17:00:00,2025-04-09 23:00:00,NORMAL,GROUP__22001__0015,CONTROL,0.0,0.0,0.0,0.0,0.0,0.0,0.0,True
CONTROL__7274__2025031920,7274,2025-03-19 20:00:00,2025-03-19 17:00:00,2025-03-19 23:00:00,NORMAL,GROUP__7274__0027,CONTROL,0.0,0.0,0.0,0.0,0.0,0.0,0.0,True
CONTROL__7274__2025091720,7274,2025-09-17 20:00:00,2025-09-17 17:00:00,2025-09-17 23:00:00,NORMAL,GROUP__7274__0027,CONTROL,87.0,66.0,70.0,44.0,30.0,34.0,18.0,False
CONTROL__F3FWY003__2025112702,F3FWY003,2025-11-27 02:00:00,2025-11-26 23:00:00,2025-11-27 05:00:00,NORMAL,GROUP__F3FWY003__0045,CONTROL,156.0,181.0,98.0,63.0,84.0,243.0,728.0,False
CONTROL__F3FWY003__2025031302,F3FWY003,2025-03-13 02:00:00,2025-03-12 23:00:00,2025-03-13 05:00:00,NORMAL,GROUP__F3FWY003__0045,CONTROL,0.0,0.0,0.0,0.0,0.0,0.0,0.0,True
CONTROL__7120__2025092508,7120,2025-09-25 08:00:00,2025-09-25 05:00:00,2025-09-25 11:00:00,NORMAL,GROUP__7120__0067,CONTROL,86.0,117.0,89.0,79.0,111.0,98.0,103.0,False
CONTROL__7120__2025010908,7120,2025-01-09 08:00:00,2025-01-09 05:00:00,2025-01-09 11:00:00,NORMAL,GROUP__7120__0067,CONTROL,386.0,665.0,616.0,668.0,662.0,626.0,598.0,False
CONTROL__7121__2025010908,7121,2025-01-09 08:00:00,2025-01-09 05:00:00,2025-01-09 11:00:00,NORMAL,GROUP__7121__0067,CONTROL,6.0,28.0,36.0,37.0,52.0,52.0,67.0,False
CONTROL__7121__2025013008,7121,2025-01-30 08:00:00,2025-01-30 05:00:00,2025-01-30 11:00:00,NORMAL,GROUP__7121__0067,CONTROL,14.0,22.0,26.0,45.0,38.0,41.0,57.0,False
CONTROL__7251__2025082123,7251,2025-08-21 23:00:00,2025-08-21 20:00:00,2025-08-22 02:00:00,NORMAL,GROUP__7251__0035,CONTROL,56.0,48.0,50.0,38.0,308.0,188.0,0.0,False
CONTROL__7251__2025110623,7251,2025-11-06 23:00:00,2025-11-06 20:00:00,2025-11-07 02:00:00,NORMAL,GROUP__7251__0035,CONTROL,53.0,50.0,102.0,127.0,675.0,400.0,297.0,False
CONTROL__7120__2025020700,7120,2025-02-07 00:00:00,2025-02-06 21:00:00,2025-02-07 03:00:00,NORMAL,GROUP__7120__0068,CONTROL,0.0,0.0,0.0,0.0,0.0,0.0,0.0,True
CONTROL__7120__2025100300,7120,2025-10-03 00:00:00,2025-10-02 21:00:00,2025-10-03 03:00:00,NORMAL,GROUP__7120__0068,CONTROL,559.0,422.0,304.0,168.0,106.0,98.0,97.0,False
CONTROL__7121__2025052300,7121,2025-05-23 00:00:00,2025-05-22 21:00:00,2025-05-23 03:00:00,NORMAL,GROUP__7121__0068,CONTROL,18.0,13.0,7.0,10.0,12.0,5.0,8.0,False
CONTROL__7121__2025021400,7121,2025-02-14 00:00:00,2025-02-13 21:00:00,2025-02-14 03:00:00,NORMAL,GROUP__7121__0068,CONTROL,0.0,0.0,0.0,0.0,0.0,0.0,0.0,True
CONTROL__7120__2025040403,7120,2025-04-04 03:00:00,2025-04-04 00:00:00,2025-04-04 06:00:00,NORMAL,GROUP__7120__0068,CONTROL,0.0,0.0,0.0,0.0,180.0,614.0,726.0,False
CONTROL__7120__2025121203,7120,2025-12-12 03:00:00,2025-12-12 00:00:00,2025-12-12 06:00:00,NORMAL,GROUP__7120__0068,CONTROL,253.0,169.0,110.0,127.0,242.0,561.0,704.0,False
CONTROL__7121__2025100303,7121,2025-10-03 03:00:00,2025-10-03 00:00:00,2025-10-03 06:00:00,NORMAL,GROUP__7121__0068,CONTROL,5.0,1.0,9.0,6.0,8.0,19.0,20.0,False
CONTROL__7121__2025021403,7121,2025-02-14 03:00:00,2025-02-14 00:00:00,2025-02-14 06:00:00,NORMAL,GROUP__7121__0068,CONTROL,0.0,0.0,0.0,0.0,0.0,0.0,0.0,True
CONTROL__F3FWY003__2025092605,F3FWY003,2025-09-26 05:00:00,2025-09-26 02:00:00,2025-09-26 08:00:00,NORMAL,GROUP__F3FWY003__0046,CONTROL,101.0,119.0,284.0,758.0,1628.0,1845.0,1901.0,False
CONTROL__F3FWY003__2025031405,F3FWY003,2025-03-14 05:00:00,2025-03-14 02:00:00,2025-03-14 08:00:00,NORMAL,GROUP__F3FWY003__0046,CONTROL,0.0,0.0,0.0,0.0,0.0,0.0,0.0,True
CONTROL__7112__2025122706,7112,2025-12-27 06:00:00,2025-12-27 03:00:00,2025-12-27 09:00:00,NORMAL,GROUP__7112__0065,CONTROL,16.0,16.0,37.0,63.0,55.0,43.0,51.0,False
CONTROL__7112__2025122006,7112,2025-12-20 06:00:00,2025-12-20 03:00:00,2025-12-20 09:00:00,NORMAL,GROUP__7112__0065,CONTROL,12.0,36.0,57.0,127.0,136.0,100.0,91.0,False
CONTROL__7112__2025042606,7112,2025-04-26 06:00:00,2025-04-26 03:00:00,2025-04-26 09:00:00,NORMAL,GROUP__7112__0065,CONTROL,7.0,16.0,35.0,66.0,83.0,69.0,59.0,False
CONTROL__7112__2025092706,7112,2025-09-27 06:00:00,2025-09-27 03:00:00,2025-09-27 09:00:00,NORMAL,GROUP__7112__0065,CONTROL,23.0,25.0,56.0,143.0,152.0,89.0,86.0,False
CONTROL__7132__2025030111,7132,2025-03-01 11:00:00,2025-03-01 08:00:00,2025-03-01 14:00:00,NORMAL,GROUP__7132__0025,CONTROL,1020.0,1238.0,1240.0,1190.0,1223.0,1163.0,1140.0,False
CONTROL__7132__2025121311,7132,2025-12-13 11:00:00,2025-12-13 08:00:00,2025-12-13 14:00:00,NORMAL,GROUP__7132__0025,CONTROL,1018.0,1224.0,1288.0,1293.0,1120.0,1201.0,1217.0,False
CONTROL__53004__2025112912,53004,2025-11-29 12:00:00,2025-11-29 09:00:00,2025-11-29 15:00:00,NORMAL,GROUP__53004__0050,CONTROL,1458.0,1593.0,1583.0,1573.0,1610.0,1611.0,1597.0,False
CONTROL__53004__2025070512,53004,2025-07-05 12:00:00,2025-07-05 09:00:00,2025-07-05 15:00:00,NORMAL,GROUP__53004__0050,CONTROL,57.0,61.0,71.0,49.0,50.0,54.0,39.0,False
CONTROL__7112__2025122722,7112,2025-12-27 22:00:00,2025-12-27 19:00:00,2025-12-28 01:00:00,NORMAL,GROUP__7112__0066,CONTROL,25.0,31.0,15.0,10.0,12.0,283.0,145.0,False
CONTROL__7112__2025042622,7112,2025-04-26 22:00:00,2025-04-26 19:00:00,2025-04-27 01:00:00,NORMAL,GROUP__7112__0066,CONTROL,29.0,24.0,14.0,15.0,13.0,18.0,5.0,False
CONTROL__7112__2025110900,7112,2025-11-09 00:00:00,2025-11-08 21:00:00,2025-11-09 03:00:00,NORMAL,GROUP__7112__0066,CONTROL,39.0,23.0,39.0,18.0,13.0,10.0,10.0,False
CONTROL__7112__2025042700,7112,2025-04-27 00:00:00,2025-04-26 21:00:00,2025-04-27 03:00:00,NORMAL,GROUP__7112__0066,CONTROL,14.0,15.0,13.0,18.0,5.0,11.0,14.0,False
CONTROL__51235__2025060802,51235,2025-06-08 02:00:00,2025-06-07 23:00:00,2025-06-08 05:00:00,NORMAL,GROUP__51235__0047,CONTROL,22.0,531.0,332.0,277.0,188.0,147.0,128.0,False
CONTROL__51235__2025101902,51235,2025-10-19 02:00:00,2025-10-18 23:00:00,2025-10-19 05:00:00,NORMAL,GROUP__51235__0047,CONTROL,21.0,522.0,297.0,180.0,157.0,205.0,372.0,False
CONTROL__7179__2025020904,7179,2025-02-09 04:00:00,2025-02-09 01:00:00,2025-02-09 07:00:00,NORMAL,GROUP__7179__0092,CONTROL,0.0,0.0,0.0,0.0,0.0,0.0,0.0,True
CONTROL__7179__2025100504,7179,2025-10-05 04:00:00,2025-10-05 01:00:00,2025-10-05 07:00:00,NORMAL,GROUP__7179__0092,CONTROL,37.0,0.0,25.0,17.0,26.0,41.0,69.0,False
CONTROL__F3FWY004__2025032305,F3FWY004,2025-03-23 05:00:00,2025-03-23 02:00:00,2025-03-23 08:00:00,NORMAL,GROUP__F3FWY004__0011,CONTROL,0.0,0.0,0.0,0.0,0.0,0.0,0.0,True
CONTROL__F3FWY004__2025051105,F3FWY004,2025-05-11 05:00:00,2025-05-11 02:00:00,2025-05-11 08:00:00,NORMAL,GROUP__F3FWY004__0011,CONTROL,0.0,2.0,3.0,0.0,19.0,32.0,113.0,False
CONTROL__34016__2025101207,34016,2025-10-12 07:00:00,2025-10-12 04:00:00,2025-10-12 10:00:00,NORMAL,GROUP__34016__0014,CONTROL,171.0,335.0,450.0,699.0,1023.0,1196.0,1340.0,False
CONTROL__34016__2025010507,34016,2025-01-05 07:00:00,2025-01-05 04:00:00,2025-01-05 10:00:00,NORMAL,GROUP__34016__0014,CONTROL,180.0,259.0,392.0,617.0,956.0,984.0,1140.0,False
CONTROL__74230__2025090710,74230,2025-09-07 10:00:00,2025-09-07 07:00:00,2025-09-07 13:00:00,NORMAL,GROUP__74230__0024,CONTROL,2.0,4.0,4.0,12.0,20.0,17.0,22.0,False
CONTROL__74230__2025122110,74230,2025-12-21 10:00:00,2025-12-21 07:00:00,2025-12-21 13:00:00,NORMAL,GROUP__74230__0024,CONTROL,149.0,227.0,211.0,438.0,879.0,748.0,575.0,False
CONTROL__7179__2025061511,7179,2025-06-15 11:00:00,2025-06-15 08:00:00,2025-06-15 14:00:00,NORMAL,GROUP__7179__0093,CONTROL,782.0,1236.0,1262.0,1680.0,1835.0,1766.0,1777.0,False
CONTROL__7179__2025032311,7179,2025-03-23 11:00:00,2025-03-23 08:00:00,2025-03-23 14:00:00,NORMAL,GROUP__7179__0093,CONTROL,807.0,1223.0,1347.0,1550.0,1538.0,1556.0,1689.0,False
CONTROL__7153__2025110921,7153,2025-11-09 21:00:00,2025-11-09 18:00:00,2025-11-10 00:00:00,NORMAL,GROUP__7153__0024,CONTROL,778.0,651.0,698.0,526.0,422.0,246.0,32.0,False
CONTROL__7153__2025090721,7153,2025-09-07 21:00:00,2025-09-07 18:00:00,2025-09-08 00:00:00,NORMAL,GROUP__7153__0024,CONTROL,878.0,745.0,656.0,479.0,322.0,166.0,115.0,False
CONTROL__7153__2025101921,7153,2025-10-19 21:00:00,2025-10-19 18:00:00,2025-10-20 00:00:00,NORMAL,GROUP__7153__0024,CONTROL,66.0,47.0,43.0,41.0,29.0,28.0,28.0,False
CONTROL__7153__2025111621,7153,2025-11-16 21:00:00,2025-11-16 18:00:00,2025-11-17 00:00:00,NORMAL,GROUP__7153__0024,CONTROL,69.0,47.0,50.0,51.0,48.0,33.0,133.0,False
CONTROL__T0231__2025030222,T0231,2025-03-02 22:00:00,2025-03-02 19:00:00,2025-03-03 01:00:00,NORMAL,GROUP__T0231__0013,CONTROL,15.0,13.0,7.0,5.0,4.0,10.0,2.0,False
CONTROL__T0231__2025021622,T0231,2025-02-16 22:00:00,2025-02-16 19:00:00,2025-02-17 01:00:00,NORMAL,GROUP__T0231__0013,CONTROL,0.0,0.0,0.0,0.0,0.0,0.0,0.0,True
CONTROL__T0231__2025083122,T0231,2025-08-31 22:00:00,2025-08-31 19:00:00,2025-09-01 01:00:00,NORMAL,GROUP__T0231__0013,CONTROL,30.0,27.0,23.0,14.0,8.0,65.0,55.0,False
CONTROL__T0231__2025122122,T0231,2025-12-21 22:00:00,2025-12-21 19:00:00,2025-12-22 01:00:00,NORMAL,GROUP__T0231__0013,CONTROL,706.0,552.0,537.0,425.0,212.0,7.0,2.0,False
CONTROL__F3FWY003__2025052604,F3FWY003,2025-05-26 04:00:00,2025-05-26 01:00:00,2025-05-26 07:00:00,NORMAL,GROUP__F3FWY003__0047,CONTROL,0.0,0.0,0.0,0.0,0.0,0.0,0.0,True
CONTROL__F3FWY003__2025061604,F3FWY003,2025-06-16 04:00:00,2025-06-16 01:00:00,2025-06-16 07:00:00,NORMAL,GROUP__F3FWY003__0047,CONTROL,0.0,0.0,0.0,0.0,0.0,0.0,0.0,True
CONTROL__29005__2025091511,29005,2025-09-15 11:00:00,2025-09-15 08:00:00,2025-09-15 14:00:00,NORMAL,GROUP__29005__0027,CONTROL,388.0,447.0,424.0,391.0,342.0,348.0,291.0,False
CONTROL__29005__2025092211,29005,2025-09-22 11:00:00,2025-09-22 08:00:00,2025-09-22 14:00:00,NORMAL,GROUP__29005__0027,CONTROL,298.0,346.0,442.0,393.0,426.0,412.0,426.0,False
CONTROL__32029__2025042112,32029,2025-04-21 12:00:00,2025-04-21 09:00:00,2025-04-21 15:00:00,NORMAL,GROUP__32029__0007,CONTROL,0.0,0.0,0.0,0.0,0.0,0.0,0.0,True
CONTROL__32029__2025100612,32029,2025-10-06 12:00:00,2025-10-06 09:00:00,2025-10-06 15:00:00,NORMAL,GROUP__32029__0007,CONTROL,0.0,0.0,0.0,0.0,0.0,0.0,0.0,True
CONTROL__32029__2025091512,32029,2025-09-15 12:00:00,2025-09-15 09:00:00,2025-09-15 15:00:00,NORMAL,GROUP__32029__0007,CONTROL,0.0,0.0,0.0,0.0,0.0,0.0,0.0,True
CONTROL__32029__2025060212,32029,2025-06-02 12:00:00,2025-06-02 09:00:00,2025-06-02 15:00:00,NORMAL,GROUP__32029__0007,CONTROL,0.0,0.0,0.0,0.0,0.0,0.0,0.0,True
CONTROL__33014__2025101319,33014,2025-10-13 19:00:00,2025-10-13 16:00:00,2025-10-13 22:00:00,NORMAL,GROUP__33014__0053,CONTROL,0.0,0.0,0.0,0.0,0.0,0.0,0.0,True
CONTROL__33014__2025021719,33014,2025-02-17 19:00:00,2025-02-17 16:00:00,2025-02-17 22:00:00,NORMAL,GROUP__33014__0053,CONTROL,0.0,0.0,0.0,0.0,0.0,0.0,0.0,True
CONTROL__51235__2025070720,51235,2025-07-07 20:00:00,2025-07-07 17:00:00,2025-07-07 23:00:00,NORMAL,GROUP__51235__0048,CONTROL,146.0,110.0,62.0,54.0,46.0,24.0,28.0,False
CONTROL__51235__2025041420,51235,2025-04-14 20:00:00,2025-04-14 17:00:00,2025-04-14 23:00:00,NORMAL,GROUP__51235__0048,CONTROL,92.0,84.0,64.0,47.0,32.0,31.0,22.0,False
CONTROL__7119-PR__2025102722,7119-PR,2025-10-27 22:00:00,2025-10-27 19:00:00,2025-10-28 01:00:00,NORMAL,GROUP__7119-PR__0015,CONTROL,711.0,689.0,620.0,321.0,183.0,14.0,3.0,False
CONTROL__7119-PR__2025081122,7119-PR,2025-08-11 22:00:00,2025-08-11 19:00:00,2025-08-12 01:00:00,NORMAL,GROUP__7119-PR__0015,CONTROL,23.0,27.0,17.0,13.0,8.0,5.0,6.0,False
CONTROL__10011__2025070803,10011,2025-07-08 03:00:00,2025-07-08 00:00:00,2025-07-08 06:00:00,NORMAL,GROUP__10011__0044,CONTROL,0.0,0.0,0.0,0.0,0.0,0.0,0.0,True
CONTROL__10011__2025120903,10011,2025-12-09 03:00:00,2025-12-09 00:00:00,2025-12-09 06:00:00,NORMAL,GROUP__10011__0044,CONTROL,0.0,0.0,0.0,0.0,0.0,0.0,0.0,True
CONTROL__7139__2025093003,7139,2025-09-30 03:00:00,2025-09-30 00:00:00,2025-09-30 06:00:00,NORMAL,GROUP__7139__0044,CONTROL,6.0,10.0,15.0,12.0,25.0,87.0,186.0,False
CONTROL__7139__2025030403,7139,2025-03-04 03:00:00,2025-03-04 00:00:00,2025-03-04 06:00:00,NORMAL,GROUP__7139__0044,CONTROL,197.0,109.0,73.0,68.0,146.0,666.0,1590.0,False
CONTROL__23067__2025041504,23067,2025-04-15 04:00:00,2025-04-15 01:00:00,2025-04-15 07:00:00,NORMAL,GROUP__23067__0042,CONTROL,16.0,12.0,31.0,56.0,62.0,106.0,109.0,False
CONTROL__23067__2025090904,23067,2025-09-09 04:00:00,2025-09-09 01:00:00,2025-09-09 07:00:00,NORMAL,GROUP__23067__0042,CONTROL,23.0,29.0,53.0,53.0,84.0,128.0,161.0,False
CONTROL__7132__2025082604,7132,2025-08-26 04:00:00,2025-08-26 01:00:00,2025-08-26 07:00:00,NORMAL,GROUP__7132__0026,CONTROL,5.0,12.0,17.0,31.0,93.0,185.0,143.0,False
CONTROL__7132__2025071504,7132,2025-07-15 04:00:00,2025-07-15 01:00:00,2025-07-15 07:00:00,NORMAL,GROUP__7132__0026,CONTROL,66.0,52.0,136.0,343.0,1033.0,2051.0,2080.0,False
CONTROL__7112__2025062406,7112,2025-06-24 06:00:00,2025-06-24 03:00:00,2025-06-24 09:00:00,NORMAL,GROUP__7112__0067,CONTROL,31.0,66.0,115.0,281.0,237.0,225.0,290.0,False
CONTROL__7112__2025102806,7112,2025-10-28 06:00:00,2025-10-28 03:00:00,2025-10-28 09:00:00,NORMAL,GROUP__7112__0067,CONTROL,32.0,59.0,123.0,255.0,263.0,223.0,266.0,False
CONTROL__F3FWY002__2025102816,F3FWY002,2025-10-28 16:00:00,2025-10-28 13:00:00,2025-10-28 19:00:00,NORMAL,GROUP__F3FWY002__0012,CONTROL,605.0,677.0,669.0,614.0,493.0,409.0,317.0,False
CONTROL__F3FWY002__2025120216,F3FWY002,2025-12-02 16:00:00,2025-12-02 13:00:00,2025-12-02 19:00:00,NORMAL,GROUP__F3FWY002__0012,CONTROL,0.0,0.0,0.0,0.0,0.0,0.0,0.0,True
CONTROL__F3FWY004__2025050616,F3FWY004,2025-05-06 16:00:00,2025-05-06 13:00:00,2025-05-06 19:00:00,NORMAL,GROUP__F3FWY004__0012,CONTROL,0.0,0.0,0.0,0.0,0.0,0.0,0.0,True
CONTROL__F3FWY004__2025071516,F3FWY004,2025-07-15 16:00:00,2025-07-15 13:00:00,2025-07-15 19:00:00,NORMAL,GROUP__F3FWY004__0012,CONTROL,0.0,0.0,0.0,0.0,0.0,0.0,0.0,True
CONTROL__9658__2025061718,9658,2025-06-17 18:00:00,2025-06-17 15:00:00,2025-06-17 21:00:00,NORMAL,GROUP__9658__0034,CONTROL,166.0,165.0,128.0,102.0,65.0,65.0,39.0,False
CONTROL__9658__2025090918,9658,2025-09-09 18:00:00,2025-09-09 15:00:00,2025-09-09 21:00:00,NORMAL,GROUP__9658__0034,CONTROL,176.0,178.0,133.0,97.0,77.0,53.0,39.0,False
CONTROL__53004__2025090219,53004,2025-09-02 19:00:00,2025-09-02 16:00:00,2025-09-02 22:00:00,NORMAL,GROUP__53004__0051,CONTROL,69.0,64.0,53.0,38.0,33.0,29.0,20.0,False
CONTROL__53004__2025110419,53004,2025-11-04 19:00:00,2025-11-04 16:00:00,2025-11-04 22:00:00,NORMAL,GROUP__53004__0051,CONTROL,68.0,66.0,48.0,47.0,26.0,24.0,17.0,False
CONTROL__7163__2025102120,7163,2025-10-21 20:00:00,2025-10-21 17:00:00,2025-10-21 23:00:00,NORMAL,GROUP__7163__0045,CONTROL,652.0,662.0,495.0,419.0,341.0,243.0,147.0,False
CONTROL__7163__2025052720,7163,2025-05-27 20:00:00,2025-05-27 17:00:00,2025-05-27 23:00:00,NORMAL,GROUP__7163__0045,CONTROL,645.0,674.0,409.0,388.0,326.0,209.0,134.0,False
CONTROL__7163__2025110421,7163,2025-11-04 21:00:00,2025-11-04 18:00:00,2025-11-05 00:00:00,NORMAL,GROUP__7163__0045,CONTROL,56.0,49.0,46.0,36.0,33.0,40.0,16.0,False
CONTROL__7163__2025111121,7163,2025-11-11 21:00:00,2025-11-11 18:00:00,2025-11-12 00:00:00,NORMAL,GROUP__7163__0045,CONTROL,61.0,46.0,49.0,37.0,44.0,30.0,179.0,False
CONTROL__53004__2025042922,53004,2025-04-29 22:00:00,2025-04-29 19:00:00,2025-04-30 01:00:00,NORMAL,GROUP__53004__0051,CONTROL,40.0,30.0,23.0,16.0,12.0,17.0,7.0,False
CONTROL__53004__2025072222,53004,2025-07-22 22:00:00,2025-07-22 19:00:00,2025-07-23 01:00:00,NORMAL,GROUP__53004__0051,CONTROL,53.0,37.0,28.0,27.0,11.0,38.0,30.0,False
CONTROL__9658__2025070905,9658,2025-07-09 05:00:00,2025-07-09 02:00:00,2025-07-09 08:00:00,NORMAL,GROUP__9658__0035,CONTROL,19.0,34.0,48.0,80.0,146.0,129.0,126.0,False
CONTROL__9658__2025111905,9658,2025-11-19 05:00:00,2025-11-19 02:00:00,2025-11-19 08:00:00,NORMAL,GROUP__9658__0035,CONTROL,66.0,86.0,209.0,546.0,981.0,1290.0,938.0,False
CONTROL__7270__2025031905,7270,2025-03-19 05:00:00,2025-03-19 02:00:00,2025-03-19 08:00:00,NORMAL,GROUP__7270__0025,CONTROL,0.0,44.0,142.0,258.0,424.0,308.0,215.0,False
CONTROL__7270__2025043005,7270,2025-04-30 05:00:00,2025-04-30 02:00:00,2025-04-30 08:00:00,NORMAL,GROUP__7270__0025,CONTROL,67.0,111.0,339.0,1181.0,1538.0,1382.0,1392.0,False
CONTROL__7251__2025060411,7251,2025-06-04 11:00:00,2025-06-04 08:00:00,2025-06-04 14:00:00,NORMAL,GROUP__7251__0036,CONTROL,941.0,678.0,637.0,715.0,762.0,844.0,970.0,False
CONTROL__7251__2025012211,7251,2025-01-22 11:00:00,2025-01-22 08:00:00,2025-01-22 14:00:00,NORMAL,GROUP__7251__0036,CONTROL,0.0,0.0,0.0,0.0,0.0,0.0,0.0,True
CONTROL__7120__2025010819,7120,2025-01-08 19:00:00,2025-01-08 16:00:00,2025-01-08 22:00:00,NORMAL,GROUP__7120__0069,CONTROL,30.0,36.0,21.0,28.0,15.0,17.0,22.0,False
CONTROL__7120__2025032619,7120,2025-03-26 19:00:00,2025-03-26 16:00:00,2025-03-26 22:00:00,NORMAL,GROUP__7120__0069,CONTROL,551.0,695.0,713.0,584.0,561.0,582.0,369.0,False
CONTROL__7121__2025122419,7121,2025-12-24 19:00:00,2025-12-24 16:00:00,2025-12-24 22:00:00,NORMAL,GROUP__7121__0069,CONTROL,0.0,0.0,0.0,0.0,0.0,0.0,0.0,True
CONTROL__7121__2025120319,7121,2025-12-03 19:00:00,2025-12-03 16:00:00,2025-12-03 22:00:00,NORMAL,GROUP__7121__0069,CONTROL,215.0,228.0,202.0,179.0,132.0,170.0,105.0,False
CONTROL__7162__2025062603,7162,2025-06-26 03:00:00,2025-06-26 00:00:00,2025-06-26 06:00:00,NORMAL,GROUP__7162__0003,CONTROL,6.0,2.0,4.0,17.0,24.0,91.0,106.0,False
CONTROL__7162__2025082103,7162,2025-08-21 03:00:00,2025-08-21 00:00:00,2025-08-21 06:00:00,NORMAL,GROUP__7162__0003,CONTROL,26.0,20.0,12.0,22.0,149.0,491.0,735.0,False
CONTROL__10011__2025010205,10011,2025-01-02 05:00:00,2025-01-02 02:00:00,2025-01-02 08:00:00,NORMAL,GROUP__10011__0045,CONTROL,0.0,0.0,91.0,216.0,545.0,596.0,776.0,False
CONTROL__10011__2025030605,10011,2025-03-06 05:00:00,2025-03-06 02:00:00,2025-03-06 08:00:00,NORMAL,GROUP__10011__0045,CONTROL,0.0,2.0,0.0,4.0,20.0,18.0,17.0,False
CONTROL__7139__2025022005,7139,2025-02-20 05:00:00,2025-02-20 02:00:00,2025-02-20 08:00:00,NORMAL,GROUP__7139__0045,CONTROL,0.0,0.0,0.0,0.0,0.0,0.0,0.0,True
CONTROL__7139__2025071005,7139,2025-07-10 05:00:00,2025-07-10 02:00:00,2025-07-10 08:00:00,NORMAL,GROUP__7139__0045,CONTROL,14.0,16.0,20.0,54.0,156.0,215.0,238.0,False
CONTROL__47024__2025013007,47024,2025-01-30 07:00:00,2025-01-30 04:00:00,2025-01-30 10:00:00,NORMAL,GROUP__47024__0019,CONTROL,585.0,1116.0,1129.0,1144.0,1120.0,1136.0,1061.0,False
CONTROL__47024__2025102307,47024,2025-10-23 07:00:00,2025-10-23 04:00:00,2025-10-23 10:00:00,NORMAL,GROUP__47024__0019,CONTROL,615.0,1163.0,1113.0,1005.0,1081.0,1190.0,1072.0,False
CONTROL__10011__2025041007,10011,2025-04-10 07:00:00,2025-04-10 04:00:00,2025-04-10 10:00:00,NORMAL,GROUP__10011__0045,CONTROL,0.0,0.0,0.0,0.0,0.0,0.0,0.0,True
CONTROL__10011__2025050107,10011,2025-05-01 07:00:00,2025-05-01 04:00:00,2025-05-01 10:00:00,NORMAL,GROUP__10011__0045,CONTROL,0.0,0.0,0.0,0.0,0.0,0.0,0.0,True
CONTROL__7139__2025102307,7139,2025-10-23 07:00:00,2025-10-23 04:00:00,2025-10-23 10:00:00,NORMAL,GROUP__7139__0045,CONTROL,30.0,83.0,230.0,256.0,284.0,341.0,396.0,False
CONTROL__7139__2025082807,7139,2025-08-28 07:00:00,2025-08-28 04:00:00,2025-08-28 10:00:00,NORMAL,GROUP__7139__0045,CONTROL,22.0,60.0,174.0,224.0,236.0,322.0,303.0,False
CONTROL__7161__2025050822,7161,2025-05-08 22:00:00,2025-05-08 19:00:00,2025-05-09 01:00:00,NORMAL,GROUP__7161__0030,CONTROL,54.0,49.0,135.0,155.0,153.0,103.0,77.0,False
CONTROL__7161__2025022722,7161,2025-02-27 22:00:00,2025-02-27 19:00:00,2025-02-28 01:00:00,NORMAL,GROUP__7161__0030,CONTROL,0.0,0.0,0.0,0.0,0.0,0.0,0.0,True
CONTROL__T0288__2025052300,T0288,2025-05-23 00:00:00,2025-05-22 21:00:00,2025-05-23 03:00:00,NORMAL,GROUP__T0288__0016,CONTROL,5.0,9.0,2.0,74.0,78.0,66.0,72.0,False
CONTROL__T0288__2025071800,T0288,2025-07-18 00:00:00,2025-07-17 21:00:00,2025-07-18 03:00:00,NORMAL,GROUP__T0288__0016,CONTROL,0.0,0.0,0.0,0.0,0.0,0.0,0.0,True
CONTROL__T0289__2025122600,T0289,2025-12-26 00:00:00,2025-12-25 21:00:00,2025-12-26 03:00:00,NORMAL,GROUP__T0289__0016,CONTROL,0.0,0.0,0.0,0.0,0.0,0.0,0.0,True
CONTROL__T0289__2025051600,T0289,2025-05-16 00:00:00,2025-05-15 21:00:00,2025-05-16 03:00:00,NORMAL,GROUP__T0289__0016,CONTROL,0.0,4.0,2.0,0.0,0.0,0.0,3.0,False
CONTROL__T0290__2025091200,T0290,2025-09-12 00:00:00,2025-09-11 21:00:00,2025-09-12 03:00:00,NORMAL,GROUP__T0290__0016,CONTROL,152.0,137.0,109.0,3.0,3.0,1.0,0.0,False
CONTROL__T0290__2025080100,T0290,2025-08-01 00:00:00,2025-07-31 21:00:00,2025-08-01 03:00:00,NORMAL,GROUP__T0290__0016,CONTROL,149.0,126.0,102.0,87.0,66.0,75.0,86.0,False
CONTROL__T0479-PR__2025012400,T0479-PR,2025-01-24 00:00:00,2025-01-23 21:00:00,2025-01-24 03:00:00,NORMAL,GROUP__T0479-PR__0016,CONTROL,560.0,308.0,194.0,29.0,19.0,21.0,42.0,False
CONTROL__T0479-PR__2025122600,T0479-PR,2025-12-26 00:00:00,2025-12-25 21:00:00,2025-12-26 03:00:00,NORMAL,GROUP__T0479-PR__0016,CONTROL,73.0,54.0,30.0,203.0,110.0,114.0,195.0,False
CONTROL__7274__2025120500,7274,2025-12-05 00:00:00,2025-12-04 21:00:00,2025-12-05 03:00:00,NORMAL,GROUP__7274__0028,CONTROL,47.0,48.0,34.0,22.0,14.0,17.0,22.0,False
CONTROL__7274__2025062700,7274,2025-06-27 00:00:00,2025-06-26 21:00:00,2025-06-27 03:00:00,NORMAL,GROUP__7274__0028,CONTROL,443.0,355.0,210.0,106.0,80.0,71.0,97.0,False
CONTROL__33014__2025080102,33014,2025-08-01 02:00:00,2025-07-31 23:00:00,2025-08-01 05:00:00,NORMAL,GROUP__33014__0054,CONTROL,0.0,0.0,0.0,0.0,0.0,0.0,0.0,True
CONTROL__33014__2025042502,33014,2025-04-25 02:00:00,2025-04-24 23:00:00,2025-04-25 05:00:00,NORMAL,GROUP__33014__0054,CONTROL,16.0,11.0,8.0,6.0,14.0,7.0,9.0,False
CONTROL__74230__2025103105,74230,2025-10-31 05:00:00,2025-10-31 02:00:00,2025-10-31 08:00:00,NORMAL,GROUP__74230__0025,CONTROL,4.0,6.0,30.0,32.0,54.0,147.0,192.0,False
CONTROL__74230__2025082905,74230,2025-08-29 05:00:00,2025-08-29 02:00:00,2025-08-29 08:00:00,NORMAL,GROUP__74230__0025,CONTROL,52.0,59.0,147.0,400.0,743.0,907.0,1027.0,False
CONTROL__7161__2025101007,7161,2025-10-10 07:00:00,2025-10-10 04:00:00,2025-10-10 10:00:00,NORMAL,GROUP__7161__0031,CONTROL,157.0,471.0,754.0,953.0,1071.0,995.0,1130.0,False
CONTROL__7161__2025022107,7161,2025-02-21 07:00:00,2025-02-21 04:00:00,2025-02-21 10:00:00,NORMAL,GROUP__7161__0031,CONTROL,0.0,0.0,0.0,0.0,0.0,0.0,0.0,True
CONTROL__7126__2025103107,7126,2025-10-31 07:00:00,2025-10-31 04:00:00,2025-10-31 10:00:00,NORMAL,GROUP__7126__0019,CONTROL,16.0,44.0,64.0,81.0,55.0,62.0,46.0,False
CONTROL__7126__2025012407,7126,2025-01-24 07:00:00,2025-01-24 04:00:00,2025-01-24 10:00:00,NORMAL,GROUP__7126__0019,CONTROL,0.0,0.0,0.0,0.0,0.0,0.0,0.0,True
CONTROL__7120__2025032115,7120,2025-03-21 15:00:00,2025-03-21 12:00:00,2025-03-21 18:00:00,NORMAL,GROUP__7120__0070,CONTROL,602.0,627.0,660.0,587.0,626.0,741.0,743.0,False
CONTROL__7120__2025041115,7120,2025-04-11 15:00:00,2025-04-11 12:00:00,2025-04-11 18:00:00,NORMAL,GROUP__7120__0070,CONTROL,74.0,63.0,60.0,53.0,45.0,45.0,29.0,False
CONTROL__7121__2025011015,7121,2025-01-10 15:00:00,2025-01-10 12:00:00,2025-01-10 18:00:00,NORMAL,GROUP__7121__0070,CONTROL,0.0,0.0,0.0,0.0,0.0,0.0,0.0,True
CONTROL__7121__2025070415,7121,2025-07-04 15:00:00,2025-07-04 12:00:00,2025-07-04 18:00:00,NORMAL,GROUP__7121__0070,CONTROL,61.0,65.0,49.0,41.0,37.0,36.0,16.0,False
CONTROL__7112__2025032819,7112,2025-03-28 19:00:00,2025-03-28 16:00:00,2025-03-28 22:00:00,NORMAL,GROUP__7112__0068,CONTROL,1342.0,1364.0,1259.0,960.0,838.0,827.0,695.0,False
CONTROL__7112__2025050219,7112,2025-05-02 19:00:00,2025-05-02 16:00:00,2025-05-02 22:00:00,NORMAL,GROUP__7112__0068,CONTROL,0.0,0.0,0.0,0.0,0.0,0.0,0.0,True
CONTROL__33014__2025111502,33014,2025-11-15 02:00:00,2025-11-14 23:00:00,2025-11-15 05:00:00,NORMAL,GROUP__33014__0055,CONTROL,0.0,0.0,0.0,0.0,0.0,0.0,0.0,True
CONTROL__33014__2025071902,33014,2025-07-19 02:00:00,2025-07-18 23:00:00,2025-07-19 05:00:00,NORMAL,GROUP__33014__0055,CONTROL,0.0,0.0,0.0,0.0,0.0,0.0,0.0,True
CONTROL__33014__2025041902,33014,2025-04-19 02:00:00,2025-04-18 23:00:00,2025-04-19 05:00:00,NORMAL,GROUP__33014__0055,CONTROL,0.0,10.0,4.0,7.0,6.0,11.0,12.0,False
CONTROL__33014__2025011102,33014,2025-01-11 02:00:00,2025-01-10 23:00:00,2025-01-11 05:00:00,NORMAL,GROUP__33014__0055,CONTROL,0.0,11.0,10.0,7.0,18.0,35.0,55.0,False
CONTROL__7179__2025110804,7179,2025-11-08 04:00:00,2025-11-08 01:00:00,2025-11-08 07:00:00,NORMAL,GROUP__7179__0094,CONTROL,48.0,33.0,29.0,50.0,90.0,186.0,188.0,False
CONTROL__7179__2025022204,7179,2025-02-22 04:00:00,2025-02-22 01:00:00,2025-02-22 07:00:00,NORMAL,GROUP__7179__0094,CONTROL,0.0,0.0,0.0,0.0,0.0,0.0,0.0,True
CONTROL__7179__2025122006,7179,2025-12-20 06:00:00,2025-12-20 03:00:00,2025-12-20 09:00:00,NORMAL,GROUP__7179__0094,CONTROL,260.0,335.0,433.0,815.0,969.0,1222.0,1523.0,False
CONTROL__7179__2025080206,7179,2025-08-02 06:00:00,2025-08-02 03:00:00,2025-08-02 09:00:00,NORMAL,GROUP__7179__0094,CONTROL,32.0,43.0,73.0,99.0,114.0,151.0,160.0,False
CONTROL__7248__2025070517,7248,2025-07-05 17:00:00,2025-07-05 14:00:00,2025-07-05 20:00:00,NORMAL,GROUP__7248__0043,CONTROL,1132.0,1230.0,1183.0,1073.0,1150.0,947.0,767.0,False
CONTROL__7248__2025051717,7248,2025-05-17 17:00:00,2025-05-17 14:00:00,2025-05-17 20:00:00,NORMAL,GROUP__7248__0043,CONTROL,1228.0,1119.0,1189.0,1255.0,1175.0,898.0,738.0,False
CONTROL__9658__2025022306,9658,2025-02-23 06:00:00,2025-02-23 03:00:00,2025-02-23 09:00:00,NORMAL,GROUP__9658__0036,CONTROL,0.0,0.0,0.0,0.0,0.0,0.0,0.0,True
CONTROL__9658__2025120706,9658,2025-12-07 06:00:00,2025-12-07 03:00:00,2025-12-07 09:00:00,NORMAL,GROUP__9658__0036,CONTROL,126.0,121.0,220.0,339.0,483.0,742.0,1067.0,False
CONTROL__7132__2025081006,7132,2025-08-10 06:00:00,2025-08-10 03:00:00,2025-08-10 09:00:00,NORMAL,GROUP__7132__0027,CONTROL,156.0,234.0,331.0,463.0,548.0,666.0,1042.0,False
CONTROL__7132__2025050406,7132,2025-05-04 06:00:00,2025-05-04 03:00:00,2025-05-04 09:00:00,NORMAL,GROUP__7132__0027,CONTROL,172.0,242.0,363.0,449.0,541.0,791.0,1130.0,False
CONTROL__7270__2025041314,7270,2025-04-13 14:00:00,2025-04-13 11:00:00,2025-04-13 17:00:00,NORMAL,GROUP__7270__0026,CONTROL,85.0,93.0,79.0,67.0,89.0,83.0,69.0,False
CONTROL__7270__2025090714,7270,2025-09-07 14:00:00,2025-09-07 11:00:00,2025-09-07 17:00:00,NORMAL,GROUP__7270__0026,CONTROL,84.0,67.0,69.0,70.0,84.0,70.0,77.0,False
CONTROL__29005__2025020215,29005,2025-02-02 15:00:00,2025-02-02 12:00:00,2025-02-02 18:00:00,NORMAL,GROUP__29005__0028,CONTROL,0.0,0.0,0.0,0.0,0.0,0.0,0.0,True
CONTROL__29005__2025121415,29005,2025-12-14 15:00:00,2025-12-14 12:00:00,2025-12-14 18:00:00,NORMAL,GROUP__29005__0028,CONTROL,147.0,0.0,132.0,179.0,159.0,0.0,117.0,False
CONTROL__F3FWY004__2025072016,F3FWY004,2025-07-20 16:00:00,2025-07-20 13:00:00,2025-07-20 19:00:00,NORMAL,GROUP__F3FWY004__0013,CONTROL,2557.0,2043.0,2252.0,2446.0,1984.0,1372.0,806.0,False
CONTROL__F3FWY004__2025090716,F3FWY004,2025-09-07 16:00:00,2025-09-07 13:00:00,2025-09-07 19:00:00,NORMAL,GROUP__F3FWY004__0013,CONTROL,2761.0,2574.0,2911.0,3034.0,2702.0,1893.0,1779.0,False
CONTROL__7270__2025110917,7270,2025-11-09 17:00:00,2025-11-09 14:00:00,2025-11-09 20:00:00,NORMAL,GROUP__7270__0026,CONTROL,1744.0,1767.0,1753.0,1551.0,1271.0,1142.0,1025.0,False
CONTROL__7270__2025082417,7270,2025-08-24 17:00:00,2025-08-24 14:00:00,2025-08-24 20:00:00,NORMAL,GROUP__7270__0026,CONTROL,74.0,103.0,79.0,80.0,69.0,62.0,45.0,False
CONTROL__74230__2025083119,74230,2025-08-31 19:00:00,2025-08-31 16:00:00,2025-08-31 22:00:00,NORMAL,GROUP__74230__0026,CONTROL,19.0,14.0,9.0,5.0,6.0,6.0,0.0,False
CONTROL__74230__2025122119,74230,2025-12-21 19:00:00,2025-12-21 16:00:00,2025-12-21 22:00:00,NORMAL,GROUP__74230__0026,CONTROL,641.0,379.0,235.0,323.0,139.0,221.0,106.0,False
CONTROL__50240__2025011919,50240,2025-01-19 19:00:00,2025-01-19 16:00:00,2025-01-19 22:00:00,NORMAL,GROUP__50240__0051,CONTROL,95.0,83.0,87.0,82.0,62.0,69.0,56.0,False
CONTROL__50240__2025011219,50240,2025-01-12 19:00:00,2025-01-12 16:00:00,2025-01-12 22:00:00,NORMAL,GROUP__50240__0051,CONTROL,0.0,0.0,0.0,0.0,0.0,0.0,0.0,True
CONTROL__51235__2025102621,51235,2025-10-26 21:00:00,2025-10-26 18:00:00,2025-10-27 00:00:00,NORMAL,GROUP__51235__0049,CONTROL,36.0,56.0,42.0,26.0,33.0,26.0,226.0,False
CONTROL__51235__2025050421,51235,2025-05-04 21:00:00,2025-05-04 18:00:00,2025-05-05 00:00:00,NORMAL,GROUP__51235__0049,CONTROL,1596.0,1180.0,1123.0,927.0,851.0,467.0,14.0,False
CONTROL__7123-PR__2025102808,7123-PR,2025-10-28 08:00:00,2025-10-28 05:00:00,2025-10-28 11:00:00,NORMAL,GROUP__7123-PR__0005,CONTROL,27.0,54.0,49.0,43.0,83.0,64.0,55.0,False
CONTROL__7123-PR__2025052708,7123-PR,2025-05-27 08:00:00,2025-05-27 05:00:00,2025-05-27 11:00:00,NORMAL,GROUP__7123-PR__0005,CONTROL,56.0,113.0,101.0,67.0,89.0,78.0,67.0,False
CONTROL__7168__2025102120,7168,2025-10-21 20:00:00,2025-10-21 17:00:00,2025-10-21 23:00:00,NORMAL,GROUP__7168__0021,CONTROL,94.0,87.0,35.0,30.0,24.0,18.0,15.0,False
CONTROL__7168__2025041520,7168,2025-04-15 20:00:00,2025-04-15 17:00:00,2025-04-15 23:00:00,NORMAL,GROUP__7168__0021,CONTROL,113.0,59.0,68.0,36.0,31.0,21.0,21.0,False
CONTROL__7270__2025123103,7270,2025-12-31 03:00:00,2025-12-31 00:00:00,2025-12-31 06:00:00,NORMAL,GROUP__7270__0027,CONTROL,39.0,19.0,43.0,42.0,95.0,98.0,160.0,False
CONTROL__7270__2025051403,7270,2025-05-14 03:00:00,2025-05-14 00:00:00,2025-05-14 06:00:00,NORMAL,GROUP__7270__0027,CONTROL,174.0,83.0,86.0,118.0,331.0,1245.0,1810.0,False
CONTROL__7270__2025020503,7270,2025-02-05 03:00:00,2025-02-05 00:00:00,2025-02-05 06:00:00,NORMAL,GROUP__7270__0027,CONTROL,0.0,0.0,0.0,0.0,0.0,0.0,0.0,True
CONTROL__7270__2025082703,7270,2025-08-27 03:00:00,2025-08-27 00:00:00,2025-08-27 06:00:00,NORMAL,GROUP__7270__0027,CONTROL,34.0,32.0,40.0,56.0,128.0,238.0,344.0,False
CONTROL__53004__2025060405,53004,2025-06-04 05:00:00,2025-06-04 02:00:00,2025-06-04 08:00:00,NORMAL,GROUP__53004__0052,CONTROL,31.0,54.0,192.0,721.0,1499.0,2349.0,2071.0,False
CONTROL__53004__2025072305,53004,2025-07-23 05:00:00,2025-07-23 02:00:00,2025-07-23 08:00:00,NORMAL,GROUP__53004__0052,CONTROL,24.0,24.0,142.0,336.0,533.0,711.0,691.0,False
CONTROL__7184__2025082005,7184,2025-08-20 05:00:00,2025-08-20 02:00:00,2025-08-20 08:00:00,NORMAL,GROUP__7184__0037,CONTROL,28.0,44.0,56.0,125.0,289.0,218.0,168.0,False
CONTROL__7184__2025110505,7184,2025-11-05 05:00:00,2025-11-05 02:00:00,2025-11-05 08:00:00,NORMAL,GROUP__7184__0037,CONTROL,86.0,123.0,278.0,898.0,2041.0,3035.0,2445.0,False
CONTROL__7168__2025032605,7168,2025-03-26 05:00:00,2025-03-26 02:00:00,2025-03-26 08:00:00,NORMAL,GROUP__7168__0022,CONTROL,0.0,0.0,0.0,0.0,0.0,0.0,0.0,True
CONTROL__7168__2025021205,7168,2025-02-12 05:00:00,2025-02-12 02:00:00,2025-02-12 08:00:00,NORMAL,GROUP__7168__0022,CONTROL,0.0,0.0,0.0,0.0,0.0,0.0,0.0,True
CONTROL__7168__2025080605,7168,2025-08-06 05:00:00,2025-08-06 02:00:00,2025-08-06 08:00:00,NORMAL,GROUP__7168__0022,CONTROL,29.0,44.0,90.0,229.0,438.0,749.0,570.0,False
CONTROL__7168__2025123105,7168,2025-12-31 05:00:00,2025-12-31 02:00:00,2025-12-31 08:00:00,NORMAL,GROUP__7168__0022,CONTROL,9.0,6.0,8.0,5.0,7.0,15.0,13.0,False
CONTROL__7179__2025051411,7179,2025-05-14 11:00:00,2025-05-14 08:00:00,2025-05-14 14:00:00,NORMAL,GROUP__7179__0095,CONTROL,352.0,506.0,494.0,484.0,499.0,478.0,497.0,False
CONTROL__7179__2025070911,7179,2025-07-09 11:00:00,2025-07-09 08:00:00,2025-07-09 14:00:00,NORMAL,GROUP__7179__0095,CONTROL,408.0,418.0,481.0,462.0,498.0,507.0,492.0,False
CONTROL__7179__2025111213,7179,2025-11-12 13:00:00,2025-11-12 10:00:00,2025-11-12 16:00:00,NORMAL,GROUP__7179__0095,CONTROL,458.0,519.0,505.0,517.0,482.0,431.0,450.0,False
CONTROL__7179__2025021913,7179,2025-02-19 13:00:00,2025-02-19 10:00:00,2025-02-19 16:00:00,NORMAL,GROUP__7179__0095,CONTROL,0.0,0.0,0.0,0.0,0.0,0.0,0.0,True
CONTROL__7112__2025100821,7112,2025-10-08 21:00:00,2025-10-08 18:00:00,2025-10-09 00:00:00,NORMAL,GROUP__7112__0069,CONTROL,1231.0,896.0,768.0,675.0,467.0,290.0,15.0,False
CONTROL__7112__2025061821,7112,2025-06-18 21:00:00,2025-06-18 18:00:00,2025-06-19 00:00:00,NORMAL,GROUP__7112__0069,CONTROL,1052.0,920.0,633.0,608.0,458.0,278.0,149.0,False
CONTROL__7168__2025072401,7168,2025-07-24 01:00:00,2025-07-23 22:00:00,2025-07-24 04:00:00,NORMAL,GROUP__7168__0023,CONTROL,22.0,13.0,58.0,42.0,32.0,32.0,91.0,False
CONTROL__7168__2025040301,7168,2025-04-03 01:00:00,2025-04-02 22:00:00,2025-04-03 04:00:00,NORMAL,GROUP__7168__0023,CONTROL,196.0,105.0,61.0,27.0,49.0,46.0,91.0,False
CONTROL__T0288__2025071006,T0288,2025-07-10 06:00:00,2025-07-10 03:00:00,2025-07-10 09:00:00,NORMAL,GROUP__T0288__0017,CONTROL,0.0,0.0,0.0,0.0,0.0,0.0,0.0,True
CONTROL__T0288__2025010206,T0288,2025-01-02 06:00:00,2025-01-02 03:00:00,2025-01-02 09:00:00,NORMAL,GROUP__T0288__0017,CONTROL,0.0,0.0,0.0,0.0,0.0,0.0,0.0,True
CONTROL__T0289__2025090406,T0289,2025-09-04 06:00:00,2025-09-04 03:00:00,2025-09-04 09:00:00,NORMAL,GROUP__T0289__0017,CONTROL,0.0,0.0,0.0,0.0,0.0,0.0,0.0,True
CONTROL__T0289__2025030606,T0289,2025-03-06 06:00:00,2025-03-06 03:00:00,2025-03-06 09:00:00,NORMAL,GROUP__T0289__0017,CONTROL,0.0,157.0,281.0,306.0,274.0,269.0,304.0,False
CONTROL__T0290__2025090406,T0290,2025-09-04 06:00:00,2025-09-04 03:00:00,2025-09-04 09:00:00,NORMAL,GROUP__T0290__0017,CONTROL,99.0,197.0,288.0,309.0,306.0,307.0,191.0,False
CONTROL__T0290__2025122506,T0290,2025-12-25 06:00:00,2025-12-25 03:00:00,2025-12-25 09:00:00,NORMAL,GROUP__T0290__0017,CONTROL,0.0,0.0,0.0,0.0,0.0,0.0,0.0,True
CONTROL__T0479-PR__2025070306,T0479-PR,2025-07-03 06:00:00,2025-07-03 03:00:00,2025-07-03 09:00:00,NORMAL,GROUP__T0479-PR__0017,CONTROL,44.0,144.0,553.0,634.0,363.0,306.0,292.0,False
CONTROL__T0479-PR__2025010906,T0479-PR,2025-01-09 06:00:00,2025-01-09 03:00:00,2025-01-09 09:00:00,NORMAL,GROUP__T0479-PR__0017,CONTROL,61.0,160.0,443.0,1201.0,1448.0,1664.0,1857.0,False
CONTROL__7184__2025121807,7184,2025-12-18 07:00:00,2025-12-18 04:00:00,2025-12-18 10:00:00,NORMAL,GROUP__7184__0038,CONTROL,246.0,799.0,1790.0,2618.0,2538.0,2443.0,2340.0,False
CONTROL__7184__2025041007,7184,2025-04-10 07:00:00,2025-04-10 04:00:00,2025-04-10 10:00:00,NORMAL,GROUP__7184__0038,CONTROL,248.0,794.0,1968.0,2519.0,1777.0,1937.0,1966.0,False
CONTROL__50240__2025021308,50240,2025-02-13 08:00:00,2025-02-13 05:00:00,2025-02-13 11:00:00,NORMAL,GROUP__50240__0052,CONTROL,0.0,0.0,0.0,0.0,0.0,0.0,0.0,True
CONTROL__50240__2025080708,50240,2025-08-07 08:00:00,2025-08-07 05:00:00,2025-08-07 11:00:00,NORMAL,GROUP__50240__0052,CONTROL,1927.0,2682.0,2561.0,2614.0,2226.0,1925.0,1906.0,False
CONTROL__50240__2025070308,50240,2025-07-03 08:00:00,2025-07-03 05:00:00,2025-07-03 11:00:00,NORMAL,GROUP__50240__0052,CONTROL,188.0,323.0,276.0,281.0,361.0,414.0,422.0,False
CONTROL__50240__2025100908,50240,2025-10-09 08:00:00,2025-10-09 05:00:00,2025-10-09 11:00:00,NORMAL,GROUP__50240__0052,CONTROL,1995.0,2545.0,2514.0,2334.0,2138.0,1910.0,1900.0,False
CONTROL__7153__2025080721,7153,2025-08-07 21:00:00,2025-08-07 18:00:00,2025-08-08 00:00:00,NORMAL,GROUP__7153__0025,CONTROL,100.0,80.0,67.0,58.0,44.0,34.0,17.0,False
CONTROL__7153__2025071721,7153,2025-07-17 21:00:00,2025-07-17 18:00:00,2025-07-18 00:00:00,NORMAL,GROUP__7153__0025,CONTROL,106.0,88.0,57.0,50.0,44.0,55.0,27.0,False
CONTROL__23067__2025100301,23067,2025-10-03 01:00:00,2025-10-02 22:00:00,2025-10-03 04:00:00,NORMAL,GROUP__23067__0043,CONTROL,40.0,46.0,42.0,34.0,31.0,87.0,81.0,False
CONTROL__23067__2025072501,23067,2025-07-25 01:00:00,2025-07-24 22:00:00,2025-07-25 04:00:00,NORMAL,GROUP__23067__0043,CONTROL,26.0,29.0,25.0,40.0,43.0,82.0,64.0,False
CONTROL__50240__2025052303,50240,2025-05-23 03:00:00,2025-05-23 00:00:00,2025-05-23 06:00:00,NORMAL,GROUP__50240__0053,CONTROL,51.0,43.0,53.0,57.0,111.0,228.0,393.0,False
CONTROL__50240__2025121203,50240,2025-12-12 03:00:00,2025-12-12 00:00:00,2025-12-12 06:00:00,NORMAL,GROUP__50240__0053,CONTROL,71.0,41.0,45.0,80.0,168.0,193.0,181.0,False
CONTROL__7120__2025050207,7120,2025-05-02 07:00:00,2025-05-02 04:00:00,2025-05-02 10:00:00,NORMAL,GROUP__7120__0071,CONTROL,193.0,567.0,711.0,685.0,666.0,731.0,676.0,False
CONTROL__7120__2025032807,7120,2025-03-28 07:00:00,2025-03-28 04:00:00,2025-03-28 10:00:00,NORMAL,GROUP__7120__0071,CONTROL,184.0,557.0,723.0,701.0,730.0,748.0,670.0,False
CONTROL__7121__2025011007,7121,2025-01-10 07:00:00,2025-01-10 04:00:00,2025-01-10 10:00:00,NORMAL,GROUP__7121__0071,CONTROL,0.0,0.0,0.0,0.0,0.0,0.0,0.0,True
CONTROL__7121__2025031407,7121,2025-03-14 07:00:00,2025-03-14 04:00:00,2025-03-14 10:00:00,NORMAL,GROUP__7121__0071,CONTROL,53.0,114.0,223.0,361.0,421.0,440.0,422.0,False
CONTROL__53004__2025041108,53004,2025-04-11 08:00:00,2025-04-11 05:00:00,2025-04-11 11:00:00,NORMAL,GROUP__53004__0053,CONTROL,45.0,77.0,89.0,103.0,150.0,33.0,103.0,False
CONTROL__53004__2025102408,53004,2025-10-24 08:00:00,2025-10-24 05:00:00,2025-10-24 11:00:00,NORMAL,GROUP__53004__0053,CONTROL,300.0,775.0,1405.0,1238.0,1166.0,1208.0,1303.0,False
CONTROL__7179__2025012409,7179,2025-01-24 09:00:00,2025-01-24 06:00:00,2025-01-24 12:00:00,NORMAL,GROUP__7179__0096,CONTROL,0.0,0.0,0.0,0.0,0.0,0.0,0.0,True
CONTROL__7179__2025082209,7179,2025-08-22 09:00:00,2025-08-22 06:00:00,2025-08-22 12:00:00,NORMAL,GROUP__7179__0096,CONTROL,1309.0,1639.0,1723.0,1406.0,1415.0,1478.0,1523.0,False
CONTROL__57025__2025012502,57025,2025-01-25 02:00:00,2025-01-24 23:00:00,2025-01-25 05:00:00,NORMAL,GROUP__57025__0006,CONTROL,92.0,4.0,2.0,5.0,9.0,14.0,44.0,False
CONTROL__57025__2025020802,57025,2025-02-08 02:00:00,2025-02-07 23:00:00,2025-02-08 05:00:00,NORMAL,GROUP__57025__0006,CONTROL,0.0,0.0,0.0,0.0,0.0,0.0,0.0,True
CONTROL__7251__2025062116,7251,2025-06-21 16:00:00,2025-06-21 13:00:00,2025-06-21 19:00:00,NORMAL,GROUP__7251__0037,CONTROL,106.0,89.0,83.0,84.0,71.0,60.0,46.0,False
CONTROL__7251__2025090616,7251,2025-09-06 16:00:00,2025-09-06 13:00:00,2025-09-06 19:00:00,NORMAL,GROUP__7251__0037,CONTROL,1215.0,1282.0,1280.0,1203.0,993.0,1002.0,773.0,False
CONTROL__7112__2025041922,7112,2025-04-19 22:00:00,2025-04-19 19:00:00,2025-04-20 01:00:00,NORMAL,GROUP__7112__0070,CONTROL,812.0,752.0,703.0,526.0,447.0,16.0,12.0,False
CONTROL__7112__2025112922,7112,2025-11-29 22:00:00,2025-11-29 19:00:00,2025-11-30 01:00:00,NORMAL,GROUP__7112__0070,CONTROL,52.0,22.0,23.0,20.0,27.0,395.0,181.0,False
CONTROL__23067__2025020907,23067,2025-02-09 07:00:00,2025-02-09 04:00:00,2025-02-09 10:00:00,NORMAL,GROUP__23067__0044,CONTROL,0.0,0.0,0.0,0.0,0.0,0.0,0.0,True
CONTROL__23067__2025012607,23067,2025-01-26 07:00:00,2025-01-26 04:00:00,2025-01-26 10:00:00,NORMAL,GROUP__23067__0044,CONTROL,22.0,29.0,52.0,72.0,73.0,60.0,55.0,False
CONTROL__7248__2025021702,7248,2025-02-17 02:00:00,2025-02-16 23:00:00,2025-02-17 05:00:00,NORMAL,GROUP__7248__0044,CONTROL,0.0,0.0,0.0,0.0,0.0,0.0,0.0,True
CONTROL__7248__2025090102,7248,2025-09-01 02:00:00,2025-08-31 23:00:00,2025-09-01 05:00:00,NORMAL,GROUP__7248__0044,CONTROL,61.0,38.0,39.0,34.0,59.0,119.0,216.0,False
CONTROL__68025__2025041403,68025,2025-04-14 03:00:00,2025-04-14 00:00:00,2025-04-14 06:00:00,NORMAL,GROUP__68025__0049,CONTROL,7.0,4.0,5.0,11.0,11.0,31.0,71.0,False
CONTROL__68025__2025031003,68025,2025-03-10 03:00:00,2025-03-10 00:00:00,2025-03-10 06:00:00,NORMAL,GROUP__68025__0049,CONTROL,4.0,6.0,6.0,10.0,13.0,34.0,65.0,False
CONTROL__7119-PR__2025021003,7119-PR,2025-02-10 03:00:00,2025-02-10 00:00:00,2025-02-10 06:00:00,NORMAL,GROUP__7119-PR__0016,CONTROL,0.0,0.0,0.0,0.0,0.0,0.0,0.0,True
CONTROL__7119-PR__2025021703,7119-PR,2025-02-17 03:00:00,2025-02-17 00:00:00,2025-02-17 06:00:00,NORMAL,GROUP__7119-PR__0016,CONTROL,0.0,0.0,0.0,0.0,0.0,0.0,0.0,True
CONTROL__7179__2025110304,7179,2025-11-03 04:00:00,2025-11-03 01:00:00,2025-11-03 07:00:00,NORMAL,GROUP__7179__0097,CONTROL,184.0,150.0,202.0,396.0,899.0,1350.0,1707.0,False
CONTROL__7179__2025022404,7179,2025-02-24 04:00:00,2025-02-24 01:00:00,2025-02-24 07:00:00,NORMAL,GROUP__7179__0097,CONTROL,0.0,0.0,0.0,0.0,0.0,0.0,0.0,True
CONTROL__50240__2025090105,50240,2025-09-01 05:00:00,2025-09-01 02:00:00,2025-09-01 08:00:00,NORMAL,GROUP__50240__0054,CONTROL,26.0,59.0,71.0,150.0,322.0,260.0,256.0,False
CONTROL__50240__2025031705,50240,2025-03-17 05:00:00,2025-03-17 02:00:00,2025-03-17 08:00:00,NORMAL,GROUP__50240__0054,CONTROL,168.0,233.0,714.0,2050.0,2634.0,2631.0,2506.0,False
CONTROL__74229__2025122906,74229,2025-12-29 06:00:00,2025-12-29 03:00:00,2025-12-29 09:00:00,NORMAL,GROUP__74229__0009,CONTROL,12.0,19.0,31.0,45.0,57.0,55.0,34.0,False
CONTROL__74229__2025090106,74229,2025-09-01 06:00:00,2025-09-01 03:00:00,2025-09-01 09:00:00,NORMAL,GROUP__74229__0009,CONTROL,11.0,17.0,27.0,60.0,82.0,68.0,70.0,False
CONTROL__7161__2025090807,7161,2025-09-08 07:00:00,2025-09-08 04:00:00,2025-09-08 10:00:00,NORMAL,GROUP__7161__0032,CONTROL,34.0,99.0,149.0,144.0,137.0,158.0,148.0,False
CONTROL__7161__2025102007,7161,2025-10-20 07:00:00,2025-10-20 04:00:00,2025-10-20 10:00:00,NORMAL,GROUP__7161__0032,CONTROL,169.0,569.0,930.0,1451.0,1348.0,941.0,867.0,False
CONTROL__7248__2025012711,7248,2025-01-27 11:00:00,2025-01-27 08:00:00,2025-01-27 14:00:00,NORMAL,GROUP__7248__0045,CONTROL,47.0,61.0,57.0,60.0,71.0,57.0,54.0,False
CONTROL__7248__2025010611,7248,2025-01-06 11:00:00,2025-01-06 08:00:00,2025-01-06 14:00:00,NORMAL,GROUP__7248__0045,CONTROL,200.0,177.0,209.0,198.0,198.0,166.0,179.0,False
CONTROL__7120__2025040103,7120,2025-04-01 03:00:00,2025-04-01 00:00:00,2025-04-01 06:00:00,NORMAL,GROUP__7120__0072,CONTROL,59.0,52.0,51.0,50.0,182.0,612.0,668.0,False
CONTROL__7120__2025040803,7120,2025-04-08 03:00:00,2025-04-08 00:00:00,2025-04-08 06:00:00,NORMAL,GROUP__7120__0072,CONTROL,8.0,9.0,16.0,22.0,28.0,52.0,95.0,False
CONTROL__7121__2025092303,7121,2025-09-23 03:00:00,2025-09-23 00:00:00,2025-09-23 06:00:00,NORMAL,GROUP__7121__0072,CONTROL,6.0,3.0,3.0,7.0,7.0,10.0,30.0,False
CONTROL__7121__2025042203,7121,2025-04-22 03:00:00,2025-04-22 00:00:00,2025-04-22 06:00:00,NORMAL,GROUP__7121__0072,CONTROL,59.0,28.0,34.0,19.0,24.0,88.0,184.0,False
CONTROL__7119-PR__2025112506,7119-PR,2025-11-25 06:00:00,2025-11-25 03:00:00,2025-11-25 09:00:00,NORMAL,GROUP__7119-PR__0017,CONTROL,58.0,101.0,259.0,737.0,958.0,724.0,526.0,False
CONTROL__7119-PR__2025042906,7119-PR,2025-04-29 06:00:00,2025-04-29 03:00:00,2025-04-29 09:00:00,NORMAL,GROUP__7119-PR__0017,CONTROL,7.0,17.0,44.0,103.0,77.0,99.0,96.0,False
CONTROL__7168__2025070818,7168,2025-07-08 18:00:00,2025-07-08 15:00:00,2025-07-08 21:00:00,NORMAL,GROUP__7168__0024,CONTROL,76.0,111.0,92.0,56.0,40.0,28.0,23.0,False
CONTROL__7168__2025070118,7168,2025-07-01 18:00:00,2025-07-01 15:00:00,2025-07-01 21:00:00,NORMAL,GROUP__7168__0024,CONTROL,1194.0,1006.0,808.0,481.0,246.0,179.0,177.0,False
CONTROL__7179__2025021821,7179,2025-02-18 21:00:00,2025-02-18 18:00:00,2025-02-19 00:00:00,NORMAL,GROUP__7179__0098,CONTROL,0.0,0.0,0.0,0.0,0.0,0.0,0.0,True
CONTROL__7179__2025061721,7179,2025-06-17 21:00:00,2025-06-17 18:00:00,2025-06-18 00:00:00,NORMAL,GROUP__7179__0098,CONTROL,2060.0,1405.0,1098.0,999.0,785.0,464.0,48.0,False
CONTROL__F3FWY003__2025092323,F3FWY003,2025-09-23 23:00:00,2025-09-23 20:00:00,2025-09-24 02:00:00,NORMAL,GROUP__F3FWY003__0048,CONTROL,751.0,616.0,473.0,247.0,118.0,109.0,113.0,False
CONTROL__F3FWY003__2025081223,F3FWY003,2025-08-12 23:00:00,2025-08-12 20:00:00,2025-08-13 02:00:00,NORMAL,GROUP__F3FWY003__0048,CONTROL,697.0,595.0,394.0,244.0,108.0,93.0,59.0,False
CONTROL__7112__2025110501,7112,2025-11-05 01:00:00,2025-11-04 22:00:00,2025-11-05 04:00:00,NORMAL,GROUP__7112__0071,CONTROL,30.0,27.0,24.0,17.0,29.0,31.0,70.0,False
CONTROL__7112__2025073001,7112,2025-07-30 01:00:00,2025-07-29 22:00:00,2025-07-30 04:00:00,NORMAL,GROUP__7112__0071,CONTROL,27.0,18.0,16.0,26.0,24.0,40.0,61.0,False
CONTROL__7112__2025092401,7112,2025-09-24 01:00:00,2025-09-23 22:00:00,2025-09-24 04:00:00,NORMAL,GROUP__7112__0071,CONTROL,417.0,235.0,119.0,83.0,61.0,98.0,221.0,False
CONTROL__7112__2025071601,7112,2025-07-16 01:00:00,2025-07-15 22:00:00,2025-07-16 04:00:00,NORMAL,GROUP__7112__0071,CONTROL,431.0,227.0,19.0,17.0,18.0,39.0,70.0,False
CONTROL__7251__2025060402,7251,2025-06-04 02:00:00,2025-06-03 23:00:00,2025-06-04 05:00:00,NORMAL,GROUP__7251__0038,CONTROL,413.0,254.0,149.0,124.0,87.0,119.0,183.0,False
CONTROL__7251__2025061102,7251,2025-06-11 02:00:00,2025-06-10 23:00:00,2025-06-11 05:00:00,NORMAL,GROUP__7251__0038,CONTROL,399.0,259.0,146.0,110.0,98.0,96.0,182.0,False
CONTROL__7251__2025040202,7251,2025-04-02 02:00:00,2025-04-01 23:00:00,2025-04-02 05:00:00,NORMAL,GROUP__7251__0038,CONTROL,706.0,402.0,221.0,185.0,190.0,119.0,201.0,False
CONTROL__7251__2025011502,7251,2025-01-15 02:00:00,2025-01-14 23:00:00,2025-01-15 05:00:00,NORMAL,GROUP__7251__0038,CONTROL,23.0,246.0,179.0,146.0,111.0,118.0,242.0,False
CONTROL__33014__2025112606,33014,2025-11-26 06:00:00,2025-11-26 03:00:00,2025-11-26 09:00:00,NORMAL,GROUP__33014__0056,CONTROL,0.0,0.0,0.0,0.0,0.0,0.0,0.0,True
CONTROL__33014__2025082006,33014,2025-08-20 06:00:00,2025-08-20 03:00:00,2025-08-20 09:00:00,NORMAL,GROUP__33014__0056,CONTROL,0.0,0.0,0.0,0.0,0.0,0.0,0.0,True
CONTROL__33014__2025061806,33014,2025-06-18 06:00:00,2025-06-18 03:00:00,2025-06-18 09:00:00,NORMAL,GROUP__33014__0056,CONTROL,28.0,49.0,64.0,135.0,157.0,116.0,165.0,False
CONTROL__33014__2025110506,33014,2025-11-05 06:00:00,2025-11-05 03:00:00,2025-11-05 09:00:00,NORMAL,GROUP__33014__0056,CONTROL,0.0,0.0,0.0,0.0,0.0,0.0,0.0,True
CONTROL__53004__2025123108,53004,2025-12-31 08:00:00,2025-12-31 05:00:00,2025-12-31 11:00:00,NORMAL,GROUP__53004__0054,CONTROL,33.0,49.0,40.0,31.0,38.0,58.0,42.0,False
CONTROL__53004__2025061108,53004,2025-06-11 08:00:00,2025-06-11 05:00:00,2025-06-11 11:00:00,NORMAL,GROUP__53004__0054,CONTROL,114.0,246.0,212.0,183.0,126.0,141.0,143.0,False
CONTROL__53003__2025050718,53003,2025-05-07 18:00:00,2025-05-07 15:00:00,2025-05-07 21:00:00,NORMAL,GROUP__53003__0017,CONTROL,2180.0,2657.0,2729.0,2368.0,1527.0,1060.0,958.0,False
CONTROL__53003__2025010118,53003,2025-01-01 18:00:00,2025-01-01 15:00:00,2025-01-01 21:00:00,NORMAL,GROUP__53003__0017,CONTROL,53.0,60.0,58.0,52.0,35.0,29.0,29.0,False
CONTROL__F3FWY004__2025012919,F3FWY004,2025-01-29 19:00:00,2025-01-29 16:00:00,2025-01-29 22:00:00,NORMAL,GROUP__F3FWY004__0014,CONTROL,0.0,0.0,0.0,0.0,0.0,0.0,0.0,True
CONTROL__F3FWY004__2025091019,F3FWY004,2025-09-10 19:00:00,2025-09-10 16:00:00,2025-09-10 22:00:00,NORMAL,GROUP__F3FWY004__0014,CONTROL,2536.0,3167.0,1837.0,995.0,649.0,568.0,464.0,False
CONTROL__F3FWY001__2025092500,F3FWY001,2025-09-25 00:00:00,2025-09-24 21:00:00,2025-09-25 03:00:00,NORMAL,GROUP__F3FWY001__0011,CONTROL,196.0,171.0,186.0,0.0,0.0,0.0,0.0,False
CONTROL__F3FWY001__2025031300,F3FWY001,2025-03-13 00:00:00,2025-03-12 21:00:00,2025-03-13 03:00:00,NORMAL,GROUP__F3FWY001__0011,CONTROL,76.0,52.0,37.0,0.0,0.0,0.0,0.0,False
CONTROL__7179__2025011601,7179,2025-01-16 01:00:00,2025-01-15 22:00:00,2025-01-16 04:00:00,NORMAL,GROUP__7179__0099,CONTROL,0.0,0.0,0.0,0.0,0.0,0.0,0.0,True
CONTROL__7179__2025121801,7179,2025-12-18 01:00:00,2025-12-17 22:00:00,2025-12-18 04:00:00,NORMAL,GROUP__7179__0099,CONTROL,1067.0,710.0,409.0,210.0,169.0,247.0,447.0,False
CONTROL__F3FWY005__2025092503,F3FWY005,2025-09-25 03:00:00,2025-09-25 00:00:00,2025-09-25 06:00:00,NORMAL,GROUP__F3FWY005__0007,CONTROL,133.0,117.0,137.0,246.0,347.0,795.0,840.0,False
CONTROL__F3FWY005__2025111303,F3FWY005,2025-11-13 03:00:00,2025-11-13 00:00:00,2025-11-13 06:00:00,NORMAL,GROUP__F3FWY005__0007,CONTROL,98.0,92.0,112.0,226.0,777.0,2062.0,2970.0,False
CONTROL__9827__2025032714,9827,2025-03-27 14:00:00,2025-03-27 11:00:00,2025-03-27 17:00:00,NORMAL,GROUP__9827__0005,CONTROL,135.0,131.0,116.0,125.0,152.0,0.0,0.0,False
CONTROL__9827__2025072414,9827,2025-07-24 14:00:00,2025-07-24 11:00:00,2025-07-24 17:00:00,NORMAL,GROUP__9827__0005,CONTROL,889.0,884.0,853.0,832.0,1106.0,1230.0,1359.0,False
CONTROL__F3FWY003__2025062622,F3FWY003,2025-06-26 22:00:00,2025-06-26 19:00:00,2025-06-27 01:00:00,NORMAL,GROUP__F3FWY003__0049,CONTROL,0.0,0.0,0.0,0.0,0.0,0.0,0.0,True
CONTROL__F3FWY003__2025073122,F3FWY003,2025-07-31 22:00:00,2025-07-31 19:00:00,2025-08-01 01:00:00,NORMAL,GROUP__F3FWY003__0049,CONTROL,0.0,0.0,0.0,0.0,0.0,104.0,88.0,False
CONTROL__F3FWY003__2025061222,F3FWY003,2025-06-12 22:00:00,2025-06-12 19:00:00,2025-06-13 01:00:00,NORMAL,GROUP__F3FWY003__0049,CONTROL,0.0,0.0,0.0,0.0,0.0,0.0,0.0,True
CONTROL__F3FWY003__2025092522,F3FWY003,2025-09-25 22:00:00,2025-09-25 19:00:00,2025-09-26 01:00:00,NORMAL,GROUP__F3FWY003__0049,CONTROL,1353.0,1034.0,754.0,543.0,383.0,190.0,123.0,False
CONTROL__74228__2025073123,74228,2025-07-31 23:00:00,2025-07-31 20:00:00,2025-08-01 02:00:00,NORMAL,GROUP__74228__0009,CONTROL,18.0,12.0,12.0,8.0,6.0,4.0,4.0,False
CONTROL__74228__2025122523,74228,2025-12-25 23:00:00,2025-12-25 20:00:00,2025-12-26 02:00:00,NORMAL,GROUP__74228__0009,CONTROL,0.0,0.0,0.0,0.0,0.0,0.0,0.0,True
CONTROL__7112__2025022023,7112,2025-02-20 23:00:00,2025-02-20 20:00:00,2025-02-21 02:00:00,NORMAL,GROUP__7112__0072,CONTROL,0.0,0.0,0.0,0.0,0.0,0.0,0.0,True
CONTROL__7112__2025082823,7112,2025-08-28 23:00:00,2025-08-28 20:00:00,2025-08-29 02:00:00,NORMAL,GROUP__7112__0072,CONTROL,0.0,0.0,0.0,0.0,120.0,55.0,51.0,False
CONTROL__50250__2025101001,50250,2025-10-10 01:00:00,2025-10-09 22:00:00,2025-10-10 04:00:00,NORMAL,GROUP__50250__0007,CONTROL,7.0,0.0,24.0,12.0,27.0,58.0,217.0,False
CONTROL__50250__2025041801,50250,2025-04-18 01:00:00,2025-04-17 22:00:00,2025-04-18 04:00:00,NORMAL,GROUP__50250__0007,CONTROL,8.0,0.0,0.0,0.0,0.0,0.0,0.0,False
CONTROL__7112__2025100305,7112,2025-10-03 05:00:00,2025-10-03 02:00:00,2025-10-03 08:00:00,NORMAL,GROUP__7112__0072,CONTROL,30.0,25.0,59.0,120.0,253.0,230.0,247.0,False
CONTROL__7112__2025072505,7112,2025-07-25 05:00:00,2025-07-25 02:00:00,2025-07-25 08:00:00,NORMAL,GROUP__7112__0072,CONTROL,71.0,86.0,191.0,801.0,1524.0,1335.0,1230.0,False
CONTROL__23067__2025053005,23067,2025-05-30 05:00:00,2025-05-30 02:00:00,2025-05-30 08:00:00,NORMAL,GROUP__23067__0045,CONTROL,135.0,293.0,462.0,687.0,1093.0,1637.0,1356.0,False
CONTROL__23067__2025111405,23067,2025-11-14 05:00:00,2025-11-14 02:00:00,2025-11-14 08:00:00,NORMAL,GROUP__23067__0045,CONTROL,432.0,950.0,1605.0,2228.0,2235.0,2163.0,1781.0,False
CONTROL__F3FWY003__2025122606,F3FWY003,2025-12-26 06:00:00,2025-12-26 03:00:00,2025-12-26 09:00:00,NORMAL,GROUP__F3FWY003__0050,CONTROL,134.0,241.0,373.0,529.0,859.0,1390.0,2242.0,False
CONTROL__F3FWY003__2025070406,F3FWY003,2025-07-04 06:00:00,2025-07-04 03:00:00,2025-07-04 09:00:00,NORMAL,GROUP__F3FWY003__0050,CONTROL,0.0,0.0,0.0,0.0,0.0,0.0,0.0,True
CONTROL__F3FWY003__2025121912,F3FWY003,2025-12-19 12:00:00,2025-12-19 09:00:00,2025-12-19 15:00:00,NORMAL,GROUP__F3FWY003__0050,CONTROL,577.0,582.0,630.0,531.0,435.0,463.0,636.0,False
CONTROL__F3FWY003__2025102412,F3FWY003,2025-10-24 12:00:00,2025-10-24 09:00:00,2025-10-24 15:00:00,NORMAL,GROUP__F3FWY003__0050,CONTROL,646.0,658.0,659.0,632.0,648.0,710.0,709.0,False
CONTROL__10011__2025110716,10011,2025-11-07 16:00:00,2025-11-07 13:00:00,2025-11-07 19:00:00,NORMAL,GROUP__10011__0046,CONTROL,0.0,0.0,0.0,0.0,0.0,0.0,0.0,True
CONTROL__10011__2025121916,10011,2025-12-19 16:00:00,2025-12-19 13:00:00,2025-12-19 19:00:00,NORMAL,GROUP__10011__0046,CONTROL,0.0,0.0,0.0,0.0,0.0,0.0,0.0,True
CONTROL__7139__2025022816,7139,2025-02-28 16:00:00,2025-02-28 13:00:00,2025-02-28 19:00:00,NORMAL,GROUP__7139__0046,CONTROL,0.0,0.0,0.0,0.0,0.0,0.0,0.0,True
CONTROL__7139__2025110716,7139,2025-11-07 16:00:00,2025-11-07 13:00:00,2025-11-07 19:00:00,NORMAL,GROUP__7139__0046,CONTROL,401.0,399.0,368.0,318.0,249.0,159.0,97.0,False
CONTROL__7120__2025120520,7120,2025-12-05 20:00:00,2025-12-05 17:00:00,2025-12-05 23:00:00,NORMAL,GROUP__7120__0073,CONTROL,680.0,767.0,766.0,696.0,720.0,645.0,532.0,False
CONTROL__7120__2025022120,7120,2025-02-21 20:00:00,2025-02-21 17:00:00,2025-02-21 23:00:00,NORMAL,GROUP__7120__0073,CONTROL,0.0,0.0,0.0,0.0,0.0,0.0,0.0,True
CONTROL__7121__2025010320,7121,2025-01-03 20:00:00,2025-01-03 17:00:00,2025-01-03 23:00:00,NORMAL,GROUP__7121__0073,CONTROL,6.0,5.0,3.0,5.0,3.0,3.0,3.0,False
CONTROL__7121__2025081520,7121,2025-08-15 20:00:00,2025-08-15 17:00:00,2025-08-15 23:00:00,NORMAL,GROUP__7121__0073,CONTROL,38.0,32.0,19.0,19.0,16.0,24.0,8.0,False
CONTROL__7126__2025092702,7126,2025-09-27 02:00:00,2025-09-26 23:00:00,2025-09-27 05:00:00,NORMAL,GROUP__7126__0020,CONTROL,11.0,81.0,57.0,29.0,32.0,32.0,119.0,False
CONTROL__7126__2025021502,7126,2025-02-15 02:00:00,2025-02-14 23:00:00,2025-02-15 05:00:00,NORMAL,GROUP__7126__0020,CONTROL,0.0,0.0,0.0,0.0,0.0,0.0,0.0,True
CONTROL__7120__2025111515,7120,2025-11-15 15:00:00,2025-11-15 12:00:00,2025-11-15 18:00:00,NORMAL,GROUP__7120__0074,CONTROL,683.0,703.0,639.0,676.0,656.0,682.0,667.0,False
CONTROL__7120__2025071915,7120,2025-07-19 15:00:00,2025-07-19 12:00:00,2025-07-19 18:00:00,NORMAL,GROUP__7120__0074,CONTROL,748.0,702.0,770.0,742.0,673.0,779.0,722.0,False
CONTROL__7121__2025080215,7121,2025-08-02 15:00:00,2025-08-02 12:00:00,2025-08-02 18:00:00,NORMAL,GROUP__7121__0074,CONTROL,32.0,24.0,36.0,19.0,25.0,19.0,20.0,False
CONTROL__7121__2025091315,7121,2025-09-13 15:00:00,2025-09-13 12:00:00,2025-09-13 18:00:00,NORMAL,GROUP__7121__0074,CONTROL,28.0,31.0,38.0,25.0,32.0,21.0,19.0,False
CONTROL__7179__2025080915,7179,2025-08-09 15:00:00,2025-08-09 12:00:00,2025-08-09 18:00:00,NORMAL,GROUP__7179__0100,CONTROL,1781.0,1853.0,1924.0,2022.0,1897.0,2030.0,1875.0,False
CONTROL__7179__2025040515,7179,2025-04-05 15:00:00,2025-04-05 12:00:00,2025-04-05 18:00:00,NORMAL,GROUP__7179__0100,CONTROL,220.0,198.0,232.0,178.0,173.0,180.0,124.0,False
CONTROL__7161__2025092023,7161,2025-09-20 23:00:00,2025-09-20 20:00:00,2025-09-21 02:00:00,NORMAL,GROUP__7161__0033,CONTROL,644.0,553.0,559.0,400.0,221.0,136.0,126.0,False
CONTROL__7161__2025062823,7161,2025-06-28 23:00:00,2025-06-28 20:00:00,2025-06-29 02:00:00,NORMAL,GROUP__7161__0033,CONTROL,24.0,23.0,16.0,23.0,6.0,9.0,7.0,False
CONTROL__7184__2025051803,7184,2025-05-18 03:00:00,2025-05-18 00:00:00,2025-05-18 06:00:00,NORMAL,GROUP__7184__0039,CONTROL,352.0,222.0,153.0,118.0,146.0,253.0,547.0,False
CONTROL__7184__2025083103,7184,2025-08-31 03:00:00,2025-08-31 00:00:00,2025-08-31 06:00:00,NORMAL,GROUP__7184__0039,CONTROL,375.0,219.0,176.0,134.0,178.0,264.0,517.0,False
CONTROL__7184__2025060803,7184,2025-06-08 03:00:00,2025-06-08 00:00:00,2025-06-08 06:00:00,NORMAL,GROUP__7184__0039,CONTROL,322.0,176.0,133.0,93.0,112.0,191.0,430.0,False
CONTROL__7184__2025071303,7184,2025-07-13 03:00:00,2025-07-13 00:00:00,2025-07-13 06:00:00,NORMAL,GROUP__7184__0039,CONTROL,16.0,11.0,8.0,14.0,8.0,15.0,20.0,False
CONTROL__7179__2025090712,7179,2025-09-07 12:00:00,2025-09-07 09:00:00,2025-09-07 15:00:00,NORMAL,GROUP__7179__0101,CONTROL,1318.0,1643.0,1945.0,1923.0,1692.0,1867.0,1677.0,False
CONTROL__7179__2025041312,7179,2025-04-13 12:00:00,2025-04-13 09:00:00,2025-04-13 15:00:00,NORMAL,GROUP__7179__0101,CONTROL,1263.0,1533.0,1708.0,1852.0,1865.0,1754.0,1764.0,False
CONTROL__7168__2025033021,7168,2025-03-30 21:00:00,2025-03-30 18:00:00,2025-03-31 00:00:00,NORMAL,GROUP__7168__0025,CONTROL,0.0,0.0,0.0,0.0,0.0,0.0,45.0,False
CONTROL__7168__2025092121,7168,2025-09-21 21:00:00,2025-09-21 18:00:00,2025-09-22 00:00:00,NORMAL,GROUP__7168__0025,CONTROL,353.0,272.0,226.0,187.0,165.0,105.0,11.0,False
CONTROL__7132__2025081105,7132,2025-08-11 05:00:00,2025-08-11 02:00:00,2025-08-11 08:00:00,NORMAL,GROUP__7132__0028,CONTROL,9.0,16.0,34.0,73.0,151.0,129.0,97.0,False
CONTROL__7132__2025120105,7132,2025-12-01 05:00:00,2025-12-01 02:00:00,2025-12-01 08:00:00,NORMAL,GROUP__7132__0028,CONTROL,5.0,17.0,30.0,78.0,129.0,95.0,103.0,False
CONTROL__68025__2025092219,68025,2025-09-22 19:00:00,2025-09-22 16:00:00,2025-09-22 22:00:00,NORMAL,GROUP__68025__0050,CONTROL,909.0,973.0,804.0,579.0,417.0,389.0,275.0,False
CONTROL__68025__2025120819,68025,2025-12-08 19:00:00,2025-12-08 16:00:00,2025-12-08 22:00:00,NORMAL,GROUP__68025__0050,CONTROL,883.0,918.0,806.0,595.0,528.0,480.0,332.0,False
CONTROL__7179__2025042821,7179,2025-04-28 21:00:00,2025-04-28 18:00:00,2025-04-29 00:00:00,NORMAL,GROUP__7179__0102,CONTROL,225.0,160.0,116.0,89.0,81.0,58.0,49.0,False
CONTROL__7179__2025022421,7179,2025-02-24 21:00:00,2025-02-24 18:00:00,2025-02-25 00:00:00,NORMAL,GROUP__7179__0102,CONTROL,0.0,0.0,0.0,0.0,0.0,0.0,0.0,True
CONTROL__74230__2025031723,74230,2025-03-17 23:00:00,2025-03-17 20:00:00,2025-03-18 02:00:00,NORMAL,GROUP__74230__0027,CONTROL,5.0,5.0,2.0,0.0,10.0,3.0,19.0,False
CONTROL__74230__2025112423,74230,2025-11-24 23:00:00,2025-11-24 20:00:00,2025-11-25 02:00:00,NORMAL,GROUP__74230__0027,CONTROL,110.0,63.0,33.0,9.0,8.0,3.0,16.0,False
CONTROL__7120__2025031801,7120,2025-03-18 01:00:00,2025-03-17 22:00:00,2025-03-18 04:00:00,NORMAL,GROUP__7120__0075,CONTROL,19.0,7.0,0.0,0.0,0.0,0.0,0.0,False
CONTROL__7120__2025081901,7120,2025-08-19 01:00:00,2025-08-18 22:00:00,2025-08-19 04:00:00,NORMAL,GROUP__7120__0075,CONTROL,291.0,159.0,6.0,9.0,5.0,13.0,29.0,False
CONTROL__7121__2025061701,7121,2025-06-17 01:00:00,2025-06-16 22:00:00,2025-06-17 04:00:00,NORMAL,GROUP__7121__0075,CONTROL,198.0,162.0,0.0,0.0,0.0,0.0,0.0,False
CONTROL__7121__2025101401,7121,2025-10-14 01:00:00,2025-10-13 22:00:00,2025-10-14 04:00:00,NORMAL,GROUP__7121__0075,CONTROL,12.0,9.0,69.0,49.0,22.0,22.0,47.0,False
CONTROL__68025__2025020404,68025,2025-02-04 04:00:00,2025-02-04 01:00:00,2025-02-04 07:00:00,NORMAL,GROUP__68025__0051,CONTROL,0.0,0.0,0.0,0.0,0.0,0.0,0.0,True
CONTROL__68025__2025112504,68025,2025-11-25 04:00:00,2025-11-25 01:00:00,2025-11-25 07:00:00,NORMAL,GROUP__68025__0051,CONTROL,3.0,5.0,9.0,18.0,66.0,159.0,142.0,False
CONTROL__7179__2025090905,7179,2025-09-09 05:00:00,2025-09-09 02:00:00,2025-09-09 08:00:00,NORMAL,GROUP__7179__0103,CONTROL,138.0,248.0,377.0,923.0,1345.0,1673.0,1590.0,False
CONTROL__7179__2025061705,7179,2025-06-17 05:00:00,2025-06-17 02:00:00,2025-06-17 08:00:00,NORMAL,GROUP__7179__0103,CONTROL,150.0,211.0,389.0,937.0,1300.0,1594.0,1663.0,False
CONTROL__33014__2025112507,33014,2025-11-25 07:00:00,2025-11-25 04:00:00,2025-11-25 10:00:00,NORMAL,GROUP__33014__0057,CONTROL,0.0,0.0,0.0,0.0,0.0,0.0,0.0,True
CONTROL__33014__2025120207,33014,2025-12-02 07:00:00,2025-12-02 04:00:00,2025-12-02 10:00:00,NORMAL,GROUP__33014__0057,CONTROL,0.0,0.0,0.0,0.0,0.0,0.0,0.0,True
CONTROL__7179__2025091614,7179,2025-09-16 14:00:00,2025-09-16 11:00:00,2025-09-16 17:00:00,NORMAL,GROUP__7179__0104,CONTROL,1337.0,1490.0,1594.0,1710.0,1898.0,1929.0,1999.0,False
CONTROL__7179__2025093014,7179,2025-09-30 14:00:00,2025-09-30 11:00:00,2025-09-30 17:00:00,NORMAL,GROUP__7179__0104,CONTROL,1461.0,1533.0,1502.0,1448.0,1782.0,1925.0,2012.0,False
CONTROL__68025__2025120302,68025,2025-12-03 02:00:00,2025-12-02 23:00:00,2025-12-03 05:00:00,NORMAL,GROUP__68025__0052,CONTROL,11.0,117.0,86.0,63.0,62.0,162.0,528.0,False
CONTROL__68025__2025021902,68025,2025-02-19 02:00:00,2025-02-18 23:00:00,2025-02-19 05:00:00,NORMAL,GROUP__68025__0052,CONTROL,0.0,0.0,0.0,0.0,0.0,0.0,0.0,True
CONTROL__7162__2025100802,7162,2025-10-08 02:00:00,2025-10-07 23:00:00,2025-10-08 05:00:00,NORMAL,GROUP__7162__0004,CONTROL,12.0,49.0,39.0,36.0,57.0,215.0,508.0,False
CONTROL__7162__2025102202,7162,2025-10-22 02:00:00,2025-10-21 23:00:00,2025-10-22 05:00:00,NORMAL,GROUP__7162__0004,CONTROL,12.0,12.0,6.0,10.0,9.0,41.0,77.0,False
CONTROL__F3FWY001__2025123102,F3FWY001,2025-12-31 02:00:00,2025-12-30 23:00:00,2025-12-31 05:00:00,NORMAL,GROUP__F3FWY001__0012,CONTROL,599.0,338.0,215.0,139.0,131.0,135.0,340.0,False
CONTROL__F3FWY001__2025111902,F3FWY001,2025-11-19 02:00:00,2025-11-18 23:00:00,2025-11-19 05:00:00,NORMAL,GROUP__F3FWY001__0012,CONTROL,478.0,15.0,3.0,5.0,8.0,181.0,601.0,False
CONTROL__33014__2025040902,33014,2025-04-09 02:00:00,2025-04-08 23:00:00,2025-04-09 05:00:00,NORMAL,GROUP__33014__0058,CONTROL,0.0,15.0,11.0,11.0,25.0,49.0,106.0,False
CONTROL__33014__2025100802,33014,2025-10-08 02:00:00,2025-10-07 23:00:00,2025-10-08 05:00:00,NORMAL,GROUP__33014__0058,CONTROL,0.0,0.0,0.0,0.0,0.0,0.0,0.0,True
CONTROL__T0345__2025110504,T0345,2025-11-05 04:00:00,2025-11-05 01:00:00,2025-11-05 07:00:00,NORMAL,GROUP__T0345__0003,CONTROL,6.0,13.0,12.0,58.0,205.0,518.0,981.0,False
CONTROL__T0345__2025120304,T0345,2025-12-03 04:00:00,2025-12-03 01:00:00,2025-12-03 07:00:00,NORMAL,GROUP__T0345__0003,CONTROL,5.0,8.0,8.0,62.0,222.0,552.0,971.0,False
CONTROL__7112__2025073004,7112,2025-07-30 04:00:00,2025-07-30 01:00:00,2025-07-30 07:00:00,NORMAL,GROUP__7112__0073,CONTROL,26.0,24.0,40.0,61.0,119.0,272.0,267.0,False
CONTROL__7112__2025042304,7112,2025-04-23 04:00:00,2025-04-23 01:00:00,2025-04-23 07:00:00,NORMAL,GROUP__7112__0073,CONTROL,16.0,25.0,28.0,63.0,106.0,231.0,233.0,False
CONTROL__F3FWY003__2025101509,F3FWY003,2025-10-15 09:00:00,2025-10-15 06:00:00,2025-10-15 12:00:00,NORMAL,GROUP__F3FWY003__0051,CONTROL,1381.0,1698.0,1537.0,1514.0,1716.0,1964.0,1708.0,False
CONTROL__F3FWY003__2025051409,F3FWY003,2025-05-14 09:00:00,2025-05-14 06:00:00,2025-05-14 12:00:00,NORMAL,GROUP__F3FWY003__0051,CONTROL,0.0,0.0,0.0,0.0,0.0,0.0,0.0,True
CONTROL__7161__2025040307,7161,2025-04-03 07:00:00,2025-04-03 04:00:00,2025-04-03 10:00:00,NORMAL,GROUP__7161__0034,CONTROL,7.0,24.0,21.0,22.0,27.0,22.0,22.0,False
CONTROL__7161__2025122507,7161,2025-12-25 07:00:00,2025-12-25 04:00:00,2025-12-25 10:00:00,NORMAL,GROUP__7161__0034,CONTROL,42.0,63.0,164.0,244.0,398.0,696.0,943.0,False
CONTROL__7112__2025110607,7112,2025-11-06 07:00:00,2025-11-06 04:00:00,2025-11-06 10:00:00,NORMAL,GROUP__7112__0074,CONTROL,218.0,913.0,1432.0,1362.0,1241.0,1027.0,919.0,False
CONTROL__7112__2025041707,7112,2025-04-17 07:00:00,2025-04-17 04:00:00,2025-04-17 10:00:00,NORMAL,GROUP__7112__0074,CONTROL,66.0,126.0,301.0,249.0,232.0,290.0,246.0,False
CONTROL__7112__2025022803,7112,2025-02-28 03:00:00,2025-02-28 00:00:00,2025-02-28 06:00:00,NORMAL,GROUP__7112__0075,CONTROL,0.0,0.0,0.0,0.0,0.0,0.0,0.0,True
CONTROL__7112__2025053003,7112,2025-05-30 03:00:00,2025-05-30 00:00:00,2025-05-30 06:00:00,NORMAL,GROUP__7112__0075,CONTROL,125.0,89.0,55.0,84.0,203.0,700.0,1192.0,False
CONTROL__7112__2025101703,7112,2025-10-17 03:00:00,2025-10-17 00:00:00,2025-10-17 06:00:00,NORMAL,GROUP__7112__0075,CONTROL,19.0,23.0,22.0,31.0,72.0,102.0,250.0,False
CONTROL__7112__2025050903,7112,2025-05-09 03:00:00,2025-05-09 00:00:00,2025-05-09 06:00:00,NORMAL,GROUP__7112__0075,CONTROL,0.0,0.0,0.0,0.0,0.0,0.0,0.0,True
CONTROL__7120__2025080114,7120,2025-08-01 14:00:00,2025-08-01 11:00:00,2025-08-01 17:00:00,NORMAL,GROUP__7120__0076,CONTROL,554.0,601.0,615.0,696.0,627.0,690.0,746.0,False
CONTROL__7120__2025100314,7120,2025-10-03 14:00:00,2025-10-03 11:00:00,2025-10-03 17:00:00,NORMAL,GROUP__7120__0076,CONTROL,645.0,661.0,643.0,682.0,697.0,665.0,757.0,False
CONTROL__7121__2025061314,7121,2025-06-13 14:00:00,2025-06-13 11:00:00,2025-06-13 17:00:00,NORMAL,GROUP__7121__0076,CONTROL,481.0,431.0,481.0,503.0,522.0,478.0,536.0,False
CONTROL__7121__2025082914,7121,2025-08-29 14:00:00,2025-08-29 11:00:00,2025-08-29 17:00:00,NORMAL,GROUP__7121__0076,CONTROL,477.0,545.0,515.0,520.0,525.0,486.0,626.0,False
CONTROL__7179__2025021417,7179,2025-02-14 17:00:00,2025-02-14 14:00:00,2025-02-14 20:00:00,NORMAL,GROUP__7179__0105,CONTROL,0.0,0.0,0.0,0.0,0.0,0.0,0.0,True
CONTROL__7179__2025050217,7179,2025-05-02 17:00:00,2025-05-02 14:00:00,2025-05-02 20:00:00,NORMAL,GROUP__7179__0105,CONTROL,445.0,415.0,369.0,251.0,236.0,149.0,115.0,False
CONTROL__7179__2025060617,7179,2025-06-06 17:00:00,2025-06-06 14:00:00,2025-06-06 20:00:00,NORMAL,GROUP__7179__0105,CONTROL,468.0,439.0,390.0,306.0,234.0,148.0,109.0,False
CONTROL__7179__2025013117,7179,2025-01-31 17:00:00,2025-01-31 14:00:00,2025-01-31 20:00:00,NORMAL,GROUP__7179__0105,CONTROL,0.0,0.0,0.0,0.0,0.0,0.0,0.0,True
CONTROL__7161__2025032120,7161,2025-03-21 20:00:00,2025-03-21 17:00:00,2025-03-21 23:00:00,NORMAL,GROUP__7161__0035,CONTROL,137.0,105.0,65.0,51.0,36.0,44.0,28.0,False
CONTROL__7161__2025112120,7161,2025-11-21 20:00:00,2025-11-21 17:00:00,2025-11-21 23:00:00,NORMAL,GROUP__7161__0035,CONTROL,138.0,119.0,88.0,53.0,43.0,41.0,31.0,False
CONTROL__7184__2025100401,7184,2025-10-04 01:00:00,2025-10-03 22:00:00,2025-10-04 04:00:00,NORMAL,GROUP__7184__0040,CONTROL,24.0,20.0,24.0,14.0,16.0,20.0,27.0,False
CONTROL__7184__2025040501,7184,2025-04-05 01:00:00,2025-04-04 22:00:00,2025-04-05 04:00:00,NORMAL,GROUP__7184__0040,CONTROL,15.0,9.0,281.0,200.0,131.0,109.0,0.0,False
CONTROL__7184__2025032901,7184,2025-03-29 01:00:00,2025-03-28 22:00:00,2025-03-29 04:00:00,NORMAL,GROUP__7184__0040,CONTROL,0.0,0.0,209.0,144.0,104.0,74.0,119.0,False
CONTROL__7184__2025120601,7184,2025-12-06 01:00:00,2025-12-05 22:00:00,2025-12-06 04:00:00,NORMAL,GROUP__7184__0040,CONTROL,36.0,39.0,352.0,226.0,178.0,135.0,194.0,False
CONTROL__7161__2025083004,7161,2025-08-30 04:00:00,2025-08-30 01:00:00,2025-08-30 07:00:00,NORMAL,GROUP__7161__0036,CONTROL,104.0,91.0,52.0,101.0,221.0,426.0,662.0,False
CONTROL__7161__2025070504,7161,2025-07-05 04:00:00,2025-07-05 01:00:00,2025-07-05 07:00:00,NORMAL,GROUP__7161__0036,CONTROL,100.0,76.0,64.0,92.0,195.0,380.0,607.0,False
CONTROL__33014__2025041906,33014,2025-04-19 06:00:00,2025-04-19 03:00:00,2025-04-19 09:00:00,NORMAL,GROUP__33014__0059,CONTROL,6.0,11.0,12.0,34.0,41.0,49.0,45.0,False
CONTROL__33014__2025101106,33014,2025-10-11 06:00:00,2025-10-11 03:00:00,2025-10-11 09:00:00,NORMAL,GROUP__33014__0059,CONTROL,0.0,0.0,0.0,0.0,0.0,0.0,0.0,True
CONTROL__33014__2025020106,33014,2025-02-01 06:00:00,2025-02-01 03:00:00,2025-02-01 09:00:00,NORMAL,GROUP__33014__0059,CONTROL,0.0,0.0,0.0,0.0,0.0,0.0,0.0,True
CONTROL__33014__2025100406,33014,2025-10-04 06:00:00,2025-10-04 03:00:00,2025-10-04 09:00:00,NORMAL,GROUP__33014__0059,CONTROL,0.0,0.0,0.0,0.0,0.0,0.0,0.0,True
CONTROL__7248__2025072618,7248,2025-07-26 18:00:00,2025-07-26 15:00:00,2025-07-26 21:00:00,NORMAL,GROUP__7248__0046,CONTROL,1248.0,1307.0,1140.0,1217.0,890.0,772.0,714.0,False
CONTROL__7248__2025011818,7248,2025-01-18 18:00:00,2025-01-18 15:00:00,2025-01-18 21:00:00,NORMAL,GROUP__7248__0046,CONTROL,108.0,86.0,102.0,90.0,68.0,66.0,63.0,False
CONTROL__22001__2025061418,22001,2025-06-14 18:00:00,2025-06-14 15:00:00,2025-06-14 21:00:00,NORMAL,GROUP__22001__0016,CONTROL,0.0,0.0,0.0,0.0,0.0,0.0,0.0,True
CONTROL__22001__2025030818,22001,2025-03-08 18:00:00,2025-03-08 15:00:00,2025-03-08 21:00:00,NORMAL,GROUP__22001__0016,CONTROL,1420.0,1439.0,1393.0,1004.0,904.0,1141.0,1117.0,False
CONTROL__7159__2025121404,7159,2025-12-14 04:00:00,2025-12-14 01:00:00,2025-12-14 07:00:00,NORMAL,GROUP__7159__0013,CONTROL,0.0,3.0,8.0,10.0,23.0,42.0,40.0,False
CONTROL__7159__2025012604,7159,2025-01-26 04:00:00,2025-01-26 01:00:00,2025-01-26 07:00:00,NORMAL,GROUP__7159__0013,CONTROL,29.0,23.0,9.0,7.0,20.0,43.0,51.0,False
CONTROL__7179__2025020923,7179,2025-02-09 23:00:00,2025-02-09 20:00:00,2025-02-10 02:00:00,NORMAL,GROUP__7179__0106,CONTROL,0.0,0.0,0.0,0.0,0.0,0.0,0.0,True
CONTROL__7179__2025112323,7179,2025-11-23 23:00:00,2025-11-23 20:00:00,2025-11-24 02:00:00,NORMAL,GROUP__7179__0106,CONTROL,1322.0,1304.0,1035.0,602.0,337.0,185.0,169.0,False
CONTROL__7179__2025060123,7179,2025-06-01 23:00:00,2025-06-01 20:00:00,2025-06-02 02:00:00,NORMAL,GROUP__7179__0106,CONTROL,101.0,72.0,59.0,41.0,35.0,32.0,37.0,False
CONTROL__7179__2025031623,7179,2025-03-16 23:00:00,2025-03-16 20:00:00,2025-03-17 02:00:00,NORMAL,GROUP__7179__0106,CONTROL,96.0,75.0,75.0,36.0,29.0,24.0,34.0,False
CONTROL__29005__2025081723,29005,2025-08-17 23:00:00,2025-08-17 20:00:00,2025-08-18 02:00:00,NORMAL,GROUP__29005__0029,CONTROL,90.0,64.0,56.0,41.0,37.0,34.0,32.0,False
CONTROL__29005__2025121423,29005,2025-12-14 23:00:00,2025-12-14 20:00:00,2025-12-15 02:00:00,NORMAL,GROUP__29005__0029,CONTROL,87.0,95.0,90.0,52.0,434.0,246.0,170.0,False
CONTROL__7119-PR__2025122901,7119-PR,2025-12-29 01:00:00,2025-12-28 22:00:00,2025-12-29 04:00:00,NORMAL,GROUP__7119-PR__0018,CONTROL,22.0,9.0,9.0,1.0,7.0,8.0,14.0,False
CONTROL__7119-PR__2025092901,7119-PR,2025-09-29 01:00:00,2025-09-28 22:00:00,2025-09-29 04:00:00,NORMAL,GROUP__7119-PR__0018,CONTROL,485.0,275.0,126.0,67.0,41.0,58.0,85.0,False
CONTROL__7248__2025090104,7248,2025-09-01 04:00:00,2025-09-01 01:00:00,2025-09-01 07:00:00,NORMAL,GROUP__7248__0047,CONTROL,39.0,34.0,59.0,119.0,216.0,281.0,209.0,False
CONTROL__7248__2025032404,7248,2025-03-24 04:00:00,2025-03-24 01:00:00,2025-03-24 07:00:00,NORMAL,GROUP__7248__0047,CONTROL,123.0,99.0,139.0,358.0,1169.0,1327.0,1386.0,False
CONTROL__68025__2025102706,68025,2025-10-27 06:00:00,2025-10-27 03:00:00,2025-10-27 09:00:00,NORMAL,GROUP__68025__0053,CONTROL,8.0,13.0,60.0,152.0,126.0,117.0,112.0,False
CONTROL__68025__2025011306,68025,2025-01-13 06:00:00,2025-01-13 03:00:00,2025-01-13 09:00:00,NORMAL,GROUP__68025__0053,CONTROL,77.0,111.0,426.0,782.0,941.0,1075.0,845.0,False
CONTROL__F3FWY003__2025102020,F3FWY003,2025-10-20 20:00:00,2025-10-20 17:00:00,2025-10-20 23:00:00,NORMAL,GROUP__F3FWY003__0052,CONTROL,2572.0,1670.0,978.0,652.0,539.0,398.0,263.0,False
CONTROL__F3FWY003__2025092220,F3FWY003,2025-09-22 20:00:00,2025-09-22 17:00:00,2025-09-22 23:00:00,NORMAL,GROUP__F3FWY003__0052,CONTROL,485.0,344.0,285.0,234.0,206.0,193.0,135.0,False
CONTROL__7184__2025060922,7184,2025-06-09 22:00:00,2025-06-09 19:00:00,2025-06-10 01:00:00,NORMAL,GROUP__7184__0041,CONTROL,1191.0,991.0,621.0,417.0,222.0,29.0,18.0,False
CONTROL__7184__2025101322,7184,2025-10-13 22:00:00,2025-10-13 19:00:00,2025-10-14 01:00:00,NORMAL,GROUP__7184__0041,CONTROL,1181.0,897.0,680.0,426.0,238.0,123.0,82.0,False
CONTROL__7184__2025031022,7184,2025-03-10 22:00:00,2025-03-10 19:00:00,2025-03-11 01:00:00,NORMAL,GROUP__7184__0041,CONTROL,1015.0,843.0,584.0,445.0,179.0,0.0,0.0,False
CONTROL__7184__2025063022,7184,2025-06-30 22:00:00,2025-06-30 19:00:00,2025-07-01 01:00:00,NORMAL,GROUP__7184__0041,CONTROL,1073.0,781.0,585.0,391.0,210.0,115.0,73.0,False
CONTROL__7163__2025052000,7163,2025-05-20 00:00:00,2025-05-19 21:00:00,2025-05-20 03:00:00,NORMAL,GROUP__7163__0046,CONTROL,35.0,28.0,19.0,9.0,8.0,7.0,10.0,False
CONTROL__7163__2025090900,7163,2025-09-09 00:00:00,2025-09-08 21:00:00,2025-09-09 03:00:00,NORMAL,GROUP__7163__0046,CONTROL,278.0,205.0,113.0,11.0,11.0,7.0,9.0,False
CONTROL__53004__2025051302,53004,2025-05-13 02:00:00,2025-05-12 23:00:00,2025-05-13 05:00:00,NORMAL,GROUP__53004__0055,CONTROL,283.0,60.0,27.0,19.0,40.0,197.0,720.0,False
CONTROL__53004__2025011402,53004,2025-01-14 02:00:00,2025-01-13 23:00:00,2025-01-14 05:00:00,NORMAL,GROUP__53004__0055,CONTROL,248.0,122.0,72.0,47.0,31.0,72.0,251.0,False
CONTROL__7163__2025112503,7163,2025-11-25 03:00:00,2025-11-25 00:00:00,2025-11-25 06:00:00,NORMAL,GROUP__7163__0046,CONTROL,15.0,7.0,5.0,11.0,16.0,61.0,128.0,False
CONTROL__7163__2025093003,7163,2025-09-30 03:00:00,2025-09-30 00:00:00,2025-09-30 06:00:00,NORMAL,GROUP__7163__0046,CONTROL,74.0,46.0,31.0,61.0,112.0,308.0,710.0,False
CONTROL__7275__2025092304,7275,2025-09-23 04:00:00,2025-09-23 01:00:00,2025-09-23 07:00:00,NORMAL,GROUP__7275__0006,CONTROL,55.0,37.0,56.0,142.0,535.0,1068.0,1003.0,False
CONTROL__7275__2025041504,7275,2025-04-15 04:00:00,2025-04-15 01:00:00,2025-04-15 07:00:00,NORMAL,GROUP__7275__0006,CONTROL,43.0,43.0,52.0,146.0,501.0,979.0,974.0,False
CONTROL__74230__2025091604,74230,2025-09-16 04:00:00,2025-09-16 01:00:00,2025-09-16 07:00:00,NORMAL,GROUP__74230__0028,CONTROL,13.0,3.0,16.0,24.0,126.0,264.0,343.0,False
CONTROL__74230__2025072904,74230,2025-07-29 04:00:00,2025-07-29 01:00:00,2025-07-29 07:00:00,NORMAL,GROUP__74230__0028,CONTROL,0.0,0.0,0.0,0.0,0.0,0.0,0.0,True
CONTROL__7179__2025100706,7179,2025-10-07 06:00:00,2025-10-07 03:00:00,2025-10-07 09:00:00,NORMAL,GROUP__7179__0107,CONTROL,194.0,377.0,841.0,1172.0,1393.0,1505.0,1366.0,False
CONTROL__7179__2025070106,7179,2025-07-01 06:00:00,2025-07-01 03:00:00,2025-07-01 09:00:00,NORMAL,GROUP__7179__0107,CONTROL,208.0,367.0,844.0,1203.0,1543.0,1613.0,1373.0,False
CONTROL__7120__2025070113,7120,2025-07-01 13:00:00,2025-07-01 10:00:00,2025-07-01 16:00:00,NORMAL,GROUP__7120__0077,CONTROL,86.0,81.0,89.0,81.0,58.0,49.0,49.0,False
CONTROL__7120__2025052013,7120,2025-05-20 13:00:00,2025-05-20 10:00:00,2025-05-20 16:00:00,NORMAL,GROUP__7120__0077,CONTROL,689.0,635.0,652.0,612.0,624.0,647.0,642.0,False
CONTROL__7121__2025091613,7121,2025-09-16 13:00:00,2025-09-16 10:00:00,2025-09-16 16:00:00,NORMAL,GROUP__7121__0077,CONTROL,389.0,410.0,347.0,461.0,479.0,498.0,557.0,False
CONTROL__7121__2025032513,7121,2025-03-25 13:00:00,2025-03-25 10:00:00,2025-03-25 16:00:00,NORMAL,GROUP__7121__0077,CONTROL,55.0,66.0,53.0,66.0,66.0,63.0,41.0,False
CONTROL__7120__2025021115,7120,2025-02-11 15:00:00,2025-02-11 12:00:00,2025-02-11 18:00:00,NORMAL,GROUP__7120__0077,CONTROL,0.0,0.0,0.0,0.0,0.0,0.0,0.0,True
CONTROL__7120__2025012115,7120,2025-01-21 15:00:00,2025-01-21 12:00:00,2025-01-21 18:00:00,NORMAL,GROUP__7120__0077,CONTROL,74.0,78.0,51.0,49.0,29.0,30.0,35.0,False
CONTROL__7121__2025112515,7121,2025-11-25 15:00:00,2025-11-25 12:00:00,2025-11-25 18:00:00,NORMAL,GROUP__7121__0077,CONTROL,0.0,0.0,0.0,0.0,0.0,0.0,0.0,True
CONTROL__7121__2025111115,7121,2025-11-11 15:00:00,2025-11-11 12:00:00,2025-11-11 18:00:00,NORMAL,GROUP__7121__0077,CONTROL,0.0,0.0,0.0,0.0,0.0,0.0,0.0,True
CONTROL__7184__2025092320,7184,2025-09-23 20:00:00,2025-09-23 17:00:00,2025-09-23 23:00:00,NORMAL,GROUP__7184__0042,CONTROL,227.0,126.0,71.0,53.0,33.0,25.0,31.0,False
CONTROL__7184__2025032520,7184,2025-03-25 20:00:00,2025-03-25 17:00:00,2025-03-25 23:00:00,NORMAL,GROUP__7184__0042,CONTROL,0.0,0.0,0.0,0.0,0.0,0.0,0.0,True
CONTROL__74230__2025061023,74230,2025-06-10 23:00:00,2025-06-10 20:00:00,2025-06-11 02:00:00,NORMAL,GROUP__74230__0029,CONTROL,8.0,2.0,1.0,4.0,0.0,0.0,0.0,False
CONTROL__74230__2025070823,74230,2025-07-08 23:00:00,2025-07-08 20:00:00,2025-07-09 02:00:00,NORMAL,GROUP__74230__0029,CONTROL,123.0,90.0,69.0,41.0,1.0,0.0,0.0,False
CONTROL__23067__2025111907,23067,2025-11-19 07:00:00,2025-11-19 04:00:00,2025-11-19 10:00:00,NORMAL,GROUP__23067__0046,CONTROL,1867.0,2274.0,2435.0,2342.0,1633.0,1495.0,1291.0,False
CONTROL__23067__2025121707,23067,2025-12-17 07:00:00,2025-12-17 04:00:00,2025-12-17 10:00:00,NORMAL,GROUP__23067__0046,CONTROL,59.0,88.0,117.0,118.0,0.0,0.0,0.0,False
CONTROL__F3FWY002__2025011523,F3FWY002,2025-01-15 23:00:00,2025-01-15 20:00:00,2025-01-16 02:00:00,NORMAL,GROUP__F3FWY002__0013,CONTROL,60.0,0.0,0.0,0.0,0.0,0.0,0.0,False
CONTROL__F3FWY002__2025052823,F3FWY002,2025-05-28 23:00:00,2025-05-28 20:00:00,2025-05-29 02:00:00,NORMAL,GROUP__F3FWY002__0013,CONTROL,260.0,199.0,154.0,176.0,97.0,106.0,116.0,False
CONTROL__F3FWY002__2025090323,F3FWY002,2025-09-03 23:00:00,2025-09-03 20:00:00,2025-09-04 02:00:00,NORMAL,GROUP__F3FWY002__0013,CONTROL,213.0,160.0,178.0,157.0,100.0,78.0,90.0,False
CONTROL__F3FWY002__2025102223,F3FWY002,2025-10-22 23:00:00,2025-10-22 20:00:00,2025-10-23 02:00:00,NORMAL,GROUP__F3FWY002__0013,CONTROL,284.0,71.0,122.0,177.0,0.0,0.0,0.0,False
CONTROL__7120__2025073109,7120,2025-07-31 09:00:00,2025-07-31 06:00:00,2025-07-31 12:00:00,NORMAL,GROUP__7120__0078,CONTROL,758.0,657.0,556.0,721.0,683.0,699.0,603.0,False
CONTROL__7120__2025102309,7120,2025-10-23 09:00:00,2025-10-23 06:00:00,2025-10-23 12:00:00,NORMAL,GROUP__7120__0078,CONTROL,0.0,0.0,0.0,0.0,0.0,0.0,0.0,True
CONTROL__7121__2025041009,7121,2025-04-10 09:00:00,2025-04-10 06:00:00,2025-04-10 12:00:00,NORMAL,GROUP__7121__0078,CONTROL,221.0,343.0,449.0,419.0,449.0,466.0,430.0,False
CONTROL__7121__2025013009,7121,2025-01-30 09:00:00,2025-01-30 06:00:00,2025-01-30 12:00:00,NORMAL,GROUP__7121__0078,CONTROL,22.0,26.0,45.0,38.0,41.0,57.0,39.0,False
CONTROL__10011__2025031311,10011,2025-03-13 11:00:00,2025-03-13 08:00:00,2025-03-13 14:00:00,NORMAL,GROUP__10011__0047,CONTROL,3103.0,2644.0,2228.0,2254.0,2394.0,2406.0,2637.0,False
CONTROL__10011__2025121111,10011,2025-12-11 11:00:00,2025-12-11 08:00:00,2025-12-11 14:00:00,NORMAL,GROUP__10011__0047,CONTROL,0.0,0.0,0.0,0.0,0.0,0.0,0.0,True
CONTROL__7139__2025112011,7139,2025-11-20 11:00:00,2025-11-20 08:00:00,2025-11-20 14:00:00,NORMAL,GROUP__7139__0047,CONTROL,284.0,346.0,343.0,390.0,416.0,401.0,470.0,False
CONTROL__7139__2025021311,7139,2025-02-13 11:00:00,2025-02-13 08:00:00,2025-02-13 14:00:00,NORMAL,GROUP__7139__0047,CONTROL,0.0,0.0,0.0,0.0,0.0,0.0,0.0,True
CONTROL__7248__2025121116,7248,2025-12-11 16:00:00,2025-12-11 13:00:00,2025-12-11 19:00:00,NORMAL,GROUP__7248__0048,CONTROL,786.0,858.0,840.0,1015.0,829.0,903.0,820.0,False
CONTROL__7248__2025121816,7248,2025-12-18 16:00:00,2025-12-18 13:00:00,2025-12-18 19:00:00,NORMAL,GROUP__7248__0048,CONTROL,222.0,187.0,128.0,114.0,121.0,107.0,107.0,False
CONTROL__7153__2025060609,7153,2025-06-06 09:00:00,2025-06-06 06:00:00,2025-06-06 12:00:00,NORMAL,GROUP__7153__0026,CONTROL,329.0,277.0,255.0,218.0,225.0,197.0,230.0,False
CONTROL__7153__2025080809,7153,2025-08-08 09:00:00,2025-08-08 06:00:00,2025-08-08 12:00:00,NORMAL,GROUP__7153__0026,CONTROL,339.0,302.0,231.0,249.0,267.0,220.0,187.0,False
CONTROL__50240__2025032110,50240,2025-03-21 10:00:00,2025-03-21 07:00:00,2025-03-21 13:00:00,NORMAL,GROUP__50240__0055,CONTROL,2282.0,1937.0,1969.0,1922.0,1988.0,2061.0,2362.0,False
CONTROL__50240__2025031410,50240,2025-03-14 10:00:00,2025-03-14 07:00:00,2025-03-14 13:00:00,NORMAL,GROUP__50240__0055,CONTROL,310.0,254.0,341.0,391.0,372.0,418.0,422.0,False
CONTROL__7248__2025042512,7248,2025-04-25 12:00:00,2025-04-25 09:00:00,2025-04-25 15:00:00,NORMAL,GROUP__7248__0049,CONTROL,37.0,27.0,27.0,24.0,36.0,24.0,28.0,False
CONTROL__7248__2025101712,7248,2025-10-17 12:00:00,2025-10-17 09:00:00,2025-10-17 15:00:00,NORMAL,GROUP__7248__0049,CONTROL,207.0,259.0,232.0,199.0,215.0,192.0,158.0,False
CONTROL__7120__2025091303,7120,2025-09-13 03:00:00,2025-09-13 00:00:00,2025-09-13 06:00:00,NORMAL,GROUP__7120__0079,CONTROL,16.0,3.0,6.0,6.0,20.0,38.0,59.0,False
CONTROL__7120__2025030803,7120,2025-03-08 03:00:00,2025-03-08 00:00:00,2025-03-08 06:00:00,NORMAL,GROUP__7120__0079,CONTROL,0.0,0.0,0.0,0.0,0.0,0.0,0.0,True
CONTROL__7121__2025092703,7121,2025-09-27 03:00:00,2025-09-27 00:00:00,2025-09-27 06:00:00,NORMAL,GROUP__7121__0079,CONTROL,169.0,164.0,136.0,111.0,80.0,97.0,137.0,False
CONTROL__7121__2025011803,7121,2025-01-18 03:00:00,2025-01-18 00:00:00,2025-01-18 06:00:00,NORMAL,GROUP__7121__0079,CONTROL,5.0,3.0,4.0,0.0,0.0,0.0,0.0,False
CONTROL__7120__2025082306,7120,2025-08-23 06:00:00,2025-08-23 03:00:00,2025-08-23 09:00:00,NORMAL,GROUP__7120__0079,CONTROL,162.0,174.0,327.0,525.0,553.0,632.0,707.0,False
CONTROL__7120__2025020106,7120,2025-02-01 06:00:00,2025-02-01 03:00:00,2025-02-01 09:00:00,NORMAL,GROUP__7120__0079,CONTROL,0.0,0.0,0.0,0.0,0.0,0.0,0.0,True
CONTROL__7121__2025102506,7121,2025-10-25 06:00:00,2025-10-25 03:00:00,2025-10-25 09:00:00,NORMAL,GROUP__7121__0079,CONTROL,0.0,0.0,0.0,0.0,0.0,0.0,0.0,True
CONTROL__7121__2025111506,7121,2025-11-15 06:00:00,2025-11-15 03:00:00,2025-11-15 09:00:00,NORMAL,GROUP__7121__0079,CONTROL,10.0,7.0,7.0,11.0,17.0,31.0,20.0,False
CONTROL__7132__2025031511,7132,2025-03-15 11:00:00,2025-03-15 08:00:00,2025-03-15 14:00:00,NORMAL,GROUP__7132__0029,CONTROL,1025.0,1210.0,1220.0,1252.0,1303.0,1279.0,1156.0,False
CONTROL__7132__2025032211,7132,2025-03-22 11:00:00,2025-03-22 08:00:00,2025-03-22 14:00:00,NORMAL,GROUP__7132__0029,CONTROL,0.0,0.0,0.0,0.0,0.0,0.0,0.0,True
CONTROL__7132__2025032911,7132,2025-03-29 11:00:00,2025-03-29 08:00:00,2025-03-29 14:00:00,NORMAL,GROUP__7132__0029,CONTROL,965.0,1117.0,1150.0,1111.0,1196.0,1151.0,1084.0,False
CONTROL__7132__2025083011,7132,2025-08-30 11:00:00,2025-08-30 08:00:00,2025-08-30 14:00:00,NORMAL,GROUP__7132__0029,CONTROL,60.0,64.0,0.0,38.0,53.0,29.0,43.0,False
CONTROL__29005__2025100418,29005,2025-10-04 18:00:00,2025-10-04 15:00:00,2025-10-04 21:00:00,NORMAL,GROUP__29005__0030,CONTROL,145.0,0.0,138.0,107.0,111.0,92.0,74.0,False
CONTROL__29005__2025062118,29005,2025-06-21 18:00:00,2025-06-21 15:00:00,2025-06-21 21:00:00,NORMAL,GROUP__29005__0030,CONTROL,3235.0,3223.0,2762.0,2805.0,1903.0,1682.0,1750.0,False
CONTROL__7123-PR__2025090621,7123-PR,2025-09-06 21:00:00,2025-09-06 18:00:00,2025-09-07 00:00:00,NORMAL,GROUP__7123-PR__0006,CONTROL,32.0,32.0,27.0,35.0,27.0,15.0,127.0,False
CONTROL__7123-PR__2025072621,7123-PR,2025-07-26 21:00:00,2025-07-26 18:00:00,2025-07-27 00:00:00,NORMAL,GROUP__7123-PR__0006,CONTROL,33.0,38.0,26.0,19.0,23.0,22.0,137.0,False
CONTROL__7179__2025011308,7179,2025-01-13 08:00:00,2025-01-13 05:00:00,2025-01-13 11:00:00,NORMAL,GROUP__7179__0108,CONTROL,0.0,0.0,0.0,0.0,0.0,0.0,0.0,True
CONTROL__7179__2025102708,7179,2025-10-27 08:00:00,2025-10-27 05:00:00,2025-10-27 11:00:00,NORMAL,GROUP__7179__0108,CONTROL,895.0,1336.0,1568.0,1636.0,1428.0,1346.0,1289.0,False
CONTROL__7179__2025102008,7179,2025-10-20 08:00:00,2025-10-20 05:00:00,2025-10-20 11:00:00,NORMAL,GROUP__7179__0108,CONTROL,896.0,1233.0,1608.0,1605.0,1469.0,1317.0,1344.0,False
CONTROL__7179__2025120108,7179,2025-12-01 08:00:00,2025-12-01 05:00:00,2025-12-01 11:00:00,NORMAL,GROUP__7179__0108,CONTROL,211.0,294.0,330.0,344.0,419.0,480.0,502.0,False
CONTROL__7163__2025100611,7163,2025-10-06 11:00:00,2025-10-06 08:00:00,2025-10-06 14:00:00,NORMAL,GROUP__7163__0047,CONTROL,186.0,261.0,378.0,428.0,473.0,425.0,443.0,False
CONTROL__7163__2025040711,7163,2025-04-07 11:00:00,2025-04-07 08:00:00,2025-04-07 14:00:00,NORMAL,GROUP__7163__0047,CONTROL,106.0,104.0,90.0,96.0,85.0,87.0,101.0,False
CONTROL__9849__2025042119,9849,2025-04-21 19:00:00,2025-04-21 16:00:00,2025-04-21 22:00:00,NORMAL,GROUP__9849__0009,CONTROL,15.0,11.0,11.0,7.0,10.0,8.0,4.0,False
CONTROL__9849__2025100619,9849,2025-10-06 19:00:00,2025-10-06 16:00:00,2025-10-06 22:00:00,NORMAL,GROUP__9849__0009,CONTROL,265.0,267.0,260.0,274.0,261.0,205.0,141.0,False
CONTROL__7184__2025051922,7184,2025-05-19 22:00:00,2025-05-19 19:00:00,2025-05-20 01:00:00,NORMAL,GROUP__7184__0043,CONTROL,998.0,736.0,539.0,367.0,190.0,104.0,77.0,False
CONTROL__7184__2025080422,7184,2025-08-04 22:00:00,2025-08-04 19:00:00,2025-08-05 01:00:00,NORMAL,GROUP__7184__0043,CONTROL,1065.0,811.0,632.0,421.0,186.0,122.0,71.0,False
CONTROL__7161__2025082607,7161,2025-08-26 07:00:00,2025-08-26 04:00:00,2025-08-26 10:00:00,NORMAL,GROUP__7161__0037,CONTROL,154.0,530.0,977.0,1499.0,1374.0,1068.0,893.0,False
CONTROL__7161__2025050607,7161,2025-05-06 07:00:00,2025-05-06 04:00:00,2025-05-06 10:00:00,NORMAL,GROUP__7161__0037,CONTROL,198.0,546.0,1006.0,1489.0,1466.0,1028.0,829.0,False
CONTROL__10011__2025030412,10011,2025-03-04 12:00:00,2025-03-04 09:00:00,2025-03-04 15:00:00,NORMAL,GROUP__10011__0048,CONTROL,2703.0,2109.0,2217.0,2070.0,2136.0,2347.0,2618.0,False
CONTROL__10011__2025012112,10011,2025-01-21 12:00:00,2025-01-21 09:00:00,2025-01-21 15:00:00,NORMAL,GROUP__10011__0048,CONTROL,0.0,314.0,319.0,269.0,298.0,313.0,381.0,False
CONTROL__7139__2025012112,7139,2025-01-21 12:00:00,2025-01-21 09:00:00,2025-01-21 15:00:00,NORMAL,GROUP__7139__0048,CONTROL,250.0,326.0,332.0,291.0,303.0,336.0,422.0,False
CONTROL__7139__2025061012,7139,2025-06-10 12:00:00,2025-06-10 09:00:00,2025-06-10 15:00:00,NORMAL,GROUP__7139__0048,CONTROL,2441.0,2002.0,2037.0,1950.0,2043.0,2272.0,2626.0,False
CONTROL__7161__2025112518,7161,2025-11-25 18:00:00,2025-11-25 15:00:00,2025-11-25 21:00:00,NORMAL,GROUP__7161__0038,CONTROL,1420.0,1530.0,1296.0,1433.0,884.0,680.0,580.0,False
CONTROL__7161__2025031818,7161,2025-03-18 18:00:00,2025-03-18 15:00:00,2025-03-18 21:00:00,NORMAL,GROUP__7161__0038,CONTROL,0.0,0.0,0.0,0.0,0.0,0.0,0.0,True
CONTROL__7112__2025052806,7112,2025-05-28 06:00:00,2025-05-28 03:00:00,2025-05-28 09:00:00,NORMAL,GROUP__7112__0076,CONTROL,44.0,141.0,515.0,827.0,598.0,607.0,533.0,False
CONTROL__7112__2025111206,7112,2025-11-12 06:00:00,2025-11-12 03:00:00,2025-11-12 09:00:00,NORMAL,GROUP__7112__0076,CONTROL,80.0,221.0,921.0,1537.0,1423.0,1196.0,1084.0,False
