station_id,Abs PM_x,incident_id,Abs PM_y,dt,dis,incident_dt,precipitation,weather_code,apparent_temperature,wind_gusts_10m,relative_humidity
F3FWY003,-33.560299,219468,151.192551,01/02/2025 12:58:54,0.104,2025-01-02 12:58:54,21.35,0.0,0.0,3.0,20.24753
7251,-33.874916,219979,151.155319,01/09/2025 10:07:54,0.073,2025-01-09 10:07:54,21.5,0.3,0.3,51.0,22.093534
7179,-33.817272,220424,150.962784,01/14/2025 08:22:57,0.285,2025-01-14 08:22:57,23.05,0.0,0.0,3.0,27.34808
7120,-33.886311,220471,151.217911,01/14/2025 13:00:23,0.1,2025-01-14 13:00:23,27.05,0.0,0.0,1.0,32.80914
7121,-33.886032,220471,151.218079,01/14/2025 13:00:23,0.068,2025-01-14 13:00:23,27.05,0.0,0.0,1.0,32.80914
7163,-33.865181,221512,151.171997,01/21/2025 22:58:28,0.156,2025-01-21 22:58:28,21.05,0.0,0.0,1.0,22.050192
7179,-33.817272,222027,150.962784,01/28/2025 12:44:45,0.041,2025-01-28 12:44:45,36.75,0.0,0.0,0.0,42.483707
7163,-33.865181,213593,151.171997,11/08/2024 16:56:05,0.392,2024-11-08 16:56:05,,,,,
7168,-33.798195,219440,150.897125,01/01/2025 22:51:21,0.735,2025-01-01 22:51:21,25.1,0.0,0.0,0.0,26.776712
7184,-33.772957,219943,151.135391,01/08/2025 23:51:27,0.144,2025-01-08 23:51:27,16.9,3.2,3.2,63.0,17.019337
7179,-33.817272,220200,150.962784,01/11/2025 08:36:55,0.144,2025-01-11 08:36:55,18.8,3.1,3.1,63.0,21.117722
T0085,-33.665455,220680,151.090271,01/15/2025 21:08:43,0.346,2025-01-15 21:08:43,23.3,0.4,0.4,51.0,26.603035
T0085,-33.665455,220873,151.090271,01/16/2025 21:30:18,0.346,2025-01-16 21:30:18,18.65,0.0,0.0,3.0,16.477333
7132,-33.953056,221167,151.137482,01/18/2025 11:39:27,0.722,2025-01-18 11:39:27,22.4,0.2,0.2,51.0,21.502531
51235,-33.81551,221723,151.101105,01/24/2025 02:03:22,0.034,2025-01-24 02:03:22,18.3,1.1,1.1,55.0,20.21029
7132,-33.953056,222140,151.137482,01/29/2025 08:40:23,0.729,2025-01-29 08:40:23,21.35,0.0,0.0,3.0,21.846922
F3FWY003,-33.560299,222476,151.192551,01/31/2025 16:23:46,0.02,2025-01-31 16:23:46,23.8,0.0,0.0,3.0,24.529715
7163,-33.865181,133378,151.171997,08/25/2022 19:03:22,0.594,2022-08-25 19:03:22,,,,,
7120,-33.886311,219427,151.217911,01/01/2025 15:24:32,0.413,2025-01-01 15:24:32,28.35,0.0,0.0,1.0,29.87696
7121,-33.886032,219427,151.218079,01/01/2025 15:24:32,0.385,2025-01-01 15:24:32,28.35,0.0,0.0,1.0,29.87696
F3FWY005,-33.429348,203650,151.22467,08/04/2024 15:31:40,0.414,2024-08-04 15:31:40,,,,,
7248,-33.906151,219833,151.040207,01/07/2025 18:36:37,0.237,2025-01-07 18:36:37,20.3,0.2,0.2,51.0,20.488417
9827,-33.719955,219844,151.298111,01/08/2025 05:00:20,0.154,2025-01-08 05:00:20,17.6,0.1,0.1,51.0,16.770445
51235,-33.81551,220287,151.101105,01/13/2025 00:29:00,0.765,2025-01-13 00:29:00,21.0,0.0,0.0,3.0,24.878738
29005,-33.824696,221414,151.093216,01/21/2025 06:36:35,0.246,2025-01-21 06:36:35,14.25,0.0,0.0,2.0,14.769495
23067,-33.934475,221498,151.15831,01/21/2025 16:55:07,0.214,2025-01-21 16:55:07,23.95,0.0,0.0,0.0,25.530455
10011,-33.876652,222066,151.230606,01/28/2025 16:38:37,0.105,2025-01-28 16:38:37,31.05,0.6,0.6,53.0,34.51815
7139,-33.876884,222066,151.228683,01/28/2025 16:38:37,0.075,2025-01-28 16:38:37,31.05,0.6,0.6,53.0,34.51815
33014,-33.806141,222370,151.17952,01/31/2025 07:29:35,0.749,2025-01-31 07:29:35,21.3,0.2,0.2,51.0,22.221207
7132,-33.953056,108923,151.137482,12/22/2021 08:14:50,0.261,2021-12-22 08:14:50,,,,,
9836-PR,-33.819687,219653,151.117416,01/06/2025 12:27:21,0.058,2025-01-06 12:27:21,36.4,0.0,0.0,0.0,39.394962
7119-PR,-33.817974,220419,150.981827,01/14/2025 06:46:14,0.007,2025-01-14 06:46:14,20.95,0.0,0.0,3.0,24.821665
7119-PR,-33.817974,220429,150.981827,01/14/2025 08:44:09,0.37,2025-01-14 08:44:09,23.05,0.0,0.0,3.0,27.34808
53003,-33.729225,220582,151.122208,01/15/2025 10:08:56,0.172,2025-01-15 10:08:56,27.3,0.0,0.0,0.0,32.134315
7184,-33.772957,220763,151.135391,01/16/2025 10:22:43,0.289,2025-01-16 10:22:43,20.3,0.1,0.1,51.0,19.21729
47024,-33.83889,221135,151.029022,01/18/2025 08:35:20,0.072,2025-01-18 08:35:20,19.9,1.5,1.5,61.0,19.268705
7126,-34.035271,221501,151.113007,01/21/2025 17:58:50,0.75,2025-01-21 17:58:50,23.4,0.0,0.0,0.0,24.046543
7248,-33.906151,221798,151.040207,01/24/2025 15:56:55,0.063,2025-01-24 15:56:55,24.25,0.0,0.0,2.0,25.65329
33014,-33.806141,222011,151.17952,01/28/2025 11:22:54,0.622,2025-01-28 11:22:54,35.6,0.0,0.0,0.0,38.97439
7179,-33.817272,219630,150.962784,01/06/2025 08:33:50,0.691,2025-01-06 08:33:50,25.15,0.0,0.0,0.0,26.804522
7112,-33.843338,219783,151.043411,01/07/2025 12:22:52,0.764,2025-01-07 12:22:52,20.5,0.2,0.2,51.0,20.643417
10011,-33.876652,219957,151.230606,01/09/2025 06:14:47,0.203,2025-01-09 06:14:47,18.0,0.2,0.2,51.0,19.315666
7139,-33.876884,219957,151.228683,01/09/2025 06:14:47,0.024,2025-01-09 06:14:47,18.0,0.2,0.2,51.0,19.315666
47024,-33.83889,219950,151.029022,01/09/2025 04:38:50,0.212,2025-01-09 04:38:50,17.85,0.1,0.1,51.0,19.481363
7126,-34.035271,220319,151.113007,01/13/2025 11:01:02,0.7,2025-01-13 11:01:02,26.35,0.0,0.0,0.0,30.13245
7251,-33.874916,220679,151.155319,01/15/2025 21:06:35,0.073,2025-01-15 21:06:35,25.65,0.0,0.0,3.0,29.564201
7274,-33.779202,222334,150.814102,01/30/2025 17:15:36,0.024,2025-01-30 17:15:36,24.15,0.0,0.0,3.0,26.221226
7132,-33.953056,199066,151.137482,06/19/2024 10:25:09,0.114,2024-06-19 10:25:09,,,,,
F3FWY003,-33.560299,219585,151.192551,01/04/2025 17:22:19,0.238,2025-01-04 17:22:19,25.75,0.0,0.0,1.0,26.719992
7184,-33.772957,219914,151.135391,01/08/2025 15:50:20,0.284,2025-01-08 15:50:20,18.4,1.2,1.2,55.0,17.422977
7126,-34.035271,220298,151.113007,01/13/2025 07:48:22,0.739,2025-01-13 07:48:22,20.9,0.0,0.0,2.0,22.798151
F3FWY001,-33.694206,221020,151.121323,01/17/2025 17:14:14,0.075,2025-01-17 17:14:14,20.15,0.0,0.0,3.0,17.856133
7132,-33.953056,220993,151.137482,01/17/2025 15:54:36,0.259,2025-01-17 15:54:36,21.25,0.0,0.0,3.0,16.009487
7153,-33.8651123046875,221287,151.041610717773,01/19/2025 18:16:46,0.474,2025-01-19 18:16:46,20.55,0.0,0.0,1.0,19.423367
7112,-33.843338,218451,151.043411,12/17/2024 23:08:41,0.211,2024-12-17 23:08:41,,,,,
51235,-33.81551,221452,151.101105,01/21/2025 12:05:55,0.268,2025-01-21 12:05:55,24.8,0.0,0.0,0.0,29.235126
F3FWY004,-33.496265,221662,151.187408,01/23/2025 11:45:05,0.088,2025-01-23 11:45:05,23.7,0.0,0.0,3.0,23.372478
51235,-33.81551,222498,151.101105,01/31/2025 19:26:51,0.829,2025-01-31 19:26:51,22.75,0.0,0.0,2.0,24.010548
7251,-33.874916,221343,151.155319,01/20/2025 12:12:53,0.697,2025-01-20 12:12:53,22.5,0.0,0.0,3.0,24.466766
50240,-33.796436,219811,150.987595,01/07/2025 15:46:27,0.516,2025-01-07 15:46:27,20.75,0.2,0.2,51.0,20.365215
T0231,-33.838615,220876,151.143753,01/17/2025 00:43:09,0.065,2025-01-17 00:43:09,19.5,0.1,0.1,51.0,17.311192
7251,-33.874916,219692,151.155319,01/06/2025 15:47:37,0.554,2025-01-06 15:47:37,31.35,0.0,0.0,1.0,32.384556
7153,-33.8651123046875,221731,151.041610717773,01/24/2025 06:24:23,0.016,2025-01-24 06:24:23,16.45,0.0,0.0,0.0,18.197401
23067,-33.934475,221794,151.15831,01/24/2025 15:37:30,0.253,2025-01-24 15:37:30,22.95,0.0,0.0,1.0,22.69783
10011,-33.876652,215415,151.230606,11/26/2024 12:13:44,0.15,2024-11-26 12:13:44,,,,,
7139,-33.876884,215415,151.228683,11/26/2024 12:13:44,0.328,2024-11-26 12:13:44,,,,,
F3FWY003,-33.560299,219562,151.192551,01/04/2025 11:15:01,0.59,2025-01-04 11:15:01,26.0,0.0,0.0,0.0,28.22984
7163,-33.865181,219668,151.171997,01/06/2025 14:02:34,0.369,2025-01-06 14:02:34,31.2,0.0,0.0,2.0,33.587784
7120,-33.886311,219932,151.217911,01/08/2025 21:27:35,0.631,2025-01-08 21:27:35,18.25,2.5,2.5,63.0,17.024965
7121,-33.886032,219932,151.218079,01/08/2025 21:27:35,0.603,2025-01-08 21:27:35,18.25,2.5,2.5,63.0,17.024965
7248,-33.906151,220664,151.040207,01/15/2025 19:14:57,0.031,2025-01-15 19:14:57,27.65,0.2,0.2,51.0,32.50579
53004,-33.75317,221277,151.151077,01/19/2025 14:36:32,0.414,2025-01-19 14:36:32,20.8,0.1,0.1,51.0,20.532427
7112,-33.843338,221291,151.043411,01/19/2025 20:09:22,0.13,2025-01-19 20:09:22,18.8,0.0,0.0,1.0,18.693052
7163,-33.865181,100572,151.171997,09/18/2021 09:34:53,0.246,2021-09-18 09:34:53,,,,,
22001,-33.825577,219613,151.233261,01/05/2025 16:25:33,0.497,2025-01-05 16:25:33,29.7,0.0,0.0,3.0,30.674725
F3FWY003,-33.560299,219650,151.192551,01/06/2025 11:55:57,0.699,2025-01-06 11:55:57,31.2,0.0,0.0,0.0,35.057117
50260,-33.819763,220247,151.05188,01/12/2025 08:15:56,0.176,2025-01-12 08:15:56,21.75,0.0,0.0,0.0,24.948229
7126,-34.035271,220297,151.113007,01/13/2025 07:33:43,0.691,2025-01-13 07:33:43,20.9,0.0,0.0,2.0,22.798151
7161,-33.740406,220572,151.060989,01/15/2025 08:57:08,0.005,2025-01-15 08:57:08,22.6,0.0,0.0,1.0,26.227636
10011,-33.876652,221139,151.230606,01/18/2025 08:50:06,0.095,2025-01-18 08:50:06,20.7,0.1,0.1,51.0,19.370651
7139,-33.876884,221139,151.228683,01/18/2025 08:50:06,0.106,2025-01-18 08:50:06,20.7,0.1,0.1,51.0,19.370651
34016,-33.778187,221530,151.267136,01/22/2025 08:51:50,0.316,2025-01-22 08:51:50,21.35,0.0,0.0,0.0,24.147543
53004,-33.75317,222064,151.151077,01/28/2025 16:31:03,0.771,2025-01-28 16:31:03,34.35,0.2,0.2,51.0,37.274094
50250,-33.797592,220591,150.975433,01/15/2025 11:25:06,0.173,2025-01-15 11:25:06,28.25,0.0,0.0,2.0,33.993034
7248,-33.906151,220914,151.040207,01/17/2025 11:13:13,0.385,2025-01-17 11:13:13,20.15,0.1,0.1,51.0,18.463654
F3FWY003,-33.560299,221032,151.192551,01/17/2025 18:43:44,0.75,2025-01-17 18:43:44,20.35,0.1,0.1,51.0,17.884115
F3FWY005,-33.429348,221973,151.22467,01/27/2025 21:01:59,0.942,2025-01-27 21:01:59,26.15,0.0,0.0,1.0,27.756134
7120,-33.886311,222182,151.217911,01/29/2025 11:19:47,0.146,2025-01-29 11:19:47,23.35,0.0,0.0,3.0,23.43986
7121,-33.886032,222182,151.218079,01/29/2025 11:19:47,0.153,2025-01-29 11:19:47,23.35,0.0,0.0,3.0,23.43986
23067,-33.934475,219670,151.15831,01/06/2025 14:09:15,0.568,2025-01-06 14:09:15,31.1,0.0,0.0,2.0,33.505535
7184,-33.772957,220104,151.135391,01/10/2025 12:47:34,0.428,2025-01-10 12:47:34,24.1,0.2,0.2,51.0,26.672752
7184,-33.772957,220188,151.135391,01/11/2025 02:00:20,0.33,2025-01-11 02:00:20,19.0,1.5,1.5,61.0,20.898724
68025,-33.816696,220216,150.976623,01/11/2025 13:38:27,0.099,2025-01-11 13:38:27,23.85,1.1,1.1,55.0,26.772842
51235,-33.81551,220326,151.101105,01/13/2025 11:50:05,0.658,2025-01-13 11:50:05,25.9,0.0,0.0,0.0,29.660614
51235,-33.81551,220944,151.101105,01/17/2025 13:10:03,0.041,2025-01-17 13:10:03,21.55,0.0,0.0,3.0,17.824371
33014,-33.806141,219711,151.17952,01/06/2025 18:04:45,0.572,2025-01-06 18:04:45,28.8,0.0,0.0,3.0,28.87045
51235,-33.81551,219796,151.101105,01/07/2025 13:30:50,0.756,2025-01-07 13:30:50,20.75,0.1,0.1,51.0,20.068995
7184,-33.772957,220097,151.135391,01/10/2025 12:32:39,0.253,2025-01-10 12:32:39,24.1,0.2,0.2,51.0,26.672752
7184,-33.772957,220181,151.135391,01/11/2025 00:25:52,0.246,2025-01-11 00:25:52,19.25,0.9,0.9,53.0,22.121412
7274,-33.779202,221578,150.814102,01/22/2025 17:08:58,0.451,2025-01-22 17:08:58,25.7,0.0,0.0,3.0,25.905802
7120,-33.886311,216816,151.217911,12/04/2024 13:11:47,0.518,2024-12-04 13:11:47,,,,,
7121,-33.886032,216816,151.218079,12/04/2024 13:11:47,0.484,2024-12-04 13:11:47,,,,,
7161,-33.740406,221908,151.060989,01/26/2025 17:34:25,0.163,2025-01-26 17:34:25,25.05,0.1,0.1,51.0,25.97616
7248,-33.906151,222186,151.040207,01/29/2025 11:39:13,0.08,2025-01-29 11:39:13,23.4,0.0,0.0,3.0,23.974636
51235,-33.81551,222366,151.101105,01/31/2025 06:49:01,0.32,2025-01-31 06:49:01,20.85,0.2,0.2,51.0,22.791658
33014,-33.806141,219564,151.17952,01/04/2025 11:50:23,0.586,2025-01-04 11:50:23,26.0,0.0,0.0,0.0,27.396988
7184,-33.772957,220800,151.135391,01/16/2025 14:09:50,0.289,2025-01-16 14:09:50,18.15,2.3,2.3,61.0,17.69368
F3FWY001,-33.694206,220930,151.121323,01/17/2025 12:10:54,0.434,2025-01-17 12:10:54,18.55,0.5,0.5,53.0,17.131393
F3FWY003,-33.560299,221791,151.192551,01/24/2025 15:22:55,0.951,2025-01-24 15:22:55,24.0,0.0,0.0,1.0,24.030884
7179,-33.817272,219481,150.962784,01/02/2025 14:51:18,0.202,2025-01-02 14:51:18,23.2,0.0,0.0,3.0,22.16583
7248,-33.906151,219663,151.040207,01/06/2025 13:32:13,0.451,2025-01-06 13:32:13,36.6,0.0,0.0,1.0,39.444096
7179,-33.817272,219694,150.962784,01/06/2025 15:53:04,0.173,2025-01-06 15:53:04,36.6,0.0,0.0,2.0,37.43216
7164,-33.81562,219890,150.969238,01/08/2025 13:09:48,0.061,2025-01-08 13:09:48,19.5,0.3,0.3,51.0,18.227777
7179,-33.817272,220084,150.962784,01/10/2025 09:36:32,0.154,2025-01-10 09:36:32,21.15,0.0,0.0,3.0,23.680044
7120,-33.886311,221341,151.217911,01/20/2025 11:55:48,0.005,2025-01-20 11:55:48,21.3,0.0,0.0,3.0,22.752998
7121,-33.886032,221341,151.218079,01/20/2025 11:55:48,0.035,2025-01-20 11:55:48,21.3,0.0,0.0,3.0,22.752998
F3FWY002,-33.651676,221767,151.137741,01/24/2025 12:46:55,0.08,2025-01-24 12:46:55,22.65,0.1,0.1,51.0,22.960943
7184,-33.772957,221949,151.135391,01/27/2025 15:29:31,0.015,2025-01-27 15:29:31,32.4,0.0,0.0,2.0,37.616726
7120,-33.886311,222057,151.217911,01/28/2025 15:52:55,0.026,2025-01-28 15:52:55,34.75,0.0,0.0,2.0,41.0491
7121,-33.886032,222057,151.218079,01/28/2025 15:52:55,0.06,2025-01-28 15:52:55,34.75,0.0,0.0,2.0,41.0491
7132,-33.953056,199065,151.137482,06/19/2024 10:21:49,0.139,2024-06-19 10:21:49,,,,,
7123-PR,-33.769588,219601,150.768738,01/05/2025 06:10:07,0.004,2025-01-05 06:10:07,18.7,0.0,0.0,1.0,21.05952
74230,-33.724735,220088,151.086151,01/10/2025 10:58:25,0.914,2025-01-10 10:58:25,22.25,0.2,0.2,51.0,23.909775
53004,-33.75317,220110,151.151077,01/10/2025 13:11:45,0.48,2025-01-10 13:11:45,24.5,0.1,0.1,51.0,26.607498
50240,-33.796436,220217,150.987595,01/11/2025 13:48:40,0.521,2025-01-11 13:48:40,23.45,0.4,0.4,51.0,25.697426
50240,-33.796436,220489,150.987595,01/14/2025 15:08:27,0.528,2025-01-14 15:08:27,28.7,0.2,0.2,51.0,33.609207
53003,-33.729225,220938,151.122208,01/17/2025 12:48:14,0.217,2025-01-17 12:48:14,18.55,0.5,0.5,53.0,17.131393
7112,-33.843338,221218,151.043411,01/18/2025 18:22:10,0.544,2025-01-18 18:22:10,22.55,0.4,0.4,51.0,22.915056
7248,-33.906151,221362,151.040207,01/20/2025 13:40:26,0.528,2025-01-20 13:40:26,23.6,0.0,0.0,0.0,26.541115
7112,-33.843338,221520,151.043411,01/22/2025 06:51:12,0.066,2025-01-22 06:51:12,18.05,0.0,0.0,0.0,19.978525
7112,-33.843338,221825,151.043411,01/24/2025 21:27:53,0.095,2025-01-24 21:27:53,19.65,0.0,0.0,0.0,21.136044
F3FWY006,-33.395744,221850,151.297058,01/25/2025 10:28:30,0.768,2025-01-25 10:28:30,20.9965,0.2,0.2,51.0,22.00868
F3FWY003,-33.560299,222224,151.192551,01/29/2025 15:53:47,0.791,2025-01-29 15:53:47,24.35,0.2,0.2,51.0,26.860958
22001,-33.825577,217948,151.233261,12/13/2024 13:15:24,0.64,2024-12-13 13:15:24,,,,,
9658,-33.79353,222481,151.018829,01/31/2025 16:40:44,0.502,2025-01-31 16:40:44,23.2,0.0,0.0,3.0,24.354473
F3FWY003,-33.560299,117257,151.192551,03/24/2022 13:40:57,0.824,2022-03-24 13:40:57,,,,,
7163,-33.865181,219761,151.171997,01/07/2025 09:37:05,0.627,2025-01-07 09:37:05,20.7,0.7,0.7,53.0,20.368925
23067,-33.934475,219807,151.15831,01/07/2025 15:34:41,0.214,2025-01-07 15:34:41,20.4,0.4,0.4,51.0,19.157873
F3FWY003,-33.560299,219947,151.192551,01/09/2025 00:45:58,0.113,2025-01-09 00:45:58,17.7,1.7,1.7,61.0,18.030432
68025,-33.816696,220025,150.976623,01/09/2025 15:00:15,0.695,2025-01-09 15:00:15,23.25,0.5,0.5,53.0,24.24157
7120,-33.886311,220081,151.217911,01/10/2025 09:19:44,0.072,2025-01-10 09:19:44,21.8,0.1,0.1,51.0,23.707605
7121,-33.886032,220081,151.218079,01/10/2025 09:19:44,0.045,2025-01-10 09:19:44,21.8,0.1,0.1,51.0,23.707605
23067,-33.934475,220191,151.15831,01/11/2025 03:09:38,0.495,2025-01-11 03:09:38,19.95,4.1,4.1,63.0,22.369747
7248,-33.906151,220889,151.040207,01/17/2025 08:44:46,0.528,2025-01-17 08:44:46,17.7,0.0,0.0,3.0,16.391876
68025,-33.816696,221220,150.976623,01/18/2025 18:24:51,0.535,2025-01-18 18:24:51,22.15,0.6,0.6,53.0,22.215261
10011,-33.876652,221259,151.230606,01/19/2025 10:58:18,0.259,2025-01-19 10:58:18,19.3,0.1,0.1,51.0,17.834333
7139,-33.876884,221259,151.228683,01/19/2025 10:58:18,0.108,2025-01-19 10:58:18,19.3,0.1,0.1,51.0,17.834333
7120,-33.886311,221573,151.217911,01/22/2025 16:28:17,0.022,2025-01-22 16:28:17,24.05,0.0,0.0,3.0,22.60508
7121,-33.886032,221573,151.218079,01/22/2025 16:28:17,0.017,2025-01-22 16:28:17,24.05,0.0,0.0,3.0,22.60508
7120,-33.886311,221572,151.217911,01/22/2025 16:28:04,0.236,2025-01-22 16:28:04,24.05,0.0,0.0,3.0,22.60508
7121,-33.886032,221572,151.218079,01/22/2025 16:28:04,0.235,2025-01-22 16:28:04,24.05,0.0,0.0,3.0,22.60508
55049,-33.729507,221952,151.30011,01/27/2025 16:41:47,0.821,2025-01-27 16:41:47,26.8,0.0,0.0,2.0,29.22179
7123-PR,-33.769588,222221,150.768738,01/29/2025 15:51:20,0.131,2025-01-29 15:51:20,24.35,0.0,0.0,3.0,26.344213
7112,-33.843338,222495,151.043411,01/31/2025 18:39:35,0.093,2025-01-31 18:39:35,23.45,0.0,0.0,1.0,24.587147
7132,-33.953056,98660,151.137482,08/12/2021 18:04:06,0.305,2021-08-12 18:04:06,,,,,
7163,-33.865181,98996,151.171997,08/21/2021 09:01:34,0.366,2021-08-21 09:01:34,,,,,
53004,-33.75317,220608,151.151077,01/15/2025 14:00:47,0.366,2025-01-15 14:00:47,30.8,0.0,0.0,0.0,36.948463
7251,-33.874916,219690,151.155319,01/06/2025 15:43:06,0.801,2025-01-06 15:43:06,31.35,0.0,0.0,1.0,32.384556
7120,-33.886311,221068,151.217911,01/17/2025 23:13:29,0.565,2025-01-17 23:13:29,20.1,0.1,0.1,51.0,17.543589
7121,-33.886032,221068,151.218079,01/17/2025 23:13:29,0.537,2025-01-17 23:13:29,20.1,0.1,0.1,51.0,17.543589
7132,-33.953056,221928,151.137482,01/27/2025 10:11:51,0.441,2025-01-27 10:11:51,27.15,0.0,0.0,3.0,29.479263
7159,-33.888157,221930,150.922974,01/27/2025 11:36:10,0.507,2025-01-27 11:36:10,29.85,0.0,0.0,3.0,31.965809
F3FWY003,-33.560299,219468,151.192551,01/02/2025 12:58:54,0.104,2025-01-02 12:58:54,21.35,0.0,0.0,3.0,20.24753
F3FWY003,-33.560299,219468,151.192551,01/02/2025 12:58:54,0.104,2025-01-02 12:58:54,21.35,0.0,0.0,3.0,20.24753
F3FWY003,-33.560299,219468,151.192551,01/02/2025 12:58:54,0.104,2025-01-02 12:58:54,21.35,0.0,0.0,3.0,20.24753
7251,-33.874916,219979,151.155319,01/09/2025 10:07:54,0.073,2025-01-09 10:07:54,21.5,0.3,0.3,51.0,22.093534
7179,-33.817272,220424,150.962784,01/14/2025 08:22:57,0.285,2025-01-14 08:22:57,23.05,0.0,0.0,3.0,27.34808
7120,-33.886311,220471,151.217911,01/14/2025 13:00:23,0.1,2025-01-14 13:00:23,27.05,0.0,0.0,1.0,32.80914
7121,-33.886032,220471,151.218079,01/14/2025 13:00:23,0.068,2025-01-14 13:00:23,27.05,0.0,0.0,1.0,32.80914
7120,-33.886311,220471,151.217911,01/14/2025 13:00:23,0.1,2025-01-14 13:00:23,27.05,0.0,0.0,1.0,32.80914
7121,-33.886032,220471,151.218079,01/14/2025 13:00:23,0.068,2025-01-14 13:00:23,27.05,0.0,0.0,1.0,32.80914
7163,-33.865181,221512,151.171997,01/21/2025 22:58:28,0.156,2025-01-21 22:58:28,21.05,0.0,0.0,1.0,22.050192
7179,-33.817272,222027,150.962784,01/28/2025 12:44:45,0.041,2025-01-28 12:44:45,36.75,0.0,0.0,0.0,42.483707
7179,-33.817272,222027,150.962784,01/28/2025 12:44:45,0.041,2025-01-28 12:44:45,36.75,0.0,0.0,0.0,42.483707
7179,-33.817272,222027,150.962784,01/28/2025 12:44:45,0.041,2025-01-28 12:44:45,36.75,0.0,0.0,0.0,42.483707
7163,-33.865181,213593,151.171997,11/08/2024 16:56:05,0.392,2024-11-08 16:56:05,,,,,
7163,-33.865181,213593,151.171997,11/08/2024 16:56:05,0.392,2024-11-08 16:56:05,,,,,
7163,-33.865181,213593,151.171997,11/08/2024 16:56:05,0.392,2024-11-08 16:56:05,,,,,
7163,-33.865181,213593,151.171997,11/08/2024 16:56:05,0.392,2024-11-08 16:56:05,,,,,
7168,-33.798195,219440,150.897125,01/01/2025 22:51:21,0.735,2025-01-01 22:51:21,25.1,0.0,0.0,0.0,26.776712
7184,-33.772957,219943,151.135391,01/08/2025 23:51:27,0.144,2025-01-08 23:51:27,16.9,3.2,3.2,63.0,17.019337
7184,-33.772957,219943,151.135391,01/08/2025 23:51:27,0.144,2025-01-08 23:51:27,16.9,3.2,3.2,63.0,17.019337
7179,-33.817272,220200,150.962784,01/11/2025 08:36:55,0.144,2025-01-11 08:36:55,18.8,3.1,3.1,63.0,21.117722
7179,-33.817272,220200,150.962784,01/11/2025 08:36:55,0.144,2025-01-11 08:36:55,18.8,3.1,3.1,63.0,21.117722
T0085,-33.665455,220680,151.090271,01/15/2025 21:08:43,0.346,2025-01-15 21:08:43,23.3,0.4,0.4,51.0,26.603035
T0085,-33.665455,220680,151.090271,01/15/2025 21:08:43,0.346,2025-01-15 21:08:43,23.3,0.4,0.4,51.0,26.603035
T0085,-33.665455,220873,151.090271,01/16/2025 21:30:18,0.346,2025-01-16 21:30:18,18.65,0.0,0.0,3.0,16.477333
T0085,-33.665455,220873,151.090271,01/16/2025 21:30:18,0.346,2025-01-16 21:30:18,18.65,0.0,0.0,3.0,16.477333
7132,-33.953056,221167,151.137482,01/18/2025 11:39:27,0.722,2025-01-18 11:39:27,22.4,0.2,0.2,51.0,21.502531
7132,-33.953056,221167,151.137482,01/18/2025 11:39:27,0.722,2025-01-18 11:39:27,22.4,0.2,0.2,51.0,21.502531
7132,-33.953056,221167,151.137482,01/18/2025 11:39:27,0.722,2025-01-18 11:39:27,22.4,0.2,0.2,51.0,21.502531
7132,-33.953056,221167,151.137482,01/18/2025 11:39:27,0.722,2025-01-18 11:39:27,22.4,0.2,0.2,51.0,21.502531
7132,-33.953056,221167,151.137482,01/18/2025 11:39:27,0.722,2025-01-18 11:39:27,22.4,0.2,0.2,51.0,21.502531
7132,-33.953056,221167,151.137482,01/18/2025 11:39:27,0.722,2025-01-18 11:39:27,22.4,0.2,0.2,51.0,21.502531
7132,-33.953056,221167,151.137482,01/18/2025 11:39:27,0.722,2025-01-18 11:39:27,22.4,0.2,0.2,51.0,21.502531
7132,-33.953056,221167,151.137482,01/18/2025 11:39:27,0.722,2025-01-18 11:39:27,22.4,0.2,0.2,51.0,21.502531
51235,-33.81551,221723,151.101105,01/24/2025 02:03:22,0.018,2025-01-24 02:03:22,18.3,1.1,1.1,55.0,20.21029
51235,-33.81551,221723,151.101105,01/24/2025 02:03:22,0.034,2025-01-24 02:03:22,18.3,1.1,1.1,55.0,20.21029
51235,-33.81551,221723,151.101105,01/24/2025 02:03:22,0.034,2025-01-24 02:03:22,18.3,1.1,1.1,55.0,20.21029
51235,-33.81551,221723,151.101105,01/24/2025 02:03:22,0.034,2025-01-24 02:03:22,18.3,1.1,1.1,55.0,20.21029
51235,-33.81551,221723,151.101105,01/24/2025 02:03:22,0.034,2025-01-24 02:03:22,18.3,1.1,1.1,55.0,20.21029
7132,-33.953056,222140,151.137482,01/29/2025 08:40:23,0.729,2025-01-29 08:40:23,21.35,0.0,0.0,3.0,21.846922
F3FWY003,-33.560299,222476,151.192551,01/31/2025 16:23:46,0.02,2025-01-31 16:23:46,23.8,0.0,0.0,3.0,24.529715
F3FWY003,-33.560299,222476,151.192551,01/31/2025 16:23:46,0.02,2025-01-31 16:23:46,23.8,0.0,0.0,3.0,24.529715
F3FWY003,-33.560299,222476,151.192551,01/31/2025 16:23:46,0.02,2025-01-31 16:23:46,23.8,0.0,0.0,3.0,24.529715
F3FWY003,-33.560299,222476,151.192551,01/31/2025 16:23:46,0.02,2025-01-31 16:23:46,23.8,0.0,0.0,3.0,24.529715
7163,-33.865181,133378,151.171997,08/25/2022 19:03:22,0.673,2022-08-25 19:03:22,,,,,
7163,-33.865181,133378,151.171997,08/25/2022 19:03:22,0.673,2022-08-25 19:03:22,,,,,
7163,-33.865181,133378,151.171997,08/25/2022 19:03:22,0.673,2022-08-25 19:03:22,,,,,
7163,-33.865181,133378,151.171997,08/25/2022 19:03:22,0.673,2022-08-25 19:03:22,,,,,
7163,-33.865181,133378,151.171997,08/25/2022 19:03:22,0.479,2022-08-25 19:03:22,,,,,
7163,-33.865181,133378,151.171997,08/25/2022 19:03:22,0.479,2022-08-25 19:03:22,,,,,
7163,-33.865181,133378,151.171997,08/25/2022 19:03:22,0.479,2022-08-25 19:03:22,,,,,
7163,-33.865181,133378,151.171997,08/25/2022 19:03:22,0.594,2022-08-25 19:03:22,,,,,
F3FWY005,-33.429348,203650,151.22467,08/04/2024 15:31:40,0.352,2024-08-04 15:31:40,,,,,
F3FWY005,-33.429348,203650,151.22467,08/04/2024 15:31:40,0.352,2024-08-04 15:31:40,,,,,
F3FWY005,-33.429348,203650,151.22467,08/04/2024 15:31:40,0.352,2024-08-04 15:31:40,,,,,
F3FWY005,-33.429348,203650,151.22467,08/04/2024 15:31:40,0.352,2024-08-04 15:31:40,,,,,
F3FWY005,-33.429348,203650,151.22467,08/04/2024 15:31:40,0.352,2024-08-04 15:31:40,,,,,
F3FWY005,-33.429348,203650,151.22467,08/04/2024 15:31:40,0.352,2024-08-04 15:31:40,,,,,
F3FWY005,-33.429348,203650,151.22467,08/04/2024 15:31:40,0.414,2024-08-04 15:31:40,,,,,
F3FWY005,-33.429348,203650,151.22467,08/04/2024 15:31:40,0.414,2024-08-04 15:31:40,,,,,
F3FWY005,-33.429348,203650,151.22467,08/04/2024 15:31:40,0.414,2024-08-04 15:31:40,,,,,
F3FWY005,-33.429348,203650,151.22467,08/04/2024 15:31:40,0.414,2024-08-04 15:31:40,,,,,
F3FWY005,-33.429348,203650,151.22467,08/04/2024 15:31:40,0.414,2024-08-04 15:31:40,,,,,
F3FWY005,-33.429348,203650,151.22467,08/04/2024 15:31:40,0.414,2024-08-04 15:31:40,,,,,
7120,-33.886311,219427,151.217911,01/01/2025 15:24:32,0.413,2025-01-01 15:24:32,28.35,0.0,0.0,1.0,29.87696
7121,-33.886032,219427,151.218079,01/01/2025 15:24:32,0.385,2025-01-01 15:24:32,28.35,0.0,0.0,1.0,29.87696
7120,-33.886311,219427,151.217911,01/01/2025 15:24:32,0.413,2025-01-01 15:24:32,28.35,0.0,0.0,1.0,29.87696
7121,-33.886032,219427,151.218079,01/01/2025 15:24:32,0.385,2025-01-01 15:24:32,28.35,0.0,0.0,1.0,29.87696
7120,-33.886311,219427,151.217911,01/01/2025 15:24:32,0.413,2025-01-01 15:24:32,28.35,0.0,0.0,1.0,29.87696
7121,-33.886032,219427,151.218079,01/01/2025 15:24:32,0.385,2025-01-01 15:24:32,28.35,0.0,0.0,1.0,29.87696
7120,-33.886311,219427,151.217911,01/01/2025 15:24:32,0.413,2025-01-01 15:24:32,28.35,0.0,0.0,1.0,29.87696
7121,-33.886032,219427,151.218079,01/01/2025 15:24:32,0.385,2025-01-01 15:24:32,28.35,0.0,0.0,1.0,29.87696
7120,-33.886311,219427,151.217911,01/01/2025 15:24:32,0.413,2025-01-01 15:24:32,28.35,0.0,0.0,1.0,29.87696
7121,-33.886032,219427,151.218079,01/01/2025 15:24:32,0.385,2025-01-01 15:24:32,28.35,0.0,0.0,1.0,29.87696
7248,-33.906151,219833,151.040207,01/07/2025 18:36:37,0.237,2025-01-07 18:36:37,20.3,0.2,0.2,51.0,20.488417
7248,-33.906151,219833,151.040207,01/07/2025 18:36:37,0.237,2025-01-07 18:36:37,20.3,0.2,0.2,51.0,20.488417
9827,-33.719955,219844,151.298111,01/08/2025 05:00:20,0.154,2025-01-08 05:00:20,17.6,0.1,0.1,51.0,16.770445
9827,-33.719955,219844,151.298111,01/08/2025 05:00:20,0.154,2025-01-08 05:00:20,17.6,0.1,0.1,51.0,16.770445
51235,-33.81551,220287,151.101105,01/13/2025 00:29:00,0.765,2025-01-13 00:29:00,21.0,0.0,0.0,3.0,24.878738
51235,-33.81551,220287,151.101105,01/13/2025 00:29:00,0.765,2025-01-13 00:29:00,21.0,0.0,0.0,3.0,24.878738
7251,-33.874916,221180,151.155319,01/18/2025 12:44:12,0.225,2025-01-18 12:44:12,22.8,0.3,0.3,51.0,22.31731
7251,-33.874916,221180,151.155319,01/18/2025 12:44:12,0.225,2025-01-18 12:44:12,22.8,0.3,0.3,51.0,22.31731
7251,-33.874916,221180,151.155319,01/18/2025 12:44:12,0.225,2025-01-18 12:44:12,22.8,0.3,0.3,51.0,22.31731
7251,-33.874916,221180,151.155319,01/18/2025 12:44:12,0.225,2025-01-18 12:44:12,22.8,0.3,0.3,51.0,22.31731
7251,-33.874916,221180,151.155319,01/18/2025 12:44:12,0.225,2025-01-18 12:44:12,22.8,0.3,0.3,51.0,22.31731
7251,-33.874916,221180,151.155319,01/18/2025 12:44:12,0.225,2025-01-18 12:44:12,22.8,0.3,0.3,51.0,22.31731
29005,-33.824696,221414,151.093216,01/21/2025 06:36:35,0.224,2025-01-21 06:36:35,14.25,0.0,0.0,2.0,14.769495
29005,-33.824696,221414,151.093216,01/21/2025 06:36:35,0.246,2025-01-21 06:36:35,14.25,0.0,0.0,2.0,14.769495
23067,-33.934475,221498,151.15831,01/21/2025 16:55:07,0.214,2025-01-21 16:55:07,23.95,0.0,0.0,0.0,25.530455
10011,-33.876652,222066,151.230606,01/28/2025 16:38:37,0.105,2025-01-28 16:38:37,31.05,0.6,0.6,53.0,34.51815
7139,-33.876884,222066,151.228683,01/28/2025 16:38:37,0.075,2025-01-28 16:38:37,31.05,0.6,0.6,53.0,34.51815
10011,-33.876652,222066,151.230606,01/28/2025 16:38:37,0.105,2025-01-28 16:38:37,31.05,0.6,0.6,53.0,34.51815
7139,-33.876884,222066,151.228683,01/28/2025 16:38:37,0.075,2025-01-28 16:38:37,31.05,0.6,0.6,53.0,34.51815
10011,-33.876652,222066,151.230606,01/28/2025 16:38:37,0.105,2025-01-28 16:38:37,31.05,0.6,0.6,53.0,34.51815
7139,-33.876884,222066,151.228683,01/28/2025 16:38:37,0.075,2025-01-28 16:38:37,31.05,0.6,0.6,53.0,34.51815
10011,-33.876652,222066,151.230606,01/28/2025 16:38:37,0.105,2025-01-28 16:38:37,31.05,0.6,0.6,53.0,34.51815
7139,-33.876884,222066,151.228683,01/28/2025 16:38:37,0.075,2025-01-28 16:38:37,31.05,0.6,0.6,53.0,34.51815
33014,-33.806141,222370,151.17952,01/31/2025 07:29:35,0.749,2025-01-31 07:29:35,21.3,0.2,0.2,51.0,22.221207
53003,-33.729225,107449,151.122208,12/16/2021 05:25:23,0.769,2021-12-16 05:25:23,,,,,
53003,-33.729225,107449,151.122208,12/16/2021 05:25:23,0.769,2021-12-16 05:25:23,,,,,
53003,-33.729225,107449,151.122208,12/16/2021 05:25:23,0.769,2021-12-16 05:25:23,,,,,
53003,-33.729225,107449,151.122208,12/16/2021 05:25:23,0.769,2021-12-16 05:25:23,,,,,
9836-PR,-33.819687,219653,151.117416,01/06/2025 12:27:21,0.085,2025-01-06 12:27:21,36.4,0.0,0.0,0.0,39.394962
9836-PR,-33.819687,219653,151.117416,01/06/2025 12:27:21,0.085,2025-01-06 12:27:21,36.4,0.0,0.0,0.0,39.394962
9836-PR,-33.819687,219653,151.117416,01/06/2025 12:27:21,0.085,2025-01-06 12:27:21,36.4,0.0,0.0,0.0,39.394962
9836-PR,-33.819687,219653,151.117416,01/06/2025 12:27:21,0.085,2025-01-06 12:27:21,36.4,0.0,0.0,0.0,39.394962
9836-PR,-33.819687,219653,151.117416,01/06/2025 12:27:21,0.058,2025-01-06 12:27:21,36.4,0.0,0.0,0.0,39.394962
9836-PR,-33.819687,219653,151.117416,01/06/2025 12:27:21,0.058,2025-01-06 12:27:21,36.4,0.0,0.0,0.0,39.394962
7119-PR,-33.817974,220419,150.981827,01/14/2025 06:46:14,0.007,2025-01-14 06:46:14,20.95,0.0,0.0,3.0,24.821665
7119-PR,-33.817974,220419,150.981827,01/14/2025 06:46:14,0.007,2025-01-14 06:46:14,20.95,0.0,0.0,3.0,24.821665
7119-PR,-33.817974,220419,150.981827,01/14/2025 06:46:14,0.007,2025-01-14 06:46:14,20.95,0.0,0.0,3.0,24.821665
7119-PR,-33.817974,220429,150.981827,01/14/2025 08:44:09,0.37,2025-01-14 08:44:09,23.05,0.0,0.0,3.0,27.34808
7119-PR,-33.817974,220429,150.981827,01/14/2025 08:44:09,0.37,2025-01-14 08:44:09,23.05,0.0,0.0,3.0,27.34808
7119-PR,-33.817974,220429,150.981827,01/14/2025 08:44:09,0.37,2025-01-14 08:44:09,23.05,0.0,0.0,3.0,27.34808
7119-PR,-33.817974,220429,150.981827,01/14/2025 08:44:09,0.37,2025-01-14 08:44:09,23.05,0.0,0.0,3.0,27.34808
7119-PR,-33.817974,220429,150.981827,01/14/2025 08:44:09,0.37,2025-01-14 08:44:09,23.05,0.0,0.0,3.0,27.34808
53003,-33.729225,220582,151.122208,01/15/2025 10:08:56,0.172,2025-01-15 10:08:56,27.3,0.0,0.0,0.0,32.134315
7184,-33.772957,220763,151.135391,01/16/2025 10:22:43,0.289,2025-01-16 10:22:43,20.3,0.1,0.1,51.0,19.21729
7184,-33.772957,220763,151.135391,01/16/2025 10:22:43,0.289,2025-01-16 10:22:43,20.3,0.1,0.1,51.0,19.21729
7184,-33.772957,220763,151.135391,01/16/2025 10:22:43,0.289,2025-01-16 10:22:43,20.3,0.1,0.1,51.0,19.21729
47024,-33.83889,221135,151.029022,01/18/2025 08:35:20,0.072,2025-01-18 08:35:20,19.9,1.5,1.5,61.0,19.268705
47024,-33.83889,221135,151.029022,01/18/2025 08:35:20,0.072,2025-01-18 08:35:20,19.9,1.5,1.5,61.0,19.268705
7126,-34.035271,221501,151.113007,01/21/2025 17:58:50,0.75,2025-01-21 17:58:50,23.4,0.0,0.0,0.0,24.046543
7126,-34.035271,221501,151.113007,01/21/2025 17:58:50,0.75,2025-01-21 17:58:50,23.4,0.0,0.0,0.0,24.046543
7126,-34.035271,221501,151.113007,01/21/2025 17:58:50,0.75,2025-01-21 17:58:50,23.4,0.0,0.0,0.0,24.046543
7248,-33.906151,221798,151.040207,01/24/2025 15:56:55,0.063,2025-01-24 15:56:55,24.25,0.0,0.0,2.0,25.65329
7248,-33.906151,221798,151.040207,01/24/2025 15:56:55,0.063,2025-01-24 15:56:55,24.25,0.0,0.0,2.0,25.65329
F3FWY003,-33.560299,221823,151.192551,01/24/2025 20:27:24,0.197,2025-01-24 20:27:24,19.75,0.0,0.0,0.0,20.215424
F3FWY003,-33.560299,221823,151.192551,01/24/2025 20:27:24,0.197,2025-01-24 20:27:24,19.75,0.0,0.0,0.0,20.215424
33014,-33.806141,222011,151.17952,01/28/2025 11:22:54,0.622,2025-01-28 11:22:54,35.6,0.0,0.0,0.0,38.97439
7132,-33.953056,199066,151.137482,06/19/2024 10:25:09,0.114,2024-06-19 10:25:09,,,,,
7132,-33.953056,199066,151.137482,06/19/2024 10:25:09,0.114,2024-06-19 10:25:09,,,,,
7132,-33.953056,199066,151.137482,06/19/2024 10:25:09,0.114,2024-06-19 10:25:09,,,,,
7164,-33.81562,219630,150.969238,01/06/2025 08:33:50,0.27,2025-01-06 08:33:50,25.15,0.0,0.0,0.0,26.804522
7164,-33.81562,219630,150.969238,01/06/2025 08:33:50,0.27,2025-01-06 08:33:50,25.15,0.0,0.0,0.0,26.804522
68025,-33.816696,219630,150.976623,01/06/2025 08:33:50,0.376,2025-01-06 08:33:50,25.15,0.0,0.0,0.0,26.804522
68025,-33.816696,219630,150.976623,01/06/2025 08:33:50,0.376,2025-01-06 08:33:50,25.15,0.0,0.0,0.0,26.804522
7179,-33.817272,219630,150.962784,01/06/2025 08:33:50,0.574,2025-01-06 08:33:50,25.15,0.0,0.0,0.0,26.804522
7179,-33.817272,219630,150.962784,01/06/2025 08:33:50,0.691,2025-01-06 08:33:50,25.15,0.0,0.0,0.0,26.804522
7112,-33.843338,219783,151.043411,01/07/2025 12:22:52,0.764,2025-01-07 12:22:52,20.5,0.2,0.2,51.0,20.643417
7112,-33.843338,219783,151.043411,01/07/2025 12:22:52,0.764,2025-01-07 12:22:52,20.5,0.2,0.2,51.0,20.643417
47024,-33.83889,219950,151.029022,01/09/2025 04:38:50,0.212,2025-01-09 04:38:50,17.85,0.1,0.1,51.0,19.481363
47024,-33.83889,219950,151.029022,01/09/2025 04:38:50,0.212,2025-01-09 04:38:50,17.85,0.1,0.1,51.0,19.481363
47024,-33.83889,219950,151.029022,01/09/2025 04:38:50,0.212,2025-01-09 04:38:50,17.85,0.1,0.1,51.0,19.481363
47024,-33.83889,219950,151.029022,01/09/2025 04:38:50,0.212,2025-01-09 04:38:50,17.85,0.1,0.1,51.0,19.481363
10011,-33.876652,219957,151.230606,01/09/2025 06:14:47,0.203,2025-01-09 06:14:47,18.0,0.2,0.2,51.0,19.315666
7139,-33.876884,219957,151.228683,01/09/2025 06:14:47,0.024,2025-01-09 06:14:47,18.0,0.2,0.2,51.0,19.315666
47024,-33.83889,219950,151.029022,01/09/2025 04:38:50,0.212,2025-01-09 04:38:50,17.85,0.1,0.1,51.0,19.481363
47024,-33.83889,219950,151.029022,01/09/2025 04:38:50,0.212,2025-01-09 04:38:50,17.85,0.1,0.1,51.0,19.481363
47024,-33.83889,219950,151.029022,01/09/2025 04:38:50,0.212,2025-01-09 04:38:50,17.85,0.1,0.1,51.0,19.481363
47024,-33.83889,219950,151.029022,01/09/2025 04:38:50,0.212,2025-01-09 04:38:50,17.85,0.1,0.1,51.0,19.481363
47024,-33.83889,219950,151.029022,01/09/2025 04:38:50,0.212,2025-01-09 04:38:50,17.85,0.1,0.1,51.0,19.481363
47024,-33.83889,219950,151.029022,01/09/2025 04:38:50,0.212,2025-01-09 04:38:50,17.85,0.1,0.1,51.0,19.481363
47024,-33.83889,219950,151.029022,01/09/2025 04:38:50,0.212,2025-01-09 04:38:50,17.85,0.1,0.1,51.0,19.481363
47024,-33.83889,219950,151.029022,01/09/2025 04:38:50,0.212,2025-01-09 04:38:50,17.85,0.1,0.1,51.0,19.481363
47024,-33.83889,219950,151.029022,01/09/2025 04:38:50,0.212,2025-01-09 04:38:50,17.85,0.1,0.1,51.0,19.481363
47024,-33.83889,219950,151.029022,01/09/2025 04:38:50,0.212,2025-01-09 04:38:50,17.85,0.1,0.1,51.0,19.481363
47024,-33.83889,219950,151.029022,01/09/2025 04:38:50,0.212,2025-01-09 04:38:50,17.85,0.1,0.1,51.0,19.481363
47024,-33.83889,219950,151.029022,01/09/2025 04:38:50,0.212,2025-01-09 04:38:50,17.85,0.1,0.1,51.0,19.481363
7126,-34.035271,220319,151.113007,01/13/2025 11:01:02,0.7,2025-01-13 11:01:02,26.35,0.0,0.0,0.0,30.13245
7251,-33.874916,220679,151.155319,01/15/2025 21:06:35,0.073,2025-01-15 21:06:35,25.65,0.0,0.0,3.0,29.564201
7274,-33.779202,222334,150.814102,01/30/2025 17:15:36,0.024,2025-01-30 17:15:36,24.15,0.0,0.0,3.0,26.221226
7274,-33.779202,222334,150.814102,01/30/2025 17:15:36,0.024,2025-01-30 17:15:36,24.15,0.0,0.0,3.0,26.221226
7132,-33.953056,199066,151.137482,06/19/2024 10:25:09,0.114,2024-06-19 10:25:09,,,,,
7112,-33.843338,218451,151.043411,12/17/2024 23:08:41,0.211,2024-12-17 23:08:41,,,,,
F3FWY003,-33.560299,219585,151.192551,01/04/2025 17:22:19,0.238,2025-01-04 17:22:19,25.75,0.0,0.0,1.0,26.719992
7184,-33.772957,219914,151.135391,01/08/2025 15:50:20,0.284,2025-01-08 15:50:20,18.4,1.2,1.2,55.0,17.422977
7126,-34.035271,220298,151.113007,01/13/2025 07:48:22,0.739,2025-01-13 07:48:22,20.9,0.0,0.0,2.0,22.798151
7132,-33.953056,220993,151.137482,01/17/2025 15:54:36,0.021,2025-01-17 15:54:36,21.25,0.0,0.0,3.0,16.009487
7132,-33.953056,220993,151.137482,01/17/2025 15:54:36,0.207,2025-01-17 15:54:36,21.25,0.0,0.0,3.0,16.009487
7132,-33.953056,220993,151.137482,01/17/2025 15:54:36,0.453,2025-01-17 15:54:36,21.25,0.0,0.0,3.0,16.009487
F3FWY001,-33.694206,221020,151.121323,01/17/2025 17:14:14,0.075,2025-01-17 17:14:14,20.15,0.0,0.0,3.0,17.856133
7132,-33.953056,220993,151.137482,01/17/2025 15:54:36,0.259,2025-01-17 15:54:36,21.25,0.0,0.0,3.0,16.009487
7153,-33.8651123046875,221287,151.041610717773,01/19/2025 18:16:46,0.14,2025-01-19 18:16:46,20.55,0.0,0.0,1.0,19.423367
7153,-33.8651123046875,221287,151.041610717773,01/19/2025 18:16:46,0.474,2025-01-19 18:16:46,20.55,0.0,0.0,1.0,19.423367
7153,-33.8651123046875,221287,151.041610717773,01/19/2025 18:16:46,0.474,2025-01-19 18:16:46,20.55,0.0,0.0,1.0,19.423367
7251,-33.874916,221343,151.155319,01/20/2025 12:12:53,0.697,2025-01-20 12:12:53,22.5,0.0,0.0,3.0,24.466766
7251,-33.874916,221343,151.155319,01/20/2025 12:12:53,0.697,2025-01-20 12:12:53,22.5,0.0,0.0,3.0,24.466766
51235,-33.81551,221452,151.101105,01/21/2025 12:05:55,0.268,2025-01-21 12:05:55,24.8,0.0,0.0,0.0,29.235126
51235,-33.81551,221452,151.101105,01/21/2025 12:05:55,0.268,2025-01-21 12:05:55,24.8,0.0,0.0,0.0,29.235126
F3FWY004,-33.496265,221662,151.187408,01/23/2025 11:45:05,0.088,2025-01-23 11:45:05,23.7,0.0,0.0,3.0,23.372478
51235,-33.81551,222498,151.101105,01/31/2025 19:26:51,0.829,2025-01-31 19:26:51,22.75,0.0,0.0,2.0,24.010548
51235,-33.81551,222498,151.101105,01/31/2025 19:26:51,0.829,2025-01-31 19:26:51,22.75,0.0,0.0,2.0,24.010548
7251,-33.874916,219692,151.155319,01/06/2025 15:47:37,0.554,2025-01-06 15:47:37,31.35,0.0,0.0,1.0,32.384556
50240,-33.796436,219811,150.987595,01/07/2025 15:46:27,0.372,2025-01-07 15:46:27,20.75,0.2,0.2,51.0,20.365215
T0231,-33.838615,220876,151.143753,01/17/2025 00:43:09,0.065,2025-01-17 00:43:09,19.5,0.1,0.1,51.0,17.311192
T0231,-33.838615,220876,151.143753,01/17/2025 00:43:09,0.065,2025-01-17 00:43:09,19.5,0.1,0.1,51.0,17.311192
T0231,-33.838615,220876,151.143753,01/17/2025 00:43:09,0.065,2025-01-17 00:43:09,19.5,0.1,0.1,51.0,17.311192
T0231,-33.838615,220876,151.143753,01/17/2025 00:43:09,0.065,2025-01-17 00:43:09,19.5,0.1,0.1,51.0,17.311192
7153,-33.8651123046875,221731,151.041610717773,01/24/2025 06:24:23,0.016,2025-01-24 06:24:23,16.45,0.0,0.0,0.0,18.197401
7153,-33.8651123046875,221731,151.041610717773,01/24/2025 06:24:23,0.016,2025-01-24 06:24:23,16.45,0.0,0.0,0.0,18.197401
7153,-33.8651123046875,221731,151.041610717773,01/24/2025 06:24:23,0.016,2025-01-24 06:24:23,16.45,0.0,0.0,0.0,18.197401
7153,-33.8651123046875,221731,151.041610717773,01/24/2025 06:24:23,0.016,2025-01-24 06:24:23,16.45,0.0,0.0,0.0,18.197401
7153,-33.8651123046875,221731,151.041610717773,01/24/2025 06:24:23,0.016,2025-01-24 06:24:23,16.45,0.0,0.0,0.0,18.197401
7153,-33.8651123046875,221731,151.041610717773,01/24/2025 06:24:23,0.016,2025-01-24 06:24:23,16.45,0.0,0.0,0.0,18.197401
7153,-33.8651123046875,221731,151.041610717773,01/24/2025 06:24:23,0.016,2025-01-24 06:24:23,16.45,0.0,0.0,0.0,18.197401
23067,-33.934475,221794,151.15831,01/24/2025 15:37:30,0.253,2025-01-24 15:37:30,22.95,0.0,0.0,1.0,22.69783
10011,-33.876652,215415,151.230606,11/26/2024 12:13:44,0.15,2024-11-26 12:13:44,,,,,
7139,-33.876884,215415,151.228683,11/26/2024 12:13:44,0.328,2024-11-26 12:13:44,,,,,
10011,-33.876652,215415,151.230606,11/26/2024 12:13:44,0.15,2024-11-26 12:13:44,,,,,
7139,-33.876884,215415,151.228683,11/26/2024 12:13:44,0.328,2024-11-26 12:13:44,,,,,
10011,-33.876652,215415,151.230606,11/26/2024 12:13:44,0.15,2024-11-26 12:13:44,,,,,
7139,-33.876884,215415,151.228683,11/26/2024 12:13:44,0.328,2024-11-26 12:13:44,,,,,
10011,-33.876652,215415,151.230606,11/26/2024 12:13:44,0.15,2024-11-26 12:13:44,,,,,
7139,-33.876884,215415,151.228683,11/26/2024 12:13:44,0.328,2024-11-26 12:13:44,,,,,
F3FWY003,-33.560299,219562,151.192551,01/04/2025 11:15:01,0.59,2025-01-04 11:15:01,26.0,0.0,0.0,0.0,28.22984
F3FWY003,-33.560299,219562,151.192551,01/04/2025 11:15:01,0.59,2025-01-04 11:15:01,26.0,0.0,0.0,0.0,28.22984
7163,-33.865181,219668,151.171997,01/06/2025 14:02:34,0.369,2025-01-06 14:02:34,31.2,0.0,0.0,2.0,33.587784
7120,-33.886311,219932,151.217911,01/08/2025 21:27:35,0.631,2025-01-08 21:27:35,18.25,2.5,2.5,63.0,17.024965
7121,-33.886032,219932,151.218079,01/08/2025 21:27:35,0.603,2025-01-08 21:27:35,18.25,2.5,2.5,63.0,17.024965
7120,-33.886311,219932,151.217911,01/08/2025 21:27:35,0.631,2025-01-08 21:27:35,18.25,2.5,2.5,63.0,17.024965
7121,-33.886032,219932,151.218079,01/08/2025 21:27:35,0.603,2025-01-08 21:27:35,18.25,2.5,2.5,63.0,17.024965
68025,-33.816696,220005,150.976623,01/09/2025 12:26:05,0.695,2025-01-09 12:26:05,22.05,0.1,0.1,51.0,22.430977
68025,-33.816696,220005,150.976623,01/09/2025 12:26:05,0.695,2025-01-09 12:26:05,22.05,0.1,0.1,51.0,22.430977
7248,-33.906151,220664,151.040207,01/15/2025 19:14:57,0.031,2025-01-15 19:14:57,27.65,0.2,0.2,51.0,32.50579
53004,-33.75317,221277,151.151077,01/19/2025 14:36:32,0.414,2025-01-19 14:36:32,20.8,0.1,0.1,51.0,20.532427
7112,-33.843338,221291,151.043411,01/19/2025 20:09:22,0.13,2025-01-19 20:09:22,18.8,0.0,0.0,1.0,18.693052
7163,-33.865181,100572,151.171997,09/18/2021 09:34:53,0.362,2021-09-18 09:34:53,,,,,
7163,-33.865181,100572,151.171997,09/18/2021 09:34:53,0.246,2021-09-18 09:34:53,,,,,
7163,-33.865181,100572,151.171997,09/18/2021 09:34:53,0.246,2021-09-18 09:34:53,,,,,
7163,-33.865181,100572,151.171997,09/18/2021 09:34:53,0.246,2021-09-18 09:34:53,,,,,
7163,-33.865181,100572,151.171997,09/18/2021 09:34:53,0.246,2021-09-18 09:34:53,,,,,
7112,-33.843338,201798,151.043411,07/15/2024 15:38:25,0.032,2024-07-15 15:38:25,,,,,
7112,-33.843338,201798,151.043411,07/15/2024 15:38:25,0.032,2024-07-15 15:38:25,,,,,
7112,-33.843338,201798,151.043411,07/15/2024 15:38:25,0.032,2024-07-15 15:38:25,,,,,
7112,-33.843338,201798,151.043411,07/15/2024 15:38:25,0.032,2024-07-15 15:38:25,,,,,
22001,-33.825577,219613,151.233261,01/05/2025 16:25:33,0.497,2025-01-05 16:25:33,29.7,0.0,0.0,3.0,30.674725
F3FWY003,-33.560299,219650,151.192551,01/06/2025 11:55:57,0.699,2025-01-06 11:55:57,31.2,0.0,0.0,0.0,35.057117
F3FWY003,-33.560299,219650,151.192551,01/06/2025 11:55:57,0.699,2025-01-06 11:55:57,31.2,0.0,0.0,0.0,35.057117
F3FWY003,-33.560299,219650,151.192551,01/06/2025 11:55:57,0.699,2025-01-06 11:55:57,31.2,0.0,0.0,0.0,35.057117
F3FWY003,-33.560299,219650,151.192551,01/06/2025 11:55:57,0.699,2025-01-06 11:55:57,31.2,0.0,0.0,0.0,35.057117
7126,-34.035271,220170,151.113007,01/10/2025 19:42:47,0.709,2025-01-10 19:42:47,20.8,0.1,0.1,51.0,22.917135
7126,-34.035271,220170,151.113007,01/10/2025 19:42:47,0.709,2025-01-10 19:42:47,20.8,0.1,0.1,51.0,22.917135
33014,-33.806141,218227,151.17952,12/16/2024 13:19:35,0.424,2024-12-16 13:19:35,,,,,
33014,-33.806141,218227,151.17952,12/16/2024 13:19:35,0.424,2024-12-16 13:19:35,,,,,
50260,-33.819763,220247,151.05188,01/12/2025 08:15:56,0.176,2025-01-12 08:15:56,21.75,0.0,0.0,0.0,24.948229
7126,-34.035271,220297,151.113007,01/13/2025 07:33:43,0.691,2025-01-13 07:33:43,20.9,0.0,0.0,2.0,22.798151
7126,-34.035271,220297,151.113007,01/13/2025 07:33:43,0.691,2025-01-13 07:33:43,20.9,0.0,0.0,2.0,22.798151
7126,-34.035271,220297,151.113007,01/13/2025 07:33:43,0.691,2025-01-13 07:33:43,20.9,0.0,0.0,2.0,22.798151
7126,-34.035271,220297,151.113007,01/13/2025 07:33:43,0.691,2025-01-13 07:33:43,20.9,0.0,0.0,2.0,22.798151
7161,-33.740406,220572,151.060989,01/15/2025 08:57:08,0.005,2025-01-15 08:57:08,22.6,0.0,0.0,1.0,26.227636
10011,-33.876652,221139,151.230606,01/18/2025 08:50:06,0.095,2025-01-18 08:50:06,20.7,0.1,0.1,51.0,19.370651
7139,-33.876884,221139,151.228683,01/18/2025 08:50:06,0.106,2025-01-18 08:50:06,20.7,0.1,0.1,51.0,19.370651
34016,-33.778187,221530,151.267136,01/22/2025 08:51:50,0.316,2025-01-22 08:51:50,21.35,0.0,0.0,0.0,24.147543
53004,-33.75317,222064,151.151077,01/28/2025 16:31:03,0.771,2025-01-28 16:31:03,34.35,0.2,0.2,51.0,37.274094
F3FWY002,-33.651676,107450,151.137741,12/13/2021 00:50:31,0.181,2021-12-13 00:50:31,,,,,
F3FWY002,-33.651676,107450,151.137741,12/13/2021 00:50:31,0.181,2021-12-13 00:50:31,,,,,
F3FWY002,-33.651676,107450,151.137741,12/13/2021 00:50:31,0.181,2021-12-13 00:50:31,,,,,
F3FWY002,-33.651676,107450,151.137741,12/13/2021 00:50:31,0.181,2021-12-13 00:50:31,,,,,
F3FWY006,-33.395744,219896,151.297058,01/08/2025 13:51:43,0.498,2025-01-08 13:51:43,16.796501,2.2,2.2,61.0,16.831364
50250,-33.797592,220591,150.975433,01/15/2025 11:25:06,0.2,2025-01-15 11:25:06,28.25,0.0,0.0,2.0,33.993034
50250,-33.797592,220591,150.975433,01/15/2025 11:25:06,0.2,2025-01-15 11:25:06,28.25,0.0,0.0,2.0,33.993034
50250,-33.797592,220591,150.975433,01/15/2025 11:25:06,0.2,2025-01-15 11:25:06,28.25,0.0,0.0,2.0,33.993034
50250,-33.797592,220591,150.975433,01/15/2025 11:25:06,0.173,2025-01-15 11:25:06,28.25,0.0,0.0,2.0,33.993034
7248,-33.906151,220914,151.040207,01/17/2025 11:13:13,0.385,2025-01-17 11:13:13,20.15,0.1,0.1,51.0,18.463654
7248,-33.906151,220914,151.040207,01/17/2025 11:13:13,0.385,2025-01-17 11:13:13,20.15,0.1,0.1,51.0,18.463654
F3FWY003,-33.560299,221032,151.192551,01/17/2025 18:43:44,0.75,2025-01-17 18:43:44,20.35,0.1,0.1,51.0,17.884115
F3FWY005,-33.429348,221973,151.22467,01/27/2025 21:01:59,0.942,2025-01-27 21:01:59,26.15,0.0,0.0,1.0,27.756134
F3FWY005,-33.429348,221973,151.22467,01/27/2025 21:01:59,0.942,2025-01-27 21:01:59,26.15,0.0,0.0,1.0,27.756134
F3FWY005,-33.429348,221973,151.22467,01/27/2025 21:01:59,0.942,2025-01-27 21:01:59,26.15,0.0,0.0,1.0,27.756134
7120,-33.886311,222182,151.217911,01/29/2025 11:19:47,0.146,2025-01-29 11:19:47,23.35,0.0,0.0,3.0,23.43986
7121,-33.886032,222182,151.218079,01/29/2025 11:19:47,0.153,2025-01-29 11:19:47,23.35,0.0,0.0,3.0,23.43986
23067,-33.934475,219670,151.15831,01/06/2025 14:09:15,0.568,2025-01-06 14:09:15,31.1,0.0,0.0,2.0,33.505535
7184,-33.772957,220104,151.135391,01/10/2025 12:47:34,0.428,2025-01-10 12:47:34,24.1,0.2,0.2,51.0,26.672752
7184,-33.772957,220188,151.135391,01/11/2025 02:00:20,0.33,2025-01-11 02:00:20,19.0,1.5,1.5,61.0,20.898724
7184,-33.772957,220188,151.135391,01/11/2025 02:00:20,0.33,2025-01-11 02:00:20,19.0,1.5,1.5,61.0,20.898724
68025,-33.816696,220216,150.976623,01/11/2025 13:38:27,0.099,2025-01-11 13:38:27,23.85,1.1,1.1,55.0,26.772842
68025,-33.816696,220216,150.976623,01/11/2025 13:38:27,0.099,2025-01-11 13:38:27,23.85,1.1,1.1,55.0,26.772842
51235,-33.81551,220326,151.101105,01/13/2025 11:50:05,0.658,2025-01-13 11:50:05,25.9,0.0,0.0,0.0,29.660614
51235,-33.81551,220326,151.101105,01/13/2025 11:50:05,0.658,2025-01-13 11:50:05,25.9,0.0,0.0,0.0,29.660614
51235,-33.81551,220944,151.101105,01/17/2025 13:10:03,0.041,2025-01-17 13:10:03,21.55,0.0,0.0,3.0,17.824371
7120,-33.886311,216816,151.217911,12/04/2024 13:11:47,0.518,2024-12-04 13:11:47,,,,,
7121,-33.886032,216816,151.218079,12/04/2024 13:11:47,0.484,2024-12-04 13:11:47,,,,,
7120,-33.886311,216816,151.217911,12/04/2024 13:11:47,0.518,2024-12-04 13:11:47,,,,,
7121,-33.886032,216816,151.218079,12/04/2024 13:11:47,0.484,2024-12-04 13:11:47,,,,,
33014,-33.806141,219711,151.17952,01/06/2025 18:04:45,0.572,2025-01-06 18:04:45,28.8,0.0,0.0,3.0,28.87045
51235,-33.81551,219796,151.101105,01/07/2025 13:30:50,0.756,2025-01-07 13:30:50,20.75,0.1,0.1,51.0,20.068995
51235,-33.81551,219796,151.101105,01/07/2025 13:30:50,0.756,2025-01-07 13:30:50,20.75,0.1,0.1,51.0,20.068995
51235,-33.81551,219796,151.101105,01/07/2025 13:30:50,0.756,2025-01-07 13:30:50,20.75,0.1,0.1,51.0,20.068995
51235,-33.81551,219796,151.101105,01/07/2025 13:30:50,0.756,2025-01-07 13:30:50,20.75,0.1,0.1,51.0,20.068995
51235,-33.81551,219796,151.101105,01/07/2025 13:30:50,0.756,2025-01-07 13:30:50,20.75,0.1,0.1,51.0,20.068995
51235,-33.81551,219796,151.101105,01/07/2025 13:30:50,0.756,2025-01-07 13:30:50,20.75,0.1,0.1,51.0,20.068995
7184,-33.772957,220097,151.135391,01/10/2025 12:32:39,0.253,2025-01-10 12:32:39,24.1,0.2,0.2,51.0,26.672752
7184,-33.772957,220097,151.135391,01/10/2025 12:32:39,0.253,2025-01-10 12:32:39,24.1,0.2,0.2,51.0,26.672752
7184,-33.772957,220097,151.135391,01/10/2025 12:32:39,0.253,2025-01-10 12:32:39,24.1,0.2,0.2,51.0,26.672752
7184,-33.772957,220097,151.135391,01/10/2025 12:32:39,0.253,2025-01-10 12:32:39,24.1,0.2,0.2,51.0,26.672752
7184,-33.772957,220181,151.135391,01/11/2025 00:25:52,0.246,2025-01-11 00:25:52,19.25,0.9,0.9,53.0,22.121412
7274,-33.779202,221578,150.814102,01/22/2025 17:08:58,0.451,2025-01-22 17:08:58,25.7,0.0,0.0,3.0,25.905802
7161,-33.740406,221908,151.060989,01/26/2025 17:34:25,0.163,2025-01-26 17:34:25,25.05,0.1,0.1,51.0,25.97616
7248,-33.906151,222186,151.040207,01/29/2025 11:39:13,0.08,2025-01-29 11:39:13,23.4,0.0,0.0,3.0,23.974636
7248,-33.906151,222186,151.040207,01/29/2025 11:39:13,0.08,2025-01-29 11:39:13,23.4,0.0,0.0,3.0,23.974636
7248,-33.906151,222186,151.040207,01/29/2025 11:39:13,0.08,2025-01-29 11:39:13,23.4,0.0,0.0,3.0,23.974636
51235,-33.81551,222366,151.101105,01/31/2025 06:49:01,0.523,2025-01-31 06:49:01,20.85,0.2,0.2,51.0,22.791658
51235,-33.81551,222366,151.101105,01/31/2025 06:49:01,0.523,2025-01-31 06:49:01,20.85,0.2,0.2,51.0,22.791658
51235,-33.81551,222366,151.101105,01/31/2025 06:49:01,0.523,2025-01-31 06:49:01,20.85,0.2,0.2,51.0,22.791658
51235,-33.81551,222366,151.101105,01/31/2025 06:49:01,0.32,2025-01-31 06:49:01,20.85,0.2,0.2,51.0,22.791658
51235,-33.81551,222366,151.101105,01/31/2025 06:49:01,0.32,2025-01-31 06:49:01,20.85,0.2,0.2,51.0,22.791658
51235,-33.81551,222366,151.101105,01/31/2025 06:49:01,0.32,2025-01-31 06:49:01,20.85,0.2,0.2,51.0,22.791658
33014,-33.806141,219564,151.17952,01/04/2025 11:50:23,0.586,2025-01-04 11:50:23,26.0,0.0,0.0,0.0,27.396988
7184,-33.772957,220800,151.135391,01/16/2025 14:09:50,0.289,2025-01-16 14:09:50,18.15,2.3,2.3,61.0,17.69368
7184,-33.772957,220800,151.135391,01/16/2025 14:09:50,0.289,2025-01-16 14:09:50,18.15,2.3,2.3,61.0,17.69368
F3FWY001,-33.694206,220930,151.121323,01/17/2025 12:10:54,0.434,2025-01-17 12:10:54,18.55,0.5,0.5,53.0,17.131393
F3FWY001,-33.694206,220930,151.121323,01/17/2025 12:10:54,0.434,2025-01-17 12:10:54,18.55,0.5,0.5,53.0,17.131393
F3FWY001,-33.694206,220930,151.121323,01/17/2025 12:10:54,0.434,2025-01-17 12:10:54,18.55,0.5,0.5,53.0,17.131393
F3FWY003,-33.560299,221791,151.192551,01/24/2025 15:22:55,0.951,2025-01-24 15:22:55,24.0,0.0,0.0,1.0,24.030884
7132,-33.953056,199065,151.137482,06/19/2024 10:21:49,0.139,2024-06-19 10:21:49,,,,,
7132,-33.953056,199065,151.137482,06/19/2024 10:21:49,0.139,2024-06-19 10:21:49,,,,,
7132,-33.953056,199065,151.137482,06/19/2024 10:21:49,0.139,2024-06-19 10:21:49,,,,,
7179,-33.817272,219481,150.962784,01/02/2025 14:51:18,0.202,2025-01-02 14:51:18,23.2,0.0,0.0,3.0,22.16583
7248,-33.906151,219663,151.040207,01/06/2025 13:32:13,0.451,2025-01-06 13:32:13,36.6,0.0,0.0,1.0,39.444096
7179,-33.817272,219694,150.962784,01/06/2025 15:53:04,0.173,2025-01-06 15:53:04,36.6,0.0,0.0,2.0,37.43216
7179,-33.817272,219694,150.962784,01/06/2025 15:53:04,0.173,2025-01-06 15:53:04,36.6,0.0,0.0,2.0,37.43216
7164,-33.81562,219890,150.969238,01/08/2025 13:09:48,0.061,2025-01-08 13:09:48,19.5,0.3,0.3,51.0,18.227777
7164,-33.81562,219890,150.969238,01/08/2025 13:09:48,0.061,2025-01-08 13:09:48,19.5,0.3,0.3,51.0,18.227777
7179,-33.817272,220084,150.962784,01/10/2025 09:36:32,0.154,2025-01-10 09:36:32,21.15,0.0,0.0,3.0,23.680044
7120,-33.886311,221341,151.217911,01/20/2025 11:55:48,0.159,2025-01-20 11:55:48,21.3,0.0,0.0,3.0,22.752998
7121,-33.886032,221341,151.218079,01/20/2025 11:55:48,0.191,2025-01-20 11:55:48,21.3,0.0,0.0,3.0,22.752998
7120,-33.886311,221341,151.217911,01/20/2025 11:55:48,0.005,2025-01-20 11:55:48,21.3,0.0,0.0,3.0,22.752998
7121,-33.886032,221341,151.218079,01/20/2025 11:55:48,0.035,2025-01-20 11:55:48,21.3,0.0,0.0,3.0,22.752998
F3FWY002,-33.651676,221767,151.137741,01/24/2025 12:46:55,0.08,2025-01-24 12:46:55,22.65,0.1,0.1,51.0,22.960943
F3FWY002,-33.651676,221767,151.137741,01/24/2025 12:46:55,0.08,2025-01-24 12:46:55,22.65,0.1,0.1,51.0,22.960943
F3FWY002,-33.651676,221767,151.137741,01/24/2025 12:46:55,0.08,2025-01-24 12:46:55,22.65,0.1,0.1,51.0,22.960943
7184,-33.772957,221949,151.135391,01/27/2025 15:29:31,0.017,2025-01-27 15:29:31,32.4,0.0,0.0,2.0,37.616726
7184,-33.772957,221949,151.135391,01/27/2025 15:29:31,0.015,2025-01-27 15:29:31,32.4,0.0,0.0,2.0,37.616726
7120,-33.886311,222057,151.217911,01/28/2025 15:52:55,0.026,2025-01-28 15:52:55,34.75,0.0,0.0,2.0,41.0491
7121,-33.886032,222057,151.218079,01/28/2025 15:52:55,0.06,2025-01-28 15:52:55,34.75,0.0,0.0,2.0,41.0491
7120,-33.886311,222057,151.217911,01/28/2025 15:52:55,0.026,2025-01-28 15:52:55,34.75,0.0,0.0,2.0,41.0491
7121,-33.886032,222057,151.218079,01/28/2025 15:52:55,0.06,2025-01-28 15:52:55,34.75,0.0,0.0,2.0,41.0491
F3FWY005,-33.429348,218124,151.22467,12/15/2024 16:27:39,0.663,2024-12-15 16:27:39,,,,,
F3FWY005,-33.429348,218124,151.22467,12/15/2024 16:27:39,0.663,2024-12-15 16:27:39,,,,,
F3FWY005,-33.429348,218124,151.22467,12/15/2024 16:27:39,0.663,2024-12-15 16:27:39,,,,,
F3FWY005,-33.429348,218124,151.22467,12/15/2024 16:27:39,0.663,2024-12-15 16:27:39,,,,,
F3FWY005,-33.429348,218124,151.22467,12/15/2024 16:27:39,0.663,2024-12-15 16:27:39,,,,,
F3FWY005,-33.429348,218124,151.22467,12/15/2024 16:27:39,0.663,2024-12-15 16:27:39,,,,,
F3FWY005,-33.429348,218124,151.22467,12/15/2024 16:27:39,0.663,2024-12-15 16:27:39,,,,,
F3FWY005,-33.429348,218124,151.22467,12/15/2024 16:27:39,0.663,2024-12-15 16:27:39,,,,,
F3FWY005,-33.429348,218124,151.22467,12/15/2024 16:27:39,0.663,2024-12-15 16:27:39,,,,,
F3FWY005,-33.429348,218124,151.22467,12/15/2024 16:27:39,0.663,2024-12-15 16:27:39,,,,,
F3FWY005,-33.429348,218124,151.22467,12/15/2024 16:27:39,0.663,2024-12-15 16:27:39,,,,,
F3FWY005,-33.429348,218124,151.22467,12/15/2024 16:27:39,0.663,2024-12-15 16:27:39,,,,,
F3FWY005,-33.429348,218124,151.22467,12/15/2024 16:27:39,0.663,2024-12-15 16:27:39,,,,,
F3FWY005,-33.429348,218124,151.22467,12/15/2024 16:27:39,0.663,2024-12-15 16:27:39,,,,,
F3FWY005,-33.429348,218124,151.22467,12/15/2024 16:27:39,0.663,2024-12-15 16:27:39,,,,,
F3FWY005,-33.429348,218124,151.22467,12/15/2024 16:27:39,0.663,2024-12-15 16:27:39,,,,,
F3FWY005,-33.429348,218124,151.22467,12/15/2024 16:27:39,0.663,2024-12-15 16:27:39,,,,,
F3FWY005,-33.429348,218124,151.22467,12/15/2024 16:27:39,0.663,2024-12-15 16:27:39,,,,,
F3FWY005,-33.429348,218124,151.22467,12/15/2024 16:27:39,0.663,2024-12-15 16:27:39,,,,,
F3FWY005,-33.429348,218124,151.22467,12/15/2024 16:27:39,0.663,2024-12-15 16:27:39,,,,,
F3FWY005,-33.429348,218124,151.22467,12/15/2024 16:27:39,0.663,2024-12-15 16:27:39,,,,,
F3FWY005,-33.429348,218124,151.22467,12/15/2024 16:27:39,0.663,2024-12-15 16:27:39,,,,,
F3FWY005,-33.429348,218124,151.22467,12/15/2024 16:27:39,0.663,2024-12-15 16:27:39,,,,,
F3FWY005,-33.429348,218124,151.22467,12/15/2024 16:27:39,0.663,2024-12-15 16:27:39,,,,,
F3FWY005,-33.429348,218124,151.22467,12/15/2024 16:27:39,0.663,2024-12-15 16:27:39,,,,,
F3FWY005,-33.429348,218124,151.22467,12/15/2024 16:27:39,0.663,2024-12-15 16:27:39,,,,,
F3FWY005,-33.429348,218124,151.22467,12/15/2024 16:27:39,0.663,2024-12-15 16:27:39,,,,,
F3FWY005,-33.429348,218124,151.22467,12/15/2024 16:27:39,0.663,2024-12-15 16:27:39,,,,,
F3FWY005,-33.429348,218124,151.22467,12/15/2024 16:27:39,0.663,2024-12-15 16:27:39,,,,,
22001,-33.825577,217948,151.233261,12/13/2024 13:15:24,0.64,2024-12-13 13:15:24,,,,,
F3FWY005,-33.429348,218124,151.22467,12/15/2024 16:27:39,0.663,2024-12-15 16:27:39,,,,,
F3FWY005,-33.429348,218124,151.22467,12/15/2024 16:27:39,0.663,2024-12-15 16:27:39,,,,,
F3FWY005,-33.429348,218124,151.22467,12/15/2024 16:27:39,0.663,2024-12-15 16:27:39,,,,,
F3FWY005,-33.429348,218124,151.22467,12/15/2024 16:27:39,0.663,2024-12-15 16:27:39,,,,,
F3FWY005,-33.429348,218124,151.22467,12/15/2024 16:27:39,0.663,2024-12-15 16:27:39,,,,,
F3FWY005,-33.429348,218124,151.22467,12/15/2024 16:27:39,0.663,2024-12-15 16:27:39,,,,,
F3FWY005,-33.429348,218124,151.22467,12/15/2024 16:27:39,0.663,2024-12-15 16:27:39,,,,,
F3FWY005,-33.429348,218124,151.22467,12/15/2024 16:27:39,0.663,2024-12-15 16:27:39,,,,,
7123-PR,-33.769588,219601,150.768738,01/05/2025 06:10:07,0.004,2025-01-05 06:10:07,18.7,0.0,0.0,1.0,21.05952
7123-PR,-33.769588,219601,150.768738,01/05/2025 06:10:07,0.004,2025-01-05 06:10:07,18.7,0.0,0.0,1.0,21.05952
7123-PR,-33.769588,219601,150.768738,01/05/2025 06:10:07,0.004,2025-01-05 06:10:07,18.7,0.0,0.0,1.0,21.05952
7123-PR,-33.769588,219601,150.768738,01/05/2025 06:10:07,0.004,2025-01-05 06:10:07,18.7,0.0,0.0,1.0,21.05952
7123-PR,-33.769588,219601,150.768738,01/05/2025 06:10:07,0.004,2025-01-05 06:10:07,18.7,0.0,0.0,1.0,21.05952
74230,-33.724735,220088,151.086151,01/10/2025 10:58:25,0.914,2025-01-10 10:58:25,22.25,0.2,0.2,51.0,23.909775
53004,-33.75317,220110,151.151077,01/10/2025 13:11:45,0.48,2025-01-10 13:11:45,24.5,0.1,0.1,51.0,26.607498
53004,-33.75317,220110,151.151077,01/10/2025 13:11:45,0.48,2025-01-10 13:11:45,24.5,0.1,0.1,51.0,26.607498
50240,-33.796436,220217,150.987595,01/11/2025 13:48:40,0.538,2025-01-11 13:48:40,23.45,0.4,0.4,51.0,25.697426
50240,-33.796436,220217,150.987595,01/11/2025 13:48:40,0.521,2025-01-11 13:48:40,23.45,0.4,0.4,51.0,25.697426
50240,-33.796436,220489,150.987595,01/14/2025 15:08:27,0.528,2025-01-14 15:08:27,28.7,0.2,0.2,51.0,33.609207
50240,-33.796436,220489,150.987595,01/14/2025 15:08:27,0.528,2025-01-14 15:08:27,28.7,0.2,0.2,51.0,33.609207
50240,-33.796436,220489,150.987595,01/14/2025 15:08:27,0.528,2025-01-14 15:08:27,28.7,0.2,0.2,51.0,33.609207
F3FWY005,-33.429348,218124,151.22467,12/15/2024 16:27:39,0.663,2024-12-15 16:27:39,,,,,
53003,-33.729225,220938,151.122208,01/17/2025 12:48:14,0.217,2025-01-17 12:48:14,18.55,0.5,0.5,53.0,17.131393
7112,-33.843338,221218,151.043411,01/18/2025 18:22:10,0.544,2025-01-18 18:22:10,22.55,0.4,0.4,51.0,22.915056
22001,-33.825577,217948,151.233261,12/13/2024 13:15:24,0.64,2024-12-13 13:15:24,,,,,
22001,-33.825577,217948,151.233261,12/13/2024 13:15:24,0.64,2024-12-13 13:15:24,,,,,
22001,-33.825577,217948,151.233261,12/13/2024 13:15:24,0.64,2024-12-13 13:15:24,,,,,
22001,-33.825577,217948,151.233261,12/13/2024 13:15:24,0.64,2024-12-13 13:15:24,,,,,
F3FWY005,-33.429348,218124,151.22467,12/15/2024 16:27:39,0.663,2024-12-15 16:27:39,,,,,
7248,-33.906151,221362,151.040207,01/20/2025 13:40:26,0.528,2025-01-20 13:40:26,23.6,0.0,0.0,0.0,26.541115
F3FWY005,-33.429348,218124,151.22467,12/15/2024 16:27:39,0.663,2024-12-15 16:27:39,,,,,
7112,-33.843338,221520,151.043411,01/22/2025 06:51:12,0.066,2025-01-22 06:51:12,18.05,0.0,0.0,0.0,19.978525
7112,-33.843338,221520,151.043411,01/22/2025 06:51:12,0.066,2025-01-22 06:51:12,18.05,0.0,0.0,0.0,19.978525
7112,-33.843338,221520,151.043411,01/22/2025 06:51:12,0.066,2025-01-22 06:51:12,18.05,0.0,0.0,0.0,19.978525
F3FWY005,-33.429348,218124,151.22467,12/15/2024 16:27:39,0.663,2024-12-15 16:27:39,,,,,
7112,-33.843338,221825,151.043411,01/24/2025 21:27:53,0.095,2025-01-24 21:27:53,19.65,0.0,0.0,0.0,21.136044
F3FWY006,-33.395744,221850,151.297058,01/25/2025 10:28:30,0.768,2025-01-25 10:28:30,20.9965,0.2,0.2,51.0,22.00868
F3FWY006,-33.395744,221850,151.297058,01/25/2025 10:28:30,0.768,2025-01-25 10:28:30,20.9965,0.2,0.2,51.0,22.00868
F3FWY006,-33.395744,221850,151.297058,01/25/2025 10:28:30,0.768,2025-01-25 10:28:30,20.9965,0.2,0.2,51.0,22.00868
F3FWY006,-33.395744,221850,151.297058,01/25/2025 10:28:30,0.768,2025-01-25 10:28:30,20.9965,0.2,0.2,51.0,22.00868
F3FWY005,-33.429348,218124,151.22467,12/15/2024 16:27:39,0.663,2024-12-15 16:27:39,,,,,
F3FWY003,-33.560299,222224,151.192551,01/29/2025 15:53:47,0.791,2025-01-29 15:53:47,24.35,0.2,0.2,51.0,26.860958
F3FWY003,-33.560299,222224,151.192551,01/29/2025 15:53:47,0.791,2025-01-29 15:53:47,24.35,0.2,0.2,51.0,26.860958
F3FWY003,-33.560299,222224,151.192551,01/29/2025 15:53:47,0.791,2025-01-29 15:53:47,24.35,0.2,0.2,51.0,26.860958
F3FWY003,-33.560299,222224,151.192551,01/29/2025 15:53:47,0.791,2025-01-29 15:53:47,24.35,0.2,0.2,51.0,26.860958
9658,-33.79353,222481,151.018829,01/31/2025 16:40:44,0.502,2025-01-31 16:40:44,23.2,0.0,0.0,3.0,24.354473
9658,-33.79353,222481,151.018829,01/31/2025 16:40:44,0.502,2025-01-31 16:40:44,23.2,0.0,0.0,3.0,24.354473
F3FWY005,-33.429348,218124,151.22467,12/15/2024 16:27:39,0.663,2024-12-15 16:27:39,,,,,
F3FWY003,-33.560299,117257,151.192551,03/24/2022 13:40:57,0.467,2022-03-24 13:40:57,,,,,
F3FWY003,-33.560299,117257,151.192551,03/24/2022 13:40:57,0.572,2022-03-24 13:40:57,,,,,
F3FWY003,-33.560299,117257,151.192551,03/24/2022 13:40:57,0.824,2022-03-24 13:40:57,,,,,
7163,-33.865181,219761,151.171997,01/07/2025 09:37:05,0.627,2025-01-07 09:37:05,20.7,0.7,0.7,53.0,20.368925
23067,-33.934475,219807,151.15831,01/07/2025 15:34:41,0.214,2025-01-07 15:34:41,20.4,0.4,0.4,51.0,19.157873
F3FWY003,-33.560299,219947,151.192551,01/09/2025 00:45:58,0.113,2025-01-09 00:45:58,17.7,1.7,1.7,61.0,18.030432
68025,-33.816696,220025,150.976623,01/09/2025 15:00:15,0.695,2025-01-09 15:00:15,23.25,0.5,0.5,53.0,24.24157
7120,-33.886311,220081,151.217911,01/10/2025 09:19:44,0.072,2025-01-10 09:19:44,21.8,0.1,0.1,51.0,23.707605
7121,-33.886032,220081,151.218079,01/10/2025 09:19:44,0.045,2025-01-10 09:19:44,21.8,0.1,0.1,51.0,23.707605
7120,-33.886311,220081,151.217911,01/10/2025 09:19:44,0.072,2025-01-10 09:19:44,21.8,0.1,0.1,51.0,23.707605
7121,-33.886032,220081,151.218079,01/10/2025 09:19:44,0.045,2025-01-10 09:19:44,21.8,0.1,0.1,51.0,23.707605
23067,-33.934475,220191,151.15831,01/11/2025 03:09:38,0.495,2025-01-11 03:09:38,19.95,4.1,4.1,63.0,22.369747
23067,-33.934475,220191,151.15831,01/11/2025 03:09:38,0.495,2025-01-11 03:09:38,19.95,4.1,4.1,63.0,22.369747
23067,-33.934475,220191,151.15831,01/11/2025 03:09:38,0.495,2025-01-11 03:09:38,19.95,4.1,4.1,63.0,22.369747
23067,-33.934475,220191,151.15831,01/11/2025 03:09:38,0.495,2025-01-11 03:09:38,19.95,4.1,4.1,63.0,22.369747
23067,-33.934475,220191,151.15831,01/11/2025 03:09:38,0.495,2025-01-11 03:09:38,19.95,4.1,4.1,63.0,22.369747
23067,-33.934475,220191,151.15831,01/11/2025 03:09:38,0.495,2025-01-11 03:09:38,19.95,4.1,4.1,63.0,22.369747
23067,-33.934475,220191,151.15831,01/11/2025 03:09:38,0.495,2025-01-11 03:09:38,19.95,4.1,4.1,63.0,22.369747
23067,-33.934475,220191,151.15831,01/11/2025 03:09:38,0.495,2025-01-11 03:09:38,19.95,4.1,4.1,63.0,22.369747
23067,-33.934475,220191,151.15831,01/11/2025 03:09:38,0.495,2025-01-11 03:09:38,19.95,4.1,4.1,63.0,22.369747
23067,-33.934475,220191,151.15831,01/11/2025 03:09:38,0.495,2025-01-11 03:09:38,19.95,4.1,4.1,63.0,22.369747
23067,-33.934475,220191,151.15831,01/11/2025 03:09:38,0.495,2025-01-11 03:09:38,19.95,4.1,4.1,63.0,22.369747
7248,-33.906151,220889,151.040207,01/17/2025 08:44:46,0.528,2025-01-17 08:44:46,17.7,0.0,0.0,3.0,16.391876
68025,-33.816696,221220,150.976623,01/18/2025 18:24:51,0.535,2025-01-18 18:24:51,22.15,0.6,0.6,53.0,22.215261
68025,-33.816696,221220,150.976623,01/18/2025 18:24:51,0.535,2025-01-18 18:24:51,22.15,0.6,0.6,53.0,22.215261
10011,-33.876652,221259,151.230606,01/19/2025 10:58:18,0.259,2025-01-19 10:58:18,19.3,0.1,0.1,51.0,17.834333
7139,-33.876884,221259,151.228683,01/19/2025 10:58:18,0.108,2025-01-19 10:58:18,19.3,0.1,0.1,51.0,17.834333
10011,-33.876652,221259,151.230606,01/19/2025 10:58:18,0.259,2025-01-19 10:58:18,19.3,0.1,0.1,51.0,17.834333
7139,-33.876884,221259,151.228683,01/19/2025 10:58:18,0.108,2025-01-19 10:58:18,19.3,0.1,0.1,51.0,17.834333
10011,-33.876652,221259,151.230606,01/19/2025 10:58:18,0.259,2025-01-19 10:58:18,19.3,0.1,0.1,51.0,17.834333
7139,-33.876884,221259,151.228683,01/19/2025 10:58:18,0.108,2025-01-19 10:58:18,19.3,0.1,0.1,51.0,17.834333
10011,-33.876652,221259,151.230606,01/19/2025 10:58:18,0.259,2025-01-19 10:58:18,19.3,0.1,0.1,51.0,17.834333
7139,-33.876884,221259,151.228683,01/19/2025 10:58:18,0.108,2025-01-19 10:58:18,19.3,0.1,0.1,51.0,17.834333
7120,-33.886311,221573,151.217911,01/22/2025 16:28:17,0.022,2025-01-22 16:28:17,24.05,0.0,0.0,3.0,22.60508
7121,-33.886032,221573,151.218079,01/22/2025 16:28:17,0.017,2025-01-22 16:28:17,24.05,0.0,0.0,3.0,22.60508
7120,-33.886311,221572,151.217911,01/22/2025 16:28:04,0.236,2025-01-22 16:28:04,24.05,0.0,0.0,3.0,22.60508
7121,-33.886032,221572,151.218079,01/22/2025 16:28:04,0.235,2025-01-22 16:28:04,24.05,0.0,0.0,3.0,22.60508
7120,-33.886311,221573,151.217911,01/22/2025 16:28:17,0.022,2025-01-22 16:28:17,24.05,0.0,0.0,3.0,22.60508
7121,-33.886032,221573,151.218079,01/22/2025 16:28:17,0.017,2025-01-22 16:28:17,24.05,0.0,0.0,3.0,22.60508
55049,-33.729507,221952,151.30011,01/27/2025 16:41:47,0.821,2025-01-27 16:41:47,26.8,0.0,0.0,2.0,29.22179
7123-PR,-33.769588,222221,150.768738,01/29/2025 15:51:20,0.131,2025-01-29 15:51:20,24.35,0.0,0.0,3.0,26.344213
7112,-33.843338,222495,151.043411,01/31/2025 18:39:35,0.093,2025-01-31 18:39:35,23.45,0.0,0.0,1.0,24.587147
7112,-33.843338,222495,151.043411,01/31/2025 18:39:35,0.093,2025-01-31 18:39:35,23.45,0.0,0.0,1.0,24.587147
7112,-33.843338,222495,151.043411,01/31/2025 18:39:35,0.093,2025-01-31 18:39:35,23.45,0.0,0.0,1.0,24.587147
7112,-33.843338,222495,151.043411,01/31/2025 18:39:35,0.093,2025-01-31 18:39:35,23.45,0.0,0.0,1.0,24.587147
7132,-33.953056,98660,151.137482,08/12/2021 18:04:06,0.294,2021-08-12 18:04:06,,,,,
7163,-33.865181,98996,151.171997,08/21/2021 09:01:34,0.366,2021-08-21 09:01:34,,,,,
7163,-33.865181,98996,151.171997,08/21/2021 09:01:34,0.366,2021-08-21 09:01:34,,,,,
7163,-33.865181,98996,151.171997,08/21/2021 09:01:34,0.366,2021-08-21 09:01:34,,,,,
7163,-33.865181,98996,151.171997,08/21/2021 09:01:34,0.366,2021-08-21 09:01:34,,,,,
7163,-33.865181,98996,151.171997,08/21/2021 09:01:34,0.366,2021-08-21 09:01:34,,,,,
7163,-33.865181,98996,151.171997,08/21/2021 09:01:34,0.366,2021-08-21 09:01:34,,,,,
7163,-33.865181,98996,151.171997,08/21/2021 09:01:34,0.366,2021-08-21 09:01:34,,,,,
7163,-33.865181,98996,151.171997,08/21/2021 09:01:34,0.366,2021-08-21 09:01:34,,,,,
7163,-33.865181,98996,151.171997,08/21/2021 09:01:34,0.366,2021-08-21 09:01:34,,,,,
7251,-33.874916,219690,151.155319,01/06/2025 15:43:06,0.801,2025-01-06 15:43:06,31.35,0.0,0.0,1.0,32.384556
53004,-33.75317,220608,151.151077,01/15/2025 14:00:47,0.366,2025-01-15 14:00:47,30.8,0.0,0.0,0.0,36.948463
53004,-33.75317,220608,151.151077,01/15/2025 14:00:47,0.366,2025-01-15 14:00:47,30.8,0.0,0.0,0.0,36.948463
7120,-33.886311,221068,151.217911,01/17/2025 23:13:29,0.565,2025-01-17 23:13:29,20.1,0.1,0.1,51.0,17.543589
7121,-33.886032,221068,151.218079,01/17/2025 23:13:29,0.537,2025-01-17 23:13:29,20.1,0.1,0.1,51.0,17.543589
7132,-33.953056,221928,151.137482,01/27/2025 10:11:51,0.441,2025-01-27 10:11:51,27.15,0.0,0.0,3.0,29.479263
7159,-33.888157,221930,150.922974,01/27/2025 11:36:10,0.488,2025-01-27 11:36:10,29.85,0.0,0.0,3.0,31.965809
7159,-33.888157,221930,150.922974,01/27/2025 11:36:10,0.507,2025-01-27 11:36:10,29.85,0.0,0.0,3.0,31.965809
74230,-33.724735,222749,151.086151,02/04/2025 10:34:24,0.384,2025-02-04 10:34:24,25.7,0.0,0.0,0.0,28.416592
7251,-33.874916,223086,151.155319,02/07/2025 10:29:30,0.128,2025-02-07 10:29:30,26.95,0.0,0.0,0.0,28.401081
51235,-33.81551,223196,151.101105,02/08/2025 09:19:11,0.268,2025-02-08 09:19:11,25.05,0.0,0.0,3.0,26.711084
9658,-33.79353,223485,151.018829,02/11/2025 07:54:03,0.293,2025-02-11 07:54:03,17.45,0.0,0.0,0.0,19.123766
F3FWY003,-33.560299,223572,151.192551,02/12/2025 07:46:28,0.02,2025-02-12 07:46:28,18.3,0.0,0.0,1.0,20.158371
7179,-33.817272,223809,150.962784,02/13/2025 18:53:15,0.218,2025-02-13 18:53:15,26.85,0.0,0.0,0.0,27.554647
57025,-33.725773,224446,151.219788,02/20/2025 07:02:40,0.489,2025-02-20 07:02:40,17.2575,0.0,0.0,2.0,18.085125
55049,-33.729507,224672,151.30011,02/22/2025 03:31:46,0.119,2025-02-22 03:31:46,19.2,0.1,0.1,51.0,20.726448
33014,-33.806141,224709,151.17952,02/22/2025 17:37:27,0.59,2025-02-22 17:37:27,24.75,0.0,0.0,0.0,24.56245
7163,-33.865181,225132,151.171997,02/27/2025 08:27:12,0.532,2025-02-27 08:27:12,21.6,0.0,0.0,0.0,25.10723
29005,-33.824696,225352,151.093216,02/28/2025 18:34:55,0.279,2025-02-28 18:34:55,35.6,0.0,0.0,1.0,36.506718
47024,-33.83889,222700,151.029022,02/03/2025 16:42:05,0.18,2025-02-03 16:42:05,28.55,0.0,0.0,0.0,30.089329
7162,-34.045811,222782,151.133041,02/04/2025 15:20:31,0.162,2025-02-04 15:20:31,28.75,0.0,0.0,1.0,31.875
7275,-33.894714,224060,151.110962,02/16/2025 15:02:42,0.569,2025-02-16 15:02:42,20.85,0.0,0.0,0.0,19.59651
7112,-33.843338,224891,151.043411,02/25/2025 06:51:07,0.493,2025-02-25 06:51:07,21.65,0.0,0.0,3.0,22.66557
7161,-33.740406,224991,151.060989,02/25/2025 21:32:55,0.505,2025-02-25 21:32:55,20.6,0.0,0.0,3.0,22.062124
57025,-33.725773,200313,151.219788,07/01/2024 15:15:07,0.137,2024-07-01 15:15:07,,,,,
7274,-33.779202,221802,150.814102,01/24/2025 16:14:44,0.678,2025-01-24 16:14:44,26.9,0.0,0.0,3.0,27.590082
7270,-33.793304,225221,151.119659,02/28/2025 05:39:34,0.647,2025-02-28 05:39:34,19.95,0.0,0.0,0.0,22.294292
53004,-33.75317,225312,151.151077,02/28/2025 14:46:48,0.14,2025-02-28 14:46:48,33.0,0.0,0.0,2.0,34.970837
50240,-33.796436,223090,150.987595,02/07/2025 10:37:47,0.086,2025-02-07 10:37:47,25.9,0.0,0.0,0.0,28.311779
7168,-33.798195,223445,150.897125,02/10/2025 16:54:49,0.011,2025-02-10 16:54:49,21.35,2.6,2.6,63.0,24.463894
7112,-33.843338,224244,151.043411,02/18/2025 14:04:05,0.044,2025-02-18 14:04:05,27.65,0.0,0.0,3.0,29.189083
F3FWY003,-33.560299,224250,151.192551,02/18/2025 14:28:51,0.025,2025-02-18 14:28:51,26.3,0.0,0.0,3.0,28.174911
7120,-33.886311,224510,151.217911,02/20/2025 14:46:35,0.014,2025-02-20 14:46:35,21.75,0.0,0.0,3.0,20.268358
7121,-33.886032,224510,151.218079,02/20/2025 14:46:35,0.045,2025-02-20 14:46:35,21.75,0.0,0.0,3.0,20.268358
23067,-33.934475,224696,151.15831,02/22/2025 14:41:52,0.079,2025-02-22 14:41:52,26.55,0.0,0.0,2.0,28.31633
7274,-33.779202,224975,150.814102,02/25/2025 16:48:53,0.028,2025-02-25 16:48:53,24.0,0.0,0.0,3.0,24.601608
7163,-33.865181,225120,151.171997,02/27/2025 06:31:52,0.422,2025-02-27 06:31:52,20.1,0.0,0.0,0.0,23.426752
29005,-33.824696,225238,151.093216,02/28/2025 08:32:19,0.251,2025-02-28 08:32:19,22.0,0.0,0.0,0.0,24.56417
29005,-33.824696,225340,151.093216,02/28/2025 16:54:48,0.58,2025-02-28 16:54:48,36.7,0.0,0.0,1.0,37.501446
7120,-33.886311,222759,151.217911,02/04/2025 11:29:40,0.183,2025-02-04 11:29:40,27.9,0.0,0.0,0.0,30.368248
7121,-33.886032,222759,151.218079,02/04/2025 11:29:40,0.155,2025-02-04 11:29:40,27.9,0.0,0.0,0.0,30.368248
7132,-33.953056,222837,151.137482,02/05/2025 08:33:24,0.074,2025-02-05 08:33:24,23.8,0.0,0.0,0.0,27.18574
7112,-33.843338,224000,151.043411,02/15/2025 15:05:35,0.236,2025-02-15 15:05:35,26.45,0.0,0.0,2.0,29.310154
7153,-33.8651123046875,224555,151.041610717773,02/21/2025 06:47:24,0.024,2025-02-21 06:47:24,18.3,0.0,0.0,3.0,18.952318
7184,-33.772957,224622,151.135391,02/21/2025 15:25:03,0.036,2025-02-21 15:25:03,21.9,0.1,0.1,51.0,23.103533
29005,-33.824696,224690,151.093216,02/22/2025 12:52:04,0.015,2025-02-22 12:52:04,26.15,0.1,0.1,51.0,29.233013
9849,-33.877975,224898,151.093185,02/25/2025 08:05:26,0.096,2025-02-25 08:05:26,21.65,0.0,0.0,3.0,22.69081
7153,-33.8651123046875,223180,151.041610717773,02/07/2025 23:14:49,0.132,2025-02-07 23:14:49,23.4,0.0,0.0,0.0,25.806702
7126,-34.035271,223254,151.113007,02/08/2025 22:18:44,0.542,2025-02-08 22:18:44,22.55,0.0,0.0,3.0,25.6587
7159,-33.888157,224720,150.922974,02/22/2025 22:27:47,0.507,2025-02-22 22:27:47,21.55,0.0,0.0,0.0,22.900673
7112,-33.843338,225159,151.043411,02/27/2025 12:04:30,0.271,2025-02-27 12:04:30,30.65,0.0,0.0,0.0,35.05469
7112,-33.843338,225193,151.043411,02/27/2025 16:15:44,0.113,2025-02-27 16:15:44,29.75,0.0,0.0,1.0,30.048908
7153,-33.8651123046875,222821,151.041610717773,02/05/2025 06:34:07,0.071,2025-02-05 06:34:07,21.55,0.0,0.0,0.0,25.048239
7132,-33.953056,223661,151.137482,02/12/2025 22:58:10,0.052,2025-02-12 22:58:10,22.75,0.1,0.1,51.0,24.381634
7184,-33.772957,224428,151.135391,02/19/2025 19:58:33,0.06,2025-02-19 19:58:33,21.9,0.0,0.0,3.0,21.91986
7132,-33.953056,224707,151.137482,02/22/2025 17:17:02,0.024,2025-02-22 17:17:02,25.5,0.0,0.0,0.0,24.896742
7153,-33.8651123046875,224767,151.041610717773,02/23/2025 17:43:55,0.006,2025-02-23 17:43:55,27.75,0.0,0.0,3.0,27.757835
47024,-33.83889,220055,151.029022,01/09/2025 22:21:09,0.242,2025-01-09 22:21:09,20.25,0.2,0.2,51.0,22.841908
7274,-33.779202,221804,150.814102,01/24/2025 16:36:19,0.678,2025-01-24 16:36:19,26.9,0.0,0.0,3.0,27.590082
7248,-33.906151,222597,151.040207,02/02/2025 14:54:35,0.03,2025-02-02 14:54:35,27.1,0.0,0.0,0.0,28.128765
7112,-33.843338,222623,151.043411,02/02/2025 22:41:43,0.104,2025-02-02 22:41:43,21.45,0.0,0.0,0.0,23.848635
68025,-33.816696,222696,150.976623,02/03/2025 16:19:14,0.377,2025-02-03 16:19:14,28.1,0.0,0.0,0.0,29.306137
47024,-33.83889,225126,151.029022,02/27/2025 07:31:11,0.238,2025-02-27 07:31:11,19.9,0.0,0.0,3.0,23.474243
7120,-33.886311,223780,151.217911,02/13/2025 16:19:55,0.453,2025-02-13 16:19:55,26.1,0.0,0.0,0.0,26.832296
7121,-33.886032,223780,151.218079,02/13/2025 16:19:55,0.418,2025-02-13 16:19:55,26.1,0.0,0.0,0.0,26.832296
F3FWY004,-33.496265,224568,151.187408,02/21/2025 09:14:44,0.168,2025-02-21 09:14:44,18.95,0.0,0.0,3.0,19.818176
T0085,-33.665455,223617,151.090271,02/12/2025 14:51:40,0.578,2025-02-12 14:51:40,25.4,0.6,0.6,53.0,27.535835
9658,-33.79353,225019,151.018829,02/26/2025 10:09:55,0.528,2025-02-26 10:09:55,23.45,0.0,0.0,3.0,26.323286
29005,-33.824696,225084,151.093216,02/26/2025 16:57:28,0.18,2025-02-26 16:57:28,27.55,0.0,0.0,0.0,30.223362
50240,-33.796436,222574,150.987595,02/02/2025 04:14:25,0.476,2025-02-02 04:14:25,18.7,0.0,0.0,0.0,20.86987
7274,-33.779202,222923,150.814102,02/05/2025 17:04:35,0.304,2025-02-05 17:04:35,27.45,0.0,0.0,3.0,29.702866
7248,-33.906151,223044,151.040207,02/06/2025 18:37:14,0.425,2025-02-06 18:37:14,27.7,0.0,0.0,0.0,29.728092
7132,-33.953056,223059,151.137482,02/07/2025 06:34:35,0.046,2025-02-07 06:34:35,20.7,0.0,0.0,0.0,23.902367
7168,-33.798195,223517,150.897125,02/11/2025 12:14:04,0.036,2025-02-11 12:14:04,24.45,0.0,0.0,1.0,26.685715
7184,-33.772957,223640,151.135391,02/12/2025 16:40:37,0.428,2025-02-12 16:40:37,26.5,0.0,0.0,0.0,29.118206
7126,-34.035271,188154,151.113007,03/13/2024 18:11:37,0.709,2024-03-13 18:11:37,,,,,
51235,-33.81551,224789,151.101105,02/24/2025 06:26:10,0.447,2025-02-24 06:26:10,18.75,0.0,0.0,0.0,21.358408
7132,-33.953056,222559,151.137482,02/01/2025 20:43:31,0.237,2025-02-01 20:43:31,23.2,0.0,0.0,0.0,24.784348
7251,-33.874916,222835,151.155319,02/05/2025 08:27:59,0.074,2025-02-05 08:27:59,24.0,0.0,0.0,0.0,27.19468
7274,-33.779202,223187,150.814102,02/08/2025 06:01:28,0.025,2025-02-08 06:01:28,19.15,0.0,0.0,0.0,22.006218
50240,-33.796436,223489,150.987595,02/11/2025 08:36:01,0.089,2025-02-11 08:36:01,19.2,0.0,0.0,0.0,21.193346
50240,-33.796436,223583,150.987595,02/12/2025 09:43:31,0.073,2025-02-12 09:43:31,21.3,0.0,0.0,1.0,23.651136
9827,-33.719955,223634,151.298111,02/12/2025 16:10:09,0.161,2025-02-12 16:10:09,24.8,0.0,0.0,0.0,28.008095
68025,-33.816696,223914,150.976623,02/14/2025 15:25:34,0.477,2025-02-14 15:25:34,25.0,0.5,0.5,53.0,28.319725
7179,-33.817272,225027,150.962784,02/26/2025 10:40:42,0.168,2025-02-26 10:40:42,23.85,0.0,0.0,3.0,26.43873
53004,-33.75317,222916,151.151077,02/05/2025 15:58:15,0.061,2025-02-05 15:58:15,27.05,0.0,0.0,3.0,28.986206
10011,-33.876652,223065,151.230606,02/07/2025 07:49:12,0.199,2025-02-07 07:49:12,20.65,0.0,0.0,0.0,23.649775
7139,-33.876884,223065,151.228683,02/07/2025 07:49:12,0.023,2025-02-07 07:49:12,20.65,0.0,0.0,0.0,23.649775
7168,-33.798195,223149,150.897125,02/07/2025 16:44:54,0.208,2025-02-07 16:44:54,31.45,0.0,0.0,0.0,33.894165
7251,-33.874916,221466,151.155319,01/21/2025 13:56:35,0.697,2025-01-21 13:56:35,23.9,0.0,0.0,0.0,26.816477
7179,-33.817272,223498,150.962784,02/11/2025 09:42:20,0.153,2025-02-11 09:42:20,21.3,0.0,0.0,0.0,23.188274
47024,-33.83889,223506,151.029022,02/11/2025 10:18:08,0.225,2025-02-11 10:18:08,23.55,0.0,0.0,2.0,25.780174
7164,-33.81562,223947,150.969238,02/14/2025 20:15:17,0.268,2025-02-14 20:15:17,23.9,0.0,0.0,3.0,28.444534
7168,-33.798195,224039,150.897125,02/16/2025 04:10:05,0.035,2025-02-16 04:10:05,15.05,0.0,0.0,0.0,15.485022
F3FWY002,-33.651676,223093,151.137741,02/07/2025 10:57:18,0.461,2025-02-07 10:57:18,25.7,0.0,0.0,0.0,27.467514
7251,-33.874916,222684,151.155319,02/03/2025 15:11:35,0.782,2025-02-03 15:11:35,28.25,0.0,0.0,0.0,30.65981
7132,-33.953056,225098,151.137482,02/26/2025 18:35:52,0.021,2025-02-26 18:35:52,24.85,0.0,0.0,0.0,25.703037
50240,-33.796436,223057,150.987595,02/07/2025 06:10:56,0.436,2025-02-07 06:10:56,18.8,0.0,0.0,0.0,21.441862
47024,-33.83889,223195,151.029022,02/08/2025 09:18:45,0.225,2025-02-08 09:18:45,25.05,0.0,0.0,3.0,26.711084
7119-PR,-33.817974,223756,150.981827,02/13/2025 15:17:45,0.042,2025-02-13 15:17:45,28.9,0.2,0.2,51.0,31.382942
F3FWY001,-33.694206,224435,151.121323,02/19/2025 22:14:59,0.313,2025-02-19 22:14:59,18.6,0.0,0.0,2.0,19.888239
50250,-33.797592,224652,150.975433,02/21/2025 18:31:41,0.408,2025-02-21 18:31:41,20.8,0.6,0.6,53.0,21.895603
29005,-33.824696,224798,151.093216,02/24/2025 07:35:47,0.588,2025-02-24 07:35:47,18.8,0.0,0.0,1.0,21.521048
F3FWY003,-33.560299,224842,151.192551,02/24/2025 14:24:19,0.325,2025-02-24 14:24:19,27.75,0.0,0.0,1.0,32.26575
F3FWY003,-33.560299,224950,151.192551,02/25/2025 14:26:00,0.927,2025-02-25 14:26:00,22.85,0.0,0.0,3.0,23.02816
7168,-33.798195,225010,150.897125,02/26/2025 07:41:49,0.431,2025-02-26 07:41:49,19.7,0.0,0.0,3.0,21.642046
74228,-33.723019,225018,151.036606,02/26/2025 10:01:23,0.255,2025-02-26 10:01:23,23.1,0.4,0.4,51.0,25.79001
7120,-33.886311,225049,151.217911,02/26/2025 13:19:35,0.333,2025-02-26 13:19:35,25.9,0.1,0.1,51.0,29.074272
7121,-33.886032,225049,151.218079,02/26/2025 13:19:35,0.306,2025-02-26 13:19:35,25.9,0.1,0.1,51.0,29.074272
T0288,-33.455536,225248,151.205093,02/28/2025 09:47:16,0.137,2025-02-28 09:47:16,24.8,0.0,0.0,0.0,27.579025
T0289,-33.455235,225248,151.205383,02/28/2025 09:47:16,0.18,2025-02-28 09:47:16,24.8,0.0,0.0,0.0,27.579025
T0290,-33.454796,225248,151.205872,02/28/2025 09:47:16,0.246,2025-02-28 09:47:16,24.8,0.0,0.0,0.0,27.579025
T0479-PR,-33.454525,225248,151.206726,02/28/2025 09:47:16,0.323,2025-02-28 09:47:16,24.8,0.0,0.0,0.0,27.579025
34016,-33.778187,225334,151.267136,02/28/2025 16:36:51,0.077,2025-02-28 16:36:51,31.0,0.0,0.0,1.0,34.92472
9849,-33.877975,222953,151.093185,02/06/2025 05:44:14,0.217,2025-02-06 05:44:14,21.05,0.0,0.0,3.0,23.98058
7184,-33.772957,223424,151.135391,02/10/2025 14:03:40,0.27,2025-02-10 14:03:40,21.9,1.2,1.2,55.0,24.29126
7120,-33.886311,223483,151.217911,02/11/2025 07:43:55,0.239,2025-02-11 07:43:55,19.25,0.0,0.0,1.0,21.13598
7121,-33.886032,223483,151.218079,02/11/2025 07:43:55,0.237,2025-02-11 07:43:55,19.25,0.0,0.0,1.0,21.13598
9658,-33.79353,223838,151.018829,02/14/2025 08:47:49,0.6,2025-02-14 08:47:49,21.95,0.0,0.0,2.0,24.826004
7112,-33.843338,224331,151.043411,02/19/2025 09:19:56,0.14,2025-02-19 09:19:56,21.55,0.0,0.0,1.0,22.651693
9849,-33.877975,224412,151.093185,02/19/2025 16:42:40,0.217,2025-02-19 16:42:40,25.65,0.1,0.1,51.0,25.973778
22001,-33.825577,224638,151.233261,02/21/2025 16:52:26,0.643,2025-02-21 16:52:26,21.5,0.4,0.4,51.0,22.340485
51235,-33.81551,225235,151.101105,02/28/2025 08:14:54,0.55,2025-02-28 08:14:54,22.0,0.0,0.0,0.0,24.56417
68025,-33.816696,222699,150.976623,02/03/2025 16:39:01,0.485,2025-02-03 16:39:01,28.1,0.0,0.0,0.0,29.306137
7123-PR,-33.769588,220610,150.768738,01/15/2025 14:03:44,0.004,2025-01-15 14:03:44,34.1,0.0,0.0,3.0,40.536915
47024,-33.83889,223214,151.029022,02/08/2025 12:54:02,0.449,2025-02-08 12:54:02,30.25,0.0,0.0,3.0,33.68913
34016,-33.778187,223282,151.267136,02/09/2025 10:49:27,0.2,2025-02-09 10:49:27,23.1,0.2,0.2,51.0,25.130453
9849,-33.877975,223290,151.093185,02/09/2025 13:03:33,0.217,2025-02-09 13:03:33,27.65,0.1,0.1,51.0,31.94934
7274,-33.779202,223315,150.814102,02/09/2025 17:34:50,0.028,2025-02-09 17:34:50,26.8,0.2,0.2,51.0,28.531311
10011,-33.876652,223348,151.230606,02/10/2025 08:02:13,0.692,2025-02-10 08:02:13,20.7,2.2,2.2,61.0,22.443388
7139,-33.876884,223348,151.228683,02/10/2025 08:02:13,0.851,2025-02-10 08:02:13,20.7,2.2,2.2,61.0,22.443388
7163,-33.865181,223386,151.171997,02/10/2025 12:31:24,0.366,2025-02-10 12:31:24,22.25,1.1,1.1,55.0,23.370726
7120,-33.886311,223457,151.217911,02/10/2025 19:14:44,0.131,2025-02-10 19:14:44,22.0,0.1,0.1,51.0,23.752281
7121,-33.886032,223457,151.218079,02/10/2025 19:14:44,0.099,2025-02-10 19:14:44,22.0,0.1,0.1,51.0,23.752281
22001,-33.825577,223658,151.233261,02/12/2025 21:01:24,0.643,2025-02-12 21:01:24,22.75,0.0,0.0,1.0,24.606478
7161,-33.740406,223704,151.060989,02/13/2025 09:58:04,0.027,2025-02-13 09:58:04,23.5,0.1,0.1,51.0,24.558197
51235,-33.81551,223705,151.101105,02/13/2025 10:19:50,0.237,2025-02-13 10:19:50,25.9,0.0,0.0,1.0,27.65485
51235,-33.81551,213529,151.101105,11/08/2024 10:59:08,0.491,2024-11-08 10:59:08,,,,,
22001,-33.825577,224168,151.233261,02/17/2025 20:15:22,0.643,2025-02-17 20:15:22,19.3,0.0,0.0,0.0,17.874859
7153,-33.8651123046875,224330,151.041610717773,02/19/2025 09:14:59,0.014,2025-02-19 09:14:59,21.55,0.0,0.0,1.0,22.651693
7184,-33.772957,224346,151.135391,02/19/2025 11:27:00,0.626,2025-02-19 11:27:00,22.6,0.1,0.1,51.0,24.173634
53003,-33.729225,222661,151.122208,02/03/2025 13:13:46,0.285,2025-02-03 13:13:46,27.7,0.0,0.0,0.0,30.407898
7119-PR,-33.817974,222788,150.981827,02/04/2025 15:55:24,0.019,2025-02-04 15:55:24,33.7,0.0,0.0,0.0,37.513824
7179,-33.817272,223042,150.962784,02/06/2025 17:23:34,0.196,2025-02-06 17:23:34,28.2,0.0,0.0,0.0,30.306835
7248,-33.906151,223046,151.040207,02/06/2025 19:54:06,0.528,2025-02-06 19:54:06,26.65,0.0,0.0,0.0,28.75542
7112,-33.843338,214595,151.043411,11/18/2024 15:21:05,0.211,2024-11-18 15:21:05,,,,,
7184,-33.772957,223110,151.135391,02/07/2025 13:17:28,0.005,2025-02-07 13:17:28,30.05,0.0,0.0,0.0,34.054146
7162,-34.045811,223224,151.133041,02/08/2025 16:20:19,0.654,2025-02-08 16:20:19,27.2,0.0,0.0,2.0,28.390076
9658,-33.79353,224287,151.018829,02/18/2025 18:34:06,0.567,2025-02-18 18:34:06,24.5,0.0,0.0,0.0,23.854305
53004,-33.75317,224588,151.151077,02/21/2025 11:20:02,0.53,2025-02-21 11:20:02,20.1,0.3,0.3,51.0,20.879395
33014,-33.806141,225230,151.17952,02/28/2025 07:27:37,0.446,2025-02-28 07:27:37,20.6,0.0,0.0,0.0,22.941217
7274,-33.779202,222632,150.814102,02/03/2025 07:23:57,0.011,2025-02-03 07:23:57,18.25,0.0,0.0,3.0,20.187334
7162,-34.045811,222771,151.133041,02/04/2025 13:53:52,0.162,2025-02-04 13:53:52,29.3,0.0,0.0,0.0,33.597828
68025,-33.816696,223225,150.976623,02/08/2025 16:22:17,0.46,2025-02-08 16:22:17,30.35,0.0,0.0,3.0,30.732498
7179,-33.817272,223917,150.962784,02/14/2025 15:52:15,0.175,2025-02-14 15:52:15,25.0,0.5,0.5,53.0,28.319725
34016,-33.778187,224121,151.267136,02/17/2025 12:19:37,0.29,2025-02-17 12:19:37,20.9,0.0,0.0,1.0,20.47935
7184,-33.772957,224259,151.135391,02/18/2025 14:55:56,0.004,2025-02-18 14:55:56,26.75,0.0,0.0,3.0,29.305046
7120,-33.886311,224420,151.217911,02/19/2025 18:42:52,0.12,2025-02-19 18:42:52,23.2,0.0,0.0,3.0,22.812805
7121,-33.886032,224420,151.218079,02/19/2025 18:42:52,0.086,2025-02-19 18:42:52,23.2,0.0,0.0,3.0,22.812805
7120,-33.886311,224541,151.217911,02/20/2025 19:25:09,0.076,2025-02-20 19:25:09,20.95,0.0,0.0,3.0,19.984678
7121,-33.886032,224541,151.218079,02/20/2025 19:25:09,0.073,2025-02-20 19:25:09,20.95,0.0,0.0,3.0,19.984678
F3FWY003,-33.560299,222566,151.192551,02/02/2025 01:17:31,0.253,2025-02-02 01:17:31,19.75,0.0,0.0,0.0,21.904127
7248,-33.906151,222580,151.040207,02/02/2025 10:11:49,0.259,2025-02-02 10:11:49,23.9,0.1,0.1,51.0,25.431438
7168,-33.798195,222702,150.897125,02/03/2025 16:58:36,0.321,2025-02-03 16:58:36,28.1,0.0,0.0,0.0,28.983273
74229,-33.760658,224042,151.07962,02/16/2025 07:30:19,0.257,2025-02-16 07:30:19,14.15,0.0,0.0,0.0,14.391344
7120,-33.886311,225057,151.217911,02/26/2025 14:51:48,0.687,2025-02-26 14:51:48,26.1,0.0,0.0,2.0,29.056091
7121,-33.886032,225057,151.218079,02/26/2025 14:51:48,0.66,2025-02-26 14:51:48,26.1,0.0,0.0,2.0,29.056091
74230,-33.724735,222749,151.086151,02/04/2025 10:34:24,0.384,2025-02-04 10:34:24,25.7,0.0,0.0,0.0,28.416592
7251,-33.874916,223086,151.155319,02/07/2025 10:29:30,0.128,2025-02-07 10:29:30,26.95,0.0,0.0,0.0,28.401081
51235,-33.81551,223196,151.101105,02/08/2025 09:19:11,0.268,2025-02-08 09:19:11,25.05,0.0,0.0,3.0,26.711084
9658,-33.79353,223485,151.018829,02/11/2025 07:54:03,0.12,2025-02-11 07:54:03,17.45,0.0,0.0,0.0,19.123766
9658,-33.79353,223485,151.018829,02/11/2025 07:54:03,0.293,2025-02-11 07:54:03,17.45,0.0,0.0,0.0,19.123766
9658,-33.79353,223485,151.018829,02/11/2025 07:54:03,0.293,2025-02-11 07:54:03,17.45,0.0,0.0,0.0,19.123766
9658,-33.79353,223485,151.018829,02/11/2025 07:54:03,0.293,2025-02-11 07:54:03,17.45,0.0,0.0,0.0,19.123766
F3FWY003,-33.560299,223572,151.192551,02/12/2025 07:46:28,0.02,2025-02-12 07:46:28,18.3,0.0,0.0,1.0,20.158371
F3FWY003,-33.560299,223572,151.192551,02/12/2025 07:46:28,0.02,2025-02-12 07:46:28,18.3,0.0,0.0,1.0,20.158371
7179,-33.817272,223809,150.962784,02/13/2025 18:53:15,0.218,2025-02-13 18:53:15,26.85,0.0,0.0,0.0,27.554647
57025,-33.725773,224446,151.219788,02/20/2025 07:02:40,0.489,2025-02-20 07:02:40,17.2575,0.0,0.0,2.0,18.085125
55049,-33.729507,224672,151.30011,02/22/2025 03:31:46,0.119,2025-02-22 03:31:46,19.2,0.1,0.1,51.0,20.726448
55049,-33.729507,224672,151.30011,02/22/2025 03:31:46,0.119,2025-02-22 03:31:46,19.2,0.1,0.1,51.0,20.726448
55049,-33.729507,224672,151.30011,02/22/2025 03:31:46,0.119,2025-02-22 03:31:46,19.2,0.1,0.1,51.0,20.726448
55049,-33.729507,224672,151.30011,02/22/2025 03:31:46,0.119,2025-02-22 03:31:46,19.2,0.1,0.1,51.0,20.726448
55049,-33.729507,224672,151.30011,02/22/2025 03:31:46,0.119,2025-02-22 03:31:46,19.2,0.1,0.1,51.0,20.726448
55049,-33.729507,224672,151.30011,02/22/2025 03:31:46,0.119,2025-02-22 03:31:46,19.2,0.1,0.1,51.0,20.726448
55049,-33.729507,224672,151.30011,02/22/2025 03:31:46,0.119,2025-02-22 03:31:46,19.2,0.1,0.1,51.0,20.726448
55049,-33.729507,224672,151.30011,02/22/2025 03:31:46,0.119,2025-02-22 03:31:46,19.2,0.1,0.1,51.0,20.726448
33014,-33.806141,224709,151.17952,02/22/2025 17:37:27,0.59,2025-02-22 17:37:27,24.75,0.0,0.0,0.0,24.56245
7163,-33.865181,225132,151.171997,02/27/2025 08:27:12,0.532,2025-02-27 08:27:12,21.6,0.0,0.0,0.0,25.10723
29005,-33.824696,225352,151.093216,02/28/2025 18:34:55,0.279,2025-02-28 18:34:55,35.6,0.0,0.0,1.0,36.506718
7274,-33.779202,221802,150.814102,01/24/2025 16:14:44,0.678,2025-01-24 16:14:44,26.9,0.0,0.0,3.0,27.590082
7274,-33.779202,221802,150.814102,01/24/2025 16:14:44,0.678,2025-01-24 16:14:44,26.9,0.0,0.0,3.0,27.590082
47024,-33.83889,222700,151.029022,02/03/2025 16:42:05,0.18,2025-02-03 16:42:05,28.55,0.0,0.0,0.0,30.089329
47024,-33.83889,222700,151.029022,02/03/2025 16:42:05,0.18,2025-02-03 16:42:05,28.55,0.0,0.0,0.0,30.089329
7162,-34.045811,222782,151.133041,02/04/2025 15:20:31,0.162,2025-02-04 15:20:31,28.75,0.0,0.0,1.0,31.875
7162,-34.045811,222782,151.133041,02/04/2025 15:20:31,0.162,2025-02-04 15:20:31,28.75,0.0,0.0,1.0,31.875
7162,-34.045811,222782,151.133041,02/04/2025 15:20:31,0.162,2025-02-04 15:20:31,28.75,0.0,0.0,1.0,31.875
7162,-34.045811,222782,151.133041,02/04/2025 15:20:31,0.162,2025-02-04 15:20:31,28.75,0.0,0.0,1.0,31.875
57025,-33.725773,200313,151.219788,07/01/2024 15:15:07,0.137,2024-07-01 15:15:07,,,,,
7275,-33.894714,224060,151.110962,02/16/2025 15:02:42,0.569,2025-02-16 15:02:42,20.85,0.0,0.0,0.0,19.59651
53004,-33.75317,224877,151.151077,02/24/2025 23:38:42,0.432,2025-02-24 23:38:42,21.85,0.0,0.0,3.0,23.70688
7112,-33.843338,224891,151.043411,02/25/2025 06:51:07,0.493,2025-02-25 06:51:07,21.65,0.0,0.0,3.0,22.66557
7112,-33.843338,224891,151.043411,02/25/2025 06:51:07,0.493,2025-02-25 06:51:07,21.65,0.0,0.0,3.0,22.66557
7112,-33.843338,224891,151.043411,02/25/2025 06:51:07,0.493,2025-02-25 06:51:07,21.65,0.0,0.0,3.0,22.66557
7112,-33.843338,224891,151.043411,02/25/2025 06:51:07,0.493,2025-02-25 06:51:07,21.65,0.0,0.0,3.0,22.66557
7161,-33.740406,224991,151.060989,02/25/2025 21:32:55,0.505,2025-02-25 21:32:55,20.6,0.0,0.0,3.0,22.062124
7270,-33.793304,225221,151.119659,02/28/2025 05:39:34,0.647,2025-02-28 05:39:34,19.95,0.0,0.0,0.0,22.294292
7270,-33.793304,225221,151.119659,02/28/2025 05:39:34,0.647,2025-02-28 05:39:34,19.95,0.0,0.0,0.0,22.294292
53004,-33.75317,225312,151.151077,02/28/2025 14:46:48,0.14,2025-02-28 14:46:48,33.0,0.0,0.0,2.0,34.970837
50240,-33.796436,223090,150.987595,02/07/2025 10:37:47,0.086,2025-02-07 10:37:47,25.9,0.0,0.0,0.0,28.311779
50240,-33.796436,223090,150.987595,02/07/2025 10:37:47,0.086,2025-02-07 10:37:47,25.9,0.0,0.0,0.0,28.311779
7168,-33.798195,223445,150.897125,02/10/2025 16:54:49,0.011,2025-02-10 16:54:49,21.35,2.6,2.6,63.0,24.463894
7168,-33.798195,223445,150.897125,02/10/2025 16:54:49,0.011,2025-02-10 16:54:49,21.35,2.6,2.6,63.0,24.463894
7112,-33.843338,224244,151.043411,02/18/2025 14:04:05,0.044,2025-02-18 14:04:05,27.65,0.0,0.0,3.0,29.189083
F3FWY003,-33.560299,224250,151.192551,02/18/2025 14:28:51,0.025,2025-02-18 14:28:51,26.3,0.0,0.0,3.0,28.174911
F3FWY003,-33.560299,224250,151.192551,02/18/2025 14:28:51,0.025,2025-02-18 14:28:51,26.3,0.0,0.0,3.0,28.174911
7120,-33.886311,224510,151.217911,02/20/2025 14:46:35,0.014,2025-02-20 14:46:35,21.75,0.0,0.0,3.0,20.268358
7121,-33.886032,224510,151.218079,02/20/2025 14:46:35,0.045,2025-02-20 14:46:35,21.75,0.0,0.0,3.0,20.268358
7120,-33.886311,224510,151.217911,02/20/2025 14:46:35,0.014,2025-02-20 14:46:35,21.75,0.0,0.0,3.0,20.268358
7121,-33.886032,224510,151.218079,02/20/2025 14:46:35,0.045,2025-02-20 14:46:35,21.75,0.0,0.0,3.0,20.268358
23067,-33.934475,224696,151.15831,02/22/2025 14:41:52,0.079,2025-02-22 14:41:52,26.55,0.0,0.0,2.0,28.31633
7274,-33.779202,224975,150.814102,02/25/2025 16:48:53,0.028,2025-02-25 16:48:53,24.0,0.0,0.0,3.0,24.601608
7163,-33.865181,225120,151.171997,02/27/2025 06:31:52,0.422,2025-02-27 06:31:52,20.1,0.0,0.0,0.0,23.426752
29005,-33.824696,225238,151.093216,02/28/2025 08:32:19,0.251,2025-02-28 08:32:19,22.0,0.0,0.0,0.0,24.56417
29005,-33.824696,225238,151.093216,02/28/2025 08:32:19,0.251,2025-02-28 08:32:19,22.0,0.0,0.0,0.0,24.56417
29005,-33.824696,225238,151.093216,02/28/2025 08:32:19,0.251,2025-02-28 08:32:19,22.0,0.0,0.0,0.0,24.56417
29005,-33.824696,225340,151.093216,02/28/2025 16:54:48,0.58,2025-02-28 16:54:48,36.7,0.0,0.0,1.0,37.501446
29005,-33.824696,225340,151.093216,02/28/2025 16:54:48,0.58,2025-02-28 16:54:48,36.7,0.0,0.0,1.0,37.501446
7120,-33.886311,222759,151.217911,02/04/2025 11:29:40,0.183,2025-02-04 11:29:40,27.9,0.0,0.0,0.0,30.368248
7121,-33.886032,222759,151.218079,02/04/2025 11:29:40,0.155,2025-02-04 11:29:40,27.9,0.0,0.0,0.0,30.368248
7120,-33.886311,222759,151.217911,02/04/2025 11:29:40,0.183,2025-02-04 11:29:40,27.9,0.0,0.0,0.0,30.368248
7121,-33.886032,222759,151.218079,02/04/2025 11:29:40,0.155,2025-02-04 11:29:40,27.9,0.0,0.0,0.0,30.368248
7132,-33.953056,222837,151.137482,02/05/2025 08:33:24,0.074,2025-02-05 08:33:24,23.8,0.0,0.0,0.0,27.18574
7132,-33.953056,222837,151.137482,02/05/2025 08:33:24,0.074,2025-02-05 08:33:24,23.8,0.0,0.0,0.0,27.18574
7112,-33.843338,224000,151.043411,02/15/2025 15:05:35,0.236,2025-02-15 15:05:35,26.45,0.0,0.0,2.0,29.310154
7153,-33.8651123046875,224555,151.041610717773,02/21/2025 06:47:24,0.024,2025-02-21 06:47:24,18.3,0.0,0.0,3.0,18.952318
7184,-33.772957,224622,151.135391,02/21/2025 15:25:03,0.036,2025-02-21 15:25:03,21.9,0.1,0.1,51.0,23.103533
7184,-33.772957,224622,151.135391,02/21/2025 15:25:03,0.036,2025-02-21 15:25:03,21.9,0.1,0.1,51.0,23.103533
29005,-33.824696,224690,151.093216,02/22/2025 12:52:04,0.015,2025-02-22 12:52:04,26.15,0.1,0.1,51.0,29.233013
9849,-33.877975,224898,151.093185,02/25/2025 08:05:26,0.096,2025-02-25 08:05:26,21.65,0.0,0.0,3.0,22.69081
9849,-33.877975,224898,151.093185,02/25/2025 08:05:26,0.096,2025-02-25 08:05:26,21.65,0.0,0.0,3.0,22.69081
9849,-33.877975,224898,151.093185,02/25/2025 08:05:26,0.096,2025-02-25 08:05:26,21.65,0.0,0.0,3.0,22.69081
7153,-33.8651123046875,223180,151.041610717773,02/07/2025 23:14:49,0.132,2025-02-07 23:14:49,23.4,0.0,0.0,0.0,25.806702
7153,-33.8651123046875,223180,151.041610717773,02/07/2025 23:14:49,0.132,2025-02-07 23:14:49,23.4,0.0,0.0,0.0,25.806702
7153,-33.8651123046875,223180,151.041610717773,02/07/2025 23:14:49,0.132,2025-02-07 23:14:49,23.4,0.0,0.0,0.0,25.806702
7126,-34.035271,223254,151.113007,02/08/2025 22:18:44,0.542,2025-02-08 22:18:44,22.55,0.0,0.0,3.0,25.6587
7159,-33.888157,224720,150.922974,02/22/2025 22:27:47,0.507,2025-02-22 22:27:47,21.55,0.0,0.0,0.0,22.900673
7159,-33.888157,224720,150.922974,02/22/2025 22:27:47,0.507,2025-02-22 22:27:47,21.55,0.0,0.0,0.0,22.900673
7112,-33.843338,225159,151.043411,02/27/2025 12:04:30,0.271,2025-02-27 12:04:30,30.65,0.0,0.0,0.0,35.05469
7112,-33.843338,225159,151.043411,02/27/2025 12:04:30,0.271,2025-02-27 12:04:30,30.65,0.0,0.0,0.0,35.05469
7112,-33.843338,225193,151.043411,02/27/2025 16:15:44,0.113,2025-02-27 16:15:44,29.75,0.0,0.0,1.0,30.048908
7112,-33.843338,225193,151.043411,02/27/2025 16:15:44,0.113,2025-02-27 16:15:44,29.75,0.0,0.0,1.0,30.048908
7112,-33.843338,225193,151.043411,02/27/2025 16:15:44,0.113,2025-02-27 16:15:44,29.75,0.0,0.0,1.0,30.048908
47024,-33.83889,220055,151.029022,01/09/2025 22:21:09,0.242,2025-01-09 22:21:09,20.25,0.2,0.2,51.0,22.841908
47024,-33.83889,220055,151.029022,01/09/2025 22:21:09,0.242,2025-01-09 22:21:09,20.25,0.2,0.2,51.0,22.841908
47024,-33.83889,220055,151.029022,01/09/2025 22:21:09,0.242,2025-01-09 22:21:09,20.25,0.2,0.2,51.0,22.841908
47024,-33.83889,220055,151.029022,01/09/2025 22:21:09,0.242,2025-01-09 22:21:09,20.25,0.2,0.2,51.0,22.841908
47024,-33.83889,220055,151.029022,01/09/2025 22:21:09,0.242,2025-01-09 22:21:09,20.25,0.2,0.2,51.0,22.841908
7153,-33.8651123046875,222821,151.041610717773,02/05/2025 06:34:07,0.071,2025-02-05 06:34:07,21.55,0.0,0.0,0.0,25.048239
47024,-33.83889,220055,151.029022,01/09/2025 22:21:09,0.242,2025-01-09 22:21:09,20.25,0.2,0.2,51.0,22.841908
7274,-33.779202,223653,150.814102,02/12/2025 18:34:07,0.155,2025-02-12 18:34:07,26.8,0.0,0.0,0.0,27.723001
7132,-33.953056,223661,151.137482,02/12/2025 22:58:10,0.052,2025-02-12 22:58:10,22.75,0.1,0.1,51.0,24.381634
47024,-33.83889,220055,151.029022,01/09/2025 22:21:09,0.242,2025-01-09 22:21:09,20.25,0.2,0.2,51.0,22.841908
47024,-33.83889,220055,151.029022,01/09/2025 22:21:09,0.242,2025-01-09 22:21:09,20.25,0.2,0.2,51.0,22.841908
7184,-33.772957,224428,151.135391,02/19/2025 19:58:33,0.06,2025-02-19 19:58:33,21.9,0.0,0.0,3.0,21.91986
7184,-33.772957,224428,151.135391,02/19/2025 19:58:33,0.06,2025-02-19 19:58:33,21.9,0.0,0.0,3.0,21.91986
7132,-33.953056,224707,151.137482,02/22/2025 17:17:02,0.024,2025-02-22 17:17:02,25.5,0.0,0.0,0.0,24.896742
47024,-33.83889,220055,151.029022,01/09/2025 22:21:09,0.242,2025-01-09 22:21:09,20.25,0.2,0.2,51.0,22.841908
7153,-33.8651123046875,224767,151.041610717773,02/23/2025 17:43:55,0.006,2025-02-23 17:43:55,27.75,0.0,0.0,3.0,27.757835
7274,-33.779202,221804,150.814102,01/24/2025 16:36:19,0.678,2025-01-24 16:36:19,26.9,0.0,0.0,3.0,27.590082
7248,-33.906151,222597,151.040207,02/02/2025 14:54:35,0.03,2025-02-02 14:54:35,27.1,0.0,0.0,0.0,28.128765
7248,-33.906151,222597,151.040207,02/02/2025 14:54:35,0.03,2025-02-02 14:54:35,27.1,0.0,0.0,0.0,28.128765
7248,-33.906151,222597,151.040207,02/02/2025 14:54:35,0.03,2025-02-02 14:54:35,27.1,0.0,0.0,0.0,28.128765
7112,-33.843338,222623,151.043411,02/02/2025 22:41:43,0.104,2025-02-02 22:41:43,21.45,0.0,0.0,0.0,23.848635
7112,-33.843338,222623,151.043411,02/02/2025 22:41:43,0.104,2025-02-02 22:41:43,21.45,0.0,0.0,0.0,23.848635
7112,-33.843338,222623,151.043411,02/02/2025 22:41:43,0.104,2025-02-02 22:41:43,21.45,0.0,0.0,0.0,23.848635
68025,-33.816696,222696,150.976623,02/03/2025 16:19:14,0.377,2025-02-03 16:19:14,28.1,0.0,0.0,0.0,29.306137
7120,-33.886311,223780,151.217911,02/13/2025 16:19:55,0.453,2025-02-13 16:19:55,26.1,0.0,0.0,0.0,26.832296
7121,-33.886032,223780,151.218079,02/13/2025 16:19:55,0.418,2025-02-13 16:19:55,26.1,0.0,0.0,0.0,26.832296
47024,-33.83889,225126,151.029022,02/27/2025 07:31:11,0.238,2025-02-27 07:31:11,19.9,0.0,0.0,3.0,23.474243
47024,-33.83889,225126,151.029022,02/27/2025 07:31:11,0.238,2025-02-27 07:31:11,19.9,0.0,0.0,3.0,23.474243
T0085,-33.665455,223617,151.090271,02/12/2025 14:51:40,0.578,2025-02-12 14:51:40,25.4,0.6,0.6,53.0,27.535835
F3FWY004,-33.496265,224568,151.187408,02/21/2025 09:14:44,0.067,2025-02-21 09:14:44,18.95,0.0,0.0,3.0,19.818176
F3FWY004,-33.496265,224568,151.187408,02/21/2025 09:14:44,0.168,2025-02-21 09:14:44,18.95,0.0,0.0,3.0,19.818176
F3FWY004,-33.496265,224568,151.187408,02/21/2025 09:14:44,0.168,2025-02-21 09:14:44,18.95,0.0,0.0,3.0,19.818176
9658,-33.79353,225019,151.018829,02/26/2025 10:09:55,0.528,2025-02-26 10:09:55,23.45,0.0,0.0,3.0,26.323286
9658,-33.79353,225019,151.018829,02/26/2025 10:09:55,0.528,2025-02-26 10:09:55,23.45,0.0,0.0,3.0,26.323286
9658,-33.79353,225019,151.018829,02/26/2025 10:09:55,0.528,2025-02-26 10:09:55,23.45,0.0,0.0,3.0,26.323286
29005,-33.824696,225084,151.093216,02/26/2025 16:57:28,0.18,2025-02-26 16:57:28,27.55,0.0,0.0,0.0,30.223362
50240,-33.796436,222574,150.987595,02/02/2025 04:14:25,0.476,2025-02-02 04:14:25,18.7,0.0,0.0,0.0,20.86987
50240,-33.796436,222574,150.987595,02/02/2025 04:14:25,0.476,2025-02-02 04:14:25,18.7,0.0,0.0,0.0,20.86987
50240,-33.796436,222574,150.987595,02/02/2025 04:14:25,0.476,2025-02-02 04:14:25,18.7,0.0,0.0,0.0,20.86987
7274,-33.779202,222923,150.814102,02/05/2025 17:04:35,0.302,2025-02-05 17:04:35,27.45,0.0,0.0,3.0,29.702866
7274,-33.779202,222923,150.814102,02/05/2025 17:04:35,0.304,2025-02-05 17:04:35,27.45,0.0,0.0,3.0,29.702866
7274,-33.779202,222923,150.814102,02/05/2025 17:04:35,0.304,2025-02-05 17:04:35,27.45,0.0,0.0,3.0,29.702866
7126,-34.035271,188154,151.113007,03/13/2024 18:11:37,0.709,2024-03-13 18:11:37,,,,,
7248,-33.906151,223044,151.040207,02/06/2025 18:37:14,0.524,2025-02-06 18:37:14,27.7,0.0,0.0,0.0,29.728092
7248,-33.906151,223044,151.040207,02/06/2025 18:37:14,0.524,2025-02-06 18:37:14,27.7,0.0,0.0,0.0,29.728092
7248,-33.906151,223044,151.040207,02/06/2025 18:37:14,0.425,2025-02-06 18:37:14,27.7,0.0,0.0,0.0,29.728092
7248,-33.906151,223044,151.040207,02/06/2025 18:37:14,0.425,2025-02-06 18:37:14,27.7,0.0,0.0,0.0,29.728092
7248,-33.906151,223044,151.040207,02/06/2025 18:37:14,0.425,2025-02-06 18:37:14,27.7,0.0,0.0,0.0,29.728092
7248,-33.906151,223044,151.040207,02/06/2025 18:37:14,0.425,2025-02-06 18:37:14,27.7,0.0,0.0,0.0,29.728092
7248,-33.906151,223044,151.040207,02/06/2025 18:37:14,0.425,2025-02-06 18:37:14,27.7,0.0,0.0,0.0,29.728092
7248,-33.906151,223044,151.040207,02/06/2025 18:37:14,0.425,2025-02-06 18:37:14,27.7,0.0,0.0,0.0,29.728092
7248,-33.906151,223044,151.040207,02/06/2025 18:37:14,0.425,2025-02-06 18:37:14,27.7,0.0,0.0,0.0,29.728092
7248,-33.906151,223044,151.040207,02/06/2025 18:37:14,0.425,2025-02-06 18:37:14,27.7,0.0,0.0,0.0,29.728092
7248,-33.906151,223044,151.040207,02/06/2025 18:37:14,0.425,2025-02-06 18:37:14,27.7,0.0,0.0,0.0,29.728092
7248,-33.906151,223044,151.040207,02/06/2025 18:37:14,0.425,2025-02-06 18:37:14,27.7,0.0,0.0,0.0,29.728092
7248,-33.906151,223044,151.040207,02/06/2025 18:37:14,0.425,2025-02-06 18:37:14,27.7,0.0,0.0,0.0,29.728092
7248,-33.906151,223044,151.040207,02/06/2025 18:37:14,0.425,2025-02-06 18:37:14,27.7,0.0,0.0,0.0,29.728092
7248,-33.906151,223044,151.040207,02/06/2025 18:37:14,0.425,2025-02-06 18:37:14,27.7,0.0,0.0,0.0,29.728092
7248,-33.906151,223044,151.040207,02/06/2025 18:37:14,0.425,2025-02-06 18:37:14,27.7,0.0,0.0,0.0,29.728092
7248,-33.906151,223044,151.040207,02/06/2025 18:37:14,0.425,2025-02-06 18:37:14,27.7,0.0,0.0,0.0,29.728092
7132,-33.953056,223059,151.137482,02/07/2025 06:34:35,0.046,2025-02-07 06:34:35,20.7,0.0,0.0,0.0,23.902367
7168,-33.798195,223517,150.897125,02/11/2025 12:14:04,0.036,2025-02-11 12:14:04,24.45,0.0,0.0,1.0,26.685715
7168,-33.798195,223517,150.897125,02/11/2025 12:14:04,0.036,2025-02-11 12:14:04,24.45,0.0,0.0,1.0,26.685715
7184,-33.772957,223640,151.135391,02/12/2025 16:40:37,0.428,2025-02-12 16:40:37,26.5,0.0,0.0,0.0,29.118206
7184,-33.772957,223640,151.135391,02/12/2025 16:40:37,0.428,2025-02-12 16:40:37,26.5,0.0,0.0,0.0,29.118206
51235,-33.81551,224789,151.101105,02/24/2025 06:26:10,0.447,2025-02-24 06:26:10,18.75,0.0,0.0,0.0,21.358408
51235,-33.81551,224789,151.101105,02/24/2025 06:26:10,0.447,2025-02-24 06:26:10,18.75,0.0,0.0,0.0,21.358408
51235,-33.81551,224789,151.101105,02/24/2025 06:26:10,0.447,2025-02-24 06:26:10,18.75,0.0,0.0,0.0,21.358408
51235,-33.81551,224789,151.101105,02/24/2025 06:26:10,0.447,2025-02-24 06:26:10,18.75,0.0,0.0,0.0,21.358408
7132,-33.953056,222559,151.137482,02/01/2025 20:43:31,0.237,2025-02-01 20:43:31,23.2,0.0,0.0,0.0,24.784348
7251,-33.874916,222835,151.155319,02/05/2025 08:27:59,0.074,2025-02-05 08:27:59,24.0,0.0,0.0,0.0,27.19468
7274,-33.779202,223187,150.814102,02/08/2025 06:01:28,0.025,2025-02-08 06:01:28,19.15,0.0,0.0,0.0,22.006218
50240,-33.796436,223489,150.987595,02/11/2025 08:36:01,0.089,2025-02-11 08:36:01,19.2,0.0,0.0,0.0,21.193346
50240,-33.796436,223489,150.987595,02/11/2025 08:36:01,0.089,2025-02-11 08:36:01,19.2,0.0,0.0,0.0,21.193346
50240,-33.796436,223583,150.987595,02/12/2025 09:43:31,0.073,2025-02-12 09:43:31,21.3,0.0,0.0,1.0,23.651136
9827,-33.719955,223634,151.298111,02/12/2025 16:10:09,0.161,2025-02-12 16:10:09,24.8,0.0,0.0,0.0,28.008095
68025,-33.816696,223914,150.976623,02/14/2025 15:25:34,0.477,2025-02-14 15:25:34,25.0,0.5,0.5,53.0,28.319725
68025,-33.816696,223914,150.976623,02/14/2025 15:25:34,0.477,2025-02-14 15:25:34,25.0,0.5,0.5,53.0,28.319725
7179,-33.817272,225027,150.962784,02/26/2025 10:40:42,0.168,2025-02-26 10:40:42,23.85,0.0,0.0,3.0,26.43873
7251,-33.874916,221466,151.155319,01/21/2025 13:56:35,0.697,2025-01-21 13:56:35,23.9,0.0,0.0,0.0,26.816477
53004,-33.75317,222916,151.151077,02/05/2025 15:58:15,0.061,2025-02-05 15:58:15,27.05,0.0,0.0,3.0,28.986206
53004,-33.75317,222916,151.151077,02/05/2025 15:58:15,0.061,2025-02-05 15:58:15,27.05,0.0,0.0,3.0,28.986206
53004,-33.75317,222916,151.151077,02/05/2025 15:58:15,0.061,2025-02-05 15:58:15,27.05,0.0,0.0,3.0,28.986206
10011,-33.876652,223065,151.230606,02/07/2025 07:49:12,0.199,2025-02-07 07:49:12,20.65,0.0,0.0,0.0,23.649775
7139,-33.876884,223065,151.228683,02/07/2025 07:49:12,0.023,2025-02-07 07:49:12,20.65,0.0,0.0,0.0,23.649775
F3FWY002,-33.651676,223093,151.137741,02/07/2025 10:57:18,0.461,2025-02-07 10:57:18,25.7,0.0,0.0,0.0,27.467514
7168,-33.798195,223149,150.897125,02/07/2025 16:44:54,0.208,2025-02-07 16:44:54,31.45,0.0,0.0,0.0,33.894165
7251,-33.874916,221466,151.155319,01/21/2025 13:56:35,0.697,2025-01-21 13:56:35,23.9,0.0,0.0,0.0,26.816477
7251,-33.874916,222684,151.155319,02/03/2025 15:11:35,0.782,2025-02-03 15:11:35,28.25,0.0,0.0,0.0,30.65981
7179,-33.817272,223498,150.962784,02/11/2025 09:42:20,0.153,2025-02-11 09:42:20,21.3,0.0,0.0,0.0,23.188274
47024,-33.83889,223506,151.029022,02/11/2025 10:18:08,0.225,2025-02-11 10:18:08,23.55,0.0,0.0,2.0,25.780174
47024,-33.83889,223506,151.029022,02/11/2025 10:18:08,0.225,2025-02-11 10:18:08,23.55,0.0,0.0,2.0,25.780174
7179,-33.817272,223498,150.962784,02/11/2025 09:42:20,0.153,2025-02-11 09:42:20,21.3,0.0,0.0,0.0,23.188274
7164,-33.81562,223947,150.969238,02/14/2025 20:15:17,0.268,2025-02-14 20:15:17,23.9,0.0,0.0,3.0,28.444534
7164,-33.81562,223947,150.969238,02/14/2025 20:15:17,0.268,2025-02-14 20:15:17,23.9,0.0,0.0,3.0,28.444534
7164,-33.81562,223947,150.969238,02/14/2025 20:15:17,0.268,2025-02-14 20:15:17,23.9,0.0,0.0,3.0,28.444534
7168,-33.798195,224039,150.897125,02/16/2025 04:10:05,0.035,2025-02-16 04:10:05,15.05,0.0,0.0,0.0,15.485022
7132,-33.953056,225098,151.137482,02/26/2025 18:35:52,0.021,2025-02-26 18:35:52,24.85,0.0,0.0,0.0,25.703037
50240,-33.796436,223057,150.987595,02/07/2025 06:10:56,0.436,2025-02-07 06:10:56,18.8,0.0,0.0,0.0,21.441862
50240,-33.796436,223057,150.987595,02/07/2025 06:10:56,0.436,2025-02-07 06:10:56,18.8,0.0,0.0,0.0,21.441862
47024,-33.83889,223195,151.029022,02/08/2025 09:18:45,0.225,2025-02-08 09:18:45,25.05,0.0,0.0,3.0,26.711084
47024,-33.83889,223195,151.029022,02/08/2025 09:18:45,0.225,2025-02-08 09:18:45,25.05,0.0,0.0,3.0,26.711084
47024,-33.83889,223195,151.029022,02/08/2025 09:18:45,0.225,2025-02-08 09:18:45,25.05,0.0,0.0,3.0,26.711084
7119-PR,-33.817974,223756,150.981827,02/13/2025 15:17:45,0.006,2025-02-13 15:17:45,28.9,0.2,0.2,51.0,31.382942
7119-PR,-33.817974,223756,150.981827,02/13/2025 15:17:45,0.006,2025-02-13 15:17:45,28.9,0.2,0.2,51.0,31.382942
7119-PR,-33.817974,223756,150.981827,02/13/2025 15:17:45,0.042,2025-02-13 15:17:45,28.9,0.2,0.2,51.0,31.382942
7120,-33.886311,224271,151.217911,02/18/2025 16:13:27,0.088,2025-02-18 16:13:27,23.85,0.0,0.0,1.0,23.395596
7121,-33.886032,224271,151.218079,02/18/2025 16:13:27,0.087,2025-02-18 16:13:27,23.85,0.0,0.0,1.0,23.395596
7120,-33.886311,224271,151.217911,02/18/2025 16:13:27,0.088,2025-02-18 16:13:27,23.85,0.0,0.0,1.0,23.395596
7121,-33.886032,224271,151.218079,02/18/2025 16:13:27,0.087,2025-02-18 16:13:27,23.85,0.0,0.0,1.0,23.395596
7120,-33.886311,224271,151.217911,02/18/2025 16:13:27,0.088,2025-02-18 16:13:27,23.85,0.0,0.0,1.0,23.395596
7121,-33.886032,224271,151.218079,02/18/2025 16:13:27,0.087,2025-02-18 16:13:27,23.85,0.0,0.0,1.0,23.395596
7120,-33.886311,224271,151.217911,02/18/2025 16:13:27,0.071,2025-02-18 16:13:27,23.85,0.0,0.0,1.0,23.395596
7121,-33.886032,224271,151.218079,02/18/2025 16:13:27,0.039,2025-02-18 16:13:27,23.85,0.0,0.0,1.0,23.395596
F3FWY001,-33.694206,224435,151.121323,02/19/2025 22:14:59,0.313,2025-02-19 22:14:59,18.6,0.0,0.0,2.0,19.888239
50250,-33.797592,224652,150.975433,02/21/2025 18:31:41,0.408,2025-02-21 18:31:41,20.8,0.6,0.6,53.0,21.895603
50250,-33.797592,224652,150.975433,02/21/2025 18:31:41,0.408,2025-02-21 18:31:41,20.8,0.6,0.6,53.0,21.895603
29005,-33.824696,224798,151.093216,02/24/2025 07:35:47,0.588,2025-02-24 07:35:47,18.8,0.0,0.0,1.0,21.521048
29005,-33.824696,224798,151.093216,02/24/2025 07:35:47,0.588,2025-02-24 07:35:47,18.8,0.0,0.0,1.0,21.521048
29005,-33.824696,224798,151.093216,02/24/2025 07:35:47,0.588,2025-02-24 07:35:47,18.8,0.0,0.0,1.0,21.521048
F3FWY003,-33.560299,224842,151.192551,02/24/2025 14:24:19,0.325,2025-02-24 14:24:19,27.75,0.0,0.0,1.0,32.26575
F3FWY003,-33.560299,224950,151.192551,02/25/2025 14:26:00,0.927,2025-02-25 14:26:00,22.85,0.0,0.0,3.0,23.02816
7168,-33.798195,225010,150.897125,02/26/2025 07:41:49,0.431,2025-02-26 07:41:49,19.7,0.0,0.0,3.0,21.642046
74228,-33.723019,225018,151.036606,02/26/2025 10:01:23,0.255,2025-02-26 10:01:23,23.1,0.4,0.4,51.0,25.79001
7120,-33.886311,225049,151.217911,02/26/2025 13:19:35,0.333,2025-02-26 13:19:35,25.9,0.1,0.1,51.0,29.074272
7121,-33.886032,225049,151.218079,02/26/2025 13:19:35,0.306,2025-02-26 13:19:35,25.9,0.1,0.1,51.0,29.074272
T0288,-33.455536,225248,151.205093,02/28/2025 09:47:16,0.137,2025-02-28 09:47:16,24.8,0.0,0.0,0.0,27.579025
T0289,-33.455235,225248,151.205383,02/28/2025 09:47:16,0.18,2025-02-28 09:47:16,24.8,0.0,0.0,0.0,27.579025
T0290,-33.454796,225248,151.205872,02/28/2025 09:47:16,0.246,2025-02-28 09:47:16,24.8,0.0,0.0,0.0,27.579025
T0479-PR,-33.454525,225248,151.206726,02/28/2025 09:47:16,0.323,2025-02-28 09:47:16,24.8,0.0,0.0,0.0,27.579025
34016,-33.778187,225334,151.267136,02/28/2025 16:36:51,0.077,2025-02-28 16:36:51,31.0,0.0,0.0,1.0,34.92472
9849,-33.877975,222953,151.093185,02/06/2025 05:44:14,0.217,2025-02-06 05:44:14,21.05,0.0,0.0,3.0,23.98058
7184,-33.772957,223424,151.135391,02/10/2025 14:03:40,0.297,2025-02-10 14:03:40,21.9,1.2,1.2,55.0,24.29126
7184,-33.772957,223424,151.135391,02/10/2025 14:03:40,0.297,2025-02-10 14:03:40,21.9,1.2,1.2,55.0,24.29126
7184,-33.772957,223424,151.135391,02/10/2025 14:03:40,0.27,2025-02-10 14:03:40,21.9,1.2,1.2,55.0,24.29126
7184,-33.772957,223424,151.135391,02/10/2025 14:03:40,0.27,2025-02-10 14:03:40,21.9,1.2,1.2,55.0,24.29126
7184,-33.772957,223424,151.135391,02/10/2025 14:03:40,0.27,2025-02-10 14:03:40,21.9,1.2,1.2,55.0,24.29126
7120,-33.886311,223483,151.217911,02/11/2025 07:43:55,0.239,2025-02-11 07:43:55,19.25,0.0,0.0,1.0,21.13598
7121,-33.886032,223483,151.218079,02/11/2025 07:43:55,0.237,2025-02-11 07:43:55,19.25,0.0,0.0,1.0,21.13598
7120,-33.886311,223483,151.217911,02/11/2025 07:43:55,0.239,2025-02-11 07:43:55,19.25,0.0,0.0,1.0,21.13598
7121,-33.886032,223483,151.218079,02/11/2025 07:43:55,0.237,2025-02-11 07:43:55,19.25,0.0,0.0,1.0,21.13598
7120,-33.886311,223483,151.217911,02/11/2025 07:43:55,0.239,2025-02-11 07:43:55,19.25,0.0,0.0,1.0,21.13598
7121,-33.886032,223483,151.218079,02/11/2025 07:43:55,0.237,2025-02-11 07:43:55,19.25,0.0,0.0,1.0,21.13598
9658,-33.79353,223838,151.018829,02/14/2025 08:47:49,0.6,2025-02-14 08:47:49,21.95,0.0,0.0,2.0,24.826004
9658,-33.79353,223838,151.018829,02/14/2025 08:47:49,0.6,2025-02-14 08:47:49,21.95,0.0,0.0,2.0,24.826004
7112,-33.843338,224331,151.043411,02/19/2025 09:19:56,0.189,2025-02-19 09:19:56,21.55,0.0,0.0,1.0,22.651693
7112,-33.843338,224331,151.043411,02/19/2025 09:19:56,0.189,2025-02-19 09:19:56,21.55,0.0,0.0,1.0,22.651693
7112,-33.843338,224331,151.043411,02/19/2025 09:19:56,0.189,2025-02-19 09:19:56,21.55,0.0,0.0,1.0,22.651693
7112,-33.843338,224331,151.043411,02/19/2025 09:19:56,0.189,2025-02-19 09:19:56,21.55,0.0,0.0,1.0,22.651693
7112,-33.843338,224331,151.043411,02/19/2025 09:19:56,0.14,2025-02-19 09:19:56,21.55,0.0,0.0,1.0,22.651693
9849,-33.877975,224412,151.093185,02/19/2025 16:42:40,0.217,2025-02-19 16:42:40,25.65,0.1,0.1,51.0,25.973778
22001,-33.825577,224638,151.233261,02/21/2025 16:52:26,0.643,2025-02-21 16:52:26,21.5,0.4,0.4,51.0,22.340485
22001,-33.825577,224638,151.233261,02/21/2025 16:52:26,0.643,2025-02-21 16:52:26,21.5,0.4,0.4,51.0,22.340485
51235,-33.81551,225235,151.101105,02/28/2025 08:14:54,0.55,2025-02-28 08:14:54,22.0,0.0,0.0,0.0,24.56417
51235,-33.81551,225235,151.101105,02/28/2025 08:14:54,0.55,2025-02-28 08:14:54,22.0,0.0,0.0,0.0,24.56417
51235,-33.81551,225235,151.101105,02/28/2025 08:14:54,0.55,2025-02-28 08:14:54,22.0,0.0,0.0,0.0,24.56417
51235,-33.81551,225235,151.101105,02/28/2025 08:14:54,0.55,2025-02-28 08:14:54,22.0,0.0,0.0,0.0,24.56417
51235,-33.81551,225235,151.101105,02/28/2025 08:14:54,0.55,2025-02-28 08:14:54,22.0,0.0,0.0,0.0,24.56417
51235,-33.81551,213529,151.101105,11/08/2024 10:59:08,0.491,2024-11-08 10:59:08,,,,,
51235,-33.81551,213529,151.101105,11/08/2024 10:59:08,0.491,2024-11-08 10:59:08,,,,,
51235,-33.81551,213529,151.101105,11/08/2024 10:59:08,0.491,2024-11-08 10:59:08,,,,,
51235,-33.81551,213529,151.101105,11/08/2024 10:59:08,0.491,2024-11-08 10:59:08,,,,,
51235,-33.81551,213529,151.101105,11/08/2024 10:59:08,0.491,2024-11-08 10:59:08,,,,,
7123-PR,-33.769588,220610,150.768738,01/15/2025 14:03:44,0.004,2025-01-15 14:03:44,34.1,0.0,0.0,3.0,40.536915
68025,-33.816696,222699,150.976623,02/03/2025 16:39:01,0.485,2025-02-03 16:39:01,28.1,0.0,0.0,0.0,29.306137
68025,-33.816696,222699,150.976623,02/03/2025 16:39:01,0.485,2025-02-03 16:39:01,28.1,0.0,0.0,0.0,29.306137
68025,-33.816696,222699,150.976623,02/03/2025 16:39:01,0.485,2025-02-03 16:39:01,28.1,0.0,0.0,0.0,29.306137
47024,-33.83889,223214,151.029022,02/08/2025 12:54:02,0.449,2025-02-08 12:54:02,30.25,0.0,0.0,3.0,33.68913
34016,-33.778187,223282,151.267136,02/09/2025 10:49:27,0.2,2025-02-09 10:49:27,23.1,0.2,0.2,51.0,25.130453
34016,-33.778187,223282,151.267136,02/09/2025 10:49:27,0.2,2025-02-09 10:49:27,23.1,0.2,0.2,51.0,25.130453
9849,-33.877975,223290,151.093185,02/09/2025 13:03:33,0.217,2025-02-09 13:03:33,27.65,0.1,0.1,51.0,31.94934
7274,-33.779202,223315,150.814102,02/09/2025 17:34:50,0.028,2025-02-09 17:34:50,26.8,0.2,0.2,51.0,28.531311
10011,-33.876652,223348,151.230606,02/10/2025 08:02:13,0.692,2025-02-10 08:02:13,20.7,2.2,2.2,61.0,22.443388
7139,-33.876884,223348,151.228683,02/10/2025 08:02:13,0.851,2025-02-10 08:02:13,20.7,2.2,2.2,61.0,22.443388
10011,-33.876652,223348,151.230606,02/10/2025 08:02:13,0.692,2025-02-10 08:02:13,20.7,2.2,2.2,61.0,22.443388
7139,-33.876884,223348,151.228683,02/10/2025 08:02:13,0.851,2025-02-10 08:02:13,20.7,2.2,2.2,61.0,22.443388
10011,-33.876652,223348,151.230606,02/10/2025 08:02:13,0.692,2025-02-10 08:02:13,20.7,2.2,2.2,61.0,22.443388
7139,-33.876884,223348,151.228683,02/10/2025 08:02:13,0.851,2025-02-10 08:02:13,20.7,2.2,2.2,61.0,22.443388
7163,-33.865181,223386,151.171997,02/10/2025 12:31:24,0.335,2025-02-10 12:31:24,22.25,1.1,1.1,55.0,23.370726
7120,-33.886311,223457,151.217911,02/10/2025 19:14:44,0.131,2025-02-10 19:14:44,22.0,0.1,0.1,51.0,23.752281
7121,-33.886032,223457,151.218079,02/10/2025 19:14:44,0.099,2025-02-10 19:14:44,22.0,0.1,0.1,51.0,23.752281
7120,-33.886311,223457,151.217911,02/10/2025 19:14:44,0.131,2025-02-10 19:14:44,22.0,0.1,0.1,51.0,23.752281
7121,-33.886032,223457,151.218079,02/10/2025 19:14:44,0.099,2025-02-10 19:14:44,22.0,0.1,0.1,51.0,23.752281
22001,-33.825577,223658,151.233261,02/12/2025 21:01:24,0.643,2025-02-12 21:01:24,22.75,0.0,0.0,1.0,24.606478
7161,-33.740406,223704,151.060989,02/13/2025 09:58:04,0.027,2025-02-13 09:58:04,23.5,0.1,0.1,51.0,24.558197
51235,-33.81551,223705,151.101105,02/13/2025 10:19:50,0.237,2025-02-13 10:19:50,25.9,0.0,0.0,1.0,27.65485
22001,-33.825577,224168,151.233261,02/17/2025 20:15:22,0.643,2025-02-17 20:15:22,19.3,0.0,0.0,0.0,17.874859
7153,-33.8651123046875,224330,151.041610717773,02/19/2025 09:14:59,0.014,2025-02-19 09:14:59,21.55,0.0,0.0,1.0,22.651693
7184,-33.772957,224346,151.135391,02/19/2025 11:27:00,0.626,2025-02-19 11:27:00,22.6,0.1,0.1,51.0,24.173634
7112,-33.843338,214595,151.043411,11/18/2024 15:21:05,0.211,2024-11-18 15:21:05,,,,,
7112,-33.843338,214595,151.043411,11/18/2024 15:21:05,0.211,2024-11-18 15:21:05,,,,,
7112,-33.843338,214595,151.043411,11/18/2024 15:21:05,0.211,2024-11-18 15:21:05,,,,,
7112,-33.843338,214595,151.043411,11/18/2024 15:21:05,0.211,2024-11-18 15:21:05,,,,,
7112,-33.843338,214595,151.043411,11/18/2024 15:21:05,0.211,2024-11-18 15:21:05,,,,,
7112,-33.843338,214595,151.043411,11/18/2024 15:21:05,0.211,2024-11-18 15:21:05,,,,,
7112,-33.843338,214595,151.043411,11/18/2024 15:21:05,0.211,2024-11-18 15:21:05,,,,,
53003,-33.729225,222661,151.122208,02/03/2025 13:13:46,0.285,2025-02-03 13:13:46,27.7,0.0,0.0,0.0,30.407898
7119-PR,-33.817974,222788,150.981827,02/04/2025 15:55:24,0.019,2025-02-04 15:55:24,33.7,0.0,0.0,0.0,37.513824
7119-PR,-33.817974,222788,150.981827,02/04/2025 15:55:24,0.019,2025-02-04 15:55:24,33.7,0.0,0.0,0.0,37.513824
7119-PR,-33.817974,222788,150.981827,02/04/2025 15:55:24,0.019,2025-02-04 15:55:24,33.7,0.0,0.0,0.0,37.513824
7179,-33.817272,223042,150.962784,02/06/2025 17:23:34,0.196,2025-02-06 17:23:34,28.2,0.0,0.0,0.0,30.306835
7179,-33.817272,223042,150.962784,02/06/2025 17:23:34,0.196,2025-02-06 17:23:34,28.2,0.0,0.0,0.0,30.306835
7179,-33.817272,223042,150.962784,02/06/2025 17:23:34,0.196,2025-02-06 17:23:34,28.2,0.0,0.0,0.0,30.306835
7248,-33.906151,223046,151.040207,02/06/2025 19:54:06,0.528,2025-02-06 19:54:06,26.65,0.0,0.0,0.0,28.75542
7248,-33.906151,223046,151.040207,02/06/2025 19:54:06,0.528,2025-02-06 19:54:06,26.65,0.0,0.0,0.0,28.75542
7248,-33.906151,223046,151.040207,02/06/2025 19:54:06,0.528,2025-02-06 19:54:06,26.65,0.0,0.0,0.0,28.75542
7248,-33.906151,223046,151.040207,02/06/2025 19:54:06,0.528,2025-02-06 19:54:06,26.65,0.0,0.0,0.0,28.75542
7248,-33.906151,223046,151.040207,02/06/2025 19:54:06,0.528,2025-02-06 19:54:06,26.65,0.0,0.0,0.0,28.75542
7184,-33.772957,223110,151.135391,02/07/2025 13:17:28,0.005,2025-02-07 13:17:28,30.05,0.0,0.0,0.0,34.054146
7184,-33.772957,223110,151.135391,02/07/2025 13:17:28,0.005,2025-02-07 13:17:28,30.05,0.0,0.0,0.0,34.054146
7184,-33.772957,223110,151.135391,02/07/2025 13:17:28,0.005,2025-02-07 13:17:28,30.05,0.0,0.0,0.0,34.054146
7162,-34.045811,223224,151.133041,02/08/2025 16:20:19,0.654,2025-02-08 16:20:19,27.2,0.0,0.0,2.0,28.390076
7162,-34.045811,223224,151.133041,02/08/2025 16:20:19,0.654,2025-02-08 16:20:19,27.2,0.0,0.0,2.0,28.390076
7162,-34.045811,223224,151.133041,02/08/2025 16:20:19,0.654,2025-02-08 16:20:19,27.2,0.0,0.0,2.0,28.390076
9658,-33.79353,224287,151.018829,02/18/2025 18:34:06,0.567,2025-02-18 18:34:06,24.5,0.0,0.0,0.0,23.854305
53004,-33.75317,224588,151.151077,02/21/2025 11:20:02,0.53,2025-02-21 11:20:02,20.1,0.3,0.3,51.0,20.879395
33014,-33.806141,225230,151.17952,02/28/2025 07:27:37,0.446,2025-02-28 07:27:37,20.6,0.0,0.0,0.0,22.941217
33014,-33.806141,225230,151.17952,02/28/2025 07:27:37,0.446,2025-02-28 07:27:37,20.6,0.0,0.0,0.0,22.941217
33014,-33.806141,225230,151.17952,02/28/2025 07:27:37,0.446,2025-02-28 07:27:37,20.6,0.0,0.0,0.0,22.941217
33014,-33.806141,225230,151.17952,02/28/2025 07:27:37,0.446,2025-02-28 07:27:37,20.6,0.0,0.0,0.0,22.941217
7163,-33.865181,225280,151.171997,02/28/2025 12:00:49,0.491,2025-02-28 12:00:49,30.75,0.0,0.0,3.0,35.428635
7274,-33.779202,222632,150.814102,02/03/2025 07:23:57,0.011,2025-02-03 07:23:57,18.25,0.0,0.0,3.0,20.187334
7274,-33.779202,222632,150.814102,02/03/2025 07:23:57,0.011,2025-02-03 07:23:57,18.25,0.0,0.0,3.0,20.187334
7162,-34.045811,222771,151.133041,02/04/2025 13:53:52,0.162,2025-02-04 13:53:52,29.3,0.0,0.0,0.0,33.597828
7162,-34.045811,222771,151.133041,02/04/2025 13:53:52,0.162,2025-02-04 13:53:52,29.3,0.0,0.0,0.0,33.597828
68025,-33.816696,223225,150.976623,02/08/2025 16:22:17,0.46,2025-02-08 16:22:17,30.35,0.0,0.0,3.0,30.732498
68025,-33.816696,223225,150.976623,02/08/2025 16:22:17,0.46,2025-02-08 16:22:17,30.35,0.0,0.0,3.0,30.732498
68025,-33.816696,223225,150.976623,02/08/2025 16:22:17,0.46,2025-02-08 16:22:17,30.35,0.0,0.0,3.0,30.732498
68025,-33.816696,223225,150.976623,02/08/2025 16:22:17,0.46,2025-02-08 16:22:17,30.35,0.0,0.0,3.0,30.732498
68025,-33.816696,223225,150.976623,02/08/2025 16:22:17,0.46,2025-02-08 16:22:17,30.35,0.0,0.0,3.0,30.732498
68025,-33.816696,223225,150.976623,02/08/2025 16:22:17,0.46,2025-02-08 16:22:17,30.35,0.0,0.0,3.0,30.732498
34016,-33.778187,224121,151.267136,02/17/2025 12:19:37,0.29,2025-02-17 12:19:37,20.9,0.0,0.0,1.0,20.47935
34016,-33.778187,224121,151.267136,02/17/2025 12:19:37,0.29,2025-02-17 12:19:37,20.9,0.0,0.0,1.0,20.47935
7184,-33.772957,224259,151.135391,02/18/2025 14:55:56,0.004,2025-02-18 14:55:56,26.75,0.0,0.0,3.0,29.305046
7120,-33.886311,224420,151.217911,02/19/2025 18:42:52,0.12,2025-02-19 18:42:52,23.2,0.0,0.0,3.0,22.812805
7121,-33.886032,224420,151.218079,02/19/2025 18:42:52,0.086,2025-02-19 18:42:52,23.2,0.0,0.0,3.0,22.812805
7120,-33.886311,224541,151.217911,02/20/2025 19:25:09,0.076,2025-02-20 19:25:09,20.95,0.0,0.0,3.0,19.984678
7121,-33.886032,224541,151.218079,02/20/2025 19:25:09,0.073,2025-02-20 19:25:09,20.95,0.0,0.0,3.0,19.984678
F3FWY003,-33.560299,222566,151.192551,02/02/2025 01:17:31,0.253,2025-02-02 01:17:31,19.75,0.0,0.0,0.0,21.904127
F3FWY003,-33.560299,222566,151.192551,02/02/2025 01:17:31,0.253,2025-02-02 01:17:31,19.75,0.0,0.0,0.0,21.904127
7248,-33.906151,222580,151.040207,02/02/2025 10:11:49,0.259,2025-02-02 10:11:49,23.9,0.1,0.1,51.0,25.431438
7168,-33.798195,222702,150.897125,02/03/2025 16:58:36,0.321,2025-02-03 16:58:36,28.1,0.0,0.0,0.0,28.983273
74229,-33.760658,224042,151.07962,02/16/2025 07:30:19,0.248,2025-02-16 07:30:19,14.15,0.0,0.0,0.0,14.391344
74229,-33.760658,224042,151.07962,02/16/2025 07:30:19,0.257,2025-02-16 07:30:19,14.15,0.0,0.0,0.0,14.391344
74229,-33.760658,224042,151.07962,02/16/2025 07:30:19,0.257,2025-02-16 07:30:19,14.15,0.0,0.0,0.0,14.391344
74229,-33.760658,224042,151.07962,02/16/2025 07:30:19,0.257,2025-02-16 07:30:19,14.15,0.0,0.0,0.0,14.391344
74229,-33.760658,224042,151.07962,02/16/2025 07:30:19,0.257,2025-02-16 07:30:19,14.15,0.0,0.0,0.0,14.391344
74229,-33.760658,224042,151.07962,02/16/2025 07:30:19,0.257,2025-02-16 07:30:19,14.15,0.0,0.0,0.0,14.391344
7120,-33.886311,225057,151.217911,02/26/2025 14:51:48,0.687,2025-02-26 14:51:48,26.1,0.0,0.0,2.0,29.056091
7121,-33.886032,225057,151.218079,02/26/2025 14:51:48,0.66,2025-02-26 14:51:48,26.1,0.0,0.0,2.0,29.056091
7164,-33.81562,223304,150.969238,02/09/2025 16:07:49,0.032,2025-02-09 16:07:49,26.2,0.0,0.0,3.0,27.924568
50240,-33.796436,226011,150.987595,03/06/2025 21:51:48,0.375,2025-03-06 21:51:48,20.45,0.2,0.2,51.0,21.352367
7126,-34.035271,226627,151.113007,03/09/2025 15:35:49,0.104,2025-03-09 15:35:49,25.7,0.0,0.0,1.0,26.80744
55049,-33.729507,226666,151.30011,03/09/2025 18:37:13,0.818,2025-03-09 18:37:13,23.7,0.0,0.0,1.0,23.810389
7112,-33.843338,227089,151.043411,03/11/2025 19:06:48,0.14,2025-03-11 19:06:48,21.6,0.3,0.3,51.0,23.881987
53004,-33.75317,227603,151.151077,03/16/2025 11:16:36,0.729,2025-03-16 11:16:36,31.65,0.0,0.0,3.0,31.885548
7251,-33.874916,228711,151.155319,03/26/2025 14:16:16,0.626,2025-03-26 14:16:16,25.55,0.0,0.0,3.0,27.037327
50240,-33.796436,225693,150.987595,03/05/2025 09:07:37,0.518,2025-03-05 09:07:37,20.8,0.0,0.0,2.0,23.14362
7112,-33.843338,227430,151.043411,03/14/2025 08:28:45,0.094,2025-03-14 08:28:45,19.15,0.0,0.0,3.0,21.883446
50240,-33.796436,227606,150.987595,03/16/2025 11:47:10,0.077,2025-03-16 11:47:10,32.1,0.0,0.0,3.0,32.055202
9658,-33.79353,227895,151.018829,03/19/2025 08:21:00,0.708,2025-03-19 08:21:00,17.85,0.0,0.0,3.0,18.86094
7275,-33.894714,227933,151.110962,03/19/2025 12:36:32,0.387,2025-03-19 12:36:32,27.25,0.0,0.0,1.0,28.55791
50240,-33.796436,228632,150.987595,03/25/2025 21:03:53,0.076,2025-03-25 21:03:53,20.4,0.0,0.0,3.0,23.850437
F3FWY003,-33.560299,226713,151.192551,03/10/2025 07:25:37,0.119,2025-03-10 07:25:37,20.2,0.0,0.0,3.0,22.599098
7275,-33.894714,227425,151.110962,03/14/2025 08:10:37,0.017,2025-03-14 08:10:37,19.15,0.0,0.0,3.0,21.883446
7161,-33.740406,227732,151.060989,03/17/2025 13:55:58,0.39,2025-03-17 13:55:58,20.15,0.0,0.0,0.0,17.881147
10011,-33.876652,228203,151.230606,03/21/2025 12:12:12,0.383,2025-03-21 12:12:12,21.6,2.8,2.8,63.0,24.751286
7139,-33.876884,228203,151.228683,03/21/2025 12:12:12,0.546,2025-03-21 12:12:12,21.6,2.8,2.8,63.0,24.751286
51235,-33.81551,225780,151.101105,03/05/2025 17:13:19,0.352,2025-03-05 17:13:19,25.05,0.0,0.0,1.0,24.86157
7153,-33.8651123046875,225812,151.041610717773,03/06/2025 06:33:15,0.576,2025-03-06 06:33:15,18.9,0.0,0.0,1.0,20.918312
55049,-33.729507,226697,151.30011,03/10/2025 02:03:50,0.819,2025-03-10 02:03:50,21.4,0.0,0.0,0.0,22.771246
50240,-33.796436,226884,150.987595,03/10/2025 13:30:39,0.125,2025-03-10 13:30:39,24.45,0.1,0.1,51.0,26.212559
7184,-33.772957,227085,151.135391,03/11/2025 18:17:14,0.038,2025-03-11 18:17:14,21.75,0.0,0.0,2.0,22.722187
7163,-33.865181,227282,151.171997,03/13/2025 01:28:06,0.463,2025-03-13 01:28:06,20.15,0.0,0.0,0.0,23.022953
7112,-33.843338,227351,151.043411,03/13/2025 13:44:41,0.211,2025-03-13 13:44:41,28.45,0.0,0.0,0.0,33.80522
7132,-33.953056,227669,151.137482,03/17/2025 03:51:06,0.913,2025-03-17 03:51:06,19.45,0.0,0.0,3.0,16.967657
33014,-33.806141,227898,151.17952,03/19/2025 08:35:31,0.79,2025-03-19 08:35:31,19.6,0.0,0.0,3.0,20.88814
F3FWY003,-33.560299,228375,151.192551,03/23/2025 04:21:46,0.096,2025-03-23 04:21:46,19.45,0.2,0.2,51.0,21.80431
T0342,-33.65556,229110,151.063828,03/28/2025 10:42:48,0.147,2025-03-28 10:42:48,21.45,0.1,0.1,51.0,23.596058
F3FWY001,-33.694206,229462,151.121323,03/29/2025 16:28:21,0.097,2025-03-29 16:28:21,19.6,0.7,0.7,53.0,21.901917
T0231,-33.838615,229636,151.143753,03/31/2025 06:46:27,0.701,2025-03-31 06:46:27,18.4,0.1,0.1,51.0,17.011187
F3FWY005,-33.429348,226976,151.22467,03/11/2025 07:34:59,0.7,2025-03-11 07:34:59,18.95,0.3,0.3,51.0,21.510275
7132,-33.953056,227206,151.137482,03/12/2025 12:58:55,0.017,2025-03-12 12:58:55,24.4,0.2,0.2,51.0,27.928814
23067,-33.934475,227483,151.15831,03/14/2025 15:49:36,0.515,2025-03-14 15:49:36,29.25,0.0,0.0,1.0,35.201103
10011,-33.876652,227604,151.230606,03/16/2025 11:20:12,0.274,2025-03-16 11:20:12,32.45,0.0,0.0,3.0,32.362625
7139,-33.876884,227604,151.228683,03/16/2025 11:20:12,0.097,2025-03-16 11:20:12,32.45,0.0,0.0,3.0,32.362625
22001,-33.825577,227659,151.233261,03/16/2025 21:24:28,0.5,2025-03-16 21:24:28,30.45,0.0,0.0,3.0,29.326416
F3FWY002,-33.651676,226879,151.137741,03/10/2025 13:18:21,0.253,2025-03-10 13:18:21,23.25,0.2,0.2,51.0,24.624363
7274,-33.779202,228362,150.814102,03/22/2025 23:06:22,0.495,2025-03-22 23:06:22,21.0,0.0,0.0,1.0,23.213045
T0085,-33.665455,228933,151.090271,03/27/2025 17:56:56,0.346,2025-03-27 17:56:56,23.2,0.0,0.0,3.0,23.620457
7179,-33.817272,225425,150.962784,03/02/2025 17:03:01,0.083,2025-03-02 17:03:01,26.9,0.0,0.0,3.0,27.69801
7112,-33.843338,225430,151.043411,03/03/2025 00:07:44,0.404,2025-03-03 00:07:44,21.35,0.0,0.0,3.0,23.055788
7120,-33.886311,225624,151.217911,03/04/2025 15:31:53,0.576,2025-03-04 15:31:53,23.8,0.1,0.1,51.0,24.530949
7121,-33.886032,225624,151.218079,03/04/2025 15:31:53,0.548,2025-03-04 15:31:53,23.8,0.1,0.1,51.0,24.530949
9658,-33.79353,225653,151.018829,03/04/2025 20:51:30,0.525,2025-03-04 20:51:30,20.1,0.0,0.0,1.0,20.973963
7179,-33.817272,225705,150.962784,03/05/2025 10:26:29,0.188,2025-03-05 10:26:29,23.2,0.4,0.4,51.0,24.117332
50260,-33.819763,225760,151.05188,03/05/2025 15:24:42,0.126,2025-03-05 15:24:42,25.4,0.0,0.0,1.0,25.634972
68025,-33.816696,226132,150.976623,03/07/2025 11:20:21,0.206,2025-03-07 11:20:21,23.4,0.0,0.0,2.0,22.787735
7270,-33.793304,226499,151.119659,03/08/2025 18:20:55,0.02,2025-03-08 18:20:55,23.25,0.0,0.0,0.0,23.75192
7112,-33.843338,226923,151.043411,03/10/2025 16:44:15,0.169,2025-03-10 16:44:15,23.95,0.1,0.1,51.0,26.07435
7179,-33.817272,227083,150.962784,03/11/2025 17:48:46,0.13,2025-03-11 17:48:46,22.65,0.1,0.1,51.0,24.020817
7112,-33.843338,227316,151.043411,03/13/2025 10:23:40,0.667,2025-03-13 10:23:40,23.8,0.0,0.0,0.0,26.855577
7184,-33.772957,227403,151.135391,03/13/2025 22:42:09,0.033,2025-03-13 22:42:09,21.25,0.0,0.0,0.0,23.192848
47024,-33.83889,227566,151.029022,03/15/2025 18:06:53,0.244,2025-03-15 18:06:53,30.25,0.0,0.0,3.0,34.100418
7161,-33.740406,227674,151.060989,03/17/2025 06:08:00,0.674,2025-03-17 06:08:00,16.1,0.0,0.0,1.0,13.65646
29005,-33.824696,227838,151.093216,03/18/2025 15:12:13,0.338,2025-03-18 15:12:13,24.15,0.0,0.0,3.0,23.202353
34016,-33.778187,225989,151.267136,03/06/2025 17:01:11,0.209,2025-03-06 17:01:11,23.25,0.1,0.1,51.0,22.60176
T0085,-33.665455,226507,151.090271,03/08/2025 20:37:48,0.346,2025-03-08 20:37:48,20.0,0.1,0.1,51.0,21.123669
50240,-33.796436,227547,150.987595,03/15/2025 12:40:57,0.09,2025-03-15 12:40:57,29.7,0.0,0.0,3.0,34.756657
7161,-33.740406,228703,151.060989,03/26/2025 13:11:12,0.027,2025-03-26 13:11:12,26.25,0.0,0.0,1.0,28.071587
7132,-33.953056,228735,151.137482,03/26/2025 17:26:15,0.203,2025-03-26 17:26:15,24.8,0.0,0.0,0.0,25.007736
33014,-33.806141,225805,151.17952,03/06/2025 03:47:37,0.775,2025-03-06 03:47:37,21.0,0.0,0.0,1.0,22.957851
7179,-33.817272,227097,150.962784,03/11/2025 22:16:08,0.194,2025-03-11 22:16:08,20.6,0.0,0.0,3.0,23.640598
7164,-33.81562,227258,150.969238,03/12/2025 17:05:02,0.273,2025-03-12 17:05:02,24.8,0.9,0.9,53.0,26.578222
7251,-33.874916,228405,151.155319,03/23/2025 14:01:49,0.015,2025-03-23 14:01:49,22.35,0.3,0.3,51.0,24.071068
10011,-33.876652,229624,151.230606,03/31/2025 03:37:59,0.16,2025-03-31 03:37:59,18.6,0.6,0.6,53.0,17.517319
7139,-33.876884,229624,151.228683,03/31/2025 03:37:59,0.02,2025-03-31 03:37:59,18.6,0.6,0.6,53.0,17.517319
7179,-33.817272,225739,150.962784,03/05/2025 14:13:58,0.513,2025-03-05 14:13:58,26.6,0.0,0.0,3.0,27.972004
47024,-33.83889,227124,151.029022,03/12/2025 07:00:22,0.243,2025-03-12 07:00:22,18.6,0.0,0.0,3.0,21.276499
68025,-33.816696,227150,150.976623,03/12/2025 09:11:56,0.519,2025-03-12 09:11:56,21.15,0.0,0.0,2.0,23.905
7248,-33.906151,227511,151.040207,03/14/2025 18:36:53,0.05,2025-03-14 18:36:53,29.4,0.0,0.0,3.0,32.969364
10011,-33.876652,227875,151.230606,03/18/2025 23:39:03,0.105,2025-03-18 23:39:03,20.3,0.0,0.0,0.0,20.252905
7139,-33.876884,227875,151.228683,03/18/2025 23:39:03,0.075,2025-03-18 23:39:03,20.3,0.0,0.0,0.0,20.252905
10011,-33.876652,227942,151.230606,03/19/2025 13:55:03,0.455,2025-03-19 13:55:03,25.9,0.0,0.0,0.0,26.942915
7139,-33.876884,227942,151.228683,03/19/2025 13:55:03,0.612,2025-03-19 13:55:03,25.9,0.0,0.0,0.0,26.942915
T0288,-33.455536,228179,151.205093,03/21/2025 10:36:58,0.17,2025-03-21 10:36:58,25.1,0.0,0.0,3.0,25.916164
T0289,-33.455235,228179,151.205383,03/21/2025 10:36:58,0.127,2025-03-21 10:36:58,25.1,0.0,0.0,3.0,25.916164
T0290,-33.454796,228179,151.205872,03/21/2025 10:36:58,0.061,2025-03-21 10:36:58,25.1,0.0,0.0,3.0,25.916164
T0479-PR,-33.454525,228179,151.206726,03/21/2025 10:36:58,0.037,2025-03-21 10:36:58,25.1,0.0,0.0,3.0,25.916164
7248,-33.906151,228351,151.040207,03/22/2025 15:51:25,0.123,2025-03-22 15:51:25,25.2,0.0,0.0,2.0,27.171705
7112,-33.843338,228451,151.043411,03/24/2025 08:39:19,0.612,2025-03-24 08:39:19,20.3,0.0,0.0,3.0,23.638943
7163,-33.865181,228505,151.171997,03/24/2025 14:16:25,0.21,2025-03-24 14:16:25,23.55,0.0,0.0,2.0,24.714182
7179,-33.817272,225622,150.962784,03/04/2025 15:18:22,0.262,2025-03-04 15:18:22,25.1,0.1,0.1,51.0,25.803194
7179,-33.817272,225390,150.962784,03/01/2025 20:04:39,0.309,2025-03-01 20:04:39,26.55,0.0,0.0,0.0,29.002243
32029,-33.821175,225363,151.149902,03/01/2025 04:34:54,0.344,2025-03-01 04:34:54,20.65,0.0,0.0,1.0,23.22647
10011,-33.876652,225542,151.230606,03/04/2025 06:23:37,0.203,2025-03-04 06:23:37,20.45,0.2,0.2,51.0,21.43904
7139,-33.876884,225542,151.228683,03/04/2025 06:23:37,0.024,2025-03-04 06:23:37,20.45,0.2,0.2,51.0,21.43904
9658,-33.79353,225769,151.018829,03/05/2025 16:07:48,0.709,2025-03-05 16:07:48,25.4,0.0,0.0,1.0,25.409002
7179,-33.817272,226857,150.962784,03/10/2025 12:03:33,0.238,2025-03-10 12:03:33,24.7,0.0,0.0,3.0,26.55843
7164,-33.81562,227368,150.969238,03/13/2025 15:50:10,0.022,2025-03-13 15:50:10,29.9,0.0,0.0,0.0,34.49707
57025,-33.725773,227395,151.219788,03/13/2025 18:56:48,0.303,2025-03-13 18:56:48,24.0575,0.0,0.0,0.0,25.901503
68025,-33.816696,227633,150.976623,03/16/2025 15:59:32,0.109,2025-03-16 15:59:32,37.05,0.0,0.0,3.0,35.326435
7150,-33.724922,228007,150.977127,03/20/2025 08:30:53,0.167,2025-03-20 08:30:53,19.1,0.0,0.0,0.0,20.979698
7248,-33.906151,228202,151.040207,03/21/2025 12:07:32,0.346,2025-03-21 12:07:32,21.4,2.0,2.0,61.0,24.49427
7126,-34.035271,228381,151.113007,03/23/2025 08:04:14,0.691,2025-03-23 08:04:14,20.3,0.3,0.3,51.0,21.515306
51235,-33.81551,229747,151.101105,03/31/2025 19:34:10,0.273,2025-03-31 19:34:10,19.05,0.0,0.0,1.0,18.380402
7251,-33.874916,222901,151.155319,02/05/2025 15:25:38,0.697,2025-02-05 15:25:38,26.55,0.0,0.0,3.0,26.897713
23067,-33.934475,225822,151.15831,03/06/2025 08:17:03,0.274,2025-03-06 08:17:03,21.45,0.1,0.1,51.0,22.437822
53004,-33.75317,226197,151.151077,03/07/2025 13:46:35,0.048,2025-03-07 13:46:35,23.8,0.0,0.0,3.0,23.524035
7112,-33.843338,227288,151.043411,03/13/2025 05:44:00,0.211,2025-03-13 05:44:00,18.5,0.0,0.0,0.0,21.046118
T0231,-33.838615,227635,151.143753,03/16/2025 16:03:44,0.858,2025-03-16 16:03:44,36.85,0.0,0.0,3.0,34.343277
7120,-33.886311,227661,151.217911,03/16/2025 22:09:13,0.112,2025-03-16 22:09:13,30.3,0.0,0.0,3.0,28.515274
7121,-33.886032,227661,151.218079,03/16/2025 22:09:13,0.113,2025-03-16 22:09:13,30.3,0.0,0.0,3.0,28.515274
68025,-33.816696,228704,150.976623,03/26/2025 13:20:29,0.122,2025-03-26 13:20:29,26.1,0.0,0.0,3.0,28.853188
7132,-33.953056,228950,151.137482,03/27/2025 21:12:33,0.021,2025-03-27 21:12:33,21.9,0.0,0.0,3.0,23.653625
33014,-33.806141,225995,151.17952,03/06/2025 17:36:45,0.6,2025-03-06 17:36:45,23.8,0.1,0.1,51.0,23.22152
7161,-33.740406,226007,151.060989,03/06/2025 19:19:59,0.066,2025-03-06 19:19:59,21.2,0.1,0.1,51.0,21.559782
33014,-33.806141,226786,151.17952,03/10/2025 10:19:24,0.603,2025-03-10 10:19:24,24.1,0.0,0.0,1.0,25.133282
23067,-33.934475,226899,151.15831,03/10/2025 14:40:20,0.567,2025-03-10 14:40:20,24.9,0.2,0.2,51.0,26.116077
7168,-33.798195,226987,150.897125,03/11/2025 08:33:28,0.029,2025-03-11 08:33:28,20.95,0.0,0.0,3.0,24.565739
33014,-33.806141,227277,151.17952,03/12/2025 22:10:47,0.728,2025-03-12 22:10:47,20.95,0.0,0.0,0.0,23.83268
51235,-33.81551,227321,151.101105,03/13/2025 10:45:25,0.211,2025-03-13 10:45:25,23.8,0.0,0.0,0.0,26.855577
7159,-33.888157,227344,150.922974,03/13/2025 12:45:54,0.02,2025-03-13 12:45:54,26.3,0.0,0.0,0.0,30.19601
7168,-33.798195,227958,150.897125,03/19/2025 15:21:50,0.388,2025-03-19 15:21:50,30.45,0.0,0.0,3.0,30.879517
7123-PR,-33.769588,227208,150.768738,03/12/2025 13:09:25,0.355,2025-03-12 13:09:25,24.95,0.0,0.0,3.0,27.794052
53004,-33.75317,228553,151.151077,03/25/2025 07:01:22,0.448,2025-03-25 07:01:22,19.7,0.0,0.0,3.0,22.328226
23067,-33.934475,229038,151.15831,03/28/2025 09:00:01,0.158,2025-03-28 09:00:01,20.7,0.3,0.3,51.0,22.024445
7179,-33.817272,229725,150.962784,03/31/2025 16:05:40,0.532,2025-03-31 16:05:40,22.05,0.0,0.0,1.0,20.551903
7120,-33.886311,227366,151.217911,03/13/2025 15:37:26,0.104,2025-03-13 15:37:26,26.2,0.0,0.0,0.0,29.774517
7121,-33.886032,227366,151.218079,03/13/2025 15:37:26,0.102,2025-03-13 15:37:26,26.2,0.0,0.0,0.0,29.774517
7184,-33.772957,228000,151.135391,03/20/2025 06:30:53,0.289,2025-03-20 06:30:53,18.55,0.0,0.0,3.0,19.672884
7274,-33.779202,228232,150.814102,03/21/2025 14:54:39,0.251,2025-03-21 14:54:39,23.35,0.0,0.0,3.0,26.259548
7184,-33.772957,228300,151.135391,03/21/2025 19:28:54,0.038,2025-03-21 19:28:54,22.45,0.1,0.1,51.0,24.764729
53003,-33.729225,228387,151.122208,03/23/2025 10:48:10,0.561,2025-03-23 10:48:10,22.5,0.1,0.1,51.0,24.371815
68025,-33.816696,228547,150.976623,03/25/2025 05:41:37,0.098,2025-03-25 05:41:37,20.6,0.0,0.0,3.0,23.091549
10011,-33.876652,229247,151.230606,03/28/2025 18:52:36,0.314,2025-03-28 18:52:36,22.65,0.0,0.0,3.0,23.792683
7139,-33.876884,229247,151.228683,03/28/2025 18:52:36,0.137,2025-03-28 18:52:36,22.65,0.0,0.0,3.0,23.792683
7119-PR,-33.817974,229592,150.981827,03/30/2025 19:46:33,0.004,2025-03-30 19:46:33,20.85,0.1,0.1,51.0,20.910952
7112,-33.843338,229596,151.043411,03/30/2025 20:43:28,0.137,2025-03-30 20:43:28,20.2,0.4,0.4,51.0,20.469824
53004,-33.75317,229618,151.151077,03/31/2025 00:12:45,0.469,2025-03-31 00:12:45,18.25,0.3,0.3,51.0,18.410309
7120,-33.886311,225297,151.217911,02/28/2025 13:38:23,0.234,2025-02-28 13:38:23,30.95,0.0,0.0,3.0,34.633583
7121,-33.886032,225297,151.218079,02/28/2025 13:38:23,0.265,2025-02-28 13:38:23,30.95,0.0,0.0,3.0,34.633583
9836-PR,-33.819687,225464,151.117416,03/03/2025 10:23:34,0.517,2025-03-03 10:23:34,21.9,0.1,0.1,51.0,21.98686
7120,-33.886311,225996,151.217911,03/06/2025 17:38:35,0.204,2025-03-06 17:38:35,23.8,0.1,0.1,51.0,23.22152
7121,-33.886032,225996,151.218079,03/06/2025 17:38:35,0.236,2025-03-06 17:38:35,23.8,0.1,0.1,51.0,23.22152
7112,-33.843338,226867,151.043411,03/10/2025 12:32:02,0.143,2025-03-10 12:32:02,25.2,0.0,0.0,3.0,26.503002
33014,-33.806141,227142,151.17952,03/12/2025 08:38:53,0.869,2025-03-12 08:38:53,20.3,0.0,0.0,1.0,22.798326
7251,-33.874916,225080,151.155319,02/26/2025 16:42:20,0.626,2025-02-26 16:42:20,26.0,0.0,0.0,0.0,27.761265
7168,-33.798195,227671,150.897125,03/17/2025 05:20:13,0.036,2025-03-17 05:20:13,19.6,0.0,0.0,0.0,18.208086
50240,-33.796436,228549,150.987595,03/25/2025 06:13:51,0.191,2025-03-25 06:13:51,20.2,0.0,0.0,3.0,22.664385
53003,-33.729225,229123,151.122208,03/28/2025 11:23:57,0.692,2025-03-28 11:23:57,22.9,0.2,0.2,51.0,23.912212
55049,-33.729507,229641,151.30011,03/31/2025 07:35:37,0.257,2025-03-31 07:35:37,17.9,0.1,0.1,51.0,15.981529
7120,-33.886311,216951,151.217911,12/05/2024 14:04:56,0.475,2024-12-05 14:04:56,,,,,
7121,-33.886032,216951,151.218079,12/05/2024 14:04:56,0.441,2024-12-05 14:04:56,,,,,
7248,-33.906151,225498,151.040207,03/03/2025 14:30:11,0.287,2025-03-03 14:30:11,25.35,0.0,0.0,2.0,24.738628
68025,-33.816696,225556,150.976623,03/04/2025 08:01:42,0.542,2025-03-04 08:01:42,20.5,0.5,0.5,53.0,21.446157
53004,-33.75317,226249,151.151077,03/07/2025 16:10:14,0.418,2025-03-07 16:10:14,23.75,0.0,0.0,2.0,22.970444
7168,-33.798195,226785,150.897125,03/10/2025 10:18:23,0.655,2025-03-10 10:18:23,23.75,0.1,0.1,51.0,25.680164
23067,-33.934475,227036,151.15831,03/11/2025 12:49:15,0.509,2025-03-11 12:49:15,22.7,0.3,0.3,51.0,25.073591
50240,-33.796436,227126,150.987595,03/12/2025 07:16:29,0.098,2025-03-12 07:16:29,18.15,0.0,0.0,1.0,20.6156
10011,-33.876652,227415,151.230606,03/14/2025 06:13:44,0.675,2025-03-14 06:13:44,18.6,0.0,0.0,3.0,21.189749
7139,-33.876884,227415,151.228683,03/14/2025 06:13:44,0.834,2025-03-14 06:13:44,18.6,0.0,0.0,3.0,21.189749
7123-PR,-33.769588,227541,150.768738,03/15/2025 11:34:43,0.974,2025-03-15 11:34:43,26.5,0.0,0.0,3.0,30.610249
9658,-33.79353,227645,151.018829,03/16/2025 18:35:31,0.586,2025-03-16 18:35:31,33.75,0.0,0.0,3.0,32.578465
47024,-33.83889,228135,151.029022,03/21/2025 06:32:05,0.238,2025-03-21 06:32:05,19.55,0.0,0.0,3.0,22.145096
F3FWY003,-33.560299,227774,151.192551,03/18/2025 06:23:16,0.374,2025-03-18 06:23:16,14.95,0.0,0.0,1.0,14.190018
7179,-33.817272,229117,150.962784,03/28/2025 10:56:44,0.134,2025-03-28 10:56:44,20.8,0.2,0.2,51.0,22.53905
9658,-33.79353,225506,151.018829,03/03/2025 15:08:28,0.5,2025-03-03 15:08:28,24.9,0.0,0.0,3.0,24.315924
33014,-33.806141,225994,151.17952,03/06/2025 17:27:04,0.6,2025-03-06 17:27:04,23.8,0.1,0.1,51.0,23.22152
F3FWY003,-33.560299,226017,151.192551,03/06/2025 23:48:28,0.03,2025-03-06 23:48:28,19.5,0.2,0.2,51.0,20.477325
50240,-33.796436,227008,150.987595,03/11/2025 10:00:59,0.123,2025-03-11 10:00:59,23.25,0.1,0.1,51.0,25.568596
74229,-33.760658,224406,151.07962,02/19/2025 16:03:14,0.288,2025-02-19 16:03:14,24.45,0.0,0.0,1.0,25.224285
7153,-33.8651123046875,227399,151.041610717773,03/13/2025 20:49:19,0.145,2025-03-13 20:49:19,22.85,0.0,0.0,0.0,25.318327
7179,-33.817272,227807,150.962784,03/18/2025 11:15:46,0.221,2025-03-18 11:15:46,22.05,0.0,0.0,1.0,22.483603
7248,-33.906151,228310,151.040207,03/22/2025 04:18:20,0.237,2025-03-22 04:18:20,20.1,0.0,0.0,2.0,22.142075
7120,-33.886311,229322,151.217911,03/29/2025 11:41:20,0.745,2025-03-29 11:41:20,19.65,1.1,1.1,55.0,20.42244
7121,-33.886032,229322,151.218079,03/29/2025 11:41:20,0.727,2025-03-29 11:41:20,19.65,1.1,1.1,55.0,20.42244
50240,-33.796436,226011,150.987595,03/06/2025 21:51:48,0.375,2025-03-06 21:51:48,20.45,0.2,0.2,51.0,21.352367
7126,-34.035271,226627,151.113007,03/09/2025 15:35:49,0.104,2025-03-09 15:35:49,25.7,0.0,0.0,1.0,26.80744
55049,-33.729507,226666,151.30011,03/09/2025 18:37:13,0.818,2025-03-09 18:37:13,23.7,0.0,0.0,1.0,23.810389
7112,-33.843338,227089,151.043411,03/11/2025 19:06:48,0.14,2025-03-11 19:06:48,21.6,0.3,0.3,51.0,23.881987
7112,-33.843338,227089,151.043411,03/11/2025 19:06:48,0.14,2025-03-11 19:06:48,21.6,0.3,0.3,51.0,23.881987
7112,-33.843338,227089,151.043411,03/11/2025 19:06:48,0.14,2025-03-11 19:06:48,21.6,0.3,0.3,51.0,23.881987
53004,-33.75317,227603,151.151077,03/16/2025 11:16:36,0.729,2025-03-16 11:16:36,31.65,0.0,0.0,3.0,31.885548
53004,-33.75317,227603,151.151077,03/16/2025 11:16:36,0.729,2025-03-16 11:16:36,31.65,0.0,0.0,3.0,31.885548
53004,-33.75317,227603,151.151077,03/16/2025 11:16:36,0.729,2025-03-16 11:16:36,31.65,0.0,0.0,3.0,31.885548
7251,-33.874916,228711,151.155319,03/26/2025 14:16:16,0.626,2025-03-26 14:16:16,25.55,0.0,0.0,3.0,27.037327
50240,-33.796436,225693,150.987595,03/05/2025 09:07:37,0.483,2025-03-05 09:07:37,20.8,0.0,0.0,2.0,23.14362
50240,-33.796436,225693,150.987595,03/05/2025 09:07:37,0.518,2025-03-05 09:07:37,20.8,0.0,0.0,2.0,23.14362
7112,-33.843338,227430,151.043411,03/14/2025 08:28:45,0.094,2025-03-14 08:28:45,19.15,0.0,0.0,3.0,21.883446
7112,-33.843338,227430,151.043411,03/14/2025 08:28:45,0.094,2025-03-14 08:28:45,19.15,0.0,0.0,3.0,21.883446
50240,-33.796436,227606,150.987595,03/16/2025 11:47:10,0.077,2025-03-16 11:47:10,32.1,0.0,0.0,3.0,32.055202
50240,-33.796436,227606,150.987595,03/16/2025 11:47:10,0.077,2025-03-16 11:47:10,32.1,0.0,0.0,3.0,32.055202
50240,-33.796436,227606,150.987595,03/16/2025 11:47:10,0.077,2025-03-16 11:47:10,32.1,0.0,0.0,3.0,32.055202
9658,-33.79353,227895,151.018829,03/19/2025 08:21:00,0.708,2025-03-19 08:21:00,17.85,0.0,0.0,3.0,18.86094
9658,-33.79353,227895,151.018829,03/19/2025 08:21:00,0.708,2025-03-19 08:21:00,17.85,0.0,0.0,3.0,18.86094
7275,-33.894714,227933,151.110962,03/19/2025 12:36:32,0.351,2025-03-19 12:36:32,27.25,0.0,0.0,1.0,28.55791
7275,-33.894714,227933,151.110962,03/19/2025 12:36:32,0.403,2025-03-19 12:36:32,27.25,0.0,0.0,1.0,28.55791
7275,-33.894714,227933,151.110962,03/19/2025 12:36:32,0.403,2025-03-19 12:36:32,27.25,0.0,0.0,1.0,28.55791
7275,-33.894714,227933,151.110962,03/19/2025 12:36:32,0.403,2025-03-19 12:36:32,27.25,0.0,0.0,1.0,28.55791
7275,-33.894714,227933,151.110962,03/19/2025 12:36:32,0.403,2025-03-19 12:36:32,27.25,0.0,0.0,1.0,28.55791
7275,-33.894714,227933,151.110962,03/19/2025 12:36:32,0.403,2025-03-19 12:36:32,27.25,0.0,0.0,1.0,28.55791
7275,-33.894714,227933,151.110962,03/19/2025 12:36:32,0.403,2025-03-19 12:36:32,27.25,0.0,0.0,1.0,28.55791
7275,-33.894714,227933,151.110962,03/19/2025 12:36:32,0.403,2025-03-19 12:36:32,27.25,0.0,0.0,1.0,28.55791
7275,-33.894714,227933,151.110962,03/19/2025 12:36:32,0.403,2025-03-19 12:36:32,27.25,0.0,0.0,1.0,28.55791
7275,-33.894714,227933,151.110962,03/19/2025 12:36:32,0.403,2025-03-19 12:36:32,27.25,0.0,0.0,1.0,28.55791
7275,-33.894714,227933,151.110962,03/19/2025 12:36:32,0.403,2025-03-19 12:36:32,27.25,0.0,0.0,1.0,28.55791
7275,-33.894714,227933,151.110962,03/19/2025 12:36:32,0.403,2025-03-19 12:36:32,27.25,0.0,0.0,1.0,28.55791
7275,-33.894714,227933,151.110962,03/19/2025 12:36:32,0.387,2025-03-19 12:36:32,27.25,0.0,0.0,1.0,28.55791
7275,-33.894714,227933,151.110962,03/19/2025 12:36:32,0.387,2025-03-19 12:36:32,27.25,0.0,0.0,1.0,28.55791
50240,-33.796436,228632,150.987595,03/25/2025 21:03:53,0.076,2025-03-25 21:03:53,20.4,0.0,0.0,3.0,23.850437
50240,-33.796436,228632,150.987595,03/25/2025 21:03:53,0.076,2025-03-25 21:03:53,20.4,0.0,0.0,3.0,23.850437
50240,-33.796436,228632,150.987595,03/25/2025 21:03:53,0.076,2025-03-25 21:03:53,20.4,0.0,0.0,3.0,23.850437
50240,-33.796436,228632,150.987595,03/25/2025 21:03:53,0.076,2025-03-25 21:03:53,20.4,0.0,0.0,3.0,23.850437
50240,-33.796436,228632,150.987595,03/25/2025 21:03:53,0.076,2025-03-25 21:03:53,20.4,0.0,0.0,3.0,23.850437
F3FWY003,-33.560299,226713,151.192551,03/10/2025 07:25:37,0.166,2025-03-10 07:25:37,20.2,0.0,0.0,3.0,22.599098
F3FWY003,-33.560299,226713,151.192551,03/10/2025 07:25:37,0.119,2025-03-10 07:25:37,20.2,0.0,0.0,3.0,22.599098
F3FWY003,-33.560299,226713,151.192551,03/10/2025 07:25:37,0.119,2025-03-10 07:25:37,20.2,0.0,0.0,3.0,22.599098
F3FWY003,-33.560299,226713,151.192551,03/10/2025 07:25:37,0.119,2025-03-10 07:25:37,20.2,0.0,0.0,3.0,22.599098
7275,-33.894714,227425,151.110962,03/14/2025 08:10:37,0.017,2025-03-14 08:10:37,19.15,0.0,0.0,3.0,21.883446
7275,-33.894714,227425,151.110962,03/14/2025 08:10:37,0.017,2025-03-14 08:10:37,19.15,0.0,0.0,3.0,21.883446
7161,-33.740406,227732,151.060989,03/17/2025 13:55:58,0.39,2025-03-17 13:55:58,20.15,0.0,0.0,0.0,17.881147
10011,-33.876652,228203,151.230606,03/21/2025 12:12:12,0.383,2025-03-21 12:12:12,21.6,2.8,2.8,63.0,24.751286
7139,-33.876884,228203,151.228683,03/21/2025 12:12:12,0.546,2025-03-21 12:12:12,21.6,2.8,2.8,63.0,24.751286
10011,-33.876652,228203,151.230606,03/21/2025 12:12:12,0.383,2025-03-21 12:12:12,21.6,2.8,2.8,63.0,24.751286
7139,-33.876884,228203,151.228683,03/21/2025 12:12:12,0.546,2025-03-21 12:12:12,21.6,2.8,2.8,63.0,24.751286
10011,-33.876652,228203,151.230606,03/21/2025 12:12:12,0.383,2025-03-21 12:12:12,21.6,2.8,2.8,63.0,24.751286
7139,-33.876884,228203,151.228683,03/21/2025 12:12:12,0.546,2025-03-21 12:12:12,21.6,2.8,2.8,63.0,24.751286
10011,-33.876652,228203,151.230606,03/21/2025 12:12:12,0.383,2025-03-21 12:12:12,21.6,2.8,2.8,63.0,24.751286
7139,-33.876884,228203,151.228683,03/21/2025 12:12:12,0.546,2025-03-21 12:12:12,21.6,2.8,2.8,63.0,24.751286
51235,-33.81551,225780,151.101105,03/05/2025 17:13:19,0.352,2025-03-05 17:13:19,25.05,0.0,0.0,1.0,24.86157
7153,-33.8651123046875,225812,151.041610717773,03/06/2025 06:33:15,0.576,2025-03-06 06:33:15,18.9,0.0,0.0,1.0,20.918312
55049,-33.729507,226697,151.30011,03/10/2025 02:03:50,0.819,2025-03-10 02:03:50,21.4,0.0,0.0,0.0,22.771246
55049,-33.729507,226697,151.30011,03/10/2025 02:03:50,0.819,2025-03-10 02:03:50,21.4,0.0,0.0,0.0,22.771246
50240,-33.796436,226884,150.987595,03/10/2025 13:30:39,0.198,2025-03-10 13:30:39,24.45,0.1,0.1,51.0,26.212559
50240,-33.796436,226884,150.987595,03/10/2025 13:30:39,0.125,2025-03-10 13:30:39,24.45,0.1,0.1,51.0,26.212559
7184,-33.772957,227085,151.135391,03/11/2025 18:17:14,0.038,2025-03-11 18:17:14,21.75,0.0,0.0,2.0,22.722187
7163,-33.865181,227282,151.171997,03/13/2025 01:28:06,0.463,2025-03-13 01:28:06,20.15,0.0,0.0,0.0,23.022953
7112,-33.843338,227351,151.043411,03/13/2025 13:44:41,0.211,2025-03-13 13:44:41,28.45,0.0,0.0,0.0,33.80522
7112,-33.843338,227426,151.043411,03/14/2025 08:10:55,0.096,2025-03-14 08:10:55,19.15,0.0,0.0,3.0,21.883446
7132,-33.953056,227669,151.137482,03/17/2025 03:51:06,0.913,2025-03-17 03:51:06,19.45,0.0,0.0,3.0,16.967657
7132,-33.953056,227669,151.137482,03/17/2025 03:51:06,0.913,2025-03-17 03:51:06,19.45,0.0,0.0,3.0,16.967657
7132,-33.953056,227669,151.137482,03/17/2025 03:51:06,0.913,2025-03-17 03:51:06,19.45,0.0,0.0,3.0,16.967657
7132,-33.953056,227669,151.137482,03/17/2025 03:51:06,0.913,2025-03-17 03:51:06,19.45,0.0,0.0,3.0,16.967657
7132,-33.953056,227669,151.137482,03/17/2025 03:51:06,0.913,2025-03-17 03:51:06,19.45,0.0,0.0,3.0,16.967657
7132,-33.953056,227669,151.137482,03/17/2025 03:51:06,0.913,2025-03-17 03:51:06,19.45,0.0,0.0,3.0,16.967657
7132,-33.953056,227669,151.137482,03/17/2025 03:51:06,0.913,2025-03-17 03:51:06,19.45,0.0,0.0,3.0,16.967657
7132,-33.953056,227669,151.137482,03/17/2025 03:51:06,0.913,2025-03-17 03:51:06,19.45,0.0,0.0,3.0,16.967657
7132,-33.953056,227669,151.137482,03/17/2025 03:51:06,0.913,2025-03-17 03:51:06,19.45,0.0,0.0,3.0,16.967657
7132,-33.953056,227669,151.137482,03/17/2025 03:51:06,0.913,2025-03-17 03:51:06,19.45,0.0,0.0,3.0,16.967657
7132,-33.953056,227669,151.137482,03/17/2025 03:51:06,0.913,2025-03-17 03:51:06,19.45,0.0,0.0,3.0,16.967657
7132,-33.953056,227669,151.137482,03/17/2025 03:51:06,0.913,2025-03-17 03:51:06,19.45,0.0,0.0,3.0,16.967657
7132,-33.953056,227669,151.137482,03/17/2025 03:51:06,0.913,2025-03-17 03:51:06,19.45,0.0,0.0,3.0,16.967657
7132,-33.953056,227669,151.137482,03/17/2025 03:51:06,0.913,2025-03-17 03:51:06,19.45,0.0,0.0,3.0,16.967657
7132,-33.953056,227669,151.137482,03/17/2025 03:51:06,0.913,2025-03-17 03:51:06,19.45,0.0,0.0,3.0,16.967657
7132,-33.953056,227669,151.137482,03/17/2025 03:51:06,0.913,2025-03-17 03:51:06,19.45,0.0,0.0,3.0,16.967657
7132,-33.953056,227669,151.137482,03/17/2025 03:51:06,0.913,2025-03-17 03:51:06,19.45,0.0,0.0,3.0,16.967657
7132,-33.953056,227669,151.137482,03/17/2025 03:51:06,0.913,2025-03-17 03:51:06,19.45,0.0,0.0,3.0,16.967657
7132,-33.953056,227669,151.137482,03/17/2025 03:51:06,0.913,2025-03-17 03:51:06,19.45,0.0,0.0,3.0,16.967657
7132,-33.953056,227669,151.137482,03/17/2025 03:51:06,0.913,2025-03-17 03:51:06,19.45,0.0,0.0,3.0,16.967657
7132,-33.953056,227669,151.137482,03/17/2025 03:51:06,0.913,2025-03-17 03:51:06,19.45,0.0,0.0,3.0,16.967657
7132,-33.953056,227669,151.137482,03/17/2025 03:51:06,0.913,2025-03-17 03:51:06,19.45,0.0,0.0,3.0,16.967657
7132,-33.953056,227669,151.137482,03/17/2025 03:51:06,0.913,2025-03-17 03:51:06,19.45,0.0,0.0,3.0,16.967657
7132,-33.953056,227669,151.137482,03/17/2025 03:51:06,0.913,2025-03-17 03:51:06,19.45,0.0,0.0,3.0,16.967657
7132,-33.953056,227669,151.137482,03/17/2025 03:51:06,0.913,2025-03-17 03:51:06,19.45,0.0,0.0,3.0,16.967657
33014,-33.806141,227898,151.17952,03/19/2025 08:35:31,0.788,2025-03-19 08:35:31,19.6,0.0,0.0,3.0,20.88814
33014,-33.806141,227898,151.17952,03/19/2025 08:35:31,0.79,2025-03-19 08:35:31,19.6,0.0,0.0,3.0,20.88814
F3FWY003,-33.560299,228375,151.192551,03/23/2025 04:21:46,0.096,2025-03-23 04:21:46,19.45,0.2,0.2,51.0,21.80431
T0342,-33.65556,229110,151.063828,03/28/2025 10:42:48,0.147,2025-03-28 10:42:48,21.45,0.1,0.1,51.0,23.596058
T0342,-33.65556,229110,151.063828,03/28/2025 10:42:48,0.147,2025-03-28 10:42:48,21.45,0.1,0.1,51.0,23.596058
F3FWY001,-33.694206,229462,151.121323,03/29/2025 16:28:21,0.097,2025-03-29 16:28:21,19.6,0.7,0.7,53.0,21.901917
T0231,-33.838615,229636,151.143753,03/31/2025 06:46:27,0.701,2025-03-31 06:46:27,18.4,0.1,0.1,51.0,17.011187
F3FWY002,-33.651676,226879,151.137741,03/10/2025 13:18:21,0.253,2025-03-10 13:18:21,23.25,0.2,0.2,51.0,24.624363
F3FWY005,-33.429348,226976,151.22467,03/11/2025 07:34:59,0.7,2025-03-11 07:34:59,18.95,0.3,0.3,51.0,21.510275
7132,-33.953056,227206,151.137482,03/12/2025 12:58:55,0.017,2025-03-12 12:58:55,24.4,0.2,0.2,51.0,27.928814
F3FWY002,-33.651676,226879,151.137741,03/10/2025 13:18:21,0.253,2025-03-10 13:18:21,23.25,0.2,0.2,51.0,24.624363
F3FWY002,-33.651676,226879,151.137741,03/10/2025 13:18:21,0.253,2025-03-10 13:18:21,23.25,0.2,0.2,51.0,24.624363
23067,-33.934475,227483,151.15831,03/14/2025 15:49:36,0.515,2025-03-14 15:49:36,29.25,0.0,0.0,1.0,35.201103
23067,-33.934475,227483,151.15831,03/14/2025 15:49:36,0.515,2025-03-14 15:49:36,29.25,0.0,0.0,1.0,35.201103
23067,-33.934475,227483,151.15831,03/14/2025 15:49:36,0.515,2025-03-14 15:49:36,29.25,0.0,0.0,1.0,35.201103
10011,-33.876652,227604,151.230606,03/16/2025 11:20:12,0.274,2025-03-16 11:20:12,32.45,0.0,0.0,3.0,32.362625
7139,-33.876884,227604,151.228683,03/16/2025 11:20:12,0.097,2025-03-16 11:20:12,32.45,0.0,0.0,3.0,32.362625
22001,-33.825577,227659,151.233261,03/16/2025 21:24:28,0.5,2025-03-16 21:24:28,30.45,0.0,0.0,3.0,29.326416
7274,-33.779202,228362,150.814102,03/22/2025 23:06:22,0.495,2025-03-22 23:06:22,21.0,0.0,0.0,1.0,23.213045
T0085,-33.665455,228933,151.090271,03/27/2025 17:56:56,0.346,2025-03-27 17:56:56,23.2,0.0,0.0,3.0,23.620457
7179,-33.817272,225425,150.962784,03/02/2025 17:03:01,0.083,2025-03-02 17:03:01,26.9,0.0,0.0,3.0,27.69801
7179,-33.817272,225425,150.962784,03/02/2025 17:03:01,0.083,2025-03-02 17:03:01,26.9,0.0,0.0,3.0,27.69801
7112,-33.843338,225430,151.043411,03/03/2025 00:07:44,0.404,2025-03-03 00:07:44,21.35,0.0,0.0,3.0,23.055788
7112,-33.843338,225430,151.043411,03/03/2025 00:07:44,0.404,2025-03-03 00:07:44,21.35,0.0,0.0,3.0,23.055788
7112,-33.843338,225430,151.043411,03/03/2025 00:07:44,0.404,2025-03-03 00:07:44,21.35,0.0,0.0,3.0,23.055788
7112,-33.843338,225430,151.043411,03/03/2025 00:07:44,0.404,2025-03-03 00:07:44,21.35,0.0,0.0,3.0,23.055788
7112,-33.843338,225430,151.043411,03/03/2025 00:07:44,0.404,2025-03-03 00:07:44,21.35,0.0,0.0,3.0,23.055788
7112,-33.843338,225430,151.043411,03/03/2025 00:07:44,0.404,2025-03-03 00:07:44,21.35,0.0,0.0,3.0,23.055788
7120,-33.886311,225624,151.217911,03/04/2025 15:31:53,0.576,2025-03-04 15:31:53,23.8,0.1,0.1,51.0,24.530949
7121,-33.886032,225624,151.218079,03/04/2025 15:31:53,0.548,2025-03-04 15:31:53,23.8,0.1,0.1,51.0,24.530949
9658,-33.79353,225653,151.018829,03/04/2025 20:51:30,0.525,2025-03-04 20:51:30,20.1,0.0,0.0,1.0,20.973963
9658,-33.79353,225653,151.018829,03/04/2025 20:51:30,0.525,2025-03-04 20:51:30,20.1,0.0,0.0,1.0,20.973963
9658,-33.79353,225653,151.018829,03/04/2025 20:51:30,0.525,2025-03-04 20:51:30,20.1,0.0,0.0,1.0,20.973963
9658,-33.79353,225653,151.018829,03/04/2025 20:51:30,0.525,2025-03-04 20:51:30,20.1,0.0,0.0,1.0,20.973963
7179,-33.817272,225705,150.962784,03/05/2025 10:26:29,0.188,2025-03-05 10:26:29,23.2,0.4,0.4,51.0,24.117332
50260,-33.819763,225760,151.05188,03/05/2025 15:24:42,0.126,2025-03-05 15:24:42,25.4,0.0,0.0,1.0,25.634972
68025,-33.816696,226132,150.976623,03/07/2025 11:20:21,0.206,2025-03-07 11:20:21,23.4,0.0,0.0,2.0,22.787735
7270,-33.793304,226499,151.119659,03/08/2025 18:20:55,0.02,2025-03-08 18:20:55,23.25,0.0,0.0,0.0,23.75192
7112,-33.843338,226923,151.043411,03/10/2025 16:44:15,0.169,2025-03-10 16:44:15,23.95,0.1,0.1,51.0,26.07435
7112,-33.843338,226923,151.043411,03/10/2025 16:44:15,0.169,2025-03-10 16:44:15,23.95,0.1,0.1,51.0,26.07435
7179,-33.817272,227083,150.962784,03/11/2025 17:48:46,0.13,2025-03-11 17:48:46,22.65,0.1,0.1,51.0,24.020817
7179,-33.817272,227083,150.962784,03/11/2025 17:48:46,0.13,2025-03-11 17:48:46,22.65,0.1,0.1,51.0,24.020817
7179,-33.817272,227083,150.962784,03/11/2025 17:48:46,0.13,2025-03-11 17:48:46,22.65,0.1,0.1,51.0,24.020817
7179,-33.817272,227083,150.962784,03/11/2025 17:48:46,0.13,2025-03-11 17:48:46,22.65,0.1,0.1,51.0,24.020817
7112,-33.843338,227316,151.043411,03/13/2025 10:23:40,0.667,2025-03-13 10:23:40,23.8,0.0,0.0,0.0,26.855577
7184,-33.772957,227403,151.135391,03/13/2025 22:42:09,0.033,2025-03-13 22:42:09,21.25,0.0,0.0,0.0,23.192848
7184,-33.772957,227403,151.135391,03/13/2025 22:42:09,0.033,2025-03-13 22:42:09,21.25,0.0,0.0,0.0,23.192848
7184,-33.772957,227403,151.135391,03/13/2025 22:42:09,0.033,2025-03-13 22:42:09,21.25,0.0,0.0,0.0,23.192848
47024,-33.83889,227566,151.029022,03/15/2025 18:06:53,0.244,2025-03-15 18:06:53,30.25,0.0,0.0,3.0,34.100418
47024,-33.83889,227566,151.029022,03/15/2025 18:06:53,0.244,2025-03-15 18:06:53,30.25,0.0,0.0,3.0,34.100418
47024,-33.83889,227566,151.029022,03/15/2025 18:06:53,0.244,2025-03-15 18:06:53,30.25,0.0,0.0,3.0,34.100418
47024,-33.83889,227566,151.029022,03/15/2025 18:06:53,0.244,2025-03-15 18:06:53,30.25,0.0,0.0,3.0,34.100418
7161,-33.740406,227674,151.060989,03/17/2025 06:08:00,0.674,2025-03-17 06:08:00,16.1,0.0,0.0,1.0,13.65646
29005,-33.824696,227838,151.093216,03/18/2025 15:12:13,0.338,2025-03-18 15:12:13,24.15,0.0,0.0,3.0,23.202353
34016,-33.778187,225989,151.267136,03/06/2025 17:01:11,0.209,2025-03-06 17:01:11,23.25,0.1,0.1,51.0,22.60176
T0085,-33.665455,226507,151.090271,03/08/2025 20:37:48,0.346,2025-03-08 20:37:48,20.0,0.1,0.1,51.0,21.123669
50240,-33.796436,227547,150.987595,03/15/2025 12:40:57,0.09,2025-03-15 12:40:57,29.7,0.0,0.0,3.0,34.756657
50240,-33.796436,227547,150.987595,03/15/2025 12:40:57,0.09,2025-03-15 12:40:57,29.7,0.0,0.0,3.0,34.756657
7161,-33.740406,228703,151.060989,03/26/2025 13:11:12,0.034,2025-03-26 13:11:12,26.25,0.0,0.0,1.0,28.071587
7161,-33.740406,228703,151.060989,03/26/2025 13:11:12,0.034,2025-03-26 13:11:12,26.25,0.0,0.0,1.0,28.071587
7161,-33.740406,228703,151.060989,03/26/2025 13:11:12,0.022,2025-03-26 13:11:12,26.25,0.0,0.0,1.0,28.071587
7161,-33.740406,228703,151.060989,03/26/2025 13:11:12,0.027,2025-03-26 13:11:12,26.25,0.0,0.0,1.0,28.071587
7132,-33.953056,228735,151.137482,03/26/2025 17:26:15,0.203,2025-03-26 17:26:15,24.8,0.0,0.0,0.0,25.007736
7132,-33.953056,228735,151.137482,03/26/2025 17:26:15,0.203,2025-03-26 17:26:15,24.8,0.0,0.0,0.0,25.007736
33014,-33.806141,225805,151.17952,03/06/2025 03:47:37,0.775,2025-03-06 03:47:37,21.0,0.0,0.0,1.0,22.957851
33014,-33.806141,225805,151.17952,03/06/2025 03:47:37,0.775,2025-03-06 03:47:37,21.0,0.0,0.0,1.0,22.957851
7179,-33.817272,227097,150.962784,03/11/2025 22:16:08,0.194,2025-03-11 22:16:08,20.6,0.0,0.0,3.0,23.640598
7179,-33.817272,227258,150.962784,03/12/2025 17:05:02,0.408,2025-03-12 17:05:02,24.8,0.9,0.9,53.0,26.578222
7179,-33.817272,227258,150.962784,03/12/2025 17:05:02,0.408,2025-03-12 17:05:02,24.8,0.9,0.9,53.0,26.578222
7164,-33.81562,227258,150.969238,03/12/2025 17:05:02,0.273,2025-03-12 17:05:02,24.8,0.9,0.9,53.0,26.578222
7251,-33.874916,228405,151.155319,03/23/2025 14:01:49,0.015,2025-03-23 14:01:49,22.35,0.3,0.3,51.0,24.071068
7251,-33.874916,228405,151.155319,03/23/2025 14:01:49,0.015,2025-03-23 14:01:49,22.35,0.3,0.3,51.0,24.071068
7251,-33.874916,228405,151.155319,03/23/2025 14:01:49,0.015,2025-03-23 14:01:49,22.35,0.3,0.3,51.0,24.071068
10011,-33.876652,229624,151.230606,03/31/2025 03:37:59,0.16,2025-03-31 03:37:59,18.6,0.6,0.6,53.0,17.517319
7139,-33.876884,229624,151.228683,03/31/2025 03:37:59,0.02,2025-03-31 03:37:59,18.6,0.6,0.6,53.0,17.517319
7179,-33.817272,225622,150.962784,03/04/2025 15:18:22,0.262,2025-03-04 15:18:22,25.1,0.1,0.1,51.0,25.803194
7179,-33.817272,225739,150.962784,03/05/2025 14:13:58,0.513,2025-03-05 14:13:58,26.6,0.0,0.0,3.0,27.972004
7179,-33.817272,225622,150.962784,03/04/2025 15:18:22,0.262,2025-03-04 15:18:22,25.1,0.1,0.1,51.0,25.803194
47024,-33.83889,227124,151.029022,03/12/2025 07:00:22,0.243,2025-03-12 07:00:22,18.6,0.0,0.0,3.0,21.276499
47024,-33.83889,227124,151.029022,03/12/2025 07:00:22,0.243,2025-03-12 07:00:22,18.6,0.0,0.0,3.0,21.276499
68025,-33.816696,227150,150.976623,03/12/2025 09:11:56,0.519,2025-03-12 09:11:56,21.15,0.0,0.0,2.0,23.905
7248,-33.906151,227511,151.040207,03/14/2025 18:36:53,0.05,2025-03-14 18:36:53,29.4,0.0,0.0,3.0,32.969364
10011,-33.876652,227875,151.230606,03/18/2025 23:39:03,0.105,2025-03-18 23:39:03,20.3,0.0,0.0,0.0,20.252905
7139,-33.876884,227875,151.228683,03/18/2025 23:39:03,0.075,2025-03-18 23:39:03,20.3,0.0,0.0,0.0,20.252905
10011,-33.876652,227875,151.230606,03/18/2025 23:39:03,0.105,2025-03-18 23:39:03,20.3,0.0,0.0,0.0,20.252905
7139,-33.876884,227875,151.228683,03/18/2025 23:39:03,0.075,2025-03-18 23:39:03,20.3,0.0,0.0,0.0,20.252905
10011,-33.876652,227875,151.230606,03/18/2025 23:39:03,0.105,2025-03-18 23:39:03,20.3,0.0,0.0,0.0,20.252905
7139,-33.876884,227875,151.228683,03/18/2025 23:39:03,0.075,2025-03-18 23:39:03,20.3,0.0,0.0,0.0,20.252905
10011,-33.876652,227875,151.230606,03/18/2025 23:39:03,0.105,2025-03-18 23:39:03,20.3,0.0,0.0,0.0,20.252905
7139,-33.876884,227875,151.228683,03/18/2025 23:39:03,0.075,2025-03-18 23:39:03,20.3,0.0,0.0,0.0,20.252905
10011,-33.876652,227942,151.230606,03/19/2025 13:55:03,0.455,2025-03-19 13:55:03,25.9,0.0,0.0,0.0,26.942915
7139,-33.876884,227942,151.228683,03/19/2025 13:55:03,0.612,2025-03-19 13:55:03,25.9,0.0,0.0,0.0,26.942915
10011,-33.876652,227942,151.230606,03/19/2025 13:55:03,0.455,2025-03-19 13:55:03,25.9,0.0,0.0,0.0,26.942915
7139,-33.876884,227942,151.228683,03/19/2025 13:55:03,0.612,2025-03-19 13:55:03,25.9,0.0,0.0,0.0,26.942915
10011,-33.876652,227942,151.230606,03/19/2025 13:55:03,0.455,2025-03-19 13:55:03,25.9,0.0,0.0,0.0,26.942915
7139,-33.876884,227942,151.228683,03/19/2025 13:55:03,0.612,2025-03-19 13:55:03,25.9,0.0,0.0,0.0,26.942915
T0288,-33.455536,228179,151.205093,03/21/2025 10:36:58,0.17,2025-03-21 10:36:58,25.1,0.0,0.0,3.0,25.916164
T0289,-33.455235,228179,151.205383,03/21/2025 10:36:58,0.127,2025-03-21 10:36:58,25.1,0.0,0.0,3.0,25.916164
T0290,-33.454796,228179,151.205872,03/21/2025 10:36:58,0.061,2025-03-21 10:36:58,25.1,0.0,0.0,3.0,25.916164
T0479-PR,-33.454525,228179,151.206726,03/21/2025 10:36:58,0.037,2025-03-21 10:36:58,25.1,0.0,0.0,3.0,25.916164
7248,-33.906151,228351,151.040207,03/22/2025 15:51:25,0.123,2025-03-22 15:51:25,25.2,0.0,0.0,2.0,27.171705
7112,-33.843338,228451,151.043411,03/24/2025 08:39:19,0.52,2025-03-24 08:39:19,20.3,0.0,0.0,3.0,23.638943
7112,-33.843338,228451,151.043411,03/24/2025 08:39:19,0.612,2025-03-24 08:39:19,20.3,0.0,0.0,3.0,23.638943
7163,-33.865181,228505,151.171997,03/24/2025 14:16:25,0.21,2025-03-24 14:16:25,23.55,0.0,0.0,2.0,24.714182
32029,-33.821175,225363,151.149902,03/01/2025 04:34:54,0.308,2025-03-01 04:34:54,20.65,0.0,0.0,1.0,23.22647
32029,-33.821175,225363,151.149902,03/01/2025 04:34:54,0.308,2025-03-01 04:34:54,20.65,0.0,0.0,1.0,23.22647
32029,-33.821175,225363,151.149902,03/01/2025 04:34:54,0.308,2025-03-01 04:34:54,20.65,0.0,0.0,1.0,23.22647
32029,-33.821175,225363,151.149902,03/01/2025 04:34:54,0.308,2025-03-01 04:34:54,20.65,0.0,0.0,1.0,23.22647
32029,-33.821175,225363,151.149902,03/01/2025 04:34:54,0.308,2025-03-01 04:34:54,20.65,0.0,0.0,1.0,23.22647
32029,-33.821175,225363,151.149902,03/01/2025 04:34:54,0.344,2025-03-01 04:34:54,20.65,0.0,0.0,1.0,23.22647
32029,-33.821175,225363,151.149902,03/01/2025 04:34:54,0.344,2025-03-01 04:34:54,20.65,0.0,0.0,1.0,23.22647
32029,-33.821175,225363,151.149902,03/01/2025 04:34:54,0.344,2025-03-01 04:34:54,20.65,0.0,0.0,1.0,23.22647
32029,-33.821175,225363,151.149902,03/01/2025 04:34:54,0.344,2025-03-01 04:34:54,20.65,0.0,0.0,1.0,23.22647
32029,-33.821175,225363,151.149902,03/01/2025 04:34:54,0.344,2025-03-01 04:34:54,20.65,0.0,0.0,1.0,23.22647
7179,-33.817272,225390,150.962784,03/01/2025 20:04:39,0.309,2025-03-01 20:04:39,26.55,0.0,0.0,0.0,29.002243
7179,-33.817272,225390,150.962784,03/01/2025 20:04:39,0.309,2025-03-01 20:04:39,26.55,0.0,0.0,0.0,29.002243
10011,-33.876652,225542,151.230606,03/04/2025 06:23:37,0.203,2025-03-04 06:23:37,20.45,0.2,0.2,51.0,21.43904
7139,-33.876884,225542,151.228683,03/04/2025 06:23:37,0.024,2025-03-04 06:23:37,20.45,0.2,0.2,51.0,21.43904
9658,-33.79353,225769,151.018829,03/05/2025 16:07:48,0.709,2025-03-05 16:07:48,25.4,0.0,0.0,1.0,25.409002
9658,-33.79353,225769,151.018829,03/05/2025 16:07:48,0.709,2025-03-05 16:07:48,25.4,0.0,0.0,1.0,25.409002
9658,-33.79353,225769,151.018829,03/05/2025 16:07:48,0.709,2025-03-05 16:07:48,25.4,0.0,0.0,1.0,25.409002
7179,-33.817272,226857,150.962784,03/10/2025 12:03:33,0.238,2025-03-10 12:03:33,24.7,0.0,0.0,3.0,26.55843
7179,-33.817272,226857,150.962784,03/10/2025 12:03:33,0.238,2025-03-10 12:03:33,24.7,0.0,0.0,3.0,26.55843
7164,-33.81562,227368,150.969238,03/13/2025 15:50:10,0.022,2025-03-13 15:50:10,29.9,0.0,0.0,0.0,34.49707
57025,-33.725773,227395,151.219788,03/13/2025 18:56:48,0.303,2025-03-13 18:56:48,24.0575,0.0,0.0,0.0,25.901503
68025,-33.816696,227633,150.976623,03/16/2025 15:59:32,0.109,2025-03-16 15:59:32,37.05,0.0,0.0,3.0,35.326435
7150,-33.724922,228007,150.977127,03/20/2025 08:30:53,0.126,2025-03-20 08:30:53,19.1,0.0,0.0,0.0,20.979698
7150,-33.724922,228007,150.977127,03/20/2025 08:30:53,0.167,2025-03-20 08:30:53,19.1,0.0,0.0,0.0,20.979698
7150,-33.724922,228007,150.977127,03/20/2025 08:30:53,0.167,2025-03-20 08:30:53,19.1,0.0,0.0,0.0,20.979698
7248,-33.906151,228202,151.040207,03/21/2025 12:07:32,0.346,2025-03-21 12:07:32,21.4,2.0,2.0,61.0,24.49427
7248,-33.906151,228202,151.040207,03/21/2025 12:07:32,0.346,2025-03-21 12:07:32,21.4,2.0,2.0,61.0,24.49427
7126,-34.035271,228381,151.113007,03/23/2025 08:04:14,0.691,2025-03-23 08:04:14,20.3,0.3,0.3,51.0,21.515306
7126,-34.035271,228381,151.113007,03/23/2025 08:04:14,0.691,2025-03-23 08:04:14,20.3,0.3,0.3,51.0,21.515306
7126,-34.035271,228381,151.113007,03/23/2025 08:04:14,0.691,2025-03-23 08:04:14,20.3,0.3,0.3,51.0,21.515306
51235,-33.81551,229747,151.101105,03/31/2025 19:34:10,0.273,2025-03-31 19:34:10,19.05,0.0,0.0,1.0,18.380402
51235,-33.81551,229747,151.101105,03/31/2025 19:34:10,0.273,2025-03-31 19:34:10,19.05,0.0,0.0,1.0,18.380402
7251,-33.874916,222901,151.155319,02/05/2025 15:25:38,0.697,2025-02-05 15:25:38,26.55,0.0,0.0,3.0,26.897713
23067,-33.934475,225822,151.15831,03/06/2025 08:17:03,0.274,2025-03-06 08:17:03,21.45,0.1,0.1,51.0,22.437822
53004,-33.75317,226197,151.151077,03/07/2025 13:46:35,0.153,2025-03-07 13:46:35,23.8,0.0,0.0,3.0,23.524035
53004,-33.75317,226197,151.151077,03/07/2025 13:46:35,0.048,2025-03-07 13:46:35,23.8,0.0,0.0,3.0,23.524035
7112,-33.843338,227288,151.043411,03/13/2025 05:44:00,0.211,2025-03-13 05:44:00,18.5,0.0,0.0,0.0,21.046118
7112,-33.843338,227288,151.043411,03/13/2025 05:44:00,0.211,2025-03-13 05:44:00,18.5,0.0,0.0,0.0,21.046118
7112,-33.843338,227288,151.043411,03/13/2025 05:44:00,0.211,2025-03-13 05:44:00,18.5,0.0,0.0,0.0,21.046118
T0231,-33.838615,227635,151.143753,03/16/2025 16:03:44,0.858,2025-03-16 16:03:44,36.85,0.0,0.0,3.0,34.343277
T0231,-33.838615,227635,151.143753,03/16/2025 16:03:44,0.858,2025-03-16 16:03:44,36.85,0.0,0.0,3.0,34.343277
7120,-33.886311,227661,151.217911,03/16/2025 22:09:13,0.112,2025-03-16 22:09:13,30.3,0.0,0.0,3.0,28.515274
7121,-33.886032,227661,151.218079,03/16/2025 22:09:13,0.113,2025-03-16 22:09:13,30.3,0.0,0.0,3.0,28.515274
7120,-33.886311,227661,151.217911,03/16/2025 22:09:13,0.112,2025-03-16 22:09:13,30.3,0.0,0.0,3.0,28.515274
7121,-33.886032,227661,151.218079,03/16/2025 22:09:13,0.113,2025-03-16 22:09:13,30.3,0.0,0.0,3.0,28.515274
68025,-33.816696,228704,150.976623,03/26/2025 13:20:29,0.122,2025-03-26 13:20:29,26.1,0.0,0.0,3.0,28.853188
68025,-33.816696,228704,150.976623,03/26/2025 13:20:29,0.122,2025-03-26 13:20:29,26.1,0.0,0.0,3.0,28.853188
7132,-33.953056,228950,151.137482,03/27/2025 21:12:33,0.021,2025-03-27 21:12:33,21.9,0.0,0.0,3.0,23.653625
7132,-33.953056,228950,151.137482,03/27/2025 21:12:33,0.021,2025-03-27 21:12:33,21.9,0.0,0.0,3.0,23.653625
7132,-33.953056,228950,151.137482,03/27/2025 21:12:33,0.021,2025-03-27 21:12:33,21.9,0.0,0.0,3.0,23.653625
F3FWY003,-33.560299,229198,151.192551,03/28/2025 15:24:06,0.014,2025-03-28 15:24:06,22.7,0.0,0.0,3.0,22.58563
F3FWY003,-33.560299,229198,151.192551,03/28/2025 15:24:06,0.014,2025-03-28 15:24:06,22.7,0.0,0.0,3.0,22.58563
F3FWY003,-33.560299,229198,151.192551,03/28/2025 15:24:06,0.014,2025-03-28 15:24:06,22.7,0.0,0.0,3.0,22.58563
F3FWY003,-33.560299,229198,151.192551,03/28/2025 15:24:06,0.014,2025-03-28 15:24:06,22.7,0.0,0.0,3.0,22.58563
F3FWY003,-33.560299,229198,151.192551,03/28/2025 15:24:06,0.014,2025-03-28 15:24:06,22.7,0.0,0.0,3.0,22.58563
F3FWY003,-33.560299,229198,151.192551,03/28/2025 15:24:06,0.014,2025-03-28 15:24:06,22.7,0.0,0.0,3.0,22.58563
33014,-33.806141,225995,151.17952,03/06/2025 17:36:45,0.6,2025-03-06 17:36:45,23.8,0.1,0.1,51.0,23.22152
7161,-33.740406,226007,151.060989,03/06/2025 19:19:59,0.066,2025-03-06 19:19:59,21.2,0.1,0.1,51.0,21.559782
7161,-33.740406,226007,151.060989,03/06/2025 19:19:59,0.066,2025-03-06 19:19:59,21.2,0.1,0.1,51.0,21.559782
33014,-33.806141,226786,151.17952,03/10/2025 10:19:24,0.603,2025-03-10 10:19:24,24.1,0.0,0.0,1.0,25.133282
33014,-33.806141,226786,151.17952,03/10/2025 10:19:24,0.603,2025-03-10 10:19:24,24.1,0.0,0.0,1.0,25.133282
23067,-33.934475,226899,151.15831,03/10/2025 14:40:20,0.567,2025-03-10 14:40:20,24.9,0.2,0.2,51.0,26.116077
7168,-33.798195,226987,150.897125,03/11/2025 08:33:28,0.029,2025-03-11 08:33:28,20.95,0.0,0.0,3.0,24.565739
7123-PR,-33.769588,227208,150.768738,03/12/2025 13:09:25,0.355,2025-03-12 13:09:25,24.95,0.0,0.0,3.0,27.794052
33014,-33.806141,227277,151.17952,03/12/2025 22:10:47,0.728,2025-03-12 22:10:47,20.95,0.0,0.0,0.0,23.83268
33014,-33.806141,227277,151.17952,03/12/2025 22:10:47,0.728,2025-03-12 22:10:47,20.95,0.0,0.0,0.0,23.83268
33014,-33.806141,227277,151.17952,03/12/2025 22:10:47,0.728,2025-03-12 22:10:47,20.95,0.0,0.0,0.0,23.83268
51235,-33.81551,227321,151.101105,03/13/2025 10:45:25,0.211,2025-03-13 10:45:25,23.8,0.0,0.0,0.0,26.855577
7123-PR,-33.769588,227208,150.768738,03/12/2025 13:09:25,0.355,2025-03-12 13:09:25,24.95,0.0,0.0,3.0,27.794052
51235,-33.81551,227321,151.101105,03/13/2025 10:45:25,0.211,2025-03-13 10:45:25,23.8,0.0,0.0,0.0,26.855577
7159,-33.888157,227344,150.922974,03/13/2025 12:45:54,0.02,2025-03-13 12:45:54,26.3,0.0,0.0,0.0,30.19601
7123-PR,-33.769588,227208,150.768738,03/12/2025 13:09:25,0.355,2025-03-12 13:09:25,24.95,0.0,0.0,3.0,27.794052
7168,-33.798195,227958,150.897125,03/19/2025 15:21:50,0.388,2025-03-19 15:21:50,30.45,0.0,0.0,3.0,30.879517
7168,-33.798195,227958,150.897125,03/19/2025 15:21:50,0.388,2025-03-19 15:21:50,30.45,0.0,0.0,3.0,30.879517
7123-PR,-33.769588,227208,150.768738,03/12/2025 13:09:25,0.355,2025-03-12 13:09:25,24.95,0.0,0.0,3.0,27.794052
53004,-33.75317,228553,151.151077,03/25/2025 07:01:22,0.448,2025-03-25 07:01:22,19.7,0.0,0.0,3.0,22.328226
23067,-33.934475,229038,151.15831,03/28/2025 09:00:01,0.158,2025-03-28 09:00:01,20.7,0.3,0.3,51.0,22.024445
7179,-33.817272,229725,150.962784,03/31/2025 16:05:40,0.532,2025-03-31 16:05:40,22.05,0.0,0.0,1.0,20.551903
7120,-33.886311,225297,151.217911,02/28/2025 13:38:23,0.234,2025-02-28 13:38:23,30.95,0.0,0.0,3.0,34.633583
7121,-33.886032,225297,151.218079,02/28/2025 13:38:23,0.265,2025-02-28 13:38:23,30.95,0.0,0.0,3.0,34.633583
7120,-33.886311,227366,151.217911,03/13/2025 15:37:26,0.104,2025-03-13 15:37:26,26.2,0.0,0.0,0.0,29.774517
7121,-33.886032,227366,151.218079,03/13/2025 15:37:26,0.102,2025-03-13 15:37:26,26.2,0.0,0.0,0.0,29.774517
7184,-33.772957,228000,151.135391,03/20/2025 06:30:53,0.289,2025-03-20 06:30:53,18.55,0.0,0.0,3.0,19.672884
7184,-33.772957,228000,151.135391,03/20/2025 06:30:53,0.289,2025-03-20 06:30:53,18.55,0.0,0.0,3.0,19.672884
7184,-33.772957,228000,151.135391,03/20/2025 06:30:53,0.289,2025-03-20 06:30:53,18.55,0.0,0.0,3.0,19.672884
7184,-33.772957,228000,151.135391,03/20/2025 06:30:53,0.289,2025-03-20 06:30:53,18.55,0.0,0.0,3.0,19.672884
7184,-33.772957,228000,151.135391,03/20/2025 06:30:53,0.289,2025-03-20 06:30:53,18.55,0.0,0.0,3.0,19.672884
7184,-33.772957,228000,151.135391,03/20/2025 06:30:53,0.289,2025-03-20 06:30:53,18.55,0.0,0.0,3.0,19.672884
7184,-33.772957,228000,151.135391,03/20/2025 06:30:53,0.289,2025-03-20 06:30:53,18.55,0.0,0.0,3.0,19.672884
7184,-33.772957,228000,151.135391,03/20/2025 06:30:53,0.289,2025-03-20 06:30:53,18.55,0.0,0.0,3.0,19.672884
7184,-33.772957,228000,151.135391,03/20/2025 06:30:53,0.289,2025-03-20 06:30:53,18.55,0.0,0.0,3.0,19.672884
7184,-33.772957,228000,151.135391,03/20/2025 06:30:53,0.289,2025-03-20 06:30:53,18.55,0.0,0.0,3.0,19.672884
7184,-33.772957,228000,151.135391,03/20/2025 06:30:53,0.289,2025-03-20 06:30:53,18.55,0.0,0.0,3.0,19.672884
7274,-33.779202,228232,150.814102,03/21/2025 14:54:39,0.251,2025-03-21 14:54:39,23.35,0.0,0.0,3.0,26.259548
7184,-33.772957,228300,151.135391,03/21/2025 19:28:54,0.038,2025-03-21 19:28:54,22.45,0.1,0.1,51.0,24.764729
7184,-33.772957,228300,151.135391,03/21/2025 19:28:54,0.038,2025-03-21 19:28:54,22.45,0.1,0.1,51.0,24.764729
7184,-33.772957,228300,151.135391,03/21/2025 19:28:54,0.038,2025-03-21 19:28:54,22.45,0.1,0.1,51.0,24.764729
53003,-33.729225,228387,151.122208,03/23/2025 10:48:10,0.561,2025-03-23 10:48:10,22.5,0.1,0.1,51.0,24.371815
53003,-33.729225,228387,151.122208,03/23/2025 10:48:10,0.561,2025-03-23 10:48:10,22.5,0.1,0.1,51.0,24.371815
68025,-33.816696,228547,150.976623,03/25/2025 05:41:37,0.185,2025-03-25 05:41:37,20.6,0.0,0.0,3.0,23.091549
68025,-33.816696,228547,150.976623,03/25/2025 05:41:37,0.185,2025-03-25 05:41:37,20.6,0.0,0.0,3.0,23.091549
68025,-33.816696,228547,150.976623,03/25/2025 05:41:37,0.185,2025-03-25 05:41:37,20.6,0.0,0.0,3.0,23.091549
68025,-33.816696,228547,150.976623,03/25/2025 05:41:37,0.098,2025-03-25 05:41:37,20.6,0.0,0.0,3.0,23.091549
68025,-33.816696,228547,150.976623,03/25/2025 05:41:37,0.098,2025-03-25 05:41:37,20.6,0.0,0.0,3.0,23.091549
68025,-33.816696,228547,150.976623,03/25/2025 05:41:37,0.098,2025-03-25 05:41:37,20.6,0.0,0.0,3.0,23.091549
7120,-33.886311,225297,151.217911,02/28/2025 13:38:23,0.234,2025-02-28 13:38:23,30.95,0.0,0.0,3.0,34.633583
7121,-33.886032,225297,151.218079,02/28/2025 13:38:23,0.265,2025-02-28 13:38:23,30.95,0.0,0.0,3.0,34.633583
10011,-33.876652,229247,151.230606,03/28/2025 18:52:36,0.314,2025-03-28 18:52:36,22.65,0.0,0.0,3.0,23.792683
7139,-33.876884,229247,151.228683,03/28/2025 18:52:36,0.137,2025-03-28 18:52:36,22.65,0.0,0.0,3.0,23.792683
7112,-33.843338,229596,151.043411,03/30/2025 20:43:28,0.137,2025-03-30 20:43:28,20.2,0.4,0.4,51.0,20.469824
7119-PR,-33.817974,229592,150.981827,03/30/2025 19:46:33,0.004,2025-03-30 19:46:33,20.85,0.1,0.1,51.0,20.910952
7112,-33.843338,229596,151.043411,03/30/2025 20:43:28,0.137,2025-03-30 20:43:28,20.2,0.4,0.4,51.0,20.469824
7119-PR,-33.817974,229592,150.981827,03/30/2025 19:46:33,0.004,2025-03-30 19:46:33,20.85,0.1,0.1,51.0,20.910952
53004,-33.75317,229618,151.151077,03/31/2025 00:12:45,0.469,2025-03-31 00:12:45,18.25,0.3,0.3,51.0,18.410309
53004,-33.75317,229618,151.151077,03/31/2025 00:12:45,0.469,2025-03-31 00:12:45,18.25,0.3,0.3,51.0,18.410309
9836-PR,-33.819687,225464,151.117416,03/03/2025 10:23:34,0.517,2025-03-03 10:23:34,21.9,0.1,0.1,51.0,21.98686
7251,-33.874916,225080,151.155319,02/26/2025 16:42:20,0.626,2025-02-26 16:42:20,26.0,0.0,0.0,0.0,27.761265
7120,-33.886311,225996,151.217911,03/06/2025 17:38:35,0.204,2025-03-06 17:38:35,23.8,0.1,0.1,51.0,23.22152
7121,-33.886032,225996,151.218079,03/06/2025 17:38:35,0.236,2025-03-06 17:38:35,23.8,0.1,0.1,51.0,23.22152
7120,-33.886311,225996,151.217911,03/06/2025 17:38:35,0.204,2025-03-06 17:38:35,23.8,0.1,0.1,51.0,23.22152
7121,-33.886032,225996,151.218079,03/06/2025 17:38:35,0.236,2025-03-06 17:38:35,23.8,0.1,0.1,51.0,23.22152
7120,-33.886311,225996,151.217911,03/06/2025 17:38:35,0.204,2025-03-06 17:38:35,23.8,0.1,0.1,51.0,23.22152
7121,-33.886032,225996,151.218079,03/06/2025 17:38:35,0.236,2025-03-06 17:38:35,23.8,0.1,0.1,51.0,23.22152
7120,-33.886311,225996,151.217911,03/06/2025 17:38:35,0.204,2025-03-06 17:38:35,23.8,0.1,0.1,51.0,23.22152
7121,-33.886032,225996,151.218079,03/06/2025 17:38:35,0.236,2025-03-06 17:38:35,23.8,0.1,0.1,51.0,23.22152
7112,-33.843338,226867,151.043411,03/10/2025 12:32:02,0.366,2025-03-10 12:32:02,25.2,0.0,0.0,3.0,26.503002
7112,-33.843338,226867,151.043411,03/10/2025 12:32:02,0.083,2025-03-10 12:32:02,25.2,0.0,0.0,3.0,26.503002
7112,-33.843338,226867,151.043411,03/10/2025 12:32:02,0.143,2025-03-10 12:32:02,25.2,0.0,0.0,3.0,26.503002
7112,-33.843338,226867,151.043411,03/10/2025 12:32:02,0.143,2025-03-10 12:32:02,25.2,0.0,0.0,3.0,26.503002
33014,-33.806141,227142,151.17952,03/12/2025 08:38:53,0.869,2025-03-12 08:38:53,20.3,0.0,0.0,1.0,22.798326
7168,-33.798195,227671,150.897125,03/17/2025 05:20:13,0.036,2025-03-17 05:20:13,19.6,0.0,0.0,0.0,18.208086
7168,-33.798195,227671,150.897125,03/17/2025 05:20:13,0.036,2025-03-17 05:20:13,19.6,0.0,0.0,0.0,18.208086
50240,-33.796436,228549,150.987595,03/25/2025 06:13:51,0.191,2025-03-25 06:13:51,20.2,0.0,0.0,3.0,22.664385
53003,-33.729225,229123,151.122208,03/28/2025 11:23:57,0.692,2025-03-28 11:23:57,22.9,0.2,0.2,51.0,23.912212
55049,-33.729507,229641,151.30011,03/31/2025 07:35:37,0.257,2025-03-31 07:35:37,17.9,0.1,0.1,51.0,15.981529
7120,-33.886311,216951,151.217911,12/05/2024 14:04:56,0.475,2024-12-05 14:04:56,,,,,
7121,-33.886032,216951,151.218079,12/05/2024 14:04:56,0.441,2024-12-05 14:04:56,,,,,
7120,-33.886311,216951,151.217911,12/05/2024 14:04:56,0.475,2024-12-05 14:04:56,,,,,
7121,-33.886032,216951,151.218079,12/05/2024 14:04:56,0.441,2024-12-05 14:04:56,,,,,
7120,-33.886311,216951,151.217911,12/05/2024 14:04:56,0.475,2024-12-05 14:04:56,,,,,
7121,-33.886032,216951,151.218079,12/05/2024 14:04:56,0.441,2024-12-05 14:04:56,,,,,
7120,-33.886311,216951,151.217911,12/05/2024 14:04:56,0.475,2024-12-05 14:04:56,,,,,
7121,-33.886032,216951,151.218079,12/05/2024 14:04:56,0.441,2024-12-05 14:04:56,,,,,
7120,-33.886311,216951,151.217911,12/05/2024 14:04:56,0.475,2024-12-05 14:04:56,,,,,
7121,-33.886032,216951,151.218079,12/05/2024 14:04:56,0.441,2024-12-05 14:04:56,,,,,
7120,-33.886311,216951,151.217911,12/05/2024 14:04:56,0.475,2024-12-05 14:04:56,,,,,
7121,-33.886032,216951,151.218079,12/05/2024 14:04:56,0.441,2024-12-05 14:04:56,,,,,
7120,-33.886311,216951,151.217911,12/05/2024 14:04:56,0.475,2024-12-05 14:04:56,,,,,
7121,-33.886032,216951,151.218079,12/05/2024 14:04:56,0.441,2024-12-05 14:04:56,,,,,
7248,-33.906151,225498,151.040207,03/03/2025 14:30:11,0.287,2025-03-03 14:30:11,25.35,0.0,0.0,2.0,24.738628
68025,-33.816696,225556,150.976623,03/04/2025 08:01:42,0.542,2025-03-04 08:01:42,20.5,0.5,0.5,53.0,21.446157
53004,-33.75317,226249,151.151077,03/07/2025 16:10:14,0.418,2025-03-07 16:10:14,23.75,0.0,0.0,2.0,22.970444
53004,-33.75317,226249,151.151077,03/07/2025 16:10:14,0.418,2025-03-07 16:10:14,23.75,0.0,0.0,2.0,22.970444
53004,-33.75317,226249,151.151077,03/07/2025 16:10:14,0.418,2025-03-07 16:10:14,23.75,0.0,0.0,2.0,22.970444
53004,-33.75317,226249,151.151077,03/07/2025 16:10:14,0.418,2025-03-07 16:10:14,23.75,0.0,0.0,2.0,22.970444
53004,-33.75317,226249,151.151077,03/07/2025 16:10:14,0.418,2025-03-07 16:10:14,23.75,0.0,0.0,2.0,22.970444
7168,-33.798195,226785,150.897125,03/10/2025 10:18:23,0.655,2025-03-10 10:18:23,23.75,0.1,0.1,51.0,25.680164
7168,-33.798195,226785,150.897125,03/10/2025 10:18:23,0.655,2025-03-10 10:18:23,23.75,0.1,0.1,51.0,25.680164
23067,-33.934475,227036,151.15831,03/11/2025 12:49:15,0.509,2025-03-11 12:49:15,22.7,0.3,0.3,51.0,25.073591
23067,-33.934475,227036,151.15831,03/11/2025 12:49:15,0.509,2025-03-11 12:49:15,22.7,0.3,0.3,51.0,25.073591
23067,-33.934475,227036,151.15831,03/11/2025 12:49:15,0.509,2025-03-11 12:49:15,22.7,0.3,0.3,51.0,25.073591
23067,-33.934475,227036,151.15831,03/11/2025 12:49:15,0.509,2025-03-11 12:49:15,22.7,0.3,0.3,51.0,25.073591
23067,-33.934475,227036,151.15831,03/11/2025 12:49:15,0.509,2025-03-11 12:49:15,22.7,0.3,0.3,51.0,25.073591
23067,-33.934475,227036,151.15831,03/11/2025 12:49:15,0.509,2025-03-11 12:49:15,22.7,0.3,0.3,51.0,25.073591
23067,-33.934475,227036,151.15831,03/11/2025 12:49:15,0.509,2025-03-11 12:49:15,22.7,0.3,0.3,51.0,25.073591
23067,-33.934475,227036,151.15831,03/11/2025 12:49:15,0.509,2025-03-11 12:49:15,22.7,0.3,0.3,51.0,25.073591
23067,-33.934475,227036,151.15831,03/11/2025 12:49:15,0.509,2025-03-11 12:49:15,22.7,0.3,0.3,51.0,25.073591
23067,-33.934475,227036,151.15831,03/11/2025 12:49:15,0.509,2025-03-11 12:49:15,22.7,0.3,0.3,51.0,25.073591
50240,-33.796436,227126,150.987595,03/12/2025 07:16:29,0.098,2025-03-12 07:16:29,18.15,0.0,0.0,1.0,20.6156
10011,-33.876652,227415,151.230606,03/14/2025 06:13:44,0.675,2025-03-14 06:13:44,18.6,0.0,0.0,3.0,21.189749
7139,-33.876884,227415,151.228683,03/14/2025 06:13:44,0.834,2025-03-14 06:13:44,18.6,0.0,0.0,3.0,21.189749
10011,-33.876652,227415,151.230606,03/14/2025 06:13:44,0.675,2025-03-14 06:13:44,18.6,0.0,0.0,3.0,21.189749
7139,-33.876884,227415,151.228683,03/14/2025 06:13:44,0.834,2025-03-14 06:13:44,18.6,0.0,0.0,3.0,21.189749
10011,-33.876652,227415,151.230606,03/14/2025 06:13:44,0.675,2025-03-14 06:13:44,18.6,0.0,0.0,3.0,21.189749
7139,-33.876884,227415,151.228683,03/14/2025 06:13:44,0.834,2025-03-14 06:13:44,18.6,0.0,0.0,3.0,21.189749
10011,-33.876652,227415,151.230606,03/14/2025 06:13:44,0.675,2025-03-14 06:13:44,18.6,0.0,0.0,3.0,21.189749
7139,-33.876884,227415,151.228683,03/14/2025 06:13:44,0.834,2025-03-14 06:13:44,18.6,0.0,0.0,3.0,21.189749
10011,-33.876652,227415,151.230606,03/14/2025 06:13:44,0.675,2025-03-14 06:13:44,18.6,0.0,0.0,3.0,21.189749
7139,-33.876884,227415,151.228683,03/14/2025 06:13:44,0.834,2025-03-14 06:13:44,18.6,0.0,0.0,3.0,21.189749
10011,-33.876652,227415,151.230606,03/14/2025 06:13:44,0.675,2025-03-14 06:13:44,18.6,0.0,0.0,3.0,21.189749
7139,-33.876884,227415,151.228683,03/14/2025 06:13:44,0.834,2025-03-14 06:13:44,18.6,0.0,0.0,3.0,21.189749
10011,-33.876652,227415,151.230606,03/14/2025 06:13:44,0.675,2025-03-14 06:13:44,18.6,0.0,0.0,3.0,21.189749
7139,-33.876884,227415,151.228683,03/14/2025 06:13:44,0.834,2025-03-14 06:13:44,18.6,0.0,0.0,3.0,21.189749
7123-PR,-33.769588,227541,150.768738,03/15/2025 11:34:43,0.974,2025-03-15 11:34:43,26.5,0.0,0.0,3.0,30.610249
7123-PR,-33.769588,227541,150.768738,03/15/2025 11:34:43,0.974,2025-03-15 11:34:43,26.5,0.0,0.0,3.0,30.610249
7123-PR,-33.769588,227541,150.768738,03/15/2025 11:34:43,0.974,2025-03-15 11:34:43,26.5,0.0,0.0,3.0,30.610249
7123-PR,-33.769588,227541,150.768738,03/15/2025 11:34:43,0.974,2025-03-15 11:34:43,26.5,0.0,0.0,3.0,30.610249
7123-PR,-33.769588,227541,150.768738,03/15/2025 11:34:43,0.974,2025-03-15 11:34:43,26.5,0.0,0.0,3.0,30.610249
7123-PR,-33.769588,227541,150.768738,03/15/2025 11:34:43,0.974,2025-03-15 11:34:43,26.5,0.0,0.0,3.0,30.610249
7123-PR,-33.769588,227541,150.768738,03/15/2025 11:34:43,0.974,2025-03-15 11:34:43,26.5,0.0,0.0,3.0,30.610249
7123-PR,-33.769588,227541,150.768738,03/15/2025 11:34:43,0.974,2025-03-15 11:34:43,26.5,0.0,0.0,3.0,30.610249
7123-PR,-33.769588,227541,150.768738,03/15/2025 11:34:43,0.974,2025-03-15 11:34:43,26.5,0.0,0.0,3.0,30.610249
7123-PR,-33.769588,227541,150.768738,03/15/2025 11:34:43,0.974,2025-03-15 11:34:43,26.5,0.0,0.0,3.0,30.610249
7123-PR,-33.769588,227541,150.768738,03/15/2025 11:34:43,0.974,2025-03-15 11:34:43,26.5,0.0,0.0,3.0,30.610249
7123-PR,-33.769588,227541,150.768738,03/15/2025 11:34:43,0.974,2025-03-15 11:34:43,26.5,0.0,0.0,3.0,30.610249
7123-PR,-33.769588,227541,150.768738,03/15/2025 11:34:43,0.974,2025-03-15 11:34:43,26.5,0.0,0.0,3.0,30.610249
7123-PR,-33.769588,227541,150.768738,03/15/2025 11:34:43,0.974,2025-03-15 11:34:43,26.5,0.0,0.0,3.0,30.610249
7123-PR,-33.769588,227541,150.768738,03/15/2025 11:34:43,0.974,2025-03-15 11:34:43,26.5,0.0,0.0,3.0,30.610249
7123-PR,-33.769588,227541,150.768738,03/15/2025 11:34:43,0.974,2025-03-15 11:34:43,26.5,0.0,0.0,3.0,30.610249
7123-PR,-33.769588,227541,150.768738,03/15/2025 11:34:43,0.974,2025-03-15 11:34:43,26.5,0.0,0.0,3.0,30.610249
7123-PR,-33.769588,227541,150.768738,03/15/2025 11:34:43,0.974,2025-03-15 11:34:43,26.5,0.0,0.0,3.0,30.610249
7123-PR,-33.769588,227541,150.768738,03/15/2025 11:34:43,0.974,2025-03-15 11:34:43,26.5,0.0,0.0,3.0,30.610249
7123-PR,-33.769588,227541,150.768738,03/15/2025 11:34:43,0.974,2025-03-15 11:34:43,26.5,0.0,0.0,3.0,30.610249
7123-PR,-33.769588,227541,150.768738,03/15/2025 11:34:43,0.974,2025-03-15 11:34:43,26.5,0.0,0.0,3.0,30.610249
7123-PR,-33.769588,227541,150.768738,03/15/2025 11:34:43,0.974,2025-03-15 11:34:43,26.5,0.0,0.0,3.0,30.610249
7123-PR,-33.769588,227541,150.768738,03/15/2025 11:34:43,0.974,2025-03-15 11:34:43,26.5,0.0,0.0,3.0,30.610249
9658,-33.79353,227645,151.018829,03/16/2025 18:35:31,0.586,2025-03-16 18:35:31,33.75,0.0,0.0,3.0,32.578465
47024,-33.83889,228135,151.029022,03/21/2025 06:32:05,0.238,2025-03-21 06:32:05,19.55,0.0,0.0,3.0,22.145096
47024,-33.83889,228135,151.029022,03/21/2025 06:32:05,0.238,2025-03-21 06:32:05,19.55,0.0,0.0,3.0,22.145096
F3FWY003,-33.560299,227774,151.192551,03/18/2025 06:23:16,0.374,2025-03-18 06:23:16,14.95,0.0,0.0,1.0,14.190018
7179,-33.817272,229117,150.962784,03/28/2025 10:56:44,0.134,2025-03-28 10:56:44,20.8,0.2,0.2,51.0,22.53905
74229,-33.760658,224406,151.07962,02/19/2025 16:03:14,0.109,2025-02-19 16:03:14,24.45,0.0,0.0,1.0,25.224285
9658,-33.79353,225506,151.018829,03/03/2025 15:08:28,0.5,2025-03-03 15:08:28,24.9,0.0,0.0,3.0,24.315924
74229,-33.760658,224406,151.07962,02/19/2025 16:03:14,0.288,2025-02-19 16:03:14,24.45,0.0,0.0,1.0,25.224285
74229,-33.760658,224406,151.07962,02/19/2025 16:03:14,0.288,2025-02-19 16:03:14,24.45,0.0,0.0,1.0,25.224285
33014,-33.806141,225994,151.17952,03/06/2025 17:27:04,0.6,2025-03-06 17:27:04,23.8,0.1,0.1,51.0,23.22152
F3FWY003,-33.560299,226017,151.192551,03/06/2025 23:48:28,0.03,2025-03-06 23:48:28,19.5,0.2,0.2,51.0,20.477325
F3FWY003,-33.560299,226017,151.192551,03/06/2025 23:48:28,0.03,2025-03-06 23:48:28,19.5,0.2,0.2,51.0,20.477325
50240,-33.796436,227008,150.987595,03/11/2025 10:00:59,0.123,2025-03-11 10:00:59,23.25,0.1,0.1,51.0,25.568596
7153,-33.8651123046875,227399,151.041610717773,03/13/2025 20:49:19,0.145,2025-03-13 20:49:19,22.85,0.0,0.0,0.0,25.318327
7179,-33.817272,227807,150.962784,03/18/2025 11:15:46,0.221,2025-03-18 11:15:46,22.05,0.0,0.0,1.0,22.483603
7179,-33.817272,227807,150.962784,03/18/2025 11:15:46,0.221,2025-03-18 11:15:46,22.05,0.0,0.0,1.0,22.483603
7179,-33.817272,227807,150.962784,03/18/2025 11:15:46,0.221,2025-03-18 11:15:46,22.05,0.0,0.0,1.0,22.483603
7248,-33.906151,228310,151.040207,03/22/2025 04:18:20,0.237,2025-03-22 04:18:20,20.1,0.0,0.0,2.0,22.142075
7248,-33.906151,228310,151.040207,03/22/2025 04:18:20,0.237,2025-03-22 04:18:20,20.1,0.0,0.0,2.0,22.142075
7120,-33.886311,229322,151.217911,03/29/2025 11:41:20,0.745,2025-03-29 11:41:20,19.65,1.1,1.1,55.0,20.42244
7121,-33.886032,229322,151.218079,03/29/2025 11:41:20,0.727,2025-03-29 11:41:20,19.65,1.1,1.1,55.0,20.42244
7120,-33.886311,229322,151.217911,03/29/2025 11:41:20,0.745,2025-03-29 11:41:20,19.65,1.1,1.1,55.0,20.42244
7121,-33.886032,229322,151.218079,03/29/2025 11:41:20,0.727,2025-03-29 11:41:20,19.65,1.1,1.1,55.0,20.42244
7120,-33.886311,229322,151.217911,03/29/2025 11:41:20,0.745,2025-03-29 11:41:20,19.65,1.1,1.1,55.0,20.42244
7121,-33.886032,229322,151.218079,03/29/2025 11:41:20,0.727,2025-03-29 11:41:20,19.65,1.1,1.1,55.0,20.42244
10011,-33.876652,230746,151.230606,04/08/2025 22:52:45,0.105,2025-04-08 22:52:45,17.2,0.0,0.0,2.0,18.434084
7139,-33.876884,230746,151.228683,04/08/2025 22:52:45,0.075,2025-04-08 22:52:45,17.2,0.0,0.0,2.0,18.434084
7164,-33.81562,231089,150.969238,04/11/2025 12:11:37,0.774,2025-04-11 12:11:37,26.5,0.0,0.0,0.0,28.767532
7248,-33.906151,231244,151.040207,04/13/2025 00:40:13,0.031,2025-04-13 00:40:13,17.05,0.0,0.0,1.0,18.87633
33014,-33.806141,231141,151.17952,04/11/2025 15:53:30,0.696,2025-04-11 15:53:30,25.95,0.0,0.0,0.0,26.928526
53003,-33.729225,231609,151.122208,04/16/2025 09:37:44,0.25,2025-04-16 09:37:44,15.8,0.0,0.0,2.0,14.721369
10011,-33.876652,231592,151.230606,04/16/2025 08:12:03,0.095,2025-04-16 08:12:03,16.65,0.1,0.1,51.0,16.139828
7139,-33.876884,231592,151.228683,04/16/2025 08:12:03,0.106,2025-04-16 08:12:03,16.65,0.1,0.1,51.0,16.139828
7153,-33.8651123046875,231892,151.041610717773,04/18/2025 19:10:22,0.271,2025-04-18 19:10:22,19.55,0.0,0.0,0.0,21.08128
74229,-33.760658,232377,151.07962,04/24/2025 13:47:39,0.017,2025-04-24 13:47:39,22.75,0.0,0.0,1.0,22.882122
7119-PR,-33.817974,232509,150.981827,04/25/2025 15:35:10,0.006,2025-04-25 15:35:10,21.45,0.1,0.1,51.0,22.455168
33014,-33.806141,232735,151.17952,04/28/2025 06:28:30,0.818,2025-04-28 06:28:30,16.85,0.4,0.4,51.0,15.987131
9849,-33.877975,231378,151.093185,04/14/2025 15:27:57,0.097,2025-04-14 15:27:57,24.05,0.0,0.0,0.0,23.117344
9849,-33.877975,231711,151.093185,04/17/2025 06:56:41,0.064,2025-04-17 06:56:41,14.85,0.1,0.1,51.0,14.314262
51235,-33.81551,231973,151.101105,04/20/2025 13:00:52,0.246,2025-04-20 13:00:52,29.7,0.0,0.0,0.0,29.747139
9834-PR,-34.033203,231818,151.092529,04/17/2025 19:54:54,0.01,2025-04-17 19:54:54,18.8,0.0,0.0,0.0,17.655708
F3FWY003,-33.560299,231849,151.192551,04/18/2025 10:25:02,0.144,2025-04-18 10:25:02,20.75,0.0,0.0,0.0,20.57255
7163,-33.865181,232617,151.171997,04/26/2025 21:34:26,0.289,2025-04-26 21:34:26,18.05,1.3,1.3,61.0,19.21035
7126,-34.035271,232454,151.113007,04/24/2025 18:44:01,0.412,2025-04-24 18:44:01,19.45,0.0,0.0,1.0,19.951687
7274,-33.779202,230415,150.814102,04/05/2025 08:39:05,0.347,2025-04-05 08:39:05,12.6,0.0,0.0,0.0,12.15737
7163,-33.865181,230351,151.171997,04/04/2025 15:03:39,0.345,2025-04-04 15:03:39,22.7,0.3,0.3,51.0,23.852692
7150,-33.724922,231733,150.977127,04/17/2025 09:22:21,0.73,2025-04-17 09:22:21,17.95,0.0,0.0,1.0,16.69427
50240,-33.796436,232913,150.987595,04/29/2025 13:25:13,0.265,2025-04-29 13:25:13,20.5,0.0,0.0,2.0,21.824326
7132,-33.953056,230712,151.137482,04/08/2025 16:00:02,0.029,2025-04-08 16:00:02,20.95,0.0,0.0,1.0,20.288517
53004,-33.75317,230730,151.151077,04/08/2025 18:27:13,0.793,2025-04-08 18:27:13,17.9,0.0,0.0,0.0,18.575817
51235,-33.81551,230968,151.101105,04/10/2025 15:21:30,0.21,2025-04-10 15:21:30,25.25,0.0,0.0,2.0,26.041431
7179,-33.817272,231359,150.962784,04/14/2025 13:52:37,0.204,2025-04-14 13:52:37,27.7,0.0,0.0,2.0,29.244427
74228,-33.723019,231671,151.036606,04/16/2025 16:18:16,0.256,2025-04-16 16:18:16,20.25,0.0,0.0,0.0,18.617548
50240,-33.796436,231808,150.987595,04/17/2025 17:20:41,0.594,2025-04-17 17:20:41,20.15,0.0,0.0,0.0,19.563553
50250,-33.797592,232028,150.975433,04/21/2025 16:06:32,0.157,2025-04-21 16:06:32,24.0,0.0,0.0,1.0,21.244135
33014,-33.806141,232274,151.17952,04/23/2025 15:48:51,0.595,2025-04-23 15:48:51,22.3,0.3,0.3,51.0,21.699764
7163,-33.865181,232506,151.171997,04/25/2025 15:06:35,0.521,2025-04-25 15:06:35,21.55,0.0,0.0,1.0,21.97037
66249,-33.869324,232724,150.963486,04/27/2025 19:56:22,0.046,2025-04-27 19:56:22,16.7,0.4,0.4,51.0,16.456493
7120,-33.886311,226893,151.217911,03/10/2025 14:24:50,0.458,2025-03-10 14:24:50,24.4,0.2,0.2,51.0,25.725058
7121,-33.886032,226893,151.218079,03/10/2025 14:24:50,0.486,2025-03-10 14:24:50,24.4,0.2,0.2,51.0,25.725058
7161,-33.740406,229878,151.060989,04/02/2025 02:40:20,0.397,2025-04-02 02:40:20,14.4,0.0,0.0,3.0,13.518932
T0288,-33.455536,230679,151.205093,04/08/2025 12:04:39,0.231,2025-04-08 12:04:39,19.05,0.0,0.0,3.0,19.34415
T0289,-33.455235,230679,151.205383,04/08/2025 12:04:39,0.274,2025-04-08 12:04:39,19.05,0.0,0.0,3.0,19.34415
T0290,-33.454796,230679,151.205872,04/08/2025 12:04:39,0.34,2025-04-08 12:04:39,19.05,0.0,0.0,3.0,19.34415
T0479-PR,-33.454525,230679,151.206726,04/08/2025 12:04:39,0.414,2025-04-08 12:04:39,19.05,0.0,0.0,3.0,19.34415
7274,-33.779202,230789,150.814102,04/09/2025 09:58:11,0.039,2025-04-09 09:58:11,17.75,0.0,0.0,1.0,18.955566
68025,-33.816696,231036,150.976623,04/11/2025 08:00:15,0.231,2025-04-11 08:00:15,16.3,0.0,0.0,1.0,17.179033
F3FWY005,-33.429348,230836,151.22467,04/09/2025 14:52:31,0.663,2025-04-09 14:52:31,21.05,0.2,0.2,51.0,21.062408
23067,-33.934475,232985,151.15831,04/29/2025 21:04:57,0.255,2025-04-29 21:04:57,16.6,0.0,0.0,1.0,16.946537
7251,-33.874916,230959,151.155319,04/10/2025 14:38:51,0.649,2025-04-10 14:38:51,24.2,0.0,0.0,3.0,24.638002
7270,-33.793304,232988,151.119659,04/29/2025 22:54:19,0.124,2025-04-29 22:54:19,14.9,0.0,0.0,1.0,15.589798
23067,-33.934475,233085,151.15831,04/30/2025 17:54:02,0.495,2025-04-30 17:54:02,15.55,0.4,0.4,51.0,13.095198
7132,-33.953056,229789,151.137482,04/01/2025 09:20:43,0.914,2025-04-01 09:20:43,18.55,0.1,0.1,51.0,17.086243
34016,-33.778187,229843,151.267136,04/01/2025 16:04:22,0.091,2025-04-01 16:04:22,21.0,0.0,0.0,3.0,18.656685
7164,-33.81562,230878,150.969238,04/09/2025 21:20:15,0.027,2025-04-09 21:20:15,18.0,0.0,0.0,0.0,18.986328
29005,-33.824696,231002,151.093216,04/10/2025 19:18:20,0.172,2025-04-10 19:18:20,20.0,0.0,0.0,0.0,21.161213
7179,-33.817272,231331,150.962784,04/14/2025 10:33:32,0.063,2025-04-14 10:33:32,22.0,0.0,0.0,1.0,23.33745
50240,-33.796436,231407,150.987595,04/14/2025 19:03:31,0.216,2025-04-14 19:03:31,20.45,0.0,0.0,1.0,21.014753
7248,-33.906151,231910,151.040207,04/19/2025 11:54:54,0.073,2025-04-19 11:54:54,24.35,0.0,0.0,2.0,24.727852
7120,-33.886311,232636,151.217911,04/27/2025 06:07:42,0.011,2025-04-27 06:07:42,17.9,0.6,0.6,53.0,18.78757
7121,-33.886032,232636,151.218079,04/27/2025 06:07:42,0.043,2025-04-27 06:07:42,17.9,0.6,0.6,53.0,18.78757
9658,-33.79353,232984,151.018829,04/29/2025 20:46:03,0.483,2025-04-29 20:46:03,15.2,0.0,0.0,2.0,15.982803
7163,-33.865181,232896,151.171997,04/29/2025 10:55:26,0.127,2025-04-29 10:55:26,19.1,0.0,0.0,0.0,20.25078
29005,-33.824696,230611,151.093216,04/07/2025 18:26:53,0.015,2025-04-07 18:26:53,21.85,0.0,0.0,0.0,20.297787
7179,-33.817272,230695,150.962784,04/08/2025 13:37:21,0.302,2025-04-08 13:37:21,21.15,0.2,0.2,51.0,20.923481
53004,-33.75317,231508,151.151077,04/15/2025 14:48:26,0.43,2025-04-15 14:48:26,21.45,0.0,0.0,1.0,19.627094
33014,-33.806141,232703,151.17952,04/27/2025 15:15:44,0.822,2025-04-27 15:15:44,20.3,0.0,0.0,3.0,18.242521
7179,-33.817272,230196,150.962784,04/03/2025 14:59:09,0.211,2025-04-03 14:59:09,24.3,0.0,0.0,0.0,24.420475
74230,-33.724735,230290,151.086151,04/04/2025 08:58:57,0.822,2025-04-04 08:58:57,14.25,0.0,0.0,0.0,14.175201
7112,-33.843338,230513,151.043411,04/06/2025 20:09:01,0.185,2025-04-06 20:09:01,18.25,0.2,0.2,51.0,16.56135
50240,-33.796436,230884,150.987595,04/10/2025 02:18:21,0.21,2025-04-10 02:18:21,15.05,0.0,0.0,3.0,15.691822
7112,-33.843338,231304,151.043411,04/14/2025 06:35:31,0.225,2025-04-14 06:35:31,15.7,0.0,0.0,0.0,16.703352
F3FWY001,-33.694206,232066,151.121323,04/22/2025 09:07:51,0.165,2025-04-22 09:07:51,17.8,0.0,0.0,3.0,17.15813
7270,-33.793304,231989,151.119659,04/20/2025 18:24:38,0.652,2025-04-20 18:24:38,22.05,0.0,0.0,0.0,21.776518
7179,-33.817272,232246,150.962784,04/23/2025 12:50:28,0.107,2025-04-23 12:50:28,21.9,0.7,0.7,53.0,21.213493
23067,-33.934475,231515,151.15831,04/15/2025 15:15:53,0.507,2025-04-15 15:15:53,21.7,0.0,0.0,3.0,19.1205
29005,-33.824696,232900,151.093216,04/29/2025 11:12:03,0.316,2025-04-29 11:12:03,20.8,0.0,0.0,0.0,22.465204
7251,-33.874916,230732,151.155319,04/08/2025 18:43:26,0.119,2025-04-08 18:43:26,20.4,0.0,0.0,0.0,20.149343
7161,-33.740406,230815,151.060989,04/09/2025 13:35:22,0.024,2025-04-09 13:35:22,21.65,0.1,0.1,51.0,22.134533
7168,-33.798195,231043,150.897125,04/11/2025 08:26:28,0.146,2025-04-11 08:26:28,15.9,0.0,0.0,2.0,16.994608
68025,-33.816696,231229,150.976623,04/12/2025 17:57:54,0.072,2025-04-12 17:57:54,23.2,0.0,0.0,0.0,23.733047
7163,-33.865181,228040,151.171997,03/20/2025 12:06:39,0.439,2025-03-20 12:06:39,27.25,0.0,0.0,0.0,30.77274
33014,-33.806141,231404,151.17952,04/14/2025 18:14:19,0.532,2025-04-14 18:14:19,22.2,0.0,0.0,0.0,21.60784
7126,-34.035271,231852,151.113007,04/18/2025 11:17:25,0.691,2025-04-18 11:17:25,22.35,0.0,0.0,0.0,22.534996
7159,-33.888157,232185,150.922974,04/22/2025 23:22:01,0.358,2025-04-22 23:22:01,18.5,0.8,0.8,53.0,18.488184
74229,-33.760658,232432,151.07962,04/24/2025 15:27:56,0.146,2025-04-24 15:27:56,22.2,0.1,0.1,51.0,22.005423
7248,-33.906151,230100,151.040207,04/03/2025 05:51:32,0.528,2025-04-03 05:51:32,13.05,0.0,0.0,0.0,12.978788
F3FWY003,-33.560299,230527,151.192551,04/07/2025 07:07:47,0.055,2025-04-07 07:07:47,14.55,0.0,0.0,0.0,11.643889
50260,-33.819763,231394,151.05188,04/14/2025 16:41:08,0.175,2025-04-14 16:41:08,23.95,0.0,0.0,0.0,23.481813
9834-PR,-34.033203,232463,151.092529,04/24/2025 23:42:48,0.332,2025-04-24 23:42:48,17.6,0.0,0.0,1.0,18.708317
7179,-33.817272,232076,150.962784,04/22/2025 10:00:42,0.258,2025-04-22 10:00:42,21.45,0.3,0.3,51.0,20.818436
55049,-33.729507,232952,151.30011,04/29/2025 16:34:10,0.819,2025-04-29 16:34:10,17.9,0.3,0.3,51.0,17.569706
68025,-33.816696,230277,150.976623,04/04/2025 06:47:08,0.439,2025-04-04 06:47:08,14.0,0.0,0.0,0.0,13.908625
22001,-33.825577,230395,151.233261,04/04/2025 19:33:52,0.619,2025-04-04 19:33:52,20.85,0.0,0.0,3.0,22.047161
7179,-33.817272,230911,150.962784,04/10/2025 08:49:45,0.016,2025-04-10 08:49:45,16.0,0.0,0.0,3.0,17.017265
7164,-33.81562,230715,150.969238,04/08/2025 16:33:54,0.022,2025-04-08 16:33:54,20.95,0.0,0.0,1.0,20.548908
7274,-33.779202,231252,150.814102,04/13/2025 08:00:55,0.049,2025-04-13 08:00:55,16.55,0.0,0.0,1.0,17.554728
7132,-33.953056,231402,151.137482,04/14/2025 17:36:54,0.054,2025-04-14 17:36:54,22.45,0.0,0.0,2.0,20.785805
F3FWY004,-33.496265,231681,151.187408,04/16/2025 17:07:46,0.129,2025-04-16 17:07:46,19.35,0.0,0.0,1.0,18.267195
51235,-33.81551,232302,151.101105,04/24/2025 01:45:44,0.766,2025-04-24 01:45:44,16.8,0.1,0.1,51.0,18.48171
7179,-33.817272,232337,150.962784,04/24/2025 10:53:24,0.101,2025-04-24 10:53:24,20.2,0.0,0.0,1.0,21.906853
7120,-33.886311,232975,151.217911,04/29/2025 19:19:16,0.113,2025-04-29 19:19:16,16.9,0.3,0.3,51.0,17.190498
7121,-33.886032,232975,151.218079,04/29/2025 19:19:16,0.115,2025-04-29 19:19:16,16.9,0.3,0.3,51.0,17.190498
50240,-33.796436,229859,150.987595,04/01/2025 17:53:44,0.48,2025-04-01 17:53:44,21.25,0.1,0.1,51.0,20.174553
50240,-33.796436,230346,150.987595,04/04/2025 14:46:21,0.054,2025-04-04 14:46:21,23.7,0.1,0.1,51.0,25.354721
10011,-33.876652,230250,151.230606,04/03/2025 19:43:23,0.473,2025-04-03 19:43:23,20.45,0.0,0.0,0.0,20.716429
7139,-33.876884,230250,151.228683,04/03/2025 19:43:23,0.627,2025-04-03 19:43:23,20.45,0.0,0.0,0.0,20.716429
10011,-33.876652,230436,151.230606,04/05/2025 12:25:08,0.098,2025-04-05 12:25:08,21.95,0.0,0.0,0.0,21.133766
7139,-33.876884,230436,151.228683,04/05/2025 12:25:08,0.277,2025-04-05 12:25:08,21.95,0.0,0.0,0.0,21.133766
23067,-33.934475,230717,151.15831,04/08/2025 16:42:36,0.202,2025-04-08 16:42:36,21.4,0.0,0.0,0.0,20.672699
F3FWY005,-33.429348,215021,151.22467,11/22/2024 10:22:53,0.335,2024-11-22 10:22:53,,,,,
51235,-33.81551,230965,151.101105,04/10/2025 15:09:56,0.018,2025-04-10 15:09:56,25.25,0.0,0.0,2.0,26.041431
7163,-33.865181,227935,151.171997,03/19/2025 12:39:42,0.396,2025-03-19 12:39:42,25.55,0.0,0.0,0.0,26.460106
7112,-33.843338,231572,151.043411,04/15/2025 22:30:42,0.339,2025-04-15 22:30:42,17.05,0.1,0.1,51.0,17.379192
7184,-33.772957,232015,151.135391,04/21/2025 12:50:43,0.068,2025-04-21 12:50:43,24.9,0.0,0.0,1.0,23.902956
7163,-33.865181,232763,151.171997,04/28/2025 09:32:13,0.441,2025-04-28 09:32:13,19.15,0.3,0.3,51.0,18.570332
7184,-33.772957,230775,151.135391,04/09/2025 08:39:23,0.049,2025-04-09 08:39:23,16.35,0.1,0.1,51.0,17.86054
22001,-33.825577,231160,151.233261,04/11/2025 16:56:54,0.297,2025-04-11 16:56:54,25.0,0.0,0.0,1.0,26.52536
7153,-33.8651123046875,231936,151.041610717773,04/19/2025 19:41:40,0.028,2025-04-19 19:41:40,22.8,0.0,0.0,1.0,22.68713
F3FWY006,-33.395744,230015,151.297058,04/02/2025 14:18:16,0.009,2025-04-02 14:18:16,20.6465,0.0,0.0,0.0,20.42924
33014,-33.806141,230514,151.17952,04/06/2025 20:27:42,0.556,2025-04-06 20:27:42,18.7,0.2,0.2,51.0,15.927578
T0337,-33.654926,230159,151.060974,04/03/2025 11:22:12,0.215,2025-04-03 11:22:12,22.45,0.0,0.0,0.0,21.858326
T0337,-33.654926,227982,151.060974,03/19/2025 19:05:07,0.444,2025-03-19 19:05:07,22.1,0.0,0.0,3.0,22.373672
F3FWY002,-33.651676,231424,151.137741,04/15/2025 07:14:10,0.253,2025-04-15 07:14:10,17.8,0.0,0.0,3.0,17.25815
9658,-33.79353,231525,151.018829,04/15/2025 15:41:32,0.252,2025-04-15 15:41:32,21.6,0.0,0.0,2.0,19.362926
7168,-33.798195,231925,150.897125,04/19/2025 16:36:03,0.296,2025-04-19 16:36:03,29.4,0.0,0.0,0.0,27.718561
9658,-33.79353,231957,151.018829,04/20/2025 08:55:40,0.148,2025-04-20 08:55:40,16.8,0.0,0.0,0.0,15.604174
68025,-33.816696,229849,150.976623,04/01/2025 16:40:35,0.335,2025-04-01 16:40:35,22.75,0.0,0.0,3.0,21.706333
33014,-33.806141,230116,151.17952,04/03/2025 08:02:21,0.818,2025-04-03 08:02:21,14.25,0.0,0.0,0.0,14.205502
7161,-33.740406,230973,151.060989,04/10/2025 15:43:30,0.378,2025-04-10 15:43:30,24.95,0.0,0.0,3.0,25.632515
T0288,-33.455536,231158,151.205093,04/11/2025 16:47:24,0.168,2025-04-11 16:47:24,24.5,0.0,0.0,1.0,24.889786
T0289,-33.455235,231158,151.205383,04/11/2025 16:47:24,0.126,2025-04-11 16:47:24,24.5,0.0,0.0,1.0,24.889786
T0290,-33.454796,231158,151.205872,04/11/2025 16:47:24,0.062,2025-04-11 16:47:24,24.5,0.0,0.0,1.0,24.889786
T0479-PR,-33.454525,231158,151.206726,04/11/2025 16:47:24,0.023,2025-04-11 16:47:24,24.5,0.0,0.0,1.0,24.889786
T0288,-33.455536,231614,151.205093,04/16/2025 10:13:15,0.21,2025-04-16 10:13:15,18.35,0.0,0.0,2.0,16.984165
T0289,-33.455235,231614,151.205383,04/16/2025 10:13:15,0.167,2025-04-16 10:13:15,18.35,0.0,0.0,2.0,16.984165
T0290,-33.454796,231614,151.205872,04/16/2025 10:13:15,0.1,2025-04-16 10:13:15,18.35,0.0,0.0,2.0,16.984165
T0479-PR,-33.454525,231614,151.206726,04/16/2025 10:13:15,0.047,2025-04-16 10:13:15,18.35,0.0,0.0,2.0,16.984165
7274,-33.779202,231923,150.814102,04/19/2025 15:55:15,0.114,2025-04-19 15:55:15,29.3,0.0,0.0,0.0,28.281254
51235,-33.81551,231756,151.101105,04/17/2025 11:50:51,0.45,2025-04-17 11:50:51,22.25,0.0,0.0,0.0,21.582275
7270,-33.793304,231847,151.119659,04/18/2025 10:14:01,0.651,2025-04-18 10:14:01,19.35,0.0,0.0,0.0,19.253244
7120,-33.886311,232044,151.217911,04/21/2025 22:45:16,0.055,2025-04-21 22:45:16,17.35,0.0,0.0,2.0,17.404093
7121,-33.886032,232044,151.218079,04/21/2025 22:45:16,0.086,2025-04-21 22:45:16,17.35,0.0,0.0,2.0,17.404093
F3FWY003,-33.560299,232007,151.192551,04/21/2025 10:43:03,0.364,2025-04-21 10:43:03,22.6,0.0,0.0,0.0,21.845808
7153,-33.8651123046875,232317,151.041610717773,04/24/2025 08:35:09,0.179,2025-04-24 08:35:09,17.0,0.1,0.1,51.0,18.289282
7112,-33.843338,231136,151.043411,04/11/2025 15:41:36,0.14,2025-04-11 15:41:36,28.6,0.0,0.0,1.0,27.967236
7179,-33.817272,231334,150.962784,04/14/2025 10:51:25,0.541,2025-04-14 10:51:25,22.0,0.0,0.0,1.0,23.33745
7179,-33.817272,231695,150.962784,04/16/2025 19:59:26,0.193,2025-04-16 19:59:26,18.75,0.0,0.0,1.0,17.75322
10011,-33.876652,232619,151.230606,04/26/2025 21:59:09,0.105,2025-04-26 21:59:09,18.05,1.3,1.3,61.0,19.21035
7139,-33.876884,232619,151.228683,04/26/2025 21:59:09,0.075,2025-04-26 21:59:09,18.05,1.3,1.3,61.0,19.21035
57025,-33.725773,231613,151.219788,04/16/2025 10:10:08,0.466,2025-04-16 10:10:08,17.5075,0.0,0.0,2.0,16.078949
10011,-33.876652,230746,151.230606,04/08/2025 22:52:45,0.105,2025-04-08 22:52:45,17.2,0.0,0.0,2.0,18.434084
7139,-33.876884,230746,151.228683,04/08/2025 22:52:45,0.075,2025-04-08 22:52:45,17.2,0.0,0.0,2.0,18.434084
10011,-33.876652,230746,151.230606,04/08/2025 22:52:45,0.105,2025-04-08 22:52:45,17.2,0.0,0.0,2.0,18.434084
7139,-33.876884,230746,151.228683,04/08/2025 22:52:45,0.075,2025-04-08 22:52:45,17.2,0.0,0.0,2.0,18.434084
7164,-33.81562,231089,150.969238,04/11/2025 12:11:37,0.774,2025-04-11 12:11:37,26.5,0.0,0.0,0.0,28.767532
7248,-33.906151,231244,151.040207,04/13/2025 00:40:13,0.031,2025-04-13 00:40:13,17.05,0.0,0.0,1.0,18.87633
7248,-33.906151,231244,151.040207,04/13/2025 00:40:13,0.031,2025-04-13 00:40:13,17.05,0.0,0.0,1.0,18.87633
7248,-33.906151,231244,151.040207,04/13/2025 00:40:13,0.031,2025-04-13 00:40:13,17.05,0.0,0.0,1.0,18.87633
7248,-33.906151,231244,151.040207,04/13/2025 00:40:13,0.031,2025-04-13 00:40:13,17.05,0.0,0.0,1.0,18.87633
7248,-33.906151,231244,151.040207,04/13/2025 00:40:13,0.031,2025-04-13 00:40:13,17.05,0.0,0.0,1.0,18.87633
7248,-33.906151,231244,151.040207,04/13/2025 00:40:13,0.031,2025-04-13 00:40:13,17.05,0.0,0.0,1.0,18.87633
7248,-33.906151,231244,151.040207,04/13/2025 00:40:13,0.031,2025-04-13 00:40:13,17.05,0.0,0.0,1.0,18.87633
7248,-33.906151,231244,151.040207,04/13/2025 00:40:13,0.031,2025-04-13 00:40:13,17.05,0.0,0.0,1.0,18.87633
7248,-33.906151,231244,151.040207,04/13/2025 00:40:13,0.031,2025-04-13 00:40:13,17.05,0.0,0.0,1.0,18.87633
7248,-33.906151,231244,151.040207,04/13/2025 00:40:13,0.031,2025-04-13 00:40:13,17.05,0.0,0.0,1.0,18.87633
7248,-33.906151,231244,151.040207,04/13/2025 00:40:13,0.031,2025-04-13 00:40:13,17.05,0.0,0.0,1.0,18.87633
7248,-33.906151,231244,151.040207,04/13/2025 00:40:13,0.031,2025-04-13 00:40:13,17.05,0.0,0.0,1.0,18.87633
7248,-33.906151,231244,151.040207,04/13/2025 00:40:13,0.031,2025-04-13 00:40:13,17.05,0.0,0.0,1.0,18.87633
7248,-33.906151,231244,151.040207,04/13/2025 00:40:13,0.031,2025-04-13 00:40:13,17.05,0.0,0.0,1.0,18.87633
33014,-33.806141,231141,151.17952,04/11/2025 15:53:30,0.696,2025-04-11 15:53:30,25.95,0.0,0.0,0.0,26.928526
33014,-33.806141,231141,151.17952,04/11/2025 15:53:30,0.696,2025-04-11 15:53:30,25.95,0.0,0.0,0.0,26.928526
33014,-33.806141,231141,151.17952,04/11/2025 15:53:30,0.696,2025-04-11 15:53:30,25.95,0.0,0.0,0.0,26.928526
53003,-33.729225,231609,151.122208,04/16/2025 09:37:44,0.25,2025-04-16 09:37:44,15.8,0.0,0.0,2.0,14.721369
10011,-33.876652,231592,151.230606,04/16/2025 08:12:03,0.095,2025-04-16 08:12:03,16.65,0.1,0.1,51.0,16.139828
7139,-33.876884,231592,151.228683,04/16/2025 08:12:03,0.106,2025-04-16 08:12:03,16.65,0.1,0.1,51.0,16.139828
7153,-33.8651123046875,231892,151.041610717773,04/18/2025 19:10:22,0.271,2025-04-18 19:10:22,19.55,0.0,0.0,0.0,21.08128
7153,-33.8651123046875,231892,151.041610717773,04/18/2025 19:10:22,0.271,2025-04-18 19:10:22,19.55,0.0,0.0,0.0,21.08128
74229,-33.760658,232377,151.07962,04/24/2025 13:47:39,0.017,2025-04-24 13:47:39,22.75,0.0,0.0,1.0,22.882122
74229,-33.760658,232377,151.07962,04/24/2025 13:47:39,0.017,2025-04-24 13:47:39,22.75,0.0,0.0,1.0,22.882122
7119-PR,-33.817974,232509,150.981827,04/25/2025 15:35:10,0.006,2025-04-25 15:35:10,21.45,0.1,0.1,51.0,22.455168
33014,-33.806141,232735,151.17952,04/28/2025 06:28:30,0.818,2025-04-28 06:28:30,16.85,0.4,0.4,51.0,15.987131
23067,-33.934475,230880,151.15831,04/09/2025 22:49:05,0.217,2025-04-09 22:49:05,19.25,0.0,0.0,0.0,19.910917
23067,-33.934475,230880,151.15831,04/09/2025 22:49:05,0.214,2025-04-09 22:49:05,19.25,0.0,0.0,0.0,19.910917
9849,-33.877975,231378,151.093185,04/14/2025 15:27:57,0.097,2025-04-14 15:27:57,24.05,0.0,0.0,0.0,23.117344
9849,-33.877975,231711,151.093185,04/17/2025 06:56:41,0.064,2025-04-17 06:56:41,14.85,0.1,0.1,51.0,14.314262
9849,-33.877975,231711,151.093185,04/17/2025 06:56:41,0.064,2025-04-17 06:56:41,14.85,0.1,0.1,51.0,14.314262
9849,-33.877975,231711,151.093185,04/17/2025 06:56:41,0.064,2025-04-17 06:56:41,14.85,0.1,0.1,51.0,14.314262
51235,-33.81551,231973,151.101105,04/20/2025 13:00:52,0.246,2025-04-20 13:00:52,29.7,0.0,0.0,0.0,29.747139
9834-PR,-34.033203,231818,151.092529,04/17/2025 19:54:54,0.01,2025-04-17 19:54:54,18.8,0.0,0.0,0.0,17.655708
9834-PR,-34.033203,231818,151.092529,04/17/2025 19:54:54,0.01,2025-04-17 19:54:54,18.8,0.0,0.0,0.0,17.655708
9834-PR,-34.033203,231818,151.092529,04/17/2025 19:54:54,0.01,2025-04-17 19:54:54,18.8,0.0,0.0,0.0,17.655708
9834-PR,-34.033203,231818,151.092529,04/17/2025 19:54:54,0.01,2025-04-17 19:54:54,18.8,0.0,0.0,0.0,17.655708
9834-PR,-34.033203,231818,151.092529,04/17/2025 19:54:54,0.01,2025-04-17 19:54:54,18.8,0.0,0.0,0.0,17.655708
F3FWY003,-33.560299,231849,151.192551,04/18/2025 10:25:02,0.144,2025-04-18 10:25:02,20.75,0.0,0.0,0.0,20.57255
F3FWY003,-33.560299,231849,151.192551,04/18/2025 10:25:02,0.144,2025-04-18 10:25:02,20.75,0.0,0.0,0.0,20.57255
F3FWY003,-33.560299,231849,151.192551,04/18/2025 10:25:02,0.144,2025-04-18 10:25:02,20.75,0.0,0.0,0.0,20.57255
F3FWY003,-33.560299,231849,151.192551,04/18/2025 10:25:02,0.144,2025-04-18 10:25:02,20.75,0.0,0.0,0.0,20.57255
F3FWY003,-33.560299,231849,151.192551,04/18/2025 10:25:02,0.144,2025-04-18 10:25:02,20.75,0.0,0.0,0.0,20.57255
7163,-33.865181,232617,151.171997,04/26/2025 21:34:26,0.289,2025-04-26 21:34:26,18.05,1.3,1.3,61.0,19.21035
7163,-33.865181,232617,151.171997,04/26/2025 21:34:26,0.289,2025-04-26 21:34:26,18.05,1.3,1.3,61.0,19.21035
7163,-33.865181,232617,151.171997,04/26/2025 21:34:26,0.289,2025-04-26 21:34:26,18.05,1.3,1.3,61.0,19.21035
7126,-34.035271,232454,151.113007,04/24/2025 18:44:01,0.412,2025-04-24 18:44:01,19.45,0.0,0.0,1.0,19.951687
7274,-33.779202,230415,150.814102,04/05/2025 08:39:05,0.347,2025-04-05 08:39:05,12.6,0.0,0.0,0.0,12.15737
7163,-33.865181,230351,151.171997,04/04/2025 15:03:39,0.345,2025-04-04 15:03:39,22.7,0.3,0.3,51.0,23.852692
7163,-33.865181,230351,151.171997,04/04/2025 15:03:39,0.345,2025-04-04 15:03:39,22.7,0.3,0.3,51.0,23.852692
7150,-33.724922,231733,150.977127,04/17/2025 09:22:21,0.73,2025-04-17 09:22:21,17.95,0.0,0.0,1.0,16.69427
50240,-33.796436,232913,150.987595,04/29/2025 13:25:13,0.265,2025-04-29 13:25:13,20.5,0.0,0.0,2.0,21.824326
F3FWY001,-33.694206,230474,151.121323,04/06/2025 05:30:37,0.198,2025-04-06 05:30:37,13.1,0.0,0.0,0.0,12.55125
7132,-33.953056,230712,151.137482,04/08/2025 16:00:02,0.021,2025-04-08 16:00:02,20.95,0.0,0.0,1.0,20.288517
7132,-33.953056,230712,151.137482,04/08/2025 16:00:02,0.029,2025-04-08 16:00:02,20.95,0.0,0.0,1.0,20.288517
53004,-33.75317,230730,151.151077,04/08/2025 18:27:13,0.793,2025-04-08 18:27:13,17.9,0.0,0.0,0.0,18.575817
53004,-33.75317,230730,151.151077,04/08/2025 18:27:13,0.793,2025-04-08 18:27:13,17.9,0.0,0.0,0.0,18.575817
53004,-33.75317,230730,151.151077,04/08/2025 18:27:13,0.793,2025-04-08 18:27:13,17.9,0.0,0.0,0.0,18.575817
51235,-33.81551,230968,151.101105,04/10/2025 15:21:30,0.21,2025-04-10 15:21:30,25.25,0.0,0.0,2.0,26.041431
7179,-33.817272,231359,150.962784,04/14/2025 13:52:37,0.204,2025-04-14 13:52:37,27.7,0.0,0.0,2.0,29.244427
74228,-33.723019,231671,151.036606,04/16/2025 16:18:16,0.256,2025-04-16 16:18:16,20.25,0.0,0.0,0.0,18.617548
50240,-33.796436,231808,150.987595,04/17/2025 17:20:41,0.594,2025-04-17 17:20:41,20.15,0.0,0.0,0.0,19.563553
50250,-33.797592,232028,150.975433,04/21/2025 16:06:32,0.157,2025-04-21 16:06:32,24.0,0.0,0.0,1.0,21.244135
50250,-33.797592,232028,150.975433,04/21/2025 16:06:32,0.157,2025-04-21 16:06:32,24.0,0.0,0.0,1.0,21.244135
33014,-33.806141,232274,151.17952,04/23/2025 15:48:51,0.595,2025-04-23 15:48:51,22.3,0.3,0.3,51.0,21.699764
7163,-33.865181,232506,151.171997,04/25/2025 15:06:35,0.521,2025-04-25 15:06:35,21.55,0.0,0.0,1.0,21.97037
66249,-33.869324,232724,150.963486,04/27/2025 19:56:22,0.046,2025-04-27 19:56:22,16.7,0.4,0.4,51.0,16.456493
7120,-33.886311,226893,151.217911,03/10/2025 14:24:50,0.458,2025-03-10 14:24:50,24.4,0.2,0.2,51.0,25.725058
7121,-33.886032,226893,151.218079,03/10/2025 14:24:50,0.486,2025-03-10 14:24:50,24.4,0.2,0.2,51.0,25.725058
7120,-33.886311,226893,151.217911,03/10/2025 14:24:50,0.458,2025-03-10 14:24:50,24.4,0.2,0.2,51.0,25.725058
7121,-33.886032,226893,151.218079,03/10/2025 14:24:50,0.486,2025-03-10 14:24:50,24.4,0.2,0.2,51.0,25.725058
7161,-33.740406,229878,151.060989,04/02/2025 02:40:20,0.397,2025-04-02 02:40:20,14.4,0.0,0.0,3.0,13.518932
T0288,-33.455536,230679,151.205093,04/08/2025 12:04:39,0.231,2025-04-08 12:04:39,19.05,0.0,0.0,3.0,19.34415
T0289,-33.455235,230679,151.205383,04/08/2025 12:04:39,0.274,2025-04-08 12:04:39,19.05,0.0,0.0,3.0,19.34415
T0290,-33.454796,230679,151.205872,04/08/2025 12:04:39,0.34,2025-04-08 12:04:39,19.05,0.0,0.0,3.0,19.34415
T0479-PR,-33.454525,230679,151.206726,04/08/2025 12:04:39,0.414,2025-04-08 12:04:39,19.05,0.0,0.0,3.0,19.34415
T0288,-33.455536,230679,151.205093,04/08/2025 12:04:39,0.231,2025-04-08 12:04:39,19.05,0.0,0.0,3.0,19.34415
T0289,-33.455235,230679,151.205383,04/08/2025 12:04:39,0.274,2025-04-08 12:04:39,19.05,0.0,0.0,3.0,19.34415
T0290,-33.454796,230679,151.205872,04/08/2025 12:04:39,0.34,2025-04-08 12:04:39,19.05,0.0,0.0,3.0,19.34415
T0479-PR,-33.454525,230679,151.206726,04/08/2025 12:04:39,0.414,2025-04-08 12:04:39,19.05,0.0,0.0,3.0,19.34415
T0288,-33.455536,230679,151.205093,04/08/2025 12:04:39,0.231,2025-04-08 12:04:39,19.05,0.0,0.0,3.0,19.34415
T0289,-33.455235,230679,151.205383,04/08/2025 12:04:39,0.274,2025-04-08 12:04:39,19.05,0.0,0.0,3.0,19.34415
T0290,-33.454796,230679,151.205872,04/08/2025 12:04:39,0.34,2025-04-08 12:04:39,19.05,0.0,0.0,3.0,19.34415
T0479-PR,-33.454525,230679,151.206726,04/08/2025 12:04:39,0.414,2025-04-08 12:04:39,19.05,0.0,0.0,3.0,19.34415
7274,-33.779202,230789,150.814102,04/09/2025 09:58:11,0.039,2025-04-09 09:58:11,17.75,0.0,0.0,1.0,18.955566
F3FWY005,-33.429348,230836,151.22467,04/09/2025 14:52:31,0.663,2025-04-09 14:52:31,21.05,0.2,0.2,51.0,21.062408
F3FWY005,-33.429348,230836,151.22467,04/09/2025 14:52:31,0.663,2025-04-09 14:52:31,21.05,0.2,0.2,51.0,21.062408
F3FWY005,-33.429348,230836,151.22467,04/09/2025 14:52:31,0.663,2025-04-09 14:52:31,21.05,0.2,0.2,51.0,21.062408
F3FWY005,-33.429348,230836,151.22467,04/09/2025 14:52:31,0.663,2025-04-09 14:52:31,21.05,0.2,0.2,51.0,21.062408
68025,-33.816696,231036,150.976623,04/11/2025 08:00:15,0.231,2025-04-11 08:00:15,16.3,0.0,0.0,1.0,17.179033
7251,-33.874916,230959,151.155319,04/10/2025 14:38:51,0.649,2025-04-10 14:38:51,24.2,0.0,0.0,3.0,24.638002
F3FWY005,-33.429348,230836,151.22467,04/09/2025 14:52:31,0.663,2025-04-09 14:52:31,21.05,0.2,0.2,51.0,21.062408
F3FWY005,-33.429348,230836,151.22467,04/09/2025 14:52:31,0.663,2025-04-09 14:52:31,21.05,0.2,0.2,51.0,21.062408
F3FWY005,-33.429348,230836,151.22467,04/09/2025 14:52:31,0.663,2025-04-09 14:52:31,21.05,0.2,0.2,51.0,21.062408
F3FWY005,-33.429348,230836,151.22467,04/09/2025 14:52:31,0.663,2025-04-09 14:52:31,21.05,0.2,0.2,51.0,21.062408
F3FWY005,-33.429348,230836,151.22467,04/09/2025 14:52:31,0.663,2025-04-09 14:52:31,21.05,0.2,0.2,51.0,21.062408
F3FWY005,-33.429348,230836,151.22467,04/09/2025 14:52:31,0.663,2025-04-09 14:52:31,21.05,0.2,0.2,51.0,21.062408
F3FWY005,-33.429348,230836,151.22467,04/09/2025 14:52:31,0.663,2025-04-09 14:52:31,21.05,0.2,0.2,51.0,21.062408
F3FWY005,-33.429348,230836,151.22467,04/09/2025 14:52:31,0.663,2025-04-09 14:52:31,21.05,0.2,0.2,51.0,21.062408
F3FWY005,-33.429348,230836,151.22467,04/09/2025 14:52:31,0.663,2025-04-09 14:52:31,21.05,0.2,0.2,51.0,21.062408
F3FWY005,-33.429348,230836,151.22467,04/09/2025 14:52:31,0.663,2025-04-09 14:52:31,21.05,0.2,0.2,51.0,21.062408
F3FWY005,-33.429348,230836,151.22467,04/09/2025 14:52:31,0.663,2025-04-09 14:52:31,21.05,0.2,0.2,51.0,21.062408
23067,-33.934475,232985,151.15831,04/29/2025 21:04:57,0.255,2025-04-29 21:04:57,16.6,0.0,0.0,1.0,16.946537
23067,-33.934475,232985,151.15831,04/29/2025 21:04:57,0.255,2025-04-29 21:04:57,16.6,0.0,0.0,1.0,16.946537
23067,-33.934475,232985,151.15831,04/29/2025 21:04:57,0.255,2025-04-29 21:04:57,16.6,0.0,0.0,1.0,16.946537
23067,-33.934475,232985,151.15831,04/29/2025 21:04:57,0.255,2025-04-29 21:04:57,16.6,0.0,0.0,1.0,16.946537
23067,-33.934475,232985,151.15831,04/29/2025 21:04:57,0.255,2025-04-29 21:04:57,16.6,0.0,0.0,1.0,16.946537
7270,-33.793304,232988,151.119659,04/29/2025 22:54:19,0.124,2025-04-29 22:54:19,14.9,0.0,0.0,1.0,15.589798
23067,-33.934475,233085,151.15831,04/30/2025 17:54:02,0.495,2025-04-30 17:54:02,15.55,0.4,0.4,51.0,13.095198
7132,-33.953056,229789,151.137482,04/01/2025 09:20:43,0.914,2025-04-01 09:20:43,18.55,0.1,0.1,51.0,17.086243
34016,-33.778187,229843,151.267136,04/01/2025 16:04:22,0.285,2025-04-01 16:04:22,21.0,0.0,0.0,3.0,18.656685
34016,-33.778187,229843,151.267136,04/01/2025 16:04:22,0.285,2025-04-01 16:04:22,21.0,0.0,0.0,3.0,18.656685
34016,-33.778187,229843,151.267136,04/01/2025 16:04:22,0.091,2025-04-01 16:04:22,21.0,0.0,0.0,3.0,18.656685
34016,-33.778187,229843,151.267136,04/01/2025 16:04:22,0.091,2025-04-01 16:04:22,21.0,0.0,0.0,3.0,18.656685
7164,-33.81562,230878,150.969238,04/09/2025 21:20:15,0.027,2025-04-09 21:20:15,18.0,0.0,0.0,0.0,18.986328
29005,-33.824696,231002,151.093216,04/10/2025 19:18:20,0.172,2025-04-10 19:18:20,20.0,0.0,0.0,0.0,21.161213
29005,-33.824696,231002,151.093216,04/10/2025 19:18:20,0.172,2025-04-10 19:18:20,20.0,0.0,0.0,0.0,21.161213
7179,-33.817272,231331,150.962784,04/14/2025 10:33:32,0.1,2025-04-14 10:33:32,22.0,0.0,0.0,1.0,23.33745
7179,-33.817272,231331,150.962784,04/14/2025 10:33:32,0.063,2025-04-14 10:33:32,22.0,0.0,0.0,1.0,23.33745
50240,-33.796436,231407,150.987595,04/14/2025 19:03:31,0.216,2025-04-14 19:03:31,20.45,0.0,0.0,1.0,21.014753
9658,-33.79353,231735,151.018829,04/17/2025 09:30:33,0.523,2025-04-17 09:30:33,17.75,0.0,0.0,1.0,17.152822
7248,-33.906151,231910,151.040207,04/19/2025 11:54:54,0.073,2025-04-19 11:54:54,24.35,0.0,0.0,2.0,24.727852
7248,-33.906151,231910,151.040207,04/19/2025 11:54:54,0.073,2025-04-19 11:54:54,24.35,0.0,0.0,2.0,24.727852
7248,-33.906151,231910,151.040207,04/19/2025 11:54:54,0.073,2025-04-19 11:54:54,24.35,0.0,0.0,2.0,24.727852
7163,-33.865181,232896,151.171997,04/29/2025 10:55:26,0.127,2025-04-29 10:55:26,19.1,0.0,0.0,0.0,20.25078
7163,-33.865181,232896,151.171997,04/29/2025 10:55:26,0.127,2025-04-29 10:55:26,19.1,0.0,0.0,0.0,20.25078
9658,-33.79353,232984,151.018829,04/29/2025 20:46:03,0.483,2025-04-29 20:46:03,15.2,0.0,0.0,2.0,15.982803
9658,-33.79353,232984,151.018829,04/29/2025 20:46:03,0.483,2025-04-29 20:46:03,15.2,0.0,0.0,2.0,15.982803
29005,-33.824696,230611,151.093216,04/07/2025 18:26:53,0.015,2025-04-07 18:26:53,21.85,0.0,0.0,0.0,20.297787
29005,-33.824696,230611,151.093216,04/07/2025 18:26:53,0.015,2025-04-07 18:26:53,21.85,0.0,0.0,0.0,20.297787
29005,-33.824696,230611,151.093216,04/07/2025 18:26:53,0.015,2025-04-07 18:26:53,21.85,0.0,0.0,0.0,20.297787
7179,-33.817272,230695,150.962784,04/08/2025 13:37:21,0.302,2025-04-08 13:37:21,21.15,0.2,0.2,51.0,20.923481
53004,-33.75317,231508,151.151077,04/15/2025 14:48:26,0.43,2025-04-15 14:48:26,21.45,0.0,0.0,1.0,19.627094
53004,-33.75317,231508,151.151077,04/15/2025 14:48:26,0.43,2025-04-15 14:48:26,21.45,0.0,0.0,1.0,19.627094
53004,-33.75317,231508,151.151077,04/15/2025 14:48:26,0.43,2025-04-15 14:48:26,21.45,0.0,0.0,1.0,19.627094
33014,-33.806141,232703,151.17952,04/27/2025 15:15:44,0.822,2025-04-27 15:15:44,20.3,0.0,0.0,3.0,18.242521
7179,-33.817272,230196,150.962784,04/03/2025 14:59:09,0.211,2025-04-03 14:59:09,24.3,0.0,0.0,0.0,24.420475
74230,-33.724735,230290,151.086151,04/04/2025 08:58:57,0.822,2025-04-04 08:58:57,14.25,0.0,0.0,0.0,14.175201
7112,-33.843338,230513,151.043411,04/06/2025 20:09:01,0.185,2025-04-06 20:09:01,18.25,0.2,0.2,51.0,16.56135
7112,-33.843338,230513,151.043411,04/06/2025 20:09:01,0.185,2025-04-06 20:09:01,18.25,0.2,0.2,51.0,16.56135
7112,-33.843338,230513,151.043411,04/06/2025 20:09:01,0.185,2025-04-06 20:09:01,18.25,0.2,0.2,51.0,16.56135
7112,-33.843338,230513,151.043411,04/06/2025 20:09:01,0.185,2025-04-06 20:09:01,18.25,0.2,0.2,51.0,16.56135
7112,-33.843338,230513,151.043411,04/06/2025 20:09:01,0.185,2025-04-06 20:09:01,18.25,0.2,0.2,51.0,16.56135
7112,-33.843338,230513,151.043411,04/06/2025 20:09:01,0.185,2025-04-06 20:09:01,18.25,0.2,0.2,51.0,16.56135
7112,-33.843338,230513,151.043411,04/06/2025 20:09:01,0.185,2025-04-06 20:09:01,18.25,0.2,0.2,51.0,16.56135
7112,-33.843338,230513,151.043411,04/06/2025 20:09:01,0.185,2025-04-06 20:09:01,18.25,0.2,0.2,51.0,16.56135
7112,-33.843338,230513,151.043411,04/06/2025 20:09:01,0.185,2025-04-06 20:09:01,18.25,0.2,0.2,51.0,16.56135
7112,-33.843338,230513,151.043411,04/06/2025 20:09:01,0.185,2025-04-06 20:09:01,18.25,0.2,0.2,51.0,16.56135
50240,-33.796436,230884,150.987595,04/10/2025 02:18:21,0.21,2025-04-10 02:18:21,15.05,0.0,0.0,3.0,15.691822
7112,-33.843338,231304,151.043411,04/14/2025 06:35:31,0.225,2025-04-14 06:35:31,15.7,0.0,0.0,0.0,16.703352
7112,-33.843338,231304,151.043411,04/14/2025 06:35:31,0.225,2025-04-14 06:35:31,15.7,0.0,0.0,0.0,16.703352
23067,-33.934475,231515,151.15831,04/15/2025 15:15:53,0.507,2025-04-15 15:15:53,21.7,0.0,0.0,3.0,19.1205
F3FWY001,-33.694206,232066,151.121323,04/22/2025 09:07:51,0.165,2025-04-22 09:07:51,17.8,0.0,0.0,3.0,17.15813
F3FWY001,-33.694206,232066,151.121323,04/22/2025 09:07:51,0.165,2025-04-22 09:07:51,17.8,0.0,0.0,3.0,17.15813
F3FWY001,-33.694206,232066,151.121323,04/22/2025 09:07:51,0.165,2025-04-22 09:07:51,17.8,0.0,0.0,3.0,17.15813
7270,-33.793304,231989,151.119659,04/20/2025 18:24:38,0.652,2025-04-20 18:24:38,22.05,0.0,0.0,0.0,21.776518
7179,-33.817272,232246,150.962784,04/23/2025 12:50:28,0.107,2025-04-23 12:50:28,21.9,0.7,0.7,53.0,21.213493
7179,-33.817272,232246,150.962784,04/23/2025 12:50:28,0.107,2025-04-23 12:50:28,21.9,0.7,0.7,53.0,21.213493
29005,-33.824696,232900,151.093216,04/29/2025 11:12:03,0.316,2025-04-29 11:12:03,20.8,0.0,0.0,0.0,22.465204
29005,-33.824696,232900,151.093216,04/29/2025 11:12:03,0.316,2025-04-29 11:12:03,20.8,0.0,0.0,0.0,22.465204
7163,-33.865181,228040,151.171997,03/20/2025 12:06:39,0.401,2025-03-20 12:06:39,27.25,0.0,0.0,0.0,30.77274
7270,-33.793304,230427,151.119659,04/05/2025 11:00:23,0.72,2025-04-05 11:00:23,19.65,0.0,0.0,0.0,18.827402
7163,-33.865181,228040,151.171997,03/20/2025 12:06:39,0.439,2025-03-20 12:06:39,27.25,0.0,0.0,0.0,30.77274
7251,-33.874916,230732,151.155319,04/08/2025 18:43:26,0.119,2025-04-08 18:43:26,20.4,0.0,0.0,0.0,20.149343
7251,-33.874916,230732,151.155319,04/08/2025 18:43:26,0.119,2025-04-08 18:43:26,20.4,0.0,0.0,0.0,20.149343
7251,-33.874916,230732,151.155319,04/08/2025 18:43:26,0.119,2025-04-08 18:43:26,20.4,0.0,0.0,0.0,20.149343
7161,-33.740406,230815,151.060989,04/09/2025 13:35:22,0.024,2025-04-09 13:35:22,21.65,0.1,0.1,51.0,22.134533
7168,-33.798195,231043,150.897125,04/11/2025 08:26:28,0.138,2025-04-11 08:26:28,15.9,0.0,0.0,2.0,16.994608
7168,-33.798195,231043,150.897125,04/11/2025 08:26:28,0.146,2025-04-11 08:26:28,15.9,0.0,0.0,2.0,16.994608
68025,-33.816696,231229,150.976623,04/12/2025 17:57:54,0.072,2025-04-12 17:57:54,23.2,0.0,0.0,0.0,23.733047
68025,-33.816696,231229,150.976623,04/12/2025 17:57:54,0.072,2025-04-12 17:57:54,23.2,0.0,0.0,0.0,23.733047
33014,-33.806141,231404,151.17952,04/14/2025 18:14:19,0.532,2025-04-14 18:14:19,22.2,0.0,0.0,0.0,21.60784
7126,-34.035271,231852,151.113007,04/18/2025 11:17:25,0.691,2025-04-18 11:17:25,22.35,0.0,0.0,0.0,22.534996
7159,-33.888157,232185,150.922974,04/22/2025 23:22:01,0.358,2025-04-22 23:22:01,18.5,0.8,0.8,53.0,18.488184
7159,-33.888157,232185,150.922974,04/22/2025 23:22:01,0.358,2025-04-22 23:22:01,18.5,0.8,0.8,53.0,18.488184
74229,-33.760658,232432,151.07962,04/24/2025 15:27:56,0.146,2025-04-24 15:27:56,22.2,0.1,0.1,51.0,22.005423
74229,-33.760658,232432,151.07962,04/24/2025 15:27:56,0.146,2025-04-24 15:27:56,22.2,0.1,0.1,51.0,22.005423
7248,-33.906151,230100,151.040207,04/03/2025 05:51:32,0.528,2025-04-03 05:51:32,13.05,0.0,0.0,0.0,12.978788
7248,-33.906151,230100,151.040207,04/03/2025 05:51:32,0.528,2025-04-03 05:51:32,13.05,0.0,0.0,0.0,12.978788
7248,-33.906151,230100,151.040207,04/03/2025 05:51:32,0.528,2025-04-03 05:51:32,13.05,0.0,0.0,0.0,12.978788
50260,-33.819763,231394,151.05188,04/14/2025 16:41:08,0.175,2025-04-14 16:41:08,23.95,0.0,0.0,0.0,23.481813
50260,-33.819763,231394,151.05188,04/14/2025 16:41:08,0.175,2025-04-14 16:41:08,23.95,0.0,0.0,0.0,23.481813
9834-PR,-34.033203,232463,151.092529,04/24/2025 23:42:48,0.332,2025-04-24 23:42:48,17.6,0.0,0.0,1.0,18.708317
9834-PR,-34.033203,232463,151.092529,04/24/2025 23:42:48,0.332,2025-04-24 23:42:48,17.6,0.0,0.0,1.0,18.708317
7179,-33.817272,232076,150.962784,04/22/2025 10:00:42,0.258,2025-04-22 10:00:42,21.45,0.3,0.3,51.0,20.818436
7179,-33.817272,232076,150.962784,04/22/2025 10:00:42,0.258,2025-04-22 10:00:42,21.45,0.3,0.3,51.0,20.818436
55049,-33.729507,232952,151.30011,04/29/2025 16:34:10,0.819,2025-04-29 16:34:10,17.9,0.3,0.3,51.0,17.569706
22001,-33.825577,230395,151.233261,04/04/2025 19:33:52,0.613,2025-04-04 19:33:52,20.85,0.0,0.0,3.0,22.047161
22001,-33.825577,230395,151.233261,04/04/2025 19:33:52,0.619,2025-04-04 19:33:52,20.85,0.0,0.0,3.0,22.047161
68025,-33.816696,230277,150.976623,04/04/2025 06:47:08,0.439,2025-04-04 06:47:08,14.0,0.0,0.0,0.0,13.908625
7179,-33.817272,230911,150.962784,04/10/2025 08:49:45,0.016,2025-04-10 08:49:45,16.0,0.0,0.0,3.0,17.017265
7164,-33.81562,230715,150.969238,04/08/2025 16:33:54,0.022,2025-04-08 16:33:54,20.95,0.0,0.0,1.0,20.548908
7274,-33.779202,231252,150.814102,04/13/2025 08:00:55,0.058,2025-04-13 08:00:55,16.55,0.0,0.0,1.0,17.554728
7274,-33.779202,231252,150.814102,04/13/2025 08:00:55,0.058,2025-04-13 08:00:55,16.55,0.0,0.0,1.0,17.554728
7274,-33.779202,231252,150.814102,04/13/2025 08:00:55,0.049,2025-04-13 08:00:55,16.55,0.0,0.0,1.0,17.554728
7274,-33.779202,231252,150.814102,04/13/2025 08:00:55,0.049,2025-04-13 08:00:55,16.55,0.0,0.0,1.0,17.554728
7274,-33.779202,231252,150.814102,04/13/2025 08:00:55,0.049,2025-04-13 08:00:55,16.55,0.0,0.0,1.0,17.554728
7274,-33.779202,231252,150.814102,04/13/2025 08:00:55,0.049,2025-04-13 08:00:55,16.55,0.0,0.0,1.0,17.554728
7274,-33.779202,231252,150.814102,04/13/2025 08:00:55,0.049,2025-04-13 08:00:55,16.55,0.0,0.0,1.0,17.554728
7132,-33.953056,231402,151.137482,04/14/2025 17:36:54,0.021,2025-04-14 17:36:54,22.45,0.0,0.0,2.0,20.785805
7132,-33.953056,231402,151.137482,04/14/2025 17:36:54,0.054,2025-04-14 17:36:54,22.45,0.0,0.0,2.0,20.785805
7132,-33.953056,231402,151.137482,04/14/2025 17:36:54,0.054,2025-04-14 17:36:54,22.45,0.0,0.0,2.0,20.785805
F3FWY004,-33.496265,231681,151.187408,04/16/2025 17:07:46,0.129,2025-04-16 17:07:46,19.35,0.0,0.0,1.0,18.267195
51235,-33.81551,232302,151.101105,04/24/2025 01:45:44,0.766,2025-04-24 01:45:44,16.8,0.1,0.1,51.0,18.48171
7179,-33.817272,232337,150.962784,04/24/2025 10:53:24,0.101,2025-04-24 10:53:24,20.2,0.0,0.0,1.0,21.906853
7120,-33.886311,232975,151.217911,04/29/2025 19:19:16,0.113,2025-04-29 19:19:16,16.9,0.3,0.3,51.0,17.190498
7121,-33.886032,232975,151.218079,04/29/2025 19:19:16,0.115,2025-04-29 19:19:16,16.9,0.3,0.3,51.0,17.190498
F3FWY005,-33.429348,215021,151.22467,11/22/2024 10:22:53,0.335,2024-11-22 10:22:53,,,,,
F3FWY005,-33.429348,215021,151.22467,11/22/2024 10:22:53,0.335,2024-11-22 10:22:53,,,,,
F3FWY005,-33.429348,215021,151.22467,11/22/2024 10:22:53,0.335,2024-11-22 10:22:53,,,,,
F3FWY005,-33.429348,215021,151.22467,11/22/2024 10:22:53,0.335,2024-11-22 10:22:53,,,,,
F3FWY005,-33.429348,215021,151.22467,11/22/2024 10:22:53,0.335,2024-11-22 10:22:53,,,,,
F3FWY005,-33.429348,215021,151.22467,11/22/2024 10:22:53,0.335,2024-11-22 10:22:53,,,,,
F3FWY005,-33.429348,215021,151.22467,11/22/2024 10:22:53,0.335,2024-11-22 10:22:53,,,,,
50240,-33.796436,229859,150.987595,04/01/2025 17:53:44,0.48,2025-04-01 17:53:44,21.25,0.1,0.1,51.0,20.174553
50240,-33.796436,229859,150.987595,04/01/2025 17:53:44,0.48,2025-04-01 17:53:44,21.25,0.1,0.1,51.0,20.174553
50240,-33.796436,229859,150.987595,04/01/2025 17:53:44,0.48,2025-04-01 17:53:44,21.25,0.1,0.1,51.0,20.174553
7163,-33.865181,227935,151.171997,03/19/2025 12:39:42,0.396,2025-03-19 12:39:42,25.55,0.0,0.0,0.0,26.460106
50240,-33.796436,230346,150.987595,04/04/2025 14:46:21,0.054,2025-04-04 14:46:21,23.7,0.1,0.1,51.0,25.354721
50240,-33.796436,230346,150.987595,04/04/2025 14:46:21,0.054,2025-04-04 14:46:21,23.7,0.1,0.1,51.0,25.354721
50240,-33.796436,230346,150.987595,04/04/2025 14:46:21,0.054,2025-04-04 14:46:21,23.7,0.1,0.1,51.0,25.354721
50240,-33.796436,230346,150.987595,04/04/2025 14:46:21,0.054,2025-04-04 14:46:21,23.7,0.1,0.1,51.0,25.354721
10011,-33.876652,230250,151.230606,04/03/2025 19:43:23,0.473,2025-04-03 19:43:23,20.45,0.0,0.0,0.0,20.716429
7139,-33.876884,230250,151.228683,04/03/2025 19:43:23,0.627,2025-04-03 19:43:23,20.45,0.0,0.0,0.0,20.716429
F3FWY005,-33.429348,215021,151.22467,11/22/2024 10:22:53,0.335,2024-11-22 10:22:53,,,,,
10011,-33.876652,230436,151.230606,04/05/2025 12:25:08,0.098,2025-04-05 12:25:08,21.95,0.0,0.0,0.0,21.133766
7139,-33.876884,230436,151.228683,04/05/2025 12:25:08,0.277,2025-04-05 12:25:08,21.95,0.0,0.0,0.0,21.133766
23067,-33.934475,230717,151.15831,04/08/2025 16:42:36,0.222,2025-04-08 16:42:36,21.4,0.0,0.0,0.0,20.672699
23067,-33.934475,230717,151.15831,04/08/2025 16:42:36,0.202,2025-04-08 16:42:36,21.4,0.0,0.0,0.0,20.672699
51235,-33.81551,230965,151.101105,04/10/2025 15:09:56,0.018,2025-04-10 15:09:56,25.25,0.0,0.0,2.0,26.041431
7112,-33.843338,231572,151.043411,04/15/2025 22:30:42,0.339,2025-04-15 22:30:42,17.05,0.1,0.1,51.0,17.379192
7184,-33.772957,232015,151.135391,04/21/2025 12:50:43,0.068,2025-04-21 12:50:43,24.9,0.0,0.0,1.0,23.902956
7184,-33.772957,232015,151.135391,04/21/2025 12:50:43,0.068,2025-04-21 12:50:43,24.9,0.0,0.0,1.0,23.902956
7163,-33.865181,232763,151.171997,04/28/2025 09:32:13,0.441,2025-04-28 09:32:13,19.15,0.3,0.3,51.0,18.570332
7163,-33.865181,232763,151.171997,04/28/2025 09:32:13,0.441,2025-04-28 09:32:13,19.15,0.3,0.3,51.0,18.570332
7184,-33.772957,230775,151.135391,04/09/2025 08:39:23,0.038,2025-04-09 08:39:23,16.35,0.1,0.1,51.0,17.86054
7184,-33.772957,230775,151.135391,04/09/2025 08:39:23,0.049,2025-04-09 08:39:23,16.35,0.1,0.1,51.0,17.86054
22001,-33.825577,231160,151.233261,04/11/2025 16:56:54,0.297,2025-04-11 16:56:54,25.0,0.0,0.0,1.0,26.52536
22001,-33.825577,231160,151.233261,04/11/2025 16:56:54,0.297,2025-04-11 16:56:54,25.0,0.0,0.0,1.0,26.52536
7153,-33.8651123046875,231936,151.041610717773,04/19/2025 19:41:40,0.028,2025-04-19 19:41:40,22.8,0.0,0.0,1.0,22.68713
7153,-33.8651123046875,231936,151.041610717773,04/19/2025 19:41:40,0.028,2025-04-19 19:41:40,22.8,0.0,0.0,1.0,22.68713
T0337,-33.654926,227982,151.060974,03/19/2025 19:05:07,0.444,2025-03-19 19:05:07,22.1,0.0,0.0,3.0,22.373672
T0337,-33.654926,227982,151.060974,03/19/2025 19:05:07,0.444,2025-03-19 19:05:07,22.1,0.0,0.0,3.0,22.373672
F3FWY006,-33.395744,230015,151.297058,04/02/2025 14:18:16,0.009,2025-04-02 14:18:16,20.6465,0.0,0.0,0.0,20.42924
T0337,-33.654926,230159,151.060974,04/03/2025 11:22:12,0.215,2025-04-03 11:22:12,22.45,0.0,0.0,0.0,21.858326
33014,-33.806141,230514,151.17952,04/06/2025 20:27:42,0.556,2025-04-06 20:27:42,18.7,0.2,0.2,51.0,15.927578
F3FWY002,-33.651676,231424,151.137741,04/15/2025 07:14:10,0.253,2025-04-15 07:14:10,17.8,0.0,0.0,3.0,17.25815
9658,-33.79353,231525,151.018829,04/15/2025 15:41:32,0.252,2025-04-15 15:41:32,21.6,0.0,0.0,2.0,19.362926
9658,-33.79353,231525,151.018829,04/15/2025 15:41:32,0.252,2025-04-15 15:41:32,21.6,0.0,0.0,2.0,19.362926
7168,-33.798195,231925,150.897125,04/19/2025 16:36:03,0.296,2025-04-19 16:36:03,29.4,0.0,0.0,0.0,27.718561
9658,-33.79353,231957,151.018829,04/20/2025 08:55:40,0.148,2025-04-20 08:55:40,16.8,0.0,0.0,0.0,15.604174
9658,-33.79353,231957,151.018829,04/20/2025 08:55:40,0.148,2025-04-20 08:55:40,16.8,0.0,0.0,0.0,15.604174
F3FWY002,-33.651676,232197,151.137741,04/23/2025 05:16:50,0.592,2025-04-23 05:16:50,16.95,1.1,1.1,55.0,17.625658
68025,-33.816696,229849,150.976623,04/01/2025 16:40:35,0.335,2025-04-01 16:40:35,22.75,0.0,0.0,3.0,21.706333
33014,-33.806141,230116,151.17952,04/03/2025 08:02:21,0.818,2025-04-03 08:02:21,14.25,0.0,0.0,0.0,14.205502
7161,-33.740406,230973,151.060989,04/10/2025 15:43:30,0.378,2025-04-10 15:43:30,24.95,0.0,0.0,3.0,25.632515
T0288,-33.455536,231158,151.205093,04/11/2025 16:47:24,0.168,2025-04-11 16:47:24,24.5,0.0,0.0,1.0,24.889786
T0289,-33.455235,231158,151.205383,04/11/2025 16:47:24,0.126,2025-04-11 16:47:24,24.5,0.0,0.0,1.0,24.889786
T0290,-33.454796,231158,151.205872,04/11/2025 16:47:24,0.062,2025-04-11 16:47:24,24.5,0.0,0.0,1.0,24.889786
T0479-PR,-33.454525,231158,151.206726,04/11/2025 16:47:24,0.023,2025-04-11 16:47:24,24.5,0.0,0.0,1.0,24.889786
T0288,-33.455536,231158,151.205093,04/11/2025 16:47:24,0.168,2025-04-11 16:47:24,24.5,0.0,0.0,1.0,24.889786
T0289,-33.455235,231158,151.205383,04/11/2025 16:47:24,0.126,2025-04-11 16:47:24,24.5,0.0,0.0,1.0,24.889786
T0290,-33.454796,231158,151.205872,04/11/2025 16:47:24,0.062,2025-04-11 16:47:24,24.5,0.0,0.0,1.0,24.889786
T0479-PR,-33.454525,231158,151.206726,04/11/2025 16:47:24,0.023,2025-04-11 16:47:24,24.5,0.0,0.0,1.0,24.889786
T0288,-33.455536,231614,151.205093,04/16/2025 10:13:15,0.21,2025-04-16 10:13:15,18.35,0.0,0.0,2.0,16.984165
T0289,-33.455235,231614,151.205383,04/16/2025 10:13:15,0.167,2025-04-16 10:13:15,18.35,0.0,0.0,2.0,16.984165
T0290,-33.454796,231614,151.205872,04/16/2025 10:13:15,0.1,2025-04-16 10:13:15,18.35,0.0,0.0,2.0,16.984165
T0479-PR,-33.454525,231614,151.206726,04/16/2025 10:13:15,0.047,2025-04-16 10:13:15,18.35,0.0,0.0,2.0,16.984165
T0288,-33.455536,231614,151.205093,04/16/2025 10:13:15,0.21,2025-04-16 10:13:15,18.35,0.0,0.0,2.0,16.984165
T0289,-33.455235,231614,151.205383,04/16/2025 10:13:15,0.167,2025-04-16 10:13:15,18.35,0.0,0.0,2.0,16.984165
T0290,-33.454796,231614,151.205872,04/16/2025 10:13:15,0.1,2025-04-16 10:13:15,18.35,0.0,0.0,2.0,16.984165
T0479-PR,-33.454525,231614,151.206726,04/16/2025 10:13:15,0.047,2025-04-16 10:13:15,18.35,0.0,0.0,2.0,16.984165
7274,-33.779202,231923,150.814102,04/19/2025 15:55:15,0.114,2025-04-19 15:55:15,29.3,0.0,0.0,0.0,28.281254
51235,-33.81551,231756,151.101105,04/17/2025 11:50:51,0.45,2025-04-17 11:50:51,22.25,0.0,0.0,0.0,21.582275
51235,-33.81551,231756,151.101105,04/17/2025 11:50:51,0.45,2025-04-17 11:50:51,22.25,0.0,0.0,0.0,21.582275
7270,-33.793304,231847,151.119659,04/18/2025 10:14:01,0.651,2025-04-18 10:14:01,19.35,0.0,0.0,0.0,19.253244
7270,-33.793304,231847,151.119659,04/18/2025 10:14:01,0.651,2025-04-18 10:14:01,19.35,0.0,0.0,0.0,19.253244
7120,-33.886311,232044,151.217911,04/21/2025 22:45:16,0.055,2025-04-21 22:45:16,17.35,0.0,0.0,2.0,17.404093
7121,-33.886032,232044,151.218079,04/21/2025 22:45:16,0.086,2025-04-21 22:45:16,17.35,0.0,0.0,2.0,17.404093
F3FWY003,-33.560299,232007,151.192551,04/21/2025 10:43:03,0.364,2025-04-21 10:43:03,22.6,0.0,0.0,0.0,21.845808
F3FWY003,-33.560299,232007,151.192551,04/21/2025 10:43:03,0.364,2025-04-21 10:43:03,22.6,0.0,0.0,0.0,21.845808
F3FWY003,-33.560299,232007,151.192551,04/21/2025 10:43:03,0.364,2025-04-21 10:43:03,22.6,0.0,0.0,0.0,21.845808
F3FWY003,-33.560299,232007,151.192551,04/21/2025 10:43:03,0.364,2025-04-21 10:43:03,22.6,0.0,0.0,0.0,21.845808
F3FWY003,-33.560299,232007,151.192551,04/21/2025 10:43:03,0.364,2025-04-21 10:43:03,22.6,0.0,0.0,0.0,21.845808
F3FWY003,-33.560299,232007,151.192551,04/21/2025 10:43:03,0.364,2025-04-21 10:43:03,22.6,0.0,0.0,0.0,21.845808
F3FWY003,-33.560299,232007,151.192551,04/21/2025 10:43:03,0.364,2025-04-21 10:43:03,22.6,0.0,0.0,0.0,21.845808
F3FWY003,-33.560299,232007,151.192551,04/21/2025 10:43:03,0.364,2025-04-21 10:43:03,22.6,0.0,0.0,0.0,21.845808
F3FWY003,-33.560299,232007,151.192551,04/21/2025 10:43:03,0.364,2025-04-21 10:43:03,22.6,0.0,0.0,0.0,21.845808
7153,-33.8651123046875,232317,151.041610717773,04/24/2025 08:35:09,0.179,2025-04-24 08:35:09,17.0,0.1,0.1,51.0,18.289282
7153,-33.8651123046875,232317,151.041610717773,04/24/2025 08:35:09,0.179,2025-04-24 08:35:09,17.0,0.1,0.1,51.0,18.289282
7153,-33.8651123046875,232317,151.041610717773,04/24/2025 08:35:09,0.179,2025-04-24 08:35:09,17.0,0.1,0.1,51.0,18.289282
7112,-33.843338,231136,151.043411,04/11/2025 15:41:36,0.14,2025-04-11 15:41:36,28.6,0.0,0.0,1.0,27.967236
7179,-33.817272,231334,150.962784,04/14/2025 10:51:25,0.541,2025-04-14 10:51:25,22.0,0.0,0.0,1.0,23.33745
7179,-33.817272,231695,150.962784,04/16/2025 19:59:26,0.193,2025-04-16 19:59:26,18.75,0.0,0.0,1.0,17.75322
7179,-33.817272,231695,150.962784,04/16/2025 19:59:26,0.193,2025-04-16 19:59:26,18.75,0.0,0.0,1.0,17.75322
57025,-33.725773,231613,151.219788,04/16/2025 10:10:08,0.466,2025-04-16 10:10:08,17.5075,0.0,0.0,2.0,16.078949
57025,-33.725773,231613,151.219788,04/16/2025 10:10:08,0.466,2025-04-16 10:10:08,17.5075,0.0,0.0,2.0,16.078949
10011,-33.876652,232619,151.230606,04/26/2025 21:59:09,0.105,2025-04-26 21:59:09,18.05,1.3,1.3,61.0,19.21035
7139,-33.876884,232619,151.228683,04/26/2025 21:59:09,0.075,2025-04-26 21:59:09,18.05,1.3,1.3,61.0,19.21035
33014,-33.806141,234689,151.17952,05/15/2025 17:15:46,0.574,2025-05-15 17:15:46,17.3,0.3,0.3,51.0,17.204878
7251,-33.874916,231514,151.155319,04/15/2025 15:07:05,0.073,2025-04-15 15:07:05,21.7,0.0,0.0,3.0,19.1205
7179,-33.817272,236706,150.962784,05/25/2025 14:13:09,0.206,2025-05-25 14:13:09,18.45,0.0,0.0,3.0,16.502617
72027,-33.740467,237253,150.984421,05/29/2025 06:10:44,0.239,2025-05-29 06:10:44,10.25,0.0,0.0,3.0,7.7732935
7179,-33.817272,233309,150.962784,05/02/2025 12:26:15,0.32,2025-05-02 12:26:15,18.6,0.0,0.0,1.0,18.394644
7274,-33.779202,233880,150.814102,05/08/2025 05:34:02,0.384,2025-05-08 05:34:02,12.6,0.0,0.0,0.0,11.72078
7179,-33.817272,234266,150.962784,05/12/2025 07:22:24,0.075,2025-05-12 07:22:24,15.05,0.5,0.5,53.0,16.28781
53004,-33.75317,233941,151.151077,05/08/2025 12:34:17,0.454,2025-05-08 12:34:17,17.3,0.5,0.5,53.0,16.46205
7153,-33.8651123046875,234535,151.041610717773,05/14/2025 14:52:06,0.428,2025-05-14 14:52:06,21.8,0.0,0.0,1.0,23.461239
7163,-33.865181,234472,151.171997,05/13/2025 20:27:42,0.362,2025-05-13 20:27:42,17.15,0.0,0.0,1.0,18.166693
9827,-33.719955,235029,151.298111,05/19/2025 07:10:59,0.589,2025-05-19 07:10:59,15.5,0.1,0.1,51.0,10.7745
9658,-33.79353,235819,151.018829,05/21/2025 19:00:57,0.508,2025-05-21 19:00:57,16.0,0.4,0.4,51.0,15.905659
72027,-33.740467,235904,150.984421,05/22/2025 08:19:22,0.168,2025-05-22 08:19:22,15.4,0.4,0.4,51.0,15.161488
53004,-33.75317,237280,151.151077,05/29/2025 10:20:15,0.418,2025-05-29 10:20:15,13.25,0.0,0.0,3.0,11.425807
7179,-33.817272,233118,150.962784,05/01/2025 05:27:46,0.107,2025-05-01 05:27:46,12.15,0.0,0.0,1.0,10.167187
F3FWY002,-33.651676,233246,151.137741,05/02/2025 01:16:58,0.516,2025-05-02 01:16:58,11.45,1.1,1.1,55.0,10.347975
9658,-33.79353,234074,151.018829,05/09/2025 14:00:20,0.405,2025-05-09 14:00:20,17.3,0.0,0.0,1.0,16.523338
53003,-33.729225,234851,151.122208,05/16/2025 18:54:27,0.469,2025-05-16 18:54:27,15.8,0.0,0.0,0.0,16.635675
23067,-33.934475,234896,151.15831,05/17/2025 13:29:21,0.387,2025-05-17 13:29:21,20.15,0.0,0.0,1.0,20.218401
7120,-33.886311,236582,151.217911,05/24/2025 00:38:27,0.631,2025-05-24 00:38:27,13.75,0.0,0.0,0.0,11.839066
7121,-33.886032,236582,151.218079,05/24/2025 00:38:27,0.603,2025-05-24 00:38:27,13.75,0.0,0.0,0.0,11.839066
7248,-33.906151,235657,151.040207,05/21/2025 11:00:28,0.291,2025-05-21 11:00:28,18.25,0.2,0.2,51.0,18.789402
7112,-33.843338,237136,151.043411,05/28/2025 06:24:07,0.463,2025-05-28 06:24:07,11.55,0.0,0.0,0.0,8.164816
53004,-33.75317,237252,151.151077,05/29/2025 04:27:16,0.61,2025-05-29 04:27:16,9.3,0.0,0.0,3.0,6.649946
68025,-33.816696,237257,150.976623,05/29/2025 07:12:55,0.436,2025-05-29 07:12:55,10.15,0.0,0.0,3.0,7.6051645
7112,-33.843338,233229,151.043411,05/01/2025 17:48:59,0.81,2025-05-01 17:48:59,16.0,0.0,0.0,2.0,14.119303
53004,-33.75317,233512,151.151077,05/05/2025 07:41:28,0.617,2025-05-05 07:41:28,13.35,0.0,0.0,3.0,13.584822
74229,-33.760658,233510,151.07962,05/05/2025 07:20:04,0.249,2025-05-05 07:20:04,13.35,0.0,0.0,3.0,13.584822
33014,-33.806141,233532,151.17952,05/05/2025 09:27:29,0.817,2025-05-05 09:27:29,16.95,0.0,0.0,3.0,18.355637
7179,-33.817272,233195,150.962784,05/01/2025 13:27:37,0.018,2025-05-01 13:27:37,18.55,0.0,0.0,1.0,15.963427
51235,-33.81551,233651,151.101105,05/06/2025 09:20:06,0.523,2025-05-06 09:20:06,15.1,0.0,0.0,1.0,15.648214
7112,-33.843338,233859,151.043411,05/07/2025 17:41:38,0.36,2025-05-07 17:41:38,22.65,0.0,0.0,3.0,21.04696
7159,-33.888157,234224,150.922974,05/11/2025 13:56:25,0.013,2025-05-11 13:56:25,20.7,0.0,0.0,1.0,21.330286
7112,-33.843338,235027,151.043411,05/19/2025 07:07:05,0.083,2025-05-19 07:07:05,15.3,0.0,0.0,3.0,11.990412
74230,-33.724735,235018,151.086151,05/19/2025 05:23:42,0.247,2025-05-19 05:23:42,11.35,2.0,2.0,61.0,9.236962
68025,-33.816696,236656,150.976623,05/24/2025 17:47:55,0.307,2025-05-24 17:47:55,17.4,0.0,0.0,0.0,15.958481
50240,-33.796436,236126,150.987595,05/22/2025 18:52:07,0.436,2025-05-22 18:52:07,16.15,2.3,2.3,61.0,15.881615
23067,-33.934475,236411,151.15831,05/23/2025 11:01:26,0.081,2025-05-23 11:01:26,18.85,6.4,6.4,63.0,18.59716
9836-PR,-33.819687,236891,151.117416,05/26/2025 16:43:35,0.551,2025-05-26 16:43:35,14.85,1.0,1.0,55.0,12.76786
9827,-33.719955,232890,151.298111,04/29/2025 10:20:58,0.097,2025-04-29 10:20:58,20.55,0.0,0.0,0.0,21.795782
7112,-33.843338,234586,151.043411,05/15/2025 01:46:10,0.337,2025-05-15 01:46:10,14.9,0.0,0.0,3.0,15.791109
51235,-33.81551,235801,151.101105,05/21/2025 17:49:18,0.272,2025-05-21 17:49:18,16.95,0.1,0.1,51.0,17.460407
7270,-33.793304,237247,151.119659,05/28/2025 20:53:47,0.651,2025-05-28 20:53:47,12.2,0.0,0.0,0.0,9.519012
7179,-33.817272,237431,150.962784,05/30/2025 14:45:14,0.695,2025-05-30 14:45:14,18.4,0.0,0.0,1.0,18.28275
7112,-33.843338,233827,151.043411,05/07/2025 14:42:09,0.922,2025-05-07 14:42:09,25.6,0.0,0.0,3.0,24.911392
7120,-33.886311,236842,151.217911,05/26/2025 13:54:20,0.178,2025-05-26 13:54:20,19.75,0.0,0.0,3.0,18.247221
7121,-33.886032,236842,151.218079,05/26/2025 13:54:20,0.211,2025-05-26 13:54:20,19.75,0.0,0.0,3.0,18.247221
51235,-33.81551,237142,151.101105,05/28/2025 07:27:32,0.499,2025-05-28 07:27:32,11.35,0.0,0.0,1.0,8.086901
10011,-33.876652,234169,151.230606,05/10/2025 15:52:37,0.114,2025-05-10 15:52:37,19.5,0.0,0.0,1.0,19.491158
7139,-33.876884,234169,151.228683,05/10/2025 15:52:37,0.292,2025-05-10 15:52:37,19.5,0.0,0.0,1.0,19.491158
50240,-33.796436,234192,150.987595,05/10/2025 22:42:47,0.067,2025-05-10 22:42:47,15.65,0.0,0.0,0.0,16.037651
7163,-33.865181,234913,151.171997,05/17/2025 17:32:32,0.521,2025-05-17 17:32:32,17.55,0.0,0.0,1.0,17.044176
7159,-33.888157,234922,150.922974,05/17/2025 20:39:19,0.013,2025-05-17 20:39:19,14.35,0.2,0.2,51.0,14.436607
F3FWY002,-33.651676,234451,151.137741,05/13/2025 17:00:26,0.58,2025-05-13 17:00:26,17.6,0.0,0.0,2.0,18.108898
10011,-33.876652,234658,151.230606,05/15/2025 14:45:03,0.654,2025-05-15 14:45:03,18.1,0.2,0.2,51.0,17.820541
7139,-33.876884,234658,151.228683,05/15/2025 14:45:03,0.812,2025-05-15 14:45:03,18.1,0.2,0.2,51.0,17.820541
33014,-33.806141,236617,151.17952,05/24/2025 09:42:31,0.673,2025-05-24 09:42:31,15.9,0.0,0.0,0.0,14.099522
7159,-33.888157,237404,150.922974,05/30/2025 11:37:52,0.507,2025-05-30 11:37:52,15.75,0.0,0.0,1.0,15.10972
57025,-33.725773,233269,151.219788,05/02/2025 07:48:05,0.305,2025-05-02 07:48:05,9.907499,0.0,0.0,2.0,8.201395
7119-PR,-33.817974,233706,150.981827,05/06/2025 14:50:01,0.042,2025-05-06 14:50:01,23.95,0.0,0.0,1.0,25.686111
7275,-33.894714,233476,151.110962,05/04/2025 13:57:04,0.003,2025-05-04 13:57:04,21.05,0.0,0.0,2.0,22.270662
7270,-33.793304,233661,151.119659,05/06/2025 09:42:11,0.021,2025-05-06 09:42:11,16.8,0.0,0.0,1.0,17.827436
7112,-33.843338,233758,151.043411,05/07/2025 04:29:00,0.138,2025-05-07 04:29:00,13.05,0.0,0.0,0.0,12.322844
23067,-33.934475,234742,151.15831,05/16/2025 07:58:10,0.237,2025-05-16 07:58:10,16.45,1.6,1.6,61.0,16.784065
7179,-33.817272,234653,150.962784,05/15/2025 14:09:21,0.238,2025-05-15 14:09:21,18.4,0.2,0.2,51.0,18.595396
7161,-33.740406,234788,151.060989,05/16/2025 12:39:12,0.024,2025-05-16 12:39:12,18.8,0.0,0.0,3.0,19.43517
9827,-33.719955,236290,151.298111,05/23/2025 08:23:40,0.576,2025-05-23 08:23:40,17.4,10.7,10.7,65.0,17.510286
51235,-33.81551,236589,151.101105,05/24/2025 06:25:40,0.268,2025-05-24 06:25:40,13.0,0.0,0.0,0.0,10.611573
32029,-33.821175,236939,151.149902,05/26/2025 19:39:16,0.192,2025-05-26 19:39:16,14.0,0.5,0.5,53.0,12.163229
22001,-33.825577,237222,151.233261,05/28/2025 16:14:54,0.018,2025-05-28 16:14:54,16.85,0.0,0.0,1.0,15.756493
F3FWY003,-33.560299,237090,151.192551,05/27/2025 15:47:18,0.152,2025-05-27 15:47:18,16.8,0.0,0.0,0.0,11.096792
7179,-33.817272,233742,150.962784,05/06/2025 20:01:54,0.101,2025-05-06 20:01:54,18.65,0.0,0.0,1.0,18.908628
7112,-33.843338,233833,151.043411,05/07/2025 15:37:12,0.125,2025-05-07 15:37:12,25.5,0.0,0.0,3.0,25.30151
F3FWY003,-33.560299,235012,151.192551,05/19/2025 04:38:15,0.483,2025-05-19 04:38:15,12.15,3.0,3.0,63.0,10.404377
7179,-33.817272,233587,150.962784,05/05/2025 16:53:59,0.569,2025-05-05 16:53:59,22.25,0.0,0.0,3.0,22.667028
7179,-33.817272,233485,150.962784,05/04/2025 17:14:22,0.191,2025-05-04 17:14:22,18.45,0.0,0.0,0.0,18.694813
7161,-33.740406,233547,151.060989,05/05/2025 11:50:36,0.253,2025-05-05 11:50:36,20.7,0.0,0.0,3.0,21.309782
7168,-33.798195,233846,150.897125,05/07/2025 16:48:05,0.097,2025-05-07 16:48:05,24.3,0.0,0.0,3.0,23.370008
7159,-33.888157,234569,150.922974,05/14/2025 18:00:27,0.013,2025-05-14 18:00:27,17.95,0.0,0.0,0.0,19.176245
T0231,-33.838615,235119,151.143753,05/19/2025 11:03:21,0.186,2025-05-19 11:03:21,17.0,0.0,0.0,3.0,12.69943
74230,-33.724735,235968,151.086151,05/22/2025 11:03:09,0.275,2025-05-22 11:03:09,16.05,2.8,2.8,63.0,16.706886
50240,-33.796436,233165,150.987595,05/01/2025 10:54:27,0.526,2025-05-01 10:54:27,15.35,0.0,0.0,1.0,13.305967
7112,-33.843338,233374,151.043411,05/02/2025 18:52:35,0.092,2025-05-02 18:52:35,16.0,0.0,0.0,1.0,15.831116
7163,-33.865181,233568,151.171997,05/05/2025 14:52:38,0.469,2025-05-05 14:52:38,22.45,0.0,0.0,1.0,22.546986
33014,-33.806141,233889,151.17952,05/08/2025 07:36:56,0.412,2025-05-08 07:36:56,14.05,0.0,0.0,0.0,12.693295
7179,-33.817272,234673,150.962784,05/15/2025 15:43:48,0.603,2025-05-15 15:43:48,18.05,0.1,0.1,51.0,18.504965
7248,-33.906151,234493,151.040207,05/14/2025 08:14:39,0.099,2025-05-14 08:14:39,13.8,0.0,0.0,3.0,14.299749
10011,-33.876652,236245,151.230606,05/23/2025 07:03:00,0.105,2025-05-23 07:03:00,18.2,2.0,2.0,61.0,17.554926
7139,-33.876884,236245,151.228683,05/23/2025 07:03:00,0.075,2025-05-23 07:03:00,18.2,2.0,2.0,61.0,17.554926
23067,-33.934475,236980,151.15831,05/27/2025 06:50:25,0.068,2025-05-27 06:50:25,15.75,0.0,0.0,3.0,15.1222515
7251,-33.874916,233470,151.155319,05/04/2025 12:25:49,0.073,2025-05-04 12:25:49,20.15,0.0,0.0,1.0,21.411907
7168,-33.798195,233993,150.897125,05/08/2025 19:53:32,0.035,2025-05-08 19:53:32,15.1,0.0,0.0,2.0,14.178846
F3FWY001,-33.694206,235953,151.121323,05/22/2025 10:29:57,0.044,2025-05-22 10:29:57,15.85,0.9,0.9,53.0,15.921907
7123-PR,-33.769588,236567,150.768738,05/23/2025 20:00:06,0.665,2025-05-23 20:00:06,15.05,0.0,0.0,0.0,15.215822
10011,-33.876652,236855,151.230606,05/26/2025 14:28:48,0.293,2025-05-26 14:28:48,19.95,0.0,0.0,3.0,18.354378
7139,-33.876884,236855,151.228683,05/26/2025 14:28:48,0.465,2025-05-26 14:28:48,19.95,0.0,0.0,3.0,18.354378
7153,-33.8651123046875,233202,151.041610717773,05/01/2025 14:18:57,0.469,2025-05-01 14:18:57,17.65,0.0,0.0,1.0,15.193666
7119-PR,-33.817974,233368,150.981827,05/02/2025 18:21:37,0.008,2025-05-02 18:21:37,16.0,0.0,0.0,1.0,15.547792
7179,-33.817272,234072,150.962784,05/09/2025 13:45:21,0.31,2025-05-09 13:45:21,17.75,0.0,0.0,3.0,17.119228
22001,-33.825577,233717,151.233261,05/06/2025 15:45:05,0.591,2025-05-06 15:45:05,22.4,0.0,0.0,0.0,24.011215
53004,-33.75317,235028,151.151077,05/19/2025 07:08:21,0.646,2025-05-19 07:08:21,14.6,0.0,0.0,3.0,11.175145
32029,-33.821175,234504,151.149902,05/14/2025 09:58:43,0.034,2025-05-14 09:58:43,16.85,0.0,0.0,0.0,18.242393
68025,-33.816696,234594,150.976623,05/15/2025 06:05:05,0.162,2025-05-15 06:05:05,13.8,0.0,0.0,3.0,13.602976
7119-PR,-33.817974,235757,150.981827,05/21/2025 15:35:56,0.042,2025-05-21 15:35:56,17.9,0.0,0.0,3.0,18.284739
29005,-33.824696,236109,151.093216,05/22/2025 17:55:39,0.135,2025-05-22 17:55:39,16.55,1.8,1.8,61.0,16.469252
F3FWY003,-33.560299,236522,151.192551,05/23/2025 16:10:59,0.303,2025-05-23 16:10:59,20.3,0.0,0.0,2.0,21.51374
T0231,-33.838615,237053,151.143753,05/27/2025 12:19:25,0.067,2025-05-27 12:19:25,17.5,0.0,0.0,1.0,13.891914
53004,-33.75317,234000,151.151077,05/08/2025 21:35:38,0.418,2025-05-08 21:35:38,14.5,0.0,0.0,2.0,13.794628
55049,-33.729507,234670,151.30011,05/15/2025 15:34:27,0.034,2025-05-15 15:34:27,17.55,0.1,0.1,51.0,16.914139
7179,-33.817272,235302,150.962784,05/20/2025 07:44:32,0.287,2025-05-20 07:44:32,14.0,0.0,0.0,3.0,12.8032055
7251,-33.874916,235732,151.155319,05/21/2025 14:55:50,0.029,2025-05-21 14:55:50,19.55,0.0,0.0,3.0,18.829298
7179,-33.817272,235092,150.962784,05/19/2025 10:15:41,0.449,2025-05-19 10:15:41,16.9,0.0,0.0,3.0,13.828901
51235,-33.81551,233565,151.101105,05/05/2025 14:34:30,0.491,2025-05-05 14:34:30,23.45,0.0,0.0,2.0,24.472506
7120,-33.886311,236563,151.217911,05/23/2025 19:24:06,0.268,2025-05-23 19:24:06,17.65,0.0,0.0,1.0,17.441874
7121,-33.886032,236563,151.218079,05/23/2025 19:24:06,0.24,2025-05-23 19:24:06,17.65,0.0,0.0,1.0,17.441874
22001,-33.825577,237265,151.233261,05/29/2025 08:29:24,0.643,2025-05-29 08:29:24,10.9,0.0,0.0,3.0,7.954977
47024,-33.83889,233744,151.029022,05/06/2025 20:12:29,0.201,2025-05-06 20:12:29,18.4,0.0,0.0,1.0,19.0708
T0337,-33.654926,234592,151.060974,05/15/2025 05:23:02,0.193,2025-05-15 05:23:02,14.65,0.1,0.1,51.0,14.8383045
7112,-33.843338,236375,151.043411,05/23/2025 10:05:46,0.08,2025-05-23 10:05:46,17.75,7.5,7.5,63.0,19.861755
51235,-33.81551,236690,151.101105,05/25/2025 11:19:35,0.213,2025-05-25 11:19:35,16.55,0.0,0.0,3.0,16.135204
7161,-33.740406,237051,151.060989,05/27/2025 12:11:13,0.066,2025-05-27 12:11:13,16.9,0.0,0.0,2.0,12.224867
23067,-33.934475,233129,151.15831,05/01/2025 07:21:16,0.464,2025-05-01 07:21:16,13.65,0.2,0.2,51.0,10.724377
23067,-33.934475,233783,151.15831,05/07/2025 09:00:28,0.312,2025-05-07 09:00:28,16.1,0.0,0.0,0.0,15.676905
7248,-33.906151,233804,151.040207,05/07/2025 11:48:18,0.029,2025-05-07 11:48:18,21.9,0.0,0.0,3.0,22.793247
55049,-33.729507,234119,151.30011,05/09/2025 21:32:36,0.681,2025-05-09 21:32:36,14.25,0.1,0.1,51.0,14.633551
7126,-34.035271,234156,151.113007,05/10/2025 13:47:40,0.527,2025-05-10 13:47:40,20.15,0.0,0.0,0.0,19.666784
29005,-33.824696,234738,151.093216,05/16/2025 07:19:38,0.172,2025-05-16 07:19:38,15.2,2.4,2.4,61.0,15.530067
33014,-33.806141,237166,151.17952,05/28/2025 11:25:01,0.802,2025-05-28 11:25:01,16.2,0.0,0.0,2.0,13.9136505
33014,-33.806141,235978,151.17952,05/22/2025 11:40:00,0.056,2025-05-22 11:40:00,17.35,3.4,3.4,63.0,18.249113
7275,-33.894714,237163,151.110962,05/28/2025 10:53:17,0.569,2025-05-28 10:53:17,14.6,0.0,0.0,1.0,12.174538
74230,-33.724735,233226,151.086151,05/01/2025 17:37:16,0.252,2025-05-01 17:37:16,15.35,0.0,0.0,2.0,12.780506
50240,-33.796436,233406,150.987595,05/03/2025 11:39:53,0.521,2025-05-03 11:39:53,18.2,0.0,0.0,0.0,18.644348
7274,-33.779202,233404,150.814102,05/03/2025 10:40:36,0.025,2025-05-03 10:40:36,16.95,0.0,0.0,0.0,16.751436
7248,-33.906151,233560,151.040207,05/05/2025 14:09:18,0.282,2025-05-05 14:09:18,23.05,0.0,0.0,2.0,24.140034
F3FWY003,-33.560299,234151,151.192551,05/10/2025 13:23:20,0.828,2025-05-10 13:23:20,20.05,0.0,0.0,3.0,19.015934
22001,-33.825577,233764,151.233261,05/07/2025 06:34:21,0.659,2025-05-07 06:34:21,13.3,0.0,0.0,0.0,12.387262
9658,-33.79353,234815,151.018829,05/16/2025 14:32:38,0.547,2025-05-16 14:32:38,18.95,0.0,0.0,2.0,19.614304
7184,-33.772957,234438,151.135391,05/13/2025 14:58:38,0.023,2025-05-13 14:58:38,20.25,0.1,0.1,51.0,20.584496
50240,-33.796436,234833,150.987595,05/16/2025 16:02:21,0.466,2025-05-16 16:02:21,18.6,0.0,0.0,2.0,19.72429
57025,-33.725773,234901,151.219788,05/17/2025 13:56:49,0.264,2025-05-17 13:56:49,19.5575,0.0,0.0,1.0,19.804398
7179,-33.817272,236020,150.962784,05/22/2025 14:16:42,0.705,2025-05-22 14:16:42,16.9,2.1,2.1,61.0,17.06691
7251,-33.874916,231514,151.155319,04/15/2025 15:07:05,0.073,2025-04-15 15:07:05,21.7,0.0,0.0,3.0,19.1205
7251,-33.874916,231514,151.155319,04/15/2025 15:07:05,0.073,2025-04-15 15:07:05,21.7,0.0,0.0,3.0,19.1205
7251,-33.874916,231514,151.155319,04/15/2025 15:07:05,0.073,2025-04-15 15:07:05,21.7,0.0,0.0,3.0,19.1205
33014,-33.806141,234689,151.17952,05/15/2025 17:15:46,0.574,2025-05-15 17:15:46,17.3,0.3,0.3,51.0,17.204878
33014,-33.806141,234689,151.17952,05/15/2025 17:15:46,0.574,2025-05-15 17:15:46,17.3,0.3,0.3,51.0,17.204878
7179,-33.817272,236706,150.962784,05/25/2025 14:13:09,0.206,2025-05-25 14:13:09,18.45,0.0,0.0,3.0,16.502617
72027,-33.740467,237253,150.984421,05/29/2025 06:10:44,0.239,2025-05-29 06:10:44,10.25,0.0,0.0,3.0,7.7732935
72027,-33.740467,237253,150.984421,05/29/2025 06:10:44,0.239,2025-05-29 06:10:44,10.25,0.0,0.0,3.0,7.7732935
72027,-33.740467,237253,150.984421,05/29/2025 06:10:44,0.239,2025-05-29 06:10:44,10.25,0.0,0.0,3.0,7.7732935
72027,-33.740467,237253,150.984421,05/29/2025 06:10:44,0.239,2025-05-29 06:10:44,10.25,0.0,0.0,3.0,7.7732935
72027,-33.740467,237253,150.984421,05/29/2025 06:10:44,0.239,2025-05-29 06:10:44,10.25,0.0,0.0,3.0,7.7732935
72027,-33.740467,237253,150.984421,05/29/2025 06:10:44,0.239,2025-05-29 06:10:44,10.25,0.0,0.0,3.0,7.7732935
7179,-33.817272,233309,150.962784,05/02/2025 12:26:15,0.32,2025-05-02 12:26:15,18.6,0.0,0.0,1.0,18.394644
7274,-33.779202,233880,150.814102,05/08/2025 05:34:02,0.384,2025-05-08 05:34:02,12.6,0.0,0.0,0.0,11.72078
7179,-33.817272,234266,150.962784,05/12/2025 07:22:24,0.075,2025-05-12 07:22:24,15.05,0.5,0.5,53.0,16.28781
7179,-33.817272,234266,150.962784,05/12/2025 07:22:24,0.075,2025-05-12 07:22:24,15.05,0.5,0.5,53.0,16.28781
53004,-33.75317,233941,151.151077,05/08/2025 12:34:17,0.454,2025-05-08 12:34:17,17.3,0.5,0.5,53.0,16.46205
7153,-33.8651123046875,234535,151.041610717773,05/14/2025 14:52:06,0.428,2025-05-14 14:52:06,21.8,0.0,0.0,1.0,23.461239
7153,-33.8651123046875,234535,151.041610717773,05/14/2025 14:52:06,0.428,2025-05-14 14:52:06,21.8,0.0,0.0,1.0,23.461239
7163,-33.865181,234472,151.171997,05/13/2025 20:27:42,0.362,2025-05-13 20:27:42,17.15,0.0,0.0,1.0,18.166693
7163,-33.865181,234472,151.171997,05/13/2025 20:27:42,0.362,2025-05-13 20:27:42,17.15,0.0,0.0,1.0,18.166693
9827,-33.719955,235029,151.298111,05/19/2025 07:10:59,0.589,2025-05-19 07:10:59,15.5,0.1,0.1,51.0,10.7745
9827,-33.719955,235029,151.298111,05/19/2025 07:10:59,0.589,2025-05-19 07:10:59,15.5,0.1,0.1,51.0,10.7745
9827,-33.719955,235029,151.298111,05/19/2025 07:10:59,0.589,2025-05-19 07:10:59,15.5,0.1,0.1,51.0,10.7745
9658,-33.79353,235819,151.018829,05/21/2025 19:00:57,0.508,2025-05-21 19:00:57,16.0,0.4,0.4,51.0,15.905659
72027,-33.740467,235904,150.984421,05/22/2025 08:19:22,0.168,2025-05-22 08:19:22,15.4,0.4,0.4,51.0,15.161488
53004,-33.75317,237280,151.151077,05/29/2025 10:20:15,0.455,2025-05-29 10:20:15,13.25,0.0,0.0,3.0,11.425807
53004,-33.75317,237280,151.151077,05/29/2025 10:20:15,0.455,2025-05-29 10:20:15,13.25,0.0,0.0,3.0,11.425807
53004,-33.75317,237280,151.151077,05/29/2025 10:20:15,0.455,2025-05-29 10:20:15,13.25,0.0,0.0,3.0,11.425807
53004,-33.75317,237280,151.151077,05/29/2025 10:20:15,0.455,2025-05-29 10:20:15,13.25,0.0,0.0,3.0,11.425807
53004,-33.75317,237280,151.151077,05/29/2025 10:20:15,0.418,2025-05-29 10:20:15,13.25,0.0,0.0,3.0,11.425807
53004,-33.75317,237280,151.151077,05/29/2025 10:20:15,0.418,2025-05-29 10:20:15,13.25,0.0,0.0,3.0,11.425807
53004,-33.75317,237280,151.151077,05/29/2025 10:20:15,0.418,2025-05-29 10:20:15,13.25,0.0,0.0,3.0,11.425807
7179,-33.817272,233118,150.962784,05/01/2025 05:27:46,0.107,2025-05-01 05:27:46,12.15,0.0,0.0,1.0,10.167187
7179,-33.817272,233118,150.962784,05/01/2025 05:27:46,0.107,2025-05-01 05:27:46,12.15,0.0,0.0,1.0,10.167187
7179,-33.817272,233118,150.962784,05/01/2025 05:27:46,0.107,2025-05-01 05:27:46,12.15,0.0,0.0,1.0,10.167187
7179,-33.817272,233118,150.962784,05/01/2025 05:27:46,0.107,2025-05-01 05:27:46,12.15,0.0,0.0,1.0,10.167187
F3FWY002,-33.651676,233246,151.137741,05/02/2025 01:16:58,0.516,2025-05-02 01:16:58,11.45,1.1,1.1,55.0,10.347975
F3FWY002,-33.651676,233246,151.137741,05/02/2025 01:16:58,0.516,2025-05-02 01:16:58,11.45,1.1,1.1,55.0,10.347975
9658,-33.79353,234074,151.018829,05/09/2025 14:00:20,0.405,2025-05-09 14:00:20,17.3,0.0,0.0,1.0,16.523338
53003,-33.729225,234851,151.122208,05/16/2025 18:54:27,0.469,2025-05-16 18:54:27,15.8,0.0,0.0,0.0,16.635675
23067,-33.934475,234896,151.15831,05/17/2025 13:29:21,0.387,2025-05-17 13:29:21,20.15,0.0,0.0,1.0,20.218401
23067,-33.934475,234896,151.15831,05/17/2025 13:29:21,0.387,2025-05-17 13:29:21,20.15,0.0,0.0,1.0,20.218401
7120,-33.886311,236582,151.217911,05/24/2025 00:38:27,0.631,2025-05-24 00:38:27,13.75,0.0,0.0,0.0,11.839066
7121,-33.886032,236582,151.218079,05/24/2025 00:38:27,0.603,2025-05-24 00:38:27,13.75,0.0,0.0,0.0,11.839066
7120,-33.886311,236582,151.217911,05/24/2025 00:38:27,0.631,2025-05-24 00:38:27,13.75,0.0,0.0,0.0,11.839066
7121,-33.886032,236582,151.218079,05/24/2025 00:38:27,0.603,2025-05-24 00:38:27,13.75,0.0,0.0,0.0,11.839066
7120,-33.886311,236582,151.217911,05/24/2025 00:38:27,0.631,2025-05-24 00:38:27,13.75,0.0,0.0,0.0,11.839066
7121,-33.886032,236582,151.218079,05/24/2025 00:38:27,0.603,2025-05-24 00:38:27,13.75,0.0,0.0,0.0,11.839066
7248,-33.906151,235657,151.040207,05/21/2025 11:00:28,0.291,2025-05-21 11:00:28,18.25,0.2,0.2,51.0,18.789402
7248,-33.906151,235657,151.040207,05/21/2025 11:00:28,0.291,2025-05-21 11:00:28,18.25,0.2,0.2,51.0,18.789402
7112,-33.843338,237136,151.043411,05/28/2025 06:24:07,0.463,2025-05-28 06:24:07,11.55,0.0,0.0,0.0,8.164816
7112,-33.843338,237136,151.043411,05/28/2025 06:24:07,0.463,2025-05-28 06:24:07,11.55,0.0,0.0,0.0,8.164816
7112,-33.843338,237136,151.043411,05/28/2025 06:24:07,0.463,2025-05-28 06:24:07,11.55,0.0,0.0,0.0,8.164816
7112,-33.843338,237136,151.043411,05/28/2025 06:24:07,0.463,2025-05-28 06:24:07,11.55,0.0,0.0,0.0,8.164816
7112,-33.843338,237136,151.043411,05/28/2025 06:24:07,0.463,2025-05-28 06:24:07,11.55,0.0,0.0,0.0,8.164816
7112,-33.843338,237136,151.043411,05/28/2025 06:24:07,0.463,2025-05-28 06:24:07,11.55,0.0,0.0,0.0,8.164816
53004,-33.75317,237252,151.151077,05/29/2025 04:27:16,0.61,2025-05-29 04:27:16,9.3,0.0,0.0,3.0,6.649946
53004,-33.75317,237252,151.151077,05/29/2025 04:27:16,0.61,2025-05-29 04:27:16,9.3,0.0,0.0,3.0,6.649946
53004,-33.75317,237252,151.151077,05/29/2025 04:27:16,0.61,2025-05-29 04:27:16,9.3,0.0,0.0,3.0,6.649946
53004,-33.75317,237252,151.151077,05/29/2025 04:27:16,0.61,2025-05-29 04:27:16,9.3,0.0,0.0,3.0,6.649946
53004,-33.75317,237252,151.151077,05/29/2025 04:27:16,0.61,2025-05-29 04:27:16,9.3,0.0,0.0,3.0,6.649946
53004,-33.75317,237252,151.151077,05/29/2025 04:27:16,0.61,2025-05-29 04:27:16,9.3,0.0,0.0,3.0,6.649946
53004,-33.75317,237252,151.151077,05/29/2025 04:27:16,0.61,2025-05-29 04:27:16,9.3,0.0,0.0,3.0,6.649946
53004,-33.75317,237252,151.151077,05/29/2025 04:27:16,0.61,2025-05-29 04:27:16,9.3,0.0,0.0,3.0,6.649946
53004,-33.75317,237252,151.151077,05/29/2025 04:27:16,0.61,2025-05-29 04:27:16,9.3,0.0,0.0,3.0,6.649946
53004,-33.75317,237252,151.151077,05/29/2025 04:27:16,0.61,2025-05-29 04:27:16,9.3,0.0,0.0,3.0,6.649946
53004,-33.75317,237252,151.151077,05/29/2025 04:27:16,0.61,2025-05-29 04:27:16,9.3,0.0,0.0,3.0,6.649946
53004,-33.75317,237252,151.151077,05/29/2025 04:27:16,0.61,2025-05-29 04:27:16,9.3,0.0,0.0,3.0,6.649946
53004,-33.75317,237252,151.151077,05/29/2025 04:27:16,0.61,2025-05-29 04:27:16,9.3,0.0,0.0,3.0,6.649946
68025,-33.816696,237257,150.976623,05/29/2025 07:12:55,0.436,2025-05-29 07:12:55,10.15,0.0,0.0,3.0,7.6051645
7112,-33.843338,233229,151.043411,05/01/2025 17:48:59,0.81,2025-05-01 17:48:59,16.0,0.0,0.0,2.0,14.119303
7112,-33.843338,233229,151.043411,05/01/2025 17:48:59,0.81,2025-05-01 17:48:59,16.0,0.0,0.0,2.0,14.119303
7112,-33.843338,233229,151.043411,05/01/2025 17:48:59,0.81,2025-05-01 17:48:59,16.0,0.0,0.0,2.0,14.119303
7112,-33.843338,233229,151.043411,05/01/2025 17:48:59,0.81,2025-05-01 17:48:59,16.0,0.0,0.0,2.0,14.119303
7112,-33.843338,233229,151.043411,05/01/2025 17:48:59,0.81,2025-05-01 17:48:59,16.0,0.0,0.0,2.0,14.119303
7112,-33.843338,233229,151.043411,05/01/2025 17:48:59,0.81,2025-05-01 17:48:59,16.0,0.0,0.0,2.0,14.119303
7112,-33.843338,233229,151.043411,05/01/2025 17:48:59,0.81,2025-05-01 17:48:59,16.0,0.0,0.0,2.0,14.119303
9827,-33.719955,232890,151.298111,04/29/2025 10:20:58,0.097,2025-04-29 10:20:58,20.55,0.0,0.0,0.0,21.795782
9827,-33.719955,232890,151.298111,04/29/2025 10:20:58,0.097,2025-04-29 10:20:58,20.55,0.0,0.0,0.0,21.795782
74229,-33.760658,233510,151.07962,05/05/2025 07:20:04,0.249,2025-05-05 07:20:04,13.35,0.0,0.0,3.0,13.584822
53004,-33.75317,233512,151.151077,05/05/2025 07:41:28,0.617,2025-05-05 07:41:28,13.35,0.0,0.0,3.0,13.584822
53004,-33.75317,233512,151.151077,05/05/2025 07:41:28,0.617,2025-05-05 07:41:28,13.35,0.0,0.0,3.0,13.584822
33014,-33.806141,233532,151.17952,05/05/2025 09:27:29,0.817,2025-05-05 09:27:29,16.95,0.0,0.0,3.0,18.355637
7179,-33.817272,233195,150.962784,05/01/2025 13:27:37,0.018,2025-05-01 13:27:37,18.55,0.0,0.0,1.0,15.963427
7179,-33.817272,233195,150.962784,05/01/2025 13:27:37,0.018,2025-05-01 13:27:37,18.55,0.0,0.0,1.0,15.963427
7179,-33.817272,233195,150.962784,05/01/2025 13:27:37,0.018,2025-05-01 13:27:37,18.55,0.0,0.0,1.0,15.963427
51235,-33.81551,233651,151.101105,05/06/2025 09:20:06,0.523,2025-05-06 09:20:06,15.1,0.0,0.0,1.0,15.648214
51235,-33.81551,233651,151.101105,05/06/2025 09:20:06,0.523,2025-05-06 09:20:06,15.1,0.0,0.0,1.0,15.648214
7112,-33.843338,233859,151.043411,05/07/2025 17:41:38,0.36,2025-05-07 17:41:38,22.65,0.0,0.0,3.0,21.04696
7112,-33.843338,233859,151.043411,05/07/2025 17:41:38,0.36,2025-05-07 17:41:38,22.65,0.0,0.0,3.0,21.04696
7159,-33.888157,234224,150.922974,05/11/2025 13:56:25,0.013,2025-05-11 13:56:25,20.7,0.0,0.0,1.0,21.330286
7112,-33.843338,235027,151.043411,05/19/2025 07:07:05,0.083,2025-05-19 07:07:05,15.3,0.0,0.0,3.0,11.990412
74230,-33.724735,235018,151.086151,05/19/2025 05:23:42,0.247,2025-05-19 05:23:42,11.35,2.0,2.0,61.0,9.236962
74230,-33.724735,235018,151.086151,05/19/2025 05:23:42,0.247,2025-05-19 05:23:42,11.35,2.0,2.0,61.0,9.236962
74230,-33.724735,235018,151.086151,05/19/2025 05:23:42,0.247,2025-05-19 05:23:42,11.35,2.0,2.0,61.0,9.236962
68025,-33.816696,236656,150.976623,05/24/2025 17:47:55,0.307,2025-05-24 17:47:55,17.4,0.0,0.0,0.0,15.958481
23067,-33.934475,236411,151.15831,05/23/2025 11:01:26,0.081,2025-05-23 11:01:26,18.85,6.4,6.4,63.0,18.59716
23067,-33.934475,236411,151.15831,05/23/2025 11:01:26,0.081,2025-05-23 11:01:26,18.85,6.4,6.4,63.0,18.59716
9836-PR,-33.819687,236891,151.117416,05/26/2025 16:43:35,0.551,2025-05-26 16:43:35,14.85,1.0,1.0,55.0,12.76786
9827,-33.719955,232890,151.298111,04/29/2025 10:20:58,0.097,2025-04-29 10:20:58,20.55,0.0,0.0,0.0,21.795782
9827,-33.719955,232890,151.298111,04/29/2025 10:20:58,0.097,2025-04-29 10:20:58,20.55,0.0,0.0,0.0,21.795782
7112,-33.843338,233827,151.043411,05/07/2025 14:42:09,0.922,2025-05-07 14:42:09,25.6,0.0,0.0,3.0,24.911392
7112,-33.843338,234586,151.043411,05/15/2025 01:46:10,0.337,2025-05-15 01:46:10,14.9,0.0,0.0,3.0,15.791109
51235,-33.81551,235801,151.101105,05/21/2025 17:49:18,0.272,2025-05-21 17:49:18,16.95,0.1,0.1,51.0,17.460407
7112,-33.843338,233827,151.043411,05/07/2025 14:42:09,0.922,2025-05-07 14:42:09,25.6,0.0,0.0,3.0,24.911392
7270,-33.793304,237247,151.119659,05/28/2025 20:53:47,0.651,2025-05-28 20:53:47,12.2,0.0,0.0,0.0,9.519012
7179,-33.817272,237431,150.962784,05/30/2025 14:45:14,0.695,2025-05-30 14:45:14,18.4,0.0,0.0,1.0,18.28275
7179,-33.817272,237431,150.962784,05/30/2025 14:45:14,0.695,2025-05-30 14:45:14,18.4,0.0,0.0,1.0,18.28275
74229,-33.760658,234025,151.07962,05/09/2025 08:08:23,0.256,2025-05-09 08:08:23,11.3,0.0,0.0,3.0,9.665234
7120,-33.886311,236842,151.217911,05/26/2025 13:54:20,0.178,2025-05-26 13:54:20,19.75,0.0,0.0,3.0,18.247221
7121,-33.886032,236842,151.218079,05/26/2025 13:54:20,0.211,2025-05-26 13:54:20,19.75,0.0,0.0,3.0,18.247221
7120,-33.886311,236842,151.217911,05/26/2025 13:54:20,0.178,2025-05-26 13:54:20,19.75,0.0,0.0,3.0,18.247221
7121,-33.886032,236842,151.218079,05/26/2025 13:54:20,0.211,2025-05-26 13:54:20,19.75,0.0,0.0,3.0,18.247221
7120,-33.886311,236842,151.217911,05/26/2025 13:54:20,0.178,2025-05-26 13:54:20,19.75,0.0,0.0,3.0,18.247221
7121,-33.886032,236842,151.218079,05/26/2025 13:54:20,0.211,2025-05-26 13:54:20,19.75,0.0,0.0,3.0,18.247221
51235,-33.81551,237142,151.101105,05/28/2025 07:27:32,0.499,2025-05-28 07:27:32,11.35,0.0,0.0,1.0,8.086901
51235,-33.81551,237142,151.101105,05/28/2025 07:27:32,0.499,2025-05-28 07:27:32,11.35,0.0,0.0,1.0,8.086901
51235,-33.81551,237142,151.101105,05/28/2025 07:27:32,0.499,2025-05-28 07:27:32,11.35,0.0,0.0,1.0,8.086901
51235,-33.81551,237142,151.101105,05/28/2025 07:27:32,0.499,2025-05-28 07:27:32,11.35,0.0,0.0,1.0,8.086901
10011,-33.876652,234169,151.230606,05/10/2025 15:52:37,0.114,2025-05-10 15:52:37,19.5,0.0,0.0,1.0,19.491158
7139,-33.876884,234169,151.228683,05/10/2025 15:52:37,0.292,2025-05-10 15:52:37,19.5,0.0,0.0,1.0,19.491158
10011,-33.876652,234169,151.230606,05/10/2025 15:52:37,0.114,2025-05-10 15:52:37,19.5,0.0,0.0,1.0,19.491158
7139,-33.876884,234169,151.228683,05/10/2025 15:52:37,0.292,2025-05-10 15:52:37,19.5,0.0,0.0,1.0,19.491158
50240,-33.796436,234192,150.987595,05/10/2025 22:42:47,0.067,2025-05-10 22:42:47,15.65,0.0,0.0,0.0,16.037651
7163,-33.865181,234913,151.171997,05/17/2025 17:32:32,0.521,2025-05-17 17:32:32,17.55,0.0,0.0,1.0,17.044176
7163,-33.865181,234913,151.171997,05/17/2025 17:32:32,0.521,2025-05-17 17:32:32,17.55,0.0,0.0,1.0,17.044176
7159,-33.888157,234922,150.922974,05/17/2025 20:39:19,0.013,2025-05-17 20:39:19,14.35,0.2,0.2,51.0,14.436607
F3FWY002,-33.651676,234451,151.137741,05/13/2025 17:00:26,0.58,2025-05-13 17:00:26,17.6,0.0,0.0,2.0,18.108898
10011,-33.876652,234658,151.230606,05/15/2025 14:45:03,0.654,2025-05-15 14:45:03,18.1,0.2,0.2,51.0,17.820541
7139,-33.876884,234658,151.228683,05/15/2025 14:45:03,0.812,2025-05-15 14:45:03,18.1,0.2,0.2,51.0,17.820541
7159,-33.888157,237404,150.922974,05/30/2025 11:37:52,0.507,2025-05-30 11:37:52,15.75,0.0,0.0,1.0,15.10972
7159,-33.888157,237404,150.922974,05/30/2025 11:37:52,0.507,2025-05-30 11:37:52,15.75,0.0,0.0,1.0,15.10972
57025,-33.725773,233269,151.219788,05/02/2025 07:48:05,0.305,2025-05-02 07:48:05,9.907499,0.0,0.0,2.0,8.201395
7119-PR,-33.817974,233706,150.981827,05/06/2025 14:50:01,0.042,2025-05-06 14:50:01,23.95,0.0,0.0,1.0,25.686111
7119-PR,-33.817974,233706,150.981827,05/06/2025 14:50:01,0.042,2025-05-06 14:50:01,23.95,0.0,0.0,1.0,25.686111
7275,-33.894714,233476,151.110962,05/04/2025 13:57:04,0.003,2025-05-04 13:57:04,21.05,0.0,0.0,2.0,22.270662
7270,-33.793304,233661,151.119659,05/06/2025 09:42:11,0.021,2025-05-06 09:42:11,16.8,0.0,0.0,1.0,17.827436
7112,-33.843338,233758,151.043411,05/07/2025 04:29:00,0.138,2025-05-07 04:29:00,13.05,0.0,0.0,0.0,12.322844
23067,-33.934475,234742,151.15831,05/16/2025 07:58:10,0.237,2025-05-16 07:58:10,16.45,1.6,1.6,61.0,16.784065
23067,-33.934475,234742,151.15831,05/16/2025 07:58:10,0.237,2025-05-16 07:58:10,16.45,1.6,1.6,61.0,16.784065
23067,-33.934475,234742,151.15831,05/16/2025 07:58:10,0.237,2025-05-16 07:58:10,16.45,1.6,1.6,61.0,16.784065
23067,-33.934475,234742,151.15831,05/16/2025 07:58:10,0.237,2025-05-16 07:58:10,16.45,1.6,1.6,61.0,16.784065
7164,-33.81562,234894,150.969238,05/17/2025 13:05:28,0.667,2025-05-17 13:05:28,20.25,0.1,0.1,51.0,20.973066
7164,-33.81562,234894,150.969238,05/17/2025 13:05:28,0.667,2025-05-17 13:05:28,20.25,0.1,0.1,51.0,20.973066
7179,-33.817272,234653,150.962784,05/15/2025 14:09:21,0.198,2025-05-15 14:09:21,18.4,0.2,0.2,51.0,18.595396
7179,-33.817272,234653,150.962784,05/15/2025 14:09:21,0.198,2025-05-15 14:09:21,18.4,0.2,0.2,51.0,18.595396
7179,-33.817272,234653,150.962784,05/15/2025 14:09:21,0.238,2025-05-15 14:09:21,18.4,0.2,0.2,51.0,18.595396
7161,-33.740406,234788,151.060989,05/16/2025 12:39:12,0.024,2025-05-16 12:39:12,18.8,0.0,0.0,3.0,19.43517
7161,-33.740406,234788,151.060989,05/16/2025 12:39:12,0.024,2025-05-16 12:39:12,18.8,0.0,0.0,3.0,19.43517
7161,-33.740406,234788,151.060989,05/16/2025 12:39:12,0.024,2025-05-16 12:39:12,18.8,0.0,0.0,3.0,19.43517
9827,-33.719955,236290,151.298111,05/23/2025 08:23:40,0.576,2025-05-23 08:23:40,17.4,10.7,10.7,65.0,17.510286
51235,-33.81551,236589,151.101105,05/24/2025 06:25:40,0.268,2025-05-24 06:25:40,13.0,0.0,0.0,0.0,10.611573
51235,-33.81551,236589,151.101105,05/24/2025 06:25:40,0.268,2025-05-24 06:25:40,13.0,0.0,0.0,0.0,10.611573
51235,-33.81551,236589,151.101105,05/24/2025 06:25:40,0.268,2025-05-24 06:25:40,13.0,0.0,0.0,0.0,10.611573
32029,-33.821175,236939,151.149902,05/26/2025 19:39:16,0.192,2025-05-26 19:39:16,14.0,0.5,0.5,53.0,12.163229
32029,-33.821175,236939,151.149902,05/26/2025 19:39:16,0.192,2025-05-26 19:39:16,14.0,0.5,0.5,53.0,12.163229
F3FWY003,-33.560299,237090,151.192551,05/27/2025 15:47:18,0.152,2025-05-27 15:47:18,16.8,0.0,0.0,0.0,11.096792
F3FWY003,-33.560299,237090,151.192551,05/27/2025 15:47:18,0.152,2025-05-27 15:47:18,16.8,0.0,0.0,0.0,11.096792
22001,-33.825577,237222,151.233261,05/28/2025 16:14:54,0.018,2025-05-28 16:14:54,16.85,0.0,0.0,1.0,15.756493
7179,-33.817272,233742,150.962784,05/06/2025 20:01:54,0.101,2025-05-06 20:01:54,18.65,0.0,0.0,1.0,18.908628
7112,-33.843338,233833,151.043411,05/07/2025 15:37:12,0.125,2025-05-07 15:37:12,25.5,0.0,0.0,3.0,25.30151
7112,-33.843338,233833,151.043411,05/07/2025 15:37:12,0.125,2025-05-07 15:37:12,25.5,0.0,0.0,3.0,25.30151
7112,-33.843338,233833,151.043411,05/07/2025 15:37:12,0.125,2025-05-07 15:37:12,25.5,0.0,0.0,3.0,25.30151
F3FWY003,-33.560299,234963,151.192551,05/18/2025 12:45:56,0.013,2025-05-18 12:45:56,14.35,0.0,0.0,3.0,12.9240055
F3FWY003,-33.560299,235012,151.192551,05/19/2025 04:38:15,0.483,2025-05-19 04:38:15,12.15,3.0,3.0,63.0,10.404377
F3FWY003,-33.560299,235012,151.192551,05/19/2025 04:38:15,0.483,2025-05-19 04:38:15,12.15,3.0,3.0,63.0,10.404377
F3FWY003,-33.560299,235012,151.192551,05/19/2025 04:38:15,0.483,2025-05-19 04:38:15,12.15,3.0,3.0,63.0,10.404377
F3FWY003,-33.560299,235012,151.192551,05/19/2025 04:38:15,0.483,2025-05-19 04:38:15,12.15,3.0,3.0,63.0,10.404377
F3FWY003,-33.560299,235012,151.192551,05/19/2025 04:38:15,0.483,2025-05-19 04:38:15,12.15,3.0,3.0,63.0,10.404377
F3FWY003,-33.560299,235012,151.192551,05/19/2025 04:38:15,0.483,2025-05-19 04:38:15,12.15,3.0,3.0,63.0,10.404377
F3FWY003,-33.560299,235012,151.192551,05/19/2025 04:38:15,0.483,2025-05-19 04:38:15,12.15,3.0,3.0,63.0,10.404377
F3FWY003,-33.560299,235012,151.192551,05/19/2025 04:38:15,0.483,2025-05-19 04:38:15,12.15,3.0,3.0,63.0,10.404377
7179,-33.817272,233587,150.962784,05/05/2025 16:53:59,0.569,2025-05-05 16:53:59,22.25,0.0,0.0,3.0,22.667028
7179,-33.817272,233587,150.962784,05/05/2025 16:53:59,0.569,2025-05-05 16:53:59,22.25,0.0,0.0,3.0,22.667028
7179,-33.817272,233485,150.962784,05/04/2025 17:14:22,0.191,2025-05-04 17:14:22,18.45,0.0,0.0,0.0,18.694813
7161,-33.740406,233547,151.060989,05/05/2025 11:50:36,0.253,2025-05-05 11:50:36,20.7,0.0,0.0,3.0,21.309782
7161,-33.740406,233547,151.060989,05/05/2025 11:50:36,0.253,2025-05-05 11:50:36,20.7,0.0,0.0,3.0,21.309782
7161,-33.740406,233547,151.060989,05/05/2025 11:50:36,0.253,2025-05-05 11:50:36,20.7,0.0,0.0,3.0,21.309782
7168,-33.798195,233846,150.897125,05/07/2025 16:48:05,0.097,2025-05-07 16:48:05,24.3,0.0,0.0,3.0,23.370008
7159,-33.888157,234569,150.922974,05/14/2025 18:00:27,0.013,2025-05-14 18:00:27,17.95,0.0,0.0,0.0,19.176245
T0231,-33.838615,235119,151.143753,05/19/2025 11:03:21,0.186,2025-05-19 11:03:21,17.0,0.0,0.0,3.0,12.69943
F3FWY003,-33.560299,235866,151.192551,05/22/2025 04:44:20,0.039,2025-05-22 04:44:20,15.35,0.4,0.4,51.0,15.788712
F3FWY003,-33.560299,235866,151.192551,05/22/2025 04:44:20,0.039,2025-05-22 04:44:20,15.35,0.4,0.4,51.0,15.788712
F3FWY003,-33.560299,235866,151.192551,05/22/2025 04:44:20,0.039,2025-05-22 04:44:20,15.35,0.4,0.4,51.0,15.788712
74230,-33.724735,235968,151.086151,05/22/2025 11:03:09,0.275,2025-05-22 11:03:09,16.05,2.8,2.8,63.0,16.706886
50240,-33.796436,233165,150.987595,05/01/2025 10:54:27,0.526,2025-05-01 10:54:27,15.35,0.0,0.0,1.0,13.305967
50240,-33.796436,233165,150.987595,05/01/2025 10:54:27,0.526,2025-05-01 10:54:27,15.35,0.0,0.0,1.0,13.305967
7112,-33.843338,233374,151.043411,05/02/2025 18:52:35,0.092,2025-05-02 18:52:35,16.0,0.0,0.0,1.0,15.831116
7163,-33.865181,233568,151.171997,05/05/2025 14:52:38,0.469,2025-05-05 14:52:38,22.45,0.0,0.0,1.0,22.546986
7163,-33.865181,233568,151.171997,05/05/2025 14:52:38,0.469,2025-05-05 14:52:38,22.45,0.0,0.0,1.0,22.546986
33014,-33.806141,233889,151.17952,05/08/2025 07:36:56,0.412,2025-05-08 07:36:56,14.05,0.0,0.0,0.0,12.693295
33014,-33.806141,233889,151.17952,05/08/2025 07:36:56,0.412,2025-05-08 07:36:56,14.05,0.0,0.0,0.0,12.693295
7179,-33.817272,234673,150.962784,05/15/2025 15:43:48,0.6,2025-05-15 15:43:48,18.05,0.1,0.1,51.0,18.504965
7179,-33.817272,234673,150.962784,05/15/2025 15:43:48,0.6,2025-05-15 15:43:48,18.05,0.1,0.1,51.0,18.504965
7179,-33.817272,234673,150.962784,05/15/2025 15:43:48,0.603,2025-05-15 15:43:48,18.05,0.1,0.1,51.0,18.504965
7248,-33.906151,234493,151.040207,05/14/2025 08:14:39,0.099,2025-05-14 08:14:39,13.8,0.0,0.0,3.0,14.299749
10011,-33.876652,236245,151.230606,05/23/2025 07:03:00,0.105,2025-05-23 07:03:00,18.2,2.0,2.0,61.0,17.554926
7139,-33.876884,236245,151.228683,05/23/2025 07:03:00,0.075,2025-05-23 07:03:00,18.2,2.0,2.0,61.0,17.554926
23067,-33.934475,236980,151.15831,05/27/2025 06:50:25,0.068,2025-05-27 06:50:25,15.75,0.0,0.0,3.0,15.1222515
7251,-33.874916,233470,151.155319,05/04/2025 12:25:49,0.495,2025-05-04 12:25:49,20.15,0.0,0.0,1.0,21.411907
7251,-33.874916,233470,151.155319,05/04/2025 12:25:49,0.495,2025-05-04 12:25:49,20.15,0.0,0.0,1.0,21.411907
7251,-33.874916,233470,151.155319,05/04/2025 12:25:49,0.073,2025-05-04 12:25:49,20.15,0.0,0.0,1.0,21.411907
7251,-33.874916,233470,151.155319,05/04/2025 12:25:49,0.073,2025-05-04 12:25:49,20.15,0.0,0.0,1.0,21.411907
7168,-33.798195,233993,150.897125,05/08/2025 19:53:32,0.035,2025-05-08 19:53:32,15.1,0.0,0.0,2.0,14.178846
F3FWY001,-33.694206,235953,151.121323,05/22/2025 10:29:57,0.044,2025-05-22 10:29:57,15.85,0.9,0.9,53.0,15.921907
F3FWY001,-33.694206,235953,151.121323,05/22/2025 10:29:57,0.044,2025-05-22 10:29:57,15.85,0.9,0.9,53.0,15.921907
F3FWY001,-33.694206,235953,151.121323,05/22/2025 10:29:57,0.044,2025-05-22 10:29:57,15.85,0.9,0.9,53.0,15.921907
7123-PR,-33.769588,236567,150.768738,05/23/2025 20:00:06,0.665,2025-05-23 20:00:06,15.05,0.0,0.0,0.0,15.215822
7123-PR,-33.769588,236567,150.768738,05/23/2025 20:00:06,0.665,2025-05-23 20:00:06,15.05,0.0,0.0,0.0,15.215822
10011,-33.876652,236855,151.230606,05/26/2025 14:28:48,0.293,2025-05-26 14:28:48,19.95,0.0,0.0,3.0,18.354378
7139,-33.876884,236855,151.228683,05/26/2025 14:28:48,0.465,2025-05-26 14:28:48,19.95,0.0,0.0,3.0,18.354378
10011,-33.876652,236855,151.230606,05/26/2025 14:28:48,0.293,2025-05-26 14:28:48,19.95,0.0,0.0,3.0,18.354378
7139,-33.876884,236855,151.228683,05/26/2025 14:28:48,0.465,2025-05-26 14:28:48,19.95,0.0,0.0,3.0,18.354378
10011,-33.876652,236855,151.230606,05/26/2025 14:28:48,0.293,2025-05-26 14:28:48,19.95,0.0,0.0,3.0,18.354378
7139,-33.876884,236855,151.228683,05/26/2025 14:28:48,0.465,2025-05-26 14:28:48,19.95,0.0,0.0,3.0,18.354378
10011,-33.876652,236855,151.230606,05/26/2025 14:28:48,0.293,2025-05-26 14:28:48,19.95,0.0,0.0,3.0,18.354378
7139,-33.876884,236855,151.228683,05/26/2025 14:28:48,0.465,2025-05-26 14:28:48,19.95,0.0,0.0,3.0,18.354378
10011,-33.876652,236855,151.230606,05/26/2025 14:28:48,0.293,2025-05-26 14:28:48,19.95,0.0,0.0,3.0,18.354378
7139,-33.876884,236855,151.228683,05/26/2025 14:28:48,0.465,2025-05-26 14:28:48,19.95,0.0,0.0,3.0,18.354378
10011,-33.876652,236855,151.230606,05/26/2025 14:28:48,0.293,2025-05-26 14:28:48,19.95,0.0,0.0,3.0,18.354378
7139,-33.876884,236855,151.228683,05/26/2025 14:28:48,0.465,2025-05-26 14:28:48,19.95,0.0,0.0,3.0,18.354378
7153,-33.8651123046875,233202,151.041610717773,05/01/2025 14:18:57,0.469,2025-05-01 14:18:57,17.65,0.0,0.0,1.0,15.193666
7153,-33.8651123046875,233202,151.041610717773,05/01/2025 14:18:57,0.469,2025-05-01 14:18:57,17.65,0.0,0.0,1.0,15.193666
7153,-33.8651123046875,233202,151.041610717773,05/01/2025 14:18:57,0.469,2025-05-01 14:18:57,17.65,0.0,0.0,1.0,15.193666
7153,-33.8651123046875,233202,151.041610717773,05/01/2025 14:18:57,0.469,2025-05-01 14:18:57,17.65,0.0,0.0,1.0,15.193666
22001,-33.825577,233717,151.233261,05/06/2025 15:45:05,0.591,2025-05-06 15:45:05,22.4,0.0,0.0,0.0,24.011215
7119-PR,-33.817974,233368,150.981827,05/02/2025 18:21:37,0.008,2025-05-02 18:21:37,16.0,0.0,0.0,1.0,15.547792
7179,-33.817272,234072,150.962784,05/09/2025 13:45:21,0.555,2025-05-09 13:45:21,17.75,0.0,0.0,3.0,17.119228
7179,-33.817272,234072,150.962784,05/09/2025 13:45:21,0.31,2025-05-09 13:45:21,17.75,0.0,0.0,3.0,17.119228
53004,-33.75317,235028,151.151077,05/19/2025 07:08:21,0.646,2025-05-19 07:08:21,14.6,0.0,0.0,3.0,11.175145
53004,-33.75317,235028,151.151077,05/19/2025 07:08:21,0.646,2025-05-19 07:08:21,14.6,0.0,0.0,3.0,11.175145
53004,-33.75317,235028,151.151077,05/19/2025 07:08:21,0.646,2025-05-19 07:08:21,14.6,0.0,0.0,3.0,11.175145
32029,-33.821175,234504,151.149902,05/14/2025 09:58:43,0.034,2025-05-14 09:58:43,16.85,0.0,0.0,0.0,18.242393
32029,-33.821175,234504,151.149902,05/14/2025 09:58:43,0.034,2025-05-14 09:58:43,16.85,0.0,0.0,0.0,18.242393
32029,-33.821175,234504,151.149902,05/14/2025 09:58:43,0.034,2025-05-14 09:58:43,16.85,0.0,0.0,0.0,18.242393
68025,-33.816696,234594,150.976623,05/15/2025 06:05:05,0.162,2025-05-15 06:05:05,13.8,0.0,0.0,3.0,13.602976
68025,-33.816696,234594,150.976623,05/15/2025 06:05:05,0.162,2025-05-15 06:05:05,13.8,0.0,0.0,3.0,13.602976
7119-PR,-33.817974,235757,150.981827,05/21/2025 15:35:56,0.042,2025-05-21 15:35:56,17.9,0.0,0.0,3.0,18.284739
7119-PR,-33.817974,235757,150.981827,05/21/2025 15:35:56,0.042,2025-05-21 15:35:56,17.9,0.0,0.0,3.0,18.284739
29005,-33.824696,236109,151.093216,05/22/2025 17:55:39,0.135,2025-05-22 17:55:39,16.55,1.8,1.8,61.0,16.469252
29005,-33.824696,236109,151.093216,05/22/2025 17:55:39,0.135,2025-05-22 17:55:39,16.55,1.8,1.8,61.0,16.469252
F3FWY003,-33.560299,236522,151.192551,05/23/2025 16:10:59,0.303,2025-05-23 16:10:59,20.3,0.0,0.0,2.0,21.51374
F3FWY003,-33.560299,236522,151.192551,05/23/2025 16:10:59,0.303,2025-05-23 16:10:59,20.3,0.0,0.0,2.0,21.51374
T0231,-33.838615,237053,151.143753,05/27/2025 12:19:25,0.067,2025-05-27 12:19:25,17.5,0.0,0.0,1.0,13.891914
53004,-33.75317,234000,151.151077,05/08/2025 21:35:38,0.506,2025-05-08 21:35:38,14.5,0.0,0.0,2.0,13.794628
53004,-33.75317,234000,151.151077,05/08/2025 21:35:38,0.506,2025-05-08 21:35:38,14.5,0.0,0.0,2.0,13.794628
53004,-33.75317,234000,151.151077,05/08/2025 21:35:38,0.418,2025-05-08 21:35:38,14.5,0.0,0.0,2.0,13.794628
51235,-33.81551,233565,151.101105,05/05/2025 14:34:30,0.543,2025-05-05 14:34:30,23.45,0.0,0.0,2.0,24.472506
51235,-33.81551,233565,151.101105,05/05/2025 14:34:30,0.491,2025-05-05 14:34:30,23.45,0.0,0.0,2.0,24.472506
55049,-33.729507,234670,151.30011,05/15/2025 15:34:27,0.034,2025-05-15 15:34:27,17.55,0.1,0.1,51.0,16.914139
55049,-33.729507,234670,151.30011,05/15/2025 15:34:27,0.034,2025-05-15 15:34:27,17.55,0.1,0.1,51.0,16.914139
7179,-33.817272,235302,150.962784,05/20/2025 07:44:32,0.21,2025-05-20 07:44:32,14.0,0.0,0.0,3.0,12.8032055
7179,-33.817272,235302,150.962784,05/20/2025 07:44:32,0.287,2025-05-20 07:44:32,14.0,0.0,0.0,3.0,12.8032055
7179,-33.817272,235302,150.962784,05/20/2025 07:44:32,0.287,2025-05-20 07:44:32,14.0,0.0,0.0,3.0,12.8032055
7179,-33.817272,235302,150.962784,05/20/2025 07:44:32,0.287,2025-05-20 07:44:32,14.0,0.0,0.0,3.0,12.8032055
7251,-33.874916,235732,151.155319,05/21/2025 14:55:50,0.029,2025-05-21 14:55:50,19.55,0.0,0.0,3.0,18.829298
7179,-33.817272,235092,150.962784,05/19/2025 10:15:41,0.449,2025-05-19 10:15:41,16.9,0.0,0.0,3.0,13.828901
7179,-33.817272,235092,150.962784,05/19/2025 10:15:41,0.449,2025-05-19 10:15:41,16.9,0.0,0.0,3.0,13.828901
7179,-33.817272,235092,150.962784,05/19/2025 10:15:41,0.449,2025-05-19 10:15:41,16.9,0.0,0.0,3.0,13.828901
7179,-33.817272,235092,150.962784,05/19/2025 10:15:41,0.449,2025-05-19 10:15:41,16.9,0.0,0.0,3.0,13.828901
7179,-33.817272,235092,150.962784,05/19/2025 10:15:41,0.449,2025-05-19 10:15:41,16.9,0.0,0.0,3.0,13.828901
7120,-33.886311,236563,151.217911,05/23/2025 19:24:06,0.268,2025-05-23 19:24:06,17.65,0.0,0.0,1.0,17.441874
7121,-33.886032,236563,151.218079,05/23/2025 19:24:06,0.24,2025-05-23 19:24:06,17.65,0.0,0.0,1.0,17.441874
22001,-33.825577,237265,151.233261,05/29/2025 08:29:24,0.643,2025-05-29 08:29:24,10.9,0.0,0.0,3.0,7.954977
22001,-33.825577,237265,151.233261,05/29/2025 08:29:24,0.643,2025-05-29 08:29:24,10.9,0.0,0.0,3.0,7.954977
47024,-33.83889,233744,151.029022,05/06/2025 20:12:29,0.201,2025-05-06 20:12:29,18.4,0.0,0.0,1.0,19.0708
47024,-33.83889,233744,151.029022,05/06/2025 20:12:29,0.201,2025-05-06 20:12:29,18.4,0.0,0.0,1.0,19.0708
T0337,-33.654926,234592,151.060974,05/15/2025 05:23:02,0.193,2025-05-15 05:23:02,14.65,0.1,0.1,51.0,14.8383045
7112,-33.843338,236375,151.043411,05/23/2025 10:05:46,0.08,2025-05-23 10:05:46,17.75,7.5,7.5,63.0,19.861755
51235,-33.81551,236690,151.101105,05/25/2025 11:19:35,0.213,2025-05-25 11:19:35,16.55,0.0,0.0,3.0,16.135204
7161,-33.740406,237051,151.060989,05/27/2025 12:11:13,0.066,2025-05-27 12:11:13,16.9,0.0,0.0,2.0,12.224867
7161,-33.740406,237051,151.060989,05/27/2025 12:11:13,0.066,2025-05-27 12:11:13,16.9,0.0,0.0,2.0,12.224867
7161,-33.740406,237051,151.060989,05/27/2025 12:11:13,0.066,2025-05-27 12:11:13,16.9,0.0,0.0,2.0,12.224867
7161,-33.740406,237051,151.060989,05/27/2025 12:11:13,0.066,2025-05-27 12:11:13,16.9,0.0,0.0,2.0,12.224867
23067,-33.934475,233129,151.15831,05/01/2025 07:21:16,0.464,2025-05-01 07:21:16,13.65,0.2,0.2,51.0,10.724377
23067,-33.934475,233783,151.15831,05/07/2025 09:00:28,0.312,2025-05-07 09:00:28,16.1,0.0,0.0,0.0,15.676905
7248,-33.906151,233804,151.040207,05/07/2025 11:48:18,0.029,2025-05-07 11:48:18,21.9,0.0,0.0,3.0,22.793247
7248,-33.906151,233804,151.040207,05/07/2025 11:48:18,0.029,2025-05-07 11:48:18,21.9,0.0,0.0,3.0,22.793247
7248,-33.906151,233804,151.040207,05/07/2025 11:48:18,0.029,2025-05-07 11:48:18,21.9,0.0,0.0,3.0,22.793247
55049,-33.729507,234119,151.30011,05/09/2025 21:32:36,0.681,2025-05-09 21:32:36,14.25,0.1,0.1,51.0,14.633551
55049,-33.729507,234119,151.30011,05/09/2025 21:32:36,0.681,2025-05-09 21:32:36,14.25,0.1,0.1,51.0,14.633551
55049,-33.729507,234119,151.30011,05/09/2025 21:32:36,0.681,2025-05-09 21:32:36,14.25,0.1,0.1,51.0,14.633551
55049,-33.729507,234119,151.30011,05/09/2025 21:32:36,0.681,2025-05-09 21:32:36,14.25,0.1,0.1,51.0,14.633551
55049,-33.729507,234119,151.30011,05/09/2025 21:32:36,0.681,2025-05-09 21:32:36,14.25,0.1,0.1,51.0,14.633551
55049,-33.729507,234119,151.30011,05/09/2025 21:32:36,0.681,2025-05-09 21:32:36,14.25,0.1,0.1,51.0,14.633551
55049,-33.729507,234119,151.30011,05/09/2025 21:32:36,0.681,2025-05-09 21:32:36,14.25,0.1,0.1,51.0,14.633551
55049,-33.729507,234119,151.30011,05/09/2025 21:32:36,0.681,2025-05-09 21:32:36,14.25,0.1,0.1,51.0,14.633551
55049,-33.729507,234119,151.30011,05/09/2025 21:32:36,0.681,2025-05-09 21:32:36,14.25,0.1,0.1,51.0,14.633551
55049,-33.729507,234119,151.30011,05/09/2025 21:32:36,0.681,2025-05-09 21:32:36,14.25,0.1,0.1,51.0,14.633551
7126,-34.035271,234156,151.113007,05/10/2025 13:47:40,0.527,2025-05-10 13:47:40,20.15,0.0,0.0,0.0,19.666784
29005,-33.824696,234738,151.093216,05/16/2025 07:19:38,0.172,2025-05-16 07:19:38,15.2,2.4,2.4,61.0,15.530067
29005,-33.824696,234738,151.093216,05/16/2025 07:19:38,0.172,2025-05-16 07:19:38,15.2,2.4,2.4,61.0,15.530067
29005,-33.824696,234738,151.093216,05/16/2025 07:19:38,0.172,2025-05-16 07:19:38,15.2,2.4,2.4,61.0,15.530067
29005,-33.824696,234738,151.093216,05/16/2025 07:19:38,0.172,2025-05-16 07:19:38,15.2,2.4,2.4,61.0,15.530067
29005,-33.824696,234738,151.093216,05/16/2025 07:19:38,0.172,2025-05-16 07:19:38,15.2,2.4,2.4,61.0,15.530067
29005,-33.824696,234738,151.093216,05/16/2025 07:19:38,0.172,2025-05-16 07:19:38,15.2,2.4,2.4,61.0,15.530067
33014,-33.806141,235978,151.17952,05/22/2025 11:40:00,0.216,2025-05-22 11:40:00,17.35,3.4,3.4,63.0,18.249113
33014,-33.806141,235978,151.17952,05/22/2025 11:40:00,0.216,2025-05-22 11:40:00,17.35,3.4,3.4,63.0,18.249113
33014,-33.806141,237166,151.17952,05/28/2025 11:25:01,0.802,2025-05-28 11:25:01,16.2,0.0,0.0,2.0,13.9136505
7275,-33.894714,237163,151.110962,05/28/2025 10:53:17,0.569,2025-05-28 10:53:17,14.6,0.0,0.0,1.0,12.174538
7275,-33.894714,237163,151.110962,05/28/2025 10:53:17,0.569,2025-05-28 10:53:17,14.6,0.0,0.0,1.0,12.174538
7275,-33.894714,237163,151.110962,05/28/2025 10:53:17,0.569,2025-05-28 10:53:17,14.6,0.0,0.0,1.0,12.174538
7275,-33.894714,237163,151.110962,05/28/2025 10:53:17,0.569,2025-05-28 10:53:17,14.6,0.0,0.0,1.0,12.174538
7275,-33.894714,237163,151.110962,05/28/2025 10:53:17,0.569,2025-05-28 10:53:17,14.6,0.0,0.0,1.0,12.174538
7275,-33.894714,237163,151.110962,05/28/2025 10:53:17,0.569,2025-05-28 10:53:17,14.6,0.0,0.0,1.0,12.174538
7275,-33.894714,237163,151.110962,05/28/2025 10:53:17,0.569,2025-05-28 10:53:17,14.6,0.0,0.0,1.0,12.174538
7275,-33.894714,237163,151.110962,05/28/2025 10:53:17,0.569,2025-05-28 10:53:17,14.6,0.0,0.0,1.0,12.174538
74230,-33.724735,233226,151.086151,05/01/2025 17:37:16,0.252,2025-05-01 17:37:16,15.35,0.0,0.0,2.0,12.780506
74230,-33.724735,233226,151.086151,05/01/2025 17:37:16,0.252,2025-05-01 17:37:16,15.35,0.0,0.0,2.0,12.780506
7274,-33.779202,233404,150.814102,05/03/2025 10:40:36,0.025,2025-05-03 10:40:36,16.95,0.0,0.0,0.0,16.751436
50240,-33.796436,233406,150.987595,05/03/2025 11:39:53,0.521,2025-05-03 11:39:53,18.2,0.0,0.0,0.0,18.644348
50240,-33.796436,233406,150.987595,05/03/2025 11:39:53,0.521,2025-05-03 11:39:53,18.2,0.0,0.0,0.0,18.644348
7248,-33.906151,233560,151.040207,05/05/2025 14:09:18,0.282,2025-05-05 14:09:18,23.05,0.0,0.0,2.0,24.140034
7248,-33.906151,233560,151.040207,05/05/2025 14:09:18,0.282,2025-05-05 14:09:18,23.05,0.0,0.0,2.0,24.140034
F3FWY003,-33.560299,234151,151.192551,05/10/2025 13:23:20,0.828,2025-05-10 13:23:20,20.05,0.0,0.0,3.0,19.015934
22001,-33.825577,233764,151.233261,05/07/2025 06:34:21,0.659,2025-05-07 06:34:21,13.3,0.0,0.0,0.0,12.387262
9658,-33.79353,234815,151.018829,05/16/2025 14:32:38,0.547,2025-05-16 14:32:38,18.95,0.0,0.0,2.0,19.614304
9658,-33.79353,234815,151.018829,05/16/2025 14:32:38,0.547,2025-05-16 14:32:38,18.95,0.0,0.0,2.0,19.614304
7184,-33.772957,234438,151.135391,05/13/2025 14:58:38,0.023,2025-05-13 14:58:38,20.25,0.1,0.1,51.0,20.584496
50240,-33.796436,234833,150.987595,05/16/2025 16:02:21,0.466,2025-05-16 16:02:21,18.6,0.0,0.0,2.0,19.72429
57025,-33.725773,234901,151.219788,05/17/2025 13:56:49,0.264,2025-05-17 13:56:49,19.5575,0.0,0.0,1.0,19.804398
57025,-33.725773,234901,151.219788,05/17/2025 13:56:49,0.264,2025-05-17 13:56:49,19.5575,0.0,0.0,1.0,19.804398
57025,-33.725773,234901,151.219788,05/17/2025 13:56:49,0.264,2025-05-17 13:56:49,19.5575,0.0,0.0,1.0,19.804398
7179,-33.817272,236020,150.962784,05/22/2025 14:16:42,0.705,2025-05-22 14:16:42,16.9,2.1,2.1,61.0,17.06691
33014,-33.806141,237832,151.17952,06/03/2025 10:07:14,0.648,2025-06-03 10:07:14,13.55,0.0,0.0,3.0,12.481882
53004,-33.75317,238153,151.151077,06/05/2025 17:00:16,0.439,2025-06-05 17:00:16,12.15,0.0,0.0,0.0,11.311081
9849,-33.877975,238403,151.093185,06/08/2025 16:08:32,0.064,2025-06-08 16:08:32,13.2,0.0,0.0,0.0,9.435531
T0231,-33.838615,239331,151.143753,06/17/2025 19:39:04,0.398,2025-06-17 19:39:04,11.6,0.0,0.0,0.0,9.387371
32029,-33.821175,239555,151.149902,06/19/2025 18:00:21,0.224,2025-06-19 18:00:21,11.0,0.0,0.0,3.0,9.808037
33014,-33.806141,240223,151.17952,06/26/2025 07:36:51,0.718,2025-06-26 07:36:51,6.85,0.0,0.0,0.0,2.1630325
33014,-33.806141,235398,151.17952,05/20/2025 11:32:29,0.443,2025-05-20 11:32:29,18.75,0.1,0.1,51.0,16.177368
7251,-33.874916,240466,151.155319,06/29/2025 08:22:24,0.024,2025-06-29 08:22:24,6.3,0.0,0.0,0.0,3.399341
33014,-33.806141,238022,151.17952,06/04/2025 17:02:41,0.695,2025-06-04 17:02:41,12.75,0.1,0.1,51.0,8.218445
7112,-33.843338,238753,151.043411,06/12/2025 10:39:57,0.233,2025-06-12 10:39:57,10.95,0.0,0.0,2.0,8.451958
7184,-33.772957,239024,151.135391,06/14/2025 16:23:48,0.038,2025-06-14 16:23:48,14.05,0.0,0.0,2.0,13.085503
7132,-33.953056,239028,151.137482,06/14/2025 17:44:28,0.237,2025-06-14 17:44:28,13.2,0.0,0.0,2.0,12.845713
7179,-33.817272,239450,150.962784,06/19/2025 02:35:19,0.186,2025-06-19 02:35:19,4.5,0.0,0.0,0.0,2.0521088
7126,-34.035271,239593,151.113007,06/20/2025 07:04:57,0.531,2025-06-20 07:04:57,4.55,0.0,0.0,0.0,2.492166
7270,-33.793304,240418,151.119659,06/28/2025 06:51:55,0.652,2025-06-28 06:51:55,6.9,0.0,0.0,0.0,4.5084105
7179,-33.817272,238485,150.962784,06/10/2025 01:07:37,0.559,2025-06-10 01:07:37,11.45,0.0,0.0,0.0,7.996995
9836-PR,-33.819687,238473,151.117416,06/09/2025 20:00:16,0.073,2025-06-09 20:00:16,10.3,0.0,0.0,3.0,6.4555483
9827,-33.719955,239432,151.298111,06/18/2025 17:58:09,0.361,2025-06-18 17:58:09,11.65,0.0,0.0,0.0,10.076853
33014,-33.806141,239814,151.17952,06/23/2025 00:38:06,0.381,2025-06-23 00:38:06,8.5,0.0,0.0,2.0,6.678156
7132,-33.953056,237556,151.137482,06/01/2025 08:26:16,0.196,2025-06-01 08:26:16,9.8,0.0,0.0,0.0,8.487008
7248,-33.906151,238010,151.040207,06/04/2025 15:51:19,0.237,2025-06-04 15:51:19,14.0,0.1,0.1,51.0,10.896891
7112,-33.843338,238155,151.043411,06/05/2025 17:14:52,0.211,2025-06-05 17:14:52,12.75,0.0,0.0,0.0,12.036739
7153,-33.8651123046875,238456,151.041610717773,06/09/2025 16:05:08,0.469,2025-06-09 16:05:08,11.85,0.6,0.6,53.0,8.74674
7120,-33.886311,238522,151.217911,06/10/2025 10:28:16,0.327,2025-06-10 10:28:16,13.1,0.0,0.0,0.0,9.280184
7121,-33.886032,238522,151.218079,06/10/2025 10:28:16,0.31,2025-06-10 10:28:16,13.1,0.0,0.0,0.0,9.280184
7120,-33.886311,239087,151.217911,06/15/2025 17:58:10,0.082,2025-06-15 17:58:10,12.05,0.9,0.9,53.0,11.761961
7121,-33.886032,239087,151.218079,06/15/2025 17:58:10,0.114,2025-06-15 17:58:10,12.05,0.9,0.9,53.0,11.761961
T0288,-33.455536,239630,151.205093,06/20/2025 13:15:26,0.138,2025-06-20 13:15:26,16.75,0.0,0.0,0.0,15.616182
T0289,-33.455235,239630,151.205383,06/20/2025 13:15:26,0.095,2025-06-20 13:15:26,16.75,0.0,0.0,0.0,15.616182
T0290,-33.454796,239630,151.205872,06/20/2025 13:15:26,0.031,2025-06-20 13:15:26,16.75,0.0,0.0,0.0,15.616182
T0479-PR,-33.454525,239630,151.206726,06/20/2025 13:15:26,0.07,2025-06-20 13:15:26,16.75,0.0,0.0,0.0,15.616182
7163,-33.865181,240613,151.171997,06/30/2025 15:36:47,0.474,2025-06-30 15:36:47,15.4,0.0,0.0,3.0,12.914343
7112,-33.843338,238795,151.043411,06/12/2025 15:29:47,0.197,2025-06-12 15:29:47,15.35,0.0,0.0,3.0,13.151495
29005,-33.824696,239339,151.093216,06/18/2025 03:30:41,0.015,2025-06-18 03:30:41,8.0,0.0,0.0,0.0,4.7277613
7132,-33.953056,238899,151.137482,06/13/2025 13:09:43,0.651,2025-06-13 13:09:43,14.5,0.0,0.0,2.0,10.927177
7162,-34.045811,239657,151.133041,06/20/2025 16:19:59,0.058,2025-06-20 16:19:59,14.7,0.0,0.0,0.0,13.619774
7179,-33.817272,240425,150.962784,06/28/2025 09:50:36,0.388,2025-06-28 09:50:36,8.2,0.0,0.0,0.0,6.00626
10011,-33.876652,240127,151.230606,06/25/2025 10:17:14,0.114,2025-06-25 10:17:14,13.5,0.0,0.0,1.0,7.4275637
7139,-33.876884,240127,151.228683,06/25/2025 10:17:14,0.292,2025-06-25 10:17:14,13.5,0.0,0.0,1.0,7.4275637
29005,-33.824696,238274,151.093216,06/06/2025 14:54:59,0.226,2025-06-06 14:54:59,15.55,0.0,0.0,3.0,14.679949
7120,-33.886311,238387,151.217911,06/08/2025 09:48:34,0.62,2025-06-08 09:48:34,12.35,0.0,0.0,0.0,8.627028
7121,-33.886032,238387,151.218079,06/08/2025 09:48:34,0.592,2025-06-08 09:48:34,12.35,0.0,0.0,0.0,8.627028
53003,-33.729225,238700,151.122208,06/11/2025 17:39:40,0.15,2025-06-11 17:39:40,11.15,0.0,0.0,0.0,8.458622
33014,-33.806141,239329,151.17952,06/17/2025 19:20:37,0.796,2025-06-17 19:20:37,11.6,0.0,0.0,0.0,9.387371
7120,-33.886311,239597,151.217911,06/20/2025 07:21:02,0.177,2025-06-20 07:21:02,4.5,0.0,0.0,0.0,1.3101215
7121,-33.886032,239597,151.218079,06/20/2025 07:21:02,0.209,2025-06-20 07:21:02,4.5,0.0,0.0,0.0,1.3101215
47024,-33.83889,237901,151.029022,06/03/2025 16:50:05,0.225,2025-06-03 16:50:05,16.15,0.0,0.0,2.0,14.341257
F3FWY003,-33.560299,238095,151.192551,06/05/2025 10:47:07,0.364,2025-06-05 10:47:07,12.95,0.0,0.0,1.0,9.521687
23067,-33.934475,238176,151.15831,06/05/2025 20:11:09,0.497,2025-06-05 20:11:09,11.55,0.0,0.0,0.0,10.297866
7120,-33.886311,238324,151.217911,06/07/2025 00:35:22,0.21,2025-06-07 00:35:22,11.15,0.0,0.0,3.0,8.420187
7121,-33.886032,238324,151.218079,06/07/2025 00:35:22,0.243,2025-06-07 00:35:22,11.15,0.0,0.0,3.0,8.420187
50260,-33.819763,238601,151.05188,06/11/2025 06:53:10,0.191,2025-06-11 06:53:10,8.25,0.0,0.0,0.0,4.991436
50240,-33.796436,239042,150.987595,06/15/2025 00:03:35,0.468,2025-06-15 00:03:35,8.95,0.0,0.0,0.0,7.495392
33014,-33.806141,239088,151.17952,06/15/2025 17:59:10,0.74,2025-06-15 17:59:10,12.05,0.9,0.9,53.0,11.761961
7179,-33.817272,239869,150.962784,06/23/2025 12:05:49,0.648,2025-06-23 12:05:49,16.85,0.0,0.0,0.0,16.967997
7112,-33.843338,240267,151.043411,06/26/2025 13:12:24,0.206,2025-06-26 13:12:24,14.65,0.0,0.0,0.0,11.396353
7119-PR,-33.817974,240483,150.981827,06/29/2025 14:17:33,0.254,2025-06-29 14:17:33,16.9,0.0,0.0,0.0,15.58037
74230,-33.724735,240630,151.086151,06/30/2025 17:14:14,0.416,2025-06-30 17:14:14,12.45,0.0,0.0,3.0,10.795764
7179,-33.817272,238525,150.962784,06/10/2025 10:53:03,0.387,2025-06-10 10:53:03,13.55,0.0,0.0,0.0,10.427611
57025,-33.725773,238615,151.219788,06/11/2025 08:23:13,0.365,2025-06-11 08:23:13,7.3075,0.0,0.0,0.0,4.0905476
7161,-33.740406,238811,151.060989,06/12/2025 16:18:05,0.378,2025-06-12 16:18:05,13.65,0.0,0.0,3.0,12.0947
7120,-33.886311,239793,151.217911,06/22/2025 15:27:29,0.208,2025-06-22 15:27:29,17.35,0.0,0.0,0.0,17.149555
7121,-33.886032,239793,151.218079,06/22/2025 15:27:29,0.18,2025-06-22 15:27:29,17.35,0.0,0.0,0.0,17.149555
55049,-33.729507,239791,151.30011,06/22/2025 14:30:41,0.09,2025-06-22 14:30:41,18.2,0.0,0.0,0.0,17.279285
7112,-33.843338,240214,151.043411,06/26/2025 05:30:12,0.337,2025-06-26 05:30:12,6.85,0.0,0.0,0.0,2.6612368
7270,-33.793304,240326,151.119659,06/27/2025 08:01:42,0.365,2025-06-27 08:01:42,6.3,0.0,0.0,0.0,3.047679
23067,-33.934475,238722,151.15831,06/12/2025 01:43:24,0.411,2025-06-12 01:43:24,8.7,0.0,0.0,0.0,5.193573
53004,-33.75317,239430,151.151077,06/18/2025 17:43:27,0.646,2025-06-18 17:43:27,10.4,0.0,0.0,0.0,8.933509
7270,-33.793304,239435,151.119659,06/18/2025 18:09:45,0.021,2025-06-18 18:09:45,8.7,0.0,0.0,0.0,6.9906006
7153,-33.8651123046875,240526,151.041610717773,06/30/2025 06:33:21,0.016,2025-06-30 06:33:21,5.55,0.0,0.0,0.0,3.1335692
T0231,-33.838615,238033,151.143753,06/04/2025 21:11:07,0.398,2025-06-04 21:11:07,12.05,0.1,0.1,51.0,7.8777237
T0288,-33.455536,236193,151.205093,05/23/2025 00:59:00,0.025,2025-05-23 00:59:00,15.95,1.6,1.6,61.0,16.174772
T0289,-33.455235,236193,151.205383,05/23/2025 00:59:00,0.025,2025-05-23 00:59:00,15.95,1.6,1.6,61.0,16.174772
T0290,-33.454796,236193,151.205872,05/23/2025 00:59:00,0.09,2025-05-23 00:59:00,15.95,1.6,1.6,61.0,16.174772
T0479-PR,-33.454525,236193,151.206726,05/23/2025 00:59:00,0.172,2025-05-23 00:59:00,15.95,1.6,1.6,61.0,16.174772
7161,-33.740406,239375,151.060989,06/18/2025 12:12:00,0.014,2025-06-18 12:12:00,13.25,0.0,0.0,0.0,10.974074
50240,-33.796436,239574,150.987595,06/19/2025 20:55:54,0.466,2025-06-19 20:55:54,10.75,0.0,0.0,3.0,9.542053
F3FWY002,-33.651676,239378,151.137741,06/18/2025 12:27:09,0.636,2025-06-18 12:27:09,14.4,0.0,0.0,0.0,11.995626
7248,-33.906151,240509,151.040207,06/29/2025 19:52:21,0.24,2025-06-29 19:52:21,13.4,0.0,0.0,0.0,12.365185
57025,-33.725773,237425,151.219788,05/30/2025 14:05:52,0.304,2025-05-30 14:05:52,18.4575,0.0,0.0,2.0,17.720129
7184,-33.772957,237584,151.135391,06/01/2025 14:08:48,0.429,2025-06-01 14:08:48,19.0,0.0,0.0,0.0,19.388357
7270,-33.793304,238246,151.119659,06/06/2025 13:36:48,0.027,2025-06-06 13:36:48,16.0,0.0,0.0,3.0,14.692772
68025,-33.816696,239904,150.976623,06/23/2025 16:43:58,0.225,2025-06-23 16:43:58,20.25,0.0,0.0,0.0,20.255943
7248,-33.906151,239939,151.040207,06/24/2025 07:28:53,0.237,2025-06-24 07:28:53,14.5,0.0,0.0,1.0,12.14204
7153,-33.8651123046875,239963,151.041610717773,06/24/2025 09:05:06,0.477,2025-06-24 09:05:06,16.4,1.6,1.6,61.0,14.379627
23067,-33.934475,240383,151.15831,06/27/2025 15:56:55,0.105,2025-06-27 15:56:55,15.15,0.0,0.0,1.0,12.186796
7123-PR,-33.769588,240627,150.768738,06/30/2025 16:34:42,0.131,2025-06-30 16:34:42,15.85,0.0,0.0,3.0,15.168142
7159,-33.888157,240646,150.922974,06/30/2025 20:56:13,0.054,2025-06-30 20:56:13,11.75,0.0,0.0,3.0,9.780836
7112,-33.843338,237773,151.043411,06/02/2025 16:49:44,0.225,2025-06-02 16:49:44,16.2,0.0,0.0,3.0,16.688597
7179,-33.817272,238776,150.962784,06/12/2025 13:17:30,0.086,2025-06-12 13:17:30,15.1,0.0,0.0,3.0,12.940836
9836-PR,-33.819687,236884,151.117416,05/26/2025 16:18:40,0.073,2025-05-26 16:18:40,14.85,1.0,1.0,55.0,12.76786
F3FWY003,-33.560299,233966,151.192551,05/08/2025 15:18:35,0.175,2025-05-08 15:18:35,17.85,0.0,0.0,3.0,15.298618
50260,-33.819763,239723,151.05188,06/21/2025 11:28:36,0.205,2025-06-21 11:28:36,11.85,0.0,0.0,0.0,10.848576
74230,-33.724735,240471,151.086151,06/29/2025 10:12:54,0.286,2025-06-29 10:12:54,11.9,0.0,0.0,0.0,10.375619
7120,-33.886311,237608,151.217911,06/01/2025 18:57:59,0.234,2025-06-01 18:57:59,15.4,0.0,0.0,0.0,15.153065
7121,-33.886032,237608,151.218079,06/01/2025 18:57:59,0.206,2025-06-01 18:57:59,15.4,0.0,0.0,0.0,15.153065
7248,-33.906151,237648,151.040207,06/02/2025 10:11:51,0.233,2025-06-02 10:11:51,12.45,0.0,0.0,3.0,12.060749
47024,-33.83889,238113,151.029022,06/05/2025 12:43:57,0.225,2025-06-05 12:43:57,15.1,0.0,0.0,0.0,12.957752
7161,-33.740406,238471,151.060989,06/09/2025 19:33:37,0.042,2025-06-09 19:33:37,10.4,0.0,0.0,3.0,6.3502073
7179,-33.817272,238536,150.962784,06/10/2025 12:27:13,0.513,2025-06-10 12:27:13,16.4,0.0,0.0,0.0,13.374779
9658,-33.79353,239377,151.018829,06/18/2025 12:21:56,0.517,2025-06-18 12:21:56,13.05,0.0,0.0,0.0,10.955878
7164,-33.81562,239454,150.969238,06/19/2025 05:17:58,0.032,2025-06-19 05:17:58,3.4,0.0,0.0,1.0,0.6504836
T0288,-33.455536,239509,151.205093,06/19/2025 13:04:08,0.532,2025-06-19 13:04:08,16.4,0.0,0.0,3.0,15.179548
T0289,-33.455235,239509,151.205383,06/19/2025 13:04:08,0.575,2025-06-19 13:04:08,16.4,0.0,0.0,3.0,15.179548
T0290,-33.454796,239509,151.205872,06/19/2025 13:04:08,0.642,2025-06-19 13:04:08,16.4,0.0,0.0,3.0,15.179548
T0479-PR,-33.454525,239509,151.206726,06/19/2025 13:04:08,0.719,2025-06-19 13:04:08,16.4,0.0,0.0,3.0,15.179548
7153,-33.8651123046875,239802,151.041610717773,06/22/2025 19:17:34,0.161,2025-06-22 19:17:34,10.6,0.0,0.0,3.0,9.692001
7179,-33.817272,239967,150.962784,06/24/2025 09:49:16,0.083,2025-06-24 09:49:16,16.15,0.2,0.2,51.0,13.917587
50240,-33.796436,240322,150.987595,06/27/2025 05:42:32,0.051,2025-06-27 05:42:32,6.3,0.0,0.0,1.0,2.8119864
100001,-33.878181,240340,150.924942,06/27/2025 10:11:00,0.287,2025-06-27 10:11:00,10.1,0.0,0.0,1.0,7.4129486
7179,-33.817272,237801,150.962784,06/03/2025 06:59:41,0.713,2025-06-03 06:59:41,9.55,0.0,0.0,3.0,8.072737
51235,-33.81551,238076,151.101105,06/05/2025 08:55:02,0.447,2025-06-05 08:55:02,7.45,0.0,0.0,1.0,4.080777
23067,-33.934475,238514,151.15831,06/10/2025 09:36:28,0.325,2025-06-10 09:36:28,12.1,0.0,0.0,0.0,8.114158
7168,-33.798195,238824,150.897125,06/12/2025 17:46:18,0.792,2025-06-12 17:46:18,12.95,0.0,0.0,3.0,11.132514
74228,-33.723019,239068,151.036606,06/15/2025 13:49:28,0.096,2025-06-15 13:49:28,16.15,0.0,0.0,0.0,14.754925
68025,-33.816696,239350,150.976623,06/18/2025 08:29:07,0.219,2025-06-18 08:29:07,6.15,0.0,0.0,0.0,3.5230026
68025,-33.816696,239901,150.976623,06/23/2025 16:30:13,0.376,2025-06-23 16:30:13,20.25,0.0,0.0,0.0,20.255943
7251,-33.874916,240275,151.155319,06/26/2025 14:14:16,0.073,2025-06-26 14:14:16,14.8,0.0,0.0,0.0,10.25895
29005,-33.824696,237780,151.093216,06/02/2025 18:06:02,0.101,2025-06-02 18:06:02,13.7,0.0,0.0,3.0,14.476866
7132,-33.953056,237944,151.137482,06/04/2025 09:06:09,0.196,2025-06-04 09:06:09,10.75,4.4,4.4,63.0,5.659519
51235,-33.81551,238195,151.101105,06/06/2025 07:27:42,0.781,2025-06-06 07:27:42,4.2,0.0,0.0,0.0,1.8687787
7126,-34.035271,238323,151.113007,06/06/2025 21:44:29,0.302,2025-06-06 21:44:29,10.85,0.0,0.0,3.0,7.9777784
7163,-33.865181,238852,151.171997,06/13/2025 08:42:41,0.508,2025-06-13 08:42:41,7.85,0.0,0.0,3.0,4.379629
33014,-33.806141,239678,151.17952,06/20/2025 18:15:18,0.759,2025-06-20 18:15:18,12.45,0.0,0.0,0.0,11.698188
7112,-33.843338,239682,151.043411,06/20/2025 18:31:04,0.337,2025-06-20 18:31:04,11.6,0.0,0.0,0.0,10.904808
7184,-33.772957,239756,151.135391,06/21/2025 17:26:22,0.414,2025-06-21 17:26:22,12.75,0.0,0.0,0.0,12.096949
7164,-33.81562,239856,150.969238,06/23/2025 10:52:46,0.392,2025-06-23 10:52:46,10.7,0.0,0.0,0.0,9.240704
29005,-33.824696,239890,151.093216,06/23/2025 15:17:44,0.172,2025-06-23 15:17:44,21.75,0.0,0.0,0.0,21.848211
51235,-33.81551,240101,151.101105,06/25/2025 07:20:41,0.436,2025-06-25 07:20:41,11.25,0.0,0.0,1.0,7.1207113
7132,-33.953056,240450,151.137482,06/28/2025 23:14:40,0.498,2025-06-28 23:14:40,11.1,0.0,0.0,1.0,9.223166
7270,-33.793304,237949,151.119659,06/04/2025 09:24:56,0.16,2025-06-04 09:24:56,10.05,1.0,1.0,55.0,6.6712236
57025,-33.725773,238017,151.219788,06/04/2025 16:31:18,0.464,2025-06-04 16:31:18,11.8575,0.0,0.0,2.0,8.759695
51235,-33.81551,237829,151.101105,06/03/2025 09:53:15,0.762,2025-06-03 09:53:15,11.75,0.0,0.0,3.0,10.953421
51235,-33.81551,238367,151.101105,06/07/2025 18:26:25,0.244,2025-06-07 18:26:25,13.5,0.0,0.0,0.0,9.458895
T0288,-33.455536,238492,151.205093,06/10/2025 05:08:54,0.394,2025-06-10 05:08:54,10.65,0.0,0.0,1.0,7.083063
T0289,-33.455235,238492,151.205383,06/10/2025 05:08:54,0.437,2025-06-10 05:08:54,10.65,0.0,0.0,1.0,7.083063
T0290,-33.454796,238492,151.205872,06/10/2025 05:08:54,0.504,2025-06-10 05:08:54,10.65,0.0,0.0,1.0,7.083063
T0479-PR,-33.454525,238492,151.206726,06/10/2025 05:08:54,0.579,2025-06-10 05:08:54,10.65,0.0,0.0,1.0,7.083063
9658,-33.79353,238575,151.018829,06/10/2025 18:18:16,0.502,2025-06-10 18:18:16,12.0,0.0,0.0,0.0,8.911741
7179,-33.817272,238755,150.962784,06/12/2025 10:58:39,0.198,2025-06-12 10:58:39,11.05,0.0,0.0,2.0,8.63266
23067,-33.934475,239246,151.15831,06/17/2025 08:24:21,0.515,2025-06-17 08:24:21,6.55,0.0,0.0,0.0,3.992919
T0345,-33.689632,239295,151.097748,06/17/2025 14:56:38,0.24,2025-06-17 14:56:38,17.3,0.0,0.0,3.0,13.865797
7184,-33.772957,240235,151.135391,06/26/2025 09:01:57,0.038,2025-06-26 09:01:57,7.85,0.0,0.0,0.0,4.0586357
7153,-33.8651123046875,240247,151.041610717773,06/26/2025 11:33:24,0.477,2025-06-26 11:33:24,12.35,0.0,0.0,0.0,8.921665
7119-PR,-33.817974,240298,150.981827,06/26/2025 18:11:46,0.004,2025-06-26 18:11:46,10.9,0.0,0.0,0.0,8.460791
7161,-33.740406,240402,151.060989,06/27/2025 18:18:13,0.337,2025-06-27 18:18:13,10.85,0.0,0.0,0.0,8.9362335
T0231,-33.838615,238914,151.143753,06/13/2025 14:30:34,0.397,2025-06-13 14:30:34,14.0,0.1,0.1,51.0,10.414412
F3FWY003,-33.560299,237607,151.192551,06/01/2025 18:44:39,0.302,2025-06-01 18:44:39,14.25,0.0,0.0,0.0,14.145405
7153,-33.8651123046875,238393,151.041610717773,06/08/2025 12:27:25,0.023,2025-06-08 12:27:25,14.95,0.0,0.0,0.0,10.360202
7150,-33.724922,238796,150.977127,06/12/2025 15:32:03,0.144,2025-06-12 15:32:03,15.05,0.0,0.0,3.0,12.855415
7163,-33.865181,239062,151.171997,06/15/2025 12:51:47,0.462,2025-06-15 12:51:47,14.9,0.0,0.0,0.0,14.29813
7248,-33.906151,239178,151.040207,06/16/2025 15:09:54,0.011,2025-06-16 15:09:54,14.75,0.0,0.0,0.0,13.213583
68025,-33.816696,239398,150.976623,06/18/2025 14:15:06,0.238,2025-06-18 14:15:06,14.65,0.0,0.0,0.0,13.014788
33014,-33.806141,239596,151.17952,06/20/2025 07:20:29,0.547,2025-06-20 07:20:29,4.5,0.0,0.0,0.0,1.3101215
10011,-33.876652,239895,151.230606,06/23/2025 15:45:20,0.715,2025-06-23 15:45:20,20.2,0.0,0.0,0.0,19.959057
7139,-33.876884,239895,151.228683,06/23/2025 15:45:20,0.874,2025-06-23 15:45:20,20.2,0.0,0.0,0.0,19.959057
33014,-33.806141,228602,151.17952,03/25/2025 14:33:14,0.216,2025-03-25 14:33:14,22.8,0.1,0.1,51.0,24.354172
9658,-33.79353,240095,151.018829,06/25/2025 06:02:12,0.614,2025-06-25 06:02:12,11.1,0.0,0.0,1.0,6.8267736
33014,-33.806141,240263,151.17952,06/26/2025 12:55:54,0.562,2025-06-26 12:55:54,13.85,0.0,0.0,1.0,9.664538
33014,-33.806141,235398,151.17952,05/20/2025 11:32:29,0.431,2025-05-20 11:32:29,18.75,0.1,0.1,51.0,16.177368
33014,-33.806141,237832,151.17952,06/03/2025 10:07:14,0.648,2025-06-03 10:07:14,13.55,0.0,0.0,3.0,12.481882
53004,-33.75317,238153,151.151077,06/05/2025 17:00:16,0.439,2025-06-05 17:00:16,12.15,0.0,0.0,0.0,11.311081
53004,-33.75317,238153,151.151077,06/05/2025 17:00:16,0.439,2025-06-05 17:00:16,12.15,0.0,0.0,0.0,11.311081
9849,-33.877975,238403,151.093185,06/08/2025 16:08:32,0.064,2025-06-08 16:08:32,13.2,0.0,0.0,0.0,9.435531
9849,-33.877975,238403,151.093185,06/08/2025 16:08:32,0.064,2025-06-08 16:08:32,13.2,0.0,0.0,0.0,9.435531
33014,-33.806141,235398,151.17952,05/20/2025 11:32:29,0.443,2025-05-20 11:32:29,18.75,0.1,0.1,51.0,16.177368
33014,-33.806141,235398,151.17952,05/20/2025 11:32:29,0.443,2025-05-20 11:32:29,18.75,0.1,0.1,51.0,16.177368
33014,-33.806141,235398,151.17952,05/20/2025 11:32:29,0.443,2025-05-20 11:32:29,18.75,0.1,0.1,51.0,16.177368
T0231,-33.838615,239331,151.143753,06/17/2025 19:39:04,0.398,2025-06-17 19:39:04,11.6,0.0,0.0,0.0,9.387371
33014,-33.806141,235398,151.17952,05/20/2025 11:32:29,0.443,2025-05-20 11:32:29,18.75,0.1,0.1,51.0,16.177368
33014,-33.806141,235398,151.17952,05/20/2025 11:32:29,0.443,2025-05-20 11:32:29,18.75,0.1,0.1,51.0,16.177368
32029,-33.821175,239555,151.149902,06/19/2025 18:00:21,0.224,2025-06-19 18:00:21,11.0,0.0,0.0,3.0,9.808037
32029,-33.821175,239555,151.149902,06/19/2025 18:00:21,0.224,2025-06-19 18:00:21,11.0,0.0,0.0,3.0,9.808037
33014,-33.806141,240223,151.17952,06/26/2025 07:36:51,0.718,2025-06-26 07:36:51,6.85,0.0,0.0,0.0,2.1630325
7251,-33.874916,240466,151.155319,06/29/2025 08:22:24,0.013,2025-06-29 08:22:24,6.3,0.0,0.0,0.0,3.399341
7251,-33.874916,240466,151.155319,06/29/2025 08:22:24,0.013,2025-06-29 08:22:24,6.3,0.0,0.0,0.0,3.399341
7251,-33.874916,240466,151.155319,06/29/2025 08:22:24,0.024,2025-06-29 08:22:24,6.3,0.0,0.0,0.0,3.399341
33014,-33.806141,238022,151.17952,06/04/2025 17:02:41,0.695,2025-06-04 17:02:41,12.75,0.1,0.1,51.0,8.218445
7112,-33.843338,238753,151.043411,06/12/2025 10:39:57,0.233,2025-06-12 10:39:57,10.95,0.0,0.0,2.0,8.451958
7112,-33.843338,238753,151.043411,06/12/2025 10:39:57,0.233,2025-06-12 10:39:57,10.95,0.0,0.0,2.0,8.451958
7112,-33.843338,238753,151.043411,06/12/2025 10:39:57,0.233,2025-06-12 10:39:57,10.95,0.0,0.0,2.0,8.451958
9658,-33.79353,238832,151.018829,06/12/2025 21:47:04,0.542,2025-06-12 21:47:04,10.45,0.0,0.0,3.0,8.940456
7184,-33.772957,239024,151.135391,06/14/2025 16:23:48,0.035,2025-06-14 16:23:48,14.05,0.0,0.0,2.0,13.085503
7184,-33.772957,239024,151.135391,06/14/2025 16:23:48,0.035,2025-06-14 16:23:48,14.05,0.0,0.0,2.0,13.085503
7184,-33.772957,239024,151.135391,06/14/2025 16:23:48,0.038,2025-06-14 16:23:48,14.05,0.0,0.0,2.0,13.085503
7184,-33.772957,239024,151.135391,06/14/2025 16:23:48,0.038,2025-06-14 16:23:48,14.05,0.0,0.0,2.0,13.085503
7184,-33.772957,239024,151.135391,06/14/2025 16:23:48,0.038,2025-06-14 16:23:48,14.05,0.0,0.0,2.0,13.085503
7184,-33.772957,239024,151.135391,06/14/2025 16:23:48,0.038,2025-06-14 16:23:48,14.05,0.0,0.0,2.0,13.085503
7184,-33.772957,239024,151.135391,06/14/2025 16:23:48,0.038,2025-06-14 16:23:48,14.05,0.0,0.0,2.0,13.085503
7184,-33.772957,239024,151.135391,06/14/2025 16:23:48,0.038,2025-06-14 16:23:48,14.05,0.0,0.0,2.0,13.085503
7184,-33.772957,239024,151.135391,06/14/2025 16:23:48,0.038,2025-06-14 16:23:48,14.05,0.0,0.0,2.0,13.085503
7132,-33.953056,239028,151.137482,06/14/2025 17:44:28,0.237,2025-06-14 17:44:28,13.2,0.0,0.0,2.0,12.845713
7179,-33.817272,239450,150.962784,06/19/2025 02:35:19,0.186,2025-06-19 02:35:19,4.5,0.0,0.0,0.0,2.0521088
7126,-34.035271,239593,151.113007,06/20/2025 07:04:57,0.531,2025-06-20 07:04:57,4.55,0.0,0.0,0.0,2.492166
7126,-34.035271,239593,151.113007,06/20/2025 07:04:57,0.531,2025-06-20 07:04:57,4.55,0.0,0.0,0.0,2.492166
7126,-34.035271,239593,151.113007,06/20/2025 07:04:57,0.531,2025-06-20 07:04:57,4.55,0.0,0.0,0.0,2.492166
7126,-34.035271,239593,151.113007,06/20/2025 07:04:57,0.531,2025-06-20 07:04:57,4.55,0.0,0.0,0.0,2.492166
7126,-34.035271,239593,151.113007,06/20/2025 07:04:57,0.531,2025-06-20 07:04:57,4.55,0.0,0.0,0.0,2.492166
7126,-34.035271,239593,151.113007,06/20/2025 07:04:57,0.531,2025-06-20 07:04:57,4.55,0.0,0.0,0.0,2.492166
7126,-34.035271,239593,151.113007,06/20/2025 07:04:57,0.531,2025-06-20 07:04:57,4.55,0.0,0.0,0.0,2.492166
7270,-33.793304,240418,151.119659,06/28/2025 06:51:55,0.652,2025-06-28 06:51:55,6.9,0.0,0.0,0.0,4.5084105
7270,-33.793304,240418,151.119659,06/28/2025 06:51:55,0.652,2025-06-28 06:51:55,6.9,0.0,0.0,0.0,4.5084105
7270,-33.793304,240418,151.119659,06/28/2025 06:51:55,0.652,2025-06-28 06:51:55,6.9,0.0,0.0,0.0,4.5084105
7270,-33.793304,240418,151.119659,06/28/2025 06:51:55,0.652,2025-06-28 06:51:55,6.9,0.0,0.0,0.0,4.5084105
7270,-33.793304,240418,151.119659,06/28/2025 06:51:55,0.652,2025-06-28 06:51:55,6.9,0.0,0.0,0.0,4.5084105
7270,-33.793304,240418,151.119659,06/28/2025 06:51:55,0.652,2025-06-28 06:51:55,6.9,0.0,0.0,0.0,4.5084105
7270,-33.793304,240418,151.119659,06/28/2025 06:51:55,0.652,2025-06-28 06:51:55,6.9,0.0,0.0,0.0,4.5084105
7270,-33.793304,240418,151.119659,06/28/2025 06:51:55,0.652,2025-06-28 06:51:55,6.9,0.0,0.0,0.0,4.5084105
7270,-33.793304,240418,151.119659,06/28/2025 06:51:55,0.652,2025-06-28 06:51:55,6.9,0.0,0.0,0.0,4.5084105
7270,-33.793304,240418,151.119659,06/28/2025 06:51:55,0.652,2025-06-28 06:51:55,6.9,0.0,0.0,0.0,4.5084105
7270,-33.793304,240418,151.119659,06/28/2025 06:51:55,0.652,2025-06-28 06:51:55,6.9,0.0,0.0,0.0,4.5084105
7270,-33.793304,240418,151.119659,06/28/2025 06:51:55,0.652,2025-06-28 06:51:55,6.9,0.0,0.0,0.0,4.5084105
7270,-33.793304,240418,151.119659,06/28/2025 06:51:55,0.652,2025-06-28 06:51:55,6.9,0.0,0.0,0.0,4.5084105
7270,-33.793304,240418,151.119659,06/28/2025 06:51:55,0.652,2025-06-28 06:51:55,6.9,0.0,0.0,0.0,4.5084105
7270,-33.793304,240418,151.119659,06/28/2025 06:51:55,0.652,2025-06-28 06:51:55,6.9,0.0,0.0,0.0,4.5084105
7270,-33.793304,240418,151.119659,06/28/2025 06:51:55,0.652,2025-06-28 06:51:55,6.9,0.0,0.0,0.0,4.5084105
7270,-33.793304,240418,151.119659,06/28/2025 06:51:55,0.652,2025-06-28 06:51:55,6.9,0.0,0.0,0.0,4.5084105
7270,-33.793304,240418,151.119659,06/28/2025 06:51:55,0.652,2025-06-28 06:51:55,6.9,0.0,0.0,0.0,4.5084105
7270,-33.793304,240418,151.119659,06/28/2025 06:51:55,0.652,2025-06-28 06:51:55,6.9,0.0,0.0,0.0,4.5084105
7270,-33.793304,240418,151.119659,06/28/2025 06:51:55,0.652,2025-06-28 06:51:55,6.9,0.0,0.0,0.0,4.5084105
7270,-33.793304,240418,151.119659,06/28/2025 06:51:55,0.652,2025-06-28 06:51:55,6.9,0.0,0.0,0.0,4.5084105
7270,-33.793304,240418,151.119659,06/28/2025 06:51:55,0.652,2025-06-28 06:51:55,6.9,0.0,0.0,0.0,4.5084105
9836-PR,-33.819687,238473,151.117416,06/09/2025 20:00:16,0.073,2025-06-09 20:00:16,10.3,0.0,0.0,3.0,6.4555483
9836-PR,-33.819687,238473,151.117416,06/09/2025 20:00:16,0.073,2025-06-09 20:00:16,10.3,0.0,0.0,3.0,6.4555483
7179,-33.817272,238485,150.962784,06/10/2025 01:07:37,0.559,2025-06-10 01:07:37,11.45,0.0,0.0,0.0,7.996995
9827,-33.719955,239432,151.298111,06/18/2025 17:58:09,0.361,2025-06-18 17:58:09,11.65,0.0,0.0,0.0,10.076853
33014,-33.806141,239814,151.17952,06/23/2025 00:38:06,0.381,2025-06-23 00:38:06,8.5,0.0,0.0,2.0,6.678156
33014,-33.806141,239814,151.17952,06/23/2025 00:38:06,0.381,2025-06-23 00:38:06,8.5,0.0,0.0,2.0,6.678156
7132,-33.953056,237556,151.137482,06/01/2025 08:26:16,0.196,2025-06-01 08:26:16,9.8,0.0,0.0,0.0,8.487008
7132,-33.953056,237556,151.137482,06/01/2025 08:26:16,0.196,2025-06-01 08:26:16,9.8,0.0,0.0,0.0,8.487008
7132,-33.953056,237556,151.137482,06/01/2025 08:26:16,0.196,2025-06-01 08:26:16,9.8,0.0,0.0,0.0,8.487008
7132,-33.953056,237556,151.137482,06/01/2025 08:26:16,0.196,2025-06-01 08:26:16,9.8,0.0,0.0,0.0,8.487008
7112,-33.843338,237884,151.043411,06/03/2025 15:33:47,0.104,2025-06-03 15:33:47,17.4,0.0,0.0,3.0,15.117662
7248,-33.906151,238010,151.040207,06/04/2025 15:51:19,0.237,2025-06-04 15:51:19,14.0,0.1,0.1,51.0,10.896891
7248,-33.906151,238010,151.040207,06/04/2025 15:51:19,0.237,2025-06-04 15:51:19,14.0,0.1,0.1,51.0,10.896891
7248,-33.906151,238010,151.040207,06/04/2025 15:51:19,0.237,2025-06-04 15:51:19,14.0,0.1,0.1,51.0,10.896891
7112,-33.843338,238155,151.043411,06/05/2025 17:14:52,0.211,2025-06-05 17:14:52,12.75,0.0,0.0,0.0,12.036739
7153,-33.8651123046875,238456,151.041610717773,06/09/2025 16:05:08,0.469,2025-06-09 16:05:08,11.85,0.6,0.6,53.0,8.74674
7153,-33.8651123046875,238456,151.041610717773,06/09/2025 16:05:08,0.469,2025-06-09 16:05:08,11.85,0.6,0.6,53.0,8.74674
7153,-33.8651123046875,238456,151.041610717773,06/09/2025 16:05:08,0.469,2025-06-09 16:05:08,11.85,0.6,0.6,53.0,8.74674
7120,-33.886311,238522,151.217911,06/10/2025 10:28:16,0.327,2025-06-10 10:28:16,13.1,0.0,0.0,0.0,9.280184
7121,-33.886032,238522,151.218079,06/10/2025 10:28:16,0.31,2025-06-10 10:28:16,13.1,0.0,0.0,0.0,9.280184
7120,-33.886311,238522,151.217911,06/10/2025 10:28:16,0.327,2025-06-10 10:28:16,13.1,0.0,0.0,0.0,9.280184
7121,-33.886032,238522,151.218079,06/10/2025 10:28:16,0.31,2025-06-10 10:28:16,13.1,0.0,0.0,0.0,9.280184
7120,-33.886311,239087,151.217911,06/15/2025 17:58:10,0.082,2025-06-15 17:58:10,12.05,0.9,0.9,53.0,11.761961
7121,-33.886032,239087,151.218079,06/15/2025 17:58:10,0.114,2025-06-15 17:58:10,12.05,0.9,0.9,53.0,11.761961
T0288,-33.455536,239630,151.205093,06/20/2025 13:15:26,0.138,2025-06-20 13:15:26,16.75,0.0,0.0,0.0,15.616182
T0289,-33.455235,239630,151.205383,06/20/2025 13:15:26,0.095,2025-06-20 13:15:26,16.75,0.0,0.0,0.0,15.616182
T0290,-33.454796,239630,151.205872,06/20/2025 13:15:26,0.031,2025-06-20 13:15:26,16.75,0.0,0.0,0.0,15.616182
T0479-PR,-33.454525,239630,151.206726,06/20/2025 13:15:26,0.07,2025-06-20 13:15:26,16.75,0.0,0.0,0.0,15.616182
T0288,-33.455536,239630,151.205093,06/20/2025 13:15:26,0.138,2025-06-20 13:15:26,16.75,0.0,0.0,0.0,15.616182
T0289,-33.455235,239630,151.205383,06/20/2025 13:15:26,0.095,2025-06-20 13:15:26,16.75,0.0,0.0,0.0,15.616182
T0290,-33.454796,239630,151.205872,06/20/2025 13:15:26,0.031,2025-06-20 13:15:26,16.75,0.0,0.0,0.0,15.616182
T0479-PR,-33.454525,239630,151.206726,06/20/2025 13:15:26,0.07,2025-06-20 13:15:26,16.75,0.0,0.0,0.0,15.616182
7163,-33.865181,240613,151.171997,06/30/2025 15:36:47,0.474,2025-06-30 15:36:47,15.4,0.0,0.0,3.0,12.914343
7112,-33.843338,238795,151.043411,06/12/2025 15:29:47,0.197,2025-06-12 15:29:47,15.35,0.0,0.0,3.0,13.151495
7132,-33.953056,238899,151.137482,06/13/2025 13:09:43,0.651,2025-06-13 13:09:43,14.5,0.0,0.0,2.0,10.927177
7132,-33.953056,238899,151.137482,06/13/2025 13:09:43,0.651,2025-06-13 13:09:43,14.5,0.0,0.0,2.0,10.927177
29005,-33.824696,239339,151.093216,06/18/2025 03:30:41,0.015,2025-06-18 03:30:41,8.0,0.0,0.0,0.0,4.7277613
7162,-34.045811,239657,151.133041,06/20/2025 16:19:59,0.058,2025-06-20 16:19:59,14.7,0.0,0.0,0.0,13.619774
10011,-33.876652,240127,151.230606,06/25/2025 10:17:14,0.114,2025-06-25 10:17:14,13.5,0.0,0.0,1.0,7.4275637
7139,-33.876884,240127,151.228683,06/25/2025 10:17:14,0.292,2025-06-25 10:17:14,13.5,0.0,0.0,1.0,7.4275637
10011,-33.876652,240127,151.230606,06/25/2025 10:17:14,0.114,2025-06-25 10:17:14,13.5,0.0,0.0,1.0,7.4275637
7139,-33.876884,240127,151.228683,06/25/2025 10:17:14,0.292,2025-06-25 10:17:14,13.5,0.0,0.0,1.0,7.4275637
7179,-33.817272,240425,150.962784,06/28/2025 09:50:36,0.388,2025-06-28 09:50:36,8.2,0.0,0.0,0.0,6.00626
7179,-33.817272,240425,150.962784,06/28/2025 09:50:36,0.388,2025-06-28 09:50:36,8.2,0.0,0.0,0.0,6.00626
7179,-33.817272,240425,150.962784,06/28/2025 09:50:36,0.388,2025-06-28 09:50:36,8.2,0.0,0.0,0.0,6.00626
7179,-33.817272,240425,150.962784,06/28/2025 09:50:36,0.388,2025-06-28 09:50:36,8.2,0.0,0.0,0.0,6.00626
7179,-33.817272,240425,150.962784,06/28/2025 09:50:36,0.388,2025-06-28 09:50:36,8.2,0.0,0.0,0.0,6.00626
7179,-33.817272,240425,150.962784,06/28/2025 09:50:36,0.388,2025-06-28 09:50:36,8.2,0.0,0.0,0.0,6.00626
29005,-33.824696,238274,151.093216,06/06/2025 14:54:59,0.226,2025-06-06 14:54:59,15.55,0.0,0.0,3.0,14.679949
29005,-33.824696,238274,151.093216,06/06/2025 14:54:59,0.226,2025-06-06 14:54:59,15.55,0.0,0.0,3.0,14.679949
29005,-33.824696,238274,151.093216,06/06/2025 14:54:59,0.226,2025-06-06 14:54:59,15.55,0.0,0.0,3.0,14.679949
7120,-33.886311,238387,151.217911,06/08/2025 09:48:34,0.62,2025-06-08 09:48:34,12.35,0.0,0.0,0.0,8.627028
7121,-33.886032,238387,151.218079,06/08/2025 09:48:34,0.592,2025-06-08 09:48:34,12.35,0.0,0.0,0.0,8.627028
53003,-33.729225,238700,151.122208,06/11/2025 17:39:40,0.15,2025-06-11 17:39:40,11.15,0.0,0.0,0.0,8.458622
53003,-33.729225,238700,151.122208,06/11/2025 17:39:40,0.15,2025-06-11 17:39:40,11.15,0.0,0.0,0.0,8.458622
53003,-33.729225,238700,151.122208,06/11/2025 17:39:40,0.15,2025-06-11 17:39:40,11.15,0.0,0.0,0.0,8.458622
53003,-33.729225,238700,151.122208,06/11/2025 17:39:40,0.15,2025-06-11 17:39:40,11.15,0.0,0.0,0.0,8.458622
53003,-33.729225,238700,151.122208,06/11/2025 17:39:40,0.15,2025-06-11 17:39:40,11.15,0.0,0.0,0.0,8.458622
53003,-33.729225,238700,151.122208,06/11/2025 17:39:40,0.15,2025-06-11 17:39:40,11.15,0.0,0.0,0.0,8.458622
53003,-33.729225,238700,151.122208,06/11/2025 17:39:40,0.15,2025-06-11 17:39:40,11.15,0.0,0.0,0.0,8.458622
53003,-33.729225,238700,151.122208,06/11/2025 17:39:40,0.15,2025-06-11 17:39:40,11.15,0.0,0.0,0.0,8.458622
53003,-33.729225,238700,151.122208,06/11/2025 17:39:40,0.15,2025-06-11 17:39:40,11.15,0.0,0.0,0.0,8.458622
33014,-33.806141,239329,151.17952,06/17/2025 19:20:37,0.796,2025-06-17 19:20:37,11.6,0.0,0.0,0.0,9.387371
33014,-33.806141,239329,151.17952,06/17/2025 19:20:37,0.796,2025-06-17 19:20:37,11.6,0.0,0.0,0.0,9.387371
7120,-33.886311,239597,151.217911,06/20/2025 07:21:02,0.177,2025-06-20 07:21:02,4.5,0.0,0.0,0.0,1.3101215
7121,-33.886032,239597,151.218079,06/20/2025 07:21:02,0.209,2025-06-20 07:21:02,4.5,0.0,0.0,0.0,1.3101215
47024,-33.83889,237901,151.029022,06/03/2025 16:50:05,0.225,2025-06-03 16:50:05,16.15,0.0,0.0,2.0,14.341257
47024,-33.83889,237901,151.029022,06/03/2025 16:50:05,0.225,2025-06-03 16:50:05,16.15,0.0,0.0,2.0,14.341257
47024,-33.83889,237901,151.029022,06/03/2025 16:50:05,0.225,2025-06-03 16:50:05,16.15,0.0,0.0,2.0,14.341257
47024,-33.83889,237901,151.029022,06/03/2025 16:50:05,0.225,2025-06-03 16:50:05,16.15,0.0,0.0,2.0,14.341257
47024,-33.83889,237901,151.029022,06/03/2025 16:50:05,0.225,2025-06-03 16:50:05,16.15,0.0,0.0,2.0,14.341257
F3FWY003,-33.560299,238095,151.192551,06/05/2025 10:47:07,0.364,2025-06-05 10:47:07,12.95,0.0,0.0,1.0,9.521687
23067,-33.934475,238176,151.15831,06/05/2025 20:11:09,0.497,2025-06-05 20:11:09,11.55,0.0,0.0,0.0,10.297866
7120,-33.886311,238324,151.217911,06/07/2025 00:35:22,0.21,2025-06-07 00:35:22,11.15,0.0,0.0,3.0,8.420187
7121,-33.886032,238324,151.218079,06/07/2025 00:35:22,0.243,2025-06-07 00:35:22,11.15,0.0,0.0,3.0,8.420187
50260,-33.819763,238601,151.05188,06/11/2025 06:53:10,0.191,2025-06-11 06:53:10,8.25,0.0,0.0,0.0,4.991436
50240,-33.796436,239042,150.987595,06/15/2025 00:03:35,0.468,2025-06-15 00:03:35,8.95,0.0,0.0,0.0,7.495392
50240,-33.796436,239042,150.987595,06/15/2025 00:03:35,0.468,2025-06-15 00:03:35,8.95,0.0,0.0,0.0,7.495392
33014,-33.806141,239088,151.17952,06/15/2025 17:59:10,0.74,2025-06-15 17:59:10,12.05,0.9,0.9,53.0,11.761961
68025,-33.816696,239820,150.976623,06/23/2025 05:27:47,0.695,2025-06-23 05:27:47,4.65,0.0,0.0,0.0,2.2635942
68025,-33.816696,239820,150.976623,06/23/2025 05:27:47,0.695,2025-06-23 05:27:47,4.65,0.0,0.0,0.0,2.2635942
7179,-33.817272,239869,150.962784,06/23/2025 12:05:49,0.648,2025-06-23 12:05:49,16.85,0.0,0.0,0.0,16.967997
7179,-33.817272,239869,150.962784,06/23/2025 12:05:49,0.648,2025-06-23 12:05:49,16.85,0.0,0.0,0.0,16.967997
7112,-33.843338,240267,151.043411,06/26/2025 13:12:24,0.206,2025-06-26 13:12:24,14.65,0.0,0.0,0.0,11.396353
7119-PR,-33.817974,240483,150.981827,06/29/2025 14:17:33,0.254,2025-06-29 14:17:33,16.9,0.0,0.0,0.0,15.58037
74230,-33.724735,240630,151.086151,06/30/2025 17:14:14,0.416,2025-06-30 17:14:14,12.45,0.0,0.0,3.0,10.795764
74230,-33.724735,240630,151.086151,06/30/2025 17:14:14,0.416,2025-06-30 17:14:14,12.45,0.0,0.0,3.0,10.795764
74230,-33.724735,240630,151.086151,06/30/2025 17:14:14,0.416,2025-06-30 17:14:14,12.45,0.0,0.0,3.0,10.795764
7179,-33.817272,238525,150.962784,06/10/2025 10:53:03,0.387,2025-06-10 10:53:03,13.55,0.0,0.0,0.0,10.427611
7179,-33.817272,238525,150.962784,06/10/2025 10:53:03,0.387,2025-06-10 10:53:03,13.55,0.0,0.0,0.0,10.427611
7179,-33.817272,238525,150.962784,06/10/2025 10:53:03,0.387,2025-06-10 10:53:03,13.55,0.0,0.0,0.0,10.427611
7179,-33.817272,238525,150.962784,06/10/2025 10:53:03,0.387,2025-06-10 10:53:03,13.55,0.0,0.0,0.0,10.427611
7179,-33.817272,238525,150.962784,06/10/2025 10:53:03,0.387,2025-06-10 10:53:03,13.55,0.0,0.0,0.0,10.427611
7179,-33.817272,238525,150.962784,06/10/2025 10:53:03,0.387,2025-06-10 10:53:03,13.55,0.0,0.0,0.0,10.427611
57025,-33.725773,238615,151.219788,06/11/2025 08:23:13,0.365,2025-06-11 08:23:13,7.3075,0.0,0.0,0.0,4.0905476
57025,-33.725773,238615,151.219788,06/11/2025 08:23:13,0.365,2025-06-11 08:23:13,7.3075,0.0,0.0,0.0,4.0905476
57025,-33.725773,238615,151.219788,06/11/2025 08:23:13,0.365,2025-06-11 08:23:13,7.3075,0.0,0.0,0.0,4.0905476
57025,-33.725773,238615,151.219788,06/11/2025 08:23:13,0.365,2025-06-11 08:23:13,7.3075,0.0,0.0,0.0,4.0905476
57025,-33.725773,238615,151.219788,06/11/2025 08:23:13,0.365,2025-06-11 08:23:13,7.3075,0.0,0.0,0.0,4.0905476
57025,-33.725773,238615,151.219788,06/11/2025 08:23:13,0.365,2025-06-11 08:23:13,7.3075,0.0,0.0,0.0,4.0905476
7161,-33.740406,238811,151.060989,06/12/2025 16:18:05,0.378,2025-06-12 16:18:05,13.65,0.0,0.0,3.0,12.0947
7161,-33.740406,238811,151.060989,06/12/2025 16:18:05,0.378,2025-06-12 16:18:05,13.65,0.0,0.0,3.0,12.0947
55049,-33.729507,239791,151.30011,06/22/2025 14:30:41,0.09,2025-06-22 14:30:41,18.2,0.0,0.0,0.0,17.279285
7120,-33.886311,239793,151.217911,06/22/2025 15:27:29,0.208,2025-06-22 15:27:29,17.35,0.0,0.0,0.0,17.149555
7121,-33.886032,239793,151.218079,06/22/2025 15:27:29,0.18,2025-06-22 15:27:29,17.35,0.0,0.0,0.0,17.149555
7112,-33.843338,240214,151.043411,06/26/2025 05:30:12,0.337,2025-06-26 05:30:12,6.85,0.0,0.0,0.0,2.6612368
7112,-33.843338,240214,151.043411,06/26/2025 05:30:12,0.337,2025-06-26 05:30:12,6.85,0.0,0.0,0.0,2.6612368
7270,-33.793304,240326,151.119659,06/27/2025 08:01:42,0.022,2025-06-27 08:01:42,6.3,0.0,0.0,0.0,3.047679
7270,-33.793304,240326,151.119659,06/27/2025 08:01:42,0.365,2025-06-27 08:01:42,6.3,0.0,0.0,0.0,3.047679
7270,-33.793304,240326,151.119659,06/27/2025 08:01:42,0.365,2025-06-27 08:01:42,6.3,0.0,0.0,0.0,3.047679
7270,-33.793304,240326,151.119659,06/27/2025 08:01:42,0.365,2025-06-27 08:01:42,6.3,0.0,0.0,0.0,3.047679
7270,-33.793304,240326,151.119659,06/27/2025 08:01:42,0.365,2025-06-27 08:01:42,6.3,0.0,0.0,0.0,3.047679
7270,-33.793304,240326,151.119659,06/27/2025 08:01:42,0.365,2025-06-27 08:01:42,6.3,0.0,0.0,0.0,3.047679
7270,-33.793304,240326,151.119659,06/27/2025 08:01:42,0.365,2025-06-27 08:01:42,6.3,0.0,0.0,0.0,3.047679
7270,-33.793304,240326,151.119659,06/27/2025 08:01:42,0.365,2025-06-27 08:01:42,6.3,0.0,0.0,0.0,3.047679
7270,-33.793304,240326,151.119659,06/27/2025 08:01:42,0.365,2025-06-27 08:01:42,6.3,0.0,0.0,0.0,3.047679
7270,-33.793304,240326,151.119659,06/27/2025 08:01:42,0.365,2025-06-27 08:01:42,6.3,0.0,0.0,0.0,3.047679
7270,-33.793304,240326,151.119659,06/27/2025 08:01:42,0.365,2025-06-27 08:01:42,6.3,0.0,0.0,0.0,3.047679
23067,-33.934475,238722,151.15831,06/12/2025 01:43:24,0.411,2025-06-12 01:43:24,8.7,0.0,0.0,0.0,5.193573
23067,-33.934475,238722,151.15831,06/12/2025 01:43:24,0.411,2025-06-12 01:43:24,8.7,0.0,0.0,0.0,5.193573
53004,-33.75317,239430,151.151077,06/18/2025 17:43:27,0.646,2025-06-18 17:43:27,10.4,0.0,0.0,0.0,8.933509
7270,-33.793304,239435,151.119659,06/18/2025 18:09:45,0.021,2025-06-18 18:09:45,8.7,0.0,0.0,0.0,6.9906006
7153,-33.8651123046875,240526,151.041610717773,06/30/2025 06:33:21,0.016,2025-06-30 06:33:21,5.55,0.0,0.0,0.0,3.1335692
T0288,-33.455536,236193,151.205093,05/23/2025 00:59:00,0.025,2025-05-23 00:59:00,15.95,1.6,1.6,61.0,16.174772
T0289,-33.455235,236193,151.205383,05/23/2025 00:59:00,0.025,2025-05-23 00:59:00,15.95,1.6,1.6,61.0,16.174772
T0290,-33.454796,236193,151.205872,05/23/2025 00:59:00,0.09,2025-05-23 00:59:00,15.95,1.6,1.6,61.0,16.174772
T0479-PR,-33.454525,236193,151.206726,05/23/2025 00:59:00,0.172,2025-05-23 00:59:00,15.95,1.6,1.6,61.0,16.174772
57025,-33.725773,237425,151.219788,05/30/2025 14:05:52,0.304,2025-05-30 14:05:52,18.4575,0.0,0.0,2.0,17.720129
57025,-33.725773,237425,151.219788,05/30/2025 14:05:52,0.304,2025-05-30 14:05:52,18.4575,0.0,0.0,2.0,17.720129
T0288,-33.455536,236193,151.205093,05/23/2025 00:59:00,0.025,2025-05-23 00:59:00,15.95,1.6,1.6,61.0,16.174772
T0289,-33.455235,236193,151.205383,05/23/2025 00:59:00,0.025,2025-05-23 00:59:00,15.95,1.6,1.6,61.0,16.174772
T0290,-33.454796,236193,151.205872,05/23/2025 00:59:00,0.09,2025-05-23 00:59:00,15.95,1.6,1.6,61.0,16.174772
T0479-PR,-33.454525,236193,151.206726,05/23/2025 00:59:00,0.172,2025-05-23 00:59:00,15.95,1.6,1.6,61.0,16.174772
T0288,-33.455536,236193,151.205093,05/23/2025 00:59:00,0.025,2025-05-23 00:59:00,15.95,1.6,1.6,61.0,16.174772
T0289,-33.455235,236193,151.205383,05/23/2025 00:59:00,0.025,2025-05-23 00:59:00,15.95,1.6,1.6,61.0,16.174772
T0290,-33.454796,236193,151.205872,05/23/2025 00:59:00,0.09,2025-05-23 00:59:00,15.95,1.6,1.6,61.0,16.174772
T0479-PR,-33.454525,236193,151.206726,05/23/2025 00:59:00,0.172,2025-05-23 00:59:00,15.95,1.6,1.6,61.0,16.174772
T0231,-33.838615,238033,151.143753,06/04/2025 21:11:07,0.398,2025-06-04 21:11:07,12.05,0.1,0.1,51.0,7.8777237
7161,-33.740406,239375,151.060989,06/18/2025 12:12:00,0.014,2025-06-18 12:12:00,13.25,0.0,0.0,0.0,10.974074
7161,-33.740406,239375,151.060989,06/18/2025 12:12:00,0.014,2025-06-18 12:12:00,13.25,0.0,0.0,0.0,10.974074
F3FWY002,-33.651676,239378,151.137741,06/18/2025 12:27:09,0.636,2025-06-18 12:27:09,14.4,0.0,0.0,0.0,11.995626
F3FWY002,-33.651676,239378,151.137741,06/18/2025 12:27:09,0.636,2025-06-18 12:27:09,14.4,0.0,0.0,0.0,11.995626
F3FWY002,-33.651676,239378,151.137741,06/18/2025 12:27:09,0.636,2025-06-18 12:27:09,14.4,0.0,0.0,0.0,11.995626
F3FWY002,-33.651676,239378,151.137741,06/18/2025 12:27:09,0.636,2025-06-18 12:27:09,14.4,0.0,0.0,0.0,11.995626
F3FWY002,-33.651676,239378,151.137741,06/18/2025 12:27:09,0.636,2025-06-18 12:27:09,14.4,0.0,0.0,0.0,11.995626
F3FWY002,-33.651676,239378,151.137741,06/18/2025 12:27:09,0.636,2025-06-18 12:27:09,14.4,0.0,0.0,0.0,11.995626
F3FWY002,-33.651676,239378,151.137741,06/18/2025 12:27:09,0.636,2025-06-18 12:27:09,14.4,0.0,0.0,0.0,11.995626
F3FWY002,-33.651676,239378,151.137741,06/18/2025 12:27:09,0.636,2025-06-18 12:27:09,14.4,0.0,0.0,0.0,11.995626
F3FWY002,-33.651676,239378,151.137741,06/18/2025 12:27:09,0.636,2025-06-18 12:27:09,14.4,0.0,0.0,0.0,11.995626
F3FWY002,-33.651676,239378,151.137741,06/18/2025 12:27:09,0.636,2025-06-18 12:27:09,14.4,0.0,0.0,0.0,11.995626
F3FWY002,-33.651676,239378,151.137741,06/18/2025 12:27:09,0.636,2025-06-18 12:27:09,14.4,0.0,0.0,0.0,11.995626
F3FWY002,-33.651676,239378,151.137741,06/18/2025 12:27:09,0.636,2025-06-18 12:27:09,14.4,0.0,0.0,0.0,11.995626
F3FWY002,-33.651676,239378,151.137741,06/18/2025 12:27:09,0.636,2025-06-18 12:27:09,14.4,0.0,0.0,0.0,11.995626
F3FWY002,-33.651676,239378,151.137741,06/18/2025 12:27:09,0.636,2025-06-18 12:27:09,14.4,0.0,0.0,0.0,11.995626
F3FWY002,-33.651676,239378,151.137741,06/18/2025 12:27:09,0.636,2025-06-18 12:27:09,14.4,0.0,0.0,0.0,11.995626
F3FWY002,-33.651676,239378,151.137741,06/18/2025 12:27:09,0.636,2025-06-18 12:27:09,14.4,0.0,0.0,0.0,11.995626
F3FWY002,-33.651676,239378,151.137741,06/18/2025 12:27:09,0.636,2025-06-18 12:27:09,14.4,0.0,0.0,0.0,11.995626
F3FWY002,-33.651676,239378,151.137741,06/18/2025 12:27:09,0.636,2025-06-18 12:27:09,14.4,0.0,0.0,0.0,11.995626
F3FWY002,-33.651676,239378,151.137741,06/18/2025 12:27:09,0.636,2025-06-18 12:27:09,14.4,0.0,0.0,0.0,11.995626
F3FWY002,-33.651676,239378,151.137741,06/18/2025 12:27:09,0.636,2025-06-18 12:27:09,14.4,0.0,0.0,0.0,11.995626
F3FWY002,-33.651676,239378,151.137741,06/18/2025 12:27:09,0.636,2025-06-18 12:27:09,14.4,0.0,0.0,0.0,11.995626
F3FWY002,-33.651676,239378,151.137741,06/18/2025 12:27:09,0.636,2025-06-18 12:27:09,14.4,0.0,0.0,0.0,11.995626
F3FWY002,-33.651676,239378,151.137741,06/18/2025 12:27:09,0.636,2025-06-18 12:27:09,14.4,0.0,0.0,0.0,11.995626
50240,-33.796436,239574,150.987595,06/19/2025 20:55:54,0.466,2025-06-19 20:55:54,10.75,0.0,0.0,3.0,9.542053
50240,-33.796436,239574,150.987595,06/19/2025 20:55:54,0.466,2025-06-19 20:55:54,10.75,0.0,0.0,3.0,9.542053
F3FWY002,-33.651676,239378,151.137741,06/18/2025 12:27:09,0.636,2025-06-18 12:27:09,14.4,0.0,0.0,0.0,11.995626
F3FWY002,-33.651676,239378,151.137741,06/18/2025 12:27:09,0.636,2025-06-18 12:27:09,14.4,0.0,0.0,0.0,11.995626
F3FWY002,-33.651676,239378,151.137741,06/18/2025 12:27:09,0.636,2025-06-18 12:27:09,14.4,0.0,0.0,0.0,11.995626
F3FWY002,-33.651676,239378,151.137741,06/18/2025 12:27:09,0.636,2025-06-18 12:27:09,14.4,0.0,0.0,0.0,11.995626
F3FWY002,-33.651676,239378,151.137741,06/18/2025 12:27:09,0.636,2025-06-18 12:27:09,14.4,0.0,0.0,0.0,11.995626
F3FWY002,-33.651676,239378,151.137741,06/18/2025 12:27:09,0.636,2025-06-18 12:27:09,14.4,0.0,0.0,0.0,11.995626
F3FWY002,-33.651676,239378,151.137741,06/18/2025 12:27:09,0.636,2025-06-18 12:27:09,14.4,0.0,0.0,0.0,11.995626
F3FWY002,-33.651676,239378,151.137741,06/18/2025 12:27:09,0.636,2025-06-18 12:27:09,14.4,0.0,0.0,0.0,11.995626
F3FWY002,-33.651676,239378,151.137741,06/18/2025 12:27:09,0.636,2025-06-18 12:27:09,14.4,0.0,0.0,0.0,11.995626
F3FWY002,-33.651676,239378,151.137741,06/18/2025 12:27:09,0.636,2025-06-18 12:27:09,14.4,0.0,0.0,0.0,11.995626
F3FWY002,-33.651676,239378,151.137741,06/18/2025 12:27:09,0.636,2025-06-18 12:27:09,14.4,0.0,0.0,0.0,11.995626
F3FWY002,-33.651676,239378,151.137741,06/18/2025 12:27:09,0.636,2025-06-18 12:27:09,14.4,0.0,0.0,0.0,11.995626
7248,-33.906151,240509,151.040207,06/29/2025 19:52:21,0.24,2025-06-29 19:52:21,13.4,0.0,0.0,0.0,12.365185
7184,-33.772957,237584,151.135391,06/01/2025 14:08:48,0.429,2025-06-01 14:08:48,19.0,0.0,0.0,0.0,19.388357
7270,-33.793304,238246,151.119659,06/06/2025 13:36:48,0.027,2025-06-06 13:36:48,16.0,0.0,0.0,3.0,14.692772
68025,-33.816696,239904,150.976623,06/23/2025 16:43:58,0.225,2025-06-23 16:43:58,20.25,0.0,0.0,0.0,20.255943
68025,-33.816696,239904,150.976623,06/23/2025 16:43:58,0.225,2025-06-23 16:43:58,20.25,0.0,0.0,0.0,20.255943
7248,-33.906151,239939,151.040207,06/24/2025 07:28:53,0.237,2025-06-24 07:28:53,14.5,0.0,0.0,1.0,12.14204
7153,-33.8651123046875,239963,151.041610717773,06/24/2025 09:05:06,0.477,2025-06-24 09:05:06,16.4,1.6,1.6,61.0,14.379627
23067,-33.934475,240383,151.15831,06/27/2025 15:56:55,0.175,2025-06-27 15:56:55,15.15,0.0,0.0,1.0,12.186796
23067,-33.934475,240383,151.15831,06/27/2025 15:56:55,0.175,2025-06-27 15:56:55,15.15,0.0,0.0,1.0,12.186796
23067,-33.934475,240383,151.15831,06/27/2025 15:56:55,0.013,2025-06-27 15:56:55,15.15,0.0,0.0,1.0,12.186796
23067,-33.934475,240383,151.15831,06/27/2025 15:56:55,0.105,2025-06-27 15:56:55,15.15,0.0,0.0,1.0,12.186796
7123-PR,-33.769588,240627,150.768738,06/30/2025 16:34:42,0.131,2025-06-30 16:34:42,15.85,0.0,0.0,3.0,15.168142
7123-PR,-33.769588,240627,150.768738,06/30/2025 16:34:42,0.131,2025-06-30 16:34:42,15.85,0.0,0.0,3.0,15.168142
7159,-33.888157,240646,150.922974,06/30/2025 20:56:13,0.054,2025-06-30 20:56:13,11.75,0.0,0.0,3.0,9.780836
F3FWY003,-33.560299,233966,151.192551,05/08/2025 15:18:35,0.175,2025-05-08 15:18:35,17.85,0.0,0.0,3.0,15.298618
9836-PR,-33.819687,236884,151.117416,05/26/2025 16:18:40,0.104,2025-05-26 16:18:40,14.85,1.0,1.0,55.0,12.76786
9836-PR,-33.819687,236884,151.117416,05/26/2025 16:18:40,0.104,2025-05-26 16:18:40,14.85,1.0,1.0,55.0,12.76786
9836-PR,-33.819687,236884,151.117416,05/26/2025 16:18:40,0.073,2025-05-26 16:18:40,14.85,1.0,1.0,55.0,12.76786
7112,-33.843338,237773,151.043411,06/02/2025 16:49:44,0.263,2025-06-02 16:49:44,16.2,0.0,0.0,3.0,16.688597
7112,-33.843338,237773,151.043411,06/02/2025 16:49:44,0.225,2025-06-02 16:49:44,16.2,0.0,0.0,3.0,16.688597
F3FWY003,-33.560299,233966,151.192551,05/08/2025 15:18:35,0.175,2025-05-08 15:18:35,17.85,0.0,0.0,3.0,15.298618
9836-PR,-33.819687,236884,151.117416,05/26/2025 16:18:40,0.073,2025-05-26 16:18:40,14.85,1.0,1.0,55.0,12.76786
7179,-33.817272,238776,150.962784,06/12/2025 13:17:30,0.107,2025-06-12 13:17:30,15.1,0.0,0.0,3.0,12.940836
7179,-33.817272,238776,150.962784,06/12/2025 13:17:30,0.086,2025-06-12 13:17:30,15.1,0.0,0.0,3.0,12.940836
7179,-33.817272,238776,150.962784,06/12/2025 13:17:30,0.086,2025-06-12 13:17:30,15.1,0.0,0.0,3.0,12.940836
50260,-33.819763,239723,151.05188,06/21/2025 11:28:36,0.205,2025-06-21 11:28:36,11.85,0.0,0.0,0.0,10.848576
50260,-33.819763,239723,151.05188,06/21/2025 11:28:36,0.205,2025-06-21 11:28:36,11.85,0.0,0.0,0.0,10.848576
50260,-33.819763,239723,151.05188,06/21/2025 11:28:36,0.205,2025-06-21 11:28:36,11.85,0.0,0.0,0.0,10.848576
50260,-33.819763,239723,151.05188,06/21/2025 11:28:36,0.205,2025-06-21 11:28:36,11.85,0.0,0.0,0.0,10.848576
74230,-33.724735,240471,151.086151,06/29/2025 10:12:54,0.286,2025-06-29 10:12:54,11.9,0.0,0.0,0.0,10.375619
74230,-33.724735,240471,151.086151,06/29/2025 10:12:54,0.286,2025-06-29 10:12:54,11.9,0.0,0.0,0.0,10.375619
74230,-33.724735,240471,151.086151,06/29/2025 10:12:54,0.286,2025-06-29 10:12:54,11.9,0.0,0.0,0.0,10.375619
7120,-33.886311,237608,151.217911,06/01/2025 18:57:59,0.04,2025-06-01 18:57:59,15.4,0.0,0.0,0.0,15.153065
7121,-33.886032,237608,151.218079,06/01/2025 18:57:59,0.017,2025-06-01 18:57:59,15.4,0.0,0.0,0.0,15.153065
7120,-33.886311,237608,151.217911,06/01/2025 18:57:59,0.234,2025-06-01 18:57:59,15.4,0.0,0.0,0.0,15.153065
7121,-33.886032,237608,151.218079,06/01/2025 18:57:59,0.206,2025-06-01 18:57:59,15.4,0.0,0.0,0.0,15.153065
7120,-33.886311,237608,151.217911,06/01/2025 18:57:59,0.234,2025-06-01 18:57:59,15.4,0.0,0.0,0.0,15.153065
7121,-33.886032,237608,151.218079,06/01/2025 18:57:59,0.206,2025-06-01 18:57:59,15.4,0.0,0.0,0.0,15.153065
7120,-33.886311,237608,151.217911,06/01/2025 18:57:59,0.234,2025-06-01 18:57:59,15.4,0.0,0.0,0.0,15.153065
7121,-33.886032,237608,151.218079,06/01/2025 18:57:59,0.206,2025-06-01 18:57:59,15.4,0.0,0.0,0.0,15.153065
7120,-33.886311,237608,151.217911,06/01/2025 18:57:59,0.234,2025-06-01 18:57:59,15.4,0.0,0.0,0.0,15.153065
7121,-33.886032,237608,151.218079,06/01/2025 18:57:59,0.206,2025-06-01 18:57:59,15.4,0.0,0.0,0.0,15.153065
7248,-33.906151,237648,151.040207,06/02/2025 10:11:51,0.233,2025-06-02 10:11:51,12.45,0.0,0.0,3.0,12.060749
7248,-33.906151,237648,151.040207,06/02/2025 10:11:51,0.233,2025-06-02 10:11:51,12.45,0.0,0.0,3.0,12.060749
47024,-33.83889,238113,151.029022,06/05/2025 12:43:57,0.225,2025-06-05 12:43:57,15.1,0.0,0.0,0.0,12.957752
47024,-33.83889,238113,151.029022,06/05/2025 12:43:57,0.225,2025-06-05 12:43:57,15.1,0.0,0.0,0.0,12.957752
47024,-33.83889,238113,151.029022,06/05/2025 12:43:57,0.225,2025-06-05 12:43:57,15.1,0.0,0.0,0.0,12.957752
47024,-33.83889,238113,151.029022,06/05/2025 12:43:57,0.225,2025-06-05 12:43:57,15.1,0.0,0.0,0.0,12.957752
7161,-33.740406,238471,151.060989,06/09/2025 19:33:37,0.042,2025-06-09 19:33:37,10.4,0.0,0.0,3.0,6.3502073
7179,-33.817272,238536,150.962784,06/10/2025 12:27:13,0.513,2025-06-10 12:27:13,16.4,0.0,0.0,0.0,13.374779
7179,-33.817272,238536,150.962784,06/10/2025 12:27:13,0.513,2025-06-10 12:27:13,16.4,0.0,0.0,0.0,13.374779
7179,-33.817272,238536,150.962784,06/10/2025 12:27:13,0.513,2025-06-10 12:27:13,16.4,0.0,0.0,0.0,13.374779
7179,-33.817272,238536,150.962784,06/10/2025 12:27:13,0.513,2025-06-10 12:27:13,16.4,0.0,0.0,0.0,13.374779
9658,-33.79353,239377,151.018829,06/18/2025 12:21:56,0.517,2025-06-18 12:21:56,13.05,0.0,0.0,0.0,10.955878
9658,-33.79353,239377,151.018829,06/18/2025 12:21:56,0.517,2025-06-18 12:21:56,13.05,0.0,0.0,0.0,10.955878
9658,-33.79353,239377,151.018829,06/18/2025 12:21:56,0.517,2025-06-18 12:21:56,13.05,0.0,0.0,0.0,10.955878
9658,-33.79353,239377,151.018829,06/18/2025 12:21:56,0.517,2025-06-18 12:21:56,13.05,0.0,0.0,0.0,10.955878
7164,-33.81562,239454,150.969238,06/19/2025 05:17:58,0.032,2025-06-19 05:17:58,3.4,0.0,0.0,1.0,0.6504836
T0288,-33.455536,239509,151.205093,06/19/2025 13:04:08,0.572,2025-06-19 13:04:08,16.4,0.0,0.0,3.0,15.179548
T0289,-33.455235,239509,151.205383,06/19/2025 13:04:08,0.615,2025-06-19 13:04:08,16.4,0.0,0.0,3.0,15.179548
T0290,-33.454796,239509,151.205872,06/19/2025 13:04:08,0.682,2025-06-19 13:04:08,16.4,0.0,0.0,3.0,15.179548
T0479-PR,-33.454525,239509,151.206726,06/19/2025 13:04:08,0.759,2025-06-19 13:04:08,16.4,0.0,0.0,3.0,15.179548
T0288,-33.455536,239509,151.205093,06/19/2025 13:04:08,0.532,2025-06-19 13:04:08,16.4,0.0,0.0,3.0,15.179548
T0289,-33.455235,239509,151.205383,06/19/2025 13:04:08,0.575,2025-06-19 13:04:08,16.4,0.0,0.0,3.0,15.179548
T0290,-33.454796,239509,151.205872,06/19/2025 13:04:08,0.642,2025-06-19 13:04:08,16.4,0.0,0.0,3.0,15.179548
T0479-PR,-33.454525,239509,151.206726,06/19/2025 13:04:08,0.719,2025-06-19 13:04:08,16.4,0.0,0.0,3.0,15.179548
7153,-33.8651123046875,239802,151.041610717773,06/22/2025 19:17:34,0.161,2025-06-22 19:17:34,10.6,0.0,0.0,3.0,9.692001
7179,-33.817272,239967,150.962784,06/24/2025 09:49:16,0.083,2025-06-24 09:49:16,16.15,0.2,0.2,51.0,13.917587
50240,-33.796436,240322,150.987595,06/27/2025 05:42:32,0.051,2025-06-27 05:42:32,6.3,0.0,0.0,1.0,2.8119864
50240,-33.796436,240322,150.987595,06/27/2025 05:42:32,0.051,2025-06-27 05:42:32,6.3,0.0,0.0,1.0,2.8119864
100001,-33.878181,240340,150.924942,06/27/2025 10:11:00,0.287,2025-06-27 10:11:00,10.1,0.0,0.0,1.0,7.4129486
100001,-33.878181,240340,150.924942,06/27/2025 10:11:00,0.287,2025-06-27 10:11:00,10.1,0.0,0.0,1.0,7.4129486
100001,-33.878181,240340,150.924942,06/27/2025 10:11:00,0.287,2025-06-27 10:11:00,10.1,0.0,0.0,1.0,7.4129486
7179,-33.817272,237801,150.962784,06/03/2025 06:59:41,0.713,2025-06-03 06:59:41,9.55,0.0,0.0,3.0,8.072737
7179,-33.817272,237801,150.962784,06/03/2025 06:59:41,0.713,2025-06-03 06:59:41,9.55,0.0,0.0,3.0,8.072737
51235,-33.81551,238076,151.101105,06/05/2025 08:55:02,0.447,2025-06-05 08:55:02,7.45,0.0,0.0,1.0,4.080777
23067,-33.934475,238514,151.15831,06/10/2025 09:36:28,0.325,2025-06-10 09:36:28,12.1,0.0,0.0,0.0,8.114158
23067,-33.934475,238514,151.15831,06/10/2025 09:36:28,0.325,2025-06-10 09:36:28,12.1,0.0,0.0,0.0,8.114158
23067,-33.934475,238514,151.15831,06/10/2025 09:36:28,0.325,2025-06-10 09:36:28,12.1,0.0,0.0,0.0,8.114158
7168,-33.798195,238824,150.897125,06/12/2025 17:46:18,0.804,2025-06-12 17:46:18,12.95,0.0,0.0,3.0,11.132514
7168,-33.798195,238824,150.897125,06/12/2025 17:46:18,0.804,2025-06-12 17:46:18,12.95,0.0,0.0,3.0,11.132514
7168,-33.798195,238824,150.897125,06/12/2025 17:46:18,0.804,2025-06-12 17:46:18,12.95,0.0,0.0,3.0,11.132514
7168,-33.798195,238824,150.897125,06/12/2025 17:46:18,0.792,2025-06-12 17:46:18,12.95,0.0,0.0,3.0,11.132514
7168,-33.798195,238824,150.897125,06/12/2025 17:46:18,0.792,2025-06-12 17:46:18,12.95,0.0,0.0,3.0,11.132514
7168,-33.798195,238824,150.897125,06/12/2025 17:46:18,0.792,2025-06-12 17:46:18,12.95,0.0,0.0,3.0,11.132514
7168,-33.798195,238824,150.897125,06/12/2025 17:46:18,0.792,2025-06-12 17:46:18,12.95,0.0,0.0,3.0,11.132514
74228,-33.723019,239068,151.036606,06/15/2025 13:49:28,0.096,2025-06-15 13:49:28,16.15,0.0,0.0,0.0,14.754925
74228,-33.723019,239068,151.036606,06/15/2025 13:49:28,0.096,2025-06-15 13:49:28,16.15,0.0,0.0,0.0,14.754925
68025,-33.816696,239350,150.976623,06/18/2025 08:29:07,0.219,2025-06-18 08:29:07,6.15,0.0,0.0,0.0,3.5230026
68025,-33.816696,239350,150.976623,06/18/2025 08:29:07,0.219,2025-06-18 08:29:07,6.15,0.0,0.0,0.0,3.5230026
7179,-33.817272,239901,150.962784,06/23/2025 16:30:13,0.572,2025-06-23 16:30:13,20.25,0.0,0.0,0.0,20.255943
68025,-33.816696,239901,150.976623,06/23/2025 16:30:13,0.376,2025-06-23 16:30:13,20.25,0.0,0.0,0.0,20.255943
7251,-33.874916,240275,151.155319,06/26/2025 14:14:16,0.073,2025-06-26 14:14:16,14.8,0.0,0.0,0.0,10.25895
29005,-33.824696,237780,151.093216,06/02/2025 18:06:02,0.101,2025-06-02 18:06:02,13.7,0.0,0.0,3.0,14.476866
7132,-33.953056,237944,151.137482,06/04/2025 09:06:09,0.196,2025-06-04 09:06:09,10.75,4.4,4.4,63.0,5.659519
7270,-33.793304,237949,151.119659,06/04/2025 09:24:56,0.16,2025-06-04 09:24:56,10.05,1.0,1.0,55.0,6.6712236
7270,-33.793304,237949,151.119659,06/04/2025 09:24:56,0.16,2025-06-04 09:24:56,10.05,1.0,1.0,55.0,6.6712236
7132,-33.953056,237944,151.137482,06/04/2025 09:06:09,0.196,2025-06-04 09:06:09,10.75,4.4,4.4,63.0,5.659519
57025,-33.725773,238017,151.219788,06/04/2025 16:31:18,0.464,2025-06-04 16:31:18,11.8575,0.0,0.0,2.0,8.759695
57025,-33.725773,238017,151.219788,06/04/2025 16:31:18,0.464,2025-06-04 16:31:18,11.8575,0.0,0.0,2.0,8.759695
51235,-33.81551,238195,151.101105,06/06/2025 07:27:42,0.781,2025-06-06 07:27:42,4.2,0.0,0.0,0.0,1.8687787
51235,-33.81551,238195,151.101105,06/06/2025 07:27:42,0.781,2025-06-06 07:27:42,4.2,0.0,0.0,0.0,1.8687787
7126,-34.035271,238323,151.113007,06/06/2025 21:44:29,0.302,2025-06-06 21:44:29,10.85,0.0,0.0,3.0,7.9777784
7163,-33.865181,238852,151.171997,06/13/2025 08:42:41,0.508,2025-06-13 08:42:41,7.85,0.0,0.0,3.0,4.379629
7163,-33.865181,238852,151.171997,06/13/2025 08:42:41,0.508,2025-06-13 08:42:41,7.85,0.0,0.0,3.0,4.379629
57025,-33.725773,238017,151.219788,06/04/2025 16:31:18,0.464,2025-06-04 16:31:18,11.8575,0.0,0.0,2.0,8.759695
57025,-33.725773,238017,151.219788,06/04/2025 16:31:18,0.464,2025-06-04 16:31:18,11.8575,0.0,0.0,2.0,8.759695
33014,-33.806141,239678,151.17952,06/20/2025 18:15:18,0.759,2025-06-20 18:15:18,12.45,0.0,0.0,0.0,11.698188
7184,-33.772957,239756,151.135391,06/21/2025 17:26:22,0.414,2025-06-21 17:26:22,12.75,0.0,0.0,0.0,12.096949
7184,-33.772957,239756,151.135391,06/21/2025 17:26:22,0.414,2025-06-21 17:26:22,12.75,0.0,0.0,0.0,12.096949
7184,-33.772957,239756,151.135391,06/21/2025 17:26:22,0.414,2025-06-21 17:26:22,12.75,0.0,0.0,0.0,12.096949
7184,-33.772957,239756,151.135391,06/21/2025 17:26:22,0.414,2025-06-21 17:26:22,12.75,0.0,0.0,0.0,12.096949
7164,-33.81562,239856,150.969238,06/23/2025 10:52:46,0.392,2025-06-23 10:52:46,10.7,0.0,0.0,0.0,9.240704
7164,-33.81562,239856,150.969238,06/23/2025 10:52:46,0.392,2025-06-23 10:52:46,10.7,0.0,0.0,0.0,9.240704
29005,-33.824696,239890,151.093216,06/23/2025 15:17:44,0.172,2025-06-23 15:17:44,21.75,0.0,0.0,0.0,21.848211
29005,-33.824696,239890,151.093216,06/23/2025 15:17:44,0.172,2025-06-23 15:17:44,21.75,0.0,0.0,0.0,21.848211
29005,-33.824696,239890,151.093216,06/23/2025 15:17:44,0.172,2025-06-23 15:17:44,21.75,0.0,0.0,0.0,21.848211
29005,-33.824696,239890,151.093216,06/23/2025 15:17:44,0.172,2025-06-23 15:17:44,21.75,0.0,0.0,0.0,21.848211
51235,-33.81551,240101,151.101105,06/25/2025 07:20:41,0.436,2025-06-25 07:20:41,11.25,0.0,0.0,1.0,7.1207113
51235,-33.81551,240101,151.101105,06/25/2025 07:20:41,0.436,2025-06-25 07:20:41,11.25,0.0,0.0,1.0,7.1207113
51235,-33.81551,240101,151.101105,06/25/2025 07:20:41,0.436,2025-06-25 07:20:41,11.25,0.0,0.0,1.0,7.1207113
57025,-33.725773,238017,151.219788,06/04/2025 16:31:18,0.464,2025-06-04 16:31:18,11.8575,0.0,0.0,2.0,8.759695
7132,-33.953056,240450,151.137482,06/28/2025 23:14:40,0.498,2025-06-28 23:14:40,11.1,0.0,0.0,1.0,9.223166
7132,-33.953056,240450,151.137482,06/28/2025 23:14:40,0.498,2025-06-28 23:14:40,11.1,0.0,0.0,1.0,9.223166
51235,-33.81551,237829,151.101105,06/03/2025 09:53:15,0.762,2025-06-03 09:53:15,11.75,0.0,0.0,3.0,10.953421
51235,-33.81551,237829,151.101105,06/03/2025 09:53:15,0.762,2025-06-03 09:53:15,11.75,0.0,0.0,3.0,10.953421
51235,-33.81551,238367,151.101105,06/07/2025 18:26:25,0.244,2025-06-07 18:26:25,13.5,0.0,0.0,0.0,9.458895
51235,-33.81551,238367,151.101105,06/07/2025 18:26:25,0.244,2025-06-07 18:26:25,13.5,0.0,0.0,0.0,9.458895
T0288,-33.455536,238492,151.205093,06/10/2025 05:08:54,0.394,2025-06-10 05:08:54,10.65,0.0,0.0,1.0,7.083063
T0289,-33.455235,238492,151.205383,06/10/2025 05:08:54,0.437,2025-06-10 05:08:54,10.65,0.0,0.0,1.0,7.083063
T0290,-33.454796,238492,151.205872,06/10/2025 05:08:54,0.504,2025-06-10 05:08:54,10.65,0.0,0.0,1.0,7.083063
T0479-PR,-33.454525,238492,151.206726,06/10/2025 05:08:54,0.579,2025-06-10 05:08:54,10.65,0.0,0.0,1.0,7.083063
9658,-33.79353,238575,151.018829,06/10/2025 18:18:16,0.502,2025-06-10 18:18:16,12.0,0.0,0.0,0.0,8.911741
7179,-33.817272,238755,150.962784,06/12/2025 10:58:39,0.198,2025-06-12 10:58:39,11.05,0.0,0.0,2.0,8.63266
7179,-33.817272,238755,150.962784,06/12/2025 10:58:39,0.198,2025-06-12 10:58:39,11.05,0.0,0.0,2.0,8.63266
7179,-33.817272,238755,150.962784,06/12/2025 10:58:39,0.198,2025-06-12 10:58:39,11.05,0.0,0.0,2.0,8.63266
T0231,-33.838615,238914,151.143753,06/13/2025 14:30:34,0.397,2025-06-13 14:30:34,14.0,0.1,0.1,51.0,10.414412
T0231,-33.838615,238914,151.143753,06/13/2025 14:30:34,0.397,2025-06-13 14:30:34,14.0,0.1,0.1,51.0,10.414412
23067,-33.934475,239246,151.15831,06/17/2025 08:24:21,0.515,2025-06-17 08:24:21,6.55,0.0,0.0,0.0,3.992919
23067,-33.934475,239246,151.15831,06/17/2025 08:24:21,0.515,2025-06-17 08:24:21,6.55,0.0,0.0,0.0,3.992919
23067,-33.934475,239246,151.15831,06/17/2025 08:24:21,0.515,2025-06-17 08:24:21,6.55,0.0,0.0,0.0,3.992919
T0345,-33.689632,239295,151.097748,06/17/2025 14:56:38,0.24,2025-06-17 14:56:38,17.3,0.0,0.0,3.0,13.865797
T0345,-33.689632,239295,151.097748,06/17/2025 14:56:38,0.24,2025-06-17 14:56:38,17.3,0.0,0.0,3.0,13.865797
T0345,-33.689632,239295,151.097748,06/17/2025 14:56:38,0.24,2025-06-17 14:56:38,17.3,0.0,0.0,3.0,13.865797
7184,-33.772957,240235,151.135391,06/26/2025 09:01:57,0.038,2025-06-26 09:01:57,7.85,0.0,0.0,0.0,4.0586357
7153,-33.8651123046875,240247,151.041610717773,06/26/2025 11:33:24,0.477,2025-06-26 11:33:24,12.35,0.0,0.0,0.0,8.921665
7119-PR,-33.817974,240298,150.981827,06/26/2025 18:11:46,0.004,2025-06-26 18:11:46,10.9,0.0,0.0,0.0,8.460791
7119-PR,-33.817974,240298,150.981827,06/26/2025 18:11:46,0.004,2025-06-26 18:11:46,10.9,0.0,0.0,0.0,8.460791
7119-PR,-33.817974,240298,150.981827,06/26/2025 18:11:46,0.004,2025-06-26 18:11:46,10.9,0.0,0.0,0.0,8.460791
7119-PR,-33.817974,240298,150.981827,06/26/2025 18:11:46,0.004,2025-06-26 18:11:46,10.9,0.0,0.0,0.0,8.460791
7119-PR,-33.817974,240298,150.981827,06/26/2025 18:11:46,0.004,2025-06-26 18:11:46,10.9,0.0,0.0,0.0,8.460791
7119-PR,-33.817974,240298,150.981827,06/26/2025 18:11:46,0.004,2025-06-26 18:11:46,10.9,0.0,0.0,0.0,8.460791
7119-PR,-33.817974,240298,150.981827,06/26/2025 18:11:46,0.004,2025-06-26 18:11:46,10.9,0.0,0.0,0.0,8.460791
7119-PR,-33.817974,240298,150.981827,06/26/2025 18:11:46,0.004,2025-06-26 18:11:46,10.9,0.0,0.0,0.0,8.460791
7119-PR,-33.817974,240298,150.981827,06/26/2025 18:11:46,0.004,2025-06-26 18:11:46,10.9,0.0,0.0,0.0,8.460791
7119-PR,-33.817974,240298,150.981827,06/26/2025 18:11:46,0.004,2025-06-26 18:11:46,10.9,0.0,0.0,0.0,8.460791
7119-PR,-33.817974,240298,150.981827,06/26/2025 18:11:46,0.004,2025-06-26 18:11:46,10.9,0.0,0.0,0.0,8.460791
7161,-33.740406,240402,151.060989,06/27/2025 18:18:13,0.337,2025-06-27 18:18:13,10.85,0.0,0.0,0.0,8.9362335
7161,-33.740406,240402,151.060989,06/27/2025 18:18:13,0.337,2025-06-27 18:18:13,10.85,0.0,0.0,0.0,8.9362335
33014,-33.806141,228602,151.17952,03/25/2025 14:33:14,0.2,2025-03-25 14:33:14,22.8,0.1,0.1,51.0,24.354172
33014,-33.806141,228602,151.17952,03/25/2025 14:33:14,0.198,2025-03-25 14:33:14,22.8,0.1,0.1,51.0,24.354172
33014,-33.806141,228602,151.17952,03/25/2025 14:33:14,0.198,2025-03-25 14:33:14,22.8,0.1,0.1,51.0,24.354172
33014,-33.806141,228602,151.17952,03/25/2025 14:33:14,0.198,2025-03-25 14:33:14,22.8,0.1,0.1,51.0,24.354172
33014,-33.806141,228602,151.17952,03/25/2025 14:33:14,0.221,2025-03-25 14:33:14,22.8,0.1,0.1,51.0,24.354172
33014,-33.806141,228602,151.17952,03/25/2025 14:33:14,0.216,2025-03-25 14:33:14,22.8,0.1,0.1,51.0,24.354172
33014,-33.806141,228602,151.17952,03/25/2025 14:33:14,0.216,2025-03-25 14:33:14,22.8,0.1,0.1,51.0,24.354172
33014,-33.806141,228602,151.17952,03/25/2025 14:33:14,0.216,2025-03-25 14:33:14,22.8,0.1,0.1,51.0,24.354172
33014,-33.806141,228602,151.17952,03/25/2025 14:33:14,0.216,2025-03-25 14:33:14,22.8,0.1,0.1,51.0,24.354172
33014,-33.806141,228602,151.17952,03/25/2025 14:33:14,0.216,2025-03-25 14:33:14,22.8,0.1,0.1,51.0,24.354172
F3FWY003,-33.560299,237607,151.192551,06/01/2025 18:44:39,0.302,2025-06-01 18:44:39,14.25,0.0,0.0,0.0,14.145405
F3FWY003,-33.560299,237607,151.192551,06/01/2025 18:44:39,0.302,2025-06-01 18:44:39,14.25,0.0,0.0,0.0,14.145405
F3FWY003,-33.560299,237607,151.192551,06/01/2025 18:44:39,0.302,2025-06-01 18:44:39,14.25,0.0,0.0,0.0,14.145405
33014,-33.806141,228602,151.17952,03/25/2025 14:33:14,0.216,2025-03-25 14:33:14,22.8,0.1,0.1,51.0,24.354172
7153,-33.8651123046875,238393,151.041610717773,06/08/2025 12:27:25,0.023,2025-06-08 12:27:25,14.95,0.0,0.0,0.0,10.360202
7153,-33.8651123046875,238393,151.041610717773,06/08/2025 12:27:25,0.023,2025-06-08 12:27:25,14.95,0.0,0.0,0.0,10.360202
7153,-33.8651123046875,238393,151.041610717773,06/08/2025 12:27:25,0.023,2025-06-08 12:27:25,14.95,0.0,0.0,0.0,10.360202
7153,-33.8651123046875,238393,151.041610717773,06/08/2025 12:27:25,0.023,2025-06-08 12:27:25,14.95,0.0,0.0,0.0,10.360202
7150,-33.724922,238796,150.977127,06/12/2025 15:32:03,0.016,2025-06-12 15:32:03,15.05,0.0,0.0,3.0,12.855415
7150,-33.724922,238796,150.977127,06/12/2025 15:32:03,0.016,2025-06-12 15:32:03,15.05,0.0,0.0,3.0,12.855415
7150,-33.724922,238796,150.977127,06/12/2025 15:32:03,0.144,2025-06-12 15:32:03,15.05,0.0,0.0,3.0,12.855415
7163,-33.865181,239062,151.171997,06/15/2025 12:51:47,0.462,2025-06-15 12:51:47,14.9,0.0,0.0,0.0,14.29813
7163,-33.865181,239062,151.171997,06/15/2025 12:51:47,0.462,2025-06-15 12:51:47,14.9,0.0,0.0,0.0,14.29813
7248,-33.906151,239178,151.040207,06/16/2025 15:09:54,0.011,2025-06-16 15:09:54,14.75,0.0,0.0,0.0,13.213583
33014,-33.806141,228602,151.17952,03/25/2025 14:33:14,0.216,2025-03-25 14:33:14,22.8,0.1,0.1,51.0,24.354172
68025,-33.816696,239398,150.976623,06/18/2025 14:15:06,0.238,2025-06-18 14:15:06,14.65,0.0,0.0,0.0,13.014788
33014,-33.806141,239596,151.17952,06/20/2025 07:20:29,0.547,2025-06-20 07:20:29,4.5,0.0,0.0,0.0,1.3101215
33014,-33.806141,239596,151.17952,06/20/2025 07:20:29,0.547,2025-06-20 07:20:29,4.5,0.0,0.0,0.0,1.3101215
10011,-33.876652,239895,151.230606,06/23/2025 15:45:20,0.715,2025-06-23 15:45:20,20.2,0.0,0.0,0.0,19.959057
7139,-33.876884,239895,151.228683,06/23/2025 15:45:20,0.874,2025-06-23 15:45:20,20.2,0.0,0.0,0.0,19.959057
9658,-33.79353,240095,151.018829,06/25/2025 06:02:12,0.614,2025-06-25 06:02:12,11.1,0.0,0.0,1.0,6.8267736
9658,-33.79353,240095,151.018829,06/25/2025 06:02:12,0.614,2025-06-25 06:02:12,11.1,0.0,0.0,1.0,6.8267736
9658,-33.79353,240095,151.018829,06/25/2025 06:02:12,0.614,2025-06-25 06:02:12,11.1,0.0,0.0,1.0,6.8267736
9658,-33.79353,240095,151.018829,06/25/2025 06:02:12,0.614,2025-06-25 06:02:12,11.1,0.0,0.0,1.0,6.8267736
9658,-33.79353,240095,151.018829,06/25/2025 06:02:12,0.614,2025-06-25 06:02:12,11.1,0.0,0.0,1.0,6.8267736
9658,-33.79353,240095,151.018829,06/25/2025 06:02:12,0.614,2025-06-25 06:02:12,11.1,0.0,0.0,1.0,6.8267736
9658,-33.79353,240095,151.018829,06/25/2025 06:02:12,0.614,2025-06-25 06:02:12,11.1,0.0,0.0,1.0,6.8267736
33014,-33.806141,240263,151.17952,06/26/2025 12:55:54,0.562,2025-06-26 12:55:54,13.85,0.0,0.0,1.0,9.664538
7112,-33.843338,241731,151.043411,07/09/2025 23:40:57,0.208,2025-07-09 23:40:57,11.35,0.0,0.0,0.0,9.477186
7179,-33.817272,242544,150.962784,07/18/2025 06:25:52,0.692,2025-07-18 06:25:52,5.95,0.0,0.0,1.0,3.0042982
7274,-33.779202,243150,150.814102,07/24/2025 15:55:47,0.037,2025-07-24 15:55:47,16.6,0.0,0.0,0.0,13.687387
T0231,-33.838615,243694,151.143753,07/29/2025 19:23:12,0.701,2025-07-29 19:23:12,13.1,0.0,0.0,3.0,11.463965
10011,-33.876652,242502,151.230606,07/17/2025 15:19:11,0.278,2025-07-17 15:19:11,15.45,0.0,0.0,3.0,14.305407
7139,-33.876884,242502,151.228683,07/17/2025 15:19:11,0.101,2025-07-17 15:19:11,15.45,0.0,0.0,3.0,14.305407
7274,-33.779202,243146,150.814102,07/24/2025 15:32:55,0.186,2025-07-24 15:32:55,16.6,0.0,0.0,0.0,13.687387
7251,-33.874916,243408,151.155319,07/26/2025 10:24:00,0.069,2025-07-26 10:24:00,12.4,0.0,0.0,3.0,9.397057
F3FWY004,-33.496265,243528,151.187408,07/28/2025 09:26:10,0.06,2025-07-28 09:26:10,12.95,0.0,0.0,2.0,8.746353
7270,-33.793304,243755,151.119659,07/30/2025 13:26:35,0.653,2025-07-30 13:26:35,9.75,1.4,1.4,61.0,7.9122562
7179,-33.817272,243960,150.962784,07/31/2025 17:49:00,0.038,2025-07-31 17:49:00,11.8,0.0,0.0,1.0,8.912035
10011,-33.876652,241668,151.230606,07/09/2025 13:51:07,0.181,2025-07-09 13:51:07,17.8,0.0,0.0,1.0,16.264097
7139,-33.876884,241668,151.228683,07/09/2025 13:51:07,0.004,2025-07-09 13:51:07,17.8,0.0,0.0,1.0,16.264097
F3FWY003,-33.560299,242058,151.192551,07/13/2025 11:37:56,0.585,2025-07-13 11:37:56,14.4,0.0,0.0,3.0,12.340479
7163,-33.865181,242362,151.171997,07/16/2025 08:35:58,0.367,2025-07-16 08:35:58,7.35,0.0,0.0,0.0,3.8115644
7161,-33.740406,243159,151.060989,07/24/2025 16:13:55,0.082,2025-07-24 16:13:55,14.45,0.0,0.0,0.0,12.100182
7112,-33.843338,243487,151.043411,07/27/2025 15:19:08,0.234,2025-07-27 15:19:08,16.1,0.0,0.0,1.0,11.95837
7179,-33.817272,241392,150.962784,07/05/2025 15:53:27,0.191,2025-07-05 15:53:27,16.15,0.0,0.0,3.0,15.662062
7179,-33.817272,241746,150.962784,07/10/2025 07:08:29,0.129,2025-07-10 07:08:29,10.65,0.0,0.0,0.0,7.1729965
50240,-33.796436,241835,150.987595,07/10/2025 15:34:05,0.504,2025-07-10 15:34:05,12.35,0.0,0.0,2.0,6.909029
7150,-33.724922,241982,150.977127,07/11/2025 21:57:34,0.013,2025-07-11 21:57:34,10.8,0.0,0.0,0.0,8.704624
7120,-33.886311,242013,151.217911,07/12/2025 12:10:57,0.134,2025-07-12 12:10:57,16.4,0.0,0.0,0.0,14.363478
7121,-33.886032,242013,151.218079,07/12/2025 12:10:57,0.165,2025-07-12 12:10:57,16.4,0.0,0.0,0.0,14.363478
53004,-33.75317,242403,151.151077,07/16/2025 15:19:36,0.407,2025-07-16 15:19:36,15.85,0.0,0.0,0.0,13.357105
68025,-33.816696,243439,150.976623,07/26/2025 17:22:14,0.178,2025-07-26 17:22:14,16.65,0.0,0.0,0.0,14.327976
7248,-33.906151,243714,151.040207,07/30/2025 08:53:26,0.528,2025-07-30 08:53:26,9.9,0.5,0.5,53.0,7.9144344
7179,-33.817272,241224,150.962784,07/03/2025 20:37:10,0.193,2025-07-03 20:37:10,13.15,0.0,0.0,0.0,9.706043
10011,-33.876652,241285,151.230606,07/04/2025 12:39:23,0.252,2025-07-04 12:39:23,16.0,0.0,0.0,0.0,14.385149
7139,-33.876884,241285,151.228683,07/04/2025 12:39:23,0.427,2025-07-04 12:39:23,16.0,0.0,0.0,0.0,14.385149
9658,-33.79353,241758,151.018829,07/10/2025 09:21:35,0.615,2025-07-10 09:21:35,12.4,0.0,0.0,0.0,7.781332
7163,-33.865181,242307,151.171997,07/15/2025 16:04:48,0.32,2025-07-15 16:04:48,12.05,0.0,0.0,3.0,9.199111
50240,-33.796436,242161,150.987595,07/15/2025 05:19:32,0.216,2025-07-15 05:19:32,4.5,0.0,0.0,3.0,1.8019385
10011,-33.876652,243678,151.230606,07/29/2025 16:39:04,0.178,2025-07-29 16:39:04,15.9,0.0,0.0,3.0,13.068058
7139,-33.876884,243678,151.228683,07/29/2025 16:39:04,0.004,2025-07-29 16:39:04,15.9,0.0,0.0,3.0,13.068058
23067,-33.934475,243930,151.15831,07/31/2025 13:32:37,0.537,2025-07-31 13:32:37,13.85,0.1,0.1,51.0,9.205362
7126,-34.035271,243965,151.113007,07/31/2025 19:32:27,0.701,2025-07-31 19:32:27,10.45,0.2,0.2,51.0,6.339037
7112,-33.843338,241083,151.043411,07/02/2025 16:02:32,0.296,2025-07-02 16:02:32,14.85,0.0,0.0,3.0,11.460437
F3FWY005,-33.429348,241266,151.22467,07/04/2025 10:59:09,0.663,2025-07-04 10:59:09,14.05,0.0,0.0,0.0,11.657815
50240,-33.796436,241117,150.987595,07/03/2025 00:16:55,0.51,2025-07-03 00:16:55,13.35,0.0,0.0,3.0,9.493182
29005,-33.824696,241425,151.093216,07/06/2025 11:16:25,0.193,2025-07-06 11:16:25,17.7,0.0,0.0,0.0,17.366198
7159,-33.888157,241368,150.922974,07/05/2025 11:09:35,0.02,2025-07-05 11:09:35,12.35,0.0,0.0,3.0,11.5237465
T0288,-33.455536,241643,151.205093,07/09/2025 07:54:09,0.389,2025-07-09 07:54:09,8.85,0.0,0.0,0.0,5.85038
T0289,-33.455235,241643,151.205383,07/09/2025 07:54:09,0.432,2025-07-09 07:54:09,8.85,0.0,0.0,0.0,5.85038
T0290,-33.454796,241643,151.205872,07/09/2025 07:54:09,0.498,2025-07-09 07:54:09,8.85,0.0,0.0,0.0,5.85038
T0479-PR,-33.454525,241643,151.206726,07/09/2025 07:54:09,0.575,2025-07-09 07:54:09,8.85,0.0,0.0,0.0,5.85038
51235,-33.81551,242475,151.101105,07/17/2025 11:35:30,0.587,2025-07-17 11:35:30,10.8,0.0,0.0,3.0,8.81857
7251,-33.874916,241078,151.155319,07/02/2025 15:40:41,0.649,2025-07-02 15:40:41,16.55,0.0,0.0,3.0,13.408997
47024,-33.83889,242905,151.029022,07/22/2025 10:00:30,0.44,2025-07-22 10:00:30,13.95,0.0,0.0,3.0,13.550787
33014,-33.806141,243945,151.17952,07/31/2025 15:59:28,0.706,2025-07-31 15:59:28,12.65,0.1,0.1,51.0,8.180219
51235,-33.81551,241451,151.101105,07/06/2025 17:45:21,0.182,2025-07-06 17:45:21,15.85,0.0,0.0,3.0,15.23732
7274,-33.779202,241642,150.814102,07/09/2025 07:44:32,0.025,2025-07-09 07:44:32,6.55,0.0,0.0,0.0,4.4848003
10011,-33.876652,241875,151.230606,07/11/2025 03:56:58,0.259,2025-07-11 03:56:58,9.9,0.0,0.0,1.0,3.6198707
7139,-33.876884,241875,151.228683,07/11/2025 03:56:58,0.108,2025-07-11 03:56:58,9.9,0.0,0.0,1.0,3.6198707
7161,-33.740406,241884,151.060989,07/11/2025 07:13:40,0.065,2025-07-11 07:13:40,7.0,0.0,0.0,0.0,4.271222
7120,-33.886311,241249,151.217911,07/04/2025 08:55:48,0.63,2025-07-04 08:55:48,9.8,0.0,0.0,0.0,6.4902306
7121,-33.886032,241249,151.218079,07/04/2025 08:55:48,0.601,2025-07-04 08:55:48,9.8,0.0,0.0,0.0,6.4902306
F3FWY006,-33.395744,243116,151.297058,07/24/2025 12:44:36,0.173,2025-07-24 12:44:36,13.5465,0.0,0.0,0.0,10.280192
47024,-33.83889,243286,151.029022,07/25/2025 16:56:11,0.286,2025-07-25 16:56:11,14.45,0.0,0.0,3.0,11.949638
53004,-33.75317,243831,151.151077,07/31/2025 03:06:18,0.537,2025-07-31 03:06:18,8.65,0.5,0.5,53.0,6.063677
7270,-33.793304,243839,151.119659,07/31/2025 06:01:16,0.652,2025-07-31 06:01:16,8.95,0.1,0.1,51.0,6.5745335
68025,-33.816696,241319,150.976623,07/04/2025 16:26:01,0.411,2025-07-04 16:26:01,16.5,0.0,0.0,0.0,15.590172
33014,-33.806141,242323,151.17952,07/15/2025 17:49:46,0.864,2025-07-15 17:49:46,11.6,0.0,0.0,3.0,8.146971
68025,-33.816696,242498,150.976623,07/17/2025 15:11:39,0.071,2025-07-17 15:11:39,15.25,0.0,0.0,3.0,13.875273
7248,-33.906151,242744,151.040207,07/20/2025 11:00:01,0.384,2025-07-20 11:00:01,14.95,0.0,0.0,1.0,13.343498
7112,-33.843338,182922,151.043411,01/23/2024 12:03:20,0.168,2024-01-23 12:03:20,,,,,
7274,-33.779202,240827,150.814102,07/01/2025 21:07:55,0.02,2025-07-01 21:07:55,10.05,0.5,0.5,53.0,4.2244434
23067,-33.934475,241476,151.15831,07/07/2025 07:09:32,0.337,2025-07-07 07:09:32,9.7,0.0,0.0,0.0,6.6311016
7161,-33.740406,241754,151.060989,07/10/2025 08:39:43,0.451,2025-07-10 08:39:43,10.95,0.0,0.0,0.0,6.541313
33014,-33.806141,242152,151.17952,07/14/2025 20:59:17,0.858,2025-07-14 20:59:17,11.2,0.0,0.0,0.0,9.357014
F3FWY001,-33.694206,243814,151.121323,07/30/2025 19:08:55,0.191,2025-07-30 19:08:55,9.4,1.0,1.0,55.0,7.0111504
7184,-33.772957,243899,151.135391,07/31/2025 10:26:59,0.423,2025-07-31 10:26:59,11.75,0.4,0.4,51.0,9.042282
7163,-33.865181,241432,151.171997,07/06/2025 12:25:26,0.229,2025-07-06 12:25:26,19.6,0.0,0.0,0.0,18.49576
7164,-33.81562,241463,150.969238,07/07/2025 00:58:19,0.047,2025-07-07 00:58:19,9.8,0.0,0.0,0.0,8.879199
51235,-33.81551,241608,151.101105,07/08/2025 15:29:04,0.092,2025-07-08 15:29:04,15.1,0.0,0.0,3.0,12.827917
50260,-33.819763,241849,151.05188,07/10/2025 17:13:05,0.176,2025-07-10 17:13:05,11.1,0.0,0.0,0.0,6.5823402
7161,-33.740406,242339,151.060989,07/16/2025 02:27:38,0.047,2025-07-16 02:27:38,6.25,0.0,0.0,0.0,3.276703
50260,-33.819763,243298,151.05188,07/25/2025 18:48:09,0.377,2025-07-25 18:48:09,12.65,0.0,0.0,3.0,10.706798
32029,-33.821175,243440,151.149902,07/26/2025 17:38:12,0.218,2025-07-26 17:38:12,15.8,0.0,0.0,0.0,13.685673
7163,-33.865181,243569,151.171997,07/28/2025 13:55:33,0.599,2025-07-28 13:55:33,16.8,0.0,0.0,2.0,12.292267
7120,-33.886311,243863,151.217911,07/31/2025 08:51:44,0.087,2025-07-31 08:51:44,11.0,0.2,0.2,51.0,7.465439
7121,-33.886032,243863,151.218079,07/31/2025 08:51:44,0.053,2025-07-31 08:51:44,11.0,0.2,0.2,51.0,7.465439
10011,-33.876652,243850,151.230606,07/31/2025 07:36:52,0.105,2025-07-31 07:36:52,10.1,0.3,0.3,51.0,6.070121
7139,-33.876884,243850,151.228683,07/31/2025 07:36:52,0.075,2025-07-31 07:36:52,10.1,0.3,0.3,51.0,6.070121
50240,-33.796436,240656,150.987595,07/01/2025 06:20:00,0.086,2025-07-01 06:20:00,10.45,1.4,1.4,61.0,8.177229
29005,-33.824696,240721,151.093216,07/01/2025 13:13:30,0.035,2025-07-01 13:13:30,11.3,5.8,5.8,63.0,7.1280613
7248,-33.906151,241363,151.040207,07/05/2025 10:12:55,0.282,2025-07-05 10:12:55,10.2,0.0,0.0,3.0,9.117458
22001,-33.825577,241577,151.233261,07/08/2025 08:23:58,0.469,2025-07-08 08:23:58,7.7,0.0,0.0,3.0,5.572809
50240,-33.796436,241879,150.987595,07/11/2025 06:32:17,0.038,2025-07-11 06:32:17,8.5,0.0,0.0,0.0,5.355788
68025,-33.816696,241915,150.976623,07/11/2025 11:30:51,0.417,2025-07-11 11:30:51,15.2,0.0,0.0,0.0,12.84096
7132,-33.953056,242137,151.137482,07/14/2025 18:24:26,0.02,2025-07-14 18:24:26,12.3,0.0,0.0,0.0,10.093836
7163,-33.865181,242427,151.171997,07/16/2025 18:48:02,0.576,2025-07-16 18:48:02,11.25,0.0,0.0,0.0,9.552589
51235,-33.81551,242997,151.101105,07/23/2025 09:30:48,0.217,2025-07-23 09:30:48,14.15,0.0,0.0,0.0,13.735186
7161,-33.740406,243114,151.060989,07/24/2025 12:35:39,0.027,2025-07-24 12:35:39,13.5,0.0,0.0,0.0,10.655404
51235,-33.81551,241192,151.101105,07/03/2025 15:34:21,0.082,2025-07-03 15:34:21,17.15,0.0,0.0,2.0,14.0923195
7112,-33.843338,241744,151.043411,07/10/2025 06:31:28,0.572,2025-07-10 06:31:28,11.2,0.0,0.0,0.0,7.8136616
53004,-33.75317,242393,151.151077,07/16/2025 14:06:44,0.45,2025-07-16 14:06:44,15.7,0.0,0.0,0.0,12.984299
7251,-33.874916,243360,151.155319,07/25/2025 22:14:54,0.031,2025-07-25 22:14:54,14.3,0.0,0.0,3.0,10.998818
7248,-33.906151,241603,151.040207,07/08/2025 14:46:45,0.113,2025-07-08 14:46:45,15.0,0.0,0.0,3.0,13.686054
7161,-33.740406,241623,151.060989,07/08/2025 18:27:46,0.45,2025-07-08 18:27:46,13.15,0.0,0.0,0.0,9.275172
7120,-33.886311,241738,151.217911,07/10/2025 05:03:36,0.381,2025-07-10 05:03:36,11.7,0.0,0.0,0.0,8.307402
7121,-33.886032,241738,151.218079,07/10/2025 05:03:36,0.386,2025-07-10 05:03:36,11.7,0.0,0.0,0.0,8.307402
74230,-33.724735,241825,151.086151,07/10/2025 14:54:25,0.015,2025-07-10 14:54:25,12.75,0.0,0.0,2.0,6.7664623
7153,-33.8651123046875,242201,151.041610717773,07/15/2025 08:50:24,0.028,2025-07-15 08:50:24,6.9,0.0,0.0,3.0,3.7834606
7163,-33.865181,242436,151.171997,07/17/2025 06:03:05,0.336,2025-07-17 06:03:05,4.5,0.0,0.0,3.0,1.2726355
7179,-33.817272,242474,150.962784,07/17/2025 11:15:31,0.009,2025-07-17 11:15:31,10.5,0.0,0.0,3.0,8.674489
7112,-33.843338,241299,151.043411,07/04/2025 14:26:54,0.121,2025-07-04 14:26:54,17.35,0.0,0.0,0.0,16.730673
7248,-33.906151,243769,151.040207,07/30/2025 14:20:32,0.031,2025-07-30 14:20:32,10.4,1.8,1.8,61.0,8.601075
7112,-33.843338,240854,151.043411,07/01/2025 23:30:55,0.579,2025-07-01 23:30:55,10.35,4.4,4.4,63.0,5.6972647
53004,-33.75317,241272,151.151077,07/04/2025 11:11:29,0.455,2025-07-04 11:11:29,14.45,0.0,0.0,0.0,12.322622
7179,-33.817272,241459,150.962784,07/06/2025 20:02:43,0.198,2025-07-06 20:02:43,13.7,0.0,0.0,0.0,12.094318
7179,-33.817272,242021,150.962784,07/12/2025 14:57:01,0.151,2025-07-12 14:57:01,17.55,0.0,0.0,1.0,15.206804
7120,-33.886311,242908,151.217911,07/22/2025 10:08:00,0.12,2025-07-22 10:08:00,14.45,0.0,0.0,3.0,13.189497
7121,-33.886032,242908,151.218079,07/22/2025 10:08:00,0.086,2025-07-22 10:08:00,14.45,0.0,0.0,3.0,13.189497
7179,-33.817272,243357,150.962784,07/25/2025 21:37:09,0.134,2025-07-25 21:37:09,12.25,0.0,0.0,3.0,9.652893
7112,-33.843338,243589,151.043411,07/28/2025 16:03:04,0.106,2025-07-28 16:03:04,15.05,0.0,0.0,1.0,11.465818
F3FWY004,-33.496265,242069,151.187408,07/13/2025 17:40:26,0.159,2025-07-13 17:40:26,15.0,0.0,0.0,3.0,10.165346
53004,-33.75317,242113,151.151077,07/14/2025 14:03:04,0.609,2025-07-14 14:03:04,16.35,0.0,0.0,0.0,13.348265
7179,-33.817272,242124,150.962784,07/14/2025 15:34:30,0.145,2025-07-14 15:34:30,16.95,0.0,0.0,0.0,14.446251
53004,-33.75317,243887,151.151077,07/31/2025 10:11:23,0.443,2025-07-31 10:11:23,11.75,0.4,0.4,51.0,9.042282
7179,-33.817272,240687,150.962784,07/01/2025 10:01:06,0.652,2025-07-01 10:01:06,11.2,3.5,3.5,63.0,7.621025
68025,-33.816696,240828,150.976623,07/01/2025 21:11:29,0.337,2025-07-01 21:11:29,10.0,0.6,0.6,53.0,5.0534554
7163,-33.865181,241243,151.171997,07/04/2025 07:50:13,0.532,2025-07-04 07:50:13,9.55,0.0,0.0,0.0,6.214279
F3FWY005,-33.429348,241633,151.22467,07/09/2025 05:17:06,0.15,2025-07-09 05:17:06,9.5,0.0,0.0,0.0,6.414714
74228,-33.723019,241991,151.036606,07/12/2025 00:19:31,0.169,2025-07-12 00:19:31,10.15,0.0,0.0,0.0,7.7709274
23067,-33.934475,242093,151.15831,07/14/2025 06:58:43,0.406,2025-07-14 06:58:43,9.6,0.0,0.0,0.0,7.78778
33014,-33.806141,242317,151.17952,07/15/2025 16:57:47,0.796,2025-07-15 16:57:47,12.05,0.0,0.0,3.0,9.199111
T0288,-33.455536,242906,151.205093,07/22/2025 10:03:09,0.108,2025-07-22 10:03:09,14.85,0.0,0.0,3.0,13.597235
T0289,-33.455235,242906,151.205383,07/22/2025 10:03:09,0.065,2025-07-22 10:03:09,14.85,0.0,0.0,3.0,13.597235
T0290,-33.454796,242906,151.205872,07/22/2025 10:03:09,0.006,2025-07-22 10:03:09,14.85,0.0,0.0,3.0,13.597235
T0479-PR,-33.454525,242906,151.206726,07/22/2025 10:03:09,0.089,2025-07-22 10:03:09,14.85,0.0,0.0,3.0,13.597235
33014,-33.806141,242313,151.17952,07/15/2025 16:28:47,0.674,2025-07-15 16:28:47,12.05,0.0,0.0,3.0,9.199111
47024,-33.83889,241030,151.029022,07/02/2025 12:15:14,0.248,2025-07-02 12:15:14,16.95,0.0,0.0,2.0,14.678101
51235,-33.81551,241193,151.101105,07/03/2025 15:39:22,0.118,2025-07-03 15:39:22,17.15,0.0,0.0,2.0,14.0923195
51235,-33.81551,241515,151.101105,07/07/2025 11:56:39,0.446,2025-07-07 11:56:39,15.1,0.0,0.0,1.0,13.925684
7120,-33.886311,242319,151.217911,07/15/2025 17:16:37,0.07,2025-07-15 17:16:37,11.6,0.0,0.0,3.0,8.146971
7121,-33.886032,242319,151.218079,07/15/2025 17:16:37,0.036,2025-07-15 17:16:37,11.6,0.0,0.0,3.0,8.146971
F3FWY003,-33.560299,242464,151.192551,07/17/2025 10:00:58,0.917,2025-07-17 10:00:58,12.7,0.0,0.0,3.0,10.681929
7179,-33.817272,242996,150.962784,07/23/2025 09:21:39,0.502,2025-07-23 09:21:39,13.55,0.0,0.0,0.0,13.231895
74229,-33.760658,243039,151.07962,07/23/2025 15:26:29,0.017,2025-07-23 15:26:29,17.15,0.1,0.1,51.0,15.515549
7161,-33.740406,243103,151.060989,07/24/2025 10:55:24,0.028,2025-07-24 10:55:24,10.7,0.0,0.0,0.0,7.2694416
50240,-33.796436,243623,150.987595,07/29/2025 09:08:09,0.504,2025-07-29 09:08:09,12.2,0.0,0.0,2.0,9.494093
7272,-33.916008,243829,151.014008,07/31/2025 00:35:57,0.438,2025-07-31 00:35:57,10.0,0.2,0.2,51.0,7.4545536
10011,-33.876652,243928,151.230606,07/31/2025 13:18:53,0.073,2025-07-31 13:18:53,13.65,0.1,0.1,51.0,9.0671625
7139,-33.876884,243928,151.228683,07/31/2025 13:18:53,0.123,2025-07-31 13:18:53,13.65,0.1,0.1,51.0,9.0671625
7112,-33.843338,241731,151.043411,07/09/2025 23:40:57,0.208,2025-07-09 23:40:57,11.35,0.0,0.0,0.0,9.477186
7179,-33.817272,242544,150.962784,07/18/2025 06:25:52,0.692,2025-07-18 06:25:52,5.95,0.0,0.0,1.0,3.0042982
7179,-33.817272,242544,150.962784,07/18/2025 06:25:52,0.692,2025-07-18 06:25:52,5.95,0.0,0.0,1.0,3.0042982
7179,-33.817272,242544,150.962784,07/18/2025 06:25:52,0.692,2025-07-18 06:25:52,5.95,0.0,0.0,1.0,3.0042982
7274,-33.779202,243150,150.814102,07/24/2025 15:55:47,0.037,2025-07-24 15:55:47,16.6,0.0,0.0,0.0,13.687387
T0231,-33.838615,243694,151.143753,07/29/2025 19:23:12,0.701,2025-07-29 19:23:12,13.1,0.0,0.0,3.0,11.463965
33014,-33.806141,241646,151.17952,07/09/2025 09:05:06,0.674,2025-07-09 09:05:06,12.2,0.0,0.0,0.0,10.073696
10011,-33.876652,242502,151.230606,07/17/2025 15:19:11,0.278,2025-07-17 15:19:11,15.45,0.0,0.0,3.0,14.305407
7139,-33.876884,242502,151.228683,07/17/2025 15:19:11,0.101,2025-07-17 15:19:11,15.45,0.0,0.0,3.0,14.305407
7274,-33.779202,243146,150.814102,07/24/2025 15:32:55,0.186,2025-07-24 15:32:55,16.6,0.0,0.0,0.0,13.687387
7251,-33.874916,243408,151.155319,07/26/2025 10:24:00,0.069,2025-07-26 10:24:00,12.4,0.0,0.0,3.0,9.397057
7251,-33.874916,243408,151.155319,07/26/2025 10:24:00,0.069,2025-07-26 10:24:00,12.4,0.0,0.0,3.0,9.397057
7251,-33.874916,243408,151.155319,07/26/2025 10:24:00,0.069,2025-07-26 10:24:00,12.4,0.0,0.0,3.0,9.397057
7251,-33.874916,243408,151.155319,07/26/2025 10:24:00,0.069,2025-07-26 10:24:00,12.4,0.0,0.0,3.0,9.397057
F3FWY004,-33.496265,243528,151.187408,07/28/2025 09:26:10,0.06,2025-07-28 09:26:10,12.95,0.0,0.0,2.0,8.746353
F3FWY004,-33.496265,243528,151.187408,07/28/2025 09:26:10,0.06,2025-07-28 09:26:10,12.95,0.0,0.0,2.0,8.746353
7270,-33.793304,243755,151.119659,07/30/2025 13:26:35,0.653,2025-07-30 13:26:35,9.75,1.4,1.4,61.0,7.9122562
7179,-33.817272,243960,150.962784,07/31/2025 17:49:00,0.038,2025-07-31 17:49:00,11.8,0.0,0.0,1.0,8.912035
7179,-33.817272,243960,150.962784,07/31/2025 17:49:00,0.038,2025-07-31 17:49:00,11.8,0.0,0.0,1.0,8.912035
7179,-33.817272,243960,150.962784,07/31/2025 17:49:00,0.038,2025-07-31 17:49:00,11.8,0.0,0.0,1.0,8.912035
7179,-33.817272,243960,150.962784,07/31/2025 17:49:00,0.038,2025-07-31 17:49:00,11.8,0.0,0.0,1.0,8.912035
7179,-33.817272,243960,150.962784,07/31/2025 17:49:00,0.038,2025-07-31 17:49:00,11.8,0.0,0.0,1.0,8.912035
7179,-33.817272,243960,150.962784,07/31/2025 17:49:00,0.038,2025-07-31 17:49:00,11.8,0.0,0.0,1.0,8.912035
10011,-33.876652,241668,151.230606,07/09/2025 13:51:07,0.181,2025-07-09 13:51:07,17.8,0.0,0.0,1.0,16.264097
7139,-33.876884,241668,151.228683,07/09/2025 13:51:07,0.004,2025-07-09 13:51:07,17.8,0.0,0.0,1.0,16.264097
10011,-33.876652,241668,151.230606,07/09/2025 13:51:07,0.181,2025-07-09 13:51:07,17.8,0.0,0.0,1.0,16.264097
7139,-33.876884,241668,151.228683,07/09/2025 13:51:07,0.004,2025-07-09 13:51:07,17.8,0.0,0.0,1.0,16.264097
10011,-33.876652,241668,151.230606,07/09/2025 13:51:07,0.181,2025-07-09 13:51:07,17.8,0.0,0.0,1.0,16.264097
7139,-33.876884,241668,151.228683,07/09/2025 13:51:07,0.004,2025-07-09 13:51:07,17.8,0.0,0.0,1.0,16.264097
F3FWY003,-33.560299,242058,151.192551,07/13/2025 11:37:56,0.585,2025-07-13 11:37:56,14.4,0.0,0.0,3.0,12.340479
7163,-33.865181,242362,151.171997,07/16/2025 08:35:58,0.367,2025-07-16 08:35:58,7.35,0.0,0.0,0.0,3.8115644
7163,-33.865181,242362,151.171997,07/16/2025 08:35:58,0.367,2025-07-16 08:35:58,7.35,0.0,0.0,0.0,3.8115644
7161,-33.740406,243159,151.060989,07/24/2025 16:13:55,0.082,2025-07-24 16:13:55,14.45,0.0,0.0,0.0,12.100182
7112,-33.843338,243487,151.043411,07/27/2025 15:19:08,0.231,2025-07-27 15:19:08,16.1,0.0,0.0,1.0,11.95837
7112,-33.843338,243487,151.043411,07/27/2025 15:19:08,0.234,2025-07-27 15:19:08,16.1,0.0,0.0,1.0,11.95837
7112,-33.843338,243487,151.043411,07/27/2025 15:19:08,0.234,2025-07-27 15:19:08,16.1,0.0,0.0,1.0,11.95837
7179,-33.817272,241392,150.962784,07/05/2025 15:53:27,0.191,2025-07-05 15:53:27,16.15,0.0,0.0,3.0,15.662062
7179,-33.817272,241392,150.962784,07/05/2025 15:53:27,0.191,2025-07-05 15:53:27,16.15,0.0,0.0,3.0,15.662062
7179,-33.817272,241392,150.962784,07/05/2025 15:53:27,0.191,2025-07-05 15:53:27,16.15,0.0,0.0,3.0,15.662062
7179,-33.817272,241746,150.962784,07/10/2025 07:08:29,0.129,2025-07-10 07:08:29,10.65,0.0,0.0,0.0,7.1729965
7179,-33.817272,241746,150.962784,07/10/2025 07:08:29,0.129,2025-07-10 07:08:29,10.65,0.0,0.0,0.0,7.1729965
7179,-33.817272,241746,150.962784,07/10/2025 07:08:29,0.129,2025-07-10 07:08:29,10.65,0.0,0.0,0.0,7.1729965
7179,-33.817272,241746,150.962784,07/10/2025 07:08:29,0.129,2025-07-10 07:08:29,10.65,0.0,0.0,0.0,7.1729965
50240,-33.796436,241835,150.987595,07/10/2025 15:34:05,0.504,2025-07-10 15:34:05,12.35,0.0,0.0,2.0,6.909029
50240,-33.796436,241835,150.987595,07/10/2025 15:34:05,0.504,2025-07-10 15:34:05,12.35,0.0,0.0,2.0,6.909029
50240,-33.796436,241835,150.987595,07/10/2025 15:34:05,0.504,2025-07-10 15:34:05,12.35,0.0,0.0,2.0,6.909029
50240,-33.796436,241835,150.987595,07/10/2025 15:34:05,0.504,2025-07-10 15:34:05,12.35,0.0,0.0,2.0,6.909029
7150,-33.724922,241982,150.977127,07/11/2025 21:57:34,0.013,2025-07-11 21:57:34,10.8,0.0,0.0,0.0,8.704624
7120,-33.886311,242013,151.217911,07/12/2025 12:10:57,0.134,2025-07-12 12:10:57,16.4,0.0,0.0,0.0,14.363478
7121,-33.886032,242013,151.218079,07/12/2025 12:10:57,0.165,2025-07-12 12:10:57,16.4,0.0,0.0,0.0,14.363478
53004,-33.75317,242403,151.151077,07/16/2025 15:19:36,0.407,2025-07-16 15:19:36,15.85,0.0,0.0,0.0,13.357105
53004,-33.75317,242403,151.151077,07/16/2025 15:19:36,0.407,2025-07-16 15:19:36,15.85,0.0,0.0,0.0,13.357105
53004,-33.75317,242403,151.151077,07/16/2025 15:19:36,0.407,2025-07-16 15:19:36,15.85,0.0,0.0,0.0,13.357105
68025,-33.816696,243439,150.976623,07/26/2025 17:22:14,0.178,2025-07-26 17:22:14,16.65,0.0,0.0,0.0,14.327976
68025,-33.816696,243439,150.976623,07/26/2025 17:22:14,0.178,2025-07-26 17:22:14,16.65,0.0,0.0,0.0,14.327976
68025,-33.816696,243439,150.976623,07/26/2025 17:22:14,0.178,2025-07-26 17:22:14,16.65,0.0,0.0,0.0,14.327976
68025,-33.816696,243439,150.976623,07/26/2025 17:22:14,0.178,2025-07-26 17:22:14,16.65,0.0,0.0,0.0,14.327976
7248,-33.906151,243714,151.040207,07/30/2025 08:53:26,0.528,2025-07-30 08:53:26,9.9,0.5,0.5,53.0,7.9144344
7248,-33.906151,243714,151.040207,07/30/2025 08:53:26,0.528,2025-07-30 08:53:26,9.9,0.5,0.5,53.0,7.9144344
7112,-33.843338,241083,151.043411,07/02/2025 16:02:32,0.296,2025-07-02 16:02:32,14.85,0.0,0.0,3.0,11.460437
7112,-33.843338,241083,151.043411,07/02/2025 16:02:32,0.296,2025-07-02 16:02:32,14.85,0.0,0.0,3.0,11.460437
7179,-33.817272,241224,150.962784,07/03/2025 20:37:10,0.193,2025-07-03 20:37:10,13.15,0.0,0.0,0.0,9.706043
F3FWY005,-33.429348,241266,151.22467,07/04/2025 10:59:09,0.663,2025-07-04 10:59:09,14.05,0.0,0.0,0.0,11.657815
F3FWY005,-33.429348,241266,151.22467,07/04/2025 10:59:09,0.663,2025-07-04 10:59:09,14.05,0.0,0.0,0.0,11.657815
F3FWY005,-33.429348,241266,151.22467,07/04/2025 10:59:09,0.663,2025-07-04 10:59:09,14.05,0.0,0.0,0.0,11.657815
10011,-33.876652,241285,151.230606,07/04/2025 12:39:23,0.252,2025-07-04 12:39:23,16.0,0.0,0.0,0.0,14.385149
7139,-33.876884,241285,151.228683,07/04/2025 12:39:23,0.427,2025-07-04 12:39:23,16.0,0.0,0.0,0.0,14.385149
7112,-33.843338,241083,151.043411,07/02/2025 16:02:32,0.296,2025-07-02 16:02:32,14.85,0.0,0.0,3.0,11.460437
7112,-33.843338,241083,151.043411,07/02/2025 16:02:32,0.296,2025-07-02 16:02:32,14.85,0.0,0.0,3.0,11.460437
9658,-33.79353,241758,151.018829,07/10/2025 09:21:35,0.615,2025-07-10 09:21:35,12.4,0.0,0.0,0.0,7.781332
7112,-33.843338,241083,151.043411,07/02/2025 16:02:32,0.296,2025-07-02 16:02:32,14.85,0.0,0.0,3.0,11.460437
7163,-33.865181,242307,151.171997,07/15/2025 16:04:48,0.302,2025-07-15 16:04:48,12.05,0.0,0.0,3.0,9.199111
7163,-33.865181,242307,151.171997,07/15/2025 16:04:48,0.32,2025-07-15 16:04:48,12.05,0.0,0.0,3.0,9.199111
50240,-33.796436,242161,150.987595,07/15/2025 05:19:32,0.216,2025-07-15 05:19:32,4.5,0.0,0.0,3.0,1.8019385
50240,-33.796436,242161,150.987595,07/15/2025 05:19:32,0.216,2025-07-15 05:19:32,4.5,0.0,0.0,3.0,1.8019385
7112,-33.843338,241083,151.043411,07/02/2025 16:02:32,0.296,2025-07-02 16:02:32,14.85,0.0,0.0,3.0,11.460437
7120,-33.886311,242549,151.217911,07/18/2025 07:26:37,0.102,2025-07-18 07:26:37,9.25,0.1,0.1,51.0,6.8105774
7121,-33.886032,242549,151.218079,07/18/2025 07:26:37,0.099,2025-07-18 07:26:37,9.25,0.1,0.1,51.0,6.8105774
F3FWY005,-33.429348,241266,151.22467,07/04/2025 10:59:09,0.663,2025-07-04 10:59:09,14.05,0.0,0.0,0.0,11.657815
F3FWY005,-33.429348,241266,151.22467,07/04/2025 10:59:09,0.663,2025-07-04 10:59:09,14.05,0.0,0.0,0.0,11.657815
10011,-33.876652,243678,151.230606,07/29/2025 16:39:04,0.178,2025-07-29 16:39:04,15.9,0.0,0.0,3.0,13.068058
7139,-33.876884,243678,151.228683,07/29/2025 16:39:04,0.004,2025-07-29 16:39:04,15.9,0.0,0.0,3.0,13.068058
23067,-33.934475,243930,151.15831,07/31/2025 13:32:37,0.537,2025-07-31 13:32:37,13.85,0.1,0.1,51.0,9.205362
7126,-34.035271,243965,151.113007,07/31/2025 19:32:27,0.701,2025-07-31 19:32:27,10.45,0.2,0.2,51.0,6.339037
7126,-34.035271,243965,151.113007,07/31/2025 19:32:27,0.701,2025-07-31 19:32:27,10.45,0.2,0.2,51.0,6.339037
7112,-33.843338,241083,151.043411,07/02/2025 16:02:32,0.296,2025-07-02 16:02:32,14.85,0.0,0.0,3.0,11.460437
7112,-33.843338,241083,151.043411,07/02/2025 16:02:32,0.296,2025-07-02 16:02:32,14.85,0.0,0.0,3.0,11.460437
F3FWY005,-33.429348,241266,151.22467,07/04/2025 10:59:09,0.663,2025-07-04 10:59:09,14.05,0.0,0.0,0.0,11.657815
50240,-33.796436,241117,150.987595,07/03/2025 00:16:55,0.51,2025-07-03 00:16:55,13.35,0.0,0.0,3.0,9.493182
50240,-33.796436,241117,150.987595,07/03/2025 00:16:55,0.51,2025-07-03 00:16:55,13.35,0.0,0.0,3.0,9.493182
7159,-33.888157,241368,150.922974,07/05/2025 11:09:35,0.02,2025-07-05 11:09:35,12.35,0.0,0.0,3.0,11.5237465
7159,-33.888157,241368,150.922974,07/05/2025 11:09:35,0.02,2025-07-05 11:09:35,12.35,0.0,0.0,3.0,11.5237465
7159,-33.888157,241368,150.922974,07/05/2025 11:09:35,0.02,2025-07-05 11:09:35,12.35,0.0,0.0,3.0,11.5237465
7159,-33.888157,241368,150.922974,07/05/2025 11:09:35,0.02,2025-07-05 11:09:35,12.35,0.0,0.0,3.0,11.5237465
7159,-33.888157,241368,150.922974,07/05/2025 11:09:35,0.02,2025-07-05 11:09:35,12.35,0.0,0.0,3.0,11.5237465
7159,-33.888157,241368,150.922974,07/05/2025 11:09:35,0.02,2025-07-05 11:09:35,12.35,0.0,0.0,3.0,11.5237465
7159,-33.888157,241368,150.922974,07/05/2025 11:09:35,0.02,2025-07-05 11:09:35,12.35,0.0,0.0,3.0,11.5237465
7159,-33.888157,241368,150.922974,07/05/2025 11:09:35,0.02,2025-07-05 11:09:35,12.35,0.0,0.0,3.0,11.5237465
7159,-33.888157,241368,150.922974,07/05/2025 11:09:35,0.02,2025-07-05 11:09:35,12.35,0.0,0.0,3.0,11.5237465
7159,-33.888157,241368,150.922974,07/05/2025 11:09:35,0.02,2025-07-05 11:09:35,12.35,0.0,0.0,3.0,11.5237465
7159,-33.888157,241368,150.922974,07/05/2025 11:09:35,0.02,2025-07-05 11:09:35,12.35,0.0,0.0,3.0,11.5237465
7159,-33.888157,241368,150.922974,07/05/2025 11:09:35,0.02,2025-07-05 11:09:35,12.35,0.0,0.0,3.0,11.5237465
7159,-33.888157,241368,150.922974,07/05/2025 11:09:35,0.02,2025-07-05 11:09:35,12.35,0.0,0.0,3.0,11.5237465
7159,-33.888157,241368,150.922974,07/05/2025 11:09:35,0.02,2025-07-05 11:09:35,12.35,0.0,0.0,3.0,11.5237465
7159,-33.888157,241368,150.922974,07/05/2025 11:09:35,0.02,2025-07-05 11:09:35,12.35,0.0,0.0,3.0,11.5237465
29005,-33.824696,241425,151.093216,07/06/2025 11:16:25,0.193,2025-07-06 11:16:25,17.7,0.0,0.0,0.0,17.366198
7159,-33.888157,241368,150.922974,07/05/2025 11:09:35,0.02,2025-07-05 11:09:35,12.35,0.0,0.0,3.0,11.5237465
29005,-33.824696,241425,151.093216,07/06/2025 11:16:25,0.193,2025-07-06 11:16:25,17.7,0.0,0.0,0.0,17.366198
7159,-33.888157,241368,150.922974,07/05/2025 11:09:35,0.02,2025-07-05 11:09:35,12.35,0.0,0.0,3.0,11.5237465
7159,-33.888157,241368,150.922974,07/05/2025 11:09:35,0.02,2025-07-05 11:09:35,12.35,0.0,0.0,3.0,11.5237465
7159,-33.888157,241368,150.922974,07/05/2025 11:09:35,0.02,2025-07-05 11:09:35,12.35,0.0,0.0,3.0,11.5237465
7159,-33.888157,241368,150.922974,07/05/2025 11:09:35,0.02,2025-07-05 11:09:35,12.35,0.0,0.0,3.0,11.5237465
7159,-33.888157,241368,150.922974,07/05/2025 11:09:35,0.02,2025-07-05 11:09:35,12.35,0.0,0.0,3.0,11.5237465
7159,-33.888157,241368,150.922974,07/05/2025 11:09:35,0.02,2025-07-05 11:09:35,12.35,0.0,0.0,3.0,11.5237465
7159,-33.888157,241368,150.922974,07/05/2025 11:09:35,0.02,2025-07-05 11:09:35,12.35,0.0,0.0,3.0,11.5237465
7159,-33.888157,241368,150.922974,07/05/2025 11:09:35,0.02,2025-07-05 11:09:35,12.35,0.0,0.0,3.0,11.5237465
T0288,-33.455536,241643,151.205093,07/09/2025 07:54:09,0.389,2025-07-09 07:54:09,8.85,0.0,0.0,0.0,5.85038
T0289,-33.455235,241643,151.205383,07/09/2025 07:54:09,0.432,2025-07-09 07:54:09,8.85,0.0,0.0,0.0,5.85038
T0290,-33.454796,241643,151.205872,07/09/2025 07:54:09,0.498,2025-07-09 07:54:09,8.85,0.0,0.0,0.0,5.85038
T0479-PR,-33.454525,241643,151.206726,07/09/2025 07:54:09,0.575,2025-07-09 07:54:09,8.85,0.0,0.0,0.0,5.85038
7251,-33.874916,241078,151.155319,07/02/2025 15:40:41,0.649,2025-07-02 15:40:41,16.55,0.0,0.0,3.0,13.408997
51235,-33.81551,242475,151.101105,07/17/2025 11:35:30,0.587,2025-07-17 11:35:30,10.8,0.0,0.0,3.0,8.81857
51235,-33.81551,242475,151.101105,07/17/2025 11:35:30,0.587,2025-07-17 11:35:30,10.8,0.0,0.0,3.0,8.81857
51235,-33.81551,242475,151.101105,07/17/2025 11:35:30,0.587,2025-07-17 11:35:30,10.8,0.0,0.0,3.0,8.81857
51235,-33.81551,242475,151.101105,07/17/2025 11:35:30,0.587,2025-07-17 11:35:30,10.8,0.0,0.0,3.0,8.81857
51235,-33.81551,242475,151.101105,07/17/2025 11:35:30,0.587,2025-07-17 11:35:30,10.8,0.0,0.0,3.0,8.81857
47024,-33.83889,242905,151.029022,07/22/2025 10:00:30,0.44,2025-07-22 10:00:30,13.95,0.0,0.0,3.0,13.550787
47024,-33.83889,242905,151.029022,07/22/2025 10:00:30,0.44,2025-07-22 10:00:30,13.95,0.0,0.0,3.0,13.550787
47024,-33.83889,242905,151.029022,07/22/2025 10:00:30,0.44,2025-07-22 10:00:30,13.95,0.0,0.0,3.0,13.550787
47024,-33.83889,242905,151.029022,07/22/2025 10:00:30,0.44,2025-07-22 10:00:30,13.95,0.0,0.0,3.0,13.550787
33014,-33.806141,243945,151.17952,07/31/2025 15:59:28,0.706,2025-07-31 15:59:28,12.65,0.1,0.1,51.0,8.180219
7120,-33.886311,241249,151.217911,07/04/2025 08:55:48,0.63,2025-07-04 08:55:48,9.8,0.0,0.0,0.0,6.4902306
7121,-33.886032,241249,151.218079,07/04/2025 08:55:48,0.601,2025-07-04 08:55:48,9.8,0.0,0.0,0.0,6.4902306
51235,-33.81551,241451,151.101105,07/06/2025 17:45:21,0.182,2025-07-06 17:45:21,15.85,0.0,0.0,3.0,15.23732
51235,-33.81551,241451,151.101105,07/06/2025 17:45:21,0.182,2025-07-06 17:45:21,15.85,0.0,0.0,3.0,15.23732
7274,-33.779202,241642,150.814102,07/09/2025 07:44:32,0.025,2025-07-09 07:44:32,6.55,0.0,0.0,0.0,4.4848003
7274,-33.779202,241642,150.814102,07/09/2025 07:44:32,0.025,2025-07-09 07:44:32,6.55,0.0,0.0,0.0,4.4848003
7274,-33.779202,241642,150.814102,07/09/2025 07:44:32,0.025,2025-07-09 07:44:32,6.55,0.0,0.0,0.0,4.4848003
10011,-33.876652,241875,151.230606,07/11/2025 03:56:58,0.259,2025-07-11 03:56:58,9.9,0.0,0.0,1.0,3.6198707
7139,-33.876884,241875,151.228683,07/11/2025 03:56:58,0.108,2025-07-11 03:56:58,9.9,0.0,0.0,1.0,3.6198707
7161,-33.740406,241884,151.060989,07/11/2025 07:13:40,0.065,2025-07-11 07:13:40,7.0,0.0,0.0,0.0,4.271222
F3FWY006,-33.395744,243116,151.297058,07/24/2025 12:44:36,0.173,2025-07-24 12:44:36,13.5465,0.0,0.0,0.0,10.280192
47024,-33.83889,243286,151.029022,07/25/2025 16:56:11,0.286,2025-07-25 16:56:11,14.45,0.0,0.0,3.0,11.949638
47024,-33.83889,243286,151.029022,07/25/2025 16:56:11,0.286,2025-07-25 16:56:11,14.45,0.0,0.0,3.0,11.949638
53004,-33.75317,243831,151.151077,07/31/2025 03:06:18,0.537,2025-07-31 03:06:18,8.65,0.5,0.5,53.0,6.063677
53004,-33.75317,243831,151.151077,07/31/2025 03:06:18,0.537,2025-07-31 03:06:18,8.65,0.5,0.5,53.0,6.063677
7270,-33.793304,243839,151.119659,07/31/2025 06:01:16,0.652,2025-07-31 06:01:16,8.95,0.1,0.1,51.0,6.5745335
7270,-33.793304,243839,151.119659,07/31/2025 06:01:16,0.652,2025-07-31 06:01:16,8.95,0.1,0.1,51.0,6.5745335
7270,-33.793304,243839,151.119659,07/31/2025 06:01:16,0.652,2025-07-31 06:01:16,8.95,0.1,0.1,51.0,6.5745335
7112,-33.843338,182922,151.043411,01/23/2024 12:03:20,0.168,2024-01-23 12:03:20,,,,,
7112,-33.843338,182922,151.043411,01/23/2024 12:03:20,0.168,2024-01-23 12:03:20,,,,,
7112,-33.843338,182922,151.043411,01/23/2024 12:03:20,0.168,2024-01-23 12:03:20,,,,,
7112,-33.843338,182922,151.043411,01/23/2024 12:03:20,0.168,2024-01-23 12:03:20,,,,,
7112,-33.843338,182922,151.043411,01/23/2024 12:03:20,0.168,2024-01-23 12:03:20,,,,,
7112,-33.843338,182922,151.043411,01/23/2024 12:03:20,0.168,2024-01-23 12:03:20,,,,,
7112,-33.843338,182922,151.043411,01/23/2024 12:03:20,0.168,2024-01-23 12:03:20,,,,,
7112,-33.843338,182922,151.043411,01/23/2024 12:03:20,0.168,2024-01-23 12:03:20,,,,,
7112,-33.843338,182922,151.043411,01/23/2024 12:03:20,0.168,2024-01-23 12:03:20,,,,,
7112,-33.843338,182922,151.043411,01/23/2024 12:03:20,0.168,2024-01-23 12:03:20,,,,,
68025,-33.816696,241319,150.976623,07/04/2025 16:26:01,0.411,2025-07-04 16:26:01,16.5,0.0,0.0,0.0,15.590172
68025,-33.816696,241319,150.976623,07/04/2025 16:26:01,0.411,2025-07-04 16:26:01,16.5,0.0,0.0,0.0,15.590172
68025,-33.816696,241319,150.976623,07/04/2025 16:26:01,0.411,2025-07-04 16:26:01,16.5,0.0,0.0,0.0,15.590172
68025,-33.816696,241319,150.976623,07/04/2025 16:26:01,0.411,2025-07-04 16:26:01,16.5,0.0,0.0,0.0,15.590172
68025,-33.816696,241319,150.976623,07/04/2025 16:26:01,0.411,2025-07-04 16:26:01,16.5,0.0,0.0,0.0,15.590172
7112,-33.843338,182922,151.043411,01/23/2024 12:03:20,0.168,2024-01-23 12:03:20,,,,,
33014,-33.806141,242323,151.17952,07/15/2025 17:49:46,0.864,2025-07-15 17:49:46,11.6,0.0,0.0,3.0,8.146971
33014,-33.806141,242323,151.17952,07/15/2025 17:49:46,0.864,2025-07-15 17:49:46,11.6,0.0,0.0,3.0,8.146971
33014,-33.806141,242323,151.17952,07/15/2025 17:49:46,0.864,2025-07-15 17:49:46,11.6,0.0,0.0,3.0,8.146971
68025,-33.816696,242498,150.976623,07/17/2025 15:11:39,0.071,2025-07-17 15:11:39,15.25,0.0,0.0,3.0,13.875273
7248,-33.906151,242744,151.040207,07/20/2025 11:00:01,0.383,2025-07-20 11:00:01,14.95,0.0,0.0,1.0,13.343498
7248,-33.906151,242744,151.040207,07/20/2025 11:00:01,0.384,2025-07-20 11:00:01,14.95,0.0,0.0,1.0,13.343498
7274,-33.779202,240827,150.814102,07/01/2025 21:07:55,0.02,2025-07-01 21:07:55,10.05,0.5,0.5,53.0,4.2244434
23067,-33.934475,241476,151.15831,07/07/2025 07:09:32,0.337,2025-07-07 07:09:32,9.7,0.0,0.0,0.0,6.6311016
23067,-33.934475,241476,151.15831,07/07/2025 07:09:32,0.337,2025-07-07 07:09:32,9.7,0.0,0.0,0.0,6.6311016
23067,-33.934475,241476,151.15831,07/07/2025 07:09:32,0.337,2025-07-07 07:09:32,9.7,0.0,0.0,0.0,6.6311016
7161,-33.740406,241754,151.060989,07/10/2025 08:39:43,0.451,2025-07-10 08:39:43,10.95,0.0,0.0,0.0,6.541313
7161,-33.740406,241754,151.060989,07/10/2025 08:39:43,0.451,2025-07-10 08:39:43,10.95,0.0,0.0,0.0,6.541313
33014,-33.806141,242152,151.17952,07/14/2025 20:59:17,0.858,2025-07-14 20:59:17,11.2,0.0,0.0,0.0,9.357014
33014,-33.806141,242152,151.17952,07/14/2025 20:59:17,0.858,2025-07-14 20:59:17,11.2,0.0,0.0,0.0,9.357014
33014,-33.806141,242152,151.17952,07/14/2025 20:59:17,0.858,2025-07-14 20:59:17,11.2,0.0,0.0,0.0,9.357014
F3FWY001,-33.694206,243814,151.121323,07/30/2025 19:08:55,0.191,2025-07-30 19:08:55,9.4,1.0,1.0,55.0,7.0111504
7184,-33.772957,243899,151.135391,07/31/2025 10:26:59,0.423,2025-07-31 10:26:59,11.75,0.4,0.4,51.0,9.042282
7184,-33.772957,243899,151.135391,07/31/2025 10:26:59,0.423,2025-07-31 10:26:59,11.75,0.4,0.4,51.0,9.042282
7163,-33.865181,241432,151.171997,07/06/2025 12:25:26,0.229,2025-07-06 12:25:26,19.6,0.0,0.0,0.0,18.49576
7164,-33.81562,241463,150.969238,07/07/2025 00:58:19,0.047,2025-07-07 00:58:19,9.8,0.0,0.0,0.0,8.879199
7164,-33.81562,241463,150.969238,07/07/2025 00:58:19,0.047,2025-07-07 00:58:19,9.8,0.0,0.0,0.0,8.879199
50260,-33.819763,241849,151.05188,07/10/2025 17:13:05,0.176,2025-07-10 17:13:05,11.1,0.0,0.0,0.0,6.5823402
7161,-33.740406,242339,151.060989,07/16/2025 02:27:38,0.047,2025-07-16 02:27:38,6.25,0.0,0.0,0.0,3.276703
50260,-33.819763,243298,151.05188,07/25/2025 18:48:09,0.377,2025-07-25 18:48:09,12.65,0.0,0.0,3.0,10.706798
50260,-33.819763,243298,151.05188,07/25/2025 18:48:09,0.377,2025-07-25 18:48:09,12.65,0.0,0.0,3.0,10.706798
50260,-33.819763,243298,151.05188,07/25/2025 18:48:09,0.377,2025-07-25 18:48:09,12.65,0.0,0.0,3.0,10.706798
32029,-33.821175,243440,151.149902,07/26/2025 17:38:12,0.218,2025-07-26 17:38:12,15.8,0.0,0.0,0.0,13.685673
7163,-33.865181,243569,151.171997,07/28/2025 13:55:33,0.599,2025-07-28 13:55:33,16.8,0.0,0.0,2.0,12.292267
7163,-33.865181,243569,151.171997,07/28/2025 13:55:33,0.599,2025-07-28 13:55:33,16.8,0.0,0.0,2.0,12.292267
7163,-33.865181,243569,151.171997,07/28/2025 13:55:33,0.599,2025-07-28 13:55:33,16.8,0.0,0.0,2.0,12.292267
10011,-33.876652,243850,151.230606,07/31/2025 07:36:52,0.105,2025-07-31 07:36:52,10.1,0.3,0.3,51.0,6.070121
7139,-33.876884,243850,151.228683,07/31/2025 07:36:52,0.075,2025-07-31 07:36:52,10.1,0.3,0.3,51.0,6.070121
10011,-33.876652,243850,151.230606,07/31/2025 07:36:52,0.105,2025-07-31 07:36:52,10.1,0.3,0.3,51.0,6.070121
7139,-33.876884,243850,151.228683,07/31/2025 07:36:52,0.075,2025-07-31 07:36:52,10.1,0.3,0.3,51.0,6.070121
10011,-33.876652,243850,151.230606,07/31/2025 07:36:52,0.105,2025-07-31 07:36:52,10.1,0.3,0.3,51.0,6.070121
7139,-33.876884,243850,151.228683,07/31/2025 07:36:52,0.075,2025-07-31 07:36:52,10.1,0.3,0.3,51.0,6.070121
7120,-33.886311,243863,151.217911,07/31/2025 08:51:44,0.044,2025-07-31 08:51:44,11.0,0.2,0.2,51.0,7.465439
7121,-33.886032,243863,151.218079,07/31/2025 08:51:44,0.019,2025-07-31 08:51:44,11.0,0.2,0.2,51.0,7.465439
7120,-33.886311,243863,151.217911,07/31/2025 08:51:44,0.087,2025-07-31 08:51:44,11.0,0.2,0.2,51.0,7.465439
7121,-33.886032,243863,151.218079,07/31/2025 08:51:44,0.053,2025-07-31 08:51:44,11.0,0.2,0.2,51.0,7.465439
10011,-33.876652,243850,151.230606,07/31/2025 07:36:52,0.105,2025-07-31 07:36:52,10.1,0.3,0.3,51.0,6.070121
7139,-33.876884,243850,151.228683,07/31/2025 07:36:52,0.075,2025-07-31 07:36:52,10.1,0.3,0.3,51.0,6.070121
50240,-33.796436,240656,150.987595,07/01/2025 06:20:00,0.086,2025-07-01 06:20:00,10.45,1.4,1.4,61.0,8.177229
50240,-33.796436,240656,150.987595,07/01/2025 06:20:00,0.086,2025-07-01 06:20:00,10.45,1.4,1.4,61.0,8.177229
29005,-33.824696,240721,151.093216,07/01/2025 13:13:30,0.035,2025-07-01 13:13:30,11.3,5.8,5.8,63.0,7.1280613
7248,-33.906151,241363,151.040207,07/05/2025 10:12:55,0.282,2025-07-05 10:12:55,10.2,0.0,0.0,3.0,9.117458
7248,-33.906151,241363,151.040207,07/05/2025 10:12:55,0.282,2025-07-05 10:12:55,10.2,0.0,0.0,3.0,9.117458
7248,-33.906151,241363,151.040207,07/05/2025 10:12:55,0.282,2025-07-05 10:12:55,10.2,0.0,0.0,3.0,9.117458
22001,-33.825577,241577,151.233261,07/08/2025 08:23:58,0.469,2025-07-08 08:23:58,7.7,0.0,0.0,3.0,5.572809
22001,-33.825577,241577,151.233261,07/08/2025 08:23:58,0.469,2025-07-08 08:23:58,7.7,0.0,0.0,3.0,5.572809
22001,-33.825577,241577,151.233261,07/08/2025 08:23:58,0.469,2025-07-08 08:23:58,7.7,0.0,0.0,3.0,5.572809
22001,-33.825577,241577,151.233261,07/08/2025 08:23:58,0.469,2025-07-08 08:23:58,7.7,0.0,0.0,3.0,5.572809
50240,-33.796436,241879,150.987595,07/11/2025 06:32:17,0.038,2025-07-11 06:32:17,8.5,0.0,0.0,0.0,5.355788
50240,-33.796436,241879,150.987595,07/11/2025 06:32:17,0.038,2025-07-11 06:32:17,8.5,0.0,0.0,0.0,5.355788
68025,-33.816696,241915,150.976623,07/11/2025 11:30:51,0.417,2025-07-11 11:30:51,15.2,0.0,0.0,0.0,12.84096
68025,-33.816696,241915,150.976623,07/11/2025 11:30:51,0.417,2025-07-11 11:30:51,15.2,0.0,0.0,0.0,12.84096
68025,-33.816696,241915,150.976623,07/11/2025 11:30:51,0.417,2025-07-11 11:30:51,15.2,0.0,0.0,0.0,12.84096
7132,-33.953056,242137,151.137482,07/14/2025 18:24:26,0.02,2025-07-14 18:24:26,12.3,0.0,0.0,0.0,10.093836
7163,-33.865181,242427,151.171997,07/16/2025 18:48:02,0.576,2025-07-16 18:48:02,11.25,0.0,0.0,0.0,9.552589
51235,-33.81551,242997,151.101105,07/23/2025 09:30:48,0.217,2025-07-23 09:30:48,14.15,0.0,0.0,0.0,13.735186
7161,-33.740406,243114,151.060989,07/24/2025 12:35:39,0.027,2025-07-24 12:35:39,13.5,0.0,0.0,0.0,10.655404
51235,-33.81551,241192,151.101105,07/03/2025 15:34:21,0.082,2025-07-03 15:34:21,17.15,0.0,0.0,2.0,14.0923195
51235,-33.81551,241192,151.101105,07/03/2025 15:34:21,0.082,2025-07-03 15:34:21,17.15,0.0,0.0,2.0,14.0923195
7112,-33.843338,241744,151.043411,07/10/2025 06:31:28,0.572,2025-07-10 06:31:28,11.2,0.0,0.0,0.0,7.8136616
7112,-33.843338,241744,151.043411,07/10/2025 06:31:28,0.572,2025-07-10 06:31:28,11.2,0.0,0.0,0.0,7.8136616
7112,-33.843338,241744,151.043411,07/10/2025 06:31:28,0.572,2025-07-10 06:31:28,11.2,0.0,0.0,0.0,7.8136616
7112,-33.843338,241744,151.043411,07/10/2025 06:31:28,0.572,2025-07-10 06:31:28,11.2,0.0,0.0,0.0,7.8136616
53004,-33.75317,242393,151.151077,07/16/2025 14:06:44,0.45,2025-07-16 14:06:44,15.7,0.0,0.0,0.0,12.984299
53004,-33.75317,242393,151.151077,07/16/2025 14:06:44,0.45,2025-07-16 14:06:44,15.7,0.0,0.0,0.0,12.984299
53004,-33.75317,242393,151.151077,07/16/2025 14:06:44,0.45,2025-07-16 14:06:44,15.7,0.0,0.0,0.0,12.984299
53004,-33.75317,242393,151.151077,07/16/2025 14:06:44,0.45,2025-07-16 14:06:44,15.7,0.0,0.0,0.0,12.984299
53004,-33.75317,242393,151.151077,07/16/2025 14:06:44,0.45,2025-07-16 14:06:44,15.7,0.0,0.0,0.0,12.984299
53004,-33.75317,242393,151.151077,07/16/2025 14:06:44,0.45,2025-07-16 14:06:44,15.7,0.0,0.0,0.0,12.984299
53004,-33.75317,242393,151.151077,07/16/2025 14:06:44,0.45,2025-07-16 14:06:44,15.7,0.0,0.0,0.0,12.984299
53004,-33.75317,242393,151.151077,07/16/2025 14:06:44,0.45,2025-07-16 14:06:44,15.7,0.0,0.0,0.0,12.984299
7251,-33.874916,243360,151.155319,07/25/2025 22:14:54,0.031,2025-07-25 22:14:54,14.3,0.0,0.0,3.0,10.998818
7112,-33.843338,241299,151.043411,07/04/2025 14:26:54,0.121,2025-07-04 14:26:54,17.35,0.0,0.0,0.0,16.730673
7248,-33.906151,241603,151.040207,07/08/2025 14:46:45,0.087,2025-07-08 14:46:45,15.0,0.0,0.0,3.0,13.686054
7248,-33.906151,241603,151.040207,07/08/2025 14:46:45,0.113,2025-07-08 14:46:45,15.0,0.0,0.0,3.0,13.686054
7161,-33.740406,241623,151.060989,07/08/2025 18:27:46,0.45,2025-07-08 18:27:46,13.15,0.0,0.0,0.0,9.275172
7120,-33.886311,241738,151.217911,07/10/2025 05:03:36,0.381,2025-07-10 05:03:36,11.7,0.0,0.0,0.0,8.307402
7121,-33.886032,241738,151.218079,07/10/2025 05:03:36,0.386,2025-07-10 05:03:36,11.7,0.0,0.0,0.0,8.307402
7120,-33.886311,241738,151.217911,07/10/2025 05:03:36,0.381,2025-07-10 05:03:36,11.7,0.0,0.0,0.0,8.307402
7121,-33.886032,241738,151.218079,07/10/2025 05:03:36,0.386,2025-07-10 05:03:36,11.7,0.0,0.0,0.0,8.307402
74230,-33.724735,241825,151.086151,07/10/2025 14:54:25,0.015,2025-07-10 14:54:25,12.75,0.0,0.0,2.0,6.7664623
74230,-33.724735,241825,151.086151,07/10/2025 14:54:25,0.015,2025-07-10 14:54:25,12.75,0.0,0.0,2.0,6.7664623
74230,-33.724735,241825,151.086151,07/10/2025 14:54:25,0.015,2025-07-10 14:54:25,12.75,0.0,0.0,2.0,6.7664623
74230,-33.724735,241825,151.086151,07/10/2025 14:54:25,0.015,2025-07-10 14:54:25,12.75,0.0,0.0,2.0,6.7664623
74230,-33.724735,241825,151.086151,07/10/2025 14:54:25,0.015,2025-07-10 14:54:25,12.75,0.0,0.0,2.0,6.7664623
74230,-33.724735,241825,151.086151,07/10/2025 14:54:25,0.015,2025-07-10 14:54:25,12.75,0.0,0.0,2.0,6.7664623
74230,-33.724735,241825,151.086151,07/10/2025 14:54:25,0.015,2025-07-10 14:54:25,12.75,0.0,0.0,2.0,6.7664623
74230,-33.724735,241825,151.086151,07/10/2025 14:54:25,0.015,2025-07-10 14:54:25,12.75,0.0,0.0,2.0,6.7664623
74230,-33.724735,241825,151.086151,07/10/2025 14:54:25,0.015,2025-07-10 14:54:25,12.75,0.0,0.0,2.0,6.7664623
74230,-33.724735,241825,151.086151,07/10/2025 14:54:25,0.015,2025-07-10 14:54:25,12.75,0.0,0.0,2.0,6.7664623
74230,-33.724735,241825,151.086151,07/10/2025 14:54:25,0.015,2025-07-10 14:54:25,12.75,0.0,0.0,2.0,6.7664623
7153,-33.8651123046875,242201,151.041610717773,07/15/2025 08:50:24,0.028,2025-07-15 08:50:24,6.9,0.0,0.0,3.0,3.7834606
7163,-33.865181,242436,151.171997,07/17/2025 06:03:05,0.336,2025-07-17 06:03:05,4.5,0.0,0.0,3.0,1.2726355
7179,-33.817272,242474,150.962784,07/17/2025 11:15:31,0.009,2025-07-17 11:15:31,10.5,0.0,0.0,3.0,8.674489
7248,-33.906151,243769,151.040207,07/30/2025 14:20:32,0.031,2025-07-30 14:20:32,10.4,1.8,1.8,61.0,8.601075
7112,-33.843338,240854,151.043411,07/01/2025 23:30:55,0.579,2025-07-01 23:30:55,10.35,4.4,4.4,63.0,5.6972647
53004,-33.75317,241272,151.151077,07/04/2025 11:11:29,0.455,2025-07-04 11:11:29,14.45,0.0,0.0,0.0,12.322622
53004,-33.75317,241272,151.151077,07/04/2025 11:11:29,0.455,2025-07-04 11:11:29,14.45,0.0,0.0,0.0,12.322622
7179,-33.817272,241459,150.962784,07/06/2025 20:02:43,0.198,2025-07-06 20:02:43,13.7,0.0,0.0,0.0,12.094318
7179,-33.817272,241459,150.962784,07/06/2025 20:02:43,0.198,2025-07-06 20:02:43,13.7,0.0,0.0,0.0,12.094318
7179,-33.817272,242021,150.962784,07/12/2025 14:57:01,0.151,2025-07-12 14:57:01,17.55,0.0,0.0,1.0,15.206804
7120,-33.886311,242908,151.217911,07/22/2025 10:08:00,0.12,2025-07-22 10:08:00,14.45,0.0,0.0,3.0,13.189497
7121,-33.886032,242908,151.218079,07/22/2025 10:08:00,0.086,2025-07-22 10:08:00,14.45,0.0,0.0,3.0,13.189497
7120,-33.886311,242908,151.217911,07/22/2025 10:08:00,0.12,2025-07-22 10:08:00,14.45,0.0,0.0,3.0,13.189497
7121,-33.886032,242908,151.218079,07/22/2025 10:08:00,0.086,2025-07-22 10:08:00,14.45,0.0,0.0,3.0,13.189497
7120,-33.886311,242908,151.217911,07/22/2025 10:08:00,0.12,2025-07-22 10:08:00,14.45,0.0,0.0,3.0,13.189497
7121,-33.886032,242908,151.218079,07/22/2025 10:08:00,0.086,2025-07-22 10:08:00,14.45,0.0,0.0,3.0,13.189497
7120,-33.886311,242908,151.217911,07/22/2025 10:08:00,0.12,2025-07-22 10:08:00,14.45,0.0,0.0,3.0,13.189497
7121,-33.886032,242908,151.218079,07/22/2025 10:08:00,0.086,2025-07-22 10:08:00,14.45,0.0,0.0,3.0,13.189497
7120,-33.886311,242908,151.217911,07/22/2025 10:08:00,0.12,2025-07-22 10:08:00,14.45,0.0,0.0,3.0,13.189497
7121,-33.886032,242908,151.218079,07/22/2025 10:08:00,0.086,2025-07-22 10:08:00,14.45,0.0,0.0,3.0,13.189497
7179,-33.817272,243357,150.962784,07/25/2025 21:37:09,0.134,2025-07-25 21:37:09,12.25,0.0,0.0,3.0,9.652893
7179,-33.817272,243357,150.962784,07/25/2025 21:37:09,0.134,2025-07-25 21:37:09,12.25,0.0,0.0,3.0,9.652893
7112,-33.843338,243589,151.043411,07/28/2025 16:03:04,0.106,2025-07-28 16:03:04,15.05,0.0,0.0,1.0,11.465818
7179,-33.817272,240687,150.962784,07/01/2025 10:01:06,0.652,2025-07-01 10:01:06,11.2,3.5,3.5,63.0,7.621025
F3FWY004,-33.496265,242069,151.187408,07/13/2025 17:40:26,0.159,2025-07-13 17:40:26,15.0,0.0,0.0,3.0,10.165346
F3FWY004,-33.496265,242069,151.187408,07/13/2025 17:40:26,0.159,2025-07-13 17:40:26,15.0,0.0,0.0,3.0,10.165346
53004,-33.75317,242113,151.151077,07/14/2025 14:03:04,0.657,2025-07-14 14:03:04,16.35,0.0,0.0,0.0,13.348265
53004,-33.75317,242113,151.151077,07/14/2025 14:03:04,0.602,2025-07-14 14:03:04,16.35,0.0,0.0,0.0,13.348265
53004,-33.75317,242113,151.151077,07/14/2025 14:03:04,0.609,2025-07-14 14:03:04,16.35,0.0,0.0,0.0,13.348265
53004,-33.75317,242113,151.151077,07/14/2025 14:03:04,0.609,2025-07-14 14:03:04,16.35,0.0,0.0,0.0,13.348265
53004,-33.75317,242113,151.151077,07/14/2025 14:03:04,0.609,2025-07-14 14:03:04,16.35,0.0,0.0,0.0,13.348265
53004,-33.75317,242113,151.151077,07/14/2025 14:03:04,0.609,2025-07-14 14:03:04,16.35,0.0,0.0,0.0,13.348265
53004,-33.75317,242113,151.151077,07/14/2025 14:03:04,0.609,2025-07-14 14:03:04,16.35,0.0,0.0,0.0,13.348265
7179,-33.817272,242124,150.962784,07/14/2025 15:34:30,0.1,2025-07-14 15:34:30,16.95,0.0,0.0,0.0,14.446251
7179,-33.817272,242124,150.962784,07/14/2025 15:34:30,0.1,2025-07-14 15:34:30,16.95,0.0,0.0,0.0,14.446251
7179,-33.817272,242124,150.962784,07/14/2025 15:34:30,0.145,2025-07-14 15:34:30,16.95,0.0,0.0,0.0,14.446251
53004,-33.75317,242113,151.151077,07/14/2025 14:03:04,0.609,2025-07-14 14:03:04,16.35,0.0,0.0,0.0,13.348265
53004,-33.75317,243887,151.151077,07/31/2025 10:11:23,0.443,2025-07-31 10:11:23,11.75,0.4,0.4,51.0,9.042282
68025,-33.816696,240828,150.976623,07/01/2025 21:11:29,0.337,2025-07-01 21:11:29,10.0,0.6,0.6,53.0,5.0534554
7163,-33.865181,241243,151.171997,07/04/2025 07:50:13,0.532,2025-07-04 07:50:13,9.55,0.0,0.0,0.0,6.214279
F3FWY005,-33.429348,241633,151.22467,07/09/2025 05:17:06,0.15,2025-07-09 05:17:06,9.5,0.0,0.0,0.0,6.414714
F3FWY005,-33.429348,241633,151.22467,07/09/2025 05:17:06,0.15,2025-07-09 05:17:06,9.5,0.0,0.0,0.0,6.414714
F3FWY005,-33.429348,241633,151.22467,07/09/2025 05:17:06,0.15,2025-07-09 05:17:06,9.5,0.0,0.0,0.0,6.414714
F3FWY005,-33.429348,241633,151.22467,07/09/2025 05:17:06,0.15,2025-07-09 05:17:06,9.5,0.0,0.0,0.0,6.414714
F3FWY005,-33.429348,241633,151.22467,07/09/2025 05:17:06,0.15,2025-07-09 05:17:06,9.5,0.0,0.0,0.0,6.414714
F3FWY005,-33.429348,241633,151.22467,07/09/2025 05:17:06,0.15,2025-07-09 05:17:06,9.5,0.0,0.0,0.0,6.414714
74228,-33.723019,241991,151.036606,07/12/2025 00:19:31,0.169,2025-07-12 00:19:31,10.15,0.0,0.0,0.0,7.7709274
74228,-33.723019,241991,151.036606,07/12/2025 00:19:31,0.169,2025-07-12 00:19:31,10.15,0.0,0.0,0.0,7.7709274
23067,-33.934475,242093,151.15831,07/14/2025 06:58:43,0.406,2025-07-14 06:58:43,9.6,0.0,0.0,0.0,7.78778
33014,-33.806141,242313,151.17952,07/15/2025 16:28:47,0.674,2025-07-15 16:28:47,12.05,0.0,0.0,3.0,9.199111
33014,-33.806141,242313,151.17952,07/15/2025 16:28:47,0.674,2025-07-15 16:28:47,12.05,0.0,0.0,3.0,9.199111
33014,-33.806141,242313,151.17952,07/15/2025 16:28:47,0.674,2025-07-15 16:28:47,12.05,0.0,0.0,3.0,9.199111
33014,-33.806141,242313,151.17952,07/15/2025 16:28:47,0.674,2025-07-15 16:28:47,12.05,0.0,0.0,3.0,9.199111
33014,-33.806141,242313,151.17952,07/15/2025 16:28:47,0.674,2025-07-15 16:28:47,12.05,0.0,0.0,3.0,9.199111
33014,-33.806141,242317,151.17952,07/15/2025 16:57:47,0.796,2025-07-15 16:57:47,12.05,0.0,0.0,3.0,9.199111
33014,-33.806141,242317,151.17952,07/15/2025 16:57:47,0.796,2025-07-15 16:57:47,12.05,0.0,0.0,3.0,9.199111
33014,-33.806141,242317,151.17952,07/15/2025 16:57:47,0.796,2025-07-15 16:57:47,12.05,0.0,0.0,3.0,9.199111
33014,-33.806141,242313,151.17952,07/15/2025 16:28:47,0.674,2025-07-15 16:28:47,12.05,0.0,0.0,3.0,9.199111
33014,-33.806141,242313,151.17952,07/15/2025 16:28:47,0.674,2025-07-15 16:28:47,12.05,0.0,0.0,3.0,9.199111
33014,-33.806141,242313,151.17952,07/15/2025 16:28:47,0.674,2025-07-15 16:28:47,12.05,0.0,0.0,3.0,9.199111
33014,-33.806141,242313,151.17952,07/15/2025 16:28:47,0.674,2025-07-15 16:28:47,12.05,0.0,0.0,3.0,9.199111
T0288,-33.455536,242906,151.205093,07/22/2025 10:03:09,0.108,2025-07-22 10:03:09,14.85,0.0,0.0,3.0,13.597235
T0289,-33.455235,242906,151.205383,07/22/2025 10:03:09,0.065,2025-07-22 10:03:09,14.85,0.0,0.0,3.0,13.597235
T0290,-33.454796,242906,151.205872,07/22/2025 10:03:09,0.006,2025-07-22 10:03:09,14.85,0.0,0.0,3.0,13.597235
T0479-PR,-33.454525,242906,151.206726,07/22/2025 10:03:09,0.089,2025-07-22 10:03:09,14.85,0.0,0.0,3.0,13.597235
33014,-33.806141,242313,151.17952,07/15/2025 16:28:47,0.674,2025-07-15 16:28:47,12.05,0.0,0.0,3.0,9.199111
33014,-33.806141,242313,151.17952,07/15/2025 16:28:47,0.674,2025-07-15 16:28:47,12.05,0.0,0.0,3.0,9.199111
47024,-33.83889,241030,151.029022,07/02/2025 12:15:14,0.248,2025-07-02 12:15:14,16.95,0.0,0.0,2.0,14.678101
51235,-33.81551,241193,151.101105,07/03/2025 15:39:22,0.118,2025-07-03 15:39:22,17.15,0.0,0.0,2.0,14.0923195
51235,-33.81551,241193,151.101105,07/03/2025 15:39:22,0.118,2025-07-03 15:39:22,17.15,0.0,0.0,2.0,14.0923195
51235,-33.81551,241515,151.101105,07/07/2025 11:56:39,0.654,2025-07-07 11:56:39,15.1,0.0,0.0,1.0,13.925684
51235,-33.81551,241515,151.101105,07/07/2025 11:56:39,0.446,2025-07-07 11:56:39,15.1,0.0,0.0,1.0,13.925684
51235,-33.81551,241515,151.101105,07/07/2025 11:56:39,0.446,2025-07-07 11:56:39,15.1,0.0,0.0,1.0,13.925684
51235,-33.81551,241515,151.101105,07/07/2025 11:56:39,0.446,2025-07-07 11:56:39,15.1,0.0,0.0,1.0,13.925684
7120,-33.886311,241742,151.217911,07/10/2025 05:47:38,0.05,2025-07-10 05:47:38,11.7,0.0,0.0,0.0,8.307402
7121,-33.886032,241742,151.218079,07/10/2025 05:47:38,0.024,2025-07-10 05:47:38,11.7,0.0,0.0,0.0,8.307402
7120,-33.886311,242319,151.217911,07/15/2025 17:16:37,0.07,2025-07-15 17:16:37,11.6,0.0,0.0,3.0,8.146971
7121,-33.886032,242319,151.218079,07/15/2025 17:16:37,0.036,2025-07-15 17:16:37,11.6,0.0,0.0,3.0,8.146971
F3FWY003,-33.560299,242464,151.192551,07/17/2025 10:00:58,0.917,2025-07-17 10:00:58,12.7,0.0,0.0,3.0,10.681929
F3FWY003,-33.560299,242464,151.192551,07/17/2025 10:00:58,0.917,2025-07-17 10:00:58,12.7,0.0,0.0,3.0,10.681929
F3FWY003,-33.560299,242464,151.192551,07/17/2025 10:00:58,0.917,2025-07-17 10:00:58,12.7,0.0,0.0,3.0,10.681929
F3FWY003,-33.560299,242464,151.192551,07/17/2025 10:00:58,0.917,2025-07-17 10:00:58,12.7,0.0,0.0,3.0,10.681929
7179,-33.817272,242996,150.962784,07/23/2025 09:21:39,0.502,2025-07-23 09:21:39,13.55,0.0,0.0,0.0,13.231895
7179,-33.817272,242996,150.962784,07/23/2025 09:21:39,0.502,2025-07-23 09:21:39,13.55,0.0,0.0,0.0,13.231895
74229,-33.760658,243039,151.07962,07/23/2025 15:26:29,0.017,2025-07-23 15:26:29,17.15,0.1,0.1,51.0,15.515549
74229,-33.760658,243039,151.07962,07/23/2025 15:26:29,0.017,2025-07-23 15:26:29,17.15,0.1,0.1,51.0,15.515549
74229,-33.760658,243039,151.07962,07/23/2025 15:26:29,0.017,2025-07-23 15:26:29,17.15,0.1,0.1,51.0,15.515549
7161,-33.740406,243103,151.060989,07/24/2025 10:55:24,0.016,2025-07-24 10:55:24,10.7,0.0,0.0,0.0,7.2694416
7161,-33.740406,243103,151.060989,07/24/2025 10:55:24,0.028,2025-07-24 10:55:24,10.7,0.0,0.0,0.0,7.2694416
50240,-33.796436,243623,150.987595,07/29/2025 09:08:09,0.475,2025-07-29 09:08:09,12.2,0.0,0.0,2.0,9.494093
50240,-33.796436,243623,150.987595,07/29/2025 09:08:09,0.504,2025-07-29 09:08:09,12.2,0.0,0.0,2.0,9.494093
7272,-33.916008,243829,151.014008,07/31/2025 00:35:57,0.438,2025-07-31 00:35:57,10.0,0.2,0.2,51.0,7.4545536
10011,-33.876652,243928,151.230606,07/31/2025 13:18:53,0.073,2025-07-31 13:18:53,13.65,0.1,0.1,51.0,9.0671625
7139,-33.876884,243928,151.228683,07/31/2025 13:18:53,0.123,2025-07-31 13:18:53,13.65,0.1,0.1,51.0,9.0671625
74230,-33.724735,244842,151.086151,08/06/2025 16:20:35,0.471,2025-08-06 16:20:35,16.25,0.0,0.0,0.0,13.441658
7164,-33.81562,245626,150.969238,08/14/2025 08:02:50,0.024,2025-08-14 08:02:50,10.35,0.1,0.1,51.0,8.250912
7274,-33.779202,245902,150.814102,08/16/2025 12:53:14,0.125,2025-08-16 12:53:14,17.1,0.1,0.1,51.0,15.630108
74230,-33.724735,246742,151.086151,08/21/2025 16:09:00,0.787,2025-08-21 16:09:00,13.05,2.0,2.0,61.0,11.860243
33014,-33.806141,247418,151.17952,08/27/2025 17:33:58,0.899,2025-08-27 17:33:58,14.7,0.0,0.0,0.0,11.234741
7251,-33.874916,212241,151.155319,10/25/2024 18:40:17,0.073,2024-10-25 18:40:17,,,,,
F3FWY003,-33.560299,247745,151.192551,08/31/2025 11:06:15,0.669,2025-08-31 11:06:15,17.45,0.0,0.0,0.0,16.543032
23067,-33.934475,247756,151.15831,08/31/2025 13:31:07,0.182,2025-08-31 13:31:07,18.25,0.0,0.0,0.0,17.206697
T0085,-33.665455,247273,151.090271,08/26/2025 14:43:22,0.346,2025-08-26 14:43:22,23.85,0.0,0.0,0.0,22.655636
9658,-33.79353,244979,151.018829,08/07/2025 18:09:25,0.593,2025-08-07 18:09:25,12.15,0.0,0.0,3.0,10.793558
29005,-33.824696,245027,151.093216,08/08/2025 08:14:37,0.163,2025-08-08 08:14:37,9.9,0.0,0.0,3.0,8.106476
68025,-33.816696,245908,150.976623,08/16/2025 14:51:45,0.092,2025-08-16 14:51:45,16.2,0.1,0.1,51.0,15.391081
51235,-33.81551,246935,151.101105,08/22/2025 17:49:14,0.705,2025-08-22 17:49:14,15.65,0.0,0.0,3.0,16.47509
53004,-33.75317,247272,151.151077,08/26/2025 14:36:08,0.408,2025-08-26 14:36:08,23.8,0.0,0.0,0.0,23.484266
7179,-33.817272,247279,150.962784,08/26/2025 15:13:45,0.038,2025-08-26 15:13:45,24.15,0.0,0.0,1.0,23.633583
7112,-33.843338,247317,151.043411,08/26/2025 19:30:00,0.343,2025-08-26 19:30:00,18.55,0.0,0.0,0.0,17.404507
7120,-33.886311,245418,151.217911,08/12/2025 10:14:45,0.126,2025-08-12 10:14:45,11.55,0.0,0.0,0.0,9.672243
7121,-33.886032,245418,151.218079,08/12/2025 10:14:45,0.13,2025-08-12 10:14:45,11.55,0.0,0.0,0.0,9.672243
7179,-33.817272,244317,150.962784,08/03/2025 10:37:00,0.267,2025-08-03 10:37:00,15.2,0.6,0.6,53.0,13.256861
33014,-33.806141,244894,151.17952,08/07/2025 10:25:38,0.765,2025-08-07 10:25:38,13.55,0.9,0.9,53.0,12.544762
7112,-33.843338,245952,151.043411,08/17/2025 15:22:51,0.763,2025-08-17 15:22:51,15.55,0.0,0.0,2.0,12.789207
50250,-33.797592,232994,150.975433,04/30/2025 04:38:31,0.015,2025-04-30 04:38:31,13.95,0.0,0.0,1.0,13.25322
34016,-33.778187,246177,151.267136,08/19/2025 16:30:29,0.2,2025-08-19 16:30:29,13.65,0.2,0.2,51.0,11.169947
7179,-33.817272,244105,150.962784,08/02/2025 08:44:56,0.008,2025-08-02 08:44:56,10.85,0.5,0.5,53.0,8.788151
F3FWY003,-33.560299,244351,151.192551,08/03/2025 12:15:57,0.044,2025-08-03 12:15:57,14.75,1.1,1.1,55.0,12.757404
7179,-33.817272,244521,150.962784,08/04/2025 11:31:08,0.753,2025-08-04 11:31:08,15.8,0.0,0.0,3.0,15.974682
F3FWY003,-33.560299,245251,151.192551,08/10/2025 18:15:40,0.022,2025-08-10 18:15:40,11.15,0.0,0.0,0.0,10.137549
9834-PR,-34.033203,245526,151.092529,08/13/2025 08:52:31,0.549,2025-08-13 08:52:31,9.2,0.0,0.0,0.0,7.388543
7163,-33.865181,245544,151.171997,08/13/2025 10:22:49,0.443,2025-08-13 10:22:49,11.95,0.0,0.0,0.0,10.757078
7248,-33.906151,245678,151.040207,08/14/2025 14:06:41,0.015,2025-08-14 14:06:41,14.65,0.0,0.0,3.0,12.803097
53004,-33.75317,245912,151.151077,08/16/2025 15:49:53,0.446,2025-08-16 15:49:53,15.95,0.1,0.1,51.0,14.17017
7112,-33.843338,246275,151.043411,08/20/2025 11:15:53,0.339,2025-08-20 11:15:53,14.1,0.5,0.5,53.0,13.073671
74230,-33.724735,246912,151.086151,08/22/2025 15:48:27,0.282,2025-08-22 15:48:27,16.6,0.1,0.1,51.0,16.69414
74228,-33.723019,247153,151.036606,08/25/2025 13:45:10,0.145,2025-08-25 13:45:10,19.5,0.0,0.0,3.0,18.924591
7112,-33.843338,247316,151.043411,08/26/2025 19:26:23,0.343,2025-08-26 19:26:23,18.55,0.0,0.0,0.0,17.404507
68025,-33.816696,247681,150.976623,08/30/2025 00:54:11,0.483,2025-08-30 00:54:11,11.1,0.1,0.1,51.0,7.7002735
7164,-33.81562,247764,150.969238,08/31/2025 15:47:11,0.306,2025-08-31 15:47:11,19.9,0.0,0.0,0.0,18.635756
7163,-33.865181,244075,151.171997,08/01/2025 19:38:07,0.353,2025-08-01 19:38:07,10.4,1.3,1.3,61.0,9.779973
7161,-33.740406,244192,151.060989,08/02/2025 18:01:02,0.217,2025-08-02 18:01:02,11.05,0.3,0.3,51.0,8.20371
7112,-33.843338,244543,151.043411,08/04/2025 12:32:51,0.137,2025-08-04 12:32:51,16.6,0.2,0.2,51.0,16.601166
68025,-33.816696,244708,150.976623,08/05/2025 13:39:13,0.094,2025-08-05 13:39:13,20.0,0.0,0.0,0.0,20.393656
33014,-33.806141,244722,151.17952,08/05/2025 14:49:20,0.674,2025-08-05 14:49:20,20.7,0.0,0.0,1.0,20.541216
68025,-33.816696,247053,150.976623,08/24/2025 14:14:41,0.496,2025-08-24 14:14:41,18.1,0.0,0.0,3.0,15.684101
7164,-33.81562,247466,150.969238,08/28/2025 10:08:51,0.265,2025-08-28 10:08:51,15.35,0.0,0.0,0.0,11.380085
10011,-33.876652,247611,151.230606,08/29/2025 12:05:39,0.293,2025-08-29 12:05:39,18.55,0.0,0.0,1.0,14.092331
7139,-33.876884,247611,151.228683,08/29/2025 12:05:39,0.465,2025-08-29 12:05:39,18.55,0.0,0.0,1.0,14.092331
53004,-33.75317,247576,151.151077,08/29/2025 07:28:44,0.644,2025-08-29 07:28:44,8.8,0.0,0.0,0.0,5.622778
7163,-33.865181,245539,151.171997,08/13/2025 10:05:26,0.548,2025-08-13 10:05:26,11.95,0.0,0.0,0.0,10.757078
7270,-33.793304,244009,151.119659,08/01/2025 11:12:26,0.66,2025-08-01 11:12:26,11.55,1.8,1.8,61.0,10.597838
7248,-33.906151,244058,151.040207,08/01/2025 16:22:01,0.059,2025-08-01 16:22:01,12.1,0.7,0.7,53.0,11.161472
33014,-33.806141,244417,151.17952,08/03/2025 18:12:35,0.761,2025-08-03 18:12:35,13.55,1.0,1.0,55.0,12.431797
7112,-33.843338,244749,151.043411,08/05/2025 18:05:07,0.465,2025-08-05 18:05:07,16.45,0.0,0.0,1.0,16.67623
68025,-33.816696,245049,150.976623,08/08/2025 10:42:05,0.117,2025-08-08 10:42:05,13.25,0.0,0.0,3.0,12.345146
F3FWY003,-33.560299,245111,151.192551,08/08/2025 23:07:34,0.888,2025-08-08 23:07:34,11.3,0.5,0.5,53.0,10.100015
7120,-33.886311,245349,151.217911,08/11/2025 14:29:24,0.742,2025-08-11 14:29:24,13.75,0.5,0.5,53.0,12.040735
7121,-33.886032,245349,151.218079,08/11/2025 14:29:24,0.716,2025-08-11 14:29:24,13.75,0.5,0.5,53.0,12.040735
F3FWY001,-33.694206,245943,151.121323,08/17/2025 11:54:23,0.045,2025-08-17 11:54:23,12.65,0.0,0.0,0.0,9.455392
7120,-33.886311,246959,151.217911,08/22/2025 20:48:41,0.1,2025-08-22 20:48:41,14.35,0.0,0.0,3.0,14.17082
7121,-33.886032,246959,151.218079,08/22/2025 20:48:41,0.102,2025-08-22 20:48:41,14.35,0.0,0.0,3.0,14.17082
7248,-33.906151,247050,151.040207,08/24/2025 12:34:37,0.032,2025-08-24 12:34:37,18.0,0.0,0.0,3.0,16.405533
50240,-33.796436,247511,150.987595,08/28/2025 14:19:19,0.466,2025-08-28 14:19:19,17.95,0.0,0.0,0.0,13.329084
7120,-33.886311,245553,151.217911,08/13/2025 11:16:16,0.1,2025-08-13 11:16:16,14.6,0.0,0.0,0.0,13.943743
7121,-33.886032,245553,151.218079,08/13/2025 11:16:16,0.102,2025-08-13 11:16:16,14.6,0.0,0.0,0.0,13.943743
53004,-33.75317,244091,151.151077,08/02/2025 05:45:49,0.648,2025-08-02 05:45:49,9.85,0.4,0.4,51.0,8.402282
7179,-33.817272,244633,150.962784,08/04/2025 18:40:49,0.374,2025-08-04 18:40:49,14.4,0.0,0.0,3.0,14.349426
7248,-33.906151,244874,151.040207,08/07/2025 06:30:25,0.218,2025-08-07 06:30:25,9.2,0.0,0.0,2.0,7.5878773
9834-PR,-34.033203,242616,151.092529,07/18/2025 14:44:38,0.32,2025-07-18 14:44:38,14.6,0.0,0.0,1.0,10.607773
51235,-33.81551,247454,151.101105,08/28/2025 08:36:05,0.654,2025-08-28 08:36:05,11.9,0.0,0.0,0.0,9.603765
F3FWY004,-33.496265,244164,151.187408,08/02/2025 15:27:30,0.346,2025-08-02 15:27:30,11.4,1.5,1.5,61.0,9.515081
7270,-33.793304,244797,151.119659,08/06/2025 10:35:33,0.021,2025-08-06 10:35:33,13.1,0.0,0.0,0.0,9.937125
T0337,-33.654926,241167,151.060974,07/03/2025 13:00:30,0.152,2025-07-03 13:00:30,16.45,0.2,0.2,51.0,12.258308
7112,-33.843338,245581,151.043411,08/13/2025 16:03:28,0.14,2025-08-13 16:03:28,16.2,0.0,0.0,3.0,14.618731
33014,-33.806141,245782,151.17952,08/15/2025 09:07:04,0.783,2025-08-15 09:07:04,12.6,0.0,0.0,0.0,12.310221
7248,-33.906151,246744,151.040207,08/21/2025 16:10:37,0.034,2025-08-21 16:10:37,13.9,2.7,2.7,63.0,12.9582
7179,-33.817272,247537,150.962784,08/28/2025 16:28:55,0.152,2025-08-28 16:28:55,17.2,0.0,0.0,0.0,12.299305
53004,-33.75317,247715,151.151077,08/30/2025 14:15:37,0.644,2025-08-30 14:15:37,15.65,0.0,0.0,0.0,9.93573
74228,-33.723019,244390,151.036606,08/03/2025 15:36:15,0.169,2025-08-03 15:36:15,13.85,1.4,1.4,61.0,12.68609
7270,-33.793304,244430,151.119659,08/03/2025 19:34:44,0.652,2025-08-03 19:34:44,12.55,0.8,0.8,53.0,11.4734125
7112,-33.843338,245140,151.043411,08/09/2025 11:07:29,0.211,2025-08-09 11:07:29,14.9,0.1,0.1,51.0,14.209713
7184,-33.772957,245327,151.135391,08/11/2025 11:41:59,0.043,2025-08-11 11:41:59,13.9,0.1,0.1,51.0,12.609837
53004,-33.75317,245672,151.151077,08/14/2025 13:38:13,0.452,2025-08-14 13:38:13,13.65,0.3,0.3,51.0,10.996159
7159,-33.888157,245772,150.922974,08/15/2025 07:33:13,0.03,2025-08-15 07:33:13,8.5,0.0,0.0,1.0,7.210253
9849,-33.877975,245854,151.093185,08/15/2025 17:02:43,0.38,2025-08-15 17:02:43,16.8,0.0,0.0,3.0,16.801054
7112,-33.843338,246108,151.043411,08/19/2025 06:37:15,0.228,2025-08-19 06:37:15,8.05,2.8,2.8,63.0,6.322897
7270,-33.793304,246301,151.119659,08/20/2025 12:25:36,0.635,2025-08-20 12:25:36,12.85,0.6,0.6,53.0,11.060222
F3FWY003,-33.560299,246969,151.192551,08/22/2025 23:41:34,0.773,2025-08-22 23:41:34,12.3,0.8,0.8,53.0,11.822691
7251,-33.874916,244920,151.155319,08/07/2025 12:06:19,0.649,2025-08-07 12:06:19,15.4,0.0,0.0,3.0,12.304634
7120,-33.886311,247430,151.217911,08/27/2025 20:30:39,0.742,2025-08-27 20:30:39,13.25,0.0,0.0,0.0,9.713244
7121,-33.886032,247430,151.218079,08/27/2025 20:30:39,0.716,2025-08-27 20:30:39,13.25,0.0,0.0,0.0,9.713244
7164,-33.81562,247551,150.969238,08/28/2025 18:44:14,0.029,2025-08-28 18:44:14,14.6,0.0,0.0,0.0,10.27159
F3FWY004,-33.496265,247644,151.187408,08/29/2025 16:25:15,0.027,2025-08-29 16:25:15,17.65,0.0,0.0,0.0,11.930376
7275,-33.894714,244218,151.110962,08/02/2025 20:04:48,0.229,2025-08-02 20:04:48,12.55,0.9,0.9,53.0,9.752034
7251,-33.874916,232807,151.155319,04/28/2025 13:49:25,0.632,2025-04-28 13:49:25,20.7,0.1,0.1,51.0,19.859306
74229,-33.760658,244897,151.07962,08/07/2025 10:46:53,0.625,2025-08-07 10:46:53,11.9,0.4,0.4,51.0,11.227822
7179,-33.817272,245017,150.962784,08/08/2025 07:46:30,0.11,2025-08-08 07:46:30,8.45,0.0,0.0,3.0,6.5636463
7270,-33.793304,245367,151.119659,08/11/2025 16:24:01,0.109,2025-08-11 16:24:01,13.1,0.2,0.2,51.0,11.117447
7163,-33.865181,245773,151.171997,08/15/2025 07:36:58,0.572,2025-08-15 07:36:58,9.25,0.0,0.0,2.0,7.8870068
10011,-33.876652,245981,151.230606,08/18/2025 03:51:39,0.692,2025-08-18 03:51:39,6.45,0.0,0.0,0.0,2.9382954
7139,-33.876884,245981,151.228683,08/18/2025 03:51:39,0.852,2025-08-18 03:51:39,6.45,0.0,0.0,0.0,2.9382954
F3FWY003,-33.560299,246096,151.192551,08/18/2025 22:36:14,0.34,2025-08-18 22:36:14,8.6,0.1,0.1,51.0,6.3666325
7275,-33.894714,243109,151.110962,07/24/2025 11:30:24,0.55,2025-07-24 11:30:24,12.9,0.0,0.0,0.0,9.97908
68025,-33.816696,246472,150.976623,08/21/2025 06:37:16,0.226,2025-08-21 06:37:16,12.05,3.3,3.3,63.0,11.324682
51235,-33.81551,246521,151.101105,08/21/2025 08:27:33,0.491,2025-08-21 08:27:33,12.65,1.0,1.0,55.0,12.291901
53004,-33.75317,246810,151.151077,08/22/2025 08:32:51,0.591,2025-08-22 08:32:51,10.55,0.6,0.6,53.0,10.093774
7184,-33.772957,244636,151.135391,08/04/2025 19:14:53,0.042,2025-08-04 19:14:53,13.25,0.0,0.0,3.0,13.393358
7112,-33.843338,244995,151.043411,08/07/2025 21:19:00,0.242,2025-08-07 21:19:00,10.55,0.0,0.0,0.0,9.2285795
F3FWY003,-33.560299,245115,151.192551,08/09/2025 02:39:50,0.151,2025-08-09 02:39:50,10.65,1.1,1.1,55.0,9.2404
10011,-33.876652,245534,151.230606,08/13/2025 09:37:44,0.095,2025-08-13 09:37:44,9.55,0.0,0.0,0.0,8.090761
7139,-33.876884,245534,151.228683,08/13/2025 09:37:44,0.106,2025-08-13 09:37:44,9.55,0.0,0.0,0.0,8.090761
7179,-33.817272,246153,150.962784,08/19/2025 13:29:00,0.403,2025-08-19 13:29:00,15.85,0.1,0.1,51.0,14.675291
7179,-33.817272,246178,150.962784,08/19/2025 16:37:33,0.289,2025-08-19 16:37:33,14.4,0.5,0.5,53.0,12.258989
68025,-33.816696,246224,150.976623,08/20/2025 04:13:26,0.144,2025-08-20 04:13:26,8.9,0.5,0.5,53.0,8.13839
47024,-33.83889,246934,151.029022,08/22/2025 17:47:25,0.263,2025-08-22 17:47:25,15.65,0.0,0.0,3.0,16.47509
7179,-33.817272,246991,150.962784,08/23/2025 10:01:41,0.141,2025-08-23 10:01:41,17.0,0.0,0.0,2.0,14.818254
34016,-33.778187,246993,151.267136,08/23/2025 10:55:47,0.2,2025-08-23 10:55:47,16.25,0.0,0.0,1.0,13.221315
7274,-33.779202,247275,150.814102,08/26/2025 14:49:39,0.039,2025-08-26 14:49:39,24.1,0.0,0.0,0.0,22.899752
51235,-33.81551,247517,151.101105,08/28/2025 14:53:06,0.448,2025-08-28 14:53:06,18.3,0.0,0.0,0.0,13.89879
7112,-33.843338,244545,151.043411,08/04/2025 12:39:03,0.54,2025-08-04 12:39:03,16.6,0.2,0.2,51.0,16.601166
9658,-33.79353,245561,151.018829,08/13/2025 12:25:53,0.566,2025-08-13 12:25:53,15.95,0.0,0.0,3.0,15.814566
50240,-33.796436,245595,150.987595,08/13/2025 17:13:40,0.503,2025-08-13 17:13:40,14.45,0.0,0.0,3.0,12.843498
7179,-33.817272,245989,150.962784,08/18/2025 07:44:35,0.156,2025-08-18 07:44:35,5.35,0.0,0.0,0.0,2.0388355
7184,-33.772957,247010,151.135391,08/23/2025 16:01:38,0.427,2025-08-23 16:01:38,17.8,0.0,0.0,0.0,15.909811
9658,-33.79353,247767,151.018829,08/31/2025 17:05:50,0.593,2025-08-31 17:05:50,16.9,0.0,0.0,0.0,14.326136
7120,-33.886311,243986,151.217911,08/01/2025 08:23:11,0.606,2025-08-01 08:23:11,10.15,0.2,0.2,51.0,7.6787233
7121,-33.886032,243986,151.218079,08/01/2025 08:23:11,0.577,2025-08-01 08:23:11,10.15,0.2,0.2,51.0,7.6787233
29005,-33.824696,245026,151.093216,08/08/2025 08:12:34,0.31,2025-08-08 08:12:34,9.9,0.0,0.0,3.0,8.106476
74228,-33.723019,245032,151.036606,08/08/2025 08:31:37,0.232,2025-08-08 08:31:37,9.15,0.0,0.0,3.0,7.033328
7179,-33.817272,245069,150.962784,08/08/2025 13:18:16,0.125,2025-08-08 13:18:16,16.2,0.0,0.0,3.0,14.09737
7163,-33.865181,245194,151.171997,08/10/2025 01:34:54,0.467,2025-08-10 01:34:54,11.4,0.2,0.2,51.0,10.232426
53004,-33.75317,245231,151.151077,08/10/2025 13:30:10,0.52,2025-08-10 13:30:10,13.9,0.3,0.3,51.0,12.207411
7179,-33.817272,245599,150.962784,08/13/2025 18:09:30,0.172,2025-08-13 18:09:30,13.3,0.0,0.0,3.0,12.444807
33014,-33.806141,245764,151.17952,08/14/2025 23:06:46,0.577,2025-08-14 23:06:46,11.0,0.9,0.9,53.0,9.658025
7120,-33.886311,246952,151.217911,08/22/2025 20:05:31,0.1,2025-08-22 20:05:31,14.35,0.0,0.0,3.0,14.17082
7121,-33.886032,246952,151.218079,08/22/2025 20:05:31,0.102,2025-08-22 20:05:31,14.35,0.0,0.0,3.0,14.17082
7163,-33.865181,247372,151.171997,08/27/2025 12:46:29,0.607,2025-08-27 12:46:29,19.75,0.0,0.0,3.0,16.819805
7119-PR,-33.817974,247561,150.981827,08/28/2025 21:15:52,0.042,2025-08-28 21:15:52,11.0,0.0,0.0,0.0,9.222726
F3FWY003,-33.560299,247702,151.192551,08/30/2025 09:55:34,0.057,2025-08-30 09:55:34,11.55,0.0,0.0,0.0,6.4230366
68025,-33.816696,245196,150.976623,08/10/2025 03:17:30,0.265,2025-08-10 03:17:30,9.55,0.1,0.1,51.0,7.9476376
7179,-33.817272,245369,150.962784,08/11/2025 16:51:33,0.286,2025-08-11 16:51:33,13.35,0.1,0.1,51.0,11.861027
7179,-33.817272,245787,150.962784,08/15/2025 09:26:51,0.193,2025-08-15 09:26:51,12.45,0.0,0.0,0.0,12.404226
7153,-33.8651123046875,246048,151.041610717773,08/18/2025 15:12:09,0.033,2025-08-18 15:12:09,13.05,0.1,0.1,51.0,10.328581
7112,-33.843338,246479,151.043411,08/21/2025 06:47:39,0.668,2025-08-21 06:47:39,12.45,3.1,3.1,63.0,12.126375
9836-PR,-33.819687,247334,151.117416,08/27/2025 07:13:49,0.077,2025-08-27 07:13:49,17.45,0.0,0.0,3.0,14.668148
7179,-33.817272,247538,150.962784,08/28/2025 16:32:23,0.687,2025-08-28 16:32:23,17.2,0.0,0.0,0.0,12.299305
T0337,-33.654926,233907,151.060974,05/08/2025 09:42:46,0.788,2025-05-08 09:42:46,16.25,0.0,0.0,2.0,13.436462
22001,-33.825577,247753,151.233261,08/31/2025 12:49:43,0.079,2025-08-31 12:49:43,17.15,0.0,0.0,0.0,16.196148
T0345,-33.689632,243770,151.097748,07/30/2025 14:22:29,0.324,2025-07-30 14:22:29,9.3,0.8,0.8,53.0,7.1438303
F3FWY003,-33.560299,244980,151.192551,08/07/2025 18:10:37,0.178,2025-08-07 18:10:37,12.5,0.0,0.0,3.0,10.816131
23067,-33.934475,245294,151.15831,08/11/2025 08:07:01,0.499,2025-08-11 08:07:01,11.2,0.0,0.0,1.0,9.469426
68025,-33.816696,245396,150.976623,08/12/2025 07:58:51,0.391,2025-08-12 07:58:51,6.35,0.0,0.0,0.0,3.86911
100001,-33.878181,247639,150.924942,08/29/2025 15:42:24,0.046,2025-08-29 15:42:24,18.65,0.0,0.0,0.0,13.457846
50250,-33.797592,244026,150.975433,08/01/2025 13:43:23,0.241,2025-08-01 13:43:23,12.35,0.1,0.1,51.0,11.492263
53004,-33.75317,244008,151.151077,08/01/2025 11:10:29,0.48,2025-08-01 11:10:29,11.55,1.8,1.8,61.0,10.597838
7179,-33.817272,245089,150.962784,08/08/2025 16:06:07,0.653,2025-08-08 16:06:07,14.75,0.0,0.0,3.0,13.071833
74230,-33.724735,245153,151.086151,08/09/2025 13:41:37,0.799,2025-08-09 13:41:37,13.4,0.6,0.6,53.0,11.458779
7248,-33.906151,245274,151.040207,08/11/2025 05:21:58,0.237,2025-08-11 05:21:58,8.8,0.0,0.0,0.0,7.1784706
7179,-33.817272,245514,150.962784,08/12/2025 22:46:46,0.1,2025-08-12 22:46:46,10.0,0.0,0.0,0.0,8.860569
7274,-33.779202,246106,150.814102,08/19/2025 06:22:45,0.253,2025-08-19 06:22:45,8.1,0.0,0.0,3.0,5.8898067
7153,-33.8651123046875,246229,151.041610717773,08/20/2025 06:12:51,0.024,2025-08-20 06:12:51,8.1,0.3,0.3,51.0,6.735179
7184,-33.772957,247011,151.135391,08/23/2025 17:06:37,0.144,2025-08-23 17:06:37,16.15,0.0,0.0,1.0,14.605955
7120,-33.886311,244661,151.217911,08/05/2025 07:48:10,0.064,2025-08-05 07:48:10,9.85,0.0,0.0,3.0,8.721041
7121,-33.886032,244661,151.218079,08/05/2025 07:48:10,0.044,2025-08-05 07:48:10,9.85,0.0,0.0,3.0,8.721041
7163,-33.865181,246026,151.171997,08/18/2025 12:14:22,0.225,2025-08-18 12:14:22,11.9,0.2,0.2,51.0,8.427657
29005,-33.824696,246942,151.093216,08/22/2025 18:29:42,0.371,2025-08-22 18:29:42,14.65,0.0,0.0,3.0,15.183237
7251,-33.874916,212241,151.155319,10/25/2024 18:40:17,0.073,2024-10-25 18:40:17,,,,,
7251,-33.874916,212241,151.155319,10/25/2024 18:40:17,0.073,2024-10-25 18:40:17,,,,,
7251,-33.874916,212241,151.155319,10/25/2024 18:40:17,0.073,2024-10-25 18:40:17,,,,,
7251,-33.874916,212241,151.155319,10/25/2024 18:40:17,0.073,2024-10-25 18:40:17,,,,,
7251,-33.874916,212241,151.155319,10/25/2024 18:40:17,0.073,2024-10-25 18:40:17,,,,,
7251,-33.874916,212241,151.155319,10/25/2024 18:40:17,0.073,2024-10-25 18:40:17,,,,,
7251,-33.874916,212241,151.155319,10/25/2024 18:40:17,0.073,2024-10-25 18:40:17,,,,,
7251,-33.874916,212241,151.155319,10/25/2024 18:40:17,0.073,2024-10-25 18:40:17,,,,,
7251,-33.874916,212241,151.155319,10/25/2024 18:40:17,0.073,2024-10-25 18:40:17,,,,,
7251,-33.874916,212241,151.155319,10/25/2024 18:40:17,0.073,2024-10-25 18:40:17,,,,,
7251,-33.874916,212241,151.155319,10/25/2024 18:40:17,0.073,2024-10-25 18:40:17,,,,,
7251,-33.874916,212241,151.155319,10/25/2024 18:40:17,0.073,2024-10-25 18:40:17,,,,,
7251,-33.874916,212241,151.155319,10/25/2024 18:40:17,0.073,2024-10-25 18:40:17,,,,,
7251,-33.874916,212241,151.155319,10/25/2024 18:40:17,0.073,2024-10-25 18:40:17,,,,,
7251,-33.874916,212241,151.155319,10/25/2024 18:40:17,0.073,2024-10-25 18:40:17,,,,,
74230,-33.724735,244842,151.086151,08/06/2025 16:20:35,0.557,2025-08-06 16:20:35,16.25,0.0,0.0,0.0,13.441658
74230,-33.724735,244842,151.086151,08/06/2025 16:20:35,0.471,2025-08-06 16:20:35,16.25,0.0,0.0,0.0,13.441658
7251,-33.874916,212241,151.155319,10/25/2024 18:40:17,0.073,2024-10-25 18:40:17,,,,,
7164,-33.81562,245626,150.969238,08/14/2025 08:02:50,0.024,2025-08-14 08:02:50,10.35,0.1,0.1,51.0,8.250912
7164,-33.81562,245626,150.969238,08/14/2025 08:02:50,0.024,2025-08-14 08:02:50,10.35,0.1,0.1,51.0,8.250912
7274,-33.779202,245902,150.814102,08/16/2025 12:53:14,0.125,2025-08-16 12:53:14,17.1,0.1,0.1,51.0,15.630108
74230,-33.724735,246742,151.086151,08/21/2025 16:09:00,0.787,2025-08-21 16:09:00,13.05,2.0,2.0,61.0,11.860243
74230,-33.724735,246742,151.086151,08/21/2025 16:09:00,0.787,2025-08-21 16:09:00,13.05,2.0,2.0,61.0,11.860243
74230,-33.724735,246742,151.086151,08/21/2025 16:09:00,0.787,2025-08-21 16:09:00,13.05,2.0,2.0,61.0,11.860243
T0085,-33.665455,247273,151.090271,08/26/2025 14:43:22,0.346,2025-08-26 14:43:22,23.85,0.0,0.0,0.0,22.655636
33014,-33.806141,247418,151.17952,08/27/2025 17:33:58,0.899,2025-08-27 17:33:58,14.7,0.0,0.0,0.0,11.234741
33014,-33.806141,247418,151.17952,08/27/2025 17:33:58,0.899,2025-08-27 17:33:58,14.7,0.0,0.0,0.0,11.234741
F3FWY003,-33.560299,247745,151.192551,08/31/2025 11:06:15,0.474,2025-08-31 11:06:15,17.45,0.0,0.0,0.0,16.543032
F3FWY003,-33.560299,247745,151.192551,08/31/2025 11:06:15,0.619,2025-08-31 11:06:15,17.45,0.0,0.0,0.0,16.543032
F3FWY003,-33.560299,247745,151.192551,08/31/2025 11:06:15,0.669,2025-08-31 11:06:15,17.45,0.0,0.0,0.0,16.543032
23067,-33.934475,247756,151.15831,08/31/2025 13:31:07,0.182,2025-08-31 13:31:07,18.25,0.0,0.0,0.0,17.206697
9658,-33.79353,244979,151.018829,08/07/2025 18:09:25,0.593,2025-08-07 18:09:25,12.15,0.0,0.0,3.0,10.793558
9658,-33.79353,244979,151.018829,08/07/2025 18:09:25,0.593,2025-08-07 18:09:25,12.15,0.0,0.0,3.0,10.793558
29005,-33.824696,245027,151.093216,08/08/2025 08:14:37,0.163,2025-08-08 08:14:37,9.9,0.0,0.0,3.0,8.106476
7120,-33.886311,245418,151.217911,08/12/2025 10:14:45,0.126,2025-08-12 10:14:45,11.55,0.0,0.0,0.0,9.672243
7121,-33.886032,245418,151.218079,08/12/2025 10:14:45,0.13,2025-08-12 10:14:45,11.55,0.0,0.0,0.0,9.672243
7120,-33.886311,245418,151.217911,08/12/2025 10:14:45,0.126,2025-08-12 10:14:45,11.55,0.0,0.0,0.0,9.672243
7121,-33.886032,245418,151.218079,08/12/2025 10:14:45,0.13,2025-08-12 10:14:45,11.55,0.0,0.0,0.0,9.672243
68025,-33.816696,245908,150.976623,08/16/2025 14:51:45,0.092,2025-08-16 14:51:45,16.2,0.1,0.1,51.0,15.391081
68025,-33.816696,245908,150.976623,08/16/2025 14:51:45,0.092,2025-08-16 14:51:45,16.2,0.1,0.1,51.0,15.391081
51235,-33.81551,246935,151.101105,08/22/2025 17:49:14,0.705,2025-08-22 17:49:14,15.65,0.0,0.0,3.0,16.47509
51235,-33.81551,246935,151.101105,08/22/2025 17:49:14,0.705,2025-08-22 17:49:14,15.65,0.0,0.0,3.0,16.47509
51235,-33.81551,246935,151.101105,08/22/2025 17:49:14,0.705,2025-08-22 17:49:14,15.65,0.0,0.0,3.0,16.47509
51235,-33.81551,246935,151.101105,08/22/2025 17:49:14,0.705,2025-08-22 17:49:14,15.65,0.0,0.0,3.0,16.47509
53004,-33.75317,247272,151.151077,08/26/2025 14:36:08,0.44,2025-08-26 14:36:08,23.8,0.0,0.0,0.0,23.484266
53004,-33.75317,247272,151.151077,08/26/2025 14:36:08,0.44,2025-08-26 14:36:08,23.8,0.0,0.0,0.0,23.484266
53004,-33.75317,247272,151.151077,08/26/2025 14:36:08,0.408,2025-08-26 14:36:08,23.8,0.0,0.0,0.0,23.484266
53004,-33.75317,247272,151.151077,08/26/2025 14:36:08,0.408,2025-08-26 14:36:08,23.8,0.0,0.0,0.0,23.484266
53004,-33.75317,247272,151.151077,08/26/2025 14:36:08,0.408,2025-08-26 14:36:08,23.8,0.0,0.0,0.0,23.484266
53004,-33.75317,247272,151.151077,08/26/2025 14:36:08,0.408,2025-08-26 14:36:08,23.8,0.0,0.0,0.0,23.484266
53004,-33.75317,247272,151.151077,08/26/2025 14:36:08,0.408,2025-08-26 14:36:08,23.8,0.0,0.0,0.0,23.484266
53004,-33.75317,247272,151.151077,08/26/2025 14:36:08,0.408,2025-08-26 14:36:08,23.8,0.0,0.0,0.0,23.484266
7179,-33.817272,247279,150.962784,08/26/2025 15:13:45,0.038,2025-08-26 15:13:45,24.15,0.0,0.0,1.0,23.633583
7112,-33.843338,247317,151.043411,08/26/2025 19:30:00,0.343,2025-08-26 19:30:00,18.55,0.0,0.0,0.0,17.404507
7112,-33.843338,247317,151.043411,08/26/2025 19:30:00,0.343,2025-08-26 19:30:00,18.55,0.0,0.0,0.0,17.404507
7112,-33.843338,247317,151.043411,08/26/2025 19:30:00,0.343,2025-08-26 19:30:00,18.55,0.0,0.0,0.0,17.404507
7112,-33.843338,247317,151.043411,08/26/2025 19:30:00,0.343,2025-08-26 19:30:00,18.55,0.0,0.0,0.0,17.404507
50250,-33.797592,232994,150.975433,04/30/2025 04:38:31,0.015,2025-04-30 04:38:31,13.95,0.0,0.0,1.0,13.25322
50250,-33.797592,232994,150.975433,04/30/2025 04:38:31,0.015,2025-04-30 04:38:31,13.95,0.0,0.0,1.0,13.25322
50250,-33.797592,232994,150.975433,04/30/2025 04:38:31,0.015,2025-04-30 04:38:31,13.95,0.0,0.0,1.0,13.25322
50250,-33.797592,232994,150.975433,04/30/2025 04:38:31,0.015,2025-04-30 04:38:31,13.95,0.0,0.0,1.0,13.25322
50250,-33.797592,232994,150.975433,04/30/2025 04:38:31,0.015,2025-04-30 04:38:31,13.95,0.0,0.0,1.0,13.25322
50250,-33.797592,232994,150.975433,04/30/2025 04:38:31,0.015,2025-04-30 04:38:31,13.95,0.0,0.0,1.0,13.25322
50250,-33.797592,232994,150.975433,04/30/2025 04:38:31,0.015,2025-04-30 04:38:31,13.95,0.0,0.0,1.0,13.25322
50250,-33.797592,232994,150.975433,04/30/2025 04:38:31,0.015,2025-04-30 04:38:31,13.95,0.0,0.0,1.0,13.25322
50250,-33.797592,232994,150.975433,04/30/2025 04:38:31,0.015,2025-04-30 04:38:31,13.95,0.0,0.0,1.0,13.25322
7179,-33.817272,244317,150.962784,08/03/2025 10:37:00,0.267,2025-08-03 10:37:00,15.2,0.6,0.6,53.0,13.256861
33014,-33.806141,244894,151.17952,08/07/2025 10:25:38,0.765,2025-08-07 10:25:38,13.55,0.9,0.9,53.0,12.544762
33014,-33.806141,244894,151.17952,08/07/2025 10:25:38,0.765,2025-08-07 10:25:38,13.55,0.9,0.9,53.0,12.544762
33014,-33.806141,244894,151.17952,08/07/2025 10:25:38,0.765,2025-08-07 10:25:38,13.55,0.9,0.9,53.0,12.544762
33014,-33.806141,244894,151.17952,08/07/2025 10:25:38,0.765,2025-08-07 10:25:38,13.55,0.9,0.9,53.0,12.544762
33014,-33.806141,244894,151.17952,08/07/2025 10:25:38,0.765,2025-08-07 10:25:38,13.55,0.9,0.9,53.0,12.544762
50250,-33.797592,232994,150.975433,04/30/2025 04:38:31,0.015,2025-04-30 04:38:31,13.95,0.0,0.0,1.0,13.25322
7112,-33.843338,245952,151.043411,08/17/2025 15:22:51,0.763,2025-08-17 15:22:51,15.55,0.0,0.0,2.0,12.789207
7112,-33.843338,245952,151.043411,08/17/2025 15:22:51,0.763,2025-08-17 15:22:51,15.55,0.0,0.0,2.0,12.789207
34016,-33.778187,246177,151.267136,08/19/2025 16:30:29,0.2,2025-08-19 16:30:29,13.65,0.2,0.2,51.0,11.169947
34016,-33.778187,246177,151.267136,08/19/2025 16:30:29,0.2,2025-08-19 16:30:29,13.65,0.2,0.2,51.0,11.169947
34016,-33.778187,246177,151.267136,08/19/2025 16:30:29,0.2,2025-08-19 16:30:29,13.65,0.2,0.2,51.0,11.169947
7179,-33.817272,244105,150.962784,08/02/2025 08:44:56,0.047,2025-08-02 08:44:56,10.85,0.5,0.5,53.0,8.788151
7179,-33.817272,244105,150.962784,08/02/2025 08:44:56,0.008,2025-08-02 08:44:56,10.85,0.5,0.5,53.0,8.788151
7179,-33.817272,244105,150.962784,08/02/2025 08:44:56,0.008,2025-08-02 08:44:56,10.85,0.5,0.5,53.0,8.788151
F3FWY003,-33.560299,244351,151.192551,08/03/2025 12:15:57,0.023,2025-08-03 12:15:57,14.75,1.1,1.1,55.0,12.757404
F3FWY003,-33.560299,244351,151.192551,08/03/2025 12:15:57,0.044,2025-08-03 12:15:57,14.75,1.1,1.1,55.0,12.757404
F3FWY003,-33.560299,244351,151.192551,08/03/2025 12:15:57,0.044,2025-08-03 12:15:57,14.75,1.1,1.1,55.0,12.757404
F3FWY003,-33.560299,244351,151.192551,08/03/2025 12:15:57,0.044,2025-08-03 12:15:57,14.75,1.1,1.1,55.0,12.757404
F3FWY003,-33.560299,244351,151.192551,08/03/2025 12:15:57,0.044,2025-08-03 12:15:57,14.75,1.1,1.1,55.0,12.757404
F3FWY003,-33.560299,245251,151.192551,08/10/2025 18:15:40,0.022,2025-08-10 18:15:40,11.15,0.0,0.0,0.0,10.137549
F3FWY003,-33.560299,245251,151.192551,08/10/2025 18:15:40,0.022,2025-08-10 18:15:40,11.15,0.0,0.0,0.0,10.137549
F3FWY003,-33.560299,245251,151.192551,08/10/2025 18:15:40,0.022,2025-08-10 18:15:40,11.15,0.0,0.0,0.0,10.137549
F3FWY003,-33.560299,245251,151.192551,08/10/2025 18:15:40,0.022,2025-08-10 18:15:40,11.15,0.0,0.0,0.0,10.137549
9834-PR,-34.033203,245526,151.092529,08/13/2025 08:52:31,0.549,2025-08-13 08:52:31,9.2,0.0,0.0,0.0,7.388543
7163,-33.865181,245544,151.171997,08/13/2025 10:22:49,0.443,2025-08-13 10:22:49,11.95,0.0,0.0,0.0,10.757078
7248,-33.906151,245678,151.040207,08/14/2025 14:06:41,0.015,2025-08-14 14:06:41,14.65,0.0,0.0,3.0,12.803097
53004,-33.75317,245912,151.151077,08/16/2025 15:49:53,0.446,2025-08-16 15:49:53,15.95,0.1,0.1,51.0,14.17017
53004,-33.75317,245912,151.151077,08/16/2025 15:49:53,0.446,2025-08-16 15:49:53,15.95,0.1,0.1,51.0,14.17017
7112,-33.843338,246275,151.043411,08/20/2025 11:15:53,0.339,2025-08-20 11:15:53,14.1,0.5,0.5,53.0,13.073671
74230,-33.724735,246912,151.086151,08/22/2025 15:48:27,0.282,2025-08-22 15:48:27,16.6,0.1,0.1,51.0,16.69414
74230,-33.724735,246912,151.086151,08/22/2025 15:48:27,0.282,2025-08-22 15:48:27,16.6,0.1,0.1,51.0,16.69414
74228,-33.723019,247153,151.036606,08/25/2025 13:45:10,0.145,2025-08-25 13:45:10,19.5,0.0,0.0,3.0,18.924591
74228,-33.723019,247153,151.036606,08/25/2025 13:45:10,0.145,2025-08-25 13:45:10,19.5,0.0,0.0,3.0,18.924591
7112,-33.843338,247316,151.043411,08/26/2025 19:26:23,0.343,2025-08-26 19:26:23,18.55,0.0,0.0,0.0,17.404507
7112,-33.843338,247316,151.043411,08/26/2025 19:26:23,0.343,2025-08-26 19:26:23,18.55,0.0,0.0,0.0,17.404507
68025,-33.816696,247681,150.976623,08/30/2025 00:54:11,0.483,2025-08-30 00:54:11,11.1,0.1,0.1,51.0,7.7002735
7164,-33.81562,247764,150.969238,08/31/2025 15:47:11,0.306,2025-08-31 15:47:11,19.9,0.0,0.0,0.0,18.635756
7164,-33.81562,247764,150.969238,08/31/2025 15:47:11,0.306,2025-08-31 15:47:11,19.9,0.0,0.0,0.0,18.635756
7163,-33.865181,244075,151.171997,08/01/2025 19:38:07,0.353,2025-08-01 19:38:07,10.4,1.3,1.3,61.0,9.779973
7161,-33.740406,244192,151.060989,08/02/2025 18:01:02,0.217,2025-08-02 18:01:02,11.05,0.3,0.3,51.0,8.20371
7112,-33.843338,244543,151.043411,08/04/2025 12:32:51,0.17,2025-08-04 12:32:51,16.6,0.2,0.2,51.0,16.601166
7112,-33.843338,244543,151.043411,08/04/2025 12:32:51,0.137,2025-08-04 12:32:51,16.6,0.2,0.2,51.0,16.601166
68025,-33.816696,244708,150.976623,08/05/2025 13:39:13,0.094,2025-08-05 13:39:13,20.0,0.0,0.0,0.0,20.393656
33014,-33.806141,244722,151.17952,08/05/2025 14:49:20,0.674,2025-08-05 14:49:20,20.7,0.0,0.0,1.0,20.541216
10011,-33.876652,241047,151.230606,07/02/2025 13:37:51,0.703,2025-07-02 13:37:51,16.05,0.1,0.1,51.0,12.666845
7139,-33.876884,241047,151.228683,07/02/2025 13:37:51,0.863,2025-07-02 13:37:51,16.05,0.1,0.1,51.0,12.666845
33014,-33.806141,244722,151.17952,08/05/2025 14:49:20,0.674,2025-08-05 14:49:20,20.7,0.0,0.0,1.0,20.541216
33014,-33.806141,244722,151.17952,08/05/2025 14:49:20,0.674,2025-08-05 14:49:20,20.7,0.0,0.0,1.0,20.541216
33014,-33.806141,244722,151.17952,08/05/2025 14:49:20,0.674,2025-08-05 14:49:20,20.7,0.0,0.0,1.0,20.541216
33014,-33.806141,244722,151.17952,08/05/2025 14:49:20,0.674,2025-08-05 14:49:20,20.7,0.0,0.0,1.0,20.541216
68025,-33.816696,247053,150.976623,08/24/2025 14:14:41,0.496,2025-08-24 14:14:41,18.1,0.0,0.0,3.0,15.684101
68025,-33.816696,247053,150.976623,08/24/2025 14:14:41,0.496,2025-08-24 14:14:41,18.1,0.0,0.0,3.0,15.684101
68025,-33.816696,247053,150.976623,08/24/2025 14:14:41,0.496,2025-08-24 14:14:41,18.1,0.0,0.0,3.0,15.684101
68025,-33.816696,247053,150.976623,08/24/2025 14:14:41,0.496,2025-08-24 14:14:41,18.1,0.0,0.0,3.0,15.684101
7164,-33.81562,247466,150.969238,08/28/2025 10:08:51,0.265,2025-08-28 10:08:51,15.35,0.0,0.0,0.0,11.380085
7164,-33.81562,247466,150.969238,08/28/2025 10:08:51,0.265,2025-08-28 10:08:51,15.35,0.0,0.0,0.0,11.380085
7164,-33.81562,247466,150.969238,08/28/2025 10:08:51,0.265,2025-08-28 10:08:51,15.35,0.0,0.0,0.0,11.380085
7163,-33.865181,245539,151.171997,08/13/2025 10:05:26,0.548,2025-08-13 10:05:26,11.95,0.0,0.0,0.0,10.757078
10011,-33.876652,247611,151.230606,08/29/2025 12:05:39,0.293,2025-08-29 12:05:39,18.55,0.0,0.0,1.0,14.092331
7139,-33.876884,247611,151.228683,08/29/2025 12:05:39,0.465,2025-08-29 12:05:39,18.55,0.0,0.0,1.0,14.092331
10011,-33.876652,247611,151.230606,08/29/2025 12:05:39,0.293,2025-08-29 12:05:39,18.55,0.0,0.0,1.0,14.092331
7139,-33.876884,247611,151.228683,08/29/2025 12:05:39,0.465,2025-08-29 12:05:39,18.55,0.0,0.0,1.0,14.092331
10011,-33.876652,247611,151.230606,08/29/2025 12:05:39,0.293,2025-08-29 12:05:39,18.55,0.0,0.0,1.0,14.092331
7139,-33.876884,247611,151.228683,08/29/2025 12:05:39,0.465,2025-08-29 12:05:39,18.55,0.0,0.0,1.0,14.092331
53004,-33.75317,247576,151.151077,08/29/2025 07:28:44,0.644,2025-08-29 07:28:44,8.8,0.0,0.0,0.0,5.622778
53004,-33.75317,247576,151.151077,08/29/2025 07:28:44,0.644,2025-08-29 07:28:44,8.8,0.0,0.0,0.0,5.622778
53004,-33.75317,247576,151.151077,08/29/2025 07:28:44,0.644,2025-08-29 07:28:44,8.8,0.0,0.0,0.0,5.622778
7270,-33.793304,244009,151.119659,08/01/2025 11:12:26,0.66,2025-08-01 11:12:26,11.55,1.8,1.8,61.0,10.597838
7248,-33.906151,244058,151.040207,08/01/2025 16:22:01,0.059,2025-08-01 16:22:01,12.1,0.7,0.7,53.0,11.161472
7248,-33.906151,244058,151.040207,08/01/2025 16:22:01,0.059,2025-08-01 16:22:01,12.1,0.7,0.7,53.0,11.161472
33014,-33.806141,244417,151.17952,08/03/2025 18:12:35,0.756,2025-08-03 18:12:35,13.55,1.0,1.0,55.0,12.431797
33014,-33.806141,244417,151.17952,08/03/2025 18:12:35,0.761,2025-08-03 18:12:35,13.55,1.0,1.0,55.0,12.431797
7112,-33.843338,244749,151.043411,08/05/2025 18:05:07,0.465,2025-08-05 18:05:07,16.45,0.0,0.0,1.0,16.67623
7112,-33.843338,244749,151.043411,08/05/2025 18:05:07,0.465,2025-08-05 18:05:07,16.45,0.0,0.0,1.0,16.67623
7112,-33.843338,244749,151.043411,08/05/2025 18:05:07,0.465,2025-08-05 18:05:07,16.45,0.0,0.0,1.0,16.67623
7112,-33.843338,244749,151.043411,08/05/2025 18:05:07,0.465,2025-08-05 18:05:07,16.45,0.0,0.0,1.0,16.67623
7112,-33.843338,244749,151.043411,08/05/2025 18:05:07,0.465,2025-08-05 18:05:07,16.45,0.0,0.0,1.0,16.67623
7112,-33.843338,244749,151.043411,08/05/2025 18:05:07,0.465,2025-08-05 18:05:07,16.45,0.0,0.0,1.0,16.67623
7112,-33.843338,244749,151.043411,08/05/2025 18:05:07,0.465,2025-08-05 18:05:07,16.45,0.0,0.0,1.0,16.67623
68025,-33.816696,245049,150.976623,08/08/2025 10:42:05,0.117,2025-08-08 10:42:05,13.25,0.0,0.0,3.0,12.345146
68025,-33.816696,245049,150.976623,08/08/2025 10:42:05,0.117,2025-08-08 10:42:05,13.25,0.0,0.0,3.0,12.345146
68025,-33.816696,245049,150.976623,08/08/2025 10:42:05,0.117,2025-08-08 10:42:05,13.25,0.0,0.0,3.0,12.345146
68025,-33.816696,245049,150.976623,08/08/2025 10:42:05,0.117,2025-08-08 10:42:05,13.25,0.0,0.0,3.0,12.345146
68025,-33.816696,245049,150.976623,08/08/2025 10:42:05,0.117,2025-08-08 10:42:05,13.25,0.0,0.0,3.0,12.345146
68025,-33.816696,245049,150.976623,08/08/2025 10:42:05,0.117,2025-08-08 10:42:05,13.25,0.0,0.0,3.0,12.345146
68025,-33.816696,245049,150.976623,08/08/2025 10:42:05,0.117,2025-08-08 10:42:05,13.25,0.0,0.0,3.0,12.345146
68025,-33.816696,245049,150.976623,08/08/2025 10:42:05,0.117,2025-08-08 10:42:05,13.25,0.0,0.0,3.0,12.345146
68025,-33.816696,245049,150.976623,08/08/2025 10:42:05,0.117,2025-08-08 10:42:05,13.25,0.0,0.0,3.0,12.345146
68025,-33.816696,245049,150.976623,08/08/2025 10:42:05,0.117,2025-08-08 10:42:05,13.25,0.0,0.0,3.0,12.345146
68025,-33.816696,245049,150.976623,08/08/2025 10:42:05,0.117,2025-08-08 10:42:05,13.25,0.0,0.0,3.0,12.345146
F3FWY003,-33.560299,245111,151.192551,08/08/2025 23:07:34,0.888,2025-08-08 23:07:34,11.3,0.5,0.5,53.0,10.100015
7120,-33.886311,245349,151.217911,08/11/2025 14:29:24,0.742,2025-08-11 14:29:24,13.75,0.5,0.5,53.0,12.040735
7121,-33.886032,245349,151.218079,08/11/2025 14:29:24,0.716,2025-08-11 14:29:24,13.75,0.5,0.5,53.0,12.040735
7120,-33.886311,245553,151.217911,08/13/2025 11:16:16,0.1,2025-08-13 11:16:16,14.6,0.0,0.0,0.0,13.943743
7121,-33.886032,245553,151.218079,08/13/2025 11:16:16,0.102,2025-08-13 11:16:16,14.6,0.0,0.0,0.0,13.943743
F3FWY001,-33.694206,245943,151.121323,08/17/2025 11:54:23,0.045,2025-08-17 11:54:23,12.65,0.0,0.0,0.0,9.455392
7120,-33.886311,245553,151.217911,08/13/2025 11:16:16,0.1,2025-08-13 11:16:16,14.6,0.0,0.0,0.0,13.943743
7121,-33.886032,245553,151.218079,08/13/2025 11:16:16,0.102,2025-08-13 11:16:16,14.6,0.0,0.0,0.0,13.943743
7120,-33.886311,246959,151.217911,08/22/2025 20:48:41,0.1,2025-08-22 20:48:41,14.35,0.0,0.0,3.0,14.17082
7121,-33.886032,246959,151.218079,08/22/2025 20:48:41,0.102,2025-08-22 20:48:41,14.35,0.0,0.0,3.0,14.17082
7248,-33.906151,247050,151.040207,08/24/2025 12:34:37,0.032,2025-08-24 12:34:37,18.0,0.0,0.0,3.0,16.405533
50240,-33.796436,247511,150.987595,08/28/2025 14:19:19,0.466,2025-08-28 14:19:19,17.95,0.0,0.0,0.0,13.329084
50240,-33.796436,247511,150.987595,08/28/2025 14:19:19,0.466,2025-08-28 14:19:19,17.95,0.0,0.0,0.0,13.329084
50240,-33.796436,247511,150.987595,08/28/2025 14:19:19,0.466,2025-08-28 14:19:19,17.95,0.0,0.0,0.0,13.329084
9834-PR,-34.033203,242616,151.092529,07/18/2025 14:44:38,0.32,2025-07-18 14:44:38,14.6,0.0,0.0,1.0,10.607773
53004,-33.75317,244091,151.151077,08/02/2025 05:45:49,0.648,2025-08-02 05:45:49,9.85,0.4,0.4,51.0,8.402282
53004,-33.75317,244091,151.151077,08/02/2025 05:45:49,0.648,2025-08-02 05:45:49,9.85,0.4,0.4,51.0,8.402282
7179,-33.817272,244633,150.962784,08/04/2025 18:40:49,0.374,2025-08-04 18:40:49,14.4,0.0,0.0,3.0,14.349426
7248,-33.906151,244874,151.040207,08/07/2025 06:30:25,0.218,2025-08-07 06:30:25,9.2,0.0,0.0,2.0,7.5878773
7248,-33.906151,244874,151.040207,08/07/2025 06:30:25,0.218,2025-08-07 06:30:25,9.2,0.0,0.0,2.0,7.5878773
7248,-33.906151,244874,151.040207,08/07/2025 06:30:25,0.218,2025-08-07 06:30:25,9.2,0.0,0.0,2.0,7.5878773
51235,-33.81551,247454,151.101105,08/28/2025 08:36:05,0.654,2025-08-28 08:36:05,11.9,0.0,0.0,0.0,9.603765
51235,-33.81551,247454,151.101105,08/28/2025 08:36:05,0.654,2025-08-28 08:36:05,11.9,0.0,0.0,0.0,9.603765
51235,-33.81551,247454,151.101105,08/28/2025 08:36:05,0.654,2025-08-28 08:36:05,11.9,0.0,0.0,0.0,9.603765
T0337,-33.654926,241167,151.060974,07/03/2025 13:00:30,0.152,2025-07-03 13:00:30,16.45,0.2,0.2,51.0,12.258308
F3FWY004,-33.496265,244164,151.187408,08/02/2025 15:27:30,0.346,2025-08-02 15:27:30,11.4,1.5,1.5,61.0,9.515081
7270,-33.793304,244797,151.119659,08/06/2025 10:35:33,0.021,2025-08-06 10:35:33,13.1,0.0,0.0,0.0,9.937125
7270,-33.793304,244797,151.119659,08/06/2025 10:35:33,0.021,2025-08-06 10:35:33,13.1,0.0,0.0,0.0,9.937125
7270,-33.793304,244797,151.119659,08/06/2025 10:35:33,0.021,2025-08-06 10:35:33,13.1,0.0,0.0,0.0,9.937125
7112,-33.843338,245581,151.043411,08/13/2025 16:03:28,0.14,2025-08-13 16:03:28,16.2,0.0,0.0,3.0,14.618731
33014,-33.806141,245782,151.17952,08/15/2025 09:07:04,0.783,2025-08-15 09:07:04,12.6,0.0,0.0,0.0,12.310221
7248,-33.906151,246744,151.040207,08/21/2025 16:10:37,0.034,2025-08-21 16:10:37,13.9,2.7,2.7,63.0,12.9582
7248,-33.906151,246744,151.040207,08/21/2025 16:10:37,0.034,2025-08-21 16:10:37,13.9,2.7,2.7,63.0,12.9582
7179,-33.817272,247537,150.962784,08/28/2025 16:28:55,0.152,2025-08-28 16:28:55,17.2,0.0,0.0,0.0,12.299305
7179,-33.817272,247537,150.962784,08/28/2025 16:28:55,0.152,2025-08-28 16:28:55,17.2,0.0,0.0,0.0,12.299305
7179,-33.817272,247537,150.962784,08/28/2025 16:28:55,0.152,2025-08-28 16:28:55,17.2,0.0,0.0,0.0,12.299305
7179,-33.817272,247537,150.962784,08/28/2025 16:28:55,0.152,2025-08-28 16:28:55,17.2,0.0,0.0,0.0,12.299305
7179,-33.817272,247537,150.962784,08/28/2025 16:28:55,0.152,2025-08-28 16:28:55,17.2,0.0,0.0,0.0,12.299305
7179,-33.817272,247537,150.962784,08/28/2025 16:28:55,0.152,2025-08-28 16:28:55,17.2,0.0,0.0,0.0,12.299305
53004,-33.75317,247715,151.151077,08/30/2025 14:15:37,0.644,2025-08-30 14:15:37,15.65,0.0,0.0,0.0,9.93573
74228,-33.723019,244390,151.036606,08/03/2025 15:36:15,0.169,2025-08-03 15:36:15,13.85,1.4,1.4,61.0,12.68609
7270,-33.793304,244430,151.119659,08/03/2025 19:34:44,0.652,2025-08-03 19:34:44,12.55,0.8,0.8,53.0,11.4734125
7112,-33.843338,245140,151.043411,08/09/2025 11:07:29,0.211,2025-08-09 11:07:29,14.9,0.1,0.1,51.0,14.209713
7112,-33.843338,245140,151.043411,08/09/2025 11:07:29,0.211,2025-08-09 11:07:29,14.9,0.1,0.1,51.0,14.209713
7184,-33.772957,245327,151.135391,08/11/2025 11:41:59,0.043,2025-08-11 11:41:59,13.9,0.1,0.1,51.0,12.609837
7184,-33.772957,245327,151.135391,08/11/2025 11:41:59,0.043,2025-08-11 11:41:59,13.9,0.1,0.1,51.0,12.609837
7251,-33.874916,244920,151.155319,08/07/2025 12:06:19,0.649,2025-08-07 12:06:19,15.4,0.0,0.0,3.0,12.304634
53004,-33.75317,245672,151.151077,08/14/2025 13:38:13,0.45,2025-08-14 13:38:13,13.65,0.3,0.3,51.0,10.996159
53004,-33.75317,245672,151.151077,08/14/2025 13:38:13,0.452,2025-08-14 13:38:13,13.65,0.3,0.3,51.0,10.996159
53004,-33.75317,245672,151.151077,08/14/2025 13:38:13,0.452,2025-08-14 13:38:13,13.65,0.3,0.3,51.0,10.996159
7159,-33.888157,245772,150.922974,08/15/2025 07:33:13,0.013,2025-08-15 07:33:13,8.5,0.0,0.0,1.0,7.210253
7159,-33.888157,245772,150.922974,08/15/2025 07:33:13,0.03,2025-08-15 07:33:13,8.5,0.0,0.0,1.0,7.210253
7159,-33.888157,245772,150.922974,08/15/2025 07:33:13,0.03,2025-08-15 07:33:13,8.5,0.0,0.0,1.0,7.210253
7159,-33.888157,245772,150.922974,08/15/2025 07:33:13,0.03,2025-08-15 07:33:13,8.5,0.0,0.0,1.0,7.210253
9849,-33.877975,245854,151.093185,08/15/2025 17:02:43,0.38,2025-08-15 17:02:43,16.8,0.0,0.0,3.0,16.801054
7112,-33.843338,246108,151.043411,08/19/2025 06:37:15,0.228,2025-08-19 06:37:15,8.05,2.8,2.8,63.0,6.322897
7270,-33.793304,246301,151.119659,08/20/2025 12:25:36,0.635,2025-08-20 12:25:36,12.85,0.6,0.6,53.0,11.060222
F3FWY003,-33.560299,246969,151.192551,08/22/2025 23:41:34,0.773,2025-08-22 23:41:34,12.3,0.8,0.8,53.0,11.822691
7251,-33.874916,244920,151.155319,08/07/2025 12:06:19,0.649,2025-08-07 12:06:19,15.4,0.0,0.0,3.0,12.304634
7120,-33.886311,247430,151.217911,08/27/2025 20:30:39,0.742,2025-08-27 20:30:39,13.25,0.0,0.0,0.0,9.713244
7121,-33.886032,247430,151.218079,08/27/2025 20:30:39,0.716,2025-08-27 20:30:39,13.25,0.0,0.0,0.0,9.713244
7164,-33.81562,247551,150.969238,08/28/2025 18:44:14,0.029,2025-08-28 18:44:14,14.6,0.0,0.0,0.0,10.27159
7164,-33.81562,247551,150.969238,08/28/2025 18:44:14,0.029,2025-08-28 18:44:14,14.6,0.0,0.0,0.0,10.27159
F3FWY004,-33.496265,247644,151.187408,08/29/2025 16:25:15,0.027,2025-08-29 16:25:15,17.65,0.0,0.0,0.0,11.930376
F3FWY004,-33.496265,247644,151.187408,08/29/2025 16:25:15,0.027,2025-08-29 16:25:15,17.65,0.0,0.0,0.0,11.930376
F3FWY004,-33.496265,247644,151.187408,08/29/2025 16:25:15,0.027,2025-08-29 16:25:15,17.65,0.0,0.0,0.0,11.930376
7275,-33.894714,243109,151.110962,07/24/2025 11:30:24,0.55,2025-07-24 11:30:24,12.9,0.0,0.0,0.0,9.97908
7251,-33.874916,232807,151.155319,04/28/2025 13:49:25,0.632,2025-04-28 13:49:25,20.7,0.1,0.1,51.0,19.859306
7275,-33.894714,244218,151.110962,08/02/2025 20:04:48,0.229,2025-08-02 20:04:48,12.55,0.9,0.9,53.0,9.752034
74229,-33.760658,244897,151.07962,08/07/2025 10:46:53,0.625,2025-08-07 10:46:53,11.9,0.4,0.4,51.0,11.227822
74229,-33.760658,244897,151.07962,08/07/2025 10:46:53,0.625,2025-08-07 10:46:53,11.9,0.4,0.4,51.0,11.227822
74229,-33.760658,244897,151.07962,08/07/2025 10:46:53,0.625,2025-08-07 10:46:53,11.9,0.4,0.4,51.0,11.227822
74229,-33.760658,244897,151.07962,08/07/2025 10:46:53,0.625,2025-08-07 10:46:53,11.9,0.4,0.4,51.0,11.227822
74229,-33.760658,244897,151.07962,08/07/2025 10:46:53,0.625,2025-08-07 10:46:53,11.9,0.4,0.4,51.0,11.227822
74229,-33.760658,244897,151.07962,08/07/2025 10:46:53,0.625,2025-08-07 10:46:53,11.9,0.4,0.4,51.0,11.227822
74229,-33.760658,244897,151.07962,08/07/2025 10:46:53,0.625,2025-08-07 10:46:53,11.9,0.4,0.4,51.0,11.227822
74229,-33.760658,244897,151.07962,08/07/2025 10:46:53,0.625,2025-08-07 10:46:53,11.9,0.4,0.4,51.0,11.227822
74229,-33.760658,244897,151.07962,08/07/2025 10:46:53,0.625,2025-08-07 10:46:53,11.9,0.4,0.4,51.0,11.227822
74229,-33.760658,244897,151.07962,08/07/2025 10:46:53,0.625,2025-08-07 10:46:53,11.9,0.4,0.4,51.0,11.227822
74229,-33.760658,244897,151.07962,08/07/2025 10:46:53,0.625,2025-08-07 10:46:53,11.9,0.4,0.4,51.0,11.227822
74229,-33.760658,244897,151.07962,08/07/2025 10:46:53,0.625,2025-08-07 10:46:53,11.9,0.4,0.4,51.0,11.227822
74229,-33.760658,244897,151.07962,08/07/2025 10:46:53,0.625,2025-08-07 10:46:53,11.9,0.4,0.4,51.0,11.227822
74229,-33.760658,244897,151.07962,08/07/2025 10:46:53,0.625,2025-08-07 10:46:53,11.9,0.4,0.4,51.0,11.227822
7179,-33.817272,245017,150.962784,08/08/2025 07:46:30,0.11,2025-08-08 07:46:30,8.45,0.0,0.0,3.0,6.5636463
7270,-33.793304,245367,151.119659,08/11/2025 16:24:01,0.109,2025-08-11 16:24:01,13.1,0.2,0.2,51.0,11.117447
7270,-33.793304,245367,151.119659,08/11/2025 16:24:01,0.109,2025-08-11 16:24:01,13.1,0.2,0.2,51.0,11.117447
7270,-33.793304,245367,151.119659,08/11/2025 16:24:01,0.109,2025-08-11 16:24:01,13.1,0.2,0.2,51.0,11.117447
7163,-33.865181,245773,151.171997,08/15/2025 07:36:58,0.572,2025-08-15 07:36:58,9.25,0.0,0.0,2.0,7.8870068
7163,-33.865181,245773,151.171997,08/15/2025 07:36:58,0.572,2025-08-15 07:36:58,9.25,0.0,0.0,2.0,7.8870068
7163,-33.865181,245773,151.171997,08/15/2025 07:36:58,0.572,2025-08-15 07:36:58,9.25,0.0,0.0,2.0,7.8870068
7275,-33.894714,243109,151.110962,07/24/2025 11:30:24,0.55,2025-07-24 11:30:24,12.9,0.0,0.0,0.0,9.97908
10011,-33.876652,245981,151.230606,08/18/2025 03:51:39,0.692,2025-08-18 03:51:39,6.45,0.0,0.0,0.0,2.9382954
7139,-33.876884,245981,151.228683,08/18/2025 03:51:39,0.852,2025-08-18 03:51:39,6.45,0.0,0.0,0.0,2.9382954
10011,-33.876652,245981,151.230606,08/18/2025 03:51:39,0.692,2025-08-18 03:51:39,6.45,0.0,0.0,0.0,2.9382954
7139,-33.876884,245981,151.228683,08/18/2025 03:51:39,0.852,2025-08-18 03:51:39,6.45,0.0,0.0,0.0,2.9382954
F3FWY003,-33.560299,246096,151.192551,08/18/2025 22:36:14,0.34,2025-08-18 22:36:14,8.6,0.1,0.1,51.0,6.3666325
F3FWY003,-33.560299,246096,151.192551,08/18/2025 22:36:14,0.34,2025-08-18 22:36:14,8.6,0.1,0.1,51.0,6.3666325
F3FWY003,-33.560299,246096,151.192551,08/18/2025 22:36:14,0.34,2025-08-18 22:36:14,8.6,0.1,0.1,51.0,6.3666325
51235,-33.81551,246521,151.101105,08/21/2025 08:27:33,0.491,2025-08-21 08:27:33,12.65,1.0,1.0,55.0,12.291901
51235,-33.81551,246521,151.101105,08/21/2025 08:27:33,0.491,2025-08-21 08:27:33,12.65,1.0,1.0,55.0,12.291901
53004,-33.75317,246810,151.151077,08/22/2025 08:32:51,0.591,2025-08-22 08:32:51,10.55,0.6,0.6,53.0,10.093774
53004,-33.75317,246810,151.151077,08/22/2025 08:32:51,0.591,2025-08-22 08:32:51,10.55,0.6,0.6,53.0,10.093774
53004,-33.75317,246810,151.151077,08/22/2025 08:32:51,0.591,2025-08-22 08:32:51,10.55,0.6,0.6,53.0,10.093774
53004,-33.75317,246810,151.151077,08/22/2025 08:32:51,0.591,2025-08-22 08:32:51,10.55,0.6,0.6,53.0,10.093774
53004,-33.75317,246810,151.151077,08/22/2025 08:32:51,0.591,2025-08-22 08:32:51,10.55,0.6,0.6,53.0,10.093774
7184,-33.772957,244636,151.135391,08/04/2025 19:14:53,0.042,2025-08-04 19:14:53,13.25,0.0,0.0,3.0,13.393358
7184,-33.772957,244636,151.135391,08/04/2025 19:14:53,0.042,2025-08-04 19:14:53,13.25,0.0,0.0,3.0,13.393358
7112,-33.843338,244995,151.043411,08/07/2025 21:19:00,0.242,2025-08-07 21:19:00,10.55,0.0,0.0,0.0,9.2285795
7112,-33.843338,244995,151.043411,08/07/2025 21:19:00,0.242,2025-08-07 21:19:00,10.55,0.0,0.0,0.0,9.2285795
7112,-33.843338,244995,151.043411,08/07/2025 21:19:00,0.242,2025-08-07 21:19:00,10.55,0.0,0.0,0.0,9.2285795
7112,-33.843338,244995,151.043411,08/07/2025 21:19:00,0.242,2025-08-07 21:19:00,10.55,0.0,0.0,0.0,9.2285795
7112,-33.843338,244995,151.043411,08/07/2025 21:19:00,0.242,2025-08-07 21:19:00,10.55,0.0,0.0,0.0,9.2285795
7112,-33.843338,244995,151.043411,08/07/2025 21:19:00,0.242,2025-08-07 21:19:00,10.55,0.0,0.0,0.0,9.2285795
7112,-33.843338,244995,151.043411,08/07/2025 21:19:00,0.242,2025-08-07 21:19:00,10.55,0.0,0.0,0.0,9.2285795
7112,-33.843338,244995,151.043411,08/07/2025 21:19:00,0.242,2025-08-07 21:19:00,10.55,0.0,0.0,0.0,9.2285795
7112,-33.843338,244995,151.043411,08/07/2025 21:19:00,0.242,2025-08-07 21:19:00,10.55,0.0,0.0,0.0,9.2285795
7112,-33.843338,244995,151.043411,08/07/2025 21:19:00,0.242,2025-08-07 21:19:00,10.55,0.0,0.0,0.0,9.2285795
7112,-33.843338,244995,151.043411,08/07/2025 21:19:00,0.242,2025-08-07 21:19:00,10.55,0.0,0.0,0.0,9.2285795
7112,-33.843338,244995,151.043411,08/07/2025 21:19:00,0.242,2025-08-07 21:19:00,10.55,0.0,0.0,0.0,9.2285795
7112,-33.843338,244995,151.043411,08/07/2025 21:19:00,0.242,2025-08-07 21:19:00,10.55,0.0,0.0,0.0,9.2285795
7112,-33.843338,244995,151.043411,08/07/2025 21:19:00,0.242,2025-08-07 21:19:00,10.55,0.0,0.0,0.0,9.2285795
F3FWY003,-33.560299,245115,151.192551,08/09/2025 02:39:50,0.151,2025-08-09 02:39:50,10.65,1.1,1.1,55.0,9.2404
F3FWY003,-33.560299,245115,151.192551,08/09/2025 02:39:50,0.151,2025-08-09 02:39:50,10.65,1.1,1.1,55.0,9.2404
10011,-33.876652,245534,151.230606,08/13/2025 09:37:44,0.095,2025-08-13 09:37:44,9.55,0.0,0.0,0.0,8.090761
7139,-33.876884,245534,151.228683,08/13/2025 09:37:44,0.106,2025-08-13 09:37:44,9.55,0.0,0.0,0.0,8.090761
10011,-33.876652,245534,151.230606,08/13/2025 09:37:44,0.095,2025-08-13 09:37:44,9.55,0.0,0.0,0.0,8.090761
7139,-33.876884,245534,151.228683,08/13/2025 09:37:44,0.106,2025-08-13 09:37:44,9.55,0.0,0.0,0.0,8.090761
7179,-33.817272,246153,150.962784,08/19/2025 13:29:00,0.403,2025-08-19 13:29:00,15.85,0.1,0.1,51.0,14.675291
7179,-33.817272,246153,150.962784,08/19/2025 13:29:00,0.403,2025-08-19 13:29:00,15.85,0.1,0.1,51.0,14.675291
7179,-33.817272,246178,150.962784,08/19/2025 16:37:33,0.289,2025-08-19 16:37:33,14.4,0.5,0.5,53.0,12.258989
7179,-33.817272,246178,150.962784,08/19/2025 16:37:33,0.289,2025-08-19 16:37:33,14.4,0.5,0.5,53.0,12.258989
68025,-33.816696,246224,150.976623,08/20/2025 04:13:26,0.144,2025-08-20 04:13:26,8.9,0.5,0.5,53.0,8.13839
68025,-33.816696,246224,150.976623,08/20/2025 04:13:26,0.144,2025-08-20 04:13:26,8.9,0.5,0.5,53.0,8.13839
68025,-33.816696,246224,150.976623,08/20/2025 04:13:26,0.144,2025-08-20 04:13:26,8.9,0.5,0.5,53.0,8.13839
47024,-33.83889,246934,151.029022,08/22/2025 17:47:25,0.263,2025-08-22 17:47:25,15.65,0.0,0.0,3.0,16.47509
47024,-33.83889,246934,151.029022,08/22/2025 17:47:25,0.263,2025-08-22 17:47:25,15.65,0.0,0.0,3.0,16.47509
34016,-33.778187,246993,151.267136,08/23/2025 10:55:47,0.2,2025-08-23 10:55:47,16.25,0.0,0.0,1.0,13.221315
34016,-33.778187,246993,151.267136,08/23/2025 10:55:47,0.2,2025-08-23 10:55:47,16.25,0.0,0.0,1.0,13.221315
7179,-33.817272,246991,150.962784,08/23/2025 10:01:41,0.141,2025-08-23 10:01:41,17.0,0.0,0.0,2.0,14.818254
34016,-33.778187,246993,151.267136,08/23/2025 10:55:47,0.2,2025-08-23 10:55:47,16.25,0.0,0.0,1.0,13.221315
7179,-33.817272,246991,150.962784,08/23/2025 10:01:41,0.141,2025-08-23 10:01:41,17.0,0.0,0.0,2.0,14.818254
34016,-33.778187,246993,151.267136,08/23/2025 10:55:47,0.2,2025-08-23 10:55:47,16.25,0.0,0.0,1.0,13.221315
34016,-33.778187,246993,151.267136,08/23/2025 10:55:47,0.2,2025-08-23 10:55:47,16.25,0.0,0.0,1.0,13.221315
7274,-33.779202,247275,150.814102,08/26/2025 14:49:39,0.039,2025-08-26 14:49:39,24.1,0.0,0.0,0.0,22.899752
7274,-33.779202,247275,150.814102,08/26/2025 14:49:39,0.039,2025-08-26 14:49:39,24.1,0.0,0.0,0.0,22.899752
7274,-33.779202,247275,150.814102,08/26/2025 14:49:39,0.039,2025-08-26 14:49:39,24.1,0.0,0.0,0.0,22.899752
51235,-33.81551,247517,151.101105,08/28/2025 14:53:06,0.448,2025-08-28 14:53:06,18.3,0.0,0.0,0.0,13.89879
51235,-33.81551,247517,151.101105,08/28/2025 14:53:06,0.448,2025-08-28 14:53:06,18.3,0.0,0.0,0.0,13.89879
7112,-33.843338,244545,151.043411,08/04/2025 12:39:03,0.54,2025-08-04 12:39:03,16.6,0.2,0.2,51.0,16.601166
7112,-33.843338,244545,151.043411,08/04/2025 12:39:03,0.54,2025-08-04 12:39:03,16.6,0.2,0.2,51.0,16.601166
7112,-33.843338,244545,151.043411,08/04/2025 12:39:03,0.54,2025-08-04 12:39:03,16.6,0.2,0.2,51.0,16.601166
7112,-33.843338,244545,151.043411,08/04/2025 12:39:03,0.54,2025-08-04 12:39:03,16.6,0.2,0.2,51.0,16.601166
7112,-33.843338,244545,151.043411,08/04/2025 12:39:03,0.54,2025-08-04 12:39:03,16.6,0.2,0.2,51.0,16.601166
7112,-33.843338,244545,151.043411,08/04/2025 12:39:03,0.54,2025-08-04 12:39:03,16.6,0.2,0.2,51.0,16.601166
7112,-33.843338,244545,151.043411,08/04/2025 12:39:03,0.54,2025-08-04 12:39:03,16.6,0.2,0.2,51.0,16.601166
7112,-33.843338,244545,151.043411,08/04/2025 12:39:03,0.54,2025-08-04 12:39:03,16.6,0.2,0.2,51.0,16.601166
7112,-33.843338,244545,151.043411,08/04/2025 12:39:03,0.54,2025-08-04 12:39:03,16.6,0.2,0.2,51.0,16.601166
7112,-33.843338,244545,151.043411,08/04/2025 12:39:03,0.54,2025-08-04 12:39:03,16.6,0.2,0.2,51.0,16.601166
7112,-33.843338,244545,151.043411,08/04/2025 12:39:03,0.54,2025-08-04 12:39:03,16.6,0.2,0.2,51.0,16.601166
7112,-33.843338,244545,151.043411,08/04/2025 12:39:03,0.54,2025-08-04 12:39:03,16.6,0.2,0.2,51.0,16.601166
9658,-33.79353,245561,151.018829,08/13/2025 12:25:53,0.566,2025-08-13 12:25:53,15.95,0.0,0.0,3.0,15.814566
9658,-33.79353,245561,151.018829,08/13/2025 12:25:53,0.566,2025-08-13 12:25:53,15.95,0.0,0.0,3.0,15.814566
50240,-33.796436,245595,150.987595,08/13/2025 17:13:40,0.503,2025-08-13 17:13:40,14.45,0.0,0.0,3.0,12.843498
7179,-33.817272,245989,150.962784,08/18/2025 07:44:35,0.156,2025-08-18 07:44:35,5.35,0.0,0.0,0.0,2.0388355
7184,-33.772957,247010,151.135391,08/23/2025 16:01:38,0.427,2025-08-23 16:01:38,17.8,0.0,0.0,0.0,15.909811
7184,-33.772957,247010,151.135391,08/23/2025 16:01:38,0.427,2025-08-23 16:01:38,17.8,0.0,0.0,0.0,15.909811
7184,-33.772957,247010,151.135391,08/23/2025 16:01:38,0.427,2025-08-23 16:01:38,17.8,0.0,0.0,0.0,15.909811
9658,-33.79353,247767,151.018829,08/31/2025 17:05:50,0.593,2025-08-31 17:05:50,16.9,0.0,0.0,0.0,14.326136
9658,-33.79353,247767,151.018829,08/31/2025 17:05:50,0.593,2025-08-31 17:05:50,16.9,0.0,0.0,0.0,14.326136
7120,-33.886311,243986,151.217911,08/01/2025 08:23:11,0.606,2025-08-01 08:23:11,10.15,0.2,0.2,51.0,7.6787233
7121,-33.886032,243986,151.218079,08/01/2025 08:23:11,0.577,2025-08-01 08:23:11,10.15,0.2,0.2,51.0,7.6787233
29005,-33.824696,245026,151.093216,08/08/2025 08:12:34,0.31,2025-08-08 08:12:34,9.9,0.0,0.0,3.0,8.106476
29005,-33.824696,245026,151.093216,08/08/2025 08:12:34,0.31,2025-08-08 08:12:34,9.9,0.0,0.0,3.0,8.106476
29005,-33.824696,245026,151.093216,08/08/2025 08:12:34,0.31,2025-08-08 08:12:34,9.9,0.0,0.0,3.0,8.106476
29005,-33.824696,245026,151.093216,08/08/2025 08:12:34,0.31,2025-08-08 08:12:34,9.9,0.0,0.0,3.0,8.106476
29005,-33.824696,245026,151.093216,08/08/2025 08:12:34,0.31,2025-08-08 08:12:34,9.9,0.0,0.0,3.0,8.106476
29005,-33.824696,245026,151.093216,08/08/2025 08:12:34,0.31,2025-08-08 08:12:34,9.9,0.0,0.0,3.0,8.106476
74228,-33.723019,245032,151.036606,08/08/2025 08:31:37,0.232,2025-08-08 08:31:37,9.15,0.0,0.0,3.0,7.033328
74228,-33.723019,245032,151.036606,08/08/2025 08:31:37,0.232,2025-08-08 08:31:37,9.15,0.0,0.0,3.0,7.033328
7179,-33.817272,245069,150.962784,08/08/2025 13:18:16,0.125,2025-08-08 13:18:16,16.2,0.0,0.0,3.0,14.09737
7179,-33.817272,245069,150.962784,08/08/2025 13:18:16,0.125,2025-08-08 13:18:16,16.2,0.0,0.0,3.0,14.09737
7163,-33.865181,245194,151.171997,08/10/2025 01:34:54,0.467,2025-08-10 01:34:54,11.4,0.2,0.2,51.0,10.232426
53004,-33.75317,245231,151.151077,08/10/2025 13:30:10,0.52,2025-08-10 13:30:10,13.9,0.3,0.3,51.0,12.207411
53004,-33.75317,245231,151.151077,08/10/2025 13:30:10,0.52,2025-08-10 13:30:10,13.9,0.3,0.3,51.0,12.207411
7179,-33.817272,245599,150.962784,08/13/2025 18:09:30,0.172,2025-08-13 18:09:30,13.3,0.0,0.0,3.0,12.444807
33014,-33.806141,245764,151.17952,08/14/2025 23:06:46,0.577,2025-08-14 23:06:46,11.0,0.9,0.9,53.0,9.658025
7163,-33.865181,247372,151.171997,08/27/2025 12:46:29,0.607,2025-08-27 12:46:29,19.75,0.0,0.0,3.0,16.819805
7163,-33.865181,247372,151.171997,08/27/2025 12:46:29,0.607,2025-08-27 12:46:29,19.75,0.0,0.0,3.0,16.819805
7119-PR,-33.817974,247561,150.981827,08/28/2025 21:15:52,0.042,2025-08-28 21:15:52,11.0,0.0,0.0,0.0,9.222726
7119-PR,-33.817974,247561,150.981827,08/28/2025 21:15:52,0.042,2025-08-28 21:15:52,11.0,0.0,0.0,0.0,9.222726
F3FWY003,-33.560299,247702,151.192551,08/30/2025 09:55:34,0.057,2025-08-30 09:55:34,11.55,0.0,0.0,0.0,6.4230366
F3FWY003,-33.560299,247702,151.192551,08/30/2025 09:55:34,0.057,2025-08-30 09:55:34,11.55,0.0,0.0,0.0,6.4230366
F3FWY003,-33.560299,247702,151.192551,08/30/2025 09:55:34,0.057,2025-08-30 09:55:34,11.55,0.0,0.0,0.0,6.4230366
F3FWY003,-33.560299,247702,151.192551,08/30/2025 09:55:34,0.057,2025-08-30 09:55:34,11.55,0.0,0.0,0.0,6.4230366
F3FWY003,-33.560299,247702,151.192551,08/30/2025 09:55:34,0.057,2025-08-30 09:55:34,11.55,0.0,0.0,0.0,6.4230366
T0337,-33.654926,233907,151.060974,05/08/2025 09:42:46,0.788,2025-05-08 09:42:46,16.25,0.0,0.0,2.0,13.436462
T0337,-33.654926,233907,151.060974,05/08/2025 09:42:46,0.788,2025-05-08 09:42:46,16.25,0.0,0.0,2.0,13.436462
T0337,-33.654926,233907,151.060974,05/08/2025 09:42:46,0.788,2025-05-08 09:42:46,16.25,0.0,0.0,2.0,13.436462
T0345,-33.689632,243770,151.097748,07/30/2025 14:22:29,0.324,2025-07-30 14:22:29,9.3,0.8,0.8,53.0,7.1438303
T0345,-33.689632,243770,151.097748,07/30/2025 14:22:29,0.324,2025-07-30 14:22:29,9.3,0.8,0.8,53.0,7.1438303
68025,-33.816696,245196,150.976623,08/10/2025 03:17:30,0.265,2025-08-10 03:17:30,9.55,0.1,0.1,51.0,7.9476376
7179,-33.817272,245369,150.962784,08/11/2025 16:51:33,0.286,2025-08-11 16:51:33,13.35,0.1,0.1,51.0,11.861027
T0337,-33.654926,233907,151.060974,05/08/2025 09:42:46,0.788,2025-05-08 09:42:46,16.25,0.0,0.0,2.0,13.436462
7179,-33.817272,245787,150.962784,08/15/2025 09:26:51,0.193,2025-08-15 09:26:51,12.45,0.0,0.0,0.0,12.404226
7153,-33.8651123046875,246048,151.041610717773,08/18/2025 15:12:09,0.033,2025-08-18 15:12:09,13.05,0.1,0.1,51.0,10.328581
7112,-33.843338,246479,151.043411,08/21/2025 06:47:39,0.082,2025-08-21 06:47:39,12.45,3.1,3.1,63.0,12.126375
7112,-33.843338,246479,151.043411,08/21/2025 06:47:39,0.668,2025-08-21 06:47:39,12.45,3.1,3.1,63.0,12.126375
7112,-33.843338,246479,151.043411,08/21/2025 06:47:39,0.668,2025-08-21 06:47:39,12.45,3.1,3.1,63.0,12.126375
9836-PR,-33.819687,247334,151.117416,08/27/2025 07:13:49,0.077,2025-08-27 07:13:49,17.45,0.0,0.0,3.0,14.668148
9836-PR,-33.819687,247334,151.117416,08/27/2025 07:13:49,0.077,2025-08-27 07:13:49,17.45,0.0,0.0,3.0,14.668148
7179,-33.817272,247538,150.962784,08/28/2025 16:32:23,0.687,2025-08-28 16:32:23,17.2,0.0,0.0,0.0,12.299305
22001,-33.825577,247753,151.233261,08/31/2025 12:49:43,0.125,2025-08-31 12:49:43,17.15,0.0,0.0,0.0,16.196148
22001,-33.825577,247753,151.233261,08/31/2025 12:49:43,0.125,2025-08-31 12:49:43,17.15,0.0,0.0,0.0,16.196148
22001,-33.825577,247753,151.233261,08/31/2025 12:49:43,0.125,2025-08-31 12:49:43,17.15,0.0,0.0,0.0,16.196148
22001,-33.825577,247753,151.233261,08/31/2025 12:49:43,0.125,2025-08-31 12:49:43,17.15,0.0,0.0,0.0,16.196148
22001,-33.825577,247753,151.233261,08/31/2025 12:49:43,0.079,2025-08-31 12:49:43,17.15,0.0,0.0,0.0,16.196148
22001,-33.825577,247753,151.233261,08/31/2025 12:49:43,0.079,2025-08-31 12:49:43,17.15,0.0,0.0,0.0,16.196148
22001,-33.825577,247753,151.233261,08/31/2025 12:49:43,0.079,2025-08-31 12:49:43,17.15,0.0,0.0,0.0,16.196148
22001,-33.825577,247753,151.233261,08/31/2025 12:49:43,0.079,2025-08-31 12:49:43,17.15,0.0,0.0,0.0,16.196148
22001,-33.825577,247753,151.233261,08/31/2025 12:49:43,0.079,2025-08-31 12:49:43,17.15,0.0,0.0,0.0,16.196148
22001,-33.825577,247753,151.233261,08/31/2025 12:49:43,0.079,2025-08-31 12:49:43,17.15,0.0,0.0,0.0,16.196148
22001,-33.825577,247753,151.233261,08/31/2025 12:49:43,0.079,2025-08-31 12:49:43,17.15,0.0,0.0,0.0,16.196148
22001,-33.825577,247753,151.233261,08/31/2025 12:49:43,0.079,2025-08-31 12:49:43,17.15,0.0,0.0,0.0,16.196148
22001,-33.825577,247753,151.233261,08/31/2025 12:49:43,0.079,2025-08-31 12:49:43,17.15,0.0,0.0,0.0,16.196148
22001,-33.825577,247753,151.233261,08/31/2025 12:49:43,0.079,2025-08-31 12:49:43,17.15,0.0,0.0,0.0,16.196148
22001,-33.825577,247753,151.233261,08/31/2025 12:49:43,0.079,2025-08-31 12:49:43,17.15,0.0,0.0,0.0,16.196148
22001,-33.825577,247753,151.233261,08/31/2025 12:49:43,0.079,2025-08-31 12:49:43,17.15,0.0,0.0,0.0,16.196148
22001,-33.825577,247753,151.233261,08/31/2025 12:49:43,0.079,2025-08-31 12:49:43,17.15,0.0,0.0,0.0,16.196148
F3FWY003,-33.560299,244980,151.192551,08/07/2025 18:10:37,0.178,2025-08-07 18:10:37,12.5,0.0,0.0,3.0,10.816131
F3FWY003,-33.560299,244980,151.192551,08/07/2025 18:10:37,0.178,2025-08-07 18:10:37,12.5,0.0,0.0,3.0,10.816131
23067,-33.934475,245294,151.15831,08/11/2025 08:07:01,0.499,2025-08-11 08:07:01,11.2,0.0,0.0,1.0,9.469426
23067,-33.934475,245294,151.15831,08/11/2025 08:07:01,0.499,2025-08-11 08:07:01,11.2,0.0,0.0,1.0,9.469426
68025,-33.816696,245396,150.976623,08/12/2025 07:58:51,0.39,2025-08-12 07:58:51,6.35,0.0,0.0,0.0,3.86911
68025,-33.816696,245396,150.976623,08/12/2025 07:58:51,0.391,2025-08-12 07:58:51,6.35,0.0,0.0,0.0,3.86911
68025,-33.816696,245396,150.976623,08/12/2025 07:58:51,0.391,2025-08-12 07:58:51,6.35,0.0,0.0,0.0,3.86911
68025,-33.816696,245396,150.976623,08/12/2025 07:58:51,0.391,2025-08-12 07:58:51,6.35,0.0,0.0,0.0,3.86911
100001,-33.878181,247639,150.924942,08/29/2025 15:42:24,0.19,2025-08-29 15:42:24,18.65,0.0,0.0,0.0,13.457846
100001,-33.878181,247639,150.924942,08/29/2025 15:42:24,0.046,2025-08-29 15:42:24,18.65,0.0,0.0,0.0,13.457846
100001,-33.878181,247639,150.924942,08/29/2025 15:42:24,0.046,2025-08-29 15:42:24,18.65,0.0,0.0,0.0,13.457846
50250,-33.797592,244026,150.975433,08/01/2025 13:43:23,0.241,2025-08-01 13:43:23,12.35,0.1,0.1,51.0,11.492263
50250,-33.797592,244026,150.975433,08/01/2025 13:43:23,0.241,2025-08-01 13:43:23,12.35,0.1,0.1,51.0,11.492263
50250,-33.797592,244026,150.975433,08/01/2025 13:43:23,0.241,2025-08-01 13:43:23,12.35,0.1,0.1,51.0,11.492263
53004,-33.75317,244008,151.151077,08/01/2025 11:10:29,0.48,2025-08-01 11:10:29,11.55,1.8,1.8,61.0,10.597838
7179,-33.817272,245089,150.962784,08/08/2025 16:06:07,0.229,2025-08-08 16:06:07,14.75,0.0,0.0,3.0,13.071833
7179,-33.817272,245089,150.962784,08/08/2025 16:06:07,0.653,2025-08-08 16:06:07,14.75,0.0,0.0,3.0,13.071833
74230,-33.724735,245153,151.086151,08/09/2025 13:41:37,0.799,2025-08-09 13:41:37,13.4,0.6,0.6,53.0,11.458779
7248,-33.906151,245274,151.040207,08/11/2025 05:21:58,0.237,2025-08-11 05:21:58,8.8,0.0,0.0,0.0,7.1784706
7248,-33.906151,245274,151.040207,08/11/2025 05:21:58,0.237,2025-08-11 05:21:58,8.8,0.0,0.0,0.0,7.1784706
7248,-33.906151,245274,151.040207,08/11/2025 05:21:58,0.237,2025-08-11 05:21:58,8.8,0.0,0.0,0.0,7.1784706
7179,-33.817272,245514,150.962784,08/12/2025 22:46:46,0.101,2025-08-12 22:46:46,10.0,0.0,0.0,0.0,8.860569
7179,-33.817272,245514,150.962784,08/12/2025 22:46:46,0.101,2025-08-12 22:46:46,10.0,0.0,0.0,0.0,8.860569
7179,-33.817272,245514,150.962784,08/12/2025 22:46:46,0.101,2025-08-12 22:46:46,10.0,0.0,0.0,0.0,8.860569
7179,-33.817272,245514,150.962784,08/12/2025 22:46:46,0.101,2025-08-12 22:46:46,10.0,0.0,0.0,0.0,8.860569
7179,-33.817272,245514,150.962784,08/12/2025 22:46:46,0.196,2025-08-12 22:46:46,10.0,0.0,0.0,0.0,8.860569
7179,-33.817272,245514,150.962784,08/12/2025 22:46:46,0.196,2025-08-12 22:46:46,10.0,0.0,0.0,0.0,8.860569
7179,-33.817272,245514,150.962784,08/12/2025 22:46:46,0.196,2025-08-12 22:46:46,10.0,0.0,0.0,0.0,8.860569
7179,-33.817272,245514,150.962784,08/12/2025 22:46:46,0.1,2025-08-12 22:46:46,10.0,0.0,0.0,0.0,8.860569
7179,-33.817272,245514,150.962784,08/12/2025 22:46:46,0.1,2025-08-12 22:46:46,10.0,0.0,0.0,0.0,8.860569
7179,-33.817272,245514,150.962784,08/12/2025 22:46:46,0.1,2025-08-12 22:46:46,10.0,0.0,0.0,0.0,8.860569
7179,-33.817272,245514,150.962784,08/12/2025 22:46:46,0.1,2025-08-12 22:46:46,10.0,0.0,0.0,0.0,8.860569
7179,-33.817272,245514,150.962784,08/12/2025 22:46:46,0.1,2025-08-12 22:46:46,10.0,0.0,0.0,0.0,8.860569
7274,-33.779202,246106,150.814102,08/19/2025 06:22:45,0.253,2025-08-19 06:22:45,8.1,0.0,0.0,3.0,5.8898067
7274,-33.779202,246106,150.814102,08/19/2025 06:22:45,0.253,2025-08-19 06:22:45,8.1,0.0,0.0,3.0,5.8898067
7153,-33.8651123046875,246229,151.041610717773,08/20/2025 06:12:51,0.024,2025-08-20 06:12:51,8.1,0.3,0.3,51.0,6.735179
7184,-33.772957,247011,151.135391,08/23/2025 17:06:37,0.044,2025-08-23 17:06:37,16.15,0.0,0.0,1.0,14.605955
7184,-33.772957,247011,151.135391,08/23/2025 17:06:37,0.144,2025-08-23 17:06:37,16.15,0.0,0.0,1.0,14.605955
7184,-33.772957,247011,151.135391,08/23/2025 17:06:37,0.144,2025-08-23 17:06:37,16.15,0.0,0.0,1.0,14.605955
7184,-33.772957,247011,151.135391,08/23/2025 17:06:37,0.144,2025-08-23 17:06:37,16.15,0.0,0.0,1.0,14.605955
7184,-33.772957,247011,151.135391,08/23/2025 17:06:37,0.144,2025-08-23 17:06:37,16.15,0.0,0.0,1.0,14.605955
7120,-33.886311,244661,151.217911,08/05/2025 07:48:10,0.042,2025-08-05 07:48:10,9.85,0.0,0.0,3.0,8.721041
7121,-33.886032,244661,151.218079,08/05/2025 07:48:10,0.018,2025-08-05 07:48:10,9.85,0.0,0.0,3.0,8.721041
7120,-33.886311,244661,151.217911,08/05/2025 07:48:10,0.064,2025-08-05 07:48:10,9.85,0.0,0.0,3.0,8.721041
7121,-33.886032,244661,151.218079,08/05/2025 07:48:10,0.044,2025-08-05 07:48:10,9.85,0.0,0.0,3.0,8.721041
7120,-33.886311,244661,151.217911,08/05/2025 07:48:10,0.064,2025-08-05 07:48:10,9.85,0.0,0.0,3.0,8.721041
7121,-33.886032,244661,151.218079,08/05/2025 07:48:10,0.044,2025-08-05 07:48:10,9.85,0.0,0.0,3.0,8.721041
7120,-33.886311,244661,151.217911,08/05/2025 07:48:10,0.064,2025-08-05 07:48:10,9.85,0.0,0.0,3.0,8.721041
7121,-33.886032,244661,151.218079,08/05/2025 07:48:10,0.044,2025-08-05 07:48:10,9.85,0.0,0.0,3.0,8.721041
7120,-33.886311,244661,151.217911,08/05/2025 07:48:10,0.064,2025-08-05 07:48:10,9.85,0.0,0.0,3.0,8.721041
7121,-33.886032,244661,151.218079,08/05/2025 07:48:10,0.044,2025-08-05 07:48:10,9.85,0.0,0.0,3.0,8.721041
7120,-33.886311,244661,151.217911,08/05/2025 07:48:10,0.064,2025-08-05 07:48:10,9.85,0.0,0.0,3.0,8.721041
7121,-33.886032,244661,151.218079,08/05/2025 07:48:10,0.044,2025-08-05 07:48:10,9.85,0.0,0.0,3.0,8.721041
7120,-33.886311,244661,151.217911,08/05/2025 07:48:10,0.064,2025-08-05 07:48:10,9.85,0.0,0.0,3.0,8.721041
7121,-33.886032,244661,151.218079,08/05/2025 07:48:10,0.044,2025-08-05 07:48:10,9.85,0.0,0.0,3.0,8.721041
7120,-33.886311,244661,151.217911,08/05/2025 07:48:10,0.064,2025-08-05 07:48:10,9.85,0.0,0.0,3.0,8.721041
7121,-33.886032,244661,151.218079,08/05/2025 07:48:10,0.044,2025-08-05 07:48:10,9.85,0.0,0.0,3.0,8.721041
7163,-33.865181,246026,151.171997,08/18/2025 12:14:22,0.225,2025-08-18 12:14:22,11.9,0.2,0.2,51.0,8.427657
29005,-33.824696,246942,151.093216,08/22/2025 18:29:42,0.371,2025-08-22 18:29:42,14.65,0.0,0.0,3.0,15.183237
29005,-33.824696,246942,151.093216,08/22/2025 18:29:42,0.371,2025-08-22 18:29:42,14.65,0.0,0.0,3.0,15.183237
7119-PR,-33.817974,246391,150.981827,08/20/2025 16:16:40,0.006,2025-08-20 16:16:40,12.7,2.3,2.3,61.0,10.629497
7161,-33.740406,248015,151.060989,09/02/2025 20:20:04,0.279,2025-09-02 20:20:04,12.25,0.0,0.0,0.0,10.420951
7248,-33.906151,248468,151.040207,09/07/2025 18:59:38,0.055,2025-09-07 18:59:38,19.15,0.0,0.0,2.0,17.593185
F3FWY002,-33.651676,249065,151.137741,09/11/2025 05:22:07,0.636,2025-09-11 05:22:07,7.85,3.6,3.6,63.0,3.334991
9836-PR,-33.819687,249849,151.117416,09/17/2025 16:29:02,0.121,2025-09-17 16:29:02,23.6,0.0,0.0,1.0,21.835009
68025,-33.816696,249891,150.976623,09/18/2025 06:51:15,0.56,2025-09-18 06:51:15,9.65,0.0,0.0,0.0,6.4864616
7120,-33.886311,250098,151.217911,09/20/2025 01:02:57,0.125,2025-09-20 01:02:57,15.85,2.2,2.2,61.0,14.429266
7121,-33.886032,250098,151.218079,09/20/2025 01:02:57,0.129,2025-09-20 01:02:57,15.85,2.2,2.2,61.0,14.429266
F3FWY002,-33.651676,248326,151.137741,09/05/2025 18:37:33,0.011,2025-09-05 18:37:33,12.75,0.0,0.0,3.0,10.558829
7163,-33.865181,248574,151.171997,09/08/2025 16:26:00,0.229,2025-09-08 16:26:00,27.15,0.0,0.0,1.0,24.73123
7120,-33.886311,249008,151.217911,09/10/2025 20:03:24,0.303,2025-09-10 20:03:24,16.0,0.4,0.4,51.0,13.5636215
7121,-33.886032,249008,151.218079,09/10/2025 20:03:24,0.274,2025-09-10 20:03:24,16.0,0.4,0.4,51.0,13.5636215
F3FWY002,-33.651676,248168,151.137741,09/04/2025 14:38:11,0.461,2025-09-04 14:38:11,22.3,0.0,0.0,3.0,18.238008
T0231,-33.838615,249943,151.143753,09/18/2025 15:12:05,0.284,2025-09-18 15:12:05,18.4,0.0,0.0,0.0,17.315947
7163,-33.865181,250235,151.171997,09/22/2025 08:38:31,0.412,2025-09-22 08:38:31,14.75,0.0,0.0,0.0,12.877037
7184,-33.772957,250318,151.135391,09/22/2025 21:03:36,0.27,2025-09-22 21:03:36,11.15,0.0,0.0,1.0,8.929547
7248,-33.906151,250572,151.040207,09/25/2025 05:35:11,0.237,2025-09-25 05:35:11,9.95,0.0,0.0,3.0,8.10072
T0337,-33.654926,247884,151.060974,09/01/2025 15:51:26,0.046,2025-09-01 15:51:26,19.0,0.0,0.0,0.0,17.07352
50240,-33.796436,250941,150.987595,09/29/2025 05:38:13,0.478,2025-09-29 05:38:13,14.7,0.0,0.0,3.0,14.572847
50240,-33.796436,247979,150.987595,09/02/2025 13:24:06,0.574,2025-09-02 13:24:06,19.0,0.0,0.0,2.0,18.126423
74230,-33.724735,248014,151.086151,09/02/2025 19:54:28,0.811,2025-09-02 19:54:28,12.9,0.0,0.0,1.0,10.92248
7184,-33.772957,248213,151.135391,09/05/2025 05:49:15,0.235,2025-09-05 05:49:15,9.75,0.0,0.0,0.0,7.30552
7120,-33.886311,248460,151.217911,09/07/2025 16:45:02,0.207,2025-09-07 16:45:02,20.2,0.0,0.0,3.0,18.20145
7121,-33.886032,248460,151.218079,09/07/2025 16:45:02,0.239,2025-09-07 16:45:02,20.2,0.0,0.0,3.0,18.20145
68025,-33.816696,248731,150.976623,09/10/2025 04:21:22,0.405,2025-09-10 04:21:22,15.95,0.4,0.4,51.0,16.010578
7179,-33.817272,248977,150.962784,09/10/2025 16:43:50,0.294,2025-09-10 16:43:50,15.35,2.9,2.9,63.0,14.200659
51235,-33.81551,249624,151.101105,09/15/2025 18:14:59,0.276,2025-09-15 18:14:59,19.7,0.0,0.0,0.0,18.807022
53003,-33.729225,249725,151.122208,09/16/2025 15:14:30,0.779,2025-09-16 15:14:30,26.7,0.0,0.0,3.0,23.297897
7150,-33.724922,250313,150.977127,09/22/2025 18:38:38,0.014,2025-09-22 18:38:38,13.25,0.4,0.4,51.0,9.930761
7163,-33.865181,250700,151.171997,09/25/2025 21:17:00,0.229,2025-09-25 21:17:00,19.15,0.0,0.0,3.0,15.7144165
72027,-33.740467,248425,150.984421,09/07/2025 11:28:09,0.01,2025-09-07 11:28:09,22.0,0.0,0.0,0.0,22.302927
7123-PR,-33.769588,249140,150.768738,09/11/2025 10:20:17,0.004,2025-09-11 10:20:17,13.15,0.1,0.1,51.0,10.095354
7123-PR,-33.769588,249140,150.768738,09/11/2025 10:20:17,0.004,2025-09-11 10:20:17,13.15,0.1,0.1,51.0,10.095354
7123-PR,-33.769588,249140,150.768738,09/11/2025 10:20:17,0.004,2025-09-11 10:20:17,13.15,0.1,0.1,51.0,10.095354
7123-PR,-33.769588,249140,150.768738,09/11/2025 10:20:17,0.004,2025-09-11 10:20:17,13.15,0.1,0.1,51.0,10.095354
7251,-33.874916,249598,151.155319,09/15/2025 14:56:13,0.034,2025-09-15 14:56:13,23.55,0.0,0.0,0.0,25.062235
53003,-33.729225,249640,151.122208,09/16/2025 03:10:11,0.472,2025-09-16 03:10:11,15.55,0.0,0.0,3.0,12.664907
53003,-33.729225,249640,151.122208,09/16/2025 03:10:11,0.472,2025-09-16 03:10:11,15.55,0.0,0.0,3.0,12.664907
53003,-33.729225,249640,151.122208,09/16/2025 03:10:11,0.472,2025-09-16 03:10:11,15.55,0.0,0.0,3.0,12.664907
51235,-33.81551,250058,151.101105,09/19/2025 16:40:54,0.194,2025-09-19 16:40:54,23.15,0.0,0.0,3.0,21.323795
9658,-33.79353,251003,151.018829,09/29/2025 14:20:34,0.987,2025-09-29 14:20:34,24.35,0.0,0.0,0.0,24.049955
F3FWY005,-33.429348,249524,151.22467,09/14/2025 19:06:30,0.333,2025-09-14 19:06:30,16.8,0.0,0.0,0.0,12.840815
7251,-33.874916,241993,151.155319,07/12/2025 01:12:42,0.616,2025-07-12 01:12:42,12.3,0.0,0.0,0.0,8.955194
29005,-33.824696,250569,151.093216,09/25/2025 00:32:19,0.074,2025-09-25 00:32:19,13.95,0.0,0.0,2.0,11.346629
F3FWY002,-33.651676,250609,151.137741,09/25/2025 11:14:22,0.039,2025-09-25 11:14:22,21.9,0.0,0.0,2.0,21.040525
7248,-33.906151,249882,151.040207,09/17/2025 22:58:12,0.014,2025-09-17 22:58:12,14.05,0.0,0.0,0.0,10.129283
7251,-33.874916,248017,151.155319,09/02/2025 21:38:10,0.652,2025-09-02 21:38:10,14.15,0.0,0.0,1.0,13.242514
7179,-33.817272,248567,150.962784,09/08/2025 16:06:53,0.195,2025-09-08 16:06:53,27.05,0.0,0.0,0.0,24.955647
23067,-33.934475,249280,151.15831,09/12/2025 07:55:51,0.475,2025-09-12 07:55:51,9.8,0.0,0.0,0.0,7.6349773
23067,-33.934475,249280,151.15831,09/12/2025 07:55:51,0.475,2025-09-12 07:55:51,9.8,0.0,0.0,0.0,7.6349773
9658,-33.79353,249952,151.018829,09/18/2025 16:02:15,0.081,2025-09-18 16:02:15,19.6,0.0,0.0,0.0,17.868618
7126,-34.035271,250410,151.113007,09/23/2025 18:35:47,0.042,2025-09-23 18:35:47,13.5,0.0,0.0,0.0,12.392479
23067,-33.934475,250870,151.15831,09/27/2025 13:50:12,0.525,2025-09-27 13:50:12,31.55,0.0,0.0,3.0,28.126575
7120,-33.886311,250947,151.217911,09/29/2025 07:17:26,0.154,2025-09-29 07:17:26,15.55,0.0,0.0,1.0,15.394485
7121,-33.886032,250947,151.218079,09/29/2025 07:17:26,0.186,2025-09-29 07:17:26,15.55,0.0,0.0,1.0,15.394485
T0342,-33.65556,250764,151.063828,09/26/2025 12:23:23,0.082,2025-09-26 12:23:23,26.7,0.0,0.0,2.0,23.987255
47024,-33.83889,248980,151.029022,09/10/2025 16:58:48,0.237,2025-09-10 16:58:48,15.7,4.2,4.2,63.0,14.938707
23067,-33.934475,249280,151.15831,09/12/2025 07:55:51,0.475,2025-09-12 07:55:51,9.8,0.0,0.0,0.0,7.6349773
9827,-33.719955,249180,151.298111,09/11/2025 12:44:18,0.579,2025-09-11 12:44:18,11.75,1.9,1.9,61.0,8.483096
7112,-33.843338,249800,151.043411,09/17/2025 10:17:37,0.095,2025-09-17 10:17:37,19.65,0.0,0.0,0.0,18.455406
7274,-33.779202,250411,150.814102,09/23/2025 18:39:30,0.202,2025-09-23 18:39:30,14.25,0.0,0.0,0.0,12.681595
7163,-33.865181,250700,151.171997,09/25/2025 21:17:00,0.229,2025-09-25 21:17:00,19.15,0.0,0.0,3.0,15.7144165
7163,-33.865181,250700,151.171997,09/25/2025 21:17:00,0.229,2025-09-25 21:17:00,19.15,0.0,0.0,3.0,15.7144165
7163,-33.865181,250700,151.171997,09/25/2025 21:17:00,0.229,2025-09-25 21:17:00,19.15,0.0,0.0,3.0,15.7144165
7163,-33.865181,250700,151.171997,09/25/2025 21:17:00,0.229,2025-09-25 21:17:00,19.15,0.0,0.0,3.0,15.7144165
7163,-33.865181,250700,151.171997,09/25/2025 21:17:00,0.229,2025-09-25 21:17:00,19.15,0.0,0.0,3.0,15.7144165
51235,-33.81551,250750,151.101105,09/26/2025 10:42:33,0.187,2025-09-26 10:42:33,24.5,0.0,0.0,3.0,21.012648
F3FWY003,-33.560299,250869,151.192551,09/27/2025 13:32:22,0.713,2025-09-27 13:32:22,28.65,0.0,0.0,3.0,25.092934
100001,-33.878181,250888,150.924942,09/27/2025 23:00:27,0.14,2025-09-27 23:00:27,20.45,0.0,0.0,2.0,17.17832
50240,-33.796436,250927,150.987595,09/28/2025 17:30:19,0.102,2025-09-28 17:30:19,19.95,0.0,0.0,1.0,18.559593
50250,-33.797592,248546,150.975433,09/08/2025 13:52:03,0.292,2025-09-08 13:52:03,27.75,0.0,0.0,1.0,26.056173
33014,-33.806141,249829,151.17952,09/17/2025 14:21:22,0.648,2025-09-17 14:21:22,24.8,0.0,0.0,0.0,23.051586
7119-PR,-33.817974,247157,150.981827,08/25/2025 14:08:35,0.158,2025-08-25 14:08:35,20.85,0.0,0.0,3.0,20.872211
47024,-33.83889,250093,151.029022,09/19/2025 23:33:51,0.214,2025-09-19 23:33:51,18.3,0.8,0.8,53.0,17.041224
7112,-33.843338,250224,151.043411,09/22/2025 07:15:15,0.096,2025-09-22 07:15:15,11.95,0.0,0.0,0.0,10.078284
74228,-33.723019,250816,151.036606,09/26/2025 17:11:05,0.241,2025-09-26 17:11:05,24.85,0.0,0.0,3.0,21.533592
F3FWY002,-33.651676,250960,151.137741,09/29/2025 10:03:09,0.609,2025-09-29 10:03:09,20.2,0.1,0.1,51.0,20.457855
F3FWY002,-33.651676,250960,151.137741,09/29/2025 10:03:09,0.609,2025-09-29 10:03:09,20.2,0.1,0.1,51.0,20.457855
F3FWY002,-33.651676,250960,151.137741,09/29/2025 10:03:09,0.609,2025-09-29 10:03:09,20.2,0.1,0.1,51.0,20.457855
7120,-33.886311,248105,151.217911,09/04/2025 07:53:50,0.307,2025-09-04 07:53:50,12.8,0.0,0.0,3.0,9.126478
7121,-33.886032,248105,151.218079,09/04/2025 07:53:50,0.28,2025-09-04 07:53:50,12.8,0.0,0.0,3.0,9.126478
7112,-33.843338,248278,151.043411,09/05/2025 12:48:23,0.295,2025-09-05 12:48:23,16.6,0.0,0.0,1.0,14.922956
7274,-33.779202,248496,150.814102,09/08/2025 08:05:08,0.192,2025-09-08 08:05:08,16.6,0.0,0.0,0.0,15.312595
7179,-33.817272,249542,150.962784,09/15/2025 07:46:09,0.101,2025-09-15 07:46:09,9.95,0.0,0.0,0.0,8.07569
7126,-34.035271,249651,151.113007,09/16/2025 07:47:26,0.552,2025-09-16 07:47:26,16.8,0.0,0.0,3.0,14.4119835
7123-PR,-33.769588,249852,150.768738,09/17/2025 16:53:15,0.087,2025-09-17 16:53:15,23.65,0.0,0.0,1.0,21.705711
53003,-33.729225,250494,151.122208,09/24/2025 13:17:59,0.742,2025-09-24 13:17:59,23.6,0.0,0.0,3.0,22.182272
10011,-33.876652,250564,151.230606,09/24/2025 22:04:39,0.137,2025-09-24 22:04:39,14.35,0.0,0.0,3.0,11.759312
7139,-33.876884,250564,151.228683,09/24/2025 22:04:39,0.313,2025-09-24 22:04:39,14.35,0.0,0.0,3.0,11.759312
47024,-33.83889,250916,151.029022,09/28/2025 13:34:40,0.128,2025-09-28 13:34:40,24.05,0.0,0.0,1.0,24.641773
F3FWY005,-33.429348,250554,151.22467,09/24/2025 20:23:50,0.663,2025-09-24 20:23:50,13.75,0.0,0.0,2.0,12.976479
7123-PR,-33.769588,249221,150.768738,09/11/2025 15:24:15,0.454,2025-09-11 15:24:15,17.35,0.0,0.0,2.0,13.888079
7179,-33.817272,249440,150.962784,09/12/2025 21:27:43,0.098,2025-09-12 21:27:43,12.2,0.0,0.0,3.0,11.676191
7179,-33.817272,249440,150.962784,09/12/2025 21:27:43,0.098,2025-09-12 21:27:43,12.2,0.0,0.0,3.0,11.676191
7179,-33.817272,249440,150.962784,09/12/2025 21:27:43,0.098,2025-09-12 21:27:43,12.2,0.0,0.0,3.0,11.676191
7274,-33.779202,249545,150.814102,09/15/2025 08:06:16,0.368,2025-09-15 08:06:16,11.0,0.0,0.0,0.0,9.712191
7168,-33.798195,249614,150.897125,09/15/2025 16:20:11,0.738,2025-09-15 16:20:11,24.65,0.0,0.0,0.0,23.193356
53003,-33.729225,249640,151.122208,09/16/2025 03:10:11,0.472,2025-09-16 03:10:11,15.55,0.0,0.0,3.0,12.664907
51235,-33.81551,249857,151.101105,09/17/2025 17:36:05,0.05,2025-09-17 17:36:05,21.45,0.0,0.0,0.0,20.922941
9834-PR,-34.033203,250660,151.092529,09/25/2025 15:32:56,0.32,2025-09-25 15:32:56,24.55,0.0,0.0,3.0,20.891056
7120,-33.886311,250812,151.217911,09/26/2025 16:55:51,0.01,2025-09-26 16:55:51,27.75,0.0,0.0,3.0,22.988731
7121,-33.886032,250812,151.218079,09/26/2025 16:55:51,0.024,2025-09-26 16:55:51,27.75,0.0,0.0,3.0,22.988731
32029,-33.821175,248039,151.149902,09/03/2025 08:37:12,0.355,2025-09-03 08:37:12,10.85,0.0,0.0,1.0,8.786461
9827,-33.719955,249180,151.298111,09/11/2025 12:44:18,0.579,2025-09-11 12:44:18,11.75,1.9,1.9,61.0,8.483096
9827,-33.719955,249180,151.298111,09/11/2025 12:44:18,0.579,2025-09-11 12:44:18,11.75,1.9,1.9,61.0,8.483096
74230,-33.724735,249425,151.086151,09/12/2025 17:14:36,0.406,2025-09-12 17:14:36,16.7,0.0,0.0,0.0,14.528622
53004,-33.75317,249895,151.151077,09/18/2025 08:05:21,0.573,2025-09-18 08:05:21,12.3,0.0,0.0,0.0,9.968495
7132,-33.953056,250222,151.137482,09/22/2025 06:49:48,0.196,2025-09-22 06:49:48,9.3,0.0,0.0,0.0,7.7492647
23067,-33.934475,248179,151.15831,09/04/2025 15:42:19,0.396,2025-09-04 15:42:19,23.15,0.0,0.0,3.0,18.65553
7112,-33.843338,248217,151.043411,09/05/2025 07:01:12,0.493,2025-09-05 07:01:12,10.35,0.0,0.0,0.0,8.481705
7184,-33.772957,248231,151.135391,09/05/2025 09:29:21,0.038,2025-09-05 09:29:21,14.65,0.0,0.0,0.0,13.326704
7112,-33.843338,248379,151.043411,09/06/2025 17:59:52,0.018,2025-09-06 17:59:52,16.85,0.0,0.0,0.0,14.955151
T0345,-33.689632,248411,151.097748,09/07/2025 08:23:20,0.236,2025-09-07 08:23:20,13.05,0.0,0.0,2.0,12.01535
7251,-33.874916,249142,151.155319,09/11/2025 10:26:21,0.018,2025-09-11 10:26:21,12.05,1.0,1.0,55.0,7.1208916
7123-PR,-33.769588,249140,150.768738,09/11/2025 10:20:17,0.004,2025-09-11 10:20:17,13.15,0.1,0.1,51.0,10.095354
7126,-34.035271,249490,151.113007,09/13/2025 23:27:35,0.126,2025-09-13 23:27:35,11.25,0.0,0.0,0.0,10.4465065
7126,-34.035271,249490,151.113007,09/13/2025 23:27:35,0.126,2025-09-13 23:27:35,11.25,0.0,0.0,0.0,10.4465065
7126,-34.035271,249490,151.113007,09/13/2025 23:27:35,0.126,2025-09-13 23:27:35,11.25,0.0,0.0,0.0,10.4465065
7120,-33.886311,250172,151.217911,09/21/2025 12:58:52,0.221,2025-09-21 12:58:52,19.4,0.0,0.0,0.0,18.368025
7121,-33.886032,250172,151.218079,09/21/2025 12:58:52,0.19,2025-09-21 12:58:52,19.4,0.0,0.0,0.0,18.368025
53004,-33.75317,250486,151.151077,09/24/2025 11:57:43,0.565,2025-09-24 11:57:43,21.0,0.0,0.0,2.0,20.24802
51235,-33.81551,250750,151.101105,09/26/2025 10:42:33,0.187,2025-09-26 10:42:33,24.5,0.0,0.0,3.0,21.012648
51235,-33.81551,250750,151.101105,09/26/2025 10:42:33,0.187,2025-09-26 10:42:33,24.5,0.0,0.0,3.0,21.012648
51235,-33.81551,250750,151.101105,09/26/2025 10:42:33,0.187,2025-09-26 10:42:33,24.5,0.0,0.0,3.0,21.012648
F3FWY005,-33.429348,250789,151.22467,09/26/2025 14:37:44,0.164,2025-09-26 14:37:44,26.85,0.0,0.0,3.0,22.76142
53004,-33.75317,248013,151.151077,09/02/2025 18:51:53,0.557,2025-09-02 18:51:53,14.05,0.0,0.0,1.0,12.563347
7270,-33.793304,248068,151.119659,09/03/2025 14:44:26,0.067,2025-09-03 14:44:26,20.95,0.0,0.0,0.0,19.883718
29005,-33.824696,248306,151.093216,09/05/2025 15:35:38,0.211,2025-09-05 15:35:38,16.45,0.0,0.0,3.0,13.769274
50240,-33.796436,248308,150.987595,09/05/2025 15:40:45,0.447,2025-09-05 15:40:45,16.4,0.0,0.0,3.0,13.672647
7163,-33.865181,249226,151.171997,09/11/2025 15:37:00,0.229,2025-09-11 15:37:00,15.9,0.0,0.0,0.0,11.598295
7112,-33.843338,249497,151.043411,09/14/2025 09:53:26,0.287,2025-09-14 09:53:26,14.1,0.0,0.0,1.0,14.242722
7112,-33.843338,249800,151.043411,09/17/2025 10:17:37,0.095,2025-09-17 10:17:37,19.65,0.0,0.0,0.0,18.455406
7112,-33.843338,249800,151.043411,09/17/2025 10:17:37,0.095,2025-09-17 10:17:37,19.65,0.0,0.0,0.0,18.455406
7112,-33.843338,249840,151.043411,09/17/2025 15:37:31,0.215,2025-09-17 15:37:31,24.6,0.0,0.0,0.0,22.395988
7112,-33.843338,249840,151.043411,09/17/2025 15:37:31,0.215,2025-09-17 15:37:31,24.6,0.0,0.0,0.0,22.395988
23067,-33.934475,250156,151.15831,09/21/2025 06:00:47,0.191,2025-09-21 06:00:47,10.75,0.0,0.0,0.0,7.6971874
53003,-33.729225,250262,151.122208,09/22/2025 11:50:00,0.251,2025-09-22 11:50:00,19.35,0.0,0.0,0.0,18.316774
74230,-33.724735,250953,151.086151,09/29/2025 08:58:55,0.43,2025-09-29 08:58:55,16.8,0.0,0.0,2.0,16.343662
33014,-33.806141,247799,151.17952,09/01/2025 06:31:44,0.79,2025-09-01 06:31:44,8.15,0.0,0.0,0.0,5.32215
7120,-33.886311,247875,151.217911,09/01/2025 15:15:14,0.207,2025-09-01 15:15:14,16.65,0.0,0.0,0.0,14.046318
7121,-33.886032,247875,151.218079,09/01/2025 15:15:14,0.239,2025-09-01 15:15:14,16.65,0.0,0.0,0.0,14.046318
9658,-33.79353,248156,151.018829,09/04/2025 13:30:25,0.301,2025-09-04 13:30:25,22.2,0.0,0.0,3.0,17.88446
7112,-33.843338,248338,151.043411,09/05/2025 22:04:22,0.564,2025-09-05 22:04:22,12.35,0.0,0.0,3.0,11.234087
23067,-33.934475,249431,151.15831,09/12/2025 18:10:33,0.21,2025-09-12 18:10:33,15.2,0.0,0.0,0.0,14.302082
7126,-34.035271,249490,151.113007,09/13/2025 23:27:35,0.126,2025-09-13 23:27:35,11.25,0.0,0.0,0.0,10.4465065
33014,-33.806141,249503,151.17952,09/14/2025 13:14:15,0.23,2025-09-14 13:14:15,21.25,0.0,0.0,0.0,22.101334
74230,-33.724735,249844,151.086151,09/17/2025 15:58:09,0.416,2025-09-17 15:58:09,23.75,0.0,0.0,0.0,20.127172
7120,-33.886311,249939,151.217911,09/18/2025 14:40:40,0.56,2025-09-18 14:40:40,19.0,0.0,0.0,0.0,18.578465
7121,-33.886032,249939,151.218079,09/18/2025 14:40:40,0.555,2025-09-18 14:40:40,19.0,0.0,0.0,0.0,18.578465
7126,-34.035271,250410,151.113007,09/23/2025 18:35:47,0.042,2025-09-23 18:35:47,13.5,0.0,0.0,0.0,12.392479
7126,-34.035271,250410,151.113007,09/23/2025 18:35:47,0.042,2025-09-23 18:35:47,13.5,0.0,0.0,0.0,12.392479
7126,-34.035271,250410,151.113007,09/23/2025 18:35:47,0.042,2025-09-23 18:35:47,13.5,0.0,0.0,0.0,12.392479
7179,-33.817272,251127,150.962784,09/30/2025 16:34:09,0.438,2025-09-30 16:34:09,29.0,0.0,0.0,0.0,27.67443
7251,-33.874916,251152,151.155319,09/30/2025 21:02:21,0.022,2025-09-30 21:02:21,22.85,0.0,0.0,0.0,20.13211
50240,-33.796436,247978,150.987595,09/02/2025 13:23:06,0.094,2025-09-02 13:23:06,19.0,0.0,0.0,2.0,18.126423
T0231,-33.838615,248488,151.143753,09/08/2025 06:44:29,0.258,2025-09-08 06:44:29,15.55,0.0,0.0,0.0,12.854771
47024,-33.83889,248980,151.029022,09/10/2025 16:58:48,0.237,2025-09-10 16:58:48,15.7,4.2,4.2,63.0,14.938707
7164,-33.81562,249587,150.969238,09/15/2025 14:17:01,0.267,2025-09-15 14:17:01,25.65,0.0,0.0,0.0,23.621346
23067,-33.934475,249768,151.15831,09/17/2025 04:18:58,0.507,2025-09-17 04:18:58,18.0,0.0,0.0,2.0,17.86635
10011,-33.876652,250287,151.230606,09/22/2025 14:47:05,0.2,2025-09-22 14:47:05,17.5,0.5,0.5,53.0,14.167662
7139,-33.876884,250287,151.228683,09/22/2025 14:47:05,0.021,2025-09-22 14:47:05,17.5,0.5,0.5,53.0,14.167662
9834-PR,-34.033203,250660,151.092529,09/25/2025 15:32:56,0.32,2025-09-25 15:32:56,24.55,0.0,0.0,3.0,20.891056
9834-PR,-34.033203,250660,151.092529,09/25/2025 15:32:56,0.32,2025-09-25 15:32:56,24.55,0.0,0.0,3.0,20.891056
9834-PR,-34.033203,250660,151.092529,09/25/2025 15:32:56,0.32,2025-09-25 15:32:56,24.55,0.0,0.0,3.0,20.891056
53004,-33.75317,250776,151.151077,09/26/2025 13:35:39,0.463,2025-09-26 13:35:39,27.3,0.0,0.0,2.0,23.984573
74230,-33.724735,250805,151.086151,09/26/2025 15:31:22,0.862,2025-09-26 15:31:22,27.15,0.0,0.0,3.0,22.55654
F3FWY002,-33.651676,250960,151.137741,09/29/2025 10:03:09,0.609,2025-09-29 10:03:09,20.2,0.1,0.1,51.0,20.457855
7120,-33.886311,247936,151.217911,09/02/2025 08:29:55,0.493,2025-09-02 08:29:55,11.25,0.0,0.0,3.0,9.870939
7121,-33.886032,247936,151.218079,09/02/2025 08:29:55,0.465,2025-09-02 08:29:55,11.25,0.0,0.0,3.0,9.870939
7163,-33.865181,248041,151.171997,09/03/2025 09:25:52,0.035,2025-09-03 09:25:52,13.15,0.0,0.0,0.0,11.087912
9658,-33.79353,249085,151.018829,09/11/2025 07:30:15,0.582,2025-09-11 07:30:15,8.55,6.7,6.7,63.0,5.202119
7184,-33.772957,249267,151.135391,09/12/2025 06:07:48,0.056,2025-09-12 06:07:48,8.4,0.0,0.0,0.0,6.4190207
7179,-33.817272,249416,150.962784,09/12/2025 16:05:56,0.191,2025-09-12 16:05:56,19.85,0.0,0.0,0.0,18.67077
7112,-33.843338,249840,151.043411,09/17/2025 15:37:31,0.215,2025-09-17 15:37:31,24.6,0.0,0.0,0.0,22.395988
53004,-33.75317,250466,151.151077,09/24/2025 10:11:39,0.441,2025-09-24 10:11:39,18.3,0.0,0.0,0.0,16.828054
T0231,-33.838615,250633,151.143753,09/25/2025 13:26:05,0.674,2025-09-25 13:26:05,25.25,0.0,0.0,0.0,24.160383
9836-PR,-33.819687,247467,151.117416,08/28/2025 10:19:22,0.074,2025-08-28 10:19:22,15.0,0.0,0.0,0.0,11.4781065
23067,-33.934475,250870,151.15831,09/27/2025 13:50:12,0.525,2025-09-27 13:50:12,31.55,0.0,0.0,3.0,28.126575
23067,-33.934475,250870,151.15831,09/27/2025 13:50:12,0.525,2025-09-27 13:50:12,31.55,0.0,0.0,3.0,28.126575
74230,-33.724735,249446,151.086151,09/13/2025 01:00:15,0.811,2025-09-13 01:00:15,10.55,0.0,0.0,1.0,8.80469
7120,-33.886311,249635,151.217911,09/15/2025 22:46:20,0.022,2025-09-15 22:46:20,16.6,0.0,0.0,0.0,14.658743
7121,-33.886032,249635,151.218079,09/15/2025 22:46:20,0.017,2025-09-15 22:46:20,16.6,0.0,0.0,0.0,14.658743
68025,-33.816696,250269,150.976623,09/22/2025 12:20:09,0.516,2025-09-22 12:20:09,22.05,0.0,0.0,3.0,19.85009
23067,-33.934475,250294,151.15831,09/22/2025 15:58:22,0.027,2025-09-22 15:58:22,16.1,0.0,0.0,3.0,13.032753
7251,-33.874916,250736,151.155319,09/26/2025 10:23:06,0.073,2025-09-26 10:23:06,24.15,0.0,0.0,3.0,20.693094
7184,-33.772957,250981,151.135391,09/29/2025 11:17:37,0.052,2025-09-29 11:17:37,21.6,0.0,0.0,1.0,21.062857
10011,-33.876652,251154,151.230606,09/30/2025 21:21:53,0.1,2025-09-30 21:21:53,22.25,0.0,0.0,0.0,19.306664
7139,-33.876884,251154,151.228683,09/30/2025 21:21:53,0.103,2025-09-30 21:21:53,22.25,0.0,0.0,0.0,19.306664
7161,-33.740406,248015,151.060989,09/02/2025 20:20:04,0.279,2025-09-02 20:20:04,12.25,0.0,0.0,0.0,10.420951
7161,-33.740406,248015,151.060989,09/02/2025 20:20:04,0.279,2025-09-02 20:20:04,12.25,0.0,0.0,0.0,10.420951
7161,-33.740406,248015,151.060989,09/02/2025 20:20:04,0.279,2025-09-02 20:20:04,12.25,0.0,0.0,0.0,10.420951
7248,-33.906151,248468,151.040207,09/07/2025 18:59:38,0.055,2025-09-07 18:59:38,19.15,0.0,0.0,2.0,17.593185
F3FWY002,-33.651676,249065,151.137741,09/11/2025 05:22:07,0.636,2025-09-11 05:22:07,7.85,3.6,3.6,63.0,3.334991
F3FWY002,-33.651676,249065,151.137741,09/11/2025 05:22:07,0.636,2025-09-11 05:22:07,7.85,3.6,3.6,63.0,3.334991
F3FWY002,-33.651676,249065,151.137741,09/11/2025 05:22:07,0.636,2025-09-11 05:22:07,7.85,3.6,3.6,63.0,3.334991
F3FWY002,-33.651676,249065,151.137741,09/11/2025 05:22:07,0.636,2025-09-11 05:22:07,7.85,3.6,3.6,63.0,3.334991
F3FWY002,-33.651676,249065,151.137741,09/11/2025 05:22:07,0.636,2025-09-11 05:22:07,7.85,3.6,3.6,63.0,3.334991
F3FWY002,-33.651676,249065,151.137741,09/11/2025 05:22:07,0.636,2025-09-11 05:22:07,7.85,3.6,3.6,63.0,3.334991
F3FWY002,-33.651676,249065,151.137741,09/11/2025 05:22:07,0.636,2025-09-11 05:22:07,7.85,3.6,3.6,63.0,3.334991
F3FWY002,-33.651676,249065,151.137741,09/11/2025 05:22:07,0.636,2025-09-11 05:22:07,7.85,3.6,3.6,63.0,3.334991
F3FWY002,-33.651676,249065,151.137741,09/11/2025 05:22:07,0.636,2025-09-11 05:22:07,7.85,3.6,3.6,63.0,3.334991
F3FWY002,-33.651676,249065,151.137741,09/11/2025 05:22:07,0.636,2025-09-11 05:22:07,7.85,3.6,3.6,63.0,3.334991
F3FWY002,-33.651676,249065,151.137741,09/11/2025 05:22:07,0.636,2025-09-11 05:22:07,7.85,3.6,3.6,63.0,3.334991
F3FWY002,-33.651676,249065,151.137741,09/11/2025 05:22:07,0.636,2025-09-11 05:22:07,7.85,3.6,3.6,63.0,3.334991
F3FWY002,-33.651676,249065,151.137741,09/11/2025 05:22:07,0.636,2025-09-11 05:22:07,7.85,3.6,3.6,63.0,3.334991
F3FWY002,-33.651676,249065,151.137741,09/11/2025 05:22:07,0.636,2025-09-11 05:22:07,7.85,3.6,3.6,63.0,3.334991
F3FWY002,-33.651676,249065,151.137741,09/11/2025 05:22:07,0.636,2025-09-11 05:22:07,7.85,3.6,3.6,63.0,3.334991
F3FWY002,-33.651676,249065,151.137741,09/11/2025 05:22:07,0.636,2025-09-11 05:22:07,7.85,3.6,3.6,63.0,3.334991
F3FWY002,-33.651676,249065,151.137741,09/11/2025 05:22:07,0.636,2025-09-11 05:22:07,7.85,3.6,3.6,63.0,3.334991
9836-PR,-33.819687,249849,151.117416,09/17/2025 16:29:02,0.121,2025-09-17 16:29:02,23.6,0.0,0.0,1.0,21.835009
68025,-33.816696,249891,150.976623,09/18/2025 06:51:15,0.56,2025-09-18 06:51:15,9.65,0.0,0.0,0.0,6.4864616
68025,-33.816696,249891,150.976623,09/18/2025 06:51:15,0.56,2025-09-18 06:51:15,9.65,0.0,0.0,0.0,6.4864616
68025,-33.816696,249891,150.976623,09/18/2025 06:51:15,0.56,2025-09-18 06:51:15,9.65,0.0,0.0,0.0,6.4864616
68025,-33.816696,249891,150.976623,09/18/2025 06:51:15,0.56,2025-09-18 06:51:15,9.65,0.0,0.0,0.0,6.4864616
7120,-33.886311,250098,151.217911,09/20/2025 01:02:57,0.125,2025-09-20 01:02:57,15.85,2.2,2.2,61.0,14.429266
7121,-33.886032,250098,151.218079,09/20/2025 01:02:57,0.129,2025-09-20 01:02:57,15.85,2.2,2.2,61.0,14.429266
T0337,-33.654926,247884,151.060974,09/01/2025 15:51:26,0.046,2025-09-01 15:51:26,19.0,0.0,0.0,0.0,17.07352
F3FWY002,-33.651676,248168,151.137741,09/04/2025 14:38:11,0.461,2025-09-04 14:38:11,22.3,0.0,0.0,3.0,18.238008
F3FWY002,-33.651676,248326,151.137741,09/05/2025 18:37:33,0.011,2025-09-05 18:37:33,12.75,0.0,0.0,3.0,10.558829
7163,-33.865181,248574,151.171997,09/08/2025 16:26:00,0.229,2025-09-08 16:26:00,27.15,0.0,0.0,1.0,24.73123
7120,-33.886311,249008,151.217911,09/10/2025 20:03:24,0.303,2025-09-10 20:03:24,16.0,0.4,0.4,51.0,13.5636215
7121,-33.886032,249008,151.218079,09/10/2025 20:03:24,0.274,2025-09-10 20:03:24,16.0,0.4,0.4,51.0,13.5636215
T0231,-33.838615,249943,151.143753,09/18/2025 15:12:05,0.284,2025-09-18 15:12:05,18.4,0.0,0.0,0.0,17.315947
7163,-33.865181,250235,151.171997,09/22/2025 08:38:31,0.412,2025-09-22 08:38:31,14.75,0.0,0.0,0.0,12.877037
7184,-33.772957,250318,151.135391,09/22/2025 21:03:36,0.187,2025-09-22 21:03:36,11.15,0.0,0.0,1.0,8.929547
7184,-33.772957,250318,151.135391,09/22/2025 21:03:36,0.27,2025-09-22 21:03:36,11.15,0.0,0.0,1.0,8.929547
7248,-33.906151,250572,151.040207,09/25/2025 05:35:11,0.237,2025-09-25 05:35:11,9.95,0.0,0.0,3.0,8.10072
50240,-33.796436,250941,150.987595,09/29/2025 05:38:13,0.478,2025-09-29 05:38:13,14.7,0.0,0.0,3.0,14.572847
50240,-33.796436,250941,150.987595,09/29/2025 05:38:13,0.478,2025-09-29 05:38:13,14.7,0.0,0.0,3.0,14.572847
50240,-33.796436,247979,150.987595,09/02/2025 13:24:06,0.574,2025-09-02 13:24:06,19.0,0.0,0.0,2.0,18.126423
50240,-33.796436,247979,150.987595,09/02/2025 13:24:06,0.574,2025-09-02 13:24:06,19.0,0.0,0.0,2.0,18.126423
74230,-33.724735,248014,151.086151,09/02/2025 19:54:28,0.811,2025-09-02 19:54:28,12.9,0.0,0.0,1.0,10.92248
7184,-33.772957,248213,151.135391,09/05/2025 05:49:15,0.394,2025-09-05 05:49:15,9.75,0.0,0.0,0.0,7.30552
7184,-33.772957,248213,151.135391,09/05/2025 05:49:15,0.235,2025-09-05 05:49:15,9.75,0.0,0.0,0.0,7.30552
7120,-33.886311,248460,151.217911,09/07/2025 16:45:02,0.207,2025-09-07 16:45:02,20.2,0.0,0.0,3.0,18.20145
7121,-33.886032,248460,151.218079,09/07/2025 16:45:02,0.239,2025-09-07 16:45:02,20.2,0.0,0.0,3.0,18.20145
68025,-33.816696,248731,150.976623,09/10/2025 04:21:22,0.405,2025-09-10 04:21:22,15.95,0.4,0.4,51.0,16.010578
68025,-33.816696,248731,150.976623,09/10/2025 04:21:22,0.405,2025-09-10 04:21:22,15.95,0.4,0.4,51.0,16.010578
68025,-33.816696,248731,150.976623,09/10/2025 04:21:22,0.405,2025-09-10 04:21:22,15.95,0.4,0.4,51.0,16.010578
68025,-33.816696,248731,150.976623,09/10/2025 04:21:22,0.405,2025-09-10 04:21:22,15.95,0.4,0.4,51.0,16.010578
68025,-33.816696,248731,150.976623,09/10/2025 04:21:22,0.405,2025-09-10 04:21:22,15.95,0.4,0.4,51.0,16.010578
7179,-33.817272,248977,150.962784,09/10/2025 16:43:50,0.294,2025-09-10 16:43:50,15.35,2.9,2.9,63.0,14.200659
51235,-33.81551,249624,151.101105,09/15/2025 18:14:59,0.276,2025-09-15 18:14:59,19.7,0.0,0.0,0.0,18.807022
53003,-33.729225,249725,151.122208,09/16/2025 15:14:30,0.779,2025-09-16 15:14:30,26.7,0.0,0.0,3.0,23.297897
53003,-33.729225,249725,151.122208,09/16/2025 15:14:30,0.779,2025-09-16 15:14:30,26.7,0.0,0.0,3.0,23.297897
53003,-33.729225,249725,151.122208,09/16/2025 15:14:30,0.779,2025-09-16 15:14:30,26.7,0.0,0.0,3.0,23.297897
53003,-33.729225,249725,151.122208,09/16/2025 15:14:30,0.779,2025-09-16 15:14:30,26.7,0.0,0.0,3.0,23.297897
7150,-33.724922,250313,150.977127,09/22/2025 18:38:38,0.014,2025-09-22 18:38:38,13.25,0.4,0.4,51.0,9.930761
7150,-33.724922,250313,150.977127,09/22/2025 18:38:38,0.014,2025-09-22 18:38:38,13.25,0.4,0.4,51.0,9.930761
7150,-33.724922,250313,150.977127,09/22/2025 18:38:38,0.014,2025-09-22 18:38:38,13.25,0.4,0.4,51.0,9.930761
7163,-33.865181,250700,151.171997,09/25/2025 21:17:00,0.229,2025-09-25 21:17:00,19.15,0.0,0.0,3.0,15.7144165
7163,-33.865181,250700,151.171997,09/25/2025 21:17:00,0.229,2025-09-25 21:17:00,19.15,0.0,0.0,3.0,15.7144165
7163,-33.865181,250700,151.171997,09/25/2025 21:17:00,0.229,2025-09-25 21:17:00,19.15,0.0,0.0,3.0,15.7144165
7163,-33.865181,250700,151.171997,09/25/2025 21:17:00,0.229,2025-09-25 21:17:00,19.15,0.0,0.0,3.0,15.7144165
72027,-33.740467,248425,150.984421,09/07/2025 11:28:09,0.01,2025-09-07 11:28:09,22.0,0.0,0.0,0.0,22.302927
72027,-33.740467,248425,150.984421,09/07/2025 11:28:09,0.01,2025-09-07 11:28:09,22.0,0.0,0.0,0.0,22.302927
72027,-33.740467,248425,150.984421,09/07/2025 11:28:09,0.01,2025-09-07 11:28:09,22.0,0.0,0.0,0.0,22.302927
72027,-33.740467,248425,150.984421,09/07/2025 11:28:09,0.01,2025-09-07 11:28:09,22.0,0.0,0.0,0.0,22.302927
72027,-33.740467,248425,150.984421,09/07/2025 11:28:09,0.01,2025-09-07 11:28:09,22.0,0.0,0.0,0.0,22.302927
72027,-33.740467,248425,150.984421,09/07/2025 11:28:09,0.01,2025-09-07 11:28:09,22.0,0.0,0.0,0.0,22.302927
7251,-33.874916,249598,151.155319,09/15/2025 14:56:13,0.034,2025-09-15 14:56:13,23.55,0.0,0.0,0.0,25.062235
51235,-33.81551,250058,151.101105,09/19/2025 16:40:54,0.194,2025-09-19 16:40:54,23.15,0.0,0.0,3.0,21.323795
51235,-33.81551,250058,151.101105,09/19/2025 16:40:54,0.194,2025-09-19 16:40:54,23.15,0.0,0.0,3.0,21.323795
9658,-33.79353,251003,151.018829,09/29/2025 14:20:34,0.987,2025-09-29 14:20:34,24.35,0.0,0.0,0.0,24.049955
F3FWY005,-33.429348,249524,151.22467,09/14/2025 19:06:30,0.333,2025-09-14 19:06:30,16.8,0.0,0.0,0.0,12.840815
7248,-33.906151,249882,151.040207,09/17/2025 22:58:12,0.014,2025-09-17 22:58:12,14.05,0.0,0.0,0.0,10.129283
7251,-33.874916,241993,151.155319,07/12/2025 01:12:42,0.616,2025-07-12 01:12:42,12.3,0.0,0.0,0.0,8.955194
29005,-33.824696,250569,151.093216,09/25/2025 00:32:19,0.074,2025-09-25 00:32:19,13.95,0.0,0.0,2.0,11.346629
29005,-33.824696,250569,151.093216,09/25/2025 00:32:19,0.074,2025-09-25 00:32:19,13.95,0.0,0.0,2.0,11.346629
F3FWY002,-33.651676,250609,151.137741,09/25/2025 11:14:22,0.039,2025-09-25 11:14:22,21.9,0.0,0.0,2.0,21.040525
7251,-33.874916,248017,151.155319,09/02/2025 21:38:10,0.667,2025-09-02 21:38:10,14.15,0.0,0.0,1.0,13.242514
7251,-33.874916,248017,151.155319,09/02/2025 21:38:10,0.652,2025-09-02 21:38:10,14.15,0.0,0.0,1.0,13.242514
7251,-33.874916,248017,151.155319,09/02/2025 21:38:10,0.652,2025-09-02 21:38:10,14.15,0.0,0.0,1.0,13.242514
7251,-33.874916,248017,151.155319,09/02/2025 21:38:10,0.652,2025-09-02 21:38:10,14.15,0.0,0.0,1.0,13.242514
7179,-33.817272,248567,150.962784,09/08/2025 16:06:53,0.195,2025-09-08 16:06:53,27.05,0.0,0.0,0.0,24.955647
9658,-33.79353,249952,151.018829,09/18/2025 16:02:15,0.081,2025-09-18 16:02:15,19.6,0.0,0.0,0.0,17.868618
7126,-34.035271,250410,151.113007,09/23/2025 18:35:47,0.042,2025-09-23 18:35:47,13.5,0.0,0.0,0.0,12.392479
7126,-34.035271,250410,151.113007,09/23/2025 18:35:47,0.042,2025-09-23 18:35:47,13.5,0.0,0.0,0.0,12.392479
T0342,-33.65556,250764,151.063828,09/26/2025 12:23:23,0.082,2025-09-26 12:23:23,26.7,0.0,0.0,2.0,23.987255
23067,-33.934475,250870,151.15831,09/27/2025 13:50:12,0.525,2025-09-27 13:50:12,31.55,0.0,0.0,3.0,28.126575
7120,-33.886311,250947,151.217911,09/29/2025 07:17:26,0.154,2025-09-29 07:17:26,15.55,0.0,0.0,1.0,15.394485
7121,-33.886032,250947,151.218079,09/29/2025 07:17:26,0.186,2025-09-29 07:17:26,15.55,0.0,0.0,1.0,15.394485
9827,-33.719955,249180,151.298111,09/11/2025 12:44:18,0.579,2025-09-11 12:44:18,11.75,1.9,1.9,61.0,8.483096
23067,-33.934475,249280,151.15831,09/12/2025 07:55:51,0.475,2025-09-12 07:55:51,9.8,0.0,0.0,0.0,7.6349773
7112,-33.843338,249800,151.043411,09/17/2025 10:17:37,0.095,2025-09-17 10:17:37,19.65,0.0,0.0,0.0,18.455406
7274,-33.779202,250411,150.814102,09/23/2025 18:39:30,0.202,2025-09-23 18:39:30,14.25,0.0,0.0,0.0,12.681595
51235,-33.81551,250750,151.101105,09/26/2025 10:42:33,0.187,2025-09-26 10:42:33,24.5,0.0,0.0,3.0,21.012648
51235,-33.81551,250750,151.101105,09/26/2025 10:42:33,0.187,2025-09-26 10:42:33,24.5,0.0,0.0,3.0,21.012648
F3FWY003,-33.560299,250869,151.192551,09/27/2025 13:32:22,0.713,2025-09-27 13:32:22,28.65,0.0,0.0,3.0,25.092934
100001,-33.878181,250888,150.924942,09/27/2025 23:00:27,0.206,2025-09-27 23:00:27,20.45,0.0,0.0,2.0,17.17832
100001,-33.878181,250888,150.924942,09/27/2025 23:00:27,0.206,2025-09-27 23:00:27,20.45,0.0,0.0,2.0,17.17832
100001,-33.878181,250888,150.924942,09/27/2025 23:00:27,0.14,2025-09-27 23:00:27,20.45,0.0,0.0,2.0,17.17832
100001,-33.878181,250888,150.924942,09/27/2025 23:00:27,0.14,2025-09-27 23:00:27,20.45,0.0,0.0,2.0,17.17832
50240,-33.796436,250927,150.987595,09/28/2025 17:30:19,0.085,2025-09-28 17:30:19,19.95,0.0,0.0,1.0,18.559593
50240,-33.796436,250927,150.987595,09/28/2025 17:30:19,0.085,2025-09-28 17:30:19,19.95,0.0,0.0,1.0,18.559593
50240,-33.796436,250927,150.987595,09/28/2025 17:30:19,0.085,2025-09-28 17:30:19,19.95,0.0,0.0,1.0,18.559593
50240,-33.796436,250927,150.987595,09/28/2025 17:30:19,0.102,2025-09-28 17:30:19,19.95,0.0,0.0,1.0,18.559593
7119-PR,-33.817974,247157,150.981827,08/25/2025 14:08:35,0.158,2025-08-25 14:08:35,20.85,0.0,0.0,3.0,20.872211
7119-PR,-33.817974,247157,150.981827,08/25/2025 14:08:35,0.158,2025-08-25 14:08:35,20.85,0.0,0.0,3.0,20.872211
50250,-33.797592,248546,150.975433,09/08/2025 13:52:03,0.292,2025-09-08 13:52:03,27.75,0.0,0.0,1.0,26.056173
7119-PR,-33.817974,247157,150.981827,08/25/2025 14:08:35,0.158,2025-08-25 14:08:35,20.85,0.0,0.0,3.0,20.872211
7119-PR,-33.817974,247157,150.981827,08/25/2025 14:08:35,0.158,2025-08-25 14:08:35,20.85,0.0,0.0,3.0,20.872211
33014,-33.806141,249829,151.17952,09/17/2025 14:21:22,0.648,2025-09-17 14:21:22,24.8,0.0,0.0,0.0,23.051586
33014,-33.806141,249829,151.17952,09/17/2025 14:21:22,0.648,2025-09-17 14:21:22,24.8,0.0,0.0,0.0,23.051586
47024,-33.83889,250093,151.029022,09/19/2025 23:33:51,0.214,2025-09-19 23:33:51,18.3,0.8,0.8,53.0,17.041224
47024,-33.83889,250093,151.029022,09/19/2025 23:33:51,0.214,2025-09-19 23:33:51,18.3,0.8,0.8,53.0,17.041224
47024,-33.83889,250093,151.029022,09/19/2025 23:33:51,0.214,2025-09-19 23:33:51,18.3,0.8,0.8,53.0,17.041224
47024,-33.83889,250093,151.029022,09/19/2025 23:33:51,0.214,2025-09-19 23:33:51,18.3,0.8,0.8,53.0,17.041224
47024,-33.83889,250093,151.029022,09/19/2025 23:33:51,0.214,2025-09-19 23:33:51,18.3,0.8,0.8,53.0,17.041224
47024,-33.83889,250093,151.029022,09/19/2025 23:33:51,0.214,2025-09-19 23:33:51,18.3,0.8,0.8,53.0,17.041224
47024,-33.83889,250093,151.029022,09/19/2025 23:33:51,0.214,2025-09-19 23:33:51,18.3,0.8,0.8,53.0,17.041224
47024,-33.83889,250093,151.029022,09/19/2025 23:33:51,0.214,2025-09-19 23:33:51,18.3,0.8,0.8,53.0,17.041224
7120,-33.886311,250137,151.217911,09/20/2025 18:38:51,0.087,2025-09-20 18:38:51,17.45,0.0,0.0,0.0,13.679295
7121,-33.886032,250137,151.218079,09/20/2025 18:38:51,0.119,2025-09-20 18:38:51,17.45,0.0,0.0,0.0,13.679295
7112,-33.843338,250224,151.043411,09/22/2025 07:15:15,0.096,2025-09-22 07:15:15,11.95,0.0,0.0,0.0,10.078284
7112,-33.843338,250224,151.043411,09/22/2025 07:15:15,0.096,2025-09-22 07:15:15,11.95,0.0,0.0,0.0,10.078284
74228,-33.723019,250816,151.036606,09/26/2025 17:11:05,0.241,2025-09-26 17:11:05,24.85,0.0,0.0,3.0,21.533592
7120,-33.886311,248105,151.217911,09/04/2025 07:53:50,0.307,2025-09-04 07:53:50,12.8,0.0,0.0,3.0,9.126478
7121,-33.886032,248105,151.218079,09/04/2025 07:53:50,0.28,2025-09-04 07:53:50,12.8,0.0,0.0,3.0,9.126478
7120,-33.886311,248105,151.217911,09/04/2025 07:53:50,0.307,2025-09-04 07:53:50,12.8,0.0,0.0,3.0,9.126478
7121,-33.886032,248105,151.218079,09/04/2025 07:53:50,0.28,2025-09-04 07:53:50,12.8,0.0,0.0,3.0,9.126478
7112,-33.843338,248278,151.043411,09/05/2025 12:48:23,0.295,2025-09-05 12:48:23,16.6,0.0,0.0,1.0,14.922956
7112,-33.843338,248278,151.043411,09/05/2025 12:48:23,0.295,2025-09-05 12:48:23,16.6,0.0,0.0,1.0,14.922956
7112,-33.843338,248278,151.043411,09/05/2025 12:48:23,0.295,2025-09-05 12:48:23,16.6,0.0,0.0,1.0,14.922956
7112,-33.843338,248278,151.043411,09/05/2025 12:48:23,0.295,2025-09-05 12:48:23,16.6,0.0,0.0,1.0,14.922956
7112,-33.843338,248278,151.043411,09/05/2025 12:48:23,0.295,2025-09-05 12:48:23,16.6,0.0,0.0,1.0,14.922956
7274,-33.779202,248496,150.814102,09/08/2025 08:05:08,0.192,2025-09-08 08:05:08,16.6,0.0,0.0,0.0,15.312595
7179,-33.817272,249542,150.962784,09/15/2025 07:46:09,0.101,2025-09-15 07:46:09,9.95,0.0,0.0,0.0,8.07569
7179,-33.817272,249542,150.962784,09/15/2025 07:46:09,0.101,2025-09-15 07:46:09,9.95,0.0,0.0,0.0,8.07569
7126,-34.035271,249651,151.113007,09/16/2025 07:47:26,0.561,2025-09-16 07:47:26,16.8,0.0,0.0,3.0,14.4119835
7126,-34.035271,249651,151.113007,09/16/2025 07:47:26,0.552,2025-09-16 07:47:26,16.8,0.0,0.0,3.0,14.4119835
7123-PR,-33.769588,249852,150.768738,09/17/2025 16:53:15,0.087,2025-09-17 16:53:15,23.65,0.0,0.0,1.0,21.705711
7123-PR,-33.769588,249852,150.768738,09/17/2025 16:53:15,0.087,2025-09-17 16:53:15,23.65,0.0,0.0,1.0,21.705711
53003,-33.729225,250494,151.122208,09/24/2025 13:17:59,0.876,2025-09-24 13:17:59,23.6,0.0,0.0,3.0,22.182272
53003,-33.729225,250494,151.122208,09/24/2025 13:17:59,0.742,2025-09-24 13:17:59,23.6,0.0,0.0,3.0,22.182272
F3FWY005,-33.429348,250554,151.22467,09/24/2025 20:23:50,0.663,2025-09-24 20:23:50,13.75,0.0,0.0,2.0,12.976479
F3FWY005,-33.429348,250554,151.22467,09/24/2025 20:23:50,0.663,2025-09-24 20:23:50,13.75,0.0,0.0,2.0,12.976479
10011,-33.876652,250564,151.230606,09/24/2025 22:04:39,0.137,2025-09-24 22:04:39,14.35,0.0,0.0,3.0,11.759312
7139,-33.876884,250564,151.228683,09/24/2025 22:04:39,0.313,2025-09-24 22:04:39,14.35,0.0,0.0,3.0,11.759312
10011,-33.876652,250564,151.230606,09/24/2025 22:04:39,0.137,2025-09-24 22:04:39,14.35,0.0,0.0,3.0,11.759312
7139,-33.876884,250564,151.228683,09/24/2025 22:04:39,0.313,2025-09-24 22:04:39,14.35,0.0,0.0,3.0,11.759312
10011,-33.876652,250564,151.230606,09/24/2025 22:04:39,0.137,2025-09-24 22:04:39,14.35,0.0,0.0,3.0,11.759312
7139,-33.876884,250564,151.228683,09/24/2025 22:04:39,0.313,2025-09-24 22:04:39,14.35,0.0,0.0,3.0,11.759312
10011,-33.876652,250564,151.230606,09/24/2025 22:04:39,0.137,2025-09-24 22:04:39,14.35,0.0,0.0,3.0,11.759312
7139,-33.876884,250564,151.228683,09/24/2025 22:04:39,0.313,2025-09-24 22:04:39,14.35,0.0,0.0,3.0,11.759312
47024,-33.83889,250916,151.029022,09/28/2025 13:34:40,0.214,2025-09-28 13:34:40,24.05,0.0,0.0,1.0,24.641773
47024,-33.83889,250916,151.029022,09/28/2025 13:34:40,0.214,2025-09-28 13:34:40,24.05,0.0,0.0,1.0,24.641773
47024,-33.83889,250916,151.029022,09/28/2025 13:34:40,0.128,2025-09-28 13:34:40,24.05,0.0,0.0,1.0,24.641773
47024,-33.83889,250916,151.029022,09/28/2025 13:34:40,0.128,2025-09-28 13:34:40,24.05,0.0,0.0,1.0,24.641773
F3FWY005,-33.429348,250554,151.22467,09/24/2025 20:23:50,0.663,2025-09-24 20:23:50,13.75,0.0,0.0,2.0,12.976479
F3FWY005,-33.429348,250554,151.22467,09/24/2025 20:23:50,0.663,2025-09-24 20:23:50,13.75,0.0,0.0,2.0,12.976479
F3FWY005,-33.429348,250554,151.22467,09/24/2025 20:23:50,0.663,2025-09-24 20:23:50,13.75,0.0,0.0,2.0,12.976479
F3FWY005,-33.429348,250554,151.22467,09/24/2025 20:23:50,0.663,2025-09-24 20:23:50,13.75,0.0,0.0,2.0,12.976479
F3FWY005,-33.429348,250554,151.22467,09/24/2025 20:23:50,0.663,2025-09-24 20:23:50,13.75,0.0,0.0,2.0,12.976479
F3FWY005,-33.429348,250554,151.22467,09/24/2025 20:23:50,0.663,2025-09-24 20:23:50,13.75,0.0,0.0,2.0,12.976479
F3FWY005,-33.429348,250554,151.22467,09/24/2025 20:23:50,0.663,2025-09-24 20:23:50,13.75,0.0,0.0,2.0,12.976479
F3FWY005,-33.429348,250554,151.22467,09/24/2025 20:23:50,0.663,2025-09-24 20:23:50,13.75,0.0,0.0,2.0,12.976479
F3FWY005,-33.429348,250554,151.22467,09/24/2025 20:23:50,0.663,2025-09-24 20:23:50,13.75,0.0,0.0,2.0,12.976479
F3FWY005,-33.429348,250554,151.22467,09/24/2025 20:23:50,0.663,2025-09-24 20:23:50,13.75,0.0,0.0,2.0,12.976479
7123-PR,-33.769588,249221,150.768738,09/11/2025 15:24:15,0.454,2025-09-11 15:24:15,17.35,0.0,0.0,2.0,13.888079
7123-PR,-33.769588,249221,150.768738,09/11/2025 15:24:15,0.454,2025-09-11 15:24:15,17.35,0.0,0.0,2.0,13.888079
7123-PR,-33.769588,249221,150.768738,09/11/2025 15:24:15,0.454,2025-09-11 15:24:15,17.35,0.0,0.0,2.0,13.888079
7123-PR,-33.769588,249221,150.768738,09/11/2025 15:24:15,0.454,2025-09-11 15:24:15,17.35,0.0,0.0,2.0,13.888079
7179,-33.817272,249440,150.962784,09/12/2025 21:27:43,0.098,2025-09-12 21:27:43,12.2,0.0,0.0,3.0,11.676191
7274,-33.779202,249545,150.814102,09/15/2025 08:06:16,0.36,2025-09-15 08:06:16,11.0,0.0,0.0,0.0,9.712191
7274,-33.779202,249545,150.814102,09/15/2025 08:06:16,0.368,2025-09-15 08:06:16,11.0,0.0,0.0,0.0,9.712191
7274,-33.779202,249545,150.814102,09/15/2025 08:06:16,0.368,2025-09-15 08:06:16,11.0,0.0,0.0,0.0,9.712191
7168,-33.798195,249614,150.897125,09/15/2025 16:20:11,0.738,2025-09-15 16:20:11,24.65,0.0,0.0,0.0,23.193356
7168,-33.798195,249614,150.897125,09/15/2025 16:20:11,0.738,2025-09-15 16:20:11,24.65,0.0,0.0,0.0,23.193356
7168,-33.798195,249614,150.897125,09/15/2025 16:20:11,0.738,2025-09-15 16:20:11,24.65,0.0,0.0,0.0,23.193356
7168,-33.798195,249614,150.897125,09/15/2025 16:20:11,0.738,2025-09-15 16:20:11,24.65,0.0,0.0,0.0,23.193356
7168,-33.798195,249614,150.897125,09/15/2025 16:20:11,0.738,2025-09-15 16:20:11,24.65,0.0,0.0,0.0,23.193356
53003,-33.729225,249640,151.122208,09/16/2025 03:10:11,0.472,2025-09-16 03:10:11,15.55,0.0,0.0,3.0,12.664907
53003,-33.729225,249640,151.122208,09/16/2025 03:10:11,0.472,2025-09-16 03:10:11,15.55,0.0,0.0,3.0,12.664907
51235,-33.81551,249857,151.101105,09/17/2025 17:36:05,0.05,2025-09-17 17:36:05,21.45,0.0,0.0,0.0,20.922941
51235,-33.81551,249857,151.101105,09/17/2025 17:36:05,0.05,2025-09-17 17:36:05,21.45,0.0,0.0,0.0,20.922941
9834-PR,-34.033203,250660,151.092529,09/25/2025 15:32:56,0.32,2025-09-25 15:32:56,24.55,0.0,0.0,3.0,20.891056
9834-PR,-34.033203,250660,151.092529,09/25/2025 15:32:56,0.32,2025-09-25 15:32:56,24.55,0.0,0.0,3.0,20.891056
7120,-33.886311,250812,151.217911,09/26/2025 16:55:51,0.01,2025-09-26 16:55:51,27.75,0.0,0.0,3.0,22.988731
7121,-33.886032,250812,151.218079,09/26/2025 16:55:51,0.024,2025-09-26 16:55:51,27.75,0.0,0.0,3.0,22.988731
32029,-33.821175,248039,151.149902,09/03/2025 08:37:12,0.192,2025-09-03 08:37:12,10.85,0.0,0.0,1.0,8.786461
32029,-33.821175,248039,151.149902,09/03/2025 08:37:12,0.251,2025-09-03 08:37:12,10.85,0.0,0.0,1.0,8.786461
32029,-33.821175,248039,151.149902,09/03/2025 08:37:12,0.304,2025-09-03 08:37:12,10.85,0.0,0.0,1.0,8.786461
32029,-33.821175,248039,151.149902,09/03/2025 08:37:12,0.355,2025-09-03 08:37:12,10.85,0.0,0.0,1.0,8.786461
32029,-33.821175,248039,151.149902,09/03/2025 08:37:12,0.355,2025-09-03 08:37:12,10.85,0.0,0.0,1.0,8.786461
74230,-33.724735,249425,151.086151,09/12/2025 17:14:36,0.406,2025-09-12 17:14:36,16.7,0.0,0.0,0.0,14.528622
53004,-33.75317,249895,151.151077,09/18/2025 08:05:21,0.573,2025-09-18 08:05:21,12.3,0.0,0.0,0.0,9.968495
53004,-33.75317,249895,151.151077,09/18/2025 08:05:21,0.573,2025-09-18 08:05:21,12.3,0.0,0.0,0.0,9.968495
53004,-33.75317,249895,151.151077,09/18/2025 08:05:21,0.573,2025-09-18 08:05:21,12.3,0.0,0.0,0.0,9.968495
53004,-33.75317,249895,151.151077,09/18/2025 08:05:21,0.573,2025-09-18 08:05:21,12.3,0.0,0.0,0.0,9.968495
7132,-33.953056,250222,151.137482,09/22/2025 06:49:48,0.196,2025-09-22 06:49:48,9.3,0.0,0.0,0.0,7.7492647
7132,-33.953056,250222,151.137482,09/22/2025 06:49:48,0.196,2025-09-22 06:49:48,9.3,0.0,0.0,0.0,7.7492647
7132,-33.953056,250222,151.137482,09/22/2025 06:49:48,0.196,2025-09-22 06:49:48,9.3,0.0,0.0,0.0,7.7492647
7132,-33.953056,250222,151.137482,09/22/2025 06:49:48,0.196,2025-09-22 06:49:48,9.3,0.0,0.0,0.0,7.7492647
7132,-33.953056,250222,151.137482,09/22/2025 06:49:48,0.196,2025-09-22 06:49:48,9.3,0.0,0.0,0.0,7.7492647
23067,-33.934475,248179,151.15831,09/04/2025 15:42:19,0.396,2025-09-04 15:42:19,23.15,0.0,0.0,3.0,18.65553
7112,-33.843338,248217,151.043411,09/05/2025 07:01:12,0.493,2025-09-05 07:01:12,10.35,0.0,0.0,0.0,8.481705
7112,-33.843338,248217,151.043411,09/05/2025 07:01:12,0.493,2025-09-05 07:01:12,10.35,0.0,0.0,0.0,8.481705
7112,-33.843338,248217,151.043411,09/05/2025 07:01:12,0.493,2025-09-05 07:01:12,10.35,0.0,0.0,0.0,8.481705
7112,-33.843338,248217,151.043411,09/05/2025 07:01:12,0.493,2025-09-05 07:01:12,10.35,0.0,0.0,0.0,8.481705
7184,-33.772957,248231,151.135391,09/05/2025 09:29:21,0.038,2025-09-05 09:29:21,14.65,0.0,0.0,0.0,13.326704
7112,-33.843338,248379,151.043411,09/06/2025 17:59:52,0.018,2025-09-06 17:59:52,16.85,0.0,0.0,0.0,14.955151
T0345,-33.689632,248411,151.097748,09/07/2025 08:23:20,0.236,2025-09-07 08:23:20,13.05,0.0,0.0,2.0,12.01535
7123-PR,-33.769588,249140,150.768738,09/11/2025 10:20:17,0.004,2025-09-11 10:20:17,13.15,0.1,0.1,51.0,10.095354
7123-PR,-33.769588,249140,150.768738,09/11/2025 10:20:17,0.004,2025-09-11 10:20:17,13.15,0.1,0.1,51.0,10.095354
7123-PR,-33.769588,249140,150.768738,09/11/2025 10:20:17,0.004,2025-09-11 10:20:17,13.15,0.1,0.1,51.0,10.095354
7251,-33.874916,249142,151.155319,09/11/2025 10:26:21,0.018,2025-09-11 10:26:21,12.05,1.0,1.0,55.0,7.1208916
7251,-33.874916,249142,151.155319,09/11/2025 10:26:21,0.018,2025-09-11 10:26:21,12.05,1.0,1.0,55.0,7.1208916
7120,-33.886311,250172,151.217911,09/21/2025 12:58:52,0.221,2025-09-21 12:58:52,19.4,0.0,0.0,0.0,18.368025
7121,-33.886032,250172,151.218079,09/21/2025 12:58:52,0.19,2025-09-21 12:58:52,19.4,0.0,0.0,0.0,18.368025
7120,-33.886311,250172,151.217911,09/21/2025 12:58:52,0.221,2025-09-21 12:58:52,19.4,0.0,0.0,0.0,18.368025
7121,-33.886032,250172,151.218079,09/21/2025 12:58:52,0.19,2025-09-21 12:58:52,19.4,0.0,0.0,0.0,18.368025
53004,-33.75317,250486,151.151077,09/24/2025 11:57:43,0.565,2025-09-24 11:57:43,21.0,0.0,0.0,2.0,20.24802
F3FWY005,-33.429348,250789,151.22467,09/26/2025 14:37:44,0.164,2025-09-26 14:37:44,26.85,0.0,0.0,3.0,22.76142
53004,-33.75317,248013,151.151077,09/02/2025 18:51:53,0.557,2025-09-02 18:51:53,14.05,0.0,0.0,1.0,12.563347
53004,-33.75317,248013,151.151077,09/02/2025 18:51:53,0.557,2025-09-02 18:51:53,14.05,0.0,0.0,1.0,12.563347
53004,-33.75317,248013,151.151077,09/02/2025 18:51:53,0.557,2025-09-02 18:51:53,14.05,0.0,0.0,1.0,12.563347
7270,-33.793304,248068,151.119659,09/03/2025 14:44:26,0.067,2025-09-03 14:44:26,20.95,0.0,0.0,0.0,19.883718
7270,-33.793304,248068,151.119659,09/03/2025 14:44:26,0.067,2025-09-03 14:44:26,20.95,0.0,0.0,0.0,19.883718
29005,-33.824696,248306,151.093216,09/05/2025 15:35:38,0.211,2025-09-05 15:35:38,16.45,0.0,0.0,3.0,13.769274
50240,-33.796436,248308,150.987595,09/05/2025 15:40:45,0.455,2025-09-05 15:40:45,16.4,0.0,0.0,3.0,13.672647
29005,-33.824696,248306,151.093216,09/05/2025 15:35:38,0.211,2025-09-05 15:35:38,16.45,0.0,0.0,3.0,13.769274
50240,-33.796436,248308,150.987595,09/05/2025 15:40:45,0.447,2025-09-05 15:40:45,16.4,0.0,0.0,3.0,13.672647
50240,-33.796436,248308,150.987595,09/05/2025 15:40:45,0.447,2025-09-05 15:40:45,16.4,0.0,0.0,3.0,13.672647
29005,-33.824696,248306,151.093216,09/05/2025 15:35:38,0.211,2025-09-05 15:35:38,16.45,0.0,0.0,3.0,13.769274
7163,-33.865181,249226,151.171997,09/11/2025 15:37:00,0.229,2025-09-11 15:37:00,15.9,0.0,0.0,0.0,11.598295
7163,-33.865181,249226,151.171997,09/11/2025 15:37:00,0.229,2025-09-11 15:37:00,15.9,0.0,0.0,0.0,11.598295
7163,-33.865181,249226,151.171997,09/11/2025 15:37:00,0.229,2025-09-11 15:37:00,15.9,0.0,0.0,0.0,11.598295
7163,-33.865181,249226,151.171997,09/11/2025 15:37:00,0.229,2025-09-11 15:37:00,15.9,0.0,0.0,0.0,11.598295
7163,-33.865181,249226,151.171997,09/11/2025 15:37:00,0.229,2025-09-11 15:37:00,15.9,0.0,0.0,0.0,11.598295
7163,-33.865181,249226,151.171997,09/11/2025 15:37:00,0.229,2025-09-11 15:37:00,15.9,0.0,0.0,0.0,11.598295
7112,-33.843338,249497,151.043411,09/14/2025 09:53:26,0.287,2025-09-14 09:53:26,14.1,0.0,0.0,1.0,14.242722
7112,-33.843338,249497,151.043411,09/14/2025 09:53:26,0.287,2025-09-14 09:53:26,14.1,0.0,0.0,1.0,14.242722
7112,-33.843338,249497,151.043411,09/14/2025 09:53:26,0.287,2025-09-14 09:53:26,14.1,0.0,0.0,1.0,14.242722
7112,-33.843338,249497,151.043411,09/14/2025 09:53:26,0.287,2025-09-14 09:53:26,14.1,0.0,0.0,1.0,14.242722
7112,-33.843338,249497,151.043411,09/14/2025 09:53:26,0.287,2025-09-14 09:53:26,14.1,0.0,0.0,1.0,14.242722
7112,-33.843338,249497,151.043411,09/14/2025 09:53:26,0.287,2025-09-14 09:53:26,14.1,0.0,0.0,1.0,14.242722
23067,-33.934475,250156,151.15831,09/21/2025 06:00:47,0.191,2025-09-21 06:00:47,10.75,0.0,0.0,0.0,7.6971874
53003,-33.729225,250262,151.122208,09/22/2025 11:50:00,0.251,2025-09-22 11:50:00,19.35,0.0,0.0,0.0,18.316774
74230,-33.724735,250953,151.086151,09/29/2025 08:58:55,0.43,2025-09-29 08:58:55,16.8,0.0,0.0,2.0,16.343662
33014,-33.806141,247799,151.17952,09/01/2025 06:31:44,0.79,2025-09-01 06:31:44,8.15,0.0,0.0,0.0,5.32215
7120,-33.886311,247875,151.217911,09/01/2025 15:15:14,0.207,2025-09-01 15:15:14,16.65,0.0,0.0,0.0,14.046318
7121,-33.886032,247875,151.218079,09/01/2025 15:15:14,0.239,2025-09-01 15:15:14,16.65,0.0,0.0,0.0,14.046318
9658,-33.79353,248156,151.018829,09/04/2025 13:30:25,0.171,2025-09-04 13:30:25,22.2,0.0,0.0,3.0,17.88446
9658,-33.79353,248156,151.018829,09/04/2025 13:30:25,0.301,2025-09-04 13:30:25,22.2,0.0,0.0,3.0,17.88446
7112,-33.843338,248338,151.043411,09/05/2025 22:04:22,0.564,2025-09-05 22:04:22,12.35,0.0,0.0,3.0,11.234087
7112,-33.843338,248338,151.043411,09/05/2025 22:04:22,0.564,2025-09-05 22:04:22,12.35,0.0,0.0,3.0,11.234087
23067,-33.934475,249431,151.15831,09/12/2025 18:10:33,0.21,2025-09-12 18:10:33,15.2,0.0,0.0,0.0,14.302082
23067,-33.934475,249431,151.15831,09/12/2025 18:10:33,0.21,2025-09-12 18:10:33,15.2,0.0,0.0,0.0,14.302082
23067,-33.934475,249431,151.15831,09/12/2025 18:10:33,0.21,2025-09-12 18:10:33,15.2,0.0,0.0,0.0,14.302082
7126,-34.035271,249490,151.113007,09/13/2025 23:27:35,0.126,2025-09-13 23:27:35,11.25,0.0,0.0,0.0,10.4465065
7126,-34.035271,249490,151.113007,09/13/2025 23:27:35,0.126,2025-09-13 23:27:35,11.25,0.0,0.0,0.0,10.4465065
33014,-33.806141,249503,151.17952,09/14/2025 13:14:15,0.23,2025-09-14 13:14:15,21.25,0.0,0.0,0.0,22.101334
33014,-33.806141,249503,151.17952,09/14/2025 13:14:15,0.23,2025-09-14 13:14:15,21.25,0.0,0.0,0.0,22.101334
74230,-33.724735,249844,151.086151,09/17/2025 15:58:09,0.416,2025-09-17 15:58:09,23.75,0.0,0.0,0.0,20.127172
74230,-33.724735,249844,151.086151,09/17/2025 15:58:09,0.416,2025-09-17 15:58:09,23.75,0.0,0.0,0.0,20.127172
74230,-33.724735,249844,151.086151,09/17/2025 15:58:09,0.416,2025-09-17 15:58:09,23.75,0.0,0.0,0.0,20.127172
74230,-33.724735,249844,151.086151,09/17/2025 15:58:09,0.416,2025-09-17 15:58:09,23.75,0.0,0.0,0.0,20.127172
7120,-33.886311,249939,151.217911,09/18/2025 14:40:40,0.56,2025-09-18 14:40:40,19.0,0.0,0.0,0.0,18.578465
7121,-33.886032,249939,151.218079,09/18/2025 14:40:40,0.555,2025-09-18 14:40:40,19.0,0.0,0.0,0.0,18.578465
7179,-33.817272,251127,150.962784,09/30/2025 16:34:09,0.438,2025-09-30 16:34:09,29.0,0.0,0.0,0.0,27.67443
7179,-33.817272,251127,150.962784,09/30/2025 16:34:09,0.438,2025-09-30 16:34:09,29.0,0.0,0.0,0.0,27.67443
7179,-33.817272,251127,150.962784,09/30/2025 16:34:09,0.438,2025-09-30 16:34:09,29.0,0.0,0.0,0.0,27.67443
7251,-33.874916,251152,151.155319,09/30/2025 21:02:21,0.022,2025-09-30 21:02:21,22.85,0.0,0.0,0.0,20.13211
7251,-33.874916,251152,151.155319,09/30/2025 21:02:21,0.022,2025-09-30 21:02:21,22.85,0.0,0.0,0.0,20.13211
50240,-33.796436,247978,150.987595,09/02/2025 13:23:06,0.094,2025-09-02 13:23:06,19.0,0.0,0.0,2.0,18.126423
T0231,-33.838615,248488,151.143753,09/08/2025 06:44:29,0.258,2025-09-08 06:44:29,15.55,0.0,0.0,0.0,12.854771
47024,-33.83889,248980,151.029022,09/10/2025 16:58:48,0.237,2025-09-10 16:58:48,15.7,4.2,4.2,63.0,14.938707
7164,-33.81562,249587,150.969238,09/15/2025 14:17:01,0.267,2025-09-15 14:17:01,25.65,0.0,0.0,0.0,23.621346
7164,-33.81562,249587,150.969238,09/15/2025 14:17:01,0.267,2025-09-15 14:17:01,25.65,0.0,0.0,0.0,23.621346
7164,-33.81562,249587,150.969238,09/15/2025 14:17:01,0.267,2025-09-15 14:17:01,25.65,0.0,0.0,0.0,23.621346
7164,-33.81562,249587,150.969238,09/15/2025 14:17:01,0.267,2025-09-15 14:17:01,25.65,0.0,0.0,0.0,23.621346
7164,-33.81562,249587,150.969238,09/15/2025 14:17:01,0.267,2025-09-15 14:17:01,25.65,0.0,0.0,0.0,23.621346
7164,-33.81562,249587,150.969238,09/15/2025 14:17:01,0.267,2025-09-15 14:17:01,25.65,0.0,0.0,0.0,23.621346
7164,-33.81562,249587,150.969238,09/15/2025 14:17:01,0.267,2025-09-15 14:17:01,25.65,0.0,0.0,0.0,23.621346
23067,-33.934475,249768,151.15831,09/17/2025 04:18:58,0.507,2025-09-17 04:18:58,18.0,0.0,0.0,2.0,17.86635
10011,-33.876652,250287,151.230606,09/22/2025 14:47:05,0.2,2025-09-22 14:47:05,17.5,0.5,0.5,53.0,14.167662
7139,-33.876884,250287,151.228683,09/22/2025 14:47:05,0.021,2025-09-22 14:47:05,17.5,0.5,0.5,53.0,14.167662
53004,-33.75317,250776,151.151077,09/26/2025 13:35:39,0.463,2025-09-26 13:35:39,27.3,0.0,0.0,2.0,23.984573
74230,-33.724735,250805,151.086151,09/26/2025 15:31:22,0.862,2025-09-26 15:31:22,27.15,0.0,0.0,3.0,22.55654
F3FWY002,-33.651676,250960,151.137741,09/29/2025 10:03:09,0.609,2025-09-29 10:03:09,20.2,0.1,0.1,51.0,20.457855
F3FWY002,-33.651676,250960,151.137741,09/29/2025 10:03:09,0.609,2025-09-29 10:03:09,20.2,0.1,0.1,51.0,20.457855
9836-PR,-33.819687,247467,151.117416,08/28/2025 10:19:22,0.074,2025-08-28 10:19:22,15.0,0.0,0.0,0.0,11.4781065
7120,-33.886311,247936,151.217911,09/02/2025 08:29:55,0.493,2025-09-02 08:29:55,11.25,0.0,0.0,3.0,9.870939
7121,-33.886032,247936,151.218079,09/02/2025 08:29:55,0.465,2025-09-02 08:29:55,11.25,0.0,0.0,3.0,9.870939
7163,-33.865181,248041,151.171997,09/03/2025 09:25:52,0.035,2025-09-03 09:25:52,13.15,0.0,0.0,0.0,11.087912
7163,-33.865181,248041,151.171997,09/03/2025 09:25:52,0.035,2025-09-03 09:25:52,13.15,0.0,0.0,0.0,11.087912
9658,-33.79353,249085,151.018829,09/11/2025 07:30:15,0.582,2025-09-11 07:30:15,8.55,6.7,6.7,63.0,5.202119
9658,-33.79353,249085,151.018829,09/11/2025 07:30:15,0.582,2025-09-11 07:30:15,8.55,6.7,6.7,63.0,5.202119
7184,-33.772957,249267,151.135391,09/12/2025 06:07:48,0.056,2025-09-12 06:07:48,8.4,0.0,0.0,0.0,6.4190207
7184,-33.772957,249267,151.135391,09/12/2025 06:07:48,0.056,2025-09-12 06:07:48,8.4,0.0,0.0,0.0,6.4190207
7179,-33.817272,249416,150.962784,09/12/2025 16:05:56,0.191,2025-09-12 16:05:56,19.85,0.0,0.0,0.0,18.67077
7179,-33.817272,249416,150.962784,09/12/2025 16:05:56,0.191,2025-09-12 16:05:56,19.85,0.0,0.0,0.0,18.67077
7112,-33.843338,249840,151.043411,09/17/2025 15:37:31,0.215,2025-09-17 15:37:31,24.6,0.0,0.0,0.0,22.395988
53004,-33.75317,250466,151.151077,09/24/2025 10:11:39,0.441,2025-09-24 10:11:39,18.3,0.0,0.0,0.0,16.828054
53004,-33.75317,250466,151.151077,09/24/2025 10:11:39,0.441,2025-09-24 10:11:39,18.3,0.0,0.0,0.0,16.828054
53004,-33.75317,250466,151.151077,09/24/2025 10:11:39,0.441,2025-09-24 10:11:39,18.3,0.0,0.0,0.0,16.828054
53004,-33.75317,250466,151.151077,09/24/2025 10:11:39,0.441,2025-09-24 10:11:39,18.3,0.0,0.0,0.0,16.828054
74230,-33.724735,249446,151.086151,09/13/2025 01:00:15,0.811,2025-09-13 01:00:15,10.55,0.0,0.0,1.0,8.80469
7120,-33.886311,249635,151.217911,09/15/2025 22:46:20,0.022,2025-09-15 22:46:20,16.6,0.0,0.0,0.0,14.658743
7121,-33.886032,249635,151.218079,09/15/2025 22:46:20,0.017,2025-09-15 22:46:20,16.6,0.0,0.0,0.0,14.658743
7120,-33.886311,249635,151.217911,09/15/2025 22:46:20,0.022,2025-09-15 22:46:20,16.6,0.0,0.0,0.0,14.658743
7121,-33.886032,249635,151.218079,09/15/2025 22:46:20,0.017,2025-09-15 22:46:20,16.6,0.0,0.0,0.0,14.658743
7120,-33.886311,249635,151.217911,09/15/2025 22:46:20,0.022,2025-09-15 22:46:20,16.6,0.0,0.0,0.0,14.658743
7121,-33.886032,249635,151.218079,09/15/2025 22:46:20,0.017,2025-09-15 22:46:20,16.6,0.0,0.0,0.0,14.658743
7120,-33.886311,249635,151.217911,09/15/2025 22:46:20,0.022,2025-09-15 22:46:20,16.6,0.0,0.0,0.0,14.658743
7121,-33.886032,249635,151.218079,09/15/2025 22:46:20,0.017,2025-09-15 22:46:20,16.6,0.0,0.0,0.0,14.658743
68025,-33.816696,250269,150.976623,09/22/2025 12:20:09,0.516,2025-09-22 12:20:09,22.05,0.0,0.0,3.0,19.85009
68025,-33.816696,250269,150.976623,09/22/2025 12:20:09,0.516,2025-09-22 12:20:09,22.05,0.0,0.0,3.0,19.85009
23067,-33.934475,250294,151.15831,09/22/2025 15:58:22,0.027,2025-09-22 15:58:22,16.1,0.0,0.0,3.0,13.032753
23067,-33.934475,250294,151.15831,09/22/2025 15:58:22,0.027,2025-09-22 15:58:22,16.1,0.0,0.0,3.0,13.032753
23067,-33.934475,250294,151.15831,09/22/2025 15:58:22,0.027,2025-09-22 15:58:22,16.1,0.0,0.0,3.0,13.032753
23067,-33.934475,250294,151.15831,09/22/2025 15:58:22,0.027,2025-09-22 15:58:22,16.1,0.0,0.0,3.0,13.032753
7161,-33.740406,250686,151.060989,09/25/2025 18:29:47,0.024,2025-09-25 18:29:47,19.45,0.0,0.0,3.0,16.034672
7251,-33.874916,250736,151.155319,09/26/2025 10:23:06,0.073,2025-09-26 10:23:06,24.15,0.0,0.0,3.0,20.693094
7251,-33.874916,250736,151.155319,09/26/2025 10:23:06,0.073,2025-09-26 10:23:06,24.15,0.0,0.0,3.0,20.693094
7251,-33.874916,250736,151.155319,09/26/2025 10:23:06,0.073,2025-09-26 10:23:06,24.15,0.0,0.0,3.0,20.693094
7184,-33.772957,250981,151.135391,09/29/2025 11:17:37,0.052,2025-09-29 11:17:37,21.6,0.0,0.0,1.0,21.062857
10011,-33.876652,251154,151.230606,09/30/2025 21:21:53,0.1,2025-09-30 21:21:53,22.25,0.0,0.0,0.0,19.306664
7139,-33.876884,251154,151.228683,09/30/2025 21:21:53,0.103,2025-09-30 21:21:53,22.25,0.0,0.0,0.0,19.306664
10011,-33.876652,251154,151.230606,09/30/2025 21:21:53,0.1,2025-09-30 21:21:53,22.25,0.0,0.0,0.0,19.306664
7139,-33.876884,251154,151.228683,09/30/2025 21:21:53,0.103,2025-09-30 21:21:53,22.25,0.0,0.0,0.0,19.306664
10011,-33.876652,251154,151.230606,09/30/2025 21:21:53,0.1,2025-09-30 21:21:53,22.25,0.0,0.0,0.0,19.306664
7139,-33.876884,251154,151.228683,09/30/2025 21:21:53,0.103,2025-09-30 21:21:53,22.25,0.0,0.0,0.0,19.306664
7275,-33.894714,251430,151.110962,10/03/2025 05:01:45,0.017,2025-10-03 05:01:45,11.6,0.0,0.0,0.0,8.297849
7275,-33.894714,251430,151.110962,10/03/2025 05:01:45,0.017,2025-10-03 05:01:45,11.6,0.0,0.0,0.0,8.297849
7275,-33.894714,251430,151.110962,10/03/2025 05:01:45,0.017,2025-10-03 05:01:45,11.6,0.0,0.0,0.0,8.297849
53004,-33.75317,252260,151.151077,10/11/2025 12:40:09,0.84,2025-10-11 12:40:09,29.25,0.0,0.0,0.0,26.847874
53004,-33.75317,252260,151.151077,10/11/2025 12:40:09,0.84,2025-10-11 12:40:09,29.25,0.0,0.0,0.0,26.847874
F3FWY001,-33.694206,252349,151.121323,10/13/2025 04:22:46,0.54,2025-10-13 04:22:46,14.7,0.0,0.0,0.0,11.955168
F3FWY003,-33.560299,252378,151.192551,10/13/2025 10:30:33,0.8,2025-10-13 10:30:33,20.4,0.0,0.0,1.0,19.263557
7179,-33.817272,252572,150.962784,10/14/2025 21:43:03,0.353,2025-10-14 21:43:03,21.2,0.0,0.0,0.0,20.29686
68025,-33.816696,253103,150.976623,10/19/2025 19:07:04,0.174,2025-10-19 19:07:04,22.45,0.0,0.0,2.0,22.139751
7120,-33.886311,251073,151.217911,09/30/2025 09:54:21,0.38,2025-09-30 09:54:21,20.95,0.0,0.0,1.0,19.904303
7121,-33.886032,251073,151.218079,09/30/2025 09:54:21,0.352,2025-09-30 09:54:21,20.95,0.0,0.0,1.0,19.904303
34016,-33.778187,253762,151.267136,10/26/2025 08:56:08,0.136,2025-10-26 08:56:08,17.8,0.0,0.0,3.0,16.761654
F3FWY002,-33.651676,253803,151.137741,10/26/2025 19:49:08,0.481,2025-10-26 19:49:08,21.9,0.0,0.0,0.0,19.788479
23067,-33.934475,253920,151.15831,10/27/2025 23:22:42,0.347,2025-10-27 23:22:42,13.75,0.0,0.0,3.0,9.722915
23067,-33.934475,254213,151.15831,10/30/2025 13:45:42,0.501,2025-10-30 13:45:42,19.85,0.2,0.2,51.0,21.958164
51235,-33.81551,253964,151.101105,10/28/2025 10:04:32,0.271,2025-10-28 10:04:32,15.7,0.0,0.0,3.0,12.654497
33014,-33.806141,251315,151.17952,10/02/2025 08:33:20,0.621,2025-10-02 08:33:20,18.25,0.0,0.0,0.0,14.748407
32029,-33.821175,251420,151.149902,10/02/2025 21:50:57,0.431,2025-10-02 21:50:57,13.2,0.0,0.0,0.0,8.201286
32029,-33.821175,251420,151.149902,10/02/2025 21:50:57,0.431,2025-10-02 21:50:57,13.2,0.0,0.0,0.0,8.201286
32029,-33.821175,251420,151.149902,10/02/2025 21:50:57,0.431,2025-10-02 21:50:57,13.2,0.0,0.0,0.0,8.201286
32029,-33.821175,251420,151.149902,10/02/2025 21:50:57,0.431,2025-10-02 21:50:57,13.2,0.0,0.0,0.0,8.201286
34016,-33.778187,251496,151.267136,10/03/2025 14:03:59,0.2,2025-10-03 14:03:59,24.2,0.0,0.0,0.0,21.923347
7275,-33.894714,251633,151.110962,10/05/2025 19:59:19,0.267,2025-10-05 19:59:19,28.45,0.0,0.0,1.0,25.090786
22001,-33.825577,252087,151.233261,10/10/2025 06:08:59,0.274,2025-10-10 06:08:59,15.0,0.0,0.0,0.0,16.201519
T0288,-33.455536,252238,151.205093,10/11/2025 06:45:04,0.082,2025-10-11 06:45:04,13.4,0.0,0.0,0.0,10.629315
T0289,-33.455235,252238,151.205383,10/11/2025 06:45:04,0.124,2025-10-11 06:45:04,13.4,0.0,0.0,0.0,10.629315
T0290,-33.454796,252238,151.205872,10/11/2025 06:45:04,0.189,2025-10-11 06:45:04,13.4,0.0,0.0,0.0,10.629315
T0479-PR,-33.454525,252238,151.206726,10/11/2025 06:45:04,0.264,2025-10-11 06:45:04,13.4,0.0,0.0,0.0,10.629315
23067,-33.934475,252789,151.15831,10/16/2025 16:58:56,0.064,2025-10-16 16:58:56,25.7,0.0,0.0,1.0,25.900837
7112,-33.843338,253368,151.043411,10/22/2025 11:30:10,0.252,2025-10-22 11:30:10,32.6,0.0,0.0,3.0,34.7026
53004,-33.75317,253900,151.151077,10/27/2025 18:43:02,0.428,2025-10-27 18:43:02,15.8,0.0,0.0,3.0,12.470287
53004,-33.75317,253900,151.151077,10/27/2025 18:43:02,0.428,2025-10-27 18:43:02,15.8,0.0,0.0,3.0,12.470287
53004,-33.75317,253900,151.151077,10/27/2025 18:43:02,0.428,2025-10-27 18:43:02,15.8,0.0,0.0,3.0,12.470287
53004,-33.75317,253900,151.151077,10/27/2025 18:43:02,0.428,2025-10-27 18:43:02,15.8,0.0,0.0,3.0,12.470287
53004,-33.75317,253900,151.151077,10/27/2025 18:43:02,0.428,2025-10-27 18:43:02,15.8,0.0,0.0,3.0,12.470287
53004,-33.75317,253900,151.151077,10/27/2025 18:43:02,0.436,2025-10-27 18:43:02,15.8,0.0,0.0,3.0,12.470287
53004,-33.75317,253900,151.151077,10/27/2025 18:43:02,0.436,2025-10-27 18:43:02,15.8,0.0,0.0,3.0,12.470287
53004,-33.75317,253900,151.151077,10/27/2025 18:43:02,0.436,2025-10-27 18:43:02,15.8,0.0,0.0,3.0,12.470287
53004,-33.75317,253900,151.151077,10/27/2025 18:43:02,0.436,2025-10-27 18:43:02,15.8,0.0,0.0,3.0,12.470287
7179,-33.817272,254104,150.962784,10/29/2025 13:49:18,0.137,2025-10-29 13:49:18,16.5,0.4,0.4,51.0,16.670437
F3FWY004,-33.496265,254234,151.187408,10/30/2025 15:51:45,0.331,2025-10-30 15:51:45,22.55,0.1,0.1,51.0,22.480759
32029,-33.821175,251420,151.149902,10/02/2025 21:50:57,0.431,2025-10-02 21:50:57,13.2,0.0,0.0,0.0,8.201286
7120,-33.886311,252083,151.217911,10/10/2025 00:56:34,0.12,2025-10-10 00:56:34,20.85,0.0,0.0,0.0,19.937447
7121,-33.886032,252083,151.218079,10/10/2025 00:56:34,0.086,2025-10-10 00:56:34,20.85,0.0,0.0,0.0,19.937447
T0231,-33.838615,250635,151.143753,09/25/2025 13:28:24,0.705,2025-09-25 13:28:24,25.25,0.0,0.0,0.0,24.160383
F3FWY004,-33.496265,251853,151.187408,10/08/2025 12:35:00,0.662,2025-10-08 12:35:00,29.45,0.0,0.0,3.0,29.545536
7132,-33.953056,252570,151.137482,10/14/2025 20:45:32,0.45,2025-10-14 20:45:32,20.15,0.0,0.0,0.0,20.683828
7120,-33.886311,252593,151.217911,10/15/2025 08:05:08,0.272,2025-10-15 08:05:08,15.6,0.0,0.0,0.0,14.299358
7121,-33.886032,252593,151.218079,10/15/2025 08:05:08,0.244,2025-10-15 08:05:08,15.6,0.0,0.0,0.0,14.299358
7112,-33.843338,252740,151.043411,10/16/2025 10:15:28,0.355,2025-10-16 10:15:28,23.7,0.0,0.0,0.0,25.665785
7112,-33.843338,252740,151.043411,10/16/2025 10:15:28,0.355,2025-10-16 10:15:28,23.7,0.0,0.0,0.0,25.665785
7251,-33.874916,251899,151.155319,10/08/2025 15:48:00,0.649,2025-10-08 15:48:00,25.8,0.0,0.0,3.0,26.923853
23067,-33.934475,253920,151.15831,10/27/2025 23:22:42,0.347,2025-10-27 23:22:42,13.75,0.0,0.0,3.0,9.722915
23067,-33.934475,253920,151.15831,10/27/2025 23:22:42,0.347,2025-10-27 23:22:42,13.75,0.0,0.0,3.0,9.722915
23067,-33.934475,253920,151.15831,10/27/2025 23:22:42,0.347,2025-10-27 23:22:42,13.75,0.0,0.0,3.0,9.722915
23067,-33.934475,253920,151.15831,10/27/2025 23:22:42,0.347,2025-10-27 23:22:42,13.75,0.0,0.0,3.0,9.722915
23067,-33.934475,253920,151.15831,10/27/2025 23:22:42,0.347,2025-10-27 23:22:42,13.75,0.0,0.0,3.0,9.722915
68025,-33.816696,254019,150.976623,10/28/2025 20:18:39,0.33,2025-10-28 20:18:39,13.75,0.0,0.0,3.0,12.715712
T0288,-33.455536,252576,151.205093,10/14/2025 23:13:23,0.109,2025-10-14 23:13:23,14.45,0.0,0.0,0.0,14.04809
T0289,-33.455235,252576,151.205383,10/14/2025 23:13:23,0.066,2025-10-14 23:13:23,14.45,0.0,0.0,0.0,14.04809
T0290,-33.454796,252576,151.205872,10/14/2025 23:13:23,0.004,2025-10-14 23:13:23,14.45,0.0,0.0,0.0,14.04809
T0479-PR,-33.454525,252576,151.206726,10/14/2025 23:13:23,0.087,2025-10-14 23:13:23,14.45,0.0,0.0,0.0,14.04809
68025,-33.816696,252792,150.976623,10/16/2025 17:16:11,0.377,2025-10-16 17:16:11,32.25,0.0,0.0,0.0,30.347858
50240,-33.796436,252780,150.987595,10/16/2025 15:55:40,0.073,2025-10-16 15:55:40,33.2,0.0,0.0,0.0,31.74139
7120,-33.886311,252972,151.217911,10/17/2025 23:27:00,0.022,2025-10-17 23:27:00,17.7,0.0,0.0,3.0,16.574715
7121,-33.886032,252972,151.218079,10/17/2025 23:27:00,0.017,2025-10-17 23:27:00,17.7,0.0,0.0,3.0,16.574715
F3FWY003,-33.560299,253324,151.192551,10/22/2025 06:49:28,0.082,2025-10-22 06:49:28,17.35,0.0,0.0,3.0,18.600409
55049,-33.729507,253950,151.30011,10/28/2025 08:57:02,0.781,2025-10-28 08:57:02,14.55,0.0,0.0,3.0,11.024601
55049,-33.729507,253950,151.30011,10/28/2025 08:57:02,0.781,2025-10-28 08:57:02,14.55,0.0,0.0,3.0,11.024601
53004,-33.75317,254179,151.151077,10/30/2025 08:10:57,0.478,2025-10-30 08:10:57,15.4,0.0,0.0,0.0,15.600538
33014,-33.806141,254358,151.17952,10/31/2025 15:25:34,0.602,2025-10-31 15:25:34,21.75,0.0,0.0,3.0,22.227024
7275,-33.894714,251430,151.110962,10/03/2025 05:01:45,0.017,2025-10-03 05:01:45,11.6,0.0,0.0,0.0,8.297849
7163,-33.865181,251924,151.171997,10/08/2025 17:21:06,0.133,2025-10-08 17:21:06,26.55,0.0,0.0,3.0,27.695381
7270,-33.793304,252774,151.119659,10/16/2025 15:09:53,0.652,2025-10-16 15:09:53,32.2,0.0,0.0,0.0,31.795582
7251,-33.874916,253511,151.155319,10/23/2025 10:58:24,0.023,2025-10-23 10:58:24,20.65,0.0,0.0,3.0,18.561638
51235,-33.81551,253798,151.101105,10/26/2025 17:42:00,0.275,2025-10-26 17:42:00,23.65,0.0,0.0,3.0,21.359968
33014,-33.806141,254059,151.17952,10/29/2025 09:26:10,0.711,2025-10-29 09:26:10,13.95,0.4,0.4,51.0,14.213335
51235,-33.81551,251641,151.101105,10/06/2025 03:04:28,0.448,2025-10-06 03:04:28,20.45,0.0,0.0,3.0,17.34112
T0342,-33.65556,252680,151.063828,10/15/2025 19:04:06,0.144,2025-10-15 19:04:06,19.25,0.0,0.0,0.0,18.851215
T0342,-33.65556,252680,151.063828,10/15/2025 19:04:06,0.144,2025-10-15 19:04:06,19.25,0.0,0.0,0.0,18.851215
T0342,-33.65556,252680,151.063828,10/15/2025 19:04:06,0.144,2025-10-15 19:04:06,19.25,0.0,0.0,0.0,18.851215
23067,-33.934475,252964,151.15831,10/17/2025 20:36:18,0.03,2025-10-17 20:36:18,19.55,0.0,0.0,2.0,17.202854
34016,-33.778187,253289,151.267136,10/21/2025 15:07:52,0.353,2025-10-21 15:07:52,20.9,0.0,0.0,2.0,21.251644
7163,-33.865181,253301,151.171997,10/21/2025 17:19:57,0.366,2025-10-21 17:19:57,19.45,0.0,0.0,3.0,18.456392
51235,-33.81551,253486,151.101105,10/23/2025 07:09:49,0.486,2025-10-23 07:09:49,16.7,0.0,0.0,2.0,13.587976
7251,-33.874916,251189,151.155319,10/01/2025 09:59:46,0.025,2025-10-01 09:59:46,22.4,0.0,0.0,0.0,19.541
7126,-34.035271,252224,151.113007,10/10/2025 23:51:48,0.691,2025-10-10 23:51:48,20.85,0.0,0.0,0.0,17.855413
7132,-33.953056,252570,151.137482,10/14/2025 20:45:32,0.45,2025-10-14 20:45:32,20.15,0.0,0.0,0.0,20.683828
7132,-33.953056,252570,151.137482,10/14/2025 20:45:32,0.45,2025-10-14 20:45:32,20.15,0.0,0.0,0.0,20.683828
7132,-33.953056,252570,151.137482,10/14/2025 20:45:32,0.45,2025-10-14 20:45:32,20.15,0.0,0.0,0.0,20.683828
7132,-33.953056,252570,151.137482,10/14/2025 20:45:32,0.45,2025-10-14 20:45:32,20.15,0.0,0.0,0.0,20.683828
7132,-33.953056,252570,151.137482,10/14/2025 20:45:32,0.45,2025-10-14 20:45:32,20.15,0.0,0.0,0.0,20.683828
7112,-33.843338,252629,151.043411,10/15/2025 12:33:06,0.096,2025-10-15 12:33:06,26.9,0.0,0.0,0.0,27.958302
T0342,-33.65556,252680,151.063828,10/15/2025 19:04:06,0.144,2025-10-15 19:04:06,19.25,0.0,0.0,0.0,18.851215
23067,-33.934475,253046,151.15831,10/18/2025 20:56:14,0.487,2025-10-18 20:56:14,18.35,0.0,0.0,0.0,16.618046
29005,-33.824696,253138,151.093216,10/20/2025 09:12:28,0.015,2025-10-20 09:12:28,21.2,0.0,0.0,1.0,21.87095
7248,-33.906151,253151,151.040207,10/20/2025 10:27:07,0.208,2025-10-20 10:27:07,25.25,0.0,0.0,2.0,26.26089
7112,-33.843338,231477,151.043411,04/15/2025 11:20:16,0.168,2025-04-15 11:20:16,21.25,0.2,0.2,51.0,19.681911
7120,-33.886311,253699,151.217911,10/24/2025 22:34:55,0.551,2025-10-24 22:34:55,16.75,0.1,0.1,51.0,15.954174
7121,-33.886032,253699,151.218079,10/24/2025 22:34:55,0.523,2025-10-24 22:34:55,16.75,0.1,0.1,51.0,15.954174
10011,-33.876652,254102,151.230606,10/29/2025 13:25:24,0.157,2025-10-29 13:25:24,15.9,1.4,1.4,61.0,15.548319
7139,-33.876884,254102,151.228683,10/29/2025 13:25:24,0.023,2025-10-29 13:25:24,15.9,1.4,1.4,61.0,15.548319
10011,-33.876652,254259,151.230606,10/30/2025 18:48:27,0.692,2025-10-30 18:48:27,18.95,0.0,0.0,1.0,19.339258
7139,-33.876884,254259,151.228683,10/30/2025 18:48:27,0.852,2025-10-30 18:48:27,18.95,0.0,0.0,1.0,19.339258
7112,-33.843338,254290,151.043411,10/31/2025 09:29:06,0.073,2025-10-31 09:29:06,19.15,0.0,0.0,0.0,21.003529
7112,-33.843338,254290,151.043411,10/31/2025 09:29:06,0.073,2025-10-31 09:29:06,19.15,0.0,0.0,0.0,21.003529
7112,-33.843338,254290,151.043411,10/31/2025 09:29:06,0.073,2025-10-31 09:29:06,19.15,0.0,0.0,0.0,21.003529
T0342,-33.65556,248887,151.063828,09/10/2025 11:29:47,0.52,2025-09-10 11:29:47,15.65,0.3,0.3,51.0,16.832808
34016,-33.778187,251341,151.267136,10/02/2025 11:42:52,0.173,2025-10-02 11:42:52,23.2,0.0,0.0,0.0,21.03626
7179,-33.817272,251526,150.962784,10/03/2025 16:42:27,0.697,2025-10-03 16:42:27,23.65,0.0,0.0,0.0,18.794424
9827,-33.719955,251728,151.298111,10/07/2025 11:15:59,0.365,2025-10-07 11:15:59,18.9,0.2,0.2,51.0,18.57948
68025,-33.816696,252465,150.976623,10/14/2025 08:48:48,0.369,2025-10-14 08:48:48,15.55,0.0,0.0,0.0,14.268557
29005,-33.824696,252715,151.093216,10/16/2025 07:58:27,0.015,2025-10-16 07:58:27,14.5,0.0,0.0,3.0,15.182989
7112,-33.843338,252740,151.043411,10/16/2025 10:15:28,0.355,2025-10-16 10:15:28,23.7,0.0,0.0,0.0,25.665785
7120,-33.886311,253135,151.217911,10/20/2025 08:47:59,0.179,2025-10-20 08:47:59,19.45,0.0,0.0,1.0,19.49243
7121,-33.886032,253135,151.218079,10/20/2025 08:47:59,0.146,2025-10-20 08:47:59,19.45,0.0,0.0,1.0,19.49243
7270,-33.793304,253287,151.119659,10/21/2025 14:44:39,0.652,2025-10-21 14:44:39,22.95,0.0,0.0,3.0,23.963207
7120,-33.886311,253386,151.217911,10/22/2025 13:25:12,0.02,2025-10-22 13:25:12,35.45,0.0,0.0,3.0,38.025276
7121,-33.886032,253386,151.218079,10/22/2025 13:25:12,0.055,2025-10-22 13:25:12,35.45,0.0,0.0,3.0,38.025276
7184,-33.772957,254124,151.135391,10/29/2025 16:26:49,0.331,2025-10-29 16:26:49,15.6,0.6,0.6,53.0,16.192675
7248,-33.906151,251403,151.040207,10/02/2025 17:28:22,0.079,2025-10-02 17:28:22,18.0,0.0,0.0,3.0,12.64691
72027,-33.740467,251621,150.984421,10/05/2025 15:21:32,0.173,2025-10-05 15:21:32,31.8,0.0,0.0,1.0,29.73687
53004,-33.75317,252260,151.151077,10/11/2025 12:40:09,0.84,2025-10-11 12:40:09,29.25,0.0,0.0,0.0,26.847874
7248,-33.906151,252330,151.040207,10/12/2025 16:23:09,0.385,2025-10-12 16:23:09,22.25,0.0,0.0,3.0,18.607698
74229,-33.760658,252592,151.07962,10/15/2025 08:02:41,0.338,2025-10-15 08:02:41,15.9,0.0,0.0,0.0,14.7898655
7179,-33.817272,252803,150.962784,10/16/2025 19:24:24,0.144,2025-10-16 19:24:24,28.35,0.0,0.0,0.0,26.97554
9658,-33.79353,253488,151.018829,10/23/2025 07:17:53,0.518,2025-10-23 07:17:53,16.35,0.0,0.0,3.0,12.801231
29005,-33.824696,254061,151.093216,10/29/2025 09:32:01,0.348,2025-10-29 09:32:01,13.55,0.3,0.3,51.0,13.925838
7120,-33.886311,254075,151.217911,10/29/2025 10:37:37,0.622,2025-10-29 10:37:37,15.0,0.3,0.3,51.0,15.436815
7121,-33.886032,254075,151.218079,10/29/2025 10:37:37,0.594,2025-10-29 10:37:37,15.0,0.3,0.3,51.0,15.436815
7179,-33.817272,254246,150.962784,10/30/2025 16:39:05,0.182,2025-10-30 16:39:05,19.95,0.1,0.1,51.0,19.49732
7119-PR,-33.817974,251209,150.981827,10/01/2025 11:52:29,0.008,2025-10-01 11:52:29,26.1,0.0,0.0,0.0,24.271822
7119-PR,-33.817974,251248,150.981827,10/01/2025 15:29:58,0.041,2025-10-01 15:29:58,25.45,0.0,0.0,0.0,20.849611
7248,-33.906151,252330,151.040207,10/12/2025 16:23:09,0.385,2025-10-12 16:23:09,22.25,0.0,0.0,3.0,18.607698
7248,-33.906151,252330,151.040207,10/12/2025 16:23:09,0.385,2025-10-12 16:23:09,22.25,0.0,0.0,3.0,18.607698
7248,-33.906151,252504,151.040207,10/14/2025 12:35:30,0.235,2025-10-14 12:35:30,23.75,0.0,0.0,0.0,23.067541
7179,-33.817272,252697,150.962784,10/16/2025 00:22:40,0.13,2025-10-16 00:22:40,18.45,0.0,0.0,0.0,19.904173
7150,-33.724922,253119,150.977127,10/20/2025 07:42:34,0.021,2025-10-20 07:42:34,16.55,0.0,0.0,0.0,15.694403
55049,-33.729507,253950,151.30011,10/28/2025 08:57:02,0.781,2025-10-28 08:57:02,14.55,0.0,0.0,3.0,11.024601
51235,-33.81551,254277,151.101105,10/31/2025 07:53:57,0.766,2025-10-31 07:53:57,14.8,0.0,0.0,3.0,15.55991
7112,-33.843338,254290,151.043411,10/31/2025 09:29:06,0.073,2025-10-31 09:29:06,19.15,0.0,0.0,0.0,21.003529
9658,-33.79353,251170,151.018829,10/01/2025 06:48:57,0.551,2025-10-01 06:48:57,17.65,0.0,0.0,3.0,15.483582
53004,-33.75317,251226,151.151077,10/01/2025 13:46:40,0.544,2025-10-01 13:46:40,26.75,0.0,0.0,0.0,22.55447
7159,-33.888157,251575,150.922974,10/04/2025 11:58:20,0.515,2025-10-04 11:58:20,22.75,0.0,0.0,2.0,23.409428
7270,-33.793304,251771,151.119659,10/07/2025 15:20:48,0.652,2025-10-07 15:20:48,25.0,0.0,0.0,3.0,25.748901
68025,-33.816696,252017,150.976623,10/09/2025 13:47:04,0.404,2025-10-09 13:47:04,26.45,0.0,0.0,3.0,25.368963
7251,-33.874916,252322,151.155319,10/12/2025 15:08:54,0.166,2025-10-12 15:08:54,27.55,0.0,0.0,3.0,21.281183
68025,-33.816696,252597,150.976623,10/15/2025 08:43:44,0.272,2025-10-15 08:43:44,15.2,0.0,0.0,0.0,13.7711315
68025,-33.816696,253099,150.976623,10/19/2025 17:39:58,0.316,2025-10-19 17:39:58,25.7,0.0,0.0,3.0,24.64767
7163,-33.865181,253105,151.171997,10/19/2025 19:47:31,0.028,2025-10-19 19:47:31,20.35,0.0,0.0,3.0,19.447477
50250,-33.797592,253520,150.975433,10/23/2025 12:42:38,0.292,2025-10-23 12:42:38,21.1,0.0,0.0,2.0,19.43802
50250,-33.797592,253520,150.975433,10/23/2025 12:42:38,0.292,2025-10-23 12:42:38,21.1,0.0,0.0,2.0,19.43802
50250,-33.797592,253520,150.975433,10/23/2025 12:42:38,0.292,2025-10-23 12:42:38,21.1,0.0,0.0,2.0,19.43802
50250,-33.797592,253520,150.975433,10/23/2025 12:42:38,0.292,2025-10-23 12:42:38,21.1,0.0,0.0,2.0,19.43802
50250,-33.797592,253520,150.975433,10/23/2025 12:42:38,0.292,2025-10-23 12:42:38,21.1,0.0,0.0,2.0,19.43802
53004,-33.75317,253555,151.151077,10/23/2025 17:15:40,0.91,2025-10-23 17:15:40,19.7,0.0,0.0,3.0,17.743584
53004,-33.75317,253945,151.151077,10/28/2025 08:38:58,0.644,2025-10-28 08:38:58,13.0,0.0,0.0,3.0,11.44376
47024,-33.83889,254392,151.029022,10/31/2025 17:30:29,0.259,2025-10-31 17:30:29,22.6,0.0,0.0,3.0,22.663586
10011,-33.876652,251602,151.230606,10/04/2025 20:22:07,0.472,2025-10-04 20:22:07,17.1,0.0,0.0,3.0,17.085062
7139,-33.876884,251602,151.228683,10/04/2025 20:22:07,0.626,2025-10-04 20:22:07,17.1,0.0,0.0,3.0,17.085062
7120,-33.886311,251785,151.217911,10/07/2025 17:53:33,0.56,2025-10-07 17:53:33,20.8,0.0,0.0,3.0,20.552078
7121,-33.886032,251785,151.218079,10/07/2025 17:53:33,0.532,2025-10-07 17:53:33,20.8,0.0,0.0,3.0,20.552078
10011,-33.876652,252263,151.230606,10/11/2025 13:30:59,0.442,2025-10-11 13:30:59,30.15,0.0,0.0,0.0,29.496399
7139,-33.876884,252263,151.228683,10/11/2025 13:30:59,0.6,2025-10-11 13:30:59,30.15,0.0,0.0,0.0,29.496399
F3FWY006,-33.395744,252277,151.297058,10/11/2025 16:13:08,0.497,2025-10-11 16:13:08,28.546501,0.0,0.0,0.0,26.3958
7248,-33.906151,252649,151.040207,10/15/2025 15:25:38,0.014,2025-10-15 15:25:38,27.75,0.0,0.0,0.0,28.02816
50240,-33.796436,252963,150.987595,10/17/2025 20:23:12,0.466,2025-10-17 20:23:12,19.0,0.0,0.0,2.0,18.292114
53003,-33.729225,228299,151.122208,03/21/2025 19:11:24,0.581,2025-03-21 19:11:24,22.15,0.2,0.2,51.0,24.312244
68025,-33.816696,253084,150.976623,10/19/2025 13:29:53,0.376,2025-10-19 13:29:53,26.7,0.0,0.0,2.0,27.636662
9658,-33.79353,253400,151.018829,10/22/2025 14:07:21,0.636,2025-10-22 14:07:21,37.9,0.0,0.0,3.0,34.423874
9658,-33.79353,253400,151.018829,10/22/2025 14:07:21,0.636,2025-10-22 14:07:21,37.9,0.0,0.0,3.0,34.423874
9658,-33.79353,253400,151.018829,10/22/2025 14:07:21,0.636,2025-10-22 14:07:21,37.9,0.0,0.0,3.0,34.423874
9658,-33.79353,253400,151.018829,10/22/2025 14:07:21,0.636,2025-10-22 14:07:21,37.9,0.0,0.0,3.0,34.423874
9658,-33.79353,253400,151.018829,10/22/2025 14:07:21,0.636,2025-10-22 14:07:21,37.9,0.0,0.0,3.0,34.423874
10011,-33.876652,253707,151.230606,10/25/2025 05:20:46,0.692,2025-10-25 05:20:46,14.15,0.0,0.0,3.0,14.631697
7139,-33.876884,253707,151.228683,10/25/2025 05:20:46,0.852,2025-10-25 05:20:46,14.15,0.0,0.0,3.0,14.631697
7179,-33.817272,253734,150.962784,10/25/2025 14:55:56,0.152,2025-10-25 14:55:56,26.05,0.0,0.0,3.0,26.410513
50240,-33.796436,253799,150.987595,10/26/2025 18:38:44,0.438,2025-10-26 18:38:44,22.95,0.0,0.0,0.0,20.846296
50240,-33.796436,254219,150.987595,10/30/2025 14:15:35,0.192,2025-10-30 14:15:35,22.15,0.0,0.0,3.0,22.68952
7179,-33.817272,254347,150.962784,10/31/2025 14:40:45,0.057,2025-10-31 14:40:45,24.65,0.2,0.2,51.0,25.86781
9658,-33.79353,251170,151.018829,10/01/2025 06:48:57,0.551,2025-10-01 06:48:57,17.65,0.0,0.0,3.0,15.483582
9658,-33.79353,251170,151.018829,10/01/2025 06:48:57,0.551,2025-10-01 06:48:57,17.65,0.0,0.0,3.0,15.483582
7161,-33.740406,251539,151.060989,10/03/2025 18:32:17,0.359,2025-10-03 18:32:17,19.9,0.0,0.0,0.0,15.631414
50240,-33.796436,253176,150.987595,10/20/2025 14:31:56,0.403,2025-10-20 14:31:56,35.9,0.0,0.0,3.0,35.86048
53004,-33.75317,253308,151.151077,10/21/2025 17:47:36,0.7,2025-10-21 17:47:36,20.1,0.0,0.0,3.0,19.28378
50250,-33.797592,253520,150.975433,10/23/2025 12:42:38,0.292,2025-10-23 12:42:38,21.1,0.0,0.0,2.0,19.43802
7168,-33.798195,253855,150.897125,10/27/2025 13:41:27,0.487,2025-10-27 13:41:27,25.3,0.0,0.0,1.0,22.074516
7161,-33.740406,253922,151.060989,10/27/2025 23:28:56,0.101,2025-10-27 23:28:56,12.45,0.1,0.1,51.0,9.519503
7184,-33.772957,254247,151.135391,10/30/2025 16:40:15,0.31,2025-10-30 16:40:15,19.4,0.1,0.1,51.0,19.289682
50240,-33.796436,254263,150.987595,10/30/2025 20:52:05,0.192,2025-10-30 20:52:05,17.25,0.0,0.0,0.0,17.65577
7179,-33.817272,251254,150.962784,10/01/2025 16:24:09,0.422,2025-10-01 16:24:09,24.9,0.0,0.0,0.0,19.809721
50240,-33.796436,251582,150.987595,10/04/2025 14:06:46,0.216,2025-10-04 14:06:46,24.95,0.0,0.0,2.0,24.6726
10011,-33.876652,252661,151.230606,10/15/2025 16:28:24,0.442,2025-10-15 16:28:24,23.85,0.0,0.0,0.0,23.478397
7139,-33.876884,252661,151.228683,10/15/2025 16:28:24,0.6,2025-10-15 16:28:24,23.85,0.0,0.0,0.0,23.478397
50240,-33.796436,252780,150.987595,10/16/2025 15:55:40,0.073,2025-10-16 15:55:40,33.2,0.0,0.0,0.0,31.74139
50240,-33.796436,252780,150.987595,10/16/2025 15:55:40,0.073,2025-10-16 15:55:40,33.2,0.0,0.0,0.0,31.74139
53003,-33.729225,252808,151.122208,10/16/2025 21:50:23,0.253,2025-10-16 21:50:23,20.4,0.0,0.0,0.0,20.749311
7112,-33.843338,252828,151.043411,10/17/2025 05:05:15,0.136,2025-10-17 05:05:15,22.15,0.0,0.0,1.0,21.421413
34016,-33.778187,253646,151.267136,10/24/2025 14:28:03,0.295,2025-10-24 14:28:03,20.25,0.0,0.0,0.0,19.420359
10011,-33.876652,253737,151.230606,10/25/2025 16:38:48,0.316,2025-10-25 16:38:48,22.55,0.0,0.0,3.0,20.884083
7139,-33.876884,253737,151.228683,10/25/2025 16:38:48,0.14,2025-10-25 16:38:48,22.55,0.0,0.0,3.0,20.884083
7112,-33.843338,217413,151.043411,12/09/2024 11:15:53,0.047,2024-12-09 11:15:53,,,,,
7184,-33.772957,254407,151.135391,10/31/2025 20:48:21,0.038,2025-10-31 20:48:21,18.7,0.3,0.3,51.0,20.036905
33014,-33.806141,252421,151.17952,10/13/2025 16:07:06,0.721,2025-10-13 16:07:06,18.65,0.0,0.0,0.0,15.801125
7163,-33.865181,252493,151.171997,10/14/2025 11:31:10,0.57,2025-10-14 11:31:10,21.85,0.0,0.0,0.0,21.314337
7120,-33.886311,251098,151.217911,09/30/2025 12:37:14,0.071,2025-09-30 12:37:14,23.65,0.0,0.0,0.0,24.854517
7121,-33.886032,251098,151.218079,09/30/2025 12:37:14,0.038,2025-09-30 12:37:14,23.65,0.0,0.0,0.0,24.854517
7179,-33.817272,252809,150.962784,10/16/2025 21:55:58,0.231,2025-10-16 21:55:58,24.05,0.0,0.0,0.0,23.796654
T0288,-33.455536,253709,151.205093,10/25/2025 05:44:59,0.284,2025-10-25 05:44:59,13.6,0.0,0.0,3.0,14.019188
T0289,-33.455235,253709,151.205383,10/25/2025 05:44:59,0.327,2025-10-25 05:44:59,13.6,0.0,0.0,3.0,14.019188
T0290,-33.454796,253709,151.205872,10/25/2025 05:44:59,0.393,2025-10-25 05:44:59,13.6,0.0,0.0,3.0,14.019188
T0479-PR,-33.454525,253709,151.206726,10/25/2025 05:44:59,0.469,2025-10-25 05:44:59,13.6,0.0,0.0,3.0,14.019188
7126,-34.035271,251763,151.113007,10/07/2025 14:55:20,0.528,2025-10-07 14:55:20,22.0,0.1,0.1,51.0,21.891708
7161,-33.740406,252059,151.060989,10/09/2025 17:50:20,0.297,2025-10-09 17:50:20,25.1,0.0,0.0,3.0,23.581713
F3FWY002,-33.651676,252085,151.137741,10/10/2025 04:02:09,0.461,2025-10-10 04:02:09,16.2,0.0,0.0,0.0,15.997826
53004,-33.75317,253446,151.151077,10/22/2025 17:37:47,0.468,2025-10-22 17:37:47,35.6,0.0,0.0,3.0,33.275196
7270,-33.793304,253402,151.119659,10/22/2025 14:13:01,0.067,2025-10-22 14:13:01,38.65,0.0,0.0,3.0,35.955647
34016,-33.778187,253804,151.267136,10/26/2025 19:54:11,0.202,2025-10-26 19:54:11,22.3,0.0,0.0,1.0,20.744207
53004,-33.75317,253900,151.151077,10/27/2025 18:43:02,0.436,2025-10-27 18:43:02,15.8,0.0,0.0,3.0,12.470287
F3FWY004,-33.496265,254038,151.187408,10/29/2025 06:03:07,0.503,2025-10-29 06:03:07,11.4,1.1,1.1,55.0,11.20672
7112,-33.843338,254132,151.043411,10/29/2025 18:12:34,0.052,2025-10-29 18:12:34,16.25,0.2,0.2,51.0,16.788002
7120,-33.886311,251073,151.217911,09/30/2025 09:54:21,0.38,2025-09-30 09:54:21,20.95,0.0,0.0,1.0,19.904303
7121,-33.886032,251073,151.218079,09/30/2025 09:54:21,0.352,2025-09-30 09:54:21,20.95,0.0,0.0,1.0,19.904303
7120,-33.886311,251073,151.217911,09/30/2025 09:54:21,0.38,2025-09-30 09:54:21,20.95,0.0,0.0,1.0,19.904303
7121,-33.886032,251073,151.218079,09/30/2025 09:54:21,0.352,2025-09-30 09:54:21,20.95,0.0,0.0,1.0,19.904303
7120,-33.886311,251073,151.217911,09/30/2025 09:54:21,0.38,2025-09-30 09:54:21,20.95,0.0,0.0,1.0,19.904303
7121,-33.886032,251073,151.218079,09/30/2025 09:54:21,0.352,2025-09-30 09:54:21,20.95,0.0,0.0,1.0,19.904303
F3FWY001,-33.694206,252349,151.121323,10/13/2025 04:22:46,0.54,2025-10-13 04:22:46,14.7,0.0,0.0,0.0,11.955168
F3FWY003,-33.560299,252378,151.192551,10/13/2025 10:30:33,0.8,2025-10-13 10:30:33,20.4,0.0,0.0,1.0,19.263557
F3FWY003,-33.560299,252378,151.192551,10/13/2025 10:30:33,0.8,2025-10-13 10:30:33,20.4,0.0,0.0,1.0,19.263557
7179,-33.817272,252572,150.962784,10/14/2025 21:43:03,0.353,2025-10-14 21:43:03,21.2,0.0,0.0,0.0,20.29686
7179,-33.817272,252572,150.962784,10/14/2025 21:43:03,0.353,2025-10-14 21:43:03,21.2,0.0,0.0,0.0,20.29686
7179,-33.817272,252572,150.962784,10/14/2025 21:43:03,0.353,2025-10-14 21:43:03,21.2,0.0,0.0,0.0,20.29686
7179,-33.817272,252572,150.962784,10/14/2025 21:43:03,0.353,2025-10-14 21:43:03,21.2,0.0,0.0,0.0,20.29686
7179,-33.817272,252572,150.962784,10/14/2025 21:43:03,0.353,2025-10-14 21:43:03,21.2,0.0,0.0,0.0,20.29686
7179,-33.817272,252572,150.962784,10/14/2025 21:43:03,0.353,2025-10-14 21:43:03,21.2,0.0,0.0,0.0,20.29686
7179,-33.817272,252572,150.962784,10/14/2025 21:43:03,0.353,2025-10-14 21:43:03,21.2,0.0,0.0,0.0,20.29686
68025,-33.816696,253103,150.976623,10/19/2025 19:07:04,0.174,2025-10-19 19:07:04,22.45,0.0,0.0,2.0,22.139751
68025,-33.816696,253103,150.976623,10/19/2025 19:07:04,0.174,2025-10-19 19:07:04,22.45,0.0,0.0,2.0,22.139751
34016,-33.778187,253762,151.267136,10/26/2025 08:56:08,0.136,2025-10-26 08:56:08,17.8,0.0,0.0,3.0,16.761654
34016,-33.778187,253762,151.267136,10/26/2025 08:56:08,0.136,2025-10-26 08:56:08,17.8,0.0,0.0,3.0,16.761654
34016,-33.778187,253762,151.267136,10/26/2025 08:56:08,0.136,2025-10-26 08:56:08,17.8,0.0,0.0,3.0,16.761654
34016,-33.778187,253762,151.267136,10/26/2025 08:56:08,0.136,2025-10-26 08:56:08,17.8,0.0,0.0,3.0,16.761654
34016,-33.778187,253762,151.267136,10/26/2025 08:56:08,0.136,2025-10-26 08:56:08,17.8,0.0,0.0,3.0,16.761654
34016,-33.778187,253762,151.267136,10/26/2025 08:56:08,0.136,2025-10-26 08:56:08,17.8,0.0,0.0,3.0,16.761654
34016,-33.778187,253762,151.267136,10/26/2025 08:56:08,0.136,2025-10-26 08:56:08,17.8,0.0,0.0,3.0,16.761654
34016,-33.778187,253762,151.267136,10/26/2025 08:56:08,0.136,2025-10-26 08:56:08,17.8,0.0,0.0,3.0,16.761654
34016,-33.778187,253762,151.267136,10/26/2025 08:56:08,0.136,2025-10-26 08:56:08,17.8,0.0,0.0,3.0,16.761654
34016,-33.778187,253762,151.267136,10/26/2025 08:56:08,0.136,2025-10-26 08:56:08,17.8,0.0,0.0,3.0,16.761654
34016,-33.778187,253762,151.267136,10/26/2025 08:56:08,0.136,2025-10-26 08:56:08,17.8,0.0,0.0,3.0,16.761654
F3FWY002,-33.651676,253803,151.137741,10/26/2025 19:49:08,0.481,2025-10-26 19:49:08,21.9,0.0,0.0,0.0,19.788479
F3FWY002,-33.651676,253803,151.137741,10/26/2025 19:49:08,0.481,2025-10-26 19:49:08,21.9,0.0,0.0,0.0,19.788479
23067,-33.934475,253920,151.15831,10/27/2025 23:22:42,0.347,2025-10-27 23:22:42,13.75,0.0,0.0,3.0,9.722915
23067,-33.934475,253920,151.15831,10/27/2025 23:22:42,0.347,2025-10-27 23:22:42,13.75,0.0,0.0,3.0,9.722915
23067,-33.934475,253920,151.15831,10/27/2025 23:22:42,0.347,2025-10-27 23:22:42,13.75,0.0,0.0,3.0,9.722915
23067,-33.934475,253920,151.15831,10/27/2025 23:22:42,0.347,2025-10-27 23:22:42,13.75,0.0,0.0,3.0,9.722915
51235,-33.81551,253964,151.101105,10/28/2025 10:04:32,0.271,2025-10-28 10:04:32,15.7,0.0,0.0,3.0,12.654497
23067,-33.934475,254213,151.15831,10/30/2025 13:45:42,0.501,2025-10-30 13:45:42,19.85,0.2,0.2,51.0,21.958164
23067,-33.934475,254213,151.15831,10/30/2025 13:45:42,0.501,2025-10-30 13:45:42,19.85,0.2,0.2,51.0,21.958164
33014,-33.806141,251315,151.17952,10/02/2025 08:33:20,0.607,2025-10-02 08:33:20,18.25,0.0,0.0,0.0,14.748407
33014,-33.806141,251315,151.17952,10/02/2025 08:33:20,0.621,2025-10-02 08:33:20,18.25,0.0,0.0,0.0,14.748407
33014,-33.806141,251315,151.17952,10/02/2025 08:33:20,0.621,2025-10-02 08:33:20,18.25,0.0,0.0,0.0,14.748407
33014,-33.806141,251315,151.17952,10/02/2025 08:33:20,0.621,2025-10-02 08:33:20,18.25,0.0,0.0,0.0,14.748407
33014,-33.806141,251315,151.17952,10/02/2025 08:33:20,0.621,2025-10-02 08:33:20,18.25,0.0,0.0,0.0,14.748407
33014,-33.806141,251315,151.17952,10/02/2025 08:33:20,0.621,2025-10-02 08:33:20,18.25,0.0,0.0,0.0,14.748407
34016,-33.778187,251496,151.267136,10/03/2025 14:03:59,0.2,2025-10-03 14:03:59,24.2,0.0,0.0,0.0,21.923347
7275,-33.894714,251633,151.110962,10/05/2025 19:59:19,0.229,2025-10-05 19:59:19,28.45,0.0,0.0,1.0,25.090786
7275,-33.894714,251633,151.110962,10/05/2025 19:59:19,0.267,2025-10-05 19:59:19,28.45,0.0,0.0,1.0,25.090786
7275,-33.894714,251633,151.110962,10/05/2025 19:59:19,0.267,2025-10-05 19:59:19,28.45,0.0,0.0,1.0,25.090786
7275,-33.894714,251633,151.110962,10/05/2025 19:59:19,0.267,2025-10-05 19:59:19,28.45,0.0,0.0,1.0,25.090786
7275,-33.894714,251633,151.110962,10/05/2025 19:59:19,0.267,2025-10-05 19:59:19,28.45,0.0,0.0,1.0,25.090786
7275,-33.894714,251633,151.110962,10/05/2025 19:59:19,0.267,2025-10-05 19:59:19,28.45,0.0,0.0,1.0,25.090786
7275,-33.894714,251633,151.110962,10/05/2025 19:59:19,0.267,2025-10-05 19:59:19,28.45,0.0,0.0,1.0,25.090786
7275,-33.894714,251633,151.110962,10/05/2025 19:59:19,0.267,2025-10-05 19:59:19,28.45,0.0,0.0,1.0,25.090786
7275,-33.894714,251633,151.110962,10/05/2025 19:59:19,0.267,2025-10-05 19:59:19,28.45,0.0,0.0,1.0,25.090786
7275,-33.894714,251633,151.110962,10/05/2025 19:59:19,0.267,2025-10-05 19:59:19,28.45,0.0,0.0,1.0,25.090786
7275,-33.894714,251633,151.110962,10/05/2025 19:59:19,0.267,2025-10-05 19:59:19,28.45,0.0,0.0,1.0,25.090786
22001,-33.825577,252087,151.233261,10/10/2025 06:08:59,0.274,2025-10-10 06:08:59,15.0,0.0,0.0,0.0,16.201519
22001,-33.825577,252087,151.233261,10/10/2025 06:08:59,0.274,2025-10-10 06:08:59,15.0,0.0,0.0,0.0,16.201519
T0288,-33.455536,252238,151.205093,10/11/2025 06:45:04,0.349,2025-10-11 06:45:04,13.4,0.0,0.0,0.0,10.629315
T0289,-33.455235,252238,151.205383,10/11/2025 06:45:04,0.392,2025-10-11 06:45:04,13.4,0.0,0.0,0.0,10.629315
T0290,-33.454796,252238,151.205872,10/11/2025 06:45:04,0.459,2025-10-11 06:45:04,13.4,0.0,0.0,0.0,10.629315
T0479-PR,-33.454525,252238,151.206726,10/11/2025 06:45:04,0.533,2025-10-11 06:45:04,13.4,0.0,0.0,0.0,10.629315
T0288,-33.455536,252238,151.205093,10/11/2025 06:45:04,0.082,2025-10-11 06:45:04,13.4,0.0,0.0,0.0,10.629315
T0289,-33.455235,252238,151.205383,10/11/2025 06:45:04,0.124,2025-10-11 06:45:04,13.4,0.0,0.0,0.0,10.629315
T0290,-33.454796,252238,151.205872,10/11/2025 06:45:04,0.189,2025-10-11 06:45:04,13.4,0.0,0.0,0.0,10.629315
T0479-PR,-33.454525,252238,151.206726,10/11/2025 06:45:04,0.264,2025-10-11 06:45:04,13.4,0.0,0.0,0.0,10.629315
T0288,-33.455536,252238,151.205093,10/11/2025 06:45:04,0.082,2025-10-11 06:45:04,13.4,0.0,0.0,0.0,10.629315
T0289,-33.455235,252238,151.205383,10/11/2025 06:45:04,0.124,2025-10-11 06:45:04,13.4,0.0,0.0,0.0,10.629315
T0290,-33.454796,252238,151.205872,10/11/2025 06:45:04,0.189,2025-10-11 06:45:04,13.4,0.0,0.0,0.0,10.629315
T0479-PR,-33.454525,252238,151.206726,10/11/2025 06:45:04,0.264,2025-10-11 06:45:04,13.4,0.0,0.0,0.0,10.629315
T0288,-33.455536,252238,151.205093,10/11/2025 06:45:04,0.082,2025-10-11 06:45:04,13.4,0.0,0.0,0.0,10.629315
T0289,-33.455235,252238,151.205383,10/11/2025 06:45:04,0.124,2025-10-11 06:45:04,13.4,0.0,0.0,0.0,10.629315
T0290,-33.454796,252238,151.205872,10/11/2025 06:45:04,0.189,2025-10-11 06:45:04,13.4,0.0,0.0,0.0,10.629315
T0479-PR,-33.454525,252238,151.206726,10/11/2025 06:45:04,0.264,2025-10-11 06:45:04,13.4,0.0,0.0,0.0,10.629315
T0288,-33.455536,252238,151.205093,10/11/2025 06:45:04,0.082,2025-10-11 06:45:04,13.4,0.0,0.0,0.0,10.629315
T0289,-33.455235,252238,151.205383,10/11/2025 06:45:04,0.124,2025-10-11 06:45:04,13.4,0.0,0.0,0.0,10.629315
T0290,-33.454796,252238,151.205872,10/11/2025 06:45:04,0.189,2025-10-11 06:45:04,13.4,0.0,0.0,0.0,10.629315
T0479-PR,-33.454525,252238,151.206726,10/11/2025 06:45:04,0.264,2025-10-11 06:45:04,13.4,0.0,0.0,0.0,10.629315
T0288,-33.455536,252238,151.205093,10/11/2025 06:45:04,0.082,2025-10-11 06:45:04,13.4,0.0,0.0,0.0,10.629315
T0289,-33.455235,252238,151.205383,10/11/2025 06:45:04,0.124,2025-10-11 06:45:04,13.4,0.0,0.0,0.0,10.629315
T0290,-33.454796,252238,151.205872,10/11/2025 06:45:04,0.189,2025-10-11 06:45:04,13.4,0.0,0.0,0.0,10.629315
T0479-PR,-33.454525,252238,151.206726,10/11/2025 06:45:04,0.264,2025-10-11 06:45:04,13.4,0.0,0.0,0.0,10.629315
23067,-33.934475,252789,151.15831,10/16/2025 16:58:56,0.064,2025-10-16 16:58:56,25.7,0.0,0.0,1.0,25.900837
7112,-33.843338,253368,151.043411,10/22/2025 11:30:10,0.277,2025-10-22 11:30:10,32.6,0.0,0.0,3.0,34.7026
7112,-33.843338,253368,151.043411,10/22/2025 11:30:10,0.277,2025-10-22 11:30:10,32.6,0.0,0.0,3.0,34.7026
7112,-33.843338,253368,151.043411,10/22/2025 11:30:10,0.256,2025-10-22 11:30:10,32.6,0.0,0.0,3.0,34.7026
7112,-33.843338,253368,151.043411,10/22/2025 11:30:10,0.252,2025-10-22 11:30:10,32.6,0.0,0.0,3.0,34.7026
T0231,-33.838615,253601,151.143753,10/24/2025 09:03:29,0.244,2025-10-24 09:03:29,20.15,0.0,0.0,1.0,19.36163
7179,-33.817272,254104,150.962784,10/29/2025 13:49:18,0.137,2025-10-29 13:49:18,16.5,0.4,0.4,51.0,16.670437
7179,-33.817272,254104,150.962784,10/29/2025 13:49:18,0.137,2025-10-29 13:49:18,16.5,0.4,0.4,51.0,16.670437
7179,-33.817272,254104,150.962784,10/29/2025 13:49:18,0.137,2025-10-29 13:49:18,16.5,0.4,0.4,51.0,16.670437
7179,-33.817272,254104,150.962784,10/29/2025 13:49:18,0.137,2025-10-29 13:49:18,16.5,0.4,0.4,51.0,16.670437
F3FWY004,-33.496265,254234,151.187408,10/30/2025 15:51:45,0.331,2025-10-30 15:51:45,22.55,0.1,0.1,51.0,22.480759
T0231,-33.838615,250635,151.143753,09/25/2025 13:28:24,0.674,2025-09-25 13:28:24,25.25,0.0,0.0,0.0,24.160383
T0231,-33.838615,250635,151.143753,09/25/2025 13:28:24,0.674,2025-09-25 13:28:24,25.25,0.0,0.0,0.0,24.160383
32029,-33.821175,251420,151.149902,10/02/2025 21:50:57,0.431,2025-10-02 21:50:57,13.2,0.0,0.0,0.0,8.201286
32029,-33.821175,251420,151.149902,10/02/2025 21:50:57,0.431,2025-10-02 21:50:57,13.2,0.0,0.0,0.0,8.201286
32029,-33.821175,251420,151.149902,10/02/2025 21:50:57,0.431,2025-10-02 21:50:57,13.2,0.0,0.0,0.0,8.201286
T0231,-33.838615,250635,151.143753,09/25/2025 13:28:24,0.674,2025-09-25 13:28:24,25.25,0.0,0.0,0.0,24.160383
T0231,-33.838615,250635,151.143753,09/25/2025 13:28:24,0.705,2025-09-25 13:28:24,25.25,0.0,0.0,0.0,24.160383
F3FWY004,-33.496265,251853,151.187408,10/08/2025 12:35:00,0.662,2025-10-08 12:35:00,29.45,0.0,0.0,3.0,29.545536
7120,-33.886311,252083,151.217911,10/10/2025 00:56:34,0.12,2025-10-10 00:56:34,20.85,0.0,0.0,0.0,19.937447
7121,-33.886032,252083,151.218079,10/10/2025 00:56:34,0.086,2025-10-10 00:56:34,20.85,0.0,0.0,0.0,19.937447
7120,-33.886311,252083,151.217911,10/10/2025 00:56:34,0.12,2025-10-10 00:56:34,20.85,0.0,0.0,0.0,19.937447
7121,-33.886032,252083,151.218079,10/10/2025 00:56:34,0.086,2025-10-10 00:56:34,20.85,0.0,0.0,0.0,19.937447
7251,-33.874916,251899,151.155319,10/08/2025 15:48:00,0.649,2025-10-08 15:48:00,25.8,0.0,0.0,3.0,26.923853
7132,-33.953056,252570,151.137482,10/14/2025 20:45:32,0.45,2025-10-14 20:45:32,20.15,0.0,0.0,0.0,20.683828
7132,-33.953056,252570,151.137482,10/14/2025 20:45:32,0.45,2025-10-14 20:45:32,20.15,0.0,0.0,0.0,20.683828
7132,-33.953056,252570,151.137482,10/14/2025 20:45:32,0.45,2025-10-14 20:45:32,20.15,0.0,0.0,0.0,20.683828
7132,-33.953056,252570,151.137482,10/14/2025 20:45:32,0.45,2025-10-14 20:45:32,20.15,0.0,0.0,0.0,20.683828
7120,-33.886311,252593,151.217911,10/15/2025 08:05:08,0.272,2025-10-15 08:05:08,15.6,0.0,0.0,0.0,14.299358
7121,-33.886032,252593,151.218079,10/15/2025 08:05:08,0.244,2025-10-15 08:05:08,15.6,0.0,0.0,0.0,14.299358
68025,-33.816696,254019,150.976623,10/28/2025 20:18:39,0.33,2025-10-28 20:18:39,13.75,0.0,0.0,3.0,12.715712
68025,-33.816696,254019,150.976623,10/28/2025 20:18:39,0.33,2025-10-28 20:18:39,13.75,0.0,0.0,3.0,12.715712
68025,-33.816696,254019,150.976623,10/28/2025 20:18:39,0.33,2025-10-28 20:18:39,13.75,0.0,0.0,3.0,12.715712
68025,-33.816696,254019,150.976623,10/28/2025 20:18:39,0.33,2025-10-28 20:18:39,13.75,0.0,0.0,3.0,12.715712
68025,-33.816696,254019,150.976623,10/28/2025 20:18:39,0.33,2025-10-28 20:18:39,13.75,0.0,0.0,3.0,12.715712
T0288,-33.455536,252576,151.205093,10/14/2025 23:13:23,0.109,2025-10-14 23:13:23,14.45,0.0,0.0,0.0,14.04809
T0289,-33.455235,252576,151.205383,10/14/2025 23:13:23,0.066,2025-10-14 23:13:23,14.45,0.0,0.0,0.0,14.04809
T0290,-33.454796,252576,151.205872,10/14/2025 23:13:23,0.004,2025-10-14 23:13:23,14.45,0.0,0.0,0.0,14.04809
T0479-PR,-33.454525,252576,151.206726,10/14/2025 23:13:23,0.087,2025-10-14 23:13:23,14.45,0.0,0.0,0.0,14.04809
T0288,-33.455536,252576,151.205093,10/14/2025 23:13:23,0.109,2025-10-14 23:13:23,14.45,0.0,0.0,0.0,14.04809
T0289,-33.455235,252576,151.205383,10/14/2025 23:13:23,0.066,2025-10-14 23:13:23,14.45,0.0,0.0,0.0,14.04809
T0290,-33.454796,252576,151.205872,10/14/2025 23:13:23,0.004,2025-10-14 23:13:23,14.45,0.0,0.0,0.0,14.04809
T0479-PR,-33.454525,252576,151.206726,10/14/2025 23:13:23,0.087,2025-10-14 23:13:23,14.45,0.0,0.0,0.0,14.04809
T0288,-33.455536,252576,151.205093,10/14/2025 23:13:23,0.109,2025-10-14 23:13:23,14.45,0.0,0.0,0.0,14.04809
T0289,-33.455235,252576,151.205383,10/14/2025 23:13:23,0.066,2025-10-14 23:13:23,14.45,0.0,0.0,0.0,14.04809
T0290,-33.454796,252576,151.205872,10/14/2025 23:13:23,0.004,2025-10-14 23:13:23,14.45,0.0,0.0,0.0,14.04809
T0479-PR,-33.454525,252576,151.206726,10/14/2025 23:13:23,0.087,2025-10-14 23:13:23,14.45,0.0,0.0,0.0,14.04809
T0288,-33.455536,252576,151.205093,10/14/2025 23:13:23,0.109,2025-10-14 23:13:23,14.45,0.0,0.0,0.0,14.04809
T0289,-33.455235,252576,151.205383,10/14/2025 23:13:23,0.066,2025-10-14 23:13:23,14.45,0.0,0.0,0.0,14.04809
T0290,-33.454796,252576,151.205872,10/14/2025 23:13:23,0.004,2025-10-14 23:13:23,14.45,0.0,0.0,0.0,14.04809
T0479-PR,-33.454525,252576,151.206726,10/14/2025 23:13:23,0.087,2025-10-14 23:13:23,14.45,0.0,0.0,0.0,14.04809
T0288,-33.455536,252576,151.205093,10/14/2025 23:13:23,0.109,2025-10-14 23:13:23,14.45,0.0,0.0,0.0,14.04809
T0289,-33.455235,252576,151.205383,10/14/2025 23:13:23,0.066,2025-10-14 23:13:23,14.45,0.0,0.0,0.0,14.04809
T0290,-33.454796,252576,151.205872,10/14/2025 23:13:23,0.004,2025-10-14 23:13:23,14.45,0.0,0.0,0.0,14.04809
T0479-PR,-33.454525,252576,151.206726,10/14/2025 23:13:23,0.087,2025-10-14 23:13:23,14.45,0.0,0.0,0.0,14.04809
T0288,-33.455536,252576,151.205093,10/14/2025 23:13:23,0.109,2025-10-14 23:13:23,14.45,0.0,0.0,0.0,14.04809
T0289,-33.455235,252576,151.205383,10/14/2025 23:13:23,0.066,2025-10-14 23:13:23,14.45,0.0,0.0,0.0,14.04809
T0290,-33.454796,252576,151.205872,10/14/2025 23:13:23,0.004,2025-10-14 23:13:23,14.45,0.0,0.0,0.0,14.04809
T0479-PR,-33.454525,252576,151.206726,10/14/2025 23:13:23,0.087,2025-10-14 23:13:23,14.45,0.0,0.0,0.0,14.04809
T0288,-33.455536,252576,151.205093,10/14/2025 23:13:23,0.109,2025-10-14 23:13:23,14.45,0.0,0.0,0.0,14.04809
T0289,-33.455235,252576,151.205383,10/14/2025 23:13:23,0.066,2025-10-14 23:13:23,14.45,0.0,0.0,0.0,14.04809
T0290,-33.454796,252576,151.205872,10/14/2025 23:13:23,0.004,2025-10-14 23:13:23,14.45,0.0,0.0,0.0,14.04809
T0479-PR,-33.454525,252576,151.206726,10/14/2025 23:13:23,0.087,2025-10-14 23:13:23,14.45,0.0,0.0,0.0,14.04809
T0288,-33.455536,252576,151.205093,10/14/2025 23:13:23,0.109,2025-10-14 23:13:23,14.45,0.0,0.0,0.0,14.04809
T0289,-33.455235,252576,151.205383,10/14/2025 23:13:23,0.066,2025-10-14 23:13:23,14.45,0.0,0.0,0.0,14.04809
T0290,-33.454796,252576,151.205872,10/14/2025 23:13:23,0.004,2025-10-14 23:13:23,14.45,0.0,0.0,0.0,14.04809
T0479-PR,-33.454525,252576,151.206726,10/14/2025 23:13:23,0.087,2025-10-14 23:13:23,14.45,0.0,0.0,0.0,14.04809
T0288,-33.455536,252576,151.205093,10/14/2025 23:13:23,0.109,2025-10-14 23:13:23,14.45,0.0,0.0,0.0,14.04809
T0289,-33.455235,252576,151.205383,10/14/2025 23:13:23,0.066,2025-10-14 23:13:23,14.45,0.0,0.0,0.0,14.04809
T0290,-33.454796,252576,151.205872,10/14/2025 23:13:23,0.004,2025-10-14 23:13:23,14.45,0.0,0.0,0.0,14.04809
T0479-PR,-33.454525,252576,151.206726,10/14/2025 23:13:23,0.087,2025-10-14 23:13:23,14.45,0.0,0.0,0.0,14.04809
T0288,-33.455536,252576,151.205093,10/14/2025 23:13:23,0.109,2025-10-14 23:13:23,14.45,0.0,0.0,0.0,14.04809
T0289,-33.455235,252576,151.205383,10/14/2025 23:13:23,0.066,2025-10-14 23:13:23,14.45,0.0,0.0,0.0,14.04809
T0290,-33.454796,252576,151.205872,10/14/2025 23:13:23,0.004,2025-10-14 23:13:23,14.45,0.0,0.0,0.0,14.04809
T0479-PR,-33.454525,252576,151.206726,10/14/2025 23:13:23,0.087,2025-10-14 23:13:23,14.45,0.0,0.0,0.0,14.04809
T0288,-33.455536,252576,151.205093,10/14/2025 23:13:23,0.109,2025-10-14 23:13:23,14.45,0.0,0.0,0.0,14.04809
T0289,-33.455235,252576,151.205383,10/14/2025 23:13:23,0.066,2025-10-14 23:13:23,14.45,0.0,0.0,0.0,14.04809
T0290,-33.454796,252576,151.205872,10/14/2025 23:13:23,0.004,2025-10-14 23:13:23,14.45,0.0,0.0,0.0,14.04809
T0479-PR,-33.454525,252576,151.206726,10/14/2025 23:13:23,0.087,2025-10-14 23:13:23,14.45,0.0,0.0,0.0,14.04809
68025,-33.816696,252792,150.976623,10/16/2025 17:16:11,0.377,2025-10-16 17:16:11,32.25,0.0,0.0,0.0,30.347858
68025,-33.816696,252792,150.976623,10/16/2025 17:16:11,0.377,2025-10-16 17:16:11,32.25,0.0,0.0,0.0,30.347858
50240,-33.796436,252780,150.987595,10/16/2025 15:55:40,0.073,2025-10-16 15:55:40,33.2,0.0,0.0,0.0,31.74139
7120,-33.886311,252972,151.217911,10/17/2025 23:27:00,0.022,2025-10-17 23:27:00,17.7,0.0,0.0,3.0,16.574715
7121,-33.886032,252972,151.218079,10/17/2025 23:27:00,0.017,2025-10-17 23:27:00,17.7,0.0,0.0,3.0,16.574715
F3FWY003,-33.560299,253324,151.192551,10/22/2025 06:49:28,0.082,2025-10-22 06:49:28,17.35,0.0,0.0,3.0,18.600409
53004,-33.75317,254179,151.151077,10/30/2025 08:10:57,0.478,2025-10-30 08:10:57,15.4,0.0,0.0,0.0,15.600538
53004,-33.75317,254179,151.151077,10/30/2025 08:10:57,0.478,2025-10-30 08:10:57,15.4,0.0,0.0,0.0,15.600538
33014,-33.806141,254358,151.17952,10/31/2025 15:25:34,0.602,2025-10-31 15:25:34,21.75,0.0,0.0,3.0,22.227024
7275,-33.894714,251430,151.110962,10/03/2025 05:01:45,0.017,2025-10-03 05:01:45,11.6,0.0,0.0,0.0,8.297849
7275,-33.894714,251430,151.110962,10/03/2025 05:01:45,0.017,2025-10-03 05:01:45,11.6,0.0,0.0,0.0,8.297849
7163,-33.865181,251924,151.171997,10/08/2025 17:21:06,0.133,2025-10-08 17:21:06,26.55,0.0,0.0,3.0,27.695381
7270,-33.793304,252774,151.119659,10/16/2025 15:09:53,0.652,2025-10-16 15:09:53,32.2,0.0,0.0,0.0,31.795582
7270,-33.793304,252774,151.119659,10/16/2025 15:09:53,0.652,2025-10-16 15:09:53,32.2,0.0,0.0,0.0,31.795582
7251,-33.874916,253511,151.155319,10/23/2025 10:58:24,0.023,2025-10-23 10:58:24,20.65,0.0,0.0,3.0,18.561638
7251,-33.874916,253511,151.155319,10/23/2025 10:58:24,0.023,2025-10-23 10:58:24,20.65,0.0,0.0,3.0,18.561638
51235,-33.81551,253798,151.101105,10/26/2025 17:42:00,0.275,2025-10-26 17:42:00,23.65,0.0,0.0,3.0,21.359968
33014,-33.806141,254059,151.17952,10/29/2025 09:26:10,0.711,2025-10-29 09:26:10,13.95,0.4,0.4,51.0,14.213335
33014,-33.806141,254059,151.17952,10/29/2025 09:26:10,0.711,2025-10-29 09:26:10,13.95,0.4,0.4,51.0,14.213335
51235,-33.81551,251641,151.101105,10/06/2025 03:04:28,0.448,2025-10-06 03:04:28,20.45,0.0,0.0,3.0,17.34112
51235,-33.81551,251641,151.101105,10/06/2025 03:04:28,0.448,2025-10-06 03:04:28,20.45,0.0,0.0,3.0,17.34112
51235,-33.81551,251641,151.101105,10/06/2025 03:04:28,0.448,2025-10-06 03:04:28,20.45,0.0,0.0,3.0,17.34112
51235,-33.81551,251641,151.101105,10/06/2025 03:04:28,0.448,2025-10-06 03:04:28,20.45,0.0,0.0,3.0,17.34112
51235,-33.81551,251641,151.101105,10/06/2025 03:04:28,0.448,2025-10-06 03:04:28,20.45,0.0,0.0,3.0,17.34112
23067,-33.934475,252964,151.15831,10/17/2025 20:36:18,0.03,2025-10-17 20:36:18,19.55,0.0,0.0,2.0,17.202854
23067,-33.934475,252964,151.15831,10/17/2025 20:36:18,0.03,2025-10-17 20:36:18,19.55,0.0,0.0,2.0,17.202854
34016,-33.778187,253289,151.267136,10/21/2025 15:07:52,0.353,2025-10-21 15:07:52,20.9,0.0,0.0,2.0,21.251644
7163,-33.865181,253301,151.171997,10/21/2025 17:19:57,0.366,2025-10-21 17:19:57,19.45,0.0,0.0,3.0,18.456392
51235,-33.81551,253486,151.101105,10/23/2025 07:09:49,0.486,2025-10-23 07:09:49,16.7,0.0,0.0,2.0,13.587976
51235,-33.81551,253486,151.101105,10/23/2025 07:09:49,0.486,2025-10-23 07:09:49,16.7,0.0,0.0,2.0,13.587976
51235,-33.81551,253486,151.101105,10/23/2025 07:09:49,0.486,2025-10-23 07:09:49,16.7,0.0,0.0,2.0,13.587976
7112,-33.843338,231477,151.043411,04/15/2025 11:20:16,0.168,2025-04-15 11:20:16,21.25,0.2,0.2,51.0,19.681911
7112,-33.843338,231477,151.043411,04/15/2025 11:20:16,0.168,2025-04-15 11:20:16,21.25,0.2,0.2,51.0,19.681911
T0342,-33.65556,248887,151.063828,09/10/2025 11:29:47,0.52,2025-09-10 11:29:47,15.65,0.3,0.3,51.0,16.832808
T0342,-33.65556,248887,151.063828,09/10/2025 11:29:47,0.52,2025-09-10 11:29:47,15.65,0.3,0.3,51.0,16.832808
7251,-33.874916,251189,151.155319,10/01/2025 09:59:46,0.025,2025-10-01 09:59:46,22.4,0.0,0.0,0.0,19.541
7112,-33.843338,231477,151.043411,04/15/2025 11:20:16,0.168,2025-04-15 11:20:16,21.25,0.2,0.2,51.0,19.681911
7112,-33.843338,231477,151.043411,04/15/2025 11:20:16,0.168,2025-04-15 11:20:16,21.25,0.2,0.2,51.0,19.681911
T0342,-33.65556,248887,151.063828,09/10/2025 11:29:47,0.52,2025-09-10 11:29:47,15.65,0.3,0.3,51.0,16.832808
7126,-34.035271,252224,151.113007,10/10/2025 23:51:48,0.531,2025-10-10 23:51:48,20.85,0.0,0.0,0.0,17.855413
7126,-34.035271,252224,151.113007,10/10/2025 23:51:48,0.691,2025-10-10 23:51:48,20.85,0.0,0.0,0.0,17.855413
7112,-33.843338,252629,151.043411,10/15/2025 12:33:06,0.096,2025-10-15 12:33:06,26.9,0.0,0.0,0.0,27.958302
T0342,-33.65556,248887,151.063828,09/10/2025 11:29:47,0.52,2025-09-10 11:29:47,15.65,0.3,0.3,51.0,16.832808
T0342,-33.65556,252680,151.063828,10/15/2025 19:04:06,0.144,2025-10-15 19:04:06,19.25,0.0,0.0,0.0,18.851215
T0342,-33.65556,252680,151.063828,10/15/2025 19:04:06,0.144,2025-10-15 19:04:06,19.25,0.0,0.0,0.0,18.851215
23067,-33.934475,253046,151.15831,10/18/2025 20:56:14,0.487,2025-10-18 20:56:14,18.35,0.0,0.0,0.0,16.618046
29005,-33.824696,253138,151.093216,10/20/2025 09:12:28,0.015,2025-10-20 09:12:28,21.2,0.0,0.0,1.0,21.87095
7248,-33.906151,253151,151.040207,10/20/2025 10:27:07,0.208,2025-10-20 10:27:07,25.25,0.0,0.0,2.0,26.26089
7248,-33.906151,253151,151.040207,10/20/2025 10:27:07,0.208,2025-10-20 10:27:07,25.25,0.0,0.0,2.0,26.26089
7248,-33.906151,253151,151.040207,10/20/2025 10:27:07,0.208,2025-10-20 10:27:07,25.25,0.0,0.0,2.0,26.26089
7120,-33.886311,253699,151.217911,10/24/2025 22:34:55,0.551,2025-10-24 22:34:55,16.75,0.1,0.1,51.0,15.954174
7121,-33.886032,253699,151.218079,10/24/2025 22:34:55,0.523,2025-10-24 22:34:55,16.75,0.1,0.1,51.0,15.954174
7120,-33.886311,253699,151.217911,10/24/2025 22:34:55,0.551,2025-10-24 22:34:55,16.75,0.1,0.1,51.0,15.954174
7121,-33.886032,253699,151.218079,10/24/2025 22:34:55,0.523,2025-10-24 22:34:55,16.75,0.1,0.1,51.0,15.954174
10011,-33.876652,254102,151.230606,10/29/2025 13:25:24,0.095,2025-10-29 13:25:24,15.9,1.4,1.4,61.0,15.548319
7139,-33.876884,254102,151.228683,10/29/2025 13:25:24,0.107,2025-10-29 13:25:24,15.9,1.4,1.4,61.0,15.548319
10011,-33.876652,254102,151.230606,10/29/2025 13:25:24,0.095,2025-10-29 13:25:24,15.9,1.4,1.4,61.0,15.548319
7139,-33.876884,254102,151.228683,10/29/2025 13:25:24,0.107,2025-10-29 13:25:24,15.9,1.4,1.4,61.0,15.548319
10011,-33.876652,254102,151.230606,10/29/2025 13:25:24,0.095,2025-10-29 13:25:24,15.9,1.4,1.4,61.0,15.548319
7139,-33.876884,254102,151.228683,10/29/2025 13:25:24,0.107,2025-10-29 13:25:24,15.9,1.4,1.4,61.0,15.548319
10011,-33.876652,254102,151.230606,10/29/2025 13:25:24,0.095,2025-10-29 13:25:24,15.9,1.4,1.4,61.0,15.548319
7139,-33.876884,254102,151.228683,10/29/2025 13:25:24,0.107,2025-10-29 13:25:24,15.9,1.4,1.4,61.0,15.548319
10011,-33.876652,254102,151.230606,10/29/2025 13:25:24,0.157,2025-10-29 13:25:24,15.9,1.4,1.4,61.0,15.548319
7139,-33.876884,254102,151.228683,10/29/2025 13:25:24,0.023,2025-10-29 13:25:24,15.9,1.4,1.4,61.0,15.548319
10011,-33.876652,254259,151.230606,10/30/2025 18:48:27,0.692,2025-10-30 18:48:27,18.95,0.0,0.0,1.0,19.339258
7139,-33.876884,254259,151.228683,10/30/2025 18:48:27,0.852,2025-10-30 18:48:27,18.95,0.0,0.0,1.0,19.339258
34016,-33.778187,251341,151.267136,10/02/2025 11:42:52,0.173,2025-10-02 11:42:52,23.2,0.0,0.0,0.0,21.03626
34016,-33.778187,251341,151.267136,10/02/2025 11:42:52,0.173,2025-10-02 11:42:52,23.2,0.0,0.0,0.0,21.03626
7179,-33.817272,251526,150.962784,10/03/2025 16:42:27,0.697,2025-10-03 16:42:27,23.65,0.0,0.0,0.0,18.794424
7179,-33.817272,251526,150.962784,10/03/2025 16:42:27,0.697,2025-10-03 16:42:27,23.65,0.0,0.0,0.0,18.794424
7179,-33.817272,251526,150.962784,10/03/2025 16:42:27,0.697,2025-10-03 16:42:27,23.65,0.0,0.0,0.0,18.794424
7179,-33.817272,251526,150.962784,10/03/2025 16:42:27,0.697,2025-10-03 16:42:27,23.65,0.0,0.0,0.0,18.794424
7179,-33.817272,251526,150.962784,10/03/2025 16:42:27,0.697,2025-10-03 16:42:27,23.65,0.0,0.0,0.0,18.794424
9827,-33.719955,251728,151.298111,10/07/2025 11:15:59,0.365,2025-10-07 11:15:59,18.9,0.2,0.2,51.0,18.57948
9827,-33.719955,251728,151.298111,10/07/2025 11:15:59,0.365,2025-10-07 11:15:59,18.9,0.2,0.2,51.0,18.57948
9827,-33.719955,251728,151.298111,10/07/2025 11:15:59,0.365,2025-10-07 11:15:59,18.9,0.2,0.2,51.0,18.57948
9827,-33.719955,251728,151.298111,10/07/2025 11:15:59,0.365,2025-10-07 11:15:59,18.9,0.2,0.2,51.0,18.57948
68025,-33.816696,252465,150.976623,10/14/2025 08:48:48,0.369,2025-10-14 08:48:48,15.55,0.0,0.0,0.0,14.268557
68025,-33.816696,252465,150.976623,10/14/2025 08:48:48,0.369,2025-10-14 08:48:48,15.55,0.0,0.0,0.0,14.268557
29005,-33.824696,252715,151.093216,10/16/2025 07:58:27,0.015,2025-10-16 07:58:27,14.5,0.0,0.0,3.0,15.182989
7112,-33.843338,252740,151.043411,10/16/2025 10:15:28,0.355,2025-10-16 10:15:28,23.7,0.0,0.0,0.0,25.665785
7120,-33.886311,253135,151.217911,10/20/2025 08:47:59,0.179,2025-10-20 08:47:59,19.45,0.0,0.0,1.0,19.49243
7121,-33.886032,253135,151.218079,10/20/2025 08:47:59,0.146,2025-10-20 08:47:59,19.45,0.0,0.0,1.0,19.49243
7270,-33.793304,253287,151.119659,10/21/2025 14:44:39,0.652,2025-10-21 14:44:39,22.95,0.0,0.0,3.0,23.963207
7120,-33.886311,253386,151.217911,10/22/2025 13:25:12,0.02,2025-10-22 13:25:12,35.45,0.0,0.0,3.0,38.025276
7121,-33.886032,253386,151.218079,10/22/2025 13:25:12,0.055,2025-10-22 13:25:12,35.45,0.0,0.0,3.0,38.025276
7120,-33.886311,253386,151.217911,10/22/2025 13:25:12,0.02,2025-10-22 13:25:12,35.45,0.0,0.0,3.0,38.025276
7121,-33.886032,253386,151.218079,10/22/2025 13:25:12,0.055,2025-10-22 13:25:12,35.45,0.0,0.0,3.0,38.025276
7184,-33.772957,254124,151.135391,10/29/2025 16:26:49,0.331,2025-10-29 16:26:49,15.6,0.6,0.6,53.0,16.192675
7184,-33.772957,254124,151.135391,10/29/2025 16:26:49,0.331,2025-10-29 16:26:49,15.6,0.6,0.6,53.0,16.192675
7184,-33.772957,254124,151.135391,10/29/2025 16:26:49,0.331,2025-10-29 16:26:49,15.6,0.6,0.6,53.0,16.192675
7184,-33.772957,254124,151.135391,10/29/2025 16:26:49,0.331,2025-10-29 16:26:49,15.6,0.6,0.6,53.0,16.192675
7119-PR,-33.817974,251209,150.981827,10/01/2025 11:52:29,0.008,2025-10-01 11:52:29,26.1,0.0,0.0,0.0,24.271822
7119-PR,-33.817974,251209,150.981827,10/01/2025 11:52:29,0.008,2025-10-01 11:52:29,26.1,0.0,0.0,0.0,24.271822
7248,-33.906151,251403,151.040207,10/02/2025 17:28:22,0.079,2025-10-02 17:28:22,18.0,0.0,0.0,3.0,12.64691
7248,-33.906151,251403,151.040207,10/02/2025 17:28:22,0.079,2025-10-02 17:28:22,18.0,0.0,0.0,3.0,12.64691
7248,-33.906151,251403,151.040207,10/02/2025 17:28:22,0.079,2025-10-02 17:28:22,18.0,0.0,0.0,3.0,12.64691
7248,-33.906151,251403,151.040207,10/02/2025 17:28:22,0.079,2025-10-02 17:28:22,18.0,0.0,0.0,3.0,12.64691
7248,-33.906151,251403,151.040207,10/02/2025 17:28:22,0.079,2025-10-02 17:28:22,18.0,0.0,0.0,3.0,12.64691
7248,-33.906151,251403,151.040207,10/02/2025 17:28:22,0.079,2025-10-02 17:28:22,18.0,0.0,0.0,3.0,12.64691
72027,-33.740467,251621,150.984421,10/05/2025 15:21:32,0.173,2025-10-05 15:21:32,31.8,0.0,0.0,1.0,29.73687
53004,-33.75317,252260,151.151077,10/11/2025 12:40:09,0.84,2025-10-11 12:40:09,29.25,0.0,0.0,0.0,26.847874
7248,-33.906151,252330,151.040207,10/12/2025 16:23:09,0.385,2025-10-12 16:23:09,22.25,0.0,0.0,3.0,18.607698
74229,-33.760658,252592,151.07962,10/15/2025 08:02:41,0.338,2025-10-15 08:02:41,15.9,0.0,0.0,0.0,14.7898655
74229,-33.760658,252592,151.07962,10/15/2025 08:02:41,0.338,2025-10-15 08:02:41,15.9,0.0,0.0,0.0,14.7898655
74229,-33.760658,252592,151.07962,10/15/2025 08:02:41,0.338,2025-10-15 08:02:41,15.9,0.0,0.0,0.0,14.7898655
74229,-33.760658,252592,151.07962,10/15/2025 08:02:41,0.338,2025-10-15 08:02:41,15.9,0.0,0.0,0.0,14.7898655
74229,-33.760658,252592,151.07962,10/15/2025 08:02:41,0.338,2025-10-15 08:02:41,15.9,0.0,0.0,0.0,14.7898655
74229,-33.760658,252592,151.07962,10/15/2025 08:02:41,0.338,2025-10-15 08:02:41,15.9,0.0,0.0,0.0,14.7898655
7179,-33.817272,252803,150.962784,10/16/2025 19:24:24,0.144,2025-10-16 19:24:24,28.35,0.0,0.0,0.0,26.97554
7179,-33.817272,252803,150.962784,10/16/2025 19:24:24,0.144,2025-10-16 19:24:24,28.35,0.0,0.0,0.0,26.97554
9658,-33.79353,253488,151.018829,10/23/2025 07:17:53,0.518,2025-10-23 07:17:53,16.35,0.0,0.0,3.0,12.801231
9658,-33.79353,253488,151.018829,10/23/2025 07:17:53,0.518,2025-10-23 07:17:53,16.35,0.0,0.0,3.0,12.801231
9658,-33.79353,253488,151.018829,10/23/2025 07:17:53,0.518,2025-10-23 07:17:53,16.35,0.0,0.0,3.0,12.801231
9658,-33.79353,253488,151.018829,10/23/2025 07:17:53,0.518,2025-10-23 07:17:53,16.35,0.0,0.0,3.0,12.801231
29005,-33.824696,254061,151.093216,10/29/2025 09:32:01,0.348,2025-10-29 09:32:01,13.55,0.3,0.3,51.0,13.925838
29005,-33.824696,254061,151.093216,10/29/2025 09:32:01,0.348,2025-10-29 09:32:01,13.55,0.3,0.3,51.0,13.925838
29005,-33.824696,254061,151.093216,10/29/2025 09:32:01,0.348,2025-10-29 09:32:01,13.55,0.3,0.3,51.0,13.925838
29005,-33.824696,254061,151.093216,10/29/2025 09:32:01,0.348,2025-10-29 09:32:01,13.55,0.3,0.3,51.0,13.925838
7120,-33.886311,254075,151.217911,10/29/2025 10:37:37,0.622,2025-10-29 10:37:37,15.0,0.3,0.3,51.0,15.436815
7121,-33.886032,254075,151.218079,10/29/2025 10:37:37,0.594,2025-10-29 10:37:37,15.0,0.3,0.3,51.0,15.436815
7120,-33.886311,254075,151.217911,10/29/2025 10:37:37,0.622,2025-10-29 10:37:37,15.0,0.3,0.3,51.0,15.436815
7121,-33.886032,254075,151.218079,10/29/2025 10:37:37,0.594,2025-10-29 10:37:37,15.0,0.3,0.3,51.0,15.436815
7120,-33.886311,254075,151.217911,10/29/2025 10:37:37,0.622,2025-10-29 10:37:37,15.0,0.3,0.3,51.0,15.436815
7121,-33.886032,254075,151.218079,10/29/2025 10:37:37,0.594,2025-10-29 10:37:37,15.0,0.3,0.3,51.0,15.436815
7179,-33.817272,254246,150.962784,10/30/2025 16:39:05,0.138,2025-10-30 16:39:05,19.95,0.1,0.1,51.0,19.49732
7179,-33.817272,254246,150.962784,10/30/2025 16:39:05,0.182,2025-10-30 16:39:05,19.95,0.1,0.1,51.0,19.49732
7179,-33.817272,254246,150.962784,10/30/2025 16:39:05,0.182,2025-10-30 16:39:05,19.95,0.1,0.1,51.0,19.49732
7179,-33.817272,254246,150.962784,10/30/2025 16:39:05,0.182,2025-10-30 16:39:05,19.95,0.1,0.1,51.0,19.49732
7119-PR,-33.817974,251248,150.981827,10/01/2025 15:29:58,0.041,2025-10-01 15:29:58,25.45,0.0,0.0,0.0,20.849611
7248,-33.906151,252504,151.040207,10/14/2025 12:35:30,0.235,2025-10-14 12:35:30,23.75,0.0,0.0,0.0,23.067541
7179,-33.817272,252697,150.962784,10/16/2025 00:22:40,0.13,2025-10-16 00:22:40,18.45,0.0,0.0,0.0,19.904173
7179,-33.817272,252697,150.962784,10/16/2025 00:22:40,0.13,2025-10-16 00:22:40,18.45,0.0,0.0,0.0,19.904173
7179,-33.817272,252697,150.962784,10/16/2025 00:22:40,0.13,2025-10-16 00:22:40,18.45,0.0,0.0,0.0,19.904173
7179,-33.817272,252697,150.962784,10/16/2025 00:22:40,0.13,2025-10-16 00:22:40,18.45,0.0,0.0,0.0,19.904173
7179,-33.817272,252697,150.962784,10/16/2025 00:22:40,0.13,2025-10-16 00:22:40,18.45,0.0,0.0,0.0,19.904173
7179,-33.817272,252697,150.962784,10/16/2025 00:22:40,0.13,2025-10-16 00:22:40,18.45,0.0,0.0,0.0,19.904173
7150,-33.724922,253119,150.977127,10/20/2025 07:42:34,0.021,2025-10-20 07:42:34,16.55,0.0,0.0,0.0,15.694403
55049,-33.729507,253950,151.30011,10/28/2025 08:57:02,0.781,2025-10-28 08:57:02,14.55,0.0,0.0,3.0,11.024601
51235,-33.81551,254277,151.101105,10/31/2025 07:53:57,0.766,2025-10-31 07:53:57,14.8,0.0,0.0,3.0,15.55991
7112,-33.843338,254290,151.043411,10/31/2025 09:29:06,0.073,2025-10-31 09:29:06,19.15,0.0,0.0,0.0,21.003529
7112,-33.843338,254290,151.043411,10/31/2025 09:29:06,0.073,2025-10-31 09:29:06,19.15,0.0,0.0,0.0,21.003529
9658,-33.79353,251170,151.018829,10/01/2025 06:48:57,0.551,2025-10-01 06:48:57,17.65,0.0,0.0,3.0,15.483582
53004,-33.75317,251226,151.151077,10/01/2025 13:46:40,0.544,2025-10-01 13:46:40,26.75,0.0,0.0,0.0,22.55447
53004,-33.75317,251226,151.151077,10/01/2025 13:46:40,0.544,2025-10-01 13:46:40,26.75,0.0,0.0,0.0,22.55447
53004,-33.75317,251226,151.151077,10/01/2025 13:46:40,0.544,2025-10-01 13:46:40,26.75,0.0,0.0,0.0,22.55447
7159,-33.888157,251575,150.922974,10/04/2025 11:58:20,0.515,2025-10-04 11:58:20,22.75,0.0,0.0,2.0,23.409428
7159,-33.888157,251575,150.922974,10/04/2025 11:58:20,0.515,2025-10-04 11:58:20,22.75,0.0,0.0,2.0,23.409428
7159,-33.888157,251575,150.922974,10/04/2025 11:58:20,0.515,2025-10-04 11:58:20,22.75,0.0,0.0,2.0,23.409428
7159,-33.888157,251575,150.922974,10/04/2025 11:58:20,0.515,2025-10-04 11:58:20,22.75,0.0,0.0,2.0,23.409428
7159,-33.888157,251575,150.922974,10/04/2025 11:58:20,0.515,2025-10-04 11:58:20,22.75,0.0,0.0,2.0,23.409428
7270,-33.793304,251771,151.119659,10/07/2025 15:20:48,0.652,2025-10-07 15:20:48,25.0,0.0,0.0,3.0,25.748901
7270,-33.793304,251771,151.119659,10/07/2025 15:20:48,0.652,2025-10-07 15:20:48,25.0,0.0,0.0,3.0,25.748901
68025,-33.816696,252017,150.976623,10/09/2025 13:47:04,0.404,2025-10-09 13:47:04,26.45,0.0,0.0,3.0,25.368963
7251,-33.874916,252322,151.155319,10/12/2025 15:08:54,0.166,2025-10-12 15:08:54,27.55,0.0,0.0,3.0,21.281183
7251,-33.874916,252322,151.155319,10/12/2025 15:08:54,0.166,2025-10-12 15:08:54,27.55,0.0,0.0,3.0,21.281183
7251,-33.874916,252322,151.155319,10/12/2025 15:08:54,0.166,2025-10-12 15:08:54,27.55,0.0,0.0,3.0,21.281183
7251,-33.874916,252322,151.155319,10/12/2025 15:08:54,0.166,2025-10-12 15:08:54,27.55,0.0,0.0,3.0,21.281183
68025,-33.816696,252597,150.976623,10/15/2025 08:43:44,0.272,2025-10-15 08:43:44,15.2,0.0,0.0,0.0,13.7711315
68025,-33.816696,252597,150.976623,10/15/2025 08:43:44,0.272,2025-10-15 08:43:44,15.2,0.0,0.0,0.0,13.7711315
F3FWY003,-33.560299,252936,151.192551,10/17/2025 17:10:43,0.324,2025-10-17 17:10:43,23.05,0.0,0.0,3.0,25.526108
F3FWY003,-33.560299,252936,151.192551,10/17/2025 17:10:43,0.324,2025-10-17 17:10:43,23.05,0.0,0.0,3.0,25.526108
68025,-33.816696,253099,150.976623,10/19/2025 17:39:58,0.458,2025-10-19 17:39:58,25.7,0.0,0.0,3.0,24.64767
68025,-33.816696,253099,150.976623,10/19/2025 17:39:58,0.458,2025-10-19 17:39:58,25.7,0.0,0.0,3.0,24.64767
68025,-33.816696,253099,150.976623,10/19/2025 17:39:58,0.316,2025-10-19 17:39:58,25.7,0.0,0.0,3.0,24.64767
68025,-33.816696,253099,150.976623,10/19/2025 17:39:58,0.316,2025-10-19 17:39:58,25.7,0.0,0.0,3.0,24.64767
68025,-33.816696,253099,150.976623,10/19/2025 17:39:58,0.316,2025-10-19 17:39:58,25.7,0.0,0.0,3.0,24.64767
68025,-33.816696,253099,150.976623,10/19/2025 17:39:58,0.316,2025-10-19 17:39:58,25.7,0.0,0.0,3.0,24.64767
7163,-33.865181,253105,151.171997,10/19/2025 19:47:31,0.028,2025-10-19 19:47:31,20.35,0.0,0.0,3.0,19.447477
7163,-33.865181,253105,151.171997,10/19/2025 19:47:31,0.028,2025-10-19 19:47:31,20.35,0.0,0.0,3.0,19.447477
7163,-33.865181,253105,151.171997,10/19/2025 19:47:31,0.028,2025-10-19 19:47:31,20.35,0.0,0.0,3.0,19.447477
7163,-33.865181,253105,151.171997,10/19/2025 19:47:31,0.028,2025-10-19 19:47:31,20.35,0.0,0.0,3.0,19.447477
53004,-33.75317,253555,151.151077,10/23/2025 17:15:40,0.91,2025-10-23 17:15:40,19.7,0.0,0.0,3.0,17.743584
53004,-33.75317,253555,151.151077,10/23/2025 17:15:40,0.91,2025-10-23 17:15:40,19.7,0.0,0.0,3.0,17.743584
53004,-33.75317,253945,151.151077,10/28/2025 08:38:58,0.644,2025-10-28 08:38:58,13.0,0.0,0.0,3.0,11.44376
53004,-33.75317,253945,151.151077,10/28/2025 08:38:58,0.644,2025-10-28 08:38:58,13.0,0.0,0.0,3.0,11.44376
47024,-33.83889,254392,151.029022,10/31/2025 17:30:29,0.259,2025-10-31 17:30:29,22.6,0.0,0.0,3.0,22.663586
53003,-33.729225,228299,151.122208,03/21/2025 19:11:24,0.581,2025-03-21 19:11:24,22.15,0.2,0.2,51.0,24.312244
53003,-33.729225,228299,151.122208,03/21/2025 19:11:24,0.581,2025-03-21 19:11:24,22.15,0.2,0.2,51.0,24.312244
53003,-33.729225,228299,151.122208,03/21/2025 19:11:24,0.581,2025-03-21 19:11:24,22.15,0.2,0.2,51.0,24.312244
53003,-33.729225,228299,151.122208,03/21/2025 19:11:24,0.581,2025-03-21 19:11:24,22.15,0.2,0.2,51.0,24.312244
10011,-33.876652,251602,151.230606,10/04/2025 20:22:07,0.472,2025-10-04 20:22:07,17.1,0.0,0.0,3.0,17.085062
7139,-33.876884,251602,151.228683,10/04/2025 20:22:07,0.626,2025-10-04 20:22:07,17.1,0.0,0.0,3.0,17.085062
10011,-33.876652,251602,151.230606,10/04/2025 20:22:07,0.472,2025-10-04 20:22:07,17.1,0.0,0.0,3.0,17.085062
7139,-33.876884,251602,151.228683,10/04/2025 20:22:07,0.626,2025-10-04 20:22:07,17.1,0.0,0.0,3.0,17.085062
10011,-33.876652,251602,151.230606,10/04/2025 20:22:07,0.472,2025-10-04 20:22:07,17.1,0.0,0.0,3.0,17.085062
7139,-33.876884,251602,151.228683,10/04/2025 20:22:07,0.626,2025-10-04 20:22:07,17.1,0.0,0.0,3.0,17.085062
7120,-33.886311,251785,151.217911,10/07/2025 17:53:33,0.56,2025-10-07 17:53:33,20.8,0.0,0.0,3.0,20.552078
7121,-33.886032,251785,151.218079,10/07/2025 17:53:33,0.532,2025-10-07 17:53:33,20.8,0.0,0.0,3.0,20.552078
53003,-33.729225,228299,151.122208,03/21/2025 19:11:24,0.581,2025-03-21 19:11:24,22.15,0.2,0.2,51.0,24.312244
53003,-33.729225,228299,151.122208,03/21/2025 19:11:24,0.581,2025-03-21 19:11:24,22.15,0.2,0.2,51.0,24.312244
10011,-33.876652,252263,151.230606,10/11/2025 13:30:59,0.442,2025-10-11 13:30:59,30.15,0.0,0.0,0.0,29.496399
7139,-33.876884,252263,151.228683,10/11/2025 13:30:59,0.6,2025-10-11 13:30:59,30.15,0.0,0.0,0.0,29.496399
F3FWY006,-33.395744,252277,151.297058,10/11/2025 16:13:08,0.497,2025-10-11 16:13:08,28.546501,0.0,0.0,0.0,26.3958
F3FWY006,-33.395744,252277,151.297058,10/11/2025 16:13:08,0.497,2025-10-11 16:13:08,28.546501,0.0,0.0,0.0,26.3958
F3FWY006,-33.395744,252277,151.297058,10/11/2025 16:13:08,0.497,2025-10-11 16:13:08,28.546501,0.0,0.0,0.0,26.3958
F3FWY006,-33.395744,252277,151.297058,10/11/2025 16:13:08,0.497,2025-10-11 16:13:08,28.546501,0.0,0.0,0.0,26.3958
7248,-33.906151,252649,151.040207,10/15/2025 15:25:38,0.014,2025-10-15 15:25:38,27.75,0.0,0.0,0.0,28.02816
7248,-33.906151,252649,151.040207,10/15/2025 15:25:38,0.014,2025-10-15 15:25:38,27.75,0.0,0.0,0.0,28.02816
7248,-33.906151,252649,151.040207,10/15/2025 15:25:38,0.014,2025-10-15 15:25:38,27.75,0.0,0.0,0.0,28.02816
7248,-33.906151,252649,151.040207,10/15/2025 15:25:38,0.014,2025-10-15 15:25:38,27.75,0.0,0.0,0.0,28.02816
7248,-33.906151,252649,151.040207,10/15/2025 15:25:38,0.014,2025-10-15 15:25:38,27.75,0.0,0.0,0.0,28.02816
50240,-33.796436,252963,150.987595,10/17/2025 20:23:12,0.466,2025-10-17 20:23:12,19.0,0.0,0.0,2.0,18.292114
7179,-33.817272,253084,150.962784,10/19/2025 13:29:53,0.709,2025-10-19 13:29:53,26.7,0.0,0.0,2.0,27.636662
7179,-33.817272,253084,150.962784,10/19/2025 13:29:53,0.709,2025-10-19 13:29:53,26.7,0.0,0.0,2.0,27.636662
7179,-33.817272,253084,150.962784,10/19/2025 13:29:53,0.709,2025-10-19 13:29:53,26.7,0.0,0.0,2.0,27.636662
7164,-33.81562,253084,150.969238,10/19/2025 13:29:53,0.272,2025-10-19 13:29:53,26.7,0.0,0.0,2.0,27.636662
7164,-33.81562,253084,150.969238,10/19/2025 13:29:53,0.272,2025-10-19 13:29:53,26.7,0.0,0.0,2.0,27.636662
7164,-33.81562,253084,150.969238,10/19/2025 13:29:53,0.272,2025-10-19 13:29:53,26.7,0.0,0.0,2.0,27.636662
7164,-33.81562,253084,150.969238,10/19/2025 13:29:53,0.272,2025-10-19 13:29:53,26.7,0.0,0.0,2.0,27.636662
68025,-33.816696,253084,150.976623,10/19/2025 13:29:53,0.376,2025-10-19 13:29:53,26.7,0.0,0.0,2.0,27.636662
9658,-33.79353,253400,151.018829,10/22/2025 14:07:21,0.636,2025-10-22 14:07:21,37.9,0.0,0.0,3.0,34.423874
9658,-33.79353,253400,151.018829,10/22/2025 14:07:21,0.636,2025-10-22 14:07:21,37.9,0.0,0.0,3.0,34.423874
9658,-33.79353,253400,151.018829,10/22/2025 14:07:21,0.636,2025-10-22 14:07:21,37.9,0.0,0.0,3.0,34.423874
10011,-33.876652,253707,151.230606,10/25/2025 05:20:46,0.692,2025-10-25 05:20:46,14.15,0.0,0.0,3.0,14.631697
7139,-33.876884,253707,151.228683,10/25/2025 05:20:46,0.852,2025-10-25 05:20:46,14.15,0.0,0.0,3.0,14.631697
10011,-33.876652,253707,151.230606,10/25/2025 05:20:46,0.692,2025-10-25 05:20:46,14.15,0.0,0.0,3.0,14.631697
7139,-33.876884,253707,151.228683,10/25/2025 05:20:46,0.852,2025-10-25 05:20:46,14.15,0.0,0.0,3.0,14.631697
7179,-33.817272,253734,150.962784,10/25/2025 14:55:56,0.152,2025-10-25 14:55:56,26.05,0.0,0.0,3.0,26.410513
50240,-33.796436,253799,150.987595,10/26/2025 18:38:44,0.438,2025-10-26 18:38:44,22.95,0.0,0.0,0.0,20.846296
50240,-33.796436,254219,150.987595,10/30/2025 14:15:35,0.221,2025-10-30 14:15:35,22.15,0.0,0.0,3.0,22.68952
50240,-33.796436,254219,150.987595,10/30/2025 14:15:35,0.192,2025-10-30 14:15:35,22.15,0.0,0.0,3.0,22.68952
50240,-33.796436,254219,150.987595,10/30/2025 14:15:35,0.192,2025-10-30 14:15:35,22.15,0.0,0.0,3.0,22.68952
50240,-33.796436,254219,150.987595,10/30/2025 14:15:35,0.192,2025-10-30 14:15:35,22.15,0.0,0.0,3.0,22.68952
50240,-33.796436,254219,150.987595,10/30/2025 14:15:35,0.192,2025-10-30 14:15:35,22.15,0.0,0.0,3.0,22.68952
50240,-33.796436,254219,150.987595,10/30/2025 14:15:35,0.192,2025-10-30 14:15:35,22.15,0.0,0.0,3.0,22.68952
50240,-33.796436,254219,150.987595,10/30/2025 14:15:35,0.192,2025-10-30 14:15:35,22.15,0.0,0.0,3.0,22.68952
50240,-33.796436,254219,150.987595,10/30/2025 14:15:35,0.192,2025-10-30 14:15:35,22.15,0.0,0.0,3.0,22.68952
50240,-33.796436,254219,150.987595,10/30/2025 14:15:35,0.192,2025-10-30 14:15:35,22.15,0.0,0.0,3.0,22.68952
50240,-33.796436,254219,150.987595,10/30/2025 14:15:35,0.192,2025-10-30 14:15:35,22.15,0.0,0.0,3.0,22.68952
50240,-33.796436,254219,150.987595,10/30/2025 14:15:35,0.192,2025-10-30 14:15:35,22.15,0.0,0.0,3.0,22.68952
50240,-33.796436,254219,150.987595,10/30/2025 14:15:35,0.192,2025-10-30 14:15:35,22.15,0.0,0.0,3.0,22.68952
50240,-33.796436,254219,150.987595,10/30/2025 14:15:35,0.192,2025-10-30 14:15:35,22.15,0.0,0.0,3.0,22.68952
50240,-33.796436,254219,150.987595,10/30/2025 14:15:35,0.192,2025-10-30 14:15:35,22.15,0.0,0.0,3.0,22.68952
50240,-33.796436,254219,150.987595,10/30/2025 14:15:35,0.192,2025-10-30 14:15:35,22.15,0.0,0.0,3.0,22.68952
50240,-33.796436,254219,150.987595,10/30/2025 14:15:35,0.192,2025-10-30 14:15:35,22.15,0.0,0.0,3.0,22.68952
50240,-33.796436,254219,150.987595,10/30/2025 14:15:35,0.192,2025-10-30 14:15:35,22.15,0.0,0.0,3.0,22.68952
50240,-33.796436,254219,150.987595,10/30/2025 14:15:35,0.192,2025-10-30 14:15:35,22.15,0.0,0.0,3.0,22.68952
50240,-33.796436,254219,150.987595,10/30/2025 14:15:35,0.192,2025-10-30 14:15:35,22.15,0.0,0.0,3.0,22.68952
50240,-33.796436,254219,150.987595,10/30/2025 14:15:35,0.192,2025-10-30 14:15:35,22.15,0.0,0.0,3.0,22.68952
50240,-33.796436,254219,150.987595,10/30/2025 14:15:35,0.192,2025-10-30 14:15:35,22.15,0.0,0.0,3.0,22.68952
7179,-33.817272,254347,150.962784,10/31/2025 14:40:45,0.057,2025-10-31 14:40:45,24.65,0.2,0.2,51.0,25.86781
7161,-33.740406,251539,151.060989,10/03/2025 18:32:17,0.359,2025-10-03 18:32:17,19.9,0.0,0.0,0.0,15.631414
7161,-33.740406,251539,151.060989,10/03/2025 18:32:17,0.359,2025-10-03 18:32:17,19.9,0.0,0.0,0.0,15.631414
7161,-33.740406,251539,151.060989,10/03/2025 18:32:17,0.359,2025-10-03 18:32:17,19.9,0.0,0.0,0.0,15.631414
7161,-33.740406,251539,151.060989,10/03/2025 18:32:17,0.359,2025-10-03 18:32:17,19.9,0.0,0.0,0.0,15.631414
7161,-33.740406,251539,151.060989,10/03/2025 18:32:17,0.359,2025-10-03 18:32:17,19.9,0.0,0.0,0.0,15.631414
7161,-33.740406,251539,151.060989,10/03/2025 18:32:17,0.359,2025-10-03 18:32:17,19.9,0.0,0.0,0.0,15.631414
7161,-33.740406,251539,151.060989,10/03/2025 18:32:17,0.359,2025-10-03 18:32:17,19.9,0.0,0.0,0.0,15.631414
7161,-33.740406,251539,151.060989,10/03/2025 18:32:17,0.359,2025-10-03 18:32:17,19.9,0.0,0.0,0.0,15.631414
50240,-33.796436,253176,150.987595,10/20/2025 14:31:56,0.403,2025-10-20 14:31:56,35.9,0.0,0.0,3.0,35.86048
50240,-33.796436,253176,150.987595,10/20/2025 14:31:56,0.403,2025-10-20 14:31:56,35.9,0.0,0.0,3.0,35.86048
50240,-33.796436,253176,150.987595,10/20/2025 14:31:56,0.403,2025-10-20 14:31:56,35.9,0.0,0.0,3.0,35.86048
50240,-33.796436,253176,150.987595,10/20/2025 14:31:56,0.403,2025-10-20 14:31:56,35.9,0.0,0.0,3.0,35.86048
53004,-33.75317,253308,151.151077,10/21/2025 17:47:36,0.7,2025-10-21 17:47:36,20.1,0.0,0.0,3.0,19.28378
50250,-33.797592,253520,150.975433,10/23/2025 12:42:38,0.292,2025-10-23 12:42:38,21.1,0.0,0.0,2.0,19.43802
50250,-33.797592,253520,150.975433,10/23/2025 12:42:38,0.292,2025-10-23 12:42:38,21.1,0.0,0.0,2.0,19.43802
50250,-33.797592,253520,150.975433,10/23/2025 12:42:38,0.292,2025-10-23 12:42:38,21.1,0.0,0.0,2.0,19.43802
50250,-33.797592,253520,150.975433,10/23/2025 12:42:38,0.292,2025-10-23 12:42:38,21.1,0.0,0.0,2.0,19.43802
7168,-33.798195,253855,150.897125,10/27/2025 13:41:27,0.487,2025-10-27 13:41:27,25.3,0.0,0.0,1.0,22.074516
7161,-33.740406,253922,151.060989,10/27/2025 23:28:56,0.101,2025-10-27 23:28:56,12.45,0.1,0.1,51.0,9.519503
7161,-33.740406,253922,151.060989,10/27/2025 23:28:56,0.101,2025-10-27 23:28:56,12.45,0.1,0.1,51.0,9.519503
7184,-33.772957,254247,151.135391,10/30/2025 16:40:15,0.327,2025-10-30 16:40:15,19.4,0.1,0.1,51.0,19.289682
7184,-33.772957,254247,151.135391,10/30/2025 16:40:15,0.327,2025-10-30 16:40:15,19.4,0.1,0.1,51.0,19.289682
7184,-33.772957,254247,151.135391,10/30/2025 16:40:15,0.31,2025-10-30 16:40:15,19.4,0.1,0.1,51.0,19.289682
7184,-33.772957,254247,151.135391,10/30/2025 16:40:15,0.31,2025-10-30 16:40:15,19.4,0.1,0.1,51.0,19.289682
50240,-33.796436,254263,150.987595,10/30/2025 20:52:05,0.192,2025-10-30 20:52:05,17.25,0.0,0.0,0.0,17.65577
50240,-33.796436,254263,150.987595,10/30/2025 20:52:05,0.192,2025-10-30 20:52:05,17.25,0.0,0.0,0.0,17.65577
50240,-33.796436,254263,150.987595,10/30/2025 20:52:05,0.192,2025-10-30 20:52:05,17.25,0.0,0.0,0.0,17.65577
50240,-33.796436,254263,150.987595,10/30/2025 20:52:05,0.192,2025-10-30 20:52:05,17.25,0.0,0.0,0.0,17.65577
50240,-33.796436,254263,150.987595,10/30/2025 20:52:05,0.192,2025-10-30 20:52:05,17.25,0.0,0.0,0.0,17.65577
50240,-33.796436,254263,150.987595,10/30/2025 20:52:05,0.192,2025-10-30 20:52:05,17.25,0.0,0.0,0.0,17.65577
50240,-33.796436,254263,150.987595,10/30/2025 20:52:05,0.192,2025-10-30 20:52:05,17.25,0.0,0.0,0.0,17.65577
50240,-33.796436,254263,150.987595,10/30/2025 20:52:05,0.192,2025-10-30 20:52:05,17.25,0.0,0.0,0.0,17.65577
50240,-33.796436,254263,150.987595,10/30/2025 20:52:05,0.192,2025-10-30 20:52:05,17.25,0.0,0.0,0.0,17.65577
50240,-33.796436,254263,150.987595,10/30/2025 20:52:05,0.192,2025-10-30 20:52:05,17.25,0.0,0.0,0.0,17.65577
50240,-33.796436,254263,150.987595,10/30/2025 20:52:05,0.192,2025-10-30 20:52:05,17.25,0.0,0.0,0.0,17.65577
50240,-33.796436,254263,150.987595,10/30/2025 20:52:05,0.192,2025-10-30 20:52:05,17.25,0.0,0.0,0.0,17.65577
50240,-33.796436,254263,150.987595,10/30/2025 20:52:05,0.192,2025-10-30 20:52:05,17.25,0.0,0.0,0.0,17.65577
50240,-33.796436,254263,150.987595,10/30/2025 20:52:05,0.192,2025-10-30 20:52:05,17.25,0.0,0.0,0.0,17.65577
50240,-33.796436,254263,150.987595,10/30/2025 20:52:05,0.192,2025-10-30 20:52:05,17.25,0.0,0.0,0.0,17.65577
50240,-33.796436,254263,150.987595,10/30/2025 20:52:05,0.192,2025-10-30 20:52:05,17.25,0.0,0.0,0.0,17.65577
50240,-33.796436,254263,150.987595,10/30/2025 20:52:05,0.192,2025-10-30 20:52:05,17.25,0.0,0.0,0.0,17.65577
50240,-33.796436,254263,150.987595,10/30/2025 20:52:05,0.192,2025-10-30 20:52:05,17.25,0.0,0.0,0.0,17.65577
50240,-33.796436,254263,150.987595,10/30/2025 20:52:05,0.192,2025-10-30 20:52:05,17.25,0.0,0.0,0.0,17.65577
50240,-33.796436,254263,150.987595,10/30/2025 20:52:05,0.192,2025-10-30 20:52:05,17.25,0.0,0.0,0.0,17.65577
50240,-33.796436,254263,150.987595,10/30/2025 20:52:05,0.192,2025-10-30 20:52:05,17.25,0.0,0.0,0.0,17.65577
50240,-33.796436,254263,150.987595,10/30/2025 20:52:05,0.192,2025-10-30 20:52:05,17.25,0.0,0.0,0.0,17.65577
7112,-33.843338,217413,151.043411,12/09/2024 11:15:53,0.151,2024-12-09 11:15:53,,,,,
7112,-33.843338,217413,151.043411,12/09/2024 11:15:53,0.047,2024-12-09 11:15:53,,,,,
7112,-33.843338,217413,151.043411,12/09/2024 11:15:53,0.047,2024-12-09 11:15:53,,,,,
7112,-33.843338,217413,151.043411,12/09/2024 11:15:53,0.047,2024-12-09 11:15:53,,,,,
7112,-33.843338,217413,151.043411,12/09/2024 11:15:53,0.047,2024-12-09 11:15:53,,,,,
7112,-33.843338,217413,151.043411,12/09/2024 11:15:53,0.047,2024-12-09 11:15:53,,,,,
7112,-33.843338,217413,151.043411,12/09/2024 11:15:53,0.047,2024-12-09 11:15:53,,,,,
7112,-33.843338,217413,151.043411,12/09/2024 11:15:53,0.047,2024-12-09 11:15:53,,,,,
7179,-33.817272,251254,150.962784,10/01/2025 16:24:09,0.422,2025-10-01 16:24:09,24.9,0.0,0.0,0.0,19.809721
50240,-33.796436,251582,150.987595,10/04/2025 14:06:46,0.216,2025-10-04 14:06:46,24.95,0.0,0.0,2.0,24.6726
7112,-33.843338,217413,151.043411,12/09/2024 11:15:53,0.047,2024-12-09 11:15:53,,,,,
7112,-33.843338,217413,151.043411,12/09/2024 11:15:53,0.047,2024-12-09 11:15:53,,,,,
23067,-33.934475,252417,151.15831,10/13/2025 15:28:25,0.309,2025-10-13 15:28:25,18.95,0.0,0.0,0.0,16.929363
23067,-33.934475,252417,151.15831,10/13/2025 15:28:25,0.309,2025-10-13 15:28:25,18.95,0.0,0.0,0.0,16.929363
23067,-33.934475,252417,151.15831,10/13/2025 15:28:25,0.309,2025-10-13 15:28:25,18.95,0.0,0.0,0.0,16.929363
10011,-33.876652,252661,151.230606,10/15/2025 16:28:24,0.442,2025-10-15 16:28:24,23.85,0.0,0.0,0.0,23.478397
7139,-33.876884,252661,151.228683,10/15/2025 16:28:24,0.6,2025-10-15 16:28:24,23.85,0.0,0.0,0.0,23.478397
10011,-33.876652,252747,151.230606,10/16/2025 11:09:32,0.24,2025-10-16 11:09:32,24.45,0.0,0.0,1.0,27.188602
7139,-33.876884,252747,151.228683,10/16/2025 11:09:32,0.09,2025-10-16 11:09:32,24.45,0.0,0.0,1.0,27.188602
53003,-33.729225,252808,151.122208,10/16/2025 21:50:23,0.253,2025-10-16 21:50:23,20.4,0.0,0.0,0.0,20.749311
53003,-33.729225,252808,151.122208,10/16/2025 21:50:23,0.253,2025-10-16 21:50:23,20.4,0.0,0.0,0.0,20.749311
53003,-33.729225,252808,151.122208,10/16/2025 21:50:23,0.253,2025-10-16 21:50:23,20.4,0.0,0.0,0.0,20.749311
7112,-33.843338,252828,151.043411,10/17/2025 05:05:15,0.152,2025-10-17 05:05:15,22.15,0.0,0.0,1.0,21.421413
7112,-33.843338,252828,151.043411,10/17/2025 05:05:15,0.136,2025-10-17 05:05:15,22.15,0.0,0.0,1.0,21.421413
34016,-33.778187,253646,151.267136,10/24/2025 14:28:03,0.295,2025-10-24 14:28:03,20.25,0.0,0.0,0.0,19.420359
34016,-33.778187,253646,151.267136,10/24/2025 14:28:03,0.295,2025-10-24 14:28:03,20.25,0.0,0.0,0.0,19.420359
34016,-33.778187,253646,151.267136,10/24/2025 14:28:03,0.295,2025-10-24 14:28:03,20.25,0.0,0.0,0.0,19.420359
10011,-33.876652,253737,151.230606,10/25/2025 16:38:48,0.316,2025-10-25 16:38:48,22.55,0.0,0.0,3.0,20.884083
7139,-33.876884,253737,151.228683,10/25/2025 16:38:48,0.14,2025-10-25 16:38:48,22.55,0.0,0.0,3.0,20.884083
10011,-33.876652,253737,151.230606,10/25/2025 16:38:48,0.316,2025-10-25 16:38:48,22.55,0.0,0.0,3.0,20.884083
7139,-33.876884,253737,151.228683,10/25/2025 16:38:48,0.14,2025-10-25 16:38:48,22.55,0.0,0.0,3.0,20.884083
10011,-33.876652,253737,151.230606,10/25/2025 16:38:48,0.316,2025-10-25 16:38:48,22.55,0.0,0.0,3.0,20.884083
7139,-33.876884,253737,151.228683,10/25/2025 16:38:48,0.14,2025-10-25 16:38:48,22.55,0.0,0.0,3.0,20.884083
7184,-33.772957,254407,151.135391,10/31/2025 20:48:21,0.038,2025-10-31 20:48:21,18.7,0.3,0.3,51.0,20.036905
7184,-33.772957,254407,151.135391,10/31/2025 20:48:21,0.038,2025-10-31 20:48:21,18.7,0.3,0.3,51.0,20.036905
7184,-33.772957,254407,151.135391,10/31/2025 20:48:21,0.038,2025-10-31 20:48:21,18.7,0.3,0.3,51.0,20.036905
7120,-33.886311,251098,151.217911,09/30/2025 12:37:14,0.071,2025-09-30 12:37:14,23.65,0.0,0.0,0.0,24.854517
7121,-33.886032,251098,151.218079,09/30/2025 12:37:14,0.038,2025-09-30 12:37:14,23.65,0.0,0.0,0.0,24.854517
33014,-33.806141,252421,151.17952,10/13/2025 16:07:06,0.721,2025-10-13 16:07:06,18.65,0.0,0.0,0.0,15.801125
33014,-33.806141,252421,151.17952,10/13/2025 16:07:06,0.721,2025-10-13 16:07:06,18.65,0.0,0.0,0.0,15.801125
33014,-33.806141,252421,151.17952,10/13/2025 16:07:06,0.721,2025-10-13 16:07:06,18.65,0.0,0.0,0.0,15.801125
33014,-33.806141,252421,151.17952,10/13/2025 16:07:06,0.721,2025-10-13 16:07:06,18.65,0.0,0.0,0.0,15.801125
33014,-33.806141,252421,151.17952,10/13/2025 16:07:06,0.721,2025-10-13 16:07:06,18.65,0.0,0.0,0.0,15.801125
33014,-33.806141,252421,151.17952,10/13/2025 16:07:06,0.721,2025-10-13 16:07:06,18.65,0.0,0.0,0.0,15.801125
7163,-33.865181,252493,151.171997,10/14/2025 11:31:10,0.57,2025-10-14 11:31:10,21.85,0.0,0.0,0.0,21.314337
7163,-33.865181,252493,151.171997,10/14/2025 11:31:10,0.57,2025-10-14 11:31:10,21.85,0.0,0.0,0.0,21.314337
7163,-33.865181,252493,151.171997,10/14/2025 11:31:10,0.57,2025-10-14 11:31:10,21.85,0.0,0.0,0.0,21.314337
7163,-33.865181,252493,151.171997,10/14/2025 11:31:10,0.57,2025-10-14 11:31:10,21.85,0.0,0.0,0.0,21.314337
7163,-33.865181,252493,151.171997,10/14/2025 11:31:10,0.57,2025-10-14 11:31:10,21.85,0.0,0.0,0.0,21.314337
7163,-33.865181,252493,151.171997,10/14/2025 11:31:10,0.57,2025-10-14 11:31:10,21.85,0.0,0.0,0.0,21.314337
7163,-33.865181,252493,151.171997,10/14/2025 11:31:10,0.57,2025-10-14 11:31:10,21.85,0.0,0.0,0.0,21.314337
7163,-33.865181,252493,151.171997,10/14/2025 11:31:10,0.57,2025-10-14 11:31:10,21.85,0.0,0.0,0.0,21.314337
7163,-33.865181,252493,151.171997,10/14/2025 11:31:10,0.57,2025-10-14 11:31:10,21.85,0.0,0.0,0.0,21.314337
7163,-33.865181,252493,151.171997,10/14/2025 11:31:10,0.57,2025-10-14 11:31:10,21.85,0.0,0.0,0.0,21.314337
7163,-33.865181,252493,151.171997,10/14/2025 11:31:10,0.57,2025-10-14 11:31:10,21.85,0.0,0.0,0.0,21.314337
7163,-33.865181,252493,151.171997,10/14/2025 11:31:10,0.57,2025-10-14 11:31:10,21.85,0.0,0.0,0.0,21.314337
7163,-33.865181,252493,151.171997,10/14/2025 11:31:10,0.57,2025-10-14 11:31:10,21.85,0.0,0.0,0.0,21.314337
7163,-33.865181,252493,151.171997,10/14/2025 11:31:10,0.57,2025-10-14 11:31:10,21.85,0.0,0.0,0.0,21.314337
7163,-33.865181,252493,151.171997,10/14/2025 11:31:10,0.57,2025-10-14 11:31:10,21.85,0.0,0.0,0.0,21.314337
7179,-33.817272,252809,150.962784,10/16/2025 21:55:58,0.231,2025-10-16 21:55:58,24.05,0.0,0.0,0.0,23.796654
7112,-33.843338,253353,151.043411,10/22/2025 10:44:02,0.769,2025-10-22 10:44:02,28.35,0.0,0.0,1.0,30.211346
T0288,-33.455536,253709,151.205093,10/25/2025 05:44:59,0.284,2025-10-25 05:44:59,13.6,0.0,0.0,3.0,14.019188
T0289,-33.455235,253709,151.205383,10/25/2025 05:44:59,0.327,2025-10-25 05:44:59,13.6,0.0,0.0,3.0,14.019188
T0290,-33.454796,253709,151.205872,10/25/2025 05:44:59,0.393,2025-10-25 05:44:59,13.6,0.0,0.0,3.0,14.019188
T0479-PR,-33.454525,253709,151.206726,10/25/2025 05:44:59,0.469,2025-10-25 05:44:59,13.6,0.0,0.0,3.0,14.019188
T0288,-33.455536,253709,151.205093,10/25/2025 05:44:59,0.284,2025-10-25 05:44:59,13.6,0.0,0.0,3.0,14.019188
T0289,-33.455235,253709,151.205383,10/25/2025 05:44:59,0.327,2025-10-25 05:44:59,13.6,0.0,0.0,3.0,14.019188
T0290,-33.454796,253709,151.205872,10/25/2025 05:44:59,0.393,2025-10-25 05:44:59,13.6,0.0,0.0,3.0,14.019188
T0479-PR,-33.454525,253709,151.206726,10/25/2025 05:44:59,0.469,2025-10-25 05:44:59,13.6,0.0,0.0,3.0,14.019188
T0288,-33.455536,253709,151.205093,10/25/2025 05:44:59,0.284,2025-10-25 05:44:59,13.6,0.0,0.0,3.0,14.019188
T0289,-33.455235,253709,151.205383,10/25/2025 05:44:59,0.327,2025-10-25 05:44:59,13.6,0.0,0.0,3.0,14.019188
T0290,-33.454796,253709,151.205872,10/25/2025 05:44:59,0.393,2025-10-25 05:44:59,13.6,0.0,0.0,3.0,14.019188
T0479-PR,-33.454525,253709,151.206726,10/25/2025 05:44:59,0.469,2025-10-25 05:44:59,13.6,0.0,0.0,3.0,14.019188
7126,-34.035271,251763,151.113007,10/07/2025 14:55:20,0.551,2025-10-07 14:55:20,22.0,0.1,0.1,51.0,21.891708
7126,-34.035271,251763,151.113007,10/07/2025 14:55:20,0.528,2025-10-07 14:55:20,22.0,0.1,0.1,51.0,21.891708
7126,-34.035271,251763,151.113007,10/07/2025 14:55:20,0.528,2025-10-07 14:55:20,22.0,0.1,0.1,51.0,21.891708
7126,-34.035271,251763,151.113007,10/07/2025 14:55:20,0.528,2025-10-07 14:55:20,22.0,0.1,0.1,51.0,21.891708
7161,-33.740406,252059,151.060989,10/09/2025 17:50:20,0.297,2025-10-09 17:50:20,25.1,0.0,0.0,3.0,23.581713
F3FWY002,-33.651676,252085,151.137741,10/10/2025 04:02:09,0.461,2025-10-10 04:02:09,16.2,0.0,0.0,0.0,15.997826
F3FWY002,-33.651676,252085,151.137741,10/10/2025 04:02:09,0.461,2025-10-10 04:02:09,16.2,0.0,0.0,0.0,15.997826
7270,-33.793304,253402,151.119659,10/22/2025 14:13:01,0.087,2025-10-22 14:13:01,38.65,0.0,0.0,3.0,35.955647
7270,-33.793304,253402,151.119659,10/22/2025 14:13:01,0.051,2025-10-22 14:13:01,38.65,0.0,0.0,3.0,35.955647
7270,-33.793304,253402,151.119659,10/22/2025 14:13:01,0.051,2025-10-22 14:13:01,38.65,0.0,0.0,3.0,35.955647
7270,-33.793304,253402,151.119659,10/22/2025 14:13:01,0.067,2025-10-22 14:13:01,38.65,0.0,0.0,3.0,35.955647
7270,-33.793304,253402,151.119659,10/22/2025 14:13:01,0.067,2025-10-22 14:13:01,38.65,0.0,0.0,3.0,35.955647
7270,-33.793304,253402,151.119659,10/22/2025 14:13:01,0.067,2025-10-22 14:13:01,38.65,0.0,0.0,3.0,35.955647
7270,-33.793304,253402,151.119659,10/22/2025 14:13:01,0.067,2025-10-22 14:13:01,38.65,0.0,0.0,3.0,35.955647
7270,-33.793304,253402,151.119659,10/22/2025 14:13:01,0.067,2025-10-22 14:13:01,38.65,0.0,0.0,3.0,35.955647
7270,-33.793304,253402,151.119659,10/22/2025 14:13:01,0.067,2025-10-22 14:13:01,38.65,0.0,0.0,3.0,35.955647
7270,-33.793304,253402,151.119659,10/22/2025 14:13:01,0.067,2025-10-22 14:13:01,38.65,0.0,0.0,3.0,35.955647
53004,-33.75317,253446,151.151077,10/22/2025 17:37:47,0.468,2025-10-22 17:37:47,35.6,0.0,0.0,3.0,33.275196
7270,-33.793304,253402,151.119659,10/22/2025 14:13:01,0.067,2025-10-22 14:13:01,38.65,0.0,0.0,3.0,35.955647
7270,-33.793304,253402,151.119659,10/22/2025 14:13:01,0.067,2025-10-22 14:13:01,38.65,0.0,0.0,3.0,35.955647
34016,-33.778187,253804,151.267136,10/26/2025 19:54:11,0.202,2025-10-26 19:54:11,22.3,0.0,0.0,1.0,20.744207
34016,-33.778187,253804,151.267136,10/26/2025 19:54:11,0.202,2025-10-26 19:54:11,22.3,0.0,0.0,1.0,20.744207
34016,-33.778187,253804,151.267136,10/26/2025 19:54:11,0.202,2025-10-26 19:54:11,22.3,0.0,0.0,1.0,20.744207
53004,-33.75317,253900,151.151077,10/27/2025 18:43:02,0.428,2025-10-27 18:43:02,15.8,0.0,0.0,3.0,12.470287
53004,-33.75317,253900,151.151077,10/27/2025 18:43:02,0.428,2025-10-27 18:43:02,15.8,0.0,0.0,3.0,12.470287
53004,-33.75317,253900,151.151077,10/27/2025 18:43:02,0.428,2025-10-27 18:43:02,15.8,0.0,0.0,3.0,12.470287
53004,-33.75317,253900,151.151077,10/27/2025 18:43:02,0.428,2025-10-27 18:43:02,15.8,0.0,0.0,3.0,12.470287
53004,-33.75317,253900,151.151077,10/27/2025 18:43:02,0.428,2025-10-27 18:43:02,15.8,0.0,0.0,3.0,12.470287
53004,-33.75317,253900,151.151077,10/27/2025 18:43:02,0.436,2025-10-27 18:43:02,15.8,0.0,0.0,3.0,12.470287
53004,-33.75317,253900,151.151077,10/27/2025 18:43:02,0.436,2025-10-27 18:43:02,15.8,0.0,0.0,3.0,12.470287
53004,-33.75317,253900,151.151077,10/27/2025 18:43:02,0.436,2025-10-27 18:43:02,15.8,0.0,0.0,3.0,12.470287
F3FWY004,-33.496265,254038,151.187408,10/29/2025 06:03:07,0.503,2025-10-29 06:03:07,11.4,1.1,1.1,55.0,11.20672
F3FWY004,-33.496265,254038,151.187408,10/29/2025 06:03:07,0.503,2025-10-29 06:03:07,11.4,1.1,1.1,55.0,11.20672
7112,-33.843338,254132,151.043411,10/29/2025 18:12:34,0.052,2025-10-29 18:12:34,16.25,0.2,0.2,51.0,16.788002
7112,-33.843338,254132,151.043411,10/29/2025 18:12:34,0.052,2025-10-29 18:12:34,16.25,0.2,0.2,51.0,16.788002
F3FWY005,-33.429348,251681,151.22467,10/06/2025 17:59:38,0.663,2025-10-06 17:59:38,27.95,0.0,0.0,3.0,25.623606
7150,-33.724922,255305,150.977127,11/11/2025 08:29:35,0.023,2025-11-11 08:29:35,16.5,0.0,0.0,3.0,16.177385
33014,-33.806141,255580,151.17952,11/13/2025 14:32:25,0.345,2025-11-13 14:32:25,25.9,0.0,0.0,3.0,25.644146
33014,-33.806141,255580,151.17952,11/13/2025 14:32:25,0.345,2025-11-13 14:32:25,25.9,0.0,0.0,3.0,25.644146
74230,-33.724735,255600,151.086151,11/13/2025 15:47:10,0.569,2025-11-13 15:47:10,29.8,0.0,0.0,3.0,29.218407
7132,-33.953056,255929,151.137482,11/17/2025 09:57:22,0.022,2025-11-17 09:57:22,19.35,0.0,0.0,3.0,15.41474
7132,-33.953056,251321,151.137482,10/02/2025 09:08:57,0.811,2025-10-02 09:08:57,20.65,0.0,0.0,0.0,17.132248
7168,-33.798195,256112,150.897125,11/18/2025 17:41:19,0.035,2025-11-18 17:41:19,29.7,0.0,0.0,0.0,27.480667
32029,-33.821175,256790,151.149902,11/24/2025 23:57:52,0.192,2025-11-24 23:57:52,16.9,0.0,0.0,3.0,17.94943
32029,-33.821175,256790,151.149902,11/24/2025 23:57:52,0.192,2025-11-24 23:57:52,16.9,0.0,0.0,3.0,17.94943
7162,-34.045811,257241,151.133041,11/27/2025 14:15:33,0.685,2025-11-27 14:15:33,30.1,0.0,0.0,0.0,29.266487
74230,-33.724735,257465,151.086151,11/28/2025 16:45:52,0.443,2025-11-28 16:45:52,31.15,0.0,0.0,3.0,30.728863
7179,-33.817272,257591,150.962784,11/29/2025 17:14:25,0.434,2025-11-29 17:14:25,27.4,0.0,0.0,0.0,23.106062
74229,-33.760658,256053,151.07962,11/18/2025 09:54:19,0.25,2025-11-18 09:54:19,19.2,0.0,0.0,0.0,16.561224
F3FWY004,-33.496265,254520,151.187408,11/02/2025 14:38:52,0.045,2025-11-02 14:38:52,21.75,0.0,0.0,3.0,23.337112
F3FWY003,-33.560299,254565,151.192551,11/03/2025 09:56:29,0.159,2025-11-03 09:56:29,20.65,0.0,0.0,3.0,22.73198
9658,-33.79353,254950,151.018829,11/07/2025 09:32:53,0.521,2025-11-07 09:32:53,20.25,0.0,0.0,3.0,20.745098
9658,-33.79353,254950,151.018829,11/07/2025 09:32:53,0.521,2025-11-07 09:32:53,20.25,0.0,0.0,3.0,20.745098
7119-PR,-33.817974,255047,150.981827,11/07/2025 17:05:58,0.012,2025-11-07 17:05:58,28.35,0.0,0.0,3.0,27.084278
7120,-33.886311,255379,151.217911,11/11/2025 18:05:06,0.062,2025-11-11 18:05:06,23.95,0.0,0.0,0.0,17.91175
7121,-33.886032,255379,151.218079,11/11/2025 18:05:06,0.035,2025-11-11 18:05:06,23.95,0.0,0.0,0.0,17.91175
7179,-33.817272,255844,150.962784,11/16/2025 09:57:00,0.073,2025-11-16 09:57:00,24.05,0.0,0.0,1.0,22.921679
22001,-33.825577,256247,151.233261,11/20/2025 07:27:01,0.488,2025-11-20 07:27:01,18.1,0.0,0.0,3.0,18.857637
F3FWY003,-33.560299,256465,151.192551,11/21/2025 16:02:34,0.114,2025-11-21 16:02:34,17.95,0.2,0.2,51.0,17.064598
7112,-33.843338,257511,151.043411,11/29/2025 06:26:25,0.086,2025-11-29 06:26:25,20.4,0.0,0.0,3.0,21.294739
9658,-33.79353,257657,151.018829,11/30/2025 17:40:24,0.55,2025-11-30 17:40:24,25.4,0.0,0.0,0.0,20.068758
74229,-33.760658,254946,151.07962,11/07/2025 08:49:35,0.233,2025-11-07 08:49:35,17.95,0.0,0.0,3.0,18.624228
55049,-33.729507,255128,151.30011,11/08/2025 15:58:51,0.819,2025-11-08 15:58:51,29.7,0.6,0.6,53.0,31.23492
33014,-33.806141,255422,151.17952,11/12/2025 08:51:22,0.59,2025-11-12 08:51:22,13.0,0.0,0.0,0.0,9.408124
74230,-33.724735,255653,151.086151,11/14/2025 08:51:04,0.396,2025-11-14 08:51:04,17.05,0.0,0.0,1.0,16.31502
74229,-33.760658,255854,151.07962,11/16/2025 11:47:25,0.354,2025-11-16 11:47:25,26.9,0.0,0.0,0.0,28.719536
7270,-33.793304,255900,151.119659,11/17/2025 04:51:46,0.021,2025-11-17 04:51:46,18.9,0.0,0.0,0.0,16.048378
7270,-33.793304,255900,151.119659,11/17/2025 04:51:46,0.021,2025-11-17 04:51:46,18.9,0.0,0.0,0.0,16.048378
7270,-33.793304,255900,151.119659,11/17/2025 04:51:46,0.021,2025-11-17 04:51:46,18.9,0.0,0.0,0.0,16.048378
53004,-33.75317,256591,151.151077,11/22/2025 23:41:32,0.17,2025-11-22 23:41:32,18.95,0.0,0.0,3.0,21.339596
T0231,-33.838615,256690,151.143753,11/24/2025 09:23:51,0.146,2025-11-24 09:23:51,20.8,0.0,0.0,1.0,20.711548
T0231,-33.838615,256690,151.143753,11/24/2025 09:23:51,0.146,2025-11-24 09:23:51,20.8,0.0,0.0,1.0,20.711548
T0231,-33.838615,256690,151.143753,11/24/2025 09:23:51,0.146,2025-11-24 09:23:51,20.8,0.0,0.0,1.0,20.711548
T0231,-33.838615,256690,151.143753,11/24/2025 09:23:51,0.146,2025-11-24 09:23:51,20.8,0.0,0.0,1.0,20.711548
T0231,-33.838615,256690,151.143753,11/24/2025 09:23:51,0.146,2025-11-24 09:23:51,20.8,0.0,0.0,1.0,20.711548
T0231,-33.838615,256690,151.143753,11/24/2025 09:23:51,0.146,2025-11-24 09:23:51,20.8,0.0,0.0,1.0,20.711548
7163,-33.865181,256949,151.171997,11/26/2025 08:07:10,0.63,2025-11-26 08:07:10,25.15,0.0,0.0,0.0,25.843985
68025,-33.816696,254425,150.976623,11/01/2025 06:54:06,0.347,2025-11-01 06:54:06,15.2,0.0,0.0,0.0,16.128067
7251,-33.874916,254748,151.155319,11/05/2025 09:13:12,0.065,2025-11-05 09:13:12,16.95,0.0,0.0,0.0,13.887978
F3FWY003,-33.560299,254982,151.192551,11/07/2025 12:45:30,0.08,2025-11-07 12:45:30,27.55,0.0,0.0,3.0,29.44382
53004,-33.75317,255280,151.151077,11/10/2025 18:31:15,0.184,2025-11-10 18:31:15,20.0,0.0,0.0,0.0,17.88913
53004,-33.75317,255280,151.151077,11/10/2025 18:31:15,0.184,2025-11-10 18:31:15,20.0,0.0,0.0,0.0,17.88913
53004,-33.75317,255280,151.151077,11/10/2025 18:31:15,0.184,2025-11-10 18:31:15,20.0,0.0,0.0,0.0,17.88913
53004,-33.75317,255280,151.151077,11/10/2025 18:31:15,0.184,2025-11-10 18:31:15,20.0,0.0,0.0,0.0,17.88913
53004,-33.75317,255280,151.151077,11/10/2025 18:31:15,0.184,2025-11-10 18:31:15,20.0,0.0,0.0,0.0,17.88913
10011,-33.876652,255476,151.230606,11/12/2025 16:08:13,0.256,2025-11-12 16:08:13,19.1,0.0,0.0,0.0,15.928963
7139,-33.876884,255476,151.228683,11/12/2025 16:08:13,0.078,2025-11-12 16:08:13,19.1,0.0,0.0,0.0,15.928963
F3FWY001,-33.694206,255482,151.121323,11/12/2025 16:40:18,0.093,2025-11-12 16:40:18,19.65,0.0,0.0,0.0,17.455357
53003,-33.729225,255733,151.122208,11/14/2025 15:42:50,0.018,2025-11-14 15:42:50,22.35,0.0,0.0,1.0,23.1969
50240,-33.796436,255779,150.987595,11/15/2025 07:13:46,0.674,2025-11-15 07:13:46,18.65,0.0,0.0,3.0,20.069153
53004,-33.75317,253985,151.151077,10/28/2025 14:06:40,0.422,2025-10-28 14:06:40,15.3,0.0,0.0,3.0,12.423252
7112,-33.843338,254444,151.043411,11/01/2025 10:58:51,0.226,2025-11-01 10:58:51,21.3,0.0,0.0,2.0,23.258177
7248,-33.906151,255034,151.040207,11/07/2025 16:00:55,0.383,2025-11-07 16:00:55,31.45,0.0,0.0,3.0,31.096375
7163,-33.865181,255262,151.171997,11/10/2025 15:21:54,0.406,2025-11-10 15:21:54,20.4,0.0,0.0,0.0,19.146923
7163,-33.865181,256147,151.171997,11/19/2025 08:43:30,0.365,2025-11-19 08:43:30,19.0,0.0,0.0,0.0,18.684937
7274,-33.779202,256248,150.814102,11/20/2025 07:28:24,0.095,2025-11-20 07:28:24,17.6,0.0,0.0,3.0,18.313608
F3FWY003,-33.560299,256286,151.192551,11/20/2025 13:11:25,0.139,2025-11-20 13:11:25,24.95,0.0,0.0,3.0,27.316833
7112,-33.843338,256609,151.043411,11/23/2025 09:02:25,0.042,2025-11-23 09:02:25,20.6,0.0,0.0,3.0,23.313763
34016,-33.778187,256641,151.267136,11/23/2025 18:16:08,0.205,2025-11-23 18:16:08,22.7,0.0,0.0,1.0,24.44029
7112,-33.843338,256897,151.043411,11/25/2025 17:09:36,0.073,2025-11-25 17:09:36,30.2,0.0,0.0,3.0,32.50477
7120,-33.886311,254550,151.217911,11/03/2025 07:12:36,0.146,2025-11-03 07:12:36,18.35,0.0,0.0,3.0,20.46184
7121,-33.886032,254550,151.218079,11/03/2025 07:12:36,0.157,2025-11-03 07:12:36,18.35,0.0,0.0,3.0,20.46184
T0288,-33.455536,254695,151.205093,11/04/2025 12:37:05,0.125,2025-11-04 12:37:05,21.8,0.0,0.0,2.0,18.343412
T0289,-33.455235,254695,151.205383,11/04/2025 12:37:05,0.084,2025-11-04 12:37:05,21.8,0.0,0.0,2.0,18.343412
T0290,-33.454796,254695,151.205872,11/04/2025 12:37:05,0.026,2025-11-04 12:37:05,21.8,0.0,0.0,2.0,18.343412
T0479-PR,-33.454525,254695,151.206726,11/04/2025 12:37:05,0.063,2025-11-04 12:37:05,21.8,0.0,0.0,2.0,18.343412
53004,-33.75317,254814,151.151077,11/05/2025 17:50:31,0.468,2025-11-05 17:50:31,24.95,0.0,0.0,0.0,23.056116
F3FWY003,-33.560299,255402,151.192551,11/12/2025 06:48:09,0.121,2025-11-12 06:48:09,9.7,0.0,0.0,0.0,6.573452
47024,-33.83889,255444,151.029022,11/12/2025 12:06:10,0.225,2025-11-12 12:06:10,20.65,0.0,0.0,0.0,20.092838
74230,-33.724735,255814,151.086151,11/15/2025 16:31:33,0.613,2025-11-15 16:31:33,26.75,0.0,0.0,3.0,26.42778
33014,-33.806141,257416,151.17952,11/28/2025 13:51:27,0.747,2025-11-28 13:51:27,29.8,0.0,0.0,2.0,30.943462
7179,-33.817272,257578,150.962784,11/29/2025 15:02:22,0.137,2025-11-29 15:02:22,28.8,0.2,0.2,51.0,26.59388
7161,-33.740406,255095,151.060989,11/08/2025 09:32:51,0.341,2025-11-08 09:32:51,22.7,1.4,1.4,61.0,22.415619
7126,-34.035271,255387,151.113007,11/11/2025 21:54:47,0.691,2025-11-11 21:54:47,14.55,0.0,0.0,0.0,11.17711
7112,-33.843338,256560,151.043411,11/22/2025 17:40:47,0.808,2025-11-22 17:40:47,21.4,0.1,0.1,51.0,21.83574
7162,-34.045811,255472,151.133041,11/12/2025 15:43:54,0.023,2025-11-12 15:43:54,18.1,0.0,0.0,0.0,15.863697
33014,-33.806141,255580,151.17952,11/13/2025 14:32:25,0.345,2025-11-13 14:32:25,25.9,0.0,0.0,3.0,25.644146
7112,-33.843338,255563,151.043411,11/13/2025 13:12:42,0.198,2025-11-13 13:12:42,29.7,0.0,0.0,3.0,29.824604
7120,-33.886311,256351,151.217911,11/20/2025 19:00:07,0.027,2025-11-20 19:00:07,19.8,0.0,0.0,3.0,18.617369
7121,-33.886032,256351,151.218079,11/20/2025 19:00:07,0.008,2025-11-20 19:00:07,19.8,0.0,0.0,3.0,18.617369
23067,-33.934475,256664,151.15831,11/24/2025 06:12:44,0.233,2025-11-24 06:12:44,18.0,0.0,0.0,0.0,18.571836
23067,-33.934475,256677,151.15831,11/24/2025 07:36:24,0.287,2025-11-24 07:36:24,18.95,0.0,0.0,0.0,19.26993
9658,-33.79353,256931,151.018829,11/26/2025 05:00:23,0.203,2025-11-26 05:00:23,20.3,0.0,0.0,0.0,21.322828
53004,-33.75317,256962,151.151077,11/26/2025 09:49:36,0.462,2025-11-26 09:49:36,27.7,0.0,0.0,0.0,27.785366
9658,-33.79353,257082,151.018829,11/26/2025 16:10:44,0.31,2025-11-26 16:10:44,32.1,0.0,0.0,1.0,30.621685
T0288,-33.455536,257371,151.205093,11/28/2025 11:03:01,0.017,2025-11-28 11:03:01,26.3,0.0,0.0,1.0,26.34133
T0289,-33.455235,257371,151.205383,11/28/2025 11:03:01,0.042,2025-11-28 11:03:01,26.3,0.0,0.0,1.0,26.34133
T0290,-33.454796,257371,151.205872,11/28/2025 11:03:01,0.105,2025-11-28 11:03:01,26.3,0.0,0.0,1.0,26.34133
T0479-PR,-33.454525,257371,151.206726,11/28/2025 11:03:01,0.181,2025-11-28 11:03:01,26.3,0.0,0.0,1.0,26.34133
F3FWY004,-33.496265,254520,151.187408,11/02/2025 14:38:52,0.045,2025-11-02 14:38:52,21.75,0.0,0.0,3.0,23.337112
F3FWY004,-33.496265,254520,151.187408,11/02/2025 14:38:52,0.045,2025-11-02 14:38:52,21.75,0.0,0.0,3.0,23.337112
23067,-33.934475,254191,151.15831,10/30/2025 10:11:11,0.507,2025-10-30 10:11:11,18.95,0.0,0.0,1.0,20.527962
7120,-33.886311,255656,151.217911,11/14/2025 09:20:37,0.068,2025-11-14 09:20:37,18.8,0.2,0.2,51.0,17.713772
7121,-33.886032,255656,151.218079,11/14/2025 09:20:37,0.101,2025-11-14 09:20:37,18.8,0.2,0.2,51.0,17.713772
7270,-33.793304,255900,151.119659,11/17/2025 04:51:46,0.021,2025-11-17 04:51:46,18.9,0.0,0.0,0.0,16.048378
29005,-33.824696,256241,151.093216,11/20/2025 05:19:48,0.45,2025-11-20 05:19:48,17.9,0.0,0.0,3.0,19.509071
51235,-33.81551,256625,151.101105,11/23/2025 13:01:30,0.217,2025-11-23 13:01:30,27.95,0.0,0.0,1.0,32.43509
T0231,-33.838615,256690,151.143753,11/24/2025 09:23:51,0.146,2025-11-24 09:23:51,20.8,0.0,0.0,1.0,20.711548
7126,-34.035271,257486,151.113007,11/28/2025 18:38:38,0.299,2025-11-28 18:38:38,23.05,0.0,0.0,3.0,23.106468
33014,-33.806141,257570,151.17952,11/29/2025 13:35:54,0.595,2025-11-29 13:35:54,32.3,0.0,0.0,1.0,31.680405
7248,-33.906151,257614,151.040207,11/30/2025 04:51:08,0.214,2025-11-30 04:51:08,16.85,0.0,0.0,1.0,17.119314
F3FWY003,-33.560299,255741,151.192551,11/14/2025 16:23:09,0.151,2025-11-14 16:23:09,20.9,0.0,0.0,1.0,20.874184
10011,-33.876652,254665,151.230606,11/04/2025 08:38:41,0.228,2025-11-04 08:38:41,18.15,0.0,0.0,0.0,15.873894
7139,-33.876884,254665,151.228683,11/04/2025 08:38:41,0.403,2025-11-04 08:38:41,18.15,0.0,0.0,0.0,15.873894
55049,-33.729507,254705,151.30011,11/04/2025 14:55:35,0.796,2025-11-04 14:55:35,21.4,0.0,0.0,1.0,16.483732
7251,-33.874916,254561,151.155319,11/03/2025 09:24:09,0.649,2025-11-03 09:24:09,20.85,0.1,0.1,51.0,22.503782
7179,-33.817272,256633,150.962784,11/23/2025 15:00:20,0.202,2025-11-23 15:00:20,29.6,0.0,0.0,0.0,34.152184
F3FWY004,-33.496265,256929,151.187408,11/26/2025 03:24:08,0.167,2025-11-26 03:24:08,22.35,0.0,0.0,0.0,21.840414
7120,-33.886311,257172,151.217911,11/27/2025 06:49:09,0.597,2025-11-27 06:49:09,18.45,0.0,0.0,3.0,20.365803
7121,-33.886032,257172,151.218079,11/27/2025 06:49:09,0.57,2025-11-27 06:49:09,18.45,0.0,0.0,3.0,20.365803
33014,-33.806141,257570,151.17952,11/29/2025 13:35:54,0.595,2025-11-29 13:35:54,32.3,0.0,0.0,1.0,31.680405
33014,-33.806141,257570,151.17952,11/29/2025 13:35:54,0.595,2025-11-29 13:35:54,32.3,0.0,0.0,1.0,31.680405
72027,-33.740467,257455,150.984421,11/28/2025 16:13:36,0.864,2025-11-28 16:13:36,33.35,0.0,0.0,3.0,32.0162
7184,-33.772957,254633,151.135391,11/03/2025 19:00:37,0.291,2025-11-03 19:00:37,25.75,0.0,0.0,3.0,28.252254
7163,-33.865181,255181,151.171997,11/09/2025 18:50:46,0.366,2025-11-09 18:50:46,17.5,0.0,0.0,0.0,14.707949
7163,-33.865181,255299,151.171997,11/11/2025 07:53:05,0.026,2025-11-11 07:53:05,14.45,0.0,0.0,3.0,13.847664
7270,-33.793304,255607,151.119659,11/13/2025 16:04:01,0.067,2025-11-13 16:04:01,26.65,0.0,0.0,3.0,24.97289
68025,-33.816696,256244,150.976623,11/20/2025 06:33:50,0.368,2025-11-20 06:33:50,17.5,0.0,0.0,3.0,18.917452
7132,-33.953056,256586,151.137482,11/22/2025 22:45:46,0.915,2025-11-22 22:45:46,19.65,0.1,0.1,51.0,21.82459
7112,-33.843338,256617,151.043411,11/23/2025 11:47:52,0.244,2025-11-23 11:47:52,24.8,0.0,0.0,1.0,25.720066
74230,-33.724735,256645,151.086151,11/23/2025 21:15:50,0.96,2025-11-23 21:15:50,20.15,0.0,0.0,0.0,21.541426
23067,-33.934475,256864,151.15831,11/25/2025 15:01:28,0.199,2025-11-25 15:01:28,26.5,0.0,0.0,3.0,28.487572
7163,-33.865181,256948,151.171997,11/26/2025 07:56:46,0.52,2025-11-26 07:56:46,22.15,0.0,0.0,0.0,22.67692
7120,-33.886311,256776,151.217911,11/24/2025 18:46:01,0.093,2025-11-24 18:46:01,19.9,0.0,0.0,0.0,18.960978
7121,-33.886032,256776,151.218079,11/24/2025 18:46:01,0.093,2025-11-24 18:46:01,19.9,0.0,0.0,0.0,18.960978
10011,-33.876652,257294,151.230606,11/27/2025 18:44:13,0.293,2025-11-27 18:44:13,29.7,0.0,0.0,0.0,27.77428
7139,-33.876884,257294,151.228683,11/27/2025 18:44:13,0.465,2025-11-27 18:44:13,29.7,0.0,0.0,0.0,27.77428
7120,-33.886311,254550,151.217911,11/03/2025 07:12:36,0.146,2025-11-03 07:12:36,18.35,0.0,0.0,3.0,20.46184
7121,-33.886032,254550,151.218079,11/03/2025 07:12:36,0.157,2025-11-03 07:12:36,18.35,0.0,0.0,3.0,20.46184
7120,-33.886311,254550,151.217911,11/03/2025 07:12:36,0.146,2025-11-03 07:12:36,18.35,0.0,0.0,3.0,20.46184
7121,-33.886032,254550,151.218079,11/03/2025 07:12:36,0.157,2025-11-03 07:12:36,18.35,0.0,0.0,3.0,20.46184
7120,-33.886311,254550,151.217911,11/03/2025 07:12:36,0.146,2025-11-03 07:12:36,18.35,0.0,0.0,3.0,20.46184
7121,-33.886032,254550,151.218079,11/03/2025 07:12:36,0.157,2025-11-03 07:12:36,18.35,0.0,0.0,3.0,20.46184
33014,-33.806141,254987,151.17952,11/07/2025 13:33:17,0.572,2025-11-07 13:33:17,28.1,0.0,0.0,3.0,30.210163
7153,-33.8651123046875,255451,151.041610717773,11/12/2025 13:39:58,0.015,2025-11-12 13:39:58,22.35,0.0,0.0,0.0,21.56873
7112,-33.843338,255887,151.043411,11/16/2025 20:56:11,0.211,2025-11-16 20:56:11,29.0,0.0,0.0,0.0,24.643833
7251,-33.874916,257143,151.155319,11/26/2025 22:49:22,0.008,2025-11-26 22:49:22,27.4,0.0,0.0,0.0,26.790903
7161,-33.740406,257352,151.060989,11/28/2025 09:16:54,0.081,2025-11-28 09:16:54,20.75,0.0,0.0,1.0,21.172752
7161,-33.740406,257484,151.060989,11/28/2025 18:29:49,0.289,2025-11-28 18:29:49,25.05,0.0,0.0,3.0,24.785519
57025,-33.725773,253250,151.219788,10/21/2025 10:38:09,0.349,2025-10-21 10:38:09,21.6075,0.0,0.0,0.0,22.068647
57025,-33.725773,253250,151.219788,10/21/2025 10:38:09,0.349,2025-10-21 10:38:09,21.6075,0.0,0.0,0.0,22.068647
57025,-33.725773,253250,151.219788,10/21/2025 10:38:09,0.349,2025-10-21 10:38:09,21.6075,0.0,0.0,0.0,22.068647
68025,-33.816696,254427,150.976623,11/01/2025 07:25:42,0.29,2025-11-01 07:25:42,16.2,5.2,5.2,63.0,17.167572
57025,-33.725773,253250,151.219788,10/21/2025 10:38:09,0.349,2025-10-21 10:38:09,21.6075,0.0,0.0,0.0,22.068647
57025,-33.725773,253250,151.219788,10/21/2025 10:38:09,0.349,2025-10-21 10:38:09,21.6075,0.0,0.0,0.0,22.068647
57025,-33.725773,253250,151.219788,10/21/2025 10:38:09,0.349,2025-10-21 10:38:09,21.6075,0.0,0.0,0.0,22.068647
7184,-33.772957,255268,151.135391,11/10/2025 16:33:57,0.038,2025-11-10 16:33:57,20.95,0.0,0.0,0.0,19.366838
51235,-33.81551,256183,151.101105,11/19/2025 14:08:36,0.559,2025-11-19 14:08:36,32.6,0.0,0.0,0.0,33.80988
7251,-33.874916,256412,151.155319,11/21/2025 10:26:24,0.08,2025-11-21 10:26:24,18.3,0.4,0.4,51.0,16.997583
7120,-33.886311,256451,151.217911,11/21/2025 14:45:42,0.095,2025-11-21 14:45:42,17.35,0.9,0.9,53.0,15.801794
7121,-33.886032,256451,151.218079,11/21/2025 14:45:42,0.127,2025-11-21 14:45:42,17.35,0.9,0.9,53.0,15.801794
F3FWY003,-33.560299,256754,151.192551,11/24/2025 15:35:34,0.921,2025-11-24 15:35:34,22.95,0.0,0.0,1.0,23.602724
32029,-33.821175,256790,151.149902,11/24/2025 23:57:52,0.192,2025-11-24 23:57:52,16.9,0.0,0.0,3.0,17.94943
33014,-33.806141,256796,151.17952,11/25/2025 06:31:14,0.706,2025-11-25 06:31:14,17.0,0.0,0.0,0.0,17.659101
51235,-33.81551,256804,151.101105,11/25/2025 07:25:05,0.456,2025-11-25 07:25:05,17.9,0.0,0.0,0.0,18.905773
F3FWY002,-33.651676,256928,151.137741,11/26/2025 03:15:17,0.697,2025-11-26 03:15:17,22.1,0.0,0.0,0.0,21.220325
7270,-33.793304,257097,151.119659,11/26/2025 16:50:11,0.243,2025-11-26 16:50:11,32.0,0.0,0.0,1.0,30.13696
10011,-33.876652,257275,151.230606,11/27/2025 16:47:57,0.293,2025-11-27 16:47:57,31.6,0.0,0.0,0.0,29.401794
7139,-33.876884,257275,151.228683,11/27/2025 16:47:57,0.465,2025-11-27 16:47:57,31.6,0.0,0.0,0.0,29.401794
7120,-33.886311,257507,151.217911,11/29/2025 02:35:03,0.236,2025-11-29 02:35:03,20.45,0.0,0.0,3.0,22.233957
7121,-33.886032,257507,151.218079,11/29/2025 02:35:03,0.235,2025-11-29 02:35:03,20.45,0.0,0.0,3.0,22.233957
F3FWY002,-33.651676,250489,151.137741,09/24/2025 12:16:39,0.464,2025-09-24 12:16:39,23.25,0.0,0.0,0.0,22.696833
57025,-33.725773,253250,151.219788,10/21/2025 10:38:09,0.349,2025-10-21 10:38:09,21.6075,0.0,0.0,0.0,22.068647
9836-PR,-33.819687,254551,151.117416,11/03/2025 07:38:25,0.073,2025-11-03 07:38:25,18.05,0.0,0.0,3.0,19.932978
9658,-33.79353,254950,151.018829,11/07/2025 09:32:53,0.521,2025-11-07 09:32:53,20.25,0.0,0.0,3.0,20.745098
7251,-33.874916,253404,151.155319,10/22/2025 14:15:27,0.649,2025-10-22 14:15:27,37.5,0.0,0.0,3.0,35.90655
50240,-33.796436,255570,150.987595,11/13/2025 14:11:26,0.094,2025-11-13 14:11:26,30.2,0.0,0.0,3.0,28.683659
74230,-33.724735,255600,151.086151,11/13/2025 15:47:10,0.569,2025-11-13 15:47:10,29.8,0.0,0.0,3.0,29.218407
74230,-33.724735,255600,151.086151,11/13/2025 15:47:10,0.569,2025-11-13 15:47:10,29.8,0.0,0.0,3.0,29.218407
74230,-33.724735,255600,151.086151,11/13/2025 15:47:10,0.569,2025-11-13 15:47:10,29.8,0.0,0.0,3.0,29.218407
74230,-33.724735,255600,151.086151,11/13/2025 15:47:10,0.569,2025-11-13 15:47:10,29.8,0.0,0.0,3.0,29.218407
53004,-33.75317,255907,151.151077,11/17/2025 07:15:59,0.482,2025-11-17 07:15:59,17.5,0.0,0.0,3.0,15.619343
55049,-33.729507,256007,151.30011,11/17/2025 21:03:37,0.819,2025-11-17 21:03:37,19.05,0.0,0.0,3.0,16.058882
T0288,-33.455536,256079,151.205093,11/18/2025 15:03:49,0.074,2025-11-18 15:03:49,27.15,0.0,0.0,0.0,28.292236
T0289,-33.455235,256079,151.205383,11/18/2025 15:03:49,0.117,2025-11-18 15:03:49,27.15,0.0,0.0,0.0,28.292236
T0290,-33.454796,256079,151.205872,11/18/2025 15:03:49,0.184,2025-11-18 15:03:49,27.15,0.0,0.0,0.0,28.292236
T0479-PR,-33.454525,256079,151.206726,11/18/2025 15:03:49,0.262,2025-11-18 15:03:49,27.15,0.0,0.0,0.0,28.292236
7179,-33.817272,256652,150.962784,11/23/2025 22:42:15,0.193,2025-11-23 22:42:15,19.85,0.0,0.0,0.0,21.280474
7274,-33.779202,257386,150.814102,11/28/2025 11:53:30,0.05,2025-11-28 11:53:30,26.85,0.0,0.0,2.0,27.331814
7184,-33.772957,254469,151.135391,11/01/2025 15:47:59,0.072,2025-11-01 15:47:59,22.8,0.1,0.1,51.0,23.159632
7120,-33.886311,254535,151.217911,11/02/2025 20:09:47,0.132,2025-11-02 20:09:47,19.2,0.0,0.0,3.0,20.829836
7121,-33.886032,254535,151.218079,11/02/2025 20:09:47,0.099,2025-11-02 20:09:47,19.2,0.0,0.0,3.0,20.829836
33014,-33.806141,254723,151.17952,11/04/2025 17:20:29,0.233,2025-11-04 17:20:29,19.9,0.0,0.0,0.0,15.054272
F3FWY006,-33.395744,255184,151.297058,11/09/2025 19:38:08,0.75,2025-11-09 19:38:08,14.9965,0.0,0.0,0.0,13.13522
68025,-33.816696,255199,150.976623,11/10/2025 08:17:01,0.377,2025-11-10 08:17:01,16.6,0.0,0.0,0.0,16.046017
T0288,-33.455536,255833,151.205093,11/16/2025 00:05:39,0.169,2025-11-16 00:05:39,18.65,0.0,0.0,0.0,20.738602
T0289,-33.455235,255833,151.205383,11/16/2025 00:05:39,0.127,2025-11-16 00:05:39,18.65,0.0,0.0,0.0,20.738602
T0290,-33.454796,255833,151.205872,11/16/2025 00:05:39,0.06,2025-11-16 00:05:39,18.65,0.0,0.0,0.0,20.738602
T0479-PR,-33.454525,255833,151.206726,11/16/2025 00:05:39,0.037,2025-11-16 00:05:39,18.65,0.0,0.0,0.0,20.738602
50240,-33.796436,256019,150.987595,11/18/2025 06:10:48,0.411,2025-11-18 06:10:48,13.3,0.0,0.0,0.0,11.0905285
7120,-33.886311,256427,151.217911,11/21/2025 11:33:35,0.625,2025-11-21 11:33:35,17.35,1.0,1.0,55.0,15.611263
7121,-33.886032,256427,151.218079,11/21/2025 11:33:35,0.596,2025-11-21 11:33:35,17.35,1.0,1.0,55.0,15.611263
7153,-33.8651123046875,256680,151.041610717773,11/24/2025 08:01:05,0.026,2025-11-24 08:01:05,20.0,0.0,0.0,0.0,21.131517
10011,-33.876652,256862,151.230606,11/25/2025 14:35:23,0.115,2025-11-25 14:35:23,27.1,0.0,0.0,3.0,31.114826
7139,-33.876884,256862,151.228683,11/25/2025 14:35:23,0.294,2025-11-25 14:35:23,27.1,0.0,0.0,3.0,31.114826
7132,-33.953056,256881,151.137482,11/25/2025 15:53:08,0.034,2025-11-25 15:53:08,25.95,0.0,0.0,3.0,27.442793
47024,-33.83889,257292,151.029022,11/27/2025 18:29:56,0.261,2025-11-27 18:29:56,31.2,0.0,0.0,0.0,27.194578
57025,-33.725773,253250,151.219788,10/21/2025 10:38:09,0.349,2025-10-21 10:38:09,21.6075,0.0,0.0,0.0,22.068647
7168,-33.798195,254826,150.897125,11/06/2025 04:14:17,0.088,2025-11-06 04:14:17,12.95,0.0,0.0,0.0,11.962431
7112,-33.843338,255214,151.043411,11/10/2025 09:35:54,0.479,2025-11-10 09:35:54,18.85,0.0,0.0,1.0,18.137806
74228,-33.723019,248003,151.036606,09/02/2025 16:26:48,0.315,2025-09-02 16:26:48,16.6,0.0,0.0,0.0,14.539101
22001,-33.825577,256041,151.233261,11/18/2025 08:55:47,0.255,2025-11-18 08:55:47,17.75,0.0,0.0,0.0,14.77326
7112,-33.843338,256560,151.043411,11/22/2025 17:40:47,0.808,2025-11-22 17:40:47,21.4,0.1,0.1,51.0,21.83574
7112,-33.843338,256560,151.043411,11/22/2025 17:40:47,0.808,2025-11-22 17:40:47,21.4,0.1,0.1,51.0,21.83574
7112,-33.843338,256560,151.043411,11/22/2025 17:40:47,0.808,2025-11-22 17:40:47,21.4,0.1,0.1,51.0,21.83574
7112,-33.843338,256560,151.043411,11/22/2025 17:40:47,0.808,2025-11-22 17:40:47,21.4,0.1,0.1,51.0,21.83574
7112,-33.843338,256560,151.043411,11/22/2025 17:40:47,0.808,2025-11-22 17:40:47,21.4,0.1,0.1,51.0,21.83574
7119-PR,-33.817974,256823,150.981827,11/25/2025 09:54:08,0.113,2025-11-25 09:54:08,22.3,0.0,0.0,0.0,24.179989
53004,-33.75317,256936,151.151077,11/26/2025 06:25:59,0.394,2025-11-26 06:25:59,20.25,0.0,0.0,0.0,20.34982
53004,-33.75317,257286,151.151077,11/27/2025 18:04:15,0.05,2025-11-27 18:04:15,30.6,0.0,0.0,0.0,27.31062
7132,-33.953056,257658,151.137482,11/30/2025 17:49:14,0.915,2025-11-30 17:49:14,26.0,0.0,0.0,2.0,20.546717
53003,-33.729225,255517,151.122208,11/13/2025 07:15:29,0.507,2025-11-13 07:15:29,11.45,0.0,0.0,0.0,9.552898
9836-PR,-33.819687,255618,151.117416,11/13/2025 18:05:13,0.517,2025-11-13 18:05:13,21.35,0.0,0.0,3.0,19.599707
7179,-33.817272,255691,150.962784,11/14/2025 11:41:47,0.191,2025-11-14 11:41:47,22.9,0.0,0.0,0.0,24.529703
74230,-33.724735,255975,151.086151,11/17/2025 14:56:17,0.581,2025-11-17 14:56:17,21.2,0.0,0.0,3.0,16.267073
33014,-33.806141,256152,151.17952,11/19/2025 09:21:35,0.567,2025-11-19 09:21:35,22.25,0.0,0.0,0.0,21.683813
7153,-33.8651123046875,256680,151.041610717773,11/24/2025 08:01:05,0.026,2025-11-24 08:01:05,20.0,0.0,0.0,0.0,21.131517
7153,-33.8651123046875,256680,151.041610717773,11/24/2025 08:01:05,0.026,2025-11-24 08:01:05,20.0,0.0,0.0,0.0,21.131517
29005,-33.824696,256789,151.093216,11/24/2025 22:59:20,0.172,2025-11-24 22:59:20,17.7,0.0,0.0,3.0,19.117374
7159,-33.888157,255658,150.922974,11/14/2025 09:27:20,0.507,2025-11-14 09:27:20,19.6,0.1,0.1,51.0,19.516586
7132,-33.953056,251321,151.137482,10/02/2025 09:08:57,0.811,2025-10-02 09:08:57,20.65,0.0,0.0,0.0,17.132248
7132,-33.953056,251321,151.137482,10/02/2025 09:08:57,0.811,2025-10-02 09:08:57,20.65,0.0,0.0,0.0,17.132248
7132,-33.953056,251321,151.137482,10/02/2025 09:08:57,0.811,2025-10-02 09:08:57,20.65,0.0,0.0,0.0,17.132248
7132,-33.953056,251321,151.137482,10/02/2025 09:08:57,0.811,2025-10-02 09:08:57,20.65,0.0,0.0,0.0,17.132248
7150,-33.724922,255305,150.977127,11/11/2025 08:29:35,0.023,2025-11-11 08:29:35,16.5,0.0,0.0,3.0,16.177385
74230,-33.724735,255600,151.086151,11/13/2025 15:47:10,0.569,2025-11-13 15:47:10,29.8,0.0,0.0,3.0,29.218407
74230,-33.724735,255600,151.086151,11/13/2025 15:47:10,0.569,2025-11-13 15:47:10,29.8,0.0,0.0,3.0,29.218407
74230,-33.724735,255600,151.086151,11/13/2025 15:47:10,0.569,2025-11-13 15:47:10,29.8,0.0,0.0,3.0,29.218407
7132,-33.953056,255929,151.137482,11/17/2025 09:57:22,0.022,2025-11-17 09:57:22,19.35,0.0,0.0,3.0,15.41474
7132,-33.953056,255929,151.137482,11/17/2025 09:57:22,0.022,2025-11-17 09:57:22,19.35,0.0,0.0,3.0,15.41474
74229,-33.760658,256053,151.07962,11/18/2025 09:54:19,0.25,2025-11-18 09:54:19,19.2,0.0,0.0,0.0,16.561224
7168,-33.798195,256112,150.897125,11/18/2025 17:41:19,0.035,2025-11-18 17:41:19,29.7,0.0,0.0,0.0,27.480667
7168,-33.798195,256112,150.897125,11/18/2025 17:41:19,0.035,2025-11-18 17:41:19,29.7,0.0,0.0,0.0,27.480667
74229,-33.760658,256053,151.07962,11/18/2025 09:54:19,0.25,2025-11-18 09:54:19,19.2,0.0,0.0,0.0,16.561224
7162,-34.045811,257241,151.133041,11/27/2025 14:15:33,0.685,2025-11-27 14:15:33,30.1,0.0,0.0,0.0,29.266487
7162,-34.045811,257241,151.133041,11/27/2025 14:15:33,0.685,2025-11-27 14:15:33,30.1,0.0,0.0,0.0,29.266487
74230,-33.724735,257465,151.086151,11/28/2025 16:45:52,0.443,2025-11-28 16:45:52,31.15,0.0,0.0,3.0,30.728863
7179,-33.817272,257591,150.962784,11/29/2025 17:14:25,0.434,2025-11-29 17:14:25,27.4,0.0,0.0,0.0,23.106062
F3FWY004,-33.496265,254520,151.187408,11/02/2025 14:38:52,0.045,2025-11-02 14:38:52,21.75,0.0,0.0,3.0,23.337112
F3FWY003,-33.560299,254565,151.192551,11/03/2025 09:56:29,0.159,2025-11-03 09:56:29,20.65,0.0,0.0,3.0,22.73198
7119-PR,-33.817974,255047,150.981827,11/07/2025 17:05:58,0.012,2025-11-07 17:05:58,28.35,0.0,0.0,3.0,27.084278
7119-PR,-33.817974,255047,150.981827,11/07/2025 17:05:58,0.012,2025-11-07 17:05:58,28.35,0.0,0.0,3.0,27.084278
7120,-33.886311,255379,151.217911,11/11/2025 18:05:06,0.062,2025-11-11 18:05:06,23.95,0.0,0.0,0.0,17.91175
7121,-33.886032,255379,151.218079,11/11/2025 18:05:06,0.035,2025-11-11 18:05:06,23.95,0.0,0.0,0.0,17.91175
7179,-33.817272,255844,150.962784,11/16/2025 09:57:00,0.073,2025-11-16 09:57:00,24.05,0.0,0.0,1.0,22.921679
7179,-33.817272,255844,150.962784,11/16/2025 09:57:00,0.073,2025-11-16 09:57:00,24.05,0.0,0.0,1.0,22.921679
22001,-33.825577,256247,151.233261,11/20/2025 07:27:01,0.488,2025-11-20 07:27:01,18.1,0.0,0.0,3.0,18.857637
F3FWY003,-33.560299,256465,151.192551,11/21/2025 16:02:34,0.114,2025-11-21 16:02:34,17.95,0.2,0.2,51.0,17.064598
7112,-33.843338,257511,151.043411,11/29/2025 06:26:25,0.086,2025-11-29 06:26:25,20.4,0.0,0.0,3.0,21.294739
9658,-33.79353,257657,151.018829,11/30/2025 17:40:24,0.55,2025-11-30 17:40:24,25.4,0.0,0.0,0.0,20.068758
74229,-33.760658,254946,151.07962,11/07/2025 08:49:35,0.233,2025-11-07 08:49:35,17.95,0.0,0.0,3.0,18.624228
55049,-33.729507,255128,151.30011,11/08/2025 15:58:51,0.819,2025-11-08 15:58:51,29.7,0.6,0.6,53.0,31.23492
55049,-33.729507,255128,151.30011,11/08/2025 15:58:51,0.819,2025-11-08 15:58:51,29.7,0.6,0.6,53.0,31.23492
33014,-33.806141,255422,151.17952,11/12/2025 08:51:22,0.59,2025-11-12 08:51:22,13.0,0.0,0.0,0.0,9.408124
33014,-33.806141,255422,151.17952,11/12/2025 08:51:22,0.59,2025-11-12 08:51:22,13.0,0.0,0.0,0.0,9.408124
74230,-33.724735,255653,151.086151,11/14/2025 08:51:04,0.396,2025-11-14 08:51:04,17.05,0.0,0.0,1.0,16.31502
74229,-33.760658,255854,151.07962,11/16/2025 11:47:25,0.354,2025-11-16 11:47:25,26.9,0.0,0.0,0.0,28.719536
74229,-33.760658,255854,151.07962,11/16/2025 11:47:25,0.354,2025-11-16 11:47:25,26.9,0.0,0.0,0.0,28.719536
74229,-33.760658,255854,151.07962,11/16/2025 11:47:25,0.354,2025-11-16 11:47:25,26.9,0.0,0.0,0.0,28.719536
74229,-33.760658,255854,151.07962,11/16/2025 11:47:25,0.354,2025-11-16 11:47:25,26.9,0.0,0.0,0.0,28.719536
74229,-33.760658,255854,151.07962,11/16/2025 11:47:25,0.354,2025-11-16 11:47:25,26.9,0.0,0.0,0.0,28.719536
74229,-33.760658,255854,151.07962,11/16/2025 11:47:25,0.354,2025-11-16 11:47:25,26.9,0.0,0.0,0.0,28.719536
74229,-33.760658,255854,151.07962,11/16/2025 11:47:25,0.354,2025-11-16 11:47:25,26.9,0.0,0.0,0.0,28.719536
74229,-33.760658,255854,151.07962,11/16/2025 11:47:25,0.354,2025-11-16 11:47:25,26.9,0.0,0.0,0.0,28.719536
53004,-33.75317,256591,151.151077,11/22/2025 23:41:32,0.14,2025-11-22 23:41:32,18.95,0.0,0.0,3.0,21.339596
53004,-33.75317,256591,151.151077,11/22/2025 23:41:32,0.14,2025-11-22 23:41:32,18.95,0.0,0.0,3.0,21.339596
53004,-33.75317,256591,151.151077,11/22/2025 23:41:32,0.17,2025-11-22 23:41:32,18.95,0.0,0.0,3.0,21.339596
53004,-33.75317,256591,151.151077,11/22/2025 23:41:32,0.17,2025-11-22 23:41:32,18.95,0.0,0.0,3.0,21.339596
7163,-33.865181,256949,151.171997,11/26/2025 08:07:10,0.63,2025-11-26 08:07:10,25.15,0.0,0.0,0.0,25.843985
53004,-33.75317,253985,151.151077,10/28/2025 14:06:40,0.422,2025-10-28 14:06:40,15.3,0.0,0.0,3.0,12.423252
68025,-33.816696,254425,150.976623,11/01/2025 06:54:06,0.347,2025-11-01 06:54:06,15.2,0.0,0.0,0.0,16.128067
68025,-33.816696,254425,150.976623,11/01/2025 06:54:06,0.347,2025-11-01 06:54:06,15.2,0.0,0.0,0.0,16.128067
68025,-33.816696,254425,150.976623,11/01/2025 06:54:06,0.347,2025-11-01 06:54:06,15.2,0.0,0.0,0.0,16.128067
68025,-33.816696,254425,150.976623,11/01/2025 06:54:06,0.347,2025-11-01 06:54:06,15.2,0.0,0.0,0.0,16.128067
68025,-33.816696,254425,150.976623,11/01/2025 06:54:06,0.347,2025-11-01 06:54:06,15.2,0.0,0.0,0.0,16.128067
7251,-33.874916,254748,151.155319,11/05/2025 09:13:12,0.065,2025-11-05 09:13:12,16.95,0.0,0.0,0.0,13.887978
F3FWY003,-33.560299,254982,151.192551,11/07/2025 12:45:30,0.08,2025-11-07 12:45:30,27.55,0.0,0.0,3.0,29.44382
53004,-33.75317,255280,151.151077,11/10/2025 18:31:15,0.184,2025-11-10 18:31:15,20.0,0.0,0.0,0.0,17.88913
53004,-33.75317,255280,151.151077,11/10/2025 18:31:15,0.184,2025-11-10 18:31:15,20.0,0.0,0.0,0.0,17.88913
53004,-33.75317,255280,151.151077,11/10/2025 18:31:15,0.184,2025-11-10 18:31:15,20.0,0.0,0.0,0.0,17.88913
10011,-33.876652,255476,151.230606,11/12/2025 16:08:13,0.256,2025-11-12 16:08:13,19.1,0.0,0.0,0.0,15.928963
7139,-33.876884,255476,151.228683,11/12/2025 16:08:13,0.078,2025-11-12 16:08:13,19.1,0.0,0.0,0.0,15.928963
F3FWY001,-33.694206,255482,151.121323,11/12/2025 16:40:18,0.093,2025-11-12 16:40:18,19.65,0.0,0.0,0.0,17.455357
F3FWY001,-33.694206,255482,151.121323,11/12/2025 16:40:18,0.093,2025-11-12 16:40:18,19.65,0.0,0.0,0.0,17.455357
53003,-33.729225,255733,151.122208,11/14/2025 15:42:50,0.018,2025-11-14 15:42:50,22.35,0.0,0.0,1.0,23.1969
53003,-33.729225,255733,151.122208,11/14/2025 15:42:50,0.018,2025-11-14 15:42:50,22.35,0.0,0.0,1.0,23.1969
50240,-33.796436,255779,150.987595,11/15/2025 07:13:46,0.674,2025-11-15 07:13:46,18.65,0.0,0.0,3.0,20.069153
50240,-33.796436,255779,150.987595,11/15/2025 07:13:46,0.674,2025-11-15 07:13:46,18.65,0.0,0.0,3.0,20.069153
7112,-33.843338,254444,151.043411,11/01/2025 10:58:51,0.226,2025-11-01 10:58:51,21.3,0.0,0.0,2.0,23.258177
7248,-33.906151,255034,151.040207,11/07/2025 16:00:55,0.383,2025-11-07 16:00:55,31.45,0.0,0.0,3.0,31.096375
7163,-33.865181,255262,151.171997,11/10/2025 15:21:54,0.406,2025-11-10 15:21:54,20.4,0.0,0.0,0.0,19.146923
7163,-33.865181,255262,151.171997,11/10/2025 15:21:54,0.406,2025-11-10 15:21:54,20.4,0.0,0.0,0.0,19.146923
7163,-33.865181,256147,151.171997,11/19/2025 08:43:30,0.365,2025-11-19 08:43:30,19.0,0.0,0.0,0.0,18.684937
7274,-33.779202,256248,150.814102,11/20/2025 07:28:24,0.095,2025-11-20 07:28:24,17.6,0.0,0.0,3.0,18.313608
7274,-33.779202,256248,150.814102,11/20/2025 07:28:24,0.095,2025-11-20 07:28:24,17.6,0.0,0.0,3.0,18.313608
F3FWY003,-33.560299,256286,151.192551,11/20/2025 13:11:25,0.139,2025-11-20 13:11:25,24.95,0.0,0.0,3.0,27.316833
7112,-33.843338,256609,151.043411,11/23/2025 09:02:25,0.042,2025-11-23 09:02:25,20.6,0.0,0.0,3.0,23.313763
7112,-33.843338,256609,151.043411,11/23/2025 09:02:25,0.042,2025-11-23 09:02:25,20.6,0.0,0.0,3.0,23.313763
34016,-33.778187,256641,151.267136,11/23/2025 18:16:08,0.129,2025-11-23 18:16:08,22.7,0.0,0.0,1.0,24.44029
34016,-33.778187,256641,151.267136,11/23/2025 18:16:08,0.129,2025-11-23 18:16:08,22.7,0.0,0.0,1.0,24.44029
34016,-33.778187,256641,151.267136,11/23/2025 18:16:08,0.129,2025-11-23 18:16:08,22.7,0.0,0.0,1.0,24.44029
34016,-33.778187,256641,151.267136,11/23/2025 18:16:08,0.205,2025-11-23 18:16:08,22.7,0.0,0.0,1.0,24.44029
7112,-33.843338,256897,151.043411,11/25/2025 17:09:36,0.073,2025-11-25 17:09:36,30.2,0.0,0.0,3.0,32.50477
7112,-33.843338,256897,151.043411,11/25/2025 17:09:36,0.073,2025-11-25 17:09:36,30.2,0.0,0.0,3.0,32.50477
7120,-33.886311,254550,151.217911,11/03/2025 07:12:36,0.146,2025-11-03 07:12:36,18.35,0.0,0.0,3.0,20.46184
7121,-33.886032,254550,151.218079,11/03/2025 07:12:36,0.157,2025-11-03 07:12:36,18.35,0.0,0.0,3.0,20.46184
7120,-33.886311,254550,151.217911,11/03/2025 07:12:36,0.146,2025-11-03 07:12:36,18.35,0.0,0.0,3.0,20.46184
7121,-33.886032,254550,151.218079,11/03/2025 07:12:36,0.157,2025-11-03 07:12:36,18.35,0.0,0.0,3.0,20.46184
T0288,-33.455536,254695,151.205093,11/04/2025 12:37:05,0.125,2025-11-04 12:37:05,21.8,0.0,0.0,2.0,18.343412
T0289,-33.455235,254695,151.205383,11/04/2025 12:37:05,0.084,2025-11-04 12:37:05,21.8,0.0,0.0,2.0,18.343412
T0290,-33.454796,254695,151.205872,11/04/2025 12:37:05,0.026,2025-11-04 12:37:05,21.8,0.0,0.0,2.0,18.343412
T0479-PR,-33.454525,254695,151.206726,11/04/2025 12:37:05,0.063,2025-11-04 12:37:05,21.8,0.0,0.0,2.0,18.343412
53004,-33.75317,254814,151.151077,11/05/2025 17:50:31,0.468,2025-11-05 17:50:31,24.95,0.0,0.0,0.0,23.056116
F3FWY003,-33.560299,255402,151.192551,11/12/2025 06:48:09,0.283,2025-11-12 06:48:09,9.7,0.0,0.0,0.0,6.573452
F3FWY003,-33.560299,255402,151.192551,11/12/2025 06:48:09,0.283,2025-11-12 06:48:09,9.7,0.0,0.0,0.0,6.573452
F3FWY003,-33.560299,255402,151.192551,11/12/2025 06:48:09,0.121,2025-11-12 06:48:09,9.7,0.0,0.0,0.0,6.573452
F3FWY003,-33.560299,255402,151.192551,11/12/2025 06:48:09,0.121,2025-11-12 06:48:09,9.7,0.0,0.0,0.0,6.573452
F3FWY003,-33.560299,255402,151.192551,11/12/2025 06:48:09,0.121,2025-11-12 06:48:09,9.7,0.0,0.0,0.0,6.573452
47024,-33.83889,255444,151.029022,11/12/2025 12:06:10,0.225,2025-11-12 12:06:10,20.65,0.0,0.0,0.0,20.092838
47024,-33.83889,255444,151.029022,11/12/2025 12:06:10,0.225,2025-11-12 12:06:10,20.65,0.0,0.0,0.0,20.092838
47024,-33.83889,255444,151.029022,11/12/2025 12:06:10,0.225,2025-11-12 12:06:10,20.65,0.0,0.0,0.0,20.092838
47024,-33.83889,255444,151.029022,11/12/2025 12:06:10,0.225,2025-11-12 12:06:10,20.65,0.0,0.0,0.0,20.092838
74230,-33.724735,255814,151.086151,11/15/2025 16:31:33,0.613,2025-11-15 16:31:33,26.75,0.0,0.0,3.0,26.42778
74230,-33.724735,255814,151.086151,11/15/2025 16:31:33,0.613,2025-11-15 16:31:33,26.75,0.0,0.0,3.0,26.42778
74230,-33.724735,255814,151.086151,11/15/2025 16:31:33,0.613,2025-11-15 16:31:33,26.75,0.0,0.0,3.0,26.42778
33014,-33.806141,257416,151.17952,11/28/2025 13:51:27,0.747,2025-11-28 13:51:27,29.8,0.0,0.0,2.0,30.943462
7179,-33.817272,257578,150.962784,11/29/2025 15:02:22,0.137,2025-11-29 15:02:22,28.8,0.2,0.2,51.0,26.59388
23067,-33.934475,254934,151.15831,11/07/2025 06:24:58,0.537,2025-11-07 06:24:58,17.3,0.0,0.0,3.0,17.846222
23067,-33.934475,254934,151.15831,11/07/2025 06:24:58,0.537,2025-11-07 06:24:58,17.3,0.0,0.0,3.0,17.846222
23067,-33.934475,254934,151.15831,11/07/2025 06:24:58,0.537,2025-11-07 06:24:58,17.3,0.0,0.0,3.0,17.846222
7161,-33.740406,255095,151.060989,11/08/2025 09:32:51,0.341,2025-11-08 09:32:51,22.7,1.4,1.4,61.0,22.415619
7126,-34.035271,255387,151.113007,11/11/2025 21:54:47,0.691,2025-11-11 21:54:47,14.55,0.0,0.0,0.0,11.17711
7126,-34.035271,255387,151.113007,11/11/2025 21:54:47,0.691,2025-11-11 21:54:47,14.55,0.0,0.0,0.0,11.17711
7126,-34.035271,255387,151.113007,11/11/2025 21:54:47,0.691,2025-11-11 21:54:47,14.55,0.0,0.0,0.0,11.17711
7126,-34.035271,255387,151.113007,11/11/2025 21:54:47,0.691,2025-11-11 21:54:47,14.55,0.0,0.0,0.0,11.17711
7112,-33.843338,256560,151.043411,11/22/2025 17:40:47,0.808,2025-11-22 17:40:47,21.4,0.1,0.1,51.0,21.83574
7112,-33.843338,256560,151.043411,11/22/2025 17:40:47,0.808,2025-11-22 17:40:47,21.4,0.1,0.1,51.0,21.83574
7112,-33.843338,256560,151.043411,11/22/2025 17:40:47,0.808,2025-11-22 17:40:47,21.4,0.1,0.1,51.0,21.83574
7112,-33.843338,256560,151.043411,11/22/2025 17:40:47,0.808,2025-11-22 17:40:47,21.4,0.1,0.1,51.0,21.83574
7162,-34.045811,255472,151.133041,11/12/2025 15:43:54,0.023,2025-11-12 15:43:54,18.1,0.0,0.0,0.0,15.863697
7162,-34.045811,255472,151.133041,11/12/2025 15:43:54,0.023,2025-11-12 15:43:54,18.1,0.0,0.0,0.0,15.863697
7162,-34.045811,255472,151.133041,11/12/2025 15:43:54,0.023,2025-11-12 15:43:54,18.1,0.0,0.0,0.0,15.863697
7162,-34.045811,255472,151.133041,11/12/2025 15:43:54,0.023,2025-11-12 15:43:54,18.1,0.0,0.0,0.0,15.863697
7112,-33.843338,255563,151.043411,11/13/2025 13:12:42,0.452,2025-11-13 13:12:42,29.7,0.0,0.0,3.0,29.824604
7112,-33.843338,255563,151.043411,11/13/2025 13:12:42,0.452,2025-11-13 13:12:42,29.7,0.0,0.0,3.0,29.824604
7112,-33.843338,255563,151.043411,11/13/2025 13:12:42,0.056,2025-11-13 13:12:42,29.7,0.0,0.0,3.0,29.824604
7112,-33.843338,255563,151.043411,11/13/2025 13:12:42,0.056,2025-11-13 13:12:42,29.7,0.0,0.0,3.0,29.824604
7112,-33.843338,255563,151.043411,11/13/2025 13:12:42,0.056,2025-11-13 13:12:42,29.7,0.0,0.0,3.0,29.824604
33014,-33.806141,255580,151.17952,11/13/2025 14:32:25,0.345,2025-11-13 14:32:25,25.9,0.0,0.0,3.0,25.644146
7112,-33.843338,255563,151.043411,11/13/2025 13:12:42,0.056,2025-11-13 13:12:42,29.7,0.0,0.0,3.0,29.824604
7112,-33.843338,255563,151.043411,11/13/2025 13:12:42,0.056,2025-11-13 13:12:42,29.7,0.0,0.0,3.0,29.824604
7112,-33.843338,255563,151.043411,11/13/2025 13:12:42,0.056,2025-11-13 13:12:42,29.7,0.0,0.0,3.0,29.824604
7112,-33.843338,255563,151.043411,11/13/2025 13:12:42,0.198,2025-11-13 13:12:42,29.7,0.0,0.0,3.0,29.824604
7112,-33.843338,255563,151.043411,11/13/2025 13:12:42,0.198,2025-11-13 13:12:42,29.7,0.0,0.0,3.0,29.824604
7112,-33.843338,255563,151.043411,11/13/2025 13:12:42,0.198,2025-11-13 13:12:42,29.7,0.0,0.0,3.0,29.824604
7120,-33.886311,256351,151.217911,11/20/2025 19:00:07,0.027,2025-11-20 19:00:07,19.8,0.0,0.0,3.0,18.617369
7121,-33.886032,256351,151.218079,11/20/2025 19:00:07,0.008,2025-11-20 19:00:07,19.8,0.0,0.0,3.0,18.617369
23067,-33.934475,256664,151.15831,11/24/2025 06:12:44,0.233,2025-11-24 06:12:44,18.0,0.0,0.0,0.0,18.571836
23067,-33.934475,256664,151.15831,11/24/2025 06:12:44,0.233,2025-11-24 06:12:44,18.0,0.0,0.0,0.0,18.571836
23067,-33.934475,256664,151.15831,11/24/2025 06:12:44,0.233,2025-11-24 06:12:44,18.0,0.0,0.0,0.0,18.571836
23067,-33.934475,256664,151.15831,11/24/2025 06:12:44,0.233,2025-11-24 06:12:44,18.0,0.0,0.0,0.0,18.571836
23067,-33.934475,256664,151.15831,11/24/2025 06:12:44,0.233,2025-11-24 06:12:44,18.0,0.0,0.0,0.0,18.571836
23067,-33.934475,256664,151.15831,11/24/2025 06:12:44,0.233,2025-11-24 06:12:44,18.0,0.0,0.0,0.0,18.571836
23067,-33.934475,256677,151.15831,11/24/2025 07:36:24,0.287,2025-11-24 07:36:24,18.95,0.0,0.0,0.0,19.26993
9658,-33.79353,256931,151.018829,11/26/2025 05:00:23,0.203,2025-11-26 05:00:23,20.3,0.0,0.0,0.0,21.322828
9658,-33.79353,256931,151.018829,11/26/2025 05:00:23,0.203,2025-11-26 05:00:23,20.3,0.0,0.0,0.0,21.322828
53004,-33.75317,256962,151.151077,11/26/2025 09:49:36,0.462,2025-11-26 09:49:36,27.7,0.0,0.0,0.0,27.785366
53004,-33.75317,256962,151.151077,11/26/2025 09:49:36,0.462,2025-11-26 09:49:36,27.7,0.0,0.0,0.0,27.785366
9658,-33.79353,257082,151.018829,11/26/2025 16:10:44,0.31,2025-11-26 16:10:44,32.1,0.0,0.0,1.0,30.621685
T0288,-33.455536,257371,151.205093,11/28/2025 11:03:01,0.017,2025-11-28 11:03:01,26.3,0.0,0.0,1.0,26.34133
T0289,-33.455235,257371,151.205383,11/28/2025 11:03:01,0.042,2025-11-28 11:03:01,26.3,0.0,0.0,1.0,26.34133
T0290,-33.454796,257371,151.205872,11/28/2025 11:03:01,0.105,2025-11-28 11:03:01,26.3,0.0,0.0,1.0,26.34133
T0479-PR,-33.454525,257371,151.206726,11/28/2025 11:03:01,0.181,2025-11-28 11:03:01,26.3,0.0,0.0,1.0,26.34133
T0288,-33.455536,257371,151.205093,11/28/2025 11:03:01,0.017,2025-11-28 11:03:01,26.3,0.0,0.0,1.0,26.34133
T0289,-33.455235,257371,151.205383,11/28/2025 11:03:01,0.042,2025-11-28 11:03:01,26.3,0.0,0.0,1.0,26.34133
T0290,-33.454796,257371,151.205872,11/28/2025 11:03:01,0.105,2025-11-28 11:03:01,26.3,0.0,0.0,1.0,26.34133
T0479-PR,-33.454525,257371,151.206726,11/28/2025 11:03:01,0.181,2025-11-28 11:03:01,26.3,0.0,0.0,1.0,26.34133
T0288,-33.455536,257371,151.205093,11/28/2025 11:03:01,0.017,2025-11-28 11:03:01,26.3,0.0,0.0,1.0,26.34133
T0289,-33.455235,257371,151.205383,11/28/2025 11:03:01,0.042,2025-11-28 11:03:01,26.3,0.0,0.0,1.0,26.34133
T0290,-33.454796,257371,151.205872,11/28/2025 11:03:01,0.105,2025-11-28 11:03:01,26.3,0.0,0.0,1.0,26.34133
T0479-PR,-33.454525,257371,151.206726,11/28/2025 11:03:01,0.181,2025-11-28 11:03:01,26.3,0.0,0.0,1.0,26.34133
23067,-33.934475,254191,151.15831,10/30/2025 10:11:11,0.507,2025-10-30 10:11:11,18.95,0.0,0.0,1.0,20.527962
23067,-33.934475,254191,151.15831,10/30/2025 10:11:11,0.507,2025-10-30 10:11:11,18.95,0.0,0.0,1.0,20.527962
23067,-33.934475,254191,151.15831,10/30/2025 10:11:11,0.507,2025-10-30 10:11:11,18.95,0.0,0.0,1.0,20.527962
7120,-33.886311,255656,151.217911,11/14/2025 09:20:37,0.068,2025-11-14 09:20:37,18.8,0.2,0.2,51.0,17.713772
7121,-33.886032,255656,151.218079,11/14/2025 09:20:37,0.101,2025-11-14 09:20:37,18.8,0.2,0.2,51.0,17.713772
7120,-33.886311,255656,151.217911,11/14/2025 09:20:37,0.068,2025-11-14 09:20:37,18.8,0.2,0.2,51.0,17.713772
7121,-33.886032,255656,151.218079,11/14/2025 09:20:37,0.101,2025-11-14 09:20:37,18.8,0.2,0.2,51.0,17.713772
7120,-33.886311,255656,151.217911,11/14/2025 09:20:37,0.068,2025-11-14 09:20:37,18.8,0.2,0.2,51.0,17.713772
7121,-33.886032,255656,151.218079,11/14/2025 09:20:37,0.101,2025-11-14 09:20:37,18.8,0.2,0.2,51.0,17.713772
F3FWY003,-33.560299,255741,151.192551,11/14/2025 16:23:09,0.151,2025-11-14 16:23:09,20.9,0.0,0.0,1.0,20.874184
7270,-33.793304,255900,151.119659,11/17/2025 04:51:46,0.021,2025-11-17 04:51:46,18.9,0.0,0.0,0.0,16.048378
7270,-33.793304,255900,151.119659,11/17/2025 04:51:46,0.021,2025-11-17 04:51:46,18.9,0.0,0.0,0.0,16.048378
29005,-33.824696,256241,151.093216,11/20/2025 05:19:48,0.45,2025-11-20 05:19:48,17.9,0.0,0.0,3.0,19.509071
29005,-33.824696,256241,151.093216,11/20/2025 05:19:48,0.45,2025-11-20 05:19:48,17.9,0.0,0.0,3.0,19.509071
29005,-33.824696,256241,151.093216,11/20/2025 05:19:48,0.45,2025-11-20 05:19:48,17.9,0.0,0.0,3.0,19.509071
51235,-33.81551,256625,151.101105,11/23/2025 13:01:30,0.217,2025-11-23 13:01:30,27.95,0.0,0.0,1.0,32.43509
51235,-33.81551,256625,151.101105,11/23/2025 13:01:30,0.217,2025-11-23 13:01:30,27.95,0.0,0.0,1.0,32.43509
51235,-33.81551,256625,151.101105,11/23/2025 13:01:30,0.217,2025-11-23 13:01:30,27.95,0.0,0.0,1.0,32.43509
51235,-33.81551,256625,151.101105,11/23/2025 13:01:30,0.217,2025-11-23 13:01:30,27.95,0.0,0.0,1.0,32.43509
F3FWY003,-33.560299,255741,151.192551,11/14/2025 16:23:09,0.151,2025-11-14 16:23:09,20.9,0.0,0.0,1.0,20.874184
F3FWY003,-33.560299,255741,151.192551,11/14/2025 16:23:09,0.151,2025-11-14 16:23:09,20.9,0.0,0.0,1.0,20.874184
F3FWY003,-33.560299,255741,151.192551,11/14/2025 16:23:09,0.151,2025-11-14 16:23:09,20.9,0.0,0.0,1.0,20.874184
T0231,-33.838615,256690,151.143753,11/24/2025 09:23:51,0.146,2025-11-24 09:23:51,20.8,0.0,0.0,1.0,20.711548
T0231,-33.838615,256690,151.143753,11/24/2025 09:23:51,0.146,2025-11-24 09:23:51,20.8,0.0,0.0,1.0,20.711548
T0231,-33.838615,256690,151.143753,11/24/2025 09:23:51,0.146,2025-11-24 09:23:51,20.8,0.0,0.0,1.0,20.711548
T0231,-33.838615,256690,151.143753,11/24/2025 09:23:51,0.146,2025-11-24 09:23:51,20.8,0.0,0.0,1.0,20.711548
T0231,-33.838615,256690,151.143753,11/24/2025 09:23:51,0.146,2025-11-24 09:23:51,20.8,0.0,0.0,1.0,20.711548
7126,-34.035271,257486,151.113007,11/28/2025 18:38:38,0.299,2025-11-28 18:38:38,23.05,0.0,0.0,3.0,23.106468
33014,-33.806141,257570,151.17952,11/29/2025 13:35:54,0.595,2025-11-29 13:35:54,32.3,0.0,0.0,1.0,31.680405
7248,-33.906151,257614,151.040207,11/30/2025 04:51:08,0.204,2025-11-30 04:51:08,16.85,0.0,0.0,1.0,17.119314
7248,-33.906151,257614,151.040207,11/30/2025 04:51:08,0.214,2025-11-30 04:51:08,16.85,0.0,0.0,1.0,17.119314
7248,-33.906151,257614,151.040207,11/30/2025 04:51:08,0.214,2025-11-30 04:51:08,16.85,0.0,0.0,1.0,17.119314
7248,-33.906151,257614,151.040207,11/30/2025 04:51:08,0.214,2025-11-30 04:51:08,16.85,0.0,0.0,1.0,17.119314
10011,-33.876652,254665,151.230606,11/04/2025 08:38:41,0.257,2025-11-04 08:38:41,18.15,0.0,0.0,0.0,15.873894
7139,-33.876884,254665,151.228683,11/04/2025 08:38:41,0.431,2025-11-04 08:38:41,18.15,0.0,0.0,0.0,15.873894
10011,-33.876652,254665,151.230606,11/04/2025 08:38:41,0.228,2025-11-04 08:38:41,18.15,0.0,0.0,0.0,15.873894
7139,-33.876884,254665,151.228683,11/04/2025 08:38:41,0.403,2025-11-04 08:38:41,18.15,0.0,0.0,0.0,15.873894
10011,-33.876652,254665,151.230606,11/04/2025 08:38:41,0.228,2025-11-04 08:38:41,18.15,0.0,0.0,0.0,15.873894
7139,-33.876884,254665,151.228683,11/04/2025 08:38:41,0.403,2025-11-04 08:38:41,18.15,0.0,0.0,0.0,15.873894
10011,-33.876652,254665,151.230606,11/04/2025 08:38:41,0.228,2025-11-04 08:38:41,18.15,0.0,0.0,0.0,15.873894
7139,-33.876884,254665,151.228683,11/04/2025 08:38:41,0.403,2025-11-04 08:38:41,18.15,0.0,0.0,0.0,15.873894
55049,-33.729507,254705,151.30011,11/04/2025 14:55:35,0.796,2025-11-04 14:55:35,21.4,0.0,0.0,1.0,16.483732
55049,-33.729507,254705,151.30011,11/04/2025 14:55:35,0.796,2025-11-04 14:55:35,21.4,0.0,0.0,1.0,16.483732
55049,-33.729507,254705,151.30011,11/04/2025 14:55:35,0.796,2025-11-04 14:55:35,21.4,0.0,0.0,1.0,16.483732
55049,-33.729507,254705,151.30011,11/04/2025 14:55:35,0.796,2025-11-04 14:55:35,21.4,0.0,0.0,1.0,16.483732
7251,-33.874916,254561,151.155319,11/03/2025 09:24:09,0.649,2025-11-03 09:24:09,20.85,0.1,0.1,51.0,22.503782
7179,-33.817272,256633,150.962784,11/23/2025 15:00:20,0.202,2025-11-23 15:00:20,29.6,0.0,0.0,0.0,34.152184
7179,-33.817272,256633,150.962784,11/23/2025 15:00:20,0.202,2025-11-23 15:00:20,29.6,0.0,0.0,0.0,34.152184
F3FWY004,-33.496265,256929,151.187408,11/26/2025 03:24:08,0.167,2025-11-26 03:24:08,22.35,0.0,0.0,0.0,21.840414
F3FWY004,-33.496265,256929,151.187408,11/26/2025 03:24:08,0.167,2025-11-26 03:24:08,22.35,0.0,0.0,0.0,21.840414
F3FWY004,-33.496265,256929,151.187408,11/26/2025 03:24:08,0.167,2025-11-26 03:24:08,22.35,0.0,0.0,0.0,21.840414
F3FWY004,-33.496265,256929,151.187408,11/26/2025 03:24:08,0.167,2025-11-26 03:24:08,22.35,0.0,0.0,0.0,21.840414
7120,-33.886311,257172,151.217911,11/27/2025 06:49:09,0.014,2025-11-27 06:49:09,18.45,0.0,0.0,3.0,20.365803
7121,-33.886032,257172,151.218079,11/27/2025 06:49:09,0.031,2025-11-27 06:49:09,18.45,0.0,0.0,3.0,20.365803
7120,-33.886311,257172,151.217911,11/27/2025 06:49:09,0.597,2025-11-27 06:49:09,18.45,0.0,0.0,3.0,20.365803
7121,-33.886032,257172,151.218079,11/27/2025 06:49:09,0.57,2025-11-27 06:49:09,18.45,0.0,0.0,3.0,20.365803
7120,-33.886311,257172,151.217911,11/27/2025 06:49:09,0.597,2025-11-27 06:49:09,18.45,0.0,0.0,3.0,20.365803
7121,-33.886032,257172,151.218079,11/27/2025 06:49:09,0.57,2025-11-27 06:49:09,18.45,0.0,0.0,3.0,20.365803
7120,-33.886311,257172,151.217911,11/27/2025 06:49:09,0.597,2025-11-27 06:49:09,18.45,0.0,0.0,3.0,20.365803
7121,-33.886032,257172,151.218079,11/27/2025 06:49:09,0.57,2025-11-27 06:49:09,18.45,0.0,0.0,3.0,20.365803
72027,-33.740467,257455,150.984421,11/28/2025 16:13:36,0.864,2025-11-28 16:13:36,33.35,0.0,0.0,3.0,32.0162
7184,-33.772957,254633,151.135391,11/03/2025 19:00:37,0.291,2025-11-03 19:00:37,25.75,0.0,0.0,3.0,28.252254
7184,-33.772957,254633,151.135391,11/03/2025 19:00:37,0.291,2025-11-03 19:00:37,25.75,0.0,0.0,3.0,28.252254
7184,-33.772957,254633,151.135391,11/03/2025 19:00:37,0.291,2025-11-03 19:00:37,25.75,0.0,0.0,3.0,28.252254
7184,-33.772957,254633,151.135391,11/03/2025 19:00:37,0.291,2025-11-03 19:00:37,25.75,0.0,0.0,3.0,28.252254
7184,-33.772957,254633,151.135391,11/03/2025 19:00:37,0.291,2025-11-03 19:00:37,25.75,0.0,0.0,3.0,28.252254
7184,-33.772957,254633,151.135391,11/03/2025 19:00:37,0.291,2025-11-03 19:00:37,25.75,0.0,0.0,3.0,28.252254
74229,-33.760658,254905,151.07962,11/06/2025 16:00:13,0.467,2025-11-06 16:00:13,22.55,0.0,0.0,3.0,21.814922
7163,-33.865181,255181,151.171997,11/09/2025 18:50:46,0.366,2025-11-09 18:50:46,17.5,0.0,0.0,0.0,14.707949
7163,-33.865181,255299,151.171997,11/11/2025 07:53:05,0.026,2025-11-11 07:53:05,14.45,0.0,0.0,3.0,13.847664
7270,-33.793304,255607,151.119659,11/13/2025 16:04:01,0.067,2025-11-13 16:04:01,26.65,0.0,0.0,3.0,24.97289
7270,-33.793304,255607,151.119659,11/13/2025 16:04:01,0.067,2025-11-13 16:04:01,26.65,0.0,0.0,3.0,24.97289
68025,-33.816696,256244,150.976623,11/20/2025 06:33:50,0.326,2025-11-20 06:33:50,17.5,0.0,0.0,3.0,18.917452
68025,-33.816696,256244,150.976623,11/20/2025 06:33:50,0.326,2025-11-20 06:33:50,17.5,0.0,0.0,3.0,18.917452
68025,-33.816696,256244,150.976623,11/20/2025 06:33:50,0.326,2025-11-20 06:33:50,17.5,0.0,0.0,3.0,18.917452
68025,-33.816696,256244,150.976623,11/20/2025 06:33:50,0.326,2025-11-20 06:33:50,17.5,0.0,0.0,3.0,18.917452
68025,-33.816696,256244,150.976623,11/20/2025 06:33:50,0.326,2025-11-20 06:33:50,17.5,0.0,0.0,3.0,18.917452
68025,-33.816696,256244,150.976623,11/20/2025 06:33:50,0.368,2025-11-20 06:33:50,17.5,0.0,0.0,3.0,18.917452
7132,-33.953056,256586,151.137482,11/22/2025 22:45:46,0.915,2025-11-22 22:45:46,19.65,0.1,0.1,51.0,21.82459
7132,-33.953056,256586,151.137482,11/22/2025 22:45:46,0.915,2025-11-22 22:45:46,19.65,0.1,0.1,51.0,21.82459
7112,-33.843338,256617,151.043411,11/23/2025 11:47:52,0.244,2025-11-23 11:47:52,24.8,0.0,0.0,1.0,25.720066
74230,-33.724735,256645,151.086151,11/23/2025 21:15:50,0.96,2025-11-23 21:15:50,20.15,0.0,0.0,0.0,21.541426
7120,-33.886311,256776,151.217911,11/24/2025 18:46:01,0.093,2025-11-24 18:46:01,19.9,0.0,0.0,0.0,18.960978
7121,-33.886032,256776,151.218079,11/24/2025 18:46:01,0.093,2025-11-24 18:46:01,19.9,0.0,0.0,0.0,18.960978
23067,-33.934475,256864,151.15831,11/25/2025 15:01:28,0.199,2025-11-25 15:01:28,26.5,0.0,0.0,3.0,28.487572
23067,-33.934475,256864,151.15831,11/25/2025 15:01:28,0.199,2025-11-25 15:01:28,26.5,0.0,0.0,3.0,28.487572
7163,-33.865181,256948,151.171997,11/26/2025 07:56:46,0.52,2025-11-26 07:56:46,22.15,0.0,0.0,0.0,22.67692
10011,-33.876652,257294,151.230606,11/27/2025 18:44:13,0.293,2025-11-27 18:44:13,29.7,0.0,0.0,0.0,27.77428
7139,-33.876884,257294,151.228683,11/27/2025 18:44:13,0.465,2025-11-27 18:44:13,29.7,0.0,0.0,0.0,27.77428
33014,-33.806141,254987,151.17952,11/07/2025 13:33:17,0.572,2025-11-07 13:33:17,28.1,0.0,0.0,3.0,30.210163
7153,-33.8651123046875,255451,151.041610717773,11/12/2025 13:39:58,0.026,2025-11-12 13:39:58,22.35,0.0,0.0,0.0,21.56873
7153,-33.8651123046875,255451,151.041610717773,11/12/2025 13:39:58,0.01,2025-11-12 13:39:58,22.35,0.0,0.0,0.0,21.56873
7153,-33.8651123046875,255451,151.041610717773,11/12/2025 13:39:58,0.01,2025-11-12 13:39:58,22.35,0.0,0.0,0.0,21.56873
7153,-33.8651123046875,255451,151.041610717773,11/12/2025 13:39:58,0.015,2025-11-12 13:39:58,22.35,0.0,0.0,0.0,21.56873
7153,-33.8651123046875,255451,151.041610717773,11/12/2025 13:39:58,0.015,2025-11-12 13:39:58,22.35,0.0,0.0,0.0,21.56873
7153,-33.8651123046875,255451,151.041610717773,11/12/2025 13:39:58,0.015,2025-11-12 13:39:58,22.35,0.0,0.0,0.0,21.56873
7153,-33.8651123046875,255451,151.041610717773,11/12/2025 13:39:58,0.015,2025-11-12 13:39:58,22.35,0.0,0.0,0.0,21.56873
7153,-33.8651123046875,255451,151.041610717773,11/12/2025 13:39:58,0.015,2025-11-12 13:39:58,22.35,0.0,0.0,0.0,21.56873
7153,-33.8651123046875,255451,151.041610717773,11/12/2025 13:39:58,0.015,2025-11-12 13:39:58,22.35,0.0,0.0,0.0,21.56873
7112,-33.843338,255887,151.043411,11/16/2025 20:56:11,0.211,2025-11-16 20:56:11,29.0,0.0,0.0,0.0,24.643833
F3FWY004,-33.496265,256638,151.187408,11/23/2025 16:19:36,0.301,2025-11-23 16:19:36,31.2,0.0,0.0,1.0,31.21233
7251,-33.874916,257143,151.155319,11/26/2025 22:49:22,0.008,2025-11-26 22:49:22,27.4,0.0,0.0,0.0,26.790903
7161,-33.740406,257352,151.060989,11/28/2025 09:16:54,0.081,2025-11-28 09:16:54,20.75,0.0,0.0,1.0,21.172752
7161,-33.740406,257352,151.060989,11/28/2025 09:16:54,0.081,2025-11-28 09:16:54,20.75,0.0,0.0,1.0,21.172752
7161,-33.740406,257484,151.060989,11/28/2025 18:29:49,0.289,2025-11-28 18:29:49,25.05,0.0,0.0,3.0,24.785519
68025,-33.816696,254427,150.976623,11/01/2025 07:25:42,0.29,2025-11-01 07:25:42,16.2,5.2,5.2,63.0,17.167572
68025,-33.816696,254427,150.976623,11/01/2025 07:25:42,0.29,2025-11-01 07:25:42,16.2,5.2,5.2,63.0,17.167572
68025,-33.816696,254427,150.976623,11/01/2025 07:25:42,0.29,2025-11-01 07:25:42,16.2,5.2,5.2,63.0,17.167572
68025,-33.816696,254427,150.976623,11/01/2025 07:25:42,0.29,2025-11-01 07:25:42,16.2,5.2,5.2,63.0,17.167572
68025,-33.816696,254427,150.976623,11/01/2025 07:25:42,0.29,2025-11-01 07:25:42,16.2,5.2,5.2,63.0,17.167572
68025,-33.816696,254427,150.976623,11/01/2025 07:25:42,0.29,2025-11-01 07:25:42,16.2,5.2,5.2,63.0,17.167572
F3FWY002,-33.651676,250489,151.137741,09/24/2025 12:16:39,0.464,2025-09-24 12:16:39,23.25,0.0,0.0,0.0,22.696833
7184,-33.772957,255268,151.135391,11/10/2025 16:33:57,0.038,2025-11-10 16:33:57,20.95,0.0,0.0,0.0,19.366838
51235,-33.81551,256183,151.101105,11/19/2025 14:08:36,0.559,2025-11-19 14:08:36,32.6,0.0,0.0,0.0,33.80988
51235,-33.81551,256183,151.101105,11/19/2025 14:08:36,0.559,2025-11-19 14:08:36,32.6,0.0,0.0,0.0,33.80988
7251,-33.874916,256412,151.155319,11/21/2025 10:26:24,0.08,2025-11-21 10:26:24,18.3,0.4,0.4,51.0,16.997583
7120,-33.886311,256451,151.217911,11/21/2025 14:45:42,0.095,2025-11-21 14:45:42,17.35,0.9,0.9,53.0,15.801794
7121,-33.886032,256451,151.218079,11/21/2025 14:45:42,0.127,2025-11-21 14:45:42,17.35,0.9,0.9,53.0,15.801794
7120,-33.886311,256451,151.217911,11/21/2025 14:45:42,0.095,2025-11-21 14:45:42,17.35,0.9,0.9,53.0,15.801794
7121,-33.886032,256451,151.218079,11/21/2025 14:45:42,0.127,2025-11-21 14:45:42,17.35,0.9,0.9,53.0,15.801794
F3FWY002,-33.651676,250489,151.137741,09/24/2025 12:16:39,0.464,2025-09-24 12:16:39,23.25,0.0,0.0,0.0,22.696833
F3FWY003,-33.560299,256754,151.192551,11/24/2025 15:35:34,0.921,2025-11-24 15:35:34,22.95,0.0,0.0,1.0,23.602724
32029,-33.821175,256790,151.149902,11/24/2025 23:57:52,0.192,2025-11-24 23:57:52,16.9,0.0,0.0,3.0,17.94943
33014,-33.806141,256796,151.17952,11/25/2025 06:31:14,0.706,2025-11-25 06:31:14,17.0,0.0,0.0,0.0,17.659101
51235,-33.81551,256804,151.101105,11/25/2025 07:25:05,0.456,2025-11-25 07:25:05,17.9,0.0,0.0,0.0,18.905773
51235,-33.81551,256804,151.101105,11/25/2025 07:25:05,0.456,2025-11-25 07:25:05,17.9,0.0,0.0,0.0,18.905773
51235,-33.81551,256804,151.101105,11/25/2025 07:25:05,0.456,2025-11-25 07:25:05,17.9,0.0,0.0,0.0,18.905773
F3FWY002,-33.651676,256928,151.137741,11/26/2025 03:15:17,0.697,2025-11-26 03:15:17,22.1,0.0,0.0,0.0,21.220325
F3FWY002,-33.651676,256928,151.137741,11/26/2025 03:15:17,0.697,2025-11-26 03:15:17,22.1,0.0,0.0,0.0,21.220325
F3FWY002,-33.651676,256928,151.137741,11/26/2025 03:15:17,0.697,2025-11-26 03:15:17,22.1,0.0,0.0,0.0,21.220325
F3FWY002,-33.651676,256928,151.137741,11/26/2025 03:15:17,0.697,2025-11-26 03:15:17,22.1,0.0,0.0,0.0,21.220325
7270,-33.793304,257097,151.119659,11/26/2025 16:50:11,0.243,2025-11-26 16:50:11,32.0,0.0,0.0,1.0,30.13696
10011,-33.876652,257275,151.230606,11/27/2025 16:47:57,0.293,2025-11-27 16:47:57,31.6,0.0,0.0,0.0,29.401794
7139,-33.876884,257275,151.228683,11/27/2025 16:47:57,0.465,2025-11-27 16:47:57,31.6,0.0,0.0,0.0,29.401794
10011,-33.876652,257275,151.230606,11/27/2025 16:47:57,0.293,2025-11-27 16:47:57,31.6,0.0,0.0,0.0,29.401794
7139,-33.876884,257275,151.228683,11/27/2025 16:47:57,0.465,2025-11-27 16:47:57,31.6,0.0,0.0,0.0,29.401794
10011,-33.876652,257275,151.230606,11/27/2025 16:47:57,0.293,2025-11-27 16:47:57,31.6,0.0,0.0,0.0,29.401794
7139,-33.876884,257275,151.228683,11/27/2025 16:47:57,0.465,2025-11-27 16:47:57,31.6,0.0,0.0,0.0,29.401794
10011,-33.876652,257275,151.230606,11/27/2025 16:47:57,0.293,2025-11-27 16:47:57,31.6,0.0,0.0,0.0,29.401794
7139,-33.876884,257275,151.228683,11/27/2025 16:47:57,0.465,2025-11-27 16:47:57,31.6,0.0,0.0,0.0,29.401794
7120,-33.886311,257507,151.217911,11/29/2025 02:35:03,0.236,2025-11-29 02:35:03,20.45,0.0,0.0,3.0,22.233957
7121,-33.886032,257507,151.218079,11/29/2025 02:35:03,0.235,2025-11-29 02:35:03,20.45,0.0,0.0,3.0,22.233957
7120,-33.886311,257507,151.217911,11/29/2025 02:35:03,0.236,2025-11-29 02:35:03,20.45,0.0,0.0,3.0,22.233957
7121,-33.886032,257507,151.218079,11/29/2025 02:35:03,0.235,2025-11-29 02:35:03,20.45,0.0,0.0,3.0,22.233957
7120,-33.886311,257507,151.217911,11/29/2025 02:35:03,0.236,2025-11-29 02:35:03,20.45,0.0,0.0,3.0,22.233957
7121,-33.886032,257507,151.218079,11/29/2025 02:35:03,0.235,2025-11-29 02:35:03,20.45,0.0,0.0,3.0,22.233957
7251,-33.874916,253404,151.155319,10/22/2025 14:15:27,0.649,2025-10-22 14:15:27,37.5,0.0,0.0,3.0,35.90655
9836-PR,-33.819687,254551,151.117416,11/03/2025 07:38:25,0.073,2025-11-03 07:38:25,18.05,0.0,0.0,3.0,19.932978
9836-PR,-33.819687,254551,151.117416,11/03/2025 07:38:25,0.073,2025-11-03 07:38:25,18.05,0.0,0.0,3.0,19.932978
9658,-33.79353,254950,151.018829,11/07/2025 09:32:53,0.521,2025-11-07 09:32:53,20.25,0.0,0.0,3.0,20.745098
7251,-33.874916,253404,151.155319,10/22/2025 14:15:27,0.649,2025-10-22 14:15:27,37.5,0.0,0.0,3.0,35.90655
53004,-33.75317,255907,151.151077,11/17/2025 07:15:59,0.451,2025-11-17 07:15:59,17.5,0.0,0.0,3.0,15.619343
53004,-33.75317,255907,151.151077,11/17/2025 07:15:59,0.482,2025-11-17 07:15:59,17.5,0.0,0.0,3.0,15.619343
53004,-33.75317,255907,151.151077,11/17/2025 07:15:59,0.482,2025-11-17 07:15:59,17.5,0.0,0.0,3.0,15.619343
53004,-33.75317,255907,151.151077,11/17/2025 07:15:59,0.482,2025-11-17 07:15:59,17.5,0.0,0.0,3.0,15.619343
55049,-33.729507,256007,151.30011,11/17/2025 21:03:37,0.819,2025-11-17 21:03:37,19.05,0.0,0.0,3.0,16.058882
T0288,-33.455536,256079,151.205093,11/18/2025 15:03:49,0.074,2025-11-18 15:03:49,27.15,0.0,0.0,0.0,28.292236
T0289,-33.455235,256079,151.205383,11/18/2025 15:03:49,0.117,2025-11-18 15:03:49,27.15,0.0,0.0,0.0,28.292236
T0290,-33.454796,256079,151.205872,11/18/2025 15:03:49,0.184,2025-11-18 15:03:49,27.15,0.0,0.0,0.0,28.292236
T0479-PR,-33.454525,256079,151.206726,11/18/2025 15:03:49,0.262,2025-11-18 15:03:49,27.15,0.0,0.0,0.0,28.292236
7179,-33.817272,256652,150.962784,11/23/2025 22:42:15,0.193,2025-11-23 22:42:15,19.85,0.0,0.0,0.0,21.280474
7274,-33.779202,257386,150.814102,11/28/2025 11:53:30,0.05,2025-11-28 11:53:30,26.85,0.0,0.0,2.0,27.331814
7274,-33.779202,257386,150.814102,11/28/2025 11:53:30,0.05,2025-11-28 11:53:30,26.85,0.0,0.0,2.0,27.331814
7274,-33.779202,257386,150.814102,11/28/2025 11:53:30,0.05,2025-11-28 11:53:30,26.85,0.0,0.0,2.0,27.331814
57025,-33.725773,253250,151.219788,10/21/2025 10:38:09,0.349,2025-10-21 10:38:09,21.6075,0.0,0.0,0.0,22.068647
57025,-33.725773,253250,151.219788,10/21/2025 10:38:09,0.349,2025-10-21 10:38:09,21.6075,0.0,0.0,0.0,22.068647
57025,-33.725773,253250,151.219788,10/21/2025 10:38:09,0.349,2025-10-21 10:38:09,21.6075,0.0,0.0,0.0,22.068647
7184,-33.772957,254469,151.135391,11/01/2025 15:47:59,0.072,2025-11-01 15:47:59,22.8,0.1,0.1,51.0,23.159632
7184,-33.772957,254469,151.135391,11/01/2025 15:47:59,0.072,2025-11-01 15:47:59,22.8,0.1,0.1,51.0,23.159632
7120,-33.886311,254535,151.217911,11/02/2025 20:09:47,0.132,2025-11-02 20:09:47,19.2,0.0,0.0,3.0,20.829836
7121,-33.886032,254535,151.218079,11/02/2025 20:09:47,0.099,2025-11-02 20:09:47,19.2,0.0,0.0,3.0,20.829836
7120,-33.886311,254535,151.217911,11/02/2025 20:09:47,0.132,2025-11-02 20:09:47,19.2,0.0,0.0,3.0,20.829836
7121,-33.886032,254535,151.218079,11/02/2025 20:09:47,0.099,2025-11-02 20:09:47,19.2,0.0,0.0,3.0,20.829836
7120,-33.886311,254535,151.217911,11/02/2025 20:09:47,0.132,2025-11-02 20:09:47,19.2,0.0,0.0,3.0,20.829836
7121,-33.886032,254535,151.218079,11/02/2025 20:09:47,0.099,2025-11-02 20:09:47,19.2,0.0,0.0,3.0,20.829836
57025,-33.725773,253250,151.219788,10/21/2025 10:38:09,0.349,2025-10-21 10:38:09,21.6075,0.0,0.0,0.0,22.068647
33014,-33.806141,254723,151.17952,11/04/2025 17:20:29,0.233,2025-11-04 17:20:29,19.9,0.0,0.0,0.0,15.054272
57025,-33.725773,253250,151.219788,10/21/2025 10:38:09,0.349,2025-10-21 10:38:09,21.6075,0.0,0.0,0.0,22.068647
57025,-33.725773,253250,151.219788,10/21/2025 10:38:09,0.349,2025-10-21 10:38:09,21.6075,0.0,0.0,0.0,22.068647
F3FWY006,-33.395744,255184,151.297058,11/09/2025 19:38:08,0.105,2025-11-09 19:38:08,14.9965,0.0,0.0,0.0,13.13522
F3FWY006,-33.395744,255184,151.297058,11/09/2025 19:38:08,0.75,2025-11-09 19:38:08,14.9965,0.0,0.0,0.0,13.13522
F3FWY006,-33.395744,255184,151.297058,11/09/2025 19:38:08,0.75,2025-11-09 19:38:08,14.9965,0.0,0.0,0.0,13.13522
F3FWY006,-33.395744,255184,151.297058,11/09/2025 19:38:08,0.75,2025-11-09 19:38:08,14.9965,0.0,0.0,0.0,13.13522
F3FWY006,-33.395744,255184,151.297058,11/09/2025 19:38:08,0.75,2025-11-09 19:38:08,14.9965,0.0,0.0,0.0,13.13522
F3FWY006,-33.395744,255184,151.297058,11/09/2025 19:38:08,0.75,2025-11-09 19:38:08,14.9965,0.0,0.0,0.0,13.13522
F3FWY006,-33.395744,255184,151.297058,11/09/2025 19:38:08,0.75,2025-11-09 19:38:08,14.9965,0.0,0.0,0.0,13.13522
68025,-33.816696,255199,150.976623,11/10/2025 08:17:01,0.377,2025-11-10 08:17:01,16.6,0.0,0.0,0.0,16.046017
68025,-33.816696,255199,150.976623,11/10/2025 08:17:01,0.377,2025-11-10 08:17:01,16.6,0.0,0.0,0.0,16.046017
T0288,-33.455536,255833,151.205093,11/16/2025 00:05:39,0.169,2025-11-16 00:05:39,18.65,0.0,0.0,0.0,20.738602
T0289,-33.455235,255833,151.205383,11/16/2025 00:05:39,0.127,2025-11-16 00:05:39,18.65,0.0,0.0,0.0,20.738602
T0290,-33.454796,255833,151.205872,11/16/2025 00:05:39,0.06,2025-11-16 00:05:39,18.65,0.0,0.0,0.0,20.738602
T0479-PR,-33.454525,255833,151.206726,11/16/2025 00:05:39,0.037,2025-11-16 00:05:39,18.65,0.0,0.0,0.0,20.738602
T0288,-33.455536,255833,151.205093,11/16/2025 00:05:39,0.169,2025-11-16 00:05:39,18.65,0.0,0.0,0.0,20.738602
T0289,-33.455235,255833,151.205383,11/16/2025 00:05:39,0.127,2025-11-16 00:05:39,18.65,0.0,0.0,0.0,20.738602
T0290,-33.454796,255833,151.205872,11/16/2025 00:05:39,0.06,2025-11-16 00:05:39,18.65,0.0,0.0,0.0,20.738602
T0479-PR,-33.454525,255833,151.206726,11/16/2025 00:05:39,0.037,2025-11-16 00:05:39,18.65,0.0,0.0,0.0,20.738602
T0288,-33.455536,255833,151.205093,11/16/2025 00:05:39,0.169,2025-11-16 00:05:39,18.65,0.0,0.0,0.0,20.738602
T0289,-33.455235,255833,151.205383,11/16/2025 00:05:39,0.127,2025-11-16 00:05:39,18.65,0.0,0.0,0.0,20.738602
T0290,-33.454796,255833,151.205872,11/16/2025 00:05:39,0.06,2025-11-16 00:05:39,18.65,0.0,0.0,0.0,20.738602
T0479-PR,-33.454525,255833,151.206726,11/16/2025 00:05:39,0.037,2025-11-16 00:05:39,18.65,0.0,0.0,0.0,20.738602
50240,-33.796436,256019,150.987595,11/18/2025 06:10:48,0.411,2025-11-18 06:10:48,13.3,0.0,0.0,0.0,11.0905285
50240,-33.796436,256019,150.987595,11/18/2025 06:10:48,0.411,2025-11-18 06:10:48,13.3,0.0,0.0,0.0,11.0905285
7120,-33.886311,256427,151.217911,11/21/2025 11:33:35,0.625,2025-11-21 11:33:35,17.35,1.0,1.0,55.0,15.611263
7121,-33.886032,256427,151.218079,11/21/2025 11:33:35,0.596,2025-11-21 11:33:35,17.35,1.0,1.0,55.0,15.611263
7153,-33.8651123046875,256680,151.041610717773,11/24/2025 08:01:05,0.026,2025-11-24 08:01:05,20.0,0.0,0.0,0.0,21.131517
10011,-33.876652,256862,151.230606,11/25/2025 14:35:23,0.115,2025-11-25 14:35:23,27.1,0.0,0.0,3.0,31.114826
7139,-33.876884,256862,151.228683,11/25/2025 14:35:23,0.294,2025-11-25 14:35:23,27.1,0.0,0.0,3.0,31.114826
7132,-33.953056,256881,151.137482,11/25/2025 15:53:08,0.034,2025-11-25 15:53:08,25.95,0.0,0.0,3.0,27.442793
7132,-33.953056,256881,151.137482,11/25/2025 15:53:08,0.034,2025-11-25 15:53:08,25.95,0.0,0.0,3.0,27.442793
47024,-33.83889,257292,151.029022,11/27/2025 18:29:56,0.261,2025-11-27 18:29:56,31.2,0.0,0.0,0.0,27.194578
74228,-33.723019,248003,151.036606,09/02/2025 16:26:48,0.315,2025-09-02 16:26:48,16.6,0.0,0.0,0.0,14.539101
74228,-33.723019,248003,151.036606,09/02/2025 16:26:48,0.315,2025-09-02 16:26:48,16.6,0.0,0.0,0.0,14.539101
74228,-33.723019,248003,151.036606,09/02/2025 16:26:48,0.315,2025-09-02 16:26:48,16.6,0.0,0.0,0.0,14.539101
74228,-33.723019,248003,151.036606,09/02/2025 16:26:48,0.315,2025-09-02 16:26:48,16.6,0.0,0.0,0.0,14.539101
74228,-33.723019,248003,151.036606,09/02/2025 16:26:48,0.315,2025-09-02 16:26:48,16.6,0.0,0.0,0.0,14.539101
7168,-33.798195,254826,150.897125,11/06/2025 04:14:17,0.039,2025-11-06 04:14:17,12.95,0.0,0.0,0.0,11.962431
7168,-33.798195,254826,150.897125,11/06/2025 04:14:17,0.039,2025-11-06 04:14:17,12.95,0.0,0.0,0.0,11.962431
7168,-33.798195,254826,150.897125,11/06/2025 04:14:17,0.134,2025-11-06 04:14:17,12.95,0.0,0.0,0.0,11.962431
7168,-33.798195,254826,150.897125,11/06/2025 04:14:17,0.088,2025-11-06 04:14:17,12.95,0.0,0.0,0.0,11.962431
7168,-33.798195,254826,150.897125,11/06/2025 04:14:17,0.088,2025-11-06 04:14:17,12.95,0.0,0.0,0.0,11.962431
7168,-33.798195,254826,150.897125,11/06/2025 04:14:17,0.088,2025-11-06 04:14:17,12.95,0.0,0.0,0.0,11.962431
7112,-33.843338,255214,151.043411,11/10/2025 09:35:54,0.479,2025-11-10 09:35:54,18.85,0.0,0.0,1.0,18.137806
22001,-33.825577,256041,151.233261,11/18/2025 08:55:47,0.255,2025-11-18 08:55:47,17.75,0.0,0.0,0.0,14.77326
7119-PR,-33.817974,256823,150.981827,11/25/2025 09:54:08,0.113,2025-11-25 09:54:08,22.3,0.0,0.0,0.0,24.179989
7119-PR,-33.817974,256823,150.981827,11/25/2025 09:54:08,0.113,2025-11-25 09:54:08,22.3,0.0,0.0,0.0,24.179989
7119-PR,-33.817974,256823,150.981827,11/25/2025 09:54:08,0.113,2025-11-25 09:54:08,22.3,0.0,0.0,0.0,24.179989
53004,-33.75317,256936,151.151077,11/26/2025 06:25:59,0.394,2025-11-26 06:25:59,20.25,0.0,0.0,0.0,20.34982
53004,-33.75317,256936,151.151077,11/26/2025 06:25:59,0.394,2025-11-26 06:25:59,20.25,0.0,0.0,0.0,20.34982
53004,-33.75317,257286,151.151077,11/27/2025 18:04:15,0.05,2025-11-27 18:04:15,30.6,0.0,0.0,0.0,27.31062
7132,-33.953056,257658,151.137482,11/30/2025 17:49:14,0.915,2025-11-30 17:49:14,26.0,0.0,0.0,2.0,20.546717
7132,-33.953056,257658,151.137482,11/30/2025 17:49:14,0.915,2025-11-30 17:49:14,26.0,0.0,0.0,2.0,20.546717
53003,-33.729225,255517,151.122208,11/13/2025 07:15:29,0.507,2025-11-13 07:15:29,11.45,0.0,0.0,0.0,9.552898
50240,-33.796436,255570,150.987595,11/13/2025 14:11:26,0.094,2025-11-13 14:11:26,30.2,0.0,0.0,3.0,28.683659
9836-PR,-33.819687,255618,151.117416,11/13/2025 18:05:13,0.517,2025-11-13 18:05:13,21.35,0.0,0.0,3.0,19.599707
7159,-33.888157,255658,150.922974,11/14/2025 09:27:20,0.507,2025-11-14 09:27:20,19.6,0.1,0.1,51.0,19.516586
7179,-33.817272,255691,150.962784,11/14/2025 11:41:47,0.191,2025-11-14 11:41:47,22.9,0.0,0.0,0.0,24.529703
74230,-33.724735,255975,151.086151,11/17/2025 14:56:17,0.581,2025-11-17 14:56:17,21.2,0.0,0.0,3.0,16.267073
74230,-33.724735,255975,151.086151,11/17/2025 14:56:17,0.581,2025-11-17 14:56:17,21.2,0.0,0.0,3.0,16.267073
33014,-33.806141,256152,151.17952,11/19/2025 09:21:35,0.567,2025-11-19 09:21:35,22.25,0.0,0.0,0.0,21.683813
29005,-33.824696,256789,151.093216,11/24/2025 22:59:20,0.172,2025-11-24 22:59:20,17.7,0.0,0.0,3.0,19.117374
7168,-33.798195,258010,150.897125,12/03/2025 16:45:34,0.666,2025-12-03 16:45:34,30.35,0.0,0.0,0.0,30.496277
74229,-33.760658,258519,151.07962,12/08/2025 17:26:23,0.017,2025-12-08 17:26:23,25.25,0.0,0.0,2.0,25.056767
7119-PR,-33.817974,258628,150.981827,12/09/2025 17:32:32,0.01,2025-12-09 17:32:32,31.4,0.0,0.0,0.0,28.857529
33014,-33.806141,258760,151.17952,12/10/2025 17:09:30,0.706,2025-12-10 17:09:30,23.7,0.0,0.0,1.0,24.623533
7179,-33.817272,259184,150.962784,12/14/2025 02:51:24,0.091,2025-12-14 02:51:24,18.95,0.4,0.4,51.0,21.573872
7251,-33.874916,258710,151.155319,12/10/2025 13:57:11,0.649,2025-12-10 13:57:11,24.0,0.0,0.0,3.0,24.615343
7179,-33.817272,259339,150.962784,12/16/2025 08:30:49,0.153,2025-12-16 08:30:49,18.25,0.0,0.0,3.0,19.475122
7120,-33.886311,259366,151.217911,12/16/2025 12:59:21,0.409,2025-12-16 12:59:21,20.75,0.0,0.0,3.0,20.11074
7121,-33.886032,259366,151.218079,12/16/2025 12:59:21,0.381,2025-12-16 12:59:21,20.75,0.0,0.0,3.0,20.11074
T0345,-33.689632,259488,151.097748,12/17/2025 15:20:22,0.428,2025-12-17 15:20:22,26.4,0.0,0.0,0.0,28.50679
7112,-33.843338,259785,151.043411,12/20/2025 06:19:39,0.177,2025-12-20 06:19:39,22.95,2.9,2.9,63.0,26.672558
7161,-33.740406,259792,151.060989,12/20/2025 07:15:39,0.029,2025-12-20 07:15:39,21.2,2.8,2.8,63.0,24.664154
7251,-33.874916,258710,151.155319,12/10/2025 13:57:11,0.649,2025-12-10 13:57:11,24.0,0.0,0.0,3.0,24.615343
7123-PR,-33.769588,260389,150.768738,12/28/2025 08:53:57,0.008,2025-12-28 08:53:57,17.35,0.0,0.0,0.0,14.673994
10011,-33.876652,257892,151.230606,12/02/2025 16:45:34,0.15,2025-12-02 16:45:34,20.1,0.0,0.0,0.0,16.676025
7139,-33.876884,257892,151.228683,12/02/2025 16:45:34,0.328,2025-12-02 16:45:34,20.1,0.0,0.0,0.0,16.676025
7120,-33.886311,255350,151.217911,11/11/2025 14:20:39,0.458,2025-11-11 14:20:39,27.55,0.0,0.0,1.0,26.164234
7121,-33.886032,255350,151.218079,11/11/2025 14:20:39,0.486,2025-11-11 14:20:39,27.55,0.0,0.0,1.0,26.164234
7120,-33.886311,255350,151.217911,11/11/2025 14:20:39,0.458,2025-11-11 14:20:39,27.55,0.0,0.0,1.0,26.164234
7121,-33.886032,255350,151.218079,11/11/2025 14:20:39,0.486,2025-11-11 14:20:39,27.55,0.0,0.0,1.0,26.164234
50240,-33.796436,257686,150.987595,12/01/2025 06:46:43,0.216,2025-12-01 06:46:43,13.6,0.0,0.0,0.0,10.524347
50240,-33.796436,258140,150.987595,12/04/2025 19:02:22,0.561,2025-12-04 19:02:22,27.35,0.0,0.0,1.0,25.111605
F3FWY005,-33.429348,258841,151.22467,12/11/2025 14:27:33,0.017,2025-12-11 14:27:33,22.15,0.0,0.0,3.0,20.823664
7120,-33.886311,255350,151.217911,11/11/2025 14:20:39,0.458,2025-11-11 14:20:39,27.55,0.0,0.0,1.0,26.164234
7121,-33.886032,255350,151.218079,11/11/2025 14:20:39,0.486,2025-11-11 14:20:39,27.55,0.0,0.0,1.0,26.164234
7120,-33.886311,255350,151.217911,11/11/2025 14:20:39,0.458,2025-11-11 14:20:39,27.55,0.0,0.0,1.0,26.164234
7121,-33.886032,255350,151.218079,11/11/2025 14:20:39,0.486,2025-11-11 14:20:39,27.55,0.0,0.0,1.0,26.164234
7120,-33.886311,255350,151.217911,11/11/2025 14:20:39,0.458,2025-11-11 14:20:39,27.55,0.0,0.0,1.0,26.164234
7121,-33.886032,255350,151.218079,11/11/2025 14:20:39,0.486,2025-11-11 14:20:39,27.55,0.0,0.0,1.0,26.164234
7132,-33.953056,259289,151.137482,12/15/2025 16:07:33,0.12,2025-12-15 16:07:33,21.3,0.0,0.0,3.0,21.193674
7179,-33.817272,259414,150.962784,12/17/2025 01:32:16,0.357,2025-12-17 01:32:16,18.35,0.0,0.0,3.0,20.086157
7161,-33.740406,259637,151.060989,12/18/2025 18:11:59,0.022,2025-12-18 18:11:59,31.85,0.0,0.0,0.0,32.409435
7112,-33.843338,259638,151.043411,12/18/2025 18:25:55,0.217,2025-12-18 18:25:55,31.7,0.0,0.0,0.0,32.421165
7112,-33.843338,259730,151.043411,12/19/2025 14:48:01,0.493,2025-12-19 14:48:01,42.45,0.0,0.0,1.0,43.36208
7112,-33.843338,259730,151.043411,12/19/2025 14:48:01,0.493,2025-12-19 14:48:01,42.45,0.0,0.0,1.0,43.36208
51235,-33.81551,259779,151.101105,12/20/2025 01:35:40,0.043,2025-12-20 01:35:40,25.0,0.0,0.0,1.0,26.942406
29005,-33.824696,260006,151.093216,12/22/2025 10:44:16,0.282,2025-12-22 10:44:16,28.75,0.0,0.0,2.0,30.417053
7163,-33.865181,260112,151.171997,12/23/2025 11:01:02,0.483,2025-12-23 11:01:02,27.25,0.0,0.0,1.0,30.251343
7161,-33.740406,260547,151.060989,12/31/2025 05:17:26,0.311,2025-12-31 05:17:26,14.5,0.0,0.0,3.0,14.694954
7270,-33.793304,257980,151.119659,12/03/2025 14:16:33,0.108,2025-12-03 14:16:33,28.3,0.0,0.0,0.0,30.193825
7270,-33.793304,257980,151.119659,12/03/2025 14:16:33,0.108,2025-12-03 14:16:33,28.3,0.0,0.0,0.0,30.193825
7184,-33.772957,258139,151.135391,12/04/2025 18:52:48,0.155,2025-12-04 18:52:48,27.85,0.0,0.0,0.0,25.361994
7179,-33.817272,258505,150.962784,12/08/2025 15:42:22,0.268,2025-12-08 15:42:22,30.75,0.0,0.0,3.0,32.254025
50240,-33.796436,258513,150.987595,12/08/2025 16:22:06,0.219,2025-12-08 16:22:06,27.9,0.0,0.0,1.0,28.248096
7162,-34.045811,259475,151.133041,12/17/2025 13:24:36,0.024,2025-12-17 13:24:36,24.25,0.0,0.0,1.0,26.222778
7161,-33.740406,259832,151.060989,12/20/2025 15:03:45,0.146,2025-12-20 15:03:45,30.6,0.0,0.0,2.0,31.922932
7159,-33.888157,259903,150.922974,12/21/2025 15:08:48,0.507,2025-12-21 15:08:48,38.7,0.0,0.0,3.0,40.150185
74230,-33.724735,260144,151.086151,12/23/2025 15:49:49,0.453,2025-12-23 15:49:49,32.45,0.0,0.0,0.0,30.83817
7120,-33.886311,260291,151.217911,12/25/2025 20:02:13,0.073,2025-12-25 20:02:13,18.15,0.0,0.0,3.0,15.589739
7121,-33.886032,260291,151.218079,12/25/2025 20:02:13,0.046,2025-12-25 20:02:13,18.15,0.0,0.0,3.0,15.589739
7161,-33.740406,260529,151.060989,12/30/2025 18:28:55,0.103,2025-12-30 18:28:55,23.1,0.0,0.0,3.0,21.678686
7123-PR,-33.769588,257907,150.768738,12/02/2025 19:50:17,0.05,2025-12-02 19:50:17,19.4,0.0,0.0,0.0,16.49439
7112,-33.843338,258391,151.043411,12/07/2025 09:53:09,0.167,2025-12-07 09:53:09,20.75,0.0,0.0,3.0,20.311422
33014,-33.806141,259840,151.17952,12/20/2025 17:44:09,0.741,2025-12-20 17:44:09,30.45,0.0,0.0,3.0,31.48352
33014,-33.806141,259840,151.17952,12/20/2025 17:44:09,0.706,2025-12-20 17:44:09,30.45,0.0,0.0,3.0,31.48352
7179,-33.817272,260000,150.962784,12/22/2025 10:04:23,0.406,2025-12-22 10:04:23,28.8,0.0,0.0,2.0,30.502296
53004,-33.75317,260132,151.151077,12/23/2025 13:27:47,0.365,2025-12-23 13:27:47,31.25,0.0,0.0,0.0,32.12497
7251,-33.874916,258710,151.155319,12/10/2025 13:57:11,0.649,2025-12-10 13:57:11,24.0,0.0,0.0,3.0,24.615343
74230,-33.724735,260196,151.086151,12/24/2025 10:26:12,0.233,2025-12-24 10:26:12,24.75,0.0,0.0,0.0,25.499058
7168,-33.798195,258010,150.897125,12/03/2025 16:45:34,0.666,2025-12-03 16:45:34,30.35,0.0,0.0,0.0,30.496277
7168,-33.798195,258010,150.897125,12/03/2025 16:45:34,0.666,2025-12-03 16:45:34,30.35,0.0,0.0,0.0,30.496277
7179,-33.817272,258041,150.962784,12/04/2025 00:44:33,0.102,2025-12-04 00:44:33,19.45,0.0,0.0,1.0,19.416733
53004,-33.75317,258283,151.151077,12/05/2025 19:21:22,0.644,2025-12-05 19:21:22,29.6,0.0,0.0,1.0,28.300251
57025,-33.725773,258333,151.219788,12/06/2025 13:42:39,0.466,2025-12-06 13:42:39,39.357502,0.0,0.0,2.0,38.33041
7248,-33.906151,258534,151.040207,12/08/2025 22:17:31,0.024,2025-12-08 22:17:31,21.85,0.0,0.0,3.0,24.366709
7168,-33.798195,258657,150.897125,12/10/2025 05:33:03,0.026,2025-12-10 05:33:03,19.05,0.0,0.0,3.0,18.828157
F3FWY002,-33.651676,260270,151.137741,12/25/2025 10:13:04,0.321,2025-12-25 10:13:04,22.0,0.1,0.1,51.0,22.289923
F3FWY002,-33.651676,260270,151.137741,12/25/2025 10:13:04,0.321,2025-12-25 10:13:04,22.0,0.1,0.1,51.0,22.289923
F3FWY002,-33.651676,260270,151.137741,12/25/2025 10:13:04,0.321,2025-12-25 10:13:04,22.0,0.1,0.1,51.0,22.289923
F3FWY002,-33.651676,260270,151.137741,12/25/2025 10:13:04,0.321,2025-12-25 10:13:04,22.0,0.1,0.1,51.0,22.289923
F3FWY002,-33.651676,260270,151.137741,12/25/2025 10:13:04,0.321,2025-12-25 10:13:04,22.0,0.1,0.1,51.0,22.289923
7248,-33.906151,260299,151.040207,12/26/2025 03:48:28,0.241,2025-12-26 03:48:28,15.85,0.0,0.0,3.0,14.423367
F3FWY004,-33.496265,257678,151.187408,12/01/2025 03:27:02,0.094,2025-12-01 03:27:02,13.0,0.0,0.0,0.0,10.348046
7112,-33.843338,258057,151.043411,12/04/2025 08:03:08,0.098,2025-12-04 08:03:08,20.3,0.0,0.0,0.0,20.556095
7120,-33.886311,258598,151.217911,12/09/2025 14:01:39,0.367,2025-12-09 14:01:39,30.4,0.0,0.0,0.0,33.7867
7121,-33.886032,258598,151.218079,12/09/2025 14:01:39,0.34,2025-12-09 14:01:39,30.4,0.0,0.0,0.0,33.7867
7179,-33.817272,258665,150.962784,12/10/2025 08:18:30,0.695,2025-12-10 08:18:30,20.25,0.0,0.0,1.0,20.699268
7179,-33.817272,258827,150.962784,12/11/2025 12:17:22,0.079,2025-12-11 12:17:22,22.6,0.0,0.0,3.0,21.402035
F3FWY001,-33.694206,258825,151.121323,12/11/2025 11:42:49,0.024,2025-12-11 11:42:49,21.85,0.0,0.0,3.0,20.701353
23067,-33.934475,259086,151.15831,12/12/2025 16:54:08,0.507,2025-12-12 16:54:08,20.65,0.1,0.1,51.0,21.951305
F3FWY003,-33.560299,259123,151.192551,12/12/2025 23:34:56,0.696,2025-12-12 23:34:56,16.85,0.0,0.0,0.0,18.941889
68025,-33.816696,259379,150.976623,12/16/2025 15:37:24,0.153,2025-12-16 15:37:24,21.2,0.0,0.0,3.0,20.805893
7275,-33.894714,260142,151.110962,12/23/2025 15:07:53,0.351,2025-12-23 15:07:53,28.95,0.0,0.0,0.0,29.820812
7179,-33.817272,260157,150.962784,12/23/2025 17:42:05,0.038,2025-12-23 17:42:05,23.65,0.0,0.0,0.0,21.831205
7163,-33.865181,257775,151.171997,12/01/2025 17:25:54,0.392,2025-12-01 17:25:54,21.7,0.0,0.0,3.0,16.80601
7120,-33.886311,258277,151.217911,12/05/2025 18:14:28,0.133,2025-12-05 18:14:28,31.75,0.0,0.0,2.0,29.493614
7121,-33.886032,258277,151.218079,12/05/2025 18:14:28,0.137,2025-12-05 18:14:28,31.75,0.0,0.0,2.0,29.493614
7126,-34.035271,259147,151.113007,12/13/2025 13:37:06,0.689,2025-12-13 13:37:06,24.95,0.0,0.0,2.0,28.934925
7168,-33.798195,259239,150.897125,12/15/2025 08:26:59,0.035,2025-12-15 08:26:59,19.0,0.2,0.2,51.0,20.844864
23067,-33.934475,257794,151.15831,12/01/2025 22:19:40,0.507,2025-12-01 22:19:40,16.55,0.0,0.0,3.0,13.672531
50240,-33.796436,259509,150.987595,12/17/2025 17:24:53,0.521,2025-12-17 17:24:53,25.25,0.0,0.0,0.0,26.26033
7119-PR,-33.817974,260021,150.981827,12/22/2025 12:11:08,0.038,2025-12-22 12:11:08,25.7,1.0,1.0,55.0,26.095125
7184,-33.772957,260182,151.135391,12/24/2025 07:06:20,0.432,2025-12-24 07:06:20,18.55,0.0,0.0,0.0,19.13043
7120,-33.886311,260368,151.217911,12/27/2025 17:04:00,0.453,2025-12-27 17:04:00,19.2,0.0,0.0,0.0,16.621458
7121,-33.886032,260368,151.218079,12/27/2025 17:04:00,0.445,2025-12-27 17:04:00,19.2,0.0,0.0,0.0,16.621458
7132,-33.953056,260380,151.137482,12/27/2025 22:46:37,0.019,2025-12-27 22:46:37,17.45,0.0,0.0,1.0,15.741753
7168,-33.798195,257922,150.897125,12/03/2025 07:17:32,0.543,2025-12-03 07:17:32,13.65,0.0,0.0,0.0,12.706373
7270,-33.793304,257980,151.119659,12/03/2025 14:16:33,0.108,2025-12-03 14:16:33,28.3,0.0,0.0,0.0,30.193825
7153,-33.8651123046875,258186,151.041610717773,12/05/2025 08:10:23,0.145,2025-12-05 08:10:23,23.1,0.0,0.0,0.0,21.20984
9827,-33.719955,258879,151.298111,12/12/2025 01:30:50,0.063,2025-12-12 01:30:50,19.5,0.0,0.0,3.0,19.433205
7120,-33.886311,255350,151.217911,11/11/2025 14:20:39,0.458,2025-11-11 14:20:39,27.55,0.0,0.0,1.0,26.164234
7121,-33.886032,255350,151.218079,11/11/2025 14:20:39,0.486,2025-11-11 14:20:39,27.55,0.0,0.0,1.0,26.164234
7120,-33.886311,259179,151.217911,12/14/2025 02:00:04,0.365,2025-12-14 02:00:04,19.05,0.7,0.7,53.0,21.306305
7121,-33.886032,259179,151.218079,12/14/2025 02:00:04,0.338,2025-12-14 02:00:04,19.05,0.7,0.7,53.0,21.306305
7179,-33.817272,259224,150.962784,12/14/2025 23:41:36,0.047,2025-12-14 23:41:36,19.1,0.0,0.0,1.0,18.484535
F3FWY003,-33.560299,259528,151.192551,12/17/2025 20:10:28,0.302,2025-12-17 20:10:28,20.25,0.0,0.0,0.0,20.69558
7179,-33.817272,260000,150.962784,12/22/2025 10:04:23,0.406,2025-12-22 10:04:23,28.8,0.0,0.0,2.0,30.502296
7179,-33.817272,260000,150.962784,12/22/2025 10:04:23,0.406,2025-12-22 10:04:23,28.8,0.0,0.0,2.0,30.502296
7179,-33.817272,260000,150.962784,12/22/2025 10:04:23,0.406,2025-12-22 10:04:23,28.8,0.0,0.0,2.0,30.502296
7179,-33.817272,260000,150.962784,12/22/2025 10:04:23,0.406,2025-12-22 10:04:23,28.8,0.0,0.0,2.0,30.502296
F3FWY003,-33.560299,260075,151.192551,12/23/2025 07:38:31,0.034,2025-12-23 07:38:31,20.75,0.0,0.0,0.0,23.875725
29005,-33.824696,260385,151.093216,12/28/2025 05:49:55,0.184,2025-12-28 05:49:55,14.9,0.0,0.0,3.0,14.076153
74230,-33.724735,257685,151.086151,12/01/2025 06:45:36,0.42,2025-12-01 06:45:36,12.2,0.0,0.0,0.0,9.0037565
7168,-33.798195,258082,150.897125,12/04/2025 12:58:40,0.035,2025-12-04 12:58:40,31.75,0.0,0.0,0.0,31.687508
50250,-33.797592,258962,150.975433,12/12/2025 12:23:06,0.095,2025-12-12 12:23:06,19.65,0.2,0.2,51.0,20.965103
T0288,-33.455536,243642,151.205093,07/29/2025 11:11:43,0.025,2025-07-29 11:11:43,15.45,0.0,0.0,3.0,11.736444
T0289,-33.455235,243642,151.205383,07/29/2025 11:11:43,0.025,2025-07-29 11:11:43,15.45,0.0,0.0,3.0,11.736444
T0290,-33.454796,243642,151.205872,07/29/2025 11:11:43,0.09,2025-07-29 11:11:43,15.45,0.0,0.0,3.0,11.736444
T0479-PR,-33.454525,243642,151.206726,07/29/2025 11:11:43,0.172,2025-07-29 11:11:43,15.45,0.0,0.0,3.0,11.736444
7159,-33.888157,255659,150.922974,11/14/2025 09:29:36,0.507,2025-11-14 09:29:36,19.6,0.1,0.1,51.0,19.516586
7112,-33.843338,259787,151.043411,12/20/2025 06:26:40,0.211,2025-12-20 06:26:40,22.95,2.9,2.9,63.0,26.672558
50240,-33.796436,260332,150.987595,12/26/2025 21:44:06,0.473,2025-12-26 21:44:06,15.25,0.0,0.0,0.0,13.513025
51235,-33.81551,257696,151.101105,12/01/2025 08:26:16,0.448,2025-12-01 08:26:16,18.05,0.0,0.0,2.0,15.106482
53004,-33.75317,258003,151.151077,12/03/2025 16:11:16,0.471,2025-12-03 16:11:16,26.35,0.0,0.0,0.0,26.052498
23067,-33.934475,258226,151.15831,12/05/2025 12:23:16,0.292,2025-12-05 12:23:16,36.3,0.0,0.0,1.0,36.48837
74228,-33.723019,258927,151.036606,12/12/2025 10:16:29,0.327,2025-12-12 10:16:29,18.6,2.2,2.2,61.0,20.072372
7179,-33.817272,259383,150.962784,12/16/2025 16:13:02,0.1,2025-12-16 16:13:02,21.3,0.0,0.0,3.0,20.978548
7112,-33.843338,259492,151.043411,12/17/2025 15:41:30,0.1,2025-12-17 15:41:30,25.15,0.0,0.0,0.0,27.57939
7179,-33.817272,259780,150.962784,12/20/2025 04:25:04,0.163,2025-12-20 04:25:04,24.15,0.0,0.0,3.0,26.476154
7179,-33.817272,259780,150.962784,12/20/2025 04:25:04,0.163,2025-12-20 04:25:04,24.15,0.0,0.0,3.0,26.476154
7179,-33.817272,259780,150.962784,12/20/2025 04:25:04,0.163,2025-12-20 04:25:04,24.15,0.0,0.0,3.0,26.476154
7120,-33.886311,260171,151.217911,12/24/2025 00:36:58,0.56,2025-12-24 00:36:58,19.5,0.0,0.0,0.0,19.550022
7121,-33.886032,260171,151.218079,12/24/2025 00:36:58,0.555,2025-12-24 00:36:58,19.5,0.0,0.0,0.0,19.550022
23067,-33.934475,260236,151.15831,12/24/2025 18:23:58,0.179,2025-12-24 18:23:58,28.45,0.0,0.0,0.0,28.331268
7120,-33.886311,260364,151.217911,12/27/2025 14:37:09,0.453,2025-12-27 14:37:09,19.4,0.0,0.0,1.0,17.93036
7121,-33.886032,260364,151.218079,12/27/2025 14:37:09,0.445,2025-12-27 14:37:09,19.4,0.0,0.0,1.0,17.93036
7163,-33.865181,260472,151.171997,12/29/2025 22:43:20,0.422,2025-12-29 22:43:20,17.9,0.0,0.0,0.0,17.456104
9849,-33.877975,260481,151.093185,12/30/2025 06:33:56,0.083,2025-12-30 06:33:56,12.55,0.0,0.0,0.0,12.482344
50240,-33.796436,258140,150.987595,12/04/2025 19:02:22,0.561,2025-12-04 19:02:22,27.35,0.0,0.0,1.0,25.111605
50240,-33.796436,258140,150.987595,12/04/2025 19:02:22,0.561,2025-12-04 19:02:22,27.35,0.0,0.0,1.0,25.111605
50240,-33.796436,258140,150.987595,12/04/2025 19:02:22,0.561,2025-12-04 19:02:22,27.35,0.0,0.0,1.0,25.111605
7248,-33.906151,258484,151.040207,12/08/2025 13:26:35,0.528,2025-12-08 13:26:35,28.2,0.0,0.0,3.0,28.921127
7161,-33.740406,258522,151.060989,12/08/2025 18:12:03,0.336,2025-12-08 18:12:03,24.8,0.0,0.0,2.0,23.8631
7120,-33.886311,259131,151.217911,12/13/2025 07:13:02,0.631,2025-12-13 07:13:02,16.85,0.0,0.0,3.0,18.183584
7121,-33.886032,259131,151.218079,12/13/2025 07:13:02,0.603,2025-12-13 07:13:02,16.85,0.0,0.0,3.0,18.183584
7163,-33.865181,250974,151.171997,09/29/2025 10:55:54,0.254,2025-09-29 10:55:54,18.9,0.2,0.2,51.0,18.487036
50240,-33.796436,259505,150.987595,12/17/2025 17:06:22,0.01,2025-12-17 17:06:22,25.25,0.0,0.0,0.0,26.26033
7248,-33.906151,260043,151.040207,12/22/2025 15:36:35,0.214,2025-12-22 15:36:35,32.7,0.0,0.0,0.0,34.20882
7120,-33.886311,260177,151.217911,12/24/2025 02:24:18,0.12,2025-12-24 02:24:18,19.25,0.0,0.0,0.0,19.76344
7121,-33.886032,260177,151.218079,12/24/2025 02:24:18,0.086,2025-12-24 02:24:18,19.25,0.0,0.0,0.0,19.76344
29005,-33.824696,260386,151.093216,12/28/2025 07:21:18,0.184,2025-12-28 07:21:18,16.0,0.0,0.0,1.0,14.609964
7179,-33.817272,260470,150.962784,12/29/2025 19:35:45,0.101,2025-12-29 19:35:45,20.3,0.0,0.0,0.0,18.435669
7179,-33.817272,260470,150.962784,12/29/2025 19:35:45,0.101,2025-12-29 19:35:45,20.3,0.0,0.0,0.0,18.435669
10011,-33.876652,260541,151.230606,12/30/2025 23:01:34,0.114,2025-12-30 23:01:34,18.0,0.0,0.0,3.0,18.875147
7139,-33.876884,260541,151.228683,12/30/2025 23:01:34,0.292,2025-12-30 23:01:34,18.0,0.0,0.0,3.0,18.875147
7179,-33.817272,258032,150.962784,12/03/2025 22:28:15,0.194,2025-12-03 22:28:15,20.5,0.0,0.0,2.0,21.08616
F3FWY003,-33.560299,258920,151.192551,12/12/2025 09:31:56,0.862,2025-12-12 09:31:56,17.6,7.8,7.8,65.0,19.339464
F3FWY003,-33.560299,258920,151.192551,12/12/2025 09:31:56,0.862,2025-12-12 09:31:56,17.6,7.8,7.8,65.0,19.339464
F3FWY003,-33.560299,258920,151.192551,12/12/2025 09:31:56,0.862,2025-12-12 09:31:56,17.6,7.8,7.8,65.0,19.339464
10011,-33.876652,259126,151.230606,12/13/2025 03:50:10,0.273,2025-12-13 03:50:10,16.8,0.0,0.0,2.0,18.521452
7139,-33.876884,259126,151.228683,12/13/2025 03:50:10,0.095,2025-12-13 03:50:10,16.8,0.0,0.0,2.0,18.521452
7184,-33.772957,259200,151.135391,12/14/2025 14:41:26,0.281,2025-12-14 14:41:26,30.9,0.0,0.0,3.0,34.26793
7184,-33.772957,259200,151.135391,12/14/2025 14:41:26,0.281,2025-12-14 14:41:26,30.9,0.0,0.0,3.0,34.26793
7179,-33.817272,259780,150.962784,12/20/2025 04:25:04,0.163,2025-12-20 04:25:04,24.15,0.0,0.0,3.0,26.476154
7184,-33.772957,259820,151.135391,12/20/2025 12:14:28,0.053,2025-12-20 12:14:28,27.35,0.0,0.0,3.0,29.614563
7184,-33.772957,259820,151.135391,12/20/2025 12:14:28,0.053,2025-12-20 12:14:28,27.35,0.0,0.0,3.0,29.614563
7184,-33.772957,259820,151.135391,12/20/2025 12:14:28,0.053,2025-12-20 12:14:28,27.35,0.0,0.0,3.0,29.614563
7184,-33.772957,259820,151.135391,12/20/2025 12:14:28,0.053,2025-12-20 12:14:28,27.35,0.0,0.0,3.0,29.614563
10011,-33.876652,260293,151.230606,12/25/2025 22:03:39,0.502,2025-12-25 22:03:39,18.2,0.0,0.0,3.0,16.040594
7139,-33.876884,260293,151.228683,12/25/2025 22:03:39,0.657,2025-12-25 22:03:39,18.2,0.0,0.0,3.0,16.040594
7179,-33.817272,260470,150.962784,12/29/2025 19:35:45,0.101,2025-12-29 19:35:45,20.3,0.0,0.0,0.0,18.435669
7112,-33.843338,260575,151.043411,12/31/2025 17:25:30,0.08,2025-12-31 17:25:30,22.65,0.0,0.0,1.0,22.083998
23067,-33.934475,258422,151.15831,12/07/2025 18:47:57,0.193,2025-12-07 18:47:57,19.0,0.0,0.0,3.0,17.085154
F3FWY003,-33.560299,258674,151.192551,12/10/2025 10:02:39,0.503,2025-12-10 10:02:39,21.95,0.0,0.0,3.0,22.485035
7112,-33.843338,258700,151.043411,12/10/2025 12:27:51,0.116,2025-12-10 12:27:51,25.35,0.0,0.0,3.0,26.866262
7112,-33.843338,258700,151.043411,12/10/2025 12:27:51,0.116,2025-12-10 12:27:51,25.35,0.0,0.0,3.0,26.866262
7112,-33.843338,258700,151.043411,12/10/2025 12:27:51,0.116,2025-12-10 12:27:51,25.35,0.0,0.0,3.0,26.866262
7112,-33.843338,258700,151.043411,12/10/2025 12:27:51,0.054,2025-12-10 12:27:51,25.35,0.0,0.0,3.0,26.866262
7112,-33.843338,258700,151.043411,12/10/2025 12:27:51,0.054,2025-12-10 12:27:51,25.35,0.0,0.0,3.0,26.866262
7112,-33.843338,258700,151.043411,12/10/2025 12:27:51,0.034,2025-12-10 12:27:51,25.35,0.0,0.0,3.0,26.866262
7112,-33.843338,258700,151.043411,12/10/2025 12:27:51,0.034,2025-12-10 12:27:51,25.35,0.0,0.0,3.0,26.866262
7112,-33.843338,258700,151.043411,12/10/2025 12:27:51,0.034,2025-12-10 12:27:51,25.35,0.0,0.0,3.0,26.866262
53003,-33.729225,258782,151.122208,12/11/2025 05:19:58,0.019,2025-12-11 05:19:58,18.1,0.0,0.0,3.0,18.991293
7120,-33.886311,259778,151.217911,12/20/2025 01:19:41,0.346,2025-12-20 01:19:41,23.95,0.0,0.0,2.0,25.937855
7121,-33.886032,259778,151.218079,12/20/2025 01:19:41,0.319,2025-12-20 01:19:41,23.95,0.0,0.0,2.0,25.937855
7163,-33.865181,260138,151.171997,12/23/2025 14:13:42,0.529,2025-12-23 14:13:42,32.45,0.0,0.0,0.0,32.387825
7153,-33.8651123046875,260327,151.041610717773,12/26/2025 20:18:00,0.016,2025-12-26 20:18:00,16.4,0.0,0.0,0.0,14.062254
7184,-33.772957,260488,151.135391,12/30/2025 09:56:38,0.038,2025-12-30 09:56:38,19.15,0.0,0.0,0.0,18.53198
29005,-33.824696,257676,151.093216,12/01/2025 02:14:47,0.568,2025-12-01 02:14:47,15.4,0.0,0.0,0.0,13.946022
50240,-33.796436,258248,150.987595,12/05/2025 14:24:13,0.51,2025-12-05 14:24:13,38.4,0.0,0.0,1.0,38.80519
7163,-33.865181,253437,151.171997,10/22/2025 16:49:30,0.369,2025-10-22 16:49:30,38.05,0.0,0.0,3.0,33.969376
33014,-33.806141,259481,151.17952,12/17/2025 13:47:53,0.972,2025-12-17 13:47:53,23.4,0.0,0.0,0.0,25.166452
7163,-33.865181,253439,151.171997,10/22/2025 16:52:13,0.284,2025-10-22 16:52:13,38.05,0.0,0.0,3.0,33.969376
68025,-33.816696,260048,150.976623,12/22/2025 17:15:31,0.314,2025-12-22 17:15:31,25.75,0.0,0.0,0.0,25.537603
7112,-33.843338,258700,151.043411,12/10/2025 12:27:51,0.034,2025-12-10 12:27:51,25.35,0.0,0.0,3.0,26.866262
33014,-33.806141,258760,151.17952,12/10/2025 17:09:30,0.706,2025-12-10 17:09:30,23.7,0.0,0.0,1.0,24.623533
53004,-33.75317,258767,151.151077,12/10/2025 19:08:33,0.443,2025-12-10 19:08:33,23.05,0.1,0.1,51.0,24.559633
F3FWY004,-33.496265,258786,151.187408,12/11/2025 06:56:36,0.106,2025-12-11 06:56:36,18.25,0.0,0.0,3.0,19.267258
7112,-33.843338,259068,151.043411,12/12/2025 16:10:03,0.082,2025-12-12 16:10:03,21.2,0.1,0.1,51.0,22.390589
F3FWY003,-33.560299,259088,151.192551,12/12/2025 17:06:11,0.598,2025-12-12 17:06:11,18.75,0.2,0.2,51.0,20.11163
7184,-33.772957,259200,151.135391,12/14/2025 14:41:26,0.281,2025-12-14 14:41:26,30.9,0.0,0.0,3.0,34.26793
74230,-33.724735,259345,151.086151,12/16/2025 10:07:52,0.494,2025-12-16 10:07:52,19.95,0.0,0.0,3.0,19.34686
F3FWY001,-33.694206,259477,151.121323,12/17/2025 13:31:06,0.448,2025-12-17 13:31:06,25.3,0.0,0.0,1.0,27.419922
7112,-33.843338,259730,151.043411,12/19/2025 14:48:01,0.493,2025-12-19 14:48:01,42.45,0.0,0.0,1.0,43.36208
7184,-33.772957,260090,151.135391,12/23/2025 09:18:17,0.272,2025-12-23 09:18:17,24.7,0.0,0.0,0.0,26.747547
F3FWY002,-33.651676,260270,151.137741,12/25/2025 10:13:04,0.321,2025-12-25 10:13:04,22.0,0.1,0.1,51.0,22.289923
7248,-33.906151,260336,151.040207,12/26/2025 23:48:21,0.204,2025-12-26 23:48:21,14.55,0.0,0.0,0.0,13.895763
7270,-33.793304,257681,151.119659,12/01/2025 04:59:39,0.027,2025-12-01 04:59:39,14.7,0.0,0.0,0.0,11.82917
7251,-33.874916,258387,151.155319,12/07/2025 03:48:32,0.032,2025-12-07 03:48:32,26.3,0.0,0.0,3.0,26.498629
68025,-33.816696,258489,150.976623,12/08/2025 14:19:40,0.218,2025-12-08 14:19:40,29.2,0.0,0.0,3.0,30.469112
7112,-33.843338,258933,151.043411,12/12/2025 10:32:54,0.763,2025-12-12 10:32:54,20.15,0.5,0.5,53.0,22.238306
7161,-33.740406,259188,151.060989,12/14/2025 10:09:32,0.027,2025-12-14 10:09:32,24.45,0.0,0.0,3.0,27.094105
68025,-33.816696,259325,150.976623,12/16/2025 06:44:16,0.106,2025-12-16 06:44:16,17.15,0.0,0.0,3.0,18.227455
7184,-33.772957,259820,151.135391,12/20/2025 12:14:28,0.053,2025-12-20 12:14:28,27.35,0.0,0.0,3.0,29.614563
7184,-33.772957,258007,151.135391,12/03/2025 16:23:17,0.038,2025-12-03 16:23:17,26.35,0.0,0.0,0.0,26.052498
T0288,-33.455536,258119,151.205093,12/04/2025 17:19:54,0.105,2025-12-04 17:19:54,27.25,0.0,0.0,0.0,24.750576
T0289,-33.455235,258119,151.205383,12/04/2025 17:19:54,0.062,2025-12-04 17:19:54,27.25,0.0,0.0,0.0,24.750576
T0290,-33.454796,258119,151.205872,12/04/2025 17:19:54,0.005,2025-12-04 17:19:54,27.25,0.0,0.0,0.0,24.750576
T0479-PR,-33.454525,258119,151.206726,12/04/2025 17:19:54,0.089,2025-12-04 17:19:54,27.25,0.0,0.0,0.0,24.750576
7179,-33.817272,258284,150.962784,12/05/2025 20:03:04,0.115,2025-12-05 20:03:04,29.45,0.0,0.0,0.0,28.28313
33014,-33.806141,259397,151.17952,12/16/2025 18:00:14,0.346,2025-12-16 18:00:14,19.7,0.0,0.0,3.0,19.27669
68025,-33.816696,259473,150.976623,12/17/2025 13:02:12,0.455,2025-12-17 13:02:12,27.5,0.0,0.0,0.0,31.19357
7248,-33.906151,259858,151.040207,12/21/2025 05:17:24,0.393,2025-12-21 05:17:24,22.0,0.0,0.0,3.0,25.906883
7184,-33.772957,260090,151.135391,12/23/2025 09:18:17,0.318,2025-12-23 09:18:17,24.7,0.0,0.0,0.0,26.747547
7184,-33.772957,260090,151.135391,12/23/2025 09:18:17,0.272,2025-12-23 09:18:17,24.7,0.0,0.0,0.0,26.747547
7184,-33.772957,260090,151.135391,12/23/2025 09:18:17,0.272,2025-12-23 09:18:17,24.7,0.0,0.0,0.0,26.747547
7132,-33.953056,260380,151.137482,12/27/2025 22:46:37,0.019,2025-12-27 22:46:37,17.45,0.0,0.0,1.0,15.741753
7132,-33.953056,260380,151.137482,12/27/2025 22:46:37,0.019,2025-12-27 22:46:37,17.45,0.0,0.0,1.0,15.741753
10011,-33.876652,257892,151.230606,12/02/2025 16:45:34,0.15,2025-12-02 16:45:34,20.1,0.0,0.0,0.0,16.676025
7139,-33.876884,257892,151.228683,12/02/2025 16:45:34,0.328,2025-12-02 16:45:34,20.1,0.0,0.0,0.0,16.676025
10011,-33.876652,257892,151.230606,12/02/2025 16:45:34,0.15,2025-12-02 16:45:34,20.1,0.0,0.0,0.0,16.676025
7139,-33.876884,257892,151.228683,12/02/2025 16:45:34,0.328,2025-12-02 16:45:34,20.1,0.0,0.0,0.0,16.676025
7168,-33.798195,258010,150.897125,12/03/2025 16:45:34,0.666,2025-12-03 16:45:34,30.35,0.0,0.0,0.0,30.496277
74229,-33.760658,258519,151.07962,12/08/2025 17:26:23,0.017,2025-12-08 17:26:23,25.25,0.0,0.0,2.0,25.056767
7119-PR,-33.817974,258628,150.981827,12/09/2025 17:32:32,0.01,2025-12-09 17:32:32,31.4,0.0,0.0,0.0,28.857529
7119-PR,-33.817974,258628,150.981827,12/09/2025 17:32:32,0.01,2025-12-09 17:32:32,31.4,0.0,0.0,0.0,28.857529
7119-PR,-33.817974,258628,150.981827,12/09/2025 17:32:32,0.01,2025-12-09 17:32:32,31.4,0.0,0.0,0.0,28.857529
7179,-33.817272,259184,150.962784,12/14/2025 02:51:24,0.091,2025-12-14 02:51:24,18.95,0.4,0.4,51.0,21.573872
7179,-33.817272,259339,150.962784,12/16/2025 08:30:49,0.153,2025-12-16 08:30:49,18.25,0.0,0.0,3.0,19.475122
7120,-33.886311,259366,151.217911,12/16/2025 12:59:21,0.409,2025-12-16 12:59:21,20.75,0.0,0.0,3.0,20.11074
7121,-33.886032,259366,151.218079,12/16/2025 12:59:21,0.381,2025-12-16 12:59:21,20.75,0.0,0.0,3.0,20.11074
7120,-33.886311,259366,151.217911,12/16/2025 12:59:21,0.409,2025-12-16 12:59:21,20.75,0.0,0.0,3.0,20.11074
7121,-33.886032,259366,151.218079,12/16/2025 12:59:21,0.381,2025-12-16 12:59:21,20.75,0.0,0.0,3.0,20.11074
T0345,-33.689632,259488,151.097748,12/17/2025 15:20:22,0.428,2025-12-17 15:20:22,26.4,0.0,0.0,0.0,28.50679
7112,-33.843338,259785,151.043411,12/20/2025 06:19:39,0.177,2025-12-20 06:19:39,22.95,2.9,2.9,63.0,26.672558
7112,-33.843338,259785,151.043411,12/20/2025 06:19:39,0.177,2025-12-20 06:19:39,22.95,2.9,2.9,63.0,26.672558
7112,-33.843338,259785,151.043411,12/20/2025 06:19:39,0.177,2025-12-20 06:19:39,22.95,2.9,2.9,63.0,26.672558
7161,-33.740406,259792,151.060989,12/20/2025 07:15:39,0.029,2025-12-20 07:15:39,21.2,2.8,2.8,63.0,24.664154
7123-PR,-33.769588,260389,150.768738,12/28/2025 08:53:57,0.008,2025-12-28 08:53:57,17.35,0.0,0.0,0.0,14.673994
10011,-33.876652,257892,151.230606,12/02/2025 16:45:34,0.15,2025-12-02 16:45:34,20.1,0.0,0.0,0.0,16.676025
7139,-33.876884,257892,151.228683,12/02/2025 16:45:34,0.328,2025-12-02 16:45:34,20.1,0.0,0.0,0.0,16.676025
10011,-33.876652,257892,151.230606,12/02/2025 16:45:34,0.15,2025-12-02 16:45:34,20.1,0.0,0.0,0.0,16.676025
7139,-33.876884,257892,151.228683,12/02/2025 16:45:34,0.328,2025-12-02 16:45:34,20.1,0.0,0.0,0.0,16.676025
50240,-33.796436,257686,150.987595,12/01/2025 06:46:43,0.216,2025-12-01 06:46:43,13.6,0.0,0.0,0.0,10.524347
50240,-33.796436,258140,150.987595,12/04/2025 19:02:22,0.561,2025-12-04 19:02:22,27.35,0.0,0.0,1.0,25.111605
50240,-33.796436,258140,150.987595,12/04/2025 19:02:22,0.561,2025-12-04 19:02:22,27.35,0.0,0.0,1.0,25.111605
F3FWY005,-33.429348,258841,151.22467,12/11/2025 14:27:33,0.017,2025-12-11 14:27:33,22.15,0.0,0.0,3.0,20.823664
F3FWY005,-33.429348,258841,151.22467,12/11/2025 14:27:33,0.017,2025-12-11 14:27:33,22.15,0.0,0.0,3.0,20.823664
7132,-33.953056,259289,151.137482,12/15/2025 16:07:33,0.12,2025-12-15 16:07:33,21.3,0.0,0.0,3.0,21.193674
7132,-33.953056,259289,151.137482,12/15/2025 16:07:33,0.12,2025-12-15 16:07:33,21.3,0.0,0.0,3.0,21.193674
7179,-33.817272,259414,150.962784,12/17/2025 01:32:16,0.357,2025-12-17 01:32:16,18.35,0.0,0.0,3.0,20.086157
7179,-33.817272,259414,150.962784,12/17/2025 01:32:16,0.357,2025-12-17 01:32:16,18.35,0.0,0.0,3.0,20.086157
7179,-33.817272,259414,150.962784,12/17/2025 01:32:16,0.357,2025-12-17 01:32:16,18.35,0.0,0.0,3.0,20.086157
7161,-33.740406,259637,151.060989,12/18/2025 18:11:59,0.022,2025-12-18 18:11:59,31.85,0.0,0.0,0.0,32.409435
7112,-33.843338,259638,151.043411,12/18/2025 18:25:55,0.217,2025-12-18 18:25:55,31.7,0.0,0.0,0.0,32.421165
7112,-33.843338,259638,151.043411,12/18/2025 18:25:55,0.217,2025-12-18 18:25:55,31.7,0.0,0.0,0.0,32.421165
7112,-33.843338,259638,151.043411,12/18/2025 18:25:55,0.217,2025-12-18 18:25:55,31.7,0.0,0.0,0.0,32.421165
51235,-33.81551,259779,151.101105,12/20/2025 01:35:40,0.043,2025-12-20 01:35:40,25.0,0.0,0.0,1.0,26.942406
51235,-33.81551,259779,151.101105,12/20/2025 01:35:40,0.043,2025-12-20 01:35:40,25.0,0.0,0.0,1.0,26.942406
51235,-33.81551,259779,151.101105,12/20/2025 01:35:40,0.043,2025-12-20 01:35:40,25.0,0.0,0.0,1.0,26.942406
51235,-33.81551,259779,151.101105,12/20/2025 01:35:40,0.043,2025-12-20 01:35:40,25.0,0.0,0.0,1.0,26.942406
51235,-33.81551,259779,151.101105,12/20/2025 01:35:40,0.043,2025-12-20 01:35:40,25.0,0.0,0.0,1.0,26.942406
51235,-33.81551,259779,151.101105,12/20/2025 01:35:40,0.043,2025-12-20 01:35:40,25.0,0.0,0.0,1.0,26.942406
51235,-33.81551,259779,151.101105,12/20/2025 01:35:40,0.043,2025-12-20 01:35:40,25.0,0.0,0.0,1.0,26.942406
51235,-33.81551,259779,151.101105,12/20/2025 01:35:40,0.043,2025-12-20 01:35:40,25.0,0.0,0.0,1.0,26.942406
51235,-33.81551,259779,151.101105,12/20/2025 01:35:40,0.043,2025-12-20 01:35:40,25.0,0.0,0.0,1.0,26.942406
51235,-33.81551,259779,151.101105,12/20/2025 01:35:40,0.043,2025-12-20 01:35:40,25.0,0.0,0.0,1.0,26.942406
51235,-33.81551,259779,151.101105,12/20/2025 01:35:40,0.043,2025-12-20 01:35:40,25.0,0.0,0.0,1.0,26.942406
51235,-33.81551,259779,151.101105,12/20/2025 01:35:40,0.043,2025-12-20 01:35:40,25.0,0.0,0.0,1.0,26.942406
51235,-33.81551,259779,151.101105,12/20/2025 01:35:40,0.043,2025-12-20 01:35:40,25.0,0.0,0.0,1.0,26.942406
51235,-33.81551,259779,151.101105,12/20/2025 01:35:40,0.043,2025-12-20 01:35:40,25.0,0.0,0.0,1.0,26.942406
29005,-33.824696,260006,151.093216,12/22/2025 10:44:16,0.282,2025-12-22 10:44:16,28.75,0.0,0.0,2.0,30.417053
29005,-33.824696,260006,151.093216,12/22/2025 10:44:16,0.282,2025-12-22 10:44:16,28.75,0.0,0.0,2.0,30.417053
29005,-33.824696,260006,151.093216,12/22/2025 10:44:16,0.282,2025-12-22 10:44:16,28.75,0.0,0.0,2.0,30.417053
29005,-33.824696,260006,151.093216,12/22/2025 10:44:16,0.282,2025-12-22 10:44:16,28.75,0.0,0.0,2.0,30.417053
29005,-33.824696,260006,151.093216,12/22/2025 10:44:16,0.282,2025-12-22 10:44:16,28.75,0.0,0.0,2.0,30.417053
29005,-33.824696,260006,151.093216,12/22/2025 10:44:16,0.282,2025-12-22 10:44:16,28.75,0.0,0.0,2.0,30.417053
7163,-33.865181,260112,151.171997,12/23/2025 11:01:02,0.483,2025-12-23 11:01:02,27.25,0.0,0.0,1.0,30.251343
7163,-33.865181,260112,151.171997,12/23/2025 11:01:02,0.483,2025-12-23 11:01:02,27.25,0.0,0.0,1.0,30.251343
7163,-33.865181,260112,151.171997,12/23/2025 11:01:02,0.483,2025-12-23 11:01:02,27.25,0.0,0.0,1.0,30.251343
7163,-33.865181,260112,151.171997,12/23/2025 11:01:02,0.483,2025-12-23 11:01:02,27.25,0.0,0.0,1.0,30.251343
7161,-33.740406,260547,151.060989,12/31/2025 05:17:26,0.311,2025-12-31 05:17:26,14.5,0.0,0.0,3.0,14.694954
7161,-33.740406,260547,151.060989,12/31/2025 05:17:26,0.311,2025-12-31 05:17:26,14.5,0.0,0.0,3.0,14.694954
7161,-33.740406,260547,151.060989,12/31/2025 05:17:26,0.311,2025-12-31 05:17:26,14.5,0.0,0.0,3.0,14.694954
7161,-33.740406,260547,151.060989,12/31/2025 05:17:26,0.311,2025-12-31 05:17:26,14.5,0.0,0.0,3.0,14.694954
7184,-33.772957,258139,151.135391,12/04/2025 18:52:48,0.155,2025-12-04 18:52:48,27.85,0.0,0.0,0.0,25.361994
7179,-33.817272,258505,150.962784,12/08/2025 15:42:22,0.268,2025-12-08 15:42:22,30.75,0.0,0.0,3.0,32.254025
50240,-33.796436,258513,150.987595,12/08/2025 16:22:06,0.219,2025-12-08 16:22:06,27.9,0.0,0.0,1.0,28.248096
7162,-34.045811,259475,151.133041,12/17/2025 13:24:36,0.023,2025-12-17 13:24:36,24.25,0.0,0.0,1.0,26.222778
7162,-34.045811,259475,151.133041,12/17/2025 13:24:36,0.246,2025-12-17 13:24:36,24.25,0.0,0.0,1.0,26.222778
7162,-34.045811,259475,151.133041,12/17/2025 13:24:36,0.024,2025-12-17 13:24:36,24.25,0.0,0.0,1.0,26.222778
7162,-34.045811,259475,151.133041,12/17/2025 13:24:36,0.024,2025-12-17 13:24:36,24.25,0.0,0.0,1.0,26.222778
7162,-34.045811,259475,151.133041,12/17/2025 13:24:36,0.024,2025-12-17 13:24:36,24.25,0.0,0.0,1.0,26.222778
7161,-33.740406,259832,151.060989,12/20/2025 15:03:45,0.146,2025-12-20 15:03:45,30.6,0.0,0.0,2.0,31.922932
7159,-33.888157,259903,150.922974,12/21/2025 15:08:48,0.507,2025-12-21 15:08:48,38.7,0.0,0.0,3.0,40.150185
74230,-33.724735,260144,151.086151,12/23/2025 15:49:49,0.453,2025-12-23 15:49:49,32.45,0.0,0.0,0.0,30.83817
74230,-33.724735,260144,151.086151,12/23/2025 15:49:49,0.453,2025-12-23 15:49:49,32.45,0.0,0.0,0.0,30.83817
7120,-33.886311,260291,151.217911,12/25/2025 20:02:13,0.073,2025-12-25 20:02:13,18.15,0.0,0.0,3.0,15.589739
7121,-33.886032,260291,151.218079,12/25/2025 20:02:13,0.046,2025-12-25 20:02:13,18.15,0.0,0.0,3.0,15.589739
7161,-33.740406,260529,151.060989,12/30/2025 18:28:55,0.103,2025-12-30 18:28:55,23.1,0.0,0.0,3.0,21.678686
7270,-33.793304,257675,151.119659,12/01/2025 01:14:53,0.038,2025-12-01 01:14:53,16.05,0.0,0.0,0.0,13.572443
7270,-33.793304,257675,151.119659,12/01/2025 01:14:53,0.038,2025-12-01 01:14:53,16.05,0.0,0.0,0.0,13.572443
7123-PR,-33.769588,257907,150.768738,12/02/2025 19:50:17,0.05,2025-12-02 19:50:17,19.4,0.0,0.0,0.0,16.49439
7112,-33.843338,258391,151.043411,12/07/2025 09:53:09,0.167,2025-12-07 09:53:09,20.75,0.0,0.0,3.0,20.311422
7251,-33.874916,258710,151.155319,12/10/2025 13:57:11,0.649,2025-12-10 13:57:11,24.0,0.0,0.0,3.0,24.615343
7179,-33.817272,260000,150.962784,12/22/2025 10:04:23,0.406,2025-12-22 10:04:23,28.8,0.0,0.0,2.0,30.502296
7179,-33.817272,260000,150.962784,12/22/2025 10:04:23,0.406,2025-12-22 10:04:23,28.8,0.0,0.0,2.0,30.502296
7179,-33.817272,260000,150.962784,12/22/2025 10:04:23,0.406,2025-12-22 10:04:23,28.8,0.0,0.0,2.0,30.502296
53004,-33.75317,260132,151.151077,12/23/2025 13:27:47,0.365,2025-12-23 13:27:47,31.25,0.0,0.0,0.0,32.12497
74230,-33.724735,260196,151.086151,12/24/2025 10:26:12,0.233,2025-12-24 10:26:12,24.75,0.0,0.0,0.0,25.499058
7179,-33.817272,258041,150.962784,12/04/2025 00:44:33,0.102,2025-12-04 00:44:33,19.45,0.0,0.0,1.0,19.416733
53004,-33.75317,258283,151.151077,12/05/2025 19:21:22,0.644,2025-12-05 19:21:22,29.6,0.0,0.0,1.0,28.300251
53004,-33.75317,258283,151.151077,12/05/2025 19:21:22,0.644,2025-12-05 19:21:22,29.6,0.0,0.0,1.0,28.300251
57025,-33.725773,258333,151.219788,12/06/2025 13:42:39,0.466,2025-12-06 13:42:39,39.357502,0.0,0.0,2.0,38.33041
57025,-33.725773,258333,151.219788,12/06/2025 13:42:39,0.466,2025-12-06 13:42:39,39.357502,0.0,0.0,2.0,38.33041
57025,-33.725773,258333,151.219788,12/06/2025 13:42:39,0.466,2025-12-06 13:42:39,39.357502,0.0,0.0,2.0,38.33041
57025,-33.725773,258333,151.219788,12/06/2025 13:42:39,0.466,2025-12-06 13:42:39,39.357502,0.0,0.0,2.0,38.33041
57025,-33.725773,258333,151.219788,12/06/2025 13:42:39,0.466,2025-12-06 13:42:39,39.357502,0.0,0.0,2.0,38.33041
57025,-33.725773,258333,151.219788,12/06/2025 13:42:39,0.466,2025-12-06 13:42:39,39.357502,0.0,0.0,2.0,38.33041
57025,-33.725773,258333,151.219788,12/06/2025 13:42:39,0.466,2025-12-06 13:42:39,39.357502,0.0,0.0,2.0,38.33041
57025,-33.725773,258333,151.219788,12/06/2025 13:42:39,0.466,2025-12-06 13:42:39,39.357502,0.0,0.0,2.0,38.33041
57025,-33.725773,258333,151.219788,12/06/2025 13:42:39,0.466,2025-12-06 13:42:39,39.357502,0.0,0.0,2.0,38.33041
57025,-33.725773,258333,151.219788,12/06/2025 13:42:39,0.466,2025-12-06 13:42:39,39.357502,0.0,0.0,2.0,38.33041
57025,-33.725773,258333,151.219788,12/06/2025 13:42:39,0.466,2025-12-06 13:42:39,39.357502,0.0,0.0,2.0,38.33041
7248,-33.906151,258534,151.040207,12/08/2025 22:17:31,0.024,2025-12-08 22:17:31,21.85,0.0,0.0,3.0,24.366709
7168,-33.798195,258657,150.897125,12/10/2025 05:33:03,0.026,2025-12-10 05:33:03,19.05,0.0,0.0,3.0,18.828157
7168,-33.798195,258657,150.897125,12/10/2025 05:33:03,0.026,2025-12-10 05:33:03,19.05,0.0,0.0,3.0,18.828157
22001,-33.825577,259859,151.233261,12/21/2025 05:26:35,0.653,2025-12-21 05:26:35,22.05,0.0,0.0,3.0,25.894058
22001,-33.825577,259859,151.233261,12/21/2025 05:26:35,0.653,2025-12-21 05:26:35,22.05,0.0,0.0,3.0,25.894058
7248,-33.906151,260299,151.040207,12/26/2025 03:48:28,0.241,2025-12-26 03:48:28,15.85,0.0,0.0,3.0,14.423367
7248,-33.906151,260299,151.040207,12/26/2025 03:48:28,0.241,2025-12-26 03:48:28,15.85,0.0,0.0,3.0,14.423367
F3FWY004,-33.496265,257678,151.187408,12/01/2025 03:27:02,0.094,2025-12-01 03:27:02,13.0,0.0,0.0,0.0,10.348046
F3FWY004,-33.496265,257678,151.187408,12/01/2025 03:27:02,0.094,2025-12-01 03:27:02,13.0,0.0,0.0,0.0,10.348046
F3FWY004,-33.496265,257678,151.187408,12/01/2025 03:27:02,0.094,2025-12-01 03:27:02,13.0,0.0,0.0,0.0,10.348046
F3FWY004,-33.496265,257678,151.187408,12/01/2025 03:27:02,0.094,2025-12-01 03:27:02,13.0,0.0,0.0,0.0,10.348046
F3FWY004,-33.496265,257678,151.187408,12/01/2025 03:27:02,0.094,2025-12-01 03:27:02,13.0,0.0,0.0,0.0,10.348046
F3FWY004,-33.496265,257678,151.187408,12/01/2025 03:27:02,0.094,2025-12-01 03:27:02,13.0,0.0,0.0,0.0,10.348046
7163,-33.865181,257775,151.171997,12/01/2025 17:25:54,0.392,2025-12-01 17:25:54,21.7,0.0,0.0,3.0,16.80601
7163,-33.865181,257775,151.171997,12/01/2025 17:25:54,0.392,2025-12-01 17:25:54,21.7,0.0,0.0,3.0,16.80601
7112,-33.843338,258057,151.043411,12/04/2025 08:03:08,0.098,2025-12-04 08:03:08,20.3,0.0,0.0,0.0,20.556095
7112,-33.843338,258057,151.043411,12/04/2025 08:03:08,0.098,2025-12-04 08:03:08,20.3,0.0,0.0,0.0,20.556095
7120,-33.886311,258598,151.217911,12/09/2025 14:01:39,0.367,2025-12-09 14:01:39,30.4,0.0,0.0,0.0,33.7867
7121,-33.886032,258598,151.218079,12/09/2025 14:01:39,0.34,2025-12-09 14:01:39,30.4,0.0,0.0,0.0,33.7867
7120,-33.886311,258598,151.217911,12/09/2025 14:01:39,0.367,2025-12-09 14:01:39,30.4,0.0,0.0,0.0,33.7867
7121,-33.886032,258598,151.218079,12/09/2025 14:01:39,0.34,2025-12-09 14:01:39,30.4,0.0,0.0,0.0,33.7867
7179,-33.817272,258665,150.962784,12/10/2025 08:18:30,0.695,2025-12-10 08:18:30,20.25,0.0,0.0,1.0,20.699268
F3FWY001,-33.694206,258825,151.121323,12/11/2025 11:42:49,0.024,2025-12-11 11:42:49,21.85,0.0,0.0,3.0,20.701353
7179,-33.817272,258827,150.962784,12/11/2025 12:17:22,0.079,2025-12-11 12:17:22,22.6,0.0,0.0,3.0,21.402035
7179,-33.817272,258827,150.962784,12/11/2025 12:17:22,0.079,2025-12-11 12:17:22,22.6,0.0,0.0,3.0,21.402035
F3FWY001,-33.694206,258825,151.121323,12/11/2025 11:42:49,0.024,2025-12-11 11:42:49,21.85,0.0,0.0,3.0,20.701353
F3FWY001,-33.694206,258825,151.121323,12/11/2025 11:42:49,0.024,2025-12-11 11:42:49,21.85,0.0,0.0,3.0,20.701353
F3FWY001,-33.694206,258825,151.121323,12/11/2025 11:42:49,0.024,2025-12-11 11:42:49,21.85,0.0,0.0,3.0,20.701353
F3FWY001,-33.694206,258825,151.121323,12/11/2025 11:42:49,0.024,2025-12-11 11:42:49,21.85,0.0,0.0,3.0,20.701353
23067,-33.934475,259086,151.15831,12/12/2025 16:54:08,0.507,2025-12-12 16:54:08,20.65,0.1,0.1,51.0,21.951305
23067,-33.934475,259086,151.15831,12/12/2025 16:54:08,0.507,2025-12-12 16:54:08,20.65,0.1,0.1,51.0,21.951305
F3FWY003,-33.560299,259123,151.192551,12/12/2025 23:34:56,0.696,2025-12-12 23:34:56,16.85,0.0,0.0,0.0,18.941889
68025,-33.816696,259379,150.976623,12/16/2025 15:37:24,0.153,2025-12-16 15:37:24,21.2,0.0,0.0,3.0,20.805893
7275,-33.894714,260142,151.110962,12/23/2025 15:07:53,0.351,2025-12-23 15:07:53,28.95,0.0,0.0,0.0,29.820812
7275,-33.894714,260142,151.110962,12/23/2025 15:07:53,0.351,2025-12-23 15:07:53,28.95,0.0,0.0,0.0,29.820812
7179,-33.817272,260157,150.962784,12/23/2025 17:42:05,0.038,2025-12-23 17:42:05,23.65,0.0,0.0,0.0,21.831205
7163,-33.865181,257775,151.171997,12/01/2025 17:25:54,0.392,2025-12-01 17:25:54,21.7,0.0,0.0,3.0,16.80601
23067,-33.934475,257794,151.15831,12/01/2025 22:19:40,0.507,2025-12-01 22:19:40,16.55,0.0,0.0,3.0,13.672531
7120,-33.886311,258277,151.217911,12/05/2025 18:14:28,0.133,2025-12-05 18:14:28,31.75,0.0,0.0,2.0,29.493614
7121,-33.886032,258277,151.218079,12/05/2025 18:14:28,0.137,2025-12-05 18:14:28,31.75,0.0,0.0,2.0,29.493614
7126,-34.035271,259147,151.113007,12/13/2025 13:37:06,0.691,2025-12-13 13:37:06,24.95,0.0,0.0,2.0,28.934925
7126,-34.035271,259147,151.113007,12/13/2025 13:37:06,0.689,2025-12-13 13:37:06,24.95,0.0,0.0,2.0,28.934925
7126,-34.035271,259147,151.113007,12/13/2025 13:37:06,0.689,2025-12-13 13:37:06,24.95,0.0,0.0,2.0,28.934925
7168,-33.798195,259239,150.897125,12/15/2025 08:26:59,0.035,2025-12-15 08:26:59,19.0,0.2,0.2,51.0,20.844864
7168,-33.798195,259239,150.897125,12/15/2025 08:26:59,0.035,2025-12-15 08:26:59,19.0,0.2,0.2,51.0,20.844864
7168,-33.798195,259239,150.897125,12/15/2025 08:26:59,0.035,2025-12-15 08:26:59,19.0,0.2,0.2,51.0,20.844864
7168,-33.798195,259239,150.897125,12/15/2025 08:26:59,0.035,2025-12-15 08:26:59,19.0,0.2,0.2,51.0,20.844864
7168,-33.798195,259239,150.897125,12/15/2025 08:26:59,0.035,2025-12-15 08:26:59,19.0,0.2,0.2,51.0,20.844864
7168,-33.798195,259239,150.897125,12/15/2025 08:26:59,0.035,2025-12-15 08:26:59,19.0,0.2,0.2,51.0,20.844864
7168,-33.798195,259239,150.897125,12/15/2025 08:26:59,0.035,2025-12-15 08:26:59,19.0,0.2,0.2,51.0,20.844864
50240,-33.796436,259509,150.987595,12/17/2025 17:24:53,0.521,2025-12-17 17:24:53,25.25,0.0,0.0,0.0,26.26033
50240,-33.796436,259509,150.987595,12/17/2025 17:24:53,0.521,2025-12-17 17:24:53,25.25,0.0,0.0,0.0,26.26033
7119-PR,-33.817974,260021,150.981827,12/22/2025 12:11:08,0.038,2025-12-22 12:11:08,25.7,1.0,1.0,55.0,26.095125
7184,-33.772957,260182,151.135391,12/24/2025 07:06:20,0.432,2025-12-24 07:06:20,18.55,0.0,0.0,0.0,19.13043
7120,-33.886311,260368,151.217911,12/27/2025 17:04:00,0.453,2025-12-27 17:04:00,19.2,0.0,0.0,0.0,16.621458
7121,-33.886032,260368,151.218079,12/27/2025 17:04:00,0.445,2025-12-27 17:04:00,19.2,0.0,0.0,0.0,16.621458
7132,-33.953056,260380,151.137482,12/27/2025 22:46:37,0.019,2025-12-27 22:46:37,17.45,0.0,0.0,1.0,15.741753
7120,-33.886311,255350,151.217911,11/11/2025 14:20:39,0.458,2025-11-11 14:20:39,27.55,0.0,0.0,1.0,26.164234
7121,-33.886032,255350,151.218079,11/11/2025 14:20:39,0.486,2025-11-11 14:20:39,27.55,0.0,0.0,1.0,26.164234
7120,-33.886311,255350,151.217911,11/11/2025 14:20:39,0.458,2025-11-11 14:20:39,27.55,0.0,0.0,1.0,26.164234
7121,-33.886032,255350,151.218079,11/11/2025 14:20:39,0.486,2025-11-11 14:20:39,27.55,0.0,0.0,1.0,26.164234
7168,-33.798195,257922,150.897125,12/03/2025 07:17:32,0.646,2025-12-03 07:17:32,13.65,0.0,0.0,0.0,12.706373
7168,-33.798195,257922,150.897125,12/03/2025 07:17:32,0.543,2025-12-03 07:17:32,13.65,0.0,0.0,0.0,12.706373
7168,-33.798195,257922,150.897125,12/03/2025 07:17:32,0.543,2025-12-03 07:17:32,13.65,0.0,0.0,0.0,12.706373
7168,-33.798195,257922,150.897125,12/03/2025 07:17:32,0.543,2025-12-03 07:17:32,13.65,0.0,0.0,0.0,12.706373
7270,-33.793304,257980,151.119659,12/03/2025 14:16:33,0.108,2025-12-03 14:16:33,28.3,0.0,0.0,0.0,30.193825
7153,-33.8651123046875,258186,151.041610717773,12/05/2025 08:10:23,0.016,2025-12-05 08:10:23,23.1,0.0,0.0,0.0,21.20984
7153,-33.8651123046875,258186,151.041610717773,12/05/2025 08:10:23,0.016,2025-12-05 08:10:23,23.1,0.0,0.0,0.0,21.20984
7153,-33.8651123046875,258186,151.041610717773,12/05/2025 08:10:23,0.145,2025-12-05 08:10:23,23.1,0.0,0.0,0.0,21.20984
9827,-33.719955,258879,151.298111,12/12/2025 01:30:50,0.063,2025-12-12 01:30:50,19.5,0.0,0.0,3.0,19.433205
7120,-33.886311,255350,151.217911,11/11/2025 14:20:39,0.458,2025-11-11 14:20:39,27.55,0.0,0.0,1.0,26.164234
7121,-33.886032,255350,151.218079,11/11/2025 14:20:39,0.486,2025-11-11 14:20:39,27.55,0.0,0.0,1.0,26.164234
7120,-33.886311,255350,151.217911,11/11/2025 14:20:39,0.458,2025-11-11 14:20:39,27.55,0.0,0.0,1.0,26.164234
7121,-33.886032,255350,151.218079,11/11/2025 14:20:39,0.486,2025-11-11 14:20:39,27.55,0.0,0.0,1.0,26.164234
7120,-33.886311,259179,151.217911,12/14/2025 02:00:04,0.365,2025-12-14 02:00:04,19.05,0.7,0.7,53.0,21.306305
7121,-33.886032,259179,151.218079,12/14/2025 02:00:04,0.338,2025-12-14 02:00:04,19.05,0.7,0.7,53.0,21.306305
7179,-33.817272,259224,150.962784,12/14/2025 23:41:36,0.047,2025-12-14 23:41:36,19.1,0.0,0.0,1.0,18.484535
7179,-33.817272,259224,150.962784,12/14/2025 23:41:36,0.047,2025-12-14 23:41:36,19.1,0.0,0.0,1.0,18.484535
F3FWY003,-33.560299,259528,151.192551,12/17/2025 20:10:28,0.302,2025-12-17 20:10:28,20.25,0.0,0.0,0.0,20.69558
F3FWY003,-33.560299,259528,151.192551,12/17/2025 20:10:28,0.302,2025-12-17 20:10:28,20.25,0.0,0.0,0.0,20.69558
F3FWY003,-33.560299,259528,151.192551,12/17/2025 20:10:28,0.302,2025-12-17 20:10:28,20.25,0.0,0.0,0.0,20.69558
F3FWY003,-33.560299,259528,151.192551,12/17/2025 20:10:28,0.302,2025-12-17 20:10:28,20.25,0.0,0.0,0.0,20.69558
F3FWY003,-33.560299,259528,151.192551,12/17/2025 20:10:28,0.302,2025-12-17 20:10:28,20.25,0.0,0.0,0.0,20.69558
F3FWY003,-33.560299,259528,151.192551,12/17/2025 20:10:28,0.302,2025-12-17 20:10:28,20.25,0.0,0.0,0.0,20.69558
F3FWY003,-33.560299,260075,151.192551,12/23/2025 07:38:31,0.034,2025-12-23 07:38:31,20.75,0.0,0.0,0.0,23.875725
F3FWY003,-33.560299,260075,151.192551,12/23/2025 07:38:31,0.034,2025-12-23 07:38:31,20.75,0.0,0.0,0.0,23.875725
29005,-33.824696,260385,151.093216,12/28/2025 05:49:55,0.184,2025-12-28 05:49:55,14.9,0.0,0.0,3.0,14.076153
29005,-33.824696,260385,151.093216,12/28/2025 05:49:55,0.184,2025-12-28 05:49:55,14.9,0.0,0.0,3.0,14.076153
T0288,-33.455536,243642,151.205093,07/29/2025 11:11:43,0.025,2025-07-29 11:11:43,15.45,0.0,0.0,3.0,11.736444
T0289,-33.455235,243642,151.205383,07/29/2025 11:11:43,0.025,2025-07-29 11:11:43,15.45,0.0,0.0,3.0,11.736444
T0290,-33.454796,243642,151.205872,07/29/2025 11:11:43,0.09,2025-07-29 11:11:43,15.45,0.0,0.0,3.0,11.736444
T0479-PR,-33.454525,243642,151.206726,07/29/2025 11:11:43,0.172,2025-07-29 11:11:43,15.45,0.0,0.0,3.0,11.736444
T0288,-33.455536,243642,151.205093,07/29/2025 11:11:43,0.025,2025-07-29 11:11:43,15.45,0.0,0.0,3.0,11.736444
T0289,-33.455235,243642,151.205383,07/29/2025 11:11:43,0.025,2025-07-29 11:11:43,15.45,0.0,0.0,3.0,11.736444
T0290,-33.454796,243642,151.205872,07/29/2025 11:11:43,0.09,2025-07-29 11:11:43,15.45,0.0,0.0,3.0,11.736444
T0479-PR,-33.454525,243642,151.206726,07/29/2025 11:11:43,0.172,2025-07-29 11:11:43,15.45,0.0,0.0,3.0,11.736444
T0288,-33.455536,243642,151.205093,07/29/2025 11:11:43,0.025,2025-07-29 11:11:43,15.45,0.0,0.0,3.0,11.736444
T0289,-33.455235,243642,151.205383,07/29/2025 11:11:43,0.025,2025-07-29 11:11:43,15.45,0.0,0.0,3.0,11.736444
T0290,-33.454796,243642,151.205872,07/29/2025 11:11:43,0.09,2025-07-29 11:11:43,15.45,0.0,0.0,3.0,11.736444
T0479-PR,-33.454525,243642,151.206726,07/29/2025 11:11:43,0.172,2025-07-29 11:11:43,15.45,0.0,0.0,3.0,11.736444
T0288,-33.455536,243642,151.205093,07/29/2025 11:11:43,0.025,2025-07-29 11:11:43,15.45,0.0,0.0,3.0,11.736444
T0289,-33.455235,243642,151.205383,07/29/2025 11:11:43,0.025,2025-07-29 11:11:43,15.45,0.0,0.0,3.0,11.736444
T0290,-33.454796,243642,151.205872,07/29/2025 11:11:43,0.09,2025-07-29 11:11:43,15.45,0.0,0.0,3.0,11.736444
T0479-PR,-33.454525,243642,151.206726,07/29/2025 11:11:43,0.172,2025-07-29 11:11:43,15.45,0.0,0.0,3.0,11.736444
T0288,-33.455536,243642,151.205093,07/29/2025 11:11:43,0.025,2025-07-29 11:11:43,15.45,0.0,0.0,3.0,11.736444
T0289,-33.455235,243642,151.205383,07/29/2025 11:11:43,0.025,2025-07-29 11:11:43,15.45,0.0,0.0,3.0,11.736444
T0290,-33.454796,243642,151.205872,07/29/2025 11:11:43,0.09,2025-07-29 11:11:43,15.45,0.0,0.0,3.0,11.736444
T0479-PR,-33.454525,243642,151.206726,07/29/2025 11:11:43,0.172,2025-07-29 11:11:43,15.45,0.0,0.0,3.0,11.736444
T0288,-33.455536,243642,151.205093,07/29/2025 11:11:43,0.025,2025-07-29 11:11:43,15.45,0.0,0.0,3.0,11.736444
T0289,-33.455235,243642,151.205383,07/29/2025 11:11:43,0.025,2025-07-29 11:11:43,15.45,0.0,0.0,3.0,11.736444
T0290,-33.454796,243642,151.205872,07/29/2025 11:11:43,0.09,2025-07-29 11:11:43,15.45,0.0,0.0,3.0,11.736444
T0479-PR,-33.454525,243642,151.206726,07/29/2025 11:11:43,0.172,2025-07-29 11:11:43,15.45,0.0,0.0,3.0,11.736444
T0288,-33.455536,243642,151.205093,07/29/2025 11:11:43,0.025,2025-07-29 11:11:43,15.45,0.0,0.0,3.0,11.736444
T0289,-33.455235,243642,151.205383,07/29/2025 11:11:43,0.025,2025-07-29 11:11:43,15.45,0.0,0.0,3.0,11.736444
T0290,-33.454796,243642,151.205872,07/29/2025 11:11:43,0.09,2025-07-29 11:11:43,15.45,0.0,0.0,3.0,11.736444
T0479-PR,-33.454525,243642,151.206726,07/29/2025 11:11:43,0.172,2025-07-29 11:11:43,15.45,0.0,0.0,3.0,11.736444
T0288,-33.455536,243642,151.205093,07/29/2025 11:11:43,0.025,2025-07-29 11:11:43,15.45,0.0,0.0,3.0,11.736444
T0289,-33.455235,243642,151.205383,07/29/2025 11:11:43,0.025,2025-07-29 11:11:43,15.45,0.0,0.0,3.0,11.736444
T0290,-33.454796,243642,151.205872,07/29/2025 11:11:43,0.09,2025-07-29 11:11:43,15.45,0.0,0.0,3.0,11.736444
T0479-PR,-33.454525,243642,151.206726,07/29/2025 11:11:43,0.172,2025-07-29 11:11:43,15.45,0.0,0.0,3.0,11.736444
T0288,-33.455536,243642,151.205093,07/29/2025 11:11:43,0.025,2025-07-29 11:11:43,15.45,0.0,0.0,3.0,11.736444
T0289,-33.455235,243642,151.205383,07/29/2025 11:11:43,0.025,2025-07-29 11:11:43,15.45,0.0,0.0,3.0,11.736444
T0290,-33.454796,243642,151.205872,07/29/2025 11:11:43,0.09,2025-07-29 11:11:43,15.45,0.0,0.0,3.0,11.736444
T0479-PR,-33.454525,243642,151.206726,07/29/2025 11:11:43,0.172,2025-07-29 11:11:43,15.45,0.0,0.0,3.0,11.736444
T0288,-33.455536,243642,151.205093,07/29/2025 11:11:43,0.025,2025-07-29 11:11:43,15.45,0.0,0.0,3.0,11.736444
T0289,-33.455235,243642,151.205383,07/29/2025 11:11:43,0.025,2025-07-29 11:11:43,15.45,0.0,0.0,3.0,11.736444
T0290,-33.454796,243642,151.205872,07/29/2025 11:11:43,0.09,2025-07-29 11:11:43,15.45,0.0,0.0,3.0,11.736444
T0479-PR,-33.454525,243642,151.206726,07/29/2025 11:11:43,0.172,2025-07-29 11:11:43,15.45,0.0,0.0,3.0,11.736444
T0288,-33.455536,243642,151.205093,07/29/2025 11:11:43,0.025,2025-07-29 11:11:43,15.45,0.0,0.0,3.0,11.736444
T0289,-33.455235,243642,151.205383,07/29/2025 11:11:43,0.025,2025-07-29 11:11:43,15.45,0.0,0.0,3.0,11.736444
T0290,-33.454796,243642,151.205872,07/29/2025 11:11:43,0.09,2025-07-29 11:11:43,15.45,0.0,0.0,3.0,11.736444
T0479-PR,-33.454525,243642,151.206726,07/29/2025 11:11:43,0.172,2025-07-29 11:11:43,15.45,0.0,0.0,3.0,11.736444
7159,-33.888157,255659,150.922974,11/14/2025 09:29:36,0.507,2025-11-14 09:29:36,19.6,0.1,0.1,51.0,19.516586
7159,-33.888157,255659,150.922974,11/14/2025 09:29:36,0.507,2025-11-14 09:29:36,19.6,0.1,0.1,51.0,19.516586
74230,-33.724735,257685,151.086151,12/01/2025 06:45:36,0.42,2025-12-01 06:45:36,12.2,0.0,0.0,0.0,9.0037565
7159,-33.888157,255659,150.922974,11/14/2025 09:29:36,0.507,2025-11-14 09:29:36,19.6,0.1,0.1,51.0,19.516586
7168,-33.798195,258082,150.897125,12/04/2025 12:58:40,0.035,2025-12-04 12:58:40,31.75,0.0,0.0,0.0,31.687508
50250,-33.797592,258962,150.975433,12/12/2025 12:23:06,0.015,2025-12-12 12:23:06,19.65,0.2,0.2,51.0,20.965103
50250,-33.797592,258962,150.975433,12/12/2025 12:23:06,0.043,2025-12-12 12:23:06,19.65,0.2,0.2,51.0,20.965103
50250,-33.797592,258962,150.975433,12/12/2025 12:23:06,0.043,2025-12-12 12:23:06,19.65,0.2,0.2,51.0,20.965103
50250,-33.797592,258962,150.975433,12/12/2025 12:23:06,0.095,2025-12-12 12:23:06,19.65,0.2,0.2,51.0,20.965103
50250,-33.797592,258962,150.975433,12/12/2025 12:23:06,0.095,2025-12-12 12:23:06,19.65,0.2,0.2,51.0,20.965103
50250,-33.797592,258962,150.975433,12/12/2025 12:23:06,0.095,2025-12-12 12:23:06,19.65,0.2,0.2,51.0,20.965103
50250,-33.797592,258962,150.975433,12/12/2025 12:23:06,0.095,2025-12-12 12:23:06,19.65,0.2,0.2,51.0,20.965103
50250,-33.797592,258962,150.975433,12/12/2025 12:23:06,0.095,2025-12-12 12:23:06,19.65,0.2,0.2,51.0,20.965103
50250,-33.797592,258962,150.975433,12/12/2025 12:23:06,0.095,2025-12-12 12:23:06,19.65,0.2,0.2,51.0,20.965103
50250,-33.797592,258962,150.975433,12/12/2025 12:23:06,0.095,2025-12-12 12:23:06,19.65,0.2,0.2,51.0,20.965103
50250,-33.797592,258962,150.975433,12/12/2025 12:23:06,0.095,2025-12-12 12:23:06,19.65,0.2,0.2,51.0,20.965103
T0288,-33.455536,243642,151.205093,07/29/2025 11:11:43,0.025,2025-07-29 11:11:43,15.45,0.0,0.0,3.0,11.736444
T0289,-33.455235,243642,151.205383,07/29/2025 11:11:43,0.025,2025-07-29 11:11:43,15.45,0.0,0.0,3.0,11.736444
T0290,-33.454796,243642,151.205872,07/29/2025 11:11:43,0.09,2025-07-29 11:11:43,15.45,0.0,0.0,3.0,11.736444
T0479-PR,-33.454525,243642,151.206726,07/29/2025 11:11:43,0.172,2025-07-29 11:11:43,15.45,0.0,0.0,3.0,11.736444
7112,-33.843338,259787,151.043411,12/20/2025 06:26:40,0.211,2025-12-20 06:26:40,22.95,2.9,2.9,63.0,26.672558
7112,-33.843338,259787,151.043411,12/20/2025 06:26:40,0.211,2025-12-20 06:26:40,22.95,2.9,2.9,63.0,26.672558
50240,-33.796436,260332,150.987595,12/26/2025 21:44:06,0.473,2025-12-26 21:44:06,15.25,0.0,0.0,0.0,13.513025
51235,-33.81551,257696,151.101105,12/01/2025 08:26:16,0.448,2025-12-01 08:26:16,18.05,0.0,0.0,2.0,15.106482
51235,-33.81551,257696,151.101105,12/01/2025 08:26:16,0.448,2025-12-01 08:26:16,18.05,0.0,0.0,2.0,15.106482
53004,-33.75317,258003,151.151077,12/03/2025 16:11:16,0.471,2025-12-03 16:11:16,26.35,0.0,0.0,0.0,26.052498
53004,-33.75317,258003,151.151077,12/03/2025 16:11:16,0.471,2025-12-03 16:11:16,26.35,0.0,0.0,0.0,26.052498
74228,-33.723019,258927,151.036606,12/12/2025 10:16:29,0.327,2025-12-12 10:16:29,18.6,2.2,2.2,61.0,20.072372
7179,-33.817272,259383,150.962784,12/16/2025 16:13:02,0.1,2025-12-16 16:13:02,21.3,0.0,0.0,3.0,20.978548
7112,-33.843338,259492,151.043411,12/17/2025 15:41:30,0.1,2025-12-17 15:41:30,25.15,0.0,0.0,0.0,27.57939
7112,-33.843338,259492,151.043411,12/17/2025 15:41:30,0.1,2025-12-17 15:41:30,25.15,0.0,0.0,0.0,27.57939
7120,-33.886311,260171,151.217911,12/24/2025 00:36:58,0.56,2025-12-24 00:36:58,19.5,0.0,0.0,0.0,19.550022
7121,-33.886032,260171,151.218079,12/24/2025 00:36:58,0.555,2025-12-24 00:36:58,19.5,0.0,0.0,0.0,19.550022
7120,-33.886311,260171,151.217911,12/24/2025 00:36:58,0.56,2025-12-24 00:36:58,19.5,0.0,0.0,0.0,19.550022
7121,-33.886032,260171,151.218079,12/24/2025 00:36:58,0.555,2025-12-24 00:36:58,19.5,0.0,0.0,0.0,19.550022
7120,-33.886311,260171,151.217911,12/24/2025 00:36:58,0.56,2025-12-24 00:36:58,19.5,0.0,0.0,0.0,19.550022
7121,-33.886032,260171,151.218079,12/24/2025 00:36:58,0.555,2025-12-24 00:36:58,19.5,0.0,0.0,0.0,19.550022
23067,-33.934475,260236,151.15831,12/24/2025 18:23:58,0.179,2025-12-24 18:23:58,28.45,0.0,0.0,0.0,28.331268
7120,-33.886311,260364,151.217911,12/27/2025 14:37:09,0.453,2025-12-27 14:37:09,19.4,0.0,0.0,1.0,17.93036
7121,-33.886032,260364,151.218079,12/27/2025 14:37:09,0.445,2025-12-27 14:37:09,19.4,0.0,0.0,1.0,17.93036
7163,-33.865181,260472,151.171997,12/29/2025 22:43:20,0.422,2025-12-29 22:43:20,17.9,0.0,0.0,0.0,17.456104
9849,-33.877975,260481,151.093185,12/30/2025 06:33:56,0.097,2025-12-30 06:33:56,12.55,0.0,0.0,0.0,12.482344
9849,-33.877975,260481,151.093185,12/30/2025 06:33:56,0.083,2025-12-30 06:33:56,12.55,0.0,0.0,0.0,12.482344
9849,-33.877975,260481,151.093185,12/30/2025 06:33:56,0.083,2025-12-30 06:33:56,12.55,0.0,0.0,0.0,12.482344
7248,-33.906151,258484,151.040207,12/08/2025 13:26:35,0.528,2025-12-08 13:26:35,28.2,0.0,0.0,3.0,28.921127
7248,-33.906151,258484,151.040207,12/08/2025 13:26:35,0.528,2025-12-08 13:26:35,28.2,0.0,0.0,3.0,28.921127
7248,-33.906151,258484,151.040207,12/08/2025 13:26:35,0.528,2025-12-08 13:26:35,28.2,0.0,0.0,3.0,28.921127
7161,-33.740406,258522,151.060989,12/08/2025 18:12:03,0.336,2025-12-08 18:12:03,24.8,0.0,0.0,2.0,23.8631
7161,-33.740406,258522,151.060989,12/08/2025 18:12:03,0.336,2025-12-08 18:12:03,24.8,0.0,0.0,2.0,23.8631
7161,-33.740406,258522,151.060989,12/08/2025 18:12:03,0.336,2025-12-08 18:12:03,24.8,0.0,0.0,2.0,23.8631
7163,-33.865181,250974,151.171997,09/29/2025 10:55:54,0.254,2025-09-29 10:55:54,18.9,0.2,0.2,51.0,18.487036
7120,-33.886311,259131,151.217911,12/13/2025 07:13:02,0.631,2025-12-13 07:13:02,16.85,0.0,0.0,3.0,18.183584
7121,-33.886032,259131,151.218079,12/13/2025 07:13:02,0.603,2025-12-13 07:13:02,16.85,0.0,0.0,3.0,18.183584
7120,-33.886311,259131,151.217911,12/13/2025 07:13:02,0.631,2025-12-13 07:13:02,16.85,0.0,0.0,3.0,18.183584
7121,-33.886032,259131,151.218079,12/13/2025 07:13:02,0.603,2025-12-13 07:13:02,16.85,0.0,0.0,3.0,18.183584
7120,-33.886311,259131,151.217911,12/13/2025 07:13:02,0.631,2025-12-13 07:13:02,16.85,0.0,0.0,3.0,18.183584
7121,-33.886032,259131,151.218079,12/13/2025 07:13:02,0.603,2025-12-13 07:13:02,16.85,0.0,0.0,3.0,18.183584
7120,-33.886311,259131,151.217911,12/13/2025 07:13:02,0.631,2025-12-13 07:13:02,16.85,0.0,0.0,3.0,18.183584
7121,-33.886032,259131,151.218079,12/13/2025 07:13:02,0.603,2025-12-13 07:13:02,16.85,0.0,0.0,3.0,18.183584
7120,-33.886311,259131,151.217911,12/13/2025 07:13:02,0.631,2025-12-13 07:13:02,16.85,0.0,0.0,3.0,18.183584
7121,-33.886032,259131,151.218079,12/13/2025 07:13:02,0.603,2025-12-13 07:13:02,16.85,0.0,0.0,3.0,18.183584
7120,-33.886311,259131,151.217911,12/13/2025 07:13:02,0.631,2025-12-13 07:13:02,16.85,0.0,0.0,3.0,18.183584
7121,-33.886032,259131,151.218079,12/13/2025 07:13:02,0.603,2025-12-13 07:13:02,16.85,0.0,0.0,3.0,18.183584
50240,-33.796436,259505,150.987595,12/17/2025 17:06:22,0.01,2025-12-17 17:06:22,25.25,0.0,0.0,0.0,26.26033
7248,-33.906151,260043,151.040207,12/22/2025 15:36:35,0.214,2025-12-22 15:36:35,32.7,0.0,0.0,0.0,34.20882
7248,-33.906151,260043,151.040207,12/22/2025 15:36:35,0.214,2025-12-22 15:36:35,32.7,0.0,0.0,0.0,34.20882
7120,-33.886311,260177,151.217911,12/24/2025 02:24:18,0.12,2025-12-24 02:24:18,19.25,0.0,0.0,0.0,19.76344
7121,-33.886032,260177,151.218079,12/24/2025 02:24:18,0.086,2025-12-24 02:24:18,19.25,0.0,0.0,0.0,19.76344
29005,-33.824696,260386,151.093216,12/28/2025 07:21:18,0.184,2025-12-28 07:21:18,16.0,0.0,0.0,1.0,14.609964
29005,-33.824696,260386,151.093216,12/28/2025 07:21:18,0.184,2025-12-28 07:21:18,16.0,0.0,0.0,1.0,14.609964
29005,-33.824696,260386,151.093216,12/28/2025 07:21:18,0.184,2025-12-28 07:21:18,16.0,0.0,0.0,1.0,14.609964
10011,-33.876652,260541,151.230606,12/30/2025 23:01:34,0.114,2025-12-30 23:01:34,18.0,0.0,0.0,3.0,18.875147
7139,-33.876884,260541,151.228683,12/30/2025 23:01:34,0.292,2025-12-30 23:01:34,18.0,0.0,0.0,3.0,18.875147
7179,-33.817272,258032,150.962784,12/03/2025 22:28:15,0.194,2025-12-03 22:28:15,20.5,0.0,0.0,2.0,21.08616
F3FWY003,-33.560299,258920,151.192551,12/12/2025 09:31:56,0.862,2025-12-12 09:31:56,17.6,7.8,7.8,65.0,19.339464
10011,-33.876652,259126,151.230606,12/13/2025 03:50:10,0.273,2025-12-13 03:50:10,16.8,0.0,0.0,2.0,18.521452
7139,-33.876884,259126,151.228683,12/13/2025 03:50:10,0.095,2025-12-13 03:50:10,16.8,0.0,0.0,2.0,18.521452
10011,-33.876652,259126,151.230606,12/13/2025 03:50:10,0.273,2025-12-13 03:50:10,16.8,0.0,0.0,2.0,18.521452
7139,-33.876884,259126,151.228683,12/13/2025 03:50:10,0.095,2025-12-13 03:50:10,16.8,0.0,0.0,2.0,18.521452
7179,-33.817272,259780,150.962784,12/20/2025 04:25:04,0.163,2025-12-20 04:25:04,24.15,0.0,0.0,3.0,26.476154
7179,-33.817272,259780,150.962784,12/20/2025 04:25:04,0.163,2025-12-20 04:25:04,24.15,0.0,0.0,3.0,26.476154
10011,-33.876652,260293,151.230606,12/25/2025 22:03:39,0.502,2025-12-25 22:03:39,18.2,0.0,0.0,3.0,16.040594
7139,-33.876884,260293,151.228683,12/25/2025 22:03:39,0.657,2025-12-25 22:03:39,18.2,0.0,0.0,3.0,16.040594
7179,-33.817272,260470,150.962784,12/29/2025 19:35:45,0.101,2025-12-29 19:35:45,20.3,0.0,0.0,0.0,18.435669
7112,-33.843338,260575,151.043411,12/31/2025 17:25:30,0.08,2025-12-31 17:25:30,22.65,0.0,0.0,1.0,22.083998
7112,-33.843338,260575,151.043411,12/31/2025 17:25:30,0.08,2025-12-31 17:25:30,22.65,0.0,0.0,1.0,22.083998
23067,-33.934475,258422,151.15831,12/07/2025 18:47:57,0.193,2025-12-07 18:47:57,19.0,0.0,0.0,3.0,17.085154
F3FWY003,-33.560299,258674,151.192551,12/10/2025 10:02:39,0.503,2025-12-10 10:02:39,21.95,0.0,0.0,3.0,22.485035
53003,-33.729225,258782,151.122208,12/11/2025 05:19:58,0.019,2025-12-11 05:19:58,18.1,0.0,0.0,3.0,18.991293
53003,-33.729225,258782,151.122208,12/11/2025 05:19:58,0.019,2025-12-11 05:19:58,18.1,0.0,0.0,3.0,18.991293
53003,-33.729225,258782,151.122208,12/11/2025 05:19:58,0.019,2025-12-11 05:19:58,18.1,0.0,0.0,3.0,18.991293
7120,-33.886311,259778,151.217911,12/20/2025 01:19:41,0.346,2025-12-20 01:19:41,23.95,0.0,0.0,2.0,25.937855
7121,-33.886032,259778,151.218079,12/20/2025 01:19:41,0.319,2025-12-20 01:19:41,23.95,0.0,0.0,2.0,25.937855
7163,-33.865181,260138,151.171997,12/23/2025 14:13:42,0.529,2025-12-23 14:13:42,32.45,0.0,0.0,0.0,32.387825
7163,-33.865181,260138,151.171997,12/23/2025 14:13:42,0.529,2025-12-23 14:13:42,32.45,0.0,0.0,0.0,32.387825
7153,-33.8651123046875,260327,151.041610717773,12/26/2025 20:18:00,0.016,2025-12-26 20:18:00,16.4,0.0,0.0,0.0,14.062254
7153,-33.8651123046875,260327,151.041610717773,12/26/2025 20:18:00,0.016,2025-12-26 20:18:00,16.4,0.0,0.0,0.0,14.062254
7184,-33.772957,260488,151.135391,12/30/2025 09:56:38,0.038,2025-12-30 09:56:38,19.15,0.0,0.0,0.0,18.53198
7163,-33.865181,253437,151.171997,10/22/2025 16:49:30,0.369,2025-10-22 16:49:30,38.05,0.0,0.0,3.0,33.969376
7163,-33.865181,253437,151.171997,10/22/2025 16:49:30,0.369,2025-10-22 16:49:30,38.05,0.0,0.0,3.0,33.969376
29005,-33.824696,257676,151.093216,12/01/2025 02:14:47,0.568,2025-12-01 02:14:47,15.4,0.0,0.0,0.0,13.946022
29005,-33.824696,257676,151.093216,12/01/2025 02:14:47,0.568,2025-12-01 02:14:47,15.4,0.0,0.0,0.0,13.946022
29005,-33.824696,257676,151.093216,12/01/2025 02:14:47,0.568,2025-12-01 02:14:47,15.4,0.0,0.0,0.0,13.946022
29005,-33.824696,257676,151.093216,12/01/2025 02:14:47,0.568,2025-12-01 02:14:47,15.4,0.0,0.0,0.0,13.946022
50240,-33.796436,258248,150.987595,12/05/2025 14:24:13,0.51,2025-12-05 14:24:13,38.4,0.0,0.0,1.0,38.80519
50240,-33.796436,258248,150.987595,12/05/2025 14:24:13,0.51,2025-12-05 14:24:13,38.4,0.0,0.0,1.0,38.80519
7163,-33.865181,253437,151.171997,10/22/2025 16:49:30,0.369,2025-10-22 16:49:30,38.05,0.0,0.0,3.0,33.969376
7163,-33.865181,253439,151.171997,10/22/2025 16:52:13,0.284,2025-10-22 16:52:13,38.05,0.0,0.0,3.0,33.969376
33014,-33.806141,259481,151.17952,12/17/2025 13:47:53,0.972,2025-12-17 13:47:53,23.4,0.0,0.0,0.0,25.166452
33014,-33.806141,259481,151.17952,12/17/2025 13:47:53,0.972,2025-12-17 13:47:53,23.4,0.0,0.0,0.0,25.166452
68025,-33.816696,260048,150.976623,12/22/2025 17:15:31,0.314,2025-12-22 17:15:31,25.75,0.0,0.0,0.0,25.537603
68025,-33.816696,260048,150.976623,12/22/2025 17:15:31,0.314,2025-12-22 17:15:31,25.75,0.0,0.0,0.0,25.537603
7112,-33.843338,258700,151.043411,12/10/2025 12:27:51,0.116,2025-12-10 12:27:51,25.35,0.0,0.0,3.0,26.866262
7112,-33.843338,258700,151.043411,12/10/2025 12:27:51,0.116,2025-12-10 12:27:51,25.35,0.0,0.0,3.0,26.866262
7112,-33.843338,258700,151.043411,12/10/2025 12:27:51,0.116,2025-12-10 12:27:51,25.35,0.0,0.0,3.0,26.866262
7112,-33.843338,258700,151.043411,12/10/2025 12:27:51,0.054,2025-12-10 12:27:51,25.35,0.0,0.0,3.0,26.866262
7112,-33.843338,258700,151.043411,12/10/2025 12:27:51,0.054,2025-12-10 12:27:51,25.35,0.0,0.0,3.0,26.866262
7112,-33.843338,258700,151.043411,12/10/2025 12:27:51,0.034,2025-12-10 12:27:51,25.35,0.0,0.0,3.0,26.866262
7112,-33.843338,258700,151.043411,12/10/2025 12:27:51,0.034,2025-12-10 12:27:51,25.35,0.0,0.0,3.0,26.866262
53004,-33.75317,258767,151.151077,12/10/2025 19:08:33,0.443,2025-12-10 19:08:33,23.05,0.1,0.1,51.0,24.559633
F3FWY004,-33.496265,258786,151.187408,12/11/2025 06:56:36,0.106,2025-12-11 06:56:36,18.25,0.0,0.0,3.0,19.267258
F3FWY004,-33.496265,258786,151.187408,12/11/2025 06:56:36,0.106,2025-12-11 06:56:36,18.25,0.0,0.0,3.0,19.267258
F3FWY004,-33.496265,258786,151.187408,12/11/2025 06:56:36,0.106,2025-12-11 06:56:36,18.25,0.0,0.0,3.0,19.267258
7112,-33.843338,259068,151.043411,12/12/2025 16:10:03,0.082,2025-12-12 16:10:03,21.2,0.1,0.1,51.0,22.390589
F3FWY003,-33.560299,259088,151.192551,12/12/2025 17:06:11,0.598,2025-12-12 17:06:11,18.75,0.2,0.2,51.0,20.11163
F3FWY003,-33.560299,259088,151.192551,12/12/2025 17:06:11,0.598,2025-12-12 17:06:11,18.75,0.2,0.2,51.0,20.11163
7184,-33.772957,259200,151.135391,12/14/2025 14:41:26,0.281,2025-12-14 14:41:26,30.9,0.0,0.0,3.0,34.26793
74230,-33.724735,259345,151.086151,12/16/2025 10:07:52,0.494,2025-12-16 10:07:52,19.95,0.0,0.0,3.0,19.34686
74230,-33.724735,259345,151.086151,12/16/2025 10:07:52,0.494,2025-12-16 10:07:52,19.95,0.0,0.0,3.0,19.34686
74230,-33.724735,259345,151.086151,12/16/2025 10:07:52,0.494,2025-12-16 10:07:52,19.95,0.0,0.0,3.0,19.34686
74230,-33.724735,259345,151.086151,12/16/2025 10:07:52,0.494,2025-12-16 10:07:52,19.95,0.0,0.0,3.0,19.34686
F3FWY001,-33.694206,259477,151.121323,12/17/2025 13:31:06,0.448,2025-12-17 13:31:06,25.3,0.0,0.0,1.0,27.419922
F3FWY001,-33.694206,259477,151.121323,12/17/2025 13:31:06,0.448,2025-12-17 13:31:06,25.3,0.0,0.0,1.0,27.419922
7112,-33.843338,259730,151.043411,12/19/2025 14:48:01,0.493,2025-12-19 14:48:01,42.45,0.0,0.0,1.0,43.36208
7184,-33.772957,260090,151.135391,12/23/2025 09:18:17,0.318,2025-12-23 09:18:17,24.7,0.0,0.0,0.0,26.747547
7184,-33.772957,260090,151.135391,12/23/2025 09:18:17,0.272,2025-12-23 09:18:17,24.7,0.0,0.0,0.0,26.747547
F3FWY002,-33.651676,260270,151.137741,12/25/2025 10:13:04,0.321,2025-12-25 10:13:04,22.0,0.1,0.1,51.0,22.289923
F3FWY002,-33.651676,260270,151.137741,12/25/2025 10:13:04,0.321,2025-12-25 10:13:04,22.0,0.1,0.1,51.0,22.289923
F3FWY002,-33.651676,260270,151.137741,12/25/2025 10:13:04,0.321,2025-12-25 10:13:04,22.0,0.1,0.1,51.0,22.289923
F3FWY002,-33.651676,260270,151.137741,12/25/2025 10:13:04,0.321,2025-12-25 10:13:04,22.0,0.1,0.1,51.0,22.289923
7248,-33.906151,260336,151.040207,12/26/2025 23:48:21,0.204,2025-12-26 23:48:21,14.55,0.0,0.0,0.0,13.895763
7270,-33.793304,257681,151.119659,12/01/2025 04:59:39,0.069,2025-12-01 04:59:39,14.7,0.0,0.0,0.0,11.82917
7270,-33.793304,257681,151.119659,12/01/2025 04:59:39,0.021,2025-12-01 04:59:39,14.7,0.0,0.0,0.0,11.82917
7270,-33.793304,257681,151.119659,12/01/2025 04:59:39,0.027,2025-12-01 04:59:39,14.7,0.0,0.0,0.0,11.82917
7270,-33.793304,257681,151.119659,12/01/2025 04:59:39,0.027,2025-12-01 04:59:39,14.7,0.0,0.0,0.0,11.82917
7270,-33.793304,257681,151.119659,12/01/2025 04:59:39,0.027,2025-12-01 04:59:39,14.7,0.0,0.0,0.0,11.82917
7251,-33.874916,258387,151.155319,12/07/2025 03:48:32,0.032,2025-12-07 03:48:32,26.3,0.0,0.0,3.0,26.498629
7251,-33.874916,258387,151.155319,12/07/2025 03:48:32,0.032,2025-12-07 03:48:32,26.3,0.0,0.0,3.0,26.498629
7119-PR,-33.817974,258489,150.981827,12/08/2025 14:19:40,0.117,2025-12-08 14:19:40,29.2,0.0,0.0,3.0,30.469112
68025,-33.816696,258489,150.976623,12/08/2025 14:19:40,0.218,2025-12-08 14:19:40,29.2,0.0,0.0,3.0,30.469112
7112,-33.843338,258933,151.043411,12/12/2025 10:32:54,0.763,2025-12-12 10:32:54,20.15,0.5,0.5,53.0,22.238306
7112,-33.843338,258933,151.043411,12/12/2025 10:32:54,0.763,2025-12-12 10:32:54,20.15,0.5,0.5,53.0,22.238306
7112,-33.843338,258933,151.043411,12/12/2025 10:32:54,0.763,2025-12-12 10:32:54,20.15,0.5,0.5,53.0,22.238306
7161,-33.740406,259188,151.060989,12/14/2025 10:09:32,0.027,2025-12-14 10:09:32,24.45,0.0,0.0,3.0,27.094105
68025,-33.816696,259325,150.976623,12/16/2025 06:44:16,0.106,2025-12-16 06:44:16,17.15,0.0,0.0,3.0,18.227455
68025,-33.816696,259325,150.976623,12/16/2025 06:44:16,0.106,2025-12-16 06:44:16,17.15,0.0,0.0,3.0,18.227455
7184,-33.772957,259820,151.135391,12/20/2025 12:14:28,0.053,2025-12-20 12:14:28,27.35,0.0,0.0,3.0,29.614563
7184,-33.772957,259820,151.135391,12/20/2025 12:14:28,0.053,2025-12-20 12:14:28,27.35,0.0,0.0,3.0,29.614563
7184,-33.772957,259820,151.135391,12/20/2025 12:14:28,0.053,2025-12-20 12:14:28,27.35,0.0,0.0,3.0,29.614563
33014,-33.806141,259840,151.17952,12/20/2025 17:44:09,0.741,2025-12-20 17:44:09,30.45,0.0,0.0,3.0,31.48352
33014,-33.806141,259840,151.17952,12/20/2025 17:44:09,0.706,2025-12-20 17:44:09,30.45,0.0,0.0,3.0,31.48352
7184,-33.772957,258007,151.135391,12/03/2025 16:23:17,0.038,2025-12-03 16:23:17,26.35,0.0,0.0,0.0,26.052498
T0288,-33.455536,258119,151.205093,12/04/2025 17:19:54,0.105,2025-12-04 17:19:54,27.25,0.0,0.0,0.0,24.750576
T0289,-33.455235,258119,151.205383,12/04/2025 17:19:54,0.062,2025-12-04 17:19:54,27.25,0.0,0.0,0.0,24.750576
T0290,-33.454796,258119,151.205872,12/04/2025 17:19:54,0.005,2025-12-04 17:19:54,27.25,0.0,0.0,0.0,24.750576
T0479-PR,-33.454525,258119,151.206726,12/04/2025 17:19:54,0.089,2025-12-04 17:19:54,27.25,0.0,0.0,0.0,24.750576
T0288,-33.455536,258119,151.205093,12/04/2025 17:19:54,0.105,2025-12-04 17:19:54,27.25,0.0,0.0,0.0,24.750576
T0289,-33.455235,258119,151.205383,12/04/2025 17:19:54,0.062,2025-12-04 17:19:54,27.25,0.0,0.0,0.0,24.750576
T0290,-33.454796,258119,151.205872,12/04/2025 17:19:54,0.005,2025-12-04 17:19:54,27.25,0.0,0.0,0.0,24.750576
T0479-PR,-33.454525,258119,151.206726,12/04/2025 17:19:54,0.089,2025-12-04 17:19:54,27.25,0.0,0.0,0.0,24.750576
7179,-33.817272,258284,150.962784,12/05/2025 20:03:04,0.115,2025-12-05 20:03:04,29.45,0.0,0.0,0.0,28.28313
33014,-33.806141,259397,151.17952,12/16/2025 18:00:14,0.346,2025-12-16 18:00:14,19.7,0.0,0.0,3.0,19.27669
33014,-33.806141,259397,151.17952,12/16/2025 18:00:14,0.346,2025-12-16 18:00:14,19.7,0.0,0.0,3.0,19.27669
33014,-33.806141,259397,151.17952,12/16/2025 18:00:14,0.346,2025-12-16 18:00:14,19.7,0.0,0.0,3.0,19.27669
33014,-33.806141,259397,151.17952,12/16/2025 18:00:14,0.346,2025-12-16 18:00:14,19.7,0.0,0.0,3.0,19.27669
68025,-33.816696,259473,150.976623,12/17/2025 13:02:12,0.455,2025-12-17 13:02:12,27.5,0.0,0.0,0.0,31.19357
7248,-33.906151,259858,151.040207,12/21/2025 05:17:24,0.393,2025-12-21 05:17:24,22.0,0.0,0.0,3.0,25.906883
