station_id,timestamp,row_count,n_unique_flow,min_flow,max_flow,flow_values,n_unique_incident_id,incident_ids
100001,2025-06-27 00:00:00,4,1,414.0,414.0,[414.0],1,['240340.0-webtirf']
100001,2025-08-29 05:00:00,4,1,1788.0,1788.0,[1788.0],1,['247639-webtirf']
100001,2025-09-27 13:00:00,5,1,2628.0,2628.0,[2628.0],1,['250888-webtirf']
100001,2025-10-21 00:00:00,2,2,184.0,240.0,"[184.0, 240.0]",1,['NO_INCIDENT']
10011,2025-01-08 19:00:00,2,1,893.0,893.0,[893.0],1,['219957-webtirf']
10011,2025-01-17 21:00:00,2,1,826.0,826.0,[826.0],1,['221139-webtirf']
10011,2025-01-18 23:00:00,5,1,1852.0,1852.0,[1852.0],1,['221259-webtirf']
10011,2025-03-03 19:00:00,2,1,133.0,133.0,[133.0],1,['225542-webtirf']
10011,2025-03-13 19:00:00,8,1,1930.0,1930.0,[1930.0],1,['227415-webtirf']
10011,2025-03-13 20:00:00,6,1,1635.0,1635.0,[1635.0],1,['227415-webtirf']
10011,2025-03-13 21:00:00,5,1,1420.0,1420.0,[1420.0],1,['227415-webtirf']
10011,2025-03-13 22:00:00,2,1,1025.0,1025.0,[1025.0],1,['227415-webtirf']
10011,2025-03-18 12:00:00,5,1,4345.0,4345.0,[4345.0],1,['227875-webtirf']
10011,2025-03-18 13:00:00,2,1,4131.0,4131.0,[4131.0],1,['227875-webtirf']
10011,2025-03-18 14:00:00,2,1,4761.0,4761.0,[4761.0],1,['227875-webtirf']
10011,2025-03-19 02:00:00,4,1,13.0,13.0,[13.0],1,['227942-webtirf']
10011,2025-03-21 01:00:00,5,1,316.0,316.0,[316.0],1,['228203-webtirf']
10011,2025-03-21 02:00:00,3,1,287.0,287.0,[287.0],1,['228203-webtirf']
10011,2025-03-21 03:00:00,2,1,227.0,227.0,[227.0],1,['228203-webtirf']
10011,2025-03-28 07:00:00,2,1,2222.0,2222.0,[2222.0],1,['229247-webtirf']
22001,2025-01-05 05:00:00,2,1,1222.0,1222.0,[1222.0],1,['219613-webtirf']
22001,2025-03-16 10:00:00,2,1,2432.0,2432.0,[2432.0],1,['227659-webtirf']
23067,2025-01-06 03:00:00,2,1,1351.0,1351.0,[1351.0],1,['219670.0-webtirf']
23067,2025-01-07 04:00:00,2,1,1716.0,1716.0,[1716.0],1,['219807-webtirf']
23067,2025-01-10 16:00:00,12,1,3097.0,3097.0,[3097.0],1,['220191-webtirf']
23067,2025-01-10 17:00:00,7,1,2882.0,2882.0,[2882.0],1,['220191-webtirf']
23067,2025-01-10 18:00:00,6,1,2422.0,2422.0,[2422.0],1,['220191-webtirf']
23067,2025-01-10 19:00:00,5,1,1740.0,1740.0,[1740.0],1,['220191-webtirf']
23067,2025-01-10 20:00:00,3,1,1985.0,1985.0,[1985.0],1,['220191-webtirf']
23067,2025-01-21 05:00:00,2,1,2784.0,2784.0,[2784.0],1,['221498-webtirf']
23067,2025-01-24 04:00:00,2,1,2112.0,2112.0,[2112.0],1,['221794-webtirf']
23067,2025-03-05 21:00:00,2,1,1625.0,1625.0,[1625.0],1,['225822-webtirf']
23067,2025-03-10 03:00:00,2,1,1219.0,1219.0,[1219.0],1,['226899-webtirf']
23067,2025-03-11 01:00:00,11,1,293.0,293.0,[293.0],1,['227036-webtirf']
23067,2025-03-11 02:00:00,7,1,735.0,735.0,[735.0],1,['227036-webtirf']
23067,2025-03-11 03:00:00,5,1,1345.0,1345.0,[1345.0],1,['227036-webtirf']
23067,2025-03-11 04:00:00,5,1,2222.0,2222.0,[2222.0],1,['227036-webtirf']
23067,2025-03-11 05:00:00,3,1,3006.0,3006.0,[3006.0],1,['227036-webtirf']
23067,2025-03-11 06:00:00,2,1,3608.0,3608.0,[3608.0],1,['227036-webtirf']
23067,2025-03-14 04:00:00,4,1,2298.0,2298.0,[2298.0],1,['227483-webtirf']
23067,2025-03-27 22:00:00,2,1,976.0,976.0,[976.0],1,['229038-webtirf']
23067,2025-04-08 06:00:00,3,1,3454.0,3454.0,[3454.0],1,['230717-webtirf']
23067,2025-04-09 12:00:00,2,1,0.0,0.0,[0.0],1,['230880.0-webtirf']
23067,2025-04-15 05:00:00,2,1,2452.0,2452.0,[2452.0],1,['231515-webtirf']
23067,2025-04-29 11:00:00,6,1,2345.0,2345.0,[2345.0],1,['232985-webtirf']
23067,2025-04-29 12:00:00,4,1,2614.0,2614.0,[2614.0],1,['232985-webtirf']
23067,2025-04-29 13:00:00,3,1,2697.0,2697.0,[2697.0],1,['232985-webtirf']
23067,2025-04-29 14:00:00,3,1,2918.0,2918.0,[2918.0],1,['232985-webtirf']
23067,2025-04-30 07:00:00,2,1,3366.0,3366.0,[3366.0],1,['233085-webtirf']
23067,2025-04-30 21:00:00,2,1,1246.0,1246.0,[1246.0],1,['233129-webtirf']
23067,2025-05-06 23:00:00,2,1,721.0,721.0,[721.0],1,['233783-webtirf']
23067,2025-05-15 21:00:00,5,1,1514.0,1514.0,[1514.0],1,['234742-webtirf']
23067,2025-05-17 03:00:00,3,1,719.0,719.0,[719.0],1,['234896-webtirf']
23067,2025-05-23 01:00:00,3,1,282.0,282.0,[282.0],1,['236411-webtirf']
23067,2025-05-26 20:00:00,2,1,1796.0,1796.0,[1796.0],1,['236980.0-webtirf']
23067,2025-06-05 10:00:00,2,1,2616.0,2616.0,[2616.0],1,['238176-webtirf']
23067,2025-06-09 23:00:00,4,1,770.0,770.0,[770.0],1,['238514-webtirf']
23067,2025-06-10 00:00:00,2,1,171.0,171.0,[171.0],1,['238514-webtirf']
23067,2025-06-11 15:00:00,3,1,3184.0,3184.0,[3184.0],1,['238722-webtirf']
23067,2025-06-16 22:00:00,4,1,1266.0,1266.0,[1266.0],1,['239246-webtirf']
23067,2025-06-27 05:00:00,5,1,2421.0,2421.0,[2421.0],1,['240383-webtirf']
23067,2025-06-27 06:00:00,3,1,3490.0,3490.0,[3490.0],1,['240383-webtirf']
23067,2025-06-27 07:00:00,2,1,4184.0,4184.0,[4184.0],1,['240383-webtirf']
23067,2025-07-06 21:00:00,4,1,2115.0,2115.0,[2115.0],1,['241476-webtirf']
23067,2025-07-13 20:00:00,2,1,1956.0,1956.0,[1956.0],1,['242093-webtirf']
23067,2025-07-31 03:00:00,2,1,906.0,906.0,[906.0],1,['243930.0-webtirf']
23067,2025-08-10 22:00:00,3,1,1416.0,1416.0,[1416.0],1,['245294-webtirf']
23067,2025-08-31 03:00:00,2,1,790.0,790.0,[790.0],1,['247756-webtirf']
23067,2025-09-04 05:00:00,2,1,2699.0,2699.0,[2699.0],1,['248179-webtirf']
23067,2025-09-11 21:00:00,4,1,1685.0,1685.0,[1685.0],2,"['249280-webtirf', '249280.0-webtirf']"
23067,2025-09-12 08:00:00,4,1,3496.0,3496.0,[3496.0],1,['249431-webtirf']
23067,2025-09-16 18:00:00,2,1,3231.0,3231.0,[3231.0],1,['249768-webtirf']
23067,2025-09-20 20:00:00,2,1,2119.0,2119.0,[2119.0],1,['250156-webtirf']
23067,2025-09-22 05:00:00,5,1,2668.0,2668.0,[2668.0],1,['250294-webtirf']
23067,2025-09-22 06:00:00,2,1,3699.0,3699.0,[3699.0],1,['250294-webtirf']
23067,2025-09-27 03:00:00,4,1,690.0,690.0,[690.0],2,"['250870-webtirf', '250870.0-webtirf']"
23067,2025-10-13 04:00:00,3,1,2476.0,2476.0,[2476.0],1,['252417-webtirf']
23067,2025-10-16 05:00:00,2,1,3574.0,3574.0,[3574.0],1,['252789-webtirf']
23067,2025-10-17 09:00:00,3,1,3166.0,3166.0,[3166.0],1,['252964-webtirf']
23067,2025-10-18 09:00:00,2,1,3131.0,3131.0,[3131.0],1,['253046-webtirf']
23067,2025-10-21 00:00:00,2,2,20.0,201.0,"[20.0, 201.0]",1,['NO_INCIDENT']
23067,2025-10-27 12:00:00,10,1,3129.0,3129.0,[3129.0],2,"['253920-webtirf', '253920.0-webtirf']"
23067,2025-10-27 13:00:00,4,1,3229.0,3229.0,[3229.0],2,"['253920-webtirf', '253920.0-webtirf']"
23067,2025-10-27 14:00:00,4,1,3245.0,3245.0,[3245.0],2,"['253920-webtirf', '253920.0-webtirf']"
23067,2025-10-29 23:00:00,4,1,418.0,418.0,[418.0],1,['254191-webtirf']
23067,2025-10-30 02:00:00,4,1,659.0,659.0,[659.0],2,"['254191-webtirf', '254213-webtirf']"
23067,2025-11-06 19:00:00,3,1,2045.0,2045.0,[2045.0],1,['254934-webtirf']
23067,2025-11-23 19:00:00,7,1,2200.0,2200.0,[2200.0],1,['256664-webtirf']
23067,2025-11-23 20:00:00,2,1,1988.0,1988.0,[1988.0],1,['256677-webtirf']
23067,2025-11-25 04:00:00,3,1,2872.0,2872.0,[2872.0],1,['256864-webtirf']
23067,2025-12-01 11:00:00,2,1,3387.0,3387.0,[3387.0],1,['257794-webtirf']
23067,2025-12-07 07:00:00,2,1,3512.0,3512.0,[3512.0],1,['258422-webtirf']
23067,2025-12-24 07:00:00,2,1,3049.0,3049.0,[3049.0],1,['260236-webtirf']
29005,2025-01-20 19:00:00,3,1,2057.0,2057.0,[2057.0],1,['221414-webtirf']
29005,2025-04-07 08:00:00,4,1,6961.0,6961.0,[6961.0],1,['230611-webtirf']
29005,2025-04-10 09:00:00,3,1,3197.0,3197.0,[3197.0],1,['231002-webtirf']
29005,2025-04-29 01:00:00,3,1,392.0,392.0,[392.0],1,['232900.0-webtirf']
29005,2025-05-15 21:00:00,7,1,3337.0,3337.0,[3337.0],1,['234738-webtirf']
29005,2025-05-15 22:00:00,3,1,1953.0,1953.0,[1953.0],1,['234738-webtirf']
29005,2025-05-22 07:00:00,3,1,3360.0,3360.0,[3360.0],1,['236109-webtirf']
29005,2025-06-02 08:00:00,2,1,6800.0,6800.0,[6800.0],1,['237780.0-webtirf']
29005,2025-06-06 04:00:00,4,1,970.0,970.0,[970.0],1,['238274-webtirf']
29005,2025-06-17 17:00:00,2,1,3397.0,3397.0,[3397.0],1,['239339-webtirf']
29005,2025-06-23 05:00:00,5,1,2875.0,2875.0,[2875.0],1,['239890.0-webtirf']
29005,2025-07-01 03:00:00,2,1,367.0,367.0,[367.0],1,['240721-webtirf']
29005,2025-07-06 01:00:00,3,1,415.0,415.0,[415.0],1,['241425-webtirf']
29005,2025-08-07 22:00:00,9,1,2492.0,2492.0,[2492.0],2,"['245026-webtirf', '245027-webtirf']"
29005,2025-08-07 23:00:00,4,1,1316.0,1316.0,[1316.0],1,['245026-webtirf']
29005,2025-08-22 08:00:00,3,1,3141.0,3141.0,[3141.0],1,['246942-webtirf']
29005,2025-09-05 05:00:00,4,1,995.0,995.0,[995.0],1,['248306-webtirf']
29005,2025-09-24 14:00:00,3,1,3157.0,3157.0,[3157.0],1,['250569-webtirf']
29005,2025-10-15 20:00:00,2,1,3881.0,3881.0,[3881.0],1,['252715-webtirf']
29005,2025-10-19 22:00:00,2,1,2506.0,2506.0,[2506.0],1,['253138-webtirf']
29005,2025-10-21 00:00:00,2,2,58.0,669.0,"[58.0, 669.0]",1,['NO_INCIDENT']
29005,2025-10-28 22:00:00,5,1,0.0,0.0,[0.0],1,['254061-webtirf']
29005,2025-11-19 18:00:00,4,1,6725.0,6725.0,[6725.0],1,['256241-webtirf']
29005,2025-11-19 19:00:00,2,1,4620.0,4620.0,[4620.0],1,['256241-webtirf']
29005,2025-11-24 11:00:00,2,1,3584.0,3584.0,[3584.0],1,['256789-webtirf']
29005,2025-11-30 15:00:00,5,1,6729.0,6729.0,[6729.0],1,['257676-webtirf']
29005,2025-12-21 23:00:00,7,1,1716.0,1716.0,[1716.0],1,['260006-webtirf']
29005,2025-12-22 00:00:00,2,1,893.0,893.0,[893.0],1,['260006-webtirf']
29005,2025-12-27 18:00:00,3,1,824.0,824.0,[824.0],1,['260385-webtirf']
29005,2025-12-27 20:00:00,4,1,0.0,0.0,[0.0],1,['260386-webtirf']
29005,2025-12-27 21:00:00,3,1,666.0,666.0,[666.0],1,['260386-webtirf']
29005,2025-12-27 22:00:00,3,1,548.0,548.0,[548.0],1,['260386-webtirf']
29005,2025-12-27 23:00:00,2,1,0.0,0.0,[0.0],1,['260386-webtirf']
33014,2025-01-04 00:00:00,2,1,299.0,299.0,[299.0],1,['219564-webtirf']
33014,2025-01-06 07:00:00,2,1,2728.0,2728.0,[2728.0],1,['219711-webtirf']
33014,2025-01-28 00:00:00,2,1,146.0,146.0,[146.0],1,['222011-webtirf']
33014,2025-01-30 20:00:00,2,1,1666.0,1666.0,[1666.0],1,['222370.0-webtirf']
33014,2025-03-05 16:00:00,3,1,3755.0,3755.0,[3755.0],1,['225805-webtirf']
33014,2025-03-06 06:00:00,4,1,3534.0,3534.0,[3534.0],2,"['225994-webtirf', '225995-webtirf']"
33014,2025-03-09 23:00:00,3,1,0.0,0.0,[0.0],1,['226786-webtirf']
33014,2025-03-11 21:00:00,2,1,930.0,930.0,[930.0],1,['227142-webtirf']
33014,2025-03-12 11:00:00,4,1,2862.0,2862.0,[2862.0],1,['227277-webtirf']
33014,2025-03-12 12:00:00,3,1,2942.0,2942.0,[2942.0],1,['227277-webtirf']
33014,2025-03-18 21:00:00,3,1,1035.0,1035.0,[1035.0],1,['227898-webtirf']
33014,2025-03-25 03:00:00,13,1,357.0,357.0,[357.0],1,['228602-webtirf']
33014,2025-03-25 04:00:00,11,1,1081.0,1081.0,[1081.0],1,['228602-webtirf']
33014,2025-03-25 05:00:00,11,1,2457.0,2457.0,[2457.0],1,['228602-webtirf']
33014,2025-03-25 06:00:00,11,1,3472.0,3472.0,[3472.0],1,['228602-webtirf']
33014,2025-03-25 07:00:00,11,1,3278.0,3278.0,[3278.0],1,['228602-webtirf']
33014,2025-03-25 08:00:00,11,1,3100.0,3100.0,[3100.0],1,['228602-webtirf']
33014,2025-03-25 09:00:00,11,1,2950.0,2950.0,[2950.0],1,['228602-webtirf']
33014,2025-03-25 10:00:00,11,1,2810.0,2810.0,[2810.0],1,['228602-webtirf']
33014,2025-03-25 11:00:00,11,1,2949.0,2949.0,[2949.0],1,['228602-webtirf']
33014,2025-03-25 12:00:00,11,1,2828.0,2828.0,[2828.0],1,['228602-webtirf']
33014,2025-03-25 13:00:00,11,1,3138.0,3138.0,[3138.0],1,['228602-webtirf']
33014,2025-03-25 14:00:00,11,1,3355.0,3355.0,[3355.0],1,['228602-webtirf']
33014,2025-03-25 15:00:00,11,1,3638.0,3638.0,[3638.0],1,['228602-webtirf']
33014,2025-03-25 16:00:00,11,1,3651.0,3651.0,[3651.0],1,['228602-webtirf']
33014,2025-03-25 17:00:00,11,1,3043.0,3043.0,[3043.0],1,['228602-webtirf']
33014,2025-03-25 18:00:00,11,1,2148.0,2148.0,[2148.0],1,['228602-webtirf']
33014,2025-03-25 19:00:00,11,1,1698.0,1698.0,[1698.0],1,['228602-webtirf']
33014,2025-03-25 20:00:00,11,1,1535.0,1535.0,[1535.0],1,['228602-webtirf']
33014,2025-03-25 21:00:00,11,1,1046.0,1046.0,[1046.0],1,['228602-webtirf']
33014,2025-03-25 22:00:00,11,1,743.0,743.0,[743.0],1,['228602-webtirf']
33014,2025-03-25 23:00:00,11,1,0.0,0.0,[0.0],1,['228602-webtirf']
33014,2025-03-26 00:00:00,11,1,191.0,191.0,[191.0],1,['228602-webtirf']
33014,2025-03-26 01:00:00,11,1,162.0,162.0,[162.0],1,['228602-webtirf']
33014,2025-03-26 02:00:00,11,1,169.0,169.0,[169.0],1,['228602-webtirf']
33014,2025-04-02 21:00:00,2,1,1144.0,1144.0,[1144.0],1,['230116-webtirf']
33014,2025-04-06 10:00:00,2,1,2927.0,2927.0,[2927.0],1,['230514-webtirf']
33014,2025-04-11 05:00:00,4,1,180.0,180.0,[180.0],1,['231141-webtirf']
33014,2025-04-14 08:00:00,2,1,3201.0,3201.0,[3201.0],1,['231404-webtirf']
33014,2025-04-23 05:00:00,2,1,808.0,808.0,[808.0],1,['232274-webtirf']
33014,2025-04-27 05:00:00,2,1,381.0,381.0,[381.0],1,['232703-webtirf']
33014,2025-04-27 20:00:00,2,1,1433.0,1433.0,[1433.0],1,['232735-webtirf']
33014,2025-05-04 23:00:00,2,1,413.0,413.0,[413.0],1,['233532-webtirf']
33014,2025-05-07 21:00:00,3,1,1640.0,1640.0,[1640.0],1,['233889-webtirf']
33014,2025-05-15 07:00:00,3,1,3167.0,3167.0,[3167.0],1,['234689-webtirf']
33014,2025-05-20 01:00:00,7,1,155.0,155.0,[155.0],1,['235398-webtirf']
33014,2025-05-20 02:00:00,6,1,136.0,136.0,[136.0],1,['235398-webtirf']
33014,2025-05-20 03:00:00,6,1,170.0,170.0,[170.0],1,['235398-webtirf']
33014,2025-05-20 04:00:00,6,1,385.0,385.0,[385.0],1,['235398-webtirf']
33014,2025-05-20 05:00:00,6,1,1079.0,1079.0,[1079.0],1,['235398-webtirf']
33014,2025-05-20 06:00:00,6,1,2488.0,2488.0,[2488.0],1,['235398-webtirf']
33014,2025-05-20 07:00:00,6,1,3498.0,3498.0,[3498.0],1,['235398-webtirf']
33014,2025-05-20 08:00:00,6,1,3385.0,3385.0,[3385.0],1,['235398-webtirf']
33014,2025-05-20 09:00:00,6,1,3378.0,3378.0,[3378.0],1,['235398-webtirf']
33014,2025-05-20 10:00:00,6,1,2822.0,2822.0,[2822.0],1,['235398-webtirf']
33014,2025-05-20 11:00:00,6,1,2724.0,2724.0,[2724.0],1,['235398-webtirf']
33014,2025-05-20 12:00:00,6,1,2822.0,2822.0,[2822.0],1,['235398-webtirf']
33014,2025-05-20 13:00:00,6,1,2753.0,2753.0,[2753.0],1,['235398-webtirf']
33014,2025-05-20 14:00:00,6,1,2956.0,2956.0,[2956.0],1,['235398-webtirf']
33014,2025-05-20 15:00:00,6,1,3229.0,3229.0,[3229.0],1,['235398-webtirf']
33014,2025-05-20 16:00:00,6,1,3645.0,3645.0,[3645.0],1,['235398-webtirf']
33014,2025-05-20 17:00:00,6,1,3553.0,3553.0,[3553.0],1,['235398-webtirf']
33014,2025-05-20 18:00:00,6,1,3111.0,3111.0,[3111.0],1,['235398-webtirf']
33014,2025-05-20 19:00:00,6,1,2249.0,2249.0,[2249.0],1,['235398-webtirf']
33014,2025-05-20 20:00:00,6,1,1867.0,1867.0,[1867.0],1,['235398-webtirf']
33014,2025-05-20 21:00:00,6,1,1548.0,1548.0,[1548.0],1,['235398-webtirf']
33014,2025-05-20 22:00:00,6,1,1291.0,1291.0,[1291.0],1,['235398-webtirf']
33014,2025-05-20 23:00:00,6,1,808.0,808.0,[808.0],1,['235398-webtirf']
33014,2025-05-21 00:00:00,6,1,321.0,321.0,[321.0],1,['235398-webtirf']
33014,2025-05-22 01:00:00,3,1,207.0,207.0,[207.0],1,['235978-webtirf']
33014,2025-05-28 01:00:00,2,1,157.0,157.0,[157.0],1,['237166-webtirf']
33014,2025-06-03 00:00:00,2,1,197.0,197.0,[197.0],1,['237832-webtirf']
33014,2025-06-04 07:00:00,2,1,3439.0,3439.0,[3439.0],1,['238022-webtirf']
33014,2025-06-15 07:00:00,2,1,945.0,945.0,[945.0],1,['239088-webtirf']
33014,2025-06-17 09:00:00,3,1,2995.0,2995.0,[2995.0],1,['239329-webtirf']
33014,2025-06-19 21:00:00,3,1,1648.0,1648.0,[1648.0],1,['239596-webtirf']
33014,2025-06-19 22:00:00,2,1,1280.0,1280.0,[1280.0],1,['239596-webtirf']
33014,2025-06-20 08:00:00,2,1,3287.0,3287.0,[3287.0],1,['239678-webtirf']
33014,2025-06-22 14:00:00,3,1,3108.0,3108.0,[3108.0],1,['239814-webtirf']
34016,2025-01-21 21:00:00,2,1,391.0,391.0,[391.0],1,['221530.0-webtirf']
34016,2025-03-06 06:00:00,2,1,2086.0,2086.0,[2086.0],1,['225989-webtirf']
34016,2025-04-01 05:00:00,5,1,1789.0,1789.0,[1789.0],1,['229843-webtirf']
34016,2025-08-19 06:00:00,4,1,1647.0,1647.0,[1647.0],1,['246177-webtirf']
34016,2025-08-19 07:00:00,2,1,2013.0,2013.0,[2013.0],1,['246177-webtirf']
34016,2025-10-02 01:00:00,3,1,0.0,0.0,[0.0],1,['251341-webtirf']
34016,2025-10-03 04:00:00,2,1,200.0,200.0,[200.0],1,['251496-webtirf']
34016,2025-10-21 00:00:00,2,2,0.0,50.0,"[0.0, 50.0]",1,['NO_INCIDENT']
34016,2025-10-21 04:00:00,2,1,806.0,806.0,[806.0],1,['253289-webtirf']
34016,2025-10-24 03:00:00,4,1,213.0,213.0,[213.0],1,['253646-webtirf']
34016,2025-10-25 21:00:00,12,1,915.0,915.0,[915.0],1,['253762-webtirf']
34016,2025-10-25 22:00:00,9,1,799.0,799.0,[799.0],1,['253762-webtirf']
34016,2025-10-25 23:00:00,6,1,458.0,458.0,[458.0],1,['253762-webtirf']
34016,2025-10-26 00:00:00,2,1,291.0,291.0,[291.0],1,['253762-webtirf']
34016,2025-10-26 08:00:00,4,1,1558.0,1558.0,[1558.0],1,['253804-webtirf']
34016,2025-10-26 09:00:00,3,1,1748.0,1748.0,[1748.0],1,['253804-webtirf']
34016,2025-11-23 07:00:00,5,1,965.0,965.0,[965.0],1,['256641-webtirf']
47024,2025-01-08 17:00:00,17,1,2813.0,2813.0,[2813.0],1,['219950.0-webtirf']
47024,2025-01-08 18:00:00,14,1,2616.0,2616.0,[2616.0],1,['219950.0-webtirf']
47024,2025-01-08 19:00:00,13,1,2152.0,2152.0,[2152.0],1,['219950.0-webtirf']
47024,2025-01-08 20:00:00,12,1,1981.0,1981.0,[1981.0],1,['219950.0-webtirf']
47024,2025-01-08 21:00:00,11,1,1925.0,1925.0,[1925.0],1,['219950.0-webtirf']
47024,2025-01-08 22:00:00,11,1,1762.0,1762.0,[1762.0],1,['219950.0-webtirf']
47024,2025-01-08 23:00:00,11,1,1073.0,1073.0,[1073.0],1,['219950.0-webtirf']
47024,2025-01-09 00:00:00,11,1,334.0,334.0,[334.0],1,['219950.0-webtirf']
47024,2025-01-09 01:00:00,11,1,323.0,323.0,[323.0],1,['219950.0-webtirf']
47024,2025-01-09 02:00:00,10,1,293.0,293.0,[293.0],1,['219950.0-webtirf']
47024,2025-01-09 03:00:00,10,1,347.0,347.0,[347.0],1,['219950.0-webtirf']
47024,2025-01-09 04:00:00,9,1,611.0,611.0,[611.0],1,['219950.0-webtirf']
47024,2025-01-09 05:00:00,9,1,1132.0,1132.0,[1132.0],1,['219950.0-webtirf']
47024,2025-01-09 06:00:00,8,1,1315.0,1315.0,[1315.0],1,['219950.0-webtirf']
47024,2025-01-09 07:00:00,7,1,1150.0,1150.0,[1150.0],1,['219950.0-webtirf']
47024,2025-01-09 08:00:00,7,1,1399.0,1399.0,[1399.0],1,['219950.0-webtirf']
47024,2025-01-09 09:00:00,7,1,1301.0,1301.0,[1301.0],1,['219950.0-webtirf']
47024,2025-01-09 10:00:00,6,1,1287.0,1287.0,[1287.0],1,['219950.0-webtirf']
47024,2025-01-09 11:00:00,16,1,1362.0,1362.0,[1362.0],2,"['219950.0-webtirf', '220055-webtirf']"
47024,2025-01-09 12:00:00,11,1,1408.0,1408.0,[1408.0],2,"['219950.0-webtirf', '220055-webtirf']"
47024,2025-01-09 13:00:00,11,1,1427.0,1427.0,[1427.0],2,"['219950.0-webtirf', '220055-webtirf']"
47024,2025-01-09 14:00:00,11,1,1497.0,1497.0,[1497.0],2,"['219950.0-webtirf', '220055-webtirf']"
47024,2025-01-09 15:00:00,11,1,1537.0,1537.0,[1537.0],2,"['219950.0-webtirf', '220055-webtirf']"
47024,2025-01-09 16:00:00,11,1,1459.0,1459.0,[1459.0],2,"['219950.0-webtirf', '220055-webtirf']"
47024,2025-01-09 17:00:00,9,1,0.0,0.0,[0.0],2,"['219950.0-webtirf', '220055-webtirf']"
47024,2025-01-09 18:00:00,8,1,0.0,0.0,[0.0],2,"['219950.0-webtirf', '220055-webtirf']"
47024,2025-01-09 19:00:00,7,1,0.0,0.0,[0.0],2,"['219950.0-webtirf', '220055-webtirf']"
47024,2025-01-09 20:00:00,7,1,0.0,0.0,[0.0],2,"['219950.0-webtirf', '220055-webtirf']"
47024,2025-01-09 21:00:00,6,1,0.0,0.0,[0.0],1,['220055-webtirf']
47024,2025-01-09 22:00:00,6,1,0.0,0.0,[0.0],1,['220055-webtirf']
47024,2025-01-09 23:00:00,6,1,0.0,0.0,[0.0],1,['220055-webtirf']
47024,2025-01-10 00:00:00,6,1,424.0,424.0,[424.0],1,['220055-webtirf']
47024,2025-01-10 01:00:00,6,1,338.0,338.0,[338.0],1,['220055-webtirf']
47024,2025-01-10 02:00:00,6,1,270.0,270.0,[270.0],1,['220055-webtirf']
47024,2025-01-10 03:00:00,6,1,343.0,343.0,[343.0],1,['220055-webtirf']
47024,2025-01-10 04:00:00,6,1,637.0,637.0,[637.0],1,['220055-webtirf']
47024,2025-01-10 05:00:00,6,1,1189.0,1189.0,[1189.0],1,['220055-webtirf']
47024,2025-01-10 06:00:00,6,1,1341.0,1341.0,[1341.0],1,['220055-webtirf']
47024,2025-01-10 07:00:00,6,1,1355.0,1355.0,[1355.0],1,['220055-webtirf']
47024,2025-01-10 08:00:00,6,1,1522.0,1522.0,[1522.0],1,['220055-webtirf']
47024,2025-01-10 09:00:00,6,1,1319.0,1319.0,[1319.0],1,['220055-webtirf']
47024,2025-01-10 10:00:00,6,1,1306.0,1306.0,[1306.0],1,['220055-webtirf']
47024,2025-01-17 21:00:00,3,1,1169.0,1169.0,[1169.0],1,['221135-webtirf']
47024,2025-01-17 22:00:00,2,1,1173.0,1173.0,[1173.0],1,['221135-webtirf']
47024,2025-03-11 20:00:00,3,1,488.0,488.0,[488.0],1,['227124-webtirf']
47024,2025-03-15 07:00:00,5,1,2181.0,2181.0,[2181.0],1,['227566-webtirf']
47024,2025-03-20 19:00:00,3,1,0.0,0.0,[0.0],1,['228135-webtirf']
47024,2025-05-06 10:00:00,3,1,2548.0,2548.0,[2548.0],1,['233744-webtirf']
47024,2025-06-03 06:00:00,6,1,2551.0,2551.0,[2551.0],1,['237901-webtirf']
47024,2025-06-05 02:00:00,5,1,583.0,583.0,[583.0],1,['238113-webtirf']
47024,2025-07-02 02:00:00,2,1,493.0,493.0,[493.0],1,['241030.0-webtirf']
47024,2025-07-22 00:00:00,5,1,731.0,731.0,[731.0],1,['242905-webtirf']
47024,2025-07-22 01:00:00,2,1,549.0,549.0,[549.0],1,['242905-webtirf']
47024,2025-07-25 06:00:00,3,1,2616.0,2616.0,[2616.0],1,['243286-webtirf']
47024,2025-08-22 07:00:00,3,1,2492.0,2492.0,[2492.0],1,['246934-webtirf']
47024,2025-09-10 06:00:00,3,1,2543.0,2543.0,[2543.0],2,"['248980-webtirf', '248980.0-webtirf']"
47024,2025-09-19 13:00:00,9,1,1502.0,1502.0,[1502.0],1,['250093-webtirf']
47024,2025-09-28 03:00:00,5,1,588.0,588.0,[588.0],1,['250916-webtirf']
47024,2025-09-28 04:00:00,4,1,683.0,683.0,[683.0],1,['250916-webtirf']
47024,2025-10-21 00:00:00,2,2,39.0,800.0,"[39.0, 800.0]",1,['NO_INCIDENT']
47024,2025-10-31 06:00:00,2,1,2369.0,2369.0,[2369.0],1,['254392-webtirf']
47024,2025-11-12 01:00:00,5,1,639.0,639.0,[639.0],1,['255444-webtirf']
47024,2025-11-12 02:00:00,3,1,572.0,572.0,[572.0],1,['255444-webtirf']
47024,2025-11-12 03:00:00,2,1,673.0,673.0,[673.0],1,['255444-webtirf']
47024,2025-11-12 04:00:00,2,1,1233.0,1233.0,[1233.0],1,['255444-webtirf']
47024,2025-11-27 07:00:00,2,1,2610.0,2610.0,[2610.0],1,['257292-webtirf']
50240,2025-01-07 04:00:00,2,1,1023.0,1023.0,[1023.0],1,['219811-webtirf']
50240,2025-01-14 04:00:00,4,1,1224.0,1224.0,[1224.0],1,['220489-webtirf']
50240,2025-03-04 22:00:00,3,1,2126.0,2126.0,[2126.0],1,['225693-webtirf']
50240,2025-03-06 10:00:00,2,1,2204.0,2204.0,[2204.0],1,['226011-webtirf']
50240,2025-03-10 02:00:00,3,1,359.0,359.0,[359.0],1,['226884-webtirf']
50240,2025-03-10 23:00:00,2,1,400.0,400.0,[400.0],1,['227008-webtirf']
50240,2025-03-11 20:00:00,2,1,3031.0,3031.0,[3031.0],1,['227126-webtirf']
50240,2025-03-15 01:00:00,3,1,579.0,579.0,[579.0],1,['227547-webtirf']
50240,2025-03-16 00:00:00,4,1,1705.0,1705.0,[1705.0],1,['227606-webtirf']
50240,2025-03-24 19:00:00,2,1,3655.0,3655.0,[3655.0],1,['228549-webtirf']
50240,2025-03-25 10:00:00,6,1,2198.0,2198.0,[2198.0],1,['228632-webtirf']
50240,2025-03-25 11:00:00,4,1,2277.0,2277.0,[2277.0],1,['228632-webtirf']
50240,2025-03-25 12:00:00,4,1,2405.0,2405.0,[2405.0],1,['228632-webtirf']
50240,2025-03-25 13:00:00,2,1,2633.0,2633.0,[2633.0],1,['228632-webtirf']
50240,2025-04-01 06:00:00,4,1,5593.0,5593.0,[5593.0],1,['229859-webtirf']
50240,2025-04-04 03:00:00,5,1,616.0,616.0,[616.0],1,['230346-webtirf']
50240,2025-04-04 04:00:00,2,1,1279.0,1279.0,[1279.0],1,['230346-webtirf']
50240,2025-04-09 16:00:00,2,1,5207.0,5207.0,[5207.0],1,['230884-webtirf']
50240,2025-04-14 09:00:00,2,1,4987.0,4987.0,[4987.0],1,['231407-webtirf']
50240,2025-04-17 07:00:00,2,1,5183.0,5183.0,[5183.0],1,['231808-webtirf']
50240,2025-04-29 03:00:00,2,1,526.0,526.0,[526.0],1,['232913-webtirf']
50240,2025-05-01 00:00:00,3,1,713.0,713.0,[713.0],1,['233165-webtirf']
50240,2025-05-03 01:00:00,3,1,743.0,743.0,[743.0],1,['233406-webtirf']
50240,2025-05-10 12:00:00,2,1,5387.0,5387.0,[5387.0],1,['234192-webtirf']
50240,2025-05-16 06:00:00,2,1,5341.0,5341.0,[5341.0],1,['234833-webtirf']
50240,2025-06-14 14:00:00,3,1,5556.0,5556.0,[5556.0],1,['239042-webtirf']
50240,2025-06-19 10:00:00,3,1,4448.0,4448.0,[4448.0],1,['239574-webtirf']
50240,2025-06-26 19:00:00,3,1,4279.0,4279.0,[4279.0],1,['240322-webtirf']
50240,2025-06-30 20:00:00,3,1,2802.0,2802.0,[2802.0],1,['240656-webtirf']
50240,2025-07-02 14:00:00,3,1,1985.0,1985.0,[1985.0],1,['241117-webtirf']
50240,2025-07-10 05:00:00,5,1,3635.0,3635.0,[3635.0],1,['241835-webtirf']
50240,2025-07-10 20:00:00,3,1,3175.0,3175.0,[3175.0],1,['241879-webtirf']
50240,2025-07-14 19:00:00,3,1,3481.0,3481.0,[3481.0],1,['242161-webtirf']
50240,2025-07-28 23:00:00,3,1,1059.0,1059.0,[1059.0],1,['243623-webtirf']
50240,2025-08-13 07:00:00,2,1,5493.0,5493.0,[5493.0],1,['245595-webtirf']
50240,2025-08-28 04:00:00,4,1,1303.0,1303.0,[1303.0],1,['247511-webtirf']
50240,2025-09-02 03:00:00,5,1,526.0,526.0,[526.0],2,"['247978-webtirf', '247979-webtirf']"
50240,2025-09-02 04:00:00,3,1,1305.0,1305.0,[1305.0],2,"['247978-webtirf', '247979-webtirf']"
50240,2025-09-05 05:00:00,4,1,2254.0,2254.0,[2254.0],1,['248308-webtirf']
50240,2025-09-28 07:00:00,5,1,1215.0,1215.0,[1215.0],1,['250927-webtirf']
50240,2025-09-28 19:00:00,3,1,1609.0,1609.0,[1609.0],1,['250941-webtirf']
50240,2025-10-04 04:00:00,2,1,445.0,445.0,[445.0],1,['251582-webtirf']
50240,2025-10-16 04:00:00,4,1,888.0,888.0,[888.0],2,"['252780-webtirf', '252780.0-webtirf']"
50240,2025-10-17 09:00:00,2,1,2604.0,2604.0,[2604.0],1,['252963-webtirf']
50240,2025-10-20 03:00:00,5,1,307.0,307.0,[307.0],1,['253176-webtirf']
50240,2025-10-26 07:00:00,2,1,1270.0,1270.0,[1270.0],1,['253799-webtirf']
50240,2025-10-30 03:00:00,22,1,321.0,321.0,[321.0],1,['254219-webtirf']
50240,2025-10-30 04:00:00,10,1,831.0,831.0,[831.0],1,['254219-webtirf']
50240,2025-10-30 05:00:00,8,1,2373.0,2373.0,[2373.0],1,['254219-webtirf']
50240,2025-10-30 06:00:00,6,1,3244.0,3244.0,[3244.0],1,['254219-webtirf']
50240,2025-10-30 07:00:00,5,1,2910.0,2910.0,[2910.0],1,['254219-webtirf']
50240,2025-10-30 09:00:00,23,1,2728.0,2728.0,[2728.0],1,['254263-webtirf']
50240,2025-10-30 10:00:00,20,1,2297.0,2297.0,[2297.0],1,['254263-webtirf']
50240,2025-10-30 11:00:00,18,1,2173.0,2173.0,[2173.0],1,['254263-webtirf']
50240,2025-10-30 12:00:00,16,1,2190.0,2190.0,[2190.0],1,['254263-webtirf']
50240,2025-10-30 13:00:00,15,1,2262.0,2262.0,[2262.0],1,['254263-webtirf']
50240,2025-10-30 14:00:00,14,1,1638.0,1638.0,[1638.0],1,['254263-webtirf']
50240,2025-10-30 15:00:00,13,1,1636.0,1636.0,[1636.0],1,['254263-webtirf']
50240,2025-10-30 16:00:00,11,1,1606.0,1606.0,[1606.0],1,['254263-webtirf']
50240,2025-10-30 17:00:00,8,1,1771.0,1771.0,[1771.0],1,['254263-webtirf']
50240,2025-10-30 18:00:00,8,1,1898.0,1898.0,[1898.0],1,['254263-webtirf']
50240,2025-10-30 19:00:00,8,1,1602.0,1602.0,[1602.0],1,['254263-webtirf']
50240,2025-10-30 20:00:00,8,1,1361.0,1361.0,[1361.0],1,['254263-webtirf']
50240,2025-10-30 21:00:00,8,1,1384.0,1384.0,[1384.0],1,['254263-webtirf']
50240,2025-10-30 22:00:00,8,1,1085.0,1085.0,[1085.0],1,['254263-webtirf']
50240,2025-10-30 23:00:00,8,1,0.0,0.0,[0.0],1,['254263-webtirf']
50240,2025-10-31 00:00:00,8,1,400.0,400.0,[400.0],1,['254263-webtirf']
50240,2025-10-31 01:00:00,8,1,247.0,247.0,[247.0],1,['254263-webtirf']
50240,2025-10-31 02:00:00,8,1,236.0,236.0,[236.0],1,['254263-webtirf']
50240,2025-10-31 03:00:00,8,1,380.0,380.0,[380.0],1,['254263-webtirf']
50240,2025-10-31 04:00:00,8,1,844.0,844.0,[844.0],1,['254263-webtirf']
50240,2025-10-31 05:00:00,8,1,2286.0,2286.0,[2286.0],1,['254263-webtirf']
50240,2025-10-31 06:00:00,8,1,3057.0,3057.0,[3057.0],1,['254263-webtirf']
50240,2025-10-31 07:00:00,8,1,2987.0,2987.0,[2987.0],1,['254263-webtirf']
50240,2025-10-31 08:00:00,8,1,2684.0,2684.0,[2684.0],1,['254263-webtirf']
50240,2025-10-31 09:00:00,8,1,2516.0,2516.0,[2516.0],1,['254263-webtirf']
50240,2025-10-31 10:00:00,8,1,2344.0,2344.0,[2344.0],1,['254263-webtirf']
50240,2025-10-31 11:00:00,6,1,2281.0,2281.0,[2281.0],1,['254263-webtirf']
50240,2025-10-31 12:00:00,4,1,2188.0,2188.0,[2188.0],1,['254263-webtirf']
50240,2025-10-31 13:00:00,3,1,0.0,0.0,[0.0],1,['254263-webtirf']
50240,2025-11-13 03:00:00,2,1,339.0,339.0,[339.0],2,"['255570-webtirf', '255570.0-webtirf']"
50240,2025-11-14 20:00:00,3,1,1593.0,1593.0,[1593.0],1,['255779-webtirf']
50240,2025-11-17 19:00:00,3,1,1186.0,1186.0,[1186.0],1,['256019-webtirf']
50240,2025-12-04 08:00:00,6,1,2804.0,2804.0,[2804.0],2,"['258140-webtirf', '258140.0-webtirf']"
50240,2025-12-04 09:00:00,2,1,2660.0,2660.0,[2660.0],2,"['258140-webtirf', '258140.0-webtirf']"
50240,2025-12-05 03:00:00,3,1,350.0,350.0,[350.0],1,['258248-webtirf']
50240,2025-12-08 05:00:00,2,1,2474.0,2474.0,[2474.0],1,['258513-webtirf']
50240,2025-12-17 06:00:00,5,1,3118.0,3118.0,[3118.0],2,"['259505-webtirf', '259509-webtirf']"
50240,2025-12-26 10:00:00,2,1,785.0,785.0,[785.0],1,['260332-webtirf']
50250,2025-01-15 00:00:00,5,1,3.0,3.0,[3.0],1,['220591-webtirf']
50250,2025-01-15 01:00:00,2,1,0.0,0.0,[0.0],1,['220591-webtirf']
50250,2025-01-15 02:00:00,2,1,4.0,4.0,[4.0],1,['220591-webtirf']
50250,2025-04-29 18:00:00,11,1,93.0,93.0,[93.0],1,['232994-webtirf']
50250,2025-04-29 19:00:00,9,1,43.0,43.0,[43.0],1,['232994-webtirf']
50250,2025-04-29 20:00:00,9,1,45.0,45.0,[45.0],1,['232994-webtirf']
50250,2025-04-29 21:00:00,9,1,19.0,19.0,[19.0],1,['232994-webtirf']
50250,2025-04-29 22:00:00,9,1,21.0,21.0,[21.0],1,['232994-webtirf']
50250,2025-04-29 23:00:00,9,1,8.0,8.0,[8.0],1,['232994-webtirf']
50250,2025-04-30 00:00:00,9,1,2.0,2.0,[2.0],1,['232994-webtirf']
50250,2025-04-30 01:00:00,9,1,3.0,3.0,[3.0],1,['232994-webtirf']
50250,2025-04-30 02:00:00,9,1,1.0,1.0,[1.0],1,['232994-webtirf']
50250,2025-04-30 03:00:00,9,1,2.0,2.0,[2.0],1,['232994-webtirf']
50250,2025-04-30 04:00:00,9,1,18.0,18.0,[18.0],1,['232994-webtirf']
50250,2025-04-30 05:00:00,9,1,84.0,84.0,[84.0],1,['232994-webtirf']
50250,2025-04-30 06:00:00,9,1,159.0,159.0,[159.0],1,['232994-webtirf']
50250,2025-04-30 07:00:00,9,1,145.0,145.0,[145.0],1,['232994-webtirf']
50250,2025-04-30 08:00:00,9,1,147.0,147.0,[147.0],1,['232994-webtirf']
50250,2025-04-30 09:00:00,9,1,104.0,104.0,[104.0],1,['232994-webtirf']
50250,2025-04-30 10:00:00,9,1,93.0,93.0,[93.0],1,['232994-webtirf']
50250,2025-04-30 11:00:00,9,1,74.0,74.0,[74.0],1,['232994-webtirf']
50250,2025-04-30 12:00:00,9,1,81.0,81.0,[81.0],1,['232994-webtirf']
50250,2025-04-30 13:00:00,9,1,94.0,94.0,[94.0],1,['232994-webtirf']
50250,2025-04-30 14:00:00,9,1,109.0,109.0,[109.0],1,['232994-webtirf']
50250,2025-04-30 15:00:00,9,1,105.0,105.0,[105.0],1,['232994-webtirf']
50250,2025-04-30 16:00:00,9,1,111.0,111.0,[111.0],1,['232994-webtirf']
50250,2025-04-30 17:00:00,9,1,148.0,148.0,[148.0],1,['232994-webtirf']
50250,2025-08-01 03:00:00,4,1,4.0,4.0,[4.0],1,['244026-webtirf']
50250,2025-09-08 03:00:00,2,1,29.0,29.0,[29.0],1,['248546-webtirf']
50250,2025-10-23 01:00:00,10,1,8.0,8.0,[8.0],2,"['253520-webtirf', '253520.0-webtirf']"
50260,2025-01-11 21:00:00,2,1,2009.0,2009.0,[2009.0],1,['220247-webtirf']
50260,2025-03-05 04:00:00,2,1,574.0,574.0,[574.0],1,['225760.0-webtirf']
50260,2025-04-14 06:00:00,3,1,4674.0,4674.0,[4674.0],1,['231394-webtirf']
50260,2025-06-10 20:00:00,2,1,1094.0,1094.0,[1094.0],1,['238601-webtirf']
50260,2025-06-21 01:00:00,5,1,377.0,377.0,[377.0],1,['239723-webtirf']
50260,2025-07-10 07:00:00,2,1,4689.0,4689.0,[4689.0],1,['241849-webtirf']
50260,2025-07-25 08:00:00,4,1,4781.0,4781.0,[4781.0],1,['243298-webtirf']
50260,2025-10-21 00:00:00,2,2,40.0,339.0,"[40.0, 339.0]",1,['NO_INCIDENT']
51235,2025-01-07 02:00:00,7,1,72.0,72.0,[72.0],1,['219796-webtirf']
51235,2025-01-07 03:00:00,3,1,121.0,121.0,[121.0],1,['219796-webtirf']
51235,2025-01-12 13:00:00,3,1,3294.0,3294.0,[3294.0],1,['220287-webtirf']
51235,2025-01-13 00:00:00,3,1,229.0,229.0,[229.0],1,['220326-webtirf']
51235,2025-01-17 02:00:00,2,1,64.0,64.0,[64.0],1,['220944-webtirf']
51235,2025-01-21 01:00:00,3,1,103.0,103.0,[103.0],1,['221452-webtirf']
51235,2025-01-23 15:00:00,6,1,1889.0,1889.0,[1889.0],1,['221723-webtirf']
51235,2025-01-23 16:00:00,4,1,2039.0,2039.0,[2039.0],1,['221723-webtirf']
51235,2025-01-23 17:00:00,2,1,2164.0,2164.0,[2164.0],1,['221723-webtirf']
51235,2025-01-30 19:00:00,7,1,1318.0,1318.0,[1318.0],1,['222366-webtirf']
51235,2025-01-30 20:00:00,2,1,1015.0,1015.0,[1015.0],1,['222366-webtirf']
51235,2025-03-05 06:00:00,2,1,2814.0,2814.0,[2814.0],1,['225780.0-webtirf']
51235,2025-03-13 00:00:00,2,1,181.0,181.0,[181.0],1,['227321-webtirf']
51235,2025-03-31 08:00:00,3,1,2356.0,2356.0,[2356.0],1,['229747-webtirf']
51235,2025-04-10 05:00:00,4,1,1303.0,1303.0,[1303.0],2,"['230965-webtirf', '230968-webtirf']"
51235,2025-04-17 01:00:00,3,1,115.0,115.0,[115.0],1,['231756-webtirf']
51235,2025-04-20 03:00:00,2,1,294.0,294.0,[294.0],1,['231973-webtirf']
51235,2025-04-23 15:00:00,2,1,3828.0,3828.0,[3828.0],1,['232302-webtirf']
51235,2025-05-05 04:00:00,3,1,571.0,571.0,[571.0],1,['233565-webtirf']
51235,2025-05-05 23:00:00,4,1,258.0,258.0,[258.0],2,"['233565-webtirf', '233651-webtirf']"
51235,2025-05-21 07:00:00,2,1,3887.0,3887.0,[3887.0],1,['235801-webtirf']
51235,2025-05-23 20:00:00,4,1,2354.0,2354.0,[2354.0],1,['236589-webtirf']
51235,2025-05-25 01:00:00,2,1,669.0,669.0,[669.0],1,['236690.0-webtirf']
51235,2025-05-27 21:00:00,5,1,2029.0,2029.0,[2029.0],1,['237142-webtirf']
51235,2025-06-02 23:00:00,3,1,718.0,718.0,[718.0],1,['237829-webtirf']
51235,2025-06-04 22:00:00,2,1,1521.0,1521.0,[1521.0],1,['238076-webtirf']
51235,2025-06-05 21:00:00,3,1,2334.0,2334.0,[2334.0],1,['238195-webtirf']
51235,2025-06-05 22:00:00,2,1,645.0,645.0,[645.0],1,['238195-webtirf']
51235,2025-06-07 08:00:00,3,1,2811.0,2811.0,[2811.0],1,['238367-webtirf']
51235,2025-06-24 21:00:00,4,1,1983.0,1983.0,[1983.0],1,['240101-webtirf']
51235,2025-07-03 05:00:00,6,1,1645.0,1645.0,[1645.0],2,"['241192-webtirf', '241193-webtirf']"
51235,2025-07-06 07:00:00,3,1,1410.0,1410.0,[1410.0],1,['241451-webtirf']
51235,2025-07-07 01:00:00,5,1,256.0,256.0,[256.0],1,['241515-webtirf']
51235,2025-07-07 02:00:00,3,1,184.0,184.0,[184.0],1,['241515-webtirf']
51235,2025-07-17 01:00:00,6,1,280.0,280.0,[280.0],1,['242475-webtirf']
51235,2025-07-17 02:00:00,3,1,223.0,223.0,[223.0],1,['242475-webtirf']
51235,2025-07-17 03:00:00,2,1,236.0,236.0,[236.0],1,['242475-webtirf']
51235,2025-07-22 23:00:00,2,1,762.0,762.0,[762.0],1,['242997-webtirf']
51235,2025-08-20 22:00:00,3,1,1391.0,1391.0,[1391.0],1,['246521-webtirf']
51235,2025-08-22 07:00:00,5,1,3419.0,3419.0,[3419.0],1,['246935-webtirf']
51235,2025-08-27 22:00:00,4,1,1637.0,1637.0,[1637.0],1,['247454-webtirf']
51235,2025-08-28 04:00:00,3,1,604.0,604.0,[604.0],1,['247517-webtirf']
51235,2025-09-15 08:00:00,2,1,2187.0,2187.0,[2187.0],1,['249624-webtirf']
51235,2025-09-17 07:00:00,3,1,2385.0,2385.0,[2385.0],1,['249857-webtirf']
51235,2025-09-19 06:00:00,3,1,2594.0,2594.0,[2594.0],1,['250058-webtirf']
51235,2025-09-26 00:00:00,6,1,214.0,214.0,[214.0],2,"['250750-webtirf', '250750.0-webtirf']"
51235,2025-09-26 01:00:00,2,1,141.0,141.0,[141.0],2,"['250750-webtirf', '250750.0-webtirf']"
51235,2025-10-05 16:00:00,6,1,1642.0,1642.0,[1642.0],1,['251641-webtirf']
51235,2025-10-05 17:00:00,5,1,1559.0,1559.0,[1559.0],1,['251641-webtirf']
51235,2025-10-05 18:00:00,3,1,1348.0,1348.0,[1348.0],1,['251641-webtirf']
51235,2025-10-22 20:00:00,4,1,979.0,979.0,[979.0],1,['253486-webtirf']
51235,2025-10-26 06:00:00,2,1,888.0,888.0,[888.0],1,['253798-webtirf']
51235,2025-10-27 23:00:00,2,1,259.0,259.0,[259.0],1,['253964-webtirf']
51235,2025-10-30 20:00:00,2,1,333.0,333.0,[333.0],1,['254277-webtirf']
51235,2025-11-19 03:00:00,3,1,163.0,163.0,[163.0],1,['256183-webtirf']
51235,2025-11-23 02:00:00,5,1,172.0,172.0,[172.0],1,['256625-webtirf']
51235,2025-11-24 20:00:00,4,1,1071.0,1071.0,[1071.0],1,['256804-webtirf']
51235,2025-11-30 21:00:00,3,1,1041.0,1041.0,[1041.0],1,['257696-webtirf']
51235,2025-12-19 14:00:00,15,1,1823.0,1823.0,[1823.0],1,['259779-webtirf']
51235,2025-12-19 15:00:00,12,1,1664.0,1664.0,[1664.0],1,['259779-webtirf']
51235,2025-12-19 16:00:00,10,1,1776.0,1776.0,[1776.0],1,['259779-webtirf']
51235,2025-12-19 17:00:00,7,1,1978.0,1978.0,[1978.0],1,['259779-webtirf']
51235,2025-12-19 18:00:00,6,1,1812.0,1812.0,[1812.0],1,['259779-webtirf']
51235,2025-12-19 19:00:00,5,1,1357.0,1357.0,[1357.0],1,['259779-webtirf']
51235,2025-12-19 20:00:00,4,1,1075.0,1075.0,[1075.0],1,['259779-webtirf']
51235,2025-12-19 21:00:00,4,1,1127.0,1127.0,[1127.0],1,['259779-webtirf']
51235,2025-12-19 22:00:00,3,1,1008.0,1008.0,[1008.0],1,['259779-webtirf']
51235,2025-12-19 23:00:00,2,1,654.0,654.0,[654.0],1,['259779-webtirf']
51235,2025-12-20 00:00:00,2,1,412.0,412.0,[412.0],1,['259779-webtirf']
53003,2025-01-14 23:00:00,2,1,309.0,309.0,[309.0],1,['220582-webtirf']
53003,2025-01-17 01:00:00,2,1,224.0,224.0,[224.0],1,['220938-webtirf']
53003,2025-03-21 08:00:00,7,1,4055.0,4055.0,[4055.0],1,['228299-webtirf']
53003,2025-03-21 09:00:00,7,1,1964.0,1964.0,[1964.0],1,['228299-webtirf']
53003,2025-03-21 10:00:00,7,1,3709.0,3709.0,[3709.0],1,['228299-webtirf']
53003,2025-03-21 11:00:00,7,1,3752.0,3752.0,[3752.0],1,['228299-webtirf']
53003,2025-03-21 12:00:00,7,1,3874.0,3874.0,[3874.0],1,['228299-webtirf']
53003,2025-03-21 13:00:00,7,1,4030.0,4030.0,[4030.0],1,['228299-webtirf']
53003,2025-03-21 14:00:00,7,1,4231.0,4231.0,[4231.0],1,['228299-webtirf']
53003,2025-03-21 15:00:00,7,1,4302.0,4302.0,[4302.0],1,['228299-webtirf']
53003,2025-03-21 16:00:00,7,1,4740.0,4740.0,[4740.0],1,['228299-webtirf']
53003,2025-03-21 17:00:00,7,1,4748.0,4748.0,[4748.0],1,['228299-webtirf']
53003,2025-03-21 18:00:00,7,1,4171.0,4171.0,[4171.0],1,['228299-webtirf']
53003,2025-03-21 19:00:00,7,1,2920.0,2920.0,[2920.0],1,['228299-webtirf']
53003,2025-03-21 20:00:00,7,1,2176.0,2176.0,[2176.0],1,['228299-webtirf']
53003,2025-03-21 21:00:00,7,1,1793.0,1793.0,[1793.0],1,['228299-webtirf']
53003,2025-03-21 22:00:00,7,1,1697.0,1697.0,[1697.0],1,['228299-webtirf']
53003,2025-03-21 23:00:00,7,1,1045.0,1045.0,[1045.0],1,['228299-webtirf']
53003,2025-03-22 00:00:00,7,1,507.0,507.0,[507.0],1,['228299-webtirf']
53003,2025-03-22 01:00:00,7,1,296.0,296.0,[296.0],1,['228299-webtirf']
53003,2025-03-22 02:00:00,7,1,221.0,221.0,[221.0],1,['228299-webtirf']
53003,2025-03-22 03:00:00,7,1,207.0,207.0,[207.0],1,['228299-webtirf']
53003,2025-03-22 04:00:00,7,1,294.0,294.0,[294.0],1,['228299-webtirf']
53003,2025-03-22 05:00:00,7,1,670.0,670.0,[670.0],1,['228299-webtirf']
53003,2025-03-22 06:00:00,7,1,1279.0,1279.0,[1279.0],1,['228299-webtirf']
53003,2025-03-22 07:00:00,7,1,2059.0,2059.0,[2059.0],1,['228299-webtirf']
53003,2025-03-22 23:00:00,3,1,1110.0,1110.0,[1110.0],1,['228387-webtirf']
53003,2025-03-28 00:00:00,2,1,174.0,174.0,[174.0],1,['229123-webtirf']
53003,2025-04-15 23:00:00,2,1,596.0,596.0,[596.0],1,['231609-webtirf']
53003,2025-05-16 08:00:00,2,1,4184.0,4184.0,[4184.0],1,['234851-webtirf']
53003,2025-06-11 07:00:00,10,1,4993.0,4993.0,[4993.0],1,['238700.0-webtirf']
53003,2025-06-11 08:00:00,5,1,4268.0,4268.0,[4268.0],1,['238700.0-webtirf']
53003,2025-09-15 17:00:00,6,1,4552.0,4552.0,[4552.0],2,"['249640-webtirf', '249640.0-webtirf']"
53003,2025-09-16 05:00:00,5,1,2002.0,2002.0,[2002.0],1,['249725-webtirf']
53003,2025-09-16 06:00:00,3,1,4369.0,4369.0,[4369.0],1,['249725-webtirf']
53003,2025-09-22 01:00:00,2,1,183.0,183.0,[183.0],1,['250262-webtirf']
53003,2025-09-24 03:00:00,3,1,261.0,261.0,[261.0],1,['250494-webtirf']
53003,2025-10-16 10:00:00,4,1,3596.0,3596.0,[3596.0],1,['252808-webtirf']
53003,2025-10-16 11:00:00,2,1,3405.0,3405.0,[3405.0],1,['252808-webtirf']
53003,2025-10-21 00:00:00,2,2,36.0,127.0,"[36.0, 127.0]",1,['NO_INCIDENT']
53003,2025-11-12 20:00:00,2,1,2029.0,2029.0,[2029.0],1,['255517-webtirf']
53003,2025-11-14 04:00:00,3,1,624.0,624.0,[624.0],1,['255733-webtirf']
53003,2025-12-10 18:00:00,4,1,3862.0,3862.0,[3862.0],1,['258782-webtirf']
53003,2025-12-10 19:00:00,3,1,2526.0,2526.0,[2526.0],1,['258782-webtirf']
53003,2025-12-10 20:00:00,2,1,1982.0,1982.0,[1982.0],1,['258782-webtirf']
53004,2025-01-10 02:00:00,3,1,0.0,0.0,[0.0],1,['220110.0-webtirf']
53004,2025-01-15 03:00:00,3,1,99.0,99.0,[99.0],1,['220608-webtirf']
53004,2025-01-19 03:00:00,2,1,165.0,165.0,[165.0],1,['221277-webtirf']
53004,2025-01-28 05:00:00,2,1,307.0,307.0,[307.0],1,['222064-webtirf']
53004,2025-03-07 02:00:00,3,1,103.0,103.0,[103.0],1,['226197-webtirf']
53004,2025-03-07 05:00:00,6,1,983.0,983.0,[983.0],1,['226249-webtirf']
53004,2025-03-16 00:00:00,4,1,198.0,198.0,[198.0],1,['227603-webtirf']
53004,2025-03-16 01:00:00,2,1,112.0,112.0,[112.0],1,['227603-webtirf']
53004,2025-03-24 20:00:00,2,1,1445.0,1445.0,[1445.0],1,['228553-webtirf']
53004,2025-03-30 13:00:00,3,1,2982.0,2982.0,[2982.0],1,['229618-webtirf']
53004,2025-04-08 08:00:00,4,1,3000.0,3000.0,[3000.0],1,['230730.0-webtirf']
53004,2025-04-15 04:00:00,4,1,343.0,343.0,[343.0],1,['231508-webtirf']
53004,2025-04-15 05:00:00,3,1,1050.0,1050.0,[1050.0],1,['231508-webtirf']
53004,2025-04-15 06:00:00,2,1,2338.0,2338.0,[2338.0],1,['231508-webtirf']
53004,2025-05-04 21:00:00,3,1,1018.0,1018.0,[1018.0],1,['233512-webtirf']
53004,2025-05-08 02:00:00,2,1,97.0,97.0,[97.0],1,['233941-webtirf']
53004,2025-05-08 11:00:00,4,1,2504.0,2504.0,[2504.0],1,['234000.0-webtirf']
53004,2025-05-18 21:00:00,4,1,369.0,369.0,[369.0],1,['235028-webtirf']
53004,2025-05-18 22:00:00,2,1,279.0,279.0,[279.0],1,['235028-webtirf']
53004,2025-05-28 18:00:00,14,1,1375.0,1375.0,[1375.0],1,['237252-webtirf']
53004,2025-05-28 19:00:00,8,1,988.0,988.0,[988.0],1,['237252-webtirf']
53004,2025-05-28 20:00:00,2,1,602.0,602.0,[602.0],1,['237252-webtirf']
53004,2025-05-29 00:00:00,8,1,97.0,97.0,[97.0],1,['237280.0-webtirf']
53004,2025-05-29 01:00:00,3,1,55.0,55.0,[55.0],1,['237280.0-webtirf']
53004,2025-06-05 07:00:00,3,1,2453.0,2453.0,[2453.0],1,['238153-webtirf']
53004,2025-06-18 07:00:00,2,1,2428.0,2428.0,[2428.0],1,['239430.0-webtirf']
53004,2025-07-04 01:00:00,3,1,72.0,72.0,[72.0],1,['241272-webtirf']
53004,2025-07-14 04:00:00,9,1,228.0,228.0,[228.0],1,['242113-webtirf']
53004,2025-07-14 05:00:00,3,1,704.0,704.0,[704.0],1,['242113-webtirf']
53004,2025-07-16 04:00:00,9,1,242.0,242.0,[242.0],1,['242393-webtirf']
53004,2025-07-16 05:00:00,9,1,708.0,708.0,[708.0],2,"['242393-webtirf', '242403-webtirf']"
53004,2025-07-30 17:00:00,3,1,3080.0,3080.0,[3080.0],1,['243831-webtirf']
53004,2025-07-30 18:00:00,2,1,2778.0,2778.0,[2778.0],1,['243831-webtirf']
53004,2025-07-30 19:00:00,2,1,1931.0,1931.0,[1931.0],1,['243831-webtirf']
53004,2025-07-31 00:00:00,2,1,225.0,225.0,[225.0],1,['243887-webtirf']
53004,2025-08-01 01:00:00,2,1,70.0,70.0,[70.0],1,['244008-webtirf']
53004,2025-08-01 19:00:00,3,1,1025.0,1025.0,[1025.0],1,['244091-webtirf']
53004,2025-08-10 03:00:00,3,1,154.0,154.0,[154.0],1,['245231-webtirf']
53004,2025-08-14 03:00:00,4,1,124.0,124.0,[124.0],1,['245672-webtirf']
53004,2025-08-16 05:00:00,3,1,432.0,432.0,[432.0],1,['245912-webtirf']
53004,2025-08-21 22:00:00,6,1,1054.0,1054.0,[1054.0],1,['246810.0-webtirf']
53004,2025-08-26 04:00:00,9,1,329.0,329.0,[329.0],1,['247272-webtirf']
53004,2025-08-28 21:00:00,4,1,1632.0,1632.0,[1632.0],1,['247576-webtirf']
53004,2025-08-30 04:00:00,2,1,232.0,232.0,[232.0],1,['247715-webtirf']
53004,2025-09-02 08:00:00,4,1,3631.0,3631.0,[3631.0],1,['248013-webtirf']
53004,2025-09-17 22:00:00,5,1,1027.0,1027.0,[1027.0],1,['249895-webtirf']
53004,2025-09-24 00:00:00,5,1,203.0,203.0,[203.0],1,['250466-webtirf']
53004,2025-09-24 01:00:00,2,1,113.0,113.0,[113.0],1,['250486-webtirf']
53004,2025-09-26 03:00:00,2,1,171.0,171.0,[171.0],1,['250776-webtirf']
53004,2025-10-01 03:00:00,4,1,120.0,120.0,[120.0],1,['251226-webtirf']
53004,2025-10-11 01:00:00,4,1,270.0,270.0,[270.0],2,"['252260-webtirf', '252260.0-webtirf']"
53004,2025-10-21 00:00:00,2,2,60.0,126.0,"[60.0, 126.0]",1,['NO_INCIDENT']
53004,2025-10-21 06:00:00,2,1,2257.0,2257.0,[2257.0],1,['253308-webtirf']
53004,2025-10-22 06:00:00,2,1,2662.0,2662.0,[2662.0],1,['253446-webtirf']
53004,2025-10-23 06:00:00,3,1,2693.0,2693.0,[2693.0],1,['253555-webtirf']
53004,2025-10-27 07:00:00,18,1,4010.0,4010.0,[4010.0],2,"['253900-webtirf', '253900.0-webtirf']"
53004,2025-10-27 08:00:00,4,1,3080.0,3080.0,[3080.0],2,"['253900-webtirf', '253900.0-webtirf']"
53004,2025-10-27 21:00:00,3,1,1164.0,1164.0,[1164.0],1,['253945-webtirf']
53004,2025-10-28 03:00:00,2,1,115.0,115.0,[115.0],1,['253985-webtirf']
53004,2025-10-29 21:00:00,3,1,1374.0,1374.0,[1374.0],1,['254179-webtirf']
53004,2025-11-05 06:00:00,2,1,1970.0,1970.0,[1970.0],1,['254814-webtirf']
53004,2025-11-10 07:00:00,8,1,3848.0,3848.0,[3848.0],2,"['255280-webtirf', '255280.0-webtirf']"
53004,2025-11-16 20:00:00,5,1,1707.0,1707.0,[1707.0],1,['255907-webtirf']
53004,2025-11-22 12:00:00,5,1,3475.0,3475.0,[3475.0],1,['256591-webtirf']
53004,2025-11-22 13:00:00,2,1,3175.0,3175.0,[3175.0],1,['256591-webtirf']
53004,2025-11-25 19:00:00,3,1,1656.0,1656.0,[1656.0],1,['256936-webtirf']
53004,2025-11-25 22:00:00,3,1,698.0,698.0,[698.0],1,['256962-webtirf']
53004,2025-11-27 07:00:00,2,1,3831.0,3831.0,[3831.0],1,['257286-webtirf']
53004,2025-12-03 05:00:00,3,1,1055.0,1055.0,[1055.0],1,['258003-webtirf']
53004,2025-12-05 08:00:00,3,1,2990.0,2990.0,[2990.0],1,['258283-webtirf']
53004,2025-12-10 08:00:00,2,1,3147.0,3147.0,[3147.0],1,['258767-webtirf']
53004,2025-12-23 02:00:00,2,1,123.0,123.0,[123.0],1,['260132-webtirf']
55049,2025-01-27 05:00:00,2,1,170.0,170.0,[170.0],1,['221952-webtirf']
55049,2025-03-09 07:00:00,2,1,876.0,876.0,[876.0],1,['226666-webtirf']
55049,2025-03-09 15:00:00,3,1,1154.0,1154.0,[1154.0],1,['226697-webtirf']
55049,2025-03-30 20:00:00,2,1,315.0,315.0,[315.0],1,['229641-webtirf']
55049,2025-04-29 06:00:00,2,1,958.0,958.0,[958.0],1,['232952-webtirf']
55049,2025-05-09 11:00:00,11,1,2662.0,2662.0,[2662.0],1,['234119-webtirf']
55049,2025-05-09 12:00:00,3,1,2599.0,2599.0,[2599.0],1,['234119-webtirf']
55049,2025-05-09 13:00:00,2,1,2594.0,2594.0,[2594.0],1,['234119-webtirf']
55049,2025-05-15 05:00:00,3,1,607.0,607.0,[607.0],1,['234670.0-webtirf']
55049,2025-10-21 00:00:00,2,2,14.0,47.0,"[14.0, 47.0]",1,['NO_INCIDENT']
55049,2025-10-27 21:00:00,4,1,434.0,434.0,[434.0],2,"['253950-webtirf', '253950.0-webtirf']"
55049,2025-11-04 03:00:00,5,1,21.0,21.0,[21.0],1,['254705-webtirf']
55049,2025-11-08 04:00:00,3,1,69.0,69.0,[69.0],1,['255128-webtirf']
55049,2025-11-17 10:00:00,2,1,1162.0,1162.0,[1162.0],1,['256007-webtirf']
57025,2025-03-13 07:00:00,2,1,1629.0,1629.0,[1629.0],1,['227395-webtirf']
57025,2025-04-16 00:00:00,3,1,40.0,40.0,[40.0],1,['231613-webtirf']
57025,2025-05-01 21:00:00,2,1,380.0,380.0,[380.0],1,['233269-webtirf']
57025,2025-05-17 03:00:00,4,1,11.0,11.0,[11.0],1,['234901-webtirf']
57025,2025-05-30 04:00:00,3,1,69.0,69.0,[69.0],1,['237425-webtirf']
57025,2025-06-04 06:00:00,6,1,555.0,555.0,[555.0],1,['238017-webtirf']
57025,2025-06-04 07:00:00,4,1,643.0,643.0,[643.0],1,['238017-webtirf']
57025,2025-06-04 08:00:00,4,1,728.0,728.0,[728.0],1,['238017-webtirf']
57025,2025-06-04 09:00:00,4,1,697.0,697.0,[697.0],1,['238017-webtirf']
57025,2025-06-04 10:00:00,4,1,582.0,582.0,[582.0],1,['238017-webtirf']
57025,2025-06-04 11:00:00,4,1,569.0,569.0,[569.0],1,['238017-webtirf']
57025,2025-06-04 12:00:00,4,1,572.0,572.0,[572.0],1,['238017-webtirf']
57025,2025-06-04 13:00:00,4,1,608.0,608.0,[608.0],1,['238017-webtirf']
57025,2025-06-04 14:00:00,4,1,644.0,644.0,[644.0],1,['238017-webtirf']
57025,2025-06-04 15:00:00,4,1,836.0,836.0,[836.0],1,['238017-webtirf']
57025,2025-06-04 16:00:00,4,1,810.0,810.0,[810.0],1,['238017-webtirf']
57025,2025-06-04 17:00:00,4,1,828.0,828.0,[828.0],1,['238017-webtirf']
57025,2025-06-04 18:00:00,4,1,470.0,470.0,[470.0],1,['238017-webtirf']
57025,2025-06-04 19:00:00,4,1,320.0,320.0,[320.0],1,['238017-webtirf']
57025,2025-06-04 20:00:00,4,1,232.0,232.0,[232.0],1,['238017-webtirf']
57025,2025-06-04 21:00:00,4,1,189.0,189.0,[189.0],1,['238017-webtirf']
57025,2025-06-04 22:00:00,4,1,95.0,95.0,[95.0],1,['238017-webtirf']
57025,2025-06-04 23:00:00,4,1,46.0,46.0,[46.0],1,['238017-webtirf']
57025,2025-06-05 00:00:00,4,1,23.0,23.0,[23.0],1,['238017-webtirf']
57025,2025-06-05 01:00:00,4,1,15.0,15.0,[15.0],1,['238017-webtirf']
57025,2025-06-05 02:00:00,4,1,13.0,13.0,[13.0],1,['238017-webtirf']
57025,2025-06-05 03:00:00,4,1,31.0,31.0,[31.0],1,['238017-webtirf']
57025,2025-06-05 04:00:00,4,1,67.0,67.0,[67.0],1,['238017-webtirf']
57025,2025-06-05 05:00:00,4,1,226.0,226.0,[226.0],1,['238017-webtirf']
57025,2025-06-10 22:00:00,7,1,89.0,89.0,[89.0],1,['238615-webtirf']
57025,2025-06-10 23:00:00,4,1,45.0,45.0,[45.0],1,['238615-webtirf']
57025,2025-10-20 23:00:00,14,1,17.0,17.0,[17.0],2,"['253250-webtirf', '253250.0-webtirf']"
57025,2025-10-21 00:00:00,24,2,2.0,12.0,"[2.0, 12.0]",2,"['253250-webtirf', '253250.0-webtirf']"
57025,2025-10-21 01:00:00,12,1,11.0,11.0,[11.0],2,"['253250-webtirf', '253250.0-webtirf']"
57025,2025-10-21 02:00:00,12,1,25.0,25.0,[25.0],2,"['253250-webtirf', '253250.0-webtirf']"
57025,2025-10-21 03:00:00,12,1,75.0,75.0,[75.0],2,"['253250-webtirf', '253250.0-webtirf']"
57025,2025-10-21 04:00:00,12,1,223.0,223.0,[223.0],2,"['253250-webtirf', '253250.0-webtirf']"
57025,2025-10-21 05:00:00,12,1,583.0,583.0,[583.0],2,"['253250-webtirf', '253250.0-webtirf']"
57025,2025-10-21 06:00:00,12,1,627.0,627.0,[627.0],2,"['253250-webtirf', '253250.0-webtirf']"
57025,2025-10-21 07:00:00,12,1,752.0,752.0,[752.0],2,"['253250-webtirf', '253250.0-webtirf']"
57025,2025-10-21 08:00:00,12,1,671.0,671.0,[671.0],2,"['253250-webtirf', '253250.0-webtirf']"
57025,2025-10-21 09:00:00,12,1,612.0,612.0,[612.0],2,"['253250-webtirf', '253250.0-webtirf']"
57025,2025-10-21 10:00:00,12,1,605.0,605.0,[605.0],2,"['253250-webtirf', '253250.0-webtirf']"
57025,2025-10-21 11:00:00,12,1,605.0,605.0,[605.0],2,"['253250-webtirf', '253250.0-webtirf']"
57025,2025-10-21 12:00:00,12,1,613.0,613.0,[613.0],2,"['253250-webtirf', '253250.0-webtirf']"
57025,2025-10-21 13:00:00,12,1,678.0,678.0,[678.0],2,"['253250-webtirf', '253250.0-webtirf']"
57025,2025-10-21 14:00:00,12,1,858.0,858.0,[858.0],2,"['253250-webtirf', '253250.0-webtirf']"
57025,2025-10-21 15:00:00,12,1,821.0,821.0,[821.0],2,"['253250-webtirf', '253250.0-webtirf']"
57025,2025-10-21 16:00:00,12,1,804.0,804.0,[804.0],2,"['253250-webtirf', '253250.0-webtirf']"
57025,2025-10-21 17:00:00,12,1,518.0,518.0,[518.0],2,"['253250-webtirf', '253250.0-webtirf']"
57025,2025-10-21 18:00:00,12,1,304.0,304.0,[304.0],2,"['253250-webtirf', '253250.0-webtirf']"
57025,2025-10-21 19:00:00,12,1,230.0,230.0,[230.0],2,"['253250-webtirf', '253250.0-webtirf']"
57025,2025-10-21 20:00:00,12,1,205.0,205.0,[205.0],2,"['253250-webtirf', '253250.0-webtirf']"
57025,2025-10-21 21:00:00,12,1,112.0,112.0,[112.0],2,"['253250-webtirf', '253250.0-webtirf']"
57025,2025-10-21 22:00:00,12,1,39.0,39.0,[39.0],2,"['253250-webtirf', '253250.0-webtirf']"
66249,2025-04-27 09:00:00,2,1,741.0,741.0,[741.0],1,['232724-webtirf']
66249,2025-10-21 00:00:00,2,2,8.0,140.0,"[8.0, 140.0]",1,['NO_INCIDENT']
68025,2025-01-09 01:00:00,2,1,173.0,173.0,[173.0],1,['220005-webtirf']
68025,2025-01-09 04:00:00,2,1,239.0,239.0,[239.0],1,['220025-webtirf']
68025,2025-01-11 02:00:00,3,1,210.0,210.0,[210.0],1,['220216-webtirf']
68025,2025-01-11 03:00:00,2,1,149.0,149.0,[149.0],1,['220216-webtirf']
68025,2025-01-18 07:00:00,3,1,473.0,473.0,[473.0],1,['221220.0-webtirf']
68025,2025-03-03 21:00:00,2,1,968.0,968.0,[968.0],1,['225556-webtirf']
68025,2025-03-07 00:00:00,2,1,281.0,281.0,[281.0],1,['226132-webtirf']
68025,2025-03-11 22:00:00,2,1,453.0,453.0,[453.0],1,['227150.0-webtirf']
68025,2025-03-16 04:00:00,2,1,110.0,110.0,[110.0],1,['227633-webtirf']
68025,2025-03-26 02:00:00,3,1,78.0,78.0,[78.0],1,['228704-webtirf']
68025,2025-04-01 05:00:00,2,1,317.0,317.0,[317.0],1,['229849-webtirf']
68025,2025-04-03 19:00:00,2,1,1008.0,1008.0,[1008.0],1,['230277-webtirf']
68025,2025-04-10 22:00:00,2,1,596.0,596.0,[596.0],1,['231036-webtirf']
68025,2025-04-12 07:00:00,3,1,1014.0,1014.0,[1014.0],1,['231229-webtirf']
68025,2025-05-14 20:00:00,3,1,1313.0,1313.0,[1313.0],1,['234594-webtirf']
68025,2025-05-24 07:00:00,2,1,929.0,929.0,[929.0],1,['236656-webtirf']
68025,2025-05-28 21:00:00,2,1,947.0,947.0,[947.0],1,['237257-webtirf']
68025,2025-06-17 22:00:00,3,1,725.0,725.0,[725.0],1,['239350.0-webtirf']
68025,2025-06-18 04:00:00,2,1,344.0,344.0,[344.0],1,['239398-webtirf']
68025,2025-06-22 19:00:00,2,1,1498.0,1498.0,[1498.0],1,['239820.0-webtirf']
68025,2025-06-23 06:00:00,5,1,2115.0,2115.0,[2115.0],2,"['239901-webtirf', '239904-webtirf']"
68025,2025-07-01 11:00:00,2,1,1574.0,1574.0,[1574.0],1,['240828-webtirf']
68025,2025-07-04 06:00:00,6,1,1531.0,1531.0,[1531.0],1,['241319-webtirf']
68025,2025-07-11 01:00:00,4,1,216.0,216.0,[216.0],1,['241915-webtirf']
68025,2025-07-17 05:00:00,2,1,809.0,809.0,[809.0],1,['242498-webtirf']
68025,2025-07-26 07:00:00,5,1,816.0,816.0,[816.0],1,['243439-webtirf']
68025,2025-08-05 03:00:00,2,1,61.0,61.0,[61.0],1,['244708-webtirf']
68025,2025-08-08 00:00:00,12,1,116.0,116.0,[116.0],1,['245049-webtirf']
68025,2025-08-08 01:00:00,2,1,78.0,78.0,[78.0],1,['245049-webtirf']
68025,2025-08-09 17:00:00,2,1,1061.0,1061.0,[1061.0],1,['245196-webtirf']
68025,2025-08-11 21:00:00,5,1,377.0,377.0,[377.0],1,['245396-webtirf']
68025,2025-08-16 04:00:00,3,1,104.0,104.0,[104.0],1,['245908-webtirf']
68025,2025-08-19 18:00:00,4,1,880.0,880.0,[880.0],1,['246224-webtirf']
68025,2025-08-24 04:00:00,5,1,79.0,79.0,[79.0],1,['247053-webtirf']
68025,2025-08-29 14:00:00,2,1,967.0,967.0,[967.0],1,['247681-webtirf']
68025,2025-09-09 18:00:00,6,1,826.0,826.0,[826.0],1,['248731-webtirf']
68025,2025-09-09 19:00:00,3,1,686.0,686.0,[686.0],1,['248731-webtirf']
68025,2025-09-17 20:00:00,5,1,537.0,537.0,[537.0],1,['249891-webtirf']
68025,2025-09-22 02:00:00,3,1,49.0,49.0,[49.0],1,['250269-webtirf']
68025,2025-10-09 02:00:00,2,1,61.0,61.0,[61.0],1,['252017-webtirf']
68025,2025-10-13 21:00:00,3,1,436.0,436.0,[436.0],1,['252465-webtirf']
68025,2025-10-13 22:00:00,2,1,326.0,326.0,[326.0],1,['252465-webtirf']
68025,2025-10-14 21:00:00,3,1,470.0,470.0,[470.0],1,['252597-webtirf']
68025,2025-10-16 06:00:00,3,1,1044.0,1044.0,[1044.0],1,['252792-webtirf']
68025,2025-10-19 02:00:00,2,1,111.0,111.0,[111.0],1,['253084-webtirf']
68025,2025-10-19 03:00:00,2,1,80.0,80.0,[80.0],1,['253084-webtirf']
68025,2025-10-19 04:00:00,2,1,86.0,86.0,[86.0],1,['253084-webtirf']
68025,2025-10-19 06:00:00,7,1,267.0,267.0,[267.0],1,['253099-webtirf']
68025,2025-10-19 07:00:00,4,1,333.0,333.0,[333.0],1,['253099-webtirf']
68025,2025-10-19 08:00:00,3,1,463.0,463.0,[463.0],1,['253103-webtirf']
68025,2025-10-28 09:00:00,6,1,1295.0,1295.0,[1295.0],1,['254019-webtirf']
68025,2025-10-31 19:00:00,6,1,766.0,766.0,[766.0],1,['254425-webtirf']
68025,2025-10-31 20:00:00,9,1,611.0,611.0,[611.0],2,"['254425-webtirf', '254427-webtirf']"
68025,2025-11-09 21:00:00,3,1,511.0,511.0,[511.0],1,['255199-webtirf']
68025,2025-11-19 19:00:00,7,1,690.0,690.0,[690.0],1,['256244-webtirf']
68025,2025-12-08 03:00:00,2,1,65.0,65.0,[65.0],1,['258489-webtirf']
68025,2025-12-15 19:00:00,3,1,656.0,656.0,[656.0],1,['259325-webtirf']
68025,2025-12-16 04:00:00,2,1,166.0,166.0,[166.0],1,['259379-webtirf']
68025,2025-12-17 02:00:00,2,1,64.0,64.0,[64.0],1,['259473-webtirf']
68025,2025-12-22 06:00:00,3,1,971.0,971.0,[971.0],1,['260048-webtirf']
7112,2025-01-07 01:00:00,3,1,109.0,109.0,[109.0],1,['219783-webtirf']
7112,2025-01-19 09:00:00,2,1,762.0,762.0,[762.0],1,['221291-webtirf']
7112,2025-01-21 19:00:00,4,1,883.0,883.0,[883.0],1,['221520.0-webtirf']
7112,2025-03-10 01:00:00,5,1,111.0,111.0,[111.0],1,['226867-webtirf']
7112,2025-03-10 05:00:00,3,1,668.0,668.0,[668.0],1,['226923-webtirf']
7112,2025-03-11 08:00:00,4,1,1431.0,1431.0,[1431.0],1,['227089-webtirf']
7112,2025-03-13 02:00:00,2,1,80.0,80.0,[80.0],1,['227351-webtirf']
7112,2025-03-13 21:00:00,4,1,868.0,868.0,[868.0],2,"['227426-webtirf', '227430.0-webtirf']"
7112,2025-03-30 09:00:00,3,1,0.0,0.0,[0.0],1,['229596-webtirf']
7112,2025-04-06 10:00:00,11,1,1077.0,1077.0,[1077.0],1,['230513-webtirf']
7112,2025-04-06 11:00:00,7,1,1382.0,1382.0,[1382.0],1,['230513-webtirf']
7112,2025-04-06 12:00:00,6,1,1468.0,1468.0,[1468.0],1,['230513-webtirf']
7112,2025-04-06 13:00:00,4,1,1442.0,1442.0,[1442.0],1,['230513-webtirf']
7112,2025-04-06 14:00:00,2,1,1442.0,1442.0,[1442.0],1,['230513-webtirf']
7112,2025-04-11 05:00:00,2,1,716.0,716.0,[716.0],1,['231136-webtirf']
7112,2025-04-13 20:00:00,3,1,742.0,742.0,[742.0],1,['231304-webtirf']
7112,2025-04-15 01:00:00,5,1,87.0,87.0,[87.0],1,['231477-webtirf']
7112,2025-04-15 02:00:00,4,1,84.0,84.0,[84.0],1,['231477-webtirf']
7112,2025-04-15 03:00:00,4,1,119.0,119.0,[119.0],1,['231477-webtirf']
7112,2025-04-15 04:00:00,4,1,230.0,230.0,[230.0],1,['231477-webtirf']
7112,2025-04-15 05:00:00,4,1,774.0,774.0,[774.0],1,['231477-webtirf']
7112,2025-04-15 06:00:00,4,1,1365.0,1365.0,[1365.0],1,['231477-webtirf']
7112,2025-04-15 07:00:00,4,1,1218.0,1218.0,[1218.0],1,['231477-webtirf']
7112,2025-04-15 08:00:00,4,1,1071.0,1071.0,[1071.0],1,['231477-webtirf']
7112,2025-04-15 09:00:00,4,1,1048.0,1048.0,[1048.0],1,['231477-webtirf']
7112,2025-04-15 10:00:00,4,1,960.0,960.0,[960.0],1,['231477-webtirf']
7112,2025-04-15 11:00:00,4,1,962.0,962.0,[962.0],1,['231477-webtirf']
7112,2025-04-15 12:00:00,6,1,1056.0,1056.0,[1056.0],2,"['231477-webtirf', '231572-webtirf']"
7112,2025-04-15 13:00:00,4,1,1025.0,1025.0,[1025.0],1,['231477-webtirf']
7112,2025-04-15 14:00:00,4,1,1127.0,1127.0,[1127.0],1,['231477-webtirf']
7112,2025-04-15 15:00:00,4,1,1062.0,1062.0,[1062.0],1,['231477-webtirf']
7112,2025-04-15 16:00:00,4,1,1137.0,1137.0,[1137.0],1,['231477-webtirf']
7112,2025-04-15 17:00:00,4,1,1196.0,1196.0,[1196.0],1,['231477-webtirf']
7112,2025-04-15 18:00:00,4,1,1099.0,1099.0,[1099.0],1,['231477-webtirf']
7112,2025-04-15 19:00:00,4,1,804.0,804.0,[804.0],1,['231477-webtirf']
7112,2025-04-15 20:00:00,4,1,655.0,655.0,[655.0],1,['231477-webtirf']
7112,2025-04-15 21:00:00,4,1,617.0,617.0,[617.0],1,['231477-webtirf']
7112,2025-04-15 22:00:00,4,1,468.0,468.0,[468.0],1,['231477-webtirf']
7112,2025-04-15 23:00:00,4,1,241.0,241.0,[241.0],1,['231477-webtirf']
7112,2025-04-16 00:00:00,4,1,164.0,164.0,[164.0],1,['231477-webtirf']
7112,2025-05-01 07:00:00,8,1,1567.0,1567.0,[1567.0],1,['233229-webtirf']
7112,2025-05-06 18:00:00,2,1,1289.0,1289.0,[1289.0],1,['233758-webtirf']
7112,2025-05-07 04:00:00,3,1,301.0,301.0,[301.0],1,['233827-webtirf']
7112,2025-05-07 05:00:00,6,1,956.0,956.0,[956.0],2,"['233827-webtirf', '233833-webtirf']"
7112,2025-05-07 06:00:00,2,1,1844.0,1844.0,[1844.0],1,['233827-webtirf']
7112,2025-05-07 07:00:00,5,1,1657.0,1657.0,[1657.0],2,"['233827-webtirf', '233859-webtirf']"
7112,2025-05-07 08:00:00,2,1,1524.0,1524.0,[1524.0],1,['233827-webtirf']
7112,2025-05-07 09:00:00,2,1,1296.0,1296.0,[1296.0],1,['233827-webtirf']
7112,2025-05-07 10:00:00,2,1,1135.0,1135.0,[1135.0],1,['233827-webtirf']
7112,2025-05-07 11:00:00,2,1,1133.0,1133.0,[1133.0],1,['233827-webtirf']
7112,2025-05-07 12:00:00,2,1,1231.0,1231.0,[1231.0],1,['233827-webtirf']
7112,2025-05-07 13:00:00,2,1,1370.0,1370.0,[1370.0],1,['233827-webtirf']
7112,2025-05-07 14:00:00,2,1,1421.0,1421.0,[1421.0],1,['233827-webtirf']
7112,2025-05-07 15:00:00,2,1,1353.0,1353.0,[1353.0],1,['233827-webtirf']
7112,2025-05-07 16:00:00,2,1,1508.0,1508.0,[1508.0],1,['233827-webtirf']
7112,2025-05-07 17:00:00,2,1,1466.0,1466.0,[1466.0],1,['233827-webtirf']
7112,2025-05-07 18:00:00,2,1,1270.0,1270.0,[1270.0],1,['233827-webtirf']
7112,2025-05-07 19:00:00,2,1,968.0,968.0,[968.0],1,['233827-webtirf']
7112,2025-05-07 20:00:00,2,1,736.0,736.0,[736.0],1,['233827-webtirf']
7112,2025-05-07 21:00:00,2,1,618.0,618.0,[618.0],1,['233827-webtirf']
7112,2025-05-07 22:00:00,2,1,466.0,466.0,[466.0],1,['233827-webtirf']
7112,2025-05-07 23:00:00,2,1,277.0,277.0,[277.0],1,['233827-webtirf']
7112,2025-05-08 00:00:00,2,1,138.0,138.0,[138.0],1,['233827-webtirf']
7112,2025-05-08 01:00:00,2,1,104.0,104.0,[104.0],1,['233827-webtirf']
7112,2025-05-08 02:00:00,2,1,80.0,80.0,[80.0],1,['233827-webtirf']
7112,2025-05-08 03:00:00,2,1,110.0,110.0,[110.0],1,['233827-webtirf']
7112,2025-05-14 15:00:00,2,1,1263.0,1263.0,[1263.0],1,['234586-webtirf']
7112,2025-05-18 21:00:00,2,1,566.0,566.0,[566.0],1,['235027-webtirf']
7112,2025-05-27 20:00:00,7,1,438.0,438.0,[438.0],1,['237136-webtirf']
7112,2025-05-27 21:00:00,3,1,419.0,419.0,[419.0],1,['237136-webtirf']
7112,2025-05-27 22:00:00,3,1,311.0,311.0,[311.0],1,['237136-webtirf']
7112,2025-06-02 06:00:00,3,1,1485.0,1485.0,[1485.0],1,['237773-webtirf']
7112,2025-06-05 07:00:00,2,1,1266.0,1266.0,[1266.0],1,['238155-webtirf']
7112,2025-06-12 00:00:00,4,1,151.0,151.0,[151.0],1,['238753-webtirf']
7112,2025-06-12 05:00:00,2,1,1045.0,1045.0,[1045.0],1,['238795-webtirf']
7112,2025-06-25 19:00:00,3,1,1021.0,1021.0,[1021.0],1,['240214-webtirf']
7112,2025-06-26 03:00:00,2,1,118.0,118.0,[118.0],1,['240267-webtirf']
7112,2025-07-01 13:00:00,2,1,1124.0,1124.0,[1124.0],1,['240854-webtirf']
7112,2025-07-02 06:00:00,9,1,1482.0,1482.0,[1482.0],1,['241083-webtirf']
7112,2025-07-02 07:00:00,7,1,1279.0,1279.0,[1279.0],1,['241083-webtirf']
7112,2025-07-02 08:00:00,7,1,0.0,0.0,[0.0],1,['241083-webtirf']
7112,2025-07-02 09:00:00,7,1,0.0,0.0,[0.0],1,['241083-webtirf']
7112,2025-07-02 10:00:00,7,1,1012.0,1012.0,[1012.0],1,['241083-webtirf']
7112,2025-07-02 11:00:00,7,1,1039.0,1039.0,[1039.0],1,['241083-webtirf']
7112,2025-07-02 12:00:00,7,1,1171.0,1171.0,[1171.0],1,['241083-webtirf']
7112,2025-07-02 13:00:00,7,1,1273.0,1273.0,[1273.0],1,['241083-webtirf']
7112,2025-07-02 14:00:00,7,1,1274.0,1274.0,[1274.0],1,['241083-webtirf']
7112,2025-07-02 15:00:00,7,1,1313.0,1313.0,[1313.0],1,['241083-webtirf']
7112,2025-07-02 16:00:00,7,1,1371.0,1371.0,[1371.0],1,['241083-webtirf']
7112,2025-07-02 17:00:00,7,1,1261.0,1261.0,[1261.0],1,['241083-webtirf']
7112,2025-07-02 18:00:00,7,1,1202.0,1202.0,[1202.0],1,['241083-webtirf']
7112,2025-07-02 19:00:00,7,1,836.0,836.0,[836.0],1,['241083-webtirf']
7112,2025-07-02 20:00:00,7,1,661.0,661.0,[661.0],1,['241083-webtirf']
7112,2025-07-02 21:00:00,7,1,647.0,647.0,[647.0],1,['241083-webtirf']
7112,2025-07-02 22:00:00,7,1,457.0,457.0,[457.0],1,['241083-webtirf']
7112,2025-07-02 23:00:00,7,1,301.0,301.0,[301.0],1,['241083-webtirf']
7112,2025-07-03 00:00:00,7,1,157.0,157.0,[157.0],1,['241083-webtirf']
7112,2025-07-03 01:00:00,7,1,99.0,99.0,[99.0],1,['241083-webtirf']
7112,2025-07-03 02:00:00,7,1,85.0,85.0,[85.0],1,['241083-webtirf']
7112,2025-07-03 03:00:00,7,1,108.0,108.0,[108.0],1,['241083-webtirf']
7112,2025-07-03 04:00:00,7,1,264.0,264.0,[264.0],1,['241083-webtirf']
7112,2025-07-03 05:00:00,7,1,942.0,942.0,[942.0],1,['241083-webtirf']
7112,2025-07-04 04:00:00,2,1,266.0,266.0,[266.0],1,['241299-webtirf']
7112,2025-07-09 13:00:00,2,1,1346.0,1346.0,[1346.0],1,['241731-webtirf']
7112,2025-07-09 20:00:00,5,1,796.0,796.0,[796.0],1,['241744-webtirf']
7112,2025-07-27 05:00:00,4,1,227.0,227.0,[227.0],1,['243487-webtirf']
7112,2025-07-28 06:00:00,2,1,1781.0,1781.0,[1781.0],1,['243589-webtirf']
7112,2025-08-04 02:00:00,16,1,76.0,76.0,[76.0],2,"['244543-webtirf', '244545-webtirf']"
7112,2025-08-04 03:00:00,14,1,118.0,118.0,[118.0],2,"['244543-webtirf', '244545-webtirf']"
7112,2025-08-04 04:00:00,11,1,264.0,264.0,[264.0],1,['244545-webtirf']
7112,2025-08-04 05:00:00,8,1,953.0,953.0,[953.0],1,['244545-webtirf']
7112,2025-08-04 06:00:00,8,1,1722.0,1722.0,[1722.0],1,['244545-webtirf']
7112,2025-08-04 07:00:00,7,1,1612.0,1612.0,[1612.0],1,['244545-webtirf']
7112,2025-08-04 08:00:00,5,1,1513.0,1513.0,[1513.0],1,['244545-webtirf']
7112,2025-08-04 09:00:00,4,1,1232.0,1232.0,[1232.0],1,['244545-webtirf']
7112,2025-08-04 10:00:00,3,1,1155.0,1155.0,[1155.0],1,['244545-webtirf']
7112,2025-08-04 11:00:00,3,1,1159.0,1159.0,[1159.0],1,['244545-webtirf']
7112,2025-08-04 12:00:00,3,1,1298.0,1298.0,[1298.0],1,['244545-webtirf']
7112,2025-08-04 13:00:00,2,1,1312.0,1312.0,[1312.0],1,['244545-webtirf']
7112,2025-08-04 14:00:00,2,1,1295.0,1295.0,[1295.0],1,['244545-webtirf']
7112,2025-08-04 15:00:00,2,1,1327.0,1327.0,[1327.0],1,['244545-webtirf']
7112,2025-08-05 08:00:00,8,1,1214.0,1214.0,[1214.0],1,['244749-webtirf']
7112,2025-08-05 09:00:00,7,1,972.0,972.0,[972.0],1,['244749-webtirf']
7112,2025-08-05 10:00:00,6,1,1051.0,1051.0,[1051.0],1,['244749-webtirf']
7112,2025-08-05 11:00:00,5,1,986.0,986.0,[986.0],1,['244749-webtirf']
7112,2025-08-05 12:00:00,4,1,984.0,984.0,[984.0],1,['244749-webtirf']
7112,2025-08-05 13:00:00,3,1,874.0,874.0,[874.0],1,['244749-webtirf']
7112,2025-08-05 14:00:00,3,1,66.0,66.0,[66.0],1,['244749-webtirf']
7112,2025-08-05 15:00:00,3,1,1136.0,1136.0,[1136.0],1,['244749-webtirf']
7112,2025-08-05 16:00:00,3,1,1058.0,1058.0,[1058.0],1,['244749-webtirf']
7112,2025-08-05 17:00:00,2,1,1147.0,1147.0,[1147.0],1,['244749-webtirf']
7112,2025-08-08 00:00:00,7,1,184.0,184.0,[184.0],1,['244995-webtirf']
7112,2025-08-08 01:00:00,7,1,104.0,104.0,[104.0],1,['244995-webtirf']
7112,2025-08-08 02:00:00,7,1,128.0,128.0,[128.0],1,['244995-webtirf']
7112,2025-08-08 03:00:00,6,1,123.0,123.0,[123.0],1,['244995-webtirf']
7112,2025-08-08 04:00:00,6,1,274.0,274.0,[274.0],1,['244995-webtirf']
7112,2025-08-08 05:00:00,6,1,884.0,884.0,[884.0],1,['244995-webtirf']
7112,2025-08-08 06:00:00,6,1,1710.0,1710.0,[1710.0],1,['244995-webtirf']
7112,2025-08-08 07:00:00,6,1,1416.0,1416.0,[1416.0],1,['244995-webtirf']
7112,2025-08-08 08:00:00,6,1,1385.0,1385.0,[1385.0],1,['244995-webtirf']
7112,2025-08-08 09:00:00,5,1,1235.0,1235.0,[1235.0],1,['244995-webtirf']
7112,2025-08-08 10:00:00,4,1,1174.0,1174.0,[1174.0],1,['244995-webtirf']
7112,2025-08-08 11:00:00,4,1,1252.0,1252.0,[1252.0],1,['244995-webtirf']
7112,2025-08-08 12:00:00,4,1,1252.0,1252.0,[1252.0],1,['244995-webtirf']
7112,2025-08-08 13:00:00,3,1,1410.0,1410.0,[1410.0],1,['244995-webtirf']
7112,2025-08-08 14:00:00,2,1,1309.0,1309.0,[1309.0],1,['244995-webtirf']
7112,2025-08-08 15:00:00,2,1,1317.0,1317.0,[1317.0],1,['244995-webtirf']
7112,2025-08-08 16:00:00,2,1,1414.0,1414.0,[1414.0],1,['244995-webtirf']
7112,2025-08-08 17:00:00,2,1,1366.0,1366.0,[1366.0],1,['244995-webtirf']
7112,2025-08-08 18:00:00,2,1,1252.0,1252.0,[1252.0],1,['244995-webtirf']
7112,2025-08-09 01:00:00,3,1,140.0,140.0,[140.0],1,['245140.0-webtirf']
7112,2025-08-17 05:00:00,3,1,180.0,180.0,[180.0],1,['245952-webtirf']
7112,2025-08-17 06:00:00,2,1,364.0,364.0,[364.0],1,['245952-webtirf']
7112,2025-08-17 07:00:00,2,1,449.0,449.0,[449.0],1,['245952-webtirf']
7112,2025-08-18 20:00:00,2,1,236.0,236.0,[236.0],1,['246108-webtirf']
7112,2025-09-04 21:00:00,5,1,771.0,771.0,[771.0],1,['248217-webtirf']
7112,2025-09-05 02:00:00,6,1,94.0,94.0,[94.0],1,['248278-webtirf']
7112,2025-09-05 12:00:00,3,1,1298.0,1298.0,[1298.0],1,['248338-webtirf']
7112,2025-09-06 07:00:00,2,1,1029.0,1029.0,[1029.0],1,['248379-webtirf']
7112,2025-09-13 23:00:00,7,1,471.0,471.0,[471.0],1,['249497-webtirf']
7112,2025-09-14 00:00:00,2,1,318.0,318.0,[318.0],1,['249497-webtirf']
7112,2025-09-17 00:00:00,4,1,157.0,157.0,[157.0],2,"['249800-webtirf', '249800.0-webtirf']"
7112,2025-09-17 05:00:00,4,1,997.0,997.0,[997.0],2,"['249840-webtirf', '249840.0-webtirf']"
7112,2025-09-21 21:00:00,3,1,620.0,620.0,[620.0],1,['250224-webtirf']
7112,2025-10-15 01:00:00,2,1,115.0,115.0,[115.0],1,['252629-webtirf']
7112,2025-10-15 23:00:00,4,1,322.0,322.0,[322.0],2,"['252740-webtirf', '252740.0-webtirf']"
7112,2025-10-16 18:00:00,3,1,1242.0,1242.0,[1242.0],1,['252828-webtirf']
7112,2025-10-21 00:00:00,2,2,18.0,160.0,"[18.0, 160.0]",1,['NO_INCIDENT']
7112,2025-10-22 00:00:00,5,1,155.0,155.0,[155.0],1,['253368-webtirf']
7112,2025-10-29 07:00:00,3,1,1596.0,1596.0,[1596.0],1,['254132-webtirf']
7112,2025-10-30 22:00:00,6,1,618.0,618.0,[618.0],2,"['254290-webtirf', '254290.0-webtirf']"
7112,2025-10-30 23:00:00,2,1,313.0,313.0,[313.0],2,"['254290-webtirf', '254290.0-webtirf']"
7112,2025-10-31 23:00:00,2,1,461.0,461.0,[461.0],1,['254444-webtirf']
7112,2025-11-09 22:00:00,2,1,514.0,514.0,[514.0],1,['255214-webtirf']
7112,2025-11-13 02:00:00,12,1,103.0,103.0,[103.0],1,['255563-webtirf']
7112,2025-11-13 03:00:00,8,1,126.0,126.0,[126.0],1,['255563-webtirf']
7112,2025-11-13 04:00:00,5,1,299.0,299.0,[299.0],1,['255563-webtirf']
7112,2025-11-13 05:00:00,3,1,1056.0,1056.0,[1056.0],1,['255563-webtirf']
7112,2025-11-16 09:00:00,2,1,915.0,915.0,[915.0],1,['255887-webtirf']
7112,2025-11-22 06:00:00,10,1,1207.0,1207.0,[1207.0],2,"['256560-webtirf', '256560.0-webtirf']"
7112,2025-11-22 22:00:00,3,1,679.0,679.0,[679.0],1,['256609-webtirf']
7112,2025-11-23 00:00:00,2,1,366.0,366.0,[366.0],1,['256617-webtirf']
7112,2025-11-25 06:00:00,3,1,1930.0,1930.0,[1930.0],1,['256897-webtirf']
7112,2025-11-28 19:00:00,2,1,1158.0,1158.0,[1158.0],1,['257511-webtirf']
7112,2025-12-03 21:00:00,3,1,766.0,766.0,[766.0],1,['258057-webtirf']
7112,2025-12-06 22:00:00,2,1,879.0,879.0,[879.0],1,['258391-webtirf']
7112,2025-12-10 01:00:00,16,1,129.0,129.0,[129.0],2,"['258700-webtirf', '258700.0-webtirf']"
7112,2025-12-10 02:00:00,4,1,95.0,95.0,[95.0],2,"['258700-webtirf', '258700.0-webtirf']"
7112,2025-12-11 23:00:00,4,1,362.0,362.0,[362.0],1,['258933-webtirf']
7112,2025-12-12 05:00:00,2,1,870.0,870.0,[870.0],1,['259068-webtirf']
7112,2025-12-17 04:00:00,3,1,299.0,299.0,[299.0],1,['259492-webtirf']
7112,2025-12-18 07:00:00,4,1,1538.0,1538.0,[1538.0],1,['259638-webtirf']
7112,2025-12-19 03:00:00,4,1,124.0,124.0,[124.0],2,"['259730-webtirf', '259730.0-webtirf']"
7112,2025-12-19 19:00:00,7,1,926.0,926.0,[926.0],2,"['259785-webtirf', '259787-webtirf']"
7112,2025-12-31 06:00:00,3,1,611.0,611.0,[611.0],1,['260575-webtirf']
7119-PR,2025-01-13 19:00:00,4,1,1287.0,1287.0,[1287.0],1,['220419-webtirf']
7119-PR,2025-01-13 21:00:00,6,1,953.0,953.0,[953.0],1,['220429-webtirf']
7119-PR,2025-01-13 22:00:00,4,1,719.0,719.0,[719.0],1,['220429-webtirf']
7119-PR,2025-01-13 23:00:00,3,1,448.0,448.0,[448.0],1,['220429-webtirf']
7119-PR,2025-01-14 00:00:00,2,1,243.0,243.0,[243.0],1,['220429-webtirf']
7119-PR,2025-03-30 08:00:00,3,1,55.0,55.0,[55.0],1,['229592-webtirf']
7119-PR,2025-04-25 05:00:00,2,1,177.0,177.0,[177.0],1,['232509-webtirf']
7119-PR,2025-05-02 08:00:00,2,1,1903.0,1903.0,[1903.0],1,['233368-webtirf']
7119-PR,2025-05-06 04:00:00,3,1,250.0,250.0,[250.0],1,['233706-webtirf']
7119-PR,2025-05-21 05:00:00,3,1,703.0,703.0,[703.0],1,['235757-webtirf']
7119-PR,2025-06-26 08:00:00,12,1,2041.0,2041.0,[2041.0],1,['240298-webtirf']
7119-PR,2025-06-26 09:00:00,9,1,1819.0,1819.0,[1819.0],1,['240298-webtirf']
7119-PR,2025-06-26 10:00:00,4,1,1615.0,1615.0,[1615.0],1,['240298-webtirf']
7119-PR,2025-06-26 11:00:00,2,1,1622.0,1622.0,[1622.0],1,['240298-webtirf']
7119-PR,2025-06-29 04:00:00,2,1,154.0,154.0,[154.0],1,['240483-webtirf']
7119-PR,2025-08-25 04:00:00,5,1,234.0,234.0,[234.0],1,['247157-webtirf']
7119-PR,2025-08-25 05:00:00,3,1,699.0,699.0,[699.0],1,['247157-webtirf']
7119-PR,2025-08-25 06:00:00,3,1,1288.0,1288.0,[1288.0],1,['247157-webtirf']
7119-PR,2025-08-25 07:00:00,3,1,1654.0,1654.0,[1654.0],1,['247157-webtirf']
7119-PR,2025-08-25 08:00:00,3,1,1956.0,1956.0,[1956.0],1,['247157-webtirf']
7119-PR,2025-08-25 09:00:00,3,1,1614.0,1614.0,[1614.0],1,['247157-webtirf']
7119-PR,2025-08-25 10:00:00,3,1,1506.0,1506.0,[1506.0],1,['247157-webtirf']
7119-PR,2025-08-25 11:00:00,3,1,1457.0,1457.0,[1457.0],1,['247157-webtirf']
7119-PR,2025-08-25 12:00:00,3,1,1575.0,1575.0,[1575.0],1,['247157-webtirf']
7119-PR,2025-08-25 13:00:00,3,1,1615.0,1615.0,[1615.0],1,['247157-webtirf']
7119-PR,2025-08-25 14:00:00,3,1,1824.0,1824.0,[1824.0],1,['247157-webtirf']
7119-PR,2025-08-25 15:00:00,3,1,1877.0,1877.0,[1877.0],1,['247157-webtirf']
7119-PR,2025-08-25 16:00:00,3,1,2082.0,2082.0,[2082.0],1,['247157-webtirf']
7119-PR,2025-08-25 17:00:00,3,1,2049.0,2049.0,[2049.0],1,['247157-webtirf']
7119-PR,2025-08-25 18:00:00,3,1,1761.0,1761.0,[1761.0],1,['247157-webtirf']
7119-PR,2025-08-25 19:00:00,3,1,1288.0,1288.0,[1288.0],1,['247157-webtirf']
7119-PR,2025-08-25 20:00:00,3,1,1024.0,1024.0,[1024.0],1,['247157-webtirf']
7119-PR,2025-08-25 21:00:00,3,1,869.0,869.0,[869.0],1,['247157-webtirf']
7119-PR,2025-08-25 22:00:00,3,1,628.0,628.0,[628.0],1,['247157-webtirf']
7119-PR,2025-08-25 23:00:00,3,1,367.0,367.0,[367.0],1,['247157-webtirf']
7119-PR,2025-08-26 00:00:00,3,1,197.0,197.0,[197.0],1,['247157-webtirf']
7119-PR,2025-08-26 01:00:00,3,1,129.0,129.0,[129.0],1,['247157-webtirf']
7119-PR,2025-08-26 02:00:00,3,1,97.0,97.0,[97.0],1,['247157-webtirf']
7119-PR,2025-08-26 03:00:00,3,1,116.0,116.0,[116.0],1,['247157-webtirf']
7119-PR,2025-08-28 11:00:00,3,1,1535.0,1535.0,[1535.0],1,['247561-webtirf']
7119-PR,2025-10-01 01:00:00,3,1,251.0,251.0,[251.0],1,['251209-webtirf']
7119-PR,2025-10-01 05:00:00,3,1,741.0,741.0,[741.0],2,"['251209-webtirf', '251248-webtirf']"
7119-PR,2025-11-07 06:00:00,3,1,1241.0,1241.0,[1241.0],1,['255047-webtirf']
7119-PR,2025-11-24 22:00:00,4,1,685.0,685.0,[685.0],1,['256823-webtirf']
7119-PR,2025-12-09 06:00:00,4,1,1281.0,1281.0,[1281.0],1,['258628-webtirf']
7119-PR,2025-12-09 07:00:00,2,1,1741.0,1741.0,[1741.0],1,['258628-webtirf']
7119-PR,2025-12-22 01:00:00,2,1,205.0,205.0,[205.0],1,['260021-webtirf']
7120,2025-01-08 10:00:00,3,1,726.0,726.0,[726.0],1,['219932-webtirf']
7120,2025-01-09 22:00:00,3,1,331.0,331.0,[331.0],1,['220081-webtirf']
7120,2025-01-17 12:00:00,2,1,732.0,732.0,[732.0],1,['221068-webtirf']
7120,2025-01-22 05:00:00,5,1,627.0,627.0,[627.0],2,"['221572-webtirf', '221573-webtirf']"
7120,2025-01-28 04:00:00,3,1,181.0,181.0,[181.0],1,['222057-webtirf']
7120,2025-01-29 00:00:00,2,1,127.0,127.0,[127.0],1,['222182-webtirf']
7120,2025-03-01 00:00:00,2,1,92.0,92.0,[92.0],1,['225297-webtirf']
7120,2025-03-01 01:00:00,2,1,87.0,87.0,[87.0],1,['225297-webtirf']
7120,2025-03-13 04:00:00,2,1,235.0,235.0,[235.0],1,['227366-webtirf']
7120,2025-03-16 11:00:00,3,1,784.0,784.0,[784.0],1,['227661-webtirf']
7120,2025-03-29 00:00:00,4,1,366.0,366.0,[366.0],1,['229322-webtirf']
7120,2025-03-29 01:00:00,3,1,299.0,299.0,[299.0],1,['229322-webtirf']
7120,2025-03-29 02:00:00,3,1,226.0,226.0,[226.0],1,['229322-webtirf']
7120,2025-04-21 12:00:00,2,1,761.0,761.0,[761.0],1,['232044-webtirf']
7120,2025-04-29 09:00:00,2,1,805.0,805.0,[805.0],1,['232975-webtirf']
7120,2025-05-23 09:00:00,2,1,767.0,767.0,[767.0],1,['236563-webtirf']
7120,2025-05-23 14:00:00,4,1,701.0,701.0,[701.0],1,['236582-webtirf']
7120,2025-05-26 03:00:00,4,1,96.0,96.0,[96.0],1,['236842-webtirf']
7120,2025-06-01 08:00:00,6,1,561.0,561.0,[561.0],1,['237608-webtirf']
7120,2025-06-01 09:00:00,3,1,665.0,665.0,[665.0],1,['237608-webtirf']
7120,2025-06-01 10:00:00,2,1,730.0,730.0,[730.0],1,['237608-webtirf']
7120,2025-06-01 11:00:00,2,1,677.0,677.0,[677.0],1,['237608-webtirf']
7120,2025-06-01 12:00:00,2,1,744.0,744.0,[744.0],1,['237608-webtirf']
7120,2025-06-06 14:00:00,2,1,715.0,715.0,[715.0],1,['238324-webtirf']
7120,2025-06-07 23:00:00,2,1,439.0,439.0,[439.0],1,['238387-webtirf']
7120,2025-06-10 00:00:00,3,1,104.0,104.0,[104.0],1,['238522-webtirf']
7120,2025-06-15 07:00:00,2,1,395.0,395.0,[395.0],1,['239087-webtirf']
7120,2025-06-19 21:00:00,2,1,558.0,558.0,[558.0],1,['239597-webtirf']
7120,2025-06-22 05:00:00,2,1,274.0,274.0,[274.0],1,['239793-webtirf']
7120,2025-07-03 22:00:00,2,1,271.0,271.0,[271.0],1,['241249-webtirf']
7120,2025-07-09 19:00:00,4,1,547.0,547.0,[547.0],2,"['241738-webtirf', '241742-webtirf']"
7120,2025-07-12 02:00:00,2,1,173.0,173.0,[173.0],1,['242013-webtirf']
7120,2025-07-15 07:00:00,2,1,833.0,833.0,[833.0],1,['242319-webtirf']
7120,2025-07-22 00:00:00,6,1,93.0,93.0,[93.0],1,['242908-webtirf']
7120,2025-07-22 01:00:00,5,1,57.0,57.0,[57.0],1,['242908-webtirf']
7120,2025-07-22 02:00:00,3,1,52.0,52.0,[52.0],1,['242908-webtirf']
7120,2025-07-22 03:00:00,2,1,80.0,80.0,[80.0],1,['242908-webtirf']
7120,2025-07-30 22:00:00,3,1,394.0,394.0,[394.0],1,['243863-webtirf']
7120,2025-07-31 22:00:00,2,1,430.0,430.0,[430.0],1,['243986-webtirf']
7120,2025-08-04 21:00:00,9,1,414.0,414.0,[414.0],1,['244661-webtirf']
7120,2025-08-04 22:00:00,5,1,310.0,310.0,[310.0],1,['244661-webtirf']
7120,2025-08-04 23:00:00,3,1,155.0,155.0,[155.0],1,['244661-webtirf']
7120,2025-08-11 04:00:00,2,1,234.0,234.0,[234.0],1,['245349-webtirf']
7120,2025-08-12 00:00:00,3,1,115.0,115.0,[115.0],1,['245418-webtirf']
7120,2025-08-12 01:00:00,2,1,117.0,117.0,[117.0],1,['245418-webtirf']
7120,2025-08-12 02:00:00,2,1,77.0,77.0,[77.0],1,['245418-webtirf']
7120,2025-08-12 03:00:00,2,1,127.0,127.0,[127.0],1,['245418-webtirf']
7120,2025-08-12 04:00:00,2,1,217.0,217.0,[217.0],1,['245418-webtirf']
7120,2025-08-12 05:00:00,2,1,646.0,646.0,[646.0],1,['245418-webtirf']
7120,2025-08-12 06:00:00,2,1,858.0,858.0,[858.0],1,['245418-webtirf']
7120,2025-08-12 07:00:00,2,1,832.0,832.0,[832.0],1,['245418-webtirf']
7120,2025-08-12 08:00:00,2,1,747.0,747.0,[747.0],1,['245418-webtirf']
7120,2025-08-12 09:00:00,2,1,788.0,788.0,[788.0],1,['245418-webtirf']
7120,2025-08-12 10:00:00,2,1,807.0,807.0,[807.0],1,['245418-webtirf']
7120,2025-08-12 11:00:00,2,1,734.0,734.0,[734.0],1,['245418-webtirf']
7120,2025-08-12 12:00:00,2,1,743.0,743.0,[743.0],1,['245418-webtirf']
7120,2025-08-12 13:00:00,2,1,704.0,704.0,[704.0],1,['245418-webtirf']
7120,2025-08-12 14:00:00,2,1,685.0,685.0,[685.0],1,['245418-webtirf']
7120,2025-08-12 15:00:00,2,1,654.0,654.0,[654.0],1,['245418-webtirf']
7120,2025-08-12 16:00:00,2,1,669.0,669.0,[669.0],1,['245418-webtirf']
7120,2025-08-12 17:00:00,2,1,758.0,758.0,[758.0],1,['245418-webtirf']
7120,2025-08-12 18:00:00,2,1,767.0,767.0,[767.0],1,['245418-webtirf']
7120,2025-08-12 19:00:00,2,1,603.0,603.0,[603.0],1,['245418-webtirf']
7120,2025-08-12 20:00:00,2,1,519.0,519.0,[519.0],1,['245418-webtirf']
7120,2025-08-12 21:00:00,2,1,461.0,461.0,[461.0],1,['245418-webtirf']
7120,2025-08-12 22:00:00,2,1,530.0,530.0,[530.0],1,['245418-webtirf']
7120,2025-08-13 01:00:00,3,1,84.0,84.0,[84.0],1,['245553-webtirf']
7120,2025-08-13 02:00:00,2,1,94.0,94.0,[94.0],1,['245553-webtirf']
7120,2025-08-13 03:00:00,2,1,119.0,119.0,[119.0],1,['245553-webtirf']
7120,2025-08-13 04:00:00,2,1,223.0,223.0,[223.0],1,['245553-webtirf']
7120,2025-08-13 05:00:00,2,1,657.0,657.0,[657.0],1,['245553-webtirf']
7120,2025-08-13 06:00:00,2,1,831.0,831.0,[831.0],1,['245553-webtirf']
7120,2025-08-13 07:00:00,2,1,810.0,810.0,[810.0],1,['245553-webtirf']
7120,2025-08-13 08:00:00,2,1,815.0,815.0,[815.0],1,['245553-webtirf']
7120,2025-08-13 09:00:00,2,1,851.0,851.0,[851.0],1,['245553-webtirf']
7120,2025-08-13 10:00:00,2,1,819.0,819.0,[819.0],1,['245553-webtirf']
7120,2025-08-13 11:00:00,2,1,716.0,716.0,[716.0],1,['245553-webtirf']
7120,2025-08-13 12:00:00,2,1,711.0,711.0,[711.0],1,['245553-webtirf']
7120,2025-08-13 13:00:00,2,1,674.0,674.0,[674.0],1,['245553-webtirf']
7120,2025-08-13 14:00:00,2,1,702.0,702.0,[702.0],1,['245553-webtirf']
7120,2025-08-13 15:00:00,2,1,677.0,677.0,[677.0],1,['245553-webtirf']
7120,2025-08-13 16:00:00,2,1,680.0,680.0,[680.0],1,['245553-webtirf']
7120,2025-08-13 17:00:00,2,1,701.0,701.0,[701.0],1,['245553-webtirf']
7120,2025-08-13 18:00:00,2,1,706.0,706.0,[706.0],1,['245553-webtirf']
7120,2025-08-13 19:00:00,2,1,643.0,643.0,[643.0],1,['245553-webtirf']
7120,2025-08-13 20:00:00,2,1,593.0,593.0,[593.0],1,['245553-webtirf']
7120,2025-08-13 21:00:00,2,1,577.0,577.0,[577.0],1,['245553-webtirf']
7120,2025-08-13 22:00:00,2,1,378.0,378.0,[378.0],1,['245553-webtirf']
7120,2025-08-13 23:00:00,2,1,266.0,266.0,[266.0],1,['245553-webtirf']
7120,2025-08-14 00:00:00,2,1,112.0,112.0,[112.0],1,['245553-webtirf']
7120,2025-08-22 10:00:00,3,1,768.0,768.0,[768.0],2,"['246952-webtirf', '246959-webtirf']"
7120,2025-08-27 10:00:00,2,1,778.0,778.0,[778.0],1,['247430.0-webtirf']
7120,2025-09-01 05:00:00,2,1,741.0,741.0,[741.0],1,['247875-webtirf']
7120,2025-09-01 22:00:00,2,1,309.0,309.0,[309.0],1,['247936-webtirf']
7120,2025-09-03 21:00:00,3,1,489.0,489.0,[489.0],1,['248105-webtirf']
7120,2025-09-07 06:00:00,2,1,340.0,340.0,[340.0],1,['248460.0-webtirf']
7120,2025-09-10 10:00:00,2,1,0.0,0.0,[0.0],1,['249008-webtirf']
7120,2025-09-15 12:00:00,5,1,698.0,698.0,[698.0],1,['249635-webtirf']
7120,2025-09-18 04:00:00,2,1,231.0,231.0,[231.0],1,['249939-webtirf']
7120,2025-09-19 15:00:00,2,1,634.0,634.0,[634.0],1,['250098-webtirf']
7120,2025-09-21 02:00:00,3,1,285.0,285.0,[285.0],1,['250172-webtirf']
7120,2025-09-26 06:00:00,2,1,868.0,868.0,[868.0],1,['250812-webtirf']
7120,2025-09-28 21:00:00,2,1,512.0,512.0,[512.0],1,['250947-webtirf']
7120,2025-09-29 23:00:00,4,1,211.0,211.0,[211.0],1,['251073-webtirf']
7120,2025-09-30 02:00:00,3,1,72.0,72.0,[72.0],2,"['251073-webtirf', '251098-webtirf']"
7120,2025-09-30 03:00:00,2,1,88.0,88.0,[88.0],2,"['251073-webtirf', '251098-webtirf']"
7120,2025-09-30 04:00:00,2,1,234.0,234.0,[234.0],2,"['251073-webtirf', '251098-webtirf']"
7120,2025-09-30 05:00:00,2,1,643.0,643.0,[643.0],2,"['251073-webtirf', '251098-webtirf']"
7120,2025-09-30 06:00:00,2,1,869.0,869.0,[869.0],2,"['251073-webtirf', '251098-webtirf']"
7120,2025-09-30 07:00:00,2,1,885.0,885.0,[885.0],2,"['251073-webtirf', '251098-webtirf']"
7120,2025-09-30 08:00:00,2,1,815.0,815.0,[815.0],2,"['251073-webtirf', '251098-webtirf']"
7120,2025-09-30 09:00:00,2,1,809.0,809.0,[809.0],2,"['251073-webtirf', '251098-webtirf']"
7120,2025-09-30 10:00:00,2,1,753.0,753.0,[753.0],2,"['251073-webtirf', '251098-webtirf']"
7120,2025-09-30 11:00:00,2,1,746.0,746.0,[746.0],2,"['251073-webtirf', '251098-webtirf']"
7120,2025-09-30 12:00:00,2,1,710.0,710.0,[710.0],2,"['251073-webtirf', '251098-webtirf']"
7120,2025-09-30 13:00:00,2,1,666.0,666.0,[666.0],2,"['251073-webtirf', '251098-webtirf']"
7120,2025-09-30 14:00:00,2,1,659.0,659.0,[659.0],2,"['251073-webtirf', '251098-webtirf']"
7120,2025-09-30 15:00:00,2,1,651.0,651.0,[651.0],2,"['251073-webtirf', '251098-webtirf']"
7120,2025-09-30 16:00:00,2,1,701.0,701.0,[701.0],2,"['251073-webtirf', '251098-webtirf']"
7120,2025-09-30 17:00:00,2,1,708.0,708.0,[708.0],2,"['251073-webtirf', '251098-webtirf']"
7120,2025-09-30 18:00:00,2,1,724.0,724.0,[724.0],2,"['251073-webtirf', '251098-webtirf']"
7120,2025-09-30 19:00:00,2,1,598.0,598.0,[598.0],2,"['251073-webtirf', '251098-webtirf']"
7120,2025-09-30 20:00:00,2,1,514.0,514.0,[514.0],2,"['251073-webtirf', '251098-webtirf']"
7120,2025-09-30 21:00:00,2,1,449.0,449.0,[449.0],2,"['251073-webtirf', '251098-webtirf']"
7120,2025-09-30 22:00:00,2,1,325.0,325.0,[325.0],2,"['251073-webtirf', '251098-webtirf']"
7120,2025-10-07 06:00:00,2,1,815.0,815.0,[815.0],1,['251785-webtirf']
7120,2025-10-09 13:00:00,3,1,651.0,651.0,[651.0],1,['252083-webtirf']
7120,2025-10-14 21:00:00,2,1,494.0,494.0,[494.0],1,['252593-webtirf']
7120,2025-10-17 12:00:00,2,1,728.0,728.0,[728.0],1,['252972-webtirf']
7120,2025-10-19 21:00:00,2,1,511.0,511.0,[511.0],1,['253135-webtirf']
7120,2025-10-21 00:00:00,2,2,12.0,93.0,"[12.0, 93.0]",1,['NO_INCIDENT']
7120,2025-11-20 08:00:00,2,1,274.0,274.0,[274.0],1,['256351-webtirf']
7120,2025-11-21 00:00:00,2,1,224.0,224.0,[224.0],1,['256427-webtirf']
7120,2025-11-21 03:00:00,3,1,96.0,96.0,[96.0],1,['256451-webtirf']
7120,2025-11-24 07:00:00,2,1,806.0,806.0,[806.0],1,['256776-webtirf']
7120,2025-11-28 15:00:00,4,1,719.0,719.0,[719.0],1,['257507-webtirf']
7120,2025-11-28 16:00:00,2,1,714.0,714.0,[714.0],1,['257507-webtirf']
7120,2025-12-05 07:00:00,2,1,803.0,803.0,[803.0],1,['258277-webtirf']
7120,2025-12-09 03:00:00,3,1,75.0,75.0,[75.0],1,['258598-webtirf']
7120,2025-12-12 20:00:00,7,1,653.0,653.0,[653.0],1,['259131-webtirf']
7120,2025-12-12 21:00:00,3,1,679.0,679.0,[679.0],1,['259131-webtirf']
7120,2025-12-12 22:00:00,2,1,649.0,649.0,[649.0],1,['259131-webtirf']
7120,2025-12-13 15:00:00,2,1,553.0,553.0,[553.0],1,['259179-webtirf']
7120,2025-12-16 01:00:00,3,1,60.0,60.0,[60.0],1,['259366-webtirf']
7120,2025-12-19 14:00:00,2,1,700.0,700.0,[700.0],1,['259778-webtirf']
7120,2025-12-23 13:00:00,4,1,654.0,654.0,[654.0],1,['260171-webtirf']
7120,2025-12-23 14:00:00,2,1,645.0,645.0,[645.0],1,['260171-webtirf']
7120,2025-12-23 15:00:00,2,1,631.0,631.0,[631.0],1,['260177-webtirf']
7120,2025-12-27 03:00:00,2,1,115.0,115.0,[115.0],1,['260364-webtirf']
7120,2025-12-27 06:00:00,2,1,297.0,297.0,[297.0],1,['260368-webtirf']
7121,2025-01-08 10:00:00,3,1,414.0,414.0,[414.0],1,['219932-webtirf']
7121,2025-01-09 22:00:00,3,1,257.0,257.0,[257.0],1,['220081-webtirf']
7121,2025-01-14 02:00:00,3,1,0.0,0.0,[0.0],1,['220471-webtirf']
7121,2025-01-20 00:00:00,3,1,58.0,58.0,[58.0],1,['221341-webtirf']
7121,2025-01-22 05:00:00,5,1,32.0,32.0,[32.0],2,"['221572-webtirf', '221573-webtirf']"
7121,2025-03-04 04:00:00,2,1,0.0,0.0,[0.0],1,['225624-webtirf']
7121,2025-03-06 06:00:00,5,1,229.0,229.0,[229.0],1,['225996-webtirf']
7121,2025-03-11 00:00:00,2,1,0.0,0.0,[0.0],1,['226893-webtirf']
7121,2025-03-11 01:00:00,2,1,0.0,0.0,[0.0],1,['226893-webtirf']
7121,2025-03-11 02:00:00,2,1,0.0,0.0,[0.0],1,['226893-webtirf']
7121,2025-03-13 04:00:00,2,1,0.0,0.0,[0.0],1,['227366-webtirf']
7121,2025-03-16 11:00:00,3,1,453.0,453.0,[453.0],1,['227661-webtirf']
7121,2025-03-29 00:00:00,4,1,207.0,207.0,[207.0],1,['229322-webtirf']
7121,2025-03-29 01:00:00,3,1,211.0,211.0,[211.0],1,['229322-webtirf']
7121,2025-03-29 02:00:00,3,1,146.0,146.0,[146.0],1,['229322-webtirf']
7121,2025-04-21 12:00:00,2,1,83.0,83.0,[83.0],1,['232044-webtirf']
7121,2025-04-29 09:00:00,2,1,379.0,379.0,[379.0],1,['232975-webtirf']
7121,2025-05-23 09:00:00,2,1,435.0,435.0,[435.0],1,['236563-webtirf']
7121,2025-05-23 14:00:00,4,1,504.0,504.0,[504.0],1,['236582-webtirf']
7121,2025-05-26 03:00:00,4,1,37.0,37.0,[37.0],1,['236842-webtirf']
7121,2025-06-06 14:00:00,2,1,563.0,563.0,[563.0],1,['238324-webtirf']
7121,2025-06-15 07:00:00,2,1,214.0,214.0,[214.0],1,['239087-webtirf']
7121,2025-06-19 21:00:00,2,1,370.0,370.0,[370.0],1,['239597-webtirf']
7121,2025-06-22 05:00:00,2,1,134.0,134.0,[134.0],1,['239793-webtirf']
7121,2025-07-03 22:00:00,2,1,274.0,274.0,[274.0],1,['241249-webtirf']
7121,2025-07-09 19:00:00,4,1,359.0,359.0,[359.0],2,"['241738-webtirf', '241742-webtirf']"
7121,2025-07-12 02:00:00,2,1,117.0,117.0,[117.0],1,['242013-webtirf']
7121,2025-07-15 07:00:00,2,1,290.0,290.0,[290.0],1,['242319-webtirf']
7121,2025-07-22 00:00:00,6,1,45.0,45.0,[45.0],1,['242908-webtirf']
7121,2025-07-22 01:00:00,5,1,30.0,30.0,[30.0],1,['242908-webtirf']
7121,2025-07-22 02:00:00,3,1,24.0,24.0,[24.0],1,['242908-webtirf']
7121,2025-07-22 03:00:00,2,1,32.0,32.0,[32.0],1,['242908-webtirf']
7121,2025-07-30 22:00:00,3,1,253.0,253.0,[253.0],1,['243863-webtirf']
7121,2025-07-31 22:00:00,2,1,210.0,210.0,[210.0],1,['243986-webtirf']
7121,2025-08-04 21:00:00,9,1,232.0,232.0,[232.0],1,['244661-webtirf']
7121,2025-08-04 22:00:00,5,1,156.0,156.0,[156.0],1,['244661-webtirf']
7121,2025-08-04 23:00:00,3,1,86.0,86.0,[86.0],1,['244661-webtirf']
7121,2025-08-11 04:00:00,2,1,105.0,105.0,[105.0],1,['245349-webtirf']
7121,2025-08-12 00:00:00,3,1,144.0,144.0,[144.0],1,['245418-webtirf']
7121,2025-08-12 01:00:00,2,1,122.0,122.0,[122.0],1,['245418-webtirf']
7121,2025-08-12 02:00:00,2,1,115.0,115.0,[115.0],1,['245418-webtirf']
7121,2025-08-12 03:00:00,2,1,175.0,175.0,[175.0],1,['245418-webtirf']
7121,2025-08-12 04:00:00,2,1,102.0,102.0,[102.0],1,['245418-webtirf']
7121,2025-08-12 05:00:00,2,1,106.0,106.0,[106.0],1,['245418-webtirf']
7121,2025-08-12 06:00:00,2,1,192.0,192.0,[192.0],1,['245418-webtirf']
7121,2025-08-12 07:00:00,2,1,422.0,422.0,[422.0],1,['245418-webtirf']
7121,2025-08-12 08:00:00,2,1,484.0,484.0,[484.0],1,['245418-webtirf']
7121,2025-08-12 09:00:00,2,1,395.0,395.0,[395.0],1,['245418-webtirf']
7121,2025-08-12 10:00:00,2,1,485.0,485.0,[485.0],1,['245418-webtirf']
7121,2025-08-12 11:00:00,2,1,495.0,495.0,[495.0],1,['245418-webtirf']
7121,2025-08-12 12:00:00,2,1,525.0,525.0,[525.0],1,['245418-webtirf']
7121,2025-08-12 13:00:00,2,1,509.0,509.0,[509.0],1,['245418-webtirf']
7121,2025-08-12 14:00:00,2,1,505.0,505.0,[505.0],1,['245418-webtirf']
7121,2025-08-12 15:00:00,2,1,620.0,620.0,[620.0],1,['245418-webtirf']
7121,2025-08-12 16:00:00,2,1,599.0,599.0,[599.0],1,['245418-webtirf']
7121,2025-08-12 17:00:00,2,1,621.0,621.0,[621.0],1,['245418-webtirf']
7121,2025-08-12 18:00:00,2,1,620.0,620.0,[620.0],1,['245418-webtirf']
7121,2025-08-12 19:00:00,2,1,346.0,346.0,[346.0],1,['245418-webtirf']
7121,2025-08-12 20:00:00,2,1,288.0,288.0,[288.0],1,['245418-webtirf']
7121,2025-08-12 21:00:00,2,1,254.0,254.0,[254.0],1,['245418-webtirf']
7121,2025-08-12 22:00:00,2,1,270.0,270.0,[270.0],1,['245418-webtirf']
7121,2025-08-13 01:00:00,3,1,142.0,142.0,[142.0],1,['245553-webtirf']
7121,2025-08-13 02:00:00,2,1,111.0,111.0,[111.0],1,['245553-webtirf']
7121,2025-08-13 03:00:00,2,1,210.0,210.0,[210.0],1,['245553-webtirf']
7121,2025-08-13 04:00:00,2,1,161.0,161.0,[161.0],1,['245553-webtirf']
7121,2025-08-13 05:00:00,2,1,112.0,112.0,[112.0],1,['245553-webtirf']
7121,2025-08-13 06:00:00,2,1,194.0,194.0,[194.0],1,['245553-webtirf']
7121,2025-08-13 07:00:00,2,1,416.0,416.0,[416.0],1,['245553-webtirf']
7121,2025-08-13 08:00:00,2,1,415.0,415.0,[415.0],1,['245553-webtirf']
7121,2025-08-13 09:00:00,2,1,398.0,398.0,[398.0],1,['245553-webtirf']
7121,2025-08-13 10:00:00,2,1,428.0,428.0,[428.0],1,['245553-webtirf']
7121,2025-08-13 11:00:00,2,1,465.0,465.0,[465.0],1,['245553-webtirf']
7121,2025-08-13 12:00:00,2,1,533.0,533.0,[533.0],1,['245553-webtirf']
7121,2025-08-13 13:00:00,2,1,478.0,478.0,[478.0],1,['245553-webtirf']
7121,2025-08-13 14:00:00,2,1,529.0,529.0,[529.0],1,['245553-webtirf']
7121,2025-08-13 15:00:00,2,1,645.0,645.0,[645.0],1,['245553-webtirf']
7121,2025-08-13 16:00:00,2,1,637.0,637.0,[637.0],1,['245553-webtirf']
7121,2025-08-13 17:00:00,2,1,598.0,598.0,[598.0],1,['245553-webtirf']
7121,2025-08-13 18:00:00,2,1,586.0,586.0,[586.0],1,['245553-webtirf']
7121,2025-08-13 19:00:00,2,1,401.0,401.0,[401.0],1,['245553-webtirf']
7121,2025-08-13 20:00:00,2,1,332.0,332.0,[332.0],1,['245553-webtirf']
7121,2025-08-13 21:00:00,2,1,348.0,348.0,[348.0],1,['245553-webtirf']
7121,2025-08-13 22:00:00,2,1,268.0,268.0,[268.0],1,['245553-webtirf']
7121,2025-08-13 23:00:00,2,1,140.0,140.0,[140.0],1,['245553-webtirf']
7121,2025-08-14 00:00:00,2,1,66.0,66.0,[66.0],1,['245553-webtirf']
7121,2025-08-22 10:00:00,3,1,477.0,477.0,[477.0],2,"['246952-webtirf', '246959-webtirf']"
7121,2025-08-27 10:00:00,2,1,453.0,453.0,[453.0],1,['247430.0-webtirf']
7121,2025-09-01 05:00:00,2,1,122.0,122.0,[122.0],1,['247875-webtirf']
7121,2025-09-01 22:00:00,2,1,164.0,164.0,[164.0],1,['247936-webtirf']
7121,2025-09-03 21:00:00,3,1,280.0,280.0,[280.0],1,['248105-webtirf']
7121,2025-09-07 06:00:00,2,1,145.0,145.0,[145.0],1,['248460.0-webtirf']
7121,2025-09-10 10:00:00,2,1,469.0,469.0,[469.0],1,['249008-webtirf']
7121,2025-09-15 12:00:00,5,1,460.0,460.0,[460.0],1,['249635-webtirf']
7121,2025-09-18 04:00:00,2,1,41.0,41.0,[41.0],1,['249939-webtirf']
7121,2025-09-19 15:00:00,2,1,534.0,534.0,[534.0],1,['250098-webtirf']
7121,2025-09-21 02:00:00,3,1,187.0,187.0,[187.0],1,['250172-webtirf']
7121,2025-09-26 06:00:00,2,1,239.0,239.0,[239.0],1,['250812-webtirf']
7121,2025-09-28 21:00:00,2,1,266.0,266.0,[266.0],1,['250947-webtirf']
7121,2025-09-29 23:00:00,4,1,84.0,84.0,[84.0],1,['251073-webtirf']
7121,2025-09-30 02:00:00,3,1,34.0,34.0,[34.0],2,"['251073-webtirf', '251098-webtirf']"
7121,2025-09-30 03:00:00,2,1,43.0,43.0,[43.0],2,"['251073-webtirf', '251098-webtirf']"
7121,2025-09-30 04:00:00,2,1,62.0,62.0,[62.0],2,"['251073-webtirf', '251098-webtirf']"
7121,2025-09-30 05:00:00,2,1,102.0,102.0,[102.0],2,"['251073-webtirf', '251098-webtirf']"
7121,2025-09-30 06:00:00,2,1,227.0,227.0,[227.0],2,"['251073-webtirf', '251098-webtirf']"
7121,2025-09-30 07:00:00,2,1,407.0,407.0,[407.0],2,"['251073-webtirf', '251098-webtirf']"
7121,2025-09-30 08:00:00,2,1,450.0,450.0,[450.0],2,"['251073-webtirf', '251098-webtirf']"
7121,2025-09-30 09:00:00,2,1,434.0,434.0,[434.0],2,"['251073-webtirf', '251098-webtirf']"
7121,2025-09-30 10:00:00,2,1,448.0,448.0,[448.0],2,"['251073-webtirf', '251098-webtirf']"
7121,2025-09-30 11:00:00,2,1,464.0,464.0,[464.0],2,"['251073-webtirf', '251098-webtirf']"
7121,2025-09-30 12:00:00,2,1,487.0,487.0,[487.0],2,"['251073-webtirf', '251098-webtirf']"
7121,2025-09-30 13:00:00,2,1,508.0,508.0,[508.0],2,"['251073-webtirf', '251098-webtirf']"
7121,2025-09-30 14:00:00,2,1,564.0,564.0,[564.0],2,"['251073-webtirf', '251098-webtirf']"
7121,2025-09-30 15:00:00,2,1,603.0,603.0,[603.0],2,"['251073-webtirf', '251098-webtirf']"
7121,2025-09-30 16:00:00,2,1,595.0,595.0,[595.0],2,"['251073-webtirf', '251098-webtirf']"
7121,2025-09-30 17:00:00,2,1,613.0,613.0,[613.0],2,"['251073-webtirf', '251098-webtirf']"
7121,2025-09-30 18:00:00,2,1,501.0,501.0,[501.0],2,"['251073-webtirf', '251098-webtirf']"
7121,2025-09-30 19:00:00,2,1,313.0,313.0,[313.0],2,"['251073-webtirf', '251098-webtirf']"
7121,2025-09-30 20:00:00,2,1,297.0,297.0,[297.0],2,"['251073-webtirf', '251098-webtirf']"
7121,2025-09-30 21:00:00,2,1,311.0,311.0,[311.0],2,"['251073-webtirf', '251098-webtirf']"
7121,2025-09-30 22:00:00,2,1,174.0,174.0,[174.0],2,"['251073-webtirf', '251098-webtirf']"
7121,2025-10-07 06:00:00,2,1,220.0,220.0,[220.0],1,['251785-webtirf']
7121,2025-10-09 13:00:00,3,1,553.0,553.0,[553.0],1,['252083-webtirf']
7121,2025-10-14 21:00:00,2,1,226.0,226.0,[226.0],1,['252593-webtirf']
7121,2025-10-17 12:00:00,2,1,482.0,482.0,[482.0],1,['252972-webtirf']
7121,2025-10-19 21:00:00,2,1,288.0,288.0,[288.0],1,['253135-webtirf']
7121,2025-11-13 22:00:00,4,1,63.0,63.0,[63.0],1,['255656-webtirf']
7121,2025-11-20 08:00:00,2,1,518.0,518.0,[518.0],1,['256351-webtirf']
7121,2025-11-21 00:00:00,2,1,113.0,113.0,[113.0],1,['256427-webtirf']
7121,2025-11-21 03:00:00,3,1,56.0,56.0,[56.0],1,['256451-webtirf']
7121,2025-11-26 19:00:00,5,1,394.0,394.0,[394.0],1,['257172-webtirf']
7121,2025-11-28 15:00:00,4,1,503.0,503.0,[503.0],1,['257507-webtirf']
7121,2025-11-28 16:00:00,2,1,518.0,518.0,[518.0],1,['257507-webtirf']
7121,2025-12-16 01:00:00,3,1,18.0,18.0,[18.0],1,['259366-webtirf']
7123-PR,2025-01-04 19:00:00,6,1,753.0,753.0,[753.0],1,['219601-webtirf']
7123-PR,2025-01-04 20:00:00,3,1,761.0,761.0,[761.0],1,['219601-webtirf']
7123-PR,2025-01-15 03:00:00,2,1,74.0,74.0,[74.0],1,['220610.0-webtirf']
7123-PR,2025-01-29 04:00:00,2,1,74.0,74.0,[74.0],1,['222221-webtirf']
7123-PR,2025-03-12 02:00:00,5,1,43.0,43.0,[43.0],1,['227208-webtirf']
7123-PR,2025-03-12 03:00:00,4,1,81.0,81.0,[81.0],1,['227208-webtirf']
7123-PR,2025-03-12 04:00:00,4,1,197.0,197.0,[197.0],1,['227208-webtirf']
7123-PR,2025-03-12 05:00:00,4,1,388.0,388.0,[388.0],1,['227208-webtirf']
7123-PR,2025-03-12 06:00:00,4,1,943.0,943.0,[943.0],1,['227208-webtirf']
7123-PR,2025-03-12 07:00:00,4,1,987.0,987.0,[987.0],1,['227208-webtirf']
7123-PR,2025-03-12 08:00:00,4,1,853.0,853.0,[853.0],1,['227208-webtirf']
7123-PR,2025-03-12 09:00:00,4,1,688.0,688.0,[688.0],1,['227208-webtirf']
7123-PR,2025-03-12 10:00:00,4,1,661.0,661.0,[661.0],1,['227208-webtirf']
7123-PR,2025-03-12 11:00:00,4,1,771.0,771.0,[771.0],1,['227208-webtirf']
7123-PR,2025-03-12 12:00:00,4,1,619.0,619.0,[619.0],1,['227208-webtirf']
7123-PR,2025-03-12 13:00:00,4,1,757.0,757.0,[757.0],1,['227208-webtirf']
7123-PR,2025-03-12 14:00:00,4,1,675.0,675.0,[675.0],1,['227208-webtirf']
7123-PR,2025-03-12 15:00:00,4,1,774.0,774.0,[774.0],1,['227208-webtirf']
7123-PR,2025-03-12 16:00:00,4,1,761.0,761.0,[761.0],1,['227208-webtirf']
7123-PR,2025-03-12 17:00:00,4,1,749.0,749.0,[749.0],1,['227208-webtirf']
7123-PR,2025-03-12 18:00:00,4,1,509.0,509.0,[509.0],1,['227208-webtirf']
7123-PR,2025-03-12 19:00:00,4,1,423.0,423.0,[423.0],1,['227208-webtirf']
7123-PR,2025-03-12 20:00:00,4,1,397.0,397.0,[397.0],1,['227208-webtirf']
7123-PR,2025-03-12 21:00:00,4,1,367.0,367.0,[367.0],1,['227208-webtirf']
7123-PR,2025-03-12 22:00:00,4,1,254.0,254.0,[254.0],1,['227208-webtirf']
7123-PR,2025-03-12 23:00:00,4,1,134.0,134.0,[134.0],1,['227208-webtirf']
7123-PR,2025-03-13 00:00:00,3,1,74.0,74.0,[74.0],1,['227208-webtirf']
7123-PR,2025-03-13 01:00:00,3,1,0.0,0.0,[0.0],1,['227208-webtirf']
7123-PR,2025-03-15 00:00:00,24,1,126.0,126.0,[126.0],1,['227541-webtirf']
7123-PR,2025-03-15 01:00:00,12,1,64.0,64.0,[64.0],1,['227541-webtirf']
7123-PR,2025-03-15 02:00:00,11,1,72.0,72.0,[72.0],1,['227541-webtirf']
7123-PR,2025-03-15 03:00:00,8,1,63.0,63.0,[63.0],1,['227541-webtirf']
7123-PR,2025-03-15 04:00:00,5,1,101.0,101.0,[101.0],1,['227541-webtirf']
7123-PR,2025-03-15 05:00:00,3,1,156.0,156.0,[156.0],1,['227541-webtirf']
7123-PR,2025-03-15 06:00:00,3,1,159.0,159.0,[159.0],1,['227541-webtirf']
7123-PR,2025-03-15 07:00:00,2,1,259.0,259.0,[259.0],1,['227541-webtirf']
7123-PR,2025-05-23 10:00:00,3,1,1345.0,1345.0,[1345.0],1,['236567-webtirf']
7123-PR,2025-06-30 06:00:00,3,1,1076.0,1076.0,[1076.0],1,['240627-webtirf']
7123-PR,2025-09-11 00:00:00,8,1,153.0,153.0,[153.0],2,"['249140-webtirf', '249140.0-webtirf']"
7123-PR,2025-09-11 05:00:00,5,1,612.0,612.0,[612.0],1,['249221-webtirf']
7123-PR,2025-09-11 06:00:00,2,1,1018.0,1018.0,[1018.0],1,['249221-webtirf']
7123-PR,2025-09-11 07:00:00,2,1,1465.0,1465.0,[1465.0],1,['249221-webtirf']
7123-PR,2025-09-11 08:00:00,2,1,1563.0,1563.0,[1563.0],1,['249221-webtirf']
7123-PR,2025-09-11 09:00:00,2,1,1339.0,1339.0,[1339.0],1,['249221-webtirf']
7123-PR,2025-09-11 10:00:00,2,1,1019.0,1019.0,[1019.0],1,['249221-webtirf']
7123-PR,2025-09-11 11:00:00,2,1,1214.0,1214.0,[1214.0],1,['249221-webtirf']
7123-PR,2025-09-17 06:00:00,3,1,1261.0,1261.0,[1261.0],1,['249852-webtirf']
7123-PR,2025-10-21 00:00:00,2,2,10.0,147.0,"[10.0, 147.0]",1,['NO_INCIDENT']
7123-PR,2025-12-02 08:00:00,2,1,1609.0,1609.0,[1609.0],1,['257907-webtirf']
7123-PR,2025-12-27 21:00:00,2,1,398.0,398.0,[398.0],1,['260389-webtirf']
7126,2025-01-10 08:00:00,2,1,539.0,539.0,[539.0],1,['220170.0-webtirf']
7126,2025-01-12 20:00:00,7,1,201.0,201.0,[201.0],2,"['220297-webtirf', '220298-webtirf']"
7126,2025-01-21 06:00:00,4,1,450.0,450.0,[450.0],1,['221501-webtirf']
7126,2025-03-09 04:00:00,2,1,22.0,22.0,[22.0],1,['226627-webtirf']
7126,2025-04-24 08:00:00,2,1,610.0,610.0,[610.0],1,['232454-webtirf']
7126,2025-05-10 03:00:00,2,1,37.0,37.0,[37.0],1,['234156-webtirf']
7126,2025-06-06 11:00:00,2,1,723.0,723.0,[723.0],1,['238323-webtirf']
7126,2025-06-19 21:00:00,8,1,302.0,302.0,[302.0],1,['239593-webtirf']
7126,2025-07-31 09:00:00,3,1,601.0,601.0,[601.0],1,['243965-webtirf']
7126,2025-09-13 13:00:00,6,1,806.0,806.0,[806.0],2,"['249490-webtirf', '249490.0-webtirf']"
7126,2025-09-13 14:00:00,2,1,771.0,771.0,[771.0],2,"['249490-webtirf', '249490.0-webtirf']"
7126,2025-09-15 21:00:00,3,1,174.0,174.0,[174.0],1,['249651-webtirf']
7126,2025-09-23 08:00:00,6,1,817.0,817.0,[817.0],2,"['250410-webtirf', '250410.0-webtirf']"
7126,2025-10-07 03:00:00,5,1,22.0,22.0,[22.0],1,['251763-webtirf']
7126,2025-10-10 12:00:00,3,1,780.0,780.0,[780.0],1,['252224-webtirf']
7126,2025-10-21 00:00:00,2,2,6.0,16.0,"[6.0, 16.0]",1,['NO_INCIDENT']
7126,2025-11-11 10:00:00,5,1,638.0,638.0,[638.0],1,['255387-webtirf']
7126,2025-11-11 11:00:00,3,1,681.0,681.0,[681.0],1,['255387-webtirf']
7126,2025-11-11 12:00:00,2,1,670.0,670.0,[670.0],1,['255387-webtirf']
7126,2025-11-11 13:00:00,2,1,655.0,655.0,[655.0],1,['255387-webtirf']
7126,2025-11-28 07:00:00,2,1,612.0,612.0,[612.0],1,['257486-webtirf']
7126,2025-12-13 02:00:00,4,1,29.0,29.0,[29.0],1,['259147-webtirf']
7132,2025-01-17 04:00:00,5,1,210.0,210.0,[210.0],1,['220993-webtirf']
7132,2025-01-17 05:00:00,2,1,639.0,639.0,[639.0],1,['220993-webtirf']
7132,2025-01-17 06:00:00,2,1,1244.0,1244.0,[1244.0],1,['220993-webtirf']
7132,2025-01-26 23:00:00,2,1,352.0,352.0,[352.0],1,['221928-webtirf']
7132,2025-01-28 21:00:00,2,1,461.0,461.0,[461.0],1,['222140.0-webtirf']
7132,2025-03-16 16:00:00,26,1,1193.0,1193.0,[1193.0],1,['227669-webtirf']
7132,2025-03-16 17:00:00,20,1,1217.0,1217.0,[1217.0],1,['227669-webtirf']
7132,2025-03-16 18:00:00,18,1,1025.0,1025.0,[1025.0],1,['227669-webtirf']
7132,2025-03-16 19:00:00,15,1,749.0,749.0,[749.0],1,['227669-webtirf']
7132,2025-03-16 20:00:00,14,1,674.0,674.0,[674.0],1,['227669-webtirf']
7132,2025-03-16 21:00:00,13,1,540.0,540.0,[540.0],1,['227669-webtirf']
7132,2025-03-16 22:00:00,11,1,373.0,373.0,[373.0],1,['227669-webtirf']
7132,2025-03-16 23:00:00,10,1,224.0,224.0,[224.0],1,['227669-webtirf']
7132,2025-03-17 00:00:00,9,1,136.0,136.0,[136.0],1,['227669-webtirf']
7132,2025-03-17 01:00:00,7,1,97.0,97.0,[97.0],1,['227669-webtirf']
7132,2025-03-17 02:00:00,7,1,79.0,79.0,[79.0],1,['227669-webtirf']
7132,2025-03-17 03:00:00,6,1,134.0,134.0,[134.0],1,['227669-webtirf']
7132,2025-03-17 04:00:00,5,1,402.0,402.0,[402.0],1,['227669-webtirf']
7132,2025-03-17 05:00:00,3,1,1092.0,1092.0,[1092.0],1,['227669-webtirf']
7132,2025-03-17 06:00:00,2,1,2140.0,2140.0,[2140.0],1,['227669-webtirf']
7132,2025-03-31 22:00:00,2,1,313.0,313.0,[313.0],1,['229789-webtirf']
7132,2025-04-08 06:00:00,3,1,2352.0,2352.0,[2352.0],1,['230712-webtirf']
7132,2025-04-14 07:00:00,4,1,1540.0,1540.0,[1540.0],1,['231402-webtirf']
7132,2025-05-31 22:00:00,5,1,483.0,483.0,[483.0],1,['237556-webtirf']
7132,2025-06-03 23:00:00,3,1,172.0,172.0,[172.0],1,['237944-webtirf']
7132,2025-06-04 00:00:00,2,1,92.0,92.0,[92.0],1,['237944-webtirf']
7132,2025-06-13 03:00:00,3,1,175.0,175.0,[175.0],1,['238899-webtirf']
7132,2025-06-14 07:00:00,2,1,867.0,867.0,[867.0],1,['239028-webtirf']
7132,2025-06-28 13:00:00,3,1,1259.0,1259.0,[1259.0],1,['240450.0-webtirf']
7132,2025-07-14 08:00:00,2,1,1914.0,1914.0,[1914.0],1,['242137-webtirf']
7132,2025-09-21 20:00:00,6,1,548.0,548.0,[548.0],1,['250222-webtirf']
7132,2025-10-01 23:00:00,5,1,205.0,205.0,[205.0],1,['251321-webtirf']
7132,2025-10-02 00:00:00,4,1,123.0,123.0,[123.0],1,['251321-webtirf']
7132,2025-10-02 01:00:00,4,1,66.0,66.0,[66.0],1,['251321-webtirf']
7132,2025-10-02 02:00:00,4,1,69.0,69.0,[69.0],1,['251321-webtirf']
7132,2025-10-02 03:00:00,4,1,151.0,151.0,[151.0],1,['251321-webtirf']
7132,2025-10-02 04:00:00,4,1,415.0,415.0,[415.0],1,['251321-webtirf']
7132,2025-10-02 05:00:00,4,1,1175.0,1175.0,[1175.0],1,['251321-webtirf']
7132,2025-10-02 06:00:00,4,1,2240.0,2240.0,[2240.0],1,['251321-webtirf']
7132,2025-10-02 07:00:00,4,1,2111.0,2111.0,[2111.0],1,['251321-webtirf']
7132,2025-10-02 08:00:00,4,1,1871.0,1871.0,[1871.0],1,['251321-webtirf']
7132,2025-10-02 09:00:00,4,1,1349.0,1349.0,[1349.0],1,['251321-webtirf']
7132,2025-10-02 10:00:00,4,1,1219.0,1219.0,[1219.0],1,['251321-webtirf']
7132,2025-10-02 11:00:00,4,1,1155.0,1155.0,[1155.0],1,['251321-webtirf']
7132,2025-10-02 12:00:00,4,1,1054.0,1054.0,[1054.0],1,['251321-webtirf']
7132,2025-10-02 13:00:00,4,1,1060.0,1060.0,[1060.0],1,['251321-webtirf']
7132,2025-10-02 14:00:00,4,1,941.0,941.0,[941.0],1,['251321-webtirf']
7132,2025-10-02 15:00:00,4,1,1097.0,1097.0,[1097.0],1,['251321-webtirf']
7132,2025-10-02 16:00:00,4,1,1069.0,1069.0,[1069.0],1,['251321-webtirf']
7132,2025-10-02 17:00:00,4,1,1048.0,1048.0,[1048.0],1,['251321-webtirf']
7132,2025-10-02 18:00:00,4,1,889.0,889.0,[889.0],1,['251321-webtirf']
7132,2025-10-02 19:00:00,4,1,733.0,733.0,[733.0],1,['251321-webtirf']
7132,2025-10-02 20:00:00,4,1,608.0,608.0,[608.0],1,['251321-webtirf']
7132,2025-10-02 21:00:00,4,1,493.0,493.0,[493.0],1,['251321-webtirf']
7132,2025-10-02 22:00:00,4,1,348.0,348.0,[348.0],1,['251321-webtirf']
7132,2025-10-14 09:00:00,10,1,1517.0,1517.0,[1517.0],2,"['252570-webtirf', '252570.0-webtirf']"
7132,2025-11-16 22:00:00,3,1,380.0,380.0,[380.0],1,['255929-webtirf']
7132,2025-11-22 11:00:00,3,1,1306.0,1306.0,[1306.0],1,['256586-webtirf']
7132,2025-11-25 04:00:00,3,1,397.0,397.0,[397.0],1,['256881-webtirf']
7132,2025-11-30 06:00:00,3,1,463.0,463.0,[463.0],1,['257658-webtirf']
7132,2025-12-15 05:00:00,3,1,1022.0,1022.0,[1022.0],1,['259289-webtirf']
7132,2025-12-27 11:00:00,4,1,1174.0,1174.0,[1174.0],2,"['260380-webtirf', '260380.0-webtirf']"
7139,2025-01-08 19:00:00,2,1,1093.0,1093.0,[1093.0],1,['219957-webtirf']
7139,2025-01-18 23:00:00,5,1,1124.0,1124.0,[1124.0],1,['221259-webtirf']
7139,2025-01-28 05:00:00,5,1,588.0,588.0,[588.0],1,['222066-webtirf']
7139,2025-01-28 06:00:00,3,1,1572.0,1572.0,[1572.0],1,['222066-webtirf']
7139,2025-03-13 19:00:00,8,1,1710.0,1710.0,[1710.0],1,['227415-webtirf']
7139,2025-03-13 20:00:00,6,1,1413.0,1413.0,[1413.0],1,['227415-webtirf']
7139,2025-03-13 21:00:00,5,1,1266.0,1266.0,[1266.0],1,['227415-webtirf']
7139,2025-03-13 22:00:00,2,1,939.0,939.0,[939.0],1,['227415-webtirf']
7139,2025-03-16 00:00:00,2,1,1011.0,1011.0,[1011.0],1,['227604-webtirf']
7139,2025-03-18 12:00:00,5,1,2594.0,2594.0,[2594.0],1,['227875-webtirf']
7139,2025-03-18 13:00:00,2,1,2444.0,2444.0,[2444.0],1,['227875-webtirf']
7139,2025-03-18 14:00:00,2,1,2858.0,2858.0,[2858.0],1,['227875-webtirf']
7139,2025-03-19 02:00:00,4,1,97.0,97.0,[97.0],1,['227942-webtirf']
7139,2025-03-21 01:00:00,5,1,195.0,195.0,[195.0],1,['228203-webtirf']
7139,2025-03-21 02:00:00,3,1,155.0,155.0,[155.0],1,['228203-webtirf']
7139,2025-03-21 03:00:00,2,1,141.0,141.0,[141.0],1,['228203-webtirf']
7139,2025-03-30 16:00:00,2,1,2396.0,2396.0,[2396.0],1,['229624-webtirf']
7139,2025-04-05 01:00:00,2,1,0.0,0.0,[0.0],1,['230436-webtirf']
7139,2025-04-08 12:00:00,3,1,2463.0,2463.0,[2463.0],1,['230746-webtirf']
7139,2025-04-15 22:00:00,2,1,672.0,672.0,[672.0],1,['231592-webtirf']
7139,2025-04-26 11:00:00,2,1,2438.0,2438.0,[2438.0],1,['232619-webtirf']
7139,2025-05-15 04:00:00,2,1,212.0,212.0,[212.0],1,['234658-webtirf']
7139,2025-05-22 21:00:00,2,1,1104.0,1104.0,[1104.0],1,['236245-webtirf']
7139,2025-05-26 04:00:00,7,1,207.0,207.0,[207.0],1,['236855-webtirf']
7139,2025-07-04 02:00:00,2,1,129.0,129.0,[129.0],1,['241285-webtirf']
7139,2025-07-09 03:00:00,4,1,70.0,70.0,[70.0],1,['241668-webtirf']
7139,2025-07-10 17:00:00,2,1,2560.0,2560.0,[2560.0],1,['241875-webtirf']
7139,2025-07-29 06:00:00,2,1,1661.0,1661.0,[1661.0],1,['243678-webtirf']
7139,2025-07-30 21:00:00,5,1,1048.0,1048.0,[1048.0],1,['243850.0-webtirf']
7139,2025-07-30 22:00:00,3,1,730.0,730.0,[730.0],1,['243850.0-webtirf']
7139,2025-07-30 23:00:00,2,1,391.0,391.0,[391.0],1,['243850.0-webtirf']
7139,2025-07-31 03:00:00,2,1,91.0,91.0,[91.0],1,['243928-webtirf']
7139,2025-08-12 23:00:00,3,1,348.0,348.0,[348.0],1,['245534-webtirf']
7139,2025-08-17 17:00:00,3,1,2558.0,2558.0,[2558.0],1,['245981-webtirf']
7139,2025-08-29 02:00:00,4,1,152.0,152.0,[152.0],1,['247611-webtirf']
7139,2025-09-22 04:00:00,2,1,207.0,207.0,[207.0],1,['250287-webtirf']
7139,2025-09-24 12:00:00,5,1,2670.0,2670.0,[2670.0],1,['250564-webtirf']
7139,2025-09-24 13:00:00,3,1,2678.0,2678.0,[2678.0],1,['250564-webtirf']
7139,2025-09-24 14:00:00,2,1,2941.0,2941.0,[2941.0],1,['250564-webtirf']
7139,2025-09-30 11:00:00,4,1,2443.0,2443.0,[2443.0],1,['251154-webtirf']
7139,2025-09-30 12:00:00,3,1,2591.0,2591.0,[2591.0],1,['251154-webtirf']
7139,2025-09-30 13:00:00,3,1,2618.0,2618.0,[2618.0],1,['251154-webtirf']
7139,2025-09-30 14:00:00,2,1,3035.0,3035.0,[3035.0],1,['251154-webtirf']
7139,2025-09-30 15:00:00,2,1,3315.0,3315.0,[3315.0],1,['251154-webtirf']
7139,2025-09-30 16:00:00,2,1,3073.0,3073.0,[3073.0],1,['251154-webtirf']
7139,2025-09-30 17:00:00,2,1,2944.0,2944.0,[2944.0],1,['251154-webtirf']
7139,2025-10-04 10:00:00,4,1,2689.0,2689.0,[2689.0],1,['251602-webtirf']
7139,2025-10-04 11:00:00,3,1,2649.0,2649.0,[2649.0],1,['251602-webtirf']
7139,2025-10-04 12:00:00,2,1,2843.0,2843.0,[2843.0],1,['251602-webtirf']
7139,2025-10-11 02:00:00,2,1,276.0,276.0,[276.0],1,['252263-webtirf']
7139,2025-10-15 05:00:00,2,1,774.0,774.0,[774.0],1,['252661-webtirf']
7139,2025-10-25 05:00:00,4,1,443.0,443.0,[443.0],1,['253737-webtirf']
7139,2025-10-29 02:00:00,6,1,80.0,80.0,[80.0],1,['254102-webtirf']
7139,2025-10-30 07:00:00,2,1,3078.0,3078.0,[3078.0],1,['254259-webtirf']
7139,2025-11-03 21:00:00,5,1,931.0,931.0,[931.0],1,['254665-webtirf']
7139,2025-11-12 05:00:00,2,1,820.0,820.0,[820.0],1,['255476-webtirf']
7139,2025-11-25 03:00:00,2,1,72.0,72.0,[72.0],1,['256862-webtirf']
7139,2025-11-27 05:00:00,5,1,847.0,847.0,[847.0],1,['257275-webtirf']
7139,2025-11-27 06:00:00,2,1,1946.0,1946.0,[1946.0],1,['257275-webtirf']
7139,2025-11-27 07:00:00,2,1,3017.0,3017.0,[3017.0],1,['257294-webtirf']
7139,2025-12-02 05:00:00,5,1,754.0,754.0,[754.0],1,['257892-webtirf']
7139,2025-12-02 06:00:00,3,1,1827.0,1827.0,[1827.0],1,['257892-webtirf']
7139,2025-12-02 07:00:00,3,1,2890.0,2890.0,[2890.0],1,['257892-webtirf']
7139,2025-12-02 08:00:00,3,1,3451.0,3451.0,[3451.0],1,['257892-webtirf']
7139,2025-12-02 09:00:00,3,1,3080.0,3080.0,[3080.0],1,['257892-webtirf']
7139,2025-12-02 10:00:00,3,1,2632.0,2632.0,[2632.0],1,['257892-webtirf']
7139,2025-12-02 11:00:00,3,1,2515.0,2515.0,[2515.0],1,['257892-webtirf']
7139,2025-12-02 12:00:00,3,1,2835.0,2835.0,[2835.0],1,['257892-webtirf']
7139,2025-12-02 13:00:00,3,1,2628.0,2628.0,[2628.0],1,['257892-webtirf']
7139,2025-12-02 14:00:00,3,1,3004.0,3004.0,[3004.0],1,['257892-webtirf']
7139,2025-12-02 15:00:00,3,1,3172.0,3172.0,[3172.0],1,['257892-webtirf']
7139,2025-12-02 16:00:00,3,1,3251.0,3251.0,[3251.0],1,['257892-webtirf']
7139,2025-12-02 17:00:00,3,1,3221.0,3221.0,[3221.0],1,['257892-webtirf']
7139,2025-12-02 18:00:00,3,1,2563.0,2563.0,[2563.0],1,['257892-webtirf']
7139,2025-12-02 19:00:00,3,1,1746.0,1746.0,[1746.0],1,['257892-webtirf']
7139,2025-12-02 20:00:00,3,1,1435.0,1435.0,[1435.0],1,['257892-webtirf']
7139,2025-12-02 21:00:00,3,1,1198.0,1198.0,[1198.0],1,['257892-webtirf']
7139,2025-12-02 22:00:00,3,1,984.0,984.0,[984.0],1,['257892-webtirf']
7139,2025-12-02 23:00:00,3,1,493.0,493.0,[493.0],1,['257892-webtirf']
7139,2025-12-03 00:00:00,3,1,239.0,239.0,[239.0],1,['257892-webtirf']
7139,2025-12-03 01:00:00,3,1,116.0,116.0,[116.0],1,['257892-webtirf']
7139,2025-12-03 02:00:00,3,1,81.0,81.0,[81.0],1,['257892-webtirf']
7139,2025-12-03 03:00:00,3,1,81.0,81.0,[81.0],1,['257892-webtirf']
7139,2025-12-03 04:00:00,3,1,188.0,188.0,[188.0],1,['257892-webtirf']
7139,2025-12-12 16:00:00,3,1,3375.0,3375.0,[3375.0],1,['259126-webtirf']
7139,2025-12-30 12:00:00,2,1,2235.0,2235.0,[2235.0],1,['260541-webtirf']
7150,2025-04-16 23:00:00,2,1,229.0,229.0,[229.0],1,['231733-webtirf']
7150,2025-06-12 05:00:00,4,1,263.0,263.0,[263.0],1,['238796-webtirf']
7150,2025-07-11 11:00:00,2,1,1058.0,1058.0,[1058.0],1,['241982-webtirf']
7150,2025-09-22 08:00:00,4,1,1262.0,1262.0,[1262.0],1,['250313-webtirf']
7150,2025-10-19 20:00:00,2,1,974.0,974.0,[974.0],1,['253119-webtirf']
7150,2025-11-10 21:00:00,2,1,632.0,632.0,[632.0],1,['255305-webtirf']
7153,2025-01-23 19:00:00,8,1,805.0,805.0,[805.0],1,['221731-webtirf']
7153,2025-01-23 20:00:00,3,1,623.0,623.0,[623.0],1,['221731-webtirf']
7153,2025-03-05 19:00:00,2,1,731.0,731.0,[731.0],1,['225812-webtirf']
7153,2025-04-18 09:00:00,3,1,840.0,840.0,[840.0],1,['231892-webtirf']
7153,2025-04-19 09:00:00,3,1,1137.0,1137.0,[1137.0],1,['231936-webtirf']
7153,2025-04-23 22:00:00,4,1,335.0,335.0,[335.0],1,['232317-webtirf']
7153,2025-05-01 04:00:00,5,1,310.0,310.0,[310.0],1,['233202-webtirf']
7153,2025-05-14 04:00:00,3,1,314.0,314.0,[314.0],1,['234535-webtirf']
7153,2025-06-08 02:00:00,5,1,129.0,129.0,[129.0],1,['238393-webtirf']
7153,2025-06-22 09:00:00,2,1,902.0,902.0,[902.0],1,['239802-webtirf']
7153,2025-06-23 23:00:00,2,1,168.0,168.0,[168.0],1,['239963-webtirf']
7153,2025-06-26 01:00:00,2,1,86.0,86.0,[86.0],1,['240247-webtirf']
7153,2025-06-29 20:00:00,2,1,624.0,624.0,[624.0],1,['240526-webtirf']
7153,2025-07-14 22:00:00,2,1,338.0,338.0,[338.0],1,['242201-webtirf']
7153,2025-08-18 05:00:00,2,1,1012.0,1012.0,[1012.0],1,['246048-webtirf']
7153,2025-08-19 20:00:00,2,1,514.0,514.0,[514.0],1,['246229-webtirf']
7153,2025-10-21 00:00:00,2,2,35.0,115.0,"[35.0, 115.0]",1,['NO_INCIDENT']
7153,2025-11-12 02:00:00,10,1,104.0,104.0,[104.0],1,['255451-webtirf']
7153,2025-11-12 03:00:00,8,1,176.0,176.0,[176.0],1,['255451-webtirf']
7153,2025-11-12 04:00:00,5,1,351.0,351.0,[351.0],1,['255451-webtirf']
7153,2025-11-12 05:00:00,4,1,1140.0,1140.0,[1140.0],1,['255451-webtirf']
7153,2025-11-12 06:00:00,3,1,1868.0,1868.0,[1868.0],1,['255451-webtirf']
7153,2025-11-12 07:00:00,2,1,1886.0,1886.0,[1886.0],1,['255451-webtirf']
7153,2025-11-23 21:00:00,4,1,673.0,673.0,[673.0],2,"['256680-webtirf', '256680.0-webtirf']"
7153,2025-12-04 21:00:00,4,1,467.0,467.0,[467.0],1,['258186-webtirf']
7159,2025-03-13 01:00:00,2,1,141.0,141.0,[141.0],1,['227344-webtirf']
7159,2025-04-22 13:00:00,3,1,1118.0,1118.0,[1118.0],1,['232185-webtirf']
7159,2025-05-11 03:00:00,2,1,130.0,130.0,[130.0],1,['234224-webtirf']
7159,2025-05-14 08:00:00,2,1,1167.0,1167.0,[1167.0],1,['234569-webtirf']
7159,2025-05-17 10:00:00,2,1,1031.0,1031.0,[1031.0],1,['234922-webtirf']
7159,2025-05-30 01:00:00,3,1,155.0,155.0,[155.0],1,['237404-webtirf']
7159,2025-06-30 10:00:00,2,1,935.0,935.0,[935.0],1,['240646-webtirf']
7159,2025-07-05 01:00:00,25,1,195.0,195.0,[195.0],1,['241368-webtirf']
7159,2025-07-05 02:00:00,23,1,162.0,162.0,[162.0],1,['241368-webtirf']
7159,2025-07-05 03:00:00,21,1,159.0,159.0,[159.0],1,['241368-webtirf']
7159,2025-07-05 04:00:00,21,1,193.0,193.0,[193.0],1,['241368-webtirf']
7159,2025-07-05 05:00:00,20,1,302.0,302.0,[302.0],1,['241368-webtirf']
7159,2025-07-05 06:00:00,18,1,610.0,610.0,[610.0],1,['241368-webtirf']
7159,2025-07-05 07:00:00,17,1,724.0,724.0,[724.0],1,['241368-webtirf']
7159,2025-07-05 08:00:00,17,1,1052.0,1052.0,[1052.0],1,['241368-webtirf']
7159,2025-07-05 09:00:00,16,1,1027.0,1027.0,[1027.0],1,['241368-webtirf']
7159,2025-07-05 10:00:00,16,1,939.0,939.0,[939.0],1,['241368-webtirf']
7159,2025-07-05 11:00:00,16,1,1001.0,1001.0,[1001.0],1,['241368-webtirf']
7159,2025-07-05 12:00:00,16,1,1070.0,1070.0,[1070.0],1,['241368-webtirf']
7159,2025-07-05 13:00:00,16,1,1290.0,1290.0,[1290.0],1,['241368-webtirf']
7159,2025-07-05 14:00:00,16,1,1451.0,1451.0,[1451.0],1,['241368-webtirf']
7159,2025-07-05 15:00:00,16,1,1339.0,1339.0,[1339.0],1,['241368-webtirf']
7159,2025-07-05 16:00:00,15,1,1188.0,1188.0,[1188.0],1,['241368-webtirf']
7159,2025-07-05 17:00:00,14,1,1221.0,1221.0,[1221.0],1,['241368-webtirf']
7159,2025-07-05 18:00:00,14,1,1189.0,1189.0,[1189.0],1,['241368-webtirf']
7159,2025-07-05 19:00:00,13,1,951.0,951.0,[951.0],1,['241368-webtirf']
7159,2025-07-05 20:00:00,13,1,752.0,752.0,[752.0],1,['241368-webtirf']
7159,2025-07-05 21:00:00,11,1,680.0,680.0,[680.0],1,['241368-webtirf']
7159,2025-07-05 22:00:00,10,1,702.0,702.0,[702.0],1,['241368-webtirf']
7159,2025-07-05 23:00:00,10,1,538.0,538.0,[538.0],1,['241368-webtirf']
7159,2025-07-06 00:00:00,10,1,370.0,370.0,[370.0],1,['241368-webtirf']
7159,2025-07-06 01:00:00,9,1,223.0,223.0,[223.0],1,['241368-webtirf']
7159,2025-07-06 02:00:00,8,1,162.0,162.0,[162.0],1,['241368-webtirf']
7159,2025-07-06 03:00:00,5,1,140.0,140.0,[140.0],1,['241368-webtirf']
7159,2025-07-06 04:00:00,4,1,116.0,116.0,[116.0],1,['241368-webtirf']
7159,2025-07-06 05:00:00,3,1,173.0,173.0,[173.0],1,['241368-webtirf']
7159,2025-07-06 06:00:00,2,1,302.0,302.0,[302.0],1,['241368-webtirf']
7159,2025-08-14 21:00:00,5,1,702.0,702.0,[702.0],1,['245772-webtirf']
7159,2025-08-14 22:00:00,2,1,601.0,601.0,[601.0],1,['245772-webtirf']
7159,2025-08-14 23:00:00,2,1,378.0,378.0,[378.0],1,['245772-webtirf']
7159,2025-10-04 01:00:00,6,1,212.0,212.0,[212.0],1,['251575-webtirf']
7159,2025-10-21 00:00:00,2,2,32.0,168.0,"[32.0, 168.0]",1,['NO_INCIDENT']
7159,2025-11-13 22:00:00,6,1,651.0,651.0,[651.0],2,"['255658-webtirf', '255659-webtirf']"
7159,2025-11-13 23:00:00,5,1,455.0,455.0,[455.0],2,"['255658-webtirf', '255659-webtirf']"
7159,2025-11-14 00:00:00,5,1,278.0,278.0,[278.0],2,"['255658-webtirf', '255659-webtirf']"
7159,2025-11-14 01:00:00,5,1,166.0,166.0,[166.0],2,"['255658-webtirf', '255659-webtirf']"
7159,2025-11-14 02:00:00,5,1,134.0,134.0,[134.0],2,"['255658-webtirf', '255659-webtirf']"
7159,2025-11-14 03:00:00,5,1,152.0,152.0,[152.0],2,"['255658-webtirf', '255659-webtirf']"
7159,2025-11-14 04:00:00,5,1,282.0,282.0,[282.0],2,"['255658-webtirf', '255659-webtirf']"
7159,2025-11-14 05:00:00,5,1,645.0,645.0,[645.0],2,"['255658-webtirf', '255659-webtirf']"
7159,2025-11-14 06:00:00,5,1,1020.0,1020.0,[1020.0],2,"['255658-webtirf', '255659-webtirf']"
7159,2025-11-14 07:00:00,5,1,1185.0,1185.0,[1185.0],2,"['255658-webtirf', '255659-webtirf']"
7159,2025-11-14 08:00:00,5,1,985.0,985.0,[985.0],2,"['255658-webtirf', '255659-webtirf']"
7159,2025-11-14 09:00:00,5,1,1111.0,1111.0,[1111.0],2,"['255658-webtirf', '255659-webtirf']"
7159,2025-11-14 10:00:00,5,1,1288.0,1288.0,[1288.0],2,"['255658-webtirf', '255659-webtirf']"
7159,2025-11-14 11:00:00,5,1,1302.0,1302.0,[1302.0],2,"['255658-webtirf', '255659-webtirf']"
7159,2025-11-14 12:00:00,5,1,936.0,936.0,[936.0],2,"['255658-webtirf', '255659-webtirf']"
7159,2025-11-14 13:00:00,5,1,1103.0,1103.0,[1103.0],2,"['255658-webtirf', '255659-webtirf']"
7159,2025-11-14 14:00:00,5,1,1062.0,1062.0,[1062.0],2,"['255658-webtirf', '255659-webtirf']"
7159,2025-11-14 15:00:00,5,1,1257.0,1257.0,[1257.0],2,"['255658-webtirf', '255659-webtirf']"
7159,2025-11-14 16:00:00,5,1,1251.0,1251.0,[1251.0],2,"['255658-webtirf', '255659-webtirf']"
7159,2025-11-14 17:00:00,5,1,1321.0,1321.0,[1321.0],2,"['255658-webtirf', '255659-webtirf']"
7159,2025-11-14 18:00:00,5,1,1121.0,1121.0,[1121.0],2,"['255658-webtirf', '255659-webtirf']"
7159,2025-11-14 19:00:00,5,1,1003.0,1003.0,[1003.0],2,"['255658-webtirf', '255659-webtirf']"
7159,2025-11-14 20:00:00,5,1,891.0,891.0,[891.0],2,"['255658-webtirf', '255659-webtirf']"
7159,2025-11-14 21:00:00,5,1,831.0,831.0,[831.0],2,"['255658-webtirf', '255659-webtirf']"
7159,2025-12-21 04:00:00,2,1,163.0,163.0,[163.0],1,['259903-webtirf']
7161,2025-01-14 21:00:00,2,1,510.0,510.0,[510.0],1,['220572-webtirf']
7161,2025-01-26 06:00:00,2,1,220.0,220.0,[220.0],1,['221908-webtirf']
7161,2025-03-16 19:00:00,2,1,913.0,913.0,[913.0],1,['227674-webtirf']
7161,2025-03-17 02:00:00,2,1,72.0,72.0,[72.0],1,['227732-webtirf']
7161,2025-03-26 02:00:00,5,1,76.0,76.0,[76.0],1,['228703-webtirf']
7161,2025-03-26 03:00:00,2,1,78.0,78.0,[78.0],1,['228703-webtirf']
7161,2025-04-01 15:00:00,2,1,1682.0,1682.0,[1682.0],1,['229878-webtirf']
7161,2025-04-01 16:00:00,2,1,1625.0,1625.0,[1625.0],1,['229878-webtirf']
7161,2025-04-01 17:00:00,2,1,1729.0,1729.0,[1729.0],1,['229878-webtirf']
7161,2025-04-01 18:00:00,2,1,1290.0,1290.0,[1290.0],1,['229878-webtirf']
7161,2025-04-01 19:00:00,2,1,889.0,889.0,[889.0],1,['229878-webtirf']
7161,2025-04-01 20:00:00,2,1,713.0,713.0,[713.0],1,['229878-webtirf']
7161,2025-04-01 21:00:00,2,1,612.0,612.0,[612.0],1,['229878-webtirf']
7161,2025-04-01 22:00:00,2,1,440.0,440.0,[440.0],1,['229878-webtirf']
7161,2025-04-01 23:00:00,2,1,210.0,210.0,[210.0],1,['229878-webtirf']
7161,2025-04-03 00:00:00,2,1,0.0,0.0,[0.0],1,['229878-webtirf']
7161,2025-04-03 01:00:00,2,1,0.0,0.0,[0.0],1,['229878-webtirf']
7161,2025-04-03 02:00:00,2,1,0.0,0.0,[0.0],1,['229878-webtirf']
7161,2025-04-03 03:00:00,2,1,0.0,0.0,[0.0],1,['229878-webtirf']
7161,2025-04-03 04:00:00,2,1,51.0,51.0,[51.0],1,['229878-webtirf']
7161,2025-04-03 05:00:00,2,1,163.0,163.0,[163.0],1,['229878-webtirf']
7161,2025-04-03 06:00:00,2,1,264.0,264.0,[264.0],1,['229878-webtirf']
7161,2025-04-03 07:00:00,2,1,388.0,388.0,[388.0],1,['229878-webtirf']
7161,2025-04-03 08:00:00,2,1,314.0,314.0,[314.0],1,['229878-webtirf']
7161,2025-04-03 09:00:00,2,1,230.0,230.0,[230.0],1,['229878-webtirf']
7161,2025-04-03 10:00:00,2,1,216.0,216.0,[216.0],1,['229878-webtirf']
7161,2025-04-03 11:00:00,2,1,198.0,198.0,[198.0],1,['229878-webtirf']
7161,2025-04-03 12:00:00,2,1,246.0,246.0,[246.0],1,['229878-webtirf']
7161,2025-04-03 13:00:00,2,1,250.0,250.0,[250.0],1,['229878-webtirf']
7161,2025-04-03 14:00:00,2,1,295.0,295.0,[295.0],1,['229878-webtirf']
7161,2025-04-03 15:00:00,2,1,348.0,348.0,[348.0],1,['229878-webtirf']
7161,2025-04-03 16:00:00,2,1,415.0,415.0,[415.0],1,['229878-webtirf']
7161,2025-04-03 17:00:00,2,1,0.0,0.0,[0.0],1,['229878-webtirf']
7161,2025-04-03 18:00:00,2,1,0.0,0.0,[0.0],1,['229878-webtirf']
7161,2025-04-03 19:00:00,2,1,0.0,0.0,[0.0],1,['229878-webtirf']
7161,2025-04-03 20:00:00,2,1,0.0,0.0,[0.0],1,['229878-webtirf']
7161,2025-04-03 21:00:00,2,1,0.0,0.0,[0.0],1,['229878-webtirf']
7161,2025-04-03 22:00:00,2,1,0.0,0.0,[0.0],1,['229878-webtirf']
7161,2025-04-03 23:00:00,2,1,0.0,0.0,[0.0],1,['229878-webtirf']
7161,2025-04-04 00:00:00,2,1,0.0,0.0,[0.0],1,['229878-webtirf']
7161,2025-04-04 01:00:00,2,1,0.0,0.0,[0.0],1,['229878-webtirf']
7161,2025-04-04 02:00:00,2,1,0.0,0.0,[0.0],1,['229878-webtirf']
7161,2025-04-04 03:00:00,2,1,0.0,0.0,[0.0],1,['229878-webtirf']
7161,2025-04-04 04:00:00,2,1,175.0,175.0,[175.0],1,['229878-webtirf']
7161,2025-04-04 05:00:00,2,1,407.0,407.0,[407.0],1,['229878-webtirf']
7161,2025-04-04 06:00:00,2,1,720.0,720.0,[720.0],1,['229878-webtirf']
7161,2025-04-04 07:00:00,2,1,1115.0,1115.0,[1115.0],1,['229878-webtirf']
7161,2025-04-04 08:00:00,2,1,1106.0,1106.0,[1106.0],1,['229878-webtirf']
7161,2025-04-04 09:00:00,2,1,950.0,950.0,[950.0],1,['229878-webtirf']
7161,2025-04-04 10:00:00,2,1,892.0,892.0,[892.0],1,['229878-webtirf']
7161,2025-04-04 11:00:00,2,1,839.0,839.0,[839.0],1,['229878-webtirf']
7161,2025-04-04 12:00:00,2,1,959.0,959.0,[959.0],1,['229878-webtirf']
7161,2025-04-04 13:00:00,2,1,974.0,974.0,[974.0],1,['229878-webtirf']
7161,2025-04-04 14:00:00,2,1,1073.0,1073.0,[1073.0],1,['229878-webtirf']
7161,2025-04-04 15:00:00,2,1,1187.0,1187.0,[1187.0],1,['229878-webtirf']
7161,2025-04-04 16:00:00,2,1,1302.0,1302.0,[1302.0],1,['229878-webtirf']
7161,2025-04-04 17:00:00,2,1,1430.0,1430.0,[1430.0],1,['229878-webtirf']
7161,2025-04-04 18:00:00,2,1,1131.0,1131.0,[1131.0],1,['229878-webtirf']
7161,2025-04-09 03:00:00,2,1,62.0,62.0,[62.0],1,['230815-webtirf']
7161,2025-04-10 05:00:00,2,1,628.0,628.0,[628.0],1,['230973-webtirf']
7161,2025-05-05 01:00:00,4,1,125.0,125.0,[125.0],1,['233547-webtirf']
7161,2025-05-16 02:00:00,4,1,65.0,65.0,[65.0],1,['234788-webtirf']
7161,2025-05-27 02:00:00,5,1,51.0,51.0,[51.0],1,['237051-webtirf']
7161,2025-06-09 09:00:00,2,1,354.0,354.0,[354.0],1,['238471-webtirf']
7161,2025-06-12 06:00:00,3,1,1053.0,1053.0,[1053.0],1,['238811-webtirf']
7161,2025-06-18 02:00:00,3,1,55.0,55.0,[55.0],1,['239375-webtirf']
7161,2025-06-27 08:00:00,3,1,1323.0,1323.0,[1323.0],1,['240402-webtirf']
7161,2025-07-08 08:00:00,2,1,1306.0,1306.0,[1306.0],1,['241623-webtirf']
7161,2025-07-09 22:00:00,3,1,445.0,445.0,[445.0],1,['241754-webtirf']
7161,2025-07-10 21:00:00,2,1,569.0,569.0,[569.0],1,['241884-webtirf']
7161,2025-07-15 16:00:00,2,1,1653.0,1653.0,[1653.0],1,['242339-webtirf']
7161,2025-07-24 00:00:00,3,1,112.0,112.0,[112.0],1,['243103-webtirf']
7161,2025-07-24 02:00:00,2,1,77.0,77.0,[77.0],1,['243114-webtirf']
7161,2025-07-24 06:00:00,2,1,1063.0,1063.0,[1063.0],1,['243159-webtirf']
7161,2025-08-02 08:00:00,2,1,760.0,760.0,[760.0],1,['244192-webtirf']
7161,2025-09-02 10:00:00,4,1,1060.0,1060.0,[1060.0],1,['248015-webtirf']
7161,2025-10-03 08:00:00,9,1,1198.0,1198.0,[1198.0],1,['251539-webtirf']
7161,2025-10-03 09:00:00,7,1,1163.0,1163.0,[1163.0],1,['251539-webtirf']
7161,2025-10-03 10:00:00,5,1,1158.0,1158.0,[1158.0],1,['251539-webtirf']
7161,2025-10-03 11:00:00,3,1,1221.0,1221.0,[1221.0],1,['251539-webtirf']
7161,2025-10-03 12:00:00,2,1,1348.0,1348.0,[1348.0],1,['251539-webtirf']
7161,2025-10-03 13:00:00,2,1,1273.0,1273.0,[1273.0],1,['251539-webtirf']
7161,2025-10-09 06:00:00,2,1,1004.0,1004.0,[1004.0],1,['252059-webtirf']
7161,2025-10-27 12:00:00,3,1,1059.0,1059.0,[1059.0],1,['253922-webtirf']
7161,2025-11-07 22:00:00,2,1,610.0,610.0,[610.0],1,['255095-webtirf']
7161,2025-11-27 22:00:00,3,1,509.0,509.0,[509.0],1,['257352-webtirf']
7161,2025-11-28 07:00:00,2,1,1302.0,1302.0,[1302.0],1,['257484-webtirf']
7161,2025-12-08 07:00:00,4,1,1499.0,1499.0,[1499.0],1,['258522-webtirf']
7161,2025-12-13 23:00:00,2,1,434.0,434.0,[434.0],1,['259188-webtirf']
7161,2025-12-18 07:00:00,2,1,1320.0,1320.0,[1320.0],1,['259637-webtirf']
7161,2025-12-19 20:00:00,2,1,746.0,746.0,[746.0],1,['259792-webtirf']
7161,2025-12-20 04:00:00,2,1,142.0,142.0,[142.0],1,['259832-webtirf']
7161,2025-12-30 07:00:00,2,1,463.0,463.0,[463.0],1,['260529-webtirf']
7161,2025-12-30 18:00:00,5,1,968.0,968.0,[968.0],1,['260547-webtirf']
7161,2025-12-30 19:00:00,3,1,736.0,736.0,[736.0],1,['260547-webtirf']
7162,2025-06-20 06:00:00,2,1,865.0,865.0,[865.0],1,['239657-webtirf']
7162,2025-10-21 00:00:00,2,2,11.0,50.0,"[11.0, 50.0]",1,['NO_INCIDENT']
7162,2025-11-12 04:00:00,5,1,271.0,271.0,[271.0],1,['255472-webtirf']
7162,2025-11-12 05:00:00,3,1,574.0,574.0,[574.0],1,['255472-webtirf']
7162,2025-11-12 06:00:00,3,1,916.0,916.0,[916.0],1,['255472-webtirf']
7162,2025-11-12 07:00:00,2,1,1450.0,1450.0,[1450.0],1,['255472-webtirf']
7162,2025-11-27 03:00:00,3,1,73.0,73.0,[73.0],1,['257241-webtirf']
7162,2025-12-17 02:00:00,6,1,42.0,42.0,[42.0],1,['259475-webtirf']
7163,2025-01-06 03:00:00,2,1,69.0,69.0,[69.0],1,['219668-webtirf']
7163,2025-01-06 22:00:00,2,1,439.0,439.0,[439.0],1,['219761-webtirf']
7163,2025-01-21 11:00:00,2,1,712.0,712.0,[712.0],1,['221512-webtirf']
7163,2025-03-12 14:00:00,2,1,694.0,694.0,[694.0],1,['227282-webtirf']
7163,2025-03-19 01:00:00,2,1,60.0,60.0,[60.0],1,['227935-webtirf']
7163,2025-03-19 02:00:00,2,1,62.0,62.0,[62.0],1,['227935-webtirf']
7163,2025-03-19 03:00:00,2,1,69.0,69.0,[69.0],1,['227935-webtirf']
7163,2025-03-19 04:00:00,2,1,112.0,112.0,[112.0],1,['227935-webtirf']
7163,2025-03-19 05:00:00,2,1,326.0,326.0,[326.0],1,['227935-webtirf']
7163,2025-03-19 06:00:00,2,1,810.0,810.0,[810.0],1,['227935-webtirf']
7163,2025-03-19 07:00:00,2,1,698.0,698.0,[698.0],1,['227935-webtirf']
7163,2025-03-19 08:00:00,2,1,519.0,519.0,[519.0],1,['227935-webtirf']
7163,2025-03-19 09:00:00,2,1,884.0,884.0,[884.0],1,['227935-webtirf']
7163,2025-03-19 10:00:00,2,1,755.0,755.0,[755.0],1,['227935-webtirf']
7163,2025-03-19 11:00:00,2,1,734.0,734.0,[734.0],1,['227935-webtirf']
7163,2025-03-19 12:00:00,2,1,666.0,666.0,[666.0],1,['227935-webtirf']
7163,2025-03-19 13:00:00,2,1,745.0,745.0,[745.0],1,['227935-webtirf']
7163,2025-03-19 14:00:00,2,1,705.0,705.0,[705.0],1,['227935-webtirf']
7163,2025-03-19 15:00:00,2,1,701.0,701.0,[701.0],1,['227935-webtirf']
7163,2025-03-19 16:00:00,2,1,765.0,765.0,[765.0],1,['227935-webtirf']
7163,2025-03-19 17:00:00,2,1,726.0,726.0,[726.0],1,['227935-webtirf']
7163,2025-03-19 18:00:00,2,1,735.0,735.0,[735.0],1,['227935-webtirf']
7163,2025-03-19 19:00:00,2,1,560.0,560.0,[560.0],1,['227935-webtirf']
7163,2025-03-19 20:00:00,2,1,490.0,490.0,[490.0],1,['227935-webtirf']
7163,2025-03-19 21:00:00,2,1,462.0,462.0,[462.0],1,['227935-webtirf']
7163,2025-03-19 22:00:00,2,1,337.0,337.0,[337.0],1,['227935-webtirf']
7163,2025-03-19 23:00:00,2,1,185.0,185.0,[185.0],1,['227935-webtirf']
7163,2025-03-20 00:00:00,2,1,122.0,122.0,[122.0],1,['227935-webtirf']
7163,2025-03-20 01:00:00,3,1,75.0,75.0,[75.0],1,['228040.0-webtirf']
7163,2025-03-20 02:00:00,3,1,75.0,75.0,[75.0],1,['228040.0-webtirf']
7163,2025-03-20 03:00:00,3,1,67.0,67.0,[67.0],1,['228040.0-webtirf']
7163,2025-03-20 04:00:00,3,1,114.0,114.0,[114.0],1,['228040.0-webtirf']
7163,2025-03-20 05:00:00,3,1,364.0,364.0,[364.0],1,['228040.0-webtirf']
7163,2025-03-20 06:00:00,3,1,782.0,782.0,[782.0],1,['228040.0-webtirf']
7163,2025-03-20 07:00:00,3,1,762.0,762.0,[762.0],1,['228040.0-webtirf']
7163,2025-03-20 08:00:00,3,1,593.0,593.0,[593.0],1,['228040.0-webtirf']
7163,2025-03-20 09:00:00,3,1,851.0,851.0,[851.0],1,['228040.0-webtirf']
7163,2025-03-20 10:00:00,3,1,810.0,810.0,[810.0],1,['228040.0-webtirf']
7163,2025-03-20 11:00:00,3,1,769.0,769.0,[769.0],1,['228040.0-webtirf']
7163,2025-03-20 12:00:00,3,1,738.0,738.0,[738.0],1,['228040.0-webtirf']
7163,2025-03-20 13:00:00,3,1,660.0,660.0,[660.0],1,['228040.0-webtirf']
7163,2025-03-20 14:00:00,3,1,732.0,732.0,[732.0],1,['228040.0-webtirf']
7163,2025-03-20 15:00:00,3,1,714.0,714.0,[714.0],1,['228040.0-webtirf']
7163,2025-03-20 16:00:00,3,1,717.0,717.0,[717.0],1,['228040.0-webtirf']
7163,2025-03-20 17:00:00,3,1,741.0,741.0,[741.0],1,['228040.0-webtirf']
7163,2025-03-20 18:00:00,3,1,743.0,743.0,[743.0],1,['228040.0-webtirf']
7163,2025-03-20 19:00:00,3,1,610.0,610.0,[610.0],1,['228040.0-webtirf']
7163,2025-03-20 20:00:00,3,1,529.0,529.0,[529.0],1,['228040.0-webtirf']
7163,2025-03-20 21:00:00,3,1,500.0,500.0,[500.0],1,['228040.0-webtirf']
7163,2025-03-20 22:00:00,3,1,363.0,363.0,[363.0],1,['228040.0-webtirf']
7163,2025-03-20 23:00:00,3,1,252.0,252.0,[252.0],1,['228040.0-webtirf']
7163,2025-03-21 00:00:00,3,1,158.0,158.0,[158.0],1,['228040.0-webtirf']
7163,2025-03-24 03:00:00,2,1,129.0,129.0,[129.0],1,['228505-webtirf']
7163,2025-04-04 04:00:00,3,1,0.0,0.0,[0.0],1,['230351-webtirf']
7163,2025-04-25 05:00:00,2,1,140.0,140.0,[140.0],1,['232506-webtirf']
7163,2025-04-26 11:00:00,4,1,858.0,858.0,[858.0],1,['232617-webtirf']
7163,2025-04-27 23:00:00,3,1,136.0,136.0,[136.0],1,['232763-webtirf']
7163,2025-04-29 00:00:00,3,1,141.0,141.0,[141.0],1,['232896-webtirf']
7163,2025-05-05 04:00:00,3,1,120.0,120.0,[120.0],1,['233568-webtirf']
7163,2025-05-13 10:00:00,3,1,697.0,697.0,[697.0],1,['234472-webtirf']
7163,2025-05-17 07:00:00,3,1,480.0,480.0,[480.0],1,['234913-webtirf']
7163,2025-06-12 22:00:00,3,1,370.0,370.0,[370.0],1,['238852-webtirf']
7163,2025-06-15 02:00:00,3,1,182.0,182.0,[182.0],1,['239062-webtirf']
7163,2025-07-15 06:00:00,3,1,0.0,0.0,[0.0],1,['242307-webtirf']
7163,2025-07-15 22:00:00,3,1,159.0,159.0,[159.0],1,['242362-webtirf']
7163,2025-07-16 08:00:00,2,1,508.0,508.0,[508.0],1,['242427-webtirf']
7163,2025-07-16 20:00:00,2,1,428.0,428.0,[428.0],1,['242436-webtirf']
7163,2025-07-28 03:00:00,4,1,64.0,64.0,[64.0],1,['243569-webtirf']
7163,2025-08-01 09:00:00,2,1,678.0,678.0,[678.0],1,['244075-webtirf']
7163,2025-08-09 15:00:00,2,1,831.0,831.0,[831.0],1,['245194-webtirf']
7163,2025-08-13 00:00:00,4,1,182.0,182.0,[182.0],2,"['245539-webtirf', '245544-webtirf']"
7163,2025-08-13 01:00:00,2,1,124.0,124.0,[124.0],1,['245539-webtirf']
7163,2025-08-13 02:00:00,2,1,110.0,110.0,[110.0],1,['245539-webtirf']
7163,2025-08-13 03:00:00,2,1,168.0,168.0,[168.0],1,['245539-webtirf']
7163,2025-08-13 04:00:00,2,1,208.0,208.0,[208.0],1,['245539-webtirf']
7163,2025-08-13 05:00:00,2,1,326.0,326.0,[326.0],1,['245539-webtirf']
7163,2025-08-13 06:00:00,2,1,691.0,691.0,[691.0],1,['245539-webtirf']
7163,2025-08-13 07:00:00,2,1,789.0,789.0,[789.0],1,['245539-webtirf']
7163,2025-08-13 08:00:00,2,1,513.0,513.0,[513.0],1,['245539-webtirf']
7163,2025-08-13 09:00:00,2,1,759.0,759.0,[759.0],1,['245539-webtirf']
7163,2025-08-13 10:00:00,2,1,750.0,750.0,[750.0],1,['245539-webtirf']
7163,2025-08-13 11:00:00,2,1,741.0,741.0,[741.0],1,['245539-webtirf']
7163,2025-08-13 12:00:00,2,1,773.0,773.0,[773.0],1,['245539-webtirf']
7163,2025-08-13 13:00:00,2,1,759.0,759.0,[759.0],1,['245539-webtirf']
7163,2025-08-13 14:00:00,2,1,728.0,728.0,[728.0],1,['245539-webtirf']
7163,2025-08-13 15:00:00,2,1,731.0,731.0,[731.0],1,['245539-webtirf']
7163,2025-08-13 16:00:00,2,1,756.0,756.0,[756.0],1,['245539-webtirf']
7163,2025-08-13 17:00:00,2,1,707.0,707.0,[707.0],1,['245539-webtirf']
7163,2025-08-13 18:00:00,2,1,693.0,693.0,[693.0],1,['245539-webtirf']
7163,2025-08-13 19:00:00,2,1,539.0,539.0,[539.0],1,['245539-webtirf']
7163,2025-08-13 20:00:00,2,1,443.0,443.0,[443.0],1,['245539-webtirf']
7163,2025-08-13 21:00:00,2,1,451.0,451.0,[451.0],1,['245539-webtirf']
7163,2025-08-13 22:00:00,2,1,285.0,285.0,[285.0],1,['245539-webtirf']
7163,2025-08-13 23:00:00,2,1,205.0,205.0,[205.0],1,['245539-webtirf']
7163,2025-08-14 21:00:00,4,1,442.0,442.0,[442.0],1,['245773-webtirf']
7163,2025-08-18 02:00:00,2,1,40.0,40.0,[40.0],1,['246026-webtirf']
7163,2025-08-27 02:00:00,3,1,75.0,75.0,[75.0],1,['247372-webtirf']
7163,2025-09-02 23:00:00,3,1,146.0,146.0,[146.0],1,['248041-webtirf']
7163,2025-09-08 06:00:00,2,1,724.0,724.0,[724.0],1,['248574-webtirf']
7163,2025-09-11 05:00:00,7,1,320.0,320.0,[320.0],1,['249226-webtirf']
7163,2025-09-21 22:00:00,2,1,226.0,226.0,[226.0],1,['250235-webtirf']
7163,2025-09-25 11:00:00,10,1,757.0,757.0,[757.0],2,"['250700-webtirf', '250700.0-webtirf']"
7163,2025-09-25 12:00:00,8,1,736.0,736.0,[736.0],2,"['250700-webtirf', '250700.0-webtirf']"
7163,2025-09-25 13:00:00,6,1,734.0,734.0,[734.0],2,"['250700-webtirf', '250700.0-webtirf']"
7163,2025-09-25 14:00:00,2,1,707.0,707.0,[707.0],2,"['250700-webtirf', '250700.0-webtirf']"
7163,2025-09-25 15:00:00,2,1,707.0,707.0,[707.0],2,"['250700-webtirf', '250700.0-webtirf']"
7163,2025-09-29 00:00:00,2,1,81.0,81.0,[81.0],1,['250974-webtirf']
7163,2025-09-29 01:00:00,2,1,61.0,61.0,[61.0],1,['250974-webtirf']
7163,2025-09-29 02:00:00,2,1,45.0,45.0,[45.0],1,['250974-webtirf']
7163,2025-09-29 03:00:00,2,1,63.0,63.0,[63.0],1,['250974-webtirf']
7163,2025-09-29 04:00:00,2,1,124.0,124.0,[124.0],1,['250974-webtirf']
7163,2025-09-29 05:00:00,2,1,357.0,357.0,[357.0],1,['250974-webtirf']
7163,2025-09-29 06:00:00,2,1,719.0,719.0,[719.0],1,['250974-webtirf']
7163,2025-09-29 07:00:00,2,1,714.0,714.0,[714.0],1,['250974-webtirf']
7163,2025-09-29 08:00:00,2,1,738.0,738.0,[738.0],1,['250974-webtirf']
7163,2025-09-29 09:00:00,2,1,647.0,647.0,[647.0],1,['250974-webtirf']
7163,2025-09-29 10:00:00,2,1,665.0,665.0,[665.0],1,['250974-webtirf']
7163,2025-09-29 11:00:00,2,1,705.0,705.0,[705.0],1,['250974-webtirf']
7163,2025-09-29 12:00:00,2,1,691.0,691.0,[691.0],1,['250974-webtirf']
7163,2025-09-29 13:00:00,2,1,647.0,647.0,[647.0],1,['250974-webtirf']
7163,2025-09-29 14:00:00,2,1,634.0,634.0,[634.0],1,['250974-webtirf']
7163,2025-09-29 15:00:00,2,1,706.0,706.0,[706.0],1,['250974-webtirf']
7163,2025-09-29 16:00:00,2,1,638.0,638.0,[638.0],1,['250974-webtirf']
7163,2025-09-29 17:00:00,2,1,661.0,661.0,[661.0],1,['250974-webtirf']
7163,2025-09-29 18:00:00,2,1,567.0,567.0,[567.0],1,['250974-webtirf']
7163,2025-09-29 19:00:00,2,1,468.0,468.0,[468.0],1,['250974-webtirf']
7163,2025-09-29 20:00:00,2,1,394.0,394.0,[394.0],1,['250974-webtirf']
7163,2025-09-29 21:00:00,2,1,311.0,311.0,[311.0],1,['250974-webtirf']
7163,2025-09-29 22:00:00,2,1,217.0,217.0,[217.0],1,['250974-webtirf']
7163,2025-09-29 23:00:00,2,1,137.0,137.0,[137.0],1,['250974-webtirf']
7163,2025-10-08 06:00:00,2,1,785.0,785.0,[785.0],1,['251924-webtirf']
7163,2025-10-14 00:00:00,16,1,81.0,81.0,[81.0],1,['252493-webtirf']
7163,2025-10-14 01:00:00,13,1,53.0,53.0,[53.0],1,['252493-webtirf']
7163,2025-10-14 02:00:00,9,1,51.0,51.0,[51.0],1,['252493-webtirf']
7163,2025-10-14 03:00:00,6,1,57.0,57.0,[57.0],1,['252493-webtirf']
7163,2025-10-19 08:00:00,5,1,469.0,469.0,[469.0],1,['253105-webtirf']
7163,2025-10-21 00:00:00,2,2,12.0,65.0,"[12.0, 65.0]",1,['NO_INCIDENT']
7163,2025-10-21 06:00:00,2,1,855.0,855.0,[855.0],1,['253301-webtirf']
7163,2025-10-22 05:00:00,6,1,364.0,364.0,[364.0],2,"['253437-webtirf', '253439-webtirf']"
7163,2025-10-22 06:00:00,6,1,872.0,872.0,[872.0],2,"['253437-webtirf', '253439-webtirf']"
7163,2025-10-22 07:00:00,6,1,730.0,730.0,[730.0],2,"['253437-webtirf', '253439-webtirf']"
7163,2025-10-22 08:00:00,6,1,456.0,456.0,[456.0],2,"['253437-webtirf', '253439-webtirf']"
7163,2025-10-22 09:00:00,6,1,739.0,739.0,[739.0],2,"['253437-webtirf', '253439-webtirf']"
7163,2025-10-22 10:00:00,6,1,795.0,795.0,[795.0],2,"['253437-webtirf', '253439-webtirf']"
7163,2025-10-22 11:00:00,6,1,731.0,731.0,[731.0],2,"['253437-webtirf', '253439-webtirf']"
7163,2025-10-22 12:00:00,6,1,721.0,721.0,[721.0],2,"['253437-webtirf', '253439-webtirf']"
7163,2025-10-22 13:00:00,6,1,702.0,702.0,[702.0],2,"['253437-webtirf', '253439-webtirf']"
7163,2025-10-22 14:00:00,6,1,698.0,698.0,[698.0],2,"['253437-webtirf', '253439-webtirf']"
7163,2025-10-22 15:00:00,6,1,689.0,689.0,[689.0],2,"['253437-webtirf', '253439-webtirf']"
7163,2025-10-22 16:00:00,6,1,720.0,720.0,[720.0],2,"['253437-webtirf', '253439-webtirf']"
7163,2025-10-22 17:00:00,6,1,719.0,719.0,[719.0],2,"['253437-webtirf', '253439-webtirf']"
7163,2025-10-22 18:00:00,6,1,703.0,703.0,[703.0],2,"['253437-webtirf', '253439-webtirf']"
7163,2025-10-22 19:00:00,6,1,546.0,546.0,[546.0],2,"['253437-webtirf', '253439-webtirf']"
7163,2025-10-22 20:00:00,6,1,475.0,475.0,[475.0],2,"['253437-webtirf', '253439-webtirf']"
7163,2025-10-22 21:00:00,6,1,468.0,468.0,[468.0],2,"['253437-webtirf', '253439-webtirf']"
7163,2025-10-22 22:00:00,6,1,322.0,322.0,[322.0],2,"['253437-webtirf', '253439-webtirf']"
7163,2025-10-22 23:00:00,6,1,226.0,226.0,[226.0],2,"['253437-webtirf', '253439-webtirf']"
7163,2025-10-23 00:00:00,6,1,103.0,103.0,[103.0],2,"['253437-webtirf', '253439-webtirf']"
7163,2025-10-23 01:00:00,6,1,64.0,64.0,[64.0],2,"['253437-webtirf', '253439-webtirf']"
7163,2025-10-23 02:00:00,6,1,71.0,71.0,[71.0],2,"['253437-webtirf', '253439-webtirf']"
7163,2025-10-23 03:00:00,6,1,76.0,76.0,[76.0],2,"['253437-webtirf', '253439-webtirf']"
7163,2025-10-23 04:00:00,6,1,130.0,130.0,[130.0],2,"['253437-webtirf', '253439-webtirf']"
7163,2025-11-09 07:00:00,2,1,272.0,272.0,[272.0],1,['255181-webtirf']
7163,2025-11-10 04:00:00,3,1,136.0,136.0,[136.0],1,['255262-webtirf']
7163,2025-11-10 20:00:00,3,1,406.0,406.0,[406.0],2,"['255262-webtirf', '255299-webtirf']"
7163,2025-11-18 21:00:00,2,1,462.0,462.0,[462.0],1,['256147-webtirf']
7163,2025-11-25 20:00:00,2,1,493.0,493.0,[493.0],1,['256948-webtirf']
7163,2025-11-25 21:00:00,2,1,418.0,418.0,[418.0],1,['256949-webtirf']
7163,2025-12-01 06:00:00,4,1,812.0,812.0,[812.0],1,['257775-webtirf']
7163,2025-12-01 07:00:00,2,1,688.0,688.0,[688.0],1,['257775-webtirf']
7163,2025-12-01 08:00:00,2,1,495.0,495.0,[495.0],1,['257775-webtirf']
7163,2025-12-01 09:00:00,2,1,381.0,381.0,[381.0],1,['257775-webtirf']
7163,2025-12-01 10:00:00,2,1,627.0,627.0,[627.0],1,['257775-webtirf']
7163,2025-12-01 11:00:00,2,1,721.0,721.0,[721.0],1,['257775-webtirf']
7163,2025-12-01 12:00:00,2,1,720.0,720.0,[720.0],1,['257775-webtirf']
7163,2025-12-01 13:00:00,2,1,675.0,675.0,[675.0],1,['257775-webtirf']
7163,2025-12-01 14:00:00,2,1,746.0,746.0,[746.0],1,['257775-webtirf']
7163,2025-12-01 15:00:00,2,1,728.0,728.0,[728.0],1,['257775-webtirf']
7163,2025-12-01 16:00:00,2,1,696.0,696.0,[696.0],1,['257775-webtirf']
7163,2025-12-01 17:00:00,2,1,707.0,707.0,[707.0],1,['257775-webtirf']
7163,2025-12-01 18:00:00,2,1,639.0,639.0,[639.0],1,['257775-webtirf']
7163,2025-12-01 19:00:00,2,1,501.0,501.0,[501.0],1,['257775-webtirf']
7163,2025-12-01 20:00:00,2,1,393.0,393.0,[393.0],1,['257775-webtirf']
7163,2025-12-01 21:00:00,2,1,359.0,359.0,[359.0],1,['257775-webtirf']
7163,2025-12-01 22:00:00,2,1,293.0,293.0,[293.0],1,['257775-webtirf']
7163,2025-12-01 23:00:00,2,1,147.0,147.0,[147.0],1,['257775-webtirf']
7163,2025-12-02 00:00:00,2,1,109.0,109.0,[109.0],1,['257775-webtirf']
7163,2025-12-02 01:00:00,2,1,62.0,62.0,[62.0],1,['257775-webtirf']
7163,2025-12-02 02:00:00,2,1,60.0,60.0,[60.0],1,['257775-webtirf']
7163,2025-12-02 03:00:00,2,1,63.0,63.0,[63.0],1,['257775-webtirf']
7163,2025-12-02 04:00:00,2,1,137.0,137.0,[137.0],1,['257775-webtirf']
7163,2025-12-02 05:00:00,2,1,362.0,362.0,[362.0],1,['257775-webtirf']
7163,2025-12-23 00:00:00,5,1,96.0,96.0,[96.0],1,['260112-webtirf']
7163,2025-12-23 03:00:00,3,1,58.0,58.0,[58.0],1,['260138-webtirf']
7163,2025-12-29 11:00:00,2,1,478.0,478.0,[478.0],1,['260472-webtirf']
7164,2025-01-08 02:00:00,3,1,43.0,43.0,[43.0],1,['219890.0-webtirf']
7164,2025-03-12 06:00:00,2,1,647.0,647.0,[647.0],1,['227258-webtirf']
7164,2025-03-13 04:00:00,2,1,0.0,0.0,[0.0],1,['227368-webtirf']
7164,2025-04-08 06:00:00,2,1,786.0,786.0,[786.0],1,['230715-webtirf']
7164,2025-04-09 11:00:00,2,1,561.0,561.0,[561.0],1,['230878-webtirf']
7164,2025-05-17 03:00:00,2,1,68.0,68.0,[68.0],1,['234894-webtirf']
7164,2025-06-18 19:00:00,2,1,384.0,384.0,[384.0],1,['239454-webtirf']
7164,2025-06-23 00:00:00,3,1,116.0,116.0,[116.0],1,['239856-webtirf']
7164,2025-07-06 14:00:00,3,1,630.0,630.0,[630.0],1,['241463-webtirf']
7164,2025-08-13 22:00:00,3,1,272.0,272.0,[272.0],1,['245626-webtirf']
7164,2025-08-28 00:00:00,4,1,105.0,105.0,[105.0],1,['247466-webtirf']
7164,2025-08-28 08:00:00,3,1,1181.0,1181.0,[1181.0],1,['247551-webtirf']
7164,2025-08-31 05:00:00,3,1,109.0,109.0,[109.0],1,['247764-webtirf']
7164,2025-09-15 04:00:00,8,1,108.0,108.0,[108.0],1,['249587-webtirf']
7164,2025-09-15 05:00:00,4,1,334.0,334.0,[334.0],1,['249587-webtirf']
7164,2025-10-19 02:00:00,4,1,113.0,113.0,[113.0],1,['253084-webtirf']
7164,2025-10-19 03:00:00,2,1,68.0,68.0,[68.0],1,['253084-webtirf']
7164,2025-10-21 00:00:00,2,2,31.0,126.0,"[31.0, 126.0]",1,['NO_INCIDENT']
7168,2025-01-01 11:00:00,2,1,91.0,91.0,[91.0],1,['219440.0-webtirf']
7168,2025-03-10 21:00:00,2,1,126.0,126.0,[126.0],1,['226987-webtirf']
7168,2025-03-19 04:00:00,3,1,33.0,33.0,[33.0],1,['227958-webtirf']
7168,2025-04-10 22:00:00,3,1,233.0,233.0,[233.0],1,['231043-webtirf']
7168,2025-04-19 06:00:00,2,1,150.0,150.0,[150.0],1,['231925-webtirf']
7168,2025-05-07 06:00:00,2,1,545.0,545.0,[545.0],1,['233846-webtirf']
7168,2025-05-08 09:00:00,2,1,553.0,553.0,[553.0],1,['233993-webtirf']
7168,2025-06-12 07:00:00,8,1,544.0,544.0,[544.0],1,['238824-webtirf']
7168,2025-09-15 06:00:00,6,1,507.0,507.0,[507.0],1,['249614-webtirf']
7168,2025-10-27 02:00:00,2,1,40.0,40.0,[40.0],1,['253855-webtirf']
7168,2025-11-05 17:00:00,7,1,1190.0,1190.0,[1190.0],1,['254826-webtirf']
7168,2025-11-05 18:00:00,5,1,825.0,825.0,[825.0],1,['254826-webtirf']
7168,2025-11-05 19:00:00,2,1,433.0,433.0,[433.0],1,['254826-webtirf']
7168,2025-11-18 06:00:00,3,1,528.0,528.0,[528.0],1,['256112-webtirf']
7168,2025-12-02 20:00:00,5,1,358.0,358.0,[358.0],1,['257922-webtirf']
7168,2025-12-03 05:00:00,4,1,263.0,263.0,[263.0],2,"['258010-webtirf', '258010.0-webtirf']"
7168,2025-12-04 01:00:00,2,1,49.0,49.0,[49.0],1,['258082-webtirf']
7168,2025-12-09 18:00:00,3,1,660.0,660.0,[660.0],1,['258657-webtirf']
7168,2025-12-14 21:00:00,8,1,284.0,284.0,[284.0],1,['259239-webtirf']
7168,2025-12-14 22:00:00,2,1,221.0,221.0,[221.0],1,['259239-webtirf']
7168,2025-12-14 23:00:00,2,1,166.0,166.0,[166.0],1,['259239-webtirf']
7168,2025-12-15 00:00:00,2,1,13.0,13.0,[13.0],1,['259239-webtirf']
7179,2025-01-02 03:00:00,2,1,263.0,263.0,[263.0],1,['219481-webtirf']
7179,2025-01-05 21:00:00,3,1,1202.0,1202.0,[1202.0],1,['219630.0-webtirf']
7179,2025-01-05 22:00:00,3,1,946.0,946.0,[946.0],1,['219630.0-webtirf']
7179,2025-01-06 04:00:00,3,1,420.0,420.0,[420.0],1,['219694-webtirf']
7179,2025-01-10 21:00:00,3,1,0.0,0.0,[0.0],1,['220200.0-webtirf']
7179,2025-01-28 01:00:00,4,1,206.0,206.0,[206.0],1,['222027-webtirf']
7179,2025-03-01 09:00:00,3,1,1789.0,1789.0,[1789.0],1,['225390.0-webtirf']
7179,2025-03-02 06:00:00,3,1,0.0,0.0,[0.0],1,['225425-webtirf']
7179,2025-03-10 01:00:00,3,1,200.0,200.0,[200.0],1,['226857-webtirf']
7179,2025-03-27 23:00:00,2,1,93.0,93.0,[93.0],1,['229117-webtirf']
7179,2025-03-31 05:00:00,2,1,1034.0,1034.0,[1034.0],1,['229725-webtirf']
7179,2025-04-03 03:00:00,2,1,292.0,292.0,[292.0],1,['230196-webtirf']
7179,2025-04-08 03:00:00,2,1,295.0,295.0,[295.0],1,['230695-webtirf']
7179,2025-04-09 22:00:00,2,1,927.0,927.0,[927.0],1,['230911-webtirf']
7179,2025-04-14 00:00:00,5,1,353.0,353.0,[353.0],2,"['231331-webtirf', '231334-webtirf']"
7179,2025-04-14 03:00:00,2,1,246.0,246.0,[246.0],1,['231359-webtirf']
7179,2025-04-16 09:00:00,3,1,1838.0,1838.0,[1838.0],1,['231695-webtirf']
7179,2025-04-22 00:00:00,3,1,320.0,320.0,[320.0],1,['232076-webtirf']
7179,2025-04-23 02:00:00,3,1,197.0,197.0,[197.0],1,['232246-webtirf']
7179,2025-04-24 00:00:00,2,1,351.0,351.0,[351.0],1,['232337-webtirf']
7179,2025-04-30 19:00:00,5,1,1493.0,1493.0,[1493.0],1,['233118-webtirf']
7179,2025-04-30 20:00:00,4,1,1151.0,1151.0,[1151.0],1,['233118-webtirf']
7179,2025-04-30 21:00:00,2,1,1041.0,1041.0,[1041.0],1,['233118-webtirf']
7179,2025-05-01 03:00:00,4,1,319.0,319.0,[319.0],1,['233195-webtirf']
7179,2025-05-02 02:00:00,2,1,203.0,203.0,[203.0],1,['233309-webtirf']
7179,2025-05-04 07:00:00,2,1,667.0,667.0,[667.0],1,['233485-webtirf']
7179,2025-05-05 06:00:00,3,1,1677.0,1677.0,[1677.0],1,['233587-webtirf']
7179,2025-05-06 10:00:00,2,1,1849.0,1849.0,[1849.0],1,['233742-webtirf']
7179,2025-05-09 03:00:00,3,1,292.0,292.0,[292.0],1,['234072-webtirf']
7179,2025-05-11 21:00:00,3,1,1012.0,1012.0,[1012.0],1,['234266-webtirf']
7179,2025-05-15 04:00:00,4,1,518.0,518.0,[518.0],1,['234653-webtirf']
7179,2025-05-15 05:00:00,4,1,1196.0,1196.0,[1196.0],1,['234673-webtirf']
7179,2025-05-19 00:00:00,6,1,296.0,296.0,[296.0],1,['235092-webtirf']
7179,2025-05-19 01:00:00,4,1,206.0,206.0,[206.0],1,['235092-webtirf']
7179,2025-05-19 02:00:00,2,1,170.0,170.0,[170.0],1,['235092-webtirf']
7179,2025-05-19 21:00:00,5,1,870.0,870.0,[870.0],1,['235302-webtirf']
7179,2025-05-22 04:00:00,2,1,520.0,520.0,[520.0],1,['236020.0-webtirf']
7179,2025-05-25 04:00:00,2,1,266.0,266.0,[266.0],1,['236706-webtirf']
7179,2025-05-30 04:00:00,3,1,531.0,531.0,[531.0],1,['237431-webtirf']
7179,2025-06-02 20:00:00,3,1,1146.0,1146.0,[1146.0],1,['237801-webtirf']
7179,2025-06-09 15:00:00,2,1,749.0,749.0,[749.0],1,['238485-webtirf']
7179,2025-06-10 00:00:00,7,1,283.0,283.0,[283.0],1,['238525-webtirf']
7179,2025-06-10 01:00:00,5,1,180.0,180.0,[180.0],1,['238525-webtirf']
7179,2025-06-10 02:00:00,8,1,166.0,166.0,[166.0],2,"['238525-webtirf', '238536-webtirf']"
7179,2025-06-10 03:00:00,6,1,253.0,253.0,[253.0],2,"['238525-webtirf', '238536-webtirf']"
7179,2025-06-10 04:00:00,4,1,482.0,482.0,[482.0],2,"['238525-webtirf', '238536-webtirf']"
7179,2025-06-12 00:00:00,4,1,385.0,385.0,[385.0],1,['238755-webtirf']
7179,2025-06-12 03:00:00,4,1,292.0,292.0,[292.0],1,['238776-webtirf']
7179,2025-06-18 16:00:00,2,1,2170.0,2170.0,[2170.0],1,['239450.0-webtirf']
7179,2025-06-23 02:00:00,3,1,162.0,162.0,[162.0],1,['239869-webtirf']
7179,2025-06-23 23:00:00,2,1,492.0,492.0,[492.0],1,['239967-webtirf']
7179,2025-06-27 23:00:00,7,1,924.0,924.0,[924.0],1,['240425-webtirf']
7179,2025-07-01 00:00:00,2,1,330.0,330.0,[330.0],1,['240687-webtirf']
7179,2025-07-03 10:00:00,2,1,2058.0,2058.0,[2058.0],1,['241224-webtirf']
7179,2025-07-05 05:00:00,4,1,490.0,490.0,[490.0],1,['241392-webtirf']
7179,2025-07-06 10:00:00,3,1,1739.0,1739.0,[1739.0],1,['241459-webtirf']
7179,2025-07-09 21:00:00,5,1,1021.0,1021.0,[1021.0],1,['241746-webtirf']
7179,2025-07-09 22:00:00,3,1,1245.0,1245.0,[1245.0],1,['241746-webtirf']
7179,2025-07-12 04:00:00,2,1,286.0,286.0,[286.0],1,['242021-webtirf']
7179,2025-07-14 05:00:00,4,1,1002.0,1002.0,[1002.0],1,['242124-webtirf']
7179,2025-07-17 01:00:00,2,1,197.0,197.0,[197.0],1,['242474-webtirf']
7179,2025-07-17 20:00:00,4,1,1387.0,1387.0,[1387.0],1,['242544-webtirf']
7179,2025-07-22 23:00:00,3,1,558.0,558.0,[558.0],1,['242996-webtirf']
7179,2025-07-25 11:00:00,3,1,2055.0,2055.0,[2055.0],1,['243357-webtirf']
7179,2025-07-31 07:00:00,7,1,1936.0,1936.0,[1936.0],1,['243960.0-webtirf']
7179,2025-07-31 08:00:00,4,1,2009.0,2009.0,[2009.0],1,['243960.0-webtirf']
7179,2025-07-31 09:00:00,2,1,1824.0,1824.0,[1824.0],1,['243960.0-webtirf']
7179,2025-08-01 22:00:00,4,1,1101.0,1101.0,[1101.0],1,['244105-webtirf']
7179,2025-08-03 00:00:00,2,1,661.0,661.0,[661.0],1,['244317-webtirf']
7179,2025-08-04 08:00:00,2,1,2051.0,2051.0,[2051.0],1,['244633-webtirf']
7179,2025-08-07 21:00:00,2,1,1207.0,1207.0,[1207.0],1,['245017-webtirf']
7179,2025-08-08 03:00:00,3,1,252.0,252.0,[252.0],1,['245069-webtirf']
7179,2025-08-08 06:00:00,3,1,1614.0,1614.0,[1614.0],1,['245089-webtirf']
7179,2025-08-11 06:00:00,2,1,1620.0,1620.0,[1620.0],1,['245369-webtirf']
7179,2025-08-12 12:00:00,13,1,1930.0,1930.0,[1930.0],1,['245514-webtirf']
7179,2025-08-13 08:00:00,2,1,1873.0,1873.0,[1873.0],1,['245599-webtirf']
7179,2025-08-14 23:00:00,2,1,624.0,624.0,[624.0],1,['245787-webtirf']
7179,2025-08-17 21:00:00,2,1,1043.0,1043.0,[1043.0],1,['245989-webtirf']
7179,2025-08-19 03:00:00,3,1,249.0,249.0,[249.0],1,['246153-webtirf']
7179,2025-08-19 06:00:00,3,1,1636.0,1636.0,[1636.0],1,['246178-webtirf']
7179,2025-08-23 00:00:00,3,1,620.0,620.0,[620.0],1,['246991-webtirf']
7179,2025-08-26 05:00:00,2,1,1052.0,1052.0,[1052.0],1,['247279-webtirf']
7179,2025-08-28 06:00:00,9,1,1601.0,1601.0,[1601.0],2,"['247537-webtirf', '247538-webtirf']"
7179,2025-09-08 06:00:00,2,1,1649.0,1649.0,[1649.0],1,['248567-webtirf']
7179,2025-09-10 06:00:00,2,1,1465.0,1465.0,[1465.0],1,['248977-webtirf']
7179,2025-09-12 06:00:00,3,1,1687.0,1687.0,[1687.0],1,['249416-webtirf']
7179,2025-09-12 11:00:00,4,1,1904.0,1904.0,[1904.0],2,"['249440-webtirf', '249440.0-webtirf']"
7179,2025-09-14 21:00:00,3,1,1088.0,1088.0,[1088.0],1,['249542-webtirf']
7179,2025-09-30 06:00:00,4,1,1582.0,1582.0,[1582.0],1,['251127-webtirf']
7179,2025-10-01 06:00:00,2,1,1699.0,1699.0,[1699.0],1,['251254-webtirf']
7179,2025-10-03 06:00:00,6,1,1618.0,1618.0,[1618.0],1,['251526-webtirf']
7179,2025-10-14 10:00:00,8,1,1725.0,1725.0,[1725.0],1,['252572-webtirf']
7179,2025-10-14 11:00:00,5,1,1883.0,1883.0,[1883.0],1,['252572-webtirf']
7179,2025-10-14 12:00:00,3,1,1840.0,1840.0,[1840.0],1,['252572-webtirf']
7179,2025-10-14 13:00:00,2,1,2103.0,2103.0,[2103.0],1,['252572-webtirf']
7179,2025-10-15 13:00:00,7,1,2127.0,2127.0,[2127.0],1,['252697-webtirf']
7179,2025-10-15 14:00:00,4,1,2151.0,2151.0,[2151.0],1,['252697-webtirf']
7179,2025-10-16 08:00:00,3,1,1824.0,1824.0,[1824.0],1,['252803-webtirf']
7179,2025-10-16 10:00:00,2,1,1777.0,1777.0,[1777.0],1,['252809-webtirf']
7179,2025-10-19 02:00:00,3,1,435.0,435.0,[435.0],1,['253084-webtirf']
7179,2025-10-25 03:00:00,2,1,235.0,235.0,[235.0],1,['253734-webtirf']
7179,2025-10-29 02:00:00,5,1,218.0,218.0,[218.0],1,['254104-webtirf']
7179,2025-10-30 05:00:00,5,1,1152.0,1152.0,[1152.0],1,['254246-webtirf']
7179,2025-10-31 03:00:00,2,1,283.0,283.0,[283.0],1,['254347-webtirf']
7179,2025-11-14 00:00:00,2,1,475.0,475.0,[475.0],1,['255691-webtirf']
7179,2025-11-15 22:00:00,3,1,1417.0,1417.0,[1417.0],1,['255844-webtirf']
7179,2025-11-23 04:00:00,3,1,231.0,231.0,[231.0],1,['256633-webtirf']
7179,2025-11-23 11:00:00,2,1,1877.0,1877.0,[1877.0],1,['256652-webtirf']
7179,2025-11-29 04:00:00,2,1,372.0,372.0,[372.0],1,['257578-webtirf']
7179,2025-11-29 06:00:00,2,1,1039.0,1039.0,[1039.0],1,['257591-webtirf']
7179,2025-12-03 11:00:00,2,1,1890.0,1890.0,[1890.0],1,['258032-webtirf']
7179,2025-12-03 13:00:00,2,1,1913.0,1913.0,[1913.0],1,['258041-webtirf']
7179,2025-12-05 09:00:00,2,1,2007.0,2007.0,[2007.0],1,['258284-webtirf']
7179,2025-12-08 04:00:00,2,1,528.0,528.0,[528.0],1,['258505-webtirf']
7179,2025-12-09 21:00:00,2,1,1442.0,1442.0,[1442.0],1,['258665-webtirf']
7179,2025-12-11 01:00:00,3,1,315.0,315.0,[315.0],1,['258827-webtirf']
7179,2025-12-13 15:00:00,2,1,2275.0,2275.0,[2275.0],1,['259184-webtirf']
7179,2025-12-14 12:00:00,3,1,2027.0,2027.0,[2027.0],1,['259224-webtirf']
7179,2025-12-15 21:00:00,2,1,1120.0,1120.0,[1120.0],1,['259339-webtirf']
7179,2025-12-16 05:00:00,2,1,1086.0,1086.0,[1086.0],1,['259383-webtirf']
7179,2025-12-16 14:00:00,4,1,2209.0,2209.0,[2209.0],1,['259414-webtirf']
7179,2025-12-19 17:00:00,6,1,2235.0,2235.0,[2235.0],2,"['259780-webtirf', '259780.0-webtirf']"
7179,2025-12-21 23:00:00,8,1,753.0,753.0,[753.0],2,"['260000-webtirf', '260000.0-webtirf']"
7179,2025-12-23 06:00:00,2,1,1418.0,1418.0,[1418.0],1,['260157-webtirf']
7179,2025-12-29 08:00:00,4,1,1260.0,1260.0,[1260.0],2,"['260470-webtirf', '260470.0-webtirf']"
7184,2025-01-08 04:00:00,2,1,0.0,0.0,[0.0],1,['219914-webtirf']
7184,2025-01-08 12:00:00,3,1,2125.0,2125.0,[2125.0],1,['219943-webtirf']
7184,2025-01-10 01:00:00,7,1,125.0,125.0,[125.0],2,"['220097-webtirf', '220104-webtirf']"
7184,2025-01-10 02:00:00,2,1,100.0,100.0,[100.0],1,['220097-webtirf']
7184,2025-01-10 13:00:00,2,1,2218.0,2218.0,[2218.0],1,['220181-webtirf']
7184,2025-01-10 15:00:00,4,1,2629.0,2629.0,[2629.0],2,"['220181-webtirf', '220188-webtirf']"
7184,2025-01-10 16:00:00,2,1,2396.0,2396.0,[2396.0],1,['220188-webtirf']
7184,2025-01-16 00:00:00,2,1,4.0,4.0,[4.0],1,['220763-webtirf']
7184,2025-01-16 03:00:00,3,1,1.0,1.0,[1.0],1,['220800.0-webtirf']
7184,2025-01-27 04:00:00,3,1,131.0,131.0,[131.0],1,['221949-webtirf']
7184,2025-03-13 11:00:00,4,1,2440.0,2440.0,[2440.0],1,['227403-webtirf']
7184,2025-03-19 19:00:00,12,1,1432.0,1432.0,[1432.0],1,['228000.0-webtirf']
7184,2025-03-19 20:00:00,10,1,1038.0,1038.0,[1038.0],1,['228000.0-webtirf']
7184,2025-03-19 21:00:00,8,1,760.0,760.0,[760.0],1,['228000.0-webtirf']
7184,2025-03-19 22:00:00,6,1,535.0,535.0,[535.0],1,['228000.0-webtirf']
7184,2025-03-19 23:00:00,5,1,287.0,287.0,[287.0],1,['228000.0-webtirf']
7184,2025-03-20 00:00:00,4,1,156.0,156.0,[156.0],1,['228000.0-webtirf']
7184,2025-03-21 08:00:00,4,1,2848.0,2848.0,[2848.0],1,['228300.0-webtirf']
7184,2025-04-08 22:00:00,3,1,508.0,508.0,[508.0],1,['230775-webtirf']
7184,2025-04-21 02:00:00,3,1,88.0,88.0,[88.0],1,['232015-webtirf']
7184,2025-05-13 04:00:00,2,1,264.0,264.0,[264.0],1,['234438-webtirf']
7184,2025-06-01 04:00:00,2,1,154.0,154.0,[154.0],1,['237584-webtirf']
7184,2025-06-14 06:00:00,10,1,812.0,812.0,[812.0],1,['239024-webtirf']
7184,2025-06-21 07:00:00,5,1,1518.0,1518.0,[1518.0],1,['239756-webtirf']
7184,2025-06-25 23:00:00,2,1,318.0,318.0,[318.0],1,['240235-webtirf']
7184,2025-07-31 00:00:00,3,1,138.0,138.0,[138.0],1,['243899-webtirf']
7184,2025-08-04 09:00:00,3,1,2597.0,2597.0,[2597.0],1,['244636-webtirf']
7184,2025-08-11 01:00:00,3,1,88.0,88.0,[88.0],1,['245327-webtirf']
7184,2025-08-23 06:00:00,4,1,730.0,730.0,[730.0],1,['247010.0-webtirf']
7184,2025-08-23 07:00:00,8,1,1596.0,1596.0,[1596.0],2,"['247010.0-webtirf', '247011-webtirf']"
7184,2025-08-23 08:00:00,3,1,2076.0,2076.0,[2076.0],2,"['247010.0-webtirf', '247011-webtirf']"
7184,2025-09-04 19:00:00,3,1,1440.0,1440.0,[1440.0],1,['248213-webtirf']
7184,2025-09-04 23:00:00,2,1,316.0,316.0,[316.0],1,['248231-webtirf']
7184,2025-09-11 20:00:00,3,1,944.0,944.0,[944.0],1,['249267-webtirf']
7184,2025-09-22 11:00:00,3,1,2154.0,2154.0,[2154.0],1,['250318-webtirf']
7184,2025-09-29 01:00:00,2,1,105.0,105.0,[105.0],1,['250981-webtirf']
7184,2025-10-21 00:00:00,2,2,25.0,142.0,"[25.0, 142.0]",1,['NO_INCIDENT']
7184,2025-10-29 05:00:00,5,1,933.0,933.0,[933.0],1,['254124-webtirf']
7184,2025-10-30 05:00:00,5,1,974.0,974.0,[974.0],1,['254247-webtirf']
7184,2025-10-31 09:00:00,4,1,2626.0,2626.0,[2626.0],1,['254407-webtirf']
7184,2025-11-01 04:00:00,3,1,203.0,203.0,[203.0],1,['254469-webtirf']
7184,2025-11-01 05:00:00,2,1,438.0,438.0,[438.0],1,['254469-webtirf']
7184,2025-11-03 08:00:00,7,1,2767.0,2767.0,[2767.0],1,['254633-webtirf']
7184,2025-11-03 09:00:00,4,1,2459.0,2459.0,[2459.0],1,['254633-webtirf']
7184,2025-11-03 10:00:00,2,1,2392.0,2392.0,[2392.0],1,['254633-webtirf']
7184,2025-11-10 05:00:00,2,1,1052.0,1052.0,[1052.0],1,['255268-webtirf']
7184,2025-12-03 05:00:00,2,1,979.0,979.0,[979.0],1,['258007-webtirf']
7184,2025-12-04 07:00:00,2,1,3026.0,3026.0,[3026.0],1,['258139-webtirf']
7184,2025-12-14 03:00:00,4,1,138.0,138.0,[138.0],2,"['259200-webtirf', '259200.0-webtirf']"
7184,2025-12-20 01:00:00,8,1,252.0,252.0,[252.0],2,"['259820-webtirf', '259820.0-webtirf']"
7184,2025-12-20 02:00:00,4,1,179.0,179.0,[179.0],2,"['259820-webtirf', '259820.0-webtirf']"
7184,2025-12-22 22:00:00,6,1,653.0,653.0,[653.0],2,"['260090-webtirf', '260090.0-webtirf']"
7184,2025-12-23 20:00:00,2,1,1151.0,1151.0,[1151.0],1,['260182-webtirf']
7184,2025-12-29 22:00:00,2,1,626.0,626.0,[626.0],1,['260488-webtirf']
72027,2025-05-21 22:00:00,2,1,578.0,578.0,[578.0],1,['235904-webtirf']
72027,2025-05-28 20:00:00,7,1,1203.0,1203.0,[1203.0],1,['237253-webtirf']
72027,2025-05-28 21:00:00,2,1,840.0,840.0,[840.0],1,['237253-webtirf']
72027,2025-09-07 01:00:00,7,1,213.0,213.0,[213.0],1,['248425-webtirf']
72027,2025-10-05 04:00:00,2,1,107.0,107.0,[107.0],1,['251621-webtirf']
72027,2025-10-21 00:00:00,2,2,5.0,120.0,"[5.0, 120.0]",1,['NO_INCIDENT']
72027,2025-11-28 05:00:00,2,1,1022.0,1022.0,[1022.0],1,['257455-webtirf']
7248,2025-01-06 02:00:00,2,1,144.0,144.0,[144.0],1,['219663-webtirf']
7248,2025-01-07 07:00:00,3,1,1451.0,1451.0,[1451.0],1,['219833-webtirf']
7248,2025-01-15 08:00:00,2,1,1563.0,1563.0,[1563.0],1,['220664-webtirf']
7248,2025-01-16 21:00:00,2,1,818.0,818.0,[818.0],1,['220889-webtirf']
7248,2025-01-17 00:00:00,3,1,264.0,264.0,[264.0],1,['220914-webtirf']
7248,2025-01-20 02:00:00,2,1,165.0,165.0,[165.0],1,['221362-webtirf']
7248,2025-01-24 04:00:00,3,1,338.0,338.0,[338.0],1,['221798-webtirf']
7248,2025-01-29 00:00:00,4,1,244.0,244.0,[244.0],1,['222186-webtirf']
7248,2025-03-03 03:00:00,2,1,217.0,217.0,[217.0],1,['225498-webtirf']
7248,2025-03-14 07:00:00,2,1,1474.0,1474.0,[1474.0],1,['227511-webtirf']
7248,2025-03-21 01:00:00,3,1,198.0,198.0,[198.0],1,['228202-webtirf']
7248,2025-03-21 17:00:00,3,1,1098.0,1098.0,[1098.0],1,['228310.0-webtirf']
7248,2025-03-22 04:00:00,2,1,260.0,260.0,[260.0],1,['228351-webtirf']
7248,2025-04-02 18:00:00,4,1,1153.0,1153.0,[1153.0],1,['230100.0-webtirf']
7248,2025-04-12 14:00:00,15,1,1163.0,1163.0,[1163.0],1,['231244-webtirf']
7248,2025-04-12 15:00:00,11,1,1214.0,1214.0,[1214.0],1,['231244-webtirf']
7248,2025-04-12 16:00:00,11,1,1335.0,1335.0,[1335.0],1,['231244-webtirf']
7248,2025-04-12 17:00:00,9,1,1282.0,1282.0,[1282.0],1,['231244-webtirf']
7248,2025-04-12 18:00:00,5,1,1284.0,1284.0,[1284.0],1,['231244-webtirf']
7248,2025-04-12 19:00:00,3,1,1012.0,1012.0,[1012.0],1,['231244-webtirf']
7248,2025-04-12 20:00:00,2,1,800.0,800.0,[800.0],1,['231244-webtirf']
7248,2025-04-19 01:00:00,4,1,146.0,146.0,[146.0],1,['231910.0-webtirf']
7248,2025-05-05 04:00:00,3,1,451.0,451.0,[451.0],1,['233560.0-webtirf']
7248,2025-05-07 01:00:00,4,1,170.0,170.0,[170.0],1,['233804-webtirf']
7248,2025-05-13 22:00:00,2,1,398.0,398.0,[398.0],1,['234493-webtirf']
7248,2025-05-21 01:00:00,3,1,147.0,147.0,[147.0],1,['235657-webtirf']
7248,2025-06-02 00:00:00,3,1,283.0,283.0,[283.0],1,['237648-webtirf']
7248,2025-06-02 01:00:00,2,1,206.0,206.0,[206.0],1,['237648-webtirf']
7248,2025-06-04 05:00:00,4,1,1484.0,1484.0,[1484.0],1,['238010.0-webtirf']
7248,2025-06-04 06:00:00,2,1,1577.0,1577.0,[1577.0],1,['238010.0-webtirf']
7248,2025-06-16 05:00:00,2,1,1458.0,1458.0,[1458.0],1,['239178-webtirf']
7248,2025-06-23 21:00:00,2,1,562.0,562.0,[562.0],1,['239939-webtirf']
7248,2025-06-29 09:00:00,2,1,1171.0,1171.0,[1171.0],1,['240509-webtirf']
7248,2025-07-05 00:00:00,4,1,244.0,244.0,[244.0],1,['241363-webtirf']
7248,2025-07-08 04:00:00,3,1,483.0,483.0,[483.0],1,['241603-webtirf']
7248,2025-07-29 22:00:00,3,1,429.0,429.0,[429.0],1,['243714-webtirf']
7248,2025-07-30 04:00:00,2,1,511.0,511.0,[511.0],1,['243769-webtirf']
7248,2025-08-01 06:00:00,3,1,1404.0,1404.0,[1404.0],1,['244058-webtirf']
7248,2025-08-06 20:00:00,4,1,721.0,721.0,[721.0],1,['244874-webtirf']
7248,2025-08-10 19:00:00,4,1,869.0,869.0,[869.0],1,['245274-webtirf']
7248,2025-08-14 04:00:00,2,1,502.0,502.0,[502.0],1,['245678-webtirf']
7248,2025-08-21 06:00:00,3,1,1474.0,1474.0,[1474.0],1,['246744-webtirf']
7248,2025-08-24 02:00:00,2,1,153.0,153.0,[153.0],1,['247050.0-webtirf']
7248,2025-09-07 08:00:00,2,1,783.0,783.0,[783.0],1,['248468-webtirf']
7248,2025-09-17 12:00:00,2,1,1136.0,1136.0,[1136.0],1,['249882-webtirf']
7248,2025-09-24 19:00:00,2,1,908.0,908.0,[908.0],1,['250572-webtirf']
7248,2025-10-02 07:00:00,7,1,1427.0,1427.0,[1427.0],1,['251403-webtirf']
7248,2025-10-02 08:00:00,4,1,1471.0,1471.0,[1471.0],1,['251403-webtirf']
7248,2025-10-02 09:00:00,4,1,1340.0,1340.0,[1340.0],1,['251403-webtirf']
7248,2025-10-12 05:00:00,4,1,271.0,271.0,[271.0],2,"['252330-webtirf', '252330.0-webtirf']"
7248,2025-10-14 01:00:00,2,1,124.0,124.0,[124.0],1,['252504-webtirf']
7248,2025-10-15 04:00:00,6,1,512.0,512.0,[512.0],1,['252649-webtirf']
7248,2025-10-15 05:00:00,3,1,1383.0,1383.0,[1383.0],1,['252649-webtirf']
7248,2025-10-19 23:00:00,4,1,365.0,365.0,[365.0],1,['253151-webtirf']
7248,2025-10-20 00:00:00,2,1,257.0,257.0,[257.0],1,['253151-webtirf']
7248,2025-10-21 00:00:00,2,2,53.0,137.0,"[53.0, 137.0]",1,['NO_INCIDENT']
7248,2025-11-07 05:00:00,2,1,1431.0,1431.0,[1431.0],1,['255034-webtirf']
7248,2025-11-29 17:00:00,5,1,1492.0,1492.0,[1492.0],1,['257614-webtirf']
7248,2025-11-29 18:00:00,2,1,1164.0,1164.0,[1164.0],1,['257614-webtirf']
7248,2025-12-08 02:00:00,4,1,161.0,161.0,[161.0],1,['258484-webtirf']
7248,2025-12-08 03:00:00,2,1,216.0,216.0,[216.0],1,['258484-webtirf']
7248,2025-12-08 04:00:00,2,1,505.0,505.0,[505.0],1,['258484-webtirf']
7248,2025-12-08 11:00:00,2,1,1183.0,1183.0,[1183.0],1,['258534-webtirf']
7248,2025-12-20 18:00:00,2,1,1276.0,1276.0,[1276.0],1,['259858-webtirf']
7248,2025-12-22 04:00:00,3,1,452.0,452.0,[452.0],1,['260043-webtirf']
7248,2025-12-25 16:00:00,3,1,637.0,637.0,[637.0],1,['260299-webtirf']
7248,2025-12-26 12:00:00,2,1,651.0,651.0,[651.0],1,['260336-webtirf']
7251,2025-01-06 04:00:00,4,1,127.0,127.0,[127.0],2,"['219690.0-webtirf', '219692-webtirf']"
7251,2025-01-06 05:00:00,2,1,229.0,229.0,[229.0],2,"['219690.0-webtirf', '219692-webtirf']"
7251,2025-01-06 06:00:00,2,1,424.0,424.0,[424.0],2,"['219690.0-webtirf', '219692-webtirf']"
7251,2025-01-06 07:00:00,2,1,599.0,599.0,[599.0],2,"['219690.0-webtirf', '219692-webtirf']"
7251,2025-01-06 08:00:00,2,1,689.0,689.0,[689.0],2,"['219690.0-webtirf', '219692-webtirf']"
7251,2025-01-06 09:00:00,2,1,658.0,658.0,[658.0],2,"['219690.0-webtirf', '219692-webtirf']"
7251,2025-01-06 10:00:00,2,1,617.0,617.0,[617.0],2,"['219690.0-webtirf', '219692-webtirf']"
7251,2025-01-06 11:00:00,2,1,744.0,744.0,[744.0],2,"['219690.0-webtirf', '219692-webtirf']"
7251,2025-01-06 12:00:00,2,1,781.0,781.0,[781.0],2,"['219690.0-webtirf', '219692-webtirf']"
7251,2025-01-06 13:00:00,2,1,862.0,862.0,[862.0],2,"['219690.0-webtirf', '219692-webtirf']"
7251,2025-01-06 14:00:00,2,1,956.0,956.0,[956.0],2,"['219690.0-webtirf', '219692-webtirf']"
7251,2025-01-06 15:00:00,2,1,1127.0,1127.0,[1127.0],2,"['219690.0-webtirf', '219692-webtirf']"
7251,2025-01-06 16:00:00,2,1,1133.0,1133.0,[1133.0],2,"['219690.0-webtirf', '219692-webtirf']"
7251,2025-01-06 17:00:00,2,1,1287.0,1287.0,[1287.0],2,"['219690.0-webtirf', '219692-webtirf']"
7251,2025-01-06 18:00:00,2,1,894.0,894.0,[894.0],2,"['219690.0-webtirf', '219692-webtirf']"
7251,2025-01-06 19:00:00,2,1,666.0,666.0,[666.0],2,"['219690.0-webtirf', '219692-webtirf']"
7251,2025-01-06 20:00:00,2,1,574.0,574.0,[574.0],2,"['219690.0-webtirf', '219692-webtirf']"
7251,2025-01-06 21:00:00,2,1,565.0,565.0,[565.0],2,"['219690.0-webtirf', '219692-webtirf']"
7251,2025-01-06 22:00:00,2,1,508.0,508.0,[508.0],2,"['219690.0-webtirf', '219692-webtirf']"
7251,2025-01-06 23:00:00,2,1,353.0,353.0,[353.0],2,"['219690.0-webtirf', '219692-webtirf']"
7251,2025-01-07 00:00:00,2,1,238.0,238.0,[238.0],2,"['219690.0-webtirf', '219692-webtirf']"
7251,2025-01-07 01:00:00,2,1,147.0,147.0,[147.0],2,"['219690.0-webtirf', '219692-webtirf']"
7251,2025-01-07 02:00:00,2,1,112.0,112.0,[112.0],2,"['219690.0-webtirf', '219692-webtirf']"
7251,2025-01-07 03:00:00,2,1,85.0,85.0,[85.0],2,"['219690.0-webtirf', '219692-webtirf']"
7251,2025-01-08 23:00:00,2,1,388.0,388.0,[388.0],1,['219979-webtirf']
7251,2025-01-15 10:00:00,2,1,849.0,849.0,[849.0],1,['220679-webtirf']
7251,2025-04-08 08:00:00,4,1,1014.0,1014.0,[1014.0],1,['230732-webtirf']
7251,2025-04-10 04:00:00,2,1,169.0,169.0,[169.0],1,['230959-webtirf']
7251,2025-04-10 05:00:00,2,1,282.0,282.0,[282.0],1,['230959-webtirf']
7251,2025-04-10 06:00:00,2,1,538.0,538.0,[538.0],1,['230959-webtirf']
7251,2025-04-10 07:00:00,2,1,990.0,990.0,[990.0],1,['230959-webtirf']
7251,2025-04-10 08:00:00,2,1,931.0,931.0,[931.0],1,['230959-webtirf']
7251,2025-04-10 09:00:00,2,1,820.0,820.0,[820.0],1,['230959-webtirf']
7251,2025-04-10 10:00:00,2,1,783.0,783.0,[783.0],1,['230959-webtirf']
7251,2025-04-10 11:00:00,2,1,852.0,852.0,[852.0],1,['230959-webtirf']
7251,2025-04-10 12:00:00,2,1,962.0,962.0,[962.0],1,['230959-webtirf']
7251,2025-04-10 13:00:00,2,1,1015.0,1015.0,[1015.0],1,['230959-webtirf']
7251,2025-04-10 14:00:00,2,1,1179.0,1179.0,[1179.0],1,['230959-webtirf']
7251,2025-04-10 15:00:00,2,1,1384.0,1384.0,[1384.0],1,['230959-webtirf']
7251,2025-04-10 16:00:00,2,1,1443.0,1443.0,[1443.0],1,['230959-webtirf']
7251,2025-04-10 17:00:00,2,1,1566.0,1566.0,[1566.0],1,['230959-webtirf']
7251,2025-04-10 18:00:00,2,1,1472.0,1472.0,[1472.0],1,['230959-webtirf']
7251,2025-04-10 19:00:00,2,1,907.0,907.0,[907.0],1,['230959-webtirf']
7251,2025-04-10 20:00:00,2,1,809.0,809.0,[809.0],1,['230959-webtirf']
7251,2025-04-10 21:00:00,2,1,841.0,841.0,[841.0],1,['230959-webtirf']
7251,2025-04-10 22:00:00,2,1,687.0,687.0,[687.0],1,['230959-webtirf']
7251,2025-04-10 23:00:00,2,1,549.0,549.0,[549.0],1,['230959-webtirf']
7251,2025-04-11 00:00:00,2,1,176.0,176.0,[176.0],1,['230959-webtirf']
7251,2025-04-11 01:00:00,2,1,128.0,128.0,[128.0],1,['230959-webtirf']
7251,2025-04-11 02:00:00,2,1,102.0,102.0,[102.0],1,['230959-webtirf']
7251,2025-04-11 03:00:00,2,1,75.0,75.0,[75.0],1,['230959-webtirf']
7251,2025-04-15 05:00:00,4,1,279.0,279.0,[279.0],1,['231514-webtirf']
7251,2025-04-15 06:00:00,3,1,504.0,504.0,[504.0],1,['231514-webtirf']
7251,2025-04-15 07:00:00,3,1,806.0,806.0,[806.0],1,['231514-webtirf']
7251,2025-04-15 08:00:00,3,1,899.0,899.0,[899.0],1,['231514-webtirf']
7251,2025-04-15 09:00:00,3,1,854.0,854.0,[854.0],1,['231514-webtirf']
7251,2025-04-15 10:00:00,3,1,825.0,825.0,[825.0],1,['231514-webtirf']
7251,2025-04-15 11:00:00,3,1,843.0,843.0,[843.0],1,['231514-webtirf']
7251,2025-04-15 12:00:00,3,1,940.0,940.0,[940.0],1,['231514-webtirf']
7251,2025-04-15 13:00:00,3,1,975.0,975.0,[975.0],1,['231514-webtirf']
7251,2025-04-15 14:00:00,3,1,1144.0,1144.0,[1144.0],1,['231514-webtirf']
7251,2025-04-15 15:00:00,3,1,1335.0,1335.0,[1335.0],1,['231514-webtirf']
7251,2025-04-15 16:00:00,3,1,1362.0,1362.0,[1362.0],1,['231514-webtirf']
7251,2025-04-15 17:00:00,3,1,1648.0,1648.0,[1648.0],1,['231514-webtirf']
7251,2025-04-15 18:00:00,3,1,1370.0,1370.0,[1370.0],1,['231514-webtirf']
7251,2025-04-15 19:00:00,3,1,812.0,812.0,[812.0],1,['231514-webtirf']
7251,2025-04-15 20:00:00,3,1,752.0,752.0,[752.0],1,['231514-webtirf']
7251,2025-04-15 21:00:00,3,1,628.0,628.0,[628.0],1,['231514-webtirf']
7251,2025-04-15 22:00:00,3,1,592.0,592.0,[592.0],1,['231514-webtirf']
7251,2025-04-15 23:00:00,3,1,411.0,411.0,[411.0],1,['231514-webtirf']
7251,2025-04-16 00:00:00,3,1,299.0,299.0,[299.0],1,['231514-webtirf']
7251,2025-04-16 01:00:00,3,1,180.0,180.0,[180.0],1,['231514-webtirf']
7251,2025-04-16 02:00:00,3,1,163.0,163.0,[163.0],1,['231514-webtirf']
7251,2025-04-16 03:00:00,3,1,122.0,122.0,[122.0],1,['231514-webtirf']
7251,2025-04-16 04:00:00,3,1,169.0,169.0,[169.0],1,['231514-webtirf']
7251,2025-04-28 03:00:00,2,1,109.0,109.0,[109.0],1,['232807-webtirf']
7251,2025-04-28 04:00:00,2,1,139.0,139.0,[139.0],1,['232807-webtirf']
7251,2025-04-28 05:00:00,2,1,255.0,255.0,[255.0],1,['232807-webtirf']
7251,2025-04-28 06:00:00,2,1,496.0,496.0,[496.0],1,['232807-webtirf']
7251,2025-04-28 07:00:00,2,1,866.0,866.0,[866.0],1,['232807-webtirf']
7251,2025-04-28 08:00:00,2,1,860.0,860.0,[860.0],1,['232807-webtirf']
7251,2025-04-28 09:00:00,2,1,771.0,771.0,[771.0],1,['232807-webtirf']
7251,2025-04-28 10:00:00,2,1,810.0,810.0,[810.0],1,['232807-webtirf']
7251,2025-04-28 11:00:00,2,1,854.0,854.0,[854.0],1,['232807-webtirf']
7251,2025-04-28 12:00:00,2,1,934.0,934.0,[934.0],1,['232807-webtirf']
7251,2025-04-28 13:00:00,2,1,915.0,915.0,[915.0],1,['232807-webtirf']
7251,2025-04-28 14:00:00,2,1,1148.0,1148.0,[1148.0],1,['232807-webtirf']
7251,2025-04-28 15:00:00,2,1,1360.0,1360.0,[1360.0],1,['232807-webtirf']
7251,2025-04-28 16:00:00,2,1,1369.0,1369.0,[1369.0],1,['232807-webtirf']
7251,2025-04-28 17:00:00,2,1,1536.0,1536.0,[1536.0],1,['232807-webtirf']
7251,2025-04-28 18:00:00,2,1,1282.0,1282.0,[1282.0],1,['232807-webtirf']
7251,2025-04-28 19:00:00,2,1,712.0,712.0,[712.0],1,['232807-webtirf']
7251,2025-04-28 20:00:00,2,1,668.0,668.0,[668.0],1,['232807-webtirf']
7251,2025-04-28 21:00:00,2,1,613.0,613.0,[613.0],1,['232807-webtirf']
7251,2025-04-28 22:00:00,2,1,667.0,667.0,[667.0],1,['232807-webtirf']
7251,2025-04-28 23:00:00,2,1,505.0,505.0,[505.0],1,['232807-webtirf']
7251,2025-04-29 00:00:00,2,1,299.0,299.0,[299.0],1,['232807-webtirf']
7251,2025-04-29 01:00:00,2,1,214.0,214.0,[214.0],1,['232807-webtirf']
7251,2025-04-29 02:00:00,2,1,188.0,188.0,[188.0],1,['232807-webtirf']
7251,2025-05-04 02:00:00,5,1,407.0,407.0,[407.0],1,['233470.0-webtirf']
7251,2025-05-21 04:00:00,2,1,147.0,147.0,[147.0],1,['235732-webtirf']
7251,2025-06-26 04:00:00,2,1,141.0,141.0,[141.0],1,['240275-webtirf']
7251,2025-06-28 22:00:00,4,1,972.0,972.0,[972.0],1,['240466-webtirf']
7251,2025-07-02 05:00:00,2,1,253.0,253.0,[253.0],1,['241078-webtirf']
7251,2025-07-02 06:00:00,2,1,439.0,439.0,[439.0],1,['241078-webtirf']
7251,2025-07-02 07:00:00,2,1,749.0,749.0,[749.0],1,['241078-webtirf']
7251,2025-07-02 08:00:00,2,1,0.0,0.0,[0.0],1,['241078-webtirf']
7251,2025-07-02 09:00:00,2,1,0.0,0.0,[0.0],1,['241078-webtirf']
7251,2025-07-02 10:00:00,2,1,809.0,809.0,[809.0],1,['241078-webtirf']
7251,2025-07-02 11:00:00,2,1,843.0,843.0,[843.0],1,['241078-webtirf']
7251,2025-07-02 12:00:00,2,1,889.0,889.0,[889.0],1,['241078-webtirf']
7251,2025-07-02 13:00:00,2,1,956.0,956.0,[956.0],1,['241078-webtirf']
7251,2025-07-02 14:00:00,2,1,1046.0,1046.0,[1046.0],1,['241078-webtirf']
7251,2025-07-02 15:00:00,2,1,1250.0,1250.0,[1250.0],1,['241078-webtirf']
7251,2025-07-02 16:00:00,2,1,1348.0,1348.0,[1348.0],1,['241078-webtirf']
7251,2025-07-02 17:00:00,2,1,1486.0,1486.0,[1486.0],1,['241078-webtirf']
7251,2025-07-02 18:00:00,2,1,1183.0,1183.0,[1183.0],1,['241078-webtirf']
7251,2025-07-02 19:00:00,2,1,766.0,766.0,[766.0],1,['241078-webtirf']
7251,2025-07-02 20:00:00,2,1,682.0,682.0,[682.0],1,['241078-webtirf']
7251,2025-07-02 21:00:00,2,1,618.0,618.0,[618.0],1,['241078-webtirf']
7251,2025-07-02 22:00:00,2,1,1036.0,1036.0,[1036.0],1,['241078-webtirf']
7251,2025-07-02 23:00:00,2,1,707.0,707.0,[707.0],1,['241078-webtirf']
7251,2025-07-03 00:00:00,2,1,471.0,471.0,[471.0],1,['241078-webtirf']
7251,2025-07-03 01:00:00,2,1,293.0,293.0,[293.0],1,['241078-webtirf']
7251,2025-07-03 02:00:00,2,1,224.0,224.0,[224.0],1,['241078-webtirf']
7251,2025-07-03 03:00:00,2,1,205.0,205.0,[205.0],1,['241078-webtirf']
7251,2025-07-03 04:00:00,2,1,175.0,175.0,[175.0],1,['241078-webtirf']
7251,2025-07-11 15:00:00,2,1,1275.0,1275.0,[1275.0],1,['241993-webtirf']
7251,2025-07-11 16:00:00,2,1,1339.0,1339.0,[1339.0],1,['241993-webtirf']
7251,2025-07-11 17:00:00,2,1,1482.0,1482.0,[1482.0],1,['241993-webtirf']
7251,2025-07-11 18:00:00,2,1,1095.0,1095.0,[1095.0],1,['241993-webtirf']
7251,2025-07-11 19:00:00,2,1,833.0,833.0,[833.0],1,['241993-webtirf']
7251,2025-07-11 20:00:00,2,1,791.0,791.0,[791.0],1,['241993-webtirf']
7251,2025-07-11 21:00:00,2,1,823.0,823.0,[823.0],1,['241993-webtirf']
7251,2025-07-11 22:00:00,2,1,945.0,945.0,[945.0],1,['241993-webtirf']
7251,2025-07-11 23:00:00,2,1,762.0,762.0,[762.0],1,['241993-webtirf']
7251,2025-07-12 00:00:00,2,1,529.0,529.0,[529.0],1,['241993-webtirf']
7251,2025-07-12 01:00:00,2,1,407.0,407.0,[407.0],1,['241993-webtirf']
7251,2025-07-12 02:00:00,2,1,307.0,307.0,[307.0],1,['241993-webtirf']
7251,2025-07-12 03:00:00,2,1,237.0,237.0,[237.0],1,['241993-webtirf']
7251,2025-07-12 04:00:00,2,1,227.0,227.0,[227.0],1,['241993-webtirf']
7251,2025-07-12 05:00:00,2,1,225.0,225.0,[225.0],1,['241993-webtirf']
7251,2025-07-12 06:00:00,2,1,289.0,289.0,[289.0],1,['241993-webtirf']
7251,2025-07-12 07:00:00,2,1,421.0,421.0,[421.0],1,['241993-webtirf']
7251,2025-07-12 08:00:00,2,1,583.0,583.0,[583.0],1,['241993-webtirf']
7251,2025-07-12 09:00:00,2,1,895.0,895.0,[895.0],1,['241993-webtirf']
7251,2025-07-12 10:00:00,2,1,851.0,851.0,[851.0],1,['241993-webtirf']
7251,2025-07-12 11:00:00,2,1,1011.0,1011.0,[1011.0],1,['241993-webtirf']
7251,2025-07-12 12:00:00,2,1,1142.0,1142.0,[1142.0],1,['241993-webtirf']
7251,2025-07-12 13:00:00,2,1,1179.0,1179.0,[1179.0],1,['241993-webtirf']
7251,2025-07-12 14:00:00,2,1,1226.0,1226.0,[1226.0],1,['241993-webtirf']
7251,2025-07-25 12:00:00,2,1,1031.0,1031.0,[1031.0],1,['243360.0-webtirf']
7251,2025-07-26 00:00:00,5,1,540.0,540.0,[540.0],1,['243408-webtirf']
7251,2025-07-26 01:00:00,2,1,428.0,428.0,[428.0],1,['243408-webtirf']
7251,2025-08-07 02:00:00,3,1,309.0,309.0,[309.0],1,['244920.0-webtirf']
7251,2025-08-07 03:00:00,3,1,271.0,271.0,[271.0],1,['244920.0-webtirf']
7251,2025-08-07 04:00:00,3,1,314.0,314.0,[314.0],1,['244920.0-webtirf']
7251,2025-08-07 05:00:00,3,1,254.0,254.0,[254.0],1,['244920.0-webtirf']
7251,2025-08-07 06:00:00,3,1,461.0,461.0,[461.0],1,['244920.0-webtirf']
7251,2025-08-07 07:00:00,3,1,902.0,902.0,[902.0],1,['244920.0-webtirf']
7251,2025-08-07 08:00:00,3,1,1102.0,1102.0,[1102.0],1,['244920.0-webtirf']
7251,2025-08-07 09:00:00,3,1,901.0,901.0,[901.0],1,['244920.0-webtirf']
7251,2025-08-07 10:00:00,3,1,876.0,876.0,[876.0],1,['244920.0-webtirf']
7251,2025-08-07 11:00:00,3,1,815.0,815.0,[815.0],1,['244920.0-webtirf']
7251,2025-08-07 12:00:00,3,1,927.0,927.0,[927.0],1,['244920.0-webtirf']
7251,2025-08-07 13:00:00,3,1,991.0,991.0,[991.0],1,['244920.0-webtirf']
7251,2025-08-07 14:00:00,3,1,1080.0,1080.0,[1080.0],1,['244920.0-webtirf']
7251,2025-08-07 15:00:00,3,1,1355.0,1355.0,[1355.0],1,['244920.0-webtirf']
7251,2025-08-07 16:00:00,3,1,1426.0,1426.0,[1426.0],1,['244920.0-webtirf']
7251,2025-08-07 17:00:00,3,1,1633.0,1633.0,[1633.0],1,['244920.0-webtirf']
7251,2025-08-07 18:00:00,3,1,1392.0,1392.0,[1392.0],1,['244920.0-webtirf']
7251,2025-08-07 19:00:00,3,1,836.0,836.0,[836.0],1,['244920.0-webtirf']
7251,2025-08-07 20:00:00,3,1,788.0,788.0,[788.0],1,['244920.0-webtirf']
7251,2025-08-07 21:00:00,3,1,773.0,773.0,[773.0],1,['244920.0-webtirf']
7251,2025-08-07 22:00:00,3,1,1496.0,1496.0,[1496.0],1,['244920.0-webtirf']
7251,2025-08-07 23:00:00,3,1,1025.0,1025.0,[1025.0],1,['244920.0-webtirf']
7251,2025-08-08 00:00:00,3,1,630.0,630.0,[630.0],1,['244920.0-webtirf']
7251,2025-08-08 01:00:00,3,1,385.0,385.0,[385.0],1,['244920.0-webtirf']
7251,2025-09-02 11:00:00,5,1,839.0,839.0,[839.0],1,['248017-webtirf']
7251,2025-09-11 00:00:00,3,1,349.0,349.0,[349.0],1,['249142-webtirf']
7251,2025-09-15 04:00:00,2,1,145.0,145.0,[145.0],1,['249598-webtirf']
7251,2025-09-26 00:00:00,4,1,336.0,336.0,[336.0],1,['250736-webtirf']
7251,2025-09-30 11:00:00,3,1,902.0,902.0,[902.0],1,['251152-webtirf']
7251,2025-09-30 23:00:00,2,1,466.0,466.0,[466.0],1,['251189-webtirf']
7251,2025-10-08 04:00:00,2,1,162.0,162.0,[162.0],1,['251899-webtirf']
7251,2025-10-08 05:00:00,2,1,306.0,306.0,[306.0],1,['251899-webtirf']
7251,2025-10-08 06:00:00,2,1,452.0,452.0,[452.0],1,['251899-webtirf']
7251,2025-10-08 07:00:00,2,1,763.0,763.0,[763.0],1,['251899-webtirf']
7251,2025-10-08 08:00:00,2,1,878.0,878.0,[878.0],1,['251899-webtirf']
7251,2025-10-08 09:00:00,2,1,854.0,854.0,[854.0],1,['251899-webtirf']
7251,2025-10-08 10:00:00,2,1,846.0,846.0,[846.0],1,['251899-webtirf']
7251,2025-10-08 11:00:00,2,1,897.0,897.0,[897.0],1,['251899-webtirf']
7251,2025-10-08 12:00:00,2,1,962.0,962.0,[962.0],1,['251899-webtirf']
7251,2025-10-08 13:00:00,2,1,1010.0,1010.0,[1010.0],1,['251899-webtirf']
7251,2025-10-08 14:00:00,2,1,1156.0,1156.0,[1156.0],1,['251899-webtirf']
7251,2025-10-08 15:00:00,2,1,1400.0,1400.0,[1400.0],1,['251899-webtirf']
7251,2025-10-08 16:00:00,2,1,1406.0,1406.0,[1406.0],1,['251899-webtirf']
7251,2025-10-08 17:00:00,2,1,1712.0,1712.0,[1712.0],1,['251899-webtirf']
7251,2025-10-08 18:00:00,2,1,1490.0,1490.0,[1490.0],1,['251899-webtirf']
7251,2025-10-08 19:00:00,2,1,912.0,912.0,[912.0],1,['251899-webtirf']
7251,2025-10-08 20:00:00,2,1,802.0,802.0,[802.0],1,['251899-webtirf']
7251,2025-10-08 21:00:00,2,1,813.0,813.0,[813.0],1,['251899-webtirf']
7251,2025-10-08 22:00:00,2,1,701.0,701.0,[701.0],1,['251899-webtirf']
7251,2025-10-08 23:00:00,2,1,508.0,508.0,[508.0],1,['251899-webtirf']
7251,2025-10-09 00:00:00,2,1,307.0,307.0,[307.0],1,['251899-webtirf']
7251,2025-10-09 01:00:00,2,1,199.0,199.0,[199.0],1,['251899-webtirf']
7251,2025-10-09 02:00:00,2,1,164.0,164.0,[164.0],1,['251899-webtirf']
7251,2025-10-09 03:00:00,2,1,106.0,106.0,[106.0],1,['251899-webtirf']
7251,2025-10-12 04:00:00,5,1,283.0,283.0,[283.0],1,['252322-webtirf']
7251,2025-10-22 03:00:00,3,1,119.0,119.0,[119.0],1,['253404-webtirf']
7251,2025-10-22 04:00:00,3,1,145.0,145.0,[145.0],1,['253404-webtirf']
7251,2025-10-22 05:00:00,3,1,264.0,264.0,[264.0],1,['253404-webtirf']
7251,2025-10-22 06:00:00,3,1,540.0,540.0,[540.0],1,['253404-webtirf']
7251,2025-10-22 07:00:00,3,1,935.0,935.0,[935.0],1,['253404-webtirf']
7251,2025-10-22 08:00:00,3,1,955.0,955.0,[955.0],1,['253404-webtirf']
7251,2025-10-22 09:00:00,3,1,858.0,858.0,[858.0],1,['253404-webtirf']
7251,2025-10-22 10:00:00,3,1,829.0,829.0,[829.0],1,['253404-webtirf']
7251,2025-10-22 11:00:00,3,1,932.0,932.0,[932.0],1,['253404-webtirf']
7251,2025-10-22 12:00:00,3,1,954.0,954.0,[954.0],1,['253404-webtirf']
7251,2025-10-22 13:00:00,3,1,1008.0,1008.0,[1008.0],1,['253404-webtirf']
7251,2025-10-22 14:00:00,3,1,1208.0,1208.0,[1208.0],1,['253404-webtirf']
7251,2025-10-22 15:00:00,3,1,1406.0,1406.0,[1406.0],1,['253404-webtirf']
7251,2025-10-22 16:00:00,3,1,1408.0,1408.0,[1408.0],1,['253404-webtirf']
7251,2025-10-22 17:00:00,3,1,1605.0,1605.0,[1605.0],1,['253404-webtirf']
7251,2025-10-22 18:00:00,3,1,1339.0,1339.0,[1339.0],1,['253404-webtirf']
7251,2025-10-22 19:00:00,3,1,943.0,943.0,[943.0],1,['253404-webtirf']
7251,2025-10-22 20:00:00,3,1,824.0,824.0,[824.0],1,['253404-webtirf']
7251,2025-10-22 21:00:00,3,1,785.0,785.0,[785.0],1,['253404-webtirf']
7251,2025-10-22 22:00:00,3,1,744.0,744.0,[744.0],1,['253404-webtirf']
7251,2025-10-22 23:00:00,6,1,487.0,487.0,[487.0],2,"['253404-webtirf', '253511-webtirf']"
7251,2025-10-23 00:00:00,3,1,346.0,346.0,[346.0],1,['253404-webtirf']
7251,2025-10-23 01:00:00,3,1,204.0,204.0,[204.0],1,['253404-webtirf']
7251,2025-10-23 02:00:00,3,1,155.0,155.0,[155.0],1,['253404-webtirf']
7251,2025-11-02 22:00:00,2,1,713.0,713.0,[713.0],1,['254561-webtirf']
7251,2025-11-02 23:00:00,2,1,534.0,534.0,[534.0],1,['254561-webtirf']
7251,2025-11-03 00:00:00,2,1,338.0,338.0,[338.0],1,['254561-webtirf']
7251,2025-11-03 01:00:00,2,1,183.0,183.0,[183.0],1,['254561-webtirf']
7251,2025-11-03 02:00:00,2,1,128.0,128.0,[128.0],1,['254561-webtirf']
7251,2025-11-03 03:00:00,2,1,96.0,96.0,[96.0],1,['254561-webtirf']
7251,2025-11-03 04:00:00,2,1,161.0,161.0,[161.0],1,['254561-webtirf']
7251,2025-11-03 05:00:00,2,1,252.0,252.0,[252.0],1,['254561-webtirf']
7251,2025-11-03 06:00:00,2,1,505.0,505.0,[505.0],1,['254561-webtirf']
7251,2025-11-03 07:00:00,2,1,935.0,935.0,[935.0],1,['254561-webtirf']
7251,2025-11-03 08:00:00,2,1,929.0,929.0,[929.0],1,['254561-webtirf']
7251,2025-11-03 09:00:00,2,1,777.0,777.0,[777.0],1,['254561-webtirf']
7251,2025-11-03 10:00:00,2,1,833.0,833.0,[833.0],1,['254561-webtirf']
7251,2025-11-03 11:00:00,2,1,829.0,829.0,[829.0],1,['254561-webtirf']
7251,2025-11-03 12:00:00,2,1,939.0,939.0,[939.0],1,['254561-webtirf']
7251,2025-11-03 13:00:00,2,1,929.0,929.0,[929.0],1,['254561-webtirf']
7251,2025-11-03 14:00:00,2,1,1237.0,1237.0,[1237.0],1,['254561-webtirf']
7251,2025-11-03 15:00:00,2,1,1489.0,1489.0,[1489.0],1,['254561-webtirf']
7251,2025-11-03 16:00:00,2,1,1459.0,1459.0,[1459.0],1,['254561-webtirf']
7251,2025-11-03 17:00:00,2,1,1644.0,1644.0,[1644.0],1,['254561-webtirf']
7251,2025-11-03 18:00:00,2,1,1129.0,1129.0,[1129.0],1,['254561-webtirf']
7251,2025-11-03 19:00:00,2,1,740.0,740.0,[740.0],1,['254561-webtirf']
7251,2025-11-03 20:00:00,2,1,630.0,630.0,[630.0],1,['254561-webtirf']
7251,2025-11-03 21:00:00,2,1,599.0,599.0,[599.0],1,['254561-webtirf']
7251,2025-11-04 22:00:00,2,1,681.0,681.0,[681.0],1,['254748-webtirf']
7251,2025-11-20 23:00:00,2,1,601.0,601.0,[601.0],1,['256412-webtirf']
7251,2025-11-26 11:00:00,2,1,846.0,846.0,[846.0],1,['257143-webtirf']
7251,2025-12-06 16:00:00,3,1,1010.0,1010.0,[1010.0],1,['258387-webtirf']
7251,2025-12-10 02:00:00,4,1,133.0,133.0,[133.0],2,"['258710-webtirf', '258710.0-webtirf']"
7251,2025-12-10 03:00:00,4,1,128.0,128.0,[128.0],2,"['258710-webtirf', '258710.0-webtirf']"
7251,2025-12-10 04:00:00,4,1,153.0,153.0,[153.0],2,"['258710-webtirf', '258710.0-webtirf']"
7251,2025-12-10 05:00:00,4,1,299.0,299.0,[299.0],2,"['258710-webtirf', '258710.0-webtirf']"
7251,2025-12-10 06:00:00,4,1,508.0,508.0,[508.0],2,"['258710-webtirf', '258710.0-webtirf']"
7251,2025-12-10 07:00:00,4,1,757.0,757.0,[757.0],2,"['258710-webtirf', '258710.0-webtirf']"
7251,2025-12-10 08:00:00,4,1,822.0,822.0,[822.0],2,"['258710-webtirf', '258710.0-webtirf']"
7251,2025-12-10 09:00:00,4,1,796.0,796.0,[796.0],2,"['258710-webtirf', '258710.0-webtirf']"
7251,2025-12-10 10:00:00,4,1,859.0,859.0,[859.0],2,"['258710-webtirf', '258710.0-webtirf']"
7251,2025-12-10 11:00:00,4,1,880.0,880.0,[880.0],2,"['258710-webtirf', '258710.0-webtirf']"
7251,2025-12-10 12:00:00,4,1,883.0,883.0,[883.0],2,"['258710-webtirf', '258710.0-webtirf']"
7251,2025-12-10 13:00:00,4,1,931.0,931.0,[931.0],2,"['258710-webtirf', '258710.0-webtirf']"
7251,2025-12-10 14:00:00,4,1,1178.0,1178.0,[1178.0],2,"['258710-webtirf', '258710.0-webtirf']"
7251,2025-12-10 15:00:00,4,1,1319.0,1319.0,[1319.0],2,"['258710-webtirf', '258710.0-webtirf']"
7251,2025-12-10 16:00:00,4,1,1324.0,1324.0,[1324.0],2,"['258710-webtirf', '258710.0-webtirf']"
7251,2025-12-10 17:00:00,4,1,1675.0,1675.0,[1675.0],2,"['258710-webtirf', '258710.0-webtirf']"
7251,2025-12-10 18:00:00,4,1,1298.0,1298.0,[1298.0],2,"['258710-webtirf', '258710.0-webtirf']"
7251,2025-12-10 19:00:00,4,1,944.0,944.0,[944.0],2,"['258710-webtirf', '258710.0-webtirf']"
7251,2025-12-10 20:00:00,4,1,807.0,807.0,[807.0],2,"['258710-webtirf', '258710.0-webtirf']"
7251,2025-12-10 21:00:00,4,1,788.0,788.0,[788.0],2,"['258710-webtirf', '258710.0-webtirf']"
7251,2025-12-10 22:00:00,4,1,760.0,760.0,[760.0],2,"['258710-webtirf', '258710.0-webtirf']"
7251,2025-12-10 23:00:00,4,1,682.0,682.0,[682.0],2,"['258710-webtirf', '258710.0-webtirf']"
7251,2025-12-11 00:00:00,4,1,496.0,496.0,[496.0],2,"['258710-webtirf', '258710.0-webtirf']"
7251,2025-12-11 01:00:00,4,1,235.0,235.0,[235.0],2,"['258710-webtirf', '258710.0-webtirf']"
7270,2025-03-08 07:00:00,2,1,26.0,26.0,[26.0],1,['226499-webtirf']
7270,2025-04-18 00:00:00,3,1,257.0,257.0,[257.0],1,['231847-webtirf']
7270,2025-04-20 08:00:00,2,1,783.0,783.0,[783.0],1,['231989-webtirf']
7270,2025-04-29 12:00:00,2,1,1523.0,1523.0,[1523.0],1,['232988-webtirf']
7270,2025-05-05 23:00:00,2,1,271.0,271.0,[271.0],1,['233661-webtirf']
7270,2025-05-28 10:00:00,2,1,1715.0,1715.0,[1715.0],1,['237247-webtirf']
7270,2025-06-03 23:00:00,3,1,314.0,314.0,[314.0],1,['237949-webtirf']
7270,2025-06-06 03:00:00,2,1,178.0,178.0,[178.0],1,['238246-webtirf']
7270,2025-06-18 08:00:00,2,1,1719.0,1719.0,[1719.0],1,['239435-webtirf']
7270,2025-06-26 22:00:00,12,1,624.0,624.0,[624.0],1,['240326-webtirf']
7270,2025-06-26 23:00:00,4,1,369.0,369.0,[369.0],1,['240326-webtirf']
7270,2025-06-27 00:00:00,3,1,229.0,229.0,[229.0],1,['240326-webtirf']
7270,2025-06-27 20:00:00,23,1,939.0,939.0,[939.0],1,['240418-webtirf']
7270,2025-06-27 21:00:00,21,1,906.0,906.0,[906.0],1,['240418-webtirf']
7270,2025-06-27 22:00:00,20,1,728.0,728.0,[728.0],1,['240418-webtirf']
7270,2025-06-27 23:00:00,19,1,515.0,515.0,[515.0],1,['240418-webtirf']
7270,2025-06-28 00:00:00,17,1,305.0,305.0,[305.0],1,['240418-webtirf']
7270,2025-06-28 01:00:00,16,1,177.0,177.0,[177.0],1,['240418-webtirf']
7270,2025-06-28 02:00:00,15,1,147.0,147.0,[147.0],1,['240418-webtirf']
7270,2025-06-28 03:00:00,14,1,132.0,132.0,[132.0],1,['240418-webtirf']
7270,2025-06-28 04:00:00,13,1,235.0,235.0,[235.0],1,['240418-webtirf']
7270,2025-06-28 05:00:00,12,1,708.0,708.0,[708.0],1,['240418-webtirf']
7270,2025-06-28 06:00:00,11,1,1522.0,1522.0,[1522.0],1,['240418-webtirf']
7270,2025-06-28 07:00:00,10,1,1426.0,1426.0,[1426.0],1,['240418-webtirf']
7270,2025-06-28 08:00:00,9,1,1466.0,1466.0,[1466.0],1,['240418-webtirf']
7270,2025-06-28 09:00:00,9,1,1679.0,1679.0,[1679.0],1,['240418-webtirf']
7270,2025-06-28 10:00:00,7,1,1552.0,1552.0,[1552.0],1,['240418-webtirf']
7270,2025-06-28 11:00:00,6,1,1923.0,1923.0,[1923.0],1,['240418-webtirf']
7270,2025-06-28 12:00:00,5,1,1850.0,1850.0,[1850.0],1,['240418-webtirf']
7270,2025-06-28 13:00:00,4,1,2060.0,2060.0,[2060.0],1,['240418-webtirf']
7270,2025-06-28 14:00:00,3,1,1816.0,1816.0,[1816.0],1,['240418-webtirf']
7270,2025-06-28 15:00:00,3,1,1995.0,1995.0,[1995.0],1,['240418-webtirf']
7270,2025-06-28 16:00:00,2,1,1846.0,1846.0,[1846.0],1,['240418-webtirf']
7270,2025-06-28 17:00:00,2,1,1914.0,1914.0,[1914.0],1,['240418-webtirf']
7270,2025-07-30 03:00:00,2,1,180.0,180.0,[180.0],1,['243755-webtirf']
7270,2025-07-30 20:00:00,4,1,765.0,765.0,[765.0],1,['243839-webtirf']
7270,2025-08-01 01:00:00,2,1,119.0,119.0,[119.0],1,['244009-webtirf']
7270,2025-08-03 09:00:00,2,1,1208.0,1208.0,[1208.0],1,['244430.0-webtirf']
7270,2025-08-06 00:00:00,4,1,175.0,175.0,[175.0],1,['244797-webtirf']
7270,2025-08-11 06:00:00,4,1,2486.0,2486.0,[2486.0],1,['245367-webtirf']
7270,2025-08-11 07:00:00,2,1,1822.0,1822.0,[1822.0],1,['245367-webtirf']
7270,2025-08-20 02:00:00,2,1,97.0,97.0,[97.0],1,['246301-webtirf']
7270,2025-09-03 04:00:00,3,1,450.0,450.0,[450.0],1,['248068-webtirf']
7270,2025-10-07 04:00:00,3,1,391.0,391.0,[391.0],1,['251771-webtirf']
7270,2025-10-16 04:00:00,3,1,454.0,454.0,[454.0],1,['252774-webtirf']
7270,2025-10-21 03:00:00,2,1,171.0,171.0,[171.0],1,['253287-webtirf']
7270,2025-10-22 03:00:00,13,1,54.0,54.0,[54.0],1,['253402-webtirf']
7270,2025-10-22 04:00:00,8,1,192.0,192.0,[192.0],1,['253402-webtirf']
7270,2025-10-22 05:00:00,6,1,560.0,560.0,[560.0],1,['253402-webtirf']
7270,2025-10-22 06:00:00,3,1,849.0,849.0,[849.0],1,['253402-webtirf']
7270,2025-10-22 07:00:00,2,1,722.0,722.0,[722.0],1,['253402-webtirf']
7270,2025-11-13 05:00:00,3,1,1479.0,1479.0,[1479.0],1,['255607-webtirf']
7270,2025-11-16 17:00:00,6,1,1548.0,1548.0,[1548.0],2,"['255900-webtirf', '255900.0-webtirf']"
7270,2025-11-26 05:00:00,2,1,1068.0,1068.0,[1068.0],1,['257097-webtirf']
7270,2025-11-30 14:00:00,2,1,1604.0,1604.0,[1604.0],1,['257675-webtirf']
7270,2025-11-30 17:00:00,6,1,1462.0,1462.0,[1462.0],1,['257681-webtirf']
7270,2025-12-03 03:00:00,4,1,195.0,195.0,[195.0],2,"['257980-webtirf', '257980.0-webtirf']"
7272,2025-07-30 14:00:00,2,1,499.0,499.0,[499.0],1,['243829-webtirf']
7274,2025-01-22 06:00:00,2,1,1414.0,1414.0,[1414.0],1,['221578-webtirf']
7274,2025-01-25 00:00:00,3,1,195.0,195.0,[195.0],2,"['221802-webtirf', '221804-webtirf']"
7274,2025-01-25 01:00:00,3,1,138.0,138.0,[138.0],2,"['221802-webtirf', '221804-webtirf']"
7274,2025-01-25 02:00:00,3,1,111.0,111.0,[111.0],2,"['221802-webtirf', '221804-webtirf']"
7274,2025-01-25 03:00:00,3,1,82.0,82.0,[82.0],2,"['221802-webtirf', '221804-webtirf']"
7274,2025-01-25 04:00:00,3,1,190.0,190.0,[190.0],2,"['221802-webtirf', '221804-webtirf']"
7274,2025-01-30 06:00:00,3,1,869.0,869.0,[869.0],1,['222334-webtirf']
7274,2025-04-08 23:00:00,2,1,17.0,17.0,[17.0],1,['230789-webtirf']
7274,2025-04-12 22:00:00,8,1,451.0,451.0,[451.0],1,['231252-webtirf']
7274,2025-04-12 23:00:00,3,1,308.0,308.0,[308.0],1,['231252-webtirf']
7274,2025-04-13 00:00:00,2,1,196.0,196.0,[196.0],1,['231252-webtirf']
7274,2025-04-19 05:00:00,2,1,188.0,188.0,[188.0],1,['231923-webtirf']
7274,2025-05-03 00:00:00,2,1,171.0,171.0,[171.0],1,['233404-webtirf']
7274,2025-05-07 19:00:00,2,1,649.0,649.0,[649.0],1,['233880.0-webtirf']
7274,2025-07-01 11:00:00,2,1,810.0,810.0,[810.0],1,['240827-webtirf']
7274,2025-07-08 21:00:00,4,1,458.0,458.0,[458.0],1,['241642-webtirf']
7274,2025-07-24 05:00:00,4,1,756.0,756.0,[756.0],2,"['243146-webtirf', '243150.0-webtirf']"
7274,2025-08-16 02:00:00,2,1,92.0,92.0,[92.0],1,['245902-webtirf']
7274,2025-08-18 20:00:00,3,1,487.0,487.0,[487.0],1,['246106-webtirf']
7274,2025-08-26 04:00:00,4,1,340.0,340.0,[340.0],1,['247275-webtirf']
7274,2025-09-07 22:00:00,2,1,294.0,294.0,[294.0],1,['248496-webtirf']
7274,2025-09-14 22:00:00,4,1,312.0,312.0,[312.0],1,['249545-webtirf']
7274,2025-09-23 08:00:00,2,1,1543.0,1543.0,[1543.0],1,['250411-webtirf']
7274,2025-10-21 00:00:00,2,2,23.0,102.0,"[23.0, 102.0]",1,['NO_INCIDENT']
7274,2025-11-19 20:00:00,3,1,790.0,790.0,[790.0],1,['256248-webtirf']
7274,2025-11-28 00:00:00,4,1,156.0,156.0,[156.0],1,['257386-webtirf']
7275,2025-03-13 21:00:00,3,1,996.0,996.0,[996.0],1,['227425-webtirf']
7275,2025-03-19 01:00:00,15,1,144.0,144.0,[144.0],1,['227933-webtirf']
7275,2025-03-19 02:00:00,6,1,149.0,149.0,[149.0],1,['227933-webtirf']
7275,2025-03-19 03:00:00,4,1,133.0,133.0,[133.0],1,['227933-webtirf']
7275,2025-03-19 04:00:00,2,1,267.0,267.0,[267.0],1,['227933-webtirf']
7275,2025-05-04 03:00:00,2,1,210.0,210.0,[210.0],1,['233476-webtirf']
7275,2025-05-28 00:00:00,9,1,234.0,234.0,[234.0],1,['237163-webtirf']
7275,2025-05-28 01:00:00,8,1,148.0,148.0,[148.0],1,['237163-webtirf']
7275,2025-05-28 02:00:00,5,1,104.0,104.0,[104.0],1,['237163-webtirf']
7275,2025-05-28 03:00:00,5,1,133.0,133.0,[133.0],1,['237163-webtirf']
7275,2025-05-28 04:00:00,4,1,294.0,294.0,[294.0],1,['237163-webtirf']
7275,2025-05-28 05:00:00,3,1,788.0,788.0,[788.0],1,['237163-webtirf']
7275,2025-05-28 06:00:00,3,1,1491.0,1491.0,[1491.0],1,['237163-webtirf']
7275,2025-05-28 07:00:00,2,1,1639.0,1639.0,[1639.0],1,['237163-webtirf']
7275,2025-07-24 01:00:00,3,1,166.0,166.0,[166.0],1,['243109-webtirf']
7275,2025-07-24 02:00:00,2,1,137.0,137.0,[137.0],1,['243109-webtirf']
7275,2025-07-24 03:00:00,2,1,144.0,144.0,[144.0],1,['243109-webtirf']
7275,2025-07-24 04:00:00,2,1,294.0,294.0,[294.0],1,['243109-webtirf']
7275,2025-07-24 05:00:00,2,1,691.0,691.0,[691.0],1,['243109-webtirf']
7275,2025-07-24 06:00:00,2,1,1474.0,1474.0,[1474.0],1,['243109-webtirf']
7275,2025-07-24 07:00:00,2,1,1567.0,1567.0,[1567.0],1,['243109-webtirf']
7275,2025-07-24 08:00:00,2,1,1835.0,1835.0,[1835.0],1,['243109-webtirf']
7275,2025-07-24 09:00:00,2,1,1342.0,1342.0,[1342.0],1,['243109-webtirf']
7275,2025-07-24 10:00:00,2,1,1260.0,1260.0,[1260.0],1,['243109-webtirf']
7275,2025-07-24 11:00:00,2,1,1351.0,1351.0,[1351.0],1,['243109-webtirf']
7275,2025-07-24 12:00:00,2,1,1281.0,1281.0,[1281.0],1,['243109-webtirf']
7275,2025-07-24 13:00:00,2,1,1318.0,1318.0,[1318.0],1,['243109-webtirf']
7275,2025-07-24 14:00:00,2,1,1582.0,1582.0,[1582.0],1,['243109-webtirf']
7275,2025-07-24 15:00:00,2,1,1872.0,1872.0,[1872.0],1,['243109-webtirf']
7275,2025-07-24 16:00:00,2,1,1862.0,1862.0,[1862.0],1,['243109-webtirf']
7275,2025-07-24 17:00:00,2,1,1965.0,1965.0,[1965.0],1,['243109-webtirf']
7275,2025-07-24 18:00:00,2,1,1698.0,1698.0,[1698.0],1,['243109-webtirf']
7275,2025-07-24 19:00:00,2,1,1233.0,1233.0,[1233.0],1,['243109-webtirf']
7275,2025-07-24 20:00:00,2,1,933.0,933.0,[933.0],1,['243109-webtirf']
7275,2025-07-24 21:00:00,2,1,882.0,882.0,[882.0],1,['243109-webtirf']
7275,2025-07-24 22:00:00,2,1,698.0,698.0,[698.0],1,['243109-webtirf']
7275,2025-07-24 23:00:00,2,1,478.0,478.0,[478.0],1,['243109-webtirf']
7275,2025-07-25 00:00:00,2,1,287.0,287.0,[287.0],1,['243109-webtirf']
7275,2025-08-02 10:00:00,2,1,1245.0,1245.0,[1245.0],1,['244218-webtirf']
7275,2025-10-02 19:00:00,6,1,1273.0,1273.0,[1273.0],2,"['251430-webtirf', '251430.0-webtirf']"
7275,2025-10-02 20:00:00,2,1,971.0,971.0,[971.0],2,"['251430-webtirf', '251430.0-webtirf']"
7275,2025-10-05 08:00:00,12,1,425.0,425.0,[425.0],1,['251633-webtirf']
7275,2025-10-05 09:00:00,8,1,612.0,612.0,[612.0],1,['251633-webtirf']
7275,2025-10-05 10:00:00,8,1,659.0,659.0,[659.0],1,['251633-webtirf']
7275,2025-10-05 11:00:00,7,1,712.0,712.0,[712.0],1,['251633-webtirf']
7275,2025-10-05 12:00:00,6,1,713.0,713.0,[713.0],1,['251633-webtirf']
7275,2025-10-05 13:00:00,6,1,704.0,704.0,[704.0],1,['251633-webtirf']
7275,2025-10-05 14:00:00,6,1,703.0,703.0,[703.0],1,['251633-webtirf']
7275,2025-10-05 15:00:00,5,1,583.0,583.0,[583.0],1,['251633-webtirf']
7275,2025-10-05 16:00:00,5,1,635.0,635.0,[635.0],1,['251633-webtirf']
7275,2025-10-05 17:00:00,3,1,653.0,653.0,[653.0],1,['251633-webtirf']
7275,2025-12-23 04:00:00,3,1,231.0,231.0,[231.0],1,['260142-webtirf']
74228,2025-04-16 06:00:00,2,1,2136.0,2136.0,[2136.0],1,['231671-webtirf']
74228,2025-06-15 03:00:00,3,1,73.0,73.0,[73.0],1,['239068-webtirf']
74228,2025-07-11 14:00:00,3,1,2149.0,2149.0,[2149.0],1,['241991-webtirf']
74228,2025-08-03 05:00:00,2,1,146.0,146.0,[146.0],1,['244390.0-webtirf']
74228,2025-08-07 22:00:00,3,1,549.0,549.0,[549.0],1,['245032-webtirf']
74228,2025-08-25 03:00:00,3,1,60.0,60.0,[60.0],1,['247153-webtirf']
74228,2025-09-02 06:00:00,6,1,2295.0,2295.0,[2295.0],1,['248003-webtirf']
74228,2025-09-02 07:00:00,5,1,2499.0,2499.0,[2499.0],1,['248003-webtirf']
74228,2025-09-02 08:00:00,5,1,2283.0,2283.0,[2283.0],1,['248003-webtirf']
74228,2025-09-02 09:00:00,5,1,2196.0,2196.0,[2196.0],1,['248003-webtirf']
74228,2025-09-02 10:00:00,5,1,1876.0,1876.0,[1876.0],1,['248003-webtirf']
74228,2025-09-02 11:00:00,5,1,1694.0,1694.0,[1694.0],1,['248003-webtirf']
74228,2025-09-02 12:00:00,5,1,1836.0,1836.0,[1836.0],1,['248003-webtirf']
74228,2025-09-02 13:00:00,5,1,1874.0,1874.0,[1874.0],1,['248003-webtirf']
74228,2025-09-02 14:00:00,5,1,2190.0,2190.0,[2190.0],1,['248003-webtirf']
74228,2025-09-02 15:00:00,5,1,2182.0,2182.0,[2182.0],1,['248003-webtirf']
74228,2025-09-02 16:00:00,5,1,2120.0,2120.0,[2120.0],1,['248003-webtirf']
74228,2025-09-02 17:00:00,5,1,2146.0,2146.0,[2146.0],1,['248003-webtirf']
74228,2025-09-02 18:00:00,5,1,2015.0,2015.0,[2015.0],1,['248003-webtirf']
74228,2025-09-02 19:00:00,5,1,1397.0,1397.0,[1397.0],1,['248003-webtirf']
74228,2025-09-02 20:00:00,5,1,1013.0,1013.0,[1013.0],1,['248003-webtirf']
74228,2025-09-02 21:00:00,5,1,753.0,753.0,[753.0],1,['248003-webtirf']
74228,2025-09-02 22:00:00,5,1,462.0,462.0,[462.0],1,['248003-webtirf']
74228,2025-09-02 23:00:00,5,1,199.0,199.0,[199.0],1,['248003-webtirf']
74228,2025-09-03 00:00:00,5,1,115.0,115.0,[115.0],1,['248003-webtirf']
74228,2025-09-03 01:00:00,5,1,76.0,76.0,[76.0],1,['248003-webtirf']
74228,2025-09-03 02:00:00,5,1,54.0,54.0,[54.0],1,['248003-webtirf']
74228,2025-09-03 03:00:00,5,1,65.0,65.0,[65.0],1,['248003-webtirf']
74228,2025-09-03 04:00:00,5,1,213.0,213.0,[213.0],1,['248003-webtirf']
74228,2025-09-03 05:00:00,5,1,841.0,841.0,[841.0],1,['248003-webtirf']
74228,2025-09-26 07:00:00,2,1,2317.0,2317.0,[2317.0],1,['250816-webtirf']
74228,2025-10-21 00:00:00,2,2,12.0,76.0,"[12.0, 76.0]",1,['NO_INCIDENT']
74228,2025-12-11 23:00:00,2,1,394.0,394.0,[394.0],1,['258927-webtirf']
74229,2025-04-24 03:00:00,3,1,52.0,52.0,[52.0],1,['232377-webtirf']
74229,2025-04-24 05:00:00,3,1,472.0,472.0,[472.0],1,['232432-webtirf']
74229,2025-05-04 21:00:00,2,1,829.0,829.0,[829.0],1,['233510.0-webtirf']
74229,2025-07-23 05:00:00,4,1,509.0,509.0,[509.0],1,['243039-webtirf']
74229,2025-08-07 00:00:00,15,1,123.0,123.0,[123.0],1,['244897-webtirf']
74229,2025-08-07 01:00:00,12,1,84.0,84.0,[84.0],1,['244897-webtirf']
74229,2025-08-07 02:00:00,8,1,52.0,52.0,[52.0],1,['244897-webtirf']
74229,2025-08-07 03:00:00,7,1,68.0,68.0,[68.0],1,['244897-webtirf']
74229,2025-08-07 04:00:00,7,1,155.0,155.0,[155.0],1,['244897-webtirf']
74229,2025-08-07 05:00:00,7,1,591.0,591.0,[591.0],1,['244897-webtirf']
74229,2025-08-07 06:00:00,4,1,1543.0,1543.0,[1543.0],1,['244897-webtirf']
74229,2025-08-07 07:00:00,3,1,2656.0,2656.0,[2656.0],1,['244897-webtirf']
74229,2025-10-14 21:00:00,7,1,644.0,644.0,[644.0],1,['252592-webtirf']
74229,2025-10-21 00:00:00,2,2,6.0,64.0,"[6.0, 64.0]",1,['NO_INCIDENT']
74229,2025-11-06 21:00:00,2,1,855.0,855.0,[855.0],1,['254946-webtirf']
74229,2025-11-16 00:00:00,9,1,210.0,210.0,[210.0],1,['255854-webtirf']
74229,2025-11-16 01:00:00,5,1,125.0,125.0,[125.0],1,['255854-webtirf']
74229,2025-11-16 02:00:00,4,1,90.0,90.0,[90.0],1,['255854-webtirf']
74229,2025-11-17 22:00:00,3,1,295.0,295.0,[295.0],1,['256053-webtirf']
74229,2025-11-17 23:00:00,2,1,129.0,129.0,[129.0],1,['256053-webtirf']
74229,2025-11-18 00:00:00,2,1,73.0,73.0,[73.0],1,['256053-webtirf']
74229,2025-11-18 01:00:00,2,1,71.0,71.0,[71.0],1,['256053-webtirf']
74229,2025-11-18 02:00:00,2,1,81.0,81.0,[81.0],1,['256053-webtirf']
74229,2025-11-18 03:00:00,2,1,161.0,161.0,[161.0],1,['256053-webtirf']
74229,2025-11-18 04:00:00,2,1,600.0,600.0,[600.0],1,['256053-webtirf']
74229,2025-11-18 05:00:00,2,1,1859.0,1859.0,[1859.0],1,['256053-webtirf']
74229,2025-11-18 06:00:00,2,1,2910.0,2910.0,[2910.0],1,['256053-webtirf']
74229,2025-11-18 07:00:00,2,1,2846.0,2846.0,[2846.0],1,['256053-webtirf']
74229,2025-11-18 08:00:00,2,1,2117.0,2117.0,[2117.0],1,['256053-webtirf']
74229,2025-11-18 09:00:00,2,1,1611.0,1611.0,[1611.0],1,['256053-webtirf']
74229,2025-11-18 10:00:00,2,1,1553.0,1553.0,[1553.0],1,['256053-webtirf']
74229,2025-11-18 11:00:00,2,1,1596.0,1596.0,[1596.0],1,['256053-webtirf']
74229,2025-11-18 12:00:00,2,1,1712.0,1712.0,[1712.0],1,['256053-webtirf']
74229,2025-11-18 13:00:00,2,1,1893.0,1893.0,[1893.0],1,['256053-webtirf']
74229,2025-11-18 14:00:00,2,1,2264.0,2264.0,[2264.0],1,['256053-webtirf']
74229,2025-11-18 15:00:00,2,1,2669.0,2669.0,[2669.0],1,['256053-webtirf']
74229,2025-11-18 16:00:00,2,1,2712.0,2712.0,[2712.0],1,['256053-webtirf']
74229,2025-11-18 17:00:00,2,1,2112.0,2112.0,[2112.0],1,['256053-webtirf']
74229,2025-11-18 18:00:00,2,1,1572.0,1572.0,[1572.0],1,['256053-webtirf']
74229,2025-11-18 19:00:00,2,1,1176.0,1176.0,[1176.0],1,['256053-webtirf']
74229,2025-11-18 20:00:00,2,1,1103.0,1103.0,[1103.0],1,['256053-webtirf']
74229,2025-11-18 21:00:00,2,1,664.0,664.0,[664.0],1,['256053-webtirf']
74229,2025-12-08 06:00:00,2,1,2016.0,2016.0,[2016.0],1,['258519-webtirf']
74230,2025-01-09 23:00:00,2,1,30.0,30.0,[30.0],1,['220088-webtirf']
74230,2025-04-03 21:00:00,2,1,179.0,179.0,[179.0],1,['230290.0-webtirf']
74230,2025-05-01 07:00:00,3,1,208.0,208.0,[208.0],1,['233226-webtirf']
74230,2025-05-18 19:00:00,4,1,49.0,49.0,[49.0],1,['235018-webtirf']
74230,2025-05-18 20:00:00,2,1,85.0,85.0,[85.0],1,['235018-webtirf']
74230,2025-05-18 21:00:00,2,1,163.0,163.0,[163.0],1,['235018-webtirf']
74230,2025-05-22 01:00:00,2,1,27.0,27.0,[27.0],1,['235968-webtirf']
74230,2025-06-29 00:00:00,4,1,45.0,45.0,[45.0],1,['240471-webtirf']
74230,2025-06-30 07:00:00,4,1,283.0,283.0,[283.0],1,['240630.0-webtirf']
74230,2025-06-30 08:00:00,2,1,281.0,281.0,[281.0],1,['240630.0-webtirf']
74230,2025-07-10 04:00:00,12,1,33.0,33.0,[33.0],1,['241825-webtirf']
74230,2025-07-10 05:00:00,8,1,134.0,134.0,[134.0],1,['241825-webtirf']
74230,2025-07-10 06:00:00,5,1,215.0,215.0,[215.0],1,['241825-webtirf']
74230,2025-07-10 07:00:00,3,1,254.0,254.0,[254.0],1,['241825-webtirf']
74230,2025-09-02 09:00:00,2,1,768.0,768.0,[768.0],1,['248014-webtirf']
74230,2025-09-12 07:00:00,2,1,1273.0,1273.0,[1273.0],1,['249425-webtirf']
74230,2025-09-12 15:00:00,2,1,1662.0,1662.0,[1662.0],1,['249446-webtirf']
74230,2025-09-17 05:00:00,5,1,560.0,560.0,[560.0],1,['249844-webtirf']
74230,2025-09-17 06:00:00,2,1,1029.0,1029.0,[1029.0],1,['249844-webtirf']
74230,2025-09-26 05:00:00,2,1,668.0,668.0,[668.0],1,['250805-webtirf']
74230,2025-09-28 22:00:00,2,1,411.0,411.0,[411.0],1,['250953-webtirf']
74230,2025-10-21 00:00:00,2,2,7.0,69.0,"[7.0, 69.0]",1,['NO_INCIDENT']
74230,2025-11-13 04:00:00,8,1,662.0,662.0,[662.0],2,"['255600-webtirf', '255600.0-webtirf']"
74230,2025-11-13 21:00:00,2,1,646.0,646.0,[646.0],1,['255653-webtirf']
74230,2025-11-15 05:00:00,4,1,798.0,798.0,[798.0],1,['255814-webtirf']
74230,2025-11-17 03:00:00,3,1,307.0,307.0,[307.0],1,['255975-webtirf']
74230,2025-11-23 10:00:00,2,1,1247.0,1247.0,[1247.0],1,['256645-webtirf']
74230,2025-11-28 05:00:00,2,1,331.0,331.0,[331.0],1,['257465-webtirf']
74230,2025-11-30 19:00:00,2,1,752.0,752.0,[752.0],1,['257685-webtirf']
74230,2025-12-15 23:00:00,5,1,102.0,102.0,[102.0],1,['259345-webtirf']
74230,2025-12-16 00:00:00,2,1,25.0,25.0,[25.0],1,['259345-webtirf']
74230,2025-12-23 04:00:00,3,1,369.0,369.0,[369.0],1,['260144-webtirf']
74230,2025-12-23 23:00:00,2,1,168.0,168.0,[168.0],1,['260196-webtirf']
9658,2025-03-03 04:00:00,2,1,231.0,231.0,[231.0],1,['225506-webtirf']
9658,2025-03-04 09:00:00,5,1,1086.0,1086.0,[1086.0],1,['225653-webtirf']
9658,2025-03-18 21:00:00,3,1,647.0,647.0,[647.0],1,['227895-webtirf']
9658,2025-04-15 05:00:00,3,1,623.0,623.0,[623.0],1,['231525-webtirf']
9658,2025-04-19 22:00:00,3,1,621.0,621.0,[621.0],1,['231957-webtirf']
9658,2025-04-29 10:00:00,3,1,1039.0,1039.0,[1039.0],1,['232984-webtirf']
9658,2025-04-29 11:00:00,2,1,1037.0,1037.0,[1037.0],1,['232984-webtirf']
9658,2025-05-09 04:00:00,2,1,236.0,236.0,[236.0],1,['234074-webtirf']
9658,2025-05-16 04:00:00,3,1,230.0,230.0,[230.0],1,['234815-webtirf']
9658,2025-05-21 09:00:00,2,1,1023.0,1023.0,[1023.0],1,['235819-webtirf']
9658,2025-06-10 08:00:00,2,1,1185.0,1185.0,[1185.0],1,['238575-webtirf']
9658,2025-06-18 02:00:00,5,1,101.0,101.0,[101.0],1,['239377-webtirf']
9658,2025-06-24 20:00:00,8,1,662.0,662.0,[662.0],1,['240095-webtirf']
9658,2025-06-24 21:00:00,4,1,610.0,610.0,[610.0],1,['240095-webtirf']
9658,2025-06-24 22:00:00,2,1,512.0,512.0,[512.0],1,['240095-webtirf']
9658,2025-07-09 23:00:00,2,1,361.0,361.0,[361.0],1,['241758-webtirf']
9658,2025-08-07 08:00:00,3,1,1167.0,1167.0,[1167.0],1,['244979-webtirf']
9658,2025-08-13 02:00:00,3,1,77.0,77.0,[77.0],1,['245561-webtirf']
9658,2025-08-31 07:00:00,3,1,534.0,534.0,[534.0],1,['247767-webtirf']
9658,2025-09-04 03:00:00,3,1,127.0,127.0,[127.0],1,['248156-webtirf']
9658,2025-09-10 21:00:00,3,1,646.0,646.0,[646.0],1,['249085-webtirf']
9658,2025-09-18 06:00:00,2,1,1039.0,1039.0,[1039.0],1,['249952-webtirf']
9658,2025-09-29 04:00:00,2,1,214.0,214.0,[214.0],1,['251003-webtirf']
9658,2025-09-30 20:00:00,4,1,696.0,696.0,[696.0],2,"['251170-webtirf', '251170.0-webtirf']"
9658,2025-10-21 00:00:00,2,2,25.0,145.0,"[25.0, 145.0]",1,['NO_INCIDENT']
9658,2025-10-22 03:00:00,8,1,136.0,136.0,[136.0],2,"['253400-webtirf', '253400.0-webtirf']"
9658,2025-10-22 04:00:00,2,1,236.0,236.0,[236.0],2,"['253400-webtirf', '253400.0-webtirf']"
9658,2025-10-22 20:00:00,5,1,825.0,825.0,[825.0],1,['253488-webtirf']
9658,2025-11-06 22:00:00,4,1,633.0,633.0,[633.0],2,"['254950-webtirf', '254950.0-webtirf']"
9658,2025-11-25 18:00:00,3,1,1300.0,1300.0,[1300.0],1,['256931-webtirf']
9658,2025-11-26 05:00:00,2,1,655.0,655.0,[655.0],1,['257082-webtirf']
9658,2025-11-30 06:00:00,2,1,410.0,410.0,[410.0],1,['257657-webtirf']
9827,2025-04-29 00:00:00,5,1,30.0,30.0,[30.0],1,['232890.0-webtirf']
9827,2025-04-29 01:00:00,3,1,23.0,23.0,[23.0],1,['232890.0-webtirf']
9827,2025-04-29 02:00:00,3,1,37.0,37.0,[37.0],1,['232890.0-webtirf']
9827,2025-04-29 03:00:00,3,1,22.0,22.0,[22.0],1,['232890.0-webtirf']
9827,2025-04-29 04:00:00,3,1,125.0,125.0,[125.0],1,['232890.0-webtirf']
9827,2025-04-29 05:00:00,3,1,329.0,329.0,[329.0],1,['232890.0-webtirf']
9827,2025-04-29 06:00:00,3,1,880.0,880.0,[880.0],1,['232890.0-webtirf']
9827,2025-04-29 07:00:00,3,1,1198.0,1198.0,[1198.0],1,['232890.0-webtirf']
9827,2025-04-29 08:00:00,3,1,1155.0,1155.0,[1155.0],1,['232890.0-webtirf']
9827,2025-04-29 09:00:00,3,1,1032.0,1032.0,[1032.0],1,['232890.0-webtirf']
9827,2025-04-29 10:00:00,3,1,1040.0,1040.0,[1040.0],1,['232890.0-webtirf']
9827,2025-04-29 11:00:00,3,1,1068.0,1068.0,[1068.0],1,['232890.0-webtirf']
9827,2025-04-29 12:00:00,3,1,1066.0,1066.0,[1066.0],1,['232890.0-webtirf']
9827,2025-04-29 13:00:00,3,1,1032.0,1032.0,[1032.0],1,['232890.0-webtirf']
9827,2025-04-29 14:00:00,3,1,1092.0,1092.0,[1092.0],1,['232890.0-webtirf']
9827,2025-04-29 15:00:00,3,1,1377.0,1377.0,[1377.0],1,['232890.0-webtirf']
9827,2025-04-29 16:00:00,3,1,0.0,0.0,[0.0],1,['232890.0-webtirf']
9827,2025-04-29 17:00:00,3,1,1348.0,1348.0,[1348.0],1,['232890.0-webtirf']
9827,2025-04-29 18:00:00,3,1,846.0,846.0,[846.0],1,['232890.0-webtirf']
9827,2025-04-29 19:00:00,3,1,558.0,558.0,[558.0],1,['232890.0-webtirf']
9827,2025-04-29 20:00:00,3,1,457.0,457.0,[457.0],1,['232890.0-webtirf']
9827,2025-04-29 21:00:00,3,1,354.0,354.0,[354.0],1,['232890.0-webtirf']
9827,2025-04-29 22:00:00,3,1,159.0,159.0,[159.0],1,['232890.0-webtirf']
9827,2025-04-29 23:00:00,3,1,114.0,114.0,[114.0],1,['232890.0-webtirf']
9827,2025-05-22 22:00:00,2,1,237.0,237.0,[237.0],1,['236290.0-webtirf']
9827,2025-06-18 07:00:00,2,1,1157.0,1157.0,[1157.0],1,['239432-webtirf']
9827,2025-09-11 02:00:00,4,1,33.0,33.0,[33.0],2,"['249180-webtirf', '249180.0-webtirf']"
9827,2025-09-11 03:00:00,2,1,28.0,28.0,[28.0],2,"['249180-webtirf', '249180.0-webtirf']"
9827,2025-09-11 04:00:00,2,1,136.0,136.0,[136.0],2,"['249180-webtirf', '249180.0-webtirf']"
9827,2025-09-11 05:00:00,2,1,465.0,465.0,[465.0],2,"['249180-webtirf', '249180.0-webtirf']"
9827,2025-09-11 06:00:00,2,1,1144.0,1144.0,[1144.0],2,"['249180-webtirf', '249180.0-webtirf']"
9827,2025-09-11 07:00:00,2,1,1487.0,1487.0,[1487.0],2,"['249180-webtirf', '249180.0-webtirf']"
9827,2025-09-11 08:00:00,2,1,1285.0,1285.0,[1285.0],2,"['249180-webtirf', '249180.0-webtirf']"
9827,2025-09-11 09:00:00,2,1,1291.0,1291.0,[1291.0],2,"['249180-webtirf', '249180.0-webtirf']"
9827,2025-09-11 10:00:00,2,1,1267.0,1267.0,[1267.0],2,"['249180-webtirf', '249180.0-webtirf']"
9827,2025-09-11 11:00:00,2,1,0.0,0.0,[0.0],2,"['249180-webtirf', '249180.0-webtirf']"
9827,2025-09-11 12:00:00,2,1,1171.0,1171.0,[1171.0],2,"['249180-webtirf', '249180.0-webtirf']"
9827,2025-09-11 13:00:00,2,1,1144.0,1144.0,[1144.0],2,"['249180-webtirf', '249180.0-webtirf']"
9827,2025-09-11 14:00:00,2,1,1270.0,1270.0,[1270.0],2,"['249180-webtirf', '249180.0-webtirf']"
9827,2025-09-11 15:00:00,2,1,1415.0,1415.0,[1415.0],2,"['249180-webtirf', '249180.0-webtirf']"
9827,2025-09-11 16:00:00,2,1,1536.0,1536.0,[1536.0],2,"['249180-webtirf', '249180.0-webtirf']"
9827,2025-09-11 17:00:00,2,1,1447.0,1447.0,[1447.0],2,"['249180-webtirf', '249180.0-webtirf']"
9827,2025-09-11 18:00:00,2,1,1163.0,1163.0,[1163.0],2,"['249180-webtirf', '249180.0-webtirf']"
9827,2025-09-11 19:00:00,2,1,686.0,686.0,[686.0],2,"['249180-webtirf', '249180.0-webtirf']"
9827,2025-09-11 20:00:00,2,1,511.0,511.0,[511.0],2,"['249180-webtirf', '249180.0-webtirf']"
9827,2025-09-11 21:00:00,2,1,478.0,478.0,[478.0],2,"['249180-webtirf', '249180.0-webtirf']"
9827,2025-12-11 14:00:00,2,1,1136.0,1136.0,[1136.0],1,['258879-webtirf']
9834-PR,2025-07-18 04:00:00,2,1,77.0,77.0,[77.0],1,['242616-webtirf']
9834-PR,2025-08-12 22:00:00,2,1,262.0,262.0,[262.0],1,['245526-webtirf']
9834-PR,2025-09-25 05:00:00,6,1,450.0,450.0,[450.0],2,"['250660-webtirf', '250660.0-webtirf']"
9834-PR,2025-10-21 00:00:00,2,2,2.0,25.0,"[2.0, 25.0]",1,['NO_INCIDENT']
9836-PR,2025-03-02 23:00:00,2,1,6.0,6.0,[6.0],1,['225464-webtirf']
9836-PR,2025-05-26 06:00:00,7,1,2763.0,2763.0,[2763.0],2,"['236884-webtirf', '236891-webtirf']"
9836-PR,2025-05-26 07:00:00,3,1,2941.0,2941.0,[2941.0],2,"['236884-webtirf', '236891-webtirf']"
9836-PR,2025-05-26 08:00:00,2,1,2907.0,2907.0,[2907.0],1,['236884-webtirf']
9836-PR,2025-05-26 09:00:00,2,1,2649.0,2649.0,[2649.0],1,['236884-webtirf']
9836-PR,2025-05-26 10:00:00,2,1,2599.0,2599.0,[2599.0],1,['236884-webtirf']
9836-PR,2025-05-26 11:00:00,2,1,2667.0,2667.0,[2667.0],1,['236884-webtirf']
9836-PR,2025-05-26 12:00:00,2,1,2698.0,2698.0,[2698.0],1,['236884-webtirf']
9836-PR,2025-05-26 13:00:00,2,1,2717.0,2717.0,[2717.0],1,['236884-webtirf']
9836-PR,2025-05-26 14:00:00,2,1,1441.0,1441.0,[1441.0],1,['236884-webtirf']
9836-PR,2025-05-26 15:00:00,2,1,2861.0,2861.0,[2861.0],1,['236884-webtirf']
9836-PR,2025-05-26 16:00:00,2,1,3286.0,3286.0,[3286.0],1,['236884-webtirf']
9836-PR,2025-05-26 17:00:00,2,1,3275.0,3275.0,[3275.0],1,['236884-webtirf']
9836-PR,2025-05-26 18:00:00,2,1,2968.0,2968.0,[2968.0],1,['236884-webtirf']
9836-PR,2025-05-26 19:00:00,2,1,2130.0,2130.0,[2130.0],1,['236884-webtirf']
9836-PR,2025-05-26 20:00:00,2,1,1711.0,1711.0,[1711.0],1,['236884-webtirf']
9836-PR,2025-05-26 21:00:00,2,1,1307.0,1307.0,[1307.0],1,['236884-webtirf']
9836-PR,2025-05-26 22:00:00,2,1,901.0,901.0,[901.0],1,['236884-webtirf']
9836-PR,2025-05-26 23:00:00,2,1,461.0,461.0,[461.0],1,['236884-webtirf']
9836-PR,2025-05-27 00:00:00,2,1,260.0,260.0,[260.0],1,['236884-webtirf']
9836-PR,2025-05-27 01:00:00,2,1,158.0,158.0,[158.0],1,['236884-webtirf']
9836-PR,2025-05-27 02:00:00,2,1,142.0,142.0,[142.0],1,['236884-webtirf']
9836-PR,2025-05-27 03:00:00,2,1,167.0,167.0,[167.0],1,['236884-webtirf']
9836-PR,2025-05-27 04:00:00,2,1,468.0,468.0,[468.0],1,['236884-webtirf']
9836-PR,2025-05-27 05:00:00,2,1,1407.0,1407.0,[1407.0],1,['236884-webtirf']
9836-PR,2025-06-09 10:00:00,3,1,758.0,758.0,[758.0],1,['238473-webtirf']
9836-PR,2025-08-26 21:00:00,3,1,1600.0,1600.0,[1600.0],1,['247334-webtirf']
9836-PR,2025-08-28 00:00:00,2,1,376.0,376.0,[376.0],1,['247467-webtirf']
9836-PR,2025-09-17 06:00:00,2,1,2870.0,2870.0,[2870.0],1,['249849-webtirf']
9836-PR,2025-10-21 00:00:00,2,2,111.0,196.0,"[111.0, 196.0]",1,['NO_INCIDENT']
9836-PR,2025-11-02 20:00:00,3,1,1861.0,1861.0,[1861.0],1,['254551-webtirf']
9836-PR,2025-11-13 07:00:00,2,1,1753.0,1753.0,[1753.0],1,['255618-webtirf']
9849,2025-04-14 05:00:00,2,1,0.0,0.0,[0.0],1,['231378-webtirf']
9849,2025-06-08 06:00:00,3,1,236.0,236.0,[236.0],1,['238403-webtirf']
9849,2025-06-08 07:00:00,2,1,288.0,288.0,[288.0],1,['238403-webtirf']
9849,2025-08-15 07:00:00,2,1,1523.0,1523.0,[1523.0],1,['245854-webtirf']
9849,2025-10-21 00:00:00,2,2,45.0,80.0,"[45.0, 80.0]",1,['NO_INCIDENT']
9849,2025-12-29 19:00:00,4,1,466.0,466.0,[466.0],1,['260481-webtirf']
F3FWY001,2025-01-17 01:00:00,4,1,0.0,0.0,[0.0],1,['220930.0-webtirf']
F3FWY001,2025-01-17 06:00:00,2,1,2176.0,2176.0,[2176.0],1,['221020.0-webtirf']
F3FWY001,2025-04-21 23:00:00,4,1,386.0,386.0,[386.0],1,['232066-webtirf']
F3FWY001,2025-05-22 00:00:00,4,1,108.0,108.0,[108.0],1,['235953-webtirf']
F3FWY001,2025-07-30 09:00:00,2,1,5176.0,5176.0,[5176.0],1,['243814-webtirf']
F3FWY001,2025-08-17 01:00:00,2,1,223.0,223.0,[223.0],1,['245943-webtirf']
F3FWY001,2025-10-12 17:00:00,2,1,3640.0,3640.0,[3640.0],1,['252349-webtirf']
F3FWY001,2025-10-21 00:00:00,2,2,123.0,134.0,"[123.0, 134.0]",1,['NO_INCIDENT']
F3FWY001,2025-11-12 05:00:00,3,1,3847.0,3847.0,[3847.0],1,['255482-webtirf']
F3FWY001,2025-12-11 00:00:00,6,1,691.0,691.0,[691.0],1,['258825-webtirf']
F3FWY001,2025-12-11 01:00:00,4,1,291.0,291.0,[291.0],1,['258825-webtirf']
F3FWY001,2025-12-11 02:00:00,2,1,221.0,221.0,[221.0],1,['258825-webtirf']
F3FWY001,2025-12-17 02:00:00,3,1,237.0,237.0,[237.0],1,['259477-webtirf']
F3FWY002,2025-03-11 00:00:00,3,1,2.0,2.0,[2.0],1,['226879-webtirf']
F3FWY002,2025-03-11 01:00:00,3,1,4.0,4.0,[4.0],1,['226879-webtirf']
F3FWY002,2025-04-14 21:00:00,2,1,1309.0,1309.0,[1309.0],1,['231424-webtirf']
F3FWY002,2025-05-01 15:00:00,3,1,2375.0,2375.0,[2375.0],1,['233246-webtirf']
F3FWY002,2025-05-01 16:00:00,2,1,2507.0,2507.0,[2507.0],1,['233246-webtirf']
F3FWY002,2025-05-13 07:00:00,2,1,4149.0,4149.0,[4149.0],1,['234451-webtirf']
F3FWY002,2025-06-18 02:00:00,36,1,199.0,199.0,[199.0],1,['239378-webtirf']
F3FWY002,2025-06-18 03:00:00,35,1,352.0,352.0,[352.0],1,['239378-webtirf']
F3FWY002,2025-06-18 04:00:00,35,1,863.0,863.0,[863.0],1,['239378-webtirf']
F3FWY002,2025-06-18 05:00:00,33,1,2396.0,2396.0,[2396.0],1,['239378-webtirf']
F3FWY002,2025-06-18 06:00:00,32,1,3774.0,3774.0,[3774.0],1,['239378-webtirf']
F3FWY002,2025-06-18 07:00:00,31,1,3700.0,3700.0,[3700.0],1,['239378-webtirf']
F3FWY002,2025-06-18 08:00:00,31,1,2865.0,2865.0,[2865.0],1,['239378-webtirf']
F3FWY002,2025-06-18 09:00:00,30,1,2542.0,2542.0,[2542.0],1,['239378-webtirf']
F3FWY002,2025-06-18 10:00:00,29,1,2222.0,2222.0,[2222.0],1,['239378-webtirf']
F3FWY002,2025-06-18 11:00:00,28,1,2084.0,2084.0,[2084.0],1,['239378-webtirf']
F3FWY002,2025-06-18 12:00:00,28,1,2071.0,2071.0,[2071.0],1,['239378-webtirf']
F3FWY002,2025-06-18 13:00:00,27,1,2248.0,2248.0,[2248.0],1,['239378-webtirf']
F3FWY002,2025-06-18 14:00:00,26,1,2604.0,2604.0,[2604.0],1,['239378-webtirf']
F3FWY002,2025-06-18 15:00:00,25,1,2581.0,2581.0,[2581.0],1,['239378-webtirf']
F3FWY002,2025-06-18 16:00:00,24,1,2598.0,2598.0,[2598.0],1,['239378-webtirf']
F3FWY002,2025-06-18 17:00:00,24,1,2262.0,2262.0,[2262.0],1,['239378-webtirf']
F3FWY002,2025-06-18 18:00:00,24,1,1648.0,1648.0,[1648.0],1,['239378-webtirf']
F3FWY002,2025-06-18 19:00:00,23,1,997.0,997.0,[997.0],1,['239378-webtirf']
F3FWY002,2025-06-18 20:00:00,22,1,616.0,616.0,[616.0],1,['239378-webtirf']
F3FWY002,2025-06-18 21:00:00,21,1,507.0,507.0,[507.0],1,['239378-webtirf']
F3FWY002,2025-06-18 22:00:00,21,1,464.0,464.0,[464.0],1,['239378-webtirf']
F3FWY002,2025-06-18 23:00:00,20,1,349.0,349.0,[349.0],1,['239378-webtirf']
F3FWY002,2025-06-19 00:00:00,20,1,194.0,194.0,[194.0],1,['239378-webtirf']
F3FWY002,2025-06-19 01:00:00,19,1,189.0,189.0,[189.0],1,['239378-webtirf']
F3FWY002,2025-06-19 02:00:00,19,1,207.0,207.0,[207.0],1,['239378-webtirf']
F3FWY002,2025-06-19 03:00:00,19,1,332.0,332.0,[332.0],1,['239378-webtirf']
F3FWY002,2025-06-19 04:00:00,19,1,821.0,821.0,[821.0],1,['239378-webtirf']
F3FWY002,2025-06-19 05:00:00,18,1,2335.0,2335.0,[2335.0],1,['239378-webtirf']
F3FWY002,2025-06-19 06:00:00,18,1,3704.0,3704.0,[3704.0],1,['239378-webtirf']
F3FWY002,2025-06-19 07:00:00,17,1,3652.0,3652.0,[3652.0],1,['239378-webtirf']
F3FWY002,2025-06-19 08:00:00,17,1,2886.0,2886.0,[2886.0],1,['239378-webtirf']
F3FWY002,2025-06-19 09:00:00,15,1,2552.0,2552.0,[2552.0],1,['239378-webtirf']
F3FWY002,2025-06-19 10:00:00,14,1,2415.0,2415.0,[2415.0],1,['239378-webtirf']
F3FWY002,2025-06-19 11:00:00,12,1,2144.0,2144.0,[2144.0],1,['239378-webtirf']
F3FWY002,2025-06-19 12:00:00,11,1,2279.0,2279.0,[2279.0],1,['239378-webtirf']
F3FWY002,2025-06-19 13:00:00,10,1,2313.0,2313.0,[2313.0],1,['239378-webtirf']
F3FWY002,2025-06-19 14:00:00,10,1,2727.0,2727.0,[2727.0],1,['239378-webtirf']
F3FWY002,2025-06-19 15:00:00,9,1,2921.0,2921.0,[2921.0],1,['239378-webtirf']
F3FWY002,2025-06-19 16:00:00,9,1,2670.0,2670.0,[2670.0],1,['239378-webtirf']
F3FWY002,2025-06-19 17:00:00,8,1,2388.0,2388.0,[2388.0],1,['239378-webtirf']
F3FWY002,2025-06-19 18:00:00,7,1,1807.0,1807.0,[1807.0],1,['239378-webtirf']
F3FWY002,2025-06-19 19:00:00,5,1,1226.0,1226.0,[1226.0],1,['239378-webtirf']
F3FWY002,2025-06-19 20:00:00,4,1,746.0,746.0,[746.0],1,['239378-webtirf']
F3FWY002,2025-06-19 21:00:00,2,1,613.0,613.0,[613.0],1,['239378-webtirf']
F3FWY002,2025-06-19 22:00:00,2,1,436.0,436.0,[436.0],1,['239378-webtirf']
F3FWY002,2025-06-19 23:00:00,2,1,380.0,380.0,[380.0],1,['239378-webtirf']
F3FWY002,2025-09-04 04:00:00,2,1,854.0,854.0,[854.0],1,['248168-webtirf']
F3FWY002,2025-09-05 08:00:00,2,1,2500.0,2500.0,[2500.0],1,['248326-webtirf']
F3FWY002,2025-09-10 19:00:00,18,1,793.0,793.0,[793.0],1,['249065-webtirf']
F3FWY002,2025-09-10 20:00:00,16,1,519.0,519.0,[519.0],1,['249065-webtirf']
F3FWY002,2025-09-10 21:00:00,14,1,500.0,500.0,[500.0],1,['249065-webtirf']
F3FWY002,2025-09-10 22:00:00,11,1,384.0,384.0,[384.0],1,['249065-webtirf']
F3FWY002,2025-09-10 23:00:00,10,1,278.0,278.0,[278.0],1,['249065-webtirf']
F3FWY002,2025-09-11 00:00:00,10,1,185.0,185.0,[185.0],1,['249065-webtirf']
F3FWY002,2025-09-11 01:00:00,10,1,174.0,174.0,[174.0],1,['249065-webtirf']
F3FWY002,2025-09-11 02:00:00,8,1,207.0,207.0,[207.0],1,['249065-webtirf']
F3FWY002,2025-09-11 03:00:00,6,1,233.0,233.0,[233.0],1,['249065-webtirf']
F3FWY002,2025-09-11 04:00:00,5,1,606.0,606.0,[606.0],1,['249065-webtirf']
F3FWY002,2025-09-11 05:00:00,5,1,1020.0,1020.0,[1020.0],1,['249065-webtirf']
F3FWY002,2025-09-11 06:00:00,5,1,3008.0,3008.0,[3008.0],1,['249065-webtirf']
F3FWY002,2025-09-11 07:00:00,5,1,1099.0,1099.0,[1099.0],1,['249065-webtirf']
F3FWY002,2025-09-11 08:00:00,5,1,1449.0,1449.0,[1449.0],1,['249065-webtirf']
F3FWY002,2025-09-11 09:00:00,3,1,2550.0,2550.0,[2550.0],1,['249065-webtirf']
F3FWY002,2025-09-11 10:00:00,3,1,2227.0,2227.0,[2227.0],1,['249065-webtirf']
F3FWY002,2025-09-25 00:00:00,3,1,25.0,25.0,[25.0],1,['250489-webtirf']
F3FWY002,2025-09-25 01:00:00,5,1,13.0,13.0,[13.0],2,"['250489-webtirf', '250609-webtirf']"
F3FWY002,2025-09-29 00:00:00,6,1,165.0,165.0,[165.0],2,"['250960-webtirf', '250960.0-webtirf']"
F3FWY002,2025-10-09 17:00:00,3,1,3506.0,3506.0,[3506.0],1,['252085-webtirf']
F3FWY002,2025-10-26 08:00:00,3,1,2108.0,2108.0,[2108.0],1,['253803-webtirf']
F3FWY002,2025-11-25 16:00:00,5,1,6726.0,6726.0,[6726.0],1,['256928-webtirf']
F3FWY002,2025-11-25 17:00:00,4,1,5758.0,5758.0,[5758.0],1,['256928-webtirf']
F3FWY002,2025-11-25 18:00:00,3,1,4150.0,4150.0,[4150.0],1,['256928-webtirf']
F3FWY003,2025-01-02 01:00:00,4,1,171.0,171.0,[171.0],1,['219468-webtirf']
F3FWY003,2025-01-04 00:00:00,3,1,353.0,353.0,[353.0],1,['219562-webtirf']
F3FWY003,2025-01-04 06:00:00,2,1,0.0,0.0,[0.0],1,['219585-webtirf']
F3FWY003,2025-01-06 00:00:00,5,1,261.0,261.0,[261.0],1,['219650.0-webtirf']
F3FWY003,2025-01-31 05:00:00,5,1,673.0,673.0,[673.0],1,['222476-webtirf']
F3FWY003,2025-01-31 06:00:00,4,1,581.0,581.0,[581.0],1,['222476-webtirf']
F3FWY003,2025-01-31 07:00:00,2,1,265.0,265.0,[265.0],1,['222476-webtirf']
F3FWY003,2025-08-03 02:00:00,6,1,110.0,110.0,[110.0],1,['244351-webtirf']
F3FWY003,2025-08-07 08:00:00,3,1,2186.0,2186.0,[2186.0],1,['244980.0-webtirf']
F3FWY003,2025-08-08 13:00:00,2,1,3171.0,3171.0,[3171.0],1,['245111-webtirf']
F3FWY003,2025-08-08 16:00:00,3,1,4184.0,4184.0,[4184.0],1,['245115-webtirf']
F3FWY003,2025-08-10 08:00:00,5,1,1369.0,1369.0,[1369.0],1,['245251-webtirf']
F3FWY003,2025-08-18 12:00:00,4,1,2308.0,2308.0,[2308.0],1,['246096-webtirf']
F3FWY003,2025-08-22 13:00:00,2,1,3284.0,3284.0,[3284.0],1,['246969-webtirf']
F3FWY003,2025-08-29 23:00:00,6,1,565.0,565.0,[565.0],1,['247702-webtirf']
F3FWY003,2025-08-30 00:00:00,3,1,336.0,336.0,[336.0],1,['247702-webtirf']
F3FWY003,2025-08-31 01:00:00,4,1,208.0,208.0,[208.0],1,['247745-webtirf']
F3FWY003,2025-09-27 03:00:00,2,1,202.0,202.0,[202.0],1,['250869-webtirf']
F3FWY003,2025-10-12 23:00:00,3,1,447.0,447.0,[447.0],1,['252378-webtirf']
F3FWY003,2025-10-17 06:00:00,2,1,2103.0,2103.0,[2103.0],1,['252936-webtirf']
F3FWY003,2025-10-21 19:00:00,2,1,1439.0,1439.0,[1439.0],1,['253324-webtirf']
F3FWY003,2025-11-02 22:00:00,2,1,1253.0,1253.0,[1253.0],1,['254565-webtirf']
F3FWY003,2025-11-07 01:00:00,2,1,436.0,436.0,[436.0],1,['254982-webtirf']
F3FWY003,2025-11-11 19:00:00,6,1,2461.0,2461.0,[2461.0],1,['255402-webtirf']
F3FWY003,2025-11-14 05:00:00,5,1,3634.0,3634.0,[3634.0],1,['255741-webtirf']
F3FWY003,2025-11-14 06:00:00,4,1,5385.0,5385.0,[5385.0],1,['255741-webtirf']
F3FWY003,2025-11-14 07:00:00,4,1,5275.0,5275.0,[5275.0],1,['255741-webtirf']
F3FWY003,2025-11-14 08:00:00,4,1,4711.0,4711.0,[4711.0],1,['255741-webtirf']
F3FWY003,2025-11-14 09:00:00,4,1,5173.0,5173.0,[5173.0],1,['255741-webtirf']
F3FWY003,2025-11-14 10:00:00,4,1,5956.0,5956.0,[5956.0],1,['255741-webtirf']
F3FWY003,2025-11-14 11:00:00,4,1,6513.0,6513.0,[6513.0],1,['255741-webtirf']
F3FWY003,2025-11-14 12:00:00,4,1,6298.0,6298.0,[6298.0],1,['255741-webtirf']
F3FWY003,2025-11-14 13:00:00,4,1,6947.0,6947.0,[6947.0],1,['255741-webtirf']
F3FWY003,2025-11-14 14:00:00,4,1,7477.0,7477.0,[7477.0],1,['255741-webtirf']
F3FWY003,2025-11-14 15:00:00,4,1,7531.0,7531.0,[7531.0],1,['255741-webtirf']
F3FWY003,2025-11-14 16:00:00,4,1,7987.0,7987.0,[7987.0],1,['255741-webtirf']
F3FWY003,2025-11-14 17:00:00,4,1,7319.0,7319.0,[7319.0],1,['255741-webtirf']
F3FWY003,2025-11-14 18:00:00,4,1,5532.0,5532.0,[5532.0],1,['255741-webtirf']
F3FWY003,2025-11-14 19:00:00,4,1,3702.0,3702.0,[3702.0],1,['255741-webtirf']
F3FWY003,2025-11-14 20:00:00,4,1,2492.0,2492.0,[2492.0],1,['255741-webtirf']
F3FWY003,2025-11-14 21:00:00,4,1,1890.0,1890.0,[1890.0],1,['255741-webtirf']
F3FWY003,2025-11-14 22:00:00,4,1,1468.0,1468.0,[1468.0],1,['255741-webtirf']
F3FWY003,2025-11-14 23:00:00,4,1,1153.0,1153.0,[1153.0],1,['255741-webtirf']
F3FWY003,2025-11-15 00:00:00,4,1,784.0,784.0,[784.0],1,['255741-webtirf']
F3FWY003,2025-11-15 01:00:00,4,1,441.0,441.0,[441.0],1,['255741-webtirf']
F3FWY003,2025-11-15 02:00:00,4,1,373.0,373.0,[373.0],1,['255741-webtirf']
F3FWY003,2025-11-15 03:00:00,4,1,366.0,366.0,[366.0],1,['255741-webtirf']
F3FWY003,2025-11-15 04:00:00,4,1,649.0,649.0,[649.0],1,['255741-webtirf']
F3FWY003,2025-11-20 02:00:00,2,1,442.0,442.0,[442.0],1,['256286-webtirf']
F3FWY003,2025-11-21 05:00:00,2,1,3580.0,3580.0,[3580.0],1,['256465-webtirf']
F3FWY003,2025-11-24 04:00:00,2,1,1604.0,1604.0,[1604.0],1,['256754-webtirf']
F3FWY003,2025-12-09 23:00:00,2,1,1391.0,1391.0,[1391.0],1,['258674-webtirf']
F3FWY003,2025-12-11 22:00:00,4,1,1427.0,1427.0,[1427.0],2,"['258920-webtirf', '258920.0-webtirf']"
F3FWY003,2025-12-12 06:00:00,3,1,2640.0,2640.0,[2640.0],1,['259088-webtirf']
F3FWY003,2025-12-12 12:00:00,2,1,6261.0,6261.0,[6261.0],1,['259123-webtirf']
F3FWY003,2025-12-17 09:00:00,7,1,5128.0,5128.0,[5128.0],1,['259528-webtirf']
F3FWY003,2025-12-22 20:00:00,3,1,2239.0,2239.0,[2239.0],1,['260075-webtirf']
F3FWY004,2025-07-13 07:00:00,3,1,1046.0,1046.0,[1046.0],1,['242069-webtirf']
F3FWY004,2025-07-27 23:00:00,3,1,233.0,233.0,[233.0],1,['243528-webtirf']
F3FWY004,2025-08-02 05:00:00,2,1,643.0,643.0,[643.0],1,['244164-webtirf']
F3FWY004,2025-08-29 06:00:00,4,1,1886.0,1886.0,[1886.0],1,['247644-webtirf']
F3FWY004,2025-10-08 01:00:00,2,1,343.0,343.0,[343.0],1,['251853-webtirf']
F3FWY004,2025-10-21 00:00:00,2,2,35.0,105.0,"[35.0, 105.0]",1,['NO_INCIDENT']
F3FWY004,2025-10-30 04:00:00,2,1,420.0,420.0,[420.0],1,['254234-webtirf']
F3FWY004,2025-11-02 03:00:00,4,1,113.0,113.0,[113.0],2,"['254520-webtirf', '254520.0-webtirf']"
F3FWY004,2025-11-25 16:00:00,5,1,3816.0,3816.0,[3816.0],1,['256929-webtirf']
F3FWY004,2025-11-25 17:00:00,5,1,3171.0,3171.0,[3171.0],1,['256929-webtirf']
F3FWY004,2025-11-25 18:00:00,3,1,2241.0,2241.0,[2241.0],1,['256929-webtirf']
F3FWY004,2025-12-10 19:00:00,4,1,1693.0,1693.0,[1693.0],1,['258786-webtirf']
F3FWY005,2025-01-01 00:00:00,11,1,119.0,119.0,[119.0],1,['218124-webtirf']
F3FWY005,2025-01-01 01:00:00,11,1,242.0,242.0,[242.0],1,['218124-webtirf']
F3FWY005,2025-01-01 02:00:00,11,1,470.0,470.0,[470.0],1,['218124-webtirf']
F3FWY005,2025-01-01 03:00:00,11,1,235.0,235.0,[235.0],1,['218124-webtirf']
F3FWY005,2025-01-01 04:00:00,11,1,175.0,175.0,[175.0],1,['218124-webtirf']
F3FWY005,2025-01-01 05:00:00,11,1,264.0,264.0,[264.0],1,['218124-webtirf']
F3FWY005,2025-01-01 06:00:00,11,1,476.0,476.0,[476.0],1,['218124-webtirf']
F3FWY005,2025-01-01 07:00:00,11,1,833.0,833.0,[833.0],1,['218124-webtirf']
F3FWY005,2025-01-01 08:00:00,11,1,1289.0,1289.0,[1289.0],1,['218124-webtirf']
F3FWY005,2025-01-01 09:00:00,11,1,2132.0,2132.0,[2132.0],1,['218124-webtirf']
F3FWY005,2025-01-01 10:00:00,11,1,3002.0,3002.0,[3002.0],1,['218124-webtirf']
F3FWY005,2025-01-01 11:00:00,11,1,3830.0,3830.0,[3830.0],1,['218124-webtirf']
F3FWY005,2025-01-01 12:00:00,11,1,3646.0,3646.0,[3646.0],1,['218124-webtirf']
F3FWY005,2025-01-01 13:00:00,11,1,3266.0,3266.0,[3266.0],1,['218124-webtirf']
F3FWY005,2025-01-01 14:00:00,11,1,2754.0,2754.0,[2754.0],1,['218124-webtirf']
F3FWY005,2025-01-01 15:00:00,11,1,2404.0,2404.0,[2404.0],1,['218124-webtirf']
F3FWY005,2025-01-01 16:00:00,11,1,2017.0,2017.0,[2017.0],1,['218124-webtirf']
F3FWY005,2025-01-01 17:00:00,11,1,1671.0,1671.0,[1671.0],1,['218124-webtirf']
F3FWY005,2025-01-01 18:00:00,11,1,1389.0,1389.0,[1389.0],1,['218124-webtirf']
F3FWY005,2025-01-01 19:00:00,11,1,1055.0,1055.0,[1055.0],1,['218124-webtirf']
F3FWY005,2025-01-01 20:00:00,11,1,820.0,820.0,[820.0],1,['218124-webtirf']
F3FWY005,2025-01-01 21:00:00,11,1,790.0,790.0,[790.0],1,['218124-webtirf']
F3FWY005,2025-01-01 22:00:00,11,1,586.0,586.0,[586.0],1,['218124-webtirf']
F3FWY005,2025-01-01 23:00:00,11,1,496.0,496.0,[496.0],1,['218124-webtirf']
F3FWY005,2025-01-06 00:00:00,6,1,247.0,247.0,[247.0],1,['218124-webtirf']
F3FWY005,2025-01-06 01:00:00,6,1,150.0,150.0,[150.0],1,['218124-webtirf']
F3FWY005,2025-01-06 02:00:00,6,1,142.0,142.0,[142.0],1,['218124-webtirf']
F3FWY005,2025-01-06 03:00:00,6,1,184.0,184.0,[184.0],1,['218124-webtirf']
F3FWY005,2025-01-06 04:00:00,6,1,0.0,0.0,[0.0],1,['218124-webtirf']
F3FWY005,2025-01-06 05:00:00,6,1,0.0,0.0,[0.0],1,['218124-webtirf']
F3FWY005,2025-01-06 06:00:00,6,1,0.0,0.0,[0.0],1,['218124-webtirf']
F3FWY005,2025-01-06 07:00:00,6,1,0.0,0.0,[0.0],1,['218124-webtirf']
F3FWY005,2025-01-06 08:00:00,6,1,0.0,0.0,[0.0],1,['218124-webtirf']
F3FWY005,2025-01-06 09:00:00,6,1,0.0,0.0,[0.0],1,['218124-webtirf']
F3FWY005,2025-01-06 10:00:00,6,1,0.0,0.0,[0.0],1,['218124-webtirf']
F3FWY005,2025-01-06 11:00:00,6,1,3121.0,3121.0,[3121.0],1,['218124-webtirf']
F3FWY005,2025-01-06 12:00:00,6,1,2991.0,2991.0,[2991.0],1,['218124-webtirf']
F3FWY005,2025-01-06 13:00:00,6,1,3154.0,3154.0,[3154.0],1,['218124-webtirf']
F3FWY005,2025-01-06 14:00:00,6,1,3119.0,3119.0,[3119.0],1,['218124-webtirf']
F3FWY005,2025-01-06 15:00:00,6,1,3068.0,3068.0,[3068.0],1,['218124-webtirf']
F3FWY005,2025-01-06 16:00:00,6,1,3048.0,3048.0,[3048.0],1,['218124-webtirf']
F3FWY005,2025-01-06 17:00:00,6,1,2679.0,2679.0,[2679.0],1,['218124-webtirf']
F3FWY005,2025-01-06 18:00:00,6,1,1729.0,1729.0,[1729.0],1,['218124-webtirf']
F3FWY005,2025-01-06 19:00:00,6,1,1127.0,1127.0,[1127.0],1,['218124-webtirf']
F3FWY005,2025-01-06 20:00:00,6,1,912.0,912.0,[912.0],1,['218124-webtirf']
F3FWY005,2025-01-06 21:00:00,6,1,746.0,746.0,[746.0],1,['218124-webtirf']
F3FWY005,2025-01-06 22:00:00,6,1,551.0,551.0,[551.0],1,['218124-webtirf']
F3FWY005,2025-01-06 23:00:00,6,1,396.0,396.0,[396.0],1,['218124-webtirf']
F3FWY005,2025-01-08 00:00:00,6,1,17.0,17.0,[17.0],1,['218124-webtirf']
F3FWY005,2025-01-08 01:00:00,6,1,8.0,8.0,[8.0],1,['218124-webtirf']
F3FWY005,2025-01-08 02:00:00,6,1,10.0,10.0,[10.0],1,['218124-webtirf']
F3FWY005,2025-01-08 03:00:00,6,1,8.0,8.0,[8.0],1,['218124-webtirf']
F3FWY005,2025-01-08 04:00:00,6,1,0.0,0.0,[0.0],1,['218124-webtirf']
F3FWY005,2025-01-08 05:00:00,6,1,0.0,0.0,[0.0],1,['218124-webtirf']
F3FWY005,2025-01-08 06:00:00,6,1,0.0,0.0,[0.0],1,['218124-webtirf']
F3FWY005,2025-01-08 07:00:00,6,1,0.0,0.0,[0.0],1,['218124-webtirf']
F3FWY005,2025-01-08 08:00:00,6,1,0.0,0.0,[0.0],1,['218124-webtirf']
F3FWY005,2025-01-08 09:00:00,6,1,0.0,0.0,[0.0],1,['218124-webtirf']
F3FWY005,2025-01-08 10:00:00,6,1,0.0,0.0,[0.0],1,['218124-webtirf']
F3FWY005,2025-01-08 11:00:00,6,1,982.0,982.0,[982.0],1,['218124-webtirf']
F3FWY005,2025-01-08 12:00:00,6,1,854.0,854.0,[854.0],1,['218124-webtirf']
F3FWY005,2025-01-08 13:00:00,6,1,782.0,782.0,[782.0],1,['218124-webtirf']
F3FWY005,2025-01-08 14:00:00,6,1,748.0,748.0,[748.0],1,['218124-webtirf']
F3FWY005,2025-01-08 15:00:00,6,1,1101.0,1101.0,[1101.0],1,['218124-webtirf']
F3FWY005,2025-01-08 16:00:00,6,1,1303.0,1303.0,[1303.0],1,['218124-webtirf']
F3FWY005,2025-01-08 17:00:00,6,1,1100.0,1100.0,[1100.0],1,['218124-webtirf']
F3FWY005,2025-01-08 18:00:00,6,1,619.0,619.0,[619.0],1,['218124-webtirf']
F3FWY005,2025-01-08 19:00:00,6,1,248.0,248.0,[248.0],1,['218124-webtirf']
F3FWY005,2025-01-08 20:00:00,6,1,182.0,182.0,[182.0],1,['218124-webtirf']
F3FWY005,2025-01-08 21:00:00,6,1,128.0,128.0,[128.0],1,['218124-webtirf']
F3FWY005,2025-01-08 22:00:00,6,1,84.0,84.0,[84.0],1,['218124-webtirf']
F3FWY005,2025-01-08 23:00:00,6,1,75.0,75.0,[75.0],1,['218124-webtirf']
F3FWY005,2025-01-09 00:00:00,6,1,112.0,112.0,[112.0],1,['218124-webtirf']
F3FWY005,2025-01-09 01:00:00,6,1,72.0,72.0,[72.0],1,['218124-webtirf']
F3FWY005,2025-01-09 02:00:00,6,1,70.0,70.0,[70.0],1,['218124-webtirf']
F3FWY005,2025-01-09 03:00:00,6,1,79.0,79.0,[79.0],1,['218124-webtirf']
F3FWY005,2025-01-09 04:00:00,6,1,143.0,143.0,[143.0],1,['218124-webtirf']
F3FWY005,2025-01-09 05:00:00,6,1,238.0,238.0,[238.0],1,['218124-webtirf']
F3FWY005,2025-01-09 06:00:00,6,1,342.0,342.0,[342.0],1,['218124-webtirf']
F3FWY005,2025-01-09 07:00:00,6,1,376.0,376.0,[376.0],1,['218124-webtirf']
F3FWY005,2025-01-09 08:00:00,6,1,438.0,438.0,[438.0],1,['218124-webtirf']
F3FWY005,2025-01-09 09:00:00,6,1,422.0,422.0,[422.0],1,['218124-webtirf']
F3FWY005,2025-01-09 10:00:00,6,1,501.0,501.0,[501.0],1,['218124-webtirf']
F3FWY005,2025-01-09 11:00:00,6,1,507.0,507.0,[507.0],1,['218124-webtirf']
F3FWY005,2025-01-09 12:00:00,6,1,501.0,501.0,[501.0],1,['218124-webtirf']
F3FWY005,2025-01-09 13:00:00,6,1,506.0,506.0,[506.0],1,['218124-webtirf']
F3FWY005,2025-01-09 14:00:00,6,1,493.0,493.0,[493.0],1,['218124-webtirf']
F3FWY005,2025-01-09 15:00:00,6,1,529.0,529.0,[529.0],1,['218124-webtirf']
F3FWY005,2025-01-09 16:00:00,6,1,555.0,555.0,[555.0],1,['218124-webtirf']
F3FWY005,2025-01-09 17:00:00,6,1,507.0,507.0,[507.0],1,['218124-webtirf']
F3FWY005,2025-01-09 18:00:00,6,1,387.0,387.0,[387.0],1,['218124-webtirf']
F3FWY005,2025-01-09 19:00:00,6,1,300.0,300.0,[300.0],1,['218124-webtirf']
F3FWY005,2025-01-09 20:00:00,6,1,226.0,226.0,[226.0],1,['218124-webtirf']
F3FWY005,2025-01-09 21:00:00,6,1,203.0,203.0,[203.0],1,['218124-webtirf']
F3FWY005,2025-01-09 22:00:00,6,1,200.0,200.0,[200.0],1,['218124-webtirf']
F3FWY005,2025-01-09 23:00:00,6,1,136.0,136.0,[136.0],1,['218124-webtirf']
F3FWY005,2025-01-11 00:00:00,6,1,0.0,0.0,[0.0],1,['218124-webtirf']
F3FWY005,2025-01-11 01:00:00,6,1,0.0,0.0,[0.0],1,['218124-webtirf']
F3FWY005,2025-01-11 02:00:00,6,1,0.0,0.0,[0.0],1,['218124-webtirf']
F3FWY005,2025-01-11 03:00:00,6,1,0.0,0.0,[0.0],1,['218124-webtirf']
F3FWY005,2025-01-11 04:00:00,6,1,232.0,232.0,[232.0],1,['218124-webtirf']
F3FWY005,2025-01-11 05:00:00,6,1,511.0,511.0,[511.0],1,['218124-webtirf']
F3FWY005,2025-01-11 06:00:00,6,1,1133.0,1133.0,[1133.0],1,['218124-webtirf']
F3FWY005,2025-01-11 07:00:00,6,1,1604.0,1604.0,[1604.0],1,['218124-webtirf']
F3FWY005,2025-01-11 08:00:00,6,1,2226.0,2226.0,[2226.0],1,['218124-webtirf']
F3FWY005,2025-01-11 09:00:00,6,1,3004.0,3004.0,[3004.0],1,['218124-webtirf']
F3FWY005,2025-01-11 10:00:00,6,1,3735.0,3735.0,[3735.0],1,['218124-webtirf']
F3FWY005,2025-01-11 11:00:00,6,1,3991.0,3991.0,[3991.0],1,['218124-webtirf']
F3FWY005,2025-01-11 12:00:00,6,1,3640.0,3640.0,[3640.0],1,['218124-webtirf']
F3FWY005,2025-01-11 13:00:00,6,1,3042.0,3042.0,[3042.0],1,['218124-webtirf']
F3FWY005,2025-01-11 14:00:00,6,1,1525.0,1525.0,[1525.0],1,['218124-webtirf']
F3FWY005,2025-01-11 15:00:00,6,1,1949.0,1949.0,[1949.0],1,['218124-webtirf']
F3FWY005,2025-01-11 16:00:00,6,1,2346.0,2346.0,[2346.0],1,['218124-webtirf']
F3FWY005,2025-01-11 17:00:00,6,1,2127.0,2127.0,[2127.0],1,['218124-webtirf']
F3FWY005,2025-01-11 18:00:00,6,1,1659.0,1659.0,[1659.0],1,['218124-webtirf']
F3FWY005,2025-01-11 19:00:00,6,1,1232.0,1232.0,[1232.0],1,['218124-webtirf']
F3FWY005,2025-01-11 20:00:00,6,1,999.0,999.0,[999.0],1,['218124-webtirf']
F3FWY005,2025-01-11 21:00:00,6,1,1187.0,1187.0,[1187.0],1,['218124-webtirf']
F3FWY005,2025-01-11 22:00:00,6,1,810.0,810.0,[810.0],1,['218124-webtirf']
F3FWY005,2025-01-11 23:00:00,6,1,598.0,598.0,[598.0],1,['218124-webtirf']
F3FWY005,2025-01-12 00:00:00,6,1,382.0,382.0,[382.0],1,['218124-webtirf']
F3FWY005,2025-01-12 01:00:00,6,1,181.0,181.0,[181.0],1,['218124-webtirf']
F3FWY005,2025-01-12 02:00:00,6,1,140.0,140.0,[140.0],1,['218124-webtirf']
F3FWY005,2025-01-12 03:00:00,6,1,104.0,104.0,[104.0],1,['218124-webtirf']
F3FWY005,2025-01-12 04:00:00,6,1,168.0,168.0,[168.0],1,['218124-webtirf']
F3FWY005,2025-01-12 05:00:00,6,1,271.0,271.0,[271.0],1,['218124-webtirf']
F3FWY005,2025-01-12 06:00:00,6,1,498.0,498.0,[498.0],1,['218124-webtirf']
F3FWY005,2025-01-12 07:00:00,6,1,234.0,234.0,[234.0],1,['218124-webtirf']
F3FWY005,2025-01-12 08:00:00,6,1,864.0,864.0,[864.0],1,['218124-webtirf']
F3FWY005,2025-01-12 09:00:00,6,1,1005.0,1005.0,[1005.0],1,['218124-webtirf']
F3FWY005,2025-01-12 10:00:00,6,1,1044.0,1044.0,[1044.0],1,['218124-webtirf']
F3FWY005,2025-01-12 11:00:00,6,1,614.0,614.0,[614.0],1,['218124-webtirf']
F3FWY005,2025-01-12 12:00:00,6,1,420.0,420.0,[420.0],1,['218124-webtirf']
F3FWY005,2025-01-12 13:00:00,6,1,581.0,581.0,[581.0],1,['218124-webtirf']
F3FWY005,2025-01-12 14:00:00,6,1,874.0,874.0,[874.0],1,['218124-webtirf']
F3FWY005,2025-01-12 15:00:00,6,1,882.0,882.0,[882.0],1,['218124-webtirf']
F3FWY005,2025-01-12 16:00:00,6,1,729.0,729.0,[729.0],1,['218124-webtirf']
F3FWY005,2025-01-12 17:00:00,6,1,790.0,790.0,[790.0],1,['218124-webtirf']
F3FWY005,2025-01-12 18:00:00,6,1,724.0,724.0,[724.0],1,['218124-webtirf']
F3FWY005,2025-01-12 19:00:00,6,1,617.0,617.0,[617.0],1,['218124-webtirf']
F3FWY005,2025-01-12 20:00:00,6,1,533.0,533.0,[533.0],1,['218124-webtirf']
F3FWY005,2025-01-12 21:00:00,6,1,412.0,412.0,[412.0],1,['218124-webtirf']
F3FWY005,2025-01-12 22:00:00,6,1,300.0,300.0,[300.0],1,['218124-webtirf']
F3FWY005,2025-01-12 23:00:00,6,1,278.0,278.0,[278.0],1,['218124-webtirf']
F3FWY005,2025-01-13 00:00:00,6,1,241.0,241.0,[241.0],1,['218124-webtirf']
F3FWY005,2025-01-13 01:00:00,6,1,145.0,145.0,[145.0],1,['218124-webtirf']
F3FWY005,2025-01-13 02:00:00,6,1,68.0,68.0,[68.0],1,['218124-webtirf']
F3FWY005,2025-01-13 03:00:00,6,1,76.0,76.0,[76.0],1,['218124-webtirf']
F3FWY005,2025-01-13 04:00:00,6,1,182.0,182.0,[182.0],1,['218124-webtirf']
F3FWY005,2025-01-13 05:00:00,6,1,871.0,871.0,[871.0],1,['218124-webtirf']
F3FWY005,2025-01-13 06:00:00,6,1,1564.0,1564.0,[1564.0],1,['218124-webtirf']
F3FWY005,2025-01-13 07:00:00,6,1,1783.0,1783.0,[1783.0],1,['218124-webtirf']
F3FWY005,2025-01-13 08:00:00,6,1,1956.0,1956.0,[1956.0],1,['218124-webtirf']
F3FWY005,2025-01-13 09:00:00,6,1,1679.0,1679.0,[1679.0],1,['218124-webtirf']
F3FWY005,2025-01-13 10:00:00,6,1,2433.0,2433.0,[2433.0],1,['218124-webtirf']
F3FWY005,2025-01-13 11:00:00,6,1,2590.0,2590.0,[2590.0],1,['218124-webtirf']
F3FWY005,2025-01-13 12:00:00,6,1,2424.0,2424.0,[2424.0],1,['218124-webtirf']
F3FWY005,2025-01-13 13:00:00,6,1,2166.0,2166.0,[2166.0],1,['218124-webtirf']
F3FWY005,2025-01-13 14:00:00,6,1,1765.0,1765.0,[1765.0],1,['218124-webtirf']
F3FWY005,2025-01-13 15:00:00,6,1,2138.0,2138.0,[2138.0],1,['218124-webtirf']
F3FWY005,2025-01-13 16:00:00,6,1,2122.0,2122.0,[2122.0],1,['218124-webtirf']
F3FWY005,2025-01-13 17:00:00,6,1,1647.0,1647.0,[1647.0],1,['218124-webtirf']
F3FWY005,2025-01-13 18:00:00,6,1,1799.0,1799.0,[1799.0],1,['218124-webtirf']
F3FWY005,2025-01-13 19:00:00,6,1,701.0,701.0,[701.0],1,['218124-webtirf']
F3FWY005,2025-01-13 20:00:00,6,1,772.0,772.0,[772.0],1,['218124-webtirf']
F3FWY005,2025-01-13 21:00:00,6,1,679.0,679.0,[679.0],1,['218124-webtirf']
F3FWY005,2025-01-13 22:00:00,6,1,552.0,552.0,[552.0],1,['218124-webtirf']
F3FWY005,2025-01-13 23:00:00,6,1,489.0,489.0,[489.0],1,['218124-webtirf']
F3FWY005,2025-01-14 00:00:00,6,1,15.0,15.0,[15.0],1,['218124-webtirf']
F3FWY005,2025-01-14 01:00:00,6,1,17.0,17.0,[17.0],1,['218124-webtirf']
F3FWY005,2025-01-14 02:00:00,6,1,14.0,14.0,[14.0],1,['218124-webtirf']
F3FWY005,2025-01-14 03:00:00,6,1,81.0,81.0,[81.0],1,['218124-webtirf']
F3FWY005,2025-01-14 04:00:00,6,1,621.0,621.0,[621.0],1,['218124-webtirf']
F3FWY005,2025-01-14 05:00:00,6,1,2392.0,2392.0,[2392.0],1,['218124-webtirf']
F3FWY005,2025-01-14 06:00:00,6,1,3100.0,3100.0,[3100.0],1,['218124-webtirf']
F3FWY005,2025-01-14 07:00:00,6,1,2740.0,2740.0,[2740.0],1,['218124-webtirf']
F3FWY005,2025-01-14 08:00:00,6,1,2036.0,2036.0,[2036.0],1,['218124-webtirf']
F3FWY005,2025-01-14 09:00:00,6,1,1802.0,1802.0,[1802.0],1,['218124-webtirf']
F3FWY005,2025-01-14 10:00:00,6,1,1960.0,1960.0,[1960.0],1,['218124-webtirf']
F3FWY005,2025-01-14 11:00:00,6,1,1547.0,1547.0,[1547.0],1,['218124-webtirf']
F3FWY005,2025-01-14 12:00:00,6,1,1716.0,1716.0,[1716.0],1,['218124-webtirf']
F3FWY005,2025-01-14 13:00:00,6,1,1403.0,1403.0,[1403.0],1,['218124-webtirf']
F3FWY005,2025-01-14 14:00:00,6,1,1441.0,1441.0,[1441.0],1,['218124-webtirf']
F3FWY005,2025-01-14 15:00:00,6,1,1242.0,1242.0,[1242.0],1,['218124-webtirf']
F3FWY005,2025-01-14 16:00:00,6,1,1005.0,1005.0,[1005.0],1,['218124-webtirf']
F3FWY005,2025-01-14 17:00:00,6,1,447.0,447.0,[447.0],1,['218124-webtirf']
F3FWY005,2025-01-14 18:00:00,6,1,148.0,148.0,[148.0],1,['218124-webtirf']
F3FWY005,2025-01-14 19:00:00,6,1,99.0,99.0,[99.0],1,['218124-webtirf']
F3FWY005,2025-01-14 20:00:00,6,1,60.0,60.0,[60.0],1,['218124-webtirf']
F3FWY005,2025-01-14 21:00:00,6,1,51.0,51.0,[51.0],1,['218124-webtirf']
F3FWY005,2025-01-14 22:00:00,6,1,109.0,109.0,[109.0],1,['218124-webtirf']
F3FWY005,2025-01-14 23:00:00,6,1,115.0,115.0,[115.0],1,['218124-webtirf']
F3FWY005,2025-01-15 00:00:00,6,1,188.0,188.0,[188.0],1,['218124-webtirf']
F3FWY005,2025-01-15 01:00:00,6,1,134.0,134.0,[134.0],1,['218124-webtirf']
F3FWY005,2025-01-15 02:00:00,6,1,98.0,98.0,[98.0],1,['218124-webtirf']
F3FWY005,2025-01-15 03:00:00,6,1,178.0,178.0,[178.0],1,['218124-webtirf']
F3FWY005,2025-01-15 04:00:00,6,1,325.0,325.0,[325.0],1,['218124-webtirf']
F3FWY005,2025-01-15 05:00:00,6,1,850.0,850.0,[850.0],1,['218124-webtirf']
F3FWY005,2025-01-15 06:00:00,6,1,1821.0,1821.0,[1821.0],1,['218124-webtirf']
F3FWY005,2025-01-15 07:00:00,6,1,1975.0,1975.0,[1975.0],1,['218124-webtirf']
F3FWY005,2025-01-15 08:00:00,6,1,2128.0,2128.0,[2128.0],1,['218124-webtirf']
F3FWY005,2025-01-15 09:00:00,6,1,1983.0,1983.0,[1983.0],1,['218124-webtirf']
F3FWY005,2025-01-15 10:00:00,6,1,2521.0,2521.0,[2521.0],1,['218124-webtirf']
F3FWY005,2025-01-15 11:00:00,6,1,2663.0,2663.0,[2663.0],1,['218124-webtirf']
F3FWY005,2025-01-15 12:00:00,6,1,2296.0,2296.0,[2296.0],1,['218124-webtirf']
F3FWY005,2025-01-15 13:00:00,5,1,2469.0,2469.0,[2469.0],1,['218124-webtirf']
F3FWY005,2025-01-15 14:00:00,5,1,2701.0,2701.0,[2701.0],1,['218124-webtirf']
F3FWY005,2025-01-15 15:00:00,5,1,3072.0,3072.0,[3072.0],1,['218124-webtirf']
F3FWY005,2025-01-15 16:00:00,5,1,2694.0,2694.0,[2694.0],1,['218124-webtirf']
F3FWY005,2025-01-15 17:00:00,5,1,2591.0,2591.0,[2591.0],1,['218124-webtirf']
F3FWY005,2025-01-15 18:00:00,5,1,1503.0,1503.0,[1503.0],1,['218124-webtirf']
F3FWY005,2025-01-15 19:00:00,5,1,612.0,612.0,[612.0],1,['218124-webtirf']
F3FWY005,2025-01-15 20:00:00,5,1,225.0,225.0,[225.0],1,['218124-webtirf']
F3FWY005,2025-01-15 21:00:00,5,1,126.0,126.0,[126.0],1,['218124-webtirf']
F3FWY005,2025-01-15 22:00:00,5,1,42.0,42.0,[42.0],1,['218124-webtirf']
F3FWY005,2025-01-15 23:00:00,5,1,348.0,348.0,[348.0],1,['218124-webtirf']
F3FWY005,2025-01-20 00:00:00,4,1,105.0,105.0,[105.0],1,['218124-webtirf']
F3FWY005,2025-01-20 01:00:00,4,1,42.0,42.0,[42.0],1,['218124-webtirf']
F3FWY005,2025-01-20 02:00:00,4,1,92.0,92.0,[92.0],1,['218124-webtirf']
F3FWY005,2025-01-20 03:00:00,4,1,403.0,403.0,[403.0],1,['218124-webtirf']
F3FWY005,2025-01-20 04:00:00,4,1,1078.0,1078.0,[1078.0],1,['218124-webtirf']
F3FWY005,2025-01-20 05:00:00,4,1,2806.0,2806.0,[2806.0],1,['218124-webtirf']
F3FWY005,2025-01-20 06:00:00,4,1,3559.0,3559.0,[3559.0],1,['218124-webtirf']
F3FWY005,2025-01-20 07:00:00,4,1,3287.0,3287.0,[3287.0],1,['218124-webtirf']
F3FWY005,2025-01-20 08:00:00,4,1,2515.0,2515.0,[2515.0],1,['218124-webtirf']
F3FWY005,2025-01-20 09:00:00,3,1,2124.0,2124.0,[2124.0],1,['218124-webtirf']
F3FWY005,2025-01-20 10:00:00,3,1,0.0,0.0,[0.0],1,['218124-webtirf']
F3FWY005,2025-01-20 11:00:00,3,1,0.0,0.0,[0.0],1,['218124-webtirf']
F3FWY005,2025-01-20 12:00:00,3,1,0.0,0.0,[0.0],1,['218124-webtirf']
F3FWY005,2025-01-20 13:00:00,3,1,0.0,0.0,[0.0],1,['218124-webtirf']
F3FWY005,2025-01-20 14:00:00,3,1,0.0,0.0,[0.0],1,['218124-webtirf']
F3FWY005,2025-01-20 15:00:00,3,1,0.0,0.0,[0.0],1,['218124-webtirf']
F3FWY005,2025-01-20 16:00:00,3,1,2384.0,2384.0,[2384.0],1,['218124-webtirf']
F3FWY005,2025-01-20 17:00:00,3,1,2277.0,2277.0,[2277.0],1,['218124-webtirf']
F3FWY005,2025-01-20 18:00:00,3,1,1629.0,1629.0,[1629.0],1,['218124-webtirf']
F3FWY005,2025-01-20 19:00:00,3,1,1107.0,1107.0,[1107.0],1,['218124-webtirf']
F3FWY005,2025-01-20 20:00:00,3,1,858.0,858.0,[858.0],1,['218124-webtirf']
F3FWY005,2025-01-20 21:00:00,3,1,681.0,681.0,[681.0],1,['218124-webtirf']
F3FWY005,2025-01-20 22:00:00,3,1,477.0,477.0,[477.0],1,['218124-webtirf']
F3FWY005,2025-01-20 23:00:00,3,1,297.0,297.0,[297.0],1,['218124-webtirf']
F3FWY005,2025-01-25 00:00:00,2,1,20.0,20.0,[20.0],1,['218124-webtirf']
F3FWY005,2025-01-25 01:00:00,2,1,5.0,5.0,[5.0],1,['218124-webtirf']
F3FWY005,2025-01-25 02:00:00,2,1,4.0,4.0,[4.0],1,['218124-webtirf']
F3FWY005,2025-01-25 03:00:00,2,1,55.0,55.0,[55.0],1,['218124-webtirf']
F3FWY005,2025-04-09 04:00:00,16,1,1517.0,1517.0,[1517.0],1,['230836-webtirf']
F3FWY005,2025-04-09 05:00:00,13,1,3877.0,3877.0,[3877.0],1,['230836-webtirf']
F3FWY005,2025-04-09 06:00:00,12,1,6090.0,6090.0,[6090.0],1,['230836-webtirf']
F3FWY005,2025-04-09 07:00:00,12,1,5687.0,5687.0,[5687.0],1,['230836-webtirf']
F3FWY005,2025-04-09 08:00:00,12,1,4541.0,4541.0,[4541.0],1,['230836-webtirf']
F3FWY005,2025-04-09 09:00:00,12,1,4136.0,4136.0,[4136.0],1,['230836-webtirf']
F3FWY005,2025-04-09 10:00:00,12,1,4392.0,4392.0,[4392.0],1,['230836-webtirf']
F3FWY005,2025-04-09 11:00:00,12,1,4073.0,4073.0,[4073.0],1,['230836-webtirf']
F3FWY005,2025-04-09 12:00:00,12,1,4038.0,4038.0,[4038.0],1,['230836-webtirf']
F3FWY005,2025-04-09 13:00:00,12,1,4507.0,4507.0,[4507.0],1,['230836-webtirf']
F3FWY005,2025-04-09 14:00:00,12,1,4869.0,4869.0,[4869.0],1,['230836-webtirf']
F3FWY005,2025-04-09 15:00:00,12,1,5761.0,5761.0,[5761.0],1,['230836-webtirf']
F3FWY005,2025-04-09 16:00:00,12,1,6007.0,6007.0,[6007.0],1,['230836-webtirf']
F3FWY005,2025-04-09 17:00:00,12,1,5437.0,5437.0,[5437.0],1,['230836-webtirf']
F3FWY005,2025-04-09 18:00:00,12,1,3913.0,3913.0,[3913.0],1,['230836-webtirf']
F3FWY005,2025-04-09 19:00:00,12,1,2336.0,2336.0,[2336.0],1,['230836-webtirf']
F3FWY005,2025-04-09 20:00:00,12,1,1630.0,1630.0,[1630.0],1,['230836-webtirf']
F3FWY005,2025-04-09 21:00:00,12,1,1282.0,1282.0,[1282.0],1,['230836-webtirf']
F3FWY005,2025-04-09 22:00:00,12,1,1004.0,1004.0,[1004.0],1,['230836-webtirf']
F3FWY005,2025-04-09 23:00:00,12,1,640.0,640.0,[640.0],1,['230836-webtirf']
F3FWY005,2025-04-10 00:00:00,12,1,412.0,412.0,[412.0],1,['230836-webtirf']
F3FWY005,2025-04-10 01:00:00,12,1,368.0,368.0,[368.0],1,['230836-webtirf']
F3FWY005,2025-04-10 02:00:00,12,1,378.0,378.0,[378.0],1,['230836-webtirf']
F3FWY005,2025-04-10 03:00:00,12,1,625.0,625.0,[625.0],1,['230836-webtirf']
F3FWY005,2025-07-04 00:00:00,7,1,175.0,175.0,[175.0],1,['241266-webtirf']
F3FWY005,2025-07-04 01:00:00,4,1,163.0,163.0,[163.0],1,['241266-webtirf']
F3FWY005,2025-07-04 02:00:00,4,1,220.0,220.0,[220.0],1,['241266-webtirf']
F3FWY005,2025-07-04 03:00:00,4,1,399.0,399.0,[399.0],1,['241266-webtirf']
F3FWY005,2025-07-04 04:00:00,4,1,1031.0,1031.0,[1031.0],1,['241266-webtirf']
F3FWY005,2025-07-04 05:00:00,4,1,2560.0,2560.0,[2560.0],1,['241266-webtirf']
F3FWY005,2025-07-04 06:00:00,4,1,3008.0,3008.0,[3008.0],1,['241266-webtirf']
F3FWY005,2025-07-04 07:00:00,4,1,2773.0,2773.0,[2773.0],1,['241266-webtirf']
F3FWY005,2025-07-04 08:00:00,4,1,2284.0,2284.0,[2284.0],1,['241266-webtirf']
F3FWY005,2025-07-04 09:00:00,4,1,2476.0,2476.0,[2476.0],1,['241266-webtirf']
F3FWY005,2025-07-04 10:00:00,4,1,2489.0,2489.0,[2489.0],1,['241266-webtirf']
F3FWY005,2025-07-04 11:00:00,4,1,2570.0,2570.0,[2570.0],1,['241266-webtirf']
F3FWY005,2025-07-04 12:00:00,4,1,2810.0,2810.0,[2810.0],1,['241266-webtirf']
F3FWY005,2025-07-04 13:00:00,4,1,3006.0,3006.0,[3006.0],1,['241266-webtirf']
F3FWY005,2025-07-04 14:00:00,4,1,3292.0,3292.0,[3292.0],1,['241266-webtirf']
F3FWY005,2025-07-04 15:00:00,4,1,3299.0,3299.0,[3299.0],1,['241266-webtirf']
F3FWY005,2025-07-04 16:00:00,4,1,3188.0,3188.0,[3188.0],1,['241266-webtirf']
F3FWY005,2025-07-04 17:00:00,4,1,2873.0,2873.0,[2873.0],1,['241266-webtirf']
F3FWY005,2025-07-04 18:00:00,4,1,1940.0,1940.0,[1940.0],1,['241266-webtirf']
F3FWY005,2025-07-04 19:00:00,4,1,1410.0,1410.0,[1410.0],1,['241266-webtirf']
F3FWY005,2025-07-04 20:00:00,4,1,859.0,859.0,[859.0],1,['241266-webtirf']
F3FWY005,2025-07-04 21:00:00,4,1,574.0,574.0,[574.0],1,['241266-webtirf']
F3FWY005,2025-07-04 22:00:00,4,1,479.0,479.0,[479.0],1,['241266-webtirf']
F3FWY005,2025-07-04 23:00:00,4,1,313.0,313.0,[313.0],1,['241266-webtirf']
F3FWY005,2025-07-05 00:00:00,4,1,196.0,196.0,[196.0],1,['241266-webtirf']
F3FWY005,2025-07-05 01:00:00,4,1,183.0,183.0,[183.0],1,['241266-webtirf']
F3FWY005,2025-07-05 02:00:00,4,1,170.0,170.0,[170.0],1,['241266-webtirf']
F3FWY005,2025-07-05 03:00:00,4,1,227.0,227.0,[227.0],1,['241266-webtirf']
F3FWY005,2025-07-05 04:00:00,4,1,464.0,464.0,[464.0],1,['241266-webtirf']
F3FWY005,2025-07-05 05:00:00,4,1,949.0,949.0,[949.0],1,['241266-webtirf']
F3FWY005,2025-07-05 06:00:00,4,1,1134.0,1134.0,[1134.0],1,['241266-webtirf']
F3FWY005,2025-07-05 07:00:00,4,1,1590.0,1590.0,[1590.0],1,['241266-webtirf']
F3FWY005,2025-07-05 08:00:00,4,1,2268.0,2268.0,[2268.0],1,['241266-webtirf']
F3FWY005,2025-07-05 09:00:00,4,1,2809.0,2809.0,[2809.0],1,['241266-webtirf']
F3FWY005,2025-07-05 10:00:00,4,1,3063.0,3063.0,[3063.0],1,['241266-webtirf']
F3FWY005,2025-07-05 11:00:00,4,1,3211.0,3211.0,[3211.0],1,['241266-webtirf']
F3FWY005,2025-07-05 12:00:00,4,1,2861.0,2861.0,[2861.0],1,['241266-webtirf']
F3FWY005,2025-07-05 13:00:00,4,1,2977.0,2977.0,[2977.0],1,['241266-webtirf']
F3FWY005,2025-07-05 14:00:00,4,1,3108.0,3108.0,[3108.0],1,['241266-webtirf']
F3FWY005,2025-07-05 15:00:00,4,1,3273.0,3273.0,[3273.0],1,['241266-webtirf']
F3FWY005,2025-07-05 16:00:00,4,1,3166.0,3166.0,[3166.0],1,['241266-webtirf']
F3FWY005,2025-07-05 17:00:00,4,1,2612.0,2612.0,[2612.0],1,['241266-webtirf']
F3FWY005,2025-07-05 18:00:00,4,1,1545.0,1545.0,[1545.0],1,['241266-webtirf']
F3FWY005,2025-07-05 19:00:00,4,1,906.0,906.0,[906.0],1,['241266-webtirf']
F3FWY005,2025-07-05 20:00:00,4,1,759.0,759.0,[759.0],1,['241266-webtirf']
F3FWY005,2025-07-05 21:00:00,4,1,678.0,678.0,[678.0],1,['241266-webtirf']
F3FWY005,2025-07-05 22:00:00,4,1,484.0,484.0,[484.0],1,['241266-webtirf']
F3FWY005,2025-07-05 23:00:00,4,1,316.0,316.0,[316.0],1,['241266-webtirf']
F3FWY005,2025-07-06 00:00:00,4,1,230.0,230.0,[230.0],1,['241266-webtirf']
F3FWY005,2025-07-06 01:00:00,4,1,145.0,145.0,[145.0],1,['241266-webtirf']
F3FWY005,2025-07-06 02:00:00,4,1,128.0,128.0,[128.0],1,['241266-webtirf']
F3FWY005,2025-07-06 03:00:00,4,1,161.0,161.0,[161.0],1,['241266-webtirf']
F3FWY005,2025-07-06 04:00:00,4,1,247.0,247.0,[247.0],1,['241266-webtirf']
F3FWY005,2025-07-06 05:00:00,4,1,397.0,397.0,[397.0],1,['241266-webtirf']
F3FWY005,2025-07-06 06:00:00,4,1,646.0,646.0,[646.0],1,['241266-webtirf']
F3FWY005,2025-07-06 07:00:00,4,1,1027.0,1027.0,[1027.0],1,['241266-webtirf']
F3FWY005,2025-07-06 08:00:00,4,1,1607.0,1607.0,[1607.0],1,['241266-webtirf']
F3FWY005,2025-07-06 09:00:00,4,1,2487.0,2487.0,[2487.0],1,['241266-webtirf']
F3FWY005,2025-07-06 10:00:00,4,1,3444.0,3444.0,[3444.0],1,['241266-webtirf']
F3FWY005,2025-07-06 11:00:00,4,1,3569.0,3569.0,[3569.0],1,['241266-webtirf']
F3FWY005,2025-07-06 12:00:00,4,1,3349.0,3349.0,[3349.0],1,['241266-webtirf']
F3FWY005,2025-07-06 13:00:00,4,1,3295.0,3295.0,[3295.0],1,['241266-webtirf']
F3FWY005,2025-07-06 14:00:00,4,1,3541.0,3541.0,[3541.0],1,['241266-webtirf']
F3FWY005,2025-07-06 15:00:00,4,1,3608.0,3608.0,[3608.0],1,['241266-webtirf']
F3FWY005,2025-07-06 16:00:00,4,1,3624.0,3624.0,[3624.0],1,['241266-webtirf']
F3FWY005,2025-07-06 17:00:00,4,1,3488.0,3488.0,[3488.0],1,['241266-webtirf']
F3FWY005,2025-07-06 18:00:00,4,1,2489.0,2489.0,[2489.0],1,['241266-webtirf']
F3FWY005,2025-07-06 19:00:00,4,1,1535.0,1535.0,[1535.0],1,['241266-webtirf']
F3FWY005,2025-07-06 20:00:00,4,1,1037.0,1037.0,[1037.0],1,['241266-webtirf']
F3FWY005,2025-07-06 21:00:00,4,1,692.0,692.0,[692.0],1,['241266-webtirf']
F3FWY005,2025-07-06 22:00:00,4,1,437.0,437.0,[437.0],1,['241266-webtirf']
F3FWY005,2025-07-06 23:00:00,4,1,247.0,247.0,[247.0],1,['241266-webtirf']
F3FWY005,2025-07-07 00:00:00,4,1,139.0,139.0,[139.0],1,['241266-webtirf']
F3FWY005,2025-07-07 01:00:00,4,1,151.0,151.0,[151.0],1,['241266-webtirf']
F3FWY005,2025-07-07 02:00:00,4,1,199.0,199.0,[199.0],1,['241266-webtirf']
F3FWY005,2025-07-07 03:00:00,4,1,334.0,334.0,[334.0],1,['241266-webtirf']
F3FWY005,2025-07-07 04:00:00,4,1,840.0,840.0,[840.0],1,['241266-webtirf']
F3FWY005,2025-07-07 05:00:00,4,1,1687.0,1687.0,[1687.0],1,['241266-webtirf']
F3FWY005,2025-07-07 06:00:00,4,1,1994.0,1994.0,[1994.0],1,['241266-webtirf']
F3FWY005,2025-07-07 07:00:00,4,1,1908.0,1908.0,[1908.0],1,['241266-webtirf']
F3FWY005,2025-07-07 08:00:00,4,1,1661.0,1661.0,[1661.0],1,['241266-webtirf']
F3FWY005,2025-07-07 09:00:00,4,1,1625.0,1625.0,[1625.0],1,['241266-webtirf']
F3FWY005,2025-07-07 10:00:00,4,1,1606.0,1606.0,[1606.0],1,['241266-webtirf']
F3FWY005,2025-07-07 11:00:00,4,1,1637.0,1637.0,[1637.0],1,['241266-webtirf']
F3FWY005,2025-07-07 12:00:00,4,1,1356.0,1356.0,[1356.0],1,['241266-webtirf']
F3FWY005,2025-07-07 13:00:00,4,1,1440.0,1440.0,[1440.0],1,['241266-webtirf']
F3FWY005,2025-07-07 14:00:00,4,1,1851.0,1851.0,[1851.0],1,['241266-webtirf']
F3FWY005,2025-07-07 15:00:00,4,1,1718.0,1718.0,[1718.0],1,['241266-webtirf']
F3FWY005,2025-07-07 16:00:00,4,1,1573.0,1573.0,[1573.0],1,['241266-webtirf']
F3FWY005,2025-07-07 17:00:00,4,1,1387.0,1387.0,[1387.0],1,['241266-webtirf']
F3FWY005,2025-07-07 18:00:00,4,1,668.0,668.0,[668.0],1,['241266-webtirf']
F3FWY005,2025-07-07 19:00:00,4,1,0.0,0.0,[0.0],1,['241266-webtirf']
F3FWY005,2025-07-07 20:00:00,4,1,0.0,0.0,[0.0],1,['241266-webtirf']
F3FWY005,2025-07-07 21:00:00,4,1,0.0,0.0,[0.0],1,['241266-webtirf']
F3FWY005,2025-07-07 22:00:00,4,1,0.0,0.0,[0.0],1,['241266-webtirf']
F3FWY005,2025-07-07 23:00:00,4,1,0.0,0.0,[0.0],1,['241266-webtirf']
F3FWY005,2025-07-15 00:00:00,4,1,174.0,174.0,[174.0],1,['241266-webtirf']
F3FWY005,2025-07-15 01:00:00,4,1,152.0,152.0,[152.0],1,['241266-webtirf']
F3FWY005,2025-07-15 02:00:00,4,1,222.0,222.0,[222.0],1,['241266-webtirf']
F3FWY005,2025-07-15 03:00:00,4,1,340.0,340.0,[340.0],1,['241266-webtirf']
F3FWY005,2025-07-15 04:00:00,4,1,840.0,840.0,[840.0],1,['241266-webtirf']
F3FWY005,2025-07-15 05:00:00,4,1,1716.0,1716.0,[1716.0],1,['241266-webtirf']
F3FWY005,2025-07-15 06:00:00,4,1,1911.0,1911.0,[1911.0],1,['241266-webtirf']
F3FWY005,2025-07-15 07:00:00,4,1,1847.0,1847.0,[1847.0],1,['241266-webtirf']
F3FWY005,2025-07-15 08:00:00,4,1,1686.0,1686.0,[1686.0],1,['241266-webtirf']
F3FWY005,2025-07-15 09:00:00,4,1,1643.0,1643.0,[1643.0],1,['241266-webtirf']
F3FWY005,2025-07-15 10:00:00,4,1,1571.0,1571.0,[1571.0],1,['241266-webtirf']
F3FWY005,2025-07-15 11:00:00,4,1,1577.0,1577.0,[1577.0],1,['241266-webtirf']
F3FWY005,2025-07-15 12:00:00,4,1,1655.0,1655.0,[1655.0],1,['241266-webtirf']
F3FWY005,2025-07-15 13:00:00,4,1,1672.0,1672.0,[1672.0],1,['241266-webtirf']
F3FWY005,2025-07-15 14:00:00,4,1,1747.0,1747.0,[1747.0],1,['241266-webtirf']
F3FWY005,2025-07-15 15:00:00,4,1,1750.0,1750.0,[1750.0],1,['241266-webtirf']
F3FWY005,2025-07-15 16:00:00,4,1,1659.0,1659.0,[1659.0],1,['241266-webtirf']
F3FWY005,2025-07-15 17:00:00,4,1,1513.0,1513.0,[1513.0],1,['241266-webtirf']
F3FWY005,2025-07-15 18:00:00,4,1,1054.0,1054.0,[1054.0],1,['241266-webtirf']
F3FWY005,2025-07-15 19:00:00,4,1,707.0,707.0,[707.0],1,['241266-webtirf']
F3FWY005,2025-07-15 20:00:00,4,1,531.0,531.0,[531.0],1,['241266-webtirf']
F3FWY005,2025-07-15 21:00:00,4,1,449.0,449.0,[449.0],1,['241266-webtirf']
F3FWY005,2025-07-15 22:00:00,4,1,336.0,336.0,[336.0],1,['241266-webtirf']
F3FWY005,2025-07-15 23:00:00,4,1,236.0,236.0,[236.0],1,['241266-webtirf']
F3FWY005,2025-07-16 00:00:00,4,1,165.0,165.0,[165.0],1,['241266-webtirf']
F3FWY005,2025-07-16 01:00:00,4,1,192.0,192.0,[192.0],1,['241266-webtirf']
F3FWY005,2025-07-16 02:00:00,4,1,210.0,210.0,[210.0],1,['241266-webtirf']
F3FWY005,2025-07-16 03:00:00,4,1,378.0,378.0,[378.0],1,['241266-webtirf']
F3FWY005,2025-07-16 04:00:00,4,1,842.0,842.0,[842.0],1,['241266-webtirf']
F3FWY005,2025-07-16 05:00:00,4,1,1636.0,1636.0,[1636.0],1,['241266-webtirf']
F3FWY005,2025-07-16 06:00:00,4,1,1957.0,1957.0,[1957.0],1,['241266-webtirf']
F3FWY005,2025-07-16 07:00:00,4,1,1930.0,1930.0,[1930.0],1,['241266-webtirf']
F3FWY005,2025-07-16 08:00:00,4,1,1743.0,1743.0,[1743.0],1,['241266-webtirf']
F3FWY005,2025-07-16 09:00:00,4,1,1733.0,1733.0,[1733.0],1,['241266-webtirf']
F3FWY005,2025-07-16 10:00:00,4,1,1611.0,1611.0,[1611.0],1,['241266-webtirf']
F3FWY005,2025-07-16 11:00:00,4,1,1601.0,1601.0,[1601.0],1,['241266-webtirf']
F3FWY005,2025-07-16 12:00:00,4,1,1579.0,1579.0,[1579.0],1,['241266-webtirf']
F3FWY005,2025-07-16 13:00:00,4,1,1639.0,1639.0,[1639.0],1,['241266-webtirf']
F3FWY005,2025-07-16 14:00:00,4,1,1772.0,1772.0,[1772.0],1,['241266-webtirf']
F3FWY005,2025-07-16 15:00:00,4,1,1812.0,1812.0,[1812.0],1,['241266-webtirf']
F3FWY005,2025-07-16 16:00:00,4,1,1701.0,1701.0,[1701.0],1,['241266-webtirf']
F3FWY005,2025-07-16 17:00:00,4,1,1503.0,1503.0,[1503.0],1,['241266-webtirf']
F3FWY005,2025-07-16 18:00:00,4,1,1117.0,1117.0,[1117.0],1,['241266-webtirf']
F3FWY005,2025-07-16 19:00:00,4,1,843.0,843.0,[843.0],1,['241266-webtirf']
F3FWY005,2025-07-16 20:00:00,4,1,578.0,578.0,[578.0],1,['241266-webtirf']
F3FWY005,2025-07-16 21:00:00,4,1,486.0,486.0,[486.0],1,['241266-webtirf']
F3FWY005,2025-07-16 22:00:00,4,1,341.0,341.0,[341.0],1,['241266-webtirf']
F3FWY005,2025-07-16 23:00:00,4,1,241.0,241.0,[241.0],1,['241266-webtirf']
F3FWY005,2025-07-17 00:00:00,4,1,185.0,185.0,[185.0],1,['241266-webtirf']
F3FWY005,2025-07-17 01:00:00,4,1,215.0,215.0,[215.0],1,['241266-webtirf']
F3FWY005,2025-07-17 02:00:00,4,1,216.0,216.0,[216.0],1,['241266-webtirf']
F3FWY005,2025-07-17 03:00:00,4,1,398.0,398.0,[398.0],1,['241266-webtirf']
F3FWY005,2025-07-17 04:00:00,4,1,1047.0,1047.0,[1047.0],1,['241266-webtirf']
F3FWY005,2025-07-17 05:00:00,4,1,2674.0,2674.0,[2674.0],1,['241266-webtirf']
F3FWY005,2025-07-17 06:00:00,4,1,3308.0,3308.0,[3308.0],1,['241266-webtirf']
F3FWY005,2025-07-17 07:00:00,4,1,3126.0,3126.0,[3126.0],1,['241266-webtirf']
F3FWY005,2025-07-17 08:00:00,4,1,2668.0,2668.0,[2668.0],1,['241266-webtirf']
F3FWY005,2025-07-17 09:00:00,4,1,2713.0,2713.0,[2713.0],1,['241266-webtirf']
F3FWY005,2025-07-17 10:00:00,4,1,2556.0,2556.0,[2556.0],1,['241266-webtirf']
F3FWY005,2025-07-17 11:00:00,4,1,2423.0,2423.0,[2423.0],1,['241266-webtirf']
F3FWY005,2025-07-17 12:00:00,4,1,2485.0,2485.0,[2485.0],1,['241266-webtirf']
F3FWY005,2025-07-17 13:00:00,4,1,2637.0,2637.0,[2637.0],1,['241266-webtirf']
F3FWY005,2025-07-17 14:00:00,4,1,2894.0,2894.0,[2894.0],1,['241266-webtirf']
F3FWY005,2025-07-17 15:00:00,4,1,3082.0,3082.0,[3082.0],1,['241266-webtirf']
F3FWY005,2025-07-17 16:00:00,4,1,2882.0,2882.0,[2882.0],1,['241266-webtirf']
F3FWY005,2025-07-17 17:00:00,4,1,2461.0,2461.0,[2461.0],1,['241266-webtirf']
F3FWY005,2025-07-17 18:00:00,4,1,1723.0,1723.0,[1723.0],1,['241266-webtirf']
F3FWY005,2025-07-17 19:00:00,4,1,1168.0,1168.0,[1168.0],1,['241266-webtirf']
F3FWY005,2025-07-17 20:00:00,4,1,743.0,743.0,[743.0],1,['241266-webtirf']
F3FWY005,2025-07-17 21:00:00,4,1,629.0,629.0,[629.0],1,['241266-webtirf']
F3FWY005,2025-07-17 22:00:00,4,1,400.0,400.0,[400.0],1,['241266-webtirf']
F3FWY005,2025-07-17 23:00:00,4,1,308.0,308.0,[308.0],1,['241266-webtirf']
F3FWY005,2025-07-18 00:00:00,4,1,194.0,194.0,[194.0],1,['241266-webtirf']
F3FWY005,2025-07-18 01:00:00,4,1,168.0,168.0,[168.0],1,['241266-webtirf']
F3FWY005,2025-07-18 02:00:00,4,1,242.0,242.0,[242.0],1,['241266-webtirf']
F3FWY005,2025-07-18 03:00:00,4,1,427.0,427.0,[427.0],1,['241266-webtirf']
F3FWY005,2025-07-18 04:00:00,4,1,1001.0,1001.0,[1001.0],1,['241266-webtirf']
F3FWY005,2025-07-18 05:00:00,4,1,2377.0,2377.0,[2377.0],1,['241266-webtirf']
F3FWY005,2025-07-18 06:00:00,4,1,2684.0,2684.0,[2684.0],1,['241266-webtirf']
F3FWY005,2025-07-18 07:00:00,4,1,2478.0,2478.0,[2478.0],1,['241266-webtirf']
F3FWY005,2025-07-18 08:00:00,4,1,2381.0,2381.0,[2381.0],1,['241266-webtirf']
F3FWY005,2025-07-18 09:00:00,4,1,2641.0,2641.0,[2641.0],1,['241266-webtirf']
F3FWY005,2025-07-18 10:00:00,4,1,2832.0,2832.0,[2832.0],1,['241266-webtirf']
F3FWY005,2025-07-18 11:00:00,4,1,2928.0,2928.0,[2928.0],1,['241266-webtirf']
F3FWY005,2025-07-18 12:00:00,4,1,3039.0,3039.0,[3039.0],1,['241266-webtirf']
F3FWY005,2025-07-18 13:00:00,4,1,3234.0,3234.0,[3234.0],1,['241266-webtirf']
F3FWY005,2025-07-18 14:00:00,4,1,3516.0,3516.0,[3516.0],1,['241266-webtirf']
F3FWY005,2025-07-18 15:00:00,4,1,3573.0,3573.0,[3573.0],1,['241266-webtirf']
F3FWY005,2025-07-18 16:00:00,4,1,3322.0,3322.0,[3322.0],1,['241266-webtirf']
F3FWY005,2025-07-18 17:00:00,4,1,2722.0,2722.0,[2722.0],1,['241266-webtirf']
F3FWY005,2025-07-18 18:00:00,4,1,2314.0,2314.0,[2314.0],1,['241266-webtirf']
F3FWY005,2025-07-18 19:00:00,4,1,1129.0,1129.0,[1129.0],1,['241266-webtirf']
F3FWY005,2025-07-18 20:00:00,4,1,895.0,895.0,[895.0],1,['241266-webtirf']
F3FWY005,2025-07-18 21:00:00,3,1,608.0,608.0,[608.0],1,['241266-webtirf']
F3FWY005,2025-07-18 22:00:00,3,1,448.0,448.0,[448.0],1,['241266-webtirf']
F3FWY005,2025-07-18 23:00:00,3,1,325.0,325.0,[325.0],1,['241266-webtirf']
F3FWY005,2025-07-19 00:00:00,3,1,190.0,190.0,[190.0],1,['241266-webtirf']
F3FWY005,2025-07-19 01:00:00,3,1,151.0,151.0,[151.0],1,['241266-webtirf']
F3FWY005,2025-07-19 02:00:00,3,1,169.0,169.0,[169.0],1,['241266-webtirf']
F3FWY005,2025-07-19 03:00:00,3,1,224.0,224.0,[224.0],1,['241266-webtirf']
F3FWY005,2025-07-19 04:00:00,3,1,442.0,442.0,[442.0],1,['241266-webtirf']
F3FWY005,2025-07-19 05:00:00,3,1,863.0,863.0,[863.0],1,['241266-webtirf']
F3FWY005,2025-07-19 06:00:00,3,1,1113.0,1113.0,[1113.0],1,['241266-webtirf']
F3FWY005,2025-07-19 07:00:00,3,1,1455.0,1455.0,[1455.0],1,['241266-webtirf']
F3FWY005,2025-07-19 08:00:00,3,1,2094.0,2094.0,[2094.0],1,['241266-webtirf']
F3FWY005,2025-07-19 09:00:00,3,1,2789.0,2789.0,[2789.0],1,['241266-webtirf']
F3FWY005,2025-07-19 10:00:00,3,1,3201.0,3201.0,[3201.0],1,['241266-webtirf']
F3FWY005,2025-07-19 11:00:00,3,1,3388.0,3388.0,[3388.0],1,['241266-webtirf']
F3FWY005,2025-07-19 12:00:00,3,1,3150.0,3150.0,[3150.0],1,['241266-webtirf']
F3FWY005,2025-07-19 13:00:00,3,1,3236.0,3236.0,[3236.0],1,['241266-webtirf']
F3FWY005,2025-07-19 14:00:00,3,1,3409.0,3409.0,[3409.0],1,['241266-webtirf']
F3FWY005,2025-07-19 15:00:00,3,1,3604.0,3604.0,[3604.0],1,['241266-webtirf']
F3FWY005,2025-07-19 16:00:00,3,1,3425.0,3425.0,[3425.0],1,['241266-webtirf']
F3FWY005,2025-07-19 17:00:00,3,1,3136.0,3136.0,[3136.0],1,['241266-webtirf']
F3FWY005,2025-07-19 18:00:00,3,1,1864.0,1864.0,[1864.0],1,['241266-webtirf']
F3FWY005,2025-07-19 19:00:00,3,1,1158.0,1158.0,[1158.0],1,['241266-webtirf']
F3FWY005,2025-07-19 20:00:00,3,1,852.0,852.0,[852.0],1,['241266-webtirf']
F3FWY005,2025-07-19 21:00:00,3,1,713.0,713.0,[713.0],1,['241266-webtirf']
F3FWY005,2025-07-19 22:00:00,3,1,547.0,547.0,[547.0],1,['241266-webtirf']
F3FWY005,2025-07-19 23:00:00,3,1,382.0,382.0,[382.0],1,['241266-webtirf']
F3FWY005,2025-07-20 00:00:00,3,1,216.0,216.0,[216.0],1,['241266-webtirf']
F3FWY005,2025-07-20 01:00:00,3,1,150.0,150.0,[150.0],1,['241266-webtirf']
F3FWY005,2025-07-20 02:00:00,3,1,126.0,126.0,[126.0],1,['241266-webtirf']
F3FWY005,2025-07-20 03:00:00,3,1,155.0,155.0,[155.0],1,['241266-webtirf']
F3FWY005,2025-07-20 04:00:00,3,1,232.0,232.0,[232.0],1,['241266-webtirf']
F3FWY005,2025-07-20 05:00:00,3,1,458.0,458.0,[458.0],1,['241266-webtirf']
F3FWY005,2025-07-20 06:00:00,3,1,653.0,653.0,[653.0],1,['241266-webtirf']
F3FWY005,2025-07-20 07:00:00,3,1,910.0,910.0,[910.0],1,['241266-webtirf']
F3FWY005,2025-07-20 08:00:00,3,1,1635.0,1635.0,[1635.0],1,['241266-webtirf']
F3FWY005,2025-07-20 09:00:00,3,1,2600.0,2600.0,[2600.0],1,['241266-webtirf']
F3FWY005,2025-07-20 10:00:00,3,1,3288.0,3288.0,[3288.0],1,['241266-webtirf']
F3FWY005,2025-07-20 11:00:00,3,1,3760.0,3760.0,[3760.0],1,['241266-webtirf']
F3FWY005,2025-07-20 12:00:00,3,1,3838.0,3838.0,[3838.0],1,['241266-webtirf']
F3FWY005,2025-07-20 13:00:00,3,1,3555.0,3555.0,[3555.0],1,['241266-webtirf']
F3FWY005,2025-07-20 14:00:00,3,1,3799.0,3799.0,[3799.0],1,['241266-webtirf']
F3FWY005,2025-07-20 15:00:00,3,1,4044.0,4044.0,[4044.0],1,['241266-webtirf']
F3FWY005,2025-07-20 16:00:00,3,1,3836.0,3836.0,[3836.0],1,['241266-webtirf']
F3FWY005,2025-07-20 17:00:00,3,1,3036.0,3036.0,[3036.0],1,['241266-webtirf']
F3FWY005,2025-07-20 18:00:00,3,1,2181.0,2181.0,[2181.0],1,['241266-webtirf']
F3FWY005,2025-07-20 19:00:00,2,1,1608.0,1608.0,[1608.0],1,['241266-webtirf']
F3FWY005,2025-07-20 20:00:00,2,1,1187.0,1187.0,[1187.0],1,['241266-webtirf']
F3FWY005,2025-07-20 21:00:00,2,1,755.0,755.0,[755.0],1,['241266-webtirf']
F3FWY005,2025-07-20 22:00:00,2,1,434.0,434.0,[434.0],1,['241266-webtirf']
F3FWY005,2025-07-20 23:00:00,2,1,274.0,274.0,[274.0],1,['241266-webtirf']
F3FWY005,2025-07-21 00:00:00,2,1,12.0,12.0,[12.0],1,['241266-webtirf']
F3FWY005,2025-07-21 01:00:00,2,1,14.0,14.0,[14.0],1,['241266-webtirf']
F3FWY005,2025-07-21 02:00:00,2,1,16.0,16.0,[16.0],1,['241266-webtirf']
F3FWY005,2025-07-21 03:00:00,2,1,51.0,51.0,[51.0],1,['241266-webtirf']
F3FWY005,2025-07-21 04:00:00,2,1,286.0,286.0,[286.0],1,['241266-webtirf']
F3FWY005,2025-07-21 05:00:00,2,1,1171.0,1171.0,[1171.0],1,['241266-webtirf']
F3FWY005,2025-07-21 06:00:00,2,1,1718.0,1718.0,[1718.0],1,['241266-webtirf']
F3FWY005,2025-07-21 07:00:00,2,1,1475.0,1475.0,[1475.0],1,['241266-webtirf']
F3FWY005,2025-07-21 08:00:00,2,1,878.0,878.0,[878.0],1,['241266-webtirf']
F3FWY005,2025-07-21 09:00:00,2,1,678.0,678.0,[678.0],1,['241266-webtirf']
F3FWY005,2025-07-21 10:00:00,2,1,765.0,765.0,[765.0],1,['241266-webtirf']
F3FWY005,2025-07-21 11:00:00,2,1,798.0,798.0,[798.0],1,['241266-webtirf']
F3FWY005,2025-07-21 12:00:00,2,1,812.0,812.0,[812.0],1,['241266-webtirf']
F3FWY005,2025-07-21 13:00:00,2,1,776.0,776.0,[776.0],1,['241266-webtirf']
F3FWY005,2025-07-21 14:00:00,2,1,864.0,864.0,[864.0],1,['241266-webtirf']
F3FWY005,2025-07-21 15:00:00,2,1,931.0,931.0,[931.0],1,['241266-webtirf']
F3FWY005,2025-07-21 16:00:00,2,1,840.0,840.0,[840.0],1,['241266-webtirf']
F3FWY005,2025-07-21 17:00:00,2,1,728.0,728.0,[728.0],1,['241266-webtirf']
F3FWY005,2025-07-21 18:00:00,2,1,408.0,408.0,[408.0],1,['241266-webtirf']
F3FWY005,2025-07-21 19:00:00,2,1,179.0,179.0,[179.0],1,['241266-webtirf']
F3FWY005,2025-07-21 20:00:00,2,1,115.0,115.0,[115.0],1,['241266-webtirf']
F3FWY005,2025-07-21 21:00:00,2,1,59.0,59.0,[59.0],1,['241266-webtirf']
F3FWY005,2025-07-21 22:00:00,2,1,46.0,46.0,[46.0],1,['241266-webtirf']
F3FWY005,2025-07-21 23:00:00,2,1,25.0,25.0,[25.0],1,['241266-webtirf']
F3FWY005,2025-07-22 00:00:00,2,1,179.0,179.0,[179.0],1,['241266-webtirf']
F3FWY005,2025-07-22 01:00:00,2,1,165.0,165.0,[165.0],1,['241266-webtirf']
F3FWY005,2025-07-22 02:00:00,2,1,237.0,237.0,[237.0],1,['241266-webtirf']
F3FWY005,2025-07-22 03:00:00,2,1,417.0,417.0,[417.0],1,['241266-webtirf']
F3FWY005,2025-07-22 04:00:00,2,1,1114.0,1114.0,[1114.0],1,['241266-webtirf']
F3FWY005,2025-07-22 05:00:00,2,1,2832.0,2832.0,[2832.0],1,['241266-webtirf']
F3FWY005,2025-07-22 06:00:00,2,1,3844.0,3844.0,[3844.0],1,['241266-webtirf']
F3FWY005,2025-07-22 07:00:00,2,1,3499.0,3499.0,[3499.0],1,['241266-webtirf']
F3FWY005,2025-07-22 08:00:00,2,1,2541.0,2541.0,[2541.0],1,['241266-webtirf']
F3FWY005,2025-07-22 09:00:00,2,1,2209.0,2209.0,[2209.0],1,['241266-webtirf']
F3FWY005,2025-07-22 10:00:00,2,1,2053.0,2053.0,[2053.0],1,['241266-webtirf']
F3FWY005,2025-07-22 11:00:00,2,1,2041.0,2041.0,[2041.0],1,['241266-webtirf']
F3FWY005,2025-07-22 12:00:00,2,1,1961.0,1961.0,[1961.0],1,['241266-webtirf']
F3FWY005,2025-07-22 13:00:00,2,1,2089.0,2089.0,[2089.0],1,['241266-webtirf']
F3FWY005,2025-07-22 14:00:00,2,1,2250.0,2250.0,[2250.0],1,['241266-webtirf']
F3FWY005,2025-07-22 15:00:00,2,1,1677.0,1677.0,[1677.0],1,['241266-webtirf']
F3FWY005,2025-07-22 16:00:00,2,1,1794.0,1794.0,[1794.0],1,['241266-webtirf']
F3FWY005,2025-07-22 17:00:00,2,1,1791.0,1791.0,[1791.0],1,['241266-webtirf']
F3FWY005,2025-07-22 18:00:00,2,1,1278.0,1278.0,[1278.0],1,['241266-webtirf']
F3FWY005,2025-07-22 19:00:00,2,1,1054.0,1054.0,[1054.0],1,['241266-webtirf']
F3FWY005,2025-07-22 20:00:00,2,1,877.0,877.0,[877.0],1,['241266-webtirf']
F3FWY005,2025-07-22 21:00:00,2,1,847.0,847.0,[847.0],1,['241266-webtirf']
F3FWY005,2025-07-22 22:00:00,2,1,521.0,521.0,[521.0],1,['241266-webtirf']
F3FWY005,2025-07-22 23:00:00,2,1,268.0,268.0,[268.0],1,['241266-webtirf']
F3FWY005,2025-07-23 00:00:00,2,1,215.0,215.0,[215.0],1,['241266-webtirf']
F3FWY005,2025-07-23 01:00:00,2,1,182.0,182.0,[182.0],1,['241266-webtirf']
F3FWY005,2025-07-23 02:00:00,2,1,218.0,218.0,[218.0],1,['241266-webtirf']
F3FWY005,2025-07-23 03:00:00,2,1,402.0,402.0,[402.0],1,['241266-webtirf']
F3FWY005,2025-07-23 04:00:00,2,1,1079.0,1079.0,[1079.0],1,['241266-webtirf']
F3FWY005,2025-07-23 05:00:00,2,1,2737.0,2737.0,[2737.0],1,['241266-webtirf']
F3FWY005,2025-07-23 06:00:00,2,1,3794.0,3794.0,[3794.0],1,['241266-webtirf']
F3FWY005,2025-07-23 07:00:00,2,1,3584.0,3584.0,[3584.0],1,['241266-webtirf']
F3FWY005,2025-07-23 08:00:00,2,1,2635.0,2635.0,[2635.0],1,['241266-webtirf']
F3FWY005,2025-07-23 09:00:00,2,1,2313.0,2313.0,[2313.0],1,['241266-webtirf']
F3FWY005,2025-07-23 10:00:00,2,1,2155.0,2155.0,[2155.0],1,['241266-webtirf']
F3FWY005,2025-07-23 11:00:00,2,1,1984.0,1984.0,[1984.0],1,['241266-webtirf']
F3FWY005,2025-07-23 12:00:00,2,1,1907.0,1907.0,[1907.0],1,['241266-webtirf']
F3FWY005,2025-07-23 13:00:00,2,1,2301.0,2301.0,[2301.0],1,['241266-webtirf']
F3FWY005,2025-07-23 14:00:00,2,1,2249.0,2249.0,[2249.0],1,['241266-webtirf']
F3FWY005,2025-07-23 15:00:00,2,1,2543.0,2543.0,[2543.0],1,['241266-webtirf']
F3FWY005,2025-07-23 16:00:00,2,1,2401.0,2401.0,[2401.0],1,['241266-webtirf']
F3FWY005,2025-07-23 17:00:00,2,1,2095.0,2095.0,[2095.0],1,['241266-webtirf']
F3FWY005,2025-07-23 18:00:00,2,1,1434.0,1434.0,[1434.0],1,['241266-webtirf']
F3FWY005,2025-07-23 19:00:00,2,1,900.0,900.0,[900.0],1,['241266-webtirf']
F3FWY005,2025-07-23 20:00:00,2,1,588.0,588.0,[588.0],1,['241266-webtirf']
F3FWY005,2025-07-23 21:00:00,2,1,497.0,497.0,[497.0],1,['241266-webtirf']
F3FWY005,2025-07-23 22:00:00,2,1,355.0,355.0,[355.0],1,['241266-webtirf']
F3FWY005,2025-07-23 23:00:00,2,1,257.0,257.0,[257.0],1,['241266-webtirf']
F3FWY005,2025-07-24 00:00:00,2,1,180.0,180.0,[180.0],1,['241266-webtirf']
F3FWY005,2025-07-24 01:00:00,2,1,157.0,157.0,[157.0],1,['241266-webtirf']
F3FWY005,2025-07-24 02:00:00,2,1,250.0,250.0,[250.0],1,['241266-webtirf']
F3FWY005,2025-07-24 03:00:00,2,1,412.0,412.0,[412.0],1,['241266-webtirf']
F3FWY005,2025-07-24 04:00:00,2,1,1123.0,1123.0,[1123.0],1,['241266-webtirf']
F3FWY005,2025-07-24 05:00:00,2,1,2758.0,2758.0,[2758.0],1,['241266-webtirf']
F3FWY005,2025-07-24 06:00:00,2,1,3644.0,3644.0,[3644.0],1,['241266-webtirf']
F3FWY005,2025-07-24 07:00:00,2,1,3375.0,3375.0,[3375.0],1,['241266-webtirf']
F3FWY005,2025-07-24 08:00:00,2,1,2623.0,2623.0,[2623.0],1,['241266-webtirf']
F3FWY005,2025-07-24 09:00:00,2,1,2398.0,2398.0,[2398.0],1,['241266-webtirf']
F3FWY005,2025-07-24 10:00:00,2,1,2199.0,2199.0,[2199.0],1,['241266-webtirf']
F3FWY005,2025-07-24 11:00:00,2,1,2029.0,2029.0,[2029.0],1,['241266-webtirf']
F3FWY005,2025-07-24 12:00:00,2,1,2182.0,2182.0,[2182.0],1,['241266-webtirf']
F3FWY005,2025-07-24 13:00:00,2,1,2340.0,2340.0,[2340.0],1,['241266-webtirf']
F3FWY005,2025-07-24 14:00:00,2,1,2541.0,2541.0,[2541.0],1,['241266-webtirf']
F3FWY005,2025-07-24 15:00:00,2,1,2605.0,2605.0,[2605.0],1,['241266-webtirf']
F3FWY005,2025-07-24 16:00:00,2,1,2463.0,2463.0,[2463.0],1,['241266-webtirf']
F3FWY005,2025-07-24 17:00:00,2,1,2219.0,2219.0,[2219.0],1,['241266-webtirf']
F3FWY005,2025-07-24 18:00:00,2,1,1615.0,1615.0,[1615.0],1,['241266-webtirf']
F3FWY005,2025-07-24 19:00:00,2,1,1033.0,1033.0,[1033.0],1,['241266-webtirf']
F3FWY005,2025-07-24 20:00:00,2,1,619.0,619.0,[619.0],1,['241266-webtirf']
F3FWY005,2025-07-24 21:00:00,2,1,528.0,528.0,[528.0],1,['241266-webtirf']
F3FWY005,2025-07-24 22:00:00,2,1,380.0,380.0,[380.0],1,['241266-webtirf']
F3FWY005,2025-07-24 23:00:00,2,1,247.0,247.0,[247.0],1,['241266-webtirf']
F3FWY005,2025-07-25 00:00:00,2,1,204.0,204.0,[204.0],1,['241266-webtirf']
F3FWY005,2025-07-25 01:00:00,2,1,182.0,182.0,[182.0],1,['241266-webtirf']
F3FWY005,2025-07-25 02:00:00,2,1,235.0,235.0,[235.0],1,['241266-webtirf']
F3FWY005,2025-07-25 03:00:00,2,1,422.0,422.0,[422.0],1,['241266-webtirf']
F3FWY005,2025-07-25 04:00:00,2,1,1041.0,1041.0,[1041.0],1,['241266-webtirf']
F3FWY005,2025-07-25 05:00:00,2,1,2491.0,2491.0,[2491.0],1,['241266-webtirf']
F3FWY005,2025-07-25 06:00:00,2,1,2960.0,2960.0,[2960.0],1,['241266-webtirf']
F3FWY005,2025-07-25 07:00:00,2,1,2682.0,2682.0,[2682.0],1,['241266-webtirf']
F3FWY005,2025-07-25 08:00:00,2,1,2254.0,2254.0,[2254.0],1,['241266-webtirf']
F3FWY005,2025-07-25 09:00:00,2,1,2485.0,2485.0,[2485.0],1,['241266-webtirf']
F3FWY005,2025-07-25 10:00:00,2,1,2515.0,2515.0,[2515.0],1,['241266-webtirf']
F3FWY005,2025-07-25 11:00:00,2,1,2606.0,2606.0,[2606.0],1,['241266-webtirf']
F3FWY005,2025-07-25 12:00:00,2,1,2599.0,2599.0,[2599.0],1,['241266-webtirf']
F3FWY005,2025-07-25 13:00:00,2,1,2819.0,2819.0,[2819.0],1,['241266-webtirf']
F3FWY005,2025-07-25 14:00:00,2,1,2963.0,2963.0,[2963.0],1,['241266-webtirf']
F3FWY005,2025-07-25 15:00:00,2,1,3123.0,3123.0,[3123.0],1,['241266-webtirf']
F3FWY005,2025-07-25 16:00:00,2,1,3101.0,3101.0,[3101.0],1,['241266-webtirf']
F3FWY005,2025-07-25 17:00:00,2,1,2840.0,2840.0,[2840.0],1,['241266-webtirf']
F3FWY005,2025-07-25 18:00:00,2,1,1908.0,1908.0,[1908.0],1,['241266-webtirf']
F3FWY005,2025-07-25 19:00:00,2,1,1081.0,1081.0,[1081.0],1,['241266-webtirf']
F3FWY005,2025-07-25 20:00:00,2,1,710.0,710.0,[710.0],1,['241266-webtirf']
F3FWY005,2025-07-25 21:00:00,2,1,543.0,543.0,[543.0],1,['241266-webtirf']
F3FWY005,2025-07-25 22:00:00,2,1,413.0,413.0,[413.0],1,['241266-webtirf']
F3FWY005,2025-07-25 23:00:00,2,1,301.0,301.0,[301.0],1,['241266-webtirf']
F3FWY005,2025-07-26 00:00:00,2,1,166.0,166.0,[166.0],1,['241266-webtirf']
F3FWY005,2025-07-26 01:00:00,2,1,156.0,156.0,[156.0],1,['241266-webtirf']
F3FWY005,2025-07-26 02:00:00,2,1,169.0,169.0,[169.0],1,['241266-webtirf']
F3FWY005,2025-07-26 03:00:00,2,1,230.0,230.0,[230.0],1,['241266-webtirf']
F3FWY005,2025-07-26 04:00:00,2,1,458.0,458.0,[458.0],1,['241266-webtirf']
F3FWY005,2025-07-26 05:00:00,2,1,840.0,840.0,[840.0],1,['241266-webtirf']
F3FWY005,2025-07-26 06:00:00,2,1,1030.0,1030.0,[1030.0],1,['241266-webtirf']
F3FWY005,2025-07-26 07:00:00,2,1,1422.0,1422.0,[1422.0],1,['241266-webtirf']
F3FWY005,2025-07-26 08:00:00,2,1,1954.0,1954.0,[1954.0],1,['241266-webtirf']
F3FWY005,2025-07-26 09:00:00,2,1,2458.0,2458.0,[2458.0],1,['241266-webtirf']
F3FWY005,2025-07-26 10:00:00,2,1,2947.0,2947.0,[2947.0],1,['241266-webtirf']
F3FWY005,2025-07-26 11:00:00,2,1,2952.0,2952.0,[2952.0],1,['241266-webtirf']
F3FWY005,2025-07-26 12:00:00,2,1,2687.0,2687.0,[2687.0],1,['241266-webtirf']
F3FWY005,2025-07-26 13:00:00,2,1,2682.0,2682.0,[2682.0],1,['241266-webtirf']
F3FWY005,2025-07-26 14:00:00,2,1,2748.0,2748.0,[2748.0],1,['241266-webtirf']
F3FWY005,2025-07-26 15:00:00,2,1,2870.0,2870.0,[2870.0],1,['241266-webtirf']
F3FWY005,2025-07-26 16:00:00,2,1,2747.0,2747.0,[2747.0],1,['241266-webtirf']
F3FWY005,2025-07-26 17:00:00,2,1,2323.0,2323.0,[2323.0],1,['241266-webtirf']
F3FWY005,2025-07-26 18:00:00,2,1,1468.0,1468.0,[1468.0],1,['241266-webtirf']
F3FWY005,2025-07-26 19:00:00,2,1,870.0,870.0,[870.0],1,['241266-webtirf']
F3FWY005,2025-07-26 20:00:00,2,1,693.0,693.0,[693.0],1,['241266-webtirf']
F3FWY005,2025-07-26 21:00:00,2,1,765.0,765.0,[765.0],1,['241266-webtirf']
F3FWY005,2025-07-26 22:00:00,2,1,768.0,768.0,[768.0],1,['241266-webtirf']
F3FWY005,2025-07-26 23:00:00,2,1,398.0,398.0,[398.0],1,['241266-webtirf']
F3FWY005,2025-07-27 00:00:00,2,1,214.0,214.0,[214.0],1,['241266-webtirf']
F3FWY005,2025-07-27 01:00:00,2,1,145.0,145.0,[145.0],1,['241266-webtirf']
F3FWY005,2025-07-27 02:00:00,2,1,110.0,110.0,[110.0],1,['241266-webtirf']
F3FWY005,2025-07-27 03:00:00,2,1,134.0,134.0,[134.0],1,['241266-webtirf']
F3FWY005,2025-07-27 04:00:00,2,1,228.0,228.0,[228.0],1,['241266-webtirf']
F3FWY005,2025-07-27 05:00:00,2,1,503.0,503.0,[503.0],1,['241266-webtirf']
F3FWY005,2025-07-27 06:00:00,2,1,709.0,709.0,[709.0],1,['241266-webtirf']
F3FWY005,2025-07-27 07:00:00,2,1,1106.0,1106.0,[1106.0],1,['241266-webtirf']
F3FWY005,2025-07-27 08:00:00,2,1,1682.0,1682.0,[1682.0],1,['241266-webtirf']
F3FWY005,2025-07-27 09:00:00,2,1,2435.0,2435.0,[2435.0],1,['241266-webtirf']
F3FWY005,2025-07-27 10:00:00,2,1,3327.0,3327.0,[3327.0],1,['241266-webtirf']
F3FWY005,2025-07-27 11:00:00,2,1,3681.0,3681.0,[3681.0],1,['241266-webtirf']
F3FWY005,2025-07-27 12:00:00,2,1,3633.0,3633.0,[3633.0],1,['241266-webtirf']
F3FWY005,2025-07-27 13:00:00,2,1,3383.0,3383.0,[3383.0],1,['241266-webtirf']
F3FWY005,2025-07-27 14:00:00,2,1,3612.0,3612.0,[3612.0],1,['241266-webtirf']
F3FWY005,2025-07-27 15:00:00,2,1,3682.0,3682.0,[3682.0],1,['241266-webtirf']
F3FWY005,2025-07-27 16:00:00,2,1,3279.0,3279.0,[3279.0],1,['241266-webtirf']
F3FWY005,2025-07-27 17:00:00,2,1,2892.0,2892.0,[2892.0],1,['241266-webtirf']
F3FWY005,2025-07-27 18:00:00,2,1,2220.0,2220.0,[2220.0],1,['241266-webtirf']
F3FWY005,2025-07-27 19:00:00,2,1,1395.0,1395.0,[1395.0],1,['241266-webtirf']
F3FWY005,2025-07-27 20:00:00,2,1,957.0,957.0,[957.0],1,['241266-webtirf']
F3FWY005,2025-07-27 21:00:00,2,1,570.0,570.0,[570.0],1,['241266-webtirf']
F3FWY005,2025-07-27 22:00:00,2,1,378.0,378.0,[378.0],1,['241266-webtirf']
F3FWY005,2025-07-27 23:00:00,2,1,230.0,230.0,[230.0],1,['241266-webtirf']
F3FWY005,2025-07-28 00:00:00,2,1,117.0,117.0,[117.0],1,['241266-webtirf']
F3FWY005,2025-07-28 01:00:00,2,1,145.0,145.0,[145.0],1,['241266-webtirf']
F3FWY005,2025-07-28 02:00:00,2,1,200.0,200.0,[200.0],1,['241266-webtirf']
F3FWY005,2025-07-28 03:00:00,2,1,365.0,365.0,[365.0],1,['241266-webtirf']
F3FWY005,2025-07-28 04:00:00,2,1,1053.0,1053.0,[1053.0],1,['241266-webtirf']
F3FWY005,2025-07-28 05:00:00,2,1,2749.0,2749.0,[2749.0],1,['241266-webtirf']
F3FWY005,2025-07-28 06:00:00,2,1,3712.0,3712.0,[3712.0],1,['241266-webtirf']
F3FWY005,2025-07-28 07:00:00,2,1,3456.0,3456.0,[3456.0],1,['241266-webtirf']
F3FWY005,2025-07-28 08:00:00,2,1,2523.0,2523.0,[2523.0],1,['241266-webtirf']
F3FWY005,2025-07-28 09:00:00,2,1,2378.0,2378.0,[2378.0],1,['241266-webtirf']
F3FWY005,2025-07-28 10:00:00,2,1,2117.0,2117.0,[2117.0],1,['241266-webtirf']
F3FWY005,2025-07-28 11:00:00,2,1,2202.0,2202.0,[2202.0],1,['241266-webtirf']
F3FWY005,2025-07-28 12:00:00,2,1,2132.0,2132.0,[2132.0],1,['241266-webtirf']
F3FWY005,2025-07-28 13:00:00,2,1,2129.0,2129.0,[2129.0],1,['241266-webtirf']
F3FWY005,2025-07-28 14:00:00,2,1,2307.0,2307.0,[2307.0],1,['241266-webtirf']
F3FWY005,2025-07-28 15:00:00,2,1,2167.0,2167.0,[2167.0],1,['241266-webtirf']
F3FWY005,2025-07-28 16:00:00,2,1,2360.0,2360.0,[2360.0],1,['241266-webtirf']
F3FWY005,2025-07-28 17:00:00,2,1,1974.0,1974.0,[1974.0],1,['241266-webtirf']
F3FWY005,2025-07-28 18:00:00,2,1,1353.0,1353.0,[1353.0],1,['241266-webtirf']
F3FWY005,2025-07-28 19:00:00,2,1,911.0,911.0,[911.0],1,['241266-webtirf']
F3FWY005,2025-07-28 20:00:00,2,1,598.0,598.0,[598.0],1,['241266-webtirf']
F3FWY005,2025-07-28 21:00:00,2,1,448.0,448.0,[448.0],1,['241266-webtirf']
F3FWY005,2025-07-28 22:00:00,2,1,334.0,334.0,[334.0],1,['241266-webtirf']
F3FWY005,2025-07-28 23:00:00,2,1,212.0,212.0,[212.0],1,['241266-webtirf']
F3FWY005,2025-07-29 00:00:00,2,1,169.0,169.0,[169.0],1,['241266-webtirf']
F3FWY005,2025-07-29 01:00:00,2,1,160.0,160.0,[160.0],1,['241266-webtirf']
F3FWY005,2025-07-29 02:00:00,2,1,215.0,215.0,[215.0],1,['241266-webtirf']
F3FWY005,2025-07-29 03:00:00,2,1,384.0,384.0,[384.0],1,['241266-webtirf']
F3FWY005,2025-07-29 04:00:00,2,1,1123.0,1123.0,[1123.0],1,['241266-webtirf']
F3FWY005,2025-07-29 05:00:00,2,1,2873.0,2873.0,[2873.0],1,['241266-webtirf']
F3FWY005,2025-07-29 06:00:00,2,1,3877.0,3877.0,[3877.0],1,['241266-webtirf']
F3FWY005,2025-07-29 07:00:00,2,1,3564.0,3564.0,[3564.0],1,['241266-webtirf']
F3FWY005,2025-07-29 08:00:00,2,1,2601.0,2601.0,[2601.0],1,['241266-webtirf']
F3FWY005,2025-07-29 09:00:00,2,1,2314.0,2314.0,[2314.0],1,['241266-webtirf']
F3FWY005,2025-07-29 10:00:00,2,1,2074.0,2074.0,[2074.0],1,['241266-webtirf']
F3FWY005,2025-07-29 11:00:00,2,1,1868.0,1868.0,[1868.0],1,['241266-webtirf']
F3FWY005,2025-07-29 12:00:00,2,1,1939.0,1939.0,[1939.0],1,['241266-webtirf']
F3FWY005,2025-07-29 13:00:00,2,1,2143.0,2143.0,[2143.0],1,['241266-webtirf']
F3FWY005,2025-07-29 14:00:00,2,1,2247.0,2247.0,[2247.0],1,['241266-webtirf']
F3FWY005,2025-07-29 15:00:00,2,1,2326.0,2326.0,[2326.0],1,['241266-webtirf']
F3FWY005,2025-07-29 16:00:00,2,1,2225.0,2225.0,[2225.0],1,['241266-webtirf']
F3FWY005,2025-07-29 17:00:00,2,1,1949.0,1949.0,[1949.0],1,['241266-webtirf']
F3FWY005,2025-07-29 18:00:00,2,1,1402.0,1402.0,[1402.0],1,['241266-webtirf']
F3FWY005,2025-07-29 19:00:00,2,1,915.0,915.0,[915.0],1,['241266-webtirf']
F3FWY005,2025-07-29 20:00:00,2,1,595.0,595.0,[595.0],1,['241266-webtirf']
F3FWY005,2025-07-29 21:00:00,2,1,432.0,432.0,[432.0],1,['241266-webtirf']
F3FWY005,2025-07-29 22:00:00,2,1,356.0,356.0,[356.0],1,['241266-webtirf']
F3FWY005,2025-07-29 23:00:00,2,1,248.0,248.0,[248.0],1,['241266-webtirf']
F3FWY005,2025-07-30 00:00:00,2,1,176.0,176.0,[176.0],1,['241266-webtirf']
F3FWY005,2025-07-30 01:00:00,2,1,170.0,170.0,[170.0],1,['241266-webtirf']
F3FWY005,2025-07-30 02:00:00,2,1,212.0,212.0,[212.0],1,['241266-webtirf']
F3FWY005,2025-07-30 03:00:00,2,1,391.0,391.0,[391.0],1,['241266-webtirf']
F3FWY005,2025-07-30 04:00:00,2,1,1083.0,1083.0,[1083.0],1,['241266-webtirf']
F3FWY005,2025-07-30 05:00:00,2,1,2750.0,2750.0,[2750.0],1,['241266-webtirf']
F3FWY005,2025-07-30 06:00:00,2,1,3557.0,3557.0,[3557.0],1,['241266-webtirf']
F3FWY005,2025-07-30 07:00:00,2,1,3540.0,3540.0,[3540.0],1,['241266-webtirf']
F3FWY005,2025-07-30 08:00:00,2,1,2557.0,2557.0,[2557.0],1,['241266-webtirf']
F3FWY005,2025-07-30 09:00:00,2,1,2294.0,2294.0,[2294.0],1,['241266-webtirf']
F3FWY005,2025-07-30 10:00:00,2,1,2068.0,2068.0,[2068.0],1,['241266-webtirf']
F3FWY005,2025-07-30 11:00:00,2,1,1968.0,1968.0,[1968.0],1,['241266-webtirf']
F3FWY005,2025-07-30 12:00:00,2,1,1968.0,1968.0,[1968.0],1,['241266-webtirf']
F3FWY005,2025-07-30 13:00:00,2,1,2179.0,2179.0,[2179.0],1,['241266-webtirf']
F3FWY005,2025-07-30 14:00:00,2,1,2257.0,2257.0,[2257.0],1,['241266-webtirf']
F3FWY005,2025-07-30 15:00:00,2,1,2371.0,2371.0,[2371.0],1,['241266-webtirf']
F3FWY005,2025-07-30 16:00:00,2,1,2178.0,2178.0,[2178.0],1,['241266-webtirf']
F3FWY005,2025-07-30 17:00:00,2,1,2003.0,2003.0,[2003.0],1,['241266-webtirf']
F3FWY005,2025-07-30 18:00:00,2,1,1272.0,1272.0,[1272.0],1,['241266-webtirf']
F3FWY005,2025-07-30 19:00:00,2,1,804.0,804.0,[804.0],1,['241266-webtirf']
F3FWY005,2025-07-30 20:00:00,2,1,579.0,579.0,[579.0],1,['241266-webtirf']
F3FWY005,2025-07-30 21:00:00,2,1,444.0,444.0,[444.0],1,['241266-webtirf']
F3FWY005,2025-07-30 22:00:00,2,1,321.0,321.0,[321.0],1,['241266-webtirf']
F3FWY005,2025-07-30 23:00:00,2,1,201.0,201.0,[201.0],1,['241266-webtirf']
F3FWY005,2025-07-31 00:00:00,2,1,177.0,177.0,[177.0],1,['241266-webtirf']
F3FWY005,2025-07-31 01:00:00,2,1,159.0,159.0,[159.0],1,['241266-webtirf']
F3FWY005,2025-07-31 02:00:00,2,1,243.0,243.0,[243.0],1,['241266-webtirf']
F3FWY005,2025-07-31 03:00:00,2,1,379.0,379.0,[379.0],1,['241266-webtirf']
F3FWY005,2025-07-31 04:00:00,2,1,1040.0,1040.0,[1040.0],1,['241266-webtirf']
F3FWY005,2025-07-31 05:00:00,2,1,2568.0,2568.0,[2568.0],1,['241266-webtirf']
F3FWY005,2025-07-31 06:00:00,2,1,3470.0,3470.0,[3470.0],1,['241266-webtirf']
F3FWY005,2025-07-31 07:00:00,2,1,3138.0,3138.0,[3138.0],1,['241266-webtirf']
F3FWY005,2025-07-31 08:00:00,2,1,2366.0,2366.0,[2366.0],1,['241266-webtirf']
F3FWY005,2025-07-31 09:00:00,2,1,2319.0,2319.0,[2319.0],1,['241266-webtirf']
F3FWY005,2025-07-31 10:00:00,2,1,0.0,0.0,[0.0],1,['241266-webtirf']
F3FWY005,2025-07-31 11:00:00,2,1,1870.0,1870.0,[1870.0],1,['241266-webtirf']
F3FWY005,2025-07-31 12:00:00,2,1,2180.0,2180.0,[2180.0],1,['241266-webtirf']
F3FWY005,2025-07-31 13:00:00,2,1,2296.0,2296.0,[2296.0],1,['241266-webtirf']
F3FWY005,2025-07-31 14:00:00,2,1,2372.0,2372.0,[2372.0],1,['241266-webtirf']
F3FWY005,2025-07-31 15:00:00,2,1,2348.0,2348.0,[2348.0],1,['241266-webtirf']
F3FWY005,2025-07-31 16:00:00,2,1,2393.0,2393.0,[2393.0],1,['241266-webtirf']
F3FWY005,2025-07-31 17:00:00,2,1,1937.0,1937.0,[1937.0],1,['241266-webtirf']
F3FWY005,2025-07-31 18:00:00,2,1,1360.0,1360.0,[1360.0],1,['241266-webtirf']
F3FWY005,2025-07-31 19:00:00,2,1,836.0,836.0,[836.0],1,['241266-webtirf']
F3FWY005,2025-07-31 20:00:00,2,1,598.0,598.0,[598.0],1,['241266-webtirf']
F3FWY005,2025-07-31 21:00:00,2,1,494.0,494.0,[494.0],1,['241266-webtirf']
F3FWY005,2025-07-31 22:00:00,2,1,331.0,331.0,[331.0],1,['241266-webtirf']
F3FWY005,2025-07-31 23:00:00,2,1,255.0,255.0,[255.0],1,['241266-webtirf']
F3FWY005,2025-08-01 00:00:00,2,1,190.0,190.0,[190.0],1,['241266-webtirf']
F3FWY005,2025-08-01 01:00:00,2,1,193.0,193.0,[193.0],1,['241266-webtirf']
F3FWY005,2025-08-01 02:00:00,2,1,273.0,273.0,[273.0],1,['241266-webtirf']
F3FWY005,2025-08-01 03:00:00,2,1,426.0,426.0,[426.0],1,['241266-webtirf']
F3FWY005,2025-08-01 04:00:00,2,1,986.0,986.0,[986.0],1,['241266-webtirf']
F3FWY005,2025-08-01 05:00:00,2,1,2258.0,2258.0,[2258.0],1,['241266-webtirf']
F3FWY005,2025-08-01 06:00:00,2,1,2750.0,2750.0,[2750.0],1,['241266-webtirf']
F3FWY005,2025-08-01 07:00:00,2,1,2718.0,2718.0,[2718.0],1,['241266-webtirf']
F3FWY005,2025-08-01 08:00:00,2,1,2142.0,2142.0,[2142.0],1,['241266-webtirf']
F3FWY005,2025-08-01 09:00:00,2,1,2419.0,2419.0,[2419.0],1,['241266-webtirf']
F3FWY005,2025-08-01 10:00:00,2,1,2363.0,2363.0,[2363.0],1,['241266-webtirf']
F3FWY005,2025-08-01 11:00:00,2,1,2409.0,2409.0,[2409.0],1,['241266-webtirf']
F3FWY005,2025-08-01 12:00:00,2,1,2487.0,2487.0,[2487.0],1,['241266-webtirf']
F3FWY005,2025-08-01 13:00:00,2,1,2619.0,2619.0,[2619.0],1,['241266-webtirf']
F3FWY005,2025-08-01 14:00:00,2,1,2655.0,2655.0,[2655.0],1,['241266-webtirf']
F3FWY005,2025-08-01 15:00:00,2,1,2699.0,2699.0,[2699.0],1,['241266-webtirf']
F3FWY005,2025-08-01 16:00:00,2,1,2758.0,2758.0,[2758.0],1,['241266-webtirf']
F3FWY005,2025-08-01 17:00:00,2,1,2389.0,2389.0,[2389.0],1,['241266-webtirf']
F3FWY005,2025-08-01 18:00:00,2,1,1609.0,1609.0,[1609.0],1,['241266-webtirf']
F3FWY005,2025-08-01 19:00:00,2,1,1021.0,1021.0,[1021.0],1,['241266-webtirf']
F3FWY005,2025-08-01 20:00:00,2,1,708.0,708.0,[708.0],1,['241266-webtirf']
F3FWY005,2025-08-01 21:00:00,2,1,573.0,573.0,[573.0],1,['241266-webtirf']
F3FWY005,2025-08-01 22:00:00,2,1,389.0,389.0,[389.0],1,['241266-webtirf']
F3FWY005,2025-08-01 23:00:00,2,1,235.0,235.0,[235.0],1,['241266-webtirf']
F3FWY005,2025-08-02 00:00:00,2,1,175.0,175.0,[175.0],1,['241266-webtirf']
F3FWY005,2025-08-02 01:00:00,2,1,140.0,140.0,[140.0],1,['241266-webtirf']
F3FWY005,2025-08-02 02:00:00,2,1,145.0,145.0,[145.0],1,['241266-webtirf']
F3FWY005,2025-08-02 03:00:00,2,1,185.0,185.0,[185.0],1,['241266-webtirf']
F3FWY005,2025-08-02 04:00:00,2,1,364.0,364.0,[364.0],1,['241266-webtirf']
F3FWY005,2025-08-02 05:00:00,2,1,656.0,656.0,[656.0],1,['241266-webtirf']
F3FWY005,2025-08-02 06:00:00,2,1,839.0,839.0,[839.0],1,['241266-webtirf']
F3FWY005,2025-08-02 07:00:00,2,1,1196.0,1196.0,[1196.0],1,['241266-webtirf']
F3FWY005,2025-08-02 08:00:00,2,1,1738.0,1738.0,[1738.0],1,['241266-webtirf']
F3FWY005,2025-08-02 09:00:00,2,1,2180.0,2180.0,[2180.0],1,['241266-webtirf']
F3FWY005,2025-08-02 10:00:00,2,1,2693.0,2693.0,[2693.0],1,['241266-webtirf']
F3FWY005,2025-08-02 11:00:00,2,1,2803.0,2803.0,[2803.0],1,['241266-webtirf']
F3FWY005,2025-08-02 12:00:00,2,1,2601.0,2601.0,[2601.0],1,['241266-webtirf']
F3FWY005,2025-08-02 13:00:00,2,1,2708.0,2708.0,[2708.0],1,['241266-webtirf']
F3FWY005,2025-08-02 14:00:00,2,1,2525.0,2525.0,[2525.0],1,['241266-webtirf']
F3FWY005,2025-08-02 15:00:00,2,1,2480.0,2480.0,[2480.0],1,['241266-webtirf']
F3FWY005,2025-08-02 16:00:00,2,1,2405.0,2405.0,[2405.0],1,['241266-webtirf']
F3FWY005,2025-08-02 17:00:00,2,1,1786.0,1786.0,[1786.0],1,['241266-webtirf']
F3FWY005,2025-08-02 18:00:00,2,1,972.0,972.0,[972.0],1,['241266-webtirf']
F3FWY005,2025-08-02 19:00:00,2,1,593.0,593.0,[593.0],1,['241266-webtirf']
F3FWY005,2025-08-02 20:00:00,2,1,547.0,547.0,[547.0],1,['241266-webtirf']
F3FWY005,2025-08-02 21:00:00,2,1,449.0,449.0,[449.0],1,['241266-webtirf']
F3FWY005,2025-08-02 22:00:00,2,1,357.0,357.0,[357.0],1,['241266-webtirf']
F3FWY005,2025-08-02 23:00:00,2,1,256.0,256.0,[256.0],1,['241266-webtirf']
F3FWY005,2025-08-03 00:00:00,2,1,125.0,125.0,[125.0],1,['241266-webtirf']
F3FWY005,2025-08-03 01:00:00,2,1,106.0,106.0,[106.0],1,['241266-webtirf']
F3FWY005,2025-08-03 02:00:00,2,1,93.0,93.0,[93.0],1,['241266-webtirf']
F3FWY005,2025-08-03 03:00:00,2,1,125.0,125.0,[125.0],1,['241266-webtirf']
F3FWY005,2025-08-03 04:00:00,2,1,205.0,205.0,[205.0],1,['241266-webtirf']
F3FWY005,2025-08-03 05:00:00,2,1,337.0,337.0,[337.0],1,['241266-webtirf']
F3FWY005,2025-08-03 06:00:00,2,1,432.0,432.0,[432.0],1,['241266-webtirf']
F3FWY005,2025-08-03 07:00:00,2,1,659.0,659.0,[659.0],1,['241266-webtirf']
F3FWY005,2025-08-03 08:00:00,2,1,1006.0,1006.0,[1006.0],1,['241266-webtirf']
F3FWY005,2025-08-03 09:00:00,2,1,1407.0,1407.0,[1407.0],1,['241266-webtirf']
F3FWY005,2025-08-03 10:00:00,2,1,1687.0,1687.0,[1687.0],1,['241266-webtirf']
F3FWY005,2025-08-03 11:00:00,2,1,1849.0,1849.0,[1849.0],1,['241266-webtirf']
F3FWY005,2025-08-03 12:00:00,2,1,1748.0,1748.0,[1748.0],1,['241266-webtirf']
F3FWY005,2025-08-03 13:00:00,2,1,1720.0,1720.0,[1720.0],1,['241266-webtirf']
F3FWY005,2025-08-03 14:00:00,2,1,1656.0,1656.0,[1656.0],1,['241266-webtirf']
F3FWY005,2025-08-03 15:00:00,2,1,1617.0,1617.0,[1617.0],1,['241266-webtirf']
F3FWY005,2025-08-03 16:00:00,2,1,1696.0,1696.0,[1696.0],1,['241266-webtirf']
F3FWY005,2025-08-03 17:00:00,2,1,1414.0,1414.0,[1414.0],1,['241266-webtirf']
F3FWY005,2025-08-03 18:00:00,2,1,1009.0,1009.0,[1009.0],1,['241266-webtirf']
F3FWY005,2025-08-03 19:00:00,2,1,838.0,838.0,[838.0],1,['241266-webtirf']
F3FWY005,2025-08-03 20:00:00,2,1,631.0,631.0,[631.0],1,['241266-webtirf']
F3FWY005,2025-08-03 21:00:00,2,1,467.0,467.0,[467.0],1,['241266-webtirf']
F3FWY005,2025-08-03 22:00:00,2,1,312.0,312.0,[312.0],1,['241266-webtirf']
F3FWY005,2025-08-03 23:00:00,2,1,201.0,201.0,[201.0],1,['241266-webtirf']
F3FWY005,2025-08-04 00:00:00,2,1,162.0,162.0,[162.0],1,['241266-webtirf']
F3FWY005,2025-08-04 01:00:00,2,1,140.0,140.0,[140.0],1,['241266-webtirf']
F3FWY005,2025-08-04 02:00:00,2,1,177.0,177.0,[177.0],1,['241266-webtirf']
F3FWY005,2025-08-04 03:00:00,2,1,386.0,386.0,[386.0],1,['241266-webtirf']
F3FWY005,2025-08-04 04:00:00,2,1,1063.0,1063.0,[1063.0],1,['241266-webtirf']
F3FWY005,2025-08-04 05:00:00,2,1,2714.0,2714.0,[2714.0],1,['241266-webtirf']
F3FWY005,2025-08-04 06:00:00,2,1,3660.0,3660.0,[3660.0],1,['241266-webtirf']
F3FWY005,2025-08-04 07:00:00,2,1,3310.0,3310.0,[3310.0],1,['241266-webtirf']
F3FWY005,2025-08-04 08:00:00,2,1,2365.0,2365.0,[2365.0],1,['241266-webtirf']
F3FWY005,2025-08-04 09:00:00,2,1,2254.0,2254.0,[2254.0],1,['241266-webtirf']
F3FWY005,2025-08-04 10:00:00,2,1,2172.0,2172.0,[2172.0],1,['241266-webtirf']
F3FWY005,2025-08-04 11:00:00,2,1,2228.0,2228.0,[2228.0],1,['241266-webtirf']
F3FWY005,2025-08-04 12:00:00,2,1,2115.0,2115.0,[2115.0],1,['241266-webtirf']
F3FWY005,2025-08-04 13:00:00,2,1,2117.0,2117.0,[2117.0],1,['241266-webtirf']
F3FWY005,2025-08-04 14:00:00,2,1,2264.0,2264.0,[2264.0],1,['241266-webtirf']
F3FWY005,2025-08-04 15:00:00,2,1,2235.0,2235.0,[2235.0],1,['241266-webtirf']
F3FWY005,2025-08-04 16:00:00,2,1,2104.0,2104.0,[2104.0],1,['241266-webtirf']
F3FWY005,2025-08-04 17:00:00,2,1,1926.0,1926.0,[1926.0],1,['241266-webtirf']
F3FWY005,2025-08-04 18:00:00,2,1,1314.0,1314.0,[1314.0],1,['241266-webtirf']
F3FWY005,2025-08-04 19:00:00,2,1,807.0,807.0,[807.0],1,['241266-webtirf']
F3FWY005,2025-08-04 20:00:00,2,1,591.0,591.0,[591.0],1,['241266-webtirf']
F3FWY005,2025-08-04 21:00:00,2,1,459.0,459.0,[459.0],1,['241266-webtirf']
F3FWY005,2025-08-04 22:00:00,2,1,330.0,330.0,[330.0],1,['241266-webtirf']
F3FWY005,2025-08-04 23:00:00,2,1,217.0,217.0,[217.0],1,['241266-webtirf']
F3FWY005,2025-08-13 00:00:00,2,1,182.0,182.0,[182.0],1,['241266-webtirf']
F3FWY005,2025-08-13 01:00:00,2,1,163.0,163.0,[163.0],1,['241266-webtirf']
F3FWY005,2025-08-13 02:00:00,2,1,230.0,230.0,[230.0],1,['241266-webtirf']
F3FWY005,2025-08-13 03:00:00,2,1,395.0,395.0,[395.0],1,['241266-webtirf']
F3FWY005,2025-08-13 04:00:00,2,1,1112.0,1112.0,[1112.0],1,['241266-webtirf']
F3FWY005,2025-08-13 05:00:00,2,1,2886.0,2886.0,[2886.0],1,['241266-webtirf']
F3FWY005,2025-08-13 06:00:00,2,1,3808.0,3808.0,[3808.0],1,['241266-webtirf']
F3FWY005,2025-08-13 07:00:00,2,1,3540.0,3540.0,[3540.0],1,['241266-webtirf']
F3FWY005,2025-08-13 08:00:00,2,1,2499.0,2499.0,[2499.0],1,['241266-webtirf']
F3FWY005,2025-08-13 09:00:00,2,1,2416.0,2416.0,[2416.0],1,['241266-webtirf']
F3FWY005,2025-08-13 10:00:00,2,1,2215.0,2215.0,[2215.0],1,['241266-webtirf']
F3FWY005,2025-08-13 11:00:00,2,1,1968.0,1968.0,[1968.0],1,['241266-webtirf']
F3FWY005,2025-08-13 12:00:00,2,1,2043.0,2043.0,[2043.0],1,['241266-webtirf']
F3FWY005,2025-08-13 13:00:00,2,1,2152.0,2152.0,[2152.0],1,['241266-webtirf']
F3FWY005,2025-08-13 14:00:00,2,1,2323.0,2323.0,[2323.0],1,['241266-webtirf']
F3FWY005,2025-08-13 15:00:00,2,1,2432.0,2432.0,[2432.0],1,['241266-webtirf']
F3FWY005,2025-08-13 16:00:00,2,1,2275.0,2275.0,[2275.0],1,['241266-webtirf']
F3FWY005,2025-08-13 17:00:00,2,1,2049.0,2049.0,[2049.0],1,['241266-webtirf']
F3FWY005,2025-08-13 18:00:00,2,1,1456.0,1456.0,[1456.0],1,['241266-webtirf']
F3FWY005,2025-08-13 19:00:00,2,1,833.0,833.0,[833.0],1,['241266-webtirf']
F3FWY005,2025-08-13 20:00:00,2,1,630.0,630.0,[630.0],1,['241266-webtirf']
F3FWY005,2025-08-13 21:00:00,2,1,495.0,495.0,[495.0],1,['241266-webtirf']
F3FWY005,2025-08-13 22:00:00,2,1,387.0,387.0,[387.0],1,['241266-webtirf']
F3FWY005,2025-08-13 23:00:00,2,1,243.0,243.0,[243.0],1,['241266-webtirf']
F3FWY005,2025-08-14 00:00:00,2,1,212.0,212.0,[212.0],1,['241266-webtirf']
F3FWY005,2025-08-14 01:00:00,2,1,171.0,171.0,[171.0],1,['241266-webtirf']
F3FWY005,2025-08-14 02:00:00,2,1,242.0,242.0,[242.0],1,['241266-webtirf']
F3FWY005,2025-08-14 03:00:00,2,1,402.0,402.0,[402.0],1,['241266-webtirf']
F3FWY005,2025-08-14 04:00:00,2,1,1057.0,1057.0,[1057.0],1,['241266-webtirf']
F3FWY005,2025-08-14 05:00:00,2,1,2712.0,2712.0,[2712.0],1,['241266-webtirf']
F3FWY005,2025-08-14 06:00:00,2,1,3528.0,3528.0,[3528.0],1,['241266-webtirf']
F3FWY005,2025-08-14 07:00:00,2,1,3260.0,3260.0,[3260.0],1,['241266-webtirf']
F3FWY005,2025-08-14 08:00:00,2,1,2529.0,2529.0,[2529.0],1,['241266-webtirf']
F3FWY005,2025-08-14 09:00:00,2,1,2423.0,2423.0,[2423.0],1,['241266-webtirf']
F3FWY005,2025-08-14 10:00:00,2,1,2224.0,2224.0,[2224.0],1,['241266-webtirf']
F3FWY005,2025-08-14 11:00:00,2,1,1952.0,1952.0,[1952.0],1,['241266-webtirf']
F3FWY005,2025-08-14 12:00:00,2,1,2157.0,2157.0,[2157.0],1,['241266-webtirf']
F3FWY005,2025-08-14 13:00:00,2,1,2162.0,2162.0,[2162.0],1,['241266-webtirf']
F3FWY005,2025-08-14 14:00:00,2,1,2704.0,2704.0,[2704.0],1,['241266-webtirf']
F3FWY005,2025-08-14 15:00:00,2,1,2460.0,2460.0,[2460.0],1,['241266-webtirf']
F3FWY005,2025-08-14 16:00:00,2,1,2290.0,2290.0,[2290.0],1,['241266-webtirf']
F3FWY005,2025-08-14 17:00:00,2,1,2028.0,2028.0,[2028.0],1,['241266-webtirf']
F3FWY005,2025-08-14 18:00:00,2,1,1463.0,1463.0,[1463.0],1,['241266-webtirf']
F3FWY005,2025-08-14 19:00:00,2,1,922.0,922.0,[922.0],1,['241266-webtirf']
F3FWY005,2025-08-14 20:00:00,2,1,655.0,655.0,[655.0],1,['241266-webtirf']
F3FWY005,2025-08-14 21:00:00,2,1,531.0,531.0,[531.0],1,['241266-webtirf']
F3FWY005,2025-08-14 22:00:00,2,1,367.0,367.0,[367.0],1,['241266-webtirf']
F3FWY005,2025-08-14 23:00:00,2,1,228.0,228.0,[228.0],1,['241266-webtirf']
F3FWY005,2025-08-15 00:00:00,2,1,178.0,178.0,[178.0],1,['241266-webtirf']
F3FWY005,2025-08-15 01:00:00,2,1,187.0,187.0,[187.0],1,['241266-webtirf']
F3FWY005,2025-08-15 02:00:00,2,1,235.0,235.0,[235.0],1,['241266-webtirf']
F3FWY005,2025-08-15 03:00:00,2,1,394.0,394.0,[394.0],1,['241266-webtirf']
F3FWY005,2025-08-15 04:00:00,2,1,1022.0,1022.0,[1022.0],1,['241266-webtirf']
F3FWY005,2025-08-15 05:00:00,2,1,2476.0,2476.0,[2476.0],1,['241266-webtirf']
F3FWY005,2025-08-15 06:00:00,2,1,2957.0,2957.0,[2957.0],1,['241266-webtirf']
F3FWY005,2025-08-15 07:00:00,2,1,2809.0,2809.0,[2809.0],1,['241266-webtirf']
F3FWY005,2025-08-15 08:00:00,2,1,2251.0,2251.0,[2251.0],1,['241266-webtirf']
F3FWY005,2025-08-15 09:00:00,2,1,0.0,0.0,[0.0],1,['241266-webtirf']
F3FWY005,2025-08-15 10:00:00,2,1,2556.0,2556.0,[2556.0],1,['241266-webtirf']
F3FWY005,2025-08-15 11:00:00,2,1,2608.0,2608.0,[2608.0],1,['241266-webtirf']
F3FWY005,2025-08-15 12:00:00,2,1,2583.0,2583.0,[2583.0],1,['241266-webtirf']
F3FWY005,2025-08-15 13:00:00,2,1,2919.0,2919.0,[2919.0],1,['241266-webtirf']
F3FWY005,2025-08-15 14:00:00,2,1,3085.0,3085.0,[3085.0],1,['241266-webtirf']
F3FWY005,2025-08-15 15:00:00,2,1,2961.0,2961.0,[2961.0],1,['241266-webtirf']
F3FWY005,2025-08-15 16:00:00,2,1,3151.0,3151.0,[3151.0],1,['241266-webtirf']
F3FWY005,2025-08-15 17:00:00,2,1,2827.0,2827.0,[2827.0],1,['241266-webtirf']
F3FWY005,2025-08-15 18:00:00,2,1,1990.0,1990.0,[1990.0],1,['241266-webtirf']
F3FWY005,2025-08-15 19:00:00,2,1,1202.0,1202.0,[1202.0],1,['241266-webtirf']
F3FWY005,2025-08-15 20:00:00,2,1,898.0,898.0,[898.0],1,['241266-webtirf']
F3FWY005,2025-08-15 21:00:00,2,1,568.0,568.0,[568.0],1,['241266-webtirf']
F3FWY005,2025-08-15 22:00:00,2,1,421.0,421.0,[421.0],1,['241266-webtirf']
F3FWY005,2025-08-15 23:00:00,2,1,294.0,294.0,[294.0],1,['241266-webtirf']
F3FWY005,2025-08-16 00:00:00,2,1,189.0,189.0,[189.0],1,['241266-webtirf']
F3FWY005,2025-08-16 01:00:00,2,1,153.0,153.0,[153.0],1,['241266-webtirf']
F3FWY005,2025-08-16 02:00:00,2,1,162.0,162.0,[162.0],1,['241266-webtirf']
F3FWY005,2025-08-16 03:00:00,2,1,237.0,237.0,[237.0],1,['241266-webtirf']
F3FWY005,2025-08-16 04:00:00,2,1,463.0,463.0,[463.0],1,['241266-webtirf']
F3FWY005,2025-08-16 05:00:00,2,1,913.0,913.0,[913.0],1,['241266-webtirf']
F3FWY005,2025-08-16 06:00:00,2,1,1209.0,1209.0,[1209.0],1,['241266-webtirf']
F3FWY005,2025-08-16 07:00:00,2,1,1614.0,1614.0,[1614.0],1,['241266-webtirf']
F3FWY005,2025-08-16 08:00:00,2,1,2361.0,2361.0,[2361.0],1,['241266-webtirf']
F3FWY005,2025-08-16 09:00:00,2,1,3009.0,3009.0,[3009.0],1,['241266-webtirf']
F3FWY005,2025-08-16 10:00:00,2,1,3090.0,3090.0,[3090.0],1,['241266-webtirf']
F3FWY005,2025-08-16 11:00:00,2,1,3156.0,3156.0,[3156.0],1,['241266-webtirf']
F3FWY005,2025-08-16 12:00:00,2,1,2913.0,2913.0,[2913.0],1,['241266-webtirf']
F3FWY005,2025-08-16 13:00:00,2,1,2873.0,2873.0,[2873.0],1,['241266-webtirf']
F3FWY005,2025-08-16 14:00:00,2,1,0.0,0.0,[0.0],1,['241266-webtirf']
F3FWY005,2025-08-16 15:00:00,2,1,3348.0,3348.0,[3348.0],1,['241266-webtirf']
F3FWY005,2025-08-16 16:00:00,2,1,3184.0,3184.0,[3184.0],1,['241266-webtirf']
F3FWY005,2025-08-16 17:00:00,2,1,2672.0,2672.0,[2672.0],1,['241266-webtirf']
F3FWY005,2025-08-16 18:00:00,2,1,1629.0,1629.0,[1629.0],1,['241266-webtirf']
F3FWY005,2025-08-16 19:00:00,2,1,964.0,964.0,[964.0],1,['241266-webtirf']
F3FWY005,2025-08-16 20:00:00,2,1,727.0,727.0,[727.0],1,['241266-webtirf']
F3FWY005,2025-08-16 21:00:00,2,1,653.0,653.0,[653.0],1,['241266-webtirf']
F3FWY005,2025-08-16 22:00:00,2,1,514.0,514.0,[514.0],1,['241266-webtirf']
F3FWY005,2025-08-16 23:00:00,2,1,340.0,340.0,[340.0],1,['241266-webtirf']
F3FWY005,2025-08-17 00:00:00,2,1,208.0,208.0,[208.0],1,['241266-webtirf']
F3FWY005,2025-08-17 01:00:00,2,1,131.0,131.0,[131.0],1,['241266-webtirf']
F3FWY005,2025-08-17 02:00:00,2,1,157.0,157.0,[157.0],1,['241266-webtirf']
F3FWY005,2025-08-17 03:00:00,2,1,139.0,139.0,[139.0],1,['241266-webtirf']
F3FWY005,2025-08-17 04:00:00,2,1,246.0,246.0,[246.0],1,['241266-webtirf']
F3FWY005,2025-08-17 05:00:00,2,1,429.0,429.0,[429.0],1,['241266-webtirf']
F3FWY005,2025-08-17 06:00:00,2,1,689.0,689.0,[689.0],1,['241266-webtirf']
F3FWY005,2025-08-17 07:00:00,2,1,1039.0,1039.0,[1039.0],1,['241266-webtirf']
F3FWY005,2025-08-17 08:00:00,2,1,1854.0,1854.0,[1854.0],1,['241266-webtirf']
F3FWY005,2025-08-17 09:00:00,2,1,2773.0,2773.0,[2773.0],1,['241266-webtirf']
F3FWY005,2025-08-17 10:00:00,2,1,3351.0,3351.0,[3351.0],1,['241266-webtirf']
F3FWY005,2025-08-17 11:00:00,2,1,3821.0,3821.0,[3821.0],1,['241266-webtirf']
F3FWY005,2025-08-17 12:00:00,2,1,3625.0,3625.0,[3625.0],1,['241266-webtirf']
F3FWY005,2025-08-17 13:00:00,2,1,3412.0,3412.0,[3412.0],1,['241266-webtirf']
F3FWY005,2025-08-17 14:00:00,2,1,3583.0,3583.0,[3583.0],1,['241266-webtirf']
F3FWY005,2025-08-17 15:00:00,2,1,3798.0,3798.0,[3798.0],1,['241266-webtirf']
F3FWY005,2025-08-17 16:00:00,2,1,3301.0,3301.0,[3301.0],1,['241266-webtirf']
F3FWY005,2025-08-17 17:00:00,2,1,3454.0,3454.0,[3454.0],1,['241266-webtirf']
F3FWY005,2025-08-17 18:00:00,2,1,2084.0,2084.0,[2084.0],1,['241266-webtirf']
F3FWY005,2025-08-17 19:00:00,2,1,1440.0,1440.0,[1440.0],1,['241266-webtirf']
F3FWY005,2025-08-17 20:00:00,2,1,1042.0,1042.0,[1042.0],1,['241266-webtirf']
F3FWY005,2025-08-17 21:00:00,2,1,664.0,664.0,[664.0],1,['241266-webtirf']
F3FWY005,2025-08-17 22:00:00,2,1,431.0,431.0,[431.0],1,['241266-webtirf']
F3FWY005,2025-08-17 23:00:00,2,1,231.0,231.0,[231.0],1,['241266-webtirf']
F3FWY005,2025-08-18 00:00:00,2,1,158.0,158.0,[158.0],1,['241266-webtirf']
F3FWY005,2025-08-18 01:00:00,2,1,144.0,144.0,[144.0],1,['241266-webtirf']
F3FWY005,2025-08-18 02:00:00,2,1,213.0,213.0,[213.0],1,['241266-webtirf']
F3FWY005,2025-08-18 03:00:00,2,1,386.0,386.0,[386.0],1,['241266-webtirf']
F3FWY005,2025-08-18 04:00:00,2,1,1028.0,1028.0,[1028.0],1,['241266-webtirf']
F3FWY005,2025-08-18 05:00:00,2,1,2669.0,2669.0,[2669.0],1,['241266-webtirf']
F3FWY005,2025-08-18 06:00:00,2,1,3795.0,3795.0,[3795.0],1,['241266-webtirf']
F3FWY005,2025-08-18 07:00:00,2,1,3462.0,3462.0,[3462.0],1,['241266-webtirf']
F3FWY005,2025-08-18 08:00:00,2,1,2522.0,2522.0,[2522.0],1,['241266-webtirf']
F3FWY005,2025-08-18 09:00:00,2,1,2207.0,2207.0,[2207.0],1,['241266-webtirf']
F3FWY005,2025-08-18 10:00:00,2,1,2234.0,2234.0,[2234.0],1,['241266-webtirf']
F3FWY005,2025-08-18 11:00:00,2,1,2275.0,2275.0,[2275.0],1,['241266-webtirf']
F3FWY005,2025-08-18 12:00:00,2,1,2244.0,2244.0,[2244.0],1,['241266-webtirf']
F3FWY005,2025-08-18 13:00:00,2,1,2198.0,2198.0,[2198.0],1,['241266-webtirf']
F3FWY005,2025-08-18 14:00:00,2,1,2204.0,2204.0,[2204.0],1,['241266-webtirf']
F3FWY005,2025-08-18 15:00:00,2,1,2273.0,2273.0,[2273.0],1,['241266-webtirf']
F3FWY005,2025-08-18 16:00:00,2,1,2003.0,2003.0,[2003.0],1,['241266-webtirf']
F3FWY005,2025-08-18 17:00:00,2,1,1862.0,1862.0,[1862.0],1,['241266-webtirf']
F3FWY005,2025-08-18 18:00:00,2,1,1295.0,1295.0,[1295.0],1,['241266-webtirf']
F3FWY005,2025-08-18 19:00:00,2,1,870.0,870.0,[870.0],1,['241266-webtirf']
F3FWY005,2025-08-18 20:00:00,2,1,566.0,566.0,[566.0],1,['241266-webtirf']
F3FWY005,2025-08-18 21:00:00,2,1,445.0,445.0,[445.0],1,['241266-webtirf']
F3FWY005,2025-08-18 22:00:00,2,1,367.0,367.0,[367.0],1,['241266-webtirf']
F3FWY005,2025-08-18 23:00:00,2,1,236.0,236.0,[236.0],1,['241266-webtirf']
F3FWY005,2025-08-20 00:00:00,2,1,160.0,160.0,[160.0],1,['241266-webtirf']
F3FWY005,2025-08-20 01:00:00,2,1,179.0,179.0,[179.0],1,['241266-webtirf']
F3FWY005,2025-08-20 02:00:00,2,1,225.0,225.0,[225.0],1,['241266-webtirf']
F3FWY005,2025-08-20 03:00:00,2,1,384.0,384.0,[384.0],1,['241266-webtirf']
F3FWY005,2025-08-20 04:00:00,2,1,1062.0,1062.0,[1062.0],1,['241266-webtirf']
F3FWY005,2025-08-20 05:00:00,2,1,2535.0,2535.0,[2535.0],1,['241266-webtirf']
F3FWY005,2025-08-20 06:00:00,2,1,3594.0,3594.0,[3594.0],1,['241266-webtirf']
F3FWY005,2025-08-20 07:00:00,2,1,3390.0,3390.0,[3390.0],1,['241266-webtirf']
F3FWY005,2025-08-20 08:00:00,2,1,2395.0,2395.0,[2395.0],1,['241266-webtirf']
F3FWY005,2025-08-20 09:00:00,2,1,2251.0,2251.0,[2251.0],1,['241266-webtirf']
F3FWY005,2025-08-20 10:00:00,2,1,2032.0,2032.0,[2032.0],1,['241266-webtirf']
F3FWY005,2025-08-20 11:00:00,2,1,1953.0,1953.0,[1953.0],1,['241266-webtirf']
F3FWY005,2025-08-20 12:00:00,2,1,1962.0,1962.0,[1962.0],1,['241266-webtirf']
F3FWY005,2025-08-20 13:00:00,2,1,1958.0,1958.0,[1958.0],1,['241266-webtirf']
F3FWY005,2025-08-20 14:00:00,2,1,0.0,0.0,[0.0],1,['241266-webtirf']
F3FWY005,2025-08-20 15:00:00,2,1,2068.0,2068.0,[2068.0],1,['241266-webtirf']
F3FWY005,2025-08-20 16:00:00,2,1,2089.0,2089.0,[2089.0],1,['241266-webtirf']
F3FWY005,2025-08-20 17:00:00,2,1,1813.0,1813.0,[1813.0],1,['241266-webtirf']
F3FWY005,2025-08-20 18:00:00,2,1,1219.0,1219.0,[1219.0],1,['241266-webtirf']
F3FWY005,2025-08-20 19:00:00,2,1,757.0,757.0,[757.0],1,['241266-webtirf']
F3FWY005,2025-08-20 20:00:00,2,1,554.0,554.0,[554.0],1,['241266-webtirf']
F3FWY005,2025-08-20 21:00:00,2,1,449.0,449.0,[449.0],1,['241266-webtirf']
F3FWY005,2025-08-20 22:00:00,2,1,326.0,326.0,[326.0],1,['241266-webtirf']
F3FWY005,2025-08-20 23:00:00,2,1,207.0,207.0,[207.0],1,['241266-webtirf']
F3FWY005,2025-08-21 00:00:00,2,1,151.0,151.0,[151.0],1,['241266-webtirf']
F3FWY005,2025-08-21 01:00:00,2,1,157.0,157.0,[157.0],1,['241266-webtirf']
F3FWY005,2025-08-21 02:00:00,2,1,211.0,211.0,[211.0],1,['241266-webtirf']
F3FWY005,2025-08-21 03:00:00,2,1,413.0,413.0,[413.0],1,['241266-webtirf']
F3FWY005,2025-08-21 04:00:00,2,1,1001.0,1001.0,[1001.0],1,['241266-webtirf']
F3FWY005,2025-08-21 05:00:00,2,1,2326.0,2326.0,[2326.0],1,['241266-webtirf']
F3FWY005,2025-08-21 06:00:00,2,1,3314.0,3314.0,[3314.0],1,['241266-webtirf']
F3FWY005,2025-08-21 07:00:00,2,1,3119.0,3119.0,[3119.0],1,['241266-webtirf']
F3FWY005,2025-08-21 08:00:00,2,1,2268.0,2268.0,[2268.0],1,['241266-webtirf']
F3FWY005,2025-08-21 09:00:00,2,1,2277.0,2277.0,[2277.0],1,['241266-webtirf']
F3FWY005,2025-08-21 10:00:00,2,1,2067.0,2067.0,[2067.0],1,['241266-webtirf']
F3FWY005,2025-08-21 11:00:00,2,1,0.0,0.0,[0.0],1,['241266-webtirf']
F3FWY005,2025-08-21 12:00:00,2,1,2056.0,2056.0,[2056.0],1,['241266-webtirf']
F3FWY005,2025-08-21 13:00:00,2,1,2030.0,2030.0,[2030.0],1,['241266-webtirf']
F3FWY005,2025-08-21 14:00:00,2,1,2108.0,2108.0,[2108.0],1,['241266-webtirf']
F3FWY005,2025-08-21 15:00:00,2,1,0.0,0.0,[0.0],1,['241266-webtirf']
F3FWY005,2025-08-21 16:00:00,2,1,2145.0,2145.0,[2145.0],1,['241266-webtirf']
F3FWY005,2025-08-21 17:00:00,2,1,1873.0,1873.0,[1873.0],1,['241266-webtirf']
F3FWY005,2025-08-21 18:00:00,2,1,1291.0,1291.0,[1291.0],1,['241266-webtirf']
F3FWY005,2025-08-21 19:00:00,2,1,829.0,829.0,[829.0],1,['241266-webtirf']
F3FWY005,2025-08-21 20:00:00,2,1,618.0,618.0,[618.0],1,['241266-webtirf']
F3FWY005,2025-08-21 21:00:00,2,1,467.0,467.0,[467.0],1,['241266-webtirf']
F3FWY005,2025-08-21 22:00:00,2,1,336.0,336.0,[336.0],1,['241266-webtirf']
F3FWY005,2025-08-21 23:00:00,2,1,236.0,236.0,[236.0],1,['241266-webtirf']
F3FWY005,2025-08-22 00:00:00,2,1,187.0,187.0,[187.0],1,['241266-webtirf']
F3FWY005,2025-08-22 01:00:00,2,1,188.0,188.0,[188.0],1,['241266-webtirf']
F3FWY005,2025-08-22 02:00:00,2,1,216.0,216.0,[216.0],1,['241266-webtirf']
F3FWY005,2025-08-22 03:00:00,2,1,391.0,391.0,[391.0],1,['241266-webtirf']
F3FWY005,2025-08-22 04:00:00,2,1,1009.0,1009.0,[1009.0],1,['241266-webtirf']
F3FWY005,2025-08-22 05:00:00,2,1,2354.0,2354.0,[2354.0],1,['241266-webtirf']
F3FWY005,2025-08-22 06:00:00,2,1,2802.0,2802.0,[2802.0],1,['241266-webtirf']
F3FWY005,2025-08-22 07:00:00,2,1,2647.0,2647.0,[2647.0],1,['241266-webtirf']
F3FWY005,2025-08-22 08:00:00,2,1,2127.0,2127.0,[2127.0],1,['241266-webtirf']
F3FWY005,2025-08-22 09:00:00,2,1,2431.0,2431.0,[2431.0],1,['241266-webtirf']
F3FWY005,2025-08-22 10:00:00,2,1,2455.0,2455.0,[2455.0],1,['241266-webtirf']
F3FWY005,2025-08-22 11:00:00,2,1,2569.0,2569.0,[2569.0],1,['241266-webtirf']
F3FWY005,2025-08-22 12:00:00,2,1,2584.0,2584.0,[2584.0],1,['241266-webtirf']
F3FWY005,2025-08-22 13:00:00,2,1,0.0,0.0,[0.0],1,['241266-webtirf']
F3FWY005,2025-08-22 14:00:00,2,1,2950.0,2950.0,[2950.0],1,['241266-webtirf']
F3FWY005,2025-08-22 15:00:00,2,1,2835.0,2835.0,[2835.0],1,['241266-webtirf']
F3FWY005,2025-08-22 16:00:00,2,1,2899.0,2899.0,[2899.0],1,['241266-webtirf']
F3FWY005,2025-08-22 17:00:00,2,1,2593.0,2593.0,[2593.0],1,['241266-webtirf']
F3FWY005,2025-08-22 18:00:00,2,1,1674.0,1674.0,[1674.0],1,['241266-webtirf']
F3FWY005,2025-08-22 19:00:00,2,1,1016.0,1016.0,[1016.0],1,['241266-webtirf']
F3FWY005,2025-08-22 20:00:00,2,1,710.0,710.0,[710.0],1,['241266-webtirf']
F3FWY005,2025-08-22 21:00:00,2,1,556.0,556.0,[556.0],1,['241266-webtirf']
F3FWY005,2025-08-22 22:00:00,2,1,417.0,417.0,[417.0],1,['241266-webtirf']
F3FWY005,2025-08-22 23:00:00,2,1,265.0,265.0,[265.0],1,['241266-webtirf']
F3FWY005,2025-08-23 00:00:00,2,1,182.0,182.0,[182.0],1,['241266-webtirf']
F3FWY005,2025-08-23 01:00:00,2,1,142.0,142.0,[142.0],1,['241266-webtirf']
F3FWY005,2025-08-23 02:00:00,2,1,148.0,148.0,[148.0],1,['241266-webtirf']
F3FWY005,2025-08-23 03:00:00,2,1,235.0,235.0,[235.0],1,['241266-webtirf']
F3FWY005,2025-08-23 04:00:00,2,1,445.0,445.0,[445.0],1,['241266-webtirf']
F3FWY005,2025-08-23 05:00:00,2,1,887.0,887.0,[887.0],1,['241266-webtirf']
F3FWY005,2025-08-23 06:00:00,2,1,1095.0,1095.0,[1095.0],1,['241266-webtirf']
F3FWY005,2025-08-23 07:00:00,2,1,1575.0,1575.0,[1575.0],1,['241266-webtirf']
F3FWY005,2025-08-23 08:00:00,2,1,2008.0,2008.0,[2008.0],1,['241266-webtirf']
F3FWY005,2025-08-23 09:00:00,2,1,2796.0,2796.0,[2796.0],1,['241266-webtirf']
F3FWY005,2025-08-23 10:00:00,2,1,3234.0,3234.0,[3234.0],1,['241266-webtirf']
F3FWY005,2025-08-23 11:00:00,2,1,3101.0,3101.0,[3101.0],1,['241266-webtirf']
F3FWY005,2025-08-23 12:00:00,2,1,1654.0,1654.0,[1654.0],1,['241266-webtirf']
F3FWY005,2025-08-23 13:00:00,2,1,3249.0,3249.0,[3249.0],1,['241266-webtirf']
F3FWY005,2025-08-23 14:00:00,2,1,2788.0,2788.0,[2788.0],1,['241266-webtirf']
F3FWY005,2025-08-23 15:00:00,2,1,0.0,0.0,[0.0],1,['241266-webtirf']
F3FWY005,2025-08-23 16:00:00,2,1,3014.0,3014.0,[3014.0],1,['241266-webtirf']
F3FWY005,2025-08-23 17:00:00,2,1,2518.0,2518.0,[2518.0],1,['241266-webtirf']
F3FWY005,2025-08-23 18:00:00,2,1,1590.0,1590.0,[1590.0],1,['241266-webtirf']
F3FWY005,2025-08-23 19:00:00,2,1,960.0,960.0,[960.0],1,['241266-webtirf']
F3FWY005,2025-08-23 20:00:00,2,1,776.0,776.0,[776.0],1,['241266-webtirf']
F3FWY005,2025-08-23 21:00:00,2,1,659.0,659.0,[659.0],1,['241266-webtirf']
F3FWY005,2025-08-23 22:00:00,2,1,536.0,536.0,[536.0],1,['241266-webtirf']
F3FWY005,2025-08-23 23:00:00,2,1,353.0,353.0,[353.0],1,['241266-webtirf']
F3FWY005,2025-08-24 00:00:00,2,1,220.0,220.0,[220.0],1,['241266-webtirf']
F3FWY005,2025-08-24 01:00:00,2,1,166.0,166.0,[166.0],1,['241266-webtirf']
F3FWY005,2025-08-24 02:00:00,2,1,151.0,151.0,[151.0],1,['241266-webtirf']
F3FWY005,2025-08-24 03:00:00,2,1,166.0,166.0,[166.0],1,['241266-webtirf']
F3FWY005,2025-08-24 04:00:00,2,1,264.0,264.0,[264.0],1,['241266-webtirf']
F3FWY005,2025-08-24 05:00:00,2,1,478.0,478.0,[478.0],1,['241266-webtirf']
F3FWY005,2025-08-24 06:00:00,2,1,673.0,673.0,[673.0],1,['241266-webtirf']
F3FWY005,2025-08-24 07:00:00,2,1,1049.0,1049.0,[1049.0],1,['241266-webtirf']
F3FWY005,2025-08-24 08:00:00,2,1,1658.0,1658.0,[1658.0],1,['241266-webtirf']
F3FWY005,2025-08-24 09:00:00,2,1,2559.0,2559.0,[2559.0],1,['241266-webtirf']
F3FWY005,2025-08-24 10:00:00,2,1,3238.0,3238.0,[3238.0],1,['241266-webtirf']
F3FWY005,2025-08-24 11:00:00,2,1,3649.0,3649.0,[3649.0],1,['241266-webtirf']
F3FWY005,2025-08-24 12:00:00,2,1,3468.0,3468.0,[3468.0],1,['241266-webtirf']
F3FWY005,2025-08-24 13:00:00,2,1,3373.0,3373.0,[3373.0],1,['241266-webtirf']
F3FWY005,2025-08-24 14:00:00,2,1,2987.0,2987.0,[2987.0],1,['241266-webtirf']
F3FWY005,2025-08-24 15:00:00,2,1,3948.0,3948.0,[3948.0],1,['241266-webtirf']
F3FWY005,2025-08-24 16:00:00,2,1,3627.0,3627.0,[3627.0],1,['241266-webtirf']
F3FWY005,2025-08-24 17:00:00,2,1,2956.0,2956.0,[2956.0],1,['241266-webtirf']
F3FWY005,2025-08-24 18:00:00,2,1,2171.0,2171.0,[2171.0],1,['241266-webtirf']
F3FWY005,2025-08-24 19:00:00,2,1,1465.0,1465.0,[1465.0],1,['241266-webtirf']
F3FWY005,2025-08-24 20:00:00,2,1,1035.0,1035.0,[1035.0],1,['241266-webtirf']
F3FWY005,2025-08-24 21:00:00,2,1,675.0,675.0,[675.0],1,['241266-webtirf']
F3FWY005,2025-08-24 22:00:00,2,1,451.0,451.0,[451.0],1,['241266-webtirf']
F3FWY005,2025-08-24 23:00:00,2,1,260.0,260.0,[260.0],1,['241266-webtirf']
F3FWY005,2025-08-25 00:00:00,2,1,185.0,185.0,[185.0],1,['241266-webtirf']
F3FWY005,2025-08-25 01:00:00,2,1,152.0,152.0,[152.0],1,['241266-webtirf']
F3FWY005,2025-08-25 02:00:00,2,1,223.0,223.0,[223.0],1,['241266-webtirf']
F3FWY005,2025-08-25 03:00:00,2,1,395.0,395.0,[395.0],1,['241266-webtirf']
F3FWY005,2025-08-25 04:00:00,2,1,1111.0,1111.0,[1111.0],1,['241266-webtirf']
F3FWY005,2025-08-25 05:00:00,2,1,2885.0,2885.0,[2885.0],1,['241266-webtirf']
F3FWY005,2025-08-25 06:00:00,2,1,3916.0,3916.0,[3916.0],1,['241266-webtirf']
F3FWY005,2025-08-25 07:00:00,2,1,3421.0,3421.0,[3421.0],1,['241266-webtirf']
F3FWY005,2025-08-25 08:00:00,2,1,2474.0,2474.0,[2474.0],1,['241266-webtirf']
F3FWY005,2025-08-25 09:00:00,2,1,2380.0,2380.0,[2380.0],1,['241266-webtirf']
F3FWY005,2025-08-25 10:00:00,2,1,1412.0,1412.0,[1412.0],1,['241266-webtirf']
F3FWY005,2025-08-25 11:00:00,2,1,1452.0,1452.0,[1452.0],1,['241266-webtirf']
F3FWY005,2025-08-25 12:00:00,2,1,2439.0,2439.0,[2439.0],1,['241266-webtirf']
F3FWY005,2025-08-25 13:00:00,2,1,2079.0,2079.0,[2079.0],1,['241266-webtirf']
F3FWY005,2025-08-25 14:00:00,2,1,2155.0,2155.0,[2155.0],1,['241266-webtirf']
F3FWY005,2025-08-25 15:00:00,2,1,2255.0,2255.0,[2255.0],1,['241266-webtirf']
F3FWY005,2025-08-25 16:00:00,2,1,2175.0,2175.0,[2175.0],1,['241266-webtirf']
F3FWY005,2025-08-25 17:00:00,2,1,1419.0,1419.0,[1419.0],1,['241266-webtirf']
F3FWY005,2025-08-25 18:00:00,2,1,1615.0,1615.0,[1615.0],1,['241266-webtirf']
F3FWY005,2025-08-25 19:00:00,2,1,883.0,883.0,[883.0],1,['241266-webtirf']
F3FWY005,2025-08-25 20:00:00,2,1,601.0,601.0,[601.0],1,['241266-webtirf']
F3FWY005,2025-08-25 21:00:00,2,1,473.0,473.0,[473.0],1,['241266-webtirf']
F3FWY005,2025-08-25 22:00:00,2,1,343.0,343.0,[343.0],1,['241266-webtirf']
F3FWY005,2025-08-25 23:00:00,2,1,235.0,235.0,[235.0],1,['241266-webtirf']
F3FWY005,2025-08-27 00:00:00,2,1,179.0,179.0,[179.0],1,['241266-webtirf']
F3FWY005,2025-08-27 01:00:00,2,1,167.0,167.0,[167.0],1,['241266-webtirf']
F3FWY005,2025-08-27 02:00:00,2,1,215.0,215.0,[215.0],1,['241266-webtirf']
F3FWY005,2025-08-27 03:00:00,2,1,439.0,439.0,[439.0],1,['241266-webtirf']
F3FWY005,2025-08-27 04:00:00,2,1,1109.0,1109.0,[1109.0],1,['241266-webtirf']
F3FWY005,2025-08-27 05:00:00,2,1,2909.0,2909.0,[2909.0],1,['241266-webtirf']
F3FWY005,2025-08-27 06:00:00,2,1,3925.0,3925.0,[3925.0],1,['241266-webtirf']
F3FWY005,2025-08-27 07:00:00,2,1,3535.0,3535.0,[3535.0],1,['241266-webtirf']
F3FWY005,2025-08-27 08:00:00,2,1,2597.0,2597.0,[2597.0],1,['241266-webtirf']
F3FWY005,2025-08-27 09:00:00,2,1,2390.0,2390.0,[2390.0],1,['241266-webtirf']
F3FWY005,2025-08-27 10:00:00,2,1,2309.0,2309.0,[2309.0],1,['241266-webtirf']
F3FWY005,2025-08-27 11:00:00,2,1,2118.0,2118.0,[2118.0],1,['241266-webtirf']
F3FWY005,2025-08-27 12:00:00,2,1,2224.0,2224.0,[2224.0],1,['241266-webtirf']
F3FWY005,2025-08-27 13:00:00,2,1,2373.0,2373.0,[2373.0],1,['241266-webtirf']
F3FWY005,2025-08-27 14:00:00,2,1,2640.0,2640.0,[2640.0],1,['241266-webtirf']
F3FWY005,2025-08-27 15:00:00,2,1,2667.0,2667.0,[2667.0],1,['241266-webtirf']
F3FWY005,2025-08-27 16:00:00,2,1,2441.0,2441.0,[2441.0],1,['241266-webtirf']
F3FWY005,2025-08-27 17:00:00,2,1,2194.0,2194.0,[2194.0],1,['241266-webtirf']
F3FWY005,2025-08-27 18:00:00,2,1,1442.0,1442.0,[1442.0],1,['241266-webtirf']
F3FWY005,2025-08-27 19:00:00,2,1,988.0,988.0,[988.0],1,['241266-webtirf']
F3FWY005,2025-08-27 20:00:00,2,1,645.0,645.0,[645.0],1,['241266-webtirf']
F3FWY005,2025-08-27 21:00:00,2,1,508.0,508.0,[508.0],1,['241266-webtirf']
F3FWY005,2025-08-27 22:00:00,2,1,372.0,372.0,[372.0],1,['241266-webtirf']
F3FWY005,2025-08-27 23:00:00,2,1,227.0,227.0,[227.0],1,['241266-webtirf']
F3FWY005,2025-08-28 00:00:00,2,1,180.0,180.0,[180.0],1,['241266-webtirf']
F3FWY005,2025-08-28 01:00:00,2,1,180.0,180.0,[180.0],1,['241266-webtirf']
F3FWY005,2025-08-28 02:00:00,2,1,250.0,250.0,[250.0],1,['241266-webtirf']
F3FWY005,2025-08-28 03:00:00,2,1,408.0,408.0,[408.0],1,['241266-webtirf']
F3FWY005,2025-08-28 04:00:00,2,1,1157.0,1157.0,[1157.0],1,['241266-webtirf']
F3FWY005,2025-08-28 05:00:00,2,1,2806.0,2806.0,[2806.0],1,['241266-webtirf']
F3FWY005,2025-08-28 06:00:00,2,1,3795.0,3795.0,[3795.0],1,['241266-webtirf']
F3FWY005,2025-08-28 07:00:00,2,1,3161.0,3161.0,[3161.0],1,['241266-webtirf']
F3FWY005,2025-08-28 08:00:00,2,1,2741.0,2741.0,[2741.0],1,['241266-webtirf']
F3FWY005,2025-08-28 09:00:00,2,1,2372.0,2372.0,[2372.0],1,['241266-webtirf']
F3FWY005,2025-08-28 10:00:00,2,1,2295.0,2295.0,[2295.0],1,['241266-webtirf']
F3FWY005,2025-08-28 11:00:00,2,1,2223.0,2223.0,[2223.0],1,['241266-webtirf']
F3FWY005,2025-08-28 12:00:00,2,1,2195.0,2195.0,[2195.0],1,['241266-webtirf']
F3FWY005,2025-08-28 13:00:00,2,1,2479.0,2479.0,[2479.0],1,['241266-webtirf']
F3FWY005,2025-08-28 14:00:00,2,1,2700.0,2700.0,[2700.0],1,['241266-webtirf']
F3FWY005,2025-08-28 15:00:00,2,1,2684.0,2684.0,[2684.0],1,['241266-webtirf']
F3FWY005,2025-08-28 16:00:00,2,1,2692.0,2692.0,[2692.0],1,['241266-webtirf']
F3FWY005,2025-08-28 17:00:00,2,1,2364.0,2364.0,[2364.0],1,['241266-webtirf']
F3FWY005,2025-08-28 18:00:00,2,1,1587.0,1587.0,[1587.0],1,['241266-webtirf']
F3FWY005,2025-08-28 19:00:00,2,1,1067.0,1067.0,[1067.0],1,['241266-webtirf']
F3FWY005,2025-08-28 20:00:00,2,1,666.0,666.0,[666.0],1,['241266-webtirf']
F3FWY005,2025-08-28 21:00:00,2,1,556.0,556.0,[556.0],1,['241266-webtirf']
F3FWY005,2025-08-28 22:00:00,2,1,448.0,448.0,[448.0],1,['241266-webtirf']
F3FWY005,2025-08-28 23:00:00,2,1,269.0,269.0,[269.0],1,['241266-webtirf']
F3FWY005,2025-08-29 00:00:00,2,1,200.0,200.0,[200.0],1,['241266-webtirf']
F3FWY005,2025-08-29 01:00:00,2,1,170.0,170.0,[170.0],1,['241266-webtirf']
F3FWY005,2025-08-29 02:00:00,2,1,268.0,268.0,[268.0],1,['241266-webtirf']
F3FWY005,2025-08-29 03:00:00,2,1,409.0,409.0,[409.0],1,['241266-webtirf']
F3FWY005,2025-08-29 04:00:00,2,1,1011.0,1011.0,[1011.0],1,['241266-webtirf']
F3FWY005,2025-08-29 05:00:00,2,1,2478.0,2478.0,[2478.0],1,['241266-webtirf']
F3FWY005,2025-08-29 06:00:00,2,1,3041.0,3041.0,[3041.0],1,['241266-webtirf']
F3FWY005,2025-08-29 07:00:00,2,1,2749.0,2749.0,[2749.0],1,['241266-webtirf']
F3FWY005,2025-08-29 08:00:00,2,1,2293.0,2293.0,[2293.0],1,['241266-webtirf']
F3FWY005,2025-08-29 09:00:00,2,1,2562.0,2562.0,[2562.0],1,['241266-webtirf']
F3FWY005,2025-08-29 10:00:00,2,1,2557.0,2557.0,[2557.0],1,['241266-webtirf']
F3FWY005,2025-08-29 11:00:00,2,1,2533.0,2533.0,[2533.0],1,['241266-webtirf']
F3FWY005,2025-08-29 12:00:00,2,1,2556.0,2556.0,[2556.0],1,['241266-webtirf']
F3FWY005,2025-08-29 13:00:00,2,1,2842.0,2842.0,[2842.0],1,['241266-webtirf']
F3FWY005,2025-08-29 14:00:00,2,1,3022.0,3022.0,[3022.0],1,['241266-webtirf']
F3FWY005,2025-08-29 15:00:00,2,1,3013.0,3013.0,[3013.0],1,['241266-webtirf']
F3FWY005,2025-08-29 16:00:00,2,1,3015.0,3015.0,[3015.0],1,['241266-webtirf']
F3FWY005,2025-08-29 17:00:00,2,1,2738.0,2738.0,[2738.0],1,['241266-webtirf']
F3FWY005,2025-08-29 18:00:00,2,1,1888.0,1888.0,[1888.0],1,['241266-webtirf']
F3FWY005,2025-08-29 19:00:00,2,1,1128.0,1128.0,[1128.0],1,['241266-webtirf']
F3FWY005,2025-08-29 20:00:00,2,1,825.0,825.0,[825.0],1,['241266-webtirf']
F3FWY005,2025-08-29 21:00:00,2,1,585.0,585.0,[585.0],1,['241266-webtirf']
F3FWY005,2025-08-29 22:00:00,2,1,457.0,457.0,[457.0],1,['241266-webtirf']
F3FWY005,2025-08-29 23:00:00,2,1,326.0,326.0,[326.0],1,['241266-webtirf']
F3FWY005,2025-08-30 00:00:00,2,1,224.0,224.0,[224.0],1,['241266-webtirf']
F3FWY005,2025-08-30 01:00:00,2,1,155.0,155.0,[155.0],1,['241266-webtirf']
F3FWY005,2025-08-30 02:00:00,2,1,156.0,156.0,[156.0],1,['241266-webtirf']
F3FWY005,2025-08-30 03:00:00,2,1,220.0,220.0,[220.0],1,['241266-webtirf']
F3FWY005,2025-08-30 04:00:00,2,1,429.0,429.0,[429.0],1,['241266-webtirf']
F3FWY005,2025-08-30 05:00:00,2,1,875.0,875.0,[875.0],1,['241266-webtirf']
F3FWY005,2025-08-30 06:00:00,2,1,1111.0,1111.0,[1111.0],1,['241266-webtirf']
F3FWY005,2025-08-30 07:00:00,2,1,1603.0,1603.0,[1603.0],1,['241266-webtirf']
F3FWY005,2025-08-30 08:00:00,2,1,2142.0,2142.0,[2142.0],1,['241266-webtirf']
F3FWY005,2025-08-30 09:00:00,2,1,2703.0,2703.0,[2703.0],1,['241266-webtirf']
F3FWY005,2025-08-30 10:00:00,2,1,3097.0,3097.0,[3097.0],1,['241266-webtirf']
F3FWY005,2025-08-30 11:00:00,2,1,3016.0,3016.0,[3016.0],1,['241266-webtirf']
F3FWY005,2025-08-30 12:00:00,2,1,0.0,0.0,[0.0],1,['241266-webtirf']
F3FWY005,2025-08-30 13:00:00,2,1,2949.0,2949.0,[2949.0],1,['241266-webtirf']
F3FWY005,2025-08-30 14:00:00,2,1,2640.0,2640.0,[2640.0],1,['241266-webtirf']
F3FWY005,2025-08-30 15:00:00,2,1,3181.0,3181.0,[3181.0],1,['241266-webtirf']
F3FWY005,2025-08-30 16:00:00,2,1,3573.0,3573.0,[3573.0],1,['241266-webtirf']
F3FWY005,2025-08-30 17:00:00,2,1,2559.0,2559.0,[2559.0],1,['241266-webtirf']
F3FWY005,2025-08-30 18:00:00,2,1,1628.0,1628.0,[1628.0],1,['241266-webtirf']
F3FWY005,2025-08-30 19:00:00,2,1,995.0,995.0,[995.0],1,['241266-webtirf']
F3FWY005,2025-08-30 20:00:00,2,1,818.0,818.0,[818.0],1,['241266-webtirf']
F3FWY005,2025-08-30 21:00:00,2,1,666.0,666.0,[666.0],1,['241266-webtirf']
F3FWY005,2025-08-30 22:00:00,2,1,578.0,578.0,[578.0],1,['241266-webtirf']
F3FWY005,2025-08-30 23:00:00,2,1,351.0,351.0,[351.0],1,['241266-webtirf']
F3FWY005,2025-08-31 00:00:00,2,1,224.0,224.0,[224.0],1,['241266-webtirf']
F3FWY005,2025-08-31 01:00:00,2,1,160.0,160.0,[160.0],1,['241266-webtirf']
F3FWY005,2025-08-31 02:00:00,2,1,141.0,141.0,[141.0],1,['241266-webtirf']
F3FWY005,2025-08-31 03:00:00,2,1,169.0,169.0,[169.0],1,['241266-webtirf']
F3FWY005,2025-08-31 04:00:00,2,1,292.0,292.0,[292.0],1,['241266-webtirf']
F3FWY005,2025-08-31 05:00:00,2,1,527.0,527.0,[527.0],1,['241266-webtirf']
F3FWY005,2025-08-31 06:00:00,2,1,698.0,698.0,[698.0],1,['241266-webtirf']
F3FWY005,2025-08-31 07:00:00,2,1,1118.0,1118.0,[1118.0],1,['241266-webtirf']
F3FWY005,2025-08-31 08:00:00,2,1,1684.0,1684.0,[1684.0],1,['241266-webtirf']
F3FWY005,2025-08-31 09:00:00,2,1,2581.0,2581.0,[2581.0],1,['241266-webtirf']
F3FWY005,2025-08-31 10:00:00,2,1,3168.0,3168.0,[3168.0],1,['241266-webtirf']
F3FWY005,2025-08-31 11:00:00,2,1,3612.0,3612.0,[3612.0],1,['241266-webtirf']
F3FWY005,2025-08-31 12:00:00,2,1,3432.0,3432.0,[3432.0],1,['241266-webtirf']
F3FWY005,2025-08-31 13:00:00,2,1,3292.0,3292.0,[3292.0],1,['241266-webtirf']
F3FWY005,2025-08-31 14:00:00,2,1,3599.0,3599.0,[3599.0],1,['241266-webtirf']
F3FWY005,2025-08-31 15:00:00,2,1,3809.0,3809.0,[3809.0],1,['241266-webtirf']
F3FWY005,2025-08-31 16:00:00,2,1,3794.0,3794.0,[3794.0],1,['241266-webtirf']
F3FWY005,2025-08-31 17:00:00,2,1,3290.0,3290.0,[3290.0],1,['241266-webtirf']
F3FWY005,2025-08-31 18:00:00,2,1,2233.0,2233.0,[2233.0],1,['241266-webtirf']
F3FWY005,2025-08-31 19:00:00,2,1,1456.0,1456.0,[1456.0],1,['241266-webtirf']
F3FWY005,2025-08-31 20:00:00,2,1,1027.0,1027.0,[1027.0],1,['241266-webtirf']
F3FWY005,2025-08-31 21:00:00,2,1,742.0,742.0,[742.0],1,['241266-webtirf']
F3FWY005,2025-08-31 22:00:00,2,1,425.0,425.0,[425.0],1,['241266-webtirf']
F3FWY005,2025-08-31 23:00:00,2,1,223.0,223.0,[223.0],1,['241266-webtirf']
F3FWY005,2025-09-01 00:00:00,2,1,153.0,153.0,[153.0],1,['241266-webtirf']
F3FWY005,2025-09-01 01:00:00,2,1,144.0,144.0,[144.0],1,['241266-webtirf']
F3FWY005,2025-09-01 02:00:00,2,1,194.0,194.0,[194.0],1,['241266-webtirf']
F3FWY005,2025-09-01 03:00:00,2,1,405.0,405.0,[405.0],1,['241266-webtirf']
F3FWY005,2025-09-01 04:00:00,2,1,1122.0,1122.0,[1122.0],1,['241266-webtirf']
F3FWY005,2025-09-01 05:00:00,2,1,2867.0,2867.0,[2867.0],1,['241266-webtirf']
F3FWY005,2025-09-01 06:00:00,2,1,3804.0,3804.0,[3804.0],1,['241266-webtirf']
F3FWY005,2025-09-01 07:00:00,2,1,3336.0,3336.0,[3336.0],1,['241266-webtirf']
F3FWY005,2025-09-01 08:00:00,2,1,2431.0,2431.0,[2431.0],1,['241266-webtirf']
F3FWY005,2025-09-01 09:00:00,2,1,2343.0,2343.0,[2343.0],1,['241266-webtirf']
F3FWY005,2025-09-01 10:00:00,2,1,2196.0,2196.0,[2196.0],1,['241266-webtirf']
F3FWY005,2025-09-01 11:00:00,2,1,2094.0,2094.0,[2094.0],1,['241266-webtirf']
F3FWY005,2025-09-01 12:00:00,2,1,2169.0,2169.0,[2169.0],1,['241266-webtirf']
F3FWY005,2025-09-01 13:00:00,2,1,2215.0,2215.0,[2215.0],1,['241266-webtirf']
F3FWY005,2025-09-01 14:00:00,2,1,2309.0,2309.0,[2309.0],1,['241266-webtirf']
F3FWY005,2025-09-01 15:00:00,2,1,2357.0,2357.0,[2357.0],1,['241266-webtirf']
F3FWY005,2025-09-01 16:00:00,2,1,2181.0,2181.0,[2181.0],1,['241266-webtirf']
F3FWY005,2025-09-01 17:00:00,2,1,1907.0,1907.0,[1907.0],1,['241266-webtirf']
F3FWY005,2025-09-01 18:00:00,2,1,1453.0,1453.0,[1453.0],1,['241266-webtirf']
F3FWY005,2025-09-01 19:00:00,2,1,906.0,906.0,[906.0],1,['241266-webtirf']
F3FWY005,2025-09-01 20:00:00,2,1,641.0,641.0,[641.0],1,['241266-webtirf']
F3FWY005,2025-09-01 21:00:00,2,1,450.0,450.0,[450.0],1,['241266-webtirf']
F3FWY005,2025-09-01 22:00:00,2,1,342.0,342.0,[342.0],1,['241266-webtirf']
F3FWY005,2025-09-01 23:00:00,2,1,281.0,281.0,[281.0],1,['241266-webtirf']
F3FWY005,2025-09-02 00:00:00,2,1,162.0,162.0,[162.0],1,['241266-webtirf']
F3FWY005,2025-09-02 01:00:00,2,1,185.0,185.0,[185.0],1,['241266-webtirf']
F3FWY005,2025-09-02 02:00:00,2,1,194.0,194.0,[194.0],1,['241266-webtirf']
F3FWY005,2025-09-02 03:00:00,2,1,387.0,387.0,[387.0],1,['241266-webtirf']
F3FWY005,2025-09-02 04:00:00,2,1,1078.0,1078.0,[1078.0],1,['241266-webtirf']
F3FWY005,2025-09-02 05:00:00,2,1,2877.0,2877.0,[2877.0],1,['241266-webtirf']
F3FWY005,2025-09-02 06:00:00,2,1,3917.0,3917.0,[3917.0],1,['241266-webtirf']
F3FWY005,2025-09-02 07:00:00,2,1,3513.0,3513.0,[3513.0],1,['241266-webtirf']
F3FWY005,2025-09-02 08:00:00,2,1,2502.0,2502.0,[2502.0],1,['241266-webtirf']
F3FWY005,2025-09-02 09:00:00,2,1,2295.0,2295.0,[2295.0],1,['241266-webtirf']
F3FWY005,2025-09-02 10:00:00,2,1,2039.0,2039.0,[2039.0],1,['241266-webtirf']
F3FWY005,2025-09-02 11:00:00,2,1,2004.0,2004.0,[2004.0],1,['241266-webtirf']
F3FWY005,2025-09-02 12:00:00,2,1,1984.0,1984.0,[1984.0],1,['241266-webtirf']
F3FWY005,2025-09-02 13:00:00,2,1,2107.0,2107.0,[2107.0],1,['241266-webtirf']
F3FWY005,2025-09-02 14:00:00,2,1,2236.0,2236.0,[2236.0],1,['241266-webtirf']
F3FWY005,2025-09-02 15:00:00,2,1,2369.0,2369.0,[2369.0],1,['241266-webtirf']
F3FWY005,2025-09-02 16:00:00,2,1,2151.0,2151.0,[2151.0],1,['241266-webtirf']
F3FWY005,2025-09-02 17:00:00,2,1,1966.0,1966.0,[1966.0],1,['241266-webtirf']
F3FWY005,2025-09-02 18:00:00,2,1,1347.0,1347.0,[1347.0],1,['241266-webtirf']
F3FWY005,2025-09-02 19:00:00,2,1,874.0,874.0,[874.0],1,['241266-webtirf']
F3FWY005,2025-09-02 20:00:00,2,1,572.0,572.0,[572.0],1,['241266-webtirf']
F3FWY005,2025-09-02 21:00:00,2,1,448.0,448.0,[448.0],1,['241266-webtirf']
F3FWY005,2025-09-02 22:00:00,2,1,337.0,337.0,[337.0],1,['241266-webtirf']
F3FWY005,2025-09-02 23:00:00,2,1,230.0,230.0,[230.0],1,['241266-webtirf']
F3FWY005,2025-09-03 00:00:00,2,1,201.0,201.0,[201.0],1,['241266-webtirf']
F3FWY005,2025-09-03 01:00:00,2,1,173.0,173.0,[173.0],1,['241266-webtirf']
F3FWY005,2025-09-03 02:00:00,2,1,204.0,204.0,[204.0],1,['241266-webtirf']
F3FWY005,2025-09-03 03:00:00,2,1,418.0,418.0,[418.0],1,['241266-webtirf']
F3FWY005,2025-09-03 04:00:00,2,1,1103.0,1103.0,[1103.0],1,['241266-webtirf']
F3FWY005,2025-09-03 05:00:00,2,1,2897.0,2897.0,[2897.0],1,['241266-webtirf']
F3FWY005,2025-09-03 06:00:00,2,1,3825.0,3825.0,[3825.0],1,['241266-webtirf']
F3FWY005,2025-09-03 07:00:00,2,1,3471.0,3471.0,[3471.0],1,['241266-webtirf']
F3FWY005,2025-09-03 08:00:00,2,1,2565.0,2565.0,[2565.0],1,['241266-webtirf']
F3FWY005,2025-09-03 09:00:00,2,1,2351.0,2351.0,[2351.0],1,['241266-webtirf']
F3FWY005,2025-09-03 10:00:00,2,1,2049.0,2049.0,[2049.0],1,['241266-webtirf']
F3FWY005,2025-09-03 11:00:00,2,1,2022.0,2022.0,[2022.0],1,['241266-webtirf']
F3FWY005,2025-09-03 12:00:00,2,1,1975.0,1975.0,[1975.0],1,['241266-webtirf']
F3FWY005,2025-09-03 13:00:00,2,1,2223.0,2223.0,[2223.0],1,['241266-webtirf']
F3FWY005,2025-09-03 14:00:00,2,1,2393.0,2393.0,[2393.0],1,['241266-webtirf']
F3FWY005,2025-09-03 15:00:00,2,1,2414.0,2414.0,[2414.0],1,['241266-webtirf']
F3FWY005,2025-09-03 16:00:00,2,1,2309.0,2309.0,[2309.0],1,['241266-webtirf']
F3FWY005,2025-09-03 17:00:00,2,1,2027.0,2027.0,[2027.0],1,['241266-webtirf']
F3FWY005,2025-09-03 18:00:00,2,1,1405.0,1405.0,[1405.0],1,['241266-webtirf']
F3FWY005,2025-09-03 19:00:00,2,1,919.0,919.0,[919.0],1,['241266-webtirf']
F3FWY005,2025-09-03 20:00:00,2,1,677.0,677.0,[677.0],1,['241266-webtirf']
F3FWY005,2025-09-03 21:00:00,2,1,499.0,499.0,[499.0],1,['241266-webtirf']
F3FWY005,2025-09-03 22:00:00,2,1,350.0,350.0,[350.0],1,['241266-webtirf']
F3FWY005,2025-09-03 23:00:00,2,1,250.0,250.0,[250.0],1,['241266-webtirf']
F3FWY005,2025-09-04 00:00:00,2,1,179.0,179.0,[179.0],1,['241266-webtirf']
F3FWY005,2025-09-04 01:00:00,2,1,177.0,177.0,[177.0],1,['241266-webtirf']
F3FWY005,2025-09-04 02:00:00,2,1,235.0,235.0,[235.0],1,['241266-webtirf']
F3FWY005,2025-09-04 03:00:00,2,1,426.0,426.0,[426.0],1,['241266-webtirf']
F3FWY005,2025-09-04 04:00:00,2,1,1132.0,1132.0,[1132.0],1,['241266-webtirf']
F3FWY005,2025-09-04 05:00:00,2,1,2775.0,2775.0,[2775.0],1,['241266-webtirf']
F3FWY005,2025-09-04 06:00:00,2,1,3675.0,3675.0,[3675.0],1,['241266-webtirf']
F3FWY005,2025-09-04 07:00:00,2,1,3239.0,3239.0,[3239.0],1,['241266-webtirf']
F3FWY005,2025-09-04 08:00:00,2,1,2514.0,2514.0,[2514.0],1,['241266-webtirf']
F3FWY005,2025-09-04 09:00:00,2,1,2484.0,2484.0,[2484.0],1,['241266-webtirf']
F3FWY005,2025-09-04 10:00:00,2,1,2250.0,2250.0,[2250.0],1,['241266-webtirf']
F3FWY005,2025-09-04 11:00:00,2,1,2117.0,2117.0,[2117.0],1,['241266-webtirf']
F3FWY005,2025-09-04 12:00:00,2,1,2106.0,2106.0,[2106.0],1,['241266-webtirf']
F3FWY005,2025-09-04 13:00:00,2,1,2312.0,2312.0,[2312.0],1,['241266-webtirf']
F3FWY005,2025-09-04 14:00:00,2,1,2482.0,2482.0,[2482.0],1,['241266-webtirf']
F3FWY005,2025-09-04 15:00:00,2,1,2469.0,2469.0,[2469.0],1,['241266-webtirf']
F3FWY005,2025-09-04 16:00:00,2,1,2623.0,2623.0,[2623.0],1,['241266-webtirf']
F3FWY005,2025-09-04 17:00:00,2,1,2122.0,2122.0,[2122.0],1,['241266-webtirf']
F3FWY005,2025-09-04 18:00:00,2,1,1666.0,1666.0,[1666.0],1,['241266-webtirf']
F3FWY005,2025-09-04 19:00:00,2,1,1075.0,1075.0,[1075.0],1,['241266-webtirf']
F3FWY005,2025-09-04 20:00:00,2,1,695.0,695.0,[695.0],1,['241266-webtirf']
F3FWY005,2025-09-04 21:00:00,2,1,546.0,546.0,[546.0],1,['241266-webtirf']
F3FWY005,2025-09-04 22:00:00,2,1,423.0,423.0,[423.0],1,['241266-webtirf']
F3FWY005,2025-09-04 23:00:00,2,1,300.0,300.0,[300.0],1,['241266-webtirf']
F3FWY005,2025-09-05 00:00:00,2,1,211.0,211.0,[211.0],1,['241266-webtirf']
F3FWY005,2025-09-05 01:00:00,2,1,190.0,190.0,[190.0],1,['241266-webtirf']
F3FWY005,2025-09-05 02:00:00,2,1,258.0,258.0,[258.0],1,['241266-webtirf']
F3FWY005,2025-09-05 03:00:00,2,1,395.0,395.0,[395.0],1,['241266-webtirf']
F3FWY005,2025-09-05 04:00:00,2,1,991.0,991.0,[991.0],1,['241266-webtirf']
F3FWY005,2025-09-05 05:00:00,2,1,2381.0,2381.0,[2381.0],1,['241266-webtirf']
F3FWY005,2025-09-05 06:00:00,2,1,2916.0,2916.0,[2916.0],1,['241266-webtirf']
F3FWY005,2025-09-05 07:00:00,2,1,2552.0,2552.0,[2552.0],1,['241266-webtirf']
F3FWY005,2025-09-05 08:00:00,2,1,2333.0,2333.0,[2333.0],1,['241266-webtirf']
F3FWY005,2025-09-05 09:00:00,2,1,2735.0,2735.0,[2735.0],1,['241266-webtirf']
F3FWY005,2025-09-05 10:00:00,2,1,2611.0,2611.0,[2611.0],1,['241266-webtirf']
F3FWY005,2025-09-05 11:00:00,2,1,2703.0,2703.0,[2703.0],1,['241266-webtirf']
F3FWY005,2025-09-05 12:00:00,2,1,2745.0,2745.0,[2745.0],1,['241266-webtirf']
F3FWY005,2025-09-05 13:00:00,2,1,2928.0,2928.0,[2928.0],1,['241266-webtirf']
F3FWY005,2025-09-05 14:00:00,2,1,3029.0,3029.0,[3029.0],1,['241266-webtirf']
F3FWY005,2025-09-05 15:00:00,2,1,3257.0,3257.0,[3257.0],1,['241266-webtirf']
F3FWY005,2025-09-05 16:00:00,2,1,3275.0,3275.0,[3275.0],1,['241266-webtirf']
F3FWY005,2025-09-05 17:00:00,2,1,3046.0,3046.0,[3046.0],1,['241266-webtirf']
F3FWY005,2025-09-05 18:00:00,2,1,1985.0,1985.0,[1985.0],1,['241266-webtirf']
F3FWY005,2025-09-05 19:00:00,2,1,1230.0,1230.0,[1230.0],1,['241266-webtirf']
F3FWY005,2025-09-05 20:00:00,2,1,819.0,819.0,[819.0],1,['241266-webtirf']
F3FWY005,2025-09-05 21:00:00,2,1,599.0,599.0,[599.0],1,['241266-webtirf']
F3FWY005,2025-09-05 22:00:00,2,1,467.0,467.0,[467.0],1,['241266-webtirf']
F3FWY005,2025-09-05 23:00:00,2,1,286.0,286.0,[286.0],1,['241266-webtirf']
F3FWY005,2025-09-06 00:00:00,2,1,172.0,172.0,[172.0],1,['241266-webtirf']
F3FWY005,2025-09-06 01:00:00,2,1,139.0,139.0,[139.0],1,['241266-webtirf']
F3FWY005,2025-09-06 02:00:00,2,1,170.0,170.0,[170.0],1,['241266-webtirf']
F3FWY005,2025-09-06 03:00:00,2,1,248.0,248.0,[248.0],1,['241266-webtirf']
F3FWY005,2025-09-06 04:00:00,2,1,463.0,463.0,[463.0],1,['241266-webtirf']
F3FWY005,2025-09-06 05:00:00,2,1,913.0,913.0,[913.0],1,['241266-webtirf']
F3FWY005,2025-09-06 06:00:00,2,1,1118.0,1118.0,[1118.0],1,['241266-webtirf']
F3FWY005,2025-09-06 07:00:00,2,1,1670.0,1670.0,[1670.0],1,['241266-webtirf']
F3FWY005,2025-09-06 08:00:00,2,1,2359.0,2359.0,[2359.0],1,['241266-webtirf']
F3FWY005,2025-09-06 09:00:00,2,1,2837.0,2837.0,[2837.0],1,['241266-webtirf']
F3FWY005,2025-09-06 10:00:00,2,1,3378.0,3378.0,[3378.0],1,['241266-webtirf']
F3FWY005,2025-09-06 11:00:00,2,1,0.0,0.0,[0.0],1,['241266-webtirf']
F3FWY005,2025-09-06 12:00:00,2,1,3179.0,3179.0,[3179.0],1,['241266-webtirf']
F3FWY005,2025-09-06 13:00:00,2,1,3111.0,3111.0,[3111.0],1,['241266-webtirf']
F3FWY005,2025-09-06 14:00:00,2,1,3094.0,3094.0,[3094.0],1,['241266-webtirf']
F3FWY005,2025-09-06 15:00:00,2,1,3331.0,3331.0,[3331.0],1,['241266-webtirf']
F3FWY005,2025-09-06 16:00:00,2,1,3340.0,3340.0,[3340.0],1,['241266-webtirf']
F3FWY005,2025-09-06 17:00:00,2,1,2780.0,2780.0,[2780.0],1,['241266-webtirf']
F3FWY005,2025-09-06 18:00:00,2,1,1688.0,1688.0,[1688.0],1,['241266-webtirf']
F3FWY005,2025-09-06 19:00:00,2,1,1126.0,1126.0,[1126.0],1,['241266-webtirf']
F3FWY005,2025-09-06 20:00:00,2,1,816.0,816.0,[816.0],1,['241266-webtirf']
F3FWY005,2025-09-06 21:00:00,2,1,632.0,632.0,[632.0],1,['241266-webtirf']
F3FWY005,2025-09-06 22:00:00,2,1,553.0,553.0,[553.0],1,['241266-webtirf']
F3FWY005,2025-09-06 23:00:00,2,1,376.0,376.0,[376.0],1,['241266-webtirf']
F3FWY005,2025-09-07 00:00:00,2,1,188.0,188.0,[188.0],1,['241266-webtirf']
F3FWY005,2025-09-07 01:00:00,2,1,142.0,142.0,[142.0],1,['241266-webtirf']
F3FWY005,2025-09-07 02:00:00,2,1,140.0,140.0,[140.0],1,['241266-webtirf']
F3FWY005,2025-09-07 03:00:00,2,1,129.0,129.0,[129.0],1,['241266-webtirf']
F3FWY005,2025-09-07 04:00:00,2,1,231.0,231.0,[231.0],1,['241266-webtirf']
F3FWY005,2025-09-07 05:00:00,2,1,355.0,355.0,[355.0],1,['241266-webtirf']
F3FWY005,2025-09-07 06:00:00,2,1,568.0,568.0,[568.0],1,['241266-webtirf']
F3FWY005,2025-09-07 07:00:00,2,1,924.0,924.0,[924.0],1,['241266-webtirf']
F3FWY005,2025-09-07 08:00:00,2,1,1837.0,1837.0,[1837.0],1,['241266-webtirf']
F3FWY005,2025-09-07 09:00:00,2,1,2558.0,2558.0,[2558.0],1,['241266-webtirf']
F3FWY005,2025-09-07 10:00:00,2,1,3626.0,3626.0,[3626.0],1,['241266-webtirf']
F3FWY005,2025-09-07 11:00:00,2,1,3952.0,3952.0,[3952.0],1,['241266-webtirf']
F3FWY005,2025-09-07 12:00:00,2,1,3681.0,3681.0,[3681.0],1,['241266-webtirf']
F3FWY005,2025-09-07 13:00:00,2,1,3574.0,3574.0,[3574.0],1,['241266-webtirf']
F3FWY005,2025-09-07 14:00:00,2,1,3819.0,3819.0,[3819.0],1,['241266-webtirf']
F3FWY005,2025-09-07 15:00:00,2,1,4342.0,4342.0,[4342.0],1,['241266-webtirf']
F3FWY005,2025-09-07 16:00:00,2,1,3191.0,3191.0,[3191.0],1,['241266-webtirf']
F3FWY005,2025-09-07 17:00:00,2,1,1680.0,1680.0,[1680.0],1,['241266-webtirf']
F3FWY005,2025-09-07 18:00:00,2,1,3315.0,3315.0,[3315.0],1,['241266-webtirf']
F3FWY005,2025-09-07 19:00:00,2,1,1758.0,1758.0,[1758.0],1,['241266-webtirf']
F3FWY005,2025-09-07 20:00:00,2,1,1235.0,1235.0,[1235.0],1,['241266-webtirf']
F3FWY005,2025-09-07 21:00:00,2,1,802.0,802.0,[802.0],1,['241266-webtirf']
F3FWY005,2025-09-07 22:00:00,2,1,470.0,470.0,[470.0],1,['241266-webtirf']
F3FWY005,2025-09-07 23:00:00,2,1,256.0,256.0,[256.0],1,['241266-webtirf']
F3FWY005,2025-09-08 00:00:00,2,1,148.0,148.0,[148.0],1,['241266-webtirf']
F3FWY005,2025-09-08 01:00:00,2,1,158.0,158.0,[158.0],1,['241266-webtirf']
F3FWY005,2025-09-08 02:00:00,2,1,209.0,209.0,[209.0],1,['241266-webtirf']
F3FWY005,2025-09-08 03:00:00,2,1,403.0,403.0,[403.0],1,['241266-webtirf']
F3FWY005,2025-09-08 04:00:00,2,1,1134.0,1134.0,[1134.0],1,['241266-webtirf']
F3FWY005,2025-09-08 05:00:00,2,1,2907.0,2907.0,[2907.0],1,['241266-webtirf']
F3FWY005,2025-09-08 06:00:00,2,1,3828.0,3828.0,[3828.0],1,['241266-webtirf']
F3FWY005,2025-09-08 07:00:00,2,1,3329.0,3329.0,[3329.0],1,['241266-webtirf']
F3FWY005,2025-09-08 08:00:00,2,1,2519.0,2519.0,[2519.0],1,['241266-webtirf']
F3FWY005,2025-09-08 09:00:00,2,1,2473.0,2473.0,[2473.0],1,['241266-webtirf']
F3FWY005,2025-09-08 10:00:00,2,1,2320.0,2320.0,[2320.0],1,['241266-webtirf']
F3FWY005,2025-09-08 11:00:00,2,1,2241.0,2241.0,[2241.0],1,['241266-webtirf']
F3FWY005,2025-09-08 12:00:00,2,1,2184.0,2184.0,[2184.0],1,['241266-webtirf']
F3FWY005,2025-09-08 13:00:00,2,1,2367.0,2367.0,[2367.0],1,['241266-webtirf']
F3FWY005,2025-09-08 14:00:00,2,1,2346.0,2346.0,[2346.0],1,['241266-webtirf']
F3FWY005,2025-09-08 15:00:00,2,1,2346.0,2346.0,[2346.0],1,['241266-webtirf']
F3FWY005,2025-09-08 16:00:00,2,1,2122.0,2122.0,[2122.0],1,['241266-webtirf']
F3FWY005,2025-09-08 17:00:00,2,1,2010.0,2010.0,[2010.0],1,['241266-webtirf']
F3FWY005,2025-09-08 18:00:00,2,1,1404.0,1404.0,[1404.0],1,['241266-webtirf']
F3FWY005,2025-09-08 19:00:00,2,1,919.0,919.0,[919.0],1,['241266-webtirf']
F3FWY005,2025-09-08 20:00:00,2,1,643.0,643.0,[643.0],1,['241266-webtirf']
F3FWY005,2025-09-08 21:00:00,2,1,508.0,508.0,[508.0],1,['241266-webtirf']
F3FWY005,2025-09-08 22:00:00,2,1,326.0,326.0,[326.0],1,['241266-webtirf']
F3FWY005,2025-09-08 23:00:00,2,1,213.0,213.0,[213.0],1,['241266-webtirf']
F3FWY005,2025-09-09 00:00:00,2,1,244.0,244.0,[244.0],1,['241266-webtirf']
F3FWY005,2025-09-09 01:00:00,2,1,175.0,175.0,[175.0],1,['241266-webtirf']
F3FWY005,2025-09-09 02:00:00,2,1,246.0,246.0,[246.0],1,['241266-webtirf']
F3FWY005,2025-09-09 03:00:00,2,1,419.0,419.0,[419.0],1,['241266-webtirf']
F3FWY005,2025-09-09 04:00:00,2,1,1139.0,1139.0,[1139.0],1,['241266-webtirf']
F3FWY005,2025-09-09 05:00:00,2,1,2881.0,2881.0,[2881.0],1,['241266-webtirf']
F3FWY005,2025-09-09 06:00:00,2,1,3905.0,3905.0,[3905.0],1,['241266-webtirf']
F3FWY005,2025-09-09 07:00:00,2,1,3525.0,3525.0,[3525.0],1,['241266-webtirf']
F3FWY005,2025-09-09 08:00:00,2,1,2586.0,2586.0,[2586.0],1,['241266-webtirf']
F3FWY005,2025-09-09 09:00:00,2,1,2387.0,2387.0,[2387.0],1,['241266-webtirf']
F3FWY005,2025-09-09 10:00:00,2,1,2080.0,2080.0,[2080.0],1,['241266-webtirf']
F3FWY005,2025-09-09 11:00:00,2,1,1987.0,1987.0,[1987.0],1,['241266-webtirf']
F3FWY005,2025-09-09 12:00:00,2,1,2009.0,2009.0,[2009.0],1,['241266-webtirf']
F3FWY005,2025-09-09 13:00:00,2,1,2090.0,2090.0,[2090.0],1,['241266-webtirf']
F3FWY005,2025-09-09 14:00:00,2,1,2200.0,2200.0,[2200.0],1,['241266-webtirf']
F3FWY005,2025-09-09 15:00:00,2,1,2368.0,2368.0,[2368.0],1,['241266-webtirf']
F3FWY005,2025-09-09 16:00:00,2,1,2089.0,2089.0,[2089.0],1,['241266-webtirf']
F3FWY005,2025-09-09 17:00:00,2,1,1908.0,1908.0,[1908.0],1,['241266-webtirf']
F3FWY005,2025-09-09 18:00:00,2,1,1360.0,1360.0,[1360.0],1,['241266-webtirf']
F3FWY005,2025-09-09 19:00:00,2,1,854.0,854.0,[854.0],1,['241266-webtirf']
F3FWY005,2025-09-09 20:00:00,2,1,646.0,646.0,[646.0],1,['241266-webtirf']
F3FWY005,2025-09-09 21:00:00,2,1,440.0,440.0,[440.0],1,['241266-webtirf']
F3FWY005,2025-09-09 22:00:00,2,1,324.0,324.0,[324.0],1,['241266-webtirf']
F3FWY005,2025-09-09 23:00:00,2,1,265.0,265.0,[265.0],1,['241266-webtirf']
F3FWY005,2025-09-10 00:00:00,2,1,171.0,171.0,[171.0],1,['241266-webtirf']
F3FWY005,2025-09-10 01:00:00,2,1,170.0,170.0,[170.0],1,['241266-webtirf']
F3FWY005,2025-09-10 02:00:00,2,1,211.0,211.0,[211.0],1,['241266-webtirf']
F3FWY005,2025-09-10 03:00:00,2,1,429.0,429.0,[429.0],1,['241266-webtirf']
F3FWY005,2025-09-10 04:00:00,2,1,1135.0,1135.0,[1135.0],1,['241266-webtirf']
F3FWY005,2025-09-10 05:00:00,2,1,2615.0,2615.0,[2615.0],1,['241266-webtirf']
F3FWY005,2025-09-10 06:00:00,2,1,3643.0,3643.0,[3643.0],1,['241266-webtirf']
F3FWY005,2025-09-10 07:00:00,2,1,3383.0,3383.0,[3383.0],1,['241266-webtirf']
F3FWY005,2025-09-10 08:00:00,2,1,2420.0,2420.0,[2420.0],1,['241266-webtirf']
F3FWY005,2025-09-10 09:00:00,2,1,2306.0,2306.0,[2306.0],1,['241266-webtirf']
F3FWY005,2025-09-10 10:00:00,2,1,1990.0,1990.0,[1990.0],1,['241266-webtirf']
F3FWY005,2025-09-10 11:00:00,2,1,2014.0,2014.0,[2014.0],1,['241266-webtirf']
F3FWY005,2025-09-10 12:00:00,2,1,2088.0,2088.0,[2088.0],1,['241266-webtirf']
F3FWY005,2025-09-10 13:00:00,2,1,2051.0,2051.0,[2051.0],1,['241266-webtirf']
F3FWY005,2025-09-10 14:00:00,2,1,2291.0,2291.0,[2291.0],1,['241266-webtirf']
F3FWY005,2025-09-10 15:00:00,2,1,2149.0,2149.0,[2149.0],1,['241266-webtirf']
F3FWY005,2025-09-10 16:00:00,2,1,1982.0,1982.0,[1982.0],1,['241266-webtirf']
F3FWY005,2025-09-10 17:00:00,2,1,1679.0,1679.0,[1679.0],1,['241266-webtirf']
F3FWY005,2025-09-10 18:00:00,2,1,1293.0,1293.0,[1293.0],1,['241266-webtirf']
F3FWY005,2025-09-10 19:00:00,2,1,789.0,789.0,[789.0],1,['241266-webtirf']
F3FWY005,2025-09-10 20:00:00,2,1,532.0,532.0,[532.0],1,['241266-webtirf']
F3FWY005,2025-09-10 21:00:00,2,1,435.0,435.0,[435.0],1,['241266-webtirf']
F3FWY005,2025-09-10 22:00:00,2,1,354.0,354.0,[354.0],1,['241266-webtirf']
F3FWY005,2025-09-10 23:00:00,2,1,207.0,207.0,[207.0],1,['241266-webtirf']
F3FWY005,2025-09-11 00:00:00,2,1,153.0,153.0,[153.0],1,['241266-webtirf']
F3FWY005,2025-09-11 01:00:00,2,1,170.0,170.0,[170.0],1,['241266-webtirf']
F3FWY005,2025-09-11 02:00:00,2,1,227.0,227.0,[227.0],1,['241266-webtirf']
F3FWY005,2025-09-11 03:00:00,2,1,416.0,416.0,[416.0],1,['241266-webtirf']
F3FWY005,2025-09-11 04:00:00,2,1,1074.0,1074.0,[1074.0],1,['241266-webtirf']
F3FWY005,2025-09-11 05:00:00,2,1,2606.0,2606.0,[2606.0],1,['241266-webtirf']
F3FWY005,2025-09-11 06:00:00,2,1,3532.0,3532.0,[3532.0],1,['241266-webtirf']
F3FWY005,2025-09-11 07:00:00,2,1,3753.0,3753.0,[3753.0],1,['241266-webtirf']
F3FWY005,2025-09-11 08:00:00,2,1,0.0,0.0,[0.0],1,['241266-webtirf']
F3FWY005,2025-09-11 09:00:00,2,1,2445.0,2445.0,[2445.0],1,['241266-webtirf']
F3FWY005,2025-09-11 10:00:00,2,1,2253.0,2253.0,[2253.0],1,['241266-webtirf']
F3FWY005,2025-09-11 11:00:00,2,1,2101.0,2101.0,[2101.0],1,['241266-webtirf']
F3FWY005,2025-09-11 12:00:00,2,1,2267.0,2267.0,[2267.0],1,['241266-webtirf']
F3FWY005,2025-09-11 13:00:00,2,1,2225.0,2225.0,[2225.0],1,['241266-webtirf']
F3FWY005,2025-09-11 14:00:00,2,1,2310.0,2310.0,[2310.0],1,['241266-webtirf']
F3FWY005,2025-09-11 15:00:00,2,1,2347.0,2347.0,[2347.0],1,['241266-webtirf']
F3FWY005,2025-09-11 16:00:00,2,1,2216.0,2216.0,[2216.0],1,['241266-webtirf']
F3FWY005,2025-09-11 17:00:00,2,1,1908.0,1908.0,[1908.0],1,['241266-webtirf']
F3FWY005,2025-09-11 18:00:00,2,1,1347.0,1347.0,[1347.0],1,['241266-webtirf']
F3FWY005,2025-09-11 19:00:00,2,1,923.0,923.0,[923.0],1,['241266-webtirf']
F3FWY005,2025-09-11 20:00:00,2,1,669.0,669.0,[669.0],1,['241266-webtirf']
F3FWY005,2025-09-11 21:00:00,2,1,575.0,575.0,[575.0],1,['241266-webtirf']
F3FWY005,2025-09-11 22:00:00,2,1,500.0,500.0,[500.0],1,['241266-webtirf']
F3FWY005,2025-09-11 23:00:00,2,1,293.0,293.0,[293.0],1,['241266-webtirf']
F3FWY005,2025-09-12 00:00:00,2,1,202.0,202.0,[202.0],1,['241266-webtirf']
F3FWY005,2025-09-12 01:00:00,2,1,199.0,199.0,[199.0],1,['241266-webtirf']
F3FWY005,2025-09-12 02:00:00,2,1,223.0,223.0,[223.0],1,['241266-webtirf']
F3FWY005,2025-09-12 03:00:00,2,1,414.0,414.0,[414.0],1,['241266-webtirf']
F3FWY005,2025-09-12 04:00:00,2,1,1033.0,1033.0,[1033.0],1,['241266-webtirf']
F3FWY005,2025-09-12 05:00:00,2,1,2519.0,2519.0,[2519.0],1,['241266-webtirf']
F3FWY005,2025-09-12 06:00:00,2,1,2985.0,2985.0,[2985.0],1,['241266-webtirf']
F3FWY005,2025-09-12 07:00:00,2,1,2733.0,2733.0,[2733.0],1,['241266-webtirf']
F3FWY005,2025-09-12 08:00:00,2,1,2219.0,2219.0,[2219.0],1,['241266-webtirf']
F3FWY005,2025-09-12 09:00:00,2,1,2414.0,2414.0,[2414.0],1,['241266-webtirf']
F3FWY005,2025-09-12 10:00:00,2,1,2579.0,2579.0,[2579.0],1,['241266-webtirf']
F3FWY005,2025-09-12 11:00:00,2,1,2599.0,2599.0,[2599.0],1,['241266-webtirf']
F3FWY005,2025-09-12 12:00:00,2,1,2612.0,2612.0,[2612.0],1,['241266-webtirf']
F3FWY005,2025-09-12 13:00:00,2,1,2888.0,2888.0,[2888.0],1,['241266-webtirf']
F3FWY005,2025-09-12 14:00:00,2,1,3186.0,3186.0,[3186.0],1,['241266-webtirf']
F3FWY005,2025-09-12 15:00:00,2,1,3006.0,3006.0,[3006.0],1,['241266-webtirf']
F3FWY005,2025-09-12 16:00:00,2,1,3058.0,3058.0,[3058.0],1,['241266-webtirf']
F3FWY005,2025-09-12 17:00:00,2,1,2734.0,2734.0,[2734.0],1,['241266-webtirf']
F3FWY005,2025-09-12 18:00:00,2,1,2052.0,2052.0,[2052.0],1,['241266-webtirf']
F3FWY005,2025-09-12 19:00:00,2,1,1208.0,1208.0,[1208.0],1,['241266-webtirf']
F3FWY005,2025-09-12 20:00:00,2,1,847.0,847.0,[847.0],1,['241266-webtirf']
F3FWY005,2025-09-12 21:00:00,2,1,615.0,615.0,[615.0],1,['241266-webtirf']
F3FWY005,2025-09-12 22:00:00,2,1,516.0,516.0,[516.0],1,['241266-webtirf']
F3FWY005,2025-09-12 23:00:00,2,1,356.0,356.0,[356.0],1,['241266-webtirf']
F3FWY005,2025-09-13 00:00:00,2,1,220.0,220.0,[220.0],1,['241266-webtirf']
F3FWY005,2025-09-13 01:00:00,2,1,146.0,146.0,[146.0],1,['241266-webtirf']
F3FWY005,2025-09-13 02:00:00,2,1,163.0,163.0,[163.0],1,['241266-webtirf']
F3FWY005,2025-09-13 03:00:00,2,1,228.0,228.0,[228.0],1,['241266-webtirf']
F3FWY005,2025-09-13 04:00:00,2,1,445.0,445.0,[445.0],1,['241266-webtirf']
F3FWY005,2025-09-13 05:00:00,2,1,934.0,934.0,[934.0],1,['241266-webtirf']
F3FWY005,2025-09-13 06:00:00,2,1,1279.0,1279.0,[1279.0],1,['241266-webtirf']
F3FWY005,2025-09-13 07:00:00,2,1,1710.0,1710.0,[1710.0],1,['241266-webtirf']
F3FWY005,2025-09-13 08:00:00,2,1,2412.0,2412.0,[2412.0],1,['241266-webtirf']
F3FWY005,2025-09-13 09:00:00,2,1,3051.0,3051.0,[3051.0],1,['241266-webtirf']
F3FWY005,2025-09-13 10:00:00,2,1,3455.0,3455.0,[3455.0],1,['241266-webtirf']
F3FWY005,2025-09-13 11:00:00,2,1,3248.0,3248.0,[3248.0],1,['241266-webtirf']
F3FWY005,2025-09-13 12:00:00,2,1,2850.0,2850.0,[2850.0],1,['241266-webtirf']
F3FWY005,2025-09-13 13:00:00,2,1,2835.0,2835.0,[2835.0],1,['241266-webtirf']
F3FWY005,2025-09-13 14:00:00,2,1,2901.0,2901.0,[2901.0],1,['241266-webtirf']
F3FWY005,2025-09-13 15:00:00,2,1,3033.0,3033.0,[3033.0],1,['241266-webtirf']
F3FWY005,2025-09-13 16:00:00,2,1,2982.0,2982.0,[2982.0],1,['241266-webtirf']
F3FWY005,2025-09-13 17:00:00,2,1,2474.0,2474.0,[2474.0],1,['241266-webtirf']
F3FWY005,2025-09-13 18:00:00,2,1,1643.0,1643.0,[1643.0],1,['241266-webtirf']
F3FWY005,2025-09-13 19:00:00,2,1,1092.0,1092.0,[1092.0],1,['241266-webtirf']
F3FWY005,2025-09-13 20:00:00,2,1,825.0,825.0,[825.0],1,['241266-webtirf']
F3FWY005,2025-09-13 21:00:00,2,1,614.0,614.0,[614.0],1,['241266-webtirf']
F3FWY005,2025-09-13 22:00:00,2,1,607.0,607.0,[607.0],1,['241266-webtirf']
F3FWY005,2025-09-13 23:00:00,2,1,329.0,329.0,[329.0],1,['241266-webtirf']
F3FWY005,2025-09-14 00:00:00,2,1,258.0,258.0,[258.0],1,['241266-webtirf']
F3FWY005,2025-09-14 01:00:00,2,1,168.0,168.0,[168.0],1,['241266-webtirf']
F3FWY005,2025-09-14 02:00:00,2,1,114.0,114.0,[114.0],1,['241266-webtirf']
F3FWY005,2025-09-14 03:00:00,2,1,145.0,145.0,[145.0],1,['241266-webtirf']
F3FWY005,2025-09-14 04:00:00,2,1,261.0,261.0,[261.0],1,['241266-webtirf']
F3FWY005,2025-09-14 05:00:00,2,1,494.0,494.0,[494.0],1,['241266-webtirf']
F3FWY005,2025-09-14 06:00:00,2,1,784.0,784.0,[784.0],1,['241266-webtirf']
F3FWY005,2025-09-14 07:00:00,2,1,1215.0,1215.0,[1215.0],1,['241266-webtirf']
F3FWY005,2025-09-14 08:00:00,2,1,2035.0,2035.0,[2035.0],1,['241266-webtirf']
F3FWY005,2025-09-14 09:00:00,4,1,2815.0,2815.0,[2815.0],2,"['241266-webtirf', '249524-webtirf']"
F3FWY005,2025-09-14 10:00:00,2,1,3418.0,3418.0,[3418.0],1,['241266-webtirf']
F3FWY005,2025-09-14 11:00:00,2,1,3905.0,3905.0,[3905.0],1,['241266-webtirf']
F3FWY005,2025-09-14 12:00:00,2,1,3696.0,3696.0,[3696.0],1,['241266-webtirf']
F3FWY005,2025-09-14 13:00:00,2,1,3678.0,3678.0,[3678.0],1,['241266-webtirf']
F3FWY005,2025-09-14 14:00:00,2,1,3624.0,3624.0,[3624.0],1,['241266-webtirf']
F3FWY005,2025-09-14 15:00:00,2,1,3439.0,3439.0,[3439.0],1,['241266-webtirf']
F3FWY005,2025-09-14 16:00:00,2,1,4276.0,4276.0,[4276.0],1,['241266-webtirf']
F3FWY005,2025-09-14 17:00:00,2,1,3399.0,3399.0,[3399.0],1,['241266-webtirf']
F3FWY005,2025-09-14 18:00:00,2,1,2168.0,2168.0,[2168.0],1,['241266-webtirf']
F3FWY005,2025-09-14 19:00:00,2,1,1611.0,1611.0,[1611.0],1,['241266-webtirf']
F3FWY005,2025-09-14 20:00:00,2,1,1115.0,1115.0,[1115.0],1,['241266-webtirf']
F3FWY005,2025-09-14 21:00:00,2,1,659.0,659.0,[659.0],1,['241266-webtirf']
F3FWY005,2025-09-14 22:00:00,2,1,467.0,467.0,[467.0],1,['241266-webtirf']
F3FWY005,2025-09-14 23:00:00,2,1,276.0,276.0,[276.0],1,['241266-webtirf']
F3FWY005,2025-09-15 00:00:00,2,1,157.0,157.0,[157.0],1,['241266-webtirf']
F3FWY005,2025-09-15 01:00:00,2,1,153.0,153.0,[153.0],1,['241266-webtirf']
F3FWY005,2025-09-15 02:00:00,2,1,219.0,219.0,[219.0],1,['241266-webtirf']
F3FWY005,2025-09-15 03:00:00,2,1,420.0,420.0,[420.0],1,['241266-webtirf']
F3FWY005,2025-09-15 04:00:00,2,1,1121.0,1121.0,[1121.0],1,['241266-webtirf']
F3FWY005,2025-09-15 05:00:00,2,1,2948.0,2948.0,[2948.0],1,['241266-webtirf']
F3FWY005,2025-09-15 06:00:00,2,1,4024.0,4024.0,[4024.0],1,['241266-webtirf']
F3FWY005,2025-09-15 07:00:00,2,1,3437.0,3437.0,[3437.0],1,['241266-webtirf']
F3FWY005,2025-09-15 08:00:00,2,1,2467.0,2467.0,[2467.0],1,['241266-webtirf']
F3FWY005,2025-09-15 09:00:00,2,1,2437.0,2437.0,[2437.0],1,['241266-webtirf']
F3FWY005,2025-09-15 10:00:00,2,1,2270.0,2270.0,[2270.0],1,['241266-webtirf']
F3FWY005,2025-09-15 11:00:00,2,1,2158.0,2158.0,[2158.0],1,['241266-webtirf']
F3FWY005,2025-09-15 12:00:00,2,1,2297.0,2297.0,[2297.0],1,['241266-webtirf']
F3FWY005,2025-09-15 13:00:00,2,1,2335.0,2335.0,[2335.0],1,['241266-webtirf']
F3FWY005,2025-09-15 14:00:00,2,1,2296.0,2296.0,[2296.0],1,['241266-webtirf']
F3FWY005,2025-09-15 15:00:00,2,1,2260.0,2260.0,[2260.0],1,['241266-webtirf']
F3FWY005,2025-09-15 16:00:00,2,1,2102.0,2102.0,[2102.0],1,['241266-webtirf']
F3FWY005,2025-09-15 17:00:00,2,1,1903.0,1903.0,[1903.0],1,['241266-webtirf']
F3FWY005,2025-09-15 18:00:00,2,1,1454.0,1454.0,[1454.0],1,['241266-webtirf']
F3FWY005,2025-09-15 19:00:00,2,1,943.0,943.0,[943.0],1,['241266-webtirf']
F3FWY005,2025-09-15 20:00:00,2,1,636.0,636.0,[636.0],1,['241266-webtirf']
F3FWY005,2025-09-15 21:00:00,2,1,491.0,491.0,[491.0],1,['241266-webtirf']
F3FWY005,2025-09-15 22:00:00,2,1,352.0,352.0,[352.0],1,['241266-webtirf']
F3FWY005,2025-09-15 23:00:00,2,1,238.0,238.0,[238.0],1,['241266-webtirf']
F3FWY005,2025-09-16 00:00:00,2,1,202.0,202.0,[202.0],1,['241266-webtirf']
F3FWY005,2025-09-16 01:00:00,2,1,175.0,175.0,[175.0],1,['241266-webtirf']
F3FWY005,2025-09-16 02:00:00,2,1,234.0,234.0,[234.0],1,['241266-webtirf']
F3FWY005,2025-09-16 03:00:00,2,1,447.0,447.0,[447.0],1,['241266-webtirf']
F3FWY005,2025-09-16 04:00:00,2,1,1192.0,1192.0,[1192.0],1,['241266-webtirf']
F3FWY005,2025-09-16 05:00:00,2,1,2889.0,2889.0,[2889.0],1,['241266-webtirf']
F3FWY005,2025-09-16 06:00:00,2,1,4034.0,4034.0,[4034.0],1,['241266-webtirf']
F3FWY005,2025-09-16 07:00:00,2,1,3579.0,3579.0,[3579.0],1,['241266-webtirf']
F3FWY005,2025-09-16 08:00:00,2,1,2455.0,2455.0,[2455.0],1,['241266-webtirf']
F3FWY005,2025-09-16 09:00:00,2,1,2346.0,2346.0,[2346.0],1,['241266-webtirf']
F3FWY005,2025-09-16 10:00:00,2,1,2068.0,2068.0,[2068.0],1,['241266-webtirf']
F3FWY005,2025-09-16 11:00:00,2,1,2031.0,2031.0,[2031.0],1,['241266-webtirf']
F3FWY005,2025-09-16 12:00:00,2,1,1940.0,1940.0,[1940.0],1,['241266-webtirf']
F3FWY005,2025-09-16 13:00:00,2,1,2105.0,2105.0,[2105.0],1,['241266-webtirf']
F3FWY005,2025-09-16 14:00:00,2,1,2327.0,2327.0,[2327.0],1,['241266-webtirf']
F3FWY005,2025-09-16 15:00:00,2,1,2349.0,2349.0,[2349.0],1,['241266-webtirf']
F3FWY005,2025-09-16 16:00:00,2,1,2198.0,2198.0,[2198.0],1,['241266-webtirf']
F3FWY005,2025-09-16 17:00:00,2,1,1965.0,1965.0,[1965.0],1,['241266-webtirf']
F3FWY005,2025-09-16 18:00:00,2,1,1414.0,1414.0,[1414.0],1,['241266-webtirf']
F3FWY005,2025-09-16 19:00:00,2,1,823.0,823.0,[823.0],1,['241266-webtirf']
F3FWY005,2025-09-16 20:00:00,2,1,586.0,586.0,[586.0],1,['241266-webtirf']
F3FWY005,2025-09-16 21:00:00,2,1,518.0,518.0,[518.0],1,['241266-webtirf']
F3FWY005,2025-09-16 22:00:00,2,1,364.0,364.0,[364.0],1,['241266-webtirf']
F3FWY005,2025-09-16 23:00:00,2,1,235.0,235.0,[235.0],1,['241266-webtirf']
F3FWY005,2025-09-17 00:00:00,2,1,172.0,172.0,[172.0],1,['241266-webtirf']
F3FWY005,2025-09-17 01:00:00,2,1,183.0,183.0,[183.0],1,['241266-webtirf']
F3FWY005,2025-09-17 02:00:00,2,1,228.0,228.0,[228.0],1,['241266-webtirf']
F3FWY005,2025-09-17 03:00:00,2,1,448.0,448.0,[448.0],1,['241266-webtirf']
F3FWY005,2025-09-17 04:00:00,2,1,1110.0,1110.0,[1110.0],1,['241266-webtirf']
F3FWY005,2025-09-17 05:00:00,2,1,2939.0,2939.0,[2939.0],1,['241266-webtirf']
F3FWY005,2025-09-17 06:00:00,2,1,3851.0,3851.0,[3851.0],1,['241266-webtirf']
F3FWY005,2025-09-17 07:00:00,2,1,3549.0,3549.0,[3549.0],1,['241266-webtirf']
F3FWY005,2025-09-17 08:00:00,2,1,2504.0,2504.0,[2504.0],1,['241266-webtirf']
F3FWY005,2025-09-17 09:00:00,2,1,2384.0,2384.0,[2384.0],1,['241266-webtirf']
F3FWY005,2025-09-17 10:00:00,2,1,2144.0,2144.0,[2144.0],1,['241266-webtirf']
F3FWY005,2025-09-17 11:00:00,2,1,1999.0,1999.0,[1999.0],1,['241266-webtirf']
F3FWY005,2025-09-17 12:00:00,2,1,2031.0,2031.0,[2031.0],1,['241266-webtirf']
F3FWY005,2025-09-17 13:00:00,2,1,2232.0,2232.0,[2232.0],1,['241266-webtirf']
F3FWY005,2025-09-17 14:00:00,2,1,2415.0,2415.0,[2415.0],1,['241266-webtirf']
F3FWY005,2025-09-17 15:00:00,2,1,2410.0,2410.0,[2410.0],1,['241266-webtirf']
F3FWY005,2025-09-17 16:00:00,2,1,2273.0,2273.0,[2273.0],1,['241266-webtirf']
F3FWY005,2025-09-17 17:00:00,2,1,2096.0,2096.0,[2096.0],1,['241266-webtirf']
F3FWY005,2025-09-17 18:00:00,2,1,1482.0,1482.0,[1482.0],1,['241266-webtirf']
F3FWY005,2025-09-17 19:00:00,2,1,942.0,942.0,[942.0],1,['241266-webtirf']
F3FWY005,2025-09-17 20:00:00,2,1,634.0,634.0,[634.0],1,['241266-webtirf']
F3FWY005,2025-09-17 21:00:00,2,1,579.0,579.0,[579.0],1,['241266-webtirf']
F3FWY005,2025-09-17 22:00:00,2,1,394.0,394.0,[394.0],1,['241266-webtirf']
F3FWY005,2025-09-17 23:00:00,2,1,234.0,234.0,[234.0],1,['241266-webtirf']
F3FWY005,2025-09-18 00:00:00,2,1,190.0,190.0,[190.0],1,['241266-webtirf']
F3FWY005,2025-09-18 01:00:00,2,1,187.0,187.0,[187.0],1,['241266-webtirf']
F3FWY005,2025-09-18 02:00:00,2,1,255.0,255.0,[255.0],1,['241266-webtirf']
F3FWY005,2025-09-18 03:00:00,2,1,436.0,436.0,[436.0],1,['241266-webtirf']
F3FWY005,2025-09-18 04:00:00,2,1,1150.0,1150.0,[1150.0],1,['241266-webtirf']
F3FWY005,2025-09-18 05:00:00,2,1,2941.0,2941.0,[2941.0],1,['241266-webtirf']
F3FWY005,2025-09-18 06:00:00,2,1,3846.0,3846.0,[3846.0],1,['241266-webtirf']
F3FWY005,2025-09-18 07:00:00,2,1,3377.0,3377.0,[3377.0],1,['241266-webtirf']
F3FWY005,2025-09-18 08:00:00,2,1,2565.0,2565.0,[2565.0],1,['241266-webtirf']
F3FWY005,2025-09-18 09:00:00,2,1,2507.0,2507.0,[2507.0],1,['241266-webtirf']
F3FWY005,2025-09-18 10:00:00,2,1,2250.0,2250.0,[2250.0],1,['241266-webtirf']
F3FWY005,2025-09-18 11:00:00,2,1,2145.0,2145.0,[2145.0],1,['241266-webtirf']
F3FWY005,2025-09-18 12:00:00,2,1,2169.0,2169.0,[2169.0],1,['241266-webtirf']
F3FWY005,2025-09-18 13:00:00,2,1,2343.0,2343.0,[2343.0],1,['241266-webtirf']
F3FWY005,2025-09-18 14:00:00,2,1,2600.0,2600.0,[2600.0],1,['241266-webtirf']
F3FWY005,2025-09-18 15:00:00,2,1,2574.0,2574.0,[2574.0],1,['241266-webtirf']
F3FWY005,2025-09-18 16:00:00,2,1,2446.0,2446.0,[2446.0],1,['241266-webtirf']
F3FWY005,2025-09-18 17:00:00,2,1,2078.0,2078.0,[2078.0],1,['241266-webtirf']
F3FWY005,2025-09-18 18:00:00,2,1,1516.0,1516.0,[1516.0],1,['241266-webtirf']
F3FWY005,2025-09-18 19:00:00,2,1,1129.0,1129.0,[1129.0],1,['241266-webtirf']
F3FWY005,2025-09-18 20:00:00,2,1,696.0,696.0,[696.0],1,['241266-webtirf']
F3FWY005,2025-09-18 21:00:00,2,1,545.0,545.0,[545.0],1,['241266-webtirf']
F3FWY005,2025-09-18 22:00:00,2,1,378.0,378.0,[378.0],1,['241266-webtirf']
F3FWY005,2025-09-18 23:00:00,2,1,286.0,286.0,[286.0],1,['241266-webtirf']
F3FWY005,2025-09-19 00:00:00,2,1,187.0,187.0,[187.0],1,['241266-webtirf']
F3FWY005,2025-09-19 01:00:00,2,1,182.0,182.0,[182.0],1,['241266-webtirf']
F3FWY005,2025-09-19 02:00:00,2,1,260.0,260.0,[260.0],1,['241266-webtirf']
F3FWY005,2025-09-19 03:00:00,2,1,439.0,439.0,[439.0],1,['241266-webtirf']
F3FWY005,2025-09-19 04:00:00,2,1,1011.0,1011.0,[1011.0],1,['241266-webtirf']
F3FWY005,2025-09-19 05:00:00,2,1,2583.0,2583.0,[2583.0],1,['241266-webtirf']
F3FWY005,2025-09-19 06:00:00,2,1,3081.0,3081.0,[3081.0],1,['241266-webtirf']
F3FWY005,2025-09-19 07:00:00,2,1,2675.0,2675.0,[2675.0],1,['241266-webtirf']
F3FWY005,2025-09-19 08:00:00,2,1,2322.0,2322.0,[2322.0],1,['241266-webtirf']
F3FWY005,2025-09-19 09:00:00,2,1,2603.0,2603.0,[2603.0],1,['241266-webtirf']
F3FWY005,2025-09-19 10:00:00,2,1,2573.0,2573.0,[2573.0],1,['241266-webtirf']
F3FWY005,2025-09-19 11:00:00,2,1,2599.0,2599.0,[2599.0],1,['241266-webtirf']
F3FWY005,2025-09-19 12:00:00,2,1,2738.0,2738.0,[2738.0],1,['241266-webtirf']
F3FWY005,2025-09-19 13:00:00,2,1,2946.0,2946.0,[2946.0],1,['241266-webtirf']
F3FWY005,2025-09-19 14:00:00,2,1,3125.0,3125.0,[3125.0],1,['241266-webtirf']
F3FWY005,2025-09-19 15:00:00,2,1,3130.0,3130.0,[3130.0],1,['241266-webtirf']
F3FWY005,2025-09-19 16:00:00,2,1,3029.0,3029.0,[3029.0],1,['241266-webtirf']
F3FWY005,2025-09-19 17:00:00,2,1,2796.0,2796.0,[2796.0],1,['241266-webtirf']
F3FWY005,2025-09-19 18:00:00,2,1,2059.0,2059.0,[2059.0],1,['241266-webtirf']
F3FWY005,2025-09-19 19:00:00,2,1,1172.0,1172.0,[1172.0],1,['241266-webtirf']
F3FWY005,2025-09-19 20:00:00,2,1,821.0,821.0,[821.0],1,['241266-webtirf']
F3FWY005,2025-09-19 21:00:00,2,1,580.0,580.0,[580.0],1,['241266-webtirf']
F3FWY005,2025-09-19 22:00:00,2,1,475.0,475.0,[475.0],1,['241266-webtirf']
F3FWY005,2025-09-19 23:00:00,2,1,334.0,334.0,[334.0],1,['241266-webtirf']
F3FWY005,2025-09-20 00:00:00,2,1,213.0,213.0,[213.0],1,['241266-webtirf']
F3FWY005,2025-09-20 01:00:00,2,1,156.0,156.0,[156.0],1,['241266-webtirf']
F3FWY005,2025-09-20 02:00:00,2,1,170.0,170.0,[170.0],1,['241266-webtirf']
F3FWY005,2025-09-20 03:00:00,2,1,230.0,230.0,[230.0],1,['241266-webtirf']
F3FWY005,2025-09-20 04:00:00,2,1,489.0,489.0,[489.0],1,['241266-webtirf']
F3FWY005,2025-09-20 05:00:00,2,1,958.0,958.0,[958.0],1,['241266-webtirf']
F3FWY005,2025-09-20 06:00:00,2,1,1300.0,1300.0,[1300.0],1,['241266-webtirf']
F3FWY005,2025-09-20 07:00:00,2,1,1727.0,1727.0,[1727.0],1,['241266-webtirf']
F3FWY005,2025-09-20 08:00:00,2,1,2471.0,2471.0,[2471.0],1,['241266-webtirf']
F3FWY005,2025-09-20 09:00:00,2,1,3040.0,3040.0,[3040.0],1,['241266-webtirf']
F3FWY005,2025-09-20 10:00:00,2,1,3295.0,3295.0,[3295.0],1,['241266-webtirf']
F3FWY005,2025-09-20 11:00:00,2,1,3143.0,3143.0,[3143.0],1,['241266-webtirf']
F3FWY005,2025-09-20 12:00:00,2,1,2848.0,2848.0,[2848.0],1,['241266-webtirf']
F3FWY005,2025-09-20 13:00:00,2,1,2822.0,2822.0,[2822.0],1,['241266-webtirf']
F3FWY005,2025-09-20 14:00:00,2,1,2918.0,2918.0,[2918.0],1,['241266-webtirf']
F3FWY005,2025-09-20 15:00:00,2,1,3092.0,3092.0,[3092.0],1,['241266-webtirf']
F3FWY005,2025-09-20 16:00:00,2,1,2990.0,2990.0,[2990.0],1,['241266-webtirf']
F3FWY005,2025-09-20 17:00:00,2,1,2566.0,2566.0,[2566.0],1,['241266-webtirf']
F3FWY005,2025-09-20 18:00:00,2,1,1735.0,1735.0,[1735.0],1,['241266-webtirf']
F3FWY005,2025-09-20 19:00:00,2,1,1151.0,1151.0,[1151.0],1,['241266-webtirf']
F3FWY005,2025-09-20 20:00:00,2,1,858.0,858.0,[858.0],1,['241266-webtirf']
F3FWY005,2025-09-20 21:00:00,2,1,723.0,723.0,[723.0],1,['241266-webtirf']
F3FWY005,2025-09-20 22:00:00,2,1,636.0,636.0,[636.0],1,['241266-webtirf']
F3FWY005,2025-09-20 23:00:00,2,1,418.0,418.0,[418.0],1,['241266-webtirf']
F3FWY005,2025-09-21 00:00:00,2,1,244.0,244.0,[244.0],1,['241266-webtirf']
F3FWY005,2025-09-21 01:00:00,2,1,174.0,174.0,[174.0],1,['241266-webtirf']
F3FWY005,2025-09-21 02:00:00,2,1,138.0,138.0,[138.0],1,['241266-webtirf']
F3FWY005,2025-09-21 03:00:00,2,1,153.0,153.0,[153.0],1,['241266-webtirf']
F3FWY005,2025-09-21 04:00:00,2,1,254.0,254.0,[254.0],1,['241266-webtirf']
F3FWY005,2025-09-21 05:00:00,2,1,458.0,458.0,[458.0],1,['241266-webtirf']
F3FWY005,2025-09-21 06:00:00,2,1,742.0,742.0,[742.0],1,['241266-webtirf']
F3FWY005,2025-09-21 07:00:00,2,1,1122.0,1122.0,[1122.0],1,['241266-webtirf']
F3FWY005,2025-09-21 08:00:00,2,1,1983.0,1983.0,[1983.0],1,['241266-webtirf']
F3FWY005,2025-09-21 09:00:00,2,1,2959.0,2959.0,[2959.0],1,['241266-webtirf']
F3FWY005,2025-09-21 10:00:00,2,1,3659.0,3659.0,[3659.0],1,['241266-webtirf']
F3FWY005,2025-09-21 11:00:00,2,1,3949.0,3949.0,[3949.0],1,['241266-webtirf']
F3FWY005,2025-09-21 12:00:00,2,1,3968.0,3968.0,[3968.0],1,['241266-webtirf']
F3FWY005,2025-09-21 13:00:00,2,1,3839.0,3839.0,[3839.0],1,['241266-webtirf']
F3FWY005,2025-09-21 14:00:00,2,1,3974.0,3974.0,[3974.0],1,['241266-webtirf']
F3FWY005,2025-09-21 15:00:00,2,1,4008.0,4008.0,[4008.0],1,['241266-webtirf']
F3FWY005,2025-09-21 16:00:00,2,1,3714.0,3714.0,[3714.0],1,['241266-webtirf']
F3FWY005,2025-09-21 17:00:00,2,1,2882.0,2882.0,[2882.0],1,['241266-webtirf']
F3FWY005,2025-09-21 18:00:00,2,1,2215.0,2215.0,[2215.0],1,['241266-webtirf']
F3FWY005,2025-09-21 19:00:00,2,1,1623.0,1623.0,[1623.0],1,['241266-webtirf']
F3FWY005,2025-09-21 20:00:00,2,1,1036.0,1036.0,[1036.0],1,['241266-webtirf']
F3FWY005,2025-09-21 21:00:00,2,1,764.0,764.0,[764.0],1,['241266-webtirf']
F3FWY005,2025-09-21 22:00:00,2,1,456.0,456.0,[456.0],1,['241266-webtirf']
F3FWY005,2025-09-21 23:00:00,2,1,258.0,258.0,[258.0],1,['241266-webtirf']
F3FWY005,2025-09-22 00:00:00,2,1,189.0,189.0,[189.0],1,['241266-webtirf']
F3FWY005,2025-09-22 01:00:00,2,1,160.0,160.0,[160.0],1,['241266-webtirf']
F3FWY005,2025-09-22 02:00:00,2,1,203.0,203.0,[203.0],1,['241266-webtirf']
F3FWY005,2025-09-22 03:00:00,2,1,415.0,415.0,[415.0],1,['241266-webtirf']
F3FWY005,2025-09-22 04:00:00,2,1,1066.0,1066.0,[1066.0],1,['241266-webtirf']
F3FWY005,2025-09-22 05:00:00,2,1,2895.0,2895.0,[2895.0],1,['241266-webtirf']
F3FWY005,2025-09-22 06:00:00,2,1,3970.0,3970.0,[3970.0],1,['241266-webtirf']
F3FWY005,2025-09-22 07:00:00,2,1,3507.0,3507.0,[3507.0],1,['241266-webtirf']
F3FWY005,2025-09-22 08:00:00,2,1,2533.0,2533.0,[2533.0],1,['241266-webtirf']
F3FWY005,2025-09-22 09:00:00,2,1,2462.0,2462.0,[2462.0],1,['241266-webtirf']
F3FWY005,2025-09-22 10:00:00,2,1,2446.0,2446.0,[2446.0],1,['241266-webtirf']
F3FWY005,2025-09-22 11:00:00,2,1,2232.0,2232.0,[2232.0],1,['241266-webtirf']
F3FWY005,2025-09-22 12:00:00,2,1,2280.0,2280.0,[2280.0],1,['241266-webtirf']
F3FWY005,2025-09-22 13:00:00,2,1,2344.0,2344.0,[2344.0],1,['241266-webtirf']
F3FWY005,2025-09-22 14:00:00,2,1,2391.0,2391.0,[2391.0],1,['241266-webtirf']
F3FWY005,2025-09-22 15:00:00,2,1,2428.0,2428.0,[2428.0],1,['241266-webtirf']
F3FWY005,2025-09-22 16:00:00,2,1,2188.0,2188.0,[2188.0],1,['241266-webtirf']
F3FWY005,2025-09-22 17:00:00,2,1,1986.0,1986.0,[1986.0],1,['241266-webtirf']
F3FWY005,2025-09-22 18:00:00,2,1,1412.0,1412.0,[1412.0],1,['241266-webtirf']
F3FWY005,2025-09-22 19:00:00,2,1,896.0,896.0,[896.0],1,['241266-webtirf']
F3FWY005,2025-09-22 20:00:00,2,1,683.0,683.0,[683.0],1,['241266-webtirf']
F3FWY005,2025-09-22 21:00:00,2,1,521.0,521.0,[521.0],1,['241266-webtirf']
F3FWY005,2025-09-22 22:00:00,2,1,325.0,325.0,[325.0],1,['241266-webtirf']
F3FWY005,2025-09-22 23:00:00,2,1,266.0,266.0,[266.0],1,['241266-webtirf']
F3FWY005,2025-09-23 00:00:00,2,1,187.0,187.0,[187.0],1,['241266-webtirf']
F3FWY005,2025-09-23 01:00:00,2,1,184.0,184.0,[184.0],1,['241266-webtirf']
F3FWY005,2025-09-23 02:00:00,2,1,224.0,224.0,[224.0],1,['241266-webtirf']
F3FWY005,2025-09-23 03:00:00,2,1,423.0,423.0,[423.0],1,['241266-webtirf']
F3FWY005,2025-09-23 04:00:00,2,1,1135.0,1135.0,[1135.0],1,['241266-webtirf']
F3FWY005,2025-09-23 05:00:00,2,1,2954.0,2954.0,[2954.0],1,['241266-webtirf']
F3FWY005,2025-09-23 06:00:00,2,1,4040.0,4040.0,[4040.0],1,['241266-webtirf']
F3FWY005,2025-09-23 07:00:00,2,1,3492.0,3492.0,[3492.0],1,['241266-webtirf']
F3FWY005,2025-09-23 08:00:00,2,1,2514.0,2514.0,[2514.0],1,['241266-webtirf']
F3FWY005,2025-09-23 09:00:00,2,1,2347.0,2347.0,[2347.0],1,['241266-webtirf']
F3FWY005,2025-09-23 10:00:00,2,1,2160.0,2160.0,[2160.0],1,['241266-webtirf']
F3FWY005,2025-09-23 11:00:00,2,1,2082.0,2082.0,[2082.0],1,['241266-webtirf']
F3FWY005,2025-09-23 12:00:00,2,1,2081.0,2081.0,[2081.0],1,['241266-webtirf']
F3FWY005,2025-09-23 13:00:00,2,1,2237.0,2237.0,[2237.0],1,['241266-webtirf']
F3FWY005,2025-09-23 14:00:00,2,1,2385.0,2385.0,[2385.0],1,['241266-webtirf']
F3FWY005,2025-09-23 15:00:00,2,1,2415.0,2415.0,[2415.0],1,['241266-webtirf']
F3FWY005,2025-09-23 16:00:00,2,1,2190.0,2190.0,[2190.0],1,['241266-webtirf']
F3FWY005,2025-09-23 17:00:00,2,1,1941.0,1941.0,[1941.0],1,['241266-webtirf']
F3FWY005,2025-09-23 18:00:00,2,1,1459.0,1459.0,[1459.0],1,['241266-webtirf']
F3FWY005,2025-09-23 19:00:00,2,1,914.0,914.0,[914.0],1,['241266-webtirf']
F3FWY005,2025-09-23 20:00:00,2,1,623.0,623.0,[623.0],1,['241266-webtirf']
F3FWY005,2025-09-23 21:00:00,2,1,472.0,472.0,[472.0],1,['241266-webtirf']
F3FWY005,2025-09-23 22:00:00,2,1,372.0,372.0,[372.0],1,['241266-webtirf']
F3FWY005,2025-09-23 23:00:00,2,1,293.0,293.0,[293.0],1,['241266-webtirf']
F3FWY005,2025-09-24 00:00:00,2,1,201.0,201.0,[201.0],1,['241266-webtirf']
F3FWY005,2025-09-24 01:00:00,2,1,179.0,179.0,[179.0],1,['241266-webtirf']
F3FWY005,2025-09-24 02:00:00,2,1,229.0,229.0,[229.0],1,['241266-webtirf']
F3FWY005,2025-09-24 03:00:00,2,1,459.0,459.0,[459.0],1,['241266-webtirf']
F3FWY005,2025-09-24 10:00:00,13,1,2224.0,2224.0,[2224.0],1,['250554-webtirf']
F3FWY005,2025-09-24 11:00:00,11,1,2052.0,2052.0,[2052.0],1,['250554-webtirf']
F3FWY005,2025-09-24 12:00:00,11,1,2110.0,2110.0,[2110.0],1,['250554-webtirf']
F3FWY005,2025-09-24 13:00:00,11,1,2379.0,2379.0,[2379.0],1,['250554-webtirf']
F3FWY005,2025-09-24 14:00:00,11,1,2494.0,2494.0,[2494.0],1,['250554-webtirf']
F3FWY005,2025-09-24 15:00:00,11,1,2534.0,2534.0,[2534.0],1,['250554-webtirf']
F3FWY005,2025-09-24 16:00:00,11,1,2418.0,2418.0,[2418.0],1,['250554-webtirf']
F3FWY005,2025-09-24 17:00:00,11,1,2077.0,2077.0,[2077.0],1,['250554-webtirf']
F3FWY005,2025-09-24 18:00:00,11,1,1348.0,1348.0,[1348.0],1,['250554-webtirf']
F3FWY005,2025-09-24 19:00:00,11,1,1108.0,1108.0,[1108.0],1,['250554-webtirf']
F3FWY005,2025-09-24 20:00:00,11,1,669.0,669.0,[669.0],1,['250554-webtirf']
F3FWY005,2025-09-24 21:00:00,11,1,563.0,563.0,[563.0],1,['250554-webtirf']
F3FWY005,2025-09-24 22:00:00,11,1,425.0,425.0,[425.0],1,['250554-webtirf']
F3FWY005,2025-09-24 23:00:00,11,1,251.0,251.0,[251.0],1,['250554-webtirf']
F3FWY005,2025-09-25 00:00:00,11,1,221.0,221.0,[221.0],1,['250554-webtirf']
F3FWY005,2025-09-25 01:00:00,11,1,203.0,203.0,[203.0],1,['250554-webtirf']
F3FWY005,2025-09-25 02:00:00,11,1,242.0,242.0,[242.0],1,['250554-webtirf']
F3FWY005,2025-09-25 03:00:00,11,1,496.0,496.0,[496.0],1,['250554-webtirf']
F3FWY005,2025-09-25 04:00:00,11,1,1138.0,1138.0,[1138.0],1,['250554-webtirf']
F3FWY005,2025-09-25 05:00:00,11,1,2908.0,2908.0,[2908.0],1,['250554-webtirf']
F3FWY005,2025-09-25 06:00:00,11,1,3827.0,3827.0,[3827.0],1,['250554-webtirf']
F3FWY005,2025-09-25 07:00:00,11,1,3331.0,3331.0,[3331.0],1,['250554-webtirf']
F3FWY005,2025-09-25 08:00:00,11,1,2541.0,2541.0,[2541.0],1,['250554-webtirf']
F3FWY005,2025-09-25 09:00:00,11,1,2385.0,2385.0,[2385.0],1,['250554-webtirf']
F3FWY005,2025-09-26 04:00:00,2,1,1106.0,1106.0,[1106.0],1,['250789-webtirf']
F3FWY005,2025-10-21 00:00:00,2,2,77.0,121.0,"[77.0, 121.0]",1,['NO_INCIDENT']
F3FWY006,2025-07-24 02:00:00,2,1,215.0,215.0,[215.0],1,['243116-webtirf']
F3FWY006,2025-10-11 05:00:00,5,1,697.0,697.0,[697.0],1,['252277-webtirf']
T0085,2025-01-15 10:00:00,3,1,282.0,282.0,[282.0],1,['220680.0-webtirf']
T0085,2025-01-16 10:00:00,3,1,225.0,225.0,[225.0],1,['220873-webtirf']
T0085,2025-03-08 09:00:00,2,1,266.0,266.0,[266.0],1,['226507-webtirf']
T0085,2025-03-27 06:00:00,2,1,285.0,285.0,[285.0],1,['228933-webtirf']
T0085,2025-08-26 04:00:00,2,1,15.0,15.0,[15.0],1,['247273-webtirf']
T0085,2025-10-21 00:00:00,2,2,1.0,11.0,"[1.0, 11.0]",1,['NO_INCIDENT']
T0231,2025-01-16 13:00:00,5,1,930.0,930.0,[930.0],1,['220876-webtirf']
T0231,2025-03-30 19:00:00,2,1,625.0,625.0,[625.0],1,['229636-webtirf']
T0231,2025-05-19 01:00:00,2,1,52.0,52.0,[52.0],1,['235119-webtirf']
T0231,2025-05-27 02:00:00,2,1,49.0,49.0,[49.0],1,['237053-webtirf']
T0231,2025-06-04 11:00:00,2,1,1093.0,1093.0,[1093.0],1,['238033-webtirf']
T0231,2025-06-13 04:00:00,3,1,263.0,263.0,[263.0],1,['238914-webtirf']
T0231,2025-06-17 09:00:00,2,1,1094.0,1094.0,[1094.0],1,['239331-webtirf']
T0231,2025-07-29 09:00:00,2,1,1181.0,1181.0,[1181.0],1,['243694-webtirf']
T0231,2025-09-07 20:00:00,2,1,613.0,613.0,[613.0],1,['248488-webtirf']
T0231,2025-09-18 05:00:00,2,1,897.0,897.0,[897.0],1,['249943-webtirf']
T0231,2025-09-25 03:00:00,6,1,99.0,99.0,[99.0],2,"['250633-webtirf', '250635-webtirf']"
T0231,2025-09-25 04:00:00,3,1,253.0,253.0,[253.0],1,['250635-webtirf']
T0231,2025-09-25 05:00:00,3,1,820.0,820.0,[820.0],1,['250635-webtirf']
T0231,2025-09-25 06:00:00,3,1,1532.0,1532.0,[1532.0],1,['250635-webtirf']
T0231,2025-09-25 07:00:00,3,1,1369.0,1369.0,[1369.0],1,['250635-webtirf']
T0231,2025-09-25 08:00:00,3,1,1118.0,1118.0,[1118.0],1,['250635-webtirf']
T0231,2025-09-25 09:00:00,3,1,1159.0,1159.0,[1159.0],1,['250635-webtirf']
T0231,2025-09-25 10:00:00,3,1,1163.0,1163.0,[1163.0],1,['250635-webtirf']
T0231,2025-09-25 11:00:00,3,1,1039.0,1039.0,[1039.0],1,['250635-webtirf']
T0231,2025-09-25 12:00:00,3,1,1067.0,1067.0,[1067.0],1,['250635-webtirf']
T0231,2025-09-25 13:00:00,3,1,1028.0,1028.0,[1028.0],1,['250635-webtirf']
T0231,2025-09-25 14:00:00,3,1,1082.0,1082.0,[1082.0],1,['250635-webtirf']
T0231,2025-09-25 15:00:00,3,1,1363.0,1363.0,[1363.0],1,['250635-webtirf']
T0231,2025-09-25 16:00:00,3,1,1550.0,1550.0,[1550.0],1,['250635-webtirf']
T0231,2025-09-25 17:00:00,3,1,1620.0,1620.0,[1620.0],1,['250635-webtirf']
T0231,2025-09-25 18:00:00,3,1,1165.0,1165.0,[1165.0],1,['250635-webtirf']
T0231,2025-09-25 19:00:00,3,1,811.0,811.0,[811.0],1,['250635-webtirf']
T0231,2025-09-25 20:00:00,3,1,643.0,643.0,[643.0],1,['250635-webtirf']
T0231,2025-09-25 21:00:00,3,1,569.0,569.0,[569.0],1,['250635-webtirf']
T0231,2025-09-25 22:00:00,3,1,470.0,470.0,[470.0],1,['250635-webtirf']
T0231,2025-09-25 23:00:00,3,1,223.0,223.0,[223.0],1,['250635-webtirf']
T0231,2025-09-26 00:00:00,3,1,124.0,124.0,[124.0],1,['250635-webtirf']
T0231,2025-09-26 01:00:00,3,1,90.0,90.0,[90.0],1,['250635-webtirf']
T0231,2025-09-26 02:00:00,3,1,94.0,94.0,[94.0],1,['250635-webtirf']
T0231,2025-10-21 00:00:00,2,2,10.0,98.0,"[10.0, 98.0]",1,['NO_INCIDENT']
T0231,2025-11-23 22:00:00,12,1,407.0,407.0,[407.0],2,"['256690-webtirf', '256690.0-webtirf']"
T0231,2025-11-23 23:00:00,6,1,195.0,195.0,[195.0],2,"['256690-webtirf', '256690.0-webtirf']"
T0231,2025-11-24 00:00:00,6,1,100.0,100.0,[100.0],2,"['256690-webtirf', '256690.0-webtirf']"
T0231,2025-11-24 01:00:00,2,1,60.0,60.0,[60.0],2,"['256690-webtirf', '256690.0-webtirf']"
T0288,2025-03-20 23:00:00,2,1,114.0,114.0,[114.0],1,['228179-webtirf']
T0288,2025-04-08 02:00:00,4,1,93.0,93.0,[93.0],1,['230679-webtirf']
T0288,2025-04-16 00:00:00,3,1,95.0,95.0,[95.0],1,['231614-webtirf']
T0288,2025-05-22 14:00:00,4,1,232.0,232.0,[232.0],1,['236193-webtirf']
T0288,2025-05-22 15:00:00,3,1,215.0,215.0,[215.0],1,['236193-webtirf']
T0288,2025-05-22 16:00:00,3,1,143.0,143.0,[143.0],1,['236193-webtirf']
T0288,2025-05-22 17:00:00,3,1,152.0,152.0,[152.0],1,['236193-webtirf']
T0288,2025-05-22 18:00:00,3,1,138.0,138.0,[138.0],1,['236193-webtirf']
T0288,2025-05-22 19:00:00,3,1,145.0,145.0,[145.0],1,['236193-webtirf']
T0288,2025-05-22 20:00:00,3,1,156.0,156.0,[156.0],1,['236193-webtirf']
T0288,2025-05-22 21:00:00,3,1,144.0,144.0,[144.0],1,['236193-webtirf']
T0288,2025-05-22 22:00:00,3,1,127.0,127.0,[127.0],1,['236193-webtirf']
T0288,2025-05-22 23:00:00,3,1,89.0,89.0,[89.0],1,['236193-webtirf']
T0288,2025-05-23 00:00:00,3,1,75.0,75.0,[75.0],1,['236193-webtirf']
T0288,2025-05-23 01:00:00,3,1,79.0,79.0,[79.0],1,['236193-webtirf']
T0288,2025-05-23 02:00:00,3,1,68.0,68.0,[68.0],1,['236193-webtirf']
T0288,2025-05-23 03:00:00,3,1,79.0,79.0,[79.0],1,['236193-webtirf']
T0288,2025-05-23 04:00:00,3,1,104.0,104.0,[104.0],1,['236193-webtirf']
T0288,2025-05-23 05:00:00,3,1,208.0,208.0,[208.0],1,['236193-webtirf']
T0288,2025-05-23 06:00:00,3,1,243.0,243.0,[243.0],1,['236193-webtirf']
T0288,2025-05-23 07:00:00,3,1,213.0,213.0,[213.0],1,['236193-webtirf']
T0288,2025-05-23 08:00:00,3,1,207.0,207.0,[207.0],1,['236193-webtirf']
T0288,2025-05-23 09:00:00,3,1,246.0,246.0,[246.0],1,['236193-webtirf']
T0288,2025-05-23 10:00:00,3,1,210.0,210.0,[210.0],1,['236193-webtirf']
T0288,2025-05-23 11:00:00,3,1,196.0,196.0,[196.0],1,['236193-webtirf']
T0288,2025-05-23 12:00:00,3,1,206.0,206.0,[206.0],1,['236193-webtirf']
T0288,2025-05-23 13:00:00,3,1,175.0,175.0,[175.0],1,['236193-webtirf']
T0289,2025-04-08 02:00:00,4,1,93.0,93.0,[93.0],1,['230679-webtirf']
T0289,2025-04-16 00:00:00,3,1,95.0,95.0,[95.0],1,['231614-webtirf']
T0289,2025-05-22 14:00:00,4,1,232.0,232.0,[232.0],1,['236193-webtirf']
T0289,2025-05-22 15:00:00,3,1,216.0,216.0,[216.0],1,['236193-webtirf']
T0289,2025-05-22 16:00:00,3,1,145.0,145.0,[145.0],1,['236193-webtirf']
T0289,2025-05-22 17:00:00,3,1,150.0,150.0,[150.0],1,['236193-webtirf']
T0289,2025-05-22 18:00:00,3,1,135.0,135.0,[135.0],1,['236193-webtirf']
T0289,2025-05-22 19:00:00,3,1,151.0,151.0,[151.0],1,['236193-webtirf']
T0289,2025-05-22 20:00:00,3,1,153.0,153.0,[153.0],1,['236193-webtirf']
T0289,2025-05-22 21:00:00,3,1,146.0,146.0,[146.0],1,['236193-webtirf']
T0289,2025-05-22 22:00:00,3,1,126.0,126.0,[126.0],1,['236193-webtirf']
T0289,2025-05-22 23:00:00,3,1,87.0,87.0,[87.0],1,['236193-webtirf']
T0289,2025-05-23 00:00:00,3,1,76.0,76.0,[76.0],1,['236193-webtirf']
T0289,2025-05-23 01:00:00,3,1,75.0,75.0,[75.0],1,['236193-webtirf']
T0289,2025-05-23 02:00:00,3,1,68.0,68.0,[68.0],1,['236193-webtirf']
T0289,2025-05-23 03:00:00,3,1,80.0,80.0,[80.0],1,['236193-webtirf']
T0289,2025-05-23 04:00:00,3,1,104.0,104.0,[104.0],1,['236193-webtirf']
T0289,2025-05-23 05:00:00,3,1,209.0,209.0,[209.0],1,['236193-webtirf']
T0289,2025-05-23 06:00:00,3,1,245.0,245.0,[245.0],1,['236193-webtirf']
T0289,2025-05-23 07:00:00,3,1,219.0,219.0,[219.0],1,['236193-webtirf']
T0289,2025-05-23 08:00:00,3,1,207.0,207.0,[207.0],1,['236193-webtirf']
T0289,2025-05-23 09:00:00,3,1,246.0,246.0,[246.0],1,['236193-webtirf']
T0289,2025-05-23 10:00:00,3,1,209.0,209.0,[209.0],1,['236193-webtirf']
T0289,2025-05-23 11:00:00,3,1,197.0,197.0,[197.0],1,['236193-webtirf']
T0289,2025-05-23 12:00:00,3,1,205.0,205.0,[205.0],1,['236193-webtirf']
T0289,2025-05-23 13:00:00,3,1,174.0,174.0,[174.0],1,['236193-webtirf']
T0290,2025-04-08 02:00:00,4,1,93.0,93.0,[93.0],1,['230679-webtirf']
T0290,2025-04-16 00:00:00,3,1,95.0,95.0,[95.0],1,['231614-webtirf']
T0290,2025-05-22 14:00:00,4,1,232.0,232.0,[232.0],1,['236193-webtirf']
T0290,2025-05-22 15:00:00,3,1,213.0,213.0,[213.0],1,['236193-webtirf']
T0290,2025-05-22 16:00:00,3,1,142.0,142.0,[142.0],1,['236193-webtirf']
T0290,2025-05-22 17:00:00,3,1,140.0,140.0,[140.0],1,['236193-webtirf']
T0290,2025-05-22 18:00:00,3,1,131.0,131.0,[131.0],1,['236193-webtirf']
T0290,2025-05-22 19:00:00,3,1,148.0,148.0,[148.0],1,['236193-webtirf']
T0290,2025-05-22 20:00:00,3,1,146.0,146.0,[146.0],1,['236193-webtirf']
T0290,2025-05-22 21:00:00,3,1,139.0,139.0,[139.0],1,['236193-webtirf']
T0290,2025-05-22 22:00:00,3,1,123.0,123.0,[123.0],1,['236193-webtirf']
T0290,2025-05-22 23:00:00,3,1,89.0,89.0,[89.0],1,['236193-webtirf']
T0290,2025-05-23 00:00:00,3,1,75.0,75.0,[75.0],1,['236193-webtirf']
T0290,2025-05-23 01:00:00,3,1,74.0,74.0,[74.0],1,['236193-webtirf']
T0290,2025-05-23 02:00:00,3,1,69.0,69.0,[69.0],1,['236193-webtirf']
T0290,2025-05-23 03:00:00,3,1,78.0,78.0,[78.0],1,['236193-webtirf']
T0290,2025-05-23 04:00:00,3,1,102.0,102.0,[102.0],1,['236193-webtirf']
T0290,2025-05-23 05:00:00,3,1,210.0,210.0,[210.0],1,['236193-webtirf']
T0290,2025-05-23 06:00:00,3,1,245.0,245.0,[245.0],1,['236193-webtirf']
T0290,2025-05-23 07:00:00,3,1,212.0,212.0,[212.0],1,['236193-webtirf']
T0290,2025-05-23 08:00:00,3,1,207.0,207.0,[207.0],1,['236193-webtirf']
T0290,2025-05-23 09:00:00,3,1,246.0,246.0,[246.0],1,['236193-webtirf']
T0290,2025-05-23 10:00:00,3,1,209.0,209.0,[209.0],1,['236193-webtirf']
T0290,2025-05-23 11:00:00,3,1,197.0,197.0,[197.0],1,['236193-webtirf']
T0290,2025-05-23 12:00:00,3,1,205.0,205.0,[205.0],1,['236193-webtirf']
T0290,2025-05-23 13:00:00,3,1,174.0,174.0,[174.0],1,['236193-webtirf']
T0290,2025-07-08 21:00:00,2,1,166.0,166.0,[166.0],1,['241643-webtirf']
T0290,2025-07-22 00:00:00,2,1,78.0,78.0,[78.0],1,['242906-webtirf']
T0290,2025-07-29 01:00:00,13,1,82.0,82.0,[82.0],1,['243642-webtirf']
T0290,2025-07-29 02:00:00,11,1,77.0,77.0,[77.0],1,['243642-webtirf']
T0290,2025-07-29 03:00:00,11,1,102.0,102.0,[102.0],1,['243642-webtirf']
T0290,2025-07-29 04:00:00,11,1,173.0,173.0,[173.0],1,['243642-webtirf']
T0290,2025-07-29 05:00:00,11,1,338.0,338.0,[338.0],1,['243642-webtirf']
T0290,2025-07-29 06:00:00,11,1,350.0,350.0,[350.0],1,['243642-webtirf']
T0290,2025-07-29 07:00:00,11,1,291.0,291.0,[291.0],1,['243642-webtirf']
T0290,2025-07-29 08:00:00,11,1,266.0,266.0,[266.0],1,['243642-webtirf']
T0290,2025-07-29 09:00:00,11,1,275.0,275.0,[275.0],1,['243642-webtirf']
T0290,2025-07-29 10:00:00,11,1,363.0,363.0,[363.0],1,['243642-webtirf']
T0290,2025-07-29 11:00:00,11,1,334.0,334.0,[334.0],1,['243642-webtirf']
T0290,2025-07-29 12:00:00,11,1,332.0,332.0,[332.0],1,['243642-webtirf']
T0290,2025-07-29 13:00:00,11,1,288.0,288.0,[288.0],1,['243642-webtirf']
T0290,2025-07-29 14:00:00,11,1,261.0,261.0,[261.0],1,['243642-webtirf']
T0290,2025-07-29 15:00:00,11,1,249.0,249.0,[249.0],1,['243642-webtirf']
T0290,2025-07-29 16:00:00,11,1,183.0,183.0,[183.0],1,['243642-webtirf']
T0290,2025-07-29 17:00:00,11,1,171.0,171.0,[171.0],1,['243642-webtirf']
T0290,2025-07-29 18:00:00,11,1,157.0,157.0,[157.0],1,['243642-webtirf']
T0290,2025-07-29 19:00:00,11,1,175.0,175.0,[175.0],1,['243642-webtirf']
T0290,2025-07-29 20:00:00,11,1,154.0,154.0,[154.0],1,['243642-webtirf']
T0290,2025-07-29 21:00:00,11,1,146.0,146.0,[146.0],1,['243642-webtirf']
T0290,2025-07-29 22:00:00,11,1,123.0,123.0,[123.0],1,['243642-webtirf']
T0290,2025-07-29 23:00:00,11,1,110.0,110.0,[110.0],1,['243642-webtirf']
T0290,2025-07-30 00:00:00,11,1,72.0,72.0,[72.0],1,['243642-webtirf']
T0290,2025-11-04 01:00:00,2,1,89.0,89.0,[89.0],1,['254695-webtirf']
T0290,2025-11-15 13:00:00,4,1,66.0,66.0,[66.0],1,['255833-webtirf']
T0290,2025-11-18 04:00:00,2,1,184.0,184.0,[184.0],1,['256079-webtirf']
T0290,2025-11-28 00:00:00,4,1,104.0,104.0,[104.0],1,['257371-webtirf']
T0337,2025-03-19 08:00:00,3,1,401.0,401.0,[401.0],1,['227982-webtirf']
T0337,2025-03-19 09:00:00,2,1,323.0,323.0,[323.0],1,['227982-webtirf']
T0337,2025-03-19 10:00:00,2,1,238.0,238.0,[238.0],1,['227982-webtirf']
T0337,2025-03-19 11:00:00,2,1,254.0,254.0,[254.0],1,['227982-webtirf']
T0337,2025-03-19 12:00:00,2,1,275.0,275.0,[275.0],1,['227982-webtirf']
T0337,2025-03-19 13:00:00,2,1,258.0,258.0,[258.0],1,['227982-webtirf']
T0337,2025-03-19 14:00:00,2,1,316.0,316.0,[316.0],1,['227982-webtirf']
T0337,2025-03-19 15:00:00,2,1,472.0,472.0,[472.0],1,['227982-webtirf']
T0337,2025-03-19 16:00:00,2,1,525.0,525.0,[525.0],1,['227982-webtirf']
T0337,2025-03-19 17:00:00,2,1,490.0,490.0,[490.0],1,['227982-webtirf']
T0337,2025-03-19 18:00:00,2,1,281.0,281.0,[281.0],1,['227982-webtirf']
T0337,2025-03-19 19:00:00,2,1,167.0,167.0,[167.0],1,['227982-webtirf']
T0337,2025-03-19 20:00:00,2,1,105.0,105.0,[105.0],1,['227982-webtirf']
T0337,2025-03-19 21:00:00,2,1,73.0,73.0,[73.0],1,['227982-webtirf']
T0337,2025-03-19 22:00:00,2,1,29.0,29.0,[29.0],1,['227982-webtirf']
T0337,2025-03-19 23:00:00,2,1,12.0,12.0,[12.0],1,['227982-webtirf']
T0337,2025-03-20 00:00:00,2,1,8.0,8.0,[8.0],1,['227982-webtirf']
T0337,2025-03-20 01:00:00,2,1,6.0,6.0,[6.0],1,['227982-webtirf']
T0337,2025-03-20 02:00:00,2,1,8.0,8.0,[8.0],1,['227982-webtirf']
T0337,2025-03-20 03:00:00,2,1,5.0,5.0,[5.0],1,['227982-webtirf']
T0337,2025-03-20 04:00:00,2,1,19.0,19.0,[19.0],1,['227982-webtirf']
T0337,2025-03-20 05:00:00,2,1,85.0,85.0,[85.0],1,['227982-webtirf']
T0337,2025-03-20 06:00:00,2,1,310.0,310.0,[310.0],1,['227982-webtirf']
T0337,2025-03-20 07:00:00,2,1,535.0,535.0,[535.0],1,['227982-webtirf']
T0337,2025-04-03 00:00:00,2,1,6.0,6.0,[6.0],1,['230159-webtirf']
T0337,2025-05-07 23:00:00,5,1,18.0,18.0,[18.0],1,['233907-webtirf']
T0337,2025-05-08 00:00:00,5,1,3.0,3.0,[3.0],1,['233907-webtirf']
T0337,2025-05-08 01:00:00,5,1,7.0,7.0,[7.0],1,['233907-webtirf']
T0337,2025-05-08 02:00:00,5,1,4.0,4.0,[4.0],1,['233907-webtirf']
T0337,2025-05-08 03:00:00,5,1,5.0,5.0,[5.0],1,['233907-webtirf']
T0337,2025-05-08 04:00:00,5,1,22.0,22.0,[22.0],1,['233907-webtirf']
T0337,2025-05-08 05:00:00,5,1,76.0,76.0,[76.0],1,['233907-webtirf']
T0337,2025-05-08 06:00:00,5,1,298.0,298.0,[298.0],1,['233907-webtirf']
T0337,2025-05-08 07:00:00,5,1,481.0,481.0,[481.0],1,['233907-webtirf']
T0337,2025-05-08 08:00:00,5,1,430.0,430.0,[430.0],1,['233907-webtirf']
T0337,2025-05-08 09:00:00,5,1,299.0,299.0,[299.0],1,['233907-webtirf']
T0337,2025-05-08 10:00:00,5,1,253.0,253.0,[253.0],1,['233907-webtirf']
T0337,2025-05-08 11:00:00,5,1,235.0,235.0,[235.0],1,['233907-webtirf']
T0337,2025-05-08 12:00:00,5,1,243.0,243.0,[243.0],1,['233907-webtirf']
T0337,2025-05-08 13:00:00,5,1,276.0,276.0,[276.0],1,['233907-webtirf']
T0337,2025-05-08 14:00:00,5,1,344.0,344.0,[344.0],1,['233907-webtirf']
T0337,2025-05-08 15:00:00,5,1,428.0,428.0,[428.0],1,['233907-webtirf']
T0337,2025-05-08 16:00:00,5,1,521.0,521.0,[521.0],1,['233907-webtirf']
T0337,2025-05-08 17:00:00,5,1,470.0,470.0,[470.0],1,['233907-webtirf']
T0337,2025-05-08 18:00:00,5,1,303.0,303.0,[303.0],1,['233907-webtirf']
T0337,2025-05-08 19:00:00,5,1,130.0,130.0,[130.0],1,['233907-webtirf']
T0337,2025-05-08 20:00:00,5,1,99.0,99.0,[99.0],1,['233907-webtirf']
T0337,2025-05-08 21:00:00,5,1,67.0,67.0,[67.0],1,['233907-webtirf']
T0337,2025-05-08 22:00:00,5,1,47.0,47.0,[47.0],1,['233907-webtirf']
T0337,2025-05-14 19:00:00,2,1,130.0,130.0,[130.0],1,['234592-webtirf']
T0337,2025-07-03 03:00:00,2,1,7.0,7.0,[7.0],1,['241167-webtirf']
T0337,2025-09-01 05:00:00,2,1,95.0,95.0,[95.0],1,['247884-webtirf']
T0337,2025-10-21 00:00:00,2,2,1.0,6.0,"[1.0, 6.0]",1,['NO_INCIDENT']
T0342,2025-03-27 23:00:00,3,1,18.0,18.0,[18.0],1,['229110.0-webtirf']
T0342,2025-09-10 01:00:00,5,1,7.0,7.0,[7.0],1,['248887-webtirf']
T0342,2025-09-10 02:00:00,4,1,3.0,3.0,[3.0],1,['248887-webtirf']
T0342,2025-09-10 03:00:00,4,1,4.0,4.0,[4.0],1,['248887-webtirf']
T0342,2025-09-10 04:00:00,4,1,13.0,13.0,[13.0],1,['248887-webtirf']
T0342,2025-09-10 05:00:00,4,1,73.0,73.0,[73.0],1,['248887-webtirf']
T0342,2025-09-10 06:00:00,4,1,275.0,275.0,[275.0],1,['248887-webtirf']
T0342,2025-09-10 07:00:00,4,1,453.0,453.0,[453.0],1,['248887-webtirf']
T0342,2025-09-10 08:00:00,4,1,411.0,411.0,[411.0],1,['248887-webtirf']
T0342,2025-09-10 09:00:00,4,1,251.0,251.0,[251.0],1,['248887-webtirf']
T0342,2025-09-10 10:00:00,4,1,216.0,216.0,[216.0],1,['248887-webtirf']
T0342,2025-09-10 11:00:00,4,1,217.0,217.0,[217.0],1,['248887-webtirf']
T0342,2025-09-10 12:00:00,4,1,186.0,186.0,[186.0],1,['248887-webtirf']
T0342,2025-09-10 13:00:00,4,1,195.0,195.0,[195.0],1,['248887-webtirf']
T0342,2025-09-10 14:00:00,4,1,285.0,285.0,[285.0],1,['248887-webtirf']
T0342,2025-09-10 15:00:00,4,1,380.0,380.0,[380.0],1,['248887-webtirf']
T0342,2025-09-10 16:00:00,4,1,491.0,491.0,[491.0],1,['248887-webtirf']
T0342,2025-09-10 17:00:00,4,1,397.0,397.0,[397.0],1,['248887-webtirf']
T0342,2025-09-10 18:00:00,4,1,195.0,195.0,[195.0],1,['248887-webtirf']
T0342,2025-09-10 19:00:00,4,1,90.0,90.0,[90.0],1,['248887-webtirf']
T0342,2025-09-10 20:00:00,4,1,65.0,65.0,[65.0],1,['248887-webtirf']
T0342,2025-09-10 21:00:00,4,1,47.0,47.0,[47.0],1,['248887-webtirf']
T0342,2025-09-10 22:00:00,4,1,24.0,24.0,[24.0],1,['248887-webtirf']
T0342,2025-09-10 23:00:00,4,1,9.0,9.0,[9.0],1,['248887-webtirf']
T0342,2025-09-11 00:00:00,4,1,8.0,8.0,[8.0],1,['248887-webtirf']
T0342,2025-09-26 02:00:00,2,1,6.0,6.0,[6.0],1,['250764-webtirf']
T0342,2025-10-15 08:00:00,6,1,433.0,433.0,[433.0],2,"['252680-webtirf', '252680.0-webtirf']"
T0342,2025-10-21 00:00:00,2,2,1.0,16.0,"[1.0, 16.0]",1,['NO_INCIDENT']
T0345,2025-06-17 04:00:00,4,1,69.0,69.0,[69.0],1,['239295-webtirf']
T0345,2025-07-30 04:00:00,3,1,75.0,75.0,[75.0],1,['243770.0-webtirf']
T0345,2025-09-06 22:00:00,2,1,299.0,299.0,[299.0],1,['248411-webtirf']
T0345,2025-10-21 00:00:00,2,2,18.0,29.0,"[18.0, 29.0]",1,['NO_INCIDENT']
T0345,2025-12-17 04:00:00,2,1,64.0,64.0,[64.0],1,['259488-webtirf']
T0479-PR,2025-03-20 23:00:00,2,1,145.0,145.0,[145.0],1,['228179-webtirf']
T0479-PR,2025-04-08 02:00:00,4,1,206.0,206.0,[206.0],1,['230679-webtirf']
T0479-PR,2025-04-11 06:00:00,3,1,4632.0,4632.0,[4632.0],1,['231158-webtirf']
T0479-PR,2025-04-16 00:00:00,3,1,258.0,258.0,[258.0],1,['231614-webtirf']
T0479-PR,2025-05-22 14:00:00,4,1,4212.0,4212.0,[4212.0],1,['236193-webtirf']
T0479-PR,2025-05-22 15:00:00,3,1,4667.0,4667.0,[4667.0],1,['236193-webtirf']
T0479-PR,2025-05-22 16:00:00,3,1,4842.0,4842.0,[4842.0],1,['236193-webtirf']
T0479-PR,2025-05-22 17:00:00,3,1,3640.0,3640.0,[3640.0],1,['236193-webtirf']
T0479-PR,2025-05-22 18:00:00,3,1,2791.0,2791.0,[2791.0],1,['236193-webtirf']
T0479-PR,2025-05-22 19:00:00,3,1,1669.0,1669.0,[1669.0],1,['236193-webtirf']
T0479-PR,2025-05-22 20:00:00,3,1,1132.0,1132.0,[1132.0],1,['236193-webtirf']
T0479-PR,2025-05-22 21:00:00,3,1,882.0,882.0,[882.0],1,['236193-webtirf']
T0479-PR,2025-05-22 22:00:00,3,1,710.0,710.0,[710.0],1,['236193-webtirf']
T0479-PR,2025-05-22 23:00:00,3,1,495.0,495.0,[495.0],1,['236193-webtirf']
T0479-PR,2025-05-23 00:00:00,3,1,263.0,263.0,[263.0],1,['236193-webtirf']
T0479-PR,2025-05-23 01:00:00,3,1,167.0,167.0,[167.0],1,['236193-webtirf']
T0479-PR,2025-05-23 02:00:00,3,1,165.0,165.0,[165.0],1,['236193-webtirf']
T0479-PR,2025-05-23 03:00:00,3,1,253.0,253.0,[253.0],1,['236193-webtirf']
T0479-PR,2025-05-23 04:00:00,3,1,710.0,710.0,[710.0],1,['236193-webtirf']
T0479-PR,2025-05-23 05:00:00,3,1,1587.0,1587.0,[1587.0],1,['236193-webtirf']
T0479-PR,2025-05-23 06:00:00,3,1,2236.0,2236.0,[2236.0],1,['236193-webtirf']
T0479-PR,2025-05-23 07:00:00,3,1,2236.0,2236.0,[2236.0],1,['236193-webtirf']
T0479-PR,2025-05-23 08:00:00,3,1,2069.0,2069.0,[2069.0],1,['236193-webtirf']
T0479-PR,2025-05-23 09:00:00,3,1,2240.0,2240.0,[2240.0],1,['236193-webtirf']
T0479-PR,2025-05-23 10:00:00,3,1,2475.0,2475.0,[2475.0],1,['236193-webtirf']
T0479-PR,2025-05-23 11:00:00,3,1,2721.0,2721.0,[2721.0],1,['236193-webtirf']
T0479-PR,2025-05-23 12:00:00,3,1,2765.0,2765.0,[2765.0],1,['236193-webtirf']
T0479-PR,2025-05-23 13:00:00,3,1,3017.0,3017.0,[3017.0],1,['236193-webtirf']
T0479-PR,2025-06-09 19:00:00,2,1,3255.0,3255.0,[3255.0],1,['238492-webtirf']
T0479-PR,2025-06-19 03:00:00,3,1,259.0,259.0,[259.0],1,['239509-webtirf']
T0479-PR,2025-06-20 03:00:00,3,1,297.0,297.0,[297.0],1,['239630.0-webtirf']
T0479-PR,2025-07-08 21:00:00,2,1,1035.0,1035.0,[1035.0],1,['241643-webtirf']
T0479-PR,2025-07-22 00:00:00,2,1,196.0,196.0,[196.0],1,['242906-webtirf']
T0479-PR,2025-07-29 01:00:00,13,1,181.0,181.0,[181.0],1,['243642-webtirf']
T0479-PR,2025-07-29 02:00:00,11,1,187.0,187.0,[187.0],1,['243642-webtirf']
T0479-PR,2025-07-29 03:00:00,11,1,329.0,329.0,[329.0],1,['243642-webtirf']
T0479-PR,2025-07-29 04:00:00,11,1,1058.0,1058.0,[1058.0],1,['243642-webtirf']
T0479-PR,2025-07-29 05:00:00,11,1,3442.0,3442.0,[3442.0],1,['243642-webtirf']
T0479-PR,2025-07-29 06:00:00,11,1,5564.0,5564.0,[5564.0],1,['243642-webtirf']
T0479-PR,2025-07-29 07:00:00,11,1,5451.0,5451.0,[5451.0],1,['243642-webtirf']
T0479-PR,2025-07-29 08:00:00,11,1,4205.0,4205.0,[4205.0],1,['243642-webtirf']
T0479-PR,2025-07-29 09:00:00,11,1,3775.0,3775.0,[3775.0],1,['243642-webtirf']
T0479-PR,2025-07-29 10:00:00,11,1,3878.0,3878.0,[3878.0],1,['243642-webtirf']
T0479-PR,2025-07-29 11:00:00,11,1,3500.0,3500.0,[3500.0],1,['243642-webtirf']
T0479-PR,2025-07-29 12:00:00,11,1,3467.0,3467.0,[3467.0],1,['243642-webtirf']
T0479-PR,2025-07-29 13:00:00,11,1,3818.0,3818.0,[3818.0],1,['243642-webtirf']
T0479-PR,2025-07-29 14:00:00,11,1,4378.0,4378.0,[4378.0],1,['243642-webtirf']
T0479-PR,2025-07-29 15:00:00,11,1,5367.0,5367.0,[5367.0],1,['243642-webtirf']
T0479-PR,2025-07-29 16:00:00,11,1,5844.0,5844.0,[5844.0],1,['243642-webtirf']
T0479-PR,2025-07-29 17:00:00,11,1,5127.0,5127.0,[5127.0],1,['243642-webtirf']
T0479-PR,2025-07-29 18:00:00,11,1,3533.0,3533.0,[3533.0],1,['243642-webtirf']
T0479-PR,2025-07-29 19:00:00,11,1,1991.0,1991.0,[1991.0],1,['243642-webtirf']
T0479-PR,2025-07-29 20:00:00,11,1,1260.0,1260.0,[1260.0],1,['243642-webtirf']
T0479-PR,2025-07-29 21:00:00,11,1,938.0,938.0,[938.0],1,['243642-webtirf']
T0479-PR,2025-07-29 22:00:00,11,1,680.0,680.0,[680.0],1,['243642-webtirf']
T0479-PR,2025-07-29 23:00:00,11,1,446.0,446.0,[446.0],1,['243642-webtirf']
T0479-PR,2025-07-30 00:00:00,11,1,230.0,230.0,[230.0],1,['243642-webtirf']
T0479-PR,2025-10-10 19:00:00,7,1,3983.0,3983.0,[3983.0],1,['252238-webtirf']
T0479-PR,2025-10-14 12:00:00,12,1,3686.0,3686.0,[3686.0],1,['252576-webtirf']
T0479-PR,2025-10-14 13:00:00,10,1,3833.0,3833.0,[3833.0],1,['252576-webtirf']
T0479-PR,2025-10-14 14:00:00,7,1,4499.0,4499.0,[4499.0],1,['252576-webtirf']
T0479-PR,2025-10-14 15:00:00,6,1,5131.0,5131.0,[5131.0],1,['252576-webtirf']
T0479-PR,2025-10-14 16:00:00,6,1,5892.0,5892.0,[5892.0],1,['252576-webtirf']
T0479-PR,2025-10-14 17:00:00,5,1,5476.0,5476.0,[5476.0],1,['252576-webtirf']
T0479-PR,2025-10-14 18:00:00,4,1,4074.0,4074.0,[4074.0],1,['252576-webtirf']
T0479-PR,2025-10-14 19:00:00,4,1,2489.0,2489.0,[2489.0],1,['252576-webtirf']
T0479-PR,2025-10-14 20:00:00,4,1,1522.0,1522.0,[1522.0],1,['252576-webtirf']
T0479-PR,2025-10-14 21:00:00,4,1,1154.0,1154.0,[1154.0],1,['252576-webtirf']
T0479-PR,2025-10-14 22:00:00,2,1,754.0,754.0,[754.0],1,['252576-webtirf']
T0479-PR,2025-10-14 23:00:00,2,1,717.0,717.0,[717.0],1,['252576-webtirf']
T0479-PR,2025-10-15 00:00:00,2,1,778.0,778.0,[778.0],1,['252576-webtirf']
T0479-PR,2025-10-15 01:00:00,2,1,235.0,235.0,[235.0],1,['252576-webtirf']
T0479-PR,2025-10-15 02:00:00,2,1,186.0,186.0,[186.0],1,['252576-webtirf']
T0479-PR,2025-10-15 03:00:00,2,1,312.0,312.0,[312.0],1,['252576-webtirf']
T0479-PR,2025-10-15 04:00:00,2,1,682.0,682.0,[682.0],1,['252576-webtirf']
T0479-PR,2025-10-15 05:00:00,2,1,1613.0,1613.0,[1613.0],1,['252576-webtirf']
T0479-PR,2025-10-15 06:00:00,2,1,4541.0,4541.0,[4541.0],1,['252576-webtirf']
T0479-PR,2025-10-15 07:00:00,2,1,4110.0,4110.0,[4110.0],1,['252576-webtirf']
T0479-PR,2025-10-15 08:00:00,2,1,4191.0,4191.0,[4191.0],1,['252576-webtirf']
T0479-PR,2025-10-15 09:00:00,2,1,3598.0,3598.0,[3598.0],1,['252576-webtirf']
T0479-PR,2025-10-15 10:00:00,2,1,3686.0,3686.0,[3686.0],1,['252576-webtirf']
T0479-PR,2025-10-15 11:00:00,2,1,3864.0,3864.0,[3864.0],1,['252576-webtirf']
T0479-PR,2025-10-15 12:00:00,2,1,3777.0,3777.0,[3777.0],1,['252576-webtirf']
T0479-PR,2025-10-15 13:00:00,2,1,3907.0,3907.0,[3907.0],1,['252576-webtirf']
T0479-PR,2025-10-15 14:00:00,2,1,4286.0,4286.0,[4286.0],1,['252576-webtirf']
T0479-PR,2025-10-15 15:00:00,2,1,5134.0,5134.0,[5134.0],1,['252576-webtirf']
T0479-PR,2025-10-15 16:00:00,2,1,5650.0,5650.0,[5650.0],1,['252576-webtirf']
T0479-PR,2025-10-15 17:00:00,2,1,5236.0,5236.0,[5236.0],1,['252576-webtirf']
T0479-PR,2025-10-15 18:00:00,2,1,3843.0,3843.0,[3843.0],1,['252576-webtirf']
T0479-PR,2025-10-15 19:00:00,2,1,2260.0,2260.0,[2260.0],1,['252576-webtirf']
T0479-PR,2025-10-15 20:00:00,2,1,1369.0,1369.0,[1369.0],1,['252576-webtirf']
T0479-PR,2025-10-15 21:00:00,2,1,974.0,974.0,[974.0],1,['252576-webtirf']
T0479-PR,2025-10-21 00:00:00,2,2,77.0,215.0,"[77.0, 215.0]",1,['NO_INCIDENT']
T0479-PR,2025-10-24 18:00:00,4,1,5160.0,5160.0,[5160.0],1,['253709-webtirf']
T0479-PR,2025-10-24 19:00:00,2,1,3456.0,3456.0,[3456.0],1,['253709-webtirf']
T0479-PR,2025-10-24 20:00:00,2,1,2254.0,2254.0,[2254.0],1,['253709-webtirf']
T0479-PR,2025-11-04 01:00:00,2,1,180.0,180.0,[180.0],1,['254695-webtirf']
T0479-PR,2025-11-15 13:00:00,4,1,6513.0,6513.0,[6513.0],1,['255833-webtirf']
T0479-PR,2025-11-18 04:00:00,2,1,1125.0,1125.0,[1125.0],1,['256079-webtirf']
T0479-PR,2025-11-28 00:00:00,4,1,450.0,450.0,[450.0],1,['257371-webtirf']
T0479-PR,2025-12-04 06:00:00,3,1,5561.0,5561.0,[5561.0],1,['258119-webtirf']
