event_sample_id,station_id,anchor_time,window_start,window_end,target_class,split_group_id,sample_type,flow_t_minus_3,flow_t_minus_2,flow_t_minus_1,flow_t0,flow_t_plus_1,flow_t_plus_2,flow_t_plus_3
INCIDENT__240340.0-webtirf__100001,100001,2025-06-27 00:00:00,2025-06-26 21:00:00,2025-06-27 03:00:00,ACCIDENT,GROUP__100001__0001,INCIDENT,646.0,471.0,288.0,178.0,123.0,86.0,152.0
INCIDENT__247639-webtirf__100001,100001,2025-08-29 05:00:00,2025-08-29 02:00:00,2025-08-29 08:00:00,ACCIDENT,GROUP__100001__0002,INCIDENT,93.0,117.0,226.0,481.0,875.0,1063.0,1164.0
INCIDENT__250888-webtirf__100001,100001,2025-09-27 13:00:00,2025-09-27 10:00:00,2025-09-27 16:00:00,ACCIDENT,GROUP__100001__0003,INCIDENT,118.0,88.0,117.0,108.0,81.0,86.0,76.0
INCIDENT__219957-webtirf__10011,10011,2025-01-08 19:00:00,2025-01-08 16:00:00,2025-01-08 22:00:00,ACCIDENT,GROUP__10011__0001,INCIDENT,1576.0,1732.0,1482.0,871.0,729.0,749.0,521.0
INCIDENT__221139-webtirf__10011,10011,2025-01-17 21:00:00,2025-01-17 18:00:00,2025-01-18 00:00:00,OTHER_DISRUPTION,GROUP__10011__0002,INCIDENT,98.0,41.0,37.0,30.0,21.0,12.0,11.0
INCIDENT__221259-webtirf__10011,10011,2025-01-18 23:00:00,2025-01-18 20:00:00,2025-01-19 02:00:00,ACCIDENT,GROUP__10011__0003,INCIDENT,49.0,26.0,25.0,22.0,910.0,598.0,438.0
INCIDENT__222066-webtirf__10011,10011,2025-01-28 05:00:00,2025-01-28 02:00:00,2025-01-28 08:00:00,OTHER_DISRUPTION,GROUP__10011__0004,INCIDENT,0.0,0.0,0.0,0.0,0.0,0.0,0.0
INCIDENT__223065-webtirf__10011,10011,2025-02-06 20:00:00,2025-02-06 17:00:00,2025-02-06 23:00:00,ACCIDENT,GROUP__10011__0005,INCIDENT,0.0,0.0,0.0,0.0,0.0,0.0,0.0
INCIDENT__223348-webtirf__10011,10011,2025-02-09 21:00:00,2025-02-09 18:00:00,2025-02-10 00:00:00,OTHER_DISRUPTION,GROUP__10011__0006,INCIDENT,0.0,0.0,0.0,0.0,0.0,0.0,0.0
INCIDENT__225542-webtirf__10011,10011,2025-03-03 19:00:00,2025-03-03 16:00:00,2025-03-03 22:00:00,OTHER_DISRUPTION,GROUP__10011__0007,INCIDENT,0.0,15.0,12.0,11.0,4.0,6.0,5.0
INCIDENT__227604-webtirf__10011,10011,2025-03-16 00:00:00,2025-03-15 21:00:00,2025-03-16 03:00:00,OTHER_DISRUPTION,GROUP__10011__0008,INCIDENT,0.0,0.0,0.0,0.0,0.0,0.0,0.0
INCIDENT__227875-webtirf__10011,10011,2025-03-18 12:00:00,2025-03-18 09:00:00,2025-03-18 15:00:00,OTHER_DISRUPTION,GROUP__10011__0009,INCIDENT,277.0,307.0,355.0,313.0,345.0,350.0,435.0
INCIDENT__227942-webtirf__10011,10011,2025-03-19 02:00:00,2025-03-18 23:00:00,2025-03-19 05:00:00,OTHER_DISRUPTION,GROUP__10011__0010,INCIDENT,0.0,24.0,18.0,12.0,15.0,17.0,127.0
INCIDENT__229247-webtirf__10011,10011,2025-03-28 07:00:00,2025-03-28 04:00:00,2025-03-28 10:00:00,OTHER_DISRUPTION,GROUP__10011__0011,INCIDENT,25.0,95.0,356.0,313.0,242.0,289.0,247.0
INCIDENT__229624-webtirf__10011,10011,2025-03-30 16:00:00,2025-03-30 13:00:00,2025-03-30 19:00:00,OTHER_DISRUPTION,GROUP__10011__0012,INCIDENT,0.0,0.0,0.0,0.0,0.0,0.0,0.0
INCIDENT__230250.0-webtirf__10011,10011,2025-04-03 08:00:00,2025-04-03 05:00:00,2025-04-03 11:00:00,ACCIDENT,GROUP__10011__0013,INCIDENT,0.0,0.0,0.0,0.0,0.0,0.0,0.0
INCIDENT__230436-webtirf__10011,10011,2025-04-05 01:00:00,2025-04-04 22:00:00,2025-04-05 04:00:00,OTHER_DISRUPTION,GROUP__10011__0014,INCIDENT,0.0,0.0,0.0,0.0,0.0,0.0,0.0
INCIDENT__230746-webtirf__10011,10011,2025-04-08 12:00:00,2025-04-08 09:00:00,2025-04-08 15:00:00,OTHER_DISRUPTION,GROUP__10011__0015,INCIDENT,0.0,0.0,0.0,0.0,0.0,0.0,0.0
INCIDENT__231592-webtirf__10011,10011,2025-04-15 22:00:00,2025-04-15 19:00:00,2025-04-16 01:00:00,OTHER_DISRUPTION,GROUP__10011__0016,INCIDENT,0.0,0.0,0.0,0.0,0.0,0.0,0.0
INCIDENT__232619-webtirf__10011,10011,2025-04-26 11:00:00,2025-04-26 08:00:00,2025-04-26 14:00:00,OTHER_DISRUPTION,GROUP__10011__0017,INCIDENT,0.0,0.0,0.0,0.0,0.0,0.0,0.0
INCIDENT__234658-webtirf__10011,10011,2025-05-15 04:00:00,2025-05-15 01:00:00,2025-05-15 07:00:00,OTHER_DISRUPTION,GROUP__10011__0018,INCIDENT,0.0,0.0,0.0,0.0,0.0,0.0,0.0
INCIDENT__236245-webtirf__10011,10011,2025-05-22 21:00:00,2025-05-22 18:00:00,2025-05-23 00:00:00,OTHER_DISRUPTION,GROUP__10011__0019,INCIDENT,0.0,0.0,0.0,0.0,0.0,0.0,0.0
INCIDENT__236855-webtirf__10011,10011,2025-05-26 04:00:00,2025-05-26 01:00:00,2025-05-26 07:00:00,ACCIDENT,GROUP__10011__0020,INCIDENT,0.0,0.0,0.0,0.0,0.0,0.0,0.0
INCIDENT__239895-webtirf__10011,10011,2025-06-23 05:00:00,2025-06-23 02:00:00,2025-06-23 08:00:00,OTHER_DISRUPTION,GROUP__10011__0021,INCIDENT,0.0,0.0,0.0,0.0,0.0,0.0,0.0
INCIDENT__241047-webtirf__10011,10011,2025-07-02 03:00:00,2025-07-02 00:00:00,2025-07-02 06:00:00,OTHER_DISRUPTION,GROUP__10011__0022,INCIDENT,0.0,0.0,0.0,0.0,0.0,0.0,0.0
INCIDENT__241285-webtirf__10011,10011,2025-07-04 02:00:00,2025-07-03 23:00:00,2025-07-04 05:00:00,OTHER_DISRUPTION,GROUP__10011__0023,INCIDENT,0.0,0.0,0.0,0.0,0.0,0.0,0.0
INCIDENT__241668-webtirf__10011,10011,2025-07-09 03:00:00,2025-07-09 00:00:00,2025-07-09 06:00:00,OTHER_DISRUPTION,GROUP__10011__0024,INCIDENT,0.0,0.0,0.0,0.0,0.0,0.0,0.0
INCIDENT__241875-webtirf__10011,10011,2025-07-10 17:00:00,2025-07-10 14:00:00,2025-07-10 20:00:00,ACCIDENT,GROUP__10011__0025,INCIDENT,0.0,0.0,0.0,0.0,0.0,0.0,0.0
INCIDENT__242502-webtirf__10011,10011,2025-07-17 05:00:00,2025-07-17 02:00:00,2025-07-17 08:00:00,OTHER_DISRUPTION,GROUP__10011__0026,INCIDENT,0.0,0.0,0.0,0.0,0.0,0.0,0.0
INCIDENT__243678-webtirf__10011,10011,2025-07-29 06:00:00,2025-07-29 03:00:00,2025-07-29 09:00:00,OTHER_DISRUPTION,GROUP__10011__0027,INCIDENT,0.0,0.0,0.0,0.0,0.0,0.0,0.0
INCIDENT__243850.0-webtirf__10011,10011,2025-07-30 21:00:00,2025-07-30 18:00:00,2025-07-31 00:00:00,OTHER_DISRUPTION,GROUP__10011__0028,INCIDENT,0.0,0.0,0.0,0.0,0.0,0.0,0.0
INCIDENT__243928-webtirf__10011,10011,2025-07-31 03:00:00,2025-07-31 00:00:00,2025-07-31 06:00:00,OTHER_DISRUPTION,GROUP__10011__0028,INCIDENT,0.0,0.0,0.0,0.0,0.0,0.0,0.0
INCIDENT__245534-webtirf__10011,10011,2025-08-12 23:00:00,2025-08-12 20:00:00,2025-08-13 02:00:00,OTHER_DISRUPTION,GROUP__10011__0029,INCIDENT,0.0,0.0,0.0,0.0,0.0,0.0,0.0
INCIDENT__245981-webtirf__10011,10011,2025-08-17 17:00:00,2025-08-17 14:00:00,2025-08-17 20:00:00,OTHER_DISRUPTION,GROUP__10011__0030,INCIDENT,0.0,0.0,0.0,0.0,0.0,0.0,0.0
INCIDENT__247611-webtirf__10011,10011,2025-08-29 02:00:00,2025-08-28 23:00:00,2025-08-29 05:00:00,OTHER_DISRUPTION,GROUP__10011__0031,INCIDENT,0.0,0.0,0.0,0.0,0.0,0.0,0.0
INCIDENT__250287-webtirf__10011,10011,2025-09-22 04:00:00,2025-09-22 01:00:00,2025-09-22 07:00:00,ACCIDENT,GROUP__10011__0032,INCIDENT,0.0,0.0,0.0,0.0,0.0,0.0,0.0
INCIDENT__252263-webtirf__10011,10011,2025-10-11 02:00:00,2025-10-10 23:00:00,2025-10-11 05:00:00,ACCIDENT,GROUP__10011__0033,INCIDENT,0.0,0.0,0.0,0.0,0.0,0.0,0.0
INCIDENT__252661-webtirf__10011,10011,2025-10-15 05:00:00,2025-10-15 02:00:00,2025-10-15 08:00:00,ACCIDENT,GROUP__10011__0034,INCIDENT,0.0,0.0,0.0,0.0,0.0,0.0,0.0
INCIDENT__252747-webtirf__10011,10011,2025-10-16 00:00:00,2025-10-15 21:00:00,2025-10-16 03:00:00,OTHER_DISRUPTION,GROUP__10011__0035,INCIDENT,0.0,0.0,0.0,0.0,0.0,0.0,0.0
INCIDENT__253707-webtirf__10011,10011,2025-10-24 18:00:00,2025-10-24 15:00:00,2025-10-24 21:00:00,OTHER_DISRUPTION,GROUP__10011__0036,INCIDENT,0.0,0.0,0.0,0.0,0.0,0.0,0.0
INCIDENT__253737-webtirf__10011,10011,2025-10-25 05:00:00,2025-10-25 02:00:00,2025-10-25 08:00:00,OTHER_DISRUPTION,GROUP__10011__0037,INCIDENT,0.0,0.0,0.0,0.0,0.0,0.0,0.0
INCIDENT__254102-webtirf__10011,10011,2025-10-29 02:00:00,2025-10-28 23:00:00,2025-10-29 05:00:00,OTHER_DISRUPTION,GROUP__10011__0038,INCIDENT,0.0,0.0,0.0,0.0,0.0,0.0,0.0
INCIDENT__254259-webtirf__10011,10011,2025-10-30 07:00:00,2025-10-30 04:00:00,2025-10-30 10:00:00,ACCIDENT,GROUP__10011__0039,INCIDENT,0.0,0.0,0.0,0.0,0.0,0.0,0.0
INCIDENT__254665-webtirf__10011,10011,2025-11-03 21:00:00,2025-11-03 18:00:00,2025-11-04 00:00:00,OTHER_DISRUPTION,GROUP__10011__0040,INCIDENT,0.0,0.0,0.0,0.0,0.0,0.0,0.0
INCIDENT__255476-webtirf__10011,10011,2025-11-12 05:00:00,2025-11-12 02:00:00,2025-11-12 08:00:00,OTHER_DISRUPTION,GROUP__10011__0041,INCIDENT,0.0,0.0,0.0,0.0,0.0,0.0,0.0
INCIDENT__256862-webtirf__10011,10011,2025-11-25 03:00:00,2025-11-25 00:00:00,2025-11-25 06:00:00,OTHER_DISRUPTION,GROUP__10011__0042,INCIDENT,0.0,0.0,0.0,0.0,0.0,0.0,0.0
INCIDENT__257275-webtirf__10011,10011,2025-11-27 05:00:00,2025-11-27 02:00:00,2025-11-27 08:00:00,OTHER_DISRUPTION,GROUP__10011__0043,INCIDENT,0.0,0.0,0.0,0.0,0.0,0.0,0.0
INCIDENT__257294-webtirf__10011,10011,2025-11-27 07:00:00,2025-11-27 04:00:00,2025-11-27 10:00:00,OTHER_DISRUPTION,GROUP__10011__0043,INCIDENT,0.0,0.0,0.0,0.0,0.0,0.0,0.0
INCIDENT__259126-webtirf__10011,10011,2025-12-12 16:00:00,2025-12-12 13:00:00,2025-12-12 19:00:00,OTHER_DISRUPTION,GROUP__10011__0044,INCIDENT,0.0,0.0,0.0,0.0,0.0,0.0,0.0
INCIDENT__260293-webtirf__10011,10011,2025-12-25 11:00:00,2025-12-25 08:00:00,2025-12-25 14:00:00,ACCIDENT,GROUP__10011__0045,INCIDENT,0.0,0.0,0.0,0.0,0.0,0.0,0.0
INCIDENT__260541-webtirf__10011,10011,2025-12-30 12:00:00,2025-12-30 09:00:00,2025-12-30 15:00:00,OTHER_DISRUPTION,GROUP__10011__0046,INCIDENT,0.0,0.0,0.0,0.0,0.0,0.0,0.0
INCIDENT__219613-webtirf__22001,22001,2025-01-05 05:00:00,2025-01-05 02:00:00,2025-01-05 08:00:00,OTHER_DISRUPTION,GROUP__22001__0001,INCIDENT,117.0,113.0,328.0,692.0,1131.0,1694.0,1684.0
INCIDENT__223658-webtirf__22001,22001,2025-02-12 10:00:00,2025-02-12 07:00:00,2025-02-12 13:00:00,OTHER_DISRUPTION,GROUP__22001__0002,INCIDENT,0.0,0.0,0.0,0.0,0.0,0.0,0.0
INCIDENT__224168-webtirf__22001,22001,2025-02-17 09:00:00,2025-02-17 06:00:00,2025-02-17 12:00:00,OTHER_DISRUPTION,GROUP__22001__0003,INCIDENT,0.0,0.0,0.0,0.0,0.0,0.0,0.0
INCIDENT__224638-webtirf__22001,22001,2025-02-21 05:00:00,2025-02-21 02:00:00,2025-02-21 08:00:00,OTHER_DISRUPTION,GROUP__22001__0004,INCIDENT,0.0,0.0,0.0,0.0,0.0,0.0,0.0
INCIDENT__227659-webtirf__22001,22001,2025-03-16 10:00:00,2025-03-16 07:00:00,2025-03-16 13:00:00,OTHER_DISRUPTION,GROUP__22001__0005,INCIDENT,63.0,111.0,114.0,87.0,106.0,117.0,354.0
INCIDENT__230395-webtirf__22001,22001,2025-04-04 08:00:00,2025-04-04 05:00:00,2025-04-04 11:00:00,OTHER_DISRUPTION,GROUP__22001__0006,INCIDENT,0.0,0.0,0.0,0.0,0.0,0.0,0.0
INCIDENT__231160.0-webtirf__22001,22001,2025-04-11 06:00:00,2025-04-11 03:00:00,2025-04-11 09:00:00,OTHER_DISRUPTION,GROUP__22001__0007,INCIDENT,0.0,0.0,0.0,0.0,0.0,0.0,0.0
INCIDENT__233764-webtirf__22001,22001,2025-05-06 20:00:00,2025-05-06 17:00:00,2025-05-06 23:00:00,ACCIDENT,GROUP__22001__0008,INCIDENT,0.0,0.0,0.0,0.0,0.0,0.0,0.0
INCIDENT__237222-webtirf__22001,22001,2025-05-28 06:00:00,2025-05-28 03:00:00,2025-05-28 09:00:00,OTHER_DISRUPTION,GROUP__22001__0009,INCIDENT,0.0,0.0,0.0,0.0,0.0,0.0,0.0
INCIDENT__237265-webtirf__22001,22001,2025-05-28 22:00:00,2025-05-28 19:00:00,2025-05-29 01:00:00,OTHER_DISRUPTION,GROUP__22001__0010,INCIDENT,0.0,0.0,0.0,0.0,0.0,0.0,0.0
INCIDENT__241577-webtirf__22001,22001,2025-07-07 22:00:00,2025-07-07 19:00:00,2025-07-08 01:00:00,OTHER_DISRUPTION,GROUP__22001__0011,INCIDENT,0.0,0.0,0.0,0.0,0.0,0.0,0.0
INCIDENT__247753-webtirf__22001,22001,2025-08-31 02:00:00,2025-08-30 23:00:00,2025-08-31 05:00:00,ACCIDENT,GROUP__22001__0012,INCIDENT,0.0,0.0,0.0,0.0,0.0,0.0,0.0
INCIDENT__252087-webtirf__22001,22001,2025-10-09 19:00:00,2025-10-09 16:00:00,2025-10-09 22:00:00,OTHER_DISRUPTION,GROUP__22001__0013,INCIDENT,0.0,0.0,0.0,0.0,0.0,0.0,0.0
INCIDENT__256041-webtirf__22001,22001,2025-11-17 21:00:00,2025-11-17 18:00:00,2025-11-18 00:00:00,OTHER_DISRUPTION,GROUP__22001__0014,INCIDENT,0.0,0.0,0.0,0.0,0.0,0.0,0.0
INCIDENT__256247-webtirf__22001,22001,2025-11-19 20:00:00,2025-11-19 17:00:00,2025-11-19 23:00:00,OTHER_DISRUPTION,GROUP__22001__0015,INCIDENT,0.0,0.0,0.0,0.0,0.0,0.0,0.0
INCIDENT__259859-webtirf__22001,22001,2025-12-20 18:00:00,2025-12-20 15:00:00,2025-12-20 21:00:00,ACCIDENT,GROUP__22001__0016,INCIDENT,0.0,0.0,0.0,0.0,0.0,0.0,0.0
INCIDENT__219670.0-webtirf__23067,23067,2025-01-06 03:00:00,2025-01-06 00:00:00,2025-01-06 06:00:00,OTHER_DISRUPTION,GROUP__23067__0001,INCIDENT,51.0,101.0,367.0,882.0,1321.0,1756.0,2103.0
INCIDENT__219807-webtirf__23067,23067,2025-01-07 04:00:00,2025-01-07 01:00:00,2025-01-07 07:00:00,OTHER_DISRUPTION,GROUP__23067__0002,INCIDENT,185.0,229.0,450.0,685.0,897.0,1361.0,1550.0
INCIDENT__221498-webtirf__23067,23067,2025-01-21 05:00:00,2025-01-21 02:00:00,2025-01-21 08:00:00,OTHER_DISRUPTION,GROUP__23067__0003,INCIDENT,375.0,742.0,1107.0,1701.0,2330.0,2269.0,1647.0
INCIDENT__221794-webtirf__23067,23067,2025-01-24 04:00:00,2025-01-24 01:00:00,2025-01-24 07:00:00,OTHER_DISRUPTION,GROUP__23067__0004,INCIDENT,78.0,204.0,445.0,698.0,995.0,1304.0,1686.0
INCIDENT__224696-webtirf__23067,23067,2025-02-22 03:00:00,2025-02-22 00:00:00,2025-02-22 06:00:00,OTHER_DISRUPTION,GROUP__23067__0005,INCIDENT,0.0,0.0,0.0,0.0,0.0,0.0,0.0
INCIDENT__225822-webtirf__23067,23067,2025-03-05 21:00:00,2025-03-05 18:00:00,2025-03-06 00:00:00,OTHER_DISRUPTION,GROUP__23067__0006,INCIDENT,742.0,723.0,663.0,506.0,150.0,53.0,85.0
INCIDENT__226899-webtirf__23067,23067,2025-03-10 03:00:00,2025-03-10 00:00:00,2025-03-10 06:00:00,OTHER_DISRUPTION,GROUP__23067__0007,INCIDENT,72.0,79.0,217.0,361.0,652.0,878.0,1318.0
INCIDENT__227483-webtirf__23067,23067,2025-03-14 04:00:00,2025-03-14 01:00:00,2025-03-14 07:00:00,ACCIDENT,GROUP__23067__0008,INCIDENT,34.0,64.0,43.0,81.0,124.0,119.0,99.0
INCIDENT__229038-webtirf__23067,23067,2025-03-27 22:00:00,2025-03-27 19:00:00,2025-03-28 01:00:00,OTHER_DISRUPTION,GROUP__23067__0009,INCIDENT,50.0,46.0,34.0,41.0,23.0,59.0,118.0
INCIDENT__230717-webtirf__23067,23067,2025-04-08 06:00:00,2025-04-08 03:00:00,2025-04-08 09:00:00,ACCIDENT,GROUP__23067__0010,INCIDENT,28.0,34.0,54.0,86.0,97.0,83.0,91.0
INCIDENT__230880.0-webtirf__23067,23067,2025-04-09 12:00:00,2025-04-09 09:00:00,2025-04-09 15:00:00,OTHER_DISRUPTION,GROUP__23067__0011,INCIDENT,0.0,0.0,0.0,0.0,1414.0,1580.0,2003.0
INCIDENT__233085-webtirf__23067,23067,2025-04-30 07:00:00,2025-04-30 04:00:00,2025-04-30 10:00:00,ACCIDENT,GROUP__23067__0012,INCIDENT,33.0,36.0,64.0,88.0,94.0,103.0,109.0
INCIDENT__233129-webtirf__23067,23067,2025-04-30 21:00:00,2025-04-30 18:00:00,2025-05-01 00:00:00,OTHER_DISRUPTION,GROUP__23067__0013,INCIDENT,101.0,53.0,41.0,41.0,39.0,52.0,12.0
INCIDENT__233783-webtirf__23067,23067,2025-05-06 23:00:00,2025-05-06 20:00:00,2025-05-07 02:00:00,OTHER_DISRUPTION,GROUP__23067__0014,INCIDENT,736.0,556.0,351.0,79.0,46.0,60.0,139.0
INCIDENT__234742-webtirf__23067,23067,2025-05-15 21:00:00,2025-05-15 18:00:00,2025-05-16 00:00:00,ACCIDENT,GROUP__23067__0015,INCIDENT,59.0,61.0,59.0,39.0,41.0,48.0,43.0
INCIDENT__234896-webtirf__23067,23067,2025-05-17 03:00:00,2025-05-17 00:00:00,2025-05-17 06:00:00,OTHER_DISRUPTION,GROUP__23067__0016,INCIDENT,160.0,105.0,128.0,228.0,413.0,689.0,1144.0
INCIDENT__236411-webtirf__23067,23067,2025-05-23 01:00:00,2025-05-22 22:00:00,2025-05-23 04:00:00,OTHER_DISRUPTION,GROUP__23067__0017,INCIDENT,1255.0,804.0,17.0,23.0,19.0,25.0,59.0
INCIDENT__236980.0-webtirf__23067,23067,2025-05-26 20:00:00,2025-05-26 17:00:00,2025-05-26 23:00:00,OTHER_DISRUPTION,GROUP__23067__0018,INCIDENT,66.0,52.0,60.0,50.0,43.0,24.0,31.0
INCIDENT__238176-webtirf__23067,23067,2025-06-05 10:00:00,2025-06-05 07:00:00,2025-06-05 13:00:00,OTHER_DISRUPTION,GROUP__23067__0019,INCIDENT,142.0,126.0,132.0,107.0,111.0,103.0,77.0
INCIDENT__238514-webtirf__23067,23067,2025-06-09 23:00:00,2025-06-09 20:00:00,2025-06-10 02:00:00,OTHER_DISRUPTION,GROUP__23067__0020,INCIDENT,28.0,32.0,15.0,12.0,29.0,52.0,115.0
INCIDENT__238722-webtirf__23067,23067,2025-06-11 15:00:00,2025-06-11 12:00:00,2025-06-11 18:00:00,OTHER_DISRUPTION,GROUP__23067__0021,INCIDENT,1213.0,1174.0,929.0,940.0,1184.0,1261.0,1005.0
INCIDENT__239246-webtirf__23067,23067,2025-06-16 22:00:00,2025-06-16 19:00:00,2025-06-17 01:00:00,OTHER_DISRUPTION,GROUP__23067__0022,INCIDENT,60.0,44.0,30.0,35.0,26.0,134.0,74.0
INCIDENT__242093-webtirf__23067,23067,2025-07-13 20:00:00,2025-07-13 17:00:00,2025-07-13 23:00:00,OTHER_DISRUPTION,GROUP__23067__0023,INCIDENT,34.0,38.0,41.0,39.0,29.0,19.0,15.0
INCIDENT__243930.0-webtirf__23067,23067,2025-07-31 03:00:00,2025-07-31 00:00:00,2025-07-31 06:00:00,ACCIDENT,GROUP__23067__0024,INCIDENT,19.0,24.0,20.0,35.0,56.0,82.0,134.0
INCIDENT__245294-webtirf__23067,23067,2025-08-10 22:00:00,2025-08-10 19:00:00,2025-08-11 01:00:00,OTHER_DISRUPTION,GROUP__23067__0025,INCIDENT,29.0,43.0,22.0,17.0,17.0,6.0,15.0
INCIDENT__247756-webtirf__23067,23067,2025-08-31 03:00:00,2025-08-31 00:00:00,2025-08-31 06:00:00,OTHER_DISRUPTION,GROUP__23067__0026,INCIDENT,103.0,99.0,156.0,469.0,1029.0,1243.0,1568.0
INCIDENT__248179-webtirf__23067,23067,2025-09-04 05:00:00,2025-09-04 02:00:00,2025-09-04 08:00:00,OTHER_DISRUPTION,GROUP__23067__0027,INCIDENT,89.0,279.0,434.0,786.0,1218.0,1534.0,1427.0
INCIDENT__249280-webtirf__23067,23067,2025-09-11 21:00:00,2025-09-11 18:00:00,2025-09-12 00:00:00,OTHER_DISRUPTION,GROUP__23067__0028,INCIDENT,1331.0,1019.0,887.0,583.0,486.0,124.0,6.0
INCIDENT__249280.0-webtirf__23067,23067,2025-09-11 21:00:00,2025-09-11 18:00:00,2025-09-12 00:00:00,OTHER_DISRUPTION,GROUP__23067__0028,INCIDENT,1331.0,1019.0,887.0,583.0,486.0,124.0,6.0
INCIDENT__249431-webtirf__23067,23067,2025-09-12 08:00:00,2025-09-12 05:00:00,2025-09-12 11:00:00,OTHER_DISRUPTION,GROUP__23067__0029,INCIDENT,50.0,79.0,108.0,106.0,122.0,133.0,110.0
INCIDENT__249768-webtirf__23067,23067,2025-09-16 18:00:00,2025-09-16 15:00:00,2025-09-16 21:00:00,OTHER_DISRUPTION,GROUP__23067__0030,INCIDENT,72.0,59.0,51.0,45.0,46.0,62.0,18.0
INCIDENT__250156-webtirf__23067,23067,2025-09-20 20:00:00,2025-09-20 17:00:00,2025-09-20 23:00:00,OTHER_DISRUPTION,GROUP__23067__0031,INCIDENT,1559.0,1695.0,1148.0,1156.0,1065.0,1007.0,660.0
INCIDENT__250294-webtirf__23067,23067,2025-09-22 05:00:00,2025-09-22 02:00:00,2025-09-22 08:00:00,OTHER_DISRUPTION,GROUP__23067__0032,INCIDENT,114.0,431.0,1088.0,1743.0,2360.0,2534.0,2058.0
INCIDENT__250870-webtirf__23067,23067,2025-09-27 03:00:00,2025-09-27 00:00:00,2025-09-27 06:00:00,OTHER_DISRUPTION,GROUP__23067__0033,INCIDENT,8.0,12.0,17.0,20.0,20.0,38.0,40.0
INCIDENT__250870.0-webtirf__23067,23067,2025-09-27 03:00:00,2025-09-27 00:00:00,2025-09-27 06:00:00,OTHER_DISRUPTION,GROUP__23067__0033,INCIDENT,8.0,12.0,17.0,20.0,20.0,38.0,40.0
INCIDENT__252417-webtirf__23067,23067,2025-10-13 04:00:00,2025-10-13 01:00:00,2025-10-13 07:00:00,ACCIDENT,GROUP__23067__0034,INCIDENT,21.0,27.0,53.0,88.0,152.0,144.0,114.0
INCIDENT__252789-webtirf__23067,23067,2025-10-16 05:00:00,2025-10-16 02:00:00,2025-10-16 08:00:00,OTHER_DISRUPTION,GROUP__23067__0035,INCIDENT,30.0,31.0,38.0,76.0,89.0,113.0,96.0
INCIDENT__252964-webtirf__23067,23067,2025-10-17 09:00:00,2025-10-17 06:00:00,2025-10-17 12:00:00,OTHER_DISRUPTION,GROUP__23067__0036,INCIDENT,102.0,122.0,121.0,129.0,111.0,121.0,125.0
INCIDENT__253046-webtirf__23067,23067,2025-10-18 09:00:00,2025-10-18 06:00:00,2025-10-18 12:00:00,OTHER_DISRUPTION,GROUP__23067__0037,INCIDENT,1702.0,1874.0,1548.0,1291.0,1530.0,1416.0,1520.0
INCIDENT__253920-webtirf__23067,23067,2025-10-27 12:00:00,2025-10-27 09:00:00,2025-10-27 15:00:00,OTHER_DISRUPTION,GROUP__23067__0038,INCIDENT,1128.0,1212.0,1025.0,1238.0,1027.0,991.0,1096.0
INCIDENT__253920.0-webtirf__23067,23067,2025-10-27 12:00:00,2025-10-27 09:00:00,2025-10-27 15:00:00,OTHER_DISRUPTION,GROUP__23067__0038,INCIDENT,1128.0,1212.0,1025.0,1238.0,1027.0,991.0,1096.0
INCIDENT__254213-webtirf__23067,23067,2025-10-30 02:00:00,2025-10-29 23:00:00,2025-10-30 05:00:00,OTHER_DISRUPTION,GROUP__23067__0039,INCIDENT,94.0,18.0,21.0,29.0,56.0,77.0,137.0
INCIDENT__254934-webtirf__23067,23067,2025-11-06 19:00:00,2025-11-06 16:00:00,2025-11-06 22:00:00,ACCIDENT,GROUP__23067__0040,INCIDENT,2208.0,1757.0,1475.0,1127.0,1238.0,1111.0,789.0
INCIDENT__256864-webtirf__23067,23067,2025-11-25 04:00:00,2025-11-25 01:00:00,2025-11-25 07:00:00,ACCIDENT,GROUP__23067__0041,INCIDENT,28.0,34.0,48.0,59.0,103.0,92.0,96.0
INCIDENT__258226-webtirf__23067,23067,2025-12-05 01:00:00,2025-12-04 22:00:00,2025-12-05 04:00:00,OTHER_DISRUPTION,GROUP__23067__0042,INCIDENT,49.0,42.0,34.0,65.0,221.0,450.0,680.0
INCIDENT__258422-webtirf__23067,23067,2025-12-07 07:00:00,2025-12-07 04:00:00,2025-12-07 10:00:00,OTHER_DISRUPTION,GROUP__23067__0043,INCIDENT,1162.0,1282.0,1574.0,1685.0,1741.0,1496.0,1498.0
INCIDENT__259086-webtirf__23067,23067,2025-12-12 05:00:00,2025-12-12 02:00:00,2025-12-12 08:00:00,OTHER_DISRUPTION,GROUP__23067__0044,INCIDENT,0.0,0.0,0.0,0.0,0.0,0.0,0.0
INCIDENT__260236-webtirf__23067,23067,2025-12-24 07:00:00,2025-12-24 04:00:00,2025-12-24 10:00:00,OTHER_DISRUPTION,GROUP__23067__0045,INCIDENT,702.0,1002.0,1470.0,1614.0,1424.0,1532.0,1743.0
INCIDENT__221414-webtirf__29005,29005,2025-01-20 19:00:00,2025-01-20 16:00:00,2025-01-20 22:00:00,OTHER_DISRUPTION,GROUP__29005__0001,INCIDENT,3371.0,3412.0,2841.0,1920.0,1558.0,1427.0,1047.0
INCIDENT__224690.0-webtirf__29005,29005,2025-02-22 01:00:00,2025-02-21 22:00:00,2025-02-22 04:00:00,OTHER_DISRUPTION,GROUP__29005__0002,INCIDENT,0.0,0.0,0.0,0.0,0.0,0.0,0.0
INCIDENT__224798-webtirf__29005,29005,2025-02-23 20:00:00,2025-02-23 17:00:00,2025-02-23 23:00:00,ACCIDENT,GROUP__29005__0003,INCIDENT,0.0,0.0,0.0,0.0,0.0,0.0,0.0
INCIDENT__225084-webtirf__29005,29005,2025-02-26 05:00:00,2025-02-26 02:00:00,2025-02-26 08:00:00,OTHER_DISRUPTION,GROUP__29005__0004,INCIDENT,0.0,0.0,0.0,0.0,0.0,0.0,0.0
INCIDENT__225238-webtirf__29005,29005,2025-02-27 21:00:00,2025-02-27 18:00:00,2025-02-28 00:00:00,OTHER_DISRUPTION,GROUP__29005__0005,INCIDENT,0.0,0.0,0.0,0.0,0.0,0.0,0.0
INCIDENT__225340.0-webtirf__29005,29005,2025-02-28 05:00:00,2025-02-28 02:00:00,2025-02-28 08:00:00,OTHER_DISRUPTION,GROUP__29005__0006,INCIDENT,0.0,0.0,0.0,0.0,0.0,0.0,0.0
INCIDENT__225352-webtirf__29005,29005,2025-02-28 07:00:00,2025-02-28 04:00:00,2025-02-28 10:00:00,OTHER_DISRUPTION,GROUP__29005__0006,INCIDENT,0.0,0.0,0.0,0.0,0.0,0.0,0.0
INCIDENT__227838-webtirf__29005,29005,2025-03-18 04:00:00,2025-03-18 01:00:00,2025-03-18 07:00:00,OTHER_DISRUPTION,GROUP__29005__0007,INCIDENT,0.0,0.0,0.0,0.0,0.0,0.0,0.0
INCIDENT__230611-webtirf__29005,29005,2025-04-07 08:00:00,2025-04-07 05:00:00,2025-04-07 11:00:00,ACCIDENT,GROUP__29005__0008,INCIDENT,981.0,2483.0,3290.0,3230.0,2720.0,2229.0,2182.0
INCIDENT__231002-webtirf__29005,29005,2025-04-10 09:00:00,2025-04-10 06:00:00,2025-04-10 12:00:00,OTHER_DISRUPTION,GROUP__29005__0009,INCIDENT,397.0,332.0,331.0,384.0,409.0,452.0,446.0
INCIDENT__232900.0-webtirf__29005,29005,2025-04-29 01:00:00,2025-04-28 22:00:00,2025-04-29 04:00:00,OTHER_DISRUPTION,GROUP__29005__0010,INCIDENT,60.0,46.0,26.0,25.0,40.0,48.0,131.0
INCIDENT__234738-webtirf__29005,29005,2025-05-15 21:00:00,2025-05-15 18:00:00,2025-05-16 00:00:00,ACCIDENT,GROUP__29005__0011,INCIDENT,3109.0,1348.0,778.0,1573.0,736.0,647.0,2.0
INCIDENT__236109-webtirf__29005,29005,2025-05-22 07:00:00,2025-05-22 04:00:00,2025-05-22 10:00:00,ACCIDENT,GROUP__29005__0012,INCIDENT,140.0,250.0,549.0,440.0,344.0,421.0,285.0
INCIDENT__237780.0-webtirf__29005,29005,2025-06-02 08:00:00,2025-06-02 05:00:00,2025-06-02 11:00:00,ACCIDENT,GROUP__29005__0013,INCIDENT,77.0,294.0,258.0,274.0,344.0,372.0,391.0
INCIDENT__238274-webtirf__29005,29005,2025-06-06 04:00:00,2025-06-06 01:00:00,2025-06-06 07:00:00,OTHER_DISRUPTION,GROUP__29005__0014,INCIDENT,261.0,176.0,201.0,316.0,869.0,2152.0,2940.0
INCIDENT__239339-webtirf__29005,29005,2025-06-17 17:00:00,2025-06-17 14:00:00,2025-06-17 20:00:00,ACCIDENT,GROUP__29005__0015,INCIDENT,476.0,389.0,336.0,318.0,214.0,147.0,92.0
INCIDENT__239890.0-webtirf__29005,29005,2025-06-23 05:00:00,2025-06-23 02:00:00,2025-06-23 08:00:00,ACCIDENT,GROUP__29005__0016,INCIDENT,130.0,125.0,470.0,1605.0,2834.0,3005.0,3015.0
INCIDENT__240721-webtirf__29005,29005,2025-07-01 03:00:00,2025-07-01 00:00:00,2025-07-01 06:00:00,OTHER_DISRUPTION,GROUP__29005__0017,INCIDENT,24.0,32.0,41.0,43.0,121.0,180.0,274.0
INCIDENT__241425-webtirf__29005,29005,2025-07-06 01:00:00,2025-07-05 22:00:00,2025-07-06 04:00:00,ACCIDENT,GROUP__29005__0018,INCIDENT,1580.0,994.0,652.0,398.0,289.0,221.0,220.0
INCIDENT__245026-webtirf__29005,29005,2025-08-07 22:00:00,2025-08-07 19:00:00,2025-08-08 01:00:00,OTHER_DISRUPTION,GROUP__29005__0019,INCIDENT,138.0,120.0,0.0,64.0,47.0,277.0,143.0
INCIDENT__245027-webtirf__29005,29005,2025-08-07 22:00:00,2025-08-07 19:00:00,2025-08-08 01:00:00,OTHER_DISRUPTION,GROUP__29005__0019,INCIDENT,138.0,120.0,0.0,64.0,47.0,277.0,143.0
INCIDENT__246942-webtirf__29005,29005,2025-08-22 08:00:00,2025-08-22 05:00:00,2025-08-22 11:00:00,OTHER_DISRUPTION,GROUP__29005__0020,INCIDENT,270.0,476.0,405.0,321.0,397.0,379.0,348.0
INCIDENT__248306-webtirf__29005,29005,2025-09-05 05:00:00,2025-09-05 02:00:00,2025-09-05 08:00:00,OTHER_DISRUPTION,GROUP__29005__0021,INCIDENT,0.0,0.0,0.0,0.0,0.0,0.0,0.0
INCIDENT__252715-webtirf__29005,29005,2025-10-15 20:00:00,2025-10-15 17:00:00,2025-10-15 23:00:00,OTHER_DISRUPTION,GROUP__29005__0022,INCIDENT,275.0,0.0,191.0,139.0,0.0,68.0,63.0
INCIDENT__253138-webtirf__29005,29005,2025-10-19 22:00:00,2025-10-19 19:00:00,2025-10-20 01:00:00,ACCIDENT,GROUP__29005__0023,INCIDENT,2151.0,1942.0,0.0,1184.0,645.0,376.0,235.0
INCIDENT__254061-webtirf__29005,29005,2025-10-28 22:00:00,2025-10-28 19:00:00,2025-10-29 01:00:00,ACCIDENT,GROUP__29005__0024,INCIDENT,2134.0,0.0,1587.0,0.0,0.0,33.0,41.0
INCIDENT__256241-webtirf__29005,29005,2025-11-19 18:00:00,2025-11-19 15:00:00,2025-11-19 21:00:00,ACCIDENT,GROUP__29005__0025,INCIDENT,427.0,345.0,289.0,289.0,152.0,129.0,104.0
INCIDENT__256789-webtirf__29005,29005,2025-11-24 11:00:00,2025-11-24 08:00:00,2025-11-24 14:00:00,OTHER_DISRUPTION,GROUP__29005__0026,INCIDENT,301.0,378.0,413.0,428.0,405.0,0.0,422.0
INCIDENT__257676-webtirf__29005,29005,2025-11-30 15:00:00,2025-11-30 12:00:00,2025-11-30 18:00:00,ACCIDENT,GROUP__29005__0027,INCIDENT,3191.0,3234.0,3373.0,3444.0,3070.0,0.0,2628.0
INCIDENT__260006-webtirf__29005,29005,2025-12-21 23:00:00,2025-12-21 20:00:00,2025-12-22 02:00:00,ACCIDENT,GROUP__29005__0028,INCIDENT,1905.0,1865.0,1351.0,837.0,457.0,285.0,165.0
INCIDENT__260385-webtirf__29005,29005,2025-12-27 18:00:00,2025-12-27 15:00:00,2025-12-27 21:00:00,ACCIDENT,GROUP__29005__0029,INCIDENT,957.0,945.0,0.0,796.0,700.0,0.0,644.0
INCIDENT__234504-webtirf__32029,32029,2025-05-13 23:00:00,2025-05-13 20:00:00,2025-05-14 02:00:00,OTHER_DISRUPTION,GROUP__32029__0001,INCIDENT,0.0,0.0,0.0,0.0,0.0,0.0,0.0
INCIDENT__236939-webtirf__32029,32029,2025-05-26 09:00:00,2025-05-26 06:00:00,2025-05-26 12:00:00,ACCIDENT,GROUP__32029__0002,INCIDENT,0.0,0.0,0.0,0.0,0.0,0.0,0.0
INCIDENT__239555-webtirf__32029,32029,2025-06-19 08:00:00,2025-06-19 05:00:00,2025-06-19 11:00:00,OTHER_DISRUPTION,GROUP__32029__0003,INCIDENT,0.0,0.0,0.0,0.0,0.0,0.0,0.0
INCIDENT__243440.0-webtirf__32029,32029,2025-07-26 07:00:00,2025-07-26 04:00:00,2025-07-26 10:00:00,OTHER_DISRUPTION,GROUP__32029__0004,INCIDENT,0.0,0.0,0.0,0.0,0.0,0.0,0.0
INCIDENT__248039-webtirf__32029,32029,2025-09-02 22:00:00,2025-09-02 19:00:00,2025-09-03 01:00:00,OTHER_DISRUPTION,GROUP__32029__0005,INCIDENT,0.0,0.0,0.0,0.0,0.0,0.0,0.0
INCIDENT__251420-webtirf__32029,32029,2025-10-02 11:00:00,2025-10-02 08:00:00,2025-10-02 14:00:00,ACCIDENT,GROUP__32029__0006,INCIDENT,0.0,0.0,0.0,0.0,0.0,0.0,0.0
INCIDENT__251420.0-webtirf__32029,32029,2025-10-02 11:00:00,2025-10-02 08:00:00,2025-10-02 14:00:00,ACCIDENT,GROUP__32029__0006,INCIDENT,0.0,0.0,0.0,0.0,0.0,0.0,0.0
INCIDENT__256790-webtirf__32029,32029,2025-11-24 12:00:00,2025-11-24 09:00:00,2025-11-24 15:00:00,ACCIDENT,GROUP__32029__0007,INCIDENT,0.0,0.0,0.0,0.0,0.0,0.0,0.0
INCIDENT__256790.0-webtirf__32029,32029,2025-11-24 12:00:00,2025-11-24 09:00:00,2025-11-24 15:00:00,ACCIDENT,GROUP__32029__0007,INCIDENT,0.0,0.0,0.0,0.0,0.0,0.0,0.0
INCIDENT__219564-webtirf__33014,33014,2025-01-04 00:00:00,2025-01-03 21:00:00,2025-01-04 03:00:00,OTHER_DISRUPTION,GROUP__33014__0001,INCIDENT,26.0,15.0,0.0,10.0,5.0,17.0,16.0
INCIDENT__219711-webtirf__33014,33014,2025-01-06 07:00:00,2025-01-06 04:00:00,2025-01-06 10:00:00,OTHER_DISRUPTION,GROUP__33014__0002,INCIDENT,258.0,603.0,805.0,1040.0,1190.0,1133.0,1236.0
INCIDENT__222011-webtirf__33014,33014,2025-01-28 00:00:00,2025-01-27 21:00:00,2025-01-28 03:00:00,OTHER_DISRUPTION,GROUP__33014__0003,INCIDENT,387.0,265.0,0.0,20.0,20.0,14.0,35.0
INCIDENT__222370.0-webtirf__33014,33014,2025-01-30 20:00:00,2025-01-30 17:00:00,2025-01-30 23:00:00,OTHER_DISRUPTION,GROUP__33014__0004,INCIDENT,1521.0,1121.0,942.0,883.0,663.0,435.0,164.0
INCIDENT__224709-webtirf__33014,33014,2025-02-22 06:00:00,2025-02-22 03:00:00,2025-02-22 09:00:00,OTHER_DISRUPTION,GROUP__33014__0005,INCIDENT,0.0,0.0,0.0,0.0,0.0,0.0,0.0
INCIDENT__225230.0-webtirf__33014,33014,2025-02-27 20:00:00,2025-02-27 17:00:00,2025-02-27 23:00:00,ACCIDENT,GROUP__33014__0006,INCIDENT,0.0,0.0,0.0,0.0,0.0,0.0,0.0
INCIDENT__225805-webtirf__33014,33014,2025-03-05 16:00:00,2025-03-05 13:00:00,2025-03-05 19:00:00,ACCIDENT,GROUP__33014__0007,INCIDENT,157.0,170.0,143.0,123.0,72.0,56.0,39.0
INCIDENT__225994-webtirf__33014,33014,2025-03-06 06:00:00,2025-03-06 03:00:00,2025-03-06 09:00:00,OTHER_DISRUPTION,GROUP__33014__0008,INCIDENT,193.0,620.0,1352.0,2125.0,1896.0,1598.0,1384.0
INCIDENT__225995-webtirf__33014,33014,2025-03-06 06:00:00,2025-03-06 03:00:00,2025-03-06 09:00:00,OTHER_DISRUPTION,GROUP__33014__0008,INCIDENT,193.0,620.0,1352.0,2125.0,1896.0,1598.0,1384.0
INCIDENT__226786-webtirf__33014,33014,2025-03-09 23:00:00,2025-03-09 20:00:00,2025-03-10 02:00:00,OTHER_DISRUPTION,GROUP__33014__0009,INCIDENT,21.0,27.0,17.0,0.0,7.0,18.0,12.0
INCIDENT__227142-webtirf__33014,33014,2025-03-11 21:00:00,2025-03-11 18:00:00,2025-03-12 00:00:00,OTHER_DISRUPTION,GROUP__33014__0010,INCIDENT,841.0,654.0,532.0,328.0,160.0,0.0,9.0
INCIDENT__227898-webtirf__33014,33014,2025-03-18 21:00:00,2025-03-18 18:00:00,2025-03-19 00:00:00,OTHER_DISRUPTION,GROUP__33014__0011,INCIDENT,59.0,30.0,30.0,34.0,11.0,0.0,10.0
INCIDENT__230116-webtirf__33014,33014,2025-04-02 21:00:00,2025-04-02 18:00:00,2025-04-03 00:00:00,OTHER_DISRUPTION,GROUP__33014__0012,INCIDENT,56.0,36.0,25.0,23.0,17.0,0.0,22.0
INCIDENT__230514-webtirf__33014,33014,2025-04-06 10:00:00,2025-04-06 07:00:00,2025-04-06 13:00:00,ACCIDENT,GROUP__33014__0013,INCIDENT,38.0,47.0,59.0,48.0,58.0,42.0,47.0
INCIDENT__231141-webtirf__33014,33014,2025-04-11 05:00:00,2025-04-11 02:00:00,2025-04-11 08:00:00,OTHER_DISRUPTION,GROUP__33014__0014,INCIDENT,12.0,10.0,26.0,35.0,62.0,74.0,69.0
INCIDENT__231404-webtirf__33014,33014,2025-04-14 08:00:00,2025-04-14 05:00:00,2025-04-14 11:00:00,OTHER_DISRUPTION,GROUP__33014__0015,INCIDENT,643.0,1317.0,1832.0,1777.0,1366.0,1356.0,1257.0
INCIDENT__232274-webtirf__33014,33014,2025-04-23 05:00:00,2025-04-23 02:00:00,2025-04-23 08:00:00,ACCIDENT,GROUP__33014__0016,INCIDENT,9.0,16.0,42.0,65.0,158.0,173.0,126.0
INCIDENT__232703-webtirf__33014,33014,2025-04-27 05:00:00,2025-04-27 02:00:00,2025-04-27 08:00:00,OTHER_DISRUPTION,GROUP__33014__0017,INCIDENT,6.0,11.0,11.0,26.0,19.0,41.0,44.0
INCIDENT__232735-webtirf__33014,33014,2025-04-27 20:00:00,2025-04-27 17:00:00,2025-04-27 23:00:00,OTHER_DISRUPTION,GROUP__33014__0018,INCIDENT,41.0,39.0,33.0,31.0,27.0,14.0,0.0
INCIDENT__233532-webtirf__33014,33014,2025-05-04 23:00:00,2025-05-04 20:00:00,2025-05-05 02:00:00,ACCIDENT,GROUP__33014__0019,INCIDENT,656.0,650.0,469.0,228.0,87.0,66.0,58.0
INCIDENT__233889-webtirf__33014,33014,2025-05-07 21:00:00,2025-05-07 18:00:00,2025-05-08 00:00:00,OTHER_DISRUPTION,GROUP__33014__0020,INCIDENT,70.0,49.0,37.0,37.0,21.0,0.0,22.0
INCIDENT__234689-webtirf__33014,33014,2025-05-15 07:00:00,2025-05-15 04:00:00,2025-05-15 10:00:00,OTHER_DISRUPTION,GROUP__33014__0021,INCIDENT,97.0,282.0,748.0,914.0,1024.0,1042.0,1075.0
INCIDENT__236617-webtirf__33014,33014,2025-05-23 23:00:00,2025-05-23 20:00:00,2025-05-24 02:00:00,OTHER_DISRUPTION,GROUP__33014__0022,INCIDENT,857.0,862.0,818.0,0.0,14.0,13.0,11.0
INCIDENT__237166-webtirf__33014,33014,2025-05-28 01:00:00,2025-05-27 22:00:00,2025-05-28 04:00:00,ACCIDENT,GROUP__33014__0023,INCIDENT,15.0,0.0,94.0,57.0,53.0,74.0,209.0
INCIDENT__237832-webtirf__33014,33014,2025-06-03 00:00:00,2025-06-02 21:00:00,2025-06-03 03:00:00,OTHER_DISRUPTION,GROUP__33014__0024,INCIDENT,27.0,15.0,21.0,10.0,11.0,14.0,26.0
INCIDENT__238022-webtirf__33014,33014,2025-06-04 07:00:00,2025-06-04 04:00:00,2025-06-04 10:00:00,OTHER_DISRUPTION,GROUP__33014__0025,INCIDENT,102.0,307.0,754.0,1112.0,1239.0,1163.0,1255.0
INCIDENT__239088-webtirf__33014,33014,2025-06-15 07:00:00,2025-06-15 04:00:00,2025-06-15 10:00:00,OTHER_DISRUPTION,GROUP__33014__0026,INCIDENT,13.0,17.0,27.0,29.0,53.0,44.0,57.0
INCIDENT__239596-webtirf__33014,33014,2025-06-19 21:00:00,2025-06-19 18:00:00,2025-06-20 00:00:00,OTHER_DISRUPTION,GROUP__33014__0027,INCIDENT,1589.0,1185.0,964.0,812.0,799.0,0.0,182.0
INCIDENT__239678-webtirf__33014,33014,2025-06-20 08:00:00,2025-06-20 05:00:00,2025-06-20 11:00:00,OTHER_DISRUPTION,GROUP__33014__0028,INCIDENT,234.0,693.0,1016.0,1205.0,1188.0,1120.0,1266.0
INCIDENT__239814-webtirf__33014,33014,2025-06-22 14:00:00,2025-06-22 11:00:00,2025-06-22 17:00:00,ACCIDENT,GROUP__33014__0029,INCIDENT,1533.0,1467.0,1378.0,1412.0,1440.0,1397.0,1404.0
INCIDENT__240223-webtirf__33014,33014,2025-06-25 21:00:00,2025-06-25 18:00:00,2025-06-26 00:00:00,OTHER_DISRUPTION,GROUP__33014__0030,INCIDENT,0.0,0.0,0.0,0.0,0.0,0.0,0.0
INCIDENT__240263-webtirf__33014,33014,2025-06-26 02:00:00,2025-06-25 23:00:00,2025-06-26 05:00:00,OTHER_DISRUPTION,GROUP__33014__0030,INCIDENT,0.0,0.0,0.0,0.0,0.0,0.0,0.0
INCIDENT__241646-webtirf__33014,33014,2025-07-08 23:00:00,2025-07-08 20:00:00,2025-07-09 02:00:00,OTHER_DISRUPTION,GROUP__33014__0031,INCIDENT,0.0,0.0,0.0,0.0,0.0,0.0,0.0
INCIDENT__242152-webtirf__33014,33014,2025-07-14 10:00:00,2025-07-14 07:00:00,2025-07-14 13:00:00,OTHER_DISRUPTION,GROUP__33014__0032,INCIDENT,0.0,0.0,0.0,0.0,0.0,0.0,0.0
INCIDENT__243945-webtirf__33014,33014,2025-07-31 05:00:00,2025-07-31 02:00:00,2025-07-31 08:00:00,ACCIDENT,GROUP__33014__0033,INCIDENT,0.0,0.0,0.0,0.0,0.0,0.0,0.0
INCIDENT__244417-webtirf__33014,33014,2025-08-03 08:00:00,2025-08-03 05:00:00,2025-08-03 11:00:00,OTHER_DISRUPTION,GROUP__33014__0034,INCIDENT,0.0,0.0,0.0,0.0,0.0,0.0,0.0
INCIDENT__244894-webtirf__33014,33014,2025-08-07 00:00:00,2025-08-06 21:00:00,2025-08-07 03:00:00,OTHER_DISRUPTION,GROUP__33014__0035,INCIDENT,0.0,0.0,0.0,0.0,0.0,0.0,0.0
INCIDENT__245764-webtirf__33014,33014,2025-08-14 13:00:00,2025-08-14 10:00:00,2025-08-14 16:00:00,OTHER_DISRUPTION,GROUP__33014__0036,INCIDENT,0.0,0.0,0.0,0.0,0.0,0.0,0.0
INCIDENT__245782-webtirf__33014,33014,2025-08-14 23:00:00,2025-08-14 20:00:00,2025-08-15 02:00:00,OTHER_DISRUPTION,GROUP__33014__0037,INCIDENT,0.0,0.0,0.0,0.0,0.0,0.0,0.0
INCIDENT__247418-webtirf__33014,33014,2025-08-27 07:00:00,2025-08-27 04:00:00,2025-08-27 10:00:00,OTHER_DISRUPTION,GROUP__33014__0038,INCIDENT,0.0,0.0,0.0,0.0,0.0,0.0,0.0
INCIDENT__247799-webtirf__33014,33014,2025-08-31 20:00:00,2025-08-31 17:00:00,2025-08-31 23:00:00,OTHER_DISRUPTION,GROUP__33014__0039,INCIDENT,0.0,0.0,0.0,0.0,0.0,0.0,0.0
INCIDENT__249503-webtirf__33014,33014,2025-09-14 03:00:00,2025-09-14 00:00:00,2025-09-14 06:00:00,ACCIDENT,GROUP__33014__0040,INCIDENT,0.0,0.0,0.0,0.0,0.0,0.0,0.0
INCIDENT__249829-webtirf__33014,33014,2025-09-17 04:00:00,2025-09-17 01:00:00,2025-09-17 07:00:00,OTHER_DISRUPTION,GROUP__33014__0041,INCIDENT,0.0,0.0,0.0,0.0,0.0,0.0,0.0
INCIDENT__251315-webtirf__33014,33014,2025-10-01 22:00:00,2025-10-01 19:00:00,2025-10-02 01:00:00,OTHER_DISRUPTION,GROUP__33014__0042,INCIDENT,0.0,0.0,0.0,0.0,0.0,0.0,0.0
INCIDENT__252421-webtirf__33014,33014,2025-10-13 05:00:00,2025-10-13 02:00:00,2025-10-13 08:00:00,OTHER_DISRUPTION,GROUP__33014__0043,INCIDENT,0.0,0.0,0.0,0.0,0.0,0.0,0.0
INCIDENT__254059-webtirf__33014,33014,2025-10-28 22:00:00,2025-10-28 19:00:00,2025-10-29 01:00:00,OTHER_DISRUPTION,GROUP__33014__0044,INCIDENT,0.0,0.0,0.0,0.0,0.0,0.0,0.0
INCIDENT__254358-webtirf__33014,33014,2025-10-31 04:00:00,2025-10-31 01:00:00,2025-10-31 07:00:00,OTHER_DISRUPTION,GROUP__33014__0045,INCIDENT,0.0,0.0,0.0,0.0,0.0,0.0,0.0
INCIDENT__254723-webtirf__33014,33014,2025-11-04 06:00:00,2025-11-04 03:00:00,2025-11-04 09:00:00,OTHER_DISRUPTION,GROUP__33014__0046,INCIDENT,0.0,0.0,0.0,0.0,0.0,0.0,0.0
INCIDENT__254987-webtirf__33014,33014,2025-11-07 02:00:00,2025-11-06 23:00:00,2025-11-07 05:00:00,OTHER_DISRUPTION,GROUP__33014__0047,INCIDENT,0.0,0.0,0.0,0.0,0.0,0.0,0.0
INCIDENT__255422-webtirf__33014,33014,2025-11-11 21:00:00,2025-11-11 18:00:00,2025-11-12 00:00:00,OTHER_DISRUPTION,GROUP__33014__0048,INCIDENT,0.0,0.0,0.0,0.0,0.0,0.0,0.0
INCIDENT__255580-webtirf__33014,33014,2025-11-13 03:00:00,2025-11-13 00:00:00,2025-11-13 06:00:00,OTHER_DISRUPTION,GROUP__33014__0049,INCIDENT,0.0,0.0,0.0,0.0,0.0,0.0,0.0
INCIDENT__255580.0-webtirf__33014,33014,2025-11-13 03:00:00,2025-11-13 00:00:00,2025-11-13 06:00:00,OTHER_DISRUPTION,GROUP__33014__0049,INCIDENT,0.0,0.0,0.0,0.0,0.0,0.0,0.0
INCIDENT__256152-webtirf__33014,33014,2025-11-18 22:00:00,2025-11-18 19:00:00,2025-11-19 01:00:00,ACCIDENT,GROUP__33014__0050,INCIDENT,0.0,0.0,0.0,0.0,0.0,0.0,0.0
INCIDENT__256796-webtirf__33014,33014,2025-11-24 19:00:00,2025-11-24 16:00:00,2025-11-24 22:00:00,OTHER_DISRUPTION,GROUP__33014__0051,INCIDENT,0.0,0.0,0.0,0.0,0.0,0.0,0.0
INCIDENT__257416-webtirf__33014,33014,2025-11-28 02:00:00,2025-11-27 23:00:00,2025-11-28 05:00:00,OTHER_DISRUPTION,GROUP__33014__0052,INCIDENT,0.0,0.0,0.0,0.0,0.0,0.0,0.0
INCIDENT__257570-webtirf__33014,33014,2025-11-29 02:00:00,2025-11-28 23:00:00,2025-11-29 05:00:00,OTHER_DISRUPTION,GROUP__33014__0053,INCIDENT,0.0,0.0,0.0,0.0,0.0,0.0,0.0
INCIDENT__257570.0-webtirf__33014,33014,2025-11-29 02:00:00,2025-11-28 23:00:00,2025-11-29 05:00:00,OTHER_DISRUPTION,GROUP__33014__0053,INCIDENT,0.0,0.0,0.0,0.0,0.0,0.0,0.0
INCIDENT__258760-webtirf__33014,33014,2025-12-10 06:00:00,2025-12-10 03:00:00,2025-12-10 09:00:00,OTHER_DISRUPTION,GROUP__33014__0054,INCIDENT,0.0,0.0,0.0,0.0,0.0,0.0,0.0
INCIDENT__258760.0-webtirf__33014,33014,2025-12-10 06:00:00,2025-12-10 03:00:00,2025-12-10 09:00:00,OTHER_DISRUPTION,GROUP__33014__0054,INCIDENT,0.0,0.0,0.0,0.0,0.0,0.0,0.0
INCIDENT__259397-webtirf__33014,33014,2025-12-16 07:00:00,2025-12-16 04:00:00,2025-12-16 10:00:00,ACCIDENT,GROUP__33014__0055,INCIDENT,0.0,0.0,0.0,0.0,0.0,0.0,0.0
INCIDENT__259481-webtirf__33014,33014,2025-12-17 02:00:00,2025-12-16 23:00:00,2025-12-17 05:00:00,ACCIDENT,GROUP__33014__0056,INCIDENT,0.0,0.0,0.0,0.0,0.0,0.0,0.0
INCIDENT__259840-webtirf__33014,33014,2025-12-20 06:00:00,2025-12-20 03:00:00,2025-12-20 09:00:00,OTHER_DISRUPTION,GROUP__33014__0057,INCIDENT,0.0,0.0,0.0,0.0,0.0,0.0,0.0
INCIDENT__259840.0-webtirf__33014,33014,2025-12-20 06:00:00,2025-12-20 03:00:00,2025-12-20 09:00:00,OTHER_DISRUPTION,GROUP__33014__0057,INCIDENT,0.0,0.0,0.0,0.0,0.0,0.0,0.0
INCIDENT__221530.0-webtirf__34016,34016,2025-01-21 21:00:00,2025-01-21 18:00:00,2025-01-22 00:00:00,OTHER_DISRUPTION,GROUP__34016__0001,INCIDENT,437.0,316.0,214.0,163.0,100.0,25.0,2.0
INCIDENT__223282-webtirf__34016,34016,2025-02-08 23:00:00,2025-02-08 20:00:00,2025-02-09 02:00:00,OTHER_DISRUPTION,GROUP__34016__0002,INCIDENT,0.0,0.0,0.0,0.0,0.0,0.0,0.0
INCIDENT__224121-webtirf__34016,34016,2025-02-17 01:00:00,2025-02-16 22:00:00,2025-02-17 04:00:00,OTHER_DISRUPTION,GROUP__34016__0003,INCIDENT,0.0,0.0,0.0,0.0,0.0,0.0,0.0
INCIDENT__225334-webtirf__34016,34016,2025-02-28 05:00:00,2025-02-28 02:00:00,2025-02-28 08:00:00,OTHER_DISRUPTION,GROUP__34016__0004,INCIDENT,0.0,0.0,0.0,0.0,0.0,0.0,0.0
INCIDENT__225989-webtirf__34016,34016,2025-03-06 06:00:00,2025-03-06 03:00:00,2025-03-06 09:00:00,OTHER_DISRUPTION,GROUP__34016__0005,INCIDENT,39.0,160.0,416.0,635.0,875.0,629.0,649.0
INCIDENT__229843-webtirf__34016,34016,2025-04-01 05:00:00,2025-04-01 02:00:00,2025-04-01 08:00:00,ACCIDENT,GROUP__34016__0006,INCIDENT,1.0,0.0,5.0,4.0,2.0,6.0,4.0
INCIDENT__246177-webtirf__34016,34016,2025-08-19 06:00:00,2025-08-19 03:00:00,2025-08-19 09:00:00,OTHER_DISRUPTION,GROUP__34016__0007,INCIDENT,11.0,41.0,134.0,349.0,596.0,793.0,721.0
INCIDENT__251341-webtirf__34016,34016,2025-10-02 01:00:00,2025-10-01 22:00:00,2025-10-02 04:00:00,OTHER_DISRUPTION,GROUP__34016__0008,INCIDENT,0.0,0.0,0.0,0.0,0.0,0.0,1.0
INCIDENT__251496-webtirf__34016,34016,2025-10-03 04:00:00,2025-10-03 01:00:00,2025-10-03 07:00:00,OTHER_DISRUPTION,GROUP__34016__0009,INCIDENT,24.0,10.0,14.0,41.0,161.0,365.0,645.0
INCIDENT__253289-webtirf__34016,34016,2025-10-21 04:00:00,2025-10-21 01:00:00,2025-10-21 07:00:00,OTHER_DISRUPTION,GROUP__34016__0010,INCIDENT,40.0,57.0,164.0,606.0,1459.0,1537.0,1554.0
INCIDENT__253646-webtirf__34016,34016,2025-10-24 03:00:00,2025-10-24 00:00:00,2025-10-24 06:00:00,OTHER_DISRUPTION,GROUP__34016__0011,INCIDENT,0.0,1.0,0.0,0.0,1.0,1.0,2.0
INCIDENT__253762-webtirf__34016,34016,2025-10-25 21:00:00,2025-10-25 18:00:00,2025-10-26 00:00:00,OTHER_DISRUPTION,GROUP__34016__0012,INCIDENT,0.0,0.0,0.0,0.0,0.0,0.0,202.0
INCIDENT__256641-webtirf__34016,34016,2025-11-23 07:00:00,2025-11-23 04:00:00,2025-11-23 10:00:00,OTHER_DISRUPTION,GROUP__34016__0013,INCIDENT,46.0,119.0,195.0,326.0,550.0,676.0,770.0
INCIDENT__221135-webtirf__47024,47024,2025-01-17 21:00:00,2025-01-17 18:00:00,2025-01-18 00:00:00,OTHER_DISRUPTION,GROUP__47024__0001,INCIDENT,101.0,92.0,58.0,61.0,51.0,0.0,0.0
INCIDENT__222700.0-webtirf__47024,47024,2025-02-03 05:00:00,2025-02-03 02:00:00,2025-02-03 08:00:00,OTHER_DISRUPTION,GROUP__47024__0002,INCIDENT,0.0,0.0,0.0,0.0,0.0,0.0,0.0
INCIDENT__223506-webtirf__47024,47024,2025-02-10 23:00:00,2025-02-10 20:00:00,2025-02-11 02:00:00,OTHER_DISRUPTION,GROUP__47024__0003,INCIDENT,0.0,0.0,0.0,0.0,0.0,0.0,0.0
INCIDENT__225126-webtirf__47024,47024,2025-02-26 20:00:00,2025-02-26 17:00:00,2025-02-26 23:00:00,OTHER_DISRUPTION,GROUP__47024__0004,INCIDENT,0.0,0.0,0.0,0.0,0.0,0.0,0.0
INCIDENT__227124-webtirf__47024,47024,2025-03-11 20:00:00,2025-03-11 17:00:00,2025-03-11 23:00:00,OTHER_DISRUPTION,GROUP__47024__0005,INCIDENT,0.0,0.0,0.0,0.0,0.0,0.0,0.0
INCIDENT__227566-webtirf__47024,47024,2025-03-15 07:00:00,2025-03-15 04:00:00,2025-03-15 10:00:00,ACCIDENT,GROUP__47024__0006,INCIDENT,460.0,832.0,1039.0,1008.0,1233.0,1302.0,1279.0
INCIDENT__228135-webtirf__47024,47024,2025-03-20 19:00:00,2025-03-20 16:00:00,2025-03-20 22:00:00,ACCIDENT,GROUP__47024__0007,INCIDENT,0.0,0.0,0.0,0.0,0.0,0.0,0.0
INCIDENT__233744-webtirf__47024,47024,2025-05-06 10:00:00,2025-05-06 07:00:00,2025-05-06 13:00:00,OTHER_DISRUPTION,GROUP__47024__0008,INCIDENT,159.0,189.0,213.0,256.0,260.0,235.0,229.0
INCIDENT__237901-webtirf__47024,47024,2025-06-03 06:00:00,2025-06-03 03:00:00,2025-06-03 09:00:00,ACCIDENT,GROUP__47024__0009,INCIDENT,72.0,101.0,180.0,271.0,240.0,225.0,253.0
INCIDENT__238113-webtirf__47024,47024,2025-06-05 02:00:00,2025-06-04 23:00:00,2025-06-05 05:00:00,OTHER_DISRUPTION,GROUP__47024__0010,INCIDENT,862.0,36.0,56.0,62.0,67.0,103.0,189.0
INCIDENT__241030.0-webtirf__47024,47024,2025-07-02 02:00:00,2025-07-01 23:00:00,2025-07-02 05:00:00,OTHER_DISRUPTION,GROUP__47024__0011,INCIDENT,27.0,271.0,246.0,225.0,278.0,548.0,1027.0
INCIDENT__242905-webtirf__47024,47024,2025-07-22 00:00:00,2025-07-21 21:00:00,2025-07-22 03:00:00,OTHER_DISRUPTION,GROUP__47024__0012,INCIDENT,64.0,51.0,53.0,365.0,237.0,199.0,244.0
INCIDENT__243286-webtirf__47024,47024,2025-07-25 06:00:00,2025-07-25 03:00:00,2025-07-25 09:00:00,OTHER_DISRUPTION,GROUP__47024__0013,INCIDENT,303.0,573.0,1144.0,1180.0,1135.0,1201.0,1128.0
INCIDENT__246934-webtirf__47024,47024,2025-08-22 07:00:00,2025-08-22 04:00:00,2025-08-22 10:00:00,OTHER_DISRUPTION,GROUP__47024__0014,INCIDENT,99.0,157.0,258.0,249.0,229.0,267.0,242.0
INCIDENT__248980-webtirf__47024,47024,2025-09-10 06:00:00,2025-09-10 03:00:00,2025-09-10 09:00:00,ACCIDENT,GROUP__47024__0015,INCIDENT,263.0,405.0,895.0,990.0,902.0,1084.0,998.0
INCIDENT__248980.0-webtirf__47024,47024,2025-09-10 06:00:00,2025-09-10 03:00:00,2025-09-10 09:00:00,ACCIDENT,GROUP__47024__0015,INCIDENT,263.0,405.0,895.0,990.0,902.0,1084.0,998.0
INCIDENT__250093-webtirf__47024,47024,2025-09-19 13:00:00,2025-09-19 10:00:00,2025-09-19 16:00:00,ACCIDENT,GROUP__47024__0016,INCIDENT,1128.0,1076.0,1201.0,1269.0,1277.0,1393.0,1551.0
INCIDENT__250916-webtirf__47024,47024,2025-09-28 03:00:00,2025-09-28 00:00:00,2025-09-28 06:00:00,OTHER_DISRUPTION,GROUP__47024__0017,INCIDENT,521.0,324.0,240.0,262.0,356.0,555.0,750.0
INCIDENT__254392-webtirf__47024,47024,2025-10-31 06:00:00,2025-10-31 03:00:00,2025-10-31 09:00:00,OTHER_DISRUPTION,GROUP__47024__0018,INCIDENT,254.0,422.0,975.0,1024.0,911.0,928.0,1000.0
INCIDENT__257292-webtirf__47024,47024,2025-11-27 07:00:00,2025-11-27 04:00:00,2025-11-27 10:00:00,OTHER_DISRUPTION,GROUP__47024__0019,INCIDENT,114.0,200.0,239.0,262.0,254.0,260.0,263.0
INCIDENT__219811-webtirf__50240,50240,2025-01-07 04:00:00,2025-01-07 01:00:00,2025-01-07 07:00:00,OTHER_DISRUPTION,GROUP__50240__0001,INCIDENT,210.0,136.0,149.0,320.0,877.0,1699.0,1895.0
INCIDENT__220217-webtirf__50240,50240,2025-01-11 02:00:00,2025-01-10 23:00:00,2025-01-11 05:00:00,OTHER_DISRUPTION,GROUP__50240__0002,INCIDENT,51.0,0.0,0.0,0.0,0.0,0.0,0.0
INCIDENT__220489-webtirf__50240,50240,2025-01-14 04:00:00,2025-01-14 01:00:00,2025-01-14 07:00:00,OTHER_DISRUPTION,GROUP__50240__0003,INCIDENT,57.0,78.0,84.0,136.0,295.0,530.0,421.0
INCIDENT__222574-webtirf__50240,50240,2025-02-01 17:00:00,2025-02-01 14:00:00,2025-02-01 20:00:00,OTHER_DISRUPTION,GROUP__50240__0004,INCIDENT,0.0,0.0,0.0,0.0,0.0,0.0,0.0
INCIDENT__223057-webtirf__50240,50240,2025-02-06 19:00:00,2025-02-06 16:00:00,2025-02-06 22:00:00,ACCIDENT,GROUP__50240__0005,INCIDENT,0.0,0.0,0.0,0.0,0.0,0.0,0.0
INCIDENT__223090.0-webtirf__50240,50240,2025-02-06 23:00:00,2025-02-06 20:00:00,2025-02-07 02:00:00,OTHER_DISRUPTION,GROUP__50240__0005,INCIDENT,0.0,0.0,0.0,0.0,0.0,0.0,0.0
INCIDENT__223489-webtirf__50240,50240,2025-02-10 21:00:00,2025-02-10 18:00:00,2025-02-11 00:00:00,ACCIDENT,GROUP__50240__0006,INCIDENT,0.0,0.0,0.0,0.0,0.0,0.0,0.0
INCIDENT__223583-webtirf__50240,50240,2025-02-11 22:00:00,2025-02-11 19:00:00,2025-02-12 01:00:00,OTHER_DISRUPTION,GROUP__50240__0007,INCIDENT,0.0,0.0,0.0,0.0,0.0,0.0,0.0
INCIDENT__225693-webtirf__50240,50240,2025-03-04 22:00:00,2025-03-04 19:00:00,2025-03-05 01:00:00,OTHER_DISRUPTION,GROUP__50240__0008,INCIDENT,1991.0,1825.0,1609.0,1280.0,896.0,36.0,31.0
INCIDENT__226011-webtirf__50240,50240,2025-03-06 10:00:00,2025-03-06 07:00:00,2025-03-06 13:00:00,OTHER_DISRUPTION,GROUP__50240__0009,INCIDENT,164.0,129.0,184.0,227.0,221.0,261.0,245.0
INCIDENT__226884-webtirf__50240,50240,2025-03-10 02:00:00,2025-03-09 23:00:00,2025-03-10 05:00:00,ACCIDENT,GROUP__50240__0010,INCIDENT,478.0,295.0,174.0,125.0,247.0,700.0,2079.0
INCIDENT__227008-webtirf__50240,50240,2025-03-10 23:00:00,2025-03-10 20:00:00,2025-03-11 02:00:00,OTHER_DISRUPTION,GROUP__50240__0011,INCIDENT,1231.0,973.0,642.0,350.0,237.0,143.0,145.0
INCIDENT__227126-webtirf__50240,50240,2025-03-11 20:00:00,2025-03-11 17:00:00,2025-03-11 23:00:00,OTHER_DISRUPTION,GROUP__50240__0012,INCIDENT,2059.0,2001.0,1359.0,1146.0,1023.0,713.0,386.0
INCIDENT__227547-webtirf__50240,50240,2025-03-15 01:00:00,2025-03-14 22:00:00,2025-03-15 04:00:00,ACCIDENT,GROUP__50240__0013,INCIDENT,142.0,64.0,45.0,46.0,23.0,33.0,38.0
INCIDENT__227606-webtirf__50240,50240,2025-03-16 00:00:00,2025-03-15 21:00:00,2025-03-16 03:00:00,OTHER_DISRUPTION,GROUP__50240__0014,INCIDENT,78.0,80.0,55.0,28.0,18.0,10.0,20.0
INCIDENT__228549-webtirf__50240,50240,2025-03-24 19:00:00,2025-03-24 16:00:00,2025-03-24 22:00:00,ACCIDENT,GROUP__50240__0015,INCIDENT,179.0,165.0,155.0,138.0,95.0,66.0,65.0
INCIDENT__229859-webtirf__50240,50240,2025-04-01 06:00:00,2025-04-01 03:00:00,2025-04-01 09:00:00,ACCIDENT,GROUP__50240__0016,INCIDENT,245.0,727.0,2132.0,2625.0,2616.0,2570.0,2068.0
INCIDENT__230346-webtirf__50240,50240,2025-04-04 03:00:00,2025-04-04 00:00:00,2025-04-04 06:00:00,OTHER_DISRUPTION,GROUP__50240__0017,INCIDENT,52.0,42.0,56.0,83.0,81.0,209.0,343.0
INCIDENT__230884-webtirf__50240,50240,2025-04-09 16:00:00,2025-04-09 13:00:00,2025-04-09 19:00:00,OTHER_DISRUPTION,GROUP__50240__0018,INCIDENT,2312.0,2549.0,2549.0,2554.0,2505.0,2663.0,2314.0
INCIDENT__231407-webtirf__50240,50240,2025-04-14 09:00:00,2025-04-14 06:00:00,2025-04-14 12:00:00,OTHER_DISRUPTION,GROUP__50240__0019,INCIDENT,2571.0,2511.0,2626.0,2191.0,1894.0,1826.0,1823.0
INCIDENT__231808-webtirf__50240,50240,2025-04-17 07:00:00,2025-04-17 04:00:00,2025-04-17 10:00:00,ACCIDENT,GROUP__50240__0020,INCIDENT,64.0,185.0,300.0,274.0,285.0,385.0,375.0
INCIDENT__232913-webtirf__50240,50240,2025-04-29 03:00:00,2025-04-29 00:00:00,2025-04-29 06:00:00,OTHER_DISRUPTION,GROUP__50240__0021,INCIDENT,55.0,51.0,39.0,54.0,80.0,182.0,312.0
INCIDENT__233165-webtirf__50240,50240,2025-05-01 00:00:00,2025-04-30 21:00:00,2025-05-01 03:00:00,ACCIDENT,GROUP__50240__0022,INCIDENT,67.0,59.0,41.0,406.0,224.0,170.0,182.0
INCIDENT__233406-webtirf__50240,50240,2025-05-03 01:00:00,2025-05-02 22:00:00,2025-05-03 04:00:00,OTHER_DISRUPTION,GROUP__50240__0023,INCIDENT,52.0,45.0,33.0,25.0,31.0,30.0,68.0
INCIDENT__234192-webtirf__50240,50240,2025-05-10 12:00:00,2025-05-10 09:00:00,2025-05-10 15:00:00,ACCIDENT,GROUP__50240__0024,INCIDENT,2318.0,2429.0,2450.0,2479.0,2598.0,2604.0,2448.0
INCIDENT__234833-webtirf__50240,50240,2025-05-16 06:00:00,2025-05-16 03:00:00,2025-05-16 09:00:00,OTHER_DISRUPTION,GROUP__50240__0025,INCIDENT,59.0,80.0,180.0,328.0,259.0,270.0,370.0
INCIDENT__236126-webtirf__50240,50240,2025-05-22 08:00:00,2025-05-22 05:00:00,2025-05-22 11:00:00,OTHER_DISRUPTION,GROUP__50240__0026,INCIDENT,149.0,310.0,258.0,233.0,337.0,236.0,355.0
INCIDENT__239042-webtirf__50240,50240,2025-06-14 14:00:00,2025-06-14 11:00:00,2025-06-14 17:00:00,OTHER_DISRUPTION,GROUP__50240__0027,INCIDENT,166.0,176.0,162.0,147.0,134.0,139.0,136.0
INCIDENT__239574-webtirf__50240,50240,2025-06-19 10:00:00,2025-06-19 07:00:00,2025-06-19 13:00:00,ACCIDENT,GROUP__50240__0028,INCIDENT,2438.0,2468.0,2206.0,1767.0,1810.0,1784.0,1915.0
INCIDENT__240322-webtirf__50240,50240,2025-06-26 19:00:00,2025-06-26 16:00:00,2025-06-26 22:00:00,OTHER_DISRUPTION,GROUP__50240__0029,INCIDENT,166.0,154.0,161.0,151.0,113.0,64.0,52.0
INCIDENT__240656-webtirf__50240,50240,2025-06-30 20:00:00,2025-06-30 17:00:00,2025-06-30 23:00:00,OTHER_DISRUPTION,GROUP__50240__0030,INCIDENT,2509.0,2413.0,1971.0,1545.0,1375.0,1156.0,699.0
INCIDENT__241117-webtirf__50240,50240,2025-07-02 14:00:00,2025-07-02 11:00:00,2025-07-02 17:00:00,ACCIDENT,GROUP__50240__0031,INCIDENT,0.0,308.0,293.0,286.0,273.0,223.0,181.0
INCIDENT__241835-webtirf__50240,50240,2025-07-10 05:00:00,2025-07-10 02:00:00,2025-07-10 08:00:00,OTHER_DISRUPTION,GROUP__50240__0032,INCIDENT,55.0,80.0,115.0,345.0,560.0,388.0,382.0
INCIDENT__241879-webtirf__50240,50240,2025-07-10 20:00:00,2025-07-10 17:00:00,2025-07-10 23:00:00,ACCIDENT,GROUP__50240__0033,INCIDENT,179.0,164.0,126.0,98.0,72.0,62.0,50.0
INCIDENT__242161-webtirf__50240,50240,2025-07-14 19:00:00,2025-07-14 16:00:00,2025-07-14 22:00:00,ACCIDENT,GROUP__50240__0034,INCIDENT,259.0,225.0,185.0,111.0,87.0,65.0,66.0
INCIDENT__243623-webtirf__50240,50240,2025-07-28 23:00:00,2025-07-28 20:00:00,2025-07-29 02:00:00,OTHER_DISRUPTION,GROUP__50240__0035,INCIDENT,1657.0,1375.0,1194.0,626.0,40.0,44.0,37.0
INCIDENT__245595-webtirf__50240,50240,2025-08-13 07:00:00,2025-08-13 04:00:00,2025-08-13 10:00:00,OTHER_DISRUPTION,GROUP__50240__0036,INCIDENT,142.0,361.0,538.0,412.0,359.0,386.0,371.0
INCIDENT__247511-webtirf__50240,50240,2025-08-28 04:00:00,2025-08-28 01:00:00,2025-08-28 07:00:00,OTHER_DISRUPTION,GROUP__50240__0037,INCIDENT,167.0,175.0,228.0,687.0,2076.0,2552.0,2418.0
INCIDENT__247978-webtirf__50240,50240,2025-09-02 03:00:00,2025-09-02 00:00:00,2025-09-02 06:00:00,OTHER_DISRUPTION,GROUP__50240__0038,INCIDENT,189.0,134.0,151.0,250.0,721.0,1721.0,1620.0
INCIDENT__247979-webtirf__50240,50240,2025-09-02 03:00:00,2025-09-02 00:00:00,2025-09-02 06:00:00,OTHER_DISRUPTION,GROUP__50240__0038,INCIDENT,189.0,134.0,151.0,250.0,721.0,1721.0,1620.0
INCIDENT__248308-webtirf__50240,50240,2025-09-05 05:00:00,2025-09-05 02:00:00,2025-09-05 08:00:00,OTHER_DISRUPTION,GROUP__50240__0039,INCIDENT,164.0,243.0,707.0,1910.0,2567.0,2624.0,2331.0
INCIDENT__250927-webtirf__50240,50240,2025-09-28 07:00:00,2025-09-28 04:00:00,2025-09-28 10:00:00,OTHER_DISRUPTION,GROUP__50240__0040,INCIDENT,322.0,680.0,1092.0,1115.0,1525.0,2291.0,2211.0
INCIDENT__250941-webtirf__50240,50240,2025-09-28 19:00:00,2025-09-28 16:00:00,2025-09-28 22:00:00,ACCIDENT,GROUP__50240__0041,INCIDENT,2179.0,2106.0,1881.0,1539.0,1315.0,1282.0,0.0
INCIDENT__251582-webtirf__50240,50240,2025-10-04 04:00:00,2025-10-04 01:00:00,2025-10-04 07:00:00,OTHER_DISRUPTION,GROUP__50240__0042,INCIDENT,263.0,206.0,234.0,386.0,932.0,1564.0,1570.0
INCIDENT__252780-webtirf__50240,50240,2025-10-16 04:00:00,2025-10-16 01:00:00,2025-10-16 07:00:00,OTHER_DISRUPTION,GROUP__50240__0043,INCIDENT,56.0,64.0,100.0,143.0,380.0,527.0,397.0
INCIDENT__252780.0-webtirf__50240,50240,2025-10-16 04:00:00,2025-10-16 01:00:00,2025-10-16 07:00:00,OTHER_DISRUPTION,GROUP__50240__0043,INCIDENT,56.0,64.0,100.0,143.0,380.0,527.0,397.0
INCIDENT__252963-webtirf__50240,50240,2025-10-17 09:00:00,2025-10-17 06:00:00,2025-10-17 12:00:00,OTHER_DISRUPTION,GROUP__50240__0044,INCIDENT,513.0,405.0,368.0,398.0,388.0,398.0,334.0
INCIDENT__253176-webtirf__50240,50240,2025-10-20 03:00:00,2025-10-20 00:00:00,2025-10-20 06:00:00,OTHER_DISRUPTION,GROUP__50240__0045,INCIDENT,303.0,167.0,158.0,233.0,693.0,2033.0,2610.0
INCIDENT__253799-webtirf__50240,50240,2025-10-26 07:00:00,2025-10-26 04:00:00,2025-10-26 10:00:00,OTHER_DISRUPTION,GROUP__50240__0046,INCIDENT,303.0,635.0,990.0,1178.0,1630.0,2157.0,2087.0
INCIDENT__255570-webtirf__50240,50240,2025-11-13 03:00:00,2025-11-13 00:00:00,2025-11-13 06:00:00,OTHER_DISRUPTION,GROUP__50240__0047,INCIDENT,53.0,62.0,66.0,78.0,147.0,373.0,497.0
INCIDENT__255570.0-webtirf__50240,50240,2025-11-13 03:00:00,2025-11-13 00:00:00,2025-11-13 06:00:00,OTHER_DISRUPTION,GROUP__50240__0047,INCIDENT,53.0,62.0,66.0,78.0,147.0,373.0,497.0
INCIDENT__255779-webtirf__50240,50240,2025-11-14 20:00:00,2025-11-14 17:00:00,2025-11-14 23:00:00,ACCIDENT,GROUP__50240__0048,INCIDENT,153.0,175.0,120.0,100.0,86.0,69.0,57.0
INCIDENT__256019-webtirf__50240,50240,2025-11-17 19:00:00,2025-11-17 16:00:00,2025-11-17 22:00:00,OTHER_DISRUPTION,GROUP__50240__0049,INCIDENT,2079.0,2055.0,1482.0,1096.0,1145.0,877.0,466.0
INCIDENT__257686-webtirf__50240,50240,2025-11-30 19:00:00,2025-11-30 16:00:00,2025-11-30 22:00:00,OTHER_DISRUPTION,GROUP__50240__0050,INCIDENT,0.0,0.0,0.0,0.0,0.0,0.0,0.0
INCIDENT__258140-webtirf__50240,50240,2025-12-04 08:00:00,2025-12-04 05:00:00,2025-12-04 11:00:00,ACCIDENT,GROUP__50240__0051,INCIDENT,2098.0,2591.0,2540.0,2391.0,2162.0,1853.0,1750.0
INCIDENT__258140.0-webtirf__50240,50240,2025-12-04 08:00:00,2025-12-04 05:00:00,2025-12-04 11:00:00,ACCIDENT,GROUP__50240__0051,INCIDENT,2098.0,2591.0,2540.0,2391.0,2162.0,1853.0,1750.0
INCIDENT__258248-webtirf__50240,50240,2025-12-05 03:00:00,2025-12-05 00:00:00,2025-12-05 06:00:00,OTHER_DISRUPTION,GROUP__50240__0052,INCIDENT,80.0,73.0,58.0,102.0,185.0,390.0,555.0
INCIDENT__258513-webtirf__50240,50240,2025-12-08 05:00:00,2025-12-08 02:00:00,2025-12-08 08:00:00,ACCIDENT,GROUP__50240__0053,INCIDENT,44.0,91.0,162.0,378.0,537.0,432.0,335.0
INCIDENT__260332-webtirf__50240,50240,2025-12-26 10:00:00,2025-12-26 07:00:00,2025-12-26 13:00:00,ACCIDENT,GROUP__50240__0054,INCIDENT,21.0,38.0,43.0,44.0,54.0,48.0,47.0
INCIDENT__220591-webtirf__50250,50250,2025-01-15 00:00:00,2025-01-14 21:00:00,2025-01-15 03:00:00,OTHER_DISRUPTION,GROUP__50250__0001,INCIDENT,25.0,11.0,3.0,2.0,0.0,2.0,9.0
INCIDENT__224652-webtirf__50250,50250,2025-02-21 07:00:00,2025-02-21 04:00:00,2025-02-21 10:00:00,ACCIDENT,GROUP__50250__0002,INCIDENT,0.0,0.0,0.0,0.0,0.0,0.0,0.0
INCIDENT__232028-webtirf__50250,50250,2025-04-21 06:00:00,2025-04-21 03:00:00,2025-04-21 09:00:00,OTHER_DISRUPTION,GROUP__50250__0003,INCIDENT,0.0,0.0,0.0,0.0,0.0,0.0,0.0
INCIDENT__244026-webtirf__50250,50250,2025-08-01 03:00:00,2025-08-01 00:00:00,2025-08-01 06:00:00,ACCIDENT,GROUP__50250__0004,INCIDENT,0.0,0.0,1.0,3.0,5.0,19.0,45.0
INCIDENT__248546-webtirf__50250,50250,2025-09-08 03:00:00,2025-09-08 00:00:00,2025-09-08 06:00:00,OTHER_DISRUPTION,GROUP__50250__0005,INCIDENT,0.0,1.0,2.0,2.0,8.0,82.0,133.0
INCIDENT__253520-webtirf__50250,50250,2025-10-23 01:00:00,2025-10-22 22:00:00,2025-10-23 04:00:00,ACCIDENT,GROUP__50250__0006,INCIDENT,2.0,0.0,0.0,1.0,1.0,3.0,17.0
INCIDENT__253520.0-webtirf__50250,50250,2025-10-23 01:00:00,2025-10-22 22:00:00,2025-10-23 04:00:00,ACCIDENT,GROUP__50250__0006,INCIDENT,2.0,0.0,0.0,1.0,1.0,3.0,17.0
INCIDENT__258962-webtirf__50250,50250,2025-12-12 01:00:00,2025-12-11 22:00:00,2025-12-12 04:00:00,ACCIDENT,GROUP__50250__0007,INCIDENT,3.0,0.0,0.0,0.0,0.0,0.0,0.0
INCIDENT__220247-webtirf__50260,50260,2025-01-11 21:00:00,2025-01-11 18:00:00,2025-01-12 00:00:00,ACCIDENT,GROUP__50260__0001,INCIDENT,78.0,64.0,51.0,28.0,32.0,25.0,287.0
INCIDENT__225760.0-webtirf__50260,50260,2025-03-05 04:00:00,2025-03-05 01:00:00,2025-03-05 07:00:00,OTHER_DISRUPTION,GROUP__50260__0002,INCIDENT,112.0,70.0,66.0,165.0,702.0,1997.0,1798.0
INCIDENT__231394-webtirf__50260,50260,2025-04-14 06:00:00,2025-04-14 03:00:00,2025-04-14 09:00:00,ACCIDENT,GROUP__50260__0003,INCIDENT,27.0,67.0,136.0,372.0,384.0,343.0,347.0
INCIDENT__238601-webtirf__50260,50260,2025-06-10 20:00:00,2025-06-10 17:00:00,2025-06-10 23:00:00,OTHER_DISRUPTION,GROUP__50260__0004,INCIDENT,204.0,185.0,110.0,68.0,52.0,44.0,47.0
INCIDENT__239723-webtirf__50260,50260,2025-06-21 01:00:00,2025-06-20 22:00:00,2025-06-21 04:00:00,ACCIDENT,GROUP__50260__0005,INCIDENT,685.0,387.0,253.0,145.0,112.0,128.0,171.0
INCIDENT__241849-webtirf__50260,50260,2025-07-10 07:00:00,2025-07-10 04:00:00,2025-07-10 10:00:00,ACCIDENT,GROUP__50260__0006,INCIDENT,271.0,866.0,1749.0,2370.0,2486.0,2067.0,1916.0
INCIDENT__243298-webtirf__50260,50260,2025-07-25 08:00:00,2025-07-25 05:00:00,2025-07-25 11:00:00,ACCIDENT,GROUP__50260__0007,INCIDENT,662.0,1928.0,1722.0,1770.0,1392.0,1299.0,1460.0
INCIDENT__219796-webtirf__51235,51235,2025-01-07 02:00:00,2025-01-06 23:00:00,2025-01-07 05:00:00,ACCIDENT,GROUP__51235__0001,INCIDENT,19.0,145.0,81.0,64.0,106.0,293.0,887.0
INCIDENT__220287-webtirf__51235,51235,2025-01-12 13:00:00,2025-01-12 10:00:00,2025-01-12 16:00:00,OTHER_DISRUPTION,GROUP__51235__0002,INCIDENT,66.0,59.0,53.0,52.0,53.0,45.0,50.0
INCIDENT__220326-webtirf__51235,51235,2025-01-13 00:00:00,2025-01-12 21:00:00,2025-01-13 03:00:00,OTHER_DISRUPTION,GROUP__51235__0003,INCIDENT,32.0,35.0,20.0,182.0,92.0,82.0,112.0
INCIDENT__220944-webtirf__51235,51235,2025-01-17 02:00:00,2025-01-16 23:00:00,2025-01-17 05:00:00,OTHER_DISRUPTION,GROUP__51235__0004,INCIDENT,347.0,105.0,72.0,53.0,60.0,0.0,0.0
INCIDENT__221452-webtirf__51235,51235,2025-01-21 01:00:00,2025-01-20 22:00:00,2025-01-21 04:00:00,OTHER_DISRUPTION,GROUP__51235__0005,INCIDENT,21.0,7.0,135.0,88.0,72.0,103.0,328.0
INCIDENT__221723-webtirf__51235,51235,2025-01-23 15:00:00,2025-01-23 12:00:00,2025-01-23 18:00:00,OTHER_DISRUPTION,GROUP__51235__0006,INCIDENT,170.0,179.0,150.0,129.0,99.0,95.0,115.0
INCIDENT__222366-webtirf__51235,51235,2025-01-30 19:00:00,2025-01-30 16:00:00,2025-01-30 22:00:00,OTHER_DISRUPTION,GROUP__51235__0007,INCIDENT,10.0,72.0,64.0,55.0,42.0,35.0,31.0
INCIDENT__222498-webtirf__51235,51235,2025-01-31 08:00:00,2025-01-31 05:00:00,2025-01-31 11:00:00,OTHER_DISRUPTION,GROUP__51235__0008,INCIDENT,0.0,0.0,0.0,0.0,0.0,0.0,0.0
INCIDENT__223196-webtirf__51235,51235,2025-02-07 22:00:00,2025-02-07 19:00:00,2025-02-08 01:00:00,OTHER_DISRUPTION,GROUP__51235__0009,INCIDENT,0.0,0.0,0.0,0.0,0.0,0.0,0.0
INCIDENT__223705-webtirf__51235,51235,2025-02-12 23:00:00,2025-02-12 20:00:00,2025-02-13 02:00:00,OTHER_DISRUPTION,GROUP__51235__0010,INCIDENT,0.0,0.0,0.0,0.0,0.0,0.0,0.0
INCIDENT__224789-webtirf__51235,51235,2025-02-23 19:00:00,2025-02-23 16:00:00,2025-02-23 22:00:00,ACCIDENT,GROUP__51235__0011,INCIDENT,0.0,0.0,0.0,0.0,0.0,0.0,0.0
INCIDENT__225235-webtirf__51235,51235,2025-02-27 21:00:00,2025-02-27 18:00:00,2025-02-28 00:00:00,OTHER_DISRUPTION,GROUP__51235__0012,INCIDENT,0.0,0.0,0.0,0.0,0.0,0.0,0.0
INCIDENT__225780.0-webtirf__51235,51235,2025-03-05 06:00:00,2025-03-05 03:00:00,2025-03-05 09:00:00,ACCIDENT,GROUP__51235__0013,INCIDENT,28.0,50.0,136.0,308.0,213.0,164.0,236.0
INCIDENT__227321-webtirf__51235,51235,2025-03-12 23:00:00,2025-03-12 20:00:00,2025-03-13 02:00:00,OTHER_DISRUPTION,GROUP__51235__0014,INCIDENT,0.0,0.0,0.0,0.0,0.0,0.0,0.0
INCIDENT__229747-webtirf__51235,51235,2025-03-31 08:00:00,2025-03-31 05:00:00,2025-03-31 11:00:00,ACCIDENT,GROUP__51235__0015,INCIDENT,138.0,226.0,211.0,197.0,263.0,226.0,171.0
INCIDENT__230965-webtirf__51235,51235,2025-04-10 05:00:00,2025-04-10 02:00:00,2025-04-10 08:00:00,OTHER_DISRUPTION,GROUP__51235__0016,INCIDENT,74.0,129.0,390.0,1150.0,2253.0,2123.0,2114.0
INCIDENT__230968-webtirf__51235,51235,2025-04-10 05:00:00,2025-04-10 02:00:00,2025-04-10 08:00:00,OTHER_DISRUPTION,GROUP__51235__0016,INCIDENT,74.0,129.0,390.0,1150.0,2253.0,2123.0,2114.0
INCIDENT__231756-webtirf__51235,51235,2025-04-17 01:00:00,2025-04-16 22:00:00,2025-04-17 04:00:00,OTHER_DISRUPTION,GROUP__51235__0017,INCIDENT,37.0,18.0,148.0,99.0,88.0,139.0,361.0
INCIDENT__231973-webtirf__51235,51235,2025-04-20 03:00:00,2025-04-20 00:00:00,2025-04-20 06:00:00,OTHER_DISRUPTION,GROUP__51235__0018,INCIDENT,16.0,11.0,14.0,11.0,11.0,15.0,14.0
INCIDENT__232302-webtirf__51235,51235,2025-04-23 15:00:00,2025-04-23 12:00:00,2025-04-23 18:00:00,ACCIDENT,GROUP__51235__0019,INCIDENT,1307.0,1373.0,1618.0,1793.0,1878.0,1908.0,1711.0
INCIDENT__233651-webtirf__51235,51235,2025-05-05 23:00:00,2025-05-05 20:00:00,2025-05-06 02:00:00,OTHER_DISRUPTION,GROUP__51235__0020,INCIDENT,50.0,35.0,25.0,21.0,223.0,115.0,90.0
INCIDENT__235801-webtirf__51235,51235,2025-05-21 07:00:00,2025-05-21 04:00:00,2025-05-21 10:00:00,ACCIDENT,GROUP__51235__0021,INCIDENT,355.0,1243.0,2202.0,2154.0,2083.0,2057.0,1565.0
INCIDENT__236589-webtirf__51235,51235,2025-05-23 20:00:00,2025-05-23 17:00:00,2025-05-23 23:00:00,ACCIDENT,GROUP__51235__0022,INCIDENT,2006.0,1796.0,1336.0,1066.0,967.0,975.0,627.0
INCIDENT__236690.0-webtirf__51235,51235,2025-05-25 01:00:00,2025-05-24 22:00:00,2025-05-25 04:00:00,ACCIDENT,GROUP__51235__0023,INCIDENT,32.0,40.0,20.0,12.0,9.0,12.0,15.0
INCIDENT__237142-webtirf__51235,51235,2025-05-27 21:00:00,2025-05-27 18:00:00,2025-05-28 00:00:00,OTHER_DISRUPTION,GROUP__51235__0024,INCIDENT,1683.0,1159.0,967.0,866.0,532.0,245.0,18.0
INCIDENT__237829-webtirf__51235,51235,2025-06-02 23:00:00,2025-06-02 20:00:00,2025-06-03 02:00:00,OTHER_DISRUPTION,GROUP__51235__0025,INCIDENT,35.0,41.0,28.0,25.0,19.0,19.0,10.0
INCIDENT__238076-webtirf__51235,51235,2025-06-04 22:00:00,2025-06-04 19:00:00,2025-06-05 01:00:00,OTHER_DISRUPTION,GROUP__51235__0026,INCIDENT,1500.0,1163.0,1155.0,883.0,528.0,20.0,21.0
INCIDENT__238195-webtirf__51235,51235,2025-06-05 21:00:00,2025-06-05 18:00:00,2025-06-06 00:00:00,OTHER_DISRUPTION,GROUP__51235__0027,INCIDENT,79.0,78.0,56.0,42.0,42.0,24.0,154.0
INCIDENT__238367-webtirf__51235,51235,2025-06-07 08:00:00,2025-06-07 05:00:00,2025-06-07 11:00:00,ACCIDENT,GROUP__51235__0028,INCIDENT,23.0,53.0,91.0,104.0,87.0,108.0,98.0
INCIDENT__240101-webtirf__51235,51235,2025-06-24 21:00:00,2025-06-24 18:00:00,2025-06-25 00:00:00,OTHER_DISRUPTION,GROUP__51235__0029,INCIDENT,108.0,68.0,51.0,49.0,44.0,22.0,17.0
INCIDENT__241451-webtirf__51235,51235,2025-07-06 07:00:00,2025-07-06 04:00:00,2025-07-06 10:00:00,ACCIDENT,GROUP__51235__0030,INCIDENT,172.0,146.0,318.0,484.0,695.0,1057.0,1289.0
INCIDENT__241515-webtirf__51235,51235,2025-07-07 01:00:00,2025-07-06 22:00:00,2025-07-07 04:00:00,OTHER_DISRUPTION,GROUP__51235__0031,INCIDENT,753.0,405.0,11.0,9.0,12.0,13.0,41.0
INCIDENT__241608-webtirf__51235,51235,2025-07-08 05:00:00,2025-07-08 02:00:00,2025-07-08 08:00:00,OTHER_DISRUPTION,GROUP__51235__0032,INCIDENT,77.0,125.0,321.0,1102.0,2134.0,2002.0,2137.0
INCIDENT__242475-webtirf__51235,51235,2025-07-17 01:00:00,2025-07-16 22:00:00,2025-07-17 04:00:00,OTHER_DISRUPTION,GROUP__51235__0033,INCIDENT,26.0,18.0,15.0,25.0,15.0,29.0,42.0
INCIDENT__242997-webtirf__51235,51235,2025-07-22 23:00:00,2025-07-22 20:00:00,2025-07-23 02:00:00,ACCIDENT,GROUP__51235__0034,INCIDENT,50.0,55.0,35.0,33.0,111.0,70.0,69.0
INCIDENT__246521-webtirf__51235,51235,2025-08-20 22:00:00,2025-08-20 19:00:00,2025-08-21 01:00:00,OTHER_DISRUPTION,GROUP__51235__0035,INCIDENT,73.0,41.0,24.0,27.0,15.0,23.0,15.0
INCIDENT__246935-webtirf__51235,51235,2025-08-22 07:00:00,2025-08-22 04:00:00,2025-08-22 10:00:00,OTHER_DISRUPTION,GROUP__51235__0036,INCIDENT,49.0,128.0,280.0,176.0,191.0,235.0,215.0
INCIDENT__247454-webtirf__51235,51235,2025-08-27 22:00:00,2025-08-27 19:00:00,2025-08-28 01:00:00,OTHER_DISRUPTION,GROUP__51235__0037,INCIDENT,84.0,67.0,0.0,38.0,30.0,28.0,17.0
INCIDENT__247517-webtirf__51235,51235,2025-08-28 04:00:00,2025-08-28 01:00:00,2025-08-28 07:00:00,OTHER_DISRUPTION,GROUP__51235__0037,INCIDENT,17.0,19.0,19.0,30.0,66.0,116.0,140.0
INCIDENT__249624-webtirf__51235,51235,2025-09-15 08:00:00,2025-09-15 05:00:00,2025-09-15 11:00:00,ACCIDENT,GROUP__51235__0038,INCIDENT,129.0,360.0,233.0,201.0,270.0,246.0,188.0
INCIDENT__249857-webtirf__51235,51235,2025-09-17 07:00:00,2025-09-17 04:00:00,2025-09-17 10:00:00,OTHER_DISRUPTION,GROUP__51235__0039,INCIDENT,393.0,1174.0,2234.0,2136.0,2019.0,1837.0,1559.0
INCIDENT__250058-webtirf__51235,51235,2025-09-19 06:00:00,2025-09-19 03:00:00,2025-09-19 09:00:00,OTHER_DISRUPTION,GROUP__51235__0040,INCIDENT,29.0,45.0,152.0,367.0,259.0,222.0,253.0
INCIDENT__251641-webtirf__51235,51235,2025-10-05 16:00:00,2025-10-05 13:00:00,2025-10-05 19:00:00,ACCIDENT,GROUP__51235__0041,INCIDENT,64.0,54.0,59.0,57.0,50.0,49.0,55.0
INCIDENT__253486-webtirf__51235,51235,2025-10-22 20:00:00,2025-10-22 17:00:00,2025-10-22 23:00:00,OTHER_DISRUPTION,GROUP__51235__0042,INCIDENT,1870.0,1577.0,854.0,930.0,535.0,116.0,61.0
INCIDENT__253798-webtirf__51235,51235,2025-10-26 06:00:00,2025-10-26 03:00:00,2025-10-26 09:00:00,OTHER_DISRUPTION,GROUP__51235__0043,INCIDENT,8.0,16.0,40.0,31.0,62.0,68.0,48.0
INCIDENT__254277-webtirf__51235,51235,2025-10-30 20:00:00,2025-10-30 17:00:00,2025-10-30 23:00:00,OTHER_DISRUPTION,GROUP__51235__0044,INCIDENT,539.0,463.0,372.0,319.0,277.0,236.0,142.0
INCIDENT__256183-webtirf__51235,51235,2025-11-19 03:00:00,2025-11-19 00:00:00,2025-11-19 06:00:00,OTHER_DISRUPTION,GROUP__51235__0045,INCIDENT,133.0,116.0,94.0,138.0,356.0,1247.0,2201.0
INCIDENT__256625-webtirf__51235,51235,2025-11-23 02:00:00,2025-11-22 23:00:00,2025-11-23 05:00:00,OTHER_DISRUPTION,GROUP__51235__0046,INCIDENT,30.0,18.0,12.0,9.0,13.0,11.0,24.0
INCIDENT__256804-webtirf__51235,51235,2025-11-24 20:00:00,2025-11-24 17:00:00,2025-11-24 23:00:00,OTHER_DISRUPTION,GROUP__51235__0047,INCIDENT,109.0,83.0,89.0,49.0,44.0,28.0,25.0
INCIDENT__257696-webtirf__51235,51235,2025-11-30 21:00:00,2025-11-30 18:00:00,2025-12-01 00:00:00,ACCIDENT,GROUP__51235__0048,INCIDENT,1346.0,1089.0,1029.0,991.0,664.0,338.0,14.0
INCIDENT__220582-webtirf__53003,53003,2025-01-14 23:00:00,2025-01-14 20:00:00,2025-01-15 02:00:00,OTHER_DISRUPTION,GROUP__53003__0001,INCIDENT,40.0,59.0,40.0,33.0,145.0,70.0,51.0
INCIDENT__220938-webtirf__53003,53003,2025-01-17 01:00:00,2025-01-16 22:00:00,2025-01-17 04:00:00,OTHER_DISRUPTION,GROUP__53003__0002,INCIDENT,41.0,33.0,43.0,35.0,25.0,27.0,65.0
INCIDENT__222661-webtirf__53003,53003,2025-02-03 02:00:00,2025-02-02 23:00:00,2025-02-03 05:00:00,OTHER_DISRUPTION,GROUP__53003__0003,INCIDENT,0.0,0.0,0.0,0.0,0.0,0.0,0.0
INCIDENT__228299-webtirf__53003,53003,2025-03-21 08:00:00,2025-03-21 05:00:00,2025-03-21 11:00:00,OTHER_DISRUPTION,GROUP__53003__0004,INCIDENT,220.0,454.0,238.0,200.0,210.0,221.0,204.0
INCIDENT__228387-webtirf__53003,53003,2025-03-22 23:00:00,2025-03-22 20:00:00,2025-03-23 02:00:00,ACCIDENT,GROUP__53003__0005,INCIDENT,18.0,17.0,19.0,10.0,19.0,13.0,10.0
INCIDENT__229123-webtirf__53003,53003,2025-03-28 00:00:00,2025-03-27 21:00:00,2025-03-28 03:00:00,ACCIDENT,GROUP__53003__0006,INCIDENT,1136.0,828.0,539.0,137.0,89.0,66.0,90.0
INCIDENT__231609-webtirf__53003,53003,2025-04-15 23:00:00,2025-04-15 20:00:00,2025-04-16 02:00:00,OTHER_DISRUPTION,GROUP__53003__0007,INCIDENT,46.0,39.0,32.0,29.0,32.0,31.0,24.0
INCIDENT__234851-webtirf__53003,53003,2025-05-16 08:00:00,2025-05-16 05:00:00,2025-05-16 11:00:00,ACCIDENT,GROUP__53003__0008,INCIDENT,1105.0,1959.0,2344.0,2147.0,1678.0,1672.0,1604.0
INCIDENT__238700.0-webtirf__53003,53003,2025-06-11 07:00:00,2025-06-11 04:00:00,2025-06-11 10:00:00,ACCIDENT,GROUP__53003__0009,INCIDENT,61.0,109.0,186.0,170.0,176.0,236.0,207.0
INCIDENT__249640-webtirf__53003,53003,2025-09-15 17:00:00,2025-09-15 14:00:00,2025-09-15 20:00:00,ACCIDENT,GROUP__53003__0010,INCIDENT,1749.0,2095.0,2431.0,2572.0,2086.0,1244.0,861.0
INCIDENT__249640.0-webtirf__53003,53003,2025-09-15 17:00:00,2025-09-15 14:00:00,2025-09-15 20:00:00,ACCIDENT,GROUP__53003__0010,INCIDENT,1749.0,2095.0,2431.0,2572.0,2086.0,1244.0,861.0
INCIDENT__249725-webtirf__53003,53003,2025-09-16 05:00:00,2025-09-16 02:00:00,2025-09-16 08:00:00,OTHER_DISRUPTION,GROUP__53003__0011,INCIDENT,51.0,57.0,125.0,477.0,1163.0,1614.0,1535.0
INCIDENT__250262-webtirf__53003,53003,2025-09-22 01:00:00,2025-09-21 22:00:00,2025-09-22 04:00:00,OTHER_DISRUPTION,GROUP__53003__0012,INCIDENT,31.0,24.0,19.0,19.0,25.0,30.0,77.0
INCIDENT__250494-webtirf__53003,53003,2025-09-24 03:00:00,2025-09-24 00:00:00,2025-09-24 06:00:00,OTHER_DISRUPTION,GROUP__53003__0013,INCIDENT,17.0,24.0,32.0,52.0,66.0,232.0,539.0
INCIDENT__252808-webtirf__53003,53003,2025-10-16 10:00:00,2025-10-16 07:00:00,2025-10-16 13:00:00,OTHER_DISRUPTION,GROUP__53003__0014,INCIDENT,245.0,166.0,204.0,225.0,228.0,195.0,209.0
INCIDENT__255517-webtirf__53003,53003,2025-11-12 20:00:00,2025-11-12 17:00:00,2025-11-12 23:00:00,ACCIDENT,GROUP__53003__0015,INCIDENT,2498.0,2304.0,1580.0,1105.0,1107.0,738.0,390.0
INCIDENT__255733-webtirf__53003,53003,2025-11-14 04:00:00,2025-11-14 01:00:00,2025-11-14 07:00:00,OTHER_DISRUPTION,GROUP__53003__0016,INCIDENT,114.0,82.0,75.0,154.0,459.0,1203.0,1731.0
INCIDENT__258782-webtirf__53003,53003,2025-12-10 18:00:00,2025-12-10 15:00:00,2025-12-10 21:00:00,OTHER_DISRUPTION,GROUP__53003__0017,INCIDENT,170.0,149.0,109.0,97.0,64.0,53.0,34.0
INCIDENT__220110.0-webtirf__53004,53004,2025-01-10 02:00:00,2025-01-09 23:00:00,2025-01-10 05:00:00,ACCIDENT,GROUP__53004__0001,INCIDENT,8.0,0.0,0.0,0.0,0.0,75.0,219.0
INCIDENT__220608-webtirf__53004,53004,2025-01-15 03:00:00,2025-01-15 00:00:00,2025-01-15 06:00:00,ACCIDENT,GROUP__53004__0002,INCIDENT,33.0,28.0,23.0,33.0,141.0,336.0,513.0
INCIDENT__221277-webtirf__53004,53004,2025-01-19 03:00:00,2025-01-19 00:00:00,2025-01-19 06:00:00,OTHER_DISRUPTION,GROUP__53004__0003,INCIDENT,4.0,2.0,6.0,4.0,5.0,16.0,20.0
INCIDENT__222064-webtirf__53004,53004,2025-01-28 05:00:00,2025-01-28 02:00:00,2025-01-28 08:00:00,OTHER_DISRUPTION,GROUP__53004__0004,INCIDENT,14.0,11.0,17.0,35.0,65.0,105.0,100.0
INCIDENT__222916-webtirf__53004,53004,2025-02-05 04:00:00,2025-02-05 01:00:00,2025-02-05 07:00:00,ACCIDENT,GROUP__53004__0005,INCIDENT,0.0,0.0,0.0,0.0,0.0,0.0,0.0
INCIDENT__224588-webtirf__53004,53004,2025-02-21 00:00:00,2025-02-20 21:00:00,2025-02-21 03:00:00,OTHER_DISRUPTION,GROUP__53004__0006,INCIDENT,0.0,0.0,0.0,0.0,0.0,0.0,0.0
INCIDENT__224877-webtirf__53004,53004,2025-02-24 12:00:00,2025-02-24 09:00:00,2025-02-24 15:00:00,ACCIDENT,GROUP__53004__0007,INCIDENT,0.0,0.0,0.0,0.0,0.0,0.0,0.0
INCIDENT__225312-webtirf__53004,53004,2025-02-28 03:00:00,2025-02-28 00:00:00,2025-02-28 06:00:00,ACCIDENT,GROUP__53004__0008,INCIDENT,0.0,0.0,0.0,0.0,0.0,0.0,0.0
INCIDENT__227603-webtirf__53004,53004,2025-03-16 00:00:00,2025-03-15 21:00:00,2025-03-16 03:00:00,OTHER_DISRUPTION,GROUP__53004__0009,INCIDENT,0.0,0.0,0.0,186.0,108.0,72.0,54.0
INCIDENT__228553-webtirf__53004,53004,2025-03-24 20:00:00,2025-03-24 17:00:00,2025-03-24 23:00:00,OTHER_DISRUPTION,GROUP__53004__0010,INCIDENT,1949.0,1765.0,1142.0,841.0,732.0,460.0,223.0
INCIDENT__229618-webtirf__53004,53004,2025-03-30 13:00:00,2025-03-30 10:00:00,2025-03-30 16:00:00,OTHER_DISRUPTION,GROUP__53004__0011,INCIDENT,1212.0,1337.0,1483.0,1402.0,1492.0,1473.0,1484.0
INCIDENT__230730.0-webtirf__53004,53004,2025-04-08 08:00:00,2025-04-08 05:00:00,2025-04-08 11:00:00,OTHER_DISRUPTION,GROUP__53004__0012,INCIDENT,80.0,258.0,192.0,181.0,154.0,130.0,114.0
INCIDENT__231508-webtirf__53004,53004,2025-04-15 04:00:00,2025-04-15 01:00:00,2025-04-15 07:00:00,OTHER_DISRUPTION,GROUP__53004__0013,INCIDENT,6.0,15.0,20.0,32.0,99.0,268.0,191.0
INCIDENT__233512-webtirf__53004,53004,2025-05-04 21:00:00,2025-05-04 18:00:00,2025-05-05 00:00:00,ACCIDENT,GROUP__53004__0014,INCIDENT,909.0,683.0,519.0,392.0,228.0,127.0,48.0
INCIDENT__233941-webtirf__53004,53004,2025-05-08 02:00:00,2025-05-07 23:00:00,2025-05-08 05:00:00,OTHER_DISRUPTION,GROUP__53004__0015,INCIDENT,398.0,145.0,88.0,40.0,28.0,89.0,254.0
INCIDENT__234000.0-webtirf__53004,53004,2025-05-08 11:00:00,2025-05-08 08:00:00,2025-05-08 14:00:00,OTHER_DISRUPTION,GROUP__53004__0016,INCIDENT,1207.0,1045.0,1033.0,1101.0,1175.0,1248.0,1434.0
INCIDENT__235028-webtirf__53004,53004,2025-05-18 21:00:00,2025-05-18 18:00:00,2025-05-19 00:00:00,OTHER_DISRUPTION,GROUP__53004__0017,INCIDENT,65.0,54.0,14.0,33.0,37.0,19.0,10.0
INCIDENT__237280.0-webtirf__53004,53004,2025-05-29 00:00:00,2025-05-28 21:00:00,2025-05-29 03:00:00,OTHER_DISRUPTION,GROUP__53004__0018,INCIDENT,412.0,372.0,167.0,87.0,46.0,34.0,63.0
INCIDENT__238153-webtirf__53004,53004,2025-06-05 07:00:00,2025-06-05 04:00:00,2025-06-05 10:00:00,OTHER_DISRUPTION,GROUP__53004__0019,INCIDENT,195.0,658.0,1437.0,2267.0,2179.0,1453.0,1253.0
INCIDENT__239430.0-webtirf__53004,53004,2025-06-18 07:00:00,2025-06-18 04:00:00,2025-06-18 10:00:00,OTHER_DISRUPTION,GROUP__53004__0020,INCIDENT,44.0,116.0,248.0,199.0,152.0,145.0,135.0
INCIDENT__241272-webtirf__53004,53004,2025-07-04 01:00:00,2025-07-03 22:00:00,2025-07-04 04:00:00,ACCIDENT,GROUP__53004__0021,INCIDENT,29.0,24.0,85.0,55.0,39.0,42.0,185.0
INCIDENT__242113-webtirf__53004,53004,2025-07-14 04:00:00,2025-07-14 01:00:00,2025-07-14 07:00:00,OTHER_DISRUPTION,GROUP__53004__0022,INCIDENT,10.0,11.0,16.0,31.0,85.0,255.0,171.0
INCIDENT__242393-webtirf__53004,53004,2025-07-16 04:00:00,2025-07-16 01:00:00,2025-07-16 07:00:00,OTHER_DISRUPTION,GROUP__53004__0023,INCIDENT,39.0,29.0,56.0,197.0,595.0,1325.0,1639.0
INCIDENT__242403-webtirf__53004,53004,2025-07-16 05:00:00,2025-07-16 02:00:00,2025-07-16 08:00:00,OTHER_DISRUPTION,GROUP__53004__0023,INCIDENT,29.0,56.0,197.0,595.0,1325.0,1639.0,1726.0
INCIDENT__243831-webtirf__53004,53004,2025-07-30 17:00:00,2025-07-30 14:00:00,2025-07-30 20:00:00,OTHER_DISRUPTION,GROUP__53004__0024,INCIDENT,0.0,53.0,65.0,39.0,45.0,25.0,21.0
INCIDENT__243887-webtirf__53004,53004,2025-07-31 00:00:00,2025-07-30 21:00:00,2025-07-31 03:00:00,ACCIDENT,GROUP__53004__0025,INCIDENT,7.0,12.0,8.0,146.0,89.0,45.0,28.0
INCIDENT__244008-webtirf__53004,53004,2025-08-01 01:00:00,2025-07-31 22:00:00,2025-08-01 04:00:00,ACCIDENT,GROUP__53004__0026,INCIDENT,690.0,429.0,0.0,0.0,0.0,0.0,0.0
INCIDENT__244091-webtirf__53004,53004,2025-08-01 19:00:00,2025-08-01 16:00:00,2025-08-01 22:00:00,ACCIDENT,GROUP__53004__0027,INCIDENT,25.0,16.0,10.0,6.0,5.0,3.0,0.0
INCIDENT__245231-webtirf__53004,53004,2025-08-10 03:00:00,2025-08-10 00:00:00,2025-08-10 06:00:00,ACCIDENT,GROUP__53004__0028,INCIDENT,2.0,3.0,2.0,6.0,6.0,13.0,19.0
INCIDENT__245672-webtirf__53004,53004,2025-08-14 03:00:00,2025-08-14 00:00:00,2025-08-14 06:00:00,ACCIDENT,GROUP__53004__0029,INCIDENT,13.0,15.0,12.0,11.0,24.0,33.0,90.0
INCIDENT__245912-webtirf__53004,53004,2025-08-16 05:00:00,2025-08-16 02:00:00,2025-08-16 08:00:00,OTHER_DISRUPTION,GROUP__53004__0030,INCIDENT,7.0,6.0,15.0,37.0,74.0,66.0,66.0
INCIDENT__246810.0-webtirf__53004,53004,2025-08-21 22:00:00,2025-08-21 19:00:00,2025-08-22 01:00:00,ACCIDENT,GROUP__53004__0031,INCIDENT,49.0,36.0,30.0,31.0,25.0,168.0,80.0
INCIDENT__247272-webtirf__53004,53004,2025-08-26 04:00:00,2025-08-26 01:00:00,2025-08-26 07:00:00,OTHER_DISRUPTION,GROUP__53004__0032,INCIDENT,37.0,30.0,53.0,189.0,650.0,1511.0,2467.0
INCIDENT__247576-webtirf__53004,53004,2025-08-28 21:00:00,2025-08-28 18:00:00,2025-08-29 00:00:00,ACCIDENT,GROUP__53004__0033,INCIDENT,74.0,49.0,45.0,37.0,27.0,19.0,7.0
INCIDENT__247715-webtirf__53004,53004,2025-08-30 04:00:00,2025-08-30 01:00:00,2025-08-30 07:00:00,OTHER_DISRUPTION,GROUP__53004__0034,INCIDENT,6.0,12.0,12.0,20.0,37.0,84.0,66.0
INCIDENT__248013-webtirf__53004,53004,2025-09-02 08:00:00,2025-09-02 05:00:00,2025-09-02 11:00:00,ACCIDENT,GROUP__53004__0035,INCIDENT,113.0,240.0,217.0,155.0,143.0,144.0,134.0
INCIDENT__249895-webtirf__53004,53004,2025-09-17 22:00:00,2025-09-17 19:00:00,2025-09-18 01:00:00,ACCIDENT,GROUP__53004__0036,INCIDENT,892.0,662.0,491.0,262.0,146.0,57.0,41.0
INCIDENT__250466-webtirf__53004,53004,2025-09-24 00:00:00,2025-09-23 21:00:00,2025-09-24 03:00:00,OTHER_DISRUPTION,GROUP__53004__0037,INCIDENT,31.0,29.0,17.0,14.0,8.0,15.0,29.0
INCIDENT__250486-webtirf__53004,53004,2025-09-24 01:00:00,2025-09-23 22:00:00,2025-09-24 04:00:00,OTHER_DISRUPTION,GROUP__53004__0037,INCIDENT,29.0,17.0,14.0,8.0,15.0,29.0,28.0
INCIDENT__250776-webtirf__53004,53004,2025-09-26 03:00:00,2025-09-26 00:00:00,2025-09-26 06:00:00,OTHER_DISRUPTION,GROUP__53004__0038,INCIDENT,16.0,17.0,16.0,26.0,36.0,122.0,238.0
INCIDENT__251226-webtirf__53004,53004,2025-10-01 03:00:00,2025-10-01 00:00:00,2025-10-01 06:00:00,OTHER_DISRUPTION,GROUP__53004__0039,INCIDENT,23.0,19.0,14.0,17.0,24.0,43.0,86.0
INCIDENT__252260-webtirf__53004,53004,2025-10-11 01:00:00,2025-10-10 22:00:00,2025-10-11 04:00:00,OTHER_DISRUPTION,GROUP__53004__0040,INCIDENT,732.0,450.0,5.0,5.0,7.0,8.0,18.0
INCIDENT__252260.0-webtirf__53004,53004,2025-10-11 01:00:00,2025-10-10 22:00:00,2025-10-11 04:00:00,OTHER_DISRUPTION,GROUP__53004__0040,INCIDENT,732.0,450.0,5.0,5.0,7.0,8.0,18.0
INCIDENT__253308-webtirf__53004,53004,2025-10-21 06:00:00,2025-10-21 03:00:00,2025-10-21 09:00:00,ACCIDENT,GROUP__53004__0041,INCIDENT,17.0,30.0,121.0,206.0,182.0,120.0,183.0
INCIDENT__253446-webtirf__53004,53004,2025-10-22 06:00:00,2025-10-22 03:00:00,2025-10-22 09:00:00,OTHER_DISRUPTION,GROUP__53004__0042,INCIDENT,41.0,85.0,310.0,768.0,1372.0,1240.0,1081.0
INCIDENT__253555-webtirf__53004,53004,2025-10-23 06:00:00,2025-10-23 03:00:00,2025-10-23 09:00:00,OTHER_DISRUPTION,GROUP__53004__0043,INCIDENT,18.0,23.0,114.0,285.0,232.0,187.0,190.0
INCIDENT__253900-webtirf__53004,53004,2025-10-27 07:00:00,2025-10-27 04:00:00,2025-10-27 10:00:00,ACCIDENT,GROUP__53004__0044,INCIDENT,35.0,99.0,264.0,198.0,143.0,144.0,154.0
INCIDENT__253900.0-webtirf__53004,53004,2025-10-27 07:00:00,2025-10-27 04:00:00,2025-10-27 10:00:00,ACCIDENT,GROUP__53004__0044,INCIDENT,35.0,99.0,264.0,198.0,143.0,144.0,154.0
INCIDENT__253945-webtirf__53004,53004,2025-10-27 21:00:00,2025-10-27 18:00:00,2025-10-28 00:00:00,OTHER_DISRUPTION,GROUP__53004__0045,INCIDENT,63.0,76.0,32.0,37.0,24.0,18.0,107.0
INCIDENT__254179-webtirf__53004,53004,2025-10-29 21:00:00,2025-10-29 18:00:00,2025-10-30 00:00:00,ACCIDENT,GROUP__53004__0046,INCIDENT,50.0,36.0,37.0,20.0,31.0,4.0,11.0
INCIDENT__254814-webtirf__53004,53004,2025-11-05 06:00:00,2025-11-05 03:00:00,2025-11-05 09:00:00,OTHER_DISRUPTION,GROUP__53004__0047,INCIDENT,2.0,1.0,7.0,10.0,18.0,11.0,0.0
INCIDENT__255280-webtirf__53004,53004,2025-11-10 07:00:00,2025-11-10 04:00:00,2025-11-10 10:00:00,ACCIDENT,GROUP__53004__0048,INCIDENT,18.0,49.0,73.0,75.0,106.0,127.0,112.0
INCIDENT__255280.0-webtirf__53004,53004,2025-11-10 07:00:00,2025-11-10 04:00:00,2025-11-10 10:00:00,ACCIDENT,GROUP__53004__0048,INCIDENT,18.0,49.0,73.0,75.0,106.0,127.0,112.0
INCIDENT__255907-webtirf__53004,53004,2025-11-16 20:00:00,2025-11-16 17:00:00,2025-11-16 23:00:00,OTHER_DISRUPTION,GROUP__53004__0049,INCIDENT,35.0,37.0,27.0,18.0,26.0,16.0,7.0
INCIDENT__256936-webtirf__53004,53004,2025-11-25 19:00:00,2025-11-25 16:00:00,2025-11-25 22:00:00,OTHER_DISRUPTION,GROUP__53004__0050,INCIDENT,1259.0,1269.0,1068.0,771.0,624.0,474.0,364.0
INCIDENT__256962-webtirf__53004,53004,2025-11-25 22:00:00,2025-11-25 19:00:00,2025-11-26 01:00:00,OTHER_DISRUPTION,GROUP__53004__0050,INCIDENT,771.0,624.0,474.0,364.0,178.0,17.0,14.0
INCIDENT__258003-webtirf__53004,53004,2025-12-03 05:00:00,2025-12-03 02:00:00,2025-12-03 08:00:00,OTHER_DISRUPTION,GROUP__53004__0051,INCIDENT,18.0,32.0,29.0,46.0,57.0,85.0,75.0
INCIDENT__258283-webtirf__53004,53004,2025-12-05 08:00:00,2025-12-05 05:00:00,2025-12-05 11:00:00,OTHER_DISRUPTION,GROUP__53004__0052,INCIDENT,94.0,261.0,187.0,129.0,164.0,154.0,138.0
INCIDENT__258767-webtirf__53004,53004,2025-12-10 08:00:00,2025-12-10 05:00:00,2025-12-10 11:00:00,OTHER_DISRUPTION,GROUP__53004__0053,INCIDENT,251.0,598.0,902.0,1130.0,1128.0,1121.0,1330.0
INCIDENT__260132-webtirf__53004,53004,2025-12-23 02:00:00,2025-12-22 23:00:00,2025-12-23 05:00:00,OTHER_DISRUPTION,GROUP__53004__0054,INCIDENT,403.0,21.0,10.0,14.0,15.0,28.0,57.0
INCIDENT__221952-webtirf__55049,55049,2025-01-27 05:00:00,2025-01-27 02:00:00,2025-01-27 08:00:00,ACCIDENT,GROUP__55049__0001,INCIDENT,8.0,5.0,17.0,40.0,38.0,36.0,48.0
INCIDENT__224672-webtirf__55049,55049,2025-02-21 16:00:00,2025-02-21 13:00:00,2025-02-21 19:00:00,ACCIDENT,GROUP__55049__0002,INCIDENT,0.0,0.0,0.0,0.0,0.0,0.0,0.0
INCIDENT__226666-webtirf__55049,55049,2025-03-09 07:00:00,2025-03-09 04:00:00,2025-03-09 10:00:00,ACCIDENT,GROUP__55049__0003,INCIDENT,56.0,105.0,260.0,394.0,564.0,1045.0,1162.0
INCIDENT__226697-webtirf__55049,55049,2025-03-09 15:00:00,2025-03-09 12:00:00,2025-03-09 18:00:00,OTHER_DISRUPTION,GROUP__55049__0004,INCIDENT,1392.0,1275.0,1178.0,0.0,0.0,0.0,0.0
INCIDENT__229641-webtirf__55049,55049,2025-03-30 20:00:00,2025-03-30 17:00:00,2025-03-30 23:00:00,ACCIDENT,GROUP__55049__0005,INCIDENT,34.0,20.0,12.0,8.0,15.0,15.0,6.0
INCIDENT__232952-webtirf__55049,55049,2025-04-29 06:00:00,2025-04-29 03:00:00,2025-04-29 09:00:00,OTHER_DISRUPTION,GROUP__55049__0006,INCIDENT,16.0,62.0,260.0,804.0,1061.0,1181.0,873.0
INCIDENT__234670.0-webtirf__55049,55049,2025-05-15 05:00:00,2025-05-15 02:00:00,2025-05-15 08:00:00,OTHER_DISRUPTION,GROUP__55049__0007,INCIDENT,6.0,8.0,21.0,50.0,139.0,126.0,149.0
INCIDENT__239791-webtirf__55049,55049,2025-06-22 04:00:00,2025-06-22 01:00:00,2025-06-22 07:00:00,ACCIDENT,GROUP__55049__0008,INCIDENT,0.0,0.0,0.0,0.0,0.0,0.0,0.0
INCIDENT__253950-webtirf__55049,55049,2025-10-27 21:00:00,2025-10-27 18:00:00,2025-10-28 00:00:00,OTHER_DISRUPTION,GROUP__55049__0009,INCIDENT,0.0,0.0,0.0,0.0,0.0,0.0,29.0
INCIDENT__253950.0-webtirf__55049,55049,2025-10-27 21:00:00,2025-10-27 18:00:00,2025-10-28 00:00:00,OTHER_DISRUPTION,GROUP__55049__0009,INCIDENT,0.0,0.0,0.0,0.0,0.0,0.0,29.0
INCIDENT__254705-webtirf__55049,55049,2025-11-04 03:00:00,2025-11-04 00:00:00,2025-11-04 06:00:00,OTHER_DISRUPTION,GROUP__55049__0010,INCIDENT,0.0,0.0,0.0,0.0,0.0,0.0,5.0
INCIDENT__255128-webtirf__55049,55049,2025-11-08 04:00:00,2025-11-08 01:00:00,2025-11-08 07:00:00,OTHER_DISRUPTION,GROUP__55049__0011,INCIDENT,18.0,10.0,10.0,12.0,30.0,70.0,92.0
INCIDENT__256007-webtirf__55049,55049,2025-11-17 10:00:00,2025-11-17 07:00:00,2025-11-17 13:00:00,OTHER_DISRUPTION,GROUP__55049__0012,INCIDENT,68.0,112.0,94.0,122.0,135.0,111.0,93.0
INCIDENT__224446-webtirf__57025,57025,2025-02-19 20:00:00,2025-02-19 17:00:00,2025-02-19 23:00:00,OTHER_DISRUPTION,GROUP__57025__0001,INCIDENT,0.0,0.0,0.0,0.0,0.0,0.0,0.0
INCIDENT__227395-webtirf__57025,57025,2025-03-13 07:00:00,2025-03-13 04:00:00,2025-03-13 10:00:00,OTHER_DISRUPTION,GROUP__57025__0002,INCIDENT,41.0,134.0,83.0,113.0,104.0,114.0,107.0
INCIDENT__233269-webtirf__57025,57025,2025-05-01 21:00:00,2025-05-01 18:00:00,2025-05-02 00:00:00,OTHER_DISRUPTION,GROUP__57025__0003,INCIDENT,509.0,293.0,194.0,157.0,95.0,31.0,27.0
INCIDENT__234901-webtirf__57025,57025,2025-05-17 03:00:00,2025-05-17 00:00:00,2025-05-17 06:00:00,ACCIDENT,GROUP__57025__0004,INCIDENT,36.0,19.0,16.0,10.0,21.0,62.0,178.0
INCIDENT__238615-webtirf__57025,57025,2025-06-10 22:00:00,2025-06-10 19:00:00,2025-06-11 01:00:00,ACCIDENT,GROUP__57025__0005,INCIDENT,25.0,5.0,5.0,7.0,1.0,0.0,7.0
INCIDENT__258333-webtirf__57025,57025,2025-12-06 02:00:00,2025-12-05 23:00:00,2025-12-06 05:00:00,OTHER_DISRUPTION,GROUP__57025__0006,INCIDENT,0.0,0.0,0.0,0.0,0.0,0.0,0.0
INCIDENT__232724-webtirf__66249,66249,2025-04-27 09:00:00,2025-04-27 06:00:00,2025-04-27 12:00:00,OTHER_DISRUPTION,GROUP__66249__0001,INCIDENT,8.0,10.0,13.0,9.0,19.0,23.0,22.0
INCIDENT__219630.0-webtirf__68025,68025,2025-01-05 21:00:00,2025-01-05 18:00:00,2025-01-06 00:00:00,OTHER_DISRUPTION,GROUP__68025__0001,INCIDENT,0.0,0.0,0.0,0.0,0.0,0.0,0.0
INCIDENT__220005-webtirf__68025,68025,2025-01-09 01:00:00,2025-01-08 22:00:00,2025-01-09 04:00:00,OTHER_DISRUPTION,GROUP__68025__0002,INCIDENT,214.0,165.0,10.0,5.0,5.0,9.0,11.0
INCIDENT__220025-webtirf__68025,68025,2025-01-09 04:00:00,2025-01-09 01:00:00,2025-01-09 07:00:00,OTHER_DISRUPTION,GROUP__68025__0002,INCIDENT,5.0,5.0,9.0,11.0,41.0,43.0,59.0
INCIDENT__220216-webtirf__68025,68025,2025-01-11 02:00:00,2025-01-10 23:00:00,2025-01-11 05:00:00,OTHER_DISRUPTION,GROUP__68025__0003,INCIDENT,295.0,7.0,10.0,6.0,4.0,8.0,21.0
INCIDENT__221220.0-webtirf__68025,68025,2025-01-18 07:00:00,2025-01-18 04:00:00,2025-01-18 10:00:00,OTHER_DISRUPTION,GROUP__68025__0004,INCIDENT,89.0,206.0,323.0,441.0,490.0,734.0,802.0
INCIDENT__222696-webtirf__68025,68025,2025-02-03 05:00:00,2025-02-03 02:00:00,2025-02-03 08:00:00,OTHER_DISRUPTION,GROUP__68025__0005,INCIDENT,0.0,0.0,0.0,0.0,0.0,0.0,0.0
INCIDENT__222699-webtirf__68025,68025,2025-02-03 05:00:00,2025-02-03 02:00:00,2025-02-03 08:00:00,OTHER_DISRUPTION,GROUP__68025__0005,INCIDENT,0.0,0.0,0.0,0.0,0.0,0.0,0.0
INCIDENT__223225-webtirf__68025,68025,2025-02-08 05:00:00,2025-02-08 02:00:00,2025-02-08 08:00:00,OTHER_DISRUPTION,GROUP__68025__0006,INCIDENT,0.0,0.0,0.0,0.0,0.0,0.0,0.0
INCIDENT__223914-webtirf__68025,68025,2025-02-14 04:00:00,2025-02-14 01:00:00,2025-02-14 07:00:00,ACCIDENT,GROUP__68025__0007,INCIDENT,0.0,0.0,0.0,0.0,0.0,0.0,0.0
INCIDENT__225556-webtirf__68025,68025,2025-03-03 21:00:00,2025-03-03 18:00:00,2025-03-04 00:00:00,ACCIDENT,GROUP__68025__0008,INCIDENT,42.0,17.0,16.0,21.0,7.0,3.0,159.0
INCIDENT__226132-webtirf__68025,68025,2025-03-07 00:00:00,2025-03-06 21:00:00,2025-03-07 03:00:00,OTHER_DISRUPTION,GROUP__68025__0009,INCIDENT,13.0,10.0,7.0,2.0,6.0,4.0,12.0
INCIDENT__227150.0-webtirf__68025,68025,2025-03-11 22:00:00,2025-03-11 19:00:00,2025-03-12 01:00:00,OTHER_DISRUPTION,GROUP__68025__0010,INCIDENT,30.0,31.0,30.0,27.0,10.0,144.0,95.0
INCIDENT__227633-webtirf__68025,68025,2025-03-16 04:00:00,2025-03-16 01:00:00,2025-03-16 07:00:00,OTHER_DISRUPTION,GROUP__68025__0011,INCIDENT,3.0,0.0,2.0,1.0,1.0,1.0,3.0
INCIDENT__228547-webtirf__68025,68025,2025-03-24 18:00:00,2025-03-24 15:00:00,2025-03-24 21:00:00,OTHER_DISRUPTION,GROUP__68025__0012,INCIDENT,0.0,0.0,0.0,0.0,0.0,0.0,0.0
INCIDENT__228704-webtirf__68025,68025,2025-03-26 02:00:00,2025-03-25 23:00:00,2025-03-26 05:00:00,OTHER_DISRUPTION,GROUP__68025__0013,INCIDENT,0.0,0.0,0.0,0.0,11.0,15.0,36.0
INCIDENT__229849-webtirf__68025,68025,2025-04-01 05:00:00,2025-04-01 02:00:00,2025-04-01 08:00:00,OTHER_DISRUPTION,GROUP__68025__0014,INCIDENT,57.0,61.0,145.0,292.0,491.0,751.0,874.0
INCIDENT__230277-webtirf__68025,68025,2025-04-03 19:00:00,2025-04-03 16:00:00,2025-04-03 22:00:00,ACCIDENT,GROUP__68025__0015,INCIDENT,1501.0,1508.0,1130.0,973.0,1026.0,976.0,588.0
INCIDENT__231036-webtirf__68025,68025,2025-04-10 22:00:00,2025-04-10 19:00:00,2025-04-11 01:00:00,OTHER_DISRUPTION,GROUP__68025__0016,INCIDENT,984.0,932.0,977.0,576.0,323.0,0.0,0.0
INCIDENT__231229-webtirf__68025,68025,2025-04-12 07:00:00,2025-04-12 04:00:00,2025-04-12 10:00:00,OTHER_DISRUPTION,GROUP__68025__0017,INCIDENT,10.0,17.0,36.0,41.0,47.0,52.0,61.0
INCIDENT__234594-webtirf__68025,68025,2025-05-14 20:00:00,2025-05-14 17:00:00,2025-05-14 23:00:00,OTHER_DISRUPTION,GROUP__68025__0018,INCIDENT,1540.0,1200.0,824.0,747.0,601.0,442.0,235.0
INCIDENT__236656-webtirf__68025,68025,2025-05-24 07:00:00,2025-05-24 04:00:00,2025-05-24 10:00:00,OTHER_DISRUPTION,GROUP__68025__0019,INCIDENT,98.0,223.0,362.0,480.0,677.0,887.0,1016.0
INCIDENT__237257-webtirf__68025,68025,2025-05-28 21:00:00,2025-05-28 18:00:00,2025-05-29 00:00:00,ACCIDENT,GROUP__68025__0020,INCIDENT,922.0,670.0,446.0,398.0,365.0,204.0,133.0
INCIDENT__239350.0-webtirf__68025,68025,2025-06-17 22:00:00,2025-06-17 19:00:00,2025-06-18 01:00:00,OTHER_DISRUPTION,GROUP__68025__0021,INCIDENT,860.0,691.0,601.0,386.0,242.0,9.0,9.0
INCIDENT__239398-webtirf__68025,68025,2025-06-18 04:00:00,2025-06-18 01:00:00,2025-06-18 07:00:00,OTHER_DISRUPTION,GROUP__68025__0021,INCIDENT,9.0,14.0,8.0,17.0,57.0,146.0,112.0
INCIDENT__239820.0-webtirf__68025,68025,2025-06-22 19:00:00,2025-06-22 16:00:00,2025-06-22 22:00:00,ACCIDENT,GROUP__68025__0022,INCIDENT,26.0,40.0,37.0,37.0,65.0,29.0,20.0
INCIDENT__239901-webtirf__68025,68025,2025-06-23 06:00:00,2025-06-23 03:00:00,2025-06-23 09:00:00,OTHER_DISRUPTION,GROUP__68025__0023,INCIDENT,11.0,17.0,62.0,156.0,99.0,124.0,106.0
INCIDENT__239904-webtirf__68025,68025,2025-06-23 06:00:00,2025-06-23 03:00:00,2025-06-23 09:00:00,OTHER_DISRUPTION,GROUP__68025__0023,INCIDENT,11.0,17.0,62.0,156.0,99.0,124.0,106.0
INCIDENT__240828-webtirf__68025,68025,2025-07-01 11:00:00,2025-07-01 08:00:00,2025-07-01 14:00:00,ACCIDENT,GROUP__68025__0024,INCIDENT,95.0,105.0,80.0,57.0,62.0,71.0,45.0
INCIDENT__241319-webtirf__68025,68025,2025-07-04 06:00:00,2025-07-04 03:00:00,2025-07-04 09:00:00,OTHER_DISRUPTION,GROUP__68025__0025,INCIDENT,9.0,21.0,54.0,129.0,114.0,98.0,74.0
INCIDENT__241915-webtirf__68025,68025,2025-07-11 01:00:00,2025-07-10 22:00:00,2025-07-11 04:00:00,OTHER_DISRUPTION,GROUP__68025__0026,INCIDENT,500.0,282.0,170.0,125.0,69.0,90.0,145.0
INCIDENT__242498-webtirf__68025,68025,2025-07-17 05:00:00,2025-07-17 02:00:00,2025-07-17 08:00:00,OTHER_DISRUPTION,GROUP__68025__0027,INCIDENT,2.0,4.0,23.0,50.0,122.0,110.0,90.0
INCIDENT__243439-webtirf__68025,68025,2025-07-26 07:00:00,2025-07-26 04:00:00,2025-07-26 10:00:00,OTHER_DISRUPTION,GROUP__68025__0028,INCIDENT,8.0,15.0,25.0,26.0,49.0,47.0,51.0
INCIDENT__244708-webtirf__68025,68025,2025-08-05 03:00:00,2025-08-05 00:00:00,2025-08-05 06:00:00,OTHER_DISRUPTION,GROUP__68025__0029,INCIDENT,95.0,65.0,44.0,56.0,154.0,467.0,919.0
INCIDENT__245049-webtirf__68025,68025,2025-08-08 00:00:00,2025-08-07 21:00:00,2025-08-08 03:00:00,OTHER_DISRUPTION,GROUP__68025__0030,INCIDENT,479.0,316.0,190.0,107.0,66.0,53.0,63.0
INCIDENT__245196-webtirf__68025,68025,2025-08-09 17:00:00,2025-08-09 14:00:00,2025-08-09 20:00:00,OTHER_DISRUPTION,GROUP__68025__0031,INCIDENT,34.0,34.0,20.0,35.0,17.0,20.0,16.0
INCIDENT__245396-webtirf__68025,68025,2025-08-11 21:00:00,2025-08-11 18:00:00,2025-08-12 00:00:00,OTHER_DISRUPTION,GROUP__68025__0032,INCIDENT,772.0,601.0,461.0,365.0,278.0,171.0,102.0
INCIDENT__245908-webtirf__68025,68025,2025-08-16 04:00:00,2025-08-16 01:00:00,2025-08-16 07:00:00,OTHER_DISRUPTION,GROUP__68025__0033,INCIDENT,132.0,84.0,90.0,96.0,217.0,345.0,448.0
INCIDENT__246224-webtirf__68025,68025,2025-08-19 18:00:00,2025-08-19 15:00:00,2025-08-19 21:00:00,OTHER_DISRUPTION,GROUP__68025__0034,INCIDENT,946.0,916.0,989.0,843.0,578.0,441.0,422.0
INCIDENT__246472-webtirf__68025,68025,2025-08-20 20:00:00,2025-08-20 17:00:00,2025-08-20 23:00:00,OTHER_DISRUPTION,GROUP__68025__0035,INCIDENT,934.0,780.0,580.0,440.0,389.0,261.0,157.0
INCIDENT__247053-webtirf__68025,68025,2025-08-24 04:00:00,2025-08-24 01:00:00,2025-08-24 07:00:00,OTHER_DISRUPTION,GROUP__68025__0036,INCIDENT,7.0,5.0,5.0,3.0,9.0,3.0,12.0
INCIDENT__247681-webtirf__68025,68025,2025-08-29 14:00:00,2025-08-29 11:00:00,2025-08-29 17:00:00,OTHER_DISRUPTION,GROUP__68025__0037,INCIDENT,60.0,50.0,58.0,62.0,71.0,69.0,58.0
INCIDENT__248731-webtirf__68025,68025,2025-09-09 18:00:00,2025-09-09 15:00:00,2025-09-09 21:00:00,OTHER_DISRUPTION,GROUP__68025__0038,INCIDENT,893.0,937.0,979.0,790.0,666.0,490.0,419.0
INCIDENT__249891-webtirf__68025,68025,2025-09-17 20:00:00,2025-09-17 17:00:00,2025-09-17 23:00:00,ACCIDENT,GROUP__68025__0039,INCIDENT,50.0,39.0,30.0,19.0,8.0,0.0,8.0
INCIDENT__250269-webtirf__68025,68025,2025-09-22 02:00:00,2025-09-21 23:00:00,2025-09-22 05:00:00,OTHER_DISRUPTION,GROUP__68025__0040,INCIDENT,6.0,97.0,51.0,45.0,62.0,141.0,442.0
INCIDENT__252465-webtirf__68025,68025,2025-10-13 21:00:00,2025-10-13 18:00:00,2025-10-14 00:00:00,ACCIDENT,GROUP__68025__0041,INCIDENT,27.0,23.0,15.0,19.0,16.0,7.0,104.0
INCIDENT__252597-webtirf__68025,68025,2025-10-14 21:00:00,2025-10-14 18:00:00,2025-10-15 00:00:00,OTHER_DISRUPTION,GROUP__68025__0042,INCIDENT,833.0,710.0,619.0,455.0,343.0,220.0,120.0
INCIDENT__252792-webtirf__68025,68025,2025-10-16 06:00:00,2025-10-16 03:00:00,2025-10-16 09:00:00,ACCIDENT,GROUP__68025__0043,INCIDENT,11.0,17.0,68.0,122.0,104.0,113.0,116.0
INCIDENT__253084-webtirf__68025,68025,2025-10-19 02:00:00,2025-10-18 23:00:00,2025-10-19 05:00:00,ACCIDENT,GROUP__68025__0044,INCIDENT,399.0,7.0,3.0,3.0,7.0,1.0,9.0
INCIDENT__253099-webtirf__68025,68025,2025-10-19 06:00:00,2025-10-19 03:00:00,2025-10-19 09:00:00,ACCIDENT,GROUP__68025__0044,INCIDENT,7.0,1.0,9.0,9.0,7.0,20.0,20.0
INCIDENT__254019-webtirf__68025,68025,2025-10-28 09:00:00,2025-10-28 06:00:00,2025-10-28 12:00:00,ACCIDENT,GROUP__68025__0045,INCIDENT,149.0,131.0,108.0,132.0,98.0,72.0,80.0
INCIDENT__254425-webtirf__68025,68025,2025-10-31 19:00:00,2025-10-31 16:00:00,2025-10-31 22:00:00,ACCIDENT,GROUP__68025__0046,INCIDENT,964.0,1016.0,966.0,745.0,587.0,519.0,430.0
INCIDENT__254427-webtirf__68025,68025,2025-10-31 20:00:00,2025-10-31 17:00:00,2025-10-31 23:00:00,ACCIDENT,GROUP__68025__0046,INCIDENT,1016.0,966.0,745.0,587.0,519.0,430.0,308.0
INCIDENT__255199-webtirf__68025,68025,2025-11-09 21:00:00,2025-11-09 18:00:00,2025-11-10 00:00:00,ACCIDENT,GROUP__68025__0047,INCIDENT,28.0,26.0,21.0,15.0,12.0,6.0,119.0
INCIDENT__256244-webtirf__68025,68025,2025-11-19 19:00:00,2025-11-19 16:00:00,2025-11-19 22:00:00,OTHER_DISRUPTION,GROUP__68025__0048,INCIDENT,74.0,46.0,29.0,24.0,23.0,27.0,18.0
INCIDENT__258489-webtirf__68025,68025,2025-12-08 03:00:00,2025-12-08 00:00:00,2025-12-08 06:00:00,ACCIDENT,GROUP__68025__0049,INCIDENT,102.0,78.0,48.0,61.0,144.0,475.0,949.0
INCIDENT__259325-webtirf__68025,68025,2025-12-15 19:00:00,2025-12-15 16:00:00,2025-12-15 22:00:00,OTHER_DISRUPTION,GROUP__68025__0050,INCIDENT,959.0,985.0,714.0,629.0,524.0,410.0,313.0
INCIDENT__259379-webtirf__68025,68025,2025-12-16 04:00:00,2025-12-16 01:00:00,2025-12-16 07:00:00,OTHER_DISRUPTION,GROUP__68025__0051,INCIDENT,74.0,42.0,69.0,148.0,455.0,968.0,1385.0
INCIDENT__259473-webtirf__68025,68025,2025-12-17 02:00:00,2025-12-16 23:00:00,2025-12-17 05:00:00,OTHER_DISRUPTION,GROUP__68025__0052,INCIDENT,224.0,4.0,4.0,7.0,7.0,24.0,75.0
INCIDENT__260048-webtirf__68025,68025,2025-12-22 06:00:00,2025-12-22 03:00:00,2025-12-22 09:00:00,OTHER_DISRUPTION,GROUP__68025__0053,INCIDENT,7.0,19.0,52.0,78.0,67.0,86.0,72.0
INCIDENT__219783-webtirf__7112,7112,2025-01-07 01:00:00,2025-01-06 22:00:00,2025-01-07 04:00:00,ACCIDENT,GROUP__7112__0001,INCIDENT,0.0,0.0,111.0,90.0,61.0,57.0,197.0
INCIDENT__221218-webtirf__7112,7112,2025-01-18 07:00:00,2025-01-18 04:00:00,2025-01-18 10:00:00,OTHER_DISRUPTION,GROUP__7112__0002,INCIDENT,0.0,0.0,0.0,0.0,0.0,0.0,0.0
INCIDENT__221291-webtirf__7112,7112,2025-01-19 09:00:00,2025-01-19 06:00:00,2025-01-19 12:00:00,OTHER_DISRUPTION,GROUP__7112__0003,INCIDENT,417.0,408.0,577.0,707.0,952.0,1211.0,1258.0
INCIDENT__221520.0-webtirf__7112,7112,2025-01-21 19:00:00,2025-01-21 16:00:00,2025-01-21 22:00:00,ACCIDENT,GROUP__7112__0004,INCIDENT,1291.0,1286.0,1188.0,832.0,747.0,577.0,458.0
INCIDENT__221825-webtirf__7112,7112,2025-01-24 10:00:00,2025-01-24 07:00:00,2025-01-24 13:00:00,ACCIDENT,GROUP__7112__0005,INCIDENT,0.0,0.0,0.0,0.0,0.0,0.0,0.0
INCIDENT__222495-webtirf__7112,7112,2025-01-31 07:00:00,2025-01-31 04:00:00,2025-01-31 10:00:00,OTHER_DISRUPTION,GROUP__7112__0006,INCIDENT,0.0,0.0,0.0,0.0,0.0,0.0,0.0
INCIDENT__222623-webtirf__7112,7112,2025-02-02 11:00:00,2025-02-02 08:00:00,2025-02-02 14:00:00,ACCIDENT,GROUP__7112__0007,INCIDENT,0.0,0.0,0.0,0.0,0.0,0.0,0.0
INCIDENT__224000.0-webtirf__7112,7112,2025-02-15 04:00:00,2025-02-15 01:00:00,2025-02-15 07:00:00,OTHER_DISRUPTION,GROUP__7112__0008,INCIDENT,0.0,0.0,0.0,0.0,0.0,0.0,0.0
INCIDENT__224244-webtirf__7112,7112,2025-02-18 03:00:00,2025-02-18 00:00:00,2025-02-18 06:00:00,OTHER_DISRUPTION,GROUP__7112__0009,INCIDENT,0.0,0.0,0.0,0.0,0.0,0.0,0.0
INCIDENT__224331-webtirf__7112,7112,2025-02-18 22:00:00,2025-02-18 19:00:00,2025-02-19 01:00:00,ACCIDENT,GROUP__7112__0010,INCIDENT,0.0,0.0,0.0,0.0,0.0,0.0,0.0
INCIDENT__224891-webtirf__7112,7112,2025-02-24 19:00:00,2025-02-24 16:00:00,2025-02-24 22:00:00,OTHER_DISRUPTION,GROUP__7112__0011,INCIDENT,0.0,0.0,0.0,0.0,0.0,0.0,0.0
INCIDENT__225159-webtirf__7112,7112,2025-02-27 01:00:00,2025-02-26 22:00:00,2025-02-27 04:00:00,ACCIDENT,GROUP__7112__0012,INCIDENT,0.0,0.0,0.0,0.0,0.0,0.0,0.0
INCIDENT__225193-webtirf__7112,7112,2025-02-27 05:00:00,2025-02-27 02:00:00,2025-02-27 08:00:00,OTHER_DISRUPTION,GROUP__7112__0012,INCIDENT,0.0,0.0,0.0,0.0,0.0,0.0,0.0
INCIDENT__226867-webtirf__7112,7112,2025-03-10 01:00:00,2025-03-09 22:00:00,2025-03-10 04:00:00,OTHER_DISRUPTION,GROUP__7112__0013,INCIDENT,630.0,347.0,139.0,97.0,65.0,63.0,180.0
INCIDENT__226923-webtirf__7112,7112,2025-03-10 05:00:00,2025-03-10 02:00:00,2025-03-10 08:00:00,ACCIDENT,GROUP__7112__0013,INCIDENT,65.0,63.0,180.0,598.0,1028.0,925.0,800.0
INCIDENT__227089-webtirf__7112,7112,2025-03-11 08:00:00,2025-03-11 05:00:00,2025-03-11 11:00:00,OTHER_DISRUPTION,GROUP__7112__0014,INCIDENT,828.0,1460.0,1331.0,1249.0,1091.0,944.0,987.0
INCIDENT__227288-webtirf__7112,7112,2025-03-12 18:00:00,2025-03-12 15:00:00,2025-03-12 21:00:00,ACCIDENT,GROUP__7112__0015,INCIDENT,0.0,0.0,0.0,0.0,0.0,0.0,0.0
INCIDENT__227316-webtirf__7112,7112,2025-03-12 23:00:00,2025-03-12 20:00:00,2025-03-13 02:00:00,OTHER_DISRUPTION,GROUP__7112__0015,INCIDENT,0.0,0.0,0.0,0.0,18.0,17.0,13.0
INCIDENT__227351-webtirf__7112,7112,2025-03-13 02:00:00,2025-03-12 23:00:00,2025-03-13 05:00:00,OTHER_DISRUPTION,GROUP__7112__0015,INCIDENT,0.0,18.0,17.0,13.0,30.0,70.0,96.0
INCIDENT__228451-webtirf__7112,7112,2025-03-23 21:00:00,2025-03-23 18:00:00,2025-03-24 00:00:00,OTHER_DISRUPTION,GROUP__7112__0016,INCIDENT,0.0,0.0,0.0,0.0,0.0,0.0,172.0
INCIDENT__229596-webtirf__7112,7112,2025-03-30 09:00:00,2025-03-30 06:00:00,2025-03-30 12:00:00,OTHER_DISRUPTION,GROUP__7112__0017,INCIDENT,0.0,0.0,0.0,0.0,944.0,1107.0,1206.0
INCIDENT__231136-webtirf__7112,7112,2025-04-11 05:00:00,2025-04-11 02:00:00,2025-04-11 08:00:00,OTHER_DISRUPTION,GROUP__7112__0018,INCIDENT,25.0,22.0,40.0,80.0,153.0,141.0,135.0
INCIDENT__231304-webtirf__7112,7112,2025-04-13 20:00:00,2025-04-13 17:00:00,2025-04-13 23:00:00,OTHER_DISRUPTION,GROUP__7112__0019,INCIDENT,70.0,52.0,43.0,39.0,36.0,20.0,16.0
INCIDENT__231572-webtirf__7112,7112,2025-04-15 12:00:00,2025-04-15 09:00:00,2025-04-15 15:00:00,ACCIDENT,GROUP__7112__0020,INCIDENT,851.0,776.0,800.0,908.0,898.0,1005.0,954.0
INCIDENT__233229-webtirf__7112,7112,2025-05-01 07:00:00,2025-05-01 04:00:00,2025-05-01 10:00:00,ACCIDENT,GROUP__7112__0021,INCIDENT,218.0,781.0,1517.0,1318.0,1226.0,1004.0,901.0
INCIDENT__233374-webtirf__7112,7112,2025-05-02 08:00:00,2025-05-02 05:00:00,2025-05-02 11:00:00,OTHER_DISRUPTION,GROUP__7112__0022,INCIDENT,0.0,0.0,0.0,0.0,0.0,0.0,0.0
INCIDENT__233758-webtirf__7112,7112,2025-05-06 18:00:00,2025-05-06 15:00:00,2025-05-06 21:00:00,OTHER_DISRUPTION,GROUP__7112__0023,INCIDENT,139.0,100.0,103.0,89.0,58.0,57.0,32.0
INCIDENT__233833-webtirf__7112,7112,2025-05-07 05:00:00,2025-05-07 02:00:00,2025-05-07 08:00:00,ACCIDENT,GROUP__7112__0024,INCIDENT,61.0,81.0,221.0,854.0,1590.0,1414.0,1321.0
INCIDENT__233859-webtirf__7112,7112,2025-05-07 07:00:00,2025-05-07 04:00:00,2025-05-07 10:00:00,ACCIDENT,GROUP__7112__0024,INCIDENT,221.0,854.0,1590.0,1414.0,1321.0,1046.0,910.0
INCIDENT__234586-webtirf__7112,7112,2025-05-14 15:00:00,2025-05-14 12:00:00,2025-05-14 18:00:00,OTHER_DISRUPTION,GROUP__7112__0025,INCIDENT,215.0,179.0,164.0,112.0,109.0,95.0,83.0
INCIDENT__235027-webtirf__7112,7112,2025-05-18 21:00:00,2025-05-18 18:00:00,2025-05-19 00:00:00,OTHER_DISRUPTION,GROUP__7112__0026,INCIDENT,31.0,29.0,25.0,12.0,15.0,13.0,133.0
INCIDENT__236375-webtirf__7112,7112,2025-05-23 00:00:00,2025-05-22 21:00:00,2025-05-23 03:00:00,OTHER_DISRUPTION,GROUP__7112__0027,INCIDENT,0.0,0.0,0.0,0.0,0.0,0.0,0.0
INCIDENT__237136-webtirf__7112,7112,2025-05-27 20:00:00,2025-05-27 17:00:00,2025-05-27 23:00:00,OTHER_DISRUPTION,GROUP__7112__0028,INCIDENT,741.0,668.0,558.0,417.0,409.0,299.0,182.0
INCIDENT__237773-webtirf__7112,7112,2025-06-02 06:00:00,2025-06-02 03:00:00,2025-06-02 09:00:00,OTHER_DISRUPTION,GROUP__7112__0029,INCIDENT,25.0,62.0,78.0,176.0,164.0,166.0,192.0
INCIDENT__237884-webtirf__7112,7112,2025-06-03 05:00:00,2025-06-03 02:00:00,2025-06-03 08:00:00,OTHER_DISRUPTION,GROUP__7112__0030,INCIDENT,63.0,65.0,203.0,712.0,1289.0,1014.0,1030.0
INCIDENT__238155-webtirf__7112,7112,2025-06-05 07:00:00,2025-06-05 04:00:00,2025-06-05 10:00:00,OTHER_DISRUPTION,GROUP__7112__0031,INCIDENT,36.0,93.0,171.0,194.0,168.0,174.0,164.0
INCIDENT__238753-webtirf__7112,7112,2025-06-12 00:00:00,2025-06-11 21:00:00,2025-06-12 03:00:00,ACCIDENT,GROUP__7112__0032,INCIDENT,626.0,398.0,275.0,18.0,18.0,27.0,41.0
INCIDENT__238795-webtirf__7112,7112,2025-06-12 05:00:00,2025-06-12 02:00:00,2025-06-12 08:00:00,OTHER_DISRUPTION,GROUP__7112__0032,INCIDENT,27.0,41.0,66.0,145.0,280.0,271.0,251.0
INCIDENT__239682-webtirf__7112,7112,2025-06-20 08:00:00,2025-06-20 05:00:00,2025-06-20 11:00:00,OTHER_DISRUPTION,GROUP__7112__0033,INCIDENT,132.0,285.0,259.0,224.0,290.0,216.0,232.0
INCIDENT__240214-webtirf__7112,7112,2025-06-25 19:00:00,2025-06-25 16:00:00,2025-06-25 22:00:00,OTHER_DISRUPTION,GROUP__7112__0034,INCIDENT,1298.0,1420.0,1228.0,956.0,733.0,602.0,417.0
INCIDENT__240267-webtirf__7112,7112,2025-06-26 03:00:00,2025-06-26 00:00:00,2025-06-26 06:00:00,OTHER_DISRUPTION,GROUP__7112__0035,INCIDENT,153.0,80.0,60.0,87.0,214.0,902.0,1519.0
INCIDENT__241731-webtirf__7112,7112,2025-07-09 13:00:00,2025-07-09 10:00:00,2025-07-09 16:00:00,OTHER_DISRUPTION,GROUP__7112__0036,INCIDENT,222.0,244.0,210.0,175.0,148.0,148.0,125.0
INCIDENT__241744-webtirf__7112,7112,2025-07-09 20:00:00,2025-07-09 17:00:00,2025-07-09 23:00:00,ACCIDENT,GROUP__7112__0037,INCIDENT,100.0,101.0,95.0,50.0,33.0,37.0,26.0
INCIDENT__243487-webtirf__7112,7112,2025-07-27 05:00:00,2025-07-27 02:00:00,2025-07-27 08:00:00,OTHER_DISRUPTION,GROUP__7112__0038,INCIDENT,5.0,7.0,10.0,20.0,38.0,47.0,42.0
INCIDENT__243589-webtirf__7112,7112,2025-07-28 06:00:00,2025-07-28 03:00:00,2025-07-28 09:00:00,OTHER_DISRUPTION,GROUP__7112__0039,INCIDENT,82.0,192.0,804.0,1488.0,1312.0,1273.0,994.0
INCIDENT__244543-webtirf__7112,7112,2025-08-04 02:00:00,2025-08-03 23:00:00,2025-08-04 05:00:00,OTHER_DISRUPTION,GROUP__7112__0040,INCIDENT,249.0,132.0,75.0,61.0,84.0,202.0,845.0
INCIDENT__245140.0-webtirf__7112,7112,2025-08-09 01:00:00,2025-08-08 22:00:00,2025-08-09 04:00:00,ACCIDENT,GROUP__7112__0041,INCIDENT,538.0,362.0,14.0,13.0,17.0,10.0,25.0
INCIDENT__245581-webtirf__7112,7112,2025-08-13 06:00:00,2025-08-13 03:00:00,2025-08-13 09:00:00,OTHER_DISRUPTION,GROUP__7112__0042,INCIDENT,0.0,0.0,0.0,0.0,0.0,0.0,0.0
INCIDENT__245952-webtirf__7112,7112,2025-08-17 05:00:00,2025-08-17 02:00:00,2025-08-17 08:00:00,OTHER_DISRUPTION,GROUP__7112__0043,INCIDENT,108.0,90.0,73.0,169.0,344.0,416.0,542.0
INCIDENT__246108-webtirf__7112,7112,2025-08-18 20:00:00,2025-08-18 17:00:00,2025-08-18 23:00:00,ACCIDENT,GROUP__7112__0044,INCIDENT,46.0,33.0,27.0,7.0,13.0,11.0,16.0
INCIDENT__246275-webtirf__7112,7112,2025-08-20 01:00:00,2025-08-19 22:00:00,2025-08-20 04:00:00,ACCIDENT,GROUP__7112__0045,INCIDENT,1.0,1.0,0.0,0.0,0.0,0.0,0.0
INCIDENT__246479-webtirf__7112,7112,2025-08-20 20:00:00,2025-08-20 17:00:00,2025-08-20 23:00:00,OTHER_DISRUPTION,GROUP__7112__0046,INCIDENT,0.0,0.0,0.0,0.0,0.0,0.0,0.0
INCIDENT__247316-webtirf__7112,7112,2025-08-26 09:00:00,2025-08-26 06:00:00,2025-08-26 12:00:00,OTHER_DISRUPTION,GROUP__7112__0047,INCIDENT,0.0,0.0,0.0,0.0,0.0,0.0,0.0
INCIDENT__247317-webtirf__7112,7112,2025-08-26 09:00:00,2025-08-26 06:00:00,2025-08-26 12:00:00,OTHER_DISRUPTION,GROUP__7112__0047,INCIDENT,0.0,0.0,0.0,0.0,0.0,0.0,0.0
INCIDENT__248217-webtirf__7112,7112,2025-09-04 21:00:00,2025-09-04 18:00:00,2025-09-05 00:00:00,ACCIDENT,GROUP__7112__0048,INCIDENT,1232.0,940.0,858.0,738.0,507.0,273.0,178.0
INCIDENT__248278-webtirf__7112,7112,2025-09-05 02:00:00,2025-09-04 23:00:00,2025-09-05 05:00:00,OTHER_DISRUPTION,GROUP__7112__0048,INCIDENT,273.0,178.0,87.0,71.0,95.0,211.0,820.0
INCIDENT__248338-webtirf__7112,7112,2025-09-05 12:00:00,2025-09-05 09:00:00,2025-09-05 15:00:00,OTHER_DISRUPTION,GROUP__7112__0049,INCIDENT,1000.0,989.0,1042.0,1094.0,1202.0,1306.0,1214.0
INCIDENT__248379-webtirf__7112,7112,2025-09-06 07:00:00,2025-09-06 04:00:00,2025-09-06 10:00:00,OTHER_DISRUPTION,GROUP__7112__0050,INCIDENT,30.0,62.0,135.0,133.0,114.0,91.0,114.0
INCIDENT__249497-webtirf__7112,7112,2025-09-13 23:00:00,2025-09-13 20:00:00,2025-09-14 02:00:00,OTHER_DISRUPTION,GROUP__7112__0051,INCIDENT,773.0,687.0,591.0,457.0,308.0,198.0,104.0
INCIDENT__249800-webtirf__7112,7112,2025-09-17 00:00:00,2025-09-16 21:00:00,2025-09-17 03:00:00,OTHER_DISRUPTION,GROUP__7112__0052,INCIDENT,49.0,27.0,15.0,138.0,81.0,61.0,84.0
INCIDENT__249800.0-webtirf__7112,7112,2025-09-17 00:00:00,2025-09-16 21:00:00,2025-09-17 03:00:00,OTHER_DISRUPTION,GROUP__7112__0052,INCIDENT,49.0,27.0,15.0,138.0,81.0,61.0,84.0
INCIDENT__249840-webtirf__7112,7112,2025-09-17 05:00:00,2025-09-17 02:00:00,2025-09-17 08:00:00,OTHER_DISRUPTION,GROUP__7112__0052,INCIDENT,61.0,84.0,212.0,869.0,1604.0,1339.0,1267.0
INCIDENT__249840.0-webtirf__7112,7112,2025-09-17 05:00:00,2025-09-17 02:00:00,2025-09-17 08:00:00,OTHER_DISRUPTION,GROUP__7112__0052,INCIDENT,61.0,84.0,212.0,869.0,1604.0,1339.0,1267.0
INCIDENT__250224-webtirf__7112,7112,2025-09-21 21:00:00,2025-09-21 18:00:00,2025-09-22 00:00:00,OTHER_DISRUPTION,GROUP__7112__0053,INCIDENT,1128.0,912.0,780.0,601.0,466.0,294.0,192.0
INCIDENT__252629-webtirf__7112,7112,2025-10-15 01:00:00,2025-10-14 22:00:00,2025-10-15 04:00:00,OTHER_DISRUPTION,GROUP__7112__0054,INCIDENT,460.0,326.0,26.0,19.0,29.0,29.0,78.0
INCIDENT__252740-webtirf__7112,7112,2025-10-15 23:00:00,2025-10-15 20:00:00,2025-10-16 02:00:00,OTHER_DISRUPTION,GROUP__7112__0055,INCIDENT,43.0,32.0,25.0,23.0,18.0,21.0,16.0
INCIDENT__252740.0-webtirf__7112,7112,2025-10-15 23:00:00,2025-10-15 20:00:00,2025-10-16 02:00:00,OTHER_DISRUPTION,GROUP__7112__0055,INCIDENT,43.0,32.0,25.0,23.0,18.0,21.0,16.0
INCIDENT__252828-webtirf__7112,7112,2025-10-16 18:00:00,2025-10-16 15:00:00,2025-10-16 21:00:00,OTHER_DISRUPTION,GROUP__7112__0056,INCIDENT,168.0,135.0,111.0,97.0,61.0,59.0,39.0
INCIDENT__253353-webtirf__7112,7112,2025-10-21 23:00:00,2025-10-21 20:00:00,2025-10-22 02:00:00,OTHER_DISRUPTION,GROUP__7112__0057,INCIDENT,41.0,36.0,30.0,30.0,23.0,20.0,27.0
INCIDENT__253368-webtirf__7112,7112,2025-10-22 00:00:00,2025-10-21 21:00:00,2025-10-22 03:00:00,OTHER_DISRUPTION,GROUP__7112__0057,INCIDENT,36.0,30.0,30.0,23.0,20.0,27.0,30.0
INCIDENT__254132-webtirf__7112,7112,2025-10-29 07:00:00,2025-10-29 04:00:00,2025-10-29 10:00:00,OTHER_DISRUPTION,GROUP__7112__0058,INCIDENT,67.0,124.0,261.0,258.0,202.0,245.0,219.0
INCIDENT__254290-webtirf__7112,7112,2025-10-30 22:00:00,2025-10-30 19:00:00,2025-10-31 01:00:00,OTHER_DISRUPTION,GROUP__7112__0059,INCIDENT,1003.0,865.0,731.0,581.0,289.0,27.0,23.0
INCIDENT__254290.0-webtirf__7112,7112,2025-10-30 22:00:00,2025-10-30 19:00:00,2025-10-31 01:00:00,OTHER_DISRUPTION,GROUP__7112__0059,INCIDENT,1003.0,865.0,731.0,581.0,289.0,27.0,23.0
INCIDENT__254444-webtirf__7112,7112,2025-10-31 23:00:00,2025-10-31 20:00:00,2025-11-01 02:00:00,OTHER_DISRUPTION,GROUP__7112__0060,INCIDENT,50.0,27.0,22.0,19.0,264.0,177.0,116.0
INCIDENT__255214-webtirf__7112,7112,2025-11-09 22:00:00,2025-11-09 19:00:00,2025-11-10 01:00:00,OTHER_DISRUPTION,GROUP__7112__0061,INCIDENT,35.0,39.0,25.0,16.0,20.0,140.0,89.0
INCIDENT__255563-webtirf__7112,7112,2025-11-13 02:00:00,2025-11-12 23:00:00,2025-11-13 05:00:00,OTHER_DISRUPTION,GROUP__7112__0062,INCIDENT,333.0,160.0,116.0,76.0,99.0,233.0,933.0
INCIDENT__255887-webtirf__7112,7112,2025-11-16 09:00:00,2025-11-16 06:00:00,2025-11-16 12:00:00,OTHER_DISRUPTION,GROUP__7112__0063,INCIDENT,45.0,61.0,50.0,56.0,46.0,68.0,47.0
INCIDENT__256560-webtirf__7112,7112,2025-11-22 06:00:00,2025-11-22 03:00:00,2025-11-22 09:00:00,OTHER_DISRUPTION,GROUP__7112__0064,INCIDENT,94.0,138.0,444.0,1057.0,867.0,993.0,1039.0
INCIDENT__256560.0-webtirf__7112,7112,2025-11-22 06:00:00,2025-11-22 03:00:00,2025-11-22 09:00:00,OTHER_DISRUPTION,GROUP__7112__0064,INCIDENT,94.0,138.0,444.0,1057.0,867.0,993.0,1039.0
INCIDENT__256609-webtirf__7112,7112,2025-11-22 22:00:00,2025-11-22 19:00:00,2025-11-23 01:00:00,OTHER_DISRUPTION,GROUP__7112__0065,INCIDENT,1062.0,781.0,759.0,653.0,510.0,350.0,206.0
INCIDENT__256617-webtirf__7112,7112,2025-11-23 00:00:00,2025-11-22 21:00:00,2025-11-23 03:00:00,OTHER_DISRUPTION,GROUP__7112__0065,INCIDENT,759.0,653.0,510.0,350.0,206.0,131.0,81.0
INCIDENT__256897-webtirf__7112,7112,2025-11-25 06:00:00,2025-11-25 03:00:00,2025-11-25 09:00:00,ACCIDENT,GROUP__7112__0066,INCIDENT,31.0,56.0,123.0,266.0,260.0,221.0,241.0
INCIDENT__257511-webtirf__7112,7112,2025-11-28 19:00:00,2025-11-28 16:00:00,2025-11-28 22:00:00,OTHER_DISRUPTION,GROUP__7112__0067,INCIDENT,125.0,112.0,101.0,82.0,46.0,46.0,32.0
INCIDENT__258057-webtirf__7112,7112,2025-12-03 21:00:00,2025-12-03 18:00:00,2025-12-04 00:00:00,OTHER_DISRUPTION,GROUP__7112__0068,INCIDENT,81.0,68.0,38.0,42.0,28.0,24.0,18.0
INCIDENT__258391-webtirf__7112,7112,2025-12-06 22:00:00,2025-12-06 19:00:00,2025-12-07 01:00:00,OTHER_DISRUPTION,GROUP__7112__0069,INCIDENT,39.0,34.0,27.0,37.0,17.0,20.0,9.0
INCIDENT__258700-webtirf__7112,7112,2025-12-10 01:00:00,2025-12-09 22:00:00,2025-12-10 04:00:00,OTHER_DISRUPTION,GROUP__7112__0070,INCIDENT,561.0,283.0,15.0,25.0,37.0,30.0,69.0
INCIDENT__258700.0-webtirf__7112,7112,2025-12-10 01:00:00,2025-12-09 22:00:00,2025-12-10 04:00:00,OTHER_DISRUPTION,GROUP__7112__0070,INCIDENT,561.0,283.0,15.0,25.0,37.0,30.0,69.0
INCIDENT__258933-webtirf__7112,7112,2025-12-11 23:00:00,2025-12-11 20:00:00,2025-12-12 02:00:00,ACCIDENT,GROUP__7112__0071,INCIDENT,841.0,702.0,488.0,334.0,192.0,131.0,81.0
INCIDENT__259068-webtirf__7112,7112,2025-12-12 05:00:00,2025-12-12 02:00:00,2025-12-12 08:00:00,OTHER_DISRUPTION,GROUP__7112__0071,INCIDENT,81.0,87.0,217.0,751.0,1326.0,1123.0,964.0
INCIDENT__259492-webtirf__7112,7112,2025-12-17 04:00:00,2025-12-17 01:00:00,2025-12-17 07:00:00,ACCIDENT,GROUP__7112__0072,INCIDENT,97.0,79.0,92.0,228.0,870.0,1510.0,1143.0
INCIDENT__259638-webtirf__7112,7112,2025-12-18 07:00:00,2025-12-18 04:00:00,2025-12-18 10:00:00,OTHER_DISRUPTION,GROUP__7112__0073,INCIDENT,62.0,143.0,254.0,254.0,217.0,256.0,218.0
INCIDENT__259730-webtirf__7112,7112,2025-12-19 03:00:00,2025-12-19 00:00:00,2025-12-19 06:00:00,ACCIDENT,GROUP__7112__0074,INCIDENT,177.0,108.0,84.0,92.0,205.0,846.0,1488.0
INCIDENT__259730.0-webtirf__7112,7112,2025-12-19 03:00:00,2025-12-19 00:00:00,2025-12-19 06:00:00,ACCIDENT,GROUP__7112__0074,INCIDENT,177.0,108.0,84.0,92.0,205.0,846.0,1488.0
INCIDENT__260575-webtirf__7112,7112,2025-12-31 06:00:00,2025-12-31 03:00:00,2025-12-31 09:00:00,OTHER_DISRUPTION,GROUP__7112__0075,INCIDENT,65.0,127.0,312.0,549.0,441.0,477.0,557.0
INCIDENT__220419-webtirf__7119-PR,7119-PR,2025-01-13 19:00:00,2025-01-13 16:00:00,2025-01-13 22:00:00,OTHER_DISRUPTION,GROUP__7119-PR__0001,INCIDENT,49.0,42.0,41.0,23.0,14.0,13.0,15.0
INCIDENT__220429-webtirf__7119-PR,7119-PR,2025-01-13 21:00:00,2025-01-13 18:00:00,2025-01-14 00:00:00,OTHER_DISRUPTION,GROUP__7119-PR__0001,INCIDENT,41.0,23.0,14.0,13.0,15.0,10.0,2.0
INCIDENT__222788-webtirf__7119-PR,7119-PR,2025-02-04 04:00:00,2025-02-04 01:00:00,2025-02-04 07:00:00,ACCIDENT,GROUP__7119-PR__0002,INCIDENT,0.0,0.0,0.0,0.0,0.0,0.0,0.0
INCIDENT__223756-webtirf__7119-PR,7119-PR,2025-02-13 04:00:00,2025-02-13 01:00:00,2025-02-13 07:00:00,ACCIDENT,GROUP__7119-PR__0003,INCIDENT,0.0,0.0,0.0,0.0,0.0,0.0,0.0
INCIDENT__229592-webtirf__7119-PR,7119-PR,2025-03-30 08:00:00,2025-03-30 05:00:00,2025-03-30 11:00:00,ACCIDENT,GROUP__7119-PR__0004,INCIDENT,1.0,0.0,0.0,2.0,5.0,4.0,5.0
INCIDENT__232509-webtirf__7119-PR,7119-PR,2025-04-25 05:00:00,2025-04-25 02:00:00,2025-04-25 08:00:00,ACCIDENT,GROUP__7119-PR__0005,INCIDENT,1.0,7.0,8.0,5.0,9.0,17.0,18.0
INCIDENT__233368-webtirf__7119-PR,7119-PR,2025-05-02 08:00:00,2025-05-02 05:00:00,2025-05-02 11:00:00,ACCIDENT,GROUP__7119-PR__0006,INCIDENT,15.0,48.0,60.0,62.0,63.0,70.0,70.0
INCIDENT__233706-webtirf__7119-PR,7119-PR,2025-05-06 04:00:00,2025-05-06 01:00:00,2025-05-06 07:00:00,OTHER_DISRUPTION,GROUP__7119-PR__0007,INCIDENT,65.0,52.0,58.0,88.0,224.0,447.0,557.0
INCIDENT__235757-webtirf__7119-PR,7119-PR,2025-05-21 05:00:00,2025-05-21 02:00:00,2025-05-21 08:00:00,OTHER_DISRUPTION,GROUP__7119-PR__0008,INCIDENT,5.0,8.0,11.0,35.0,85.0,89.0,85.0
INCIDENT__240298-webtirf__7119-PR,7119-PR,2025-06-26 08:00:00,2025-06-26 05:00:00,2025-06-26 11:00:00,ACCIDENT,GROUP__7119-PR__0009,INCIDENT,209.0,450.0,512.0,648.0,495.0,556.0,661.0
INCIDENT__240483-webtirf__7119-PR,7119-PR,2025-06-29 04:00:00,2025-06-29 01:00:00,2025-06-29 07:00:00,OTHER_DISRUPTION,GROUP__7119-PR__0010,INCIDENT,161.0,104.0,97.0,79.0,85.0,162.0,192.0
INCIDENT__246391-webtirf__7119-PR,7119-PR,2025-08-20 06:00:00,2025-08-20 03:00:00,2025-08-20 09:00:00,ACCIDENT,GROUP__7119-PR__0011,INCIDENT,54.0,96.0,214.0,457.0,510.0,604.0,619.0
INCIDENT__247561-webtirf__7119-PR,7119-PR,2025-08-28 11:00:00,2025-08-28 08:00:00,2025-08-28 14:00:00,ACCIDENT,GROUP__7119-PR__0012,INCIDENT,630.0,490.0,591.0,655.0,794.0,834.0,885.0
INCIDENT__251248-webtirf__7119-PR,7119-PR,2025-10-01 05:00:00,2025-10-01 02:00:00,2025-10-01 08:00:00,ACCIDENT,GROUP__7119-PR__0013,INCIDENT,119.0,86.0,116.0,424.0,752.0,928.0,1049.0
INCIDENT__255047-webtirf__7119-PR,7119-PR,2025-11-07 06:00:00,2025-11-07 03:00:00,2025-11-07 09:00:00,ACCIDENT,GROUP__7119-PR__0014,INCIDENT,4.0,5.0,23.0,49.0,66.0,74.0,103.0
INCIDENT__256823-webtirf__7119-PR,7119-PR,2025-11-24 22:00:00,2025-11-24 19:00:00,2025-11-25 01:00:00,OTHER_DISRUPTION,GROUP__7119-PR__0015,INCIDENT,31.0,27.0,30.0,22.0,11.0,96.0,62.0
INCIDENT__258489-webtirf__7119-PR,7119-PR,2025-12-08 03:00:00,2025-12-08 00:00:00,2025-12-08 06:00:00,ACCIDENT,GROUP__7119-PR__0016,INCIDENT,116.0,76.0,49.0,51.0,109.0,228.0,458.0
INCIDENT__258628-webtirf__7119-PR,7119-PR,2025-12-09 06:00:00,2025-12-09 03:00:00,2025-12-09 09:00:00,OTHER_DISRUPTION,GROUP__7119-PR__0017,INCIDENT,4.0,11.0,48.0,90.0,106.0,117.0,101.0
INCIDENT__260021-webtirf__7119-PR,7119-PR,2025-12-22 01:00:00,2025-12-21 22:00:00,2025-12-22 04:00:00,OTHER_DISRUPTION,GROUP__7119-PR__0018,INCIDENT,370.0,232.0,21.0,16.0,2.0,2.0,9.0
INCIDENT__219427-webtirf__7120,7120,2025-01-01 04:00:00,2025-01-01 01:00:00,2025-01-01 07:00:00,OTHER_DISRUPTION,GROUP__7120__0001,INCIDENT,0.0,0.0,0.0,0.0,0.0,0.0,0.0
INCIDENT__219932-webtirf__7120,7120,2025-01-08 10:00:00,2025-01-08 07:00:00,2025-01-08 13:00:00,ACCIDENT,GROUP__7120__0002,INCIDENT,95.0,93.0,78.0,85.0,60.0,64.0,53.0
INCIDENT__220081-webtirf__7120,7120,2025-01-09 22:00:00,2025-01-09 19:00:00,2025-01-10 01:00:00,OTHER_DISRUPTION,GROUP__7120__0003,INCIDENT,538.0,404.0,435.0,318.0,231.0,11.0,9.0
INCIDENT__220471-webtirf__7120,7120,2025-01-14 02:00:00,2025-01-13 23:00:00,2025-01-14 05:00:00,OTHER_DISRUPTION,GROUP__7120__0004,INCIDENT,0.0,0.0,0.0,0.0,0.0,0.0,0.0
INCIDENT__221068-webtirf__7120,7120,2025-01-17 12:00:00,2025-01-17 09:00:00,2025-01-17 15:00:00,OTHER_DISRUPTION,GROUP__7120__0005,INCIDENT,675.0,698.0,612.0,663.0,627.0,647.0,636.0
INCIDENT__221341-webtirf__7120,7120,2025-01-20 00:00:00,2025-01-19 21:00:00,2025-01-20 03:00:00,OTHER_DISRUPTION,GROUP__7120__0006,INCIDENT,0.0,0.0,0.0,0.0,0.0,0.0,0.0
INCIDENT__221572-webtirf__7120,7120,2025-01-22 05:00:00,2025-01-22 02:00:00,2025-01-22 08:00:00,OTHER_DISRUPTION,GROUP__7120__0007,INCIDENT,9.0,17.0,30.0,67.0,101.0,102.0,84.0
INCIDENT__221573-webtirf__7120,7120,2025-01-22 05:00:00,2025-01-22 02:00:00,2025-01-22 08:00:00,OTHER_DISRUPTION,GROUP__7120__0007,INCIDENT,9.0,17.0,30.0,67.0,101.0,102.0,84.0
INCIDENT__222057-webtirf__7120,7120,2025-01-28 04:00:00,2025-01-28 01:00:00,2025-01-28 07:00:00,OTHER_DISRUPTION,GROUP__7120__0008,INCIDENT,1.0,8.0,4.0,22.0,53.0,84.0,96.0
INCIDENT__222182-webtirf__7120,7120,2025-01-29 00:00:00,2025-01-28 21:00:00,2025-01-29 03:00:00,OTHER_DISRUPTION,GROUP__7120__0009,INCIDENT,29.0,14.0,16.0,10.0,10.0,13.0,8.0
INCIDENT__222759-webtirf__7120,7120,2025-02-04 00:00:00,2025-02-03 21:00:00,2025-02-04 03:00:00,OTHER_DISRUPTION,GROUP__7120__0010,INCIDENT,0.0,0.0,0.0,0.0,0.0,0.0,0.0
INCIDENT__223457-webtirf__7120,7120,2025-02-10 08:00:00,2025-02-10 05:00:00,2025-02-10 11:00:00,OTHER_DISRUPTION,GROUP__7120__0011,INCIDENT,0.0,0.0,0.0,0.0,0.0,0.0,0.0
INCIDENT__223483-webtirf__7120,7120,2025-02-10 20:00:00,2025-02-10 17:00:00,2025-02-10 23:00:00,OTHER_DISRUPTION,GROUP__7120__0012,INCIDENT,0.0,0.0,0.0,0.0,0.0,0.0,0.0
INCIDENT__224271-webtirf__7120,7120,2025-02-18 05:00:00,2025-02-18 02:00:00,2025-02-18 08:00:00,OTHER_DISRUPTION,GROUP__7120__0013,INCIDENT,0.0,0.0,0.0,0.0,0.0,0.0,0.0
INCIDENT__224420.0-webtirf__7120,7120,2025-02-19 07:00:00,2025-02-19 04:00:00,2025-02-19 10:00:00,OTHER_DISRUPTION,GROUP__7120__0014,INCIDENT,0.0,0.0,0.0,0.0,0.0,0.0,0.0
INCIDENT__224510.0-webtirf__7120,7120,2025-02-20 03:00:00,2025-02-20 00:00:00,2025-02-20 06:00:00,OTHER_DISRUPTION,GROUP__7120__0015,INCIDENT,0.0,0.0,0.0,0.0,0.0,0.0,0.0
INCIDENT__224541-webtirf__7120,7120,2025-02-20 08:00:00,2025-02-20 05:00:00,2025-02-20 11:00:00,OTHER_DISRUPTION,GROUP__7120__0015,INCIDENT,0.0,0.0,0.0,0.0,0.0,0.0,0.0
INCIDENT__225624-webtirf__7120,7120,2025-03-04 04:00:00,2025-03-04 01:00:00,2025-03-04 07:00:00,ACCIDENT,GROUP__7120__0016,INCIDENT,0.0,0.0,0.0,0.0,0.0,0.0,0.0
INCIDENT__225996-webtirf__7120,7120,2025-03-06 06:00:00,2025-03-06 03:00:00,2025-03-06 09:00:00,ACCIDENT,GROUP__7120__0017,INCIDENT,0.0,0.0,0.0,0.0,0.0,0.0,0.0
INCIDENT__227366-webtirf__7120,7120,2025-03-13 04:00:00,2025-03-13 01:00:00,2025-03-13 07:00:00,OTHER_DISRUPTION,GROUP__7120__0018,INCIDENT,8.0,4.0,12.0,32.0,62.0,107.0,84.0
INCIDENT__227661-webtirf__7120,7120,2025-03-16 11:00:00,2025-03-16 08:00:00,2025-03-16 14:00:00,ACCIDENT,GROUP__7120__0019,INCIDENT,42.0,39.0,36.0,35.0,28.0,38.0,47.0
INCIDENT__229322-webtirf__7120,7120,2025-03-29 00:00:00,2025-03-28 21:00:00,2025-03-29 03:00:00,OTHER_DISRUPTION,GROUP__7120__0020,INCIDENT,679.0,601.0,476.0,358.0,284.0,209.0,167.0
INCIDENT__232975-webtirf__7120,7120,2025-04-29 09:00:00,2025-04-29 06:00:00,2025-04-29 12:00:00,OTHER_DISRUPTION,GROUP__7120__0021,INCIDENT,111.0,87.0,76.0,93.0,100.0,84.0,82.0
INCIDENT__236563-webtirf__7120,7120,2025-05-23 09:00:00,2025-05-23 06:00:00,2025-05-23 12:00:00,OTHER_DISRUPTION,GROUP__7120__0022,INCIDENT,76.0,84.0,75.0,71.0,91.0,82.0,68.0
INCIDENT__236582-webtirf__7120,7120,2025-05-23 14:00:00,2025-05-23 11:00:00,2025-05-23 17:00:00,ACCIDENT,GROUP__7120__0022,INCIDENT,82.0,68.0,31.0,58.0,42.0,47.0,30.0
INCIDENT__236842-webtirf__7120,7120,2025-05-26 03:00:00,2025-05-26 00:00:00,2025-05-26 06:00:00,OTHER_DISRUPTION,GROUP__7120__0023,INCIDENT,108.0,74.0,55.0,80.0,192.0,665.0,725.0
INCIDENT__238324-webtirf__7120,7120,2025-06-06 14:00:00,2025-06-06 11:00:00,2025-06-06 17:00:00,OTHER_DISRUPTION,GROUP__7120__0024,INCIDENT,680.0,689.0,650.0,662.0,686.0,759.0,688.0
INCIDENT__238387-webtirf__7120,7120,2025-06-07 23:00:00,2025-06-07 20:00:00,2025-06-08 02:00:00,OTHER_DISRUPTION,GROUP__7120__0025,INCIDENT,696.0,578.0,560.0,417.0,376.0,288.0,301.0
INCIDENT__238522-webtirf__7120,7120,2025-06-10 00:00:00,2025-06-09 21:00:00,2025-06-10 03:00:00,OTHER_DISRUPTION,GROUP__7120__0026,INCIDENT,389.0,286.0,163.0,9.0,9.0,9.0,16.0
INCIDENT__239087-webtirf__7120,7120,2025-06-15 07:00:00,2025-06-15 04:00:00,2025-06-15 10:00:00,ACCIDENT,GROUP__7120__0027,INCIDENT,9.0,20.0,19.0,24.0,32.0,27.0,36.0
INCIDENT__239597-webtirf__7120,7120,2025-06-19 21:00:00,2025-06-19 18:00:00,2025-06-20 00:00:00,OTHER_DISRUPTION,GROUP__7120__0028,INCIDENT,34.0,29.0,26.0,22.0,19.0,19.0,163.0
INCIDENT__239793-webtirf__7120,7120,2025-06-22 05:00:00,2025-06-22 02:00:00,2025-06-22 08:00:00,OTHER_DISRUPTION,GROUP__7120__0029,INCIDENT,287.0,237.0,237.0,258.0,422.0,380.0,515.0
INCIDENT__241738-webtirf__7120,7120,2025-07-09 19:00:00,2025-07-09 16:00:00,2025-07-09 22:00:00,OTHER_DISRUPTION,GROUP__7120__0030,INCIDENT,666.0,657.0,720.0,520.0,446.0,442.0,353.0
INCIDENT__242013-webtirf__7120,7120,2025-07-12 02:00:00,2025-07-11 23:00:00,2025-07-12 05:00:00,ACCIDENT,GROUP__7120__0031,INCIDENT,15.0,6.0,18.0,6.0,15.0,14.0,33.0
INCIDENT__242319-webtirf__7120,7120,2025-07-15 07:00:00,2025-07-15 04:00:00,2025-07-15 10:00:00,OTHER_DISRUPTION,GROUP__7120__0032,INCIDENT,33.0,59.0,104.0,104.0,80.0,99.0,92.0
INCIDENT__242549-webtirf__7120,7120,2025-07-17 21:00:00,2025-07-17 18:00:00,2025-07-18 00:00:00,OTHER_DISRUPTION,GROUP__7120__0033,INCIDENT,35.0,21.0,30.0,27.0,18.0,9.0,12.0
INCIDENT__242908-webtirf__7120,7120,2025-07-22 00:00:00,2025-07-21 21:00:00,2025-07-22 03:00:00,ACCIDENT,GROUP__7120__0034,INCIDENT,18.0,13.0,9.0,9.0,5.0,6.0,15.0
INCIDENT__243863-webtirf__7120,7120,2025-07-30 22:00:00,2025-07-30 19:00:00,2025-07-31 01:00:00,OTHER_DISRUPTION,GROUP__7120__0035,INCIDENT,19.0,27.0,18.0,12.0,9.0,113.0,74.0
INCIDENT__243986-webtirf__7120,7120,2025-07-31 22:00:00,2025-07-31 19:00:00,2025-08-01 01:00:00,OTHER_DISRUPTION,GROUP__7120__0036,INCIDENT,603.0,578.0,506.0,414.0,290.0,156.0,115.0
INCIDENT__244661-webtirf__7120,7120,2025-08-04 21:00:00,2025-08-04 18:00:00,2025-08-05 00:00:00,OTHER_DISRUPTION,GROUP__7120__0037,INCIDENT,41.0,25.0,27.0,19.0,10.0,10.0,73.0
INCIDENT__245349-webtirf__7120,7120,2025-08-11 04:00:00,2025-08-11 01:00:00,2025-08-11 07:00:00,OTHER_DISRUPTION,GROUP__7120__0038,INCIDENT,100.0,72.0,104.0,197.0,641.0,831.0,753.0
INCIDENT__247430.0-webtirf__7120,7120,2025-08-27 10:00:00,2025-08-27 07:00:00,2025-08-27 13:00:00,OTHER_DISRUPTION,GROUP__7120__0039,INCIDENT,719.0,679.0,751.0,671.0,663.0,638.0,626.0
INCIDENT__247875-webtirf__7120,7120,2025-09-01 05:00:00,2025-09-01 02:00:00,2025-09-01 08:00:00,OTHER_DISRUPTION,GROUP__7120__0040,INCIDENT,85.0,102.0,236.0,684.0,791.0,766.0,713.0
INCIDENT__247936-webtirf__7120,7120,2025-09-01 22:00:00,2025-09-01 19:00:00,2025-09-02 01:00:00,OTHER_DISRUPTION,GROUP__7120__0041,INCIDENT,544.0,442.0,380.0,296.0,157.0,85.0,68.0
INCIDENT__248105-webtirf__7120,7120,2025-09-03 21:00:00,2025-09-03 18:00:00,2025-09-04 00:00:00,OTHER_DISRUPTION,GROUP__7120__0042,INCIDENT,32.0,34.0,28.0,25.0,20.0,13.0,120.0
INCIDENT__248460.0-webtirf__7120,7120,2025-09-07 06:00:00,2025-09-07 03:00:00,2025-09-07 09:00:00,OTHER_DISRUPTION,GROUP__7120__0043,INCIDENT,229.0,216.0,225.0,313.0,391.0,572.0,695.0
INCIDENT__249635-webtirf__7120,7120,2025-09-15 12:00:00,2025-09-15 09:00:00,2025-09-15 15:00:00,ACCIDENT,GROUP__7120__0044,INCIDENT,718.0,663.0,665.0,619.0,636.0,582.0,628.0
INCIDENT__249939-webtirf__7120,7120,2025-09-18 04:00:00,2025-09-18 01:00:00,2025-09-18 07:00:00,OTHER_DISRUPTION,GROUP__7120__0045,INCIDENT,15.0,5.0,12.0,27.0,73.0,105.0,99.0
INCIDENT__250098-webtirf__7120,7120,2025-09-19 15:00:00,2025-09-19 12:00:00,2025-09-19 18:00:00,ACCIDENT,GROUP__7120__0046,INCIDENT,66.0,73.0,68.0,49.0,47.0,36.0,42.0
INCIDENT__250137-webtirf__7120,7120,2025-09-20 08:00:00,2025-09-20 05:00:00,2025-09-20 11:00:00,OTHER_DISRUPTION,GROUP__7120__0047,INCIDENT,329.0,555.0,607.0,659.0,657.0,670.0,697.0
INCIDENT__250172-webtirf__7120,7120,2025-09-21 02:00:00,2025-09-20 23:00:00,2025-09-21 05:00:00,OTHER_DISRUPTION,GROUP__7120__0048,INCIDENT,576.0,8.0,18.0,8.0,6.0,11.0,15.0
INCIDENT__250812-webtirf__7120,7120,2025-09-26 06:00:00,2025-09-26 03:00:00,2025-09-26 09:00:00,OTHER_DISRUPTION,GROUP__7120__0049,INCIDENT,19.0,17.0,71.0,101.0,110.0,82.0,101.0
INCIDENT__250947-webtirf__7120,7120,2025-09-28 21:00:00,2025-09-28 18:00:00,2025-09-29 00:00:00,OTHER_DISRUPTION,GROUP__7120__0050,INCIDENT,23.0,27.0,18.0,18.0,14.0,11.0,7.0
INCIDENT__251785-webtirf__7120,7120,2025-10-07 06:00:00,2025-10-07 03:00:00,2025-10-07 09:00:00,OTHER_DISRUPTION,GROUP__7120__0051,INCIDENT,70.0,183.0,563.0,704.0,712.0,712.0,751.0
INCIDENT__252083-webtirf__7120,7120,2025-10-09 13:00:00,2025-10-09 10:00:00,2025-10-09 16:00:00,OTHER_DISRUPTION,GROUP__7120__0052,INCIDENT,105.0,65.0,93.0,64.0,78.0,57.0,44.0
INCIDENT__252593-webtirf__7120,7120,2025-10-14 21:00:00,2025-10-14 18:00:00,2025-10-15 00:00:00,ACCIDENT,GROUP__7120__0053,INCIDENT,700.0,588.0,570.0,467.0,326.0,212.0,104.0
INCIDENT__252972-webtirf__7120,7120,2025-10-17 12:00:00,2025-10-17 09:00:00,2025-10-17 15:00:00,ACCIDENT,GROUP__7120__0054,INCIDENT,739.0,739.0,676.0,663.0,652.0,671.0,611.0
INCIDENT__253135-webtirf__7120,7120,2025-10-19 21:00:00,2025-10-19 18:00:00,2025-10-20 00:00:00,OTHER_DISRUPTION,GROUP__7120__0055,INCIDENT,29.0,29.0,20.0,15.0,26.0,15.0,138.0
INCIDENT__253386-webtirf__7120,7120,2025-10-22 02:00:00,2025-10-21 23:00:00,2025-10-22 05:00:00,ACCIDENT,GROUP__7120__0056,INCIDENT,0.0,0.0,0.0,0.0,0.0,0.0,0.0
INCIDENT__253699-webtirf__7120,7120,2025-10-24 11:00:00,2025-10-24 08:00:00,2025-10-24 14:00:00,OTHER_DISRUPTION,GROUP__7120__0057,INCIDENT,0.0,0.0,0.0,0.0,0.0,0.0,0.0
INCIDENT__254075-webtirf__7120,7120,2025-10-28 23:00:00,2025-10-28 20:00:00,2025-10-29 02:00:00,OTHER_DISRUPTION,GROUP__7120__0058,INCIDENT,0.0,0.0,0.0,0.0,0.0,0.0,0.0
INCIDENT__254535-webtirf__7120,7120,2025-11-02 09:00:00,2025-11-02 06:00:00,2025-11-02 12:00:00,ACCIDENT,GROUP__7120__0059,INCIDENT,0.0,0.0,0.0,0.0,0.0,0.0,0.0
INCIDENT__254550-webtirf__7120,7120,2025-11-02 20:00:00,2025-11-02 17:00:00,2025-11-02 23:00:00,OTHER_DISRUPTION,GROUP__7120__0060,INCIDENT,0.0,0.0,0.0,0.0,0.0,0.0,0.0
INCIDENT__254550.0-webtirf__7120,7120,2025-11-02 20:00:00,2025-11-02 17:00:00,2025-11-02 23:00:00,OTHER_DISRUPTION,GROUP__7120__0060,INCIDENT,0.0,0.0,0.0,0.0,0.0,0.0,0.0
INCIDENT__255350-webtirf__7120,7120,2025-11-11 03:00:00,2025-11-11 00:00:00,2025-11-11 06:00:00,OTHER_DISRUPTION,GROUP__7120__0061,INCIDENT,0.0,0.0,0.0,0.0,0.0,0.0,0.0
INCIDENT__255350.0-webtirf__7120,7120,2025-11-11 03:00:00,2025-11-11 00:00:00,2025-11-11 06:00:00,OTHER_DISRUPTION,GROUP__7120__0061,INCIDENT,0.0,0.0,0.0,0.0,0.0,0.0,0.0
INCIDENT__255379-webtirf__7120,7120,2025-11-11 07:00:00,2025-11-11 04:00:00,2025-11-11 10:00:00,OTHER_DISRUPTION,GROUP__7120__0061,INCIDENT,0.0,0.0,0.0,0.0,0.0,0.0,0.0
INCIDENT__255656-webtirf__7120,7120,2025-11-13 22:00:00,2025-11-13 19:00:00,2025-11-14 01:00:00,OTHER_DISRUPTION,GROUP__7120__0062,INCIDENT,0.0,0.0,0.0,0.0,0.0,172.0,114.0
INCIDENT__256351-webtirf__7120,7120,2025-11-20 08:00:00,2025-11-20 05:00:00,2025-11-20 11:00:00,ACCIDENT,GROUP__7120__0063,INCIDENT,263.0,276.0,235.0,236.0,260.0,281.0,277.0
INCIDENT__256427-webtirf__7120,7120,2025-11-21 00:00:00,2025-11-20 21:00:00,2025-11-21 03:00:00,ACCIDENT,GROUP__7120__0064,INCIDENT,247.0,189.0,154.0,212.0,101.0,95.0,85.0
INCIDENT__256451-webtirf__7120,7120,2025-11-21 03:00:00,2025-11-21 00:00:00,2025-11-21 06:00:00,ACCIDENT,GROUP__7120__0064,INCIDENT,212.0,101.0,95.0,85.0,211.0,634.0,702.0
INCIDENT__257172-webtirf__7120,7120,2025-11-26 19:00:00,2025-11-26 16:00:00,2025-11-26 22:00:00,ACCIDENT,GROUP__7120__0065,INCIDENT,0.0,0.0,0.0,0.0,0.0,0.0,0.0
INCIDENT__257507-webtirf__7120,7120,2025-11-28 15:00:00,2025-11-28 12:00:00,2025-11-28 18:00:00,OTHER_DISRUPTION,GROUP__7120__0066,INCIDENT,50.0,49.0,48.0,49.0,47.0,33.0,31.0
INCIDENT__258277-webtirf__7120,7120,2025-12-05 07:00:00,2025-12-05 04:00:00,2025-12-05 10:00:00,OTHER_DISRUPTION,GROUP__7120__0067,INCIDENT,221.0,638.0,770.0,714.0,634.0,578.0,643.0
INCIDENT__258598-webtirf__7120,7120,2025-12-09 03:00:00,2025-12-09 00:00:00,2025-12-09 06:00:00,OTHER_DISRUPTION,GROUP__7120__0068,INCIDENT,8.0,9.0,10.0,14.0,20.0,67.0,108.0
INCIDENT__259131-webtirf__7120,7120,2025-12-12 20:00:00,2025-12-12 17:00:00,2025-12-12 23:00:00,ACCIDENT,GROUP__7120__0069,INCIDENT,576.0,735.0,679.0,617.0,642.0,627.0,477.0
INCIDENT__259179-webtirf__7120,7120,2025-12-13 15:00:00,2025-12-13 12:00:00,2025-12-13 18:00:00,OTHER_DISRUPTION,GROUP__7120__0070,INCIDENT,531.0,552.0,477.0,527.0,529.0,539.0,539.0
INCIDENT__259366-webtirf__7120,7120,2025-12-16 01:00:00,2025-12-15 22:00:00,2025-12-16 04:00:00,OTHER_DISRUPTION,GROUP__7120__0071,INCIDENT,14.0,16.0,92.0,50.0,58.0,84.0,207.0
INCIDENT__259778-webtirf__7120,7120,2025-12-19 14:00:00,2025-12-19 11:00:00,2025-12-19 17:00:00,OTHER_DISRUPTION,GROUP__7120__0072,INCIDENT,90.0,63.0,64.0,68.0,47.0,60.0,35.0
INCIDENT__260171-webtirf__7120,7120,2025-12-23 13:00:00,2025-12-23 10:00:00,2025-12-23 16:00:00,OTHER_DISRUPTION,GROUP__7120__0073,INCIDENT,605.0,644.0,608.0,601.0,596.0,591.0,597.0
INCIDENT__260177-webtirf__7120,7120,2025-12-23 15:00:00,2025-12-23 12:00:00,2025-12-23 18:00:00,OTHER_DISRUPTION,GROUP__7120__0073,INCIDENT,608.0,601.0,596.0,591.0,597.0,613.0,597.0
INCIDENT__260291-webtirf__7120,7120,2025-12-25 09:00:00,2025-12-25 06:00:00,2025-12-25 12:00:00,OTHER_DISRUPTION,GROUP__7120__0074,INCIDENT,0.0,0.0,0.0,0.0,0.0,0.0,0.0
INCIDENT__260364-webtirf__7120,7120,2025-12-27 03:00:00,2025-12-27 00:00:00,2025-12-27 06:00:00,OTHER_DISRUPTION,GROUP__7120__0075,INCIDENT,10.0,6.0,6.0,6.0,6.0,24.0,25.0
INCIDENT__260368-webtirf__7120,7120,2025-12-27 06:00:00,2025-12-27 03:00:00,2025-12-27 09:00:00,OTHER_DISRUPTION,GROUP__7120__0075,INCIDENT,6.0,6.0,24.0,25.0,24.0,19.0,26.0
INCIDENT__219427-webtirf__7121,7121,2025-01-01 04:00:00,2025-01-01 01:00:00,2025-01-01 07:00:00,OTHER_DISRUPTION,GROUP__7121__0001,INCIDENT,0.0,0.0,0.0,0.0,0.0,0.0,0.0
INCIDENT__219932-webtirf__7121,7121,2025-01-08 10:00:00,2025-01-08 07:00:00,2025-01-08 13:00:00,ACCIDENT,GROUP__7121__0002,INCIDENT,35.0,41.0,39.0,45.0,45.0,45.0,44.0
INCIDENT__220081-webtirf__7121,7121,2025-01-09 22:00:00,2025-01-09 19:00:00,2025-01-10 01:00:00,OTHER_DISRUPTION,GROUP__7121__0003,INCIDENT,28.0,8.0,16.0,10.0,9.0,0.0,0.0
INCIDENT__220471-webtirf__7121,7121,2025-01-14 02:00:00,2025-01-13 23:00:00,2025-01-14 05:00:00,OTHER_DISRUPTION,GROUP__7121__0004,INCIDENT,0.0,0.0,0.0,0.0,0.0,0.0,0.0
INCIDENT__221068-webtirf__7121,7121,2025-01-17 12:00:00,2025-01-17 09:00:00,2025-01-17 15:00:00,OTHER_DISRUPTION,GROUP__7121__0005,INCIDENT,0.0,0.0,0.0,0.0,0.0,0.0,0.0
INCIDENT__221341-webtirf__7121,7121,2025-01-20 00:00:00,2025-01-19 21:00:00,2025-01-20 03:00:00,OTHER_DISRUPTION,GROUP__7121__0006,INCIDENT,8.0,5.0,6.0,3.0,3.0,5.0,0.0
INCIDENT__221572-webtirf__7121,7121,2025-01-22 05:00:00,2025-01-22 02:00:00,2025-01-22 08:00:00,OTHER_DISRUPTION,GROUP__7121__0007,INCIDENT,12.0,9.0,12.0,30.0,47.0,79.0,89.0
INCIDENT__221573-webtirf__7121,7121,2025-01-22 05:00:00,2025-01-22 02:00:00,2025-01-22 08:00:00,OTHER_DISRUPTION,GROUP__7121__0007,INCIDENT,12.0,9.0,12.0,30.0,47.0,79.0,89.0
INCIDENT__222057-webtirf__7121,7121,2025-01-28 04:00:00,2025-01-28 01:00:00,2025-01-28 07:00:00,OTHER_DISRUPTION,GROUP__7121__0008,INCIDENT,0.0,0.0,0.0,0.0,0.0,0.0,0.0
INCIDENT__222182-webtirf__7121,7121,2025-01-29 00:00:00,2025-01-28 21:00:00,2025-01-29 03:00:00,OTHER_DISRUPTION,GROUP__7121__0009,INCIDENT,0.0,0.0,0.0,0.0,0.0,0.0,0.0
INCIDENT__222759-webtirf__7121,7121,2025-02-04 00:00:00,2025-02-03 21:00:00,2025-02-04 03:00:00,OTHER_DISRUPTION,GROUP__7121__0010,INCIDENT,0.0,0.0,0.0,0.0,0.0,0.0,0.0
INCIDENT__223457-webtirf__7121,7121,2025-02-10 08:00:00,2025-02-10 05:00:00,2025-02-10 11:00:00,OTHER_DISRUPTION,GROUP__7121__0011,INCIDENT,0.0,0.0,0.0,0.0,0.0,0.0,0.0
INCIDENT__223483-webtirf__7121,7121,2025-02-10 20:00:00,2025-02-10 17:00:00,2025-02-10 23:00:00,OTHER_DISRUPTION,GROUP__7121__0012,INCIDENT,0.0,0.0,0.0,0.0,0.0,0.0,0.0
INCIDENT__224271-webtirf__7121,7121,2025-02-18 05:00:00,2025-02-18 02:00:00,2025-02-18 08:00:00,OTHER_DISRUPTION,GROUP__7121__0013,INCIDENT,0.0,0.0,0.0,0.0,0.0,0.0,0.0
INCIDENT__224420.0-webtirf__7121,7121,2025-02-19 07:00:00,2025-02-19 04:00:00,2025-02-19 10:00:00,OTHER_DISRUPTION,GROUP__7121__0014,INCIDENT,0.0,0.0,0.0,0.0,0.0,0.0,0.0
INCIDENT__224510.0-webtirf__7121,7121,2025-02-20 03:00:00,2025-02-20 00:00:00,2025-02-20 06:00:00,OTHER_DISRUPTION,GROUP__7121__0015,INCIDENT,0.0,0.0,0.0,0.0,0.0,0.0,0.0
INCIDENT__224541-webtirf__7121,7121,2025-02-20 08:00:00,2025-02-20 05:00:00,2025-02-20 11:00:00,OTHER_DISRUPTION,GROUP__7121__0015,INCIDENT,0.0,0.0,0.0,0.0,0.0,0.0,0.0
INCIDENT__225624-webtirf__7121,7121,2025-03-04 04:00:00,2025-03-04 01:00:00,2025-03-04 07:00:00,ACCIDENT,GROUP__7121__0016,INCIDENT,0.0,0.0,0.0,0.0,0.0,0.0,0.0
INCIDENT__225996-webtirf__7121,7121,2025-03-06 06:00:00,2025-03-06 03:00:00,2025-03-06 09:00:00,ACCIDENT,GROUP__7121__0017,INCIDENT,7.0,9.0,14.0,31.0,28.0,60.0,49.0
INCIDENT__227366-webtirf__7121,7121,2025-03-13 04:00:00,2025-03-13 01:00:00,2025-03-13 07:00:00,OTHER_DISRUPTION,GROUP__7121__0018,INCIDENT,7.0,2.0,0.0,0.0,0.0,0.0,0.0
INCIDENT__227661-webtirf__7121,7121,2025-03-16 11:00:00,2025-03-16 08:00:00,2025-03-16 14:00:00,ACCIDENT,GROUP__7121__0019,INCIDENT,11.0,15.0,22.0,17.0,17.0,15.0,15.0
INCIDENT__229322-webtirf__7121,7121,2025-03-29 00:00:00,2025-03-28 21:00:00,2025-03-29 03:00:00,OTHER_DISRUPTION,GROUP__7121__0020,INCIDENT,414.0,328.0,267.0,10.0,7.0,14.0,7.0
INCIDENT__232975-webtirf__7121,7121,2025-04-29 09:00:00,2025-04-29 06:00:00,2025-04-29 12:00:00,OTHER_DISRUPTION,GROUP__7121__0021,INCIDENT,33.0,38.0,33.0,48.0,68.0,82.0,72.0
INCIDENT__236563-webtirf__7121,7121,2025-05-23 09:00:00,2025-05-23 06:00:00,2025-05-23 12:00:00,OTHER_DISRUPTION,GROUP__7121__0022,INCIDENT,19.0,39.0,47.0,50.0,55.0,71.0,68.0
INCIDENT__236582-webtirf__7121,7121,2025-05-23 14:00:00,2025-05-23 11:00:00,2025-05-23 17:00:00,ACCIDENT,GROUP__7121__0022,INCIDENT,71.0,68.0,46.0,58.0,58.0,39.0,33.0
INCIDENT__236842-webtirf__7121,7121,2025-05-26 03:00:00,2025-05-26 00:00:00,2025-05-26 06:00:00,OTHER_DISRUPTION,GROUP__7121__0023,INCIDENT,69.0,40.0,41.0,30.0,43.0,95.0,229.0
INCIDENT__238324-webtirf__7121,7121,2025-06-06 14:00:00,2025-06-06 11:00:00,2025-06-06 17:00:00,OTHER_DISRUPTION,GROUP__7121__0024,INCIDENT,450.0,421.0,557.0,502.0,547.0,531.0,534.0
INCIDENT__238387-webtirf__7121,7121,2025-06-07 23:00:00,2025-06-07 20:00:00,2025-06-08 02:00:00,OTHER_DISRUPTION,GROUP__7121__0025,INCIDENT,0.0,0.0,0.0,0.0,0.0,0.0,0.0
INCIDENT__238522-webtirf__7121,7121,2025-06-10 00:00:00,2025-06-09 21:00:00,2025-06-10 03:00:00,OTHER_DISRUPTION,GROUP__7121__0026,INCIDENT,198.0,112.0,80.0,0.0,0.0,0.0,0.0
INCIDENT__239087-webtirf__7121,7121,2025-06-15 07:00:00,2025-06-15 04:00:00,2025-06-15 10:00:00,ACCIDENT,GROUP__7121__0027,INCIDENT,130.0,115.0,116.0,204.0,162.0,337.0,386.0
INCIDENT__239597-webtirf__7121,7121,2025-06-19 21:00:00,2025-06-19 18:00:00,2025-06-20 00:00:00,OTHER_DISRUPTION,GROUP__7121__0028,INCIDENT,24.0,14.0,16.0,13.0,8.0,8.0,81.0
INCIDENT__239793-webtirf__7121,7121,2025-06-22 05:00:00,2025-06-22 02:00:00,2025-06-22 08:00:00,OTHER_DISRUPTION,GROUP__7121__0029,INCIDENT,8.0,11.0,3.0,5.0,12.0,13.0,14.0
INCIDENT__241738-webtirf__7121,7121,2025-07-09 19:00:00,2025-07-09 16:00:00,2025-07-09 22:00:00,OTHER_DISRUPTION,GROUP__7121__0030,INCIDENT,44.0,43.0,31.0,18.0,10.0,13.0,10.0
INCIDENT__242013-webtirf__7121,7121,2025-07-12 02:00:00,2025-07-11 23:00:00,2025-07-12 05:00:00,ACCIDENT,GROUP__7121__0031,INCIDENT,275.0,6.0,6.0,8.0,6.0,5.0,7.0
INCIDENT__242319-webtirf__7121,7121,2025-07-15 07:00:00,2025-07-15 04:00:00,2025-07-15 10:00:00,OTHER_DISRUPTION,GROUP__7121__0032,INCIDENT,46.0,88.0,209.0,271.0,395.0,408.0,408.0
INCIDENT__242549-webtirf__7121,7121,2025-07-17 21:00:00,2025-07-17 18:00:00,2025-07-18 00:00:00,OTHER_DISRUPTION,GROUP__7121__0033,INCIDENT,549.0,373.0,328.0,322.0,251.0,120.0,86.0
INCIDENT__242908-webtirf__7121,7121,2025-07-22 00:00:00,2025-07-21 21:00:00,2025-07-22 03:00:00,ACCIDENT,GROUP__7121__0034,INCIDENT,12.0,4.0,6.0,3.0,4.0,5.0,6.0
INCIDENT__243863-webtirf__7121,7121,2025-07-30 22:00:00,2025-07-30 19:00:00,2025-07-31 01:00:00,OTHER_DISRUPTION,GROUP__7121__0035,INCIDENT,17.0,14.0,15.0,5.0,4.0,2.0,3.0
INCIDENT__243986-webtirf__7121,7121,2025-07-31 22:00:00,2025-07-31 19:00:00,2025-08-01 01:00:00,OTHER_DISRUPTION,GROUP__7121__0036,INCIDENT,13.0,14.0,20.0,9.0,6.0,7.0,8.0
INCIDENT__244661-webtirf__7121,7121,2025-08-04 21:00:00,2025-08-04 18:00:00,2025-08-05 00:00:00,OTHER_DISRUPTION,GROUP__7121__0037,INCIDENT,23.0,27.0,20.0,8.0,10.0,4.0,40.0
INCIDENT__245349-webtirf__7121,7121,2025-08-11 04:00:00,2025-08-11 01:00:00,2025-08-11 07:00:00,OTHER_DISRUPTION,GROUP__7121__0038,INCIDENT,92.0,87.0,128.0,81.0,111.0,214.0,337.0
INCIDENT__247430.0-webtirf__7121,7121,2025-08-27 10:00:00,2025-08-27 07:00:00,2025-08-27 13:00:00,OTHER_DISRUPTION,GROUP__7121__0039,INCIDENT,326.0,470.0,396.0,384.0,422.0,474.0,429.0
INCIDENT__247875-webtirf__7121,7121,2025-09-01 05:00:00,2025-09-01 02:00:00,2025-09-01 08:00:00,OTHER_DISRUPTION,GROUP__7121__0040,INCIDENT,3.0,7.0,10.0,7.0,27.0,27.0,40.0
INCIDENT__247936-webtirf__7121,7121,2025-09-01 22:00:00,2025-09-01 19:00:00,2025-09-02 01:00:00,OTHER_DISRUPTION,GROUP__7121__0041,INCIDENT,23.0,15.0,13.0,9.0,5.0,51.0,42.0
INCIDENT__248105-webtirf__7121,7121,2025-09-03 21:00:00,2025-09-03 18:00:00,2025-09-04 00:00:00,OTHER_DISRUPTION,GROUP__7121__0042,INCIDENT,23.0,19.0,14.0,13.0,11.0,9.0,7.0
INCIDENT__248460.0-webtirf__7121,7121,2025-09-07 06:00:00,2025-09-07 03:00:00,2025-09-07 09:00:00,OTHER_DISRUPTION,GROUP__7121__0043,INCIDENT,6.0,6.0,4.0,11.0,15.0,17.0,14.0
INCIDENT__249635-webtirf__7121,7121,2025-09-15 12:00:00,2025-09-15 09:00:00,2025-09-15 15:00:00,ACCIDENT,GROUP__7121__0044,INCIDENT,410.0,384.0,384.0,403.0,438.0,476.0,496.0
INCIDENT__249939-webtirf__7121,7121,2025-09-18 04:00:00,2025-09-18 01:00:00,2025-09-18 07:00:00,OTHER_DISRUPTION,GROUP__7121__0045,INCIDENT,8.0,6.0,6.0,4.0,11.0,27.0,28.0
INCIDENT__250098-webtirf__7121,7121,2025-09-19 15:00:00,2025-09-19 12:00:00,2025-09-19 18:00:00,ACCIDENT,GROUP__7121__0046,INCIDENT,53.0,53.0,46.0,41.0,35.0,39.0,28.0
INCIDENT__250137-webtirf__7121,7121,2025-09-20 08:00:00,2025-09-20 05:00:00,2025-09-20 11:00:00,OTHER_DISRUPTION,GROUP__7121__0047,INCIDENT,95.0,145.0,254.0,295.0,327.0,421.0,422.0
INCIDENT__250172-webtirf__7121,7121,2025-09-21 02:00:00,2025-09-20 23:00:00,2025-09-21 05:00:00,OTHER_DISRUPTION,GROUP__7121__0048,INCIDENT,321.0,9.0,9.0,6.0,3.0,3.0,9.0
INCIDENT__250812-webtirf__7121,7121,2025-09-26 06:00:00,2025-09-26 03:00:00,2025-09-26 09:00:00,OTHER_DISRUPTION,GROUP__7121__0049,INCIDENT,49.0,49.0,89.0,218.0,360.0,344.0,367.0
INCIDENT__250947-webtirf__7121,7121,2025-09-28 21:00:00,2025-09-28 18:00:00,2025-09-29 00:00:00,OTHER_DISRUPTION,GROUP__7121__0050,INCIDENT,14.0,14.0,11.0,5.0,16.0,2.0,70.0
INCIDENT__251785-webtirf__7121,7121,2025-10-07 06:00:00,2025-10-07 03:00:00,2025-10-07 09:00:00,OTHER_DISRUPTION,GROUP__7121__0051,INCIDENT,23.0,42.0,107.0,195.0,335.0,440.0,421.0
INCIDENT__252083-webtirf__7121,7121,2025-10-09 13:00:00,2025-10-09 10:00:00,2025-10-09 16:00:00,OTHER_DISRUPTION,GROUP__7121__0052,INCIDENT,416.0,416.0,456.0,496.0,481.0,549.0,670.0
INCIDENT__252593-webtirf__7121,7121,2025-10-14 21:00:00,2025-10-14 18:00:00,2025-10-15 00:00:00,ACCIDENT,GROUP__7121__0053,INCIDENT,536.0,379.0,281.0,209.0,13.0,2.0,0.0
INCIDENT__252972-webtirf__7121,7121,2025-10-17 12:00:00,2025-10-17 09:00:00,2025-10-17 15:00:00,ACCIDENT,GROUP__7121__0054,INCIDENT,42.0,75.0,72.0,61.0,51.0,73.0,64.0
INCIDENT__253135-webtirf__7121,7121,2025-10-19 21:00:00,2025-10-19 18:00:00,2025-10-20 00:00:00,OTHER_DISRUPTION,GROUP__7121__0055,INCIDENT,389.0,332.0,304.0,274.0,214.0,144.0,5.0
INCIDENT__253386-webtirf__7121,7121,2025-10-22 02:00:00,2025-10-21 23:00:00,2025-10-22 05:00:00,ACCIDENT,GROUP__7121__0056,INCIDENT,0.0,0.0,0.0,0.0,0.0,0.0,0.0
INCIDENT__253699-webtirf__7121,7121,2025-10-24 11:00:00,2025-10-24 08:00:00,2025-10-24 14:00:00,OTHER_DISRUPTION,GROUP__7121__0057,INCIDENT,0.0,0.0,0.0,0.0,0.0,0.0,0.0
INCIDENT__254075-webtirf__7121,7121,2025-10-28 23:00:00,2025-10-28 20:00:00,2025-10-29 02:00:00,OTHER_DISRUPTION,GROUP__7121__0058,INCIDENT,0.0,0.0,0.0,0.0,0.0,0.0,0.0
INCIDENT__254535-webtirf__7121,7121,2025-11-02 09:00:00,2025-11-02 06:00:00,2025-11-02 12:00:00,ACCIDENT,GROUP__7121__0059,INCIDENT,0.0,0.0,0.0,0.0,0.0,0.0,0.0
INCIDENT__254550-webtirf__7121,7121,2025-11-02 20:00:00,2025-11-02 17:00:00,2025-11-02 23:00:00,OTHER_DISRUPTION,GROUP__7121__0060,INCIDENT,0.0,0.0,0.0,0.0,0.0,0.0,0.0
INCIDENT__254550.0-webtirf__7121,7121,2025-11-02 20:00:00,2025-11-02 17:00:00,2025-11-02 23:00:00,OTHER_DISRUPTION,GROUP__7121__0060,INCIDENT,0.0,0.0,0.0,0.0,0.0,0.0,0.0
INCIDENT__255350-webtirf__7121,7121,2025-11-11 03:00:00,2025-11-11 00:00:00,2025-11-11 06:00:00,OTHER_DISRUPTION,GROUP__7121__0061,INCIDENT,0.0,0.0,0.0,0.0,0.0,0.0,0.0
INCIDENT__255350.0-webtirf__7121,7121,2025-11-11 03:00:00,2025-11-11 00:00:00,2025-11-11 06:00:00,OTHER_DISRUPTION,GROUP__7121__0061,INCIDENT,0.0,0.0,0.0,0.0,0.0,0.0,0.0
INCIDENT__255379-webtirf__7121,7121,2025-11-11 07:00:00,2025-11-11 04:00:00,2025-11-11 10:00:00,OTHER_DISRUPTION,GROUP__7121__0061,INCIDENT,0.0,0.0,0.0,0.0,0.0,0.0,0.0
INCIDENT__255656-webtirf__7121,7121,2025-11-13 22:00:00,2025-11-13 19:00:00,2025-11-14 01:00:00,OTHER_DISRUPTION,GROUP__7121__0062,INCIDENT,8.0,4.0,4.0,7.0,4.0,8.0,10.0
INCIDENT__256351-webtirf__7121,7121,2025-11-20 08:00:00,2025-11-20 05:00:00,2025-11-20 11:00:00,ACCIDENT,GROUP__7121__0063,INCIDENT,13.0,35.0,33.0,38.0,53.0,62.0,57.0
INCIDENT__256427-webtirf__7121,7121,2025-11-21 00:00:00,2025-11-20 21:00:00,2025-11-21 03:00:00,ACCIDENT,GROUP__7121__0064,INCIDENT,14.0,12.0,14.0,8.0,3.0,5.0,7.0
INCIDENT__256451-webtirf__7121,7121,2025-11-21 03:00:00,2025-11-21 00:00:00,2025-11-21 06:00:00,ACCIDENT,GROUP__7121__0064,INCIDENT,8.0,3.0,5.0,7.0,9.0,19.0,24.0
INCIDENT__257172-webtirf__7121,7121,2025-11-26 19:00:00,2025-11-26 16:00:00,2025-11-26 22:00:00,ACCIDENT,GROUP__7121__0065,INCIDENT,635.0,428.0,494.0,376.0,345.0,345.0,306.0
INCIDENT__257507-webtirf__7121,7121,2025-11-28 15:00:00,2025-11-28 12:00:00,2025-11-28 18:00:00,OTHER_DISRUPTION,GROUP__7121__0066,INCIDENT,436.0,500.0,484.0,460.0,487.0,547.0,472.0
INCIDENT__258277-webtirf__7121,7121,2025-12-05 07:00:00,2025-12-05 04:00:00,2025-12-05 10:00:00,OTHER_DISRUPTION,GROUP__7121__0067,INCIDENT,0.0,0.0,0.0,0.0,0.0,0.0,0.0
INCIDENT__258598-webtirf__7121,7121,2025-12-09 03:00:00,2025-12-09 00:00:00,2025-12-09 06:00:00,OTHER_DISRUPTION,GROUP__7121__0068,INCIDENT,0.0,0.0,0.0,0.0,0.0,0.0,0.0
INCIDENT__259131-webtirf__7121,7121,2025-12-12 20:00:00,2025-12-12 17:00:00,2025-12-12 23:00:00,ACCIDENT,GROUP__7121__0069,INCIDENT,0.0,0.0,0.0,0.0,0.0,0.0,0.0
INCIDENT__259179-webtirf__7121,7121,2025-12-13 15:00:00,2025-12-13 12:00:00,2025-12-13 18:00:00,OTHER_DISRUPTION,GROUP__7121__0070,INCIDENT,0.0,0.0,0.0,0.0,0.0,0.0,0.0
INCIDENT__259366-webtirf__7121,7121,2025-12-16 01:00:00,2025-12-15 22:00:00,2025-12-16 04:00:00,OTHER_DISRUPTION,GROUP__7121__0071,INCIDENT,105.0,68.0,0.0,1.0,0.0,0.0,2.0
INCIDENT__259778-webtirf__7121,7121,2025-12-19 14:00:00,2025-12-19 11:00:00,2025-12-19 17:00:00,OTHER_DISRUPTION,GROUP__7121__0072,INCIDENT,0.0,0.0,0.0,0.0,0.0,0.0,0.0
INCIDENT__260171-webtirf__7121,7121,2025-12-23 13:00:00,2025-12-23 10:00:00,2025-12-23 16:00:00,OTHER_DISRUPTION,GROUP__7121__0073,INCIDENT,0.0,0.0,0.0,0.0,0.0,0.0,0.0
INCIDENT__260177-webtirf__7121,7121,2025-12-23 15:00:00,2025-12-23 12:00:00,2025-12-23 18:00:00,OTHER_DISRUPTION,GROUP__7121__0073,INCIDENT,0.0,0.0,0.0,0.0,0.0,0.0,0.0
INCIDENT__260291-webtirf__7121,7121,2025-12-25 09:00:00,2025-12-25 06:00:00,2025-12-25 12:00:00,OTHER_DISRUPTION,GROUP__7121__0074,INCIDENT,0.0,0.0,0.0,0.0,0.0,0.0,0.0
INCIDENT__260364-webtirf__7121,7121,2025-12-27 03:00:00,2025-12-27 00:00:00,2025-12-27 06:00:00,OTHER_DISRUPTION,GROUP__7121__0075,INCIDENT,0.0,0.0,0.0,0.0,0.0,0.0,0.0
INCIDENT__260368-webtirf__7121,7121,2025-12-27 06:00:00,2025-12-27 03:00:00,2025-12-27 09:00:00,OTHER_DISRUPTION,GROUP__7121__0075,INCIDENT,0.0,0.0,0.0,0.0,0.0,0.0,0.0
INCIDENT__219601-webtirf__7123-PR,7123-PR,2025-01-04 19:00:00,2025-01-04 16:00:00,2025-01-04 22:00:00,OTHER_DISRUPTION,GROUP__7123-PR__0001,INCIDENT,477.0,530.0,400.0,336.0,401.0,395.0,292.0
INCIDENT__222221-webtirf__7123-PR,7123-PR,2025-01-29 04:00:00,2025-01-29 01:00:00,2025-01-29 07:00:00,OTHER_DISRUPTION,GROUP__7123-PR__0002,INCIDENT,3.0,2.0,4.0,8.0,12.0,33.0,38.0
INCIDENT__240627-webtirf__7123-PR,7123-PR,2025-06-30 06:00:00,2025-06-30 03:00:00,2025-06-30 09:00:00,OTHER_DISRUPTION,GROUP__7123-PR__0003,INCIDENT,41.0,65.0,184.0,360.0,501.0,743.0,634.0
INCIDENT__249852-webtirf__7123-PR,7123-PR,2025-09-17 06:00:00,2025-09-17 03:00:00,2025-09-17 09:00:00,ACCIDENT,GROUP__7123-PR__0004,INCIDENT,9.0,44.0,61.0,120.0,93.0,105.0,76.0
INCIDENT__257907-webtirf__7123-PR,7123-PR,2025-12-02 08:00:00,2025-12-02 05:00:00,2025-12-02 11:00:00,OTHER_DISRUPTION,GROUP__7123-PR__0005,INCIDENT,169.0,365.0,544.0,697.0,636.0,608.0,601.0
INCIDENT__260389-webtirf__7123-PR,7123-PR,2025-12-27 21:00:00,2025-12-27 18:00:00,2025-12-28 00:00:00,ACCIDENT,GROUP__7123-PR__0006,INCIDENT,293.0,227.0,230.0,263.0,233.0,150.0,10.0
INCIDENT__220170.0-webtirf__7126,7126,2025-01-10 08:00:00,2025-01-10 05:00:00,2025-01-10 11:00:00,ACCIDENT,GROUP__7126__0001,INCIDENT,161.0,265.0,351.0,492.0,448.0,520.0,638.0
INCIDENT__220319-webtirf__7126,7126,2025-01-13 00:00:00,2025-01-12 21:00:00,2025-01-13 03:00:00,OTHER_DISRUPTION,GROUP__7126__0002,INCIDENT,141.0,98.0,53.0,0.0,0.0,0.0,0.0
INCIDENT__221501-webtirf__7126,7126,2025-01-21 06:00:00,2025-01-21 03:00:00,2025-01-21 09:00:00,ACCIDENT,GROUP__7126__0003,INCIDENT,6.0,8.0,23.0,66.0,56.0,53.0,61.0
INCIDENT__223254-webtirf__7126,7126,2025-02-08 11:00:00,2025-02-08 08:00:00,2025-02-08 14:00:00,OTHER_DISRUPTION,GROUP__7126__0004,INCIDENT,0.0,0.0,0.0,0.0,0.0,0.0,0.0
INCIDENT__226627-webtirf__7126,7126,2025-03-09 04:00:00,2025-03-09 01:00:00,2025-03-09 07:00:00,OTHER_DISRUPTION,GROUP__7126__0005,INCIDENT,8.0,6.0,3.0,1.0,5.0,8.0,11.0
INCIDENT__228381-webtirf__7126,7126,2025-03-22 21:00:00,2025-03-22 18:00:00,2025-03-23 00:00:00,ACCIDENT,GROUP__7126__0006,INCIDENT,0.0,0.0,0.0,0.0,0.0,0.0,110.0
INCIDENT__231852-webtirf__7126,7126,2025-04-18 01:00:00,2025-04-17 22:00:00,2025-04-18 04:00:00,ACCIDENT,GROUP__7126__0007,INCIDENT,19.0,9.0,0.0,0.0,0.0,0.0,0.0
INCIDENT__232454-webtirf__7126,7126,2025-04-24 08:00:00,2025-04-24 05:00:00,2025-04-24 11:00:00,ACCIDENT,GROUP__7126__0008,INCIDENT,19.0,40.0,52.0,48.0,53.0,40.0,43.0
INCIDENT__234156-webtirf__7126,7126,2025-05-10 03:00:00,2025-05-10 00:00:00,2025-05-10 06:00:00,ACCIDENT,GROUP__7126__0009,INCIDENT,59.0,34.0,28.0,32.0,41.0,85.0,211.0
INCIDENT__238323-webtirf__7126,7126,2025-06-06 11:00:00,2025-06-06 08:00:00,2025-06-06 14:00:00,ACCIDENT,GROUP__7126__0010,INCIDENT,67.0,59.0,45.0,54.0,60.0,70.0,59.0
INCIDENT__239593-webtirf__7126,7126,2025-06-19 21:00:00,2025-06-19 18:00:00,2025-06-20 00:00:00,ACCIDENT,GROUP__7126__0011,INCIDENT,500.0,498.0,389.0,284.0,101.0,52.0,7.0
INCIDENT__243965-webtirf__7126,7126,2025-07-31 09:00:00,2025-07-31 06:00:00,2025-07-31 12:00:00,ACCIDENT,GROUP__7126__0012,INCIDENT,73.0,65.0,74.0,62.0,60.0,51.0,63.0
INCIDENT__249490-webtirf__7126,7126,2025-09-13 13:00:00,2025-09-13 10:00:00,2025-09-13 16:00:00,OTHER_DISRUPTION,GROUP__7126__0013,INCIDENT,44.0,46.0,45.0,52.0,46.0,38.0,26.0
INCIDENT__249490.0-webtirf__7126,7126,2025-09-13 13:00:00,2025-09-13 10:00:00,2025-09-13 16:00:00,OTHER_DISRUPTION,GROUP__7126__0013,INCIDENT,44.0,46.0,45.0,52.0,46.0,38.0,26.0
INCIDENT__249651-webtirf__7126,7126,2025-09-15 21:00:00,2025-09-15 18:00:00,2025-09-16 00:00:00,ACCIDENT,GROUP__7126__0014,INCIDENT,488.0,283.0,237.0,159.0,90.0,26.0,1.0
INCIDENT__250410-webtirf__7126,7126,2025-09-23 08:00:00,2025-09-23 05:00:00,2025-09-23 11:00:00,ACCIDENT,GROUP__7126__0015,INCIDENT,222.0,420.0,522.0,747.0,531.0,532.0,618.0
INCIDENT__250410.0-webtirf__7126,7126,2025-09-23 08:00:00,2025-09-23 05:00:00,2025-09-23 11:00:00,ACCIDENT,GROUP__7126__0015,INCIDENT,222.0,420.0,522.0,747.0,531.0,532.0,618.0
INCIDENT__251763-webtirf__7126,7126,2025-10-07 03:00:00,2025-10-07 00:00:00,2025-10-07 06:00:00,ACCIDENT,GROUP__7126__0016,INCIDENT,1.0,0.0,3.0,5.0,13.0,29.0,57.0
INCIDENT__252224-webtirf__7126,7126,2025-10-10 12:00:00,2025-10-10 09:00:00,2025-10-10 15:00:00,OTHER_DISRUPTION,GROUP__7126__0017,INCIDENT,544.0,675.0,750.0,720.0,674.0,689.0,736.0
INCIDENT__255387-webtirf__7126,7126,2025-11-11 10:00:00,2025-11-11 07:00:00,2025-11-11 13:00:00,ACCIDENT,GROUP__7126__0018,INCIDENT,524.0,656.0,534.0,574.0,612.0,608.0,597.0
INCIDENT__257486-webtirf__7126,7126,2025-11-28 07:00:00,2025-11-28 04:00:00,2025-11-28 10:00:00,ACCIDENT,GROUP__7126__0019,INCIDENT,75.0,221.0,356.0,532.0,646.0,570.0,713.0
INCIDENT__259147-webtirf__7126,7126,2025-12-13 02:00:00,2025-12-12 23:00:00,2025-12-13 05:00:00,ACCIDENT,GROUP__7126__0020,INCIDENT,134.0,10.0,5.0,1.0,0.0,7.0,26.0
INCIDENT__220993-webtirf__7132,7132,2025-01-17 04:00:00,2025-01-17 01:00:00,2025-01-17 07:00:00,OTHER_DISRUPTION,GROUP__7132__0001,INCIDENT,0.0,0.0,63.0,188.0,599.0,1135.0,1138.0
INCIDENT__221167-webtirf__7132,7132,2025-01-18 00:00:00,2025-01-17 21:00:00,2025-01-18 03:00:00,ACCIDENT,GROUP__7132__0002,INCIDENT,324.0,252.0,193.0,0.0,0.0,0.0,0.0
INCIDENT__221928-webtirf__7132,7132,2025-01-26 23:00:00,2025-01-26 20:00:00,2025-01-27 02:00:00,ACCIDENT,GROUP__7132__0003,INCIDENT,639.0,546.0,514.0,336.0,0.0,0.0,0.0
INCIDENT__222140.0-webtirf__7132,7132,2025-01-28 21:00:00,2025-01-28 18:00:00,2025-01-29 00:00:00,OTHER_DISRUPTION,GROUP__7132__0004,INCIDENT,744.0,580.0,507.0,439.0,311.0,196.0,53.0
INCIDENT__222559-webtirf__7132,7132,2025-02-01 09:00:00,2025-02-01 06:00:00,2025-02-01 12:00:00,ACCIDENT,GROUP__7132__0005,INCIDENT,0.0,0.0,0.0,0.0,0.0,0.0,0.0
INCIDENT__222837-webtirf__7132,7132,2025-02-04 21:00:00,2025-02-04 18:00:00,2025-02-05 00:00:00,OTHER_DISRUPTION,GROUP__7132__0006,INCIDENT,0.0,0.0,0.0,0.0,0.0,0.0,0.0
INCIDENT__223059-webtirf__7132,7132,2025-02-06 19:00:00,2025-02-06 16:00:00,2025-02-06 22:00:00,OTHER_DISRUPTION,GROUP__7132__0007,INCIDENT,0.0,0.0,0.0,0.0,0.0,0.0,0.0
INCIDENT__223661-webtirf__7132,7132,2025-02-12 11:00:00,2025-02-12 08:00:00,2025-02-12 14:00:00,ACCIDENT,GROUP__7132__0008,INCIDENT,0.0,0.0,0.0,0.0,0.0,0.0,0.0
INCIDENT__224707-webtirf__7132,7132,2025-02-22 06:00:00,2025-02-22 03:00:00,2025-02-22 09:00:00,OTHER_DISRUPTION,GROUP__7132__0009,INCIDENT,0.0,0.0,0.0,0.0,0.0,0.0,0.0
INCIDENT__225098-webtirf__7132,7132,2025-02-26 07:00:00,2025-02-26 04:00:00,2025-02-26 10:00:00,OTHER_DISRUPTION,GROUP__7132__0010,INCIDENT,0.0,0.0,0.0,0.0,0.0,0.0,0.0
INCIDENT__227206-webtirf__7132,7132,2025-03-12 01:00:00,2025-03-11 22:00:00,2025-03-12 04:00:00,OTHER_DISRUPTION,GROUP__7132__0011,INCIDENT,5.0,2.0,0.0,0.0,0.0,0.0,0.0
INCIDENT__228735-webtirf__7132,7132,2025-03-26 06:00:00,2025-03-26 03:00:00,2025-03-26 09:00:00,ACCIDENT,GROUP__7132__0012,INCIDENT,0.0,0.0,0.0,0.0,0.0,0.0,0.0
INCIDENT__228950.0-webtirf__7132,7132,2025-03-27 10:00:00,2025-03-27 07:00:00,2025-03-27 13:00:00,OTHER_DISRUPTION,GROUP__7132__0013,INCIDENT,0.0,0.0,0.0,0.0,0.0,0.0,0.0
INCIDENT__229789-webtirf__7132,7132,2025-03-31 22:00:00,2025-03-31 19:00:00,2025-04-01 01:00:00,OTHER_DISRUPTION,GROUP__7132__0014,INCIDENT,24.0,22.0,20.0,13.0,17.0,9.0,10.0
INCIDENT__230712-webtirf__7132,7132,2025-04-08 06:00:00,2025-04-08 03:00:00,2025-04-08 09:00:00,OTHER_DISRUPTION,GROUP__7132__0015,INCIDENT,17.0,28.0,91.0,160.0,109.0,91.0,107.0
INCIDENT__231402-webtirf__7132,7132,2025-04-14 07:00:00,2025-04-14 04:00:00,2025-04-14 10:00:00,OTHER_DISRUPTION,GROUP__7132__0016,INCIDENT,350.0,870.0,1528.0,1451.0,1346.0,1109.0,1023.0
INCIDENT__237556-webtirf__7132,7132,2025-05-31 22:00:00,2025-05-31 19:00:00,2025-06-01 01:00:00,OTHER_DISRUPTION,GROUP__7132__0017,INCIDENT,807.0,621.0,612.0,471.0,367.0,284.0,243.0
INCIDENT__237944-webtirf__7132,7132,2025-06-03 23:00:00,2025-06-03 20:00:00,2025-06-04 02:00:00,OTHER_DISRUPTION,GROUP__7132__0018,INCIDENT,18.0,10.0,9.0,10.0,6.0,7.0,9.0
INCIDENT__239028-webtirf__7132,7132,2025-06-14 07:00:00,2025-06-14 04:00:00,2025-06-14 10:00:00,ACCIDENT,GROUP__7132__0019,INCIDENT,23.0,30.0,58.0,56.0,61.0,57.0,52.0
INCIDENT__240450.0-webtirf__7132,7132,2025-06-28 13:00:00,2025-06-28 10:00:00,2025-06-28 16:00:00,ACCIDENT,GROUP__7132__0020,INCIDENT,42.0,46.0,43.0,38.0,35.0,23.0,33.0
INCIDENT__242137-webtirf__7132,7132,2025-07-14 08:00:00,2025-07-14 05:00:00,2025-07-14 11:00:00,ACCIDENT,GROUP__7132__0021,INCIDENT,993.0,1923.0,2038.0,1802.0,1224.0,1042.0,1024.0
INCIDENT__250222-webtirf__7132,7132,2025-09-21 20:00:00,2025-09-21 17:00:00,2025-09-21 23:00:00,ACCIDENT,GROUP__7132__0022,INCIDENT,25.0,26.0,31.0,12.0,6.0,8.0,5.0
INCIDENT__252570-webtirf__7132,7132,2025-10-14 09:00:00,2025-10-14 06:00:00,2025-10-14 12:00:00,ACCIDENT,GROUP__7132__0023,INCIDENT,2176.0,2189.0,2037.0,1415.0,1031.0,868.0,901.0
INCIDENT__252570.0-webtirf__7132,7132,2025-10-14 09:00:00,2025-10-14 06:00:00,2025-10-14 12:00:00,ACCIDENT,GROUP__7132__0023,INCIDENT,2176.0,2189.0,2037.0,1415.0,1031.0,868.0,901.0
INCIDENT__255929-webtirf__7132,7132,2025-11-16 22:00:00,2025-11-16 19:00:00,2025-11-17 01:00:00,OTHER_DISRUPTION,GROUP__7132__0024,INCIDENT,861.0,701.0,541.0,366.0,212.0,5.0,6.0
INCIDENT__256586-webtirf__7132,7132,2025-11-22 11:00:00,2025-11-22 08:00:00,2025-11-22 14:00:00,ACCIDENT,GROUP__7132__0025,INCIDENT,1043.0,1176.0,1260.0,1273.0,1285.0,1293.0,1129.0
INCIDENT__256881-webtirf__7132,7132,2025-11-25 04:00:00,2025-11-25 01:00:00,2025-11-25 07:00:00,ACCIDENT,GROUP__7132__0026,INCIDENT,65.0,91.0,141.0,367.0,1298.0,2096.0,2170.0
INCIDENT__257658-webtirf__7132,7132,2025-11-30 06:00:00,2025-11-30 03:00:00,2025-11-30 09:00:00,OTHER_DISRUPTION,GROUP__7132__0027,INCIDENT,11.0,12.0,24.0,22.0,31.0,39.0,29.0
INCIDENT__259289-webtirf__7132,7132,2025-12-15 05:00:00,2025-12-15 02:00:00,2025-12-15 08:00:00,OTHER_DISRUPTION,GROUP__7132__0028,INCIDENT,9.0,16.0,22.0,96.0,149.0,102.0,90.0
INCIDENT__260380-webtirf__7132,7132,2025-12-27 11:00:00,2025-12-27 08:00:00,2025-12-27 14:00:00,ACCIDENT,GROUP__7132__0029,INCIDENT,641.0,888.0,1081.0,1131.0,1107.0,1137.0,1010.0
INCIDENT__260380.0-webtirf__7132,7132,2025-12-27 11:00:00,2025-12-27 08:00:00,2025-12-27 14:00:00,ACCIDENT,GROUP__7132__0029,INCIDENT,641.0,888.0,1081.0,1131.0,1107.0,1137.0,1010.0
INCIDENT__219957-webtirf__7139,7139,2025-01-08 19:00:00,2025-01-08 16:00:00,2025-01-08 22:00:00,ACCIDENT,GROUP__7139__0001,INCIDENT,142.0,119.0,57.0,54.0,39.0,35.0,37.0
INCIDENT__221139-webtirf__7139,7139,2025-01-17 21:00:00,2025-01-17 18:00:00,2025-01-18 00:00:00,OTHER_DISRUPTION,GROUP__7139__0002,INCIDENT,0.0,0.0,0.0,0.0,0.0,0.0,19.0
INCIDENT__221259-webtirf__7139,7139,2025-01-18 23:00:00,2025-01-18 20:00:00,2025-01-19 02:00:00,ACCIDENT,GROUP__7139__0003,INCIDENT,45.0,55.0,42.0,38.0,19.0,8.0,11.0
INCIDENT__222066-webtirf__7139,7139,2025-01-28 05:00:00,2025-01-28 02:00:00,2025-01-28 08:00:00,OTHER_DISRUPTION,GROUP__7139__0004,INCIDENT,67.0,59.0,168.0,528.0,1408.0,2441.0,3113.0
INCIDENT__223065-webtirf__7139,7139,2025-02-06 20:00:00,2025-02-06 17:00:00,2025-02-06 23:00:00,ACCIDENT,GROUP__7139__0005,INCIDENT,0.0,0.0,0.0,0.0,0.0,0.0,0.0
INCIDENT__223348-webtirf__7139,7139,2025-02-09 21:00:00,2025-02-09 18:00:00,2025-02-10 00:00:00,OTHER_DISRUPTION,GROUP__7139__0006,INCIDENT,0.0,0.0,0.0,0.0,0.0,0.0,0.0
INCIDENT__225542-webtirf__7139,7139,2025-03-03 19:00:00,2025-03-03 16:00:00,2025-03-03 22:00:00,OTHER_DISRUPTION,GROUP__7139__0007,INCIDENT,0.0,0.0,0.0,0.0,0.0,0.0,0.0
INCIDENT__227604-webtirf__7139,7139,2025-03-16 00:00:00,2025-03-15 21:00:00,2025-03-16 03:00:00,OTHER_DISRUPTION,GROUP__7139__0008,INCIDENT,1660.0,1638.0,1384.0,985.0,740.0,572.0,336.0
INCIDENT__227875-webtirf__7139,7139,2025-03-18 12:00:00,2025-03-18 09:00:00,2025-03-18 15:00:00,OTHER_DISRUPTION,GROUP__7139__0009,INCIDENT,2682.0,2163.0,2018.0,2257.0,2105.0,2493.0,2744.0
INCIDENT__227942-webtirf__7139,7139,2025-03-19 02:00:00,2025-03-18 23:00:00,2025-03-19 05:00:00,OTHER_DISRUPTION,GROUP__7139__0010,INCIDENT,368.0,23.0,20.0,15.0,24.0,0.0,0.0
INCIDENT__229247-webtirf__7139,7139,2025-03-28 07:00:00,2025-03-28 04:00:00,2025-03-28 10:00:00,OTHER_DISRUPTION,GROUP__7139__0011,INCIDENT,0.0,0.0,0.0,0.0,0.0,0.0,0.0
INCIDENT__229624-webtirf__7139,7139,2025-03-30 16:00:00,2025-03-30 13:00:00,2025-03-30 19:00:00,OTHER_DISRUPTION,GROUP__7139__0012,INCIDENT,85.0,87.0,93.0,81.0,82.0,75.0,54.0
INCIDENT__230250.0-webtirf__7139,7139,2025-04-03 08:00:00,2025-04-03 05:00:00,2025-04-03 11:00:00,ACCIDENT,GROUP__7139__0013,INCIDENT,0.0,0.0,0.0,0.0,0.0,0.0,0.0
INCIDENT__230436-webtirf__7139,7139,2025-04-05 01:00:00,2025-04-04 22:00:00,2025-04-05 04:00:00,OTHER_DISRUPTION,GROUP__7139__0014,INCIDENT,0.0,0.0,0.0,0.0,0.0,0.0,183.0
INCIDENT__230746-webtirf__7139,7139,2025-04-08 12:00:00,2025-04-08 09:00:00,2025-04-08 15:00:00,OTHER_DISRUPTION,GROUP__7139__0015,INCIDENT,328.0,307.0,378.0,330.0,339.0,371.0,376.0
INCIDENT__231592-webtirf__7139,7139,2025-04-15 22:00:00,2025-04-15 19:00:00,2025-04-16 01:00:00,OTHER_DISRUPTION,GROUP__7139__0016,INCIDENT,66.0,42.0,47.0,30.0,14.0,147.0,113.0
INCIDENT__232619-webtirf__7139,7139,2025-04-26 11:00:00,2025-04-26 08:00:00,2025-04-26 14:00:00,OTHER_DISRUPTION,GROUP__7139__0017,INCIDENT,1251.0,1979.0,2192.0,2309.0,2470.0,2406.0,2301.0
INCIDENT__234658-webtirf__7139,7139,2025-05-15 04:00:00,2025-05-15 01:00:00,2025-05-15 07:00:00,OTHER_DISRUPTION,GROUP__7139__0018,INCIDENT,181.0,94.0,88.0,182.0,614.0,1506.0,2766.0
INCIDENT__236245-webtirf__7139,7139,2025-05-22 21:00:00,2025-05-22 18:00:00,2025-05-23 00:00:00,OTHER_DISRUPTION,GROUP__7139__0019,INCIDENT,2035.0,1013.0,1230.0,1064.0,788.0,455.0,10.0
INCIDENT__236855-webtirf__7139,7139,2025-05-26 04:00:00,2025-05-26 01:00:00,2025-05-26 07:00:00,ACCIDENT,GROUP__7139__0020,INCIDENT,72.0,63.0,67.0,182.0,598.0,1410.0,2717.0
INCIDENT__239895-webtirf__7139,7139,2025-06-23 05:00:00,2025-06-23 02:00:00,2025-06-23 08:00:00,OTHER_DISRUPTION,GROUP__7139__0021,INCIDENT,0.0,0.0,0.0,0.0,0.0,0.0,0.0
INCIDENT__241047-webtirf__7139,7139,2025-07-02 03:00:00,2025-07-02 00:00:00,2025-07-02 06:00:00,OTHER_DISRUPTION,GROUP__7139__0022,INCIDENT,0.0,0.0,0.0,0.0,0.0,0.0,0.0
INCIDENT__241285-webtirf__7139,7139,2025-07-04 02:00:00,2025-07-03 23:00:00,2025-07-04 05:00:00,OTHER_DISRUPTION,GROUP__7139__0023,INCIDENT,22.0,10.0,14.0,9.0,15.0,26.0,72.0
INCIDENT__241668-webtirf__7139,7139,2025-07-09 03:00:00,2025-07-09 00:00:00,2025-07-09 06:00:00,OTHER_DISRUPTION,GROUP__7139__0024,INCIDENT,155.0,95.0,66.0,55.0,136.0,560.0,1434.0
INCIDENT__241875-webtirf__7139,7139,2025-07-10 17:00:00,2025-07-10 14:00:00,2025-07-10 20:00:00,ACCIDENT,GROUP__7139__0025,INCIDENT,383.0,386.0,289.0,176.0,85.0,57.0,56.0
INCIDENT__242502-webtirf__7139,7139,2025-07-17 05:00:00,2025-07-17 02:00:00,2025-07-17 08:00:00,OTHER_DISRUPTION,GROUP__7139__0026,INCIDENT,0.0,0.0,0.0,0.0,0.0,0.0,0.0
INCIDENT__243678-webtirf__7139,7139,2025-07-29 06:00:00,2025-07-29 03:00:00,2025-07-29 09:00:00,OTHER_DISRUPTION,GROUP__7139__0027,INCIDENT,17.0,22.0,69.0,183.0,220.0,257.0,305.0
INCIDENT__243850.0-webtirf__7139,7139,2025-07-30 21:00:00,2025-07-30 18:00:00,2025-07-31 00:00:00,OTHER_DISRUPTION,GROUP__7139__0028,INCIDENT,99.0,55.0,38.0,43.0,23.0,26.0,232.0
INCIDENT__243928-webtirf__7139,7139,2025-07-31 03:00:00,2025-07-31 00:00:00,2025-07-31 06:00:00,OTHER_DISRUPTION,GROUP__7139__0028,INCIDENT,232.0,144.0,84.0,82.0,152.0,553.0,1425.0
INCIDENT__245534-webtirf__7139,7139,2025-08-12 23:00:00,2025-08-12 20:00:00,2025-08-13 02:00:00,OTHER_DISRUPTION,GROUP__7139__0029,INCIDENT,51.0,37.0,31.0,33.0,16.0,16.0,20.0
INCIDENT__245981-webtirf__7139,7139,2025-08-17 17:00:00,2025-08-17 14:00:00,2025-08-17 20:00:00,OTHER_DISRUPTION,GROUP__7139__0030,INCIDENT,2580.0,2601.0,2637.0,2457.0,2237.0,1284.0,1019.0
INCIDENT__247611-webtirf__7139,7139,2025-08-29 02:00:00,2025-08-28 23:00:00,2025-08-29 05:00:00,OTHER_DISRUPTION,GROUP__7139__0031,INCIDENT,24.0,311.0,165.0,133.0,87.0,180.0,626.0
INCIDENT__250287-webtirf__7139,7139,2025-09-22 04:00:00,2025-09-22 01:00:00,2025-09-22 07:00:00,ACCIDENT,GROUP__7139__0032,INCIDENT,8.0,17.0,15.0,20.0,72.0,181.0,234.0
INCIDENT__252263-webtirf__7139,7139,2025-10-11 02:00:00,2025-10-10 23:00:00,2025-10-11 05:00:00,ACCIDENT,GROUP__7139__0033,INCIDENT,40.0,23.0,10.0,9.0,11.0,11.0,36.0
INCIDENT__252661-webtirf__7139,7139,2025-10-15 05:00:00,2025-10-15 02:00:00,2025-10-15 08:00:00,ACCIDENT,GROUP__7139__0034,INCIDENT,81.0,56.0,179.0,688.0,1687.0,2743.0,3104.0
INCIDENT__252747-webtirf__7139,7139,2025-10-16 00:00:00,2025-10-15 21:00:00,2025-10-16 03:00:00,OTHER_DISRUPTION,GROUP__7139__0035,INCIDENT,1106.0,831.0,460.0,273.0,167.0,83.0,81.0
INCIDENT__253707-webtirf__7139,7139,2025-10-24 18:00:00,2025-10-24 15:00:00,2025-10-24 21:00:00,OTHER_DISRUPTION,GROUP__7139__0036,INCIDENT,0.0,0.0,0.0,0.0,0.0,0.0,0.0
INCIDENT__253737-webtirf__7139,7139,2025-10-25 05:00:00,2025-10-25 02:00:00,2025-10-25 08:00:00,OTHER_DISRUPTION,GROUP__7139__0037,INCIDENT,318.0,218.0,203.0,403.0,953.0,1548.0,2186.0
INCIDENT__254102-webtirf__7139,7139,2025-10-29 02:00:00,2025-10-28 23:00:00,2025-10-29 05:00:00,OTHER_DISRUPTION,GROUP__7139__0038,INCIDENT,331.0,168.0,97.0,68.0,89.0,157.0,709.0
INCIDENT__254259-webtirf__7139,7139,2025-10-30 07:00:00,2025-10-30 04:00:00,2025-10-30 10:00:00,ACCIDENT,GROUP__7139__0039,INCIDENT,180.0,688.0,1666.0,2841.0,3221.0,2812.0,2349.0
INCIDENT__254665-webtirf__7139,7139,2025-11-03 21:00:00,2025-11-03 18:00:00,2025-11-04 00:00:00,OTHER_DISRUPTION,GROUP__7139__0040,INCIDENT,135.0,84.0,59.0,45.0,40.0,15.0,13.0
INCIDENT__255476-webtirf__7139,7139,2025-11-12 05:00:00,2025-11-12 02:00:00,2025-11-12 08:00:00,OTHER_DISRUPTION,GROUP__7139__0041,INCIDENT,83.0,80.0,203.0,739.0,1722.0,2818.0,3152.0
INCIDENT__256862-webtirf__7139,7139,2025-11-25 03:00:00,2025-11-25 00:00:00,2025-11-25 06:00:00,OTHER_DISRUPTION,GROUP__7139__0042,INCIDENT,150.0,102.0,72.0,59.0,171.0,738.0,1768.0
INCIDENT__257275-webtirf__7139,7139,2025-11-27 05:00:00,2025-11-27 02:00:00,2025-11-27 08:00:00,OTHER_DISRUPTION,GROUP__7139__0043,INCIDENT,20.0,14.0,19.0,81.0,202.0,256.0,282.0
INCIDENT__257294-webtirf__7139,7139,2025-11-27 07:00:00,2025-11-27 04:00:00,2025-11-27 10:00:00,OTHER_DISRUPTION,GROUP__7139__0043,INCIDENT,19.0,81.0,202.0,256.0,282.0,357.0,424.0
INCIDENT__259126-webtirf__7139,7139,2025-12-12 16:00:00,2025-12-12 13:00:00,2025-12-12 19:00:00,OTHER_DISRUPTION,GROUP__7139__0044,INCIDENT,373.0,398.0,399.0,274.0,213.0,163.0,99.0
INCIDENT__260293-webtirf__7139,7139,2025-12-25 11:00:00,2025-12-25 08:00:00,2025-12-25 14:00:00,ACCIDENT,GROUP__7139__0045,INCIDENT,0.0,0.0,0.0,0.0,0.0,0.0,0.0
INCIDENT__260541-webtirf__7139,7139,2025-12-30 12:00:00,2025-12-30 09:00:00,2025-12-30 15:00:00,OTHER_DISRUPTION,GROUP__7139__0046,INCIDENT,151.0,164.0,161.0,158.0,167.0,159.0,175.0
INCIDENT__228007-webtirf__7150,7150,2025-03-19 21:00:00,2025-03-19 18:00:00,2025-03-20 00:00:00,OTHER_DISRUPTION,GROUP__7150__0001,INCIDENT,0.0,0.0,0.0,0.0,0.0,0.0,0.0
INCIDENT__231733-webtirf__7150,7150,2025-04-16 23:00:00,2025-04-16 20:00:00,2025-04-17 02:00:00,OTHER_DISRUPTION,GROUP__7150__0002,INCIDENT,647.0,666.0,408.0,219.0,117.0,52.0,32.0
INCIDENT__238796-webtirf__7150,7150,2025-06-12 05:00:00,2025-06-12 02:00:00,2025-06-12 08:00:00,OTHER_DISRUPTION,GROUP__7150__0003,INCIDENT,3.0,4.0,7.0,30.0,55.0,64.0,76.0
INCIDENT__241982-webtirf__7150,7150,2025-07-11 11:00:00,2025-07-11 08:00:00,2025-07-11 14:00:00,OTHER_DISRUPTION,GROUP__7150__0004,INCIDENT,102.0,95.0,89.0,101.0,105.0,101.0,102.0
INCIDENT__250313-webtirf__7150,7150,2025-09-22 08:00:00,2025-09-22 05:00:00,2025-09-22 11:00:00,OTHER_DISRUPTION,GROUP__7150__0005,INCIDENT,31.0,62.0,70.0,86.0,81.0,90.0,87.0
INCIDENT__253119-webtirf__7150,7150,2025-10-19 20:00:00,2025-10-19 17:00:00,2025-10-19 23:00:00,OTHER_DISRUPTION,GROUP__7150__0006,INCIDENT,30.0,31.0,30.0,15.0,18.0,17.0,16.0
INCIDENT__255305-webtirf__7150,7150,2025-11-10 21:00:00,2025-11-10 18:00:00,2025-11-11 00:00:00,OTHER_DISRUPTION,GROUP__7150__0007,INCIDENT,1306.0,943.0,803.0,601.0,430.0,225.0,3.0
INCIDENT__221287-webtirf__7153,7153,2025-01-19 07:00:00,2025-01-19 04:00:00,2025-01-19 10:00:00,ACCIDENT,GROUP__7153__0001,INCIDENT,0.0,0.0,0.0,0.0,0.0,0.0,0.0
INCIDENT__221731-webtirf__7153,7153,2025-01-23 19:00:00,2025-01-23 16:00:00,2025-01-23 22:00:00,OTHER_DISRUPTION,GROUP__7153__0002,INCIDENT,1134.0,1208.0,992.0,726.0,562.0,546.0,363.0
INCIDENT__222821-webtirf__7153,7153,2025-02-04 19:00:00,2025-02-04 16:00:00,2025-02-04 22:00:00,OTHER_DISRUPTION,GROUP__7153__0003,INCIDENT,0.0,0.0,0.0,0.0,0.0,0.0,0.0
INCIDENT__223180.0-webtirf__7153,7153,2025-02-07 12:00:00,2025-02-07 09:00:00,2025-02-07 15:00:00,ACCIDENT,GROUP__7153__0004,INCIDENT,0.0,0.0,0.0,0.0,0.0,0.0,0.0
INCIDENT__224330.0-webtirf__7153,7153,2025-02-18 22:00:00,2025-02-18 19:00:00,2025-02-19 01:00:00,OTHER_DISRUPTION,GROUP__7153__0005,INCIDENT,0.0,0.0,0.0,0.0,0.0,0.0,0.0
INCIDENT__224555-webtirf__7153,7153,2025-02-20 19:00:00,2025-02-20 16:00:00,2025-02-20 22:00:00,OTHER_DISRUPTION,GROUP__7153__0006,INCIDENT,0.0,0.0,0.0,0.0,0.0,0.0,0.0
INCIDENT__224767-webtirf__7153,7153,2025-02-23 06:00:00,2025-02-23 03:00:00,2025-02-23 09:00:00,OTHER_DISRUPTION,GROUP__7153__0007,INCIDENT,0.0,0.0,0.0,0.0,0.0,0.0,0.0
INCIDENT__225812-webtirf__7153,7153,2025-03-05 19:00:00,2025-03-05 16:00:00,2025-03-05 22:00:00,ACCIDENT,GROUP__7153__0008,INCIDENT,159.0,119.0,97.0,81.0,71.0,54.0,54.0
INCIDENT__227399-webtirf__7153,7153,2025-03-13 09:00:00,2025-03-13 06:00:00,2025-03-13 12:00:00,OTHER_DISRUPTION,GROUP__7153__0009,INCIDENT,0.0,0.0,0.0,0.0,0.0,0.0,0.0
INCIDENT__231892-webtirf__7153,7153,2025-04-18 09:00:00,2025-04-18 06:00:00,2025-04-18 12:00:00,ACCIDENT,GROUP__7153__0010,INCIDENT,52.0,70.0,83.0,72.0,101.0,83.0,88.0
INCIDENT__231936-webtirf__7153,7153,2025-04-19 09:00:00,2025-04-19 06:00:00,2025-04-19 12:00:00,ACCIDENT,GROUP__7153__0011,INCIDENT,361.0,423.0,734.0,1051.0,1365.0,1229.0,1073.0
INCIDENT__232317-webtirf__7153,7153,2025-04-23 22:00:00,2025-04-23 19:00:00,2025-04-24 01:00:00,OTHER_DISRUPTION,GROUP__7153__0012,INCIDENT,64.0,56.0,40.0,30.0,37.0,118.0,74.0
INCIDENT__233202-webtirf__7153,7153,2025-05-01 04:00:00,2025-05-01 01:00:00,2025-05-01 07:00:00,ACCIDENT,GROUP__7153__0013,INCIDENT,29.0,41.0,51.0,82.0,157.0,372.0,282.0
INCIDENT__234535-webtirf__7153,7153,2025-05-14 04:00:00,2025-05-14 01:00:00,2025-05-14 07:00:00,ACCIDENT,GROUP__7153__0014,INCIDENT,89.0,59.0,114.0,227.0,899.0,1504.0,1577.0
INCIDENT__238393-webtirf__7153,7153,2025-06-08 02:00:00,2025-06-07 23:00:00,2025-06-08 05:00:00,ACCIDENT,GROUP__7153__0015,INCIDENT,25.0,20.0,19.0,22.0,21.0,24.0,25.0
INCIDENT__238456-webtirf__7153,7153,2025-06-09 06:00:00,2025-06-09 03:00:00,2025-06-09 09:00:00,ACCIDENT,GROUP__7153__0016,INCIDENT,0.0,0.0,0.0,0.0,0.0,0.0,0.0
INCIDENT__239802-webtirf__7153,7153,2025-06-22 09:00:00,2025-06-22 06:00:00,2025-06-22 12:00:00,ACCIDENT,GROUP__7153__0017,INCIDENT,217.0,320.0,507.0,847.0,1161.0,1242.0,1443.0
INCIDENT__239963-webtirf__7153,7153,2025-06-23 23:00:00,2025-06-23 20:00:00,2025-06-24 02:00:00,ACCIDENT,GROUP__7153__0018,INCIDENT,58.0,65.0,46.0,45.0,93.0,69.0,79.0
INCIDENT__240247-webtirf__7153,7153,2025-06-26 01:00:00,2025-06-25 22:00:00,2025-06-26 04:00:00,OTHER_DISRUPTION,GROUP__7153__0019,INCIDENT,268.0,155.0,37.0,27.0,40.0,48.0,106.0
INCIDENT__240526-webtirf__7153,7153,2025-06-29 20:00:00,2025-06-29 17:00:00,2025-06-29 23:00:00,OTHER_DISRUPTION,GROUP__7153__0020,INCIDENT,63.0,65.0,51.0,37.0,36.0,42.0,38.0
INCIDENT__242201-webtirf__7153,7153,2025-07-14 22:00:00,2025-07-14 19:00:00,2025-07-15 01:00:00,OTHER_DISRUPTION,GROUP__7153__0021,INCIDENT,76.0,69.0,52.0,45.0,44.0,29.0,32.0
INCIDENT__246048-webtirf__7153,7153,2025-08-18 05:00:00,2025-08-18 02:00:00,2025-08-18 08:00:00,OTHER_DISRUPTION,GROUP__7153__0022,INCIDENT,28.0,41.0,77.0,174.0,336.0,258.0,222.0
INCIDENT__246229-webtirf__7153,7153,2025-08-19 20:00:00,2025-08-19 17:00:00,2025-08-19 23:00:00,ACCIDENT,GROUP__7153__0023,INCIDENT,1047.0,935.0,662.0,464.0,466.0,293.0,148.0
INCIDENT__256680-webtirf__7153,7153,2025-11-23 21:00:00,2025-11-23 18:00:00,2025-11-24 00:00:00,OTHER_DISRUPTION,GROUP__7153__0024,INCIDENT,65.0,56.0,43.0,54.0,37.0,30.0,40.0
INCIDENT__256680.0-webtirf__7153,7153,2025-11-23 21:00:00,2025-11-23 18:00:00,2025-11-24 00:00:00,OTHER_DISRUPTION,GROUP__7153__0024,INCIDENT,65.0,56.0,43.0,54.0,37.0,30.0,40.0
INCIDENT__258186-webtirf__7153,7153,2025-12-04 21:00:00,2025-12-04 18:00:00,2025-12-05 00:00:00,OTHER_DISRUPTION,GROUP__7153__0025,INCIDENT,115.0,90.0,76.0,51.0,38.0,42.0,143.0
INCIDENT__260327-webtirf__7153,7153,2025-12-26 09:00:00,2025-12-26 06:00:00,2025-12-26 12:00:00,ACCIDENT,GROUP__7153__0026,INCIDENT,0.0,0.0,0.0,0.0,0.0,0.0,0.0
INCIDENT__221930.0-webtirf__7159,7159,2025-01-27 00:00:00,2025-01-26 21:00:00,2025-01-27 03:00:00,OTHER_DISRUPTION,GROUP__7159__0001,INCIDENT,0.0,0.0,0.0,0.0,0.0,0.0,0.0
INCIDENT__224720.0-webtirf__7159,7159,2025-02-22 11:00:00,2025-02-22 08:00:00,2025-02-22 14:00:00,ACCIDENT,GROUP__7159__0002,INCIDENT,0.0,0.0,0.0,0.0,0.0,0.0,0.0
INCIDENT__227344-webtirf__7159,7159,2025-03-13 01:00:00,2025-03-12 22:00:00,2025-03-13 04:00:00,OTHER_DISRUPTION,GROUP__7159__0003,INCIDENT,0.0,0.0,24.0,30.0,21.0,33.0,56.0
INCIDENT__232185-webtirf__7159,7159,2025-04-22 13:00:00,2025-04-22 10:00:00,2025-04-22 16:00:00,OTHER_DISRUPTION,GROUP__7159__0004,INCIDENT,976.0,903.0,912.0,997.0,1002.0,1101.0,1176.0
INCIDENT__234224-webtirf__7159,7159,2025-05-11 03:00:00,2025-05-11 00:00:00,2025-05-11 06:00:00,OTHER_DISRUPTION,GROUP__7159__0005,INCIDENT,370.0,201.0,150.0,117.0,113.0,130.0,304.0
INCIDENT__234569-webtirf__7159,7159,2025-05-14 08:00:00,2025-05-14 05:00:00,2025-05-14 11:00:00,OTHER_DISRUPTION,GROUP__7159__0006,INCIDENT,481.0,870.0,909.0,1022.0,937.0,793.0,982.0
INCIDENT__234922-webtirf__7159,7159,2025-05-17 10:00:00,2025-05-17 07:00:00,2025-05-17 13:00:00,OTHER_DISRUPTION,GROUP__7159__0007,INCIDENT,93.0,87.0,97.0,67.0,83.0,84.0,74.0
INCIDENT__237404-webtirf__7159,7159,2025-05-30 01:00:00,2025-05-29 22:00:00,2025-05-30 04:00:00,OTHER_DISRUPTION,GROUP__7159__0008,INCIDENT,38.0,34.0,23.0,22.0,36.0,40.0,50.0
INCIDENT__245772-webtirf__7159,7159,2025-08-14 21:00:00,2025-08-14 18:00:00,2025-08-15 00:00:00,ACCIDENT,GROUP__7159__0009,INCIDENT,79.0,63.0,54.0,37.0,37.0,22.0,27.0
INCIDENT__251575-webtirf__7159,7159,2025-10-04 01:00:00,2025-10-03 22:00:00,2025-10-04 04:00:00,ACCIDENT,GROUP__7159__0010,INCIDENT,714.0,493.0,38.0,27.0,18.0,20.0,29.0
INCIDENT__255659-webtirf__7159,7159,2025-11-13 22:00:00,2025-11-13 19:00:00,2025-11-14 01:00:00,OTHER_DISRUPTION,GROUP__7159__0011,INCIDENT,1003.0,797.0,828.0,604.0,419.0,38.0,26.0
INCIDENT__259903-webtirf__7159,7159,2025-12-21 04:00:00,2025-12-21 01:00:00,2025-12-21 07:00:00,OTHER_DISRUPTION,GROUP__7159__0012,INCIDENT,22.0,13.0,8.0,15.0,21.0,35.0,43.0
INCIDENT__220572-webtirf__7161,7161,2025-01-14 21:00:00,2025-01-14 18:00:00,2025-01-15 00:00:00,OTHER_DISRUPTION,GROUP__7161__0001,INCIDENT,1077.0,672.0,600.0,471.0,391.0,204.0,103.0
INCIDENT__221908-webtirf__7161,7161,2025-01-26 06:00:00,2025-01-26 03:00:00,2025-01-26 09:00:00,OTHER_DISRUPTION,GROUP__7161__0002,INCIDENT,0.0,73.0,107.0,205.0,341.0,422.0,719.0
INCIDENT__223704-webtirf__7161,7161,2025-02-12 22:00:00,2025-02-12 19:00:00,2025-02-13 01:00:00,ACCIDENT,GROUP__7161__0003,INCIDENT,0.0,0.0,0.0,0.0,0.0,0.0,0.0
INCIDENT__224991-webtirf__7161,7161,2025-02-25 10:00:00,2025-02-25 07:00:00,2025-02-25 13:00:00,ACCIDENT,GROUP__7161__0004,INCIDENT,0.0,0.0,0.0,0.0,0.0,0.0,0.0
INCIDENT__226007-webtirf__7161,7161,2025-03-06 08:00:00,2025-03-06 05:00:00,2025-03-06 11:00:00,ACCIDENT,GROUP__7161__0005,INCIDENT,0.0,0.0,0.0,0.0,0.0,0.0,0.0
INCIDENT__227674-webtirf__7161,7161,2025-03-16 19:00:00,2025-03-16 16:00:00,2025-03-16 22:00:00,OTHER_DISRUPTION,GROUP__7161__0006,INCIDENT,1314.0,1267.0,1178.0,862.0,723.0,556.0,397.0
INCIDENT__227732-webtirf__7161,7161,2025-03-17 02:00:00,2025-03-16 23:00:00,2025-03-17 05:00:00,OTHER_DISRUPTION,GROUP__7161__0007,INCIDENT,191.0,4.0,14.0,18.0,15.0,41.0,93.0
INCIDENT__228703-webtirf__7161,7161,2025-03-26 02:00:00,2025-03-25 23:00:00,2025-03-26 05:00:00,ACCIDENT,GROUP__7161__0008,INCIDENT,0.0,100.0,60.0,56.0,64.0,166.0,531.0
INCIDENT__230815-webtirf__7161,7161,2025-04-09 03:00:00,2025-04-09 00:00:00,2025-04-09 06:00:00,OTHER_DISRUPTION,GROUP__7161__0009,INCIDENT,8.0,10.0,15.0,7.0,49.0,106.0,171.0
INCIDENT__230973-webtirf__7161,7161,2025-04-10 05:00:00,2025-04-10 02:00:00,2025-04-10 08:00:00,OTHER_DISRUPTION,GROUP__7161__0010,INCIDENT,12.0,14.0,44.0,96.0,168.0,131.0,117.0
INCIDENT__233547-webtirf__7161,7161,2025-05-05 01:00:00,2025-05-04 22:00:00,2025-05-05 04:00:00,OTHER_DISRUPTION,GROUP__7161__0011,INCIDENT,114.0,99.0,54.0,52.0,75.0,100.0,148.0
INCIDENT__234788-webtirf__7161,7161,2025-05-16 02:00:00,2025-05-15 23:00:00,2025-05-16 05:00:00,OTHER_DISRUPTION,GROUP__7161__0012,INCIDENT,25.0,97.0,56.0,51.0,77.0,155.0,456.0
INCIDENT__237051-webtirf__7161,7161,2025-05-27 02:00:00,2025-05-26 23:00:00,2025-05-27 05:00:00,OTHER_DISRUPTION,GROUP__7161__0013,INCIDENT,30.0,14.0,11.0,9.0,15.0,41.0,104.0
INCIDENT__238471-webtirf__7161,7161,2025-06-09 09:00:00,2025-06-09 06:00:00,2025-06-09 12:00:00,ACCIDENT,GROUP__7161__0014,INCIDENT,17.0,16.0,23.0,26.0,24.0,26.0,28.0
INCIDENT__238811-webtirf__7161,7161,2025-06-12 06:00:00,2025-06-12 03:00:00,2025-06-12 09:00:00,OTHER_DISRUPTION,GROUP__7161__0015,INCIDENT,17.0,41.0,106.0,158.0,144.0,132.0,134.0
INCIDENT__239375-webtirf__7161,7161,2025-06-18 02:00:00,2025-06-17 23:00:00,2025-06-18 05:00:00,OTHER_DISRUPTION,GROUP__7161__0016,INCIDENT,46.0,16.0,18.0,16.0,21.0,43.0,98.0
INCIDENT__240402-webtirf__7161,7161,2025-06-27 08:00:00,2025-06-27 05:00:00,2025-06-27 11:00:00,ACCIDENT,GROUP__7161__0017,INCIDENT,443.0,724.0,1128.0,1169.0,900.0,865.0,879.0
INCIDENT__241623-webtirf__7161,7161,2025-07-08 08:00:00,2025-07-08 05:00:00,2025-07-08 11:00:00,OTHER_DISRUPTION,GROUP__7161__0018,INCIDENT,530.0,844.0,1187.0,1172.0,1038.0,918.0,922.0
INCIDENT__241754-webtirf__7161,7161,2025-07-09 22:00:00,2025-07-09 19:00:00,2025-07-10 01:00:00,OTHER_DISRUPTION,GROUP__7161__0019,INCIDENT,691.0,481.0,422.0,412.0,223.0,26.0,10.0
INCIDENT__241884-webtirf__7161,7161,2025-07-10 21:00:00,2025-07-10 18:00:00,2025-07-11 00:00:00,ACCIDENT,GROUP__7161__0020,INCIDENT,102.0,60.0,49.0,35.0,36.0,20.0,16.0
INCIDENT__242339-webtirf__7161,7161,2025-07-15 16:00:00,2025-07-15 13:00:00,2025-07-15 19:00:00,ACCIDENT,GROUP__7161__0021,INCIDENT,926.0,1124.0,1402.0,1472.0,1556.0,1098.0,608.0
INCIDENT__243103-webtirf__7161,7161,2025-07-24 00:00:00,2025-07-23 21:00:00,2025-07-24 03:00:00,OTHER_DISRUPTION,GROUP__7161__0022,INCIDENT,508.0,388.0,189.0,10.0,11.0,17.0,11.0
INCIDENT__243114-webtirf__7161,7161,2025-07-24 02:00:00,2025-07-23 23:00:00,2025-07-24 05:00:00,OTHER_DISRUPTION,GROUP__7161__0022,INCIDENT,189.0,10.0,11.0,17.0,11.0,29.0,105.0
INCIDENT__243159-webtirf__7161,7161,2025-07-24 06:00:00,2025-07-24 03:00:00,2025-07-24 09:00:00,OTHER_DISRUPTION,GROUP__7161__0022,INCIDENT,11.0,29.0,105.0,163.0,147.0,133.0,143.0
INCIDENT__244192-webtirf__7161,7161,2025-08-02 08:00:00,2025-08-02 05:00:00,2025-08-02 11:00:00,OTHER_DISRUPTION,GROUP__7161__0023,INCIDENT,174.0,279.0,499.0,701.0,1008.0,1154.0,1244.0
INCIDENT__248015-webtirf__7161,7161,2025-09-02 10:00:00,2025-09-02 07:00:00,2025-09-02 13:00:00,ACCIDENT,GROUP__7161__0024,INCIDENT,1501.0,1301.0,1028.0,913.0,852.0,900.0,917.0
INCIDENT__250686-webtirf__7161,7161,2025-09-25 08:00:00,2025-09-25 05:00:00,2025-09-25 11:00:00,OTHER_DISRUPTION,GROUP__7161__0025,INCIDENT,486.0,948.0,1370.0,1239.0,966.0,876.0,864.0
INCIDENT__252059-webtirf__7161,7161,2025-10-09 06:00:00,2025-10-09 03:00:00,2025-10-09 09:00:00,OTHER_DISRUPTION,GROUP__7161__0026,INCIDENT,62.0,156.0,493.0,866.0,1099.0,1148.0,1055.0
INCIDENT__253922-webtirf__7161,7161,2025-10-27 12:00:00,2025-10-27 09:00:00,2025-10-27 15:00:00,OTHER_DISRUPTION,GROUP__7161__0027,INCIDENT,880.0,875.0,819.0,906.0,955.0,1072.0,1367.0
INCIDENT__255095-webtirf__7161,7161,2025-11-07 22:00:00,2025-11-07 19:00:00,2025-11-08 01:00:00,OTHER_DISRUPTION,GROUP__7161__0028,INCIDENT,69.0,69.0,42.0,37.0,40.0,207.0,123.0
INCIDENT__257352-webtirf__7161,7161,2025-11-27 22:00:00,2025-11-27 19:00:00,2025-11-28 01:00:00,OTHER_DISRUPTION,GROUP__7161__0029,INCIDENT,89.0,70.0,48.0,38.0,27.0,13.0,14.0
INCIDENT__257484-webtirf__7161,7161,2025-11-28 07:00:00,2025-11-28 04:00:00,2025-11-28 10:00:00,OTHER_DISRUPTION,GROUP__7161__0030,INCIDENT,46.0,95.0,142.0,135.0,121.0,136.0,126.0
INCIDENT__258522-webtirf__7161,7161,2025-12-08 07:00:00,2025-12-08 04:00:00,2025-12-08 10:00:00,ACCIDENT,GROUP__7161__0031,INCIDENT,45.0,94.0,142.0,154.0,125.0,136.0,158.0
INCIDENT__259188-webtirf__7161,7161,2025-12-13 23:00:00,2025-12-13 20:00:00,2025-12-14 02:00:00,ACCIDENT,GROUP__7161__0032,INCIDENT,29.0,35.0,26.0,25.0,247.0,153.0,108.0
INCIDENT__259637-webtirf__7161,7161,2025-12-18 07:00:00,2025-12-18 04:00:00,2025-12-18 10:00:00,OTHER_DISRUPTION,GROUP__7161__0033,INCIDENT,35.0,109.0,145.0,129.0,132.0,140.0,155.0
INCIDENT__259792-webtirf__7161,7161,2025-12-19 20:00:00,2025-12-19 17:00:00,2025-12-19 23:00:00,ACCIDENT,GROUP__7161__0034,INCIDENT,1344.0,1138.0,838.0,694.0,578.0,522.0,404.0
INCIDENT__259832-webtirf__7161,7161,2025-12-20 04:00:00,2025-12-20 01:00:00,2025-12-20 07:00:00,OTHER_DISRUPTION,GROUP__7161__0035,INCIDENT,21.0,16.0,18.0,15.0,36.0,49.0,64.0
INCIDENT__260529-webtirf__7161,7161,2025-12-30 07:00:00,2025-12-30 04:00:00,2025-12-30 10:00:00,OTHER_DISRUPTION,GROUP__7161__0036,INCIDENT,14.0,37.0,34.0,58.0,61.0,90.0,73.0
INCIDENT__260547-webtirf__7161,7161,2025-12-30 18:00:00,2025-12-30 15:00:00,2025-12-30 21:00:00,OTHER_DISRUPTION,GROUP__7161__0037,INCIDENT,83.0,97.0,91.0,60.0,40.0,43.0,32.0
INCIDENT__222771-webtirf__7162,7162,2025-02-04 02:00:00,2025-02-03 23:00:00,2025-02-04 05:00:00,OTHER_DISRUPTION,GROUP__7162__0001,INCIDENT,0.0,0.0,0.0,0.0,0.0,0.0,0.0
INCIDENT__222782-webtirf__7162,7162,2025-02-04 04:00:00,2025-02-04 01:00:00,2025-02-04 07:00:00,OTHER_DISRUPTION,GROUP__7162__0001,INCIDENT,0.0,0.0,0.0,0.0,0.0,0.0,0.0
INCIDENT__223224-webtirf__7162,7162,2025-02-08 05:00:00,2025-02-08 02:00:00,2025-02-08 08:00:00,ACCIDENT,GROUP__7162__0002,INCIDENT,0.0,0.0,0.0,0.0,0.0,0.0,0.0
INCIDENT__257241-webtirf__7162,7162,2025-11-27 03:00:00,2025-11-27 00:00:00,2025-11-27 06:00:00,ACCIDENT,GROUP__7162__0003,INCIDENT,6.0,4.0,4.0,11.0,37.0,95.0,92.0
INCIDENT__259475-webtirf__7162,7162,2025-12-17 02:00:00,2025-12-16 23:00:00,2025-12-17 05:00:00,ACCIDENT,GROUP__7162__0004,INCIDENT,12.0,88.0,39.0,36.0,37.0,219.0,592.0
INCIDENT__219668-webtirf__7163,7163,2025-01-06 03:00:00,2025-01-06 00:00:00,2025-01-06 06:00:00,OTHER_DISRUPTION,GROUP__7163__0001,INCIDENT,83.0,70.0,49.0,63.0,98.0,230.0,517.0
INCIDENT__219761-webtirf__7163,7163,2025-01-06 22:00:00,2025-01-06 19:00:00,2025-01-07 01:00:00,OTHER_DISRUPTION,GROUP__7163__0002,INCIDENT,353.0,291.0,255.0,404.0,271.0,17.0,11.0
INCIDENT__221512-webtirf__7163,7163,2025-01-21 11:00:00,2025-01-21 08:00:00,2025-01-21 14:00:00,OTHER_DISRUPTION,GROUP__7163__0003,INCIDENT,65.0,97.0,98.0,82.0,87.0,81.0,76.0
INCIDENT__223386-webtirf__7163,7163,2025-02-10 01:00:00,2025-02-09 22:00:00,2025-02-10 04:00:00,OTHER_DISRUPTION,GROUP__7163__0004,INCIDENT,0.0,0.0,0.0,0.0,0.0,0.0,0.0
INCIDENT__225280.0-webtirf__7163,7163,2025-02-28 01:00:00,2025-02-27 22:00:00,2025-02-28 04:00:00,OTHER_DISRUPTION,GROUP__7163__0005,INCIDENT,0.0,0.0,0.0,0.0,0.0,0.0,0.0
INCIDENT__227282-webtirf__7163,7163,2025-03-12 14:00:00,2025-03-12 11:00:00,2025-03-12 17:00:00,OTHER_DISRUPTION,GROUP__7163__0006,INCIDENT,638.0,632.0,625.0,615.0,638.0,677.0,683.0
INCIDENT__227935-webtirf__7163,7163,2025-03-19 01:00:00,2025-03-18 22:00:00,2025-03-19 04:00:00,OTHER_DISRUPTION,GROUP__7163__0007,INCIDENT,18.0,13.0,70.0,53.0,48.0,57.0,95.0
INCIDENT__228040.0-webtirf__7163,7163,2025-03-20 01:00:00,2025-03-19 22:00:00,2025-03-20 04:00:00,OTHER_DISRUPTION,GROUP__7163__0008,INCIDENT,298.0,160.0,103.0,67.0,65.0,59.0,100.0
INCIDENT__228505-webtirf__7163,7163,2025-03-24 03:00:00,2025-03-24 00:00:00,2025-03-24 06:00:00,OTHER_DISRUPTION,GROUP__7163__0009,INCIDENT,19.0,5.0,10.0,15.0,16.0,40.0,93.0
INCIDENT__230351-webtirf__7163,7163,2025-04-04 04:00:00,2025-04-04 01:00:00,2025-04-04 07:00:00,OTHER_DISRUPTION,GROUP__7163__0010,INCIDENT,10.0,7.0,12.0,0.0,0.0,0.0,0.0
INCIDENT__232506-webtirf__7163,7163,2025-04-25 05:00:00,2025-04-25 02:00:00,2025-04-25 08:00:00,OTHER_DISRUPTION,GROUP__7163__0011,INCIDENT,9.0,13.0,5.0,17.0,28.0,41.0,45.0
INCIDENT__232617-webtirf__7163,7163,2025-04-26 11:00:00,2025-04-26 08:00:00,2025-04-26 14:00:00,ACCIDENT,GROUP__7163__0012,INCIDENT,46.0,58.0,50.0,50.0,62.0,60.0,53.0
INCIDENT__232763-webtirf__7163,7163,2025-04-27 23:00:00,2025-04-27 20:00:00,2025-04-28 02:00:00,OTHER_DISRUPTION,GROUP__7163__0013,INCIDENT,371.0,269.0,176.0,117.0,14.0,3.0,8.0
INCIDENT__233568-webtirf__7163,7163,2025-05-05 04:00:00,2025-05-05 01:00:00,2025-05-05 07:00:00,OTHER_DISRUPTION,GROUP__7163__0014,INCIDENT,45.0,47.0,61.0,100.0,284.0,637.0,684.0
INCIDENT__234472-webtirf__7163,7163,2025-05-13 10:00:00,2025-05-13 07:00:00,2025-05-13 13:00:00,OTHER_DISRUPTION,GROUP__7163__0015,INCIDENT,639.0,476.0,654.0,595.0,626.0,592.0,571.0
INCIDENT__234913-webtirf__7163,7163,2025-05-17 07:00:00,2025-05-17 04:00:00,2025-05-17 10:00:00,ACCIDENT,GROUP__7163__0016,INCIDENT,108.0,179.0,287.0,427.0,575.0,702.0,753.0
INCIDENT__238852-webtirf__7163,7163,2025-06-12 22:00:00,2025-06-12 19:00:00,2025-06-13 01:00:00,OTHER_DISRUPTION,GROUP__7163__0017,INCIDENT,558.0,483.0,452.0,336.0,196.0,12.0,7.0
INCIDENT__239062-webtirf__7163,7163,2025-06-15 02:00:00,2025-06-14 23:00:00,2025-06-15 05:00:00,OTHER_DISRUPTION,GROUP__7163__0018,INCIDENT,352.0,20.0,9.0,10.0,9.0,7.0,13.0
INCIDENT__240613-webtirf__7163,7163,2025-06-30 05:00:00,2025-06-30 02:00:00,2025-06-30 08:00:00,ACCIDENT,GROUP__7163__0019,INCIDENT,0.0,0.0,0.0,0.0,0.0,0.0,0.0
INCIDENT__241243-webtirf__7163,7163,2025-07-03 21:00:00,2025-07-03 18:00:00,2025-07-04 00:00:00,OTHER_DISRUPTION,GROUP__7163__0020,INCIDENT,0.0,0.0,0.0,0.0,0.0,0.0,0.0
INCIDENT__241432-webtirf__7163,7163,2025-07-06 02:00:00,2025-07-05 23:00:00,2025-07-06 05:00:00,ACCIDENT,GROUP__7163__0021,INCIDENT,0.0,0.0,0.0,0.0,0.0,0.0,0.0
INCIDENT__242307-webtirf__7163,7163,2025-07-15 06:00:00,2025-07-15 03:00:00,2025-07-15 09:00:00,OTHER_DISRUPTION,GROUP__7163__0022,INCIDENT,0.0,0.0,0.0,0.0,0.0,0.0,20.0
INCIDENT__242362-webtirf__7163,7163,2025-07-15 22:00:00,2025-07-15 19:00:00,2025-07-16 01:00:00,ACCIDENT,GROUP__7163__0023,INCIDENT,14.0,9.0,9.0,9.0,5.0,11.0,8.0
INCIDENT__242427-webtirf__7163,7163,2025-07-16 08:00:00,2025-07-16 05:00:00,2025-07-16 11:00:00,OTHER_DISRUPTION,GROUP__7163__0024,INCIDENT,46.0,113.0,87.0,92.0,87.0,89.0,90.0
INCIDENT__242436-webtirf__7163,7163,2025-07-16 20:00:00,2025-07-16 17:00:00,2025-07-16 23:00:00,OTHER_DISRUPTION,GROUP__7163__0025,INCIDENT,59.0,52.0,44.0,29.0,39.0,20.0,21.0
INCIDENT__243569-webtirf__7163,7163,2025-07-28 03:00:00,2025-07-28 00:00:00,2025-07-28 06:00:00,OTHER_DISRUPTION,GROUP__7163__0026,INCIDENT,11.0,7.0,3.0,4.0,18.0,39.0,82.0
INCIDENT__244075-webtirf__7163,7163,2025-08-01 09:00:00,2025-08-01 06:00:00,2025-08-01 12:00:00,OTHER_DISRUPTION,GROUP__7163__0027,INCIDENT,100.0,87.0,124.0,88.0,115.0,103.0,74.0
INCIDENT__245194-webtirf__7163,7163,2025-08-09 15:00:00,2025-08-09 12:00:00,2025-08-09 18:00:00,OTHER_DISRUPTION,GROUP__7163__0028,INCIDENT,51.0,51.0,51.0,45.0,48.0,49.0,40.0
INCIDENT__245539-webtirf__7163,7163,2025-08-13 00:00:00,2025-08-12 21:00:00,2025-08-13 03:00:00,OTHER_DISRUPTION,GROUP__7163__0029,INCIDENT,371.0,532.0,306.0,18.0,18.0,13.0,18.0
INCIDENT__245544-webtirf__7163,7163,2025-08-13 00:00:00,2025-08-12 21:00:00,2025-08-13 03:00:00,OTHER_DISRUPTION,GROUP__7163__0029,INCIDENT,371.0,532.0,306.0,18.0,18.0,13.0,18.0
INCIDENT__245773-webtirf__7163,7163,2025-08-14 21:00:00,2025-08-14 18:00:00,2025-08-15 00:00:00,OTHER_DISRUPTION,GROUP__7163__0030,INCIDENT,685.0,485.0,454.0,413.0,307.0,206.0,128.0
INCIDENT__246026-webtirf__7163,7163,2025-08-18 02:00:00,2025-08-17 23:00:00,2025-08-18 05:00:00,ACCIDENT,GROUP__7163__0031,INCIDENT,23.0,81.0,49.0,35.0,55.0,108.0,273.0
INCIDENT__247372-webtirf__7163,7163,2025-08-27 02:00:00,2025-08-26 23:00:00,2025-08-27 05:00:00,OTHER_DISRUPTION,GROUP__7163__0032,INCIDENT,28.0,14.0,12.0,12.0,8.0,21.0,46.0
INCIDENT__248041-webtirf__7163,7163,2025-09-02 23:00:00,2025-09-02 20:00:00,2025-09-03 02:00:00,OTHER_DISRUPTION,GROUP__7163__0033,INCIDENT,34.0,25.0,26.0,23.0,11.0,10.0,6.0
INCIDENT__248574-webtirf__7163,7163,2025-09-08 06:00:00,2025-09-08 03:00:00,2025-09-08 09:00:00,OTHER_DISRUPTION,GROUP__7163__0034,INCIDENT,57.0,115.0,286.0,623.0,612.0,223.0,434.0
INCIDENT__249226-webtirf__7163,7163,2025-09-11 05:00:00,2025-09-11 02:00:00,2025-09-11 08:00:00,ACCIDENT,GROUP__7163__0035,INCIDENT,10.0,8.0,19.0,40.0,99.0,80.0,77.0
INCIDENT__250235-webtirf__7163,7163,2025-09-21 22:00:00,2025-09-21 19:00:00,2025-09-22 01:00:00,OTHER_DISRUPTION,GROUP__7163__0036,INCIDENT,52.0,36.0,20.0,22.0,19.0,71.0,56.0
INCIDENT__250974-webtirf__7163,7163,2025-09-29 00:00:00,2025-09-28 21:00:00,2025-09-29 03:00:00,OTHER_DISRUPTION,GROUP__7163__0037,INCIDENT,23.0,20.0,17.0,67.0,55.0,37.0,59.0
INCIDENT__251924-webtirf__7163,7163,2025-10-08 06:00:00,2025-10-08 03:00:00,2025-10-08 09:00:00,OTHER_DISRUPTION,GROUP__7163__0038,INCIDENT,6.0,22.0,46.0,115.0,135.0,121.0,117.0
INCIDENT__253105-webtirf__7163,7163,2025-10-19 08:00:00,2025-10-19 05:00:00,2025-10-19 11:00:00,ACCIDENT,GROUP__7163__0039,INCIDENT,129.0,187.0,293.0,425.0,604.0,667.0,760.0
INCIDENT__253301-webtirf__7163,7163,2025-10-21 06:00:00,2025-10-21 03:00:00,2025-10-21 09:00:00,OTHER_DISRUPTION,GROUP__7163__0040,INCIDENT,55.0,122.0,290.0,738.0,337.0,165.0,384.0
INCIDENT__253437-webtirf__7163,7163,2025-10-22 05:00:00,2025-10-22 02:00:00,2025-10-22 08:00:00,OTHER_DISRUPTION,GROUP__7163__0041,INCIDENT,5.0,5.0,19.0,51.0,116.0,114.0,107.0
INCIDENT__253439-webtirf__7163,7163,2025-10-22 05:00:00,2025-10-22 02:00:00,2025-10-22 08:00:00,OTHER_DISRUPTION,GROUP__7163__0041,INCIDENT,5.0,5.0,19.0,51.0,116.0,114.0,107.0
INCIDENT__255181-webtirf__7163,7163,2025-11-09 07:00:00,2025-11-09 04:00:00,2025-11-09 10:00:00,ACCIDENT,GROUP__7163__0042,INCIDENT,9.0,19.0,32.0,38.0,30.0,35.0,50.0
INCIDENT__255299-webtirf__7163,7163,2025-11-10 20:00:00,2025-11-10 17:00:00,2025-11-10 23:00:00,OTHER_DISRUPTION,GROUP__7163__0043,INCIDENT,65.0,48.0,38.0,39.0,27.0,46.0,33.0
INCIDENT__256147-webtirf__7163,7163,2025-11-18 21:00:00,2025-11-18 18:00:00,2025-11-19 00:00:00,OTHER_DISRUPTION,GROUP__7163__0044,INCIDENT,49.0,36.0,39.0,32.0,23.0,17.0,103.0
INCIDENT__256948-webtirf__7163,7163,2025-11-25 20:00:00,2025-11-25 17:00:00,2025-11-25 23:00:00,OTHER_DISRUPTION,GROUP__7163__0045,INCIDENT,68.0,55.0,38.0,30.0,27.0,28.0,27.0
INCIDENT__256949-webtirf__7163,7163,2025-11-25 21:00:00,2025-11-25 18:00:00,2025-11-26 00:00:00,OTHER_DISRUPTION,GROUP__7163__0045,INCIDENT,55.0,38.0,30.0,27.0,28.0,27.0,122.0
INCIDENT__260112-webtirf__7163,7163,2025-12-23 00:00:00,2025-12-22 21:00:00,2025-12-23 03:00:00,OTHER_DISRUPTION,GROUP__7163__0046,INCIDENT,30.0,27.0,20.0,87.0,62.0,53.0,54.0
INCIDENT__260138-webtirf__7163,7163,2025-12-23 03:00:00,2025-12-23 00:00:00,2025-12-23 06:00:00,OTHER_DISRUPTION,GROUP__7163__0046,INCIDENT,87.0,62.0,53.0,54.0,91.0,179.0,443.0
INCIDENT__260472-webtirf__7163,7163,2025-12-29 11:00:00,2025-12-29 08:00:00,2025-12-29 14:00:00,OTHER_DISRUPTION,GROUP__7163__0047,INCIDENT,26.0,35.0,44.0,31.0,35.0,36.0,40.0
INCIDENT__219630.0-webtirf__7164,7164,2025-01-05 21:00:00,2025-01-05 18:00:00,2025-01-06 00:00:00,OTHER_DISRUPTION,GROUP__7164__0001,INCIDENT,0.0,0.0,0.0,0.0,0.0,0.0,12.0
INCIDENT__219890.0-webtirf__7164,7164,2025-01-08 02:00:00,2025-01-07 23:00:00,2025-01-08 05:00:00,OTHER_DISRUPTION,GROUP__7164__0002,INCIDENT,4.0,74.0,37.0,39.0,37.0,70.0,235.0
INCIDENT__223304-webtirf__7164,7164,2025-02-09 05:00:00,2025-02-09 02:00:00,2025-02-09 08:00:00,OTHER_DISRUPTION,GROUP__7164__0003,INCIDENT,0.0,0.0,0.0,0.0,0.0,0.0,0.0
INCIDENT__223947-webtirf__7164,7164,2025-02-14 09:00:00,2025-02-14 06:00:00,2025-02-14 12:00:00,ACCIDENT,GROUP__7164__0004,INCIDENT,0.0,0.0,0.0,0.0,0.0,0.0,0.0
INCIDENT__227258-webtirf__7164,7164,2025-03-12 06:00:00,2025-03-12 03:00:00,2025-03-12 09:00:00,OTHER_DISRUPTION,GROUP__7164__0005,INCIDENT,16.0,26.0,58.0,92.0,93.0,105.0,118.0
INCIDENT__227368-webtirf__7164,7164,2025-03-13 04:00:00,2025-03-13 01:00:00,2025-03-13 07:00:00,OTHER_DISRUPTION,GROUP__7164__0006,INCIDENT,19.0,13.0,0.0,0.0,0.0,0.0,0.0
INCIDENT__230715-webtirf__7164,7164,2025-04-08 06:00:00,2025-04-08 03:00:00,2025-04-08 09:00:00,ACCIDENT,GROUP__7164__0007,INCIDENT,51.0,97.0,301.0,665.0,1053.0,1116.0,839.0
INCIDENT__230878-webtirf__7164,7164,2025-04-09 11:00:00,2025-04-09 08:00:00,2025-04-09 14:00:00,OTHER_DISRUPTION,GROUP__7164__0008,INCIDENT,1019.0,862.0,644.0,491.0,503.0,591.0,576.0
INCIDENT__231089-webtirf__7164,7164,2025-04-11 02:00:00,2025-04-10 23:00:00,2025-04-11 05:00:00,OTHER_DISRUPTION,GROUP__7164__0009,INCIDENT,13.0,0.0,0.0,0.0,0.0,0.0,0.0
INCIDENT__234894-webtirf__7164,7164,2025-05-17 03:00:00,2025-05-17 00:00:00,2025-05-17 06:00:00,OTHER_DISRUPTION,GROUP__7164__0010,INCIDENT,18.0,14.0,7.0,9.0,12.0,25.0,40.0
INCIDENT__239856-webtirf__7164,7164,2025-06-23 00:00:00,2025-06-22 21:00:00,2025-06-23 03:00:00,OTHER_DISRUPTION,GROUP__7164__0011,INCIDENT,298.0,238.0,130.0,92.0,65.0,39.0,51.0
INCIDENT__241463-webtirf__7164,7164,2025-07-06 14:00:00,2025-07-06 11:00:00,2025-07-06 17:00:00,OTHER_DISRUPTION,GROUP__7164__0012,INCIDENT,59.0,61.0,32.0,44.0,48.0,34.0,58.0
INCIDENT__245626-webtirf__7164,7164,2025-08-13 22:00:00,2025-08-13 19:00:00,2025-08-14 01:00:00,OTHER_DISRUPTION,GROUP__7164__0013,INCIDENT,403.0,240.0,323.0,247.0,126.0,79.0,59.0
INCIDENT__247466-webtirf__7164,7164,2025-08-28 00:00:00,2025-08-27 21:00:00,2025-08-28 03:00:00,OTHER_DISRUPTION,GROUP__7164__0014,INCIDENT,345.0,219.0,170.0,17.0,17.0,4.0,8.0
INCIDENT__247551-webtirf__7164,7164,2025-08-28 08:00:00,2025-08-28 05:00:00,2025-08-28 11:00:00,ACCIDENT,GROUP__7164__0015,INCIDENT,50.0,91.0,103.0,133.0,126.0,84.0,64.0
INCIDENT__247764-webtirf__7164,7164,2025-08-31 05:00:00,2025-08-31 02:00:00,2025-08-31 08:00:00,ACCIDENT,GROUP__7164__0016,INCIDENT,12.0,12.0,9.0,8.0,9.0,18.0,19.0
INCIDENT__249587-webtirf__7164,7164,2025-09-15 04:00:00,2025-09-15 01:00:00,2025-09-15 07:00:00,OTHER_DISRUPTION,GROUP__7164__0017,INCIDENT,8.0,8.0,11.0,16.0,45.0,130.0,95.0
INCIDENT__253084-webtirf__7164,7164,2025-10-19 02:00:00,2025-10-18 23:00:00,2025-10-19 05:00:00,ACCIDENT,GROUP__7164__0018,INCIDENT,275.0,200.0,147.0,102.0,56.0,78.0,99.0
INCIDENT__219440.0-webtirf__7168,7168,2025-01-01 11:00:00,2025-01-01 08:00:00,2025-01-01 14:00:00,OTHER_DISRUPTION,GROUP__7168__0001,INCIDENT,13.0,4.0,13.0,10.0,16.0,12.0,7.0
INCIDENT__222702-webtirf__7168,7168,2025-02-03 05:00:00,2025-02-03 02:00:00,2025-02-03 08:00:00,ACCIDENT,GROUP__7168__0002,INCIDENT,0.0,0.0,0.0,0.0,0.0,0.0,0.0
INCIDENT__223445-webtirf__7168,7168,2025-02-10 05:00:00,2025-02-10 02:00:00,2025-02-10 08:00:00,OTHER_DISRUPTION,GROUP__7168__0003,INCIDENT,0.0,0.0,0.0,0.0,0.0,0.0,0.0
INCIDENT__223517-webtirf__7168,7168,2025-02-11 01:00:00,2025-02-10 22:00:00,2025-02-11 04:00:00,OTHER_DISRUPTION,GROUP__7168__0004,INCIDENT,0.0,0.0,0.0,0.0,0.0,0.0,0.0
INCIDENT__224039-webtirf__7168,7168,2025-02-15 17:00:00,2025-02-15 14:00:00,2025-02-15 20:00:00,OTHER_DISRUPTION,GROUP__7168__0005,INCIDENT,0.0,0.0,0.0,0.0,0.0,0.0,0.0
INCIDENT__225010.0-webtirf__7168,7168,2025-02-25 20:00:00,2025-02-25 17:00:00,2025-02-25 23:00:00,OTHER_DISRUPTION,GROUP__7168__0006,INCIDENT,0.0,0.0,0.0,0.0,0.0,0.0,0.0
INCIDENT__226785-webtirf__7168,7168,2025-03-09 23:00:00,2025-03-09 20:00:00,2025-03-10 02:00:00,ACCIDENT,GROUP__7168__0007,INCIDENT,0.0,0.0,0.0,0.0,6.0,3.0,3.0
INCIDENT__226987-webtirf__7168,7168,2025-03-10 21:00:00,2025-03-10 18:00:00,2025-03-11 00:00:00,ACCIDENT,GROUP__7168__0008,INCIDENT,33.0,22.0,20.0,16.0,16.0,8.0,0.0
INCIDENT__227671-webtirf__7168,7168,2025-03-16 18:00:00,2025-03-16 15:00:00,2025-03-16 21:00:00,OTHER_DISRUPTION,GROUP__7168__0009,INCIDENT,0.0,0.0,0.0,0.0,0.0,0.0,0.0
INCIDENT__227958-webtirf__7168,7168,2025-03-19 04:00:00,2025-03-19 01:00:00,2025-03-19 07:00:00,ACCIDENT,GROUP__7168__0010,INCIDENT,2.0,2.0,2.0,8.0,12.0,11.0,21.0
INCIDENT__231043-webtirf__7168,7168,2025-04-10 22:00:00,2025-04-10 19:00:00,2025-04-11 01:00:00,OTHER_DISRUPTION,GROUP__7168__0011,INCIDENT,394.0,234.0,231.0,208.0,111.0,0.0,0.0
INCIDENT__231925-webtirf__7168,7168,2025-04-19 06:00:00,2025-04-19 03:00:00,2025-04-19 09:00:00,OTHER_DISRUPTION,GROUP__7168__0012,INCIDENT,42.0,43.0,81.0,124.0,240.0,232.0,356.0
INCIDENT__233846-webtirf__7168,7168,2025-05-07 06:00:00,2025-05-07 03:00:00,2025-05-07 09:00:00,OTHER_DISRUPTION,GROUP__7168__0013,INCIDENT,13.0,23.0,31.0,83.0,92.0,80.0,69.0
INCIDENT__233993-webtirf__7168,7168,2025-05-08 09:00:00,2025-05-08 06:00:00,2025-05-08 12:00:00,ACCIDENT,GROUP__7168__0014,INCIDENT,79.0,79.0,63.0,72.0,73.0,95.0,97.0
INCIDENT__238824-webtirf__7168,7168,2025-06-12 07:00:00,2025-06-12 04:00:00,2025-06-12 10:00:00,ACCIDENT,GROUP__7168__0015,INCIDENT,116.0,220.0,427.0,480.0,508.0,444.0,380.0
INCIDENT__249614-webtirf__7168,7168,2025-09-15 06:00:00,2025-09-15 03:00:00,2025-09-15 09:00:00,ACCIDENT,GROUP__7168__0016,INCIDENT,16.0,24.0,39.0,86.0,103.0,85.0,74.0
INCIDENT__253855-webtirf__7168,7168,2025-10-27 02:00:00,2025-10-26 23:00:00,2025-10-27 05:00:00,OTHER_DISRUPTION,GROUP__7168__0017,INCIDENT,23.0,72.0,33.0,27.0,45.0,99.0,166.0
INCIDENT__254826-webtirf__7168,7168,2025-11-05 17:00:00,2025-11-05 14:00:00,2025-11-05 20:00:00,OTHER_DISRUPTION,GROUP__7168__0018,INCIDENT,620.0,966.0,1002.0,1092.0,749.0,393.0,301.0
INCIDENT__256112-webtirf__7168,7168,2025-11-18 06:00:00,2025-11-18 03:00:00,2025-11-18 09:00:00,ACCIDENT,GROUP__7168__0019,INCIDENT,51.0,126.0,264.0,455.0,540.0,555.0,482.0
INCIDENT__257922-webtirf__7168,7168,2025-12-02 20:00:00,2025-12-02 17:00:00,2025-12-02 23:00:00,ACCIDENT,GROUP__7168__0020,INCIDENT,102.0,95.0,55.0,40.0,27.0,30.0,16.0
INCIDENT__258010-webtirf__7168,7168,2025-12-03 05:00:00,2025-12-03 02:00:00,2025-12-03 08:00:00,OTHER_DISRUPTION,GROUP__7168__0021,INCIDENT,28.0,49.0,110.0,216.0,453.0,464.0,445.0
INCIDENT__258010.0-webtirf__7168,7168,2025-12-03 05:00:00,2025-12-03 02:00:00,2025-12-03 08:00:00,OTHER_DISRUPTION,GROUP__7168__0021,INCIDENT,28.0,49.0,110.0,216.0,453.0,464.0,445.0
INCIDENT__258082-webtirf__7168,7168,2025-12-04 01:00:00,2025-12-03 22:00:00,2025-12-04 04:00:00,OTHER_DISRUPTION,GROUP__7168__0022,INCIDENT,176.0,136.0,17.0,13.0,17.0,17.0,23.0
INCIDENT__258657-webtirf__7168,7168,2025-12-09 18:00:00,2025-12-09 15:00:00,2025-12-09 21:00:00,OTHER_DISRUPTION,GROUP__7168__0023,INCIDENT,114.0,95.0,77.0,64.0,43.0,20.0,33.0
INCIDENT__259239-webtirf__7168,7168,2025-12-14 21:00:00,2025-12-14 18:00:00,2025-12-15 00:00:00,OTHER_DISRUPTION,GROUP__7168__0024,INCIDENT,353.0,277.0,245.0,254.0,200.0,139.0,10.0
INCIDENT__219481-webtirf__7179,7179,2025-01-02 03:00:00,2025-01-02 00:00:00,2025-01-02 06:00:00,OTHER_DISRUPTION,GROUP__7179__0001,INCIDENT,21.0,30.0,33.0,34.0,73.0,105.0,160.0
INCIDENT__219630.0-webtirf__7179,7179,2025-01-05 21:00:00,2025-01-05 18:00:00,2025-01-06 00:00:00,OTHER_DISRUPTION,GROUP__7179__0002,INCIDENT,1416.0,1317.0,1159.0,1128.0,894.0,584.0,28.0
INCIDENT__219694-webtirf__7179,7179,2025-01-06 04:00:00,2025-01-06 01:00:00,2025-01-06 07:00:00,OTHER_DISRUPTION,GROUP__7179__0003,INCIDENT,34.0,28.0,37.0,76.0,168.0,262.0,291.0
INCIDENT__220084-webtirf__7179,7179,2025-01-09 22:00:00,2025-01-09 19:00:00,2025-01-10 01:00:00,OTHER_DISRUPTION,GROUP__7179__0004,INCIDENT,0.0,0.0,0.0,0.0,0.0,52.0,41.0
INCIDENT__220200.0-webtirf__7179,7179,2025-01-10 21:00:00,2025-01-10 18:00:00,2025-01-11 00:00:00,OTHER_DISRUPTION,GROUP__7179__0005,INCIDENT,0.0,0.0,0.0,0.0,0.0,0.0,0.0
INCIDENT__220424-webtirf__7179,7179,2025-01-13 21:00:00,2025-01-13 18:00:00,2025-01-14 00:00:00,ACCIDENT,GROUP__7179__0006,INCIDENT,0.0,0.0,0.0,0.0,0.0,0.0,0.0
INCIDENT__222027-webtirf__7179,7179,2025-01-28 01:00:00,2025-01-27 22:00:00,2025-01-28 04:00:00,OTHER_DISRUPTION,GROUP__7179__0007,INCIDENT,0.0,0.0,37.0,27.0,26.0,52.0,76.0
INCIDENT__223042-webtirf__7179,7179,2025-02-06 06:00:00,2025-02-06 03:00:00,2025-02-06 09:00:00,OTHER_DISRUPTION,GROUP__7179__0008,INCIDENT,0.0,0.0,0.0,0.0,0.0,0.0,0.0
INCIDENT__223498-webtirf__7179,7179,2025-02-10 22:00:00,2025-02-10 19:00:00,2025-02-11 01:00:00,OTHER_DISRUPTION,GROUP__7179__0009,INCIDENT,0.0,0.0,0.0,0.0,0.0,0.0,0.0
INCIDENT__223809-webtirf__7179,7179,2025-02-13 07:00:00,2025-02-13 04:00:00,2025-02-13 10:00:00,OTHER_DISRUPTION,GROUP__7179__0010,INCIDENT,0.0,0.0,0.0,0.0,0.0,0.0,0.0
INCIDENT__223917-webtirf__7179,7179,2025-02-14 04:00:00,2025-02-14 01:00:00,2025-02-14 07:00:00,ACCIDENT,GROUP__7179__0011,INCIDENT,0.0,0.0,0.0,0.0,0.0,0.0,0.0
INCIDENT__225027-webtirf__7179,7179,2025-02-25 23:00:00,2025-02-25 20:00:00,2025-02-26 02:00:00,ACCIDENT,GROUP__7179__0012,INCIDENT,0.0,0.0,0.0,0.0,0.0,0.0,0.0
INCIDENT__225390.0-webtirf__7179,7179,2025-03-01 09:00:00,2025-03-01 06:00:00,2025-03-01 12:00:00,OTHER_DISRUPTION,GROUP__7179__0013,INCIDENT,138.0,153.0,170.0,209.0,208.0,226.0,257.0
INCIDENT__225425-webtirf__7179,7179,2025-03-02 06:00:00,2025-03-02 03:00:00,2025-03-02 09:00:00,OTHER_DISRUPTION,GROUP__7179__0014,INCIDENT,22.0,0.0,0.0,0.0,0.0,0.0,0.0
INCIDENT__225705-webtirf__7179,7179,2025-03-04 23:00:00,2025-03-04 20:00:00,2025-03-05 02:00:00,ACCIDENT,GROUP__7179__0015,INCIDENT,0.0,0.0,0.0,0.0,0.0,0.0,0.0
INCIDENT__225739-webtirf__7179,7179,2025-03-05 03:00:00,2025-03-05 00:00:00,2025-03-05 06:00:00,OTHER_DISRUPTION,GROUP__7179__0015,INCIDENT,0.0,0.0,0.0,0.0,0.0,0.0,0.0
INCIDENT__226857-webtirf__7179,7179,2025-03-10 01:00:00,2025-03-09 22:00:00,2025-03-10 04:00:00,OTHER_DISRUPTION,GROUP__7179__0016,INCIDENT,872.0,510.0,44.0,33.0,32.0,45.0,97.0
INCIDENT__227083-webtirf__7179,7179,2025-03-11 06:00:00,2025-03-11 03:00:00,2025-03-11 09:00:00,ACCIDENT,GROUP__7179__0017,INCIDENT,0.0,0.0,0.0,0.0,0.0,0.0,0.0
INCIDENT__227097-webtirf__7179,7179,2025-03-11 11:00:00,2025-03-11 08:00:00,2025-03-11 14:00:00,ACCIDENT,GROUP__7179__0017,INCIDENT,0.0,0.0,0.0,0.0,0.0,0.0,0.0
INCIDENT__227258-webtirf__7179,7179,2025-03-12 06:00:00,2025-03-12 03:00:00,2025-03-12 09:00:00,OTHER_DISRUPTION,GROUP__7179__0018,INCIDENT,0.0,0.0,0.0,0.0,0.0,0.0,0.0
INCIDENT__227807-webtirf__7179,7179,2025-03-18 00:00:00,2025-03-17 21:00:00,2025-03-18 03:00:00,OTHER_DISRUPTION,GROUP__7179__0019,INCIDENT,86.0,81.0,61.0,0.0,0.0,0.0,0.0
INCIDENT__229117-webtirf__7179,7179,2025-03-27 23:00:00,2025-03-27 20:00:00,2025-03-28 02:00:00,ACCIDENT,GROUP__7179__0020,INCIDENT,12.0,16.0,20.0,6.0,47.0,44.0,44.0
INCIDENT__229725-webtirf__7179,7179,2025-03-31 05:00:00,2025-03-31 02:00:00,2025-03-31 08:00:00,ACCIDENT,GROUP__7179__0021,INCIDENT,0.0,0.0,106.0,189.0,305.0,352.0,306.0
INCIDENT__230196-webtirf__7179,7179,2025-04-03 03:00:00,2025-04-03 00:00:00,2025-04-03 06:00:00,OTHER_DISRUPTION,GROUP__7179__0022,INCIDENT,313.0,188.0,154.0,206.0,439.0,884.0,1327.0
INCIDENT__230695-webtirf__7179,7179,2025-04-08 03:00:00,2025-04-08 00:00:00,2025-04-08 06:00:00,OTHER_DISRUPTION,GROUP__7179__0023,INCIDENT,259.0,167.0,122.0,221.0,423.0,922.0,1383.0
INCIDENT__230911-webtirf__7179,7179,2025-04-09 22:00:00,2025-04-09 19:00:00,2025-04-10 01:00:00,OTHER_DISRUPTION,GROUP__7179__0024,INCIDENT,170.0,138.0,97.0,66.0,62.0,295.0,194.0
INCIDENT__231331-webtirf__7179,7179,2025-04-14 00:00:00,2025-04-13 21:00:00,2025-04-14 03:00:00,OTHER_DISRUPTION,GROUP__7179__0025,INCIDENT,1139.0,826.0,480.0,37.0,30.0,36.0,53.0
INCIDENT__231334-webtirf__7179,7179,2025-04-14 00:00:00,2025-04-13 21:00:00,2025-04-14 03:00:00,OTHER_DISRUPTION,GROUP__7179__0025,INCIDENT,1139.0,826.0,480.0,37.0,30.0,36.0,53.0
INCIDENT__231359-webtirf__7179,7179,2025-04-14 03:00:00,2025-04-14 00:00:00,2025-04-14 06:00:00,OTHER_DISRUPTION,GROUP__7179__0025,INCIDENT,37.0,30.0,36.0,53.0,82.0,181.0,270.0
INCIDENT__231695-webtirf__7179,7179,2025-04-16 09:00:00,2025-04-16 06:00:00,2025-04-16 12:00:00,OTHER_DISRUPTION,GROUP__7179__0026,INCIDENT,309.0,361.0,359.0,419.0,478.0,444.0,496.0
INCIDENT__232076-webtirf__7179,7179,2025-04-22 00:00:00,2025-04-21 21:00:00,2025-04-22 03:00:00,ACCIDENT,GROUP__7179__0027,INCIDENT,506.0,356.0,231.0,33.0,33.0,26.0,61.0
INCIDENT__232246-webtirf__7179,7179,2025-04-23 02:00:00,2025-04-22 23:00:00,2025-04-23 05:00:00,ACCIDENT,GROUP__7179__0028,INCIDENT,64.0,44.0,40.0,43.0,65.0,107.0,193.0
INCIDENT__232337-webtirf__7179,7179,2025-04-24 00:00:00,2025-04-23 21:00:00,2025-04-24 03:00:00,OTHER_DISRUPTION,GROUP__7179__0029,INCIDENT,79.0,71.0,58.0,54.0,50.0,42.0,73.0
INCIDENT__233118-webtirf__7179,7179,2025-04-30 19:00:00,2025-04-30 16:00:00,2025-04-30 22:00:00,OTHER_DISRUPTION,GROUP__7179__0030,INCIDENT,1804.0,1742.0,1624.0,1329.0,1044.0,949.0,811.0
INCIDENT__233195-webtirf__7179,7179,2025-05-01 03:00:00,2025-05-01 00:00:00,2025-05-01 06:00:00,ACCIDENT,GROUP__7179__0031,INCIDENT,283.0,169.0,162.0,239.0,450.0,845.0,1336.0
INCIDENT__233309-webtirf__7179,7179,2025-05-02 02:00:00,2025-05-01 23:00:00,2025-05-02 05:00:00,OTHER_DISRUPTION,GROUP__7179__0032,INCIDENT,538.0,56.0,40.0,46.0,73.0,101.0,188.0
INCIDENT__233485-webtirf__7179,7179,2025-05-04 07:00:00,2025-05-04 04:00:00,2025-05-04 10:00:00,OTHER_DISRUPTION,GROUP__7179__0033,INCIDENT,227.0,254.0,534.0,611.0,902.0,1305.0,1528.0
INCIDENT__233587-webtirf__7179,7179,2025-05-05 06:00:00,2025-05-05 03:00:00,2025-05-05 09:00:00,OTHER_DISRUPTION,GROUP__7179__0034,INCIDENT,231.0,390.0,943.0,1356.0,1608.0,1654.0,1412.0
INCIDENT__233742-webtirf__7179,7179,2025-05-06 10:00:00,2025-05-06 07:00:00,2025-05-06 13:00:00,ACCIDENT,GROUP__7179__0035,INCIDENT,1601.0,1627.0,1482.0,1368.0,1375.0,1466.0,1554.0
INCIDENT__234072-webtirf__7179,7179,2025-05-09 03:00:00,2025-05-09 00:00:00,2025-05-09 06:00:00,OTHER_DISRUPTION,GROUP__7179__0036,INCIDENT,334.0,200.0,169.0,219.0,445.0,909.0,1368.0
INCIDENT__234266-webtirf__7179,7179,2025-05-11 21:00:00,2025-05-11 18:00:00,2025-05-12 00:00:00,OTHER_DISRUPTION,GROUP__7179__0037,INCIDENT,118.0,81.0,99.0,83.0,52.0,40.0,27.0
INCIDENT__235092-webtirf__7179,7179,2025-05-19 00:00:00,2025-05-18 21:00:00,2025-05-19 03:00:00,OTHER_DISRUPTION,GROUP__7179__0038,INCIDENT,936.0,763.0,434.0,39.0,31.0,33.0,50.0
INCIDENT__235302-webtirf__7179,7179,2025-05-19 21:00:00,2025-05-19 18:00:00,2025-05-20 00:00:00,OTHER_DISRUPTION,GROUP__7179__0039,INCIDENT,207.0,148.0,101.0,77.0,78.0,59.0,264.0
INCIDENT__236020.0-webtirf__7179,7179,2025-05-22 04:00:00,2025-05-22 01:00:00,2025-05-22 07:00:00,ACCIDENT,GROUP__7179__0040,INCIDENT,43.0,40.0,68.0,90.0,200.0,309.0,308.0
INCIDENT__236706-webtirf__7179,7179,2025-05-25 04:00:00,2025-05-25 01:00:00,2025-05-25 07:00:00,ACCIDENT,GROUP__7179__0041,INCIDENT,32.0,20.0,28.0,17.0,19.0,44.0,73.0
INCIDENT__237431-webtirf__7179,7179,2025-05-30 04:00:00,2025-05-30 01:00:00,2025-05-30 07:00:00,ACCIDENT,GROUP__7179__0042,INCIDENT,45.0,60.0,62.0,101.0,197.0,342.0,324.0
INCIDENT__237801-webtirf__7179,7179,2025-06-02 20:00:00,2025-06-02 17:00:00,2025-06-02 23:00:00,OTHER_DISRUPTION,GROUP__7179__0043,INCIDENT,323.0,238.0,148.0,137.0,89.0,70.0,60.0
INCIDENT__238485-webtirf__7179,7179,2025-06-09 15:00:00,2025-06-09 12:00:00,2025-06-09 18:00:00,OTHER_DISRUPTION,GROUP__7179__0044,INCIDENT,662.0,692.0,670.0,682.0,649.0,654.0,639.0
INCIDENT__238536-webtirf__7179,7179,2025-06-10 02:00:00,2025-06-09 23:00:00,2025-06-10 05:00:00,OTHER_DISRUPTION,GROUP__7179__0045,INCIDENT,201.0,249.0,147.0,136.0,203.0,395.0,874.0
INCIDENT__238755-webtirf__7179,7179,2025-06-12 00:00:00,2025-06-11 21:00:00,2025-06-12 03:00:00,OTHER_DISRUPTION,GROUP__7179__0046,INCIDENT,105.0,76.0,64.0,330.0,201.0,130.0,229.0
INCIDENT__238776-webtirf__7179,7179,2025-06-12 03:00:00,2025-06-12 00:00:00,2025-06-12 06:00:00,OTHER_DISRUPTION,GROUP__7179__0046,INCIDENT,330.0,201.0,130.0,229.0,411.0,942.0,1371.0
INCIDENT__239450.0-webtirf__7179,7179,2025-06-18 16:00:00,2025-06-18 13:00:00,2025-06-18 19:00:00,OTHER_DISRUPTION,GROUP__7179__0047,INCIDENT,494.0,550.0,433.0,390.0,279.0,319.0,184.0
INCIDENT__239869-webtirf__7179,7179,2025-06-23 02:00:00,2025-06-22 23:00:00,2025-06-23 05:00:00,OTHER_DISRUPTION,GROUP__7179__0048,INCIDENT,48.0,34.0,34.0,46.0,52.0,113.0,200.0
INCIDENT__239901-webtirf__7179,7179,2025-06-23 06:00:00,2025-06-23 03:00:00,2025-06-23 09:00:00,OTHER_DISRUPTION,GROUP__7179__0048,INCIDENT,52.0,113.0,200.0,308.0,334.0,364.0,458.0
INCIDENT__239967-webtirf__7179,7179,2025-06-23 23:00:00,2025-06-23 20:00:00,2025-06-24 02:00:00,OTHER_DISRUPTION,GROUP__7179__0049,INCIDENT,133.0,75.0,61.0,62.0,40.0,47.0,55.0
INCIDENT__240425-webtirf__7179,7179,2025-06-27 23:00:00,2025-06-27 20:00:00,2025-06-28 02:00:00,ACCIDENT,GROUP__7179__0050,INCIDENT,105.0,87.0,88.0,69.0,622.0,330.0,266.0
INCIDENT__241224-webtirf__7179,7179,2025-07-03 10:00:00,2025-07-03 07:00:00,2025-07-03 13:00:00,OTHER_DISRUPTION,GROUP__7179__0051,INCIDENT,382.0,414.0,496.0,538.0,572.0,546.0,523.0
INCIDENT__241392-webtirf__7179,7179,2025-07-05 05:00:00,2025-07-05 02:00:00,2025-07-05 08:00:00,OTHER_DISRUPTION,GROUP__7179__0052,INCIDENT,29.0,29.0,50.0,94.0,159.0,167.0,210.0
INCIDENT__241459-webtirf__7179,7179,2025-07-06 10:00:00,2025-07-06 07:00:00,2025-07-06 13:00:00,OTHER_DISRUPTION,GROUP__7179__0053,INCIDENT,54.0,76.0,103.0,144.0,126.0,128.0,138.0
INCIDENT__241746-webtirf__7179,7179,2025-07-09 21:00:00,2025-07-09 18:00:00,2025-07-10 00:00:00,OTHER_DISRUPTION,GROUP__7179__0054,INCIDENT,247.0,170.0,114.0,67.0,109.0,80.0,398.0
INCIDENT__242021-webtirf__7179,7179,2025-07-12 04:00:00,2025-07-12 01:00:00,2025-07-12 07:00:00,OTHER_DISRUPTION,GROUP__7179__0055,INCIDENT,34.0,26.0,30.0,34.0,81.0,139.0,172.0
INCIDENT__242124-webtirf__7179,7179,2025-07-14 05:00:00,2025-07-14 02:00:00,2025-07-14 08:00:00,ACCIDENT,GROUP__7179__0056,INCIDENT,42.0,52.0,86.0,201.0,300.0,366.0,403.0
INCIDENT__242474-webtirf__7179,7179,2025-07-17 01:00:00,2025-07-16 22:00:00,2025-07-17 04:00:00,OTHER_DISRUPTION,GROUP__7179__0057,INCIDENT,69.0,85.0,314.0,149.0,176.0,223.0,415.0
INCIDENT__242544-webtirf__7179,7179,2025-07-17 20:00:00,2025-07-17 17:00:00,2025-07-17 23:00:00,ACCIDENT,GROUP__7179__0058,INCIDENT,2034.0,1790.0,1417.0,1250.0,1210.0,945.0,588.0
INCIDENT__242996-webtirf__7179,7179,2025-07-22 23:00:00,2025-07-22 20:00:00,2025-07-23 02:00:00,OTHER_DISRUPTION,GROUP__7179__0059,INCIDENT,1034.0,975.0,834.0,484.0,50.0,38.0,60.0
INCIDENT__243357-webtirf__7179,7179,2025-07-25 11:00:00,2025-07-25 08:00:00,2025-07-25 14:00:00,OTHER_DISRUPTION,GROUP__7179__0060,INCIDENT,403.0,435.0,424.0,496.0,490.0,491.0,471.0
INCIDENT__243960.0-webtirf__7179,7179,2025-07-31 07:00:00,2025-07-31 04:00:00,2025-07-31 10:00:00,ACCIDENT,GROUP__7179__0061,INCIDENT,415.0,841.0,1317.0,1612.0,1661.0,1372.0,1409.0
INCIDENT__244105-webtirf__7179,7179,2025-08-01 22:00:00,2025-08-01 19:00:00,2025-08-02 01:00:00,ACCIDENT,GROUP__7179__0062,INCIDENT,1348.0,1223.0,1044.0,1026.0,781.0,54.0,35.0
INCIDENT__244317-webtirf__7179,7179,2025-08-03 00:00:00,2025-08-02 21:00:00,2025-08-03 03:00:00,OTHER_DISRUPTION,GROUP__7179__0063,INCIDENT,71.0,54.0,58.0,43.0,33.0,11.0,15.0
INCIDENT__244521-webtirf__7179,7179,2025-08-04 01:00:00,2025-08-03 22:00:00,2025-08-04 04:00:00,OTHER_DISRUPTION,GROUP__7179__0064,INCIDENT,54.0,46.0,286.0,172.0,115.0,200.0,363.0
INCIDENT__244633-webtirf__7179,7179,2025-08-04 08:00:00,2025-08-04 05:00:00,2025-08-04 11:00:00,ACCIDENT,GROUP__7179__0065,INCIDENT,810.0,1254.0,1632.0,1681.0,1522.0,1301.0,1370.0
INCIDENT__245017-webtirf__7179,7179,2025-08-07 21:00:00,2025-08-07 18:00:00,2025-08-08 00:00:00,OTHER_DISRUPTION,GROUP__7179__0066,INCIDENT,1799.0,1347.0,1215.0,1116.0,920.0,528.0,52.0
INCIDENT__245069-webtirf__7179,7179,2025-08-08 03:00:00,2025-08-08 00:00:00,2025-08-08 06:00:00,OTHER_DISRUPTION,GROUP__7179__0066,INCIDENT,52.0,41.0,59.0,60.0,92.0,207.0,303.0
INCIDENT__245089-webtirf__7179,7179,2025-08-08 06:00:00,2025-08-08 03:00:00,2025-08-08 09:00:00,OTHER_DISRUPTION,GROUP__7179__0066,INCIDENT,60.0,92.0,207.0,303.0,365.0,423.0,441.0
INCIDENT__245369-webtirf__7179,7179,2025-08-11 06:00:00,2025-08-11 03:00:00,2025-08-11 09:00:00,OTHER_DISRUPTION,GROUP__7179__0067,INCIDENT,194.0,342.0,844.0,1312.0,1484.0,1597.0,1260.0
INCIDENT__245514-webtirf__7179,7179,2025-08-12 12:00:00,2025-08-12 09:00:00,2025-08-12 15:00:00,ACCIDENT,GROUP__7179__0068,INCIDENT,1528.0,1410.0,1363.0,1388.0,1559.0,1765.0,1929.0
INCIDENT__245599-webtirf__7179,7179,2025-08-13 08:00:00,2025-08-13 05:00:00,2025-08-13 11:00:00,ACCIDENT,GROUP__7179__0069,INCIDENT,865.0,1361.0,1547.0,1566.0,1489.0,1412.0,1462.0
INCIDENT__245787-webtirf__7179,7179,2025-08-14 23:00:00,2025-08-14 20:00:00,2025-08-15 02:00:00,OTHER_DISRUPTION,GROUP__7179__0070,INCIDENT,1210.0,1162.0,975.0,563.0,327.0,181.0,127.0
INCIDENT__245989-webtirf__7179,7179,2025-08-17 21:00:00,2025-08-17 18:00:00,2025-08-18 00:00:00,OTHER_DISRUPTION,GROUP__7179__0071,INCIDENT,120.0,79.0,80.0,67.0,51.0,32.0,29.0
INCIDENT__246991-webtirf__7179,7179,2025-08-23 00:00:00,2025-08-22 21:00:00,2025-08-23 03:00:00,OTHER_DISRUPTION,GROUP__7179__0072,INCIDENT,1125.0,1160.0,862.0,560.0,379.0,240.0,219.0
INCIDENT__247279-webtirf__7179,7179,2025-08-26 05:00:00,2025-08-26 02:00:00,2025-08-26 08:00:00,OTHER_DISRUPTION,GROUP__7179__0073,INCIDENT,79.0,68.0,99.0,206.0,306.0,358.0,288.0
INCIDENT__247537-webtirf__7179,7179,2025-08-28 06:00:00,2025-08-28 03:00:00,2025-08-28 09:00:00,OTHER_DISRUPTION,GROUP__7179__0074,INCIDENT,209.0,417.0,891.0,1289.0,1538.0,1601.0,1430.0
INCIDENT__247538-webtirf__7179,7179,2025-08-28 06:00:00,2025-08-28 03:00:00,2025-08-28 09:00:00,OTHER_DISRUPTION,GROUP__7179__0074,INCIDENT,209.0,417.0,891.0,1289.0,1538.0,1601.0,1430.0
INCIDENT__248567-webtirf__7179,7179,2025-09-08 06:00:00,2025-09-08 03:00:00,2025-09-08 09:00:00,OTHER_DISRUPTION,GROUP__7179__0075,INCIDENT,61.0,96.0,212.0,325.0,332.0,348.0,467.0
INCIDENT__248977-webtirf__7179,7179,2025-09-10 06:00:00,2025-09-10 03:00:00,2025-09-10 09:00:00,ACCIDENT,GROUP__7179__0076,INCIDENT,192.0,398.0,829.0,1209.0,1546.0,1602.0,1437.0
INCIDENT__249416-webtirf__7179,7179,2025-09-12 06:00:00,2025-09-12 03:00:00,2025-09-12 09:00:00,OTHER_DISRUPTION,GROUP__7179__0077,INCIDENT,200.0,388.0,885.0,1349.0,1594.0,1725.0,1362.0
INCIDENT__249440-webtirf__7179,7179,2025-09-12 11:00:00,2025-09-12 08:00:00,2025-09-12 14:00:00,OTHER_DISRUPTION,GROUP__7179__0077,INCIDENT,1725.0,1362.0,1387.0,1424.0,1461.0,1739.0,2033.0
INCIDENT__249440.0-webtirf__7179,7179,2025-09-12 11:00:00,2025-09-12 08:00:00,2025-09-12 14:00:00,OTHER_DISRUPTION,GROUP__7179__0077,INCIDENT,1725.0,1362.0,1387.0,1424.0,1461.0,1739.0,2033.0
INCIDENT__249542-webtirf__7179,7179,2025-09-14 21:00:00,2025-09-14 18:00:00,2025-09-15 00:00:00,OTHER_DISRUPTION,GROUP__7179__0078,INCIDENT,127.0,103.0,95.0,69.0,67.0,56.0,266.0
INCIDENT__251127-webtirf__7179,7179,2025-09-30 06:00:00,2025-09-30 03:00:00,2025-09-30 09:00:00,OTHER_DISRUPTION,GROUP__7179__0079,INCIDENT,217.0,398.0,917.0,1245.0,1550.0,1528.0,1450.0
INCIDENT__251254-webtirf__7179,7179,2025-10-01 06:00:00,2025-10-01 03:00:00,2025-10-01 09:00:00,ACCIDENT,GROUP__7179__0080,INCIDENT,218.0,409.0,949.0,1345.0,1513.0,1626.0,1430.0
INCIDENT__251526-webtirf__7179,7179,2025-10-03 06:00:00,2025-10-03 03:00:00,2025-10-03 09:00:00,OTHER_DISRUPTION,GROUP__7179__0081,INCIDENT,221.0,435.0,889.0,1279.0,1442.0,1504.0,1503.0
INCIDENT__252572-webtirf__7179,7179,2025-10-14 10:00:00,2025-10-14 07:00:00,2025-10-14 13:00:00,ACCIDENT,GROUP__7179__0082,INCIDENT,344.0,318.0,356.0,502.0,534.0,484.0,570.0
INCIDENT__252697-webtirf__7179,7179,2025-10-15 13:00:00,2025-10-15 10:00:00,2025-10-15 16:00:00,ACCIDENT,GROUP__7179__0083,INCIDENT,463.0,490.0,502.0,523.0,456.0,461.0,407.0
INCIDENT__252803-webtirf__7179,7179,2025-10-16 08:00:00,2025-10-16 05:00:00,2025-10-16 11:00:00,ACCIDENT,GROUP__7179__0084,INCIDENT,928.0,1255.0,1622.0,1473.0,1547.0,1316.0,1376.0
INCIDENT__253084-webtirf__7179,7179,2025-10-19 02:00:00,2025-10-18 23:00:00,2025-10-19 05:00:00,ACCIDENT,GROUP__7179__0085,INCIDENT,1206.0,926.0,589.0,416.0,297.0,229.0,289.0
INCIDENT__253734-webtirf__7179,7179,2025-10-25 03:00:00,2025-10-25 00:00:00,2025-10-25 06:00:00,OTHER_DISRUPTION,GROUP__7179__0086,INCIDENT,63.0,48.0,32.0,24.0,49.0,97.0,175.0
INCIDENT__254104-webtirf__7179,7179,2025-10-29 02:00:00,2025-10-28 23:00:00,2025-10-29 05:00:00,ACCIDENT,GROUP__7179__0087,INCIDENT,525.0,279.0,198.0,160.0,210.0,395.0,954.0
INCIDENT__254246-webtirf__7179,7179,2025-10-30 05:00:00,2025-10-30 02:00:00,2025-10-30 08:00:00,OTHER_DISRUPTION,GROUP__7179__0088,INCIDENT,147.0,219.0,411.0,933.0,1355.0,1507.0,1573.0
INCIDENT__254347-webtirf__7179,7179,2025-10-31 03:00:00,2025-10-31 00:00:00,2025-10-31 06:00:00,OTHER_DISRUPTION,GROUP__7179__0089,INCIDENT,388.0,244.0,182.0,216.0,413.0,897.0,1190.0
INCIDENT__255691-webtirf__7179,7179,2025-11-14 00:00:00,2025-11-13 21:00:00,2025-11-14 03:00:00,OTHER_DISRUPTION,GROUP__7179__0090,INCIDENT,129.0,81.0,73.0,417.0,234.0,171.0,210.0
INCIDENT__255844-webtirf__7179,7179,2025-11-15 22:00:00,2025-11-15 19:00:00,2025-11-16 01:00:00,OTHER_DISRUPTION,GROUP__7179__0091,INCIDENT,110.0,89.0,68.0,80.0,70.0,74.0,35.0
INCIDENT__256633-webtirf__7179,7179,2025-11-23 04:00:00,2025-11-23 01:00:00,2025-11-23 07:00:00,ACCIDENT,GROUP__7179__0092,INCIDENT,534.0,361.0,268.0,214.0,345.0,467.0,578.0
INCIDENT__256652-webtirf__7179,7179,2025-11-23 11:00:00,2025-11-23 08:00:00,2025-11-23 14:00:00,OTHER_DISRUPTION,GROUP__7179__0093,INCIDENT,808.0,1224.0,1571.0,1733.0,1718.0,1750.0,1778.0
INCIDENT__257591-webtirf__7179,7179,2025-11-29 06:00:00,2025-11-29 03:00:00,2025-11-29 09:00:00,OTHER_DISRUPTION,GROUP__7179__0094,INCIDENT,37.0,59.0,112.0,187.0,196.0,229.0,259.0
INCIDENT__258032-webtirf__7179,7179,2025-12-03 11:00:00,2025-12-03 08:00:00,2025-12-03 14:00:00,OTHER_DISRUPTION,GROUP__7179__0095,INCIDENT,351.0,418.0,464.0,507.0,505.0,482.0,522.0
INCIDENT__258041-webtirf__7179,7179,2025-12-03 13:00:00,2025-12-03 10:00:00,2025-12-03 16:00:00,OTHER_DISRUPTION,GROUP__7179__0095,INCIDENT,464.0,507.0,505.0,482.0,522.0,464.0,407.0
INCIDENT__258284-webtirf__7179,7179,2025-12-05 09:00:00,2025-12-05 06:00:00,2025-12-05 12:00:00,OTHER_DISRUPTION,GROUP__7179__0096,INCIDENT,1267.0,1619.0,1567.0,1522.0,1435.0,1540.0,1579.0
INCIDENT__258505-webtirf__7179,7179,2025-12-08 04:00:00,2025-12-08 01:00:00,2025-12-08 07:00:00,OTHER_DISRUPTION,GROUP__7179__0097,INCIDENT,38.0,33.0,64.0,107.0,219.0,307.0,355.0
INCIDENT__258665-webtirf__7179,7179,2025-12-09 21:00:00,2025-12-09 18:00:00,2025-12-10 00:00:00,ACCIDENT,GROUP__7179__0098,INCIDENT,1915.0,1446.0,1251.0,1313.0,1046.0,690.0,58.0
INCIDENT__258827-webtirf__7179,7179,2025-12-11 01:00:00,2025-12-10 22:00:00,2025-12-11 04:00:00,ACCIDENT,GROUP__7179__0099,INCIDENT,92.0,81.0,57.0,58.0,55.0,81.0,95.0
INCIDENT__259184-webtirf__7179,7179,2025-12-13 15:00:00,2025-12-13 12:00:00,2025-12-13 18:00:00,ACCIDENT,GROUP__7179__0100,INCIDENT,1998.0,1919.0,1973.0,2040.0,1984.0,2094.0,1877.0
INCIDENT__259224-webtirf__7179,7179,2025-12-14 12:00:00,2025-12-14 09:00:00,2025-12-14 15:00:00,ACCIDENT,GROUP__7179__0101,INCIDENT,1217.0,1466.0,1825.0,1879.0,1764.0,1790.0,1893.0
INCIDENT__259339-webtirf__7179,7179,2025-12-15 21:00:00,2025-12-15 18:00:00,2025-12-16 00:00:00,OTHER_DISRUPTION,GROUP__7179__0102,INCIDENT,280.0,179.0,125.0,115.0,97.0,58.0,55.0
INCIDENT__259383-webtirf__7179,7179,2025-12-16 05:00:00,2025-12-16 02:00:00,2025-12-16 08:00:00,OTHER_DISRUPTION,GROUP__7179__0103,INCIDENT,58.0,68.0,106.0,208.0,313.0,370.0,381.0
INCIDENT__259414-webtirf__7179,7179,2025-12-16 14:00:00,2025-12-16 11:00:00,2025-12-16 17:00:00,ACCIDENT,GROUP__7179__0104,INCIDENT,514.0,553.0,539.0,505.0,504.0,417.0,322.0
INCIDENT__259780-webtirf__7179,7179,2025-12-19 17:00:00,2025-12-19 14:00:00,2025-12-19 20:00:00,OTHER_DISRUPTION,GROUP__7179__0105,INCIDENT,429.0,450.0,358.0,272.0,250.0,213.0,125.0
INCIDENT__259780.0-webtirf__7179,7179,2025-12-19 17:00:00,2025-12-19 14:00:00,2025-12-19 20:00:00,OTHER_DISRUPTION,GROUP__7179__0105,INCIDENT,429.0,450.0,358.0,272.0,250.0,213.0,125.0
INCIDENT__260000-webtirf__7179,7179,2025-12-21 23:00:00,2025-12-21 20:00:00,2025-12-22 02:00:00,OTHER_DISRUPTION,GROUP__7179__0106,INCIDENT,105.0,81.0,82.0,56.0,436.0,242.0,166.0
INCIDENT__260000.0-webtirf__7179,7179,2025-12-21 23:00:00,2025-12-21 20:00:00,2025-12-22 02:00:00,OTHER_DISRUPTION,GROUP__7179__0106,INCIDENT,105.0,81.0,82.0,56.0,436.0,242.0,166.0
INCIDENT__260157-webtirf__7179,7179,2025-12-23 06:00:00,2025-12-23 03:00:00,2025-12-23 09:00:00,OTHER_DISRUPTION,GROUP__7179__0107,INCIDENT,63.0,98.0,187.0,297.0,361.0,382.0,433.0
INCIDENT__260470-webtirf__7179,7179,2025-12-29 08:00:00,2025-12-29 05:00:00,2025-12-29 11:00:00,OTHER_DISRUPTION,GROUP__7179__0108,INCIDENT,489.0,746.0,833.0,1029.0,1148.0,1391.0,1430.0
INCIDENT__260470.0-webtirf__7179,7179,2025-12-29 08:00:00,2025-12-29 05:00:00,2025-12-29 11:00:00,OTHER_DISRUPTION,GROUP__7179__0108,INCIDENT,489.0,746.0,833.0,1029.0,1148.0,1391.0,1430.0
INCIDENT__219914-webtirf__7184,7184,2025-01-08 04:00:00,2025-01-08 01:00:00,2025-01-08 07:00:00,OTHER_DISRUPTION,GROUP__7184__0001,INCIDENT,81.0,63.0,84.0,0.0,0.0,0.0,0.0
INCIDENT__219943-webtirf__7184,7184,2025-01-08 12:00:00,2025-01-08 09:00:00,2025-01-08 15:00:00,OTHER_DISRUPTION,GROUP__7184__0002,INCIDENT,0.0,0.0,2009.0,1914.0,1839.0,1922.0,2050.0
INCIDENT__220181-webtirf__7184,7184,2025-01-10 13:00:00,2025-01-10 10:00:00,2025-01-10 16:00:00,OTHER_DISRUPTION,GROUP__7184__0003,INCIDENT,218.0,224.0,249.0,259.0,265.0,234.0,217.0
INCIDENT__220188-webtirf__7184,7184,2025-01-10 15:00:00,2025-01-10 12:00:00,2025-01-10 18:00:00,OTHER_DISRUPTION,GROUP__7184__0003,INCIDENT,249.0,259.0,265.0,234.0,217.0,0.0,0.0
INCIDENT__220763-webtirf__7184,7184,2025-01-15 23:00:00,2025-01-15 20:00:00,2025-01-16 02:00:00,OTHER_DISRUPTION,GROUP__7184__0004,INCIDENT,0.0,0.0,0.0,0.0,4.0,3.0,0.0
INCIDENT__220800.0-webtirf__7184,7184,2025-01-16 03:00:00,2025-01-16 00:00:00,2025-01-16 06:00:00,OTHER_DISRUPTION,GROUP__7184__0004,INCIDENT,4.0,3.0,0.0,0.0,5.0,26.0,122.0
INCIDENT__221949-webtirf__7184,7184,2025-01-27 04:00:00,2025-01-27 01:00:00,2025-01-27 07:00:00,OTHER_DISRUPTION,GROUP__7184__0005,INCIDENT,13.0,11.0,12.0,25.0,16.0,38.0,72.0
INCIDENT__223110.0-webtirf__7184,7184,2025-02-07 02:00:00,2025-02-06 23:00:00,2025-02-07 05:00:00,OTHER_DISRUPTION,GROUP__7184__0006,INCIDENT,0.0,0.0,0.0,0.0,0.0,0.0,0.0
INCIDENT__223424-webtirf__7184,7184,2025-02-10 03:00:00,2025-02-10 00:00:00,2025-02-10 06:00:00,OTHER_DISRUPTION,GROUP__7184__0007,INCIDENT,0.0,0.0,0.0,0.0,0.0,0.0,0.0
INCIDENT__223640.0-webtirf__7184,7184,2025-02-12 05:00:00,2025-02-12 02:00:00,2025-02-12 08:00:00,ACCIDENT,GROUP__7184__0008,INCIDENT,0.0,0.0,0.0,0.0,0.0,0.0,0.0
INCIDENT__224259-webtirf__7184,7184,2025-02-18 03:00:00,2025-02-18 00:00:00,2025-02-18 06:00:00,OTHER_DISRUPTION,GROUP__7184__0009,INCIDENT,0.0,0.0,0.0,0.0,0.0,0.0,0.0
INCIDENT__224346-webtirf__7184,7184,2025-02-19 00:00:00,2025-02-18 21:00:00,2025-02-19 03:00:00,OTHER_DISRUPTION,GROUP__7184__0010,INCIDENT,0.0,0.0,0.0,0.0,0.0,0.0,0.0
INCIDENT__224428-webtirf__7184,7184,2025-02-19 08:00:00,2025-02-19 05:00:00,2025-02-19 11:00:00,OTHER_DISRUPTION,GROUP__7184__0011,INCIDENT,0.0,0.0,0.0,0.0,0.0,0.0,0.0
INCIDENT__224622-webtirf__7184,7184,2025-02-21 04:00:00,2025-02-21 01:00:00,2025-02-21 07:00:00,OTHER_DISRUPTION,GROUP__7184__0012,INCIDENT,0.0,0.0,0.0,0.0,0.0,0.0,0.0
INCIDENT__227085-webtirf__7184,7184,2025-03-11 07:00:00,2025-03-11 04:00:00,2025-03-11 10:00:00,ACCIDENT,GROUP__7184__0013,INCIDENT,0.0,0.0,0.0,0.0,0.0,0.0,0.0
INCIDENT__227403-webtirf__7184,7184,2025-03-13 11:00:00,2025-03-13 08:00:00,2025-03-13 14:00:00,OTHER_DISRUPTION,GROUP__7184__0014,INCIDENT,193.0,275.0,260.0,339.0,339.0,323.0,312.0
INCIDENT__228300.0-webtirf__7184,7184,2025-03-21 08:00:00,2025-03-21 05:00:00,2025-03-21 11:00:00,ACCIDENT,GROUP__7184__0015,INCIDENT,140.0,278.0,211.0,218.0,259.0,307.0,293.0
INCIDENT__230775-webtirf__7184,7184,2025-04-08 22:00:00,2025-04-08 19:00:00,2025-04-09 01:00:00,OTHER_DISRUPTION,GROUP__7184__0016,INCIDENT,1150.0,869.0,667.0,457.0,218.0,30.0,33.0
INCIDENT__232015-webtirf__7184,7184,2025-04-21 02:00:00,2025-04-20 23:00:00,2025-04-21 05:00:00,OTHER_DISRUPTION,GROUP__7184__0017,INCIDENT,326.0,10.0,8.0,9.0,9.0,17.0,22.0
INCIDENT__234438-webtirf__7184,7184,2025-05-13 04:00:00,2025-05-13 01:00:00,2025-05-13 07:00:00,OTHER_DISRUPTION,GROUP__7184__0018,INCIDENT,61.0,58.0,98.0,214.0,852.0,2050.0,2900.0
INCIDENT__237584-webtirf__7184,7184,2025-06-01 04:00:00,2025-06-01 01:00:00,2025-06-01 07:00:00,ACCIDENT,GROUP__7184__0019,INCIDENT,205.0,142.0,120.0,147.0,211.0,533.0,851.0
INCIDENT__239024-webtirf__7184,7184,2025-06-14 06:00:00,2025-06-14 03:00:00,2025-06-14 09:00:00,ACCIDENT,GROUP__7184__0020,INCIDENT,13.0,16.0,38.0,75.0,147.0,95.0,159.0
INCIDENT__239756-webtirf__7184,7184,2025-06-21 07:00:00,2025-06-21 04:00:00,2025-06-21 10:00:00,ACCIDENT,GROUP__7184__0021,INCIDENT,135.0,360.0,742.0,1411.0,2006.0,2771.0,3112.0
INCIDENT__240235-webtirf__7184,7184,2025-06-25 23:00:00,2025-06-25 20:00:00,2025-06-26 02:00:00,OTHER_DISRUPTION,GROUP__7184__0022,INCIDENT,60.0,51.0,50.0,41.0,137.0,80.0,66.0
INCIDENT__243899-webtirf__7184,7184,2025-07-31 00:00:00,2025-07-30 21:00:00,2025-07-31 03:00:00,ACCIDENT,GROUP__7184__0023,INCIDENT,32.0,25.0,17.0,123.0,69.0,94.0,89.0
INCIDENT__244636-webtirf__7184,7184,2025-08-04 09:00:00,2025-08-04 06:00:00,2025-08-04 12:00:00,OTHER_DISRUPTION,GROUP__7184__0024,INCIDENT,1838.0,2854.0,2678.0,2305.0,2115.0,2001.0,1829.0
INCIDENT__245327-webtirf__7184,7184,2025-08-11 01:00:00,2025-08-10 22:00:00,2025-08-11 04:00:00,OTHER_DISRUPTION,GROUP__7184__0025,INCIDENT,23.0,22.0,22.0,21.0,28.0,33.0,43.0
INCIDENT__247011-webtirf__7184,7184,2025-08-23 07:00:00,2025-08-23 04:00:00,2025-08-23 10:00:00,ACCIDENT,GROUP__7184__0026,INCIDENT,142.0,371.0,672.0,1490.0,1969.0,2628.0,2921.0
INCIDENT__248213-webtirf__7184,7184,2025-09-04 19:00:00,2025-09-04 16:00:00,2025-09-04 22:00:00,OTHER_DISRUPTION,GROUP__7184__0027,INCIDENT,270.0,203.0,117.0,79.0,58.0,43.0,47.0
INCIDENT__248231-webtirf__7184,7184,2025-09-04 23:00:00,2025-09-04 20:00:00,2025-09-05 02:00:00,OTHER_DISRUPTION,GROUP__7184__0027,INCIDENT,58.0,43.0,47.0,34.0,33.0,33.0,32.0
INCIDENT__249267-webtirf__7184,7184,2025-09-11 20:00:00,2025-09-11 17:00:00,2025-09-11 23:00:00,OTHER_DISRUPTION,GROUP__7184__0028,INCIDENT,2384.0,1838.0,1303.0,879.0,748.0,578.0,300.0
INCIDENT__250318-webtirf__7184,7184,2025-09-22 11:00:00,2025-09-22 08:00:00,2025-09-22 14:00:00,OTHER_DISRUPTION,GROUP__7184__0029,INCIDENT,205.0,271.0,310.0,303.0,308.0,303.0,326.0
INCIDENT__250981-webtirf__7184,7184,2025-09-29 01:00:00,2025-09-28 22:00:00,2025-09-29 04:00:00,OTHER_DISRUPTION,GROUP__7184__0030,INCIDENT,515.0,261.0,166.0,85.0,66.0,98.0,246.0
INCIDENT__254124-webtirf__7184,7184,2025-10-29 05:00:00,2025-10-29 02:00:00,2025-10-29 08:00:00,OTHER_DISRUPTION,GROUP__7184__0031,INCIDENT,29.0,40.0,60.0,119.0,290.0,194.0,230.0
INCIDENT__254247-webtirf__7184,7184,2025-10-30 05:00:00,2025-10-30 02:00:00,2025-10-30 08:00:00,OTHER_DISRUPTION,GROUP__7184__0032,INCIDENT,66.0,90.0,243.0,838.0,1931.0,3118.0,2830.0
INCIDENT__254407-webtirf__7184,7184,2025-10-31 09:00:00,2025-10-31 06:00:00,2025-10-31 12:00:00,ACCIDENT,GROUP__7184__0033,INCIDENT,299.0,245.0,253.0,290.0,314.0,330.0,325.0
INCIDENT__254469-webtirf__7184,7184,2025-11-01 04:00:00,2025-11-01 01:00:00,2025-11-01 07:00:00,OTHER_DISRUPTION,GROUP__7184__0034,INCIDENT,227.0,145.0,139.0,180.0,396.0,889.0,1612.0
INCIDENT__254633-webtirf__7184,7184,2025-11-03 08:00:00,2025-11-03 05:00:00,2025-11-03 11:00:00,OTHER_DISRUPTION,GROUP__7184__0035,INCIDENT,116.0,289.0,200.0,244.0,247.0,313.0,321.0
INCIDENT__255268-webtirf__7184,7184,2025-11-10 05:00:00,2025-11-10 02:00:00,2025-11-10 08:00:00,OTHER_DISRUPTION,GROUP__7184__0036,INCIDENT,31.0,27.0,54.0,140.0,252.0,220.0,238.0
INCIDENT__258007-webtirf__7184,7184,2025-12-03 05:00:00,2025-12-03 02:00:00,2025-12-03 08:00:00,ACCIDENT,GROUP__7184__0037,INCIDENT,75.0,117.0,214.0,856.0,1892.0,2505.0,2188.0
INCIDENT__258139-webtirf__7184,7184,2025-12-04 07:00:00,2025-12-04 04:00:00,2025-12-04 10:00:00,ACCIDENT,GROUP__7184__0038,INCIDENT,64.0,135.0,293.0,239.0,228.0,268.0,312.0
INCIDENT__259200-webtirf__7184,7184,2025-12-14 03:00:00,2025-12-14 00:00:00,2025-12-14 06:00:00,ACCIDENT,GROUP__7184__0039,INCIDENT,22.0,22.0,8.0,15.0,14.0,26.0,38.0
INCIDENT__259200.0-webtirf__7184,7184,2025-12-14 03:00:00,2025-12-14 00:00:00,2025-12-14 06:00:00,ACCIDENT,GROUP__7184__0039,INCIDENT,22.0,22.0,8.0,15.0,14.0,26.0,38.0
INCIDENT__259820-webtirf__7184,7184,2025-12-20 01:00:00,2025-12-19 22:00:00,2025-12-20 04:00:00,OTHER_DISRUPTION,GROUP__7184__0040,INCIDENT,38.0,21.0,331.0,225.0,164.0,154.0,163.0
INCIDENT__259820.0-webtirf__7184,7184,2025-12-20 01:00:00,2025-12-19 22:00:00,2025-12-20 04:00:00,OTHER_DISRUPTION,GROUP__7184__0040,INCIDENT,38.0,21.0,331.0,225.0,164.0,154.0,163.0
INCIDENT__260090-webtirf__7184,7184,2025-12-22 22:00:00,2025-12-22 19:00:00,2025-12-23 01:00:00,OTHER_DISRUPTION,GROUP__7184__0041,INCIDENT,1207.0,941.0,0.0,610.0,332.0,25.0,29.0
INCIDENT__260090.0-webtirf__7184,7184,2025-12-22 22:00:00,2025-12-22 19:00:00,2025-12-23 01:00:00,OTHER_DISRUPTION,GROUP__7184__0041,INCIDENT,1207.0,941.0,0.0,610.0,332.0,25.0,29.0
INCIDENT__260182-webtirf__7184,7184,2025-12-23 20:00:00,2025-12-23 17:00:00,2025-12-23 23:00:00,OTHER_DISRUPTION,GROUP__7184__0042,INCIDENT,191.0,133.0,100.0,62.0,54.0,35.0,36.0
INCIDENT__260488-webtirf__7184,7184,2025-12-29 22:00:00,2025-12-29 19:00:00,2025-12-30 01:00:00,OTHER_DISRUPTION,GROUP__7184__0043,INCIDENT,66.0,62.0,42.0,29.0,18.0,27.0,26.0
INCIDENT__235904-webtirf__72027,72027,2025-05-21 22:00:00,2025-05-21 19:00:00,2025-05-22 01:00:00,OTHER_DISRUPTION,GROUP__72027__0001,INCIDENT,745.0,588.0,437.0,230.0,109.0,60.0,38.0
INCIDENT__237253-webtirf__72027,72027,2025-05-28 20:00:00,2025-05-28 17:00:00,2025-05-28 23:00:00,OTHER_DISRUPTION,GROUP__72027__0002,INCIDENT,116.0,58.0,36.0,21.0,17.0,11.0,7.0
INCIDENT__248425-webtirf__72027,72027,2025-09-07 01:00:00,2025-09-06 22:00:00,2025-09-07 04:00:00,ACCIDENT,GROUP__72027__0003,INCIDENT,462.0,328.0,155.0,67.0,49.0,47.0,50.0
INCIDENT__251621-webtirf__72027,72027,2025-10-05 04:00:00,2025-10-05 01:00:00,2025-10-05 07:00:00,OTHER_DISRUPTION,GROUP__72027__0004,INCIDENT,143.0,0.0,87.0,48.0,59.0,167.0,298.0
INCIDENT__219663-webtirf__7248,7248,2025-01-06 02:00:00,2025-01-05 23:00:00,2025-01-06 05:00:00,OTHER_DISRUPTION,GROUP__7248__0001,INCIDENT,296.0,71.0,42.0,52.0,54.0,97.0,204.0
INCIDENT__219833-webtirf__7248,7248,2025-01-07 07:00:00,2025-01-07 04:00:00,2025-01-07 10:00:00,OTHER_DISRUPTION,GROUP__7248__0002,INCIDENT,108.0,176.0,300.0,242.0,202.0,208.0,207.0
INCIDENT__220664-webtirf__7248,7248,2025-01-15 08:00:00,2025-01-15 05:00:00,2025-01-15 11:00:00,ACCIDENT,GROUP__7248__0003,INCIDENT,1100.0,1254.0,1383.0,1336.0,1072.0,1044.0,952.0
INCIDENT__221362-webtirf__7248,7248,2025-01-20 02:00:00,2025-01-19 23:00:00,2025-01-20 05:00:00,OTHER_DISRUPTION,GROUP__7248__0004,INCIDENT,221.0,46.0,50.0,58.0,61.0,123.0,224.0
INCIDENT__221798-webtirf__7248,7248,2025-01-24 04:00:00,2025-01-24 01:00:00,2025-01-24 07:00:00,OTHER_DISRUPTION,GROUP__7248__0005,INCIDENT,106.0,98.0,120.0,254.0,733.0,723.0,871.0
INCIDENT__222186-webtirf__7248,7248,2025-01-29 00:00:00,2025-01-28 21:00:00,2025-01-29 03:00:00,OTHER_DISRUPTION,GROUP__7248__0006,INCIDENT,579.0,455.0,273.0,51.0,58.0,60.0,78.0
INCIDENT__222580.0-webtirf__7248,7248,2025-02-01 23:00:00,2025-02-01 20:00:00,2025-02-02 02:00:00,OTHER_DISRUPTION,GROUP__7248__0007,INCIDENT,0.0,0.0,0.0,0.0,0.0,0.0,0.0
INCIDENT__222597-webtirf__7248,7248,2025-02-02 03:00:00,2025-02-02 00:00:00,2025-02-02 06:00:00,ACCIDENT,GROUP__7248__0007,INCIDENT,0.0,0.0,0.0,0.0,0.0,0.0,0.0
INCIDENT__223046-webtirf__7248,7248,2025-02-06 08:00:00,2025-02-06 05:00:00,2025-02-06 11:00:00,ACCIDENT,GROUP__7248__0008,INCIDENT,0.0,0.0,0.0,0.0,0.0,0.0,0.0
INCIDENT__225498-webtirf__7248,7248,2025-03-03 03:00:00,2025-03-03 00:00:00,2025-03-03 06:00:00,OTHER_DISRUPTION,GROUP__7248__0009,INCIDENT,65.0,54.0,65.0,83.0,135.0,232.0,322.0
INCIDENT__227511-webtirf__7248,7248,2025-03-14 07:00:00,2025-03-14 04:00:00,2025-03-14 10:00:00,OTHER_DISRUPTION,GROUP__7248__0010,INCIDENT,134.0,268.0,299.0,196.0,200.0,269.0,237.0
INCIDENT__228202-webtirf__7248,7248,2025-03-21 01:00:00,2025-03-20 22:00:00,2025-03-21 04:00:00,OTHER_DISRUPTION,GROUP__7248__0011,INCIDENT,561.0,355.0,242.0,144.0,120.0,153.0,382.0
INCIDENT__228310.0-webtirf__7248,7248,2025-03-21 17:00:00,2025-03-21 14:00:00,2025-03-21 20:00:00,ACCIDENT,GROUP__7248__0012,INCIDENT,978.0,874.0,900.0,968.0,1054.0,913.0,788.0
INCIDENT__228351-webtirf__7248,7248,2025-03-22 04:00:00,2025-03-22 01:00:00,2025-03-22 07:00:00,OTHER_DISRUPTION,GROUP__7248__0013,INCIDENT,157.0,151.0,124.0,200.0,507.0,727.0,733.0
INCIDENT__230100.0-webtirf__7248,7248,2025-04-02 18:00:00,2025-04-02 15:00:00,2025-04-02 21:00:00,OTHER_DISRUPTION,GROUP__7248__0014,INCIDENT,153.0,165.0,156.0,126.0,84.0,86.0,76.0
INCIDENT__231910.0-webtirf__7248,7248,2025-04-19 01:00:00,2025-04-18 22:00:00,2025-04-19 04:00:00,ACCIDENT,GROUP__7248__0015,INCIDENT,45.0,43.0,35.0,21.0,29.0,32.0,37.0
INCIDENT__233560.0-webtirf__7248,7248,2025-05-05 04:00:00,2025-05-05 01:00:00,2025-05-05 07:00:00,ACCIDENT,GROUP__7248__0016,INCIDENT,0.0,0.0,0.0,0.0,0.0,0.0,0.0
INCIDENT__233804-webtirf__7248,7248,2025-05-07 01:00:00,2025-05-06 22:00:00,2025-05-07 04:00:00,OTHER_DISRUPTION,GROUP__7248__0017,INCIDENT,0.0,0.0,126.0,112.0,109.0,159.0,414.0
INCIDENT__234493-webtirf__7248,7248,2025-05-13 22:00:00,2025-05-13 19:00:00,2025-05-14 01:00:00,OTHER_DISRUPTION,GROUP__7248__0018,INCIDENT,0.0,0.0,0.0,0.0,0.0,48.0,53.0
INCIDENT__235657-webtirf__7248,7248,2025-05-21 01:00:00,2025-05-20 22:00:00,2025-05-21 04:00:00,OTHER_DISRUPTION,GROUP__7248__0019,INCIDENT,426.0,224.0,45.0,58.0,45.0,77.0,121.0
INCIDENT__237648-webtirf__7248,7248,2025-06-02 00:00:00,2025-06-01 21:00:00,2025-06-02 03:00:00,OTHER_DISRUPTION,GROUP__7248__0020,INCIDENT,540.0,471.0,287.0,60.0,50.0,39.0,57.0
INCIDENT__238010.0-webtirf__7248,7248,2025-06-04 05:00:00,2025-06-04 02:00:00,2025-06-04 08:00:00,OTHER_DISRUPTION,GROUP__7248__0021,INCIDENT,111.0,137.0,406.0,1248.0,1283.0,1409.0,1193.0
INCIDENT__239178-webtirf__7248,7248,2025-06-16 05:00:00,2025-06-16 02:00:00,2025-06-16 08:00:00,OTHER_DISRUPTION,GROUP__7248__0022,INCIDENT,80.0,143.0,355.0,1183.0,1204.0,1319.0,1257.0
INCIDENT__239939-webtirf__7248,7248,2025-06-23 21:00:00,2025-06-23 18:00:00,2025-06-24 00:00:00,OTHER_DISRUPTION,GROUP__7248__0023,INCIDENT,99.0,78.0,85.0,64.0,76.0,51.0,114.0
INCIDENT__240509-webtirf__7248,7248,2025-06-29 09:00:00,2025-06-29 06:00:00,2025-06-29 12:00:00,OTHER_DISRUPTION,GROUP__7248__0024,INCIDENT,57.0,68.0,65.0,81.0,86.0,87.0,94.0
INCIDENT__241363-webtirf__7248,7248,2025-07-05 00:00:00,2025-07-04 21:00:00,2025-07-05 03:00:00,ACCIDENT,GROUP__7248__0025,INCIDENT,0.0,0.0,0.0,193.0,133.0,90.0,116.0
INCIDENT__241603-webtirf__7248,7248,2025-07-08 04:00:00,2025-07-08 01:00:00,2025-07-08 07:00:00,OTHER_DISRUPTION,GROUP__7248__0026,INCIDENT,77.0,97.0,135.0,350.0,1111.0,1308.0,1320.0
INCIDENT__242744-webtirf__7248,7248,2025-07-20 01:00:00,2025-07-19 22:00:00,2025-07-20 04:00:00,ACCIDENT,GROUP__7248__0027,INCIDENT,0.0,0.0,0.0,0.0,0.0,0.0,0.0
INCIDENT__243714-webtirf__7248,7248,2025-07-29 22:00:00,2025-07-29 19:00:00,2025-07-30 01:00:00,ACCIDENT,GROUP__7248__0028,INCIDENT,84.0,83.0,84.0,60.0,61.0,54.0,58.0
INCIDENT__243769-webtirf__7248,7248,2025-07-30 04:00:00,2025-07-30 01:00:00,2025-07-30 07:00:00,OTHER_DISRUPTION,GROUP__7248__0028,INCIDENT,58.0,61.0,87.0,123.0,264.0,296.0,194.0
INCIDENT__244058-webtirf__7248,7248,2025-08-01 06:00:00,2025-08-01 03:00:00,2025-08-01 09:00:00,OTHER_DISRUPTION,GROUP__7248__0029,INCIDENT,136.0,332.0,1076.0,1129.0,1158.0,1346.0,1087.0
INCIDENT__244874-webtirf__7248,7248,2025-08-06 20:00:00,2025-08-06 17:00:00,2025-08-06 23:00:00,ACCIDENT,GROUP__7248__0030,INCIDENT,111.0,135.0,113.0,90.0,72.0,56.0,53.0
INCIDENT__245274-webtirf__7248,7248,2025-08-10 19:00:00,2025-08-10 16:00:00,2025-08-10 22:00:00,ACCIDENT,GROUP__7248__0031,INCIDENT,1163.0,1079.0,933.0,797.0,668.0,647.0,456.0
INCIDENT__245678-webtirf__7248,7248,2025-08-14 04:00:00,2025-08-14 01:00:00,2025-08-14 07:00:00,ACCIDENT,GROUP__7248__0032,INCIDENT,118.0,93.0,120.0,375.0,1117.0,1343.0,1432.0
INCIDENT__246744-webtirf__7248,7248,2025-08-21 06:00:00,2025-08-21 03:00:00,2025-08-21 09:00:00,OTHER_DISRUPTION,GROUP__7248__0033,INCIDENT,0.0,0.0,0.0,0.0,0.0,0.0,0.0
INCIDENT__247050.0-webtirf__7248,7248,2025-08-24 02:00:00,2025-08-23 23:00:00,2025-08-24 05:00:00,OTHER_DISRUPTION,GROUP__7248__0034,INCIDENT,47.0,356.0,163.0,130.0,116.0,103.0,224.0
INCIDENT__248468-webtirf__7248,7248,2025-09-07 08:00:00,2025-09-07 05:00:00,2025-09-07 11:00:00,OTHER_DISRUPTION,GROUP__7248__0035,INCIDENT,36.0,50.0,50.0,66.0,69.0,76.0,74.0
INCIDENT__251403-webtirf__7248,7248,2025-10-02 07:00:00,2025-10-02 04:00:00,2025-10-02 10:00:00,OTHER_DISRUPTION,GROUP__7248__0036,INCIDENT,350.0,1198.0,1211.0,1194.0,1217.0,1072.0,947.0
INCIDENT__252330-webtirf__7248,7248,2025-10-12 05:00:00,2025-10-12 02:00:00,2025-10-12 08:00:00,ACCIDENT,GROUP__7248__0037,INCIDENT,136.0,114.0,111.0,239.0,323.0,472.0,686.0
INCIDENT__252330.0-webtirf__7248,7248,2025-10-12 05:00:00,2025-10-12 02:00:00,2025-10-12 08:00:00,ACCIDENT,GROUP__7248__0037,INCIDENT,136.0,114.0,111.0,239.0,323.0,472.0,686.0
INCIDENT__252504-webtirf__7248,7248,2025-10-14 01:00:00,2025-10-13 22:00:00,2025-10-14 04:00:00,OTHER_DISRUPTION,GROUP__7248__0038,INCIDENT,379.0,207.0,0.0,0.0,1.0,0.0,0.0
INCIDENT__252649-webtirf__7248,7248,2025-10-15 04:00:00,2025-10-15 01:00:00,2025-10-15 07:00:00,OTHER_DISRUPTION,GROUP__7248__0039,INCIDENT,0.0,0.0,0.0,0.0,0.0,0.0,0.0
INCIDENT__253151-webtirf__7248,7248,2025-10-19 23:00:00,2025-10-19 20:00:00,2025-10-20 02:00:00,OTHER_DISRUPTION,GROUP__7248__0040,INCIDENT,70.0,69.0,66.0,62.0,72.0,56.0,37.0
INCIDENT__255034-webtirf__7248,7248,2025-11-07 05:00:00,2025-11-07 02:00:00,2025-11-07 08:00:00,OTHER_DISRUPTION,GROUP__7248__0041,INCIDENT,70.0,86.0,151.0,252.0,321.0,213.0,215.0
INCIDENT__257614-webtirf__7248,7248,2025-11-29 17:00:00,2025-11-29 14:00:00,2025-11-29 20:00:00,ACCIDENT,GROUP__7248__0042,INCIDENT,79.0,104.0,100.0,118.0,107.0,81.0,69.0
INCIDENT__258484-webtirf__7248,7248,2025-12-08 02:00:00,2025-12-07 23:00:00,2025-12-08 05:00:00,OTHER_DISRUPTION,GROUP__7248__0043,INCIDENT,343.0,218.0,147.0,105.0,135.0,417.0,1182.0
INCIDENT__258534-webtirf__7248,7248,2025-12-08 11:00:00,2025-12-08 08:00:00,2025-12-08 14:00:00,OTHER_DISRUPTION,GROUP__7248__0044,INCIDENT,1238.0,1038.0,969.0,926.0,914.0,887.0,802.0
INCIDENT__259858-webtirf__7248,7248,2025-12-20 18:00:00,2025-12-20 15:00:00,2025-12-20 21:00:00,ACCIDENT,GROUP__7248__0045,INCIDENT,1060.0,712.0,1197.0,1204.0,854.0,848.0,896.0
INCIDENT__260043-webtirf__7248,7248,2025-12-22 04:00:00,2025-12-22 01:00:00,2025-12-22 07:00:00,ACCIDENT,GROUP__7248__0046,INCIDENT,138.0,98.0,144.0,333.0,838.0,1036.0,1096.0
INCIDENT__260299-webtirf__7248,7248,2025-12-25 16:00:00,2025-12-25 13:00:00,2025-12-25 19:00:00,ACCIDENT,GROUP__7248__0047,INCIDENT,25.0,15.0,18.0,35.0,26.0,22.0,24.0
INCIDENT__260336-webtirf__7248,7248,2025-12-26 12:00:00,2025-12-26 09:00:00,2025-12-26 15:00:00,OTHER_DISRUPTION,GROUP__7248__0048,INCIDENT,36.0,42.0,38.0,49.0,40.0,30.0,29.0
INCIDENT__219979-webtirf__7251,7251,2025-01-08 23:00:00,2025-01-08 20:00:00,2025-01-09 02:00:00,OTHER_DISRUPTION,GROUP__7251__0001,INCIDENT,35.0,47.0,27.0,18.0,21.0,16.0,15.0
INCIDENT__220679-webtirf__7251,7251,2025-01-15 10:00:00,2025-01-15 07:00:00,2025-01-15 13:00:00,OTHER_DISRUPTION,GROUP__7251__0002,INCIDENT,668.0,749.0,688.0,716.0,736.0,809.0,882.0
INCIDENT__221180.0-webtirf__7251,7251,2025-01-18 01:00:00,2025-01-17 22:00:00,2025-01-18 04:00:00,OTHER_DISRUPTION,GROUP__7251__0003,INCIDENT,0.0,0.0,0.0,0.0,0.0,0.0,0.0
INCIDENT__221466-webtirf__7251,7251,2025-01-21 02:00:00,2025-01-20 23:00:00,2025-01-21 05:00:00,OTHER_DISRUPTION,GROUP__7251__0004,INCIDENT,0.0,0.0,0.0,0.0,0.0,0.0,0.0
INCIDENT__222684-webtirf__7251,7251,2025-02-03 04:00:00,2025-02-03 01:00:00,2025-02-03 07:00:00,OTHER_DISRUPTION,GROUP__7251__0005,INCIDENT,0.0,0.0,0.0,0.0,0.0,0.0,0.0
INCIDENT__222835-webtirf__7251,7251,2025-02-04 21:00:00,2025-02-04 18:00:00,2025-02-05 00:00:00,OTHER_DISRUPTION,GROUP__7251__0006,INCIDENT,0.0,0.0,0.0,0.0,0.0,0.0,0.0
INCIDENT__222901-webtirf__7251,7251,2025-02-05 04:00:00,2025-02-05 01:00:00,2025-02-05 07:00:00,OTHER_DISRUPTION,GROUP__7251__0007,INCIDENT,0.0,0.0,0.0,0.0,0.0,0.0,0.0
INCIDENT__223086-webtirf__7251,7251,2025-02-06 23:00:00,2025-02-06 20:00:00,2025-02-07 02:00:00,OTHER_DISRUPTION,GROUP__7251__0008,INCIDENT,0.0,0.0,0.0,0.0,0.0,0.0,0.0
INCIDENT__225080.0-webtirf__7251,7251,2025-02-26 05:00:00,2025-02-26 02:00:00,2025-02-26 08:00:00,OTHER_DISRUPTION,GROUP__7251__0009,INCIDENT,0.0,0.0,0.0,0.0,0.0,0.0,0.0
INCIDENT__228405-webtirf__7251,7251,2025-03-23 03:00:00,2025-03-23 00:00:00,2025-03-23 06:00:00,ACCIDENT,GROUP__7251__0010,INCIDENT,0.0,0.0,0.0,0.0,0.0,0.0,0.0
INCIDENT__230732-webtirf__7251,7251,2025-04-08 08:00:00,2025-04-08 05:00:00,2025-04-08 11:00:00,ACCIDENT,GROUP__7251__0011,INCIDENT,69.0,103.0,134.0,134.0,157.0,163.0,181.0
INCIDENT__230959-webtirf__7251,7251,2025-04-10 04:00:00,2025-04-10 01:00:00,2025-04-10 07:00:00,OTHER_DISRUPTION,GROUP__7251__0012,INCIDENT,10.0,22.0,21.0,43.0,47.0,88.0,157.0
INCIDENT__232807-webtirf__7251,7251,2025-04-28 03:00:00,2025-04-28 00:00:00,2025-04-28 06:00:00,OTHER_DISRUPTION,GROUP__7251__0013,INCIDENT,18.0,10.0,19.0,14.0,35.0,46.0,79.0
INCIDENT__233470.0-webtirf__7251,7251,2025-05-04 02:00:00,2025-05-03 23:00:00,2025-05-04 05:00:00,OTHER_DISRUPTION,GROUP__7251__0014,INCIDENT,817.0,594.0,405.0,393.0,283.0,216.0,159.0
INCIDENT__235732-webtirf__7251,7251,2025-05-21 04:00:00,2025-05-21 01:00:00,2025-05-21 07:00:00,OTHER_DISRUPTION,GROUP__7251__0015,INCIDENT,170.0,122.0,105.0,110.0,219.0,414.0,845.0
INCIDENT__240275-webtirf__7251,7251,2025-06-26 04:00:00,2025-06-26 01:00:00,2025-06-26 07:00:00,OTHER_DISRUPTION,GROUP__7251__0016,INCIDENT,219.0,147.0,102.0,119.0,190.0,405.0,721.0
INCIDENT__240466-webtirf__7251,7251,2025-06-28 22:00:00,2025-06-28 19:00:00,2025-06-29 01:00:00,ACCIDENT,GROUP__7251__0017,INCIDENT,793.0,749.0,828.0,928.0,848.0,614.0,422.0
INCIDENT__241078-webtirf__7251,7251,2025-07-02 05:00:00,2025-07-02 02:00:00,2025-07-02 08:00:00,OTHER_DISRUPTION,GROUP__7251__0018,INCIDENT,50.0,73.0,47.0,57.0,86.0,120.0,0.0
INCIDENT__241993-webtirf__7251,7251,2025-07-11 15:00:00,2025-07-11 12:00:00,2025-07-11 18:00:00,OTHER_DISRUPTION,GROUP__7251__0019,INCIDENT,139.0,174.0,173.0,163.0,144.0,134.0,73.0
INCIDENT__243360.0-webtirf__7251,7251,2025-07-25 12:00:00,2025-07-25 09:00:00,2025-07-25 15:00:00,OTHER_DISRUPTION,GROUP__7251__0020,INCIDENT,707.0,719.0,810.0,848.0,861.0,1023.0,1213.0
INCIDENT__243408-webtirf__7251,7251,2025-07-26 00:00:00,2025-07-25 21:00:00,2025-07-26 03:00:00,OTHER_DISRUPTION,GROUP__7251__0021,INCIDENT,850.0,869.0,699.0,522.0,414.0,287.0,234.0
INCIDENT__244920.0-webtirf__7251,7251,2025-08-07 02:00:00,2025-08-06 23:00:00,2025-08-07 05:00:00,OTHER_DISRUPTION,GROUP__7251__0022,INCIDENT,918.0,465.0,244.0,230.0,186.0,244.0,195.0
INCIDENT__248017-webtirf__7251,7251,2025-09-02 11:00:00,2025-09-02 08:00:00,2025-09-02 14:00:00,ACCIDENT,GROUP__7251__0023,INCIDENT,138.0,166.0,169.0,184.0,150.0,161.0,189.0
INCIDENT__249142-webtirf__7251,7251,2025-09-11 00:00:00,2025-09-10 21:00:00,2025-09-11 03:00:00,OTHER_DISRUPTION,GROUP__7251__0024,INCIDENT,686.0,594.0,483.0,22.0,10.0,22.0,21.0
INCIDENT__249598-webtirf__7251,7251,2025-09-15 04:00:00,2025-09-15 01:00:00,2025-09-15 07:00:00,OTHER_DISRUPTION,GROUP__7251__0025,INCIDENT,6.0,17.0,12.0,27.0,45.0,75.0,139.0
INCIDENT__250736-webtirf__7251,7251,2025-09-26 00:00:00,2025-09-25 21:00:00,2025-09-26 03:00:00,ACCIDENT,GROUP__7251__0026,INCIDENT,773.0,667.0,567.0,26.0,21.0,23.0,17.0
INCIDENT__251152-webtirf__7251,7251,2025-09-30 11:00:00,2025-09-30 08:00:00,2025-09-30 14:00:00,OTHER_DISRUPTION,GROUP__7251__0027,INCIDENT,786.0,658.0,656.0,733.0,815.0,814.0,1002.0
INCIDENT__251189-webtirf__7251,7251,2025-09-30 23:00:00,2025-09-30 20:00:00,2025-10-01 02:00:00,OTHER_DISRUPTION,GROUP__7251__0028,INCIDENT,637.0,703.0,616.0,428.0,252.0,152.0,136.0
INCIDENT__251899-webtirf__7251,7251,2025-10-08 04:00:00,2025-10-08 01:00:00,2025-10-08 07:00:00,OTHER_DISRUPTION,GROUP__7251__0029,INCIDENT,26.0,15.0,17.0,26.0,67.0,88.0,129.0
INCIDENT__252322-webtirf__7251,7251,2025-10-12 04:00:00,2025-10-12 01:00:00,2025-10-12 07:00:00,OTHER_DISRUPTION,GROUP__7251__0030,INCIDENT,35.0,21.0,12.0,14.0,13.0,16.0,23.0
INCIDENT__253404-webtirf__7251,7251,2025-10-22 03:00:00,2025-10-22 00:00:00,2025-10-22 06:00:00,OTHER_DISRUPTION,GROUP__7251__0031,INCIDENT,286.0,162.0,120.0,99.0,125.0,213.0,452.0
INCIDENT__253511-webtirf__7251,7251,2025-10-22 23:00:00,2025-10-22 20:00:00,2025-10-23 02:00:00,ACCIDENT,GROUP__7251__0032,INCIDENT,768.0,736.0,693.0,454.0,20.0,20.0,24.0
INCIDENT__254561-webtirf__7251,7251,2025-11-02 22:00:00,2025-11-02 19:00:00,2025-11-03 01:00:00,OTHER_DISRUPTION,GROUP__7251__0033,INCIDENT,833.0,770.0,807.0,670.0,513.0,316.0,169.0
INCIDENT__254748-webtirf__7251,7251,2025-11-04 22:00:00,2025-11-04 19:00:00,2025-11-05 01:00:00,OTHER_DISRUPTION,GROUP__7251__0034,INCIDENT,64.0,60.0,55.0,58.0,47.0,329.0,188.0
INCIDENT__256412-webtirf__7251,7251,2025-11-20 23:00:00,2025-11-20 20:00:00,2025-11-21 02:00:00,OTHER_DISRUPTION,GROUP__7251__0035,INCIDENT,755.0,759.0,741.0,546.0,444.0,220.0,177.0
INCIDENT__257143-webtirf__7251,7251,2025-11-26 11:00:00,2025-11-26 08:00:00,2025-11-26 14:00:00,ACCIDENT,GROUP__7251__0036,INCIDENT,889.0,679.0,636.0,696.0,795.0,867.0,1034.0
INCIDENT__258387-webtirf__7251,7251,2025-12-06 16:00:00,2025-12-06 13:00:00,2025-12-06 19:00:00,OTHER_DISRUPTION,GROUP__7251__0037,INCIDENT,1059.0,982.0,1024.0,926.0,954.0,855.0,845.0
INCIDENT__258710-webtirf__7251,7251,2025-12-10 02:00:00,2025-12-09 23:00:00,2025-12-10 05:00:00,OTHER_DISRUPTION,GROUP__7251__0038,INCIDENT,499.0,22.0,26.0,25.0,22.0,24.0,58.0
INCIDENT__258710.0-webtirf__7251,7251,2025-12-10 02:00:00,2025-12-09 23:00:00,2025-12-10 05:00:00,OTHER_DISRUPTION,GROUP__7251__0038,INCIDENT,499.0,22.0,26.0,25.0,22.0,24.0,58.0
INCIDENT__225221-webtirf__7270,7270,2025-02-27 18:00:00,2025-02-27 15:00:00,2025-02-27 21:00:00,OTHER_DISRUPTION,GROUP__7270__0001,INCIDENT,0.0,0.0,0.0,0.0,0.0,0.0,0.0
INCIDENT__226499-webtirf__7270,7270,2025-03-08 07:00:00,2025-03-08 04:00:00,2025-03-08 10:00:00,ACCIDENT,GROUP__7270__0002,INCIDENT,0.0,9.0,11.0,23.0,90.0,92.0,121.0
INCIDENT__230427-webtirf__7270,7270,2025-04-05 00:00:00,2025-04-04 21:00:00,2025-04-05 03:00:00,OTHER_DISRUPTION,GROUP__7270__0003,INCIDENT,767.0,732.0,421.0,25.0,20.0,27.0,28.0
INCIDENT__231847-webtirf__7270,7270,2025-04-18 00:00:00,2025-04-17 21:00:00,2025-04-18 03:00:00,OTHER_DISRUPTION,GROUP__7270__0004,INCIDENT,1142.0,821.0,446.0,236.0,127.0,105.0,127.0
INCIDENT__231989-webtirf__7270,7270,2025-04-20 08:00:00,2025-04-20 05:00:00,2025-04-20 11:00:00,OTHER_DISRUPTION,GROUP__7270__0005,INCIDENT,7.0,28.0,40.0,57.0,65.0,75.0,84.0
INCIDENT__232988-webtirf__7270,7270,2025-04-29 12:00:00,2025-04-29 09:00:00,2025-04-29 15:00:00,ACCIDENT,GROUP__7270__0006,INCIDENT,1329.0,1232.0,1161.0,1320.0,1089.0,1346.0,1381.0
INCIDENT__233661-webtirf__7270,7270,2025-05-05 23:00:00,2025-05-05 20:00:00,2025-05-06 02:00:00,OTHER_DISRUPTION,GROUP__7270__0007,INCIDENT,815.0,785.0,490.0,226.0,153.0,79.0,64.0
INCIDENT__237247-webtirf__7270,7270,2025-05-28 10:00:00,2025-05-28 07:00:00,2025-05-28 13:00:00,ACCIDENT,GROUP__7270__0008,INCIDENT,243.0,184.0,245.0,288.0,278.0,213.0,151.0
INCIDENT__238246-webtirf__7270,7270,2025-06-06 03:00:00,2025-06-06 00:00:00,2025-06-06 06:00:00,ACCIDENT,GROUP__7270__0009,INCIDENT,159.0,88.0,80.0,128.0,328.0,1044.0,1653.0
INCIDENT__239435-webtirf__7270,7270,2025-06-18 08:00:00,2025-06-18 05:00:00,2025-06-18 11:00:00,OTHER_DISRUPTION,GROUP__7270__0010,INCIDENT,232.0,334.0,293.0,218.0,249.0,275.0,239.0
INCIDENT__243755-webtirf__7270,7270,2025-07-30 03:00:00,2025-07-30 00:00:00,2025-07-30 06:00:00,ACCIDENT,GROUP__7270__0011,INCIDENT,144.0,80.0,82.0,112.0,311.0,1182.0,1758.0
INCIDENT__243839-webtirf__7270,7270,2025-07-30 20:00:00,2025-07-30 17:00:00,2025-07-30 23:00:00,OTHER_DISRUPTION,GROUP__7270__0012,INCIDENT,1231.0,1407.0,835.0,704.0,700.0,479.0,255.0
INCIDENT__244009-webtirf__7270,7270,2025-08-01 01:00:00,2025-07-31 22:00:00,2025-08-01 04:00:00,OTHER_DISRUPTION,GROUP__7270__0013,INCIDENT,526.0,285.0,174.0,86.0,82.0,111.0,312.0
INCIDENT__244430.0-webtirf__7270,7270,2025-08-03 09:00:00,2025-08-03 06:00:00,2025-08-03 12:00:00,ACCIDENT,GROUP__7270__0014,INCIDENT,49.0,65.0,63.0,77.0,79.0,86.0,68.0
INCIDENT__244797-webtirf__7270,7270,2025-08-06 00:00:00,2025-08-05 21:00:00,2025-08-06 03:00:00,ACCIDENT,GROUP__7270__0015,INCIDENT,66.0,40.0,31.0,145.0,82.0,69.0,123.0
INCIDENT__245367-webtirf__7270,7270,2025-08-11 06:00:00,2025-08-11 03:00:00,2025-08-11 09:00:00,ACCIDENT,GROUP__7270__0016,INCIDENT,113.0,381.0,1175.0,2079.0,1510.0,1683.0,1406.0
INCIDENT__246301-webtirf__7270,7270,2025-08-20 02:00:00,2025-08-19 23:00:00,2025-08-20 05:00:00,OTHER_DISRUPTION,GROUP__7270__0017,INCIDENT,31.0,24.0,25.0,37.0,44.0,127.0,224.0
INCIDENT__248068-webtirf__7270,7270,2025-09-03 04:00:00,2025-09-03 01:00:00,2025-09-03 07:00:00,OTHER_DISRUPTION,GROUP__7270__0018,INCIDENT,29.0,39.0,59.0,139.0,236.0,401.0,257.0
INCIDENT__251771-webtirf__7270,7270,2025-10-07 04:00:00,2025-10-07 01:00:00,2025-10-07 07:00:00,OTHER_DISRUPTION,GROUP__7270__0019,INCIDENT,113.0,69.0,120.0,288.0,1110.0,1709.0,1478.0
INCIDENT__252774-webtirf__7270,7270,2025-10-16 04:00:00,2025-10-16 01:00:00,2025-10-16 07:00:00,OTHER_DISRUPTION,GROUP__7270__0020,INCIDENT,97.0,68.0,122.0,329.0,1240.0,1946.0,1369.0
INCIDENT__253287-webtirf__7270,7270,2025-10-21 03:00:00,2025-10-21 00:00:00,2025-10-21 06:00:00,OTHER_DISRUPTION,GROUP__7270__0021,INCIDENT,160.0,87.0,80.0,117.0,345.0,1279.0,1747.0
INCIDENT__255607-webtirf__7270,7270,2025-11-13 05:00:00,2025-11-13 02:00:00,2025-11-13 08:00:00,OTHER_DISRUPTION,GROUP__7270__0022,INCIDENT,87.0,125.0,329.0,1254.0,1678.0,1183.0,953.0
INCIDENT__255900-webtirf__7270,7270,2025-11-16 17:00:00,2025-11-16 14:00:00,2025-11-16 20:00:00,OTHER_DISRUPTION,GROUP__7270__0023,INCIDENT,1781.0,1637.0,1627.0,1472.0,1358.0,1012.0,985.0
INCIDENT__255900.0-webtirf__7270,7270,2025-11-16 17:00:00,2025-11-16 14:00:00,2025-11-16 20:00:00,OTHER_DISRUPTION,GROUP__7270__0023,INCIDENT,1781.0,1637.0,1627.0,1472.0,1358.0,1012.0,985.0
INCIDENT__257097-webtirf__7270,7270,2025-11-26 05:00:00,2025-11-26 02:00:00,2025-11-26 08:00:00,ACCIDENT,GROUP__7270__0024,INCIDENT,76.0,111.0,270.0,859.0,1107.0,548.0,722.0
INCIDENT__257675-webtirf__7270,7270,2025-11-30 14:00:00,2025-11-30 11:00:00,2025-11-30 17:00:00,ACCIDENT,GROUP__7270__0025,INCIDENT,1576.0,1912.0,1721.0,1520.0,1723.0,1724.0,1387.0
INCIDENT__257681-webtirf__7270,7270,2025-11-30 17:00:00,2025-11-30 14:00:00,2025-11-30 20:00:00,ACCIDENT,GROUP__7270__0025,INCIDENT,1520.0,1723.0,1724.0,1387.0,1184.0,1134.0,937.0
INCIDENT__257980-webtirf__7270,7270,2025-12-03 03:00:00,2025-12-03 00:00:00,2025-12-03 06:00:00,ACCIDENT,GROUP__7270__0026,INCIDENT,197.0,103.0,74.0,129.0,351.0,1232.0,1670.0
INCIDENT__257980.0-webtirf__7270,7270,2025-12-03 03:00:00,2025-12-03 00:00:00,2025-12-03 06:00:00,ACCIDENT,GROUP__7270__0026,INCIDENT,197.0,103.0,74.0,129.0,351.0,1232.0,1670.0
INCIDENT__243829-webtirf__7272,7272,2025-07-30 14:00:00,2025-07-30 11:00:00,2025-07-30 17:00:00,OTHER_DISRUPTION,GROUP__7272__0001,INCIDENT,398.0,412.0,443.0,438.0,356.0,420.0,425.0
INCIDENT__221578-webtirf__7274,7274,2025-01-22 06:00:00,2025-01-22 03:00:00,2025-01-22 09:00:00,ACCIDENT,GROUP__7274__0001,INCIDENT,18.0,39.0,90.0,193.0,209.0,163.0,137.0
INCIDENT__221804-webtirf__7274,7274,2025-01-24 05:00:00,2025-01-24 02:00:00,2025-01-24 08:00:00,OTHER_DISRUPTION,GROUP__7274__0002,INCIDENT,0.0,0.0,0.0,0.0,0.0,0.0,0.0
INCIDENT__222334-webtirf__7274,7274,2025-01-30 06:00:00,2025-01-30 03:00:00,2025-01-30 09:00:00,OTHER_DISRUPTION,GROUP__7274__0003,INCIDENT,9.0,29.0,62.0,147.0,125.0,122.0,89.0
INCIDENT__222632-webtirf__7274,7274,2025-02-02 20:00:00,2025-02-02 17:00:00,2025-02-02 23:00:00,ACCIDENT,GROUP__7274__0004,INCIDENT,0.0,0.0,0.0,0.0,0.0,0.0,0.0
INCIDENT__222923-webtirf__7274,7274,2025-02-05 06:00:00,2025-02-05 03:00:00,2025-02-05 09:00:00,OTHER_DISRUPTION,GROUP__7274__0005,INCIDENT,0.0,0.0,0.0,0.0,0.0,0.0,0.0
INCIDENT__223187-webtirf__7274,7274,2025-02-07 19:00:00,2025-02-07 16:00:00,2025-02-07 22:00:00,ACCIDENT,GROUP__7274__0006,INCIDENT,0.0,0.0,0.0,0.0,0.0,0.0,0.0
INCIDENT__223315-webtirf__7274,7274,2025-02-09 06:00:00,2025-02-09 03:00:00,2025-02-09 09:00:00,OTHER_DISRUPTION,GROUP__7274__0007,INCIDENT,0.0,0.0,0.0,0.0,0.0,0.0,0.0
INCIDENT__223653-webtirf__7274,7274,2025-02-12 07:00:00,2025-02-12 04:00:00,2025-02-12 10:00:00,ACCIDENT,GROUP__7274__0008,INCIDENT,0.0,0.0,0.0,0.0,0.0,0.0,0.0
INCIDENT__224975-webtirf__7274,7274,2025-02-25 05:00:00,2025-02-25 02:00:00,2025-02-25 08:00:00,OTHER_DISRUPTION,GROUP__7274__0009,INCIDENT,0.0,0.0,0.0,0.0,0.0,0.0,0.0
INCIDENT__228232-webtirf__7274,7274,2025-03-21 03:00:00,2025-03-21 00:00:00,2025-03-21 06:00:00,ACCIDENT,GROUP__7274__0010,INCIDENT,0.0,0.0,0.0,0.0,0.0,0.0,0.0
INCIDENT__228362-webtirf__7274,7274,2025-03-22 12:00:00,2025-03-22 09:00:00,2025-03-22 15:00:00,OTHER_DISRUPTION,GROUP__7274__0011,INCIDENT,0.0,0.0,0.0,0.0,0.0,0.0,0.0
INCIDENT__230415-webtirf__7274,7274,2025-04-04 21:00:00,2025-04-04 18:00:00,2025-04-05 00:00:00,OTHER_DISRUPTION,GROUP__7274__0012,INCIDENT,0.0,0.0,0.0,0.0,0.0,0.0,173.0
INCIDENT__230789-webtirf__7274,7274,2025-04-08 23:00:00,2025-04-08 20:00:00,2025-04-09 02:00:00,ACCIDENT,GROUP__7274__0013,INCIDENT,7.0,1.0,2.0,5.0,17.0,7.0,15.0
INCIDENT__231252-webtirf__7274,7274,2025-04-12 22:00:00,2025-04-12 19:00:00,2025-04-13 01:00:00,OTHER_DISRUPTION,GROUP__7274__0014,INCIDENT,634.0,591.0,500.0,421.0,300.0,20.0,6.0
INCIDENT__231923-webtirf__7274,7274,2025-04-19 05:00:00,2025-04-19 02:00:00,2025-04-19 08:00:00,OTHER_DISRUPTION,GROUP__7274__0015,INCIDENT,7.0,9.0,13.0,17.0,28.0,48.0,66.0
INCIDENT__233404-webtirf__7274,7274,2025-05-03 00:00:00,2025-05-02 21:00:00,2025-05-03 03:00:00,OTHER_DISRUPTION,GROUP__7274__0016,INCIDENT,37.0,39.0,36.0,146.0,109.0,85.0,98.0
INCIDENT__233880.0-webtirf__7274,7274,2025-05-07 19:00:00,2025-05-07 16:00:00,2025-05-07 22:00:00,ACCIDENT,GROUP__7274__0017,INCIDENT,92.0,101.0,67.0,71.0,61.0,44.0,24.0
INCIDENT__240827-webtirf__7274,7274,2025-07-01 11:00:00,2025-07-01 08:00:00,2025-07-01 14:00:00,ACCIDENT,GROUP__7274__0018,INCIDENT,118.0,122.0,133.0,128.0,125.0,106.0,76.0
INCIDENT__241642-webtirf__7274,7274,2025-07-08 21:00:00,2025-07-08 18:00:00,2025-07-09 00:00:00,OTHER_DISRUPTION,GROUP__7274__0019,INCIDENT,67.0,65.0,44.0,30.0,27.0,23.0,92.0
INCIDENT__243146-webtirf__7274,7274,2025-07-24 05:00:00,2025-07-24 02:00:00,2025-07-24 08:00:00,OTHER_DISRUPTION,GROUP__7274__0020,INCIDENT,12.0,8.0,41.0,109.0,210.0,203.0,116.0
INCIDENT__243150.0-webtirf__7274,7274,2025-07-24 05:00:00,2025-07-24 02:00:00,2025-07-24 08:00:00,OTHER_DISRUPTION,GROUP__7274__0020,INCIDENT,12.0,8.0,41.0,109.0,210.0,203.0,116.0
INCIDENT__245902-webtirf__7274,7274,2025-08-16 02:00:00,2025-08-15 23:00:00,2025-08-16 05:00:00,OTHER_DISRUPTION,GROUP__7274__0021,INCIDENT,19.0,26.0,16.0,5.0,6.0,17.0,25.0
INCIDENT__246106-webtirf__7274,7274,2025-08-18 20:00:00,2025-08-18 17:00:00,2025-08-18 23:00:00,ACCIDENT,GROUP__7274__0022,INCIDENT,887.0,623.0,498.0,450.0,391.0,276.0,143.0
INCIDENT__247275-webtirf__7274,7274,2025-08-26 04:00:00,2025-08-26 01:00:00,2025-08-26 07:00:00,ACCIDENT,GROUP__7274__0023,INCIDENT,54.0,44.0,116.0,306.0,636.0,1293.0,1427.0
INCIDENT__248496-webtirf__7274,7274,2025-09-07 22:00:00,2025-09-07 19:00:00,2025-09-08 01:00:00,ACCIDENT,GROUP__7274__0024,INCIDENT,51.0,28.0,37.0,19.0,17.0,9.0,8.0
INCIDENT__249545-webtirf__7274,7274,2025-09-14 22:00:00,2025-09-14 19:00:00,2025-09-15 01:00:00,ACCIDENT,GROUP__7274__0025,INCIDENT,39.0,36.0,31.0,24.0,19.0,7.0,8.0
INCIDENT__250411-webtirf__7274,7274,2025-09-23 08:00:00,2025-09-23 05:00:00,2025-09-23 11:00:00,ACCIDENT,GROUP__7274__0026,INCIDENT,127.0,249.0,171.0,177.0,105.0,140.0,157.0
INCIDENT__256248-webtirf__7274,7274,2025-11-19 20:00:00,2025-11-19 17:00:00,2025-11-19 23:00:00,OTHER_DISRUPTION,GROUP__7274__0027,INCIDENT,992.0,802.0,671.0,715.0,552.0,444.0,208.0
INCIDENT__257386-webtirf__7274,7274,2025-11-28 00:00:00,2025-11-27 21:00:00,2025-11-28 03:00:00,ACCIDENT,GROUP__7274__0028,INCIDENT,624.0,461.0,227.0,132.0,77.0,84.0,106.0
INCIDENT__224060.0-webtirf__7275,7275,2025-02-16 04:00:00,2025-02-16 01:00:00,2025-02-16 07:00:00,ACCIDENT,GROUP__7275__0001,INCIDENT,0.0,0.0,0.0,0.0,0.0,0.0,0.0
INCIDENT__227425-webtirf__7275,7275,2025-03-13 21:00:00,2025-03-13 18:00:00,2025-03-14 00:00:00,ACCIDENT,GROUP__7275__0002,INCIDENT,621.0,478.0,454.0,412.0,318.0,181.0,81.0
INCIDENT__233476-webtirf__7275,7275,2025-05-04 03:00:00,2025-05-04 00:00:00,2025-05-04 06:00:00,ACCIDENT,GROUP__7275__0003,INCIDENT,15.0,5.0,7.0,3.0,7.0,6.0,3.0
INCIDENT__244218-webtirf__7275,7275,2025-08-02 10:00:00,2025-08-02 07:00:00,2025-08-02 13:00:00,ACCIDENT,GROUP__7275__0004,INCIDENT,25.0,24.0,31.0,39.0,34.0,39.0,45.0
INCIDENT__251430-webtirf__7275,7275,2025-10-02 19:00:00,2025-10-02 16:00:00,2025-10-02 22:00:00,OTHER_DISRUPTION,GROUP__7275__0005,INCIDENT,642.0,683.0,661.0,529.0,398.0,391.0,236.0
INCIDENT__251430.0-webtirf__7275,7275,2025-10-02 19:00:00,2025-10-02 16:00:00,2025-10-02 22:00:00,OTHER_DISRUPTION,GROUP__7275__0005,INCIDENT,642.0,683.0,661.0,529.0,398.0,391.0,236.0
INCIDENT__260142-webtirf__7275,7275,2025-12-23 04:00:00,2025-12-23 01:00:00,2025-12-23 07:00:00,ACCIDENT,GROUP__7275__0006,INCIDENT,4.0,11.0,7.0,17.0,41.0,114.0,87.0
INCIDENT__225018-webtirf__74228,74228,2025-02-25 23:00:00,2025-02-25 20:00:00,2025-02-26 02:00:00,ACCIDENT,GROUP__74228__0001,INCIDENT,0.0,0.0,0.0,0.0,0.0,0.0,0.0
INCIDENT__231671-webtirf__74228,74228,2025-04-16 06:00:00,2025-04-16 03:00:00,2025-04-16 09:00:00,ACCIDENT,GROUP__74228__0002,INCIDENT,34.0,116.0,460.0,1267.0,1308.0,1238.0,1155.0
INCIDENT__239068-webtirf__74228,74228,2025-06-15 03:00:00,2025-06-15 00:00:00,2025-06-15 06:00:00,ACCIDENT,GROUP__74228__0003,INCIDENT,7.0,9.0,1.0,4.0,4.0,5.0,18.0
INCIDENT__241991-webtirf__74228,74228,2025-07-11 14:00:00,2025-07-11 11:00:00,2025-07-11 17:00:00,OTHER_DISRUPTION,GROUP__74228__0004,INCIDENT,120.0,110.0,112.0,104.0,111.0,96.0,70.0
INCIDENT__244390.0-webtirf__74228,74228,2025-08-03 05:00:00,2025-08-03 02:00:00,2025-08-03 08:00:00,ACCIDENT,GROUP__74228__0005,INCIDENT,4.0,4.0,3.0,2.0,10.0,15.0,25.0
INCIDENT__245032-webtirf__74228,74228,2025-08-07 22:00:00,2025-08-07 19:00:00,2025-08-08 01:00:00,ACCIDENT,GROUP__74228__0006,INCIDENT,566.0,416.0,324.0,179.0,82.0,40.0,25.0
INCIDENT__247153-webtirf__74228,74228,2025-08-25 03:00:00,2025-08-25 00:00:00,2025-08-25 06:00:00,OTHER_DISRUPTION,GROUP__74228__0007,INCIDENT,24.0,15.0,20.0,30.0,97.0,476.0,1256.0
INCIDENT__250816-webtirf__74228,74228,2025-09-26 07:00:00,2025-09-26 04:00:00,2025-09-26 10:00:00,ACCIDENT,GROUP__74228__0008,INCIDENT,19.0,113.0,284.0,149.0,130.0,129.0,141.0
INCIDENT__258927-webtirf__74228,74228,2025-12-11 23:00:00,2025-12-11 20:00:00,2025-12-12 02:00:00,OTHER_DISRUPTION,GROUP__74228__0009,INCIDENT,29.0,19.0,10.0,12.0,146.0,51.0,16.0
INCIDENT__232377-webtirf__74229,74229,2025-04-24 03:00:00,2025-04-24 00:00:00,2025-04-24 06:00:00,OTHER_DISRUPTION,GROUP__74229__0001,INCIDENT,44.0,29.0,19.0,23.0,79.0,287.0,715.0
INCIDENT__232432-webtirf__74229,74229,2025-04-24 05:00:00,2025-04-24 02:00:00,2025-04-24 08:00:00,OTHER_DISRUPTION,GROUP__74229__0001,INCIDENT,19.0,23.0,79.0,287.0,715.0,1025.0,1198.0
INCIDENT__233510.0-webtirf__74229,74229,2025-05-04 21:00:00,2025-05-04 18:00:00,2025-05-05 00:00:00,OTHER_DISRUPTION,GROUP__74229__0002,INCIDENT,724.0,694.0,508.0,447.0,334.0,175.0,47.0
INCIDENT__234025-webtirf__74229,74229,2025-05-08 22:00:00,2025-05-08 19:00:00,2025-05-09 01:00:00,OTHER_DISRUPTION,GROUP__74229__0003,INCIDENT,918.0,691.0,597.0,520.0,241.0,8.0,4.0
INCIDENT__243039-webtirf__74229,74229,2025-07-23 05:00:00,2025-07-23 02:00:00,2025-07-23 08:00:00,OTHER_DISRUPTION,GROUP__74229__0004,INCIDENT,4.0,4.0,3.0,13.0,26.0,37.0,37.0
INCIDENT__252592-webtirf__74229,74229,2025-10-14 21:00:00,2025-10-14 18:00:00,2025-10-15 00:00:00,ACCIDENT,GROUP__74229__0005,INCIDENT,831.0,632.0,530.0,421.0,202.0,102.0,33.0
INCIDENT__254905-webtirf__74229,74229,2025-11-06 05:00:00,2025-11-06 02:00:00,2025-11-06 08:00:00,OTHER_DISRUPTION,GROUP__74229__0006,INCIDENT,26.0,54.0,144.0,505.0,877.0,901.0,750.0
INCIDENT__254946-webtirf__74229,74229,2025-11-06 21:00:00,2025-11-06 18:00:00,2025-11-07 00:00:00,OTHER_DISRUPTION,GROUP__74229__0007,INCIDENT,895.0,807.0,709.0,524.0,263.0,138.0,43.0
INCIDENT__255854-webtirf__74229,74229,2025-11-16 00:00:00,2025-11-15 21:00:00,2025-11-16 03:00:00,OTHER_DISRUPTION,GROUP__74229__0008,INCIDENT,361.0,202.0,137.0,3.0,4.0,3.0,3.0
INCIDENT__258519-webtirf__74229,74229,2025-12-08 06:00:00,2025-12-08 03:00:00,2025-12-08 09:00:00,OTHER_DISRUPTION,GROUP__74229__0009,INCIDENT,12.0,48.0,147.0,109.0,82.0,98.0,91.0
INCIDENT__220088-webtirf__74230,74230,2025-01-09 23:00:00,2025-01-09 20:00:00,2025-01-10 02:00:00,OTHER_DISRUPTION,GROUP__74230__0001,INCIDENT,77.0,38.0,12.0,10.0,1.0,0.0,1.0
INCIDENT__222749-webtirf__74230,74230,2025-02-03 23:00:00,2025-02-03 20:00:00,2025-02-04 02:00:00,OTHER_DISRUPTION,GROUP__74230__0002,INCIDENT,0.0,0.0,0.0,0.0,0.0,0.0,0.0
INCIDENT__230290.0-webtirf__74230,74230,2025-04-03 21:00:00,2025-04-03 18:00:00,2025-04-04 00:00:00,OTHER_DISRUPTION,GROUP__74230__0003,INCIDENT,14.0,11.0,9.0,3.0,4.0,2.0,40.0
INCIDENT__233226-webtirf__74230,74230,2025-05-01 07:00:00,2025-05-01 04:00:00,2025-05-01 10:00:00,OTHER_DISRUPTION,GROUP__74230__0004,INCIDENT,44.0,133.0,262.0,201.0,48.0,248.0,244.0
INCIDENT__235018-webtirf__74230,74230,2025-05-18 19:00:00,2025-05-18 16:00:00,2025-05-18 22:00:00,OTHER_DISRUPTION,GROUP__74230__0005,INCIDENT,3.0,5.0,1.0,2.0,0.0,4.0,3.0
INCIDENT__235968-webtirf__74230,74230,2025-05-22 01:00:00,2025-05-21 22:00:00,2025-05-22 04:00:00,OTHER_DISRUPTION,GROUP__74230__0006,INCIDENT,89.0,42.0,30.0,23.0,14.0,30.0,77.0
INCIDENT__240471-webtirf__74230,74230,2025-06-29 00:00:00,2025-06-28 21:00:00,2025-06-29 03:00:00,OTHER_DISRUPTION,GROUP__74230__0007,INCIDENT,4.0,2.0,4.0,0.0,0.0,0.0,0.0
INCIDENT__240630.0-webtirf__74230,74230,2025-06-30 07:00:00,2025-06-30 04:00:00,2025-06-30 10:00:00,ACCIDENT,GROUP__74230__0008,INCIDENT,4.0,9.0,20.0,9.0,7.0,16.0,22.0
INCIDENT__241825-webtirf__74230,74230,2025-07-10 04:00:00,2025-07-10 01:00:00,2025-07-10 07:00:00,OTHER_DISRUPTION,GROUP__74230__0009,INCIDENT,0.0,0.0,1.0,1.0,9.0,8.0,9.0
INCIDENT__244842-webtirf__74230,74230,2025-08-06 06:00:00,2025-08-06 03:00:00,2025-08-06 09:00:00,OTHER_DISRUPTION,GROUP__74230__0010,INCIDENT,0.0,0.0,0.0,0.0,0.0,0.0,0.0
INCIDENT__245153-webtirf__74230,74230,2025-08-09 03:00:00,2025-08-09 00:00:00,2025-08-09 06:00:00,ACCIDENT,GROUP__74230__0011,INCIDENT,0.0,0.0,0.0,0.0,0.0,0.0,0.0
INCIDENT__246742-webtirf__74230,74230,2025-08-21 06:00:00,2025-08-21 03:00:00,2025-08-21 09:00:00,OTHER_DISRUPTION,GROUP__74230__0012,INCIDENT,0.0,0.0,0.0,0.0,0.0,0.0,0.0
INCIDENT__246912-webtirf__74230,74230,2025-08-22 05:00:00,2025-08-22 02:00:00,2025-08-22 08:00:00,OTHER_DISRUPTION,GROUP__74230__0013,INCIDENT,0.0,0.0,0.0,0.0,0.0,0.0,0.0
INCIDENT__248014-webtirf__74230,74230,2025-09-02 09:00:00,2025-09-02 06:00:00,2025-09-02 12:00:00,OTHER_DISRUPTION,GROUP__74230__0014,INCIDENT,35.0,32.0,10.0,64.0,178.0,196.0,171.0
INCIDENT__249425-webtirf__74230,74230,2025-09-12 07:00:00,2025-09-12 04:00:00,2025-09-12 10:00:00,OTHER_DISRUPTION,GROUP__74230__0015,INCIDENT,1.0,4.0,5.0,5.0,6.0,6.0,12.0
INCIDENT__249446-webtirf__74230,74230,2025-09-12 15:00:00,2025-09-12 12:00:00,2025-09-12 18:00:00,OTHER_DISRUPTION,GROUP__74230__0016,INCIDENT,14.0,18.0,29.0,18.0,18.0,12.0,15.0
INCIDENT__249844-webtirf__74230,74230,2025-09-17 05:00:00,2025-09-17 02:00:00,2025-09-17 08:00:00,OTHER_DISRUPTION,GROUP__74230__0017,INCIDENT,39.0,47.0,159.0,436.0,825.0,1087.0,1002.0
INCIDENT__250805-webtirf__74230,74230,2025-09-26 05:00:00,2025-09-26 02:00:00,2025-09-26 08:00:00,OTHER_DISRUPTION,GROUP__74230__0018,INCIDENT,21.0,43.0,44.0,107.0,226.0,163.0,120.0
INCIDENT__250953-webtirf__74230,74230,2025-09-28 22:00:00,2025-09-28 19:00:00,2025-09-29 01:00:00,OTHER_DISRUPTION,GROUP__74230__0019,INCIDENT,30.0,24.0,21.0,21.0,14.0,2.0,5.0
INCIDENT__255600-webtirf__74230,74230,2025-11-13 04:00:00,2025-11-13 01:00:00,2025-11-13 07:00:00,OTHER_DISRUPTION,GROUP__74230__0020,INCIDENT,24.0,16.0,51.0,220.0,404.0,661.0,596.0
INCIDENT__255600.0-webtirf__74230,74230,2025-11-13 04:00:00,2025-11-13 01:00:00,2025-11-13 07:00:00,OTHER_DISRUPTION,GROUP__74230__0020,INCIDENT,24.0,16.0,51.0,220.0,404.0,661.0,596.0
INCIDENT__255653-webtirf__74230,74230,2025-11-13 21:00:00,2025-11-13 18:00:00,2025-11-14 00:00:00,OTHER_DISRUPTION,GROUP__74230__0021,INCIDENT,428.0,316.0,308.0,190.0,82.0,33.0,24.0
INCIDENT__255814-webtirf__74230,74230,2025-11-15 05:00:00,2025-11-15 02:00:00,2025-11-15 08:00:00,OTHER_DISRUPTION,GROUP__74230__0022,INCIDENT,2.0,6.0,8.0,25.0,25.0,23.0,29.0
INCIDENT__255975-webtirf__74230,74230,2025-11-17 03:00:00,2025-11-17 00:00:00,2025-11-17 06:00:00,ACCIDENT,GROUP__74230__0023,INCIDENT,24.0,16.0,32.0,67.0,110.0,175.0,166.0
INCIDENT__256645-webtirf__74230,74230,2025-11-23 10:00:00,2025-11-23 07:00:00,2025-11-23 13:00:00,OTHER_DISRUPTION,GROUP__74230__0024,INCIDENT,11.0,14.0,26.0,41.0,56.0,76.0,52.0
INCIDENT__257465-webtirf__74230,74230,2025-11-28 05:00:00,2025-11-28 02:00:00,2025-11-28 08:00:00,OTHER_DISRUPTION,GROUP__74230__0025,INCIDENT,28.0,66.0,154.0,199.0,432.0,495.0,393.0
INCIDENT__257685-webtirf__74230,74230,2025-11-30 19:00:00,2025-11-30 16:00:00,2025-11-30 22:00:00,OTHER_DISRUPTION,GROUP__74230__0026,INCIDENT,64.0,49.0,44.0,32.0,22.0,33.0,16.0
INCIDENT__259345-webtirf__74230,74230,2025-12-15 23:00:00,2025-12-15 20:00:00,2025-12-16 02:00:00,OTHER_DISRUPTION,GROUP__74230__0027,INCIDENT,274.0,205.0,123.0,31.0,1.0,6.0,3.0
INCIDENT__260144-webtirf__74230,74230,2025-12-23 04:00:00,2025-12-23 01:00:00,2025-12-23 07:00:00,OTHER_DISRUPTION,GROUP__74230__0028,INCIDENT,2.0,2.0,1.0,2.0,10.0,9.0,14.0
INCIDENT__260196-webtirf__74230,74230,2025-12-23 23:00:00,2025-12-23 20:00:00,2025-12-24 02:00:00,OTHER_DISRUPTION,GROUP__74230__0029,INCIDENT,7.0,4.0,0.0,0.0,20.0,11.0,11.0
INCIDENT__222481-webtirf__9658,9658,2025-01-31 05:00:00,2025-01-31 02:00:00,2025-01-31 08:00:00,OTHER_DISRUPTION,GROUP__9658__0001,INCIDENT,0.0,0.0,0.0,0.0,0.0,0.0,0.0
INCIDENT__223485-webtirf__9658,9658,2025-02-10 20:00:00,2025-02-10 17:00:00,2025-02-10 23:00:00,OTHER_DISRUPTION,GROUP__9658__0002,INCIDENT,0.0,0.0,0.0,0.0,0.0,0.0,0.0
INCIDENT__223838-webtirf__9658,9658,2025-02-13 21:00:00,2025-02-13 18:00:00,2025-02-14 00:00:00,ACCIDENT,GROUP__9658__0003,INCIDENT,0.0,0.0,0.0,0.0,0.0,0.0,0.0
INCIDENT__224287-webtirf__9658,9658,2025-02-18 07:00:00,2025-02-18 04:00:00,2025-02-18 10:00:00,OTHER_DISRUPTION,GROUP__9658__0004,INCIDENT,0.0,0.0,0.0,0.0,0.0,0.0,0.0
INCIDENT__225019-webtirf__9658,9658,2025-02-25 23:00:00,2025-02-25 20:00:00,2025-02-26 02:00:00,OTHER_DISRUPTION,GROUP__9658__0005,INCIDENT,0.0,0.0,0.0,0.0,0.0,0.0,0.0
INCIDENT__225506-webtirf__9658,9658,2025-03-03 04:00:00,2025-03-03 01:00:00,2025-03-03 07:00:00,OTHER_DISRUPTION,GROUP__9658__0006,INCIDENT,22.0,20.0,33.0,42.0,83.0,161.0,120.0
INCIDENT__225653-webtirf__9658,9658,2025-03-04 09:00:00,2025-03-04 06:00:00,2025-03-04 12:00:00,ACCIDENT,GROUP__9658__0007,INCIDENT,946.0,1253.0,996.0,940.0,889.0,810.0,832.0
INCIDENT__225769-webtirf__9658,9658,2025-03-05 05:00:00,2025-03-05 02:00:00,2025-03-05 08:00:00,ACCIDENT,GROUP__9658__0008,INCIDENT,0.0,0.0,0.0,0.0,0.0,0.0,0.0
INCIDENT__227645-webtirf__9658,9658,2025-03-16 07:00:00,2025-03-16 04:00:00,2025-03-16 10:00:00,OTHER_DISRUPTION,GROUP__9658__0009,INCIDENT,0.0,0.0,0.0,0.0,0.0,0.0,0.0
INCIDENT__227895-webtirf__9658,9658,2025-03-18 21:00:00,2025-03-18 18:00:00,2025-03-19 00:00:00,ACCIDENT,GROUP__9658__0010,INCIDENT,1129.0,782.0,642.0,600.0,468.0,275.0,1.0
INCIDENT__231525-webtirf__9658,9658,2025-04-15 05:00:00,2025-04-15 02:00:00,2025-04-15 08:00:00,OTHER_DISRUPTION,GROUP__9658__0011,INCIDENT,65.0,93.0,181.0,543.0,846.0,1178.0,1072.0
INCIDENT__231735-webtirf__9658,9658,2025-04-16 23:00:00,2025-04-16 20:00:00,2025-04-17 02:00:00,OTHER_DISRUPTION,GROUP__9658__0012,INCIDENT,689.0,588.0,463.0,309.0,143.0,130.0,80.0
INCIDENT__231957-webtirf__9658,9658,2025-04-19 22:00:00,2025-04-19 19:00:00,2025-04-20 01:00:00,OTHER_DISRUPTION,GROUP__9658__0013,INCIDENT,907.0,703.0,541.0,599.0,383.0,5.0,7.0
INCIDENT__232984-webtirf__9658,9658,2025-04-29 10:00:00,2025-04-29 07:00:00,2025-04-29 13:00:00,ACCIDENT,GROUP__9658__0014,INCIDENT,94.0,113.0,180.0,162.0,190.0,158.0,172.0
INCIDENT__234074-webtirf__9658,9658,2025-05-09 04:00:00,2025-05-09 01:00:00,2025-05-09 07:00:00,OTHER_DISRUPTION,GROUP__9658__0015,INCIDENT,98.0,79.0,94.0,187.0,510.0,906.0,1292.0
INCIDENT__234815-webtirf__9658,9658,2025-05-16 04:00:00,2025-05-16 01:00:00,2025-05-16 07:00:00,OTHER_DISRUPTION,GROUP__9658__0016,INCIDENT,29.0,12.0,36.0,49.0,77.0,109.0,91.0
INCIDENT__235819-webtirf__9658,9658,2025-05-21 09:00:00,2025-05-21 06:00:00,2025-05-21 12:00:00,ACCIDENT,GROUP__9658__0017,INCIDENT,951.0,1317.0,1035.0,888.0,872.0,906.0,867.0
INCIDENT__238575-webtirf__9658,9658,2025-06-10 08:00:00,2025-06-10 05:00:00,2025-06-10 11:00:00,OTHER_DISRUPTION,GROUP__9658__0018,INCIDENT,445.0,881.0,1257.0,1084.0,949.0,786.0,857.0
INCIDENT__238832-webtirf__9658,9658,2025-06-12 11:00:00,2025-06-12 08:00:00,2025-06-12 14:00:00,ACCIDENT,GROUP__9658__0019,INCIDENT,1063.0,922.0,928.0,854.0,895.0,903.0,979.0
INCIDENT__239377-webtirf__9658,9658,2025-06-18 02:00:00,2025-06-17 23:00:00,2025-06-18 05:00:00,ACCIDENT,GROUP__9658__0020,INCIDENT,40.0,152.0,96.0,76.0,82.0,185.0,481.0
INCIDENT__240095-webtirf__9658,9658,2025-06-24 20:00:00,2025-06-24 17:00:00,2025-06-24 23:00:00,ACCIDENT,GROUP__9658__0021,INCIDENT,1010.0,949.0,773.0,604.0,554.0,455.0,281.0
INCIDENT__241758-webtirf__9658,9658,2025-07-09 23:00:00,2025-07-09 20:00:00,2025-07-10 02:00:00,OTHER_DISRUPTION,GROUP__9658__0022,INCIDENT,49.0,39.0,45.0,34.0,169.0,122.0,66.0
INCIDENT__244979-webtirf__9658,9658,2025-08-07 08:00:00,2025-08-07 05:00:00,2025-08-07 11:00:00,ACCIDENT,GROUP__9658__0023,INCIDENT,107.0,154.0,116.0,129.0,159.0,194.0,214.0
INCIDENT__245561-webtirf__9658,9658,2025-08-13 02:00:00,2025-08-12 23:00:00,2025-08-13 05:00:00,ACCIDENT,GROUP__9658__0024,INCIDENT,45.0,147.0,99.0,53.0,73.0,191.0,506.0
INCIDENT__247767-webtirf__9658,9658,2025-08-31 07:00:00,2025-08-31 04:00:00,2025-08-31 10:00:00,OTHER_DISRUPTION,GROUP__9658__0025,INCIDENT,134.0,136.0,284.0,506.0,696.0,1030.0,1116.0
INCIDENT__248156-webtirf__9658,9658,2025-09-04 03:00:00,2025-09-04 00:00:00,2025-09-04 06:00:00,OTHER_DISRUPTION,GROUP__9658__0026,INCIDENT,147.0,94.0,59.0,86.0,177.0,498.0,852.0
INCIDENT__249085-webtirf__9658,9658,2025-09-10 21:00:00,2025-09-10 18:00:00,2025-09-11 00:00:00,OTHER_DISRUPTION,GROUP__9658__0027,INCIDENT,933.0,771.0,610.0,612.0,462.0,290.0,152.0
INCIDENT__249952-webtirf__9658,9658,2025-09-18 06:00:00,2025-09-18 03:00:00,2025-09-18 09:00:00,OTHER_DISRUPTION,GROUP__9658__0028,INCIDENT,84.0,185.0,497.0,897.0,1225.0,1032.0,934.0
INCIDENT__251003-webtirf__9658,9658,2025-09-29 04:00:00,2025-09-29 01:00:00,2025-09-29 07:00:00,OTHER_DISRUPTION,GROUP__9658__0029,INCIDENT,16.0,15.0,26.0,43.0,101.0,164.0,123.0
INCIDENT__251170-webtirf__9658,9658,2025-09-30 20:00:00,2025-09-30 17:00:00,2025-09-30 23:00:00,ACCIDENT,GROUP__9658__0030,INCIDENT,131.0,125.0,68.0,63.0,40.0,36.0,38.0
INCIDENT__251170.0-webtirf__9658,9658,2025-09-30 20:00:00,2025-09-30 17:00:00,2025-09-30 23:00:00,ACCIDENT,GROUP__9658__0030,INCIDENT,131.0,125.0,68.0,63.0,40.0,36.0,38.0
INCIDENT__253400-webtirf__9658,9658,2025-10-22 03:00:00,2025-10-22 00:00:00,2025-10-22 06:00:00,OTHER_DISRUPTION,GROUP__9658__0031,INCIDENT,149.0,101.0,63.0,90.0,179.0,530.0,854.0
INCIDENT__253400.0-webtirf__9658,9658,2025-10-22 03:00:00,2025-10-22 00:00:00,2025-10-22 06:00:00,OTHER_DISRUPTION,GROUP__9658__0031,INCIDENT,149.0,101.0,63.0,90.0,179.0,530.0,854.0
INCIDENT__253488-webtirf__9658,9658,2025-10-22 20:00:00,2025-10-22 17:00:00,2025-10-22 23:00:00,ACCIDENT,GROUP__9658__0032,INCIDENT,1035.0,924.0,804.0,745.0,612.0,536.0,322.0
INCIDENT__254950-webtirf__9658,9658,2025-11-06 22:00:00,2025-11-06 19:00:00,2025-11-07 01:00:00,ACCIDENT,GROUP__9658__0033,INCIDENT,79.0,64.0,65.0,60.0,57.0,39.0,31.0
INCIDENT__254950.0-webtirf__9658,9658,2025-11-06 22:00:00,2025-11-06 19:00:00,2025-11-07 01:00:00,ACCIDENT,GROUP__9658__0033,INCIDENT,79.0,64.0,65.0,60.0,57.0,39.0,31.0
INCIDENT__256931-webtirf__9658,9658,2025-11-25 18:00:00,2025-11-25 15:00:00,2025-11-25 21:00:00,OTHER_DISRUPTION,GROUP__9658__0034,INCIDENT,990.0,1117.0,1178.0,1163.0,939.0,722.0,631.0
INCIDENT__257082-webtirf__9658,9658,2025-11-26 05:00:00,2025-11-26 02:00:00,2025-11-26 08:00:00,OTHER_DISRUPTION,GROUP__9658__0035,INCIDENT,30.0,34.0,48.0,110.0,168.0,0.0,118.0
INCIDENT__257657-webtirf__9658,9658,2025-11-30 06:00:00,2025-11-30 03:00:00,2025-11-30 09:00:00,OTHER_DISRUPTION,GROUP__9658__0036,INCIDENT,167.0,136.0,184.0,371.0,638.0,841.0,1276.0
INCIDENT__219844-webtirf__9827,9827,2025-01-07 18:00:00,2025-01-07 15:00:00,2025-01-07 21:00:00,OTHER_DISRUPTION,GROUP__9827__0001,INCIDENT,0.0,0.0,0.0,0.0,0.0,0.0,0.0
INCIDENT__223634-webtirf__9827,9827,2025-02-12 05:00:00,2025-02-12 02:00:00,2025-02-12 08:00:00,OTHER_DISRUPTION,GROUP__9827__0002,INCIDENT,0.0,0.0,0.0,0.0,0.0,0.0,0.0
INCIDENT__239432-webtirf__9827,9827,2025-06-18 07:00:00,2025-06-18 04:00:00,2025-06-18 10:00:00,ACCIDENT,GROUP__9827__0003,INCIDENT,90.0,273.0,754.0,998.0,1053.0,914.0,842.0
INCIDENT__251728-webtirf__9827,9827,2025-10-07 00:00:00,2025-10-06 21:00:00,2025-10-07 03:00:00,ACCIDENT,GROUP__9827__0004,INCIDENT,0.0,0.0,0.0,0.0,0.0,0.0,0.0
INCIDENT__258879-webtirf__9827,9827,2025-12-11 14:00:00,2025-12-11 11:00:00,2025-12-11 17:00:00,OTHER_DISRUPTION,GROUP__9827__0005,INCIDENT,159.0,146.0,135.0,118.0,169.0,128.0,96.0
INCIDENT__231818-webtirf__9834-PR,9834-PR,2025-04-17 09:00:00,2025-04-17 06:00:00,2025-04-17 12:00:00,ACCIDENT,GROUP__9834-PR__0001,INCIDENT,0.0,0.0,0.0,0.0,0.0,0.0,0.0
INCIDENT__232463-webtirf__9834-PR,9834-PR,2025-04-24 13:00:00,2025-04-24 10:00:00,2025-04-24 16:00:00,ACCIDENT,GROUP__9834-PR__0002,INCIDENT,0.0,0.0,0.0,0.0,0.0,0.0,0.0
INCIDENT__245526-webtirf__9834-PR,9834-PR,2025-08-12 22:00:00,2025-08-12 19:00:00,2025-08-13 01:00:00,OTHER_DISRUPTION,GROUP__9834-PR__0003,INCIDENT,426.0,303.0,265.0,148.0,55.0,37.0,19.0
INCIDENT__250660-webtirf__9834-PR,9834-PR,2025-09-25 05:00:00,2025-09-25 02:00:00,2025-09-25 08:00:00,OTHER_DISRUPTION,GROUP__9834-PR__0004,INCIDENT,14.0,20.0,79.0,221.0,399.0,690.0,1027.0
INCIDENT__250660.0-webtirf__9834-PR,9834-PR,2025-09-25 05:00:00,2025-09-25 02:00:00,2025-09-25 08:00:00,OTHER_DISRUPTION,GROUP__9834-PR__0004,INCIDENT,14.0,20.0,79.0,221.0,399.0,690.0,1027.0
INCIDENT__219653-webtirf__9836-PR,9836-PR,2025-01-06 01:00:00,2025-01-05 22:00:00,2025-01-06 04:00:00,ACCIDENT,GROUP__9836-PR__0001,INCIDENT,0.0,0.0,0.0,0.0,0.0,0.0,0.0
INCIDENT__225464-webtirf__9836-PR,9836-PR,2025-03-02 23:00:00,2025-03-02 20:00:00,2025-03-03 02:00:00,OTHER_DISRUPTION,GROUP__9836-PR__0002,INCIDENT,27.0,12.0,12.0,3.0,0.0,0.0,0.0
INCIDENT__236891-webtirf__9836-PR,9836-PR,2025-05-26 06:00:00,2025-05-26 03:00:00,2025-05-26 09:00:00,ACCIDENT,GROUP__9836-PR__0003,INCIDENT,100.0,321.0,1003.0,1787.0,1567.0,1542.0,1392.0
INCIDENT__238473-webtirf__9836-PR,9836-PR,2025-06-09 10:00:00,2025-06-09 07:00:00,2025-06-09 13:00:00,OTHER_DISRUPTION,GROUP__9836-PR__0004,INCIDENT,26.0,18.0,27.0,25.0,24.0,22.0,20.0
INCIDENT__247334-webtirf__9836-PR,9836-PR,2025-08-26 21:00:00,2025-08-26 18:00:00,2025-08-27 00:00:00,OTHER_DISRUPTION,GROUP__9836-PR__0005,INCIDENT,1442.0,1039.0,787.0,622.0,414.0,212.0,10.0
INCIDENT__249849-webtirf__9836-PR,9836-PR,2025-09-17 06:00:00,2025-09-17 03:00:00,2025-09-17 09:00:00,OTHER_DISRUPTION,GROUP__9836-PR__0006,INCIDENT,14.0,41.0,79.0,200.0,166.0,163.0,168.0
INCIDENT__254551-webtirf__9836-PR,9836-PR,2025-11-02 20:00:00,2025-11-02 17:00:00,2025-11-02 23:00:00,ACCIDENT,GROUP__9836-PR__0007,INCIDENT,68.0,64.0,57.0,36.0,37.0,21.0,19.0
INCIDENT__255618-webtirf__9836-PR,9836-PR,2025-11-13 07:00:00,2025-11-13 04:00:00,2025-11-13 10:00:00,ACCIDENT,GROUP__9836-PR__0008,INCIDENT,53.0,85.0,194.0,157.0,148.0,177.0,154.0
INCIDENT__222953-webtirf__9849,9849,2025-02-05 18:00:00,2025-02-05 15:00:00,2025-02-05 21:00:00,ACCIDENT,GROUP__9849__0001,INCIDENT,0.0,0.0,0.0,0.0,0.0,0.0,0.0
INCIDENT__223290.0-webtirf__9849,9849,2025-02-09 02:00:00,2025-02-08 23:00:00,2025-02-09 05:00:00,ACCIDENT,GROUP__9849__0002,INCIDENT,0.0,0.0,0.0,0.0,0.0,0.0,0.0
INCIDENT__224412-webtirf__9849,9849,2025-02-19 05:00:00,2025-02-19 02:00:00,2025-02-19 08:00:00,ACCIDENT,GROUP__9849__0003,INCIDENT,0.0,0.0,0.0,0.0,0.0,0.0,0.0
INCIDENT__224898-webtirf__9849,9849,2025-02-24 21:00:00,2025-02-24 18:00:00,2025-02-25 00:00:00,ACCIDENT,GROUP__9849__0004,INCIDENT,0.0,0.0,0.0,0.0,0.0,0.0,0.0
INCIDENT__231378-webtirf__9849,9849,2025-04-14 05:00:00,2025-04-14 02:00:00,2025-04-14 08:00:00,ACCIDENT,GROUP__9849__0005,INCIDENT,0.0,0.0,0.0,0.0,1.0,0.0,0.0
INCIDENT__231711-webtirf__9849,9849,2025-04-16 20:00:00,2025-04-16 17:00:00,2025-04-16 23:00:00,ACCIDENT,GROUP__9849__0006,INCIDENT,0.0,0.0,0.0,0.0,0.0,0.0,0.0
INCIDENT__238403-webtirf__9849,9849,2025-06-08 06:00:00,2025-06-08 03:00:00,2025-06-08 09:00:00,ACCIDENT,GROUP__9849__0007,INCIDENT,0.0,0.0,5.0,8.0,10.0,18.0,16.0
INCIDENT__245854-webtirf__9849,9849,2025-08-15 07:00:00,2025-08-15 04:00:00,2025-08-15 10:00:00,ACCIDENT,GROUP__9849__0008,INCIDENT,7.0,25.0,113.0,81.0,60.0,63.0,75.0
INCIDENT__260481-webtirf__9849,9849,2025-12-29 19:00:00,2025-12-29 16:00:00,2025-12-29 22:00:00,OTHER_DISRUPTION,GROUP__9849__0009,INCIDENT,13.0,21.0,10.0,11.0,11.0,4.0,4.0
INCIDENT__220930.0-webtirf__F3FWY001,F3FWY001,2025-01-17 01:00:00,2025-01-16 22:00:00,2025-01-17 04:00:00,ACCIDENT,GROUP__F3FWY001__0001,INCIDENT,0.0,0.0,0.0,0.0,0.0,0.0,203.0
INCIDENT__221020.0-webtirf__F3FWY001,F3FWY001,2025-01-17 06:00:00,2025-01-17 03:00:00,2025-01-17 09:00:00,ACCIDENT,GROUP__F3FWY001__0001,INCIDENT,0.0,203.0,401.0,625.0,583.0,543.0,535.0
INCIDENT__224435-webtirf__F3FWY001,F3FWY001,2025-02-19 11:00:00,2025-02-19 08:00:00,2025-02-19 14:00:00,OTHER_DISRUPTION,GROUP__F3FWY001__0002,INCIDENT,0.0,0.0,0.0,0.0,0.0,0.0,0.0
INCIDENT__229462-webtirf__F3FWY001,F3FWY001,2025-03-29 05:00:00,2025-03-29 02:00:00,2025-03-29 08:00:00,ACCIDENT,GROUP__F3FWY001__0003,INCIDENT,0.0,0.0,0.0,0.0,0.0,0.0,0.0
INCIDENT__230474-webtirf__F3FWY001,F3FWY001,2025-04-05 19:00:00,2025-04-05 16:00:00,2025-04-05 22:00:00,ACCIDENT,GROUP__F3FWY001__0004,INCIDENT,221.0,208.0,170.0,126.0,95.0,73.0,81.0
INCIDENT__232066-webtirf__F3FWY001,F3FWY001,2025-04-21 23:00:00,2025-04-21 20:00:00,2025-04-22 02:00:00,ACCIDENT,GROUP__F3FWY001__0005,INCIDENT,129.0,109.0,97.0,86.0,66.0,68.0,74.0
INCIDENT__235953-webtirf__F3FWY001,F3FWY001,2025-05-22 00:00:00,2025-05-21 21:00:00,2025-05-22 03:00:00,ACCIDENT,GROUP__F3FWY001__0006,INCIDENT,706.0,539.0,368.0,21.0,25.0,23.0,25.0
INCIDENT__243814-webtirf__F3FWY001,F3FWY001,2025-07-30 09:00:00,2025-07-30 06:00:00,2025-07-30 12:00:00,ACCIDENT,GROUP__F3FWY001__0007,INCIDENT,1515.0,1756.0,1763.0,1702.0,1769.0,744.0,1790.0
INCIDENT__245943-webtirf__F3FWY001,F3FWY001,2025-08-17 01:00:00,2025-08-16 22:00:00,2025-08-17 04:00:00,OTHER_DISRUPTION,GROUP__F3FWY001__0008,INCIDENT,51.0,42.0,42.0,20.0,25.0,40.0,55.0
INCIDENT__252349-webtirf__F3FWY001,F3FWY001,2025-10-12 17:00:00,2025-10-12 14:00:00,2025-10-12 20:00:00,ACCIDENT,GROUP__F3FWY001__0009,INCIDENT,377.0,377.0,336.0,322.0,232.0,185.0,197.0
INCIDENT__255482-webtirf__F3FWY001,F3FWY001,2025-11-12 05:00:00,2025-11-12 02:00:00,2025-11-12 08:00:00,OTHER_DISRUPTION,GROUP__F3FWY001__0010,INCIDENT,153.0,163.0,313.0,656.0,880.0,748.0,850.0
INCIDENT__258825-webtirf__F3FWY001,F3FWY001,2025-12-11 00:00:00,2025-12-10 21:00:00,2025-12-11 03:00:00,OTHER_DISRUPTION,GROUP__F3FWY001__0011,INCIDENT,1036.0,745.0,847.0,152.0,144.0,132.0,169.0
INCIDENT__259477-webtirf__F3FWY001,F3FWY001,2025-12-17 02:00:00,2025-12-16 23:00:00,2025-12-17 05:00:00,OTHER_DISRUPTION,GROUP__F3FWY001__0012,INCIDENT,475.0,254.0,94.0,98.0,108.0,274.0,862.0
INCIDENT__221767-webtirf__F3FWY002,F3FWY002,2025-01-24 01:00:00,2025-01-23 22:00:00,2025-01-24 04:00:00,ACCIDENT,GROUP__F3FWY002__0001,INCIDENT,0.0,0.0,0.0,0.0,0.0,0.0,0.0
INCIDENT__231424-webtirf__F3FWY002,F3FWY002,2025-04-14 21:00:00,2025-04-14 18:00:00,2025-04-15 00:00:00,OTHER_DISRUPTION,GROUP__F3FWY002__0002,INCIDENT,285.0,250.0,232.0,209.0,180.0,150.0,112.0
INCIDENT__232197-webtirf__F3FWY002,F3FWY002,2025-04-22 19:00:00,2025-04-22 16:00:00,2025-04-22 22:00:00,OTHER_DISRUPTION,GROUP__F3FWY002__0003,INCIDENT,470.0,401.0,321.0,280.0,243.0,199.0,171.0
INCIDENT__233246-webtirf__F3FWY002,F3FWY002,2025-05-01 15:00:00,2025-05-01 12:00:00,2025-05-01 18:00:00,OTHER_DISRUPTION,GROUP__F3FWY002__0004,INCIDENT,1688.0,1695.0,1828.0,1856.0,2033.0,1789.0,1308.0
INCIDENT__234451-webtirf__F3FWY002,F3FWY002,2025-05-13 07:00:00,2025-05-13 04:00:00,2025-05-13 10:00:00,OTHER_DISRUPTION,GROUP__F3FWY002__0005,INCIDENT,558.0,1903.0,3095.0,3415.0,2269.0,1910.0,1610.0
INCIDENT__248326-webtirf__F3FWY002,F3FWY002,2025-09-05 08:00:00,2025-09-05 05:00:00,2025-09-05 11:00:00,ACCIDENT,GROUP__F3FWY002__0006,INCIDENT,1599.0,2449.0,2425.0,1990.0,2193.0,2125.0,2201.0
INCIDENT__250489-webtirf__F3FWY002,F3FWY002,2025-09-24 02:00:00,2025-09-23 23:00:00,2025-09-24 05:00:00,OTHER_DISRUPTION,GROUP__F3FWY002__0007,INCIDENT,0.0,0.0,0.0,0.0,0.0,0.0,0.0
INCIDENT__250609-webtirf__F3FWY002,F3FWY002,2025-09-25 01:00:00,2025-09-24 22:00:00,2025-09-25 04:00:00,ACCIDENT,GROUP__F3FWY002__0008,INCIDENT,0.0,0.0,8.0,5.0,0.0,6.0,26.0
INCIDENT__250960-webtirf__F3FWY002,F3FWY002,2025-09-29 00:00:00,2025-09-28 21:00:00,2025-09-29 03:00:00,OTHER_DISRUPTION,GROUP__F3FWY002__0009,INCIDENT,43.0,65.0,8.0,67.0,68.0,81.0,142.0
INCIDENT__250960.0-webtirf__F3FWY002,F3FWY002,2025-09-29 00:00:00,2025-09-28 21:00:00,2025-09-29 03:00:00,OTHER_DISRUPTION,GROUP__F3FWY002__0009,INCIDENT,43.0,65.0,8.0,67.0,68.0,81.0,142.0
INCIDENT__252085-webtirf__F3FWY002,F3FWY002,2025-10-09 17:00:00,2025-10-09 14:00:00,2025-10-09 20:00:00,OTHER_DISRUPTION,GROUP__F3FWY002__0010,INCIDENT,696.0,728.0,698.0,549.0,380.0,321.0,294.0
INCIDENT__253803-webtirf__F3FWY002,F3FWY002,2025-10-26 08:00:00,2025-10-26 05:00:00,2025-10-26 11:00:00,ACCIDENT,GROUP__F3FWY002__0011,INCIDENT,477.0,758.0,1207.0,1874.0,0.0,3362.0,3386.0
INCIDENT__256928-webtirf__F3FWY002,F3FWY002,2025-11-25 16:00:00,2025-11-25 13:00:00,2025-11-25 19:00:00,OTHER_DISRUPTION,GROUP__F3FWY002__0012,INCIDENT,2083.0,2362.0,2545.0,2377.0,2074.0,1483.0,871.0
INCIDENT__260270-webtirf__F3FWY002,F3FWY002,2025-12-24 23:00:00,2025-12-24 20:00:00,2025-12-25 02:00:00,ACCIDENT,GROUP__F3FWY002__0013,INCIDENT,0.0,0.0,0.0,0.0,0.0,0.0,0.0
INCIDENT__260270.0-webtirf__F3FWY002,F3FWY002,2025-12-24 23:00:00,2025-12-24 20:00:00,2025-12-25 02:00:00,ACCIDENT,GROUP__F3FWY002__0013,INCIDENT,0.0,0.0,0.0,0.0,0.0,0.0,0.0
INCIDENT__219468-webtirf__F3FWY003,F3FWY003,2025-01-02 01:00:00,2025-01-01 22:00:00,2025-01-02 04:00:00,ACCIDENT,GROUP__F3FWY003__0001,INCIDENT,0.0,0.0,31.0,19.0,30.0,27.0,0.0
INCIDENT__219562-webtirf__F3FWY003,F3FWY003,2025-01-04 00:00:00,2025-01-03 21:00:00,2025-01-04 03:00:00,ACCIDENT,GROUP__F3FWY003__0002,INCIDENT,154.0,167.0,117.0,271.0,212.0,157.0,158.0
INCIDENT__219585-webtirf__F3FWY003,F3FWY003,2025-01-04 06:00:00,2025-01-04 03:00:00,2025-01-04 09:00:00,OTHER_DISRUPTION,GROUP__F3FWY003__0002,INCIDENT,158.0,0.0,0.0,0.0,0.0,0.0,0.0
INCIDENT__219650.0-webtirf__F3FWY003,F3FWY003,2025-01-06 00:00:00,2025-01-05 21:00:00,2025-01-06 03:00:00,OTHER_DISRUPTION,GROUP__F3FWY003__0003,INCIDENT,0.0,0.0,0.0,217.0,153.0,128.0,194.0
INCIDENT__219947-webtirf__F3FWY003,F3FWY003,2025-01-08 13:00:00,2025-01-08 10:00:00,2025-01-08 16:00:00,OTHER_DISRUPTION,GROUP__F3FWY003__0004,INCIDENT,0.0,0.0,0.0,0.0,0.0,0.0,0.0
INCIDENT__221032-webtirf__F3FWY003,F3FWY003,2025-01-17 07:00:00,2025-01-17 04:00:00,2025-01-17 10:00:00,OTHER_DISRUPTION,GROUP__F3FWY003__0005,INCIDENT,0.0,0.0,0.0,0.0,0.0,0.0,0.0
INCIDENT__221791-webtirf__F3FWY003,F3FWY003,2025-01-24 04:00:00,2025-01-24 01:00:00,2025-01-24 07:00:00,ACCIDENT,GROUP__F3FWY003__0006,INCIDENT,0.0,0.0,0.0,0.0,0.0,0.0,0.0
INCIDENT__221823-webtirf__F3FWY003,F3FWY003,2025-01-24 09:00:00,2025-01-24 06:00:00,2025-01-24 12:00:00,OTHER_DISRUPTION,GROUP__F3FWY003__0006,INCIDENT,0.0,0.0,0.0,0.0,0.0,0.0,0.0
INCIDENT__222224-webtirf__F3FWY003,F3FWY003,2025-01-29 04:00:00,2025-01-29 01:00:00,2025-01-29 07:00:00,OTHER_DISRUPTION,GROUP__F3FWY003__0007,INCIDENT,0.0,0.0,0.0,0.0,0.0,0.0,0.0
INCIDENT__222476-webtirf__F3FWY003,F3FWY003,2025-01-31 05:00:00,2025-01-31 02:00:00,2025-01-31 08:00:00,OTHER_DISRUPTION,GROUP__F3FWY003__0008,INCIDENT,0.0,1.0,8.0,98.0,84.0,22.0,17.0
INCIDENT__222566-webtirf__F3FWY003,F3FWY003,2025-02-01 14:00:00,2025-02-01 11:00:00,2025-02-01 17:00:00,ACCIDENT,GROUP__F3FWY003__0009,INCIDENT,0.0,0.0,0.0,0.0,0.0,0.0,0.0
INCIDENT__223572-webtirf__F3FWY003,F3FWY003,2025-02-11 20:00:00,2025-02-11 17:00:00,2025-02-11 23:00:00,OTHER_DISRUPTION,GROUP__F3FWY003__0010,INCIDENT,0.0,0.0,0.0,0.0,0.0,0.0,0.0
INCIDENT__224250.0-webtirf__F3FWY003,F3FWY003,2025-02-18 03:00:00,2025-02-18 00:00:00,2025-02-18 06:00:00,OTHER_DISRUPTION,GROUP__F3FWY003__0011,INCIDENT,0.0,0.0,0.0,0.0,0.0,0.0,0.0
INCIDENT__224842-webtirf__F3FWY003,F3FWY003,2025-02-24 03:00:00,2025-02-24 00:00:00,2025-02-24 06:00:00,OTHER_DISRUPTION,GROUP__F3FWY003__0012,INCIDENT,0.0,0.0,0.0,0.0,0.0,0.0,0.0
INCIDENT__224950.0-webtirf__F3FWY003,F3FWY003,2025-02-25 03:00:00,2025-02-25 00:00:00,2025-02-25 06:00:00,OTHER_DISRUPTION,GROUP__F3FWY003__0013,INCIDENT,0.0,0.0,0.0,0.0,0.0,0.0,0.0
INCIDENT__226017-webtirf__F3FWY003,F3FWY003,2025-03-06 12:00:00,2025-03-06 09:00:00,2025-03-06 15:00:00,OTHER_DISRUPTION,GROUP__F3FWY003__0014,INCIDENT,0.0,0.0,0.0,0.0,0.0,0.0,0.0
INCIDENT__226713-webtirf__F3FWY003,F3FWY003,2025-03-09 20:00:00,2025-03-09 17:00:00,2025-03-09 23:00:00,OTHER_DISRUPTION,GROUP__F3FWY003__0015,INCIDENT,0.0,0.0,0.0,0.0,0.0,0.0,0.0
INCIDENT__227774-webtirf__F3FWY003,F3FWY003,2025-03-17 19:00:00,2025-03-17 16:00:00,2025-03-17 22:00:00,ACCIDENT,GROUP__F3FWY003__0016,INCIDENT,0.0,0.0,0.0,0.0,0.0,0.0,0.0
INCIDENT__228375-webtirf__F3FWY003,F3FWY003,2025-03-22 17:00:00,2025-03-22 14:00:00,2025-03-22 20:00:00,OTHER_DISRUPTION,GROUP__F3FWY003__0017,INCIDENT,0.0,0.0,0.0,0.0,0.0,0.0,0.0
INCIDENT__229198-webtirf__F3FWY003,F3FWY003,2025-03-28 04:00:00,2025-03-28 01:00:00,2025-03-28 07:00:00,OTHER_DISRUPTION,GROUP__F3FWY003__0018,INCIDENT,0.0,0.0,0.0,0.0,0.0,0.0,0.0
INCIDENT__230527-webtirf__F3FWY003,F3FWY003,2025-04-06 21:00:00,2025-04-06 18:00:00,2025-04-07 00:00:00,OTHER_DISRUPTION,GROUP__F3FWY003__0019,INCIDENT,0.0,0.0,0.0,0.0,0.0,0.0,0.0
INCIDENT__231849-webtirf__F3FWY003,F3FWY003,2025-04-18 00:00:00,2025-04-17 21:00:00,2025-04-18 03:00:00,ACCIDENT,GROUP__F3FWY003__0020,INCIDENT,0.0,0.0,0.0,0.0,0.0,0.0,0.0
INCIDENT__232007-webtirf__F3FWY003,F3FWY003,2025-04-21 00:00:00,2025-04-20 21:00:00,2025-04-21 03:00:00,ACCIDENT,GROUP__F3FWY003__0021,INCIDENT,0.0,0.0,0.0,0.0,0.0,0.0,0.0
INCIDENT__234151-webtirf__F3FWY003,F3FWY003,2025-05-10 03:00:00,2025-05-10 00:00:00,2025-05-10 06:00:00,OTHER_DISRUPTION,GROUP__F3FWY003__0022,INCIDENT,0.0,0.0,0.0,0.0,0.0,0.0,0.0
INCIDENT__234963-webtirf__F3FWY003,F3FWY003,2025-05-18 02:00:00,2025-05-17 23:00:00,2025-05-18 05:00:00,ACCIDENT,GROUP__F3FWY003__0023,INCIDENT,0.0,0.0,0.0,0.0,0.0,0.0,0.0
INCIDENT__235866-webtirf__F3FWY003,F3FWY003,2025-05-21 18:00:00,2025-05-21 15:00:00,2025-05-21 21:00:00,OTHER_DISRUPTION,GROUP__F3FWY003__0024,INCIDENT,0.0,0.0,0.0,0.0,0.0,0.0,0.0
INCIDENT__236522-webtirf__F3FWY003,F3FWY003,2025-05-23 06:00:00,2025-05-23 03:00:00,2025-05-23 09:00:00,OTHER_DISRUPTION,GROUP__F3FWY003__0025,INCIDENT,0.0,0.0,0.0,0.0,0.0,0.0,0.0
INCIDENT__237607-webtirf__F3FWY003,F3FWY003,2025-06-01 08:00:00,2025-06-01 05:00:00,2025-06-01 11:00:00,ACCIDENT,GROUP__F3FWY003__0026,INCIDENT,0.0,0.0,0.0,0.0,0.0,0.0,0.0
INCIDENT__238095-webtirf__F3FWY003,F3FWY003,2025-06-05 00:00:00,2025-06-04 21:00:00,2025-06-05 03:00:00,OTHER_DISRUPTION,GROUP__F3FWY003__0027,INCIDENT,0.0,0.0,0.0,0.0,0.0,0.0,0.0
INCIDENT__242058-webtirf__F3FWY003,F3FWY003,2025-07-13 01:00:00,2025-07-12 22:00:00,2025-07-13 04:00:00,OTHER_DISRUPTION,GROUP__F3FWY003__0028,INCIDENT,0.0,0.0,0.0,0.0,0.0,0.0,0.0
INCIDENT__242464-webtirf__F3FWY003,F3FWY003,2025-07-17 00:00:00,2025-07-16 21:00:00,2025-07-17 03:00:00,ACCIDENT,GROUP__F3FWY003__0029,INCIDENT,0.0,0.0,0.0,0.0,0.0,0.0,0.0
INCIDENT__244351-webtirf__F3FWY003,F3FWY003,2025-08-03 02:00:00,2025-08-02 23:00:00,2025-08-03 05:00:00,ACCIDENT,GROUP__F3FWY003__0030,INCIDENT,45.0,411.0,157.0,89.0,68.0,68.0,174.0
INCIDENT__244980.0-webtirf__F3FWY003,F3FWY003,2025-08-07 08:00:00,2025-08-07 05:00:00,2025-08-07 11:00:00,OTHER_DISRUPTION,GROUP__F3FWY003__0031,INCIDENT,632.0,1450.0,1648.0,1577.0,1727.0,1793.0,1750.0
INCIDENT__245111-webtirf__F3FWY003,F3FWY003,2025-08-08 13:00:00,2025-08-08 10:00:00,2025-08-08 16:00:00,OTHER_DISRUPTION,GROUP__F3FWY003__0032,INCIDENT,599.0,616.0,560.0,602.0,598.0,619.0,605.0
INCIDENT__245115-webtirf__F3FWY003,F3FWY003,2025-08-08 16:00:00,2025-08-08 13:00:00,2025-08-08 19:00:00,OTHER_DISRUPTION,GROUP__F3FWY003__0032,INCIDENT,602.0,598.0,619.0,605.0,465.0,327.0,238.0
INCIDENT__245251-webtirf__F3FWY003,F3FWY003,2025-08-10 08:00:00,2025-08-10 05:00:00,2025-08-10 11:00:00,ACCIDENT,GROUP__F3FWY003__0033,INCIDENT,76.0,105.0,124.0,183.0,216.0,282.0,262.0
INCIDENT__246096-webtirf__F3FWY003,F3FWY003,2025-08-18 12:00:00,2025-08-18 09:00:00,2025-08-18 15:00:00,ACCIDENT,GROUP__F3FWY003__0034,INCIDENT,1626.0,1789.0,1834.0,1760.0,1818.0,2133.0,2655.0
INCIDENT__246969-webtirf__F3FWY003,F3FWY003,2025-08-22 13:00:00,2025-08-22 10:00:00,2025-08-22 16:00:00,OTHER_DISRUPTION,GROUP__F3FWY003__0035,INCIDENT,555.0,602.0,585.0,618.0,580.0,509.0,551.0
INCIDENT__247702-webtirf__F3FWY003,F3FWY003,2025-08-29 23:00:00,2025-08-29 20:00:00,2025-08-30 02:00:00,ACCIDENT,GROUP__F3FWY003__0036,INCIDENT,1146.0,803.0,649.0,450.0,252.0,107.0,100.0
INCIDENT__247745-webtirf__F3FWY003,F3FWY003,2025-08-31 01:00:00,2025-08-30 22:00:00,2025-08-31 04:00:00,ACCIDENT,GROUP__F3FWY003__0037,INCIDENT,793.0,763.0,61.0,27.0,22.0,31.0,50.0
INCIDENT__250869-webtirf__F3FWY003,F3FWY003,2025-09-27 03:00:00,2025-09-27 00:00:00,2025-09-27 06:00:00,OTHER_DISRUPTION,GROUP__F3FWY003__0038,INCIDENT,81.0,58.0,53.0,76.0,121.0,215.0,368.0
INCIDENT__252378-webtirf__F3FWY003,F3FWY003,2025-10-12 23:00:00,2025-10-12 20:00:00,2025-10-13 02:00:00,OTHER_DISRUPTION,GROUP__F3FWY003__0039,INCIDENT,131.0,132.0,127.0,111.0,73.0,82.0,86.0
INCIDENT__252936-webtirf__F3FWY003,F3FWY003,2025-10-17 06:00:00,2025-10-17 03:00:00,2025-10-17 09:00:00,ACCIDENT,GROUP__F3FWY003__0040,INCIDENT,153.0,264.0,491.0,671.0,665.0,585.0,621.0
INCIDENT__253324-webtirf__F3FWY003,F3FWY003,2025-10-21 19:00:00,2025-10-21 16:00:00,2025-10-21 22:00:00,OTHER_DISRUPTION,GROUP__F3FWY003__0041,INCIDENT,630.0,497.0,403.0,314.0,247.0,220.0,197.0
INCIDENT__254565-webtirf__F3FWY003,F3FWY003,2025-11-02 22:00:00,2025-11-02 19:00:00,2025-11-03 01:00:00,OTHER_DISRUPTION,GROUP__F3FWY003__0042,INCIDENT,198.0,129.0,111.0,114.0,96.0,243.0,108.0
INCIDENT__254982-webtirf__F3FWY003,F3FWY003,2025-11-07 01:00:00,2025-11-06 22:00:00,2025-11-07 04:00:00,OTHER_DISRUPTION,GROUP__F3FWY003__0043,INCIDENT,173.0,145.0,135.0,91.0,117.0,204.0,632.0
INCIDENT__255402-webtirf__F3FWY003,F3FWY003,2025-11-11 19:00:00,2025-11-11 16:00:00,2025-11-11 22:00:00,ACCIDENT,GROUP__F3FWY003__0044,INCIDENT,3145.0,2921.0,1997.0,1111.0,813.0,637.0,522.0
INCIDENT__256286-webtirf__F3FWY003,F3FWY003,2025-11-20 02:00:00,2025-11-19 23:00:00,2025-11-20 05:00:00,ACCIDENT,GROUP__F3FWY003__0045,INCIDENT,364.0,211.0,99.0,77.0,101.0,217.0,712.0
INCIDENT__256465-webtirf__F3FWY003,F3FWY003,2025-11-21 05:00:00,2025-11-21 02:00:00,2025-11-21 08:00:00,OTHER_DISRUPTION,GROUP__F3FWY003__0046,INCIDENT,81.0,89.0,219.0,701.0,1376.0,1675.0,1672.0
INCIDENT__256754-webtirf__F3FWY003,F3FWY003,2025-11-24 04:00:00,2025-11-24 01:00:00,2025-11-24 07:00:00,OTHER_DISRUPTION,GROUP__F3FWY003__0047,INCIDENT,105.0,107.0,235.0,709.0,2077.0,3188.0,3231.0
INCIDENT__258674-webtirf__F3FWY003,F3FWY003,2025-12-09 23:00:00,2025-12-09 20:00:00,2025-12-10 02:00:00,OTHER_DISRUPTION,GROUP__F3FWY003__0048,INCIDENT,237.0,162.0,186.0,126.0,111.0,114.0,117.0
INCIDENT__258920-webtirf__F3FWY003,F3FWY003,2025-12-11 22:00:00,2025-12-11 19:00:00,2025-12-12 01:00:00,OTHER_DISRUPTION,GROUP__F3FWY003__0049,INCIDENT,1025.0,687.0,562.0,331.0,201.0,107.0,103.0
INCIDENT__258920.0-webtirf__F3FWY003,F3FWY003,2025-12-11 22:00:00,2025-12-11 19:00:00,2025-12-12 01:00:00,OTHER_DISRUPTION,GROUP__F3FWY003__0049,INCIDENT,1025.0,687.0,562.0,331.0,201.0,107.0,103.0
INCIDENT__259088-webtirf__F3FWY003,F3FWY003,2025-12-12 06:00:00,2025-12-12 03:00:00,2025-12-12 09:00:00,ACCIDENT,GROUP__F3FWY003__0050,INCIDENT,133.0,276.0,251.0,270.0,486.0,478.0,547.0
INCIDENT__259123-webtirf__F3FWY003,F3FWY003,2025-12-12 12:00:00,2025-12-12 09:00:00,2025-12-12 15:00:00,OTHER_DISRUPTION,GROUP__F3FWY003__0050,INCIDENT,547.0,628.0,648.0,611.0,628.0,593.0,550.0
INCIDENT__259528-webtirf__F3FWY003,F3FWY003,2025-12-17 09:00:00,2025-12-17 06:00:00,2025-12-17 12:00:00,ACCIDENT,GROUP__F3FWY003__0051,INCIDENT,963.0,711.0,605.0,650.0,663.0,665.0,616.0
INCIDENT__260075-webtirf__F3FWY003,F3FWY003,2025-12-22 20:00:00,2025-12-22 17:00:00,2025-12-22 23:00:00,OTHER_DISRUPTION,GROUP__F3FWY003__0052,INCIDENT,423.0,286.0,281.0,244.0,213.0,180.0,186.0
INCIDENT__221662-webtirf__F3FWY004,F3FWY004,2025-01-23 00:00:00,2025-01-22 21:00:00,2025-01-23 03:00:00,OTHER_DISRUPTION,GROUP__F3FWY004__0001,INCIDENT,0.0,0.0,0.0,0.0,0.0,0.0,0.0
INCIDENT__224568-webtirf__F3FWY004,F3FWY004,2025-02-20 22:00:00,2025-02-20 19:00:00,2025-02-21 01:00:00,ACCIDENT,GROUP__F3FWY004__0002,INCIDENT,0.0,0.0,0.0,0.0,0.0,0.0,0.0
INCIDENT__231681-webtirf__F3FWY004,F3FWY004,2025-04-16 07:00:00,2025-04-16 04:00:00,2025-04-16 10:00:00,OTHER_DISRUPTION,GROUP__F3FWY004__0003,INCIDENT,0.0,0.0,0.0,0.0,0.0,0.0,0.0
INCIDENT__242069-webtirf__F3FWY004,F3FWY004,2025-07-13 07:00:00,2025-07-13 04:00:00,2025-07-13 10:00:00,ACCIDENT,GROUP__F3FWY004__0004,INCIDENT,29.0,64.0,85.0,135.0,175.0,236.0,289.0
INCIDENT__243528-webtirf__F3FWY004,F3FWY004,2025-07-27 23:00:00,2025-07-27 20:00:00,2025-07-28 02:00:00,OTHER_DISRUPTION,GROUP__F3FWY004__0005,INCIDENT,637.0,628.0,310.0,174.0,20.0,26.0,31.0
INCIDENT__244164-webtirf__F3FWY004,F3FWY004,2025-08-02 05:00:00,2025-08-02 02:00:00,2025-08-02 08:00:00,OTHER_DISRUPTION,GROUP__F3FWY004__0006,INCIDENT,53.0,73.0,108.0,119.0,137.0,159.0,184.0
INCIDENT__247644-webtirf__F3FWY004,F3FWY004,2025-08-29 06:00:00,2025-08-29 03:00:00,2025-08-29 09:00:00,ACCIDENT,GROUP__F3FWY004__0007,INCIDENT,116.0,216.0,622.0,1399.0,1436.0,1474.0,1855.0
INCIDENT__254038-webtirf__F3FWY004,F3FWY004,2025-10-28 19:00:00,2025-10-28 16:00:00,2025-10-28 22:00:00,OTHER_DISRUPTION,GROUP__F3FWY004__0008,INCIDENT,0.0,0.0,0.0,0.0,0.0,0.0,0.0
INCIDENT__254234-webtirf__F3FWY004,F3FWY004,2025-10-30 04:00:00,2025-10-30 01:00:00,2025-10-30 07:00:00,OTHER_DISRUPTION,GROUP__F3FWY004__0009,INCIDENT,117.0,98.0,141.0,243.0,473.0,731.0,600.0
INCIDENT__254520-webtirf__F3FWY004,F3FWY004,2025-11-02 03:00:00,2025-11-02 00:00:00,2025-11-02 06:00:00,OTHER_DISRUPTION,GROUP__F3FWY004__0010,INCIDENT,17.0,6.0,18.0,30.0,47.0,88.0,125.0
INCIDENT__254520.0-webtirf__F3FWY004,F3FWY004,2025-11-02 03:00:00,2025-11-02 00:00:00,2025-11-02 06:00:00,OTHER_DISRUPTION,GROUP__F3FWY004__0010,INCIDENT,17.0,6.0,18.0,30.0,47.0,88.0,125.0
INCIDENT__256638-webtirf__F3FWY004,F3FWY004,2025-11-23 05:00:00,2025-11-23 02:00:00,2025-11-23 08:00:00,OTHER_DISRUPTION,GROUP__F3FWY004__0011,INCIDENT,120.0,84.0,141.0,274.0,552.0,936.0,1384.0
INCIDENT__256929-webtirf__F3FWY004,F3FWY004,2025-11-25 16:00:00,2025-11-25 13:00:00,2025-11-25 19:00:00,OTHER_DISRUPTION,GROUP__F3FWY004__0012,INCIDENT,1871.0,2192.0,2697.0,3155.0,2680.0,1855.0,1157.0
INCIDENT__257678-webtirf__F3FWY004,F3FWY004,2025-11-30 16:00:00,2025-11-30 13:00:00,2025-11-30 19:00:00,OTHER_DISRUPTION,GROUP__F3FWY004__0013,INCIDENT,0.0,0.0,0.0,0.0,0.0,0.0,0.0
INCIDENT__258786-webtirf__F3FWY004,F3FWY004,2025-12-10 19:00:00,2025-12-10 16:00:00,2025-12-10 22:00:00,ACCIDENT,GROUP__F3FWY004__0014,INCIDENT,654.0,496.0,417.0,344.0,263.0,228.0,217.0
INCIDENT__221973-webtirf__F3FWY005,F3FWY005,2025-01-27 10:00:00,2025-01-27 07:00:00,2025-01-27 13:00:00,OTHER_DISRUPTION,GROUP__F3FWY005__0001,INCIDENT,0.0,0.0,0.0,0.0,0.0,0.0,0.0
INCIDENT__226976-webtirf__F3FWY005,F3FWY005,2025-03-10 20:00:00,2025-03-10 17:00:00,2025-03-10 23:00:00,OTHER_DISRUPTION,GROUP__F3FWY005__0002,INCIDENT,0.0,0.0,0.0,0.0,0.0,0.0,0.0
INCIDENT__241633-webtirf__F3FWY005,F3FWY005,2025-07-08 19:00:00,2025-07-08 16:00:00,2025-07-08 22:00:00,OTHER_DISRUPTION,GROUP__F3FWY005__0003,INCIDENT,0.0,0.0,0.0,0.0,0.0,0.0,0.0
INCIDENT__249524-webtirf__F3FWY005,F3FWY005,2025-09-14 09:00:00,2025-09-14 06:00:00,2025-09-14 12:00:00,OTHER_DISRUPTION,GROUP__F3FWY005__0004,INCIDENT,132.0,137.0,200.0,244.0,325.0,350.0,339.0
INCIDENT__250789-webtirf__F3FWY005,F3FWY005,2025-09-26 04:00:00,2025-09-26 01:00:00,2025-09-26 07:00:00,OTHER_DISRUPTION,GROUP__F3FWY005__0005,INCIDENT,113.0,133.0,188.0,364.0,722.0,700.0,523.0
INCIDENT__251681-webtirf__F3FWY005,F3FWY005,2025-10-06 06:00:00,2025-10-06 03:00:00,2025-10-06 09:00:00,OTHER_DISRUPTION,GROUP__F3FWY005__0006,INCIDENT,8.0,26.0,36.0,64.0,71.0,122.0,195.0
INCIDENT__258841-webtirf__F3FWY005,F3FWY005,2025-12-11 03:00:00,2025-12-11 00:00:00,2025-12-11 06:00:00,OTHER_DISRUPTION,GROUP__F3FWY005__0007,INCIDENT,0.0,0.0,0.0,0.0,0.0,0.0,0.0
INCIDENT__219896-webtirf__F3FWY006,F3FWY006,2025-01-08 02:00:00,2025-01-07 23:00:00,2025-01-08 05:00:00,ACCIDENT,GROUP__F3FWY006__0001,INCIDENT,120.0,0.0,0.0,0.0,0.0,0.0,0.0
INCIDENT__221850.0-webtirf__F3FWY006,F3FWY006,2025-01-24 23:00:00,2025-01-24 20:00:00,2025-01-25 02:00:00,OTHER_DISRUPTION,GROUP__F3FWY006__0002,INCIDENT,0.0,0.0,0.0,0.0,0.0,0.0,0.0
INCIDENT__230015-webtirf__F3FWY006,F3FWY006,2025-04-02 03:00:00,2025-04-02 00:00:00,2025-04-02 06:00:00,OTHER_DISRUPTION,GROUP__F3FWY006__0003,INCIDENT,0.0,0.0,0.0,0.0,0.0,0.0,0.0
INCIDENT__243116-webtirf__F3FWY006,F3FWY006,2025-07-24 02:00:00,2025-07-23 23:00:00,2025-07-24 05:00:00,OTHER_DISRUPTION,GROUP__F3FWY006__0004,INCIDENT,120.0,76.0,55.0,90.0,203.0,610.0,1515.0
INCIDENT__252277-webtirf__F3FWY006,F3FWY006,2025-10-11 05:00:00,2025-10-11 02:00:00,2025-10-11 08:00:00,OTHER_DISRUPTION,GROUP__F3FWY006__0005,INCIDENT,55.0,131.0,247.0,510.0,735.0,1084.0,1641.0
INCIDENT__255184-webtirf__F3FWY006,F3FWY006,2025-11-09 08:00:00,2025-11-09 05:00:00,2025-11-09 11:00:00,ACCIDENT,GROUP__F3FWY006__0006,INCIDENT,0.0,0.0,0.0,0.0,0.0,0.0,0.0
INCIDENT__220680.0-webtirf__T0085,T0085,2025-01-15 10:00:00,2025-01-15 07:00:00,2025-01-15 13:00:00,OTHER_DISRUPTION,GROUP__T0085__0001,INCIDENT,5.0,9.0,8.0,10.0,5.0,3.0,10.0
INCIDENT__220873-webtirf__T0085,T0085,2025-01-16 10:00:00,2025-01-16 07:00:00,2025-01-16 13:00:00,OTHER_DISRUPTION,GROUP__T0085__0002,INCIDENT,81.0,87.0,71.0,108.0,100.0,81.0,91.0
INCIDENT__226507-webtirf__T0085,T0085,2025-03-08 09:00:00,2025-03-08 06:00:00,2025-03-08 12:00:00,ACCIDENT,GROUP__T0085__0003,INCIDENT,25.0,112.0,96.0,100.0,151.0,180.0,169.0
INCIDENT__228933-webtirf__T0085,T0085,2025-03-27 06:00:00,2025-03-27 03:00:00,2025-03-27 09:00:00,OTHER_DISRUPTION,GROUP__T0085__0004,INCIDENT,3.0,2.0,23.0,84.0,132.0,147.0,107.0
INCIDENT__220876-webtirf__T0231,T0231,2025-01-16 13:00:00,2025-01-16 10:00:00,2025-01-16 16:00:00,ACCIDENT,GROUP__T0231__0001,INCIDENT,861.0,760.0,546.0,862.0,886.0,980.0,1123.0
INCIDENT__227635-webtirf__T0231,T0231,2025-03-16 05:00:00,2025-03-16 02:00:00,2025-03-16 08:00:00,OTHER_DISRUPTION,GROUP__T0231__0002,INCIDENT,0.0,0.0,0.0,0.0,0.0,0.0,0.0
INCIDENT__229636-webtirf__T0231,T0231,2025-03-30 19:00:00,2025-03-30 16:00:00,2025-03-30 22:00:00,ACCIDENT,GROUP__T0231__0003,INCIDENT,1072.0,1095.0,925.0,591.0,532.0,471.0,279.0
INCIDENT__235119-webtirf__T0231,T0231,2025-05-19 01:00:00,2025-05-18 22:00:00,2025-05-19 04:00:00,OTHER_DISRUPTION,GROUP__T0231__0004,INCIDENT,9.0,10.0,6.0,2.0,4.0,12.0,30.0
INCIDENT__237053-webtirf__T0231,T0231,2025-05-27 02:00:00,2025-05-26 23:00:00,2025-05-27 05:00:00,ACCIDENT,GROUP__T0231__0005,INCIDENT,106.0,58.0,51.0,45.0,74.0,237.0,713.0
INCIDENT__238033-webtirf__T0231,T0231,2025-06-04 11:00:00,2025-06-04 08:00:00,2025-06-04 14:00:00,OTHER_DISRUPTION,GROUP__T0231__0006,INCIDENT,101.0,112.0,120.0,107.0,87.0,102.0,91.0
INCIDENT__239331-webtirf__T0231,T0231,2025-06-17 09:00:00,2025-06-17 06:00:00,2025-06-17 12:00:00,ACCIDENT,GROUP__T0231__0007,INCIDENT,216.0,118.0,99.0,109.0,106.0,100.0,98.0
INCIDENT__243694-webtirf__T0231,T0231,2025-07-29 09:00:00,2025-07-29 06:00:00,2025-07-29 12:00:00,ACCIDENT,GROUP__T0231__0008,INCIDENT,202.0,114.0,118.0,106.0,97.0,96.0,90.0
INCIDENT__248488-webtirf__T0231,T0231,2025-09-07 20:00:00,2025-09-07 17:00:00,2025-09-07 23:00:00,OTHER_DISRUPTION,GROUP__T0231__0009,INCIDENT,36.0,34.0,39.0,26.0,18.0,8.0,13.0
INCIDENT__249943-webtirf__T0231,T0231,2025-09-18 05:00:00,2025-09-18 02:00:00,2025-09-18 08:00:00,ACCIDENT,GROUP__T0231__0010,INCIDENT,13.0,13.0,33.0,103.0,223.0,126.0,109.0
INCIDENT__250633-webtirf__T0231,T0231,2025-09-25 03:00:00,2025-09-25 00:00:00,2025-09-25 06:00:00,OTHER_DISRUPTION,GROUP__T0231__0011,INCIDENT,86.0,51.0,48.0,87.0,231.0,734.0,1298.0
INCIDENT__253601-webtirf__T0231,T0231,2025-10-23 22:00:00,2025-10-23 19:00:00,2025-10-24 01:00:00,OTHER_DISRUPTION,GROUP__T0231__0012,INCIDENT,851.0,634.0,569.0,427.0,225.0,127.0,79.0
INCIDENT__256690-webtirf__T0231,T0231,2025-11-23 22:00:00,2025-11-23 19:00:00,2025-11-24 01:00:00,OTHER_DISRUPTION,GROUP__T0231__0013,INCIDENT,42.0,25.0,25.0,21.0,12.0,95.0,55.0
INCIDENT__256690.0-webtirf__T0231,T0231,2025-11-23 22:00:00,2025-11-23 19:00:00,2025-11-24 01:00:00,OTHER_DISRUPTION,GROUP__T0231__0013,INCIDENT,42.0,25.0,25.0,21.0,12.0,95.0,55.0
INCIDENT__225248-webtirf__T0288,T0288,2025-02-27 22:00:00,2025-02-27 19:00:00,2025-02-28 01:00:00,OTHER_DISRUPTION,GROUP__T0288__0001,INCIDENT,0.0,0.0,0.0,0.0,0.0,0.0,0.0
INCIDENT__228179-webtirf__T0288,T0288,2025-03-20 23:00:00,2025-03-20 20:00:00,2025-03-21 02:00:00,OTHER_DISRUPTION,GROUP__T0288__0002,INCIDENT,182.0,181.0,144.0,113.0,1.0,4.0,0.0
INCIDENT__230679-webtirf__T0288,T0288,2025-04-08 02:00:00,2025-04-07 23:00:00,2025-04-08 05:00:00,ACCIDENT,GROUP__T0288__0003,INCIDENT,0.0,88.0,86.0,90.0,109.0,186.0,328.0
INCIDENT__231158-webtirf__T0288,T0288,2025-04-11 06:00:00,2025-04-11 03:00:00,2025-04-11 09:00:00,OTHER_DISRUPTION,GROUP__T0288__0004,INCIDENT,0.0,0.0,0.0,0.0,0.0,0.0,0.0
INCIDENT__231614-webtirf__T0288,T0288,2025-04-16 00:00:00,2025-04-15 21:00:00,2025-04-16 03:00:00,OTHER_DISRUPTION,GROUP__T0288__0005,INCIDENT,1.0,0.0,2.0,92.0,96.0,90.0,116.0
INCIDENT__238492-webtirf__T0288,T0288,2025-06-09 19:00:00,2025-06-09 16:00:00,2025-06-09 22:00:00,OTHER_DISRUPTION,GROUP__T0288__0006,INCIDENT,0.0,0.0,0.0,0.0,0.0,0.0,0.0
INCIDENT__239509-webtirf__T0288,T0288,2025-06-19 03:00:00,2025-06-19 00:00:00,2025-06-19 06:00:00,OTHER_DISRUPTION,GROUP__T0288__0007,INCIDENT,0.0,0.0,0.0,0.0,0.0,0.0,0.0
INCIDENT__239630.0-webtirf__T0288,T0288,2025-06-20 03:00:00,2025-06-20 00:00:00,2025-06-20 06:00:00,OTHER_DISRUPTION,GROUP__T0288__0008,INCIDENT,0.0,0.0,0.0,0.0,0.0,0.0,0.0
INCIDENT__241643-webtirf__T0288,T0288,2025-07-08 21:00:00,2025-07-08 18:00:00,2025-07-09 00:00:00,OTHER_DISRUPTION,GROUP__T0288__0009,INCIDENT,0.0,0.0,0.0,0.0,0.0,0.0,0.0
INCIDENT__242906-webtirf__T0288,T0288,2025-07-22 00:00:00,2025-07-21 21:00:00,2025-07-22 03:00:00,ACCIDENT,GROUP__T0288__0010,INCIDENT,0.0,0.0,0.0,0.0,0.0,0.0,0.0
INCIDENT__253709-webtirf__T0288,T0288,2025-10-24 18:00:00,2025-10-24 15:00:00,2025-10-24 21:00:00,OTHER_DISRUPTION,GROUP__T0288__0011,INCIDENT,0.0,0.0,0.0,0.0,0.0,0.0,0.0
INCIDENT__254695-webtirf__T0288,T0288,2025-11-04 01:00:00,2025-11-03 22:00:00,2025-11-04 04:00:00,OTHER_DISRUPTION,GROUP__T0288__0012,INCIDENT,0.0,0.0,0.0,0.0,0.0,0.0,0.0
INCIDENT__255833-webtirf__T0288,T0288,2025-11-15 13:00:00,2025-11-15 10:00:00,2025-11-15 16:00:00,OTHER_DISRUPTION,GROUP__T0288__0013,INCIDENT,0.0,0.0,0.0,0.0,0.0,0.0,0.0
INCIDENT__256079-webtirf__T0288,T0288,2025-11-18 04:00:00,2025-11-18 01:00:00,2025-11-18 07:00:00,ACCIDENT,GROUP__T0288__0014,INCIDENT,0.0,0.0,0.0,0.0,0.0,0.0,0.0
INCIDENT__257371-webtirf__T0288,T0288,2025-11-28 00:00:00,2025-11-27 21:00:00,2025-11-28 03:00:00,OTHER_DISRUPTION,GROUP__T0288__0015,INCIDENT,0.0,0.0,0.0,0.0,0.0,0.0,0.0
INCIDENT__258119-webtirf__T0288,T0288,2025-12-04 06:00:00,2025-12-04 03:00:00,2025-12-04 09:00:00,OTHER_DISRUPTION,GROUP__T0288__0016,INCIDENT,0.0,0.0,0.0,0.0,0.0,0.0,0.0
INCIDENT__225248-webtirf__T0289,T0289,2025-02-27 22:00:00,2025-02-27 19:00:00,2025-02-28 01:00:00,OTHER_DISRUPTION,GROUP__T0289__0001,INCIDENT,0.0,0.0,0.0,0.0,0.0,0.0,0.0
INCIDENT__228179-webtirf__T0289,T0289,2025-03-20 23:00:00,2025-03-20 20:00:00,2025-03-21 02:00:00,OTHER_DISRUPTION,GROUP__T0289__0002,INCIDENT,0.0,0.0,0.0,0.0,0.0,0.0,0.0
INCIDENT__230679-webtirf__T0289,T0289,2025-04-08 02:00:00,2025-04-07 23:00:00,2025-04-08 05:00:00,ACCIDENT,GROUP__T0289__0003,INCIDENT,0.0,0.0,0.0,3.0,0.0,2.0,0.0
INCIDENT__231158-webtirf__T0289,T0289,2025-04-11 06:00:00,2025-04-11 03:00:00,2025-04-11 09:00:00,OTHER_DISRUPTION,GROUP__T0289__0004,INCIDENT,0.0,0.0,0.0,0.0,0.0,0.0,0.0
INCIDENT__231614-webtirf__T0289,T0289,2025-04-16 00:00:00,2025-04-15 21:00:00,2025-04-16 03:00:00,OTHER_DISRUPTION,GROUP__T0289__0005,INCIDENT,1.0,0.0,2.0,3.0,0.0,0.0,0.0
INCIDENT__238492-webtirf__T0289,T0289,2025-06-09 19:00:00,2025-06-09 16:00:00,2025-06-09 22:00:00,OTHER_DISRUPTION,GROUP__T0289__0006,INCIDENT,0.0,0.0,0.0,0.0,0.0,0.0,0.0
INCIDENT__239509-webtirf__T0289,T0289,2025-06-19 03:00:00,2025-06-19 00:00:00,2025-06-19 06:00:00,OTHER_DISRUPTION,GROUP__T0289__0007,INCIDENT,0.0,0.0,0.0,0.0,0.0,0.0,0.0
INCIDENT__239630.0-webtirf__T0289,T0289,2025-06-20 03:00:00,2025-06-20 00:00:00,2025-06-20 06:00:00,OTHER_DISRUPTION,GROUP__T0289__0008,INCIDENT,0.0,0.0,0.0,0.0,0.0,0.0,0.0
INCIDENT__241643-webtirf__T0289,T0289,2025-07-08 21:00:00,2025-07-08 18:00:00,2025-07-09 00:00:00,OTHER_DISRUPTION,GROUP__T0289__0009,INCIDENT,0.0,0.0,0.0,0.0,0.0,0.0,0.0
INCIDENT__242906-webtirf__T0289,T0289,2025-07-22 00:00:00,2025-07-21 21:00:00,2025-07-22 03:00:00,ACCIDENT,GROUP__T0289__0010,INCIDENT,0.0,0.0,0.0,0.0,0.0,0.0,0.0
INCIDENT__253709-webtirf__T0289,T0289,2025-10-24 18:00:00,2025-10-24 15:00:00,2025-10-24 21:00:00,OTHER_DISRUPTION,GROUP__T0289__0011,INCIDENT,0.0,0.0,0.0,0.0,0.0,0.0,0.0
INCIDENT__254695-webtirf__T0289,T0289,2025-11-04 01:00:00,2025-11-03 22:00:00,2025-11-04 04:00:00,OTHER_DISRUPTION,GROUP__T0289__0012,INCIDENT,0.0,0.0,0.0,0.0,0.0,0.0,0.0
INCIDENT__255833-webtirf__T0289,T0289,2025-11-15 13:00:00,2025-11-15 10:00:00,2025-11-15 16:00:00,OTHER_DISRUPTION,GROUP__T0289__0013,INCIDENT,0.0,0.0,0.0,0.0,0.0,0.0,0.0
INCIDENT__256079-webtirf__T0289,T0289,2025-11-18 04:00:00,2025-11-18 01:00:00,2025-11-18 07:00:00,ACCIDENT,GROUP__T0289__0014,INCIDENT,0.0,0.0,0.0,0.0,0.0,0.0,0.0
INCIDENT__257371-webtirf__T0289,T0289,2025-11-28 00:00:00,2025-11-27 21:00:00,2025-11-28 03:00:00,OTHER_DISRUPTION,GROUP__T0289__0015,INCIDENT,0.0,0.0,0.0,0.0,0.0,0.0,0.0
INCIDENT__258119-webtirf__T0289,T0289,2025-12-04 06:00:00,2025-12-04 03:00:00,2025-12-04 09:00:00,OTHER_DISRUPTION,GROUP__T0289__0016,INCIDENT,0.0,0.0,0.0,0.0,0.0,0.0,0.0
INCIDENT__225248-webtirf__T0290,T0290,2025-02-27 22:00:00,2025-02-27 19:00:00,2025-02-28 01:00:00,OTHER_DISRUPTION,GROUP__T0290__0001,INCIDENT,0.0,0.0,0.0,0.0,0.0,0.0,0.0
INCIDENT__228179-webtirf__T0290,T0290,2025-03-20 23:00:00,2025-03-20 20:00:00,2025-03-21 02:00:00,OTHER_DISRUPTION,GROUP__T0290__0002,INCIDENT,0.0,0.0,0.0,0.0,0.0,0.0,0.0
INCIDENT__230679-webtirf__T0290,T0290,2025-04-08 02:00:00,2025-04-07 23:00:00,2025-04-08 05:00:00,ACCIDENT,GROUP__T0290__0003,INCIDENT,0.0,88.0,86.0,90.0,109.0,185.0,328.0
INCIDENT__231158-webtirf__T0290,T0290,2025-04-11 06:00:00,2025-04-11 03:00:00,2025-04-11 09:00:00,OTHER_DISRUPTION,GROUP__T0290__0004,INCIDENT,0.0,0.0,0.0,0.0,0.0,0.0,0.0
INCIDENT__231614-webtirf__T0290,T0290,2025-04-16 00:00:00,2025-04-15 21:00:00,2025-04-16 03:00:00,OTHER_DISRUPTION,GROUP__T0290__0005,INCIDENT,160.0,127.0,137.0,4.0,0.0,0.0,0.0
INCIDENT__238492-webtirf__T0290,T0290,2025-06-09 19:00:00,2025-06-09 16:00:00,2025-06-09 22:00:00,OTHER_DISRUPTION,GROUP__T0290__0006,INCIDENT,0.0,0.0,0.0,0.0,0.0,0.0,0.0
INCIDENT__239509-webtirf__T0290,T0290,2025-06-19 03:00:00,2025-06-19 00:00:00,2025-06-19 06:00:00,OTHER_DISRUPTION,GROUP__T0290__0007,INCIDENT,0.0,0.0,0.0,0.0,0.0,0.0,0.0
INCIDENT__239630.0-webtirf__T0290,T0290,2025-06-20 03:00:00,2025-06-20 00:00:00,2025-06-20 06:00:00,OTHER_DISRUPTION,GROUP__T0290__0008,INCIDENT,0.0,0.0,0.0,0.0,0.0,0.0,0.0
INCIDENT__241643-webtirf__T0290,T0290,2025-07-08 21:00:00,2025-07-08 18:00:00,2025-07-09 00:00:00,OTHER_DISRUPTION,GROUP__T0290__0009,INCIDENT,0.0,0.0,0.0,0.0,2.0,0.0,85.0
INCIDENT__242906-webtirf__T0290,T0290,2025-07-22 00:00:00,2025-07-21 21:00:00,2025-07-22 03:00:00,ACCIDENT,GROUP__T0290__0010,INCIDENT,0.0,0.0,3.0,0.0,0.0,1.0,0.0
INCIDENT__253709-webtirf__T0290,T0290,2025-10-24 18:00:00,2025-10-24 15:00:00,2025-10-24 21:00:00,OTHER_DISRUPTION,GROUP__T0290__0011,INCIDENT,0.0,0.0,0.0,0.0,0.0,0.0,0.0
INCIDENT__254695-webtirf__T0290,T0290,2025-11-04 01:00:00,2025-11-03 22:00:00,2025-11-04 04:00:00,OTHER_DISRUPTION,GROUP__T0290__0012,INCIDENT,4.0,0.0,88.0,89.0,95.0,109.0,153.0
INCIDENT__255833-webtirf__T0290,T0290,2025-11-15 13:00:00,2025-11-15 10:00:00,2025-11-15 16:00:00,OTHER_DISRUPTION,GROUP__T0290__0013,INCIDENT,2.0,2.0,1.0,1.0,1.0,1.0,0.0
INCIDENT__256079-webtirf__T0290,T0290,2025-11-18 04:00:00,2025-11-18 01:00:00,2025-11-18 07:00:00,ACCIDENT,GROUP__T0290__0014,INCIDENT,0.0,0.0,2.0,0.0,1.0,1.0,0.0
INCIDENT__257371-webtirf__T0290,T0290,2025-11-28 00:00:00,2025-11-27 21:00:00,2025-11-28 03:00:00,OTHER_DISRUPTION,GROUP__T0290__0015,INCIDENT,0.0,0.0,0.0,0.0,0.0,0.0,2.0
INCIDENT__258119-webtirf__T0290,T0290,2025-12-04 06:00:00,2025-12-04 03:00:00,2025-12-04 09:00:00,OTHER_DISRUPTION,GROUP__T0290__0016,INCIDENT,0.0,0.0,0.0,0.0,0.0,0.0,0.0
INCIDENT__233907-webtirf__T0337,T0337,2025-05-07 23:00:00,2025-05-07 20:00:00,2025-05-08 02:00:00,OTHER_DISRUPTION,GROUP__T0337__0001,INCIDENT,1.0,1.0,0.0,0.0,0.0,0.0,0.0
INCIDENT__234592-webtirf__T0337,T0337,2025-05-14 19:00:00,2025-05-14 16:00:00,2025-05-14 22:00:00,OTHER_DISRUPTION,GROUP__T0337__0002,INCIDENT,45.0,20.0,11.0,3.0,5.0,2.0,1.0
INCIDENT__229110.0-webtirf__T0342,T0342,2025-03-27 23:00:00,2025-03-27 20:00:00,2025-03-28 02:00:00,OTHER_DISRUPTION,GROUP__T0342__0001,INCIDENT,29.0,20.0,12.0,6.0,0.0,1.0,0.0
INCIDENT__252680-webtirf__T0342,T0342,2025-10-15 08:00:00,2025-10-15 05:00:00,2025-10-15 11:00:00,OTHER_DISRUPTION,GROUP__T0342__0002,INCIDENT,15.0,75.0,150.0,149.0,97.0,139.0,99.0
INCIDENT__252680.0-webtirf__T0342,T0342,2025-10-15 08:00:00,2025-10-15 05:00:00,2025-10-15 11:00:00,OTHER_DISRUPTION,GROUP__T0342__0002,INCIDENT,15.0,75.0,150.0,149.0,97.0,139.0,99.0
INCIDENT__239295-webtirf__T0345,T0345,2025-06-17 04:00:00,2025-06-17 01:00:00,2025-06-17 07:00:00,ACCIDENT,GROUP__T0345__0001,INCIDENT,9.0,7.0,4.0,9.0,40.0,135.0,350.0
INCIDENT__248411-webtirf__T0345,T0345,2025-09-06 22:00:00,2025-09-06 19:00:00,2025-09-07 01:00:00,ACCIDENT,GROUP__T0345__0002,INCIDENT,301.0,310.0,172.0,197.0,148.0,98.0,38.0
INCIDENT__259488-webtirf__T0345,T0345,2025-12-17 04:00:00,2025-12-17 01:00:00,2025-12-17 07:00:00,ACCIDENT,GROUP__T0345__0003,INCIDENT,2.0,1.0,0.0,5.0,22.0,52.0,64.0
INCIDENT__225248-webtirf__T0479-PR,T0479-PR,2025-02-27 22:00:00,2025-02-27 19:00:00,2025-02-28 01:00:00,OTHER_DISRUPTION,GROUP__T0479-PR__0001,INCIDENT,0.0,0.0,0.0,0.0,0.0,0.0,0.0
INCIDENT__228179-webtirf__T0479-PR,T0479-PR,2025-03-20 23:00:00,2025-03-20 20:00:00,2025-03-21 02:00:00,OTHER_DISRUPTION,GROUP__T0479-PR__0002,INCIDENT,53.0,45.0,32.0,27.0,95.0,57.0,100.0
INCIDENT__230679-webtirf__T0479-PR,T0479-PR,2025-04-08 02:00:00,2025-04-07 23:00:00,2025-04-08 05:00:00,ACCIDENT,GROUP__T0479-PR__0003,INCIDENT,36.0,13.0,21.0,25.0,37.0,136.0,503.0
INCIDENT__231158-webtirf__T0479-PR,T0479-PR,2025-04-11 06:00:00,2025-04-11 03:00:00,2025-04-11 09:00:00,OTHER_DISRUPTION,GROUP__T0479-PR__0004,INCIDENT,102.0,196.0,587.0,1309.0,1483.0,1582.0,1672.0
INCIDENT__231614-webtirf__T0479-PR,T0479-PR,2025-04-16 00:00:00,2025-04-15 21:00:00,2025-04-16 03:00:00,OTHER_DISRUPTION,GROUP__T0479-PR__0005,INCIDENT,45.0,33.0,24.0,18.0,22.0,14.0,44.0
INCIDENT__238492-webtirf__T0479-PR,T0479-PR,2025-06-09 19:00:00,2025-06-09 16:00:00,2025-06-09 22:00:00,OTHER_DISRUPTION,GROUP__T0479-PR__0006,INCIDENT,171.0,84.0,68.0,85.0,57.0,32.0,25.0
INCIDENT__239509-webtirf__T0479-PR,T0479-PR,2025-06-19 03:00:00,2025-06-19 00:00:00,2025-06-19 06:00:00,OTHER_DISRUPTION,GROUP__T0479-PR__0007,INCIDENT,0.0,0.0,0.0,0.0,0.0,0.0,0.0
INCIDENT__239630.0-webtirf__T0479-PR,T0479-PR,2025-06-20 03:00:00,2025-06-20 00:00:00,2025-06-20 06:00:00,OTHER_DISRUPTION,GROUP__T0479-PR__0008,INCIDENT,45.0,19.0,15.0,10.0,17.0,64.0,142.0
INCIDENT__241643-webtirf__T0479-PR,T0479-PR,2025-07-08 21:00:00,2025-07-08 18:00:00,2025-07-09 00:00:00,OTHER_DISRUPTION,GROUP__T0479-PR__0009,INCIDENT,166.0,91.0,62.0,43.0,27.0,17.0,134.0
INCIDENT__242906-webtirf__T0479-PR,T0479-PR,2025-07-22 00:00:00,2025-07-21 21:00:00,2025-07-22 03:00:00,ACCIDENT,GROUP__T0479-PR__0010,INCIDENT,344.0,209.0,121.0,19.0,13.0,11.0,18.0
INCIDENT__253709-webtirf__T0479-PR,T0479-PR,2025-10-24 18:00:00,2025-10-24 15:00:00,2025-10-24 21:00:00,OTHER_DISRUPTION,GROUP__T0479-PR__0011,INCIDENT,3736.0,3959.0,3618.0,2814.0,1975.0,1263.0,1062.0
INCIDENT__254695-webtirf__T0479-PR,T0479-PR,2025-11-04 01:00:00,2025-11-03 22:00:00,2025-11-04 04:00:00,OTHER_DISRUPTION,GROUP__T0479-PR__0012,INCIDENT,252.0,184.0,14.0,6.0,15.0,47.0,120.0
INCIDENT__255833-webtirf__T0479-PR,T0479-PR,2025-11-15 13:00:00,2025-11-15 10:00:00,2025-11-15 16:00:00,OTHER_DISRUPTION,GROUP__T0479-PR__0013,INCIDENT,3103.0,3228.0,3087.0,3216.0,3448.0,3802.0,3604.0
INCIDENT__256079-webtirf__T0479-PR,T0479-PR,2025-11-18 04:00:00,2025-11-18 01:00:00,2025-11-18 07:00:00,ACCIDENT,GROUP__T0479-PR__0014,INCIDENT,84.0,124.0,253.0,788.0,2347.0,3245.0,3135.0
INCIDENT__257371-webtirf__T0479-PR,T0479-PR,2025-11-28 00:00:00,2025-11-27 21:00:00,2025-11-28 03:00:00,OTHER_DISRUPTION,GROUP__T0479-PR__0015,INCIDENT,0.0,0.0,0.0,151.0,109.0,123.0,243.0
INCIDENT__258119-webtirf__T0479-PR,T0479-PR,2025-12-04 06:00:00,2025-12-04 03:00:00,2025-12-04 09:00:00,OTHER_DISRUPTION,GROUP__T0479-PR__0016,INCIDENT,29.0,99.0,336.0,387.0,229.0,224.0,218.0
CONTROL__7120__2025081304,7120,2025-08-13 04:00:00,2025-08-13 01:00:00,2025-08-13 07:00:00,NORMAL,GROUP__7120__0001,CONTROL,18.0,23.0,30.0,31.0,61.0,125.0,92.0
CONTROL__7120__2025070904,7120,2025-07-09 04:00:00,2025-07-09 01:00:00,2025-07-09 07:00:00,NORMAL,GROUP__7120__0001,CONTROL,49.0,54.0,57.0,167.0,557.0,754.0,724.0
CONTROL__7121__2025032604,7121,2025-03-26 04:00:00,2025-03-26 01:00:00,2025-03-26 07:00:00,NORMAL,GROUP__7121__0001,CONTROL,6.0,8.0,14.0,10.0,15.0,23.0,40.0
CONTROL__7121__2025091704,7121,2025-09-17 04:00:00,2025-09-17 01:00:00,2025-09-17 07:00:00,NORMAL,GROUP__7121__0001,CONTROL,4.0,2.0,4.0,11.0,6.0,22.0,28.0
CONTROL__7168__2025043011,7168,2025-04-30 11:00:00,2025-04-30 08:00:00,2025-04-30 14:00:00,NORMAL,GROUP__7168__0001,CONTROL,64.0,67.0,84.0,85.0,86.0,74.0,94.0
CONTROL__7168__2025082011,7168,2025-08-20 11:00:00,2025-08-20 08:00:00,2025-08-20 14:00:00,NORMAL,GROUP__7168__0001,CONTROL,82.0,74.0,70.0,73.0,81.0,69.0,94.0
CONTROL__F3FWY003__2025022001,F3FWY003,2025-02-20 01:00:00,2025-02-19 22:00:00,2025-02-20 04:00:00,NORMAL,GROUP__F3FWY003__0001,CONTROL,0.0,0.0,0.0,0.0,0.0,0.0,0.0
CONTROL__F3FWY003__2025041701,F3FWY003,2025-04-17 01:00:00,2025-04-16 22:00:00,2025-04-17 04:00:00,NORMAL,GROUP__F3FWY003__0001,CONTROL,0.0,0.0,0.0,0.0,0.0,0.0,0.0
CONTROL__7179__2025122503,7179,2025-12-25 03:00:00,2025-12-25 00:00:00,2025-12-25 06:00:00,NORMAL,GROUP__7179__0001,CONTROL,33.0,22.0,11.0,16.0,9.0,17.0,20.0
CONTROL__7179__2025091103,7179,2025-09-11 03:00:00,2025-09-11 00:00:00,2025-09-11 06:00:00,NORMAL,GROUP__7179__0001,CONTROL,43.0,39.0,47.0,54.0,105.0,184.0,282.0
CONTROL__F3FWY003__2025052400,F3FWY003,2025-05-24 00:00:00,2025-05-23 21:00:00,2025-05-24 03:00:00,NORMAL,GROUP__F3FWY003__0002,CONTROL,0.0,0.0,0.0,0.0,0.0,0.0,0.0
CONTROL__F3FWY003__2025122700,F3FWY003,2025-12-27 00:00:00,2025-12-26 21:00:00,2025-12-27 03:00:00,NORMAL,GROUP__F3FWY003__0002,CONTROL,911.0,688.0,479.0,16.0,17.0,19.0,39.0
CONTROL__33014__2025072600,33014,2025-07-26 00:00:00,2025-07-25 21:00:00,2025-07-26 03:00:00,NORMAL,GROUP__33014__0001,CONTROL,0.0,0.0,0.0,0.0,0.0,0.0,0.0
CONTROL__33014__2025082300,33014,2025-08-23 00:00:00,2025-08-22 21:00:00,2025-08-23 03:00:00,NORMAL,GROUP__33014__0001,CONTROL,0.0,0.0,0.0,0.0,0.0,0.0,0.0
CONTROL__F3FWY003__2025090606,F3FWY003,2025-09-06 06:00:00,2025-09-06 03:00:00,2025-09-06 09:00:00,NORMAL,GROUP__F3FWY003__0002,CONTROL,85.0,180.0,442.0,1065.0,1555.0,2196.0,2824.0
CONTROL__F3FWY003__2025072606,F3FWY003,2025-07-26 06:00:00,2025-07-26 03:00:00,2025-07-26 09:00:00,NORMAL,GROUP__F3FWY003__0002,CONTROL,0.0,0.0,0.0,0.0,0.0,0.0,0.0
CONTROL__7123-PR__2025020119,7123-PR,2025-02-01 19:00:00,2025-02-01 16:00:00,2025-02-01 22:00:00,NORMAL,GROUP__7123-PR__0001,CONTROL,0.0,0.0,0.0,0.0,0.0,0.0,0.0
CONTROL__7123-PR__2025080219,7123-PR,2025-08-02 19:00:00,2025-08-02 16:00:00,2025-08-02 22:00:00,NORMAL,GROUP__7123-PR__0001,CONTROL,35.0,38.0,38.0,26.0,16.0,23.0,22.0
CONTROL__22001__2025032305,22001,2025-03-23 05:00:00,2025-03-23 02:00:00,2025-03-23 08:00:00,NORMAL,GROUP__22001__0001,CONTROL,0.0,0.0,0.0,0.0,0.0,0.0,0.0
CONTROL__22001__2025022305,22001,2025-02-23 05:00:00,2025-02-23 02:00:00,2025-02-23 08:00:00,NORMAL,GROUP__22001__0001,CONTROL,0.0,0.0,0.0,0.0,0.0,0.0,0.0
CONTROL__68025__2025101221,68025,2025-10-12 21:00:00,2025-10-12 18:00:00,2025-10-13 00:00:00,NORMAL,GROUP__68025__0001,CONTROL,24.0,22.0,23.0,14.0,14.0,9.0,10.0
CONTROL__68025__2025032321,68025,2025-03-23 21:00:00,2025-03-23 18:00:00,2025-03-24 00:00:00,NORMAL,GROUP__68025__0001,CONTROL,24.0,14.0,17.0,13.0,11.0,10.0,0.0
CONTROL__7164__2025121421,7164,2025-12-14 21:00:00,2025-12-14 18:00:00,2025-12-15 00:00:00,NORMAL,GROUP__7164__0001,CONTROL,460.0,367.0,417.0,375.0,297.0,156.0,125.0
CONTROL__7164__2025082421,7164,2025-08-24 21:00:00,2025-08-24 18:00:00,2025-08-25 00:00:00,NORMAL,GROUP__7164__0001,CONTROL,548.0,384.0,281.0,314.0,228.0,135.0,84.0
CONTROL__7179__2025040621,7179,2025-04-06 21:00:00,2025-04-06 18:00:00,2025-04-07 00:00:00,NORMAL,GROUP__7179__0002,CONTROL,108.0,82.0,91.0,88.0,57.0,39.0,270.0
CONTROL__7179__2025082421,7179,2025-08-24 21:00:00,2025-08-24 18:00:00,2025-08-25 00:00:00,NORMAL,GROUP__7179__0002,CONTROL,97.0,113.0,83.0,67.0,56.0,48.0,263.0
CONTROL__F3FWY003__2025031700,F3FWY003,2025-03-17 00:00:00,2025-03-16 21:00:00,2025-03-17 03:00:00,NORMAL,GROUP__F3FWY003__0003,CONTROL,0.0,0.0,0.0,0.0,0.0,0.0,0.0
CONTROL__F3FWY003__2025111700,F3FWY003,2025-11-17 00:00:00,2025-11-16 21:00:00,2025-11-17 03:00:00,NORMAL,GROUP__F3FWY003__0003,CONTROL,770.0,576.0,372.0,73.0,86.0,82.0,105.0
CONTROL__9836-PR__2025070701,9836-PR,2025-07-07 01:00:00,2025-07-06 22:00:00,2025-07-07 04:00:00,NORMAL,GROUP__9836-PR__0001,CONTROL,10.0,10.0,102.0,80.0,57.0,98.0,296.0
CONTROL__9836-PR__2025031701,9836-PR,2025-03-17 01:00:00,2025-03-16 22:00:00,2025-03-17 04:00:00,NORMAL,GROUP__9836-PR__0001,CONTROL,389.0,219.0,0.0,0.0,0.0,0.0,0.0
CONTROL__7248__2025063002,7248,2025-06-30 02:00:00,2025-06-29 23:00:00,2025-06-30 05:00:00,NORMAL,GROUP__7248__0001,CONTROL,47.0,172.0,91.0,92.0,147.0,356.0,1014.0
CONTROL__7248__2025041402,7248,2025-04-14 02:00:00,2025-04-13 23:00:00,2025-04-14 05:00:00,NORMAL,GROUP__7248__0001,CONTROL,277.0,62.0,49.0,40.0,71.0,112.0,233.0
CONTROL__7163__2025122203,7163,2025-12-22 03:00:00,2025-12-22 00:00:00,2025-12-22 06:00:00,NORMAL,GROUP__7163__0001,CONTROL,12.0,5.0,6.0,9.0,17.0,43.0,85.0
CONTROL__7163__2025120103,7163,2025-12-01 03:00:00,2025-12-01 00:00:00,2025-12-01 06:00:00,NORMAL,GROUP__7163__0001,CONTROL,69.0,45.0,48.0,61.0,122.0,290.0,707.0
CONTROL__23067__2025090803,23067,2025-09-08 03:00:00,2025-09-08 00:00:00,2025-09-08 06:00:00,NORMAL,GROUP__23067__0001,CONTROL,125.0,62.0,85.0,234.0,394.0,751.0,1165.0
CONTROL__23067__2025060903,23067,2025-06-09 03:00:00,2025-06-09 00:00:00,2025-06-09 06:00:00,NORMAL,GROUP__23067__0001,CONTROL,7.0,9.0,6.0,15.0,32.0,39.0,53.0
CONTROL__7179__2025060204,7179,2025-06-02 04:00:00,2025-06-02 01:00:00,2025-06-02 07:00:00,NORMAL,GROUP__7179__0003,CONTROL,32.0,37.0,42.0,95.0,203.0,293.0,347.0
CONTROL__7179__2025011304,7179,2025-01-13 04:00:00,2025-01-13 01:00:00,2025-01-13 07:00:00,NORMAL,GROUP__7179__0003,CONTROL,0.0,0.0,0.0,0.0,0.0,0.0,0.0
CONTROL__33014__2025042107,33014,2025-04-21 07:00:00,2025-04-21 04:00:00,2025-04-21 10:00:00,NORMAL,GROUP__33014__0002,CONTROL,0.0,0.0,0.0,0.0,0.0,0.0,0.0
CONTROL__33014__2025040707,33014,2025-04-07 07:00:00,2025-04-07 04:00:00,2025-04-07 10:00:00,NORMAL,GROUP__33014__0002,CONTROL,202.0,666.0,1430.0,2129.0,1825.0,1501.0,1333.0
CONTROL__7163__2025120822,7163,2025-12-08 22:00:00,2025-12-08 19:00:00,2025-12-09 01:00:00,NORMAL,GROUP__7163__0002,CONTROL,429.0,368.0,338.0,277.0,137.0,91.0,60.0
CONTROL__7163__2025080422,7163,2025-08-04 22:00:00,2025-08-04 19:00:00,2025-08-05 01:00:00,NORMAL,GROUP__7163__0002,CONTROL,359.0,305.0,284.0,437.0,259.0,134.0,96.0
CONTROL__7112__2025071501,7112,2025-07-15 01:00:00,2025-07-14 22:00:00,2025-07-15 04:00:00,NORMAL,GROUP__7112__0001,CONTROL,463.0,293.0,134.0,110.0,71.0,80.0,197.0
CONTROL__7112__2025082601,7112,2025-08-26 01:00:00,2025-08-25 22:00:00,2025-08-26 04:00:00,NORMAL,GROUP__7112__0001,CONTROL,0.0,0.0,0.0,0.0,0.0,0.0,0.0
CONTROL__51235__2025041502,51235,2025-04-15 02:00:00,2025-04-14 23:00:00,2025-04-15 05:00:00,NORMAL,GROUP__51235__0001,CONTROL,22.0,113.0,94.0,74.0,111.0,359.0,1061.0
CONTROL__51235__2025090202,51235,2025-09-02 02:00:00,2025-09-01 23:00:00,2025-09-02 05:00:00,NORMAL,GROUP__51235__0001,CONTROL,27.0,12.0,16.0,16.0,22.0,37.0,66.0
CONTROL__23067__2025111804,23067,2025-11-18 04:00:00,2025-11-18 01:00:00,2025-11-18 07:00:00,NORMAL,GROUP__23067__0002,CONTROL,151.0,502.0,922.0,1801.0,2293.0,2419.0,2538.0
CONTROL__23067__2025080504,23067,2025-08-05 04:00:00,2025-08-05 01:00:00,2025-08-05 07:00:00,NORMAL,GROUP__23067__0002,CONTROL,20.0,32.0,46.0,62.0,77.0,153.0,147.0
CONTROL__50240__2025112504,50240,2025-11-25 04:00:00,2025-11-25 01:00:00,2025-11-25 07:00:00,NORMAL,GROUP__50240__0001,CONTROL,168.0,177.0,263.0,727.0,2121.0,2571.0,2053.0
CONTROL__50240__2025030404,50240,2025-03-04 04:00:00,2025-03-04 01:00:00,2025-03-04 07:00:00,NORMAL,GROUP__50240__0001,CONTROL,0.0,0.0,0.0,360.0,1147.0,2001.0,1842.0
CONTROL__7248__2025070107,7248,2025-07-01 07:00:00,2025-07-01 04:00:00,2025-07-01 10:00:00,NORMAL,GROUP__7248__0002,CONTROL,117.0,229.0,241.0,212.0,194.0,242.0,252.0
CONTROL__7248__2025120907,7248,2025-12-09 07:00:00,2025-12-09 04:00:00,2025-12-09 10:00:00,NORMAL,GROUP__7248__0002,CONTROL,398.0,1174.0,1214.0,1285.0,1181.0,945.0,1002.0
CONTROL__9827__2025062418,9827,2025-06-24 18:00:00,2025-06-24 15:00:00,2025-06-24 21:00:00,NORMAL,GROUP__9827__0001,CONTROL,151.0,131.0,106.0,62.0,40.0,39.0,28.0
CONTROL__9827__2025060318,9827,2025-06-03 18:00:00,2025-06-03 15:00:00,2025-06-03 21:00:00,NORMAL,GROUP__9827__0001,CONTROL,152.0,121.0,93.0,54.0,39.0,42.0,23.0
CONTROL__7164__2025071602,7164,2025-07-16 02:00:00,2025-07-15 23:00:00,2025-07-16 05:00:00,NORMAL,GROUP__7164__0002,CONTROL,22.0,11.0,9.0,8.0,8.0,15.0,59.0
CONTROL__7164__2025082702,7164,2025-08-27 02:00:00,2025-08-26 23:00:00,2025-08-27 05:00:00,NORMAL,GROUP__7164__0002,CONTROL,147.0,101.0,67.0,43.0,46.0,97.0,320.0
CONTROL__F3FWY006__2025052802,F3FWY006,2025-05-28 02:00:00,2025-05-27 23:00:00,2025-05-28 05:00:00,NORMAL,GROUP__F3FWY006__0001,CONTROL,98.0,56.0,62.0,69.0,172.0,463.0,1282.0
CONTROL__F3FWY006__2025040902,F3FWY006,2025-04-09 02:00:00,2025-04-08 23:00:00,2025-04-09 05:00:00,NORMAL,GROUP__F3FWY006__0001,CONTROL,0.0,0.0,0.0,0.0,0.0,0.0,0.0
CONTROL__7184__2025100804,7184,2025-10-08 04:00:00,2025-10-08 01:00:00,2025-10-08 07:00:00,NORMAL,GROUP__7184__0001,CONTROL,79.0,72.0,88.0,235.0,796.0,1809.0,2666.0
CONTROL__7184__2025020504,7184,2025-02-05 04:00:00,2025-02-05 01:00:00,2025-02-05 07:00:00,NORMAL,GROUP__7184__0001,CONTROL,0.0,0.0,0.0,0.0,0.0,0.0,0.0
CONTROL__7120__2025052110,7120,2025-05-21 10:00:00,2025-05-21 07:00:00,2025-05-21 13:00:00,NORMAL,GROUP__7120__0002,CONTROL,99.0,51.0,76.0,93.0,73.0,85.0,77.0
CONTROL__7120__2025052810,7120,2025-05-28 10:00:00,2025-05-28 07:00:00,2025-05-28 13:00:00,NORMAL,GROUP__7120__0002,CONTROL,98.0,64.0,95.0,72.0,86.0,69.0,91.0
CONTROL__7121__2025120310,7121,2025-12-03 10:00:00,2025-12-03 07:00:00,2025-12-03 13:00:00,NORMAL,GROUP__7121__0002,CONTROL,115.0,173.0,134.0,182.0,181.0,161.0,180.0
CONTROL__7121__2025052810,7121,2025-05-28 10:00:00,2025-05-28 07:00:00,2025-05-28 13:00:00,NORMAL,GROUP__7121__0002,CONTROL,1.0,1.0,5.0,3.0,4.0,6.0,4.0
CONTROL__7184__2025071612,7184,2025-07-16 12:00:00,2025-07-16 09:00:00,2025-07-16 15:00:00,NORMAL,GROUP__7184__0002,CONTROL,2388.0,2192.0,2185.0,2075.0,2082.0,1606.0,2077.0
CONTROL__7184__2025082712,7184,2025-08-27 12:00:00,2025-08-27 09:00:00,2025-08-27 15:00:00,NORMAL,GROUP__7184__0002,CONTROL,269.0,282.0,334.0,326.0,366.0,360.0,312.0
CONTROL__F3FWY003__2025102213,F3FWY003,2025-10-22 13:00:00,2025-10-22 10:00:00,2025-10-22 16:00:00,NORMAL,GROUP__F3FWY003__0004,CONTROL,1685.0,1734.0,1647.0,1971.0,2293.0,2775.0,3015.0
CONTROL__F3FWY003__2025101513,F3FWY003,2025-10-15 13:00:00,2025-10-15 10:00:00,2025-10-15 16:00:00,NORMAL,GROUP__F3FWY003__0004,CONTROL,1716.0,1964.0,1708.0,1798.0,2159.0,2902.0,3180.0
CONTROL__10011__2025070219,10011,2025-07-02 19:00:00,2025-07-02 16:00:00,2025-07-02 22:00:00,NORMAL,GROUP__10011__0001,CONTROL,0.0,0.0,0.0,0.0,0.0,0.0,0.0
CONTROL__10011__2025041619,10011,2025-04-16 19:00:00,2025-04-16 16:00:00,2025-04-16 22:00:00,NORMAL,GROUP__10011__0001,CONTROL,0.0,0.0,0.0,0.0,0.0,0.0,0.0
CONTROL__7139__2025042319,7139,2025-04-23 19:00:00,2025-04-23 16:00:00,2025-04-23 22:00:00,NORMAL,GROUP__7139__0001,CONTROL,0.0,0.0,0.0,0.0,0.0,0.0,0.0
CONTROL__7139__2025102919,7139,2025-10-29 19:00:00,2025-10-29 16:00:00,2025-10-29 22:00:00,NORMAL,GROUP__7139__0001,CONTROL,2691.0,2750.0,2342.0,1627.0,1351.0,1133.0,887.0
CONTROL__7251__2025011523,7251,2025-01-15 23:00:00,2025-01-15 20:00:00,2025-01-16 02:00:00,NORMAL,GROUP__7251__0001,CONTROL,0.0,0.0,0.0,0.0,0.0,0.0,0.0
CONTROL__7251__2025102923,7251,2025-10-29 23:00:00,2025-10-29 20:00:00,2025-10-30 02:00:00,NORMAL,GROUP__7251__0001,CONTROL,739.0,700.0,601.0,471.0,337.0,199.0,127.0
CONTROL__68025__2025071001,68025,2025-07-10 01:00:00,2025-07-09 22:00:00,2025-07-10 04:00:00,NORMAL,GROUP__68025__0002,CONTROL,11.0,9.0,163.0,109.0,56.0,78.0,138.0
CONTROL__68025__2025013001,68025,2025-01-30 01:00:00,2025-01-29 22:00:00,2025-01-30 04:00:00,NORMAL,GROUP__68025__0002,CONTROL,15.0,11.0,115.0,67.0,53.0,57.0,141.0
CONTROL__68025__2025071004,68025,2025-07-10 04:00:00,2025-07-10 01:00:00,2025-07-10 07:00:00,NORMAL,GROUP__68025__0002,CONTROL,109.0,56.0,78.0,138.0,294.0,521.0,635.0
CONTROL__68025__2025102304,68025,2025-10-23 04:00:00,2025-10-23 01:00:00,2025-10-23 07:00:00,NORMAL,GROUP__68025__0002,CONTROL,8.0,9.0,8.0,20.0,64.0,145.0,134.0
CONTROL__7120__2025020622,7120,2025-02-06 22:00:00,2025-02-06 19:00:00,2025-02-07 01:00:00,NORMAL,GROUP__7120__0003,CONTROL,0.0,0.0,0.0,0.0,0.0,0.0,0.0
CONTROL__7120__2025050822,7120,2025-05-08 22:00:00,2025-05-08 19:00:00,2025-05-09 01:00:00,NORMAL,GROUP__7120__0003,CONTROL,29.0,28.0,30.0,18.0,19.0,7.0,10.0
CONTROL__7121__2025062622,7121,2025-06-26 22:00:00,2025-06-26 19:00:00,2025-06-27 01:00:00,NORMAL,GROUP__7121__0003,CONTROL,353.0,350.0,337.0,241.0,126.0,97.0,108.0
CONTROL__7121__2025040322,7121,2025-04-03 22:00:00,2025-04-03 19:00:00,2025-04-04 01:00:00,NORMAL,GROUP__7121__0003,CONTROL,384.0,398.0,381.0,403.0,252.0,87.0,59.0
CONTROL__7179__2025041722,7179,2025-04-17 22:00:00,2025-04-17 19:00:00,2025-04-18 01:00:00,NORMAL,GROUP__7179__0004,CONTROL,167.0,108.0,104.0,87.0,58.0,56.0,38.0
CONTROL__7179__2025100922,7179,2025-10-09 22:00:00,2025-10-09 19:00:00,2025-10-10 01:00:00,NORMAL,GROUP__7179__0004,CONTROL,1505.0,1359.0,1334.0,1029.0,624.0,53.0,64.0
CONTROL__74230__2025041023,74230,2025-04-10 23:00:00,2025-04-10 20:00:00,2025-04-11 02:00:00,NORMAL,GROUP__74230__0001,CONTROL,0.0,0.0,0.0,0.0,4.0,7.0,4.0
CONTROL__74230__2025012323,74230,2025-01-23 23:00:00,2025-01-23 20:00:00,2025-01-24 02:00:00,NORMAL,GROUP__74230__0001,CONTROL,140.0,85.0,33.0,20.0,1.0,0.0,0.0
CONTROL__53004__2025102402,53004,2025-10-24 02:00:00,2025-10-23 23:00:00,2025-10-24 05:00:00,NORMAL,GROUP__53004__0001,CONTROL,10.0,182.0,87.0,60.0,65.0,96.0,300.0
CONTROL__53004__2025013102,53004,2025-01-31 02:00:00,2025-01-30 23:00:00,2025-01-31 05:00:00,NORMAL,GROUP__53004__0001,CONTROL,100.0,7.0,0.0,1.0,1.0,8.0,51.0
CONTROL__7126__2025090508,7126,2025-09-05 08:00:00,2025-09-05 05:00:00,2025-09-05 11:00:00,NORMAL,GROUP__7126__0001,CONTROL,33.0,55.0,60.0,62.0,77.0,68.0,64.0
CONTROL__7126__2025091908,7126,2025-09-19 08:00:00,2025-09-19 05:00:00,2025-09-19 11:00:00,NORMAL,GROUP__7126__0001,CONTROL,228.0,375.0,516.0,677.0,564.0,650.0,690.0
CONTROL__7184__2025061313,7184,2025-06-13 13:00:00,2025-06-13 10:00:00,2025-06-13 16:00:00,NORMAL,GROUP__7184__0003,CONTROL,284.0,350.0,306.0,311.0,337.0,328.0,264.0
CONTROL__7184__2025101013,7184,2025-10-10 13:00:00,2025-10-10 10:00:00,2025-10-10 16:00:00,NORMAL,GROUP__7184__0003,CONTROL,298.0,284.0,306.0,317.0,322.0,293.0,250.0
CONTROL__7184__2025030715,7184,2025-03-07 15:00:00,2025-03-07 12:00:00,2025-03-07 18:00:00,NORMAL,GROUP__7184__0003,CONTROL,304.0,298.0,304.0,294.0,294.0,207.0,119.0
CONTROL__7184__2025080815,7184,2025-08-08 15:00:00,2025-08-08 12:00:00,2025-08-08 18:00:00,NORMAL,GROUP__7184__0003,CONTROL,287.0,320.0,306.0,286.0,279.0,177.0,120.0
CONTROL__7179__2025082921,7179,2025-08-29 21:00:00,2025-08-29 18:00:00,2025-08-30 00:00:00,NORMAL,GROUP__7179__0005,CONTROL,220.0,187.0,113.0,91.0,88.0,60.0,536.0
CONTROL__7179__2025031421,7179,2025-03-14 21:00:00,2025-03-14 18:00:00,2025-03-15 00:00:00,NORMAL,GROUP__7179__0005,CONTROL,1723.0,1660.0,1365.0,1263.0,1251.0,1034.0,638.0
CONTROL__68025__2025041902,68025,2025-04-19 02:00:00,2025-04-18 23:00:00,2025-04-19 05:00:00,NORMAL,GROUP__68025__0003,CONTROL,132.0,5.0,8.0,5.0,10.0,7.0,21.0
CONTROL__68025__2025030802,68025,2025-03-08 02:00:00,2025-03-07 23:00:00,2025-03-08 05:00:00,NORMAL,GROUP__68025__0003,CONTROL,9.0,259.0,168.0,109.0,90.0,101.0,184.0
CONTROL__50240__2025101802,50240,2025-10-18 02:00:00,2025-10-17 23:00:00,2025-10-18 05:00:00,NORMAL,GROUP__50240__0002,CONTROL,51.0,489.0,270.0,217.0,209.0,437.0,1068.0
CONTROL__50240__2025020102,50240,2025-02-01 02:00:00,2025-01-31 23:00:00,2025-02-01 05:00:00,NORMAL,GROUP__50240__0002,CONTROL,0.0,0.0,0.0,0.0,0.0,0.0,0.0
CONTROL__50260__2025101821,50260,2025-10-18 21:00:00,2025-10-18 18:00:00,2025-10-19 00:00:00,NORMAL,GROUP__50260__0001,CONTROL,106.0,90.0,62.0,49.0,65.0,54.0,453.0
CONTROL__50260__2025021521,50260,2025-02-15 21:00:00,2025-02-15 18:00:00,2025-02-16 00:00:00,NORMAL,GROUP__50260__0001,CONTROL,0.0,0.0,0.0,0.0,0.0,0.0,0.0
CONTROL__51235__2025020913,51235,2025-02-09 13:00:00,2025-02-09 10:00:00,2025-02-09 16:00:00,NORMAL,GROUP__51235__0002,CONTROL,0.0,0.0,0.0,0.0,0.0,0.0,0.0
CONTROL__51235__2025113013,51235,2025-11-30 13:00:00,2025-11-30 10:00:00,2025-11-30 16:00:00,NORMAL,GROUP__51235__0002,CONTROL,1932.0,1846.0,1765.0,1763.0,1791.0,1815.0,1805.0
CONTROL__7126__2025022400,7126,2025-02-24 00:00:00,2025-02-23 21:00:00,2025-02-24 03:00:00,NORMAL,GROUP__7126__0002,CONTROL,0.0,0.0,0.0,0.0,0.0,0.0,0.0
CONTROL__7126__2025031000,7126,2025-03-10 00:00:00,2025-03-09 21:00:00,2025-03-10 03:00:00,NORMAL,GROUP__7126__0002,CONTROL,0.0,0.0,0.0,0.0,0.0,0.0,0.0
CONTROL__51235__2025021700,51235,2025-02-17 00:00:00,2025-02-16 21:00:00,2025-02-17 03:00:00,NORMAL,GROUP__51235__0003,CONTROL,0.0,0.0,0.0,0.0,0.0,0.0,0.0
CONTROL__51235__2025102000,51235,2025-10-20 00:00:00,2025-10-19 21:00:00,2025-10-20 03:00:00,NORMAL,GROUP__51235__0003,CONTROL,903.0,635.0,300.0,13.0,18.0,13.0,20.0
CONTROL__7119-PR__2025091519,7119-PR,2025-09-15 19:00:00,2025-09-15 16:00:00,2025-09-15 22:00:00,NORMAL,GROUP__7119-PR__0001,CONTROL,896.0,842.0,825.0,613.0,455.0,405.0,296.0
CONTROL__7119-PR__2025021719,7119-PR,2025-02-17 19:00:00,2025-02-17 16:00:00,2025-02-17 22:00:00,NORMAL,GROUP__7119-PR__0001,CONTROL,0.0,0.0,0.0,0.0,0.0,0.0,0.0
CONTROL__7179__2025012021,7179,2025-01-20 21:00:00,2025-01-20 18:00:00,2025-01-21 00:00:00,NORMAL,GROUP__7179__0006,CONTROL,19.0,15.0,9.0,8.0,5.0,2.0,321.0
CONTROL__7179__2025102721,7179,2025-10-27 21:00:00,2025-10-27 18:00:00,2025-10-28 00:00:00,NORMAL,GROUP__7179__0006,CONTROL,1815.0,1237.0,1099.0,866.0,848.0,491.0,314.0
CONTROL__7119-PR__2025090821,7119-PR,2025-09-08 21:00:00,2025-09-08 18:00:00,2025-09-09 00:00:00,NORMAL,GROUP__7119-PR__0001,CONTROL,923.0,644.0,565.0,455.0,329.0,169.0,2.0
CONTROL__7119-PR__2025010621,7119-PR,2025-01-06 21:00:00,2025-01-06 18:00:00,2025-01-07 00:00:00,NORMAL,GROUP__7119-PR__0001,CONTROL,776.0,513.0,599.0,495.0,353.0,196.0,112.0
CONTROL__7120__2025040102,7120,2025-04-01 02:00:00,2025-03-31 23:00:00,2025-04-01 05:00:00,NORMAL,GROUP__7120__0004,CONTROL,10.0,59.0,52.0,51.0,50.0,182.0,612.0
CONTROL__7120__2025031102,7120,2025-03-11 02:00:00,2025-03-10 23:00:00,2025-03-11 05:00:00,NORMAL,GROUP__7120__0004,CONTROL,0.0,0.0,0.0,0.0,0.0,0.0,0.0
CONTROL__7121__2025010702,7121,2025-01-07 02:00:00,2025-01-06 23:00:00,2025-01-07 05:00:00,NORMAL,GROUP__7121__0004,CONTROL,0.0,8.0,7.0,6.0,2.0,4.0,13.0
CONTROL__7121__2025042202,7121,2025-04-22 02:00:00,2025-04-21 23:00:00,2025-04-22 05:00:00,NORMAL,GROUP__7121__0004,CONTROL,0.0,59.0,28.0,34.0,19.0,24.0,88.0
CONTROL__50240__2025020404,50240,2025-02-04 04:00:00,2025-02-04 01:00:00,2025-02-04 07:00:00,NORMAL,GROUP__50240__0003,CONTROL,0.0,0.0,0.0,0.0,0.0,0.0,0.0
CONTROL__50240__2025123004,50240,2025-12-30 04:00:00,2025-12-30 01:00:00,2025-12-30 07:00:00,NORMAL,GROUP__50240__0003,CONTROL,45.0,46.0,57.0,98.0,156.0,212.0,221.0
CONTROL__7161__2025120921,7161,2025-12-09 21:00:00,2025-12-09 18:00:00,2025-12-10 00:00:00,NORMAL,GROUP__7161__0001,CONTROL,125.0,86.0,75.0,35.0,32.0,31.0,134.0
CONTROL__7161__2025060321,7161,2025-06-03 21:00:00,2025-06-03 18:00:00,2025-06-04 00:00:00,NORMAL,GROUP__7161__0001,CONTROL,108.0,59.0,31.0,29.0,31.0,22.0,14.0
CONTROL__53003__2025081923,53003,2025-08-19 23:00:00,2025-08-19 20:00:00,2025-08-20 02:00:00,NORMAL,GROUP__53003__0001,CONTROL,923.0,808.0,679.0,373.0,23.0,30.0,24.0
CONTROL__53003__2025042923,53003,2025-04-29 23:00:00,2025-04-29 20:00:00,2025-04-30 02:00:00,NORMAL,GROUP__53003__0001,CONTROL,56.0,32.0,37.0,18.0,138.0,76.0,55.0
CONTROL__50250__2025092400,50250,2025-09-24 00:00:00,2025-09-23 21:00:00,2025-09-24 03:00:00,NORMAL,GROUP__50250__0001,CONTROL,35.0,19.0,0.0,1.0,1.0,1.0,3.0
CONTROL__50250__2025070900,50250,2025-07-09 00:00:00,2025-07-08 21:00:00,2025-07-09 03:00:00,NORMAL,GROUP__50250__0001,CONTROL,188.0,150.0,0.0,0.0,0.0,1.0,2.0
CONTROL__53004__2025012203,53004,2025-01-22 03:00:00,2025-01-22 00:00:00,2025-01-22 06:00:00,NORMAL,GROUP__53004__0002,CONTROL,163.0,80.0,31.0,37.0,97.0,231.0,504.0
CONTROL__53004__2025060403,53004,2025-06-04 03:00:00,2025-06-04 00:00:00,2025-06-04 06:00:00,NORMAL,GROUP__53004__0002,CONTROL,68.0,28.0,31.0,54.0,192.0,721.0,1499.0
CONTROL__7248__2025102908,7248,2025-10-29 08:00:00,2025-10-29 05:00:00,2025-10-29 11:00:00,NORMAL,GROUP__7248__0003,CONTROL,0.0,0.0,0.0,0.0,0.0,0.0,0.0
CONTROL__7248__2025010108,7248,2025-01-01 08:00:00,2025-01-01 05:00:00,2025-01-01 11:00:00,NORMAL,GROUP__7248__0003,CONTROL,90.0,109.0,124.0,157.0,242.0,309.0,378.0
CONTROL__7251__2025123110,7251,2025-12-31 10:00:00,2025-12-31 07:00:00,2025-12-31 13:00:00,NORMAL,GROUP__7251__0002,CONTROL,0.0,0.0,0.0,0.0,0.0,0.0,0.0
CONTROL__7251__2025030510,7251,2025-03-05 10:00:00,2025-03-05 07:00:00,2025-03-05 13:00:00,NORMAL,GROUP__7251__0002,CONTROL,0.0,0.0,0.0,0.0,0.0,0.0,0.0
CONTROL__T0085__2025052110,T0085,2025-05-21 10:00:00,2025-05-21 07:00:00,2025-05-21 13:00:00,NORMAL,GROUP__T0085__0001,CONTROL,4.0,3.0,7.0,7.0,11.0,12.0,7.0
CONTROL__T0085__2025040210,T0085,2025-04-02 10:00:00,2025-04-02 07:00:00,2025-04-02 13:00:00,NORMAL,GROUP__T0085__0001,CONTROL,288.0,230.0,140.0,96.0,94.0,97.0,107.0
CONTROL__7184__2025030523,7184,2025-03-05 23:00:00,2025-03-05 20:00:00,2025-03-06 02:00:00,NORMAL,GROUP__7184__0004,CONTROL,0.0,0.0,0.0,0.0,163.0,98.0,83.0
CONTROL__7184__2025081323,7184,2025-08-13 23:00:00,2025-08-13 20:00:00,2025-08-14 02:00:00,NORMAL,GROUP__7184__0004,CONTROL,945.0,762.0,484.0,223.0,21.0,28.0,29.0
CONTROL__7184__2025032003,7184,2025-03-20 03:00:00,2025-03-20 00:00:00,2025-03-20 06:00:00,NORMAL,GROUP__7184__0004,CONTROL,21.0,20.0,21.0,33.0,36.0,142.0,272.0
CONTROL__7184__2025100903,7184,2025-10-09 03:00:00,2025-10-09 00:00:00,2025-10-09 06:00:00,NORMAL,GROUP__7184__0004,CONTROL,150.0,92.0,81.0,100.0,230.0,736.0,1788.0
CONTROL__T0085__2025071010,T0085,2025-07-10 10:00:00,2025-07-10 07:00:00,2025-07-10 13:00:00,NORMAL,GROUP__T0085__0002,CONTROL,9.0,9.0,8.0,5.0,12.0,5.0,18.0
CONTROL__T0085__2025050810,T0085,2025-05-08 10:00:00,2025-05-08 07:00:00,2025-05-08 13:00:00,NORMAL,GROUP__T0085__0002,CONTROL,9.0,12.0,5.0,11.0,6.0,6.0,11.0
CONTROL__T0231__2025032013,T0231,2025-03-20 13:00:00,2025-03-20 10:00:00,2025-03-20 16:00:00,NORMAL,GROUP__T0231__0001,CONTROL,148.0,100.0,99.0,93.0,80.0,94.0,87.0
CONTROL__T0231__2025041713,T0231,2025-04-17 13:00:00,2025-04-17 10:00:00,2025-04-17 16:00:00,NORMAL,GROUP__T0231__0001,CONTROL,108.0,102.0,99.0,95.0,93.0,114.0,92.0
CONTROL__F3FWY001__2025051601,F3FWY001,2025-05-16 01:00:00,2025-05-15 22:00:00,2025-05-16 04:00:00,NORMAL,GROUP__F3FWY001__0001,CONTROL,709.0,402.0,161.0,88.0,89.0,124.0,268.0
CONTROL__F3FWY001__2025071801,F3FWY001,2025-07-18 01:00:00,2025-07-17 22:00:00,2025-07-18 04:00:00,NORMAL,GROUP__F3FWY001__0001,CONTROL,371.0,216.0,163.0,81.0,115.0,145.0,458.0
CONTROL__53003__2025060601,53003,2025-06-06 01:00:00,2025-06-05 22:00:00,2025-06-06 04:00:00,NORMAL,GROUP__53003__0002,CONTROL,48.0,41.0,179.0,86.0,92.0,87.0,114.0
CONTROL__53003__2025120501,53003,2025-12-05 01:00:00,2025-12-04 22:00:00,2025-12-05 04:00:00,NORMAL,GROUP__53003__0002,CONTROL,973.0,672.0,48.0,28.0,42.0,42.0,63.0
CONTROL__51235__2025031402,51235,2025-03-14 02:00:00,2025-03-13 23:00:00,2025-03-14 05:00:00,NORMAL,GROUP__51235__0004,CONTROL,21.0,55.0,32.0,25.0,44.0,116.0,356.0
CONTROL__51235__2025112802,51235,2025-11-28 02:00:00,2025-11-27 23:00:00,2025-11-28 05:00:00,NORMAL,GROUP__51235__0004,CONTROL,33.0,17.0,20.0,24.0,34.0,50.0,151.0
CONTROL__7132__2025091204,7132,2025-09-12 04:00:00,2025-09-12 01:00:00,2025-09-12 07:00:00,NORMAL,GROUP__7132__0001,CONTROL,7.0,14.0,19.0,22.0,95.0,144.0,137.0
CONTROL__7132__2025100304,7132,2025-10-03 04:00:00,2025-10-03 01:00:00,2025-10-03 07:00:00,NORMAL,GROUP__7132__0001,CONTROL,82.0,83.0,140.0,352.0,1040.0,1868.0,1673.0
CONTROL__F3FWY001__2025071106,F3FWY001,2025-07-11 06:00:00,2025-07-11 03:00:00,2025-07-11 09:00:00,NORMAL,GROUP__F3FWY001__0001,CONTROL,116.0,324.0,894.0,1557.0,1908.0,1998.0,2570.0
CONTROL__F3FWY001__2025080806,F3FWY001,2025-08-08 06:00:00,2025-08-08 03:00:00,2025-08-08 09:00:00,NORMAL,GROUP__F3FWY001__0001,CONTROL,161.0,270.0,499.0,688.0,639.0,588.0,640.0
CONTROL__F3FWY003__2025022107,F3FWY003,2025-02-21 07:00:00,2025-02-21 04:00:00,2025-02-21 10:00:00,NORMAL,GROUP__F3FWY003__0005,CONTROL,0.0,0.0,0.0,0.0,0.0,0.0,0.0
CONTROL__F3FWY003__2025010307,F3FWY003,2025-01-03 07:00:00,2025-01-03 04:00:00,2025-01-03 10:00:00,NORMAL,GROUP__F3FWY003__0005,CONTROL,0.0,0.0,0.0,0.0,0.0,0.0,0.0
CONTROL__7120__2025072512,7120,2025-07-25 12:00:00,2025-07-25 09:00:00,2025-07-25 15:00:00,NORMAL,GROUP__7120__0005,CONTROL,82.0,91.0,84.0,84.0,64.0,61.0,56.0
CONTROL__7120__2025030712,7120,2025-03-07 12:00:00,2025-03-07 09:00:00,2025-03-07 15:00:00,NORMAL,GROUP__7120__0005,CONTROL,749.0,680.0,644.0,584.0,649.0,646.0,602.0
CONTROL__7121__2025081512,7121,2025-08-15 12:00:00,2025-08-15 09:00:00,2025-08-15 15:00:00,NORMAL,GROUP__7121__0005,CONTROL,50.0,59.0,72.0,65.0,63.0,62.0,64.0
CONTROL__7121__2025121212,7121,2025-12-12 12:00:00,2025-12-12 09:00:00,2025-12-12 15:00:00,NORMAL,GROUP__7121__0005,CONTROL,0.0,0.0,0.0,0.0,0.0,0.0,0.0
CONTROL__47024__2025120521,47024,2025-12-05 21:00:00,2025-12-05 18:00:00,2025-12-06 00:00:00,NORMAL,GROUP__47024__0001,CONTROL,0.0,0.0,0.0,0.0,0.0,0.0,537.0
CONTROL__47024__2025042521,47024,2025-04-25 21:00:00,2025-04-25 18:00:00,2025-04-26 00:00:00,NORMAL,GROUP__47024__0001,CONTROL,1360.0,1130.0,996.0,972.0,897.0,606.0,0.0
CONTROL__10011__2025091221,10011,2025-09-12 21:00:00,2025-09-12 18:00:00,2025-09-13 00:00:00,NORMAL,GROUP__10011__0002,CONTROL,0.0,0.0,0.0,0.0,0.0,0.0,0.0
CONTROL__10011__2025070421,10011,2025-07-04 21:00:00,2025-07-04 18:00:00,2025-07-05 00:00:00,NORMAL,GROUP__10011__0002,CONTROL,0.0,0.0,0.0,0.0,0.0,0.0,0.0
CONTROL__7139__2025100321,7139,2025-10-03 21:00:00,2025-10-03 18:00:00,2025-10-04 00:00:00,NORMAL,GROUP__7139__0002,CONTROL,2432.0,1707.0,1280.0,1211.0,1085.0,821.0,19.0
CONTROL__7139__2025072521,7139,2025-07-25 21:00:00,2025-07-25 18:00:00,2025-07-26 00:00:00,NORMAL,GROUP__7139__0002,CONTROL,102.0,57.0,58.0,38.0,42.0,30.0,549.0
CONTROL__7132__2025101100,7132,2025-10-11 00:00:00,2025-10-10 21:00:00,2025-10-11 03:00:00,NORMAL,GROUP__7132__0002,CONTROL,634.0,469.0,300.0,12.0,6.0,9.0,9.0
CONTROL__7132__2025070500,7132,2025-07-05 00:00:00,2025-07-04 21:00:00,2025-07-05 03:00:00,NORMAL,GROUP__7132__0002,CONTROL,16.0,13.0,15.0,7.0,4.0,6.0,13.0
CONTROL__7251__2025021501,7251,2025-02-15 01:00:00,2025-02-14 22:00:00,2025-02-15 04:00:00,NORMAL,GROUP__7251__0003,CONTROL,0.0,0.0,0.0,0.0,0.0,0.0,0.0
CONTROL__7251__2025022201,7251,2025-02-22 01:00:00,2025-02-21 22:00:00,2025-02-22 04:00:00,NORMAL,GROUP__7251__0003,CONTROL,0.0,0.0,0.0,0.0,0.0,0.0,0.0
CONTROL__7112__2025012507,7112,2025-01-25 07:00:00,2025-01-25 04:00:00,2025-01-25 10:00:00,NORMAL,GROUP__7112__0002,CONTROL,0.0,0.0,0.0,0.0,0.0,0.0,95.0
CONTROL__7112__2025020107,7112,2025-02-01 07:00:00,2025-02-01 04:00:00,2025-02-01 10:00:00,NORMAL,GROUP__7112__0002,CONTROL,0.0,0.0,0.0,0.0,0.0,0.0,0.0
CONTROL__68025__2025111507,68025,2025-11-15 07:00:00,2025-11-15 04:00:00,2025-11-15 10:00:00,NORMAL,GROUP__68025__0004,CONTROL,7.0,21.0,36.0,42.0,48.0,43.0,44.0
CONTROL__68025__2025080207,68025,2025-08-02 07:00:00,2025-08-02 04:00:00,2025-08-02 10:00:00,NORMAL,GROUP__68025__0004,CONTROL,5.0,16.0,18.0,23.0,35.0,27.0,39.0
CONTROL__10011__2025122723,10011,2025-12-27 23:00:00,2025-12-27 20:00:00,2025-12-28 02:00:00,NORMAL,GROUP__10011__0003,CONTROL,0.0,0.0,0.0,0.0,0.0,0.0,0.0
CONTROL__10011__2025052423,10011,2025-05-24 23:00:00,2025-05-24 20:00:00,2025-05-25 02:00:00,NORMAL,GROUP__10011__0003,CONTROL,0.0,0.0,0.0,0.0,0.0,0.0,0.0
CONTROL__7139__2025102523,7139,2025-10-25 23:00:00,2025-10-25 20:00:00,2025-10-26 02:00:00,NORMAL,GROUP__7139__0003,CONTROL,1586.0,1875.0,1758.0,1501.0,34.0,24.0,18.0
CONTROL__7139__2025092723,7139,2025-09-27 23:00:00,2025-09-27 20:00:00,2025-09-28 02:00:00,NORMAL,GROUP__7139__0003,CONTROL,1435.0,1346.0,1503.0,1193.0,35.0,17.0,17.0
CONTROL__53004__2025032303,53004,2025-03-23 03:00:00,2025-03-23 00:00:00,2025-03-23 06:00:00,NORMAL,GROUP__53004__0003,CONTROL,173.0,121.0,84.0,54.0,71.0,149.0,341.0
CONTROL__53004__2025051103,53004,2025-05-11 03:00:00,2025-05-11 00:00:00,2025-05-11 06:00:00,NORMAL,GROUP__53004__0003,CONTROL,8.0,5.0,3.0,4.0,8.0,18.0,18.0
CONTROL__7153__2025110907,7153,2025-11-09 07:00:00,2025-11-09 04:00:00,2025-11-09 10:00:00,NORMAL,GROUP__7153__0001,CONTROL,79.0,168.0,260.0,368.0,579.0,923.0,1101.0
CONTROL__7153__2025020207,7153,2025-02-02 07:00:00,2025-02-02 04:00:00,2025-02-02 10:00:00,NORMAL,GROUP__7153__0001,CONTROL,0.0,0.0,0.0,0.0,0.0,0.0,0.0
CONTROL__7112__2025021609,7112,2025-02-16 09:00:00,2025-02-16 06:00:00,2025-02-16 12:00:00,NORMAL,GROUP__7112__0003,CONTROL,0.0,0.0,0.0,0.0,0.0,0.0,0.0
CONTROL__7112__2025120709,7112,2025-12-07 09:00:00,2025-12-07 06:00:00,2025-12-07 12:00:00,NORMAL,GROUP__7112__0003,CONTROL,53.0,55.0,56.0,52.0,55.0,50.0,77.0
CONTROL__7120__2025021700,7120,2025-02-17 00:00:00,2025-02-16 21:00:00,2025-02-17 03:00:00,NORMAL,GROUP__7120__0006,CONTROL,0.0,0.0,0.0,0.0,0.0,0.0,0.0
CONTROL__7120__2025031700,7120,2025-03-17 00:00:00,2025-03-16 21:00:00,2025-03-17 03:00:00,NORMAL,GROUP__7120__0006,CONTROL,13.0,16.0,13.0,3.0,7.0,8.0,18.0
CONTROL__7121__2025120800,7121,2025-12-08 00:00:00,2025-12-07 21:00:00,2025-12-08 03:00:00,NORMAL,GROUP__7121__0006,CONTROL,3.0,1.0,5.0,0.0,0.0,0.0,0.0
CONTROL__7121__2025100600,7121,2025-10-06 00:00:00,2025-10-05 21:00:00,2025-10-06 03:00:00,NORMAL,GROUP__7121__0006,CONTROL,11.0,10.0,8.0,185.0,176.0,183.0,146.0
CONTROL__7248__2025032402,7248,2025-03-24 02:00:00,2025-03-23 23:00:00,2025-03-24 05:00:00,NORMAL,GROUP__7248__0004,CONTROL,313.0,196.0,123.0,99.0,139.0,358.0,1169.0
CONTROL__7248__2025092902,7248,2025-09-29 02:00:00,2025-09-28 23:00:00,2025-09-29 05:00:00,NORMAL,GROUP__7248__0004,CONTROL,34.0,177.0,110.0,88.0,145.0,367.0,1227.0
CONTROL__29005__2025030319,29005,2025-03-03 19:00:00,2025-03-03 16:00:00,2025-03-03 22:00:00,NORMAL,GROUP__29005__0001,CONTROL,249.0,171.0,160.0,131.0,103.0,96.0,68.0
CONTROL__29005__2025051219,29005,2025-05-12 19:00:00,2025-05-12 16:00:00,2025-05-12 22:00:00,NORMAL,GROUP__29005__0001,CONTROL,3266.0,3126.0,2660.0,1920.0,1439.0,1246.0,0.0
CONTROL__51235__2025093001,51235,2025-09-30 01:00:00,2025-09-29 22:00:00,2025-09-30 04:00:00,NORMAL,GROUP__51235__0005,CONTROL,520.0,264.0,140.0,74.0,63.0,128.0,337.0
CONTROL__51235__2025062401,51235,2025-06-24 01:00:00,2025-06-23 22:00:00,2025-06-24 04:00:00,NORMAL,GROUP__51235__0005,CONTROL,37.0,27.0,13.0,18.0,20.0,19.0,41.0
CONTROL__7251__2025091602,7251,2025-09-16 02:00:00,2025-09-15 23:00:00,2025-09-16 05:00:00,NORMAL,GROUP__7251__0004,CONTROL,41.0,13.0,16.0,18.0,14.0,24.0,65.0
CONTROL__7251__2025112502,7251,2025-11-25 02:00:00,2025-11-24 23:00:00,2025-11-25 05:00:00,NORMAL,GROUP__7251__0004,CONTROL,0.0,0.0,0.0,16.0,14.0,42.0,67.0
CONTROL__23067__2025123005,23067,2025-12-30 05:00:00,2025-12-30 02:00:00,2025-12-30 08:00:00,NORMAL,GROUP__23067__0003,CONTROL,245.0,412.0,707.0,948.0,1377.0,1457.0,1492.0
CONTROL__23067__2025040105,23067,2025-04-01 05:00:00,2025-04-01 02:00:00,2025-04-01 08:00:00,NORMAL,GROUP__23067__0003,CONTROL,21.0,33.0,44.0,81.0,71.0,92.0,104.0
CONTROL__7126__2025031806,7126,2025-03-18 06:00:00,2025-03-18 03:00:00,2025-03-18 09:00:00,NORMAL,GROUP__7126__0003,CONTROL,7.0,16.0,22.0,85.0,67.0,61.0,70.0
CONTROL__7126__2025082606,7126,2025-08-26 06:00:00,2025-08-26 03:00:00,2025-08-26 09:00:00,NORMAL,GROUP__7126__0003,CONTROL,8.0,23.0,40.0,72.0,77.0,72.0,61.0
CONTROL__7163__2025111111,7163,2025-11-11 11:00:00,2025-11-11 08:00:00,2025-11-11 14:00:00,NORMAL,GROUP__7163__0003,CONTROL,97.0,134.0,129.0,91.0,89.0,109.0,85.0
CONTROL__7163__2025021111,7163,2025-02-11 11:00:00,2025-02-11 08:00:00,2025-02-11 14:00:00,NORMAL,GROUP__7163__0003,CONTROL,0.0,0.0,0.0,0.0,0.0,0.0,0.0
CONTROL__7112__2025072919,7112,2025-07-29 19:00:00,2025-07-29 16:00:00,2025-07-29 22:00:00,NORMAL,GROUP__7112__0004,CONTROL,152.0,117.0,87.0,55.0,49.0,38.0,27.0
CONTROL__7112__2025082619,7112,2025-08-26 19:00:00,2025-08-26 16:00:00,2025-08-26 22:00:00,NORMAL,GROUP__7112__0004,CONTROL,0.0,0.0,0.0,0.0,0.0,0.0,0.0
CONTROL__34016__2025010721,34016,2025-01-07 21:00:00,2025-01-07 18:00:00,2025-01-08 00:00:00,NORMAL,GROUP__34016__0001,CONTROL,278.0,225.0,152.0,114.0,47.0,14.0,8.0
CONTROL__34016__2025100721,34016,2025-10-07 21:00:00,2025-10-07 18:00:00,2025-10-08 00:00:00,NORMAL,GROUP__34016__0001,CONTROL,342.0,239.0,209.0,119.0,53.0,24.0,2.0
CONTROL__7120__2025120305,7120,2025-12-03 05:00:00,2025-12-03 02:00:00,2025-12-03 08:00:00,NORMAL,GROUP__7120__0007,CONTROL,9.0,9.0,18.0,60.0,101.0,94.0,68.0
CONTROL__7120__2025041605,7120,2025-04-16 05:00:00,2025-04-16 02:00:00,2025-04-16 08:00:00,NORMAL,GROUP__7120__0007,CONTROL,5.0,11.0,26.0,70.0,90.0,97.0,52.0
CONTROL__7121__2025121005,7121,2025-12-10 05:00:00,2025-12-10 02:00:00,2025-12-10 08:00:00,NORMAL,GROUP__7121__0007,CONTROL,8.0,8.0,18.0,31.0,48.0,70.0,88.0
CONTROL__7121__2025092405,7121,2025-09-24 05:00:00,2025-09-24 02:00:00,2025-09-24 08:00:00,NORMAL,GROUP__7121__0007,CONTROL,30.0,24.0,47.0,88.0,239.0,384.0,411.0
CONTROL__7120__2025040205,7120,2025-04-02 05:00:00,2025-04-02 02:00:00,2025-04-02 08:00:00,NORMAL,GROUP__7120__0007,CONTROL,0.0,0.0,0.0,0.0,0.0,0.0,0.0
CONTROL__7120__2025101505,7120,2025-10-15 05:00:00,2025-10-15 02:00:00,2025-10-15 08:00:00,NORMAL,GROUP__7120__0007,CONTROL,68.0,87.0,153.0,604.0,747.0,761.0,716.0
CONTROL__7121__2025122405,7121,2025-12-24 05:00:00,2025-12-24 02:00:00,2025-12-24 08:00:00,NORMAL,GROUP__7121__0007,CONTROL,0.0,0.0,0.0,0.0,0.0,0.0,0.0
CONTROL__7121__2025081305,7121,2025-08-13 05:00:00,2025-08-13 02:00:00,2025-08-13 08:00:00,NORMAL,GROUP__7121__0007,CONTROL,80.0,163.0,128.0,99.0,182.0,391.0,383.0
CONTROL__7274__2025040206,7274,2025-04-02 06:00:00,2025-04-02 03:00:00,2025-04-02 09:00:00,NORMAL,GROUP__7274__0001,CONTROL,94.0,302.0,697.0,1176.0,1353.0,1381.0,865.0
CONTROL__7274__2025011506,7274,2025-01-15 06:00:00,2025-01-15 03:00:00,2025-01-15 09:00:00,NORMAL,GROUP__7274__0001,CONTROL,0.0,0.0,0.0,0.0,0.0,0.0,0.0
CONTROL__F3FWY004__2025022700,F3FWY004,2025-02-27 00:00:00,2025-02-26 21:00:00,2025-02-27 03:00:00,NORMAL,GROUP__F3FWY004__0001,CONTROL,0.0,0.0,0.0,0.0,0.0,0.0,0.0
CONTROL__F3FWY004__2025062600,F3FWY004,2025-06-26 00:00:00,2025-06-25 21:00:00,2025-06-26 03:00:00,NORMAL,GROUP__F3FWY004__0001,CONTROL,49.0,32.0,18.0,92.0,81.0,92.0,118.0
CONTROL__51235__2025030615,51235,2025-03-06 15:00:00,2025-03-06 12:00:00,2025-03-06 18:00:00,NORMAL,GROUP__51235__0006,CONTROL,166.0,172.0,139.0,147.0,142.0,89.0,99.0
CONTROL__51235__2025092515,51235,2025-09-25 15:00:00,2025-09-25 12:00:00,2025-09-25 18:00:00,NORMAL,GROUP__51235__0006,CONTROL,156.0,171.0,146.0,148.0,130.0,102.0,86.0
CONTROL__7153__2025092519,7153,2025-09-25 19:00:00,2025-09-25 16:00:00,2025-09-25 22:00:00,NORMAL,GROUP__7153__0002,CONTROL,140.0,119.0,95.0,87.0,64.0,58.0,41.0
CONTROL__7153__2025091119,7153,2025-09-11 19:00:00,2025-09-11 16:00:00,2025-09-11 22:00:00,NORMAL,GROUP__7153__0002,CONTROL,140.0,96.0,116.0,80.0,63.0,42.0,29.0
CONTROL__F3FWY002__2025053001,F3FWY002,2025-05-30 01:00:00,2025-05-29 22:00:00,2025-05-30 04:00:00,NORMAL,GROUP__F3FWY002__0001,CONTROL,157.0,139.0,128.0,104.0,90.0,168.0,284.0
CONTROL__F3FWY002__2025101701,F3FWY002,2025-10-17 01:00:00,2025-10-16 22:00:00,2025-10-17 04:00:00,NORMAL,GROUP__F3FWY002__0001,CONTROL,221.0,199.0,0.0,0.0,0.0,0.0,0.0
CONTROL__F3FWY003__2025040404,F3FWY003,2025-04-04 04:00:00,2025-04-04 01:00:00,2025-04-04 07:00:00,NORMAL,GROUP__F3FWY003__0006,CONTROL,0.0,0.0,0.0,0.0,0.0,0.0,0.0
CONTROL__F3FWY003__2025102404,F3FWY003,2025-10-24 04:00:00,2025-10-24 01:00:00,2025-10-24 07:00:00,NORMAL,GROUP__F3FWY003__0006,CONTROL,108.0,104.0,141.0,264.0,511.0,708.0,712.0
CONTROL__23067__2025050904,23067,2025-05-09 04:00:00,2025-05-09 01:00:00,2025-05-09 07:00:00,NORMAL,GROUP__23067__0004,CONTROL,13.0,19.0,34.0,60.0,85.0,151.0,156.0
CONTROL__23067__2025103104,23067,2025-10-31 04:00:00,2025-10-31 01:00:00,2025-10-31 07:00:00,NORMAL,GROUP__23067__0004,CONTROL,122.0,403.0,942.0,1575.0,2235.0,2214.0,1991.0
CONTROL__7248__2025080804,7248,2025-08-08 04:00:00,2025-08-08 01:00:00,2025-08-08 07:00:00,NORMAL,GROUP__7248__0005,CONTROL,66.0,52.0,88.0,135.0,221.0,287.0,270.0
CONTROL__7248__2025071804,7248,2025-07-18 04:00:00,2025-07-18 01:00:00,2025-07-18 07:00:00,NORMAL,GROUP__7248__0005,CONTROL,68.0,73.0,71.0,137.0,241.0,291.0,258.0
CONTROL__7274__2025100305,7274,2025-10-03 05:00:00,2025-10-03 02:00:00,2025-10-03 08:00:00,NORMAL,GROUP__7274__0002,CONTROL,12.0,14.0,46.0,110.0,186.0,143.0,134.0
CONTROL__7274__2025041805,7274,2025-04-18 05:00:00,2025-04-18 02:00:00,2025-04-18 08:00:00,NORMAL,GROUP__7274__0002,CONTROL,0.0,0.0,0.0,0.0,0.0,0.0,0.0
CONTROL__F3FWY003__2025042509,F3FWY003,2025-04-25 09:00:00,2025-04-25 06:00:00,2025-04-25 12:00:00,NORMAL,GROUP__F3FWY003__0006,CONTROL,0.0,0.0,0.0,0.0,0.0,0.0,0.0
CONTROL__F3FWY003__2025091909,F3FWY003,2025-09-19 09:00:00,2025-09-19 06:00:00,2025-09-19 12:00:00,NORMAL,GROUP__F3FWY003__0006,CONTROL,1416.0,1676.0,1767.0,2103.0,2442.0,2559.0,2754.0
CONTROL__7112__2025101710,7112,2025-10-17 10:00:00,2025-10-17 07:00:00,2025-10-17 13:00:00,NORMAL,GROUP__7112__0005,CONTROL,281.0,229.0,264.0,234.0,225.0,219.0,192.0
CONTROL__7112__2025111410,7112,2025-11-14 10:00:00,2025-11-14 07:00:00,2025-11-14 13:00:00,NORMAL,GROUP__7112__0005,CONTROL,1236.0,1204.0,981.0,918.0,1087.0,1033.0,1114.0
CONTROL__F3FWY006__2025071123,F3FWY006,2025-07-11 23:00:00,2025-07-11 20:00:00,2025-07-12 02:00:00,NORMAL,GROUP__F3FWY006__0002,CONTROL,135.0,148.0,118.0,101.0,109.0,79.0,81.0
CONTROL__F3FWY006__2025062023,F3FWY006,2025-06-20 23:00:00,2025-06-20 20:00:00,2025-06-21 02:00:00,NORMAL,GROUP__F3FWY006__0002,CONTROL,0.0,0.0,0.0,0.0,71.0,51.0,69.0
CONTROL__7161__2025052506,7161,2025-05-25 06:00:00,2025-05-25 03:00:00,2025-05-25 09:00:00,NORMAL,GROUP__7161__0002,CONTROL,4.0,7.0,19.0,27.0,34.0,37.0,53.0
CONTROL__7161__2025062206,7161,2025-06-22 06:00:00,2025-06-22 03:00:00,2025-06-22 09:00:00,NORMAL,GROUP__7161__0002,CONTROL,89.0,73.0,129.0,274.0,507.0,654.0,1085.0
CONTROL__7132__2025080323,7132,2025-08-03 23:00:00,2025-08-03 20:00:00,2025-08-04 02:00:00,NORMAL,GROUP__7132__0003,CONTROL,451.0,355.0,281.0,149.0,6.0,7.0,5.0
CONTROL__7132__2025113023,7132,2025-11-30 23:00:00,2025-11-30 20:00:00,2025-12-01 02:00:00,NORMAL,GROUP__7132__0003,CONTROL,17.0,17.0,8.0,10.0,4.0,14.0,5.0
CONTROL__7159__2025021700,7159,2025-02-17 00:00:00,2025-02-16 21:00:00,2025-02-17 03:00:00,NORMAL,GROUP__7159__0001,CONTROL,0.0,0.0,0.0,0.0,0.0,0.0,0.0
CONTROL__7159__2025090100,7159,2025-09-01 00:00:00,2025-08-31 21:00:00,2025-09-01 03:00:00,NORMAL,GROUP__7159__0001,CONTROL,29.0,22.0,21.0,166.0,101.0,72.0,81.0
CONTROL__7184__2025021704,7184,2025-02-17 04:00:00,2025-02-17 01:00:00,2025-02-17 07:00:00,NORMAL,GROUP__7184__0005,CONTROL,0.0,0.0,0.0,0.0,0.0,0.0,0.0
CONTROL__7184__2025012004,7184,2025-01-20 04:00:00,2025-01-20 01:00:00,2025-01-20 07:00:00,NORMAL,GROUP__7184__0005,CONTROL,99.0,60.0,83.0,214.0,798.0,1799.0,2701.0
CONTROL__55049__2025081805,55049,2025-08-18 05:00:00,2025-08-18 02:00:00,2025-08-18 08:00:00,NORMAL,GROUP__55049__0001,CONTROL,0.0,0.0,0.0,0.0,0.0,0.0,0.0
CONTROL__55049__2025022405,55049,2025-02-24 05:00:00,2025-02-24 02:00:00,2025-02-24 08:00:00,NORMAL,GROUP__55049__0001,CONTROL,0.0,0.0,0.0,0.0,0.0,0.0,0.0
CONTROL__F3FWY005__2025020310,F3FWY005,2025-02-03 10:00:00,2025-02-03 07:00:00,2025-02-03 13:00:00,NORMAL,GROUP__F3FWY005__0001,CONTROL,0.0,0.0,0.0,0.0,0.0,0.0,0.0
CONTROL__F3FWY005__2025032410,F3FWY005,2025-03-24 10:00:00,2025-03-24 07:00:00,2025-03-24 13:00:00,NORMAL,GROUP__F3FWY005__0001,CONTROL,2412.0,1115.0,1182.0,1194.0,1319.0,885.0,1121.0
CONTROL__33014__2025061000,33014,2025-06-10 00:00:00,2025-06-09 21:00:00,2025-06-10 03:00:00,NORMAL,GROUP__33014__0003,CONTROL,271.0,149.0,103.0,13.0,14.0,10.0,22.0
CONTROL__33014__2025093000,33014,2025-09-30 00:00:00,2025-09-29 21:00:00,2025-09-30 03:00:00,NORMAL,GROUP__33014__0003,CONTROL,0.0,0.0,0.0,0.0,0.0,0.0,0.0
CONTROL__7179__2025101401,7179,2025-10-14 01:00:00,2025-10-13 22:00:00,2025-10-14 04:00:00,NORMAL,GROUP__7179__0007,CONTROL,805.0,481.0,66.0,58.0,45.0,71.0,119.0
CONTROL__7179__2025110401,7179,2025-11-04 01:00:00,2025-11-03 22:00:00,2025-11-04 04:00:00,NORMAL,GROUP__7179__0007,CONTROL,759.0,569.0,47.0,42.0,54.0,68.0,116.0
CONTROL__7120__2025122304,7120,2025-12-23 04:00:00,2025-12-23 01:00:00,2025-12-23 07:00:00,NORMAL,GROUP__7120__0008,CONTROL,62.0,80.0,84.0,184.0,403.0,584.0,568.0
CONTROL__7120__2025032504,7120,2025-03-25 04:00:00,2025-03-25 01:00:00,2025-03-25 07:00:00,NORMAL,GROUP__7120__0008,CONTROL,0.0,0.0,0.0,0.0,0.0,0.0,0.0
CONTROL__7121__2025112504,7121,2025-11-25 04:00:00,2025-11-25 01:00:00,2025-11-25 07:00:00,NORMAL,GROUP__7121__0008,CONTROL,0.0,0.0,0.0,0.0,0.0,0.0,0.0
CONTROL__7121__2025042204,7121,2025-04-22 04:00:00,2025-04-22 01:00:00,2025-04-22 07:00:00,NORMAL,GROUP__7121__0008,CONTROL,28.0,34.0,19.0,24.0,88.0,184.0,306.0
CONTROL__53004__2025111805,53004,2025-11-18 05:00:00,2025-11-18 02:00:00,2025-11-18 08:00:00,NORMAL,GROUP__53004__0004,CONTROL,14.0,13.0,32.0,106.0,247.0,186.0,163.0
CONTROL__53004__2025092305,53004,2025-09-23 05:00:00,2025-09-23 02:00:00,2025-09-23 08:00:00,NORMAL,GROUP__53004__0004,CONTROL,18.0,14.0,30.0,49.0,60.0,77.0,75.0
CONTROL__10011__2025022505,10011,2025-02-25 05:00:00,2025-02-25 02:00:00,2025-02-25 08:00:00,NORMAL,GROUP__10011__0004,CONTROL,0.0,0.0,0.0,0.0,0.0,0.0,0.0
CONTROL__10011__2025102105,10011,2025-10-21 05:00:00,2025-10-21 02:00:00,2025-10-21 08:00:00,NORMAL,GROUP__10011__0004,CONTROL,0.0,0.0,0.0,0.0,0.0,0.0,0.0
CONTROL__7139__2025090905,7139,2025-09-09 05:00:00,2025-09-09 02:00:00,2025-09-09 08:00:00,NORMAL,GROUP__7139__0004,CONTROL,18.0,26.0,17.0,68.0,189.0,248.0,272.0
CONTROL__7139__2025070105,7139,2025-07-01 05:00:00,2025-07-01 02:00:00,2025-07-01 08:00:00,NORMAL,GROUP__7139__0004,CONTROL,8.0,14.0,16.0,51.0,134.0,194.0,217.0
CONTROL__7132__2025040821,7132,2025-04-08 21:00:00,2025-04-08 18:00:00,2025-04-09 00:00:00,NORMAL,GROUP__7132__0004,CONTROL,28.0,32.0,21.0,16.0,12.0,5.0,93.0
CONTROL__7132__2025042921,7132,2025-04-29 21:00:00,2025-04-29 18:00:00,2025-04-30 00:00:00,NORMAL,GROUP__7132__0004,CONTROL,29.0,26.0,31.0,15.0,9.0,7.0,5.0
CONTROL__7120__2025120300,7120,2025-12-03 00:00:00,2025-12-02 21:00:00,2025-12-03 03:00:00,NORMAL,GROUP__7120__0009,CONTROL,448.0,406.0,288.0,8.0,13.0,9.0,9.0
CONTROL__7120__2025123100,7120,2025-12-31 00:00:00,2025-12-30 21:00:00,2025-12-31 03:00:00,NORMAL,GROUP__7120__0009,CONTROL,468.0,369.0,297.0,139.0,85.0,69.0,67.0
CONTROL__7121__2025051400,7121,2025-05-14 00:00:00,2025-05-13 21:00:00,2025-05-14 03:00:00,NORMAL,GROUP__7121__0009,CONTROL,2.0,3.0,2.0,156.0,122.0,94.0,148.0
CONTROL__7121__2025111900,7121,2025-11-19 00:00:00,2025-11-18 21:00:00,2025-11-19 03:00:00,NORMAL,GROUP__7121__0009,CONTROL,0.0,0.0,0.0,6.0,3.0,7.0,11.0
CONTROL__7248__2025112600,7248,2025-11-26 00:00:00,2025-11-25 21:00:00,2025-11-26 03:00:00,NORMAL,GROUP__7248__0006,CONTROL,0.0,0.0,1.0,64.0,83.0,70.0,75.0
CONTROL__7248__2025012200,7248,2025-01-22 00:00:00,2025-01-21 21:00:00,2025-01-22 03:00:00,NORMAL,GROUP__7248__0006,CONTROL,722.0,466.0,284.0,54.0,62.0,59.0,76.0
CONTROL__7123-PR__2025123104,7123-PR,2025-12-31 04:00:00,2025-12-31 01:00:00,2025-12-31 07:00:00,NORMAL,GROUP__7123-PR__0002,CONTROL,1.0,6.0,0.0,3.0,2.0,16.0,16.0
CONTROL__7123-PR__2025101504,7123-PR,2025-10-15 04:00:00,2025-10-15 01:00:00,2025-10-15 07:00:00,NORMAL,GROUP__7123-PR__0002,CONTROL,15.0,14.0,5.0,33.0,78.0,115.0,94.0
CONTROL__F3FWY003__2025080604,F3FWY003,2025-08-06 04:00:00,2025-08-06 01:00:00,2025-08-06 07:00:00,NORMAL,GROUP__F3FWY003__0007,CONTROL,79.0,95.0,129.0,263.0,485.0,671.0,687.0
CONTROL__F3FWY003__2025111204,F3FWY003,2025-11-12 04:00:00,2025-11-12 01:00:00,2025-11-12 07:00:00,NORMAL,GROUP__F3FWY003__0007,CONTROL,101.0,140.0,168.0,303.0,700.0,697.0,629.0
CONTROL__7274__2025121106,7274,2025-12-11 06:00:00,2025-12-11 03:00:00,2025-12-11 09:00:00,NORMAL,GROUP__7274__0003,CONTROL,138.0,334.0,781.0,1153.0,1169.0,1136.0,903.0
CONTROL__7274__2025011606,7274,2025-01-16 06:00:00,2025-01-16 03:00:00,2025-01-16 09:00:00,NORMAL,GROUP__7274__0003,CONTROL,97.0,293.0,679.0,1076.0,1150.0,1123.0,873.0
CONTROL__51235__2025082819,51235,2025-08-28 19:00:00,2025-08-28 16:00:00,2025-08-28 22:00:00,NORMAL,GROUP__51235__0007,CONTROL,178.0,174.0,106.0,100.0,72.0,64.0,54.0
CONTROL__51235__2025052919,51235,2025-05-29 19:00:00,2025-05-29 16:00:00,2025-05-29 22:00:00,NORMAL,GROUP__51235__0007,CONTROL,124.0,90.0,90.0,78.0,58.0,43.0,28.0
CONTROL__33014__2025062620,33014,2025-06-26 20:00:00,2025-06-26 17:00:00,2025-06-26 23:00:00,NORMAL,GROUP__33014__0004,CONTROL,0.0,0.0,0.0,0.0,0.0,0.0,0.0
CONTROL__33014__2025091120,33014,2025-09-11 20:00:00,2025-09-11 17:00:00,2025-09-11 23:00:00,NORMAL,GROUP__33014__0004,CONTROL,0.0,0.0,0.0,0.0,0.0,0.0,0.0
CONTROL__F3FWY003__2025100305,F3FWY003,2025-10-03 05:00:00,2025-10-03 02:00:00,2025-10-03 08:00:00,NORMAL,GROUP__F3FWY003__0008,CONTROL,87.0,149.0,298.0,851.0,1555.0,2004.0,2056.0
CONTROL__F3FWY003__2025120505,F3FWY003,2025-12-05 05:00:00,2025-12-05 02:00:00,2025-12-05 08:00:00,NORMAL,GROUP__F3FWY003__0008,CONTROL,121.0,165.0,284.0,633.0,812.0,647.0,546.0
CONTROL__9658__2025122605,9658,2025-12-26 05:00:00,2025-12-26 02:00:00,2025-12-26 08:00:00,NORMAL,GROUP__9658__0001,CONTROL,0.0,0.0,0.0,0.0,0.0,0.0,0.0
CONTROL__9658__2025101705,9658,2025-10-17 05:00:00,2025-10-17 02:00:00,2025-10-17 08:00:00,NORMAL,GROUP__9658__0001,CONTROL,29.0,34.0,61.0,102.0,147.0,124.0,114.0
CONTROL__7112__2025082907,7112,2025-08-29 07:00:00,2025-08-29 04:00:00,2025-08-29 10:00:00,NORMAL,GROUP__7112__0006,CONTROL,125.0,503.0,775.0,655.0,628.0,635.0,559.0
CONTROL__7112__2025060607,7112,2025-06-06 07:00:00,2025-06-06 04:00:00,2025-06-06 10:00:00,NORMAL,GROUP__7112__0006,CONTROL,38.0,96.0,173.0,142.0,159.0,164.0,166.0
CONTROL__51235__2025071808,51235,2025-07-18 08:00:00,2025-07-18 05:00:00,2025-07-18 11:00:00,NORMAL,GROUP__51235__0008,CONTROL,1046.0,2042.0,1823.0,1978.0,1874.0,1630.0,1578.0
CONTROL__51235__2025030708,51235,2025-03-07 08:00:00,2025-03-07 05:00:00,2025-03-07 11:00:00,NORMAL,GROUP__51235__0008,CONTROL,0.0,0.0,0.0,0.0,0.0,1148.0,1241.0
CONTROL__7132__2025112909,7132,2025-11-29 09:00:00,2025-11-29 06:00:00,2025-11-29 12:00:00,NORMAL,GROUP__7132__0005,CONTROL,56.0,50.0,58.0,40.0,52.0,39.0,56.0
CONTROL__7132__2025011809,7132,2025-01-18 09:00:00,2025-01-18 06:00:00,2025-01-18 12:00:00,NORMAL,GROUP__7132__0005,CONTROL,0.0,0.0,0.0,0.0,0.0,0.0,0.0
CONTROL__F3FWY003__2025092014,F3FWY003,2025-09-20 14:00:00,2025-09-20 11:00:00,2025-09-20 17:00:00,NORMAL,GROUP__F3FWY003__0009,CONTROL,351.0,332.0,313.0,332.0,292.0,276.0,203.0
CONTROL__F3FWY003__2025012514,F3FWY003,2025-01-25 14:00:00,2025-01-25 11:00:00,2025-01-25 17:00:00,NORMAL,GROUP__F3FWY003__0009,CONTROL,2904.0,2610.0,2445.0,2531.0,2737.0,2850.0,2691.0
CONTROL__50240__2025110117,50240,2025-11-01 17:00:00,2025-11-01 14:00:00,2025-11-01 20:00:00,NORMAL,GROUP__50240__0004,CONTROL,160.0,141.0,116.0,151.0,105.0,0.0,72.0
CONTROL__50240__2025100417,50240,2025-10-04 17:00:00,2025-10-04 14:00:00,2025-10-04 20:00:00,NORMAL,GROUP__50240__0004,CONTROL,2367.0,2111.0,0.0,2214.0,1874.0,1608.0,1276.0
CONTROL__7248__2025120623,7248,2025-12-06 23:00:00,2025-12-06 20:00:00,2025-12-07 02:00:00,NORMAL,GROUP__7248__0007,CONTROL,786.0,827.0,778.0,628.0,389.0,220.0,154.0
CONTROL__7248__2025062123,7248,2025-06-21 23:00:00,2025-06-21 20:00:00,2025-06-22 02:00:00,NORMAL,GROUP__7248__0007,CONTROL,0.0,0.0,0.0,0.0,278.0,175.0,99.0
CONTROL__7248__2025080303,7248,2025-08-03 03:00:00,2025-08-03 00:00:00,2025-08-03 06:00:00,NORMAL,GROUP__7248__0007,CONTROL,45.0,35.0,32.0,19.0,27.0,39.0,46.0
CONTROL__7248__2025091403,7248,2025-09-14 03:00:00,2025-09-14 00:00:00,2025-09-14 06:00:00,NORMAL,GROUP__7248__0007,CONTROL,41.0,26.0,21.0,31.0,21.0,45.0,55.0
CONTROL__7112__2025110211,7112,2025-11-02 11:00:00,2025-11-02 08:00:00,2025-11-02 14:00:00,NORMAL,GROUP__7112__0007,CONTROL,675.0,810.0,977.0,1219.0,1373.0,1293.0,1417.0
CONTROL__7112__2025072011,7112,2025-07-20 11:00:00,2025-07-20 08:00:00,2025-07-20 14:00:00,NORMAL,GROUP__7112__0007,CONTROL,645.0,828.0,1060.0,1307.0,1329.0,1369.0,1297.0
CONTROL__7274__2025120720,7274,2025-12-07 20:00:00,2025-12-07 17:00:00,2025-12-07 23:00:00,NORMAL,GROUP__7274__0004,CONTROL,56.0,48.0,37.0,34.0,21.0,31.0,10.0
CONTROL__7274__2025122120,7274,2025-12-21 20:00:00,2025-12-21 17:00:00,2025-12-21 23:00:00,NORMAL,GROUP__7274__0004,CONTROL,58.0,46.0,45.0,48.0,34.0,24.0,19.0
CONTROL__53003__2025071402,53003,2025-07-14 02:00:00,2025-07-13 23:00:00,2025-07-14 05:00:00,NORMAL,GROUP__53003__0003,CONTROL,22.0,21.0,19.0,18.0,35.0,58.0,135.0
CONTROL__53003__2025010602,53003,2025-01-06 02:00:00,2025-01-05 23:00:00,2025-01-06 05:00:00,NORMAL,GROUP__53003__0003,CONTROL,343.0,22.0,26.0,26.0,40.0,72.0,188.0
CONTROL__7251__2025111004,7251,2025-11-10 04:00:00,2025-11-10 01:00:00,2025-11-10 07:00:00,NORMAL,GROUP__7251__0005,CONTROL,12.0,12.0,12.0,19.0,70.0,109.0,133.0
CONTROL__7251__2025072804,7251,2025-07-28 04:00:00,2025-07-28 01:00:00,2025-07-28 07:00:00,NORMAL,GROUP__7251__0005,CONTROL,140.0,116.0,74.0,122.0,186.0,386.0,779.0
CONTROL__68025__2025012705,68025,2025-01-27 05:00:00,2025-01-27 02:00:00,2025-01-27 08:00:00,NORMAL,GROUP__68025__0005,CONTROL,51.0,31.0,37.0,109.0,158.0,148.0,203.0
CONTROL__68025__2025120105,68025,2025-12-01 05:00:00,2025-12-01 02:00:00,2025-12-01 08:00:00,NORMAL,GROUP__68025__0005,CONTROL,49.0,60.0,148.0,445.0,876.0,1157.0,1437.0
CONTROL__68025__2025110305,68025,2025-11-03 05:00:00,2025-11-03 02:00:00,2025-11-03 08:00:00,NORMAL,GROUP__68025__0005,CONTROL,54.0,64.0,137.0,442.0,881.0,1238.0,1400.0
CONTROL__68025__2025041405,68025,2025-04-14 05:00:00,2025-04-14 02:00:00,2025-04-14 08:00:00,NORMAL,GROUP__68025__0005,CONTROL,5.0,11.0,11.0,31.0,71.0,95.0,61.0
CONTROL__47024__2025101305,47024,2025-10-13 05:00:00,2025-10-13 02:00:00,2025-10-13 08:00:00,NORMAL,GROUP__47024__0002,CONTROL,224.0,263.0,561.0,1173.0,1137.0,1287.0,1212.0
CONTROL__47024__2025110305,47024,2025-11-03 05:00:00,2025-11-03 02:00:00,2025-11-03 08:00:00,NORMAL,GROUP__47024__0002,CONTROL,242.0,228.0,369.0,922.0,1049.0,940.0,977.0
CONTROL__7168__2025051905,7168,2025-05-19 05:00:00,2025-05-19 02:00:00,2025-05-19 08:00:00,NORMAL,GROUP__7168__0002,CONTROL,28.0,32.0,96.0,214.0,400.0,519.0,565.0
CONTROL__7168__2025090805,7168,2025-09-08 05:00:00,2025-09-08 02:00:00,2025-09-08 08:00:00,NORMAL,GROUP__7168__0002,CONTROL,9.0,19.0,22.0,44.0,78.0,86.0,79.0
CONTROL__74230__2025060223,74230,2025-06-02 23:00:00,2025-06-02 20:00:00,2025-06-03 02:00:00,NORMAL,GROUP__74230__0002,CONTROL,1.0,0.0,1.0,1.0,1.0,2.0,5.0
CONTROL__74230__2025102023,74230,2025-10-20 23:00:00,2025-10-20 20:00:00,2025-10-21 02:00:00,NORMAL,GROUP__74230__0002,CONTROL,11.0,9.0,3.0,3.0,15.0,17.0,13.0
CONTROL__7120__2025050600,7120,2025-05-06 00:00:00,2025-05-05 21:00:00,2025-05-06 03:00:00,NORMAL,GROUP__7120__0010,CONTROL,24.0,15.0,13.0,11.0,7.0,11.0,13.0
CONTROL__7120__2025012100,7120,2025-01-21 00:00:00,2025-01-20 21:00:00,2025-01-21 03:00:00,NORMAL,GROUP__7120__0010,CONTROL,0.0,0.0,0.0,9.0,4.0,7.0,13.0
CONTROL__7121__2025042900,7121,2025-04-29 00:00:00,2025-04-28 21:00:00,2025-04-29 03:00:00,NORMAL,GROUP__7121__0010,CONTROL,235.0,168.0,80.0,2.0,1.0,6.0,5.0
CONTROL__7121__2025101400,7121,2025-10-14 00:00:00,2025-10-13 21:00:00,2025-10-14 03:00:00,NORMAL,GROUP__7121__0010,CONTROL,19.0,12.0,9.0,69.0,49.0,22.0,22.0
CONTROL__7162__2025082602,7162,2025-08-26 02:00:00,2025-08-25 23:00:00,2025-08-26 05:00:00,NORMAL,GROUP__7162__0001,CONTROL,89.0,48.0,22.0,28.0,42.0,233.0,508.0
CONTROL__7162__2025061702,7162,2025-06-17 02:00:00,2025-06-16 23:00:00,2025-06-17 05:00:00,NORMAL,GROUP__7162__0001,CONTROL,6.0,39.0,21.0,20.0,42.0,227.0,533.0
CONTROL__7162__2025031804,7162,2025-03-18 04:00:00,2025-03-18 01:00:00,2025-03-18 07:00:00,NORMAL,GROUP__7162__0001,CONTROL,0.0,0.0,7.0,41.0,87.0,115.0,87.0
CONTROL__7162__2025021104,7162,2025-02-11 04:00:00,2025-02-11 01:00:00,2025-02-11 07:00:00,NORMAL,GROUP__7162__0001,CONTROL,0.0,0.0,0.0,0.0,0.0,0.0,0.0
CONTROL__7119-PR__2025071504,7119-PR,2025-07-15 04:00:00,2025-07-15 01:00:00,2025-07-15 07:00:00,NORMAL,GROUP__7119-PR__0002,CONTROL,5.0,7.0,2.0,18.0,32.0,100.0,97.0
CONTROL__7119-PR__2025042204,7119-PR,2025-04-22 04:00:00,2025-04-22 01:00:00,2025-04-22 07:00:00,NORMAL,GROUP__7119-PR__0002,CONTROL,79.0,44.0,44.0,75.0,197.0,370.0,432.0
CONTROL__7153__2025031819,7153,2025-03-18 19:00:00,2025-03-18 16:00:00,2025-03-18 22:00:00,NORMAL,GROUP__7153__0003,CONTROL,0.0,0.0,0.0,0.0,0.0,0.0,0.0
CONTROL__7153__2025031119,7153,2025-03-11 19:00:00,2025-03-11 16:00:00,2025-03-11 22:00:00,NORMAL,GROUP__7153__0003,CONTROL,141.0,113.0,76.0,77.0,61.0,41.0,30.0
CONTROL__7251__2025081221,7251,2025-08-12 21:00:00,2025-08-12 18:00:00,2025-08-13 00:00:00,NORMAL,GROUP__7251__0006,CONTROL,1352.0,748.0,634.0,588.0,559.0,407.0,256.0
CONTROL__7251__2025091621,7251,2025-09-16 21:00:00,2025-09-16 18:00:00,2025-09-17 00:00:00,NORMAL,GROUP__7251__0006,CONTROL,104.0,51.0,47.0,41.0,48.0,30.0,253.0
CONTROL__7132__2025110421,7132,2025-11-04 21:00:00,2025-11-04 18:00:00,2025-11-05 00:00:00,NORMAL,GROUP__7132__0006,CONTROL,895.0,732.0,608.0,511.0,325.0,213.0,119.0
CONTROL__7132__2025091621,7132,2025-09-16 21:00:00,2025-09-16 18:00:00,2025-09-17 00:00:00,NORMAL,GROUP__7132__0006,CONTROL,30.0,28.0,21.0,20.0,11.0,11.0,8.0
CONTROL__7251__2025120304,7251,2025-12-03 04:00:00,2025-12-03 01:00:00,2025-12-03 07:00:00,NORMAL,GROUP__7251__0007,CONTROL,23.0,12.0,18.0,26.0,44.0,109.0,122.0
CONTROL__7251__2025091004,7251,2025-09-10 04:00:00,2025-09-10 01:00:00,2025-09-10 07:00:00,NORMAL,GROUP__7251__0007,CONTROL,0.0,0.0,9.0,141.0,204.0,467.0,810.0
CONTROL__53004__2025052804,53004,2025-05-28 04:00:00,2025-05-28 01:00:00,2025-05-28 07:00:00,NORMAL,GROUP__53004__0005,CONTROL,46.0,25.0,47.0,193.0,674.0,1499.0,2327.0
CONTROL__53004__2025061104,53004,2025-06-11 04:00:00,2025-06-11 01:00:00,2025-06-11 07:00:00,NORMAL,GROUP__53004__0005,CONTROL,8.0,11.0,14.0,43.0,114.0,246.0,212.0
CONTROL__7274__2025110506,7274,2025-11-05 06:00:00,2025-11-05 03:00:00,2025-11-05 09:00:00,NORMAL,GROUP__7274__0005,CONTROL,114.0,298.0,725.0,1297.0,1240.0,1313.0,1037.0
CONTROL__7274__2025010106,7274,2025-01-01 06:00:00,2025-01-01 03:00:00,2025-01-01 09:00:00,NORMAL,GROUP__7274__0005,CONTROL,0.0,0.0,0.0,0.0,0.0,0.0,0.0
CONTROL__9849__2025091018,9849,2025-09-10 18:00:00,2025-09-10 15:00:00,2025-09-10 21:00:00,NORMAL,GROUP__9849__0001,CONTROL,80.0,71.0,62.0,53.0,24.0,26.0,18.0
CONTROL__9849__2025010818,9849,2025-01-08 18:00:00,2025-01-08 15:00:00,2025-01-08 21:00:00,NORMAL,GROUP__9849__0001,CONTROL,0.0,0.0,0.0,0.0,0.0,0.0,0.0
CONTROL__7179__2025031306,7179,2025-03-13 06:00:00,2025-03-13 03:00:00,2025-03-13 09:00:00,NORMAL,GROUP__7179__0008,CONTROL,203.0,395.0,892.0,1128.0,963.0,1318.0,1247.0
CONTROL__7179__2025100206,7179,2025-10-02 06:00:00,2025-10-02 03:00:00,2025-10-02 09:00:00,NORMAL,GROUP__7179__0008,CONTROL,234.0,405.0,967.0,1302.0,1434.0,1520.0,1496.0
CONTROL__7248__2025030608,7248,2025-03-06 08:00:00,2025-03-06 05:00:00,2025-03-06 11:00:00,NORMAL,GROUP__7248__0008,CONTROL,257.0,283.0,211.0,165.0,206.0,246.0,234.0
CONTROL__7248__2025112008,7248,2025-11-20 08:00:00,2025-11-20 05:00:00,2025-11-20 11:00:00,NORMAL,GROUP__7248__0008,CONTROL,1115.0,1314.0,1220.0,1158.0,1106.0,944.0,858.0
CONTROL__50240__2025072419,50240,2025-07-24 19:00:00,2025-07-24 16:00:00,2025-07-24 22:00:00,NORMAL,GROUP__50240__0005,CONTROL,293.0,247.0,201.0,150.0,102.0,88.0,58.0
CONTROL__50240__2025012319,50240,2025-01-23 19:00:00,2025-01-23 16:00:00,2025-01-23 22:00:00,NORMAL,GROUP__50240__0005,CONTROL,0.0,0.0,0.0,0.0,0.0,0.0,0.0
CONTROL__7132__2025071719,7132,2025-07-17 19:00:00,2025-07-17 16:00:00,2025-07-17 22:00:00,NORMAL,GROUP__7132__0007,CONTROL,1048.0,1016.0,859.0,720.0,605.0,457.0,329.0
CONTROL__7132__2025071019,7132,2025-07-10 19:00:00,2025-07-10 16:00:00,2025-07-10 22:00:00,NORMAL,GROUP__7132__0007,CONTROL,60.0,31.0,35.0,18.0,18.0,22.0,9.0
CONTROL__10011__2025072420,10011,2025-07-24 20:00:00,2025-07-24 17:00:00,2025-07-24 23:00:00,NORMAL,GROUP__10011__0005,CONTROL,0.0,0.0,0.0,0.0,0.0,0.0,0.0
CONTROL__10011__2025032720,10011,2025-03-27 20:00:00,2025-03-27 17:00:00,2025-03-27 23:00:00,NORMAL,GROUP__10011__0005,CONTROL,2784.0,2283.0,1697.0,1431.0,1229.0,1012.0,522.0
CONTROL__7139__2025051520,7139,2025-05-15 20:00:00,2025-05-15 17:00:00,2025-05-15 23:00:00,NORMAL,GROUP__7139__0005,CONTROL,2767.0,2436.0,1718.0,1397.0,1189.0,1017.0,491.0
CONTROL__7139__2025022020,7139,2025-02-20 20:00:00,2025-02-20 17:00:00,2025-02-20 23:00:00,NORMAL,GROUP__7139__0005,CONTROL,0.0,0.0,0.0,0.0,0.0,0.0,0.0
CONTROL__7251__2025030623,7251,2025-03-06 23:00:00,2025-03-06 20:00:00,2025-03-07 02:00:00,NORMAL,GROUP__7251__0008,CONTROL,0.0,0.0,0.0,0.0,0.0,0.0,0.0
CONTROL__7251__2025013023,7251,2025-01-30 23:00:00,2025-01-30 20:00:00,2025-01-31 02:00:00,NORMAL,GROUP__7251__0008,CONTROL,641.0,663.0,661.0,535.0,0.0,0.0,0.0
CONTROL__50240__2025013023,50240,2025-01-30 23:00:00,2025-01-30 20:00:00,2025-01-31 02:00:00,NORMAL,GROUP__50240__0005,CONTROL,477.0,437.0,355.0,0.0,0.0,0.0,0.0
CONTROL__50240__2025031323,50240,2025-03-13 23:00:00,2025-03-13 20:00:00,2025-03-14 02:00:00,NORMAL,GROUP__50240__0005,CONTROL,1896.0,1988.0,1544.0,871.0,58.0,48.0,48.0
CONTROL__7184__2025110702,7184,2025-11-07 02:00:00,2025-11-06 23:00:00,2025-11-07 05:00:00,NORMAL,GROUP__7184__0006,CONTROL,345.0,34.0,43.0,23.0,33.0,61.0,123.0
CONTROL__7184__2025080802,7184,2025-08-08 02:00:00,2025-08-07 23:00:00,2025-08-08 05:00:00,NORMAL,GROUP__7184__0006,CONTROL,308.0,30.0,24.0,33.0,33.0,52.0,125.0
CONTROL__7153__2025032112,7153,2025-03-21 12:00:00,2025-03-21 09:00:00,2025-03-21 15:00:00,NORMAL,GROUP__7153__0004,CONTROL,235.0,234.0,220.0,201.0,214.0,156.0,136.0
CONTROL__7153__2025121212,7153,2025-12-12 12:00:00,2025-12-12 09:00:00,2025-12-12 15:00:00,NORMAL,GROUP__7153__0004,CONTROL,285.0,251.0,248.0,219.0,210.0,147.0,162.0
CONTROL__7274__2025041819,7274,2025-04-18 19:00:00,2025-04-18 16:00:00,2025-04-18 22:00:00,NORMAL,GROUP__7274__0006,CONTROL,0.0,0.0,0.0,0.0,0.0,0.0,0.0
CONTROL__7274__2025051619,7274,2025-05-16 19:00:00,2025-05-16 16:00:00,2025-05-16 22:00:00,NORMAL,GROUP__7274__0006,CONTROL,1093.0,1117.0,985.0,638.0,549.0,465.0,441.0
CONTROL__51235__2025012422,51235,2025-01-24 22:00:00,2025-01-24 19:00:00,2025-01-25 01:00:00,NORMAL,GROUP__51235__0009,CONTROL,0.0,0.0,0.0,0.0,0.0,19.0,11.0
CONTROL__51235__2025122622,51235,2025-12-26 22:00:00,2025-12-26 19:00:00,2025-12-27 01:00:00,NORMAL,GROUP__51235__0009,CONTROL,0.0,0.0,0.0,0.0,0.0,13.0,9.0
CONTROL__7162__2025101805,7162,2025-10-18 05:00:00,2025-10-18 02:00:00,2025-10-18 08:00:00,NORMAL,GROUP__7162__0002,CONTROL,69.0,58.0,117.0,240.0,445.0,733.0,1065.0
CONTROL__7162__2025053105,7162,2025-05-31 05:00:00,2025-05-31 02:00:00,2025-05-31 08:00:00,NORMAL,GROUP__7162__0002,CONTROL,75.0,65.0,94.0,231.0,394.0,808.0,1035.0
CONTROL__68025__2025042605,68025,2025-04-26 05:00:00,2025-04-26 02:00:00,2025-04-26 08:00:00,NORMAL,GROUP__68025__0006,CONTROL,5.0,7.0,9.0,14.0,19.0,25.0,35.0
CONTROL__68025__2025102505,68025,2025-10-25 05:00:00,2025-10-25 02:00:00,2025-10-25 08:00:00,NORMAL,GROUP__68025__0006,CONTROL,4.0,6.0,7.0,10.0,44.0,40.0,41.0
CONTROL__7126__2025020111,7126,2025-02-01 11:00:00,2025-02-01 08:00:00,2025-02-01 14:00:00,NORMAL,GROUP__7126__0004,CONTROL,0.0,0.0,0.0,0.0,0.0,0.0,0.0
CONTROL__7126__2025092011,7126,2025-09-20 11:00:00,2025-09-20 08:00:00,2025-09-20 14:00:00,NORMAL,GROUP__7126__0004,CONTROL,457.0,557.0,727.0,818.0,754.0,769.0,629.0
CONTROL__34016__2025092723,34016,2025-09-27 23:00:00,2025-09-27 20:00:00,2025-09-28 02:00:00,NORMAL,GROUP__34016__0002,CONTROL,217.0,208.0,193.0,169.0,90.0,74.0,39.0
CONTROL__34016__2025072623,34016,2025-07-26 23:00:00,2025-07-26 20:00:00,2025-07-27 02:00:00,NORMAL,GROUP__34016__0002,CONTROL,0.0,0.0,1.0,0.0,243.0,168.0,124.0
CONTROL__9849__2025080302,9849,2025-08-03 02:00:00,2025-08-02 23:00:00,2025-08-03 05:00:00,NORMAL,GROUP__9849__0002,CONTROL,204.0,157.0,89.0,47.0,26.0,44.0,57.0
CONTROL__9849__2025122802,9849,2025-12-28 02:00:00,2025-12-27 23:00:00,2025-12-28 05:00:00,NORMAL,GROUP__9849__0002,CONTROL,53.0,108.0,69.0,38.0,28.0,26.0,69.0
CONTROL__7164__2025090705,7164,2025-09-07 05:00:00,2025-09-07 02:00:00,2025-09-07 08:00:00,NORMAL,GROUP__7164__0003,CONTROL,84.0,59.0,70.0,113.0,185.0,243.0,326.0
CONTROL__7164__2025110205,7164,2025-11-02 05:00:00,2025-11-02 02:00:00,2025-11-02 08:00:00,NORMAL,GROUP__7164__0003,CONTROL,14.0,4.0,6.0,10.0,21.0,21.0,32.0
CONTROL__7274__2025051106,7274,2025-05-11 06:00:00,2025-05-11 03:00:00,2025-05-11 09:00:00,NORMAL,GROUP__7274__0007,CONTROL,69.0,105.0,142.0,178.0,292.0,542.0,841.0
CONTROL__7274__2025051806,7274,2025-05-18 06:00:00,2025-05-18 03:00:00,2025-05-18 09:00:00,NORMAL,GROUP__7274__0007,CONTROL,6.0,6.0,25.0,18.0,34.0,48.0,65.0
CONTROL__10011__2025072721,10011,2025-07-27 21:00:00,2025-07-27 18:00:00,2025-07-28 00:00:00,NORMAL,GROUP__10011__0006,CONTROL,0.0,0.0,0.0,0.0,0.0,0.0,0.0
CONTROL__10011__2025041321,10011,2025-04-13 21:00:00,2025-04-13 18:00:00,2025-04-14 00:00:00,NORMAL,GROUP__10011__0006,CONTROL,0.0,0.0,0.0,0.0,0.0,0.0,0.0
CONTROL__7139__2025110921,7139,2025-11-09 21:00:00,2025-11-09 18:00:00,2025-11-10 00:00:00,NORMAL,GROUP__7139__0006,CONTROL,1970.0,1584.0,1331.0,1040.0,674.0,384.0,208.0
CONTROL__7139__2025113021,7139,2025-11-30 21:00:00,2025-11-30 18:00:00,2025-12-01 00:00:00,NORMAL,GROUP__7139__0006,CONTROL,85.0,59.0,66.0,53.0,31.0,27.0,16.0
CONTROL__7163__2025012001,7163,2025-01-20 01:00:00,2025-01-19 22:00:00,2025-01-20 04:00:00,NORMAL,GROUP__7163__0004,CONTROL,0.0,0.0,0.0,0.0,0.0,0.0,0.0
CONTROL__7163__2025121501,7163,2025-12-15 01:00:00,2025-12-14 22:00:00,2025-12-15 04:00:00,NORMAL,GROUP__7163__0004,CONTROL,365.0,203.0,16.0,6.0,6.0,13.0,17.0
CONTROL__7184__2025081803,7184,2025-08-18 03:00:00,2025-08-18 00:00:00,2025-08-18 06:00:00,NORMAL,GROUP__7184__0007,CONTROL,124.0,61.0,66.0,99.0,228.0,844.0,1880.0
CONTROL__7184__2025041403,7184,2025-04-14 03:00:00,2025-04-14 00:00:00,2025-04-14 06:00:00,NORMAL,GROUP__7184__0007,CONTROL,143.0,88.0,66.0,107.0,237.0,870.0,1980.0
CONTROL__7168__2025071405,7168,2025-07-14 05:00:00,2025-07-14 02:00:00,2025-07-14 08:00:00,NORMAL,GROUP__7168__0003,CONTROL,33.0,38.0,120.0,202.0,356.0,433.0,508.0
CONTROL__7168__2025080405,7168,2025-08-04 05:00:00,2025-08-04 02:00:00,2025-08-04 08:00:00,NORMAL,GROUP__7168__0003,CONTROL,10.0,10.0,12.0,37.0,56.0,83.0,62.0
CONTROL__7120__2025111708,7120,2025-11-17 08:00:00,2025-11-17 05:00:00,2025-11-17 11:00:00,NORMAL,GROUP__7120__0011,CONTROL,603.0,715.0,726.0,741.0,666.0,670.0,611.0
CONTROL__7120__2025072808,7120,2025-07-28 08:00:00,2025-07-28 05:00:00,2025-07-28 11:00:00,NORMAL,GROUP__7120__0011,CONTROL,65.0,90.0,91.0,78.0,100.0,99.0,103.0
CONTROL__7121__2025031008,7121,2025-03-10 08:00:00,2025-03-10 05:00:00,2025-03-10 11:00:00,NORMAL,GROUP__7121__0011,CONTROL,0.0,0.0,0.0,0.0,0.0,0.0,0.0
CONTROL__7121__2025012708,7121,2025-01-27 08:00:00,2025-01-27 05:00:00,2025-01-27 11:00:00,NORMAL,GROUP__7121__0011,CONTROL,0.0,0.0,0.0,0.0,0.0,0.0,0.0
CONTROL__7120__2025081120,7120,2025-08-11 20:00:00,2025-08-11 17:00:00,2025-08-11 23:00:00,NORMAL,GROUP__7120__0012,CONTROL,691.0,691.0,554.0,464.0,427.0,447.0,307.0
CONTROL__7120__2025122220,7120,2025-12-22 20:00:00,2025-12-22 17:00:00,2025-12-22 23:00:00,NORMAL,GROUP__7120__0012,CONTROL,644.0,647.0,536.0,454.0,432.0,348.0,268.0
CONTROL__7121__2025081120,7121,2025-08-11 20:00:00,2025-08-11 17:00:00,2025-08-11 23:00:00,NORMAL,GROUP__7121__0012,CONTROL,610.0,427.0,287.0,245.0,247.0,208.0,242.0
CONTROL__7121__2025092220,7121,2025-09-22 20:00:00,2025-09-22 17:00:00,2025-09-22 23:00:00,NORMAL,GROUP__7121__0012,CONTROL,569.0,390.0,277.0,227.0,220.0,156.0,79.0
CONTROL__9658__2025091520,9658,2025-09-15 20:00:00,2025-09-15 17:00:00,2025-09-15 23:00:00,NORMAL,GROUP__9658__0002,CONTROL,982.0,954.0,805.0,620.0,481.0,437.0,248.0
CONTROL__9658__2025110320,9658,2025-11-03 20:00:00,2025-11-03 17:00:00,2025-11-03 23:00:00,NORMAL,GROUP__9658__0002,CONTROL,1017.0,911.0,710.0,621.0,548.0,487.0,280.0
CONTROL__50240__2025020321,50240,2025-02-03 21:00:00,2025-02-03 18:00:00,2025-02-04 00:00:00,NORMAL,GROUP__50240__0006,CONTROL,0.0,0.0,0.0,0.0,0.0,0.0,0.0
CONTROL__50240__2025081821,50240,2025-08-18 21:00:00,2025-08-18 18:00:00,2025-08-19 00:00:00,NORMAL,GROUP__50240__0006,CONTROL,2443.0,1827.0,1496.0,1332.0,1127.0,670.0,323.0
CONTROL__7179__2025032422,7179,2025-03-24 22:00:00,2025-03-24 19:00:00,2025-03-25 01:00:00,NORMAL,GROUP__7179__0009,CONTROL,145.0,119.0,83.0,80.0,67.0,280.0,184.0
CONTROL__7179__2025101322,7179,2025-10-13 22:00:00,2025-10-13 19:00:00,2025-10-14 01:00:00,NORMAL,GROUP__7179__0009,CONTROL,1300.0,1098.0,1018.0,805.0,481.0,66.0,58.0
CONTROL__47024__2025120823,47024,2025-12-08 23:00:00,2025-12-08 20:00:00,2025-12-09 02:00:00,NORMAL,GROUP__47024__0003,CONTROL,0.0,0.0,0.0,0.0,411.0,277.0,232.0
CONTROL__47024__2025033123,47024,2025-03-31 23:00:00,2025-03-31 20:00:00,2025-04-01 02:00:00,NORMAL,GROUP__47024__0003,CONTROL,0.0,0.0,0.0,0.0,323.0,266.0,228.0
CONTROL__7168__2025040101,7168,2025-04-01 01:00:00,2025-03-31 22:00:00,2025-04-01 04:00:00,NORMAL,GROUP__7168__0004,CONTROL,211.0,105.0,65.0,31.0,33.0,44.0,107.0
CONTROL__7168__2025032501,7168,2025-03-25 01:00:00,2025-03-24 22:00:00,2025-03-25 04:00:00,NORMAL,GROUP__7168__0004,CONTROL,137.0,74.0,0.0,0.0,0.0,0.0,0.0
CONTROL__F3FWY003__2025021820,F3FWY003,2025-02-18 20:00:00,2025-02-18 17:00:00,2025-02-18 23:00:00,NORMAL,GROUP__F3FWY003__0010,CONTROL,0.0,0.0,0.0,0.0,0.0,0.0,0.0
CONTROL__F3FWY003__2025042920,F3FWY003,2025-04-29 20:00:00,2025-04-29 17:00:00,2025-04-29 23:00:00,NORMAL,GROUP__F3FWY003__0010,CONTROL,0.0,0.0,0.0,0.0,0.0,0.0,0.0
CONTROL__50240__2025123022,50240,2025-12-30 22:00:00,2025-12-30 19:00:00,2025-12-31 01:00:00,NORMAL,GROUP__50240__0007,CONTROL,91.0,85.0,63.0,76.0,52.0,405.0,197.0
CONTROL__50240__2025111822,50240,2025-11-18 22:00:00,2025-11-18 19:00:00,2025-11-19 01:00:00,NORMAL,GROUP__50240__0007,CONTROL,148.0,100.0,88.0,75.0,59.0,255.0,167.0
CONTROL__9827__2025111905,9827,2025-11-19 05:00:00,2025-11-19 02:00:00,2025-11-19 08:00:00,NORMAL,GROUP__9827__0002,CONTROL,15.0,24.0,106.0,336.0,713.0,1112.0,1097.0
CONTROL__9827__2025043005,9827,2025-04-30 05:00:00,2025-04-30 02:00:00,2025-04-30 08:00:00,NORMAL,GROUP__9827__0002,CONTROL,11.0,4.0,27.0,40.0,125.0,108.0,89.0
CONTROL__7184__2025112605,7184,2025-11-26 05:00:00,2025-11-26 02:00:00,2025-11-26 08:00:00,NORMAL,GROUP__7184__0008,CONTROL,69.0,98.0,274.0,527.0,2038.0,2825.0,2243.0
CONTROL__7184__2025070905,7184,2025-07-09 05:00:00,2025-07-09 02:00:00,2025-07-09 08:00:00,NORMAL,GROUP__7184__0008,CONTROL,26.0,57.0,46.0,128.0,269.0,243.0,229.0
CONTROL__7274__2025062507,7274,2025-06-25 07:00:00,2025-06-25 04:00:00,2025-06-25 10:00:00,NORMAL,GROUP__7274__0008,CONTROL,0.0,0.0,0.0,0.0,0.0,0.0,0.0
CONTROL__7274__2025050707,7274,2025-05-07 07:00:00,2025-05-07 04:00:00,2025-05-07 10:00:00,NORMAL,GROUP__7274__0008,CONTROL,45.0,115.0,208.0,198.0,154.0,154.0,137.0
CONTROL__22001__2025111910,22001,2025-11-19 10:00:00,2025-11-19 07:00:00,2025-11-19 13:00:00,NORMAL,GROUP__22001__0002,CONTROL,0.0,0.0,0.0,0.0,0.0,0.0,0.0
CONTROL__22001__2025010810,22001,2025-01-08 10:00:00,2025-01-08 07:00:00,2025-01-08 13:00:00,NORMAL,GROUP__22001__0002,CONTROL,171.0,100.0,87.0,90.0,94.0,187.0,122.0
CONTROL__7132__2025052811,7132,2025-05-28 11:00:00,2025-05-28 08:00:00,2025-05-28 14:00:00,NORMAL,GROUP__7132__0008,CONTROL,109.0,101.0,99.0,79.0,106.0,70.0,65.0
CONTROL__7132__2025121711,7132,2025-12-17 11:00:00,2025-12-17 08:00:00,2025-12-17 14:00:00,NORMAL,GROUP__7132__0008,CONTROL,1322.0,1170.0,1134.0,1126.0,1082.0,947.0,967.0
CONTROL__7161__2025100122,7161,2025-10-01 22:00:00,2025-10-01 19:00:00,2025-10-02 01:00:00,NORMAL,GROUP__7161__0003,CONTROL,808.0,659.0,548.0,409.0,223.0,104.0,66.0
CONTROL__7161__2025111222,7161,2025-11-12 22:00:00,2025-11-12 19:00:00,2025-11-13 01:00:00,NORMAL,GROUP__7161__0003,CONTROL,64.0,68.0,35.0,32.0,23.0,16.0,20.0
CONTROL__51235__2025061823,51235,2025-06-18 23:00:00,2025-06-18 20:00:00,2025-06-19 02:00:00,NORMAL,GROUP__51235__0010,CONTROL,1075.0,1028.0,972.0,497.0,166.0,84.0,69.0
CONTROL__51235__2025100823,51235,2025-10-08 23:00:00,2025-10-08 20:00:00,2025-10-09 02:00:00,NORMAL,GROUP__51235__0010,CONTROL,48.0,41.0,41.0,22.0,163.0,92.0,79.0
CONTROL__7119-PR__2025080704,7119-PR,2025-08-07 04:00:00,2025-08-07 01:00:00,2025-08-07 07:00:00,NORMAL,GROUP__7119-PR__0003,CONTROL,2.0,2.0,7.0,9.0,21.0,49.0,55.0
CONTROL__7119-PR__2025032004,7119-PR,2025-03-20 04:00:00,2025-03-20 01:00:00,2025-03-20 07:00:00,NORMAL,GROUP__7119-PR__0003,CONTROL,0.0,0.0,0.0,59.0,209.0,427.0,587.0
CONTROL__7179__2025022007,7179,2025-02-20 07:00:00,2025-02-20 04:00:00,2025-02-20 10:00:00,NORMAL,GROUP__7179__0010,CONTROL,0.0,0.0,0.0,0.0,0.0,0.0,0.0
CONTROL__7179__2025100207,7179,2025-10-02 07:00:00,2025-10-02 04:00:00,2025-10-02 10:00:00,NORMAL,GROUP__7179__0010,CONTROL,405.0,967.0,1302.0,1434.0,1520.0,1496.0,1423.0
CONTROL__9658__2025082821,9658,2025-08-28 21:00:00,2025-08-28 18:00:00,2025-08-29 00:00:00,NORMAL,GROUP__9658__0003,CONTROL,1039.0,905.0,745.0,707.0,597.0,343.0,205.0
CONTROL__9658__2025061221,9658,2025-06-12 21:00:00,2025-06-12 18:00:00,2025-06-13 00:00:00,NORMAL,GROUP__9658__0003,CONTROL,1002.0,859.0,702.0,681.0,517.0,302.0,31.0
CONTROL__68025__2025101004,68025,2025-10-10 04:00:00,2025-10-10 01:00:00,2025-10-10 07:00:00,NORMAL,GROUP__68025__0007,CONTROL,72.0,65.0,67.0,155.0,415.0,880.0,1067.0
CONTROL__68025__2025053004,68025,2025-05-30 04:00:00,2025-05-30 01:00:00,2025-05-30 07:00:00,NORMAL,GROUP__68025__0007,CONTROL,74.0,52.0,66.0,151.0,474.0,842.0,1207.0
CONTROL__7179__2025082904,7179,2025-08-29 04:00:00,2025-08-29 01:00:00,2025-08-29 07:00:00,NORMAL,GROUP__7179__0011,CONTROL,38.0,51.0,90.0,103.0,231.0,345.0,338.0
CONTROL__7179__2025112104,7179,2025-11-21 04:00:00,2025-11-21 01:00:00,2025-11-21 07:00:00,NORMAL,GROUP__7179__0011,CONTROL,251.0,168.0,247.0,401.0,960.0,1213.0,1562.0
CONTROL__7164__2025042509,7164,2025-04-25 09:00:00,2025-04-25 06:00:00,2025-04-25 12:00:00,NORMAL,GROUP__7164__0004,CONTROL,0.0,0.0,0.0,0.0,0.0,0.0,0.0
CONTROL__7164__2025072509,7164,2025-07-25 09:00:00,2025-07-25 06:00:00,2025-07-25 12:00:00,NORMAL,GROUP__7164__0004,CONTROL,112.0,79.0,112.0,110.0,81.0,68.0,97.0
CONTROL__7112__2025053104,7112,2025-05-31 04:00:00,2025-05-31 01:00:00,2025-05-31 07:00:00,NORMAL,GROUP__7112__0008,CONTROL,156.0,93.0,81.0,105.0,371.0,845.0,712.0
CONTROL__7112__2025092004,7112,2025-09-20 04:00:00,2025-09-20 01:00:00,2025-09-20 07:00:00,NORMAL,GROUP__7112__0008,CONTROL,17.0,7.0,18.0,30.0,60.0,166.0,155.0
CONTROL__7168__2025112217,7168,2025-11-22 17:00:00,2025-11-22 14:00:00,2025-11-22 20:00:00,NORMAL,GROUP__7168__0005,CONTROL,44.0,33.0,40.0,37.0,28.0,26.0,18.0
CONTROL__7168__2025031517,7168,2025-03-15 17:00:00,2025-03-15 14:00:00,2025-03-15 20:00:00,NORMAL,GROUP__7168__0005,CONTROL,0.0,0.0,0.0,0.0,0.0,0.0,0.0
CONTROL__7275__2025101904,7275,2025-10-19 04:00:00,2025-10-19 01:00:00,2025-10-19 07:00:00,NORMAL,GROUP__7275__0001,CONTROL,10.0,6.0,3.0,8.0,10.0,11.0,13.0
CONTROL__7275__2025041304,7275,2025-04-13 04:00:00,2025-04-13 01:00:00,2025-04-13 07:00:00,NORMAL,GROUP__7275__0001,CONTROL,262.0,198.0,156.0,122.0,118.0,153.0,277.0
CONTROL__34016__2025091501,34016,2025-09-15 01:00:00,2025-09-14 22:00:00,2025-09-15 04:00:00,NORMAL,GROUP__34016__0003,CONTROL,89.0,45.0,24.0,10.0,7.0,4.0,41.0
CONTROL__34016__2025081801,34016,2025-08-18 01:00:00,2025-08-17 22:00:00,2025-08-18 04:00:00,NORMAL,GROUP__34016__0003,CONTROL,0.0,0.0,0.0,0.0,0.0,0.0,0.0
CONTROL__22001__2025052609,22001,2025-05-26 09:00:00,2025-05-26 06:00:00,2025-05-26 12:00:00,NORMAL,GROUP__22001__0003,CONTROL,0.0,0.0,0.0,0.0,0.0,0.0,0.0
CONTROL__22001__2025081109,22001,2025-08-11 09:00:00,2025-08-11 06:00:00,2025-08-11 12:00:00,NORMAL,GROUP__22001__0003,CONTROL,0.0,0.0,0.0,0.0,0.0,0.0,0.0
CONTROL__7112__2025061703,7112,2025-06-17 03:00:00,2025-06-17 00:00:00,2025-06-17 06:00:00,NORMAL,GROUP__7112__0009,CONTROL,13.0,14.0,14.0,35.0,57.0,132.0,274.0
CONTROL__7112__2025123003,7112,2025-12-30 03:00:00,2025-12-30 00:00:00,2025-12-30 06:00:00,NORMAL,GROUP__7112__0009,CONTROL,206.0,104.0,65.0,87.0,142.0,439.0,876.0
CONTROL__F3FWY003__2025042903,F3FWY003,2025-04-29 03:00:00,2025-04-29 00:00:00,2025-04-29 06:00:00,NORMAL,GROUP__F3FWY003__0011,CONTROL,0.0,0.0,0.0,0.0,0.0,0.0,0.0
CONTROL__F3FWY003__2025061703,F3FWY003,2025-06-17 03:00:00,2025-06-17 00:00:00,2025-06-17 06:00:00,NORMAL,GROUP__F3FWY003__0011,CONTROL,0.0,0.0,0.0,0.0,0.0,0.0,0.0
CONTROL__7184__2025040103,7184,2025-04-01 03:00:00,2025-04-01 00:00:00,2025-04-01 06:00:00,NORMAL,GROUP__7184__0009,CONTROL,115.0,71.0,67.0,92.0,218.0,884.0,1984.0
CONTROL__7184__2025120203,7184,2025-12-02 03:00:00,2025-12-02 00:00:00,2025-12-02 06:00:00,NORMAL,GROUP__7184__0009,CONTROL,34.0,29.0,39.0,28.0,50.0,127.0,270.0
CONTROL__7120__2025042205,7120,2025-04-22 05:00:00,2025-04-22 02:00:00,2025-04-22 08:00:00,NORMAL,GROUP__7120__0013,CONTROL,12.0,12.0,22.0,47.0,90.0,84.0,68.0
CONTROL__7120__2025082605,7120,2025-08-26 05:00:00,2025-08-26 02:00:00,2025-08-26 08:00:00,NORMAL,GROUP__7120__0013,CONTROL,32.0,70.0,140.0,580.0,735.0,697.0,716.0
CONTROL__7121__2025051305,7121,2025-05-13 05:00:00,2025-05-13 02:00:00,2025-05-13 08:00:00,NORMAL,GROUP__7121__0013,CONTROL,1.0,0.0,1.0,3.0,4.0,5.0,11.0
CONTROL__7121__2025050605,7121,2025-05-06 05:00:00,2025-05-06 02:00:00,2025-05-06 08:00:00,NORMAL,GROUP__7121__0013,CONTROL,27.0,23.0,42.0,110.0,229.0,363.0,453.0
CONTROL__9658__2025051307,9658,2025-05-13 07:00:00,2025-05-13 04:00:00,2025-05-13 10:00:00,NORMAL,GROUP__9658__0004,CONTROL,55.0,97.0,136.0,114.0,114.0,136.0,182.0
CONTROL__9658__2025060307,9658,2025-06-03 07:00:00,2025-06-03 04:00:00,2025-06-03 10:00:00,NORMAL,GROUP__9658__0004,CONTROL,174.0,555.0,914.0,1306.0,1011.0,956.0,864.0
CONTROL__7153__2025082622,7153,2025-08-26 22:00:00,2025-08-26 19:00:00,2025-08-27 01:00:00,NORMAL,GROUP__7153__0005,CONTROL,679.0,535.0,418.0,375.0,186.0,102.0,86.0
CONTROL__7153__2025093022,7153,2025-09-30 22:00:00,2025-09-30 19:00:00,2025-10-01 01:00:00,NORMAL,GROUP__7153__0005,CONTROL,88.0,45.0,46.0,63.0,26.0,32.0,30.0
CONTROL__7112__2025112522,7112,2025-11-25 22:00:00,2025-11-25 19:00:00,2025-11-26 01:00:00,NORMAL,GROUP__7112__0010,CONTROL,85.0,50.0,46.0,32.0,39.0,33.0,23.0
CONTROL__7112__2025040122,7112,2025-04-01 22:00:00,2025-04-01 19:00:00,2025-04-02 01:00:00,NORMAL,GROUP__7112__0010,CONTROL,0.0,0.0,0.0,0.0,0.0,153.0,98.0
CONTROL__7184__2025110500,7184,2025-11-05 00:00:00,2025-11-04 21:00:00,2025-11-05 03:00:00,NORMAL,GROUP__7184__0010,CONTROL,712.0,577.0,281.0,170.0,100.0,86.0,123.0
CONTROL__7184__2025012200,7184,2025-01-22 00:00:00,2025-01-21 21:00:00,2025-01-22 03:00:00,NORMAL,GROUP__7184__0010,CONTROL,0.0,0.0,0.0,0.0,0.0,0.0,0.0
CONTROL__9849__2025090305,9849,2025-09-03 05:00:00,2025-09-03 02:00:00,2025-09-03 08:00:00,NORMAL,GROUP__9849__0003,CONTROL,3.0,2.0,3.0,12.0,33.0,44.0,57.0
CONTROL__9849__2025111905,9849,2025-11-19 05:00:00,2025-11-19 02:00:00,2025-11-19 08:00:00,NORMAL,GROUP__9849__0003,CONTROL,0.0,1.0,8.0,14.0,36.0,58.0,57.0
CONTROL__7120__2025070207,7120,2025-07-02 07:00:00,2025-07-02 04:00:00,2025-07-02 10:00:00,NORMAL,GROUP__7120__0014,CONTROL,0.0,0.0,0.0,0.0,0.0,0.0,0.0
CONTROL__7120__2025082007,7120,2025-08-20 07:00:00,2025-08-20 04:00:00,2025-08-20 10:00:00,NORMAL,GROUP__7120__0014,CONTROL,22.0,63.0,116.0,87.0,66.0,88.0,103.0
CONTROL__7121__2025072307,7121,2025-07-23 07:00:00,2025-07-23 04:00:00,2025-07-23 10:00:00,NORMAL,GROUP__7121__0014,CONTROL,37.0,105.0,187.0,363.0,404.0,387.0,372.0
CONTROL__7121__2025101507,7121,2025-10-15 07:00:00,2025-10-15 04:00:00,2025-10-15 10:00:00,NORMAL,GROUP__7121__0014,CONTROL,0.0,0.0,0.0,0.0,0.0,0.0,0.0
CONTROL__7184__2025121008,7184,2025-12-10 08:00:00,2025-12-10 05:00:00,2025-12-10 11:00:00,NORMAL,GROUP__7184__0011,CONTROL,844.0,1972.0,2746.0,2355.0,2287.0,2192.0,2229.0
CONTROL__7184__2025101508,7184,2025-10-15 08:00:00,2025-10-15 05:00:00,2025-10-15 11:00:00,NORMAL,GROUP__7184__0011,CONTROL,853.0,1945.0,2838.0,2794.0,2493.0,2182.0,1948.0
CONTROL__F3FWY001__2025061111,F3FWY001,2025-06-11 11:00:00,2025-06-11 08:00:00,2025-06-11 14:00:00,NORMAL,GROUP__F3FWY001__0002,CONTROL,1721.0,1763.0,2037.0,1828.0,1888.0,1963.0,2446.0
CONTROL__F3FWY001__2025091011,F3FWY001,2025-09-10 11:00:00,2025-09-10 08:00:00,2025-09-10 14:00:00,NORMAL,GROUP__F3FWY001__0002,CONTROL,1695.0,1696.0,1824.0,1697.0,1751.0,2027.0,2161.0
CONTROL__57025__2025040220,57025,2025-04-02 20:00:00,2025-04-02 17:00:00,2025-04-02 23:00:00,NORMAL,GROUP__57025__0001,CONTROL,560.0,362.0,265.0,214.0,137.0,55.0,26.0
CONTROL__57025__2025072320,57025,2025-07-23 20:00:00,2025-07-23 17:00:00,2025-07-23 23:00:00,NORMAL,GROUP__57025__0001,CONTROL,57.0,36.0,21.0,21.0,12.0,4.0,5.0
CONTROL__7120__2025101603,7120,2025-10-16 03:00:00,2025-10-16 00:00:00,2025-10-16 06:00:00,NORMAL,GROUP__7120__0015,CONTROL,175.0,77.0,74.0,74.0,184.0,552.0,745.0
CONTROL__7120__2025061903,7120,2025-06-19 03:00:00,2025-06-19 00:00:00,2025-06-19 06:00:00,NORMAL,GROUP__7120__0015,CONTROL,7.0,15.0,7.0,13.0,34.0,47.0,107.0
CONTROL__7121__2025061903,7121,2025-06-19 03:00:00,2025-06-19 00:00:00,2025-06-19 06:00:00,NORMAL,GROUP__7121__0015,CONTROL,5.0,3.0,3.0,8.0,6.0,8.0,17.0
CONTROL__7121__2025040303,7121,2025-04-03 03:00:00,2025-04-03 00:00:00,2025-04-03 06:00:00,NORMAL,GROUP__7121__0015,CONTROL,54.0,28.0,36.0,25.0,34.0,106.0,199.0
CONTROL__7120__2025082108,7120,2025-08-21 08:00:00,2025-08-21 05:00:00,2025-08-21 11:00:00,NORMAL,GROUP__7120__0015,CONTROL,576.0,729.0,707.0,670.0,585.0,590.0,634.0
CONTROL__7120__2025042408,7120,2025-04-24 08:00:00,2025-04-24 05:00:00,2025-04-24 11:00:00,NORMAL,GROUP__7120__0015,CONTROL,454.0,742.0,666.0,695.0,699.0,653.0,753.0
CONTROL__7121__2025100208,7121,2025-10-02 08:00:00,2025-10-02 05:00:00,2025-10-02 11:00:00,NORMAL,GROUP__7121__0015,CONTROL,88.0,193.0,301.0,393.0,364.0,350.0,429.0
CONTROL__7121__2025071708,7121,2025-07-17 08:00:00,2025-07-17 05:00:00,2025-07-17 11:00:00,NORMAL,GROUP__7121__0015,CONTROL,101.0,174.0,323.0,399.0,382.0,444.0,399.0
CONTROL__7153__2025122519,7153,2025-12-25 19:00:00,2025-12-25 16:00:00,2025-12-25 22:00:00,NORMAL,GROUP__7153__0006,CONTROL,0.0,0.0,0.0,0.0,0.0,0.0,0.0
CONTROL__7153__2025112719,7153,2025-11-27 19:00:00,2025-11-27 16:00:00,2025-11-27 22:00:00,NORMAL,GROUP__7153__0006,CONTROL,1067.0,1113.0,1133.0,734.0,630.0,549.0,397.0
CONTROL__F3FWY004__2025030622,F3FWY004,2025-03-06 22:00:00,2025-03-06 19:00:00,2025-03-07 01:00:00,NORMAL,GROUP__F3FWY004__0002,CONTROL,0.0,0.0,0.0,0.0,0.0,0.0,0.0
CONTROL__F3FWY004__2025100922,F3FWY004,2025-10-09 22:00:00,2025-10-09 19:00:00,2025-10-10 01:00:00,NORMAL,GROUP__F3FWY004__0002,CONTROL,1295.0,877.0,663.0,382.0,184.0,170.0,50.0
CONTROL__53004__2025103100,53004,2025-10-31 00:00:00,2025-10-30 21:00:00,2025-10-31 03:00:00,NORMAL,GROUP__53004__0006,CONTROL,38.0,29.0,16.0,13.0,13.0,8.0,10.0
CONTROL__53004__2025013100,53004,2025-01-31 00:00:00,2025-01-30 21:00:00,2025-01-31 03:00:00,NORMAL,GROUP__53004__0006,CONTROL,253.0,205.0,100.0,7.0,0.0,1.0,1.0
CONTROL__7184__2025053004,7184,2025-05-30 04:00:00,2025-05-30 01:00:00,2025-05-30 07:00:00,NORMAL,GROUP__7184__0012,CONTROL,101.0,84.0,96.0,203.0,725.0,1706.0,2573.0
CONTROL__7184__2025021404,7184,2025-02-14 04:00:00,2025-02-14 01:00:00,2025-02-14 07:00:00,NORMAL,GROUP__7184__0012,CONTROL,0.0,0.0,0.0,0.0,0.0,0.0,0.0
CONTROL__22001__2025050905,22001,2025-05-09 05:00:00,2025-05-09 02:00:00,2025-05-09 08:00:00,NORMAL,GROUP__22001__0004,CONTROL,0.0,0.0,0.0,0.0,0.0,0.0,0.0
CONTROL__22001__2025101005,22001,2025-10-10 05:00:00,2025-10-10 02:00:00,2025-10-10 08:00:00,NORMAL,GROUP__22001__0004,CONTROL,0.0,0.0,0.0,0.0,0.0,0.0,0.0
CONTROL__50250__2025091207,50250,2025-09-12 07:00:00,2025-09-12 04:00:00,2025-09-12 10:00:00,NORMAL,GROUP__50250__0002,CONTROL,70.0,203.0,390.0,432.0,441.0,374.0,339.0
CONTROL__50250__2025061307,50250,2025-06-13 07:00:00,2025-06-13 04:00:00,2025-06-13 10:00:00,NORMAL,GROUP__50250__0002,CONTROL,11.0,87.0,119.0,110.0,109.0,65.0,56.0
CONTROL__55049__2025031416,55049,2025-03-14 16:00:00,2025-03-14 13:00:00,2025-03-14 19:00:00,NORMAL,GROUP__55049__0002,CONTROL,541.0,505.0,606.0,594.0,621.0,461.0,326.0
CONTROL__55049__2025090516,55049,2025-09-05 16:00:00,2025-09-05 13:00:00,2025-09-05 19:00:00,NORMAL,GROUP__55049__0002,CONTROL,2.0,4.0,20.0,20.0,17.0,14.0,1.0
CONTROL__29005__2025010401,29005,2025-01-04 01:00:00,2025-01-03 22:00:00,2025-01-04 04:00:00,NORMAL,GROUP__29005__0002,CONTROL,0.0,0.0,0.0,0.0,0.0,0.0,231.0
CONTROL__29005__2025050301,29005,2025-05-03 01:00:00,2025-05-02 22:00:00,2025-05-03 04:00:00,NORMAL,GROUP__29005__0002,CONTROL,74.0,47.0,45.0,42.0,31.0,39.0,39.0
CONTROL__23067__2025081603,23067,2025-08-16 03:00:00,2025-08-16 00:00:00,2025-08-16 06:00:00,NORMAL,GROUP__23067__0005,CONTROL,197.0,112.0,119.0,252.0,395.0,724.0,1078.0
CONTROL__23067__2025031503,23067,2025-03-15 03:00:00,2025-03-15 00:00:00,2025-03-15 06:00:00,NORMAL,GROUP__23067__0005,CONTROL,17.0,25.0,26.0,24.0,47.0,58.0,57.0
CONTROL__7132__2025092706,7132,2025-09-27 06:00:00,2025-09-27 03:00:00,2025-09-27 09:00:00,NORMAL,GROUP__7132__0009,CONTROL,16.0,17.0,32.0,62.0,62.0,58.0,55.0
CONTROL__7132__2025092006,7132,2025-09-20 06:00:00,2025-09-20 03:00:00,2025-09-20 09:00:00,NORMAL,GROUP__7132__0009,CONTROL,8.0,19.0,24.0,56.0,58.0,44.0,56.0
CONTROL__33014__2025101106,33014,2025-10-11 06:00:00,2025-10-11 03:00:00,2025-10-11 09:00:00,NORMAL,GROUP__33014__0005,CONTROL,0.0,0.0,0.0,0.0,0.0,0.0,0.0
CONTROL__33014__2025061406,33014,2025-06-14 06:00:00,2025-06-14 03:00:00,2025-06-14 09:00:00,NORMAL,GROUP__33014__0005,CONTROL,87.0,90.0,157.0,411.0,803.0,1166.0,1391.0
CONTROL__7159__2025021511,7159,2025-02-15 11:00:00,2025-02-15 08:00:00,2025-02-15 14:00:00,NORMAL,GROUP__7159__0002,CONTROL,0.0,0.0,0.0,0.0,0.0,0.0,0.0
CONTROL__7159__2025070511,7159,2025-07-05 11:00:00,2025-07-05 08:00:00,2025-07-05 14:00:00,NORMAL,GROUP__7159__0002,CONTROL,98.0,86.0,62.0,73.0,76.0,89.0,69.0
CONTROL__7153__2025092106,7153,2025-09-21 06:00:00,2025-09-21 03:00:00,2025-09-21 09:00:00,NORMAL,GROUP__7153__0007,CONTROL,23.0,36.0,35.0,47.0,40.0,59.0,73.0
CONTROL__7153__2025113006,7153,2025-11-30 06:00:00,2025-11-30 03:00:00,2025-11-30 09:00:00,NORMAL,GROUP__7153__0007,CONTROL,114.0,107.0,171.0,267.0,389.0,558.0,952.0
CONTROL__51235__2025033019,51235,2025-03-30 19:00:00,2025-03-30 16:00:00,2025-03-30 22:00:00,NORMAL,GROUP__51235__0011,CONTROL,1686.0,0.0,0.0,0.0,0.0,0.0,0.0
CONTROL__51235__2025011919,51235,2025-01-19 19:00:00,2025-01-19 16:00:00,2025-01-19 22:00:00,NORMAL,GROUP__51235__0011,CONTROL,894.0,972.0,887.0,727.0,706.0,619.0,593.0
CONTROL__29005__2025090720,29005,2025-09-07 20:00:00,2025-09-07 17:00:00,2025-09-07 23:00:00,NORMAL,GROUP__29005__0003,CONTROL,124.0,0.0,107.0,90.0,65.0,52.0,45.0
CONTROL__29005__2025062220,29005,2025-06-22 20:00:00,2025-06-22 17:00:00,2025-06-22 23:00:00,NORMAL,GROUP__29005__0003,CONTROL,3545.0,2766.0,2022.0,1797.0,1476.0,1017.0,527.0
CONTROL__F3FWY003__2025030303,F3FWY003,2025-03-03 03:00:00,2025-03-03 00:00:00,2025-03-03 06:00:00,NORMAL,GROUP__F3FWY003__0012,CONTROL,0.0,0.0,0.0,0.0,0.0,0.0,0.0
CONTROL__F3FWY003__2025102703,F3FWY003,2025-10-27 03:00:00,2025-10-27 00:00:00,2025-10-27 06:00:00,NORMAL,GROUP__F3FWY003__0012,CONTROL,86.0,86.0,124.0,138.0,309.0,535.0,716.0
CONTROL__53004__2025051912,53004,2025-05-19 12:00:00,2025-05-19 09:00:00,2025-05-19 15:00:00,NORMAL,GROUP__53004__0007,CONTROL,119.0,130.0,130.0,106.0,85.0,95.0,79.0
CONTROL__53004__2025111712,53004,2025-11-17 12:00:00,2025-11-17 09:00:00,2025-11-17 15:00:00,NORMAL,GROUP__53004__0007,CONTROL,134.0,141.0,137.0,115.0,94.0,114.0,105.0
CONTROL__7112__2025100619,7112,2025-10-06 19:00:00,2025-10-06 16:00:00,2025-10-06 22:00:00,NORMAL,GROUP__7112__0011,CONTROL,21.0,18.0,16.0,18.0,11.0,15.0,10.0
CONTROL__7112__2025021019,7112,2025-02-10 19:00:00,2025-02-10 16:00:00,2025-02-10 22:00:00,NORMAL,GROUP__7112__0011,CONTROL,0.0,0.0,0.0,0.0,0.0,0.0,0.0
CONTROL__9849__2025082521,9849,2025-08-25 21:00:00,2025-08-25 18:00:00,2025-08-26 00:00:00,NORMAL,GROUP__9849__0004,CONTROL,45.0,32.0,15.0,19.0,13.0,8.0,3.0
CONTROL__9849__2025061621,9849,2025-06-16 21:00:00,2025-06-16 18:00:00,2025-06-17 00:00:00,NORMAL,GROUP__9849__0004,CONTROL,62.0,26.0,15.0,17.0,10.0,9.0,2.0
CONTROL__F3FWY003__2025011403,F3FWY003,2025-01-14 03:00:00,2025-01-14 00:00:00,2025-01-14 06:00:00,NORMAL,GROUP__F3FWY003__0013,CONTROL,0.0,0.0,0.0,0.0,0.0,0.0,0.0
CONTROL__F3FWY003__2025050603,F3FWY003,2025-05-06 03:00:00,2025-05-06 00:00:00,2025-05-06 06:00:00,NORMAL,GROUP__F3FWY003__0013,CONTROL,0.0,0.0,0.0,0.0,0.0,0.0,0.0
CONTROL__7274__2025120905,7274,2025-12-09 05:00:00,2025-12-09 02:00:00,2025-12-09 08:00:00,NORMAL,GROUP__7274__0009,CONTROL,25.0,25.0,41.0,181.0,253.0,175.0,162.0
CONTROL__7274__2025080505,7274,2025-08-05 05:00:00,2025-08-05 02:00:00,2025-08-05 08:00:00,NORMAL,GROUP__7274__0009,CONTROL,57.0,116.0,273.0,699.0,1303.0,1193.0,1223.0
CONTROL__7161__2025111110,7161,2025-11-11 10:00:00,2025-11-11 07:00:00,2025-11-11 13:00:00,NORMAL,GROUP__7161__0004,CONTROL,1382.0,1368.0,978.0,898.0,859.0,869.0,957.0
CONTROL__7161__2025093010,7161,2025-09-30 10:00:00,2025-09-30 07:00:00,2025-09-30 13:00:00,NORMAL,GROUP__7161__0004,CONTROL,1207.0,1140.0,943.0,963.0,895.0,920.0,928.0
CONTROL__7168__2025081220,7168,2025-08-12 20:00:00,2025-08-12 17:00:00,2025-08-12 23:00:00,NORMAL,GROUP__7168__0006,CONTROL,1189.0,881.0,312.0,230.0,204.0,187.0,114.0
CONTROL__7168__2025050620,7168,2025-05-06 20:00:00,2025-05-06 17:00:00,2025-05-06 23:00:00,NORMAL,GROUP__7168__0006,CONTROL,108.0,57.0,46.0,29.0,25.0,16.0,19.0
CONTROL__74228__2025072223,74228,2025-07-22 23:00:00,2025-07-22 20:00:00,2025-07-23 02:00:00,NORMAL,GROUP__74228__0001,CONTROL,42.0,26.0,27.0,11.0,7.0,5.0,5.0
CONTROL__74228__2025050623,74228,2025-05-06 23:00:00,2025-05-06 20:00:00,2025-05-07 02:00:00,NORMAL,GROUP__74228__0001,CONTROL,336.0,319.0,144.0,67.0,16.0,7.0,11.0
CONTROL__9658__2025052723,9658,2025-05-27 23:00:00,2025-05-27 20:00:00,2025-05-28 02:00:00,NORMAL,GROUP__9658__0005,CONTROL,54.0,36.0,35.0,39.0,131.0,94.0,74.0
CONTROL__9658__2025020423,9658,2025-02-04 23:00:00,2025-02-04 20:00:00,2025-02-05 02:00:00,NORMAL,GROUP__9658__0005,CONTROL,0.0,0.0,0.0,0.0,0.0,0.0,0.0
CONTROL__7179__2025070823,7179,2025-07-08 23:00:00,2025-07-08 20:00:00,2025-07-09 02:00:00,NORMAL,GROUP__7179__0012,CONTROL,1044.0,996.0,795.0,535.0,47.0,41.0,51.0
CONTROL__7179__2025092323,7179,2025-09-23 23:00:00,2025-09-23 20:00:00,2025-09-24 02:00:00,NORMAL,GROUP__7179__0012,CONTROL,140.0,109.0,75.0,52.0,260.0,162.0,109.0
CONTROL__7251__2025060405,7251,2025-06-04 05:00:00,2025-06-04 02:00:00,2025-06-04 08:00:00,NORMAL,GROUP__7251__0009,CONTROL,124.0,87.0,119.0,183.0,459.0,813.0,941.0
CONTROL__7251__2025082705,7251,2025-08-27 05:00:00,2025-08-27 02:00:00,2025-08-27 08:00:00,NORMAL,GROUP__7251__0009,CONTROL,130.0,113.0,133.0,221.0,431.0,837.0,890.0
CONTROL__29005__2025090305,29005,2025-09-03 05:00:00,2025-09-03 02:00:00,2025-09-03 08:00:00,NORMAL,GROUP__29005__0004,CONTROL,42.0,59.0,73.0,166.0,339.0,307.0,303.0
CONTROL__29005__2025100105,29005,2025-10-01 05:00:00,2025-10-01 02:00:00,2025-10-01 08:00:00,NORMAL,GROUP__29005__0004,CONTROL,123.0,157.0,421.0,1688.0,2951.0,2874.0,2911.0
CONTROL__7132__2025010107,7132,2025-01-01 07:00:00,2025-01-01 04:00:00,2025-01-01 10:00:00,NORMAL,GROUP__7132__0010,CONTROL,7.0,12.0,9.0,11.0,10.0,9.0,11.0
CONTROL__7132__2025123107,7132,2025-12-31 07:00:00,2025-12-31 04:00:00,2025-12-31 10:00:00,NORMAL,GROUP__7132__0010,CONTROL,252.0,422.0,530.0,598.0,682.0,771.0,1006.0
CONTROL__47024__2025040220,47024,2025-04-02 20:00:00,2025-04-02 17:00:00,2025-04-02 23:00:00,NORMAL,GROUP__47024__0004,CONTROL,0.0,0.0,0.0,0.0,0.0,0.0,0.0
CONTROL__47024__2025021920,47024,2025-02-19 20:00:00,2025-02-19 17:00:00,2025-02-19 23:00:00,NORMAL,GROUP__47024__0004,CONTROL,0.0,0.0,0.0,0.0,0.0,0.0,0.0
CONTROL__7112__2025110601,7112,2025-11-06 01:00:00,2025-11-05 22:00:00,2025-11-06 04:00:00,NORMAL,GROUP__7112__0012,CONTROL,25.0,28.0,152.0,101.0,62.0,98.0,218.0
CONTROL__7112__2025022001,7112,2025-02-20 01:00:00,2025-02-19 22:00:00,2025-02-20 04:00:00,NORMAL,GROUP__7112__0012,CONTROL,0.0,0.0,0.0,0.0,0.0,0.0,0.0
CONTROL__7112__2025022005,7112,2025-02-20 05:00:00,2025-02-20 02:00:00,2025-02-20 08:00:00,NORMAL,GROUP__7112__0012,CONTROL,0.0,0.0,0.0,0.0,0.0,0.0,0.0
CONTROL__7112__2025011605,7112,2025-01-16 05:00:00,2025-01-16 02:00:00,2025-01-16 08:00:00,NORMAL,GROUP__7112__0012,CONTROL,8.0,15.0,44.0,239.0,581.0,504.0,550.0
CONTROL__7270__2025061918,7270,2025-06-19 18:00:00,2025-06-19 15:00:00,2025-06-19 21:00:00,NORMAL,GROUP__7270__0001,CONTROL,1370.0,1534.0,1250.0,1369.0,1032.0,934.0,840.0
CONTROL__7270__2025100218,7270,2025-10-02 18:00:00,2025-10-02 15:00:00,2025-10-02 21:00:00,NORMAL,GROUP__7270__0001,CONTROL,171.0,132.0,116.0,95.0,99.0,73.0,68.0
CONTROL__33014__2025040320,33014,2025-04-03 20:00:00,2025-04-03 17:00:00,2025-04-03 23:00:00,NORMAL,GROUP__33014__0006,CONTROL,77.0,47.0,43.0,43.0,40.0,37.0,24.0
CONTROL__33014__2025010220,33014,2025-01-02 20:00:00,2025-01-02 17:00:00,2025-01-02 23:00:00,NORMAL,GROUP__33014__0006,CONTROL,840.0,664.0,562.0,453.0,307.0,164.0,117.0
CONTROL__51235__2025020621,51235,2025-02-06 21:00:00,2025-02-06 18:00:00,2025-02-07 00:00:00,NORMAL,GROUP__51235__0012,CONTROL,0.0,0.0,0.0,0.0,0.0,0.0,0.0
CONTROL__51235__2025071721,51235,2025-07-17 21:00:00,2025-07-17 18:00:00,2025-07-18 00:00:00,NORMAL,GROUP__51235__0012,CONTROL,88.0,79.0,45.0,37.0,31.0,18.0,136.0
CONTROL__29005__2025032021,29005,2025-03-20 21:00:00,2025-03-20 18:00:00,2025-03-21 00:00:00,NORMAL,GROUP__29005__0005,CONTROL,2861.0,2153.0,1877.0,1826.0,1878.0,0.0,373.0
CONTROL__29005__2025073121,29005,2025-07-31 21:00:00,2025-07-31 18:00:00,2025-08-01 00:00:00,NORMAL,GROUP__29005__0005,CONTROL,2950.0,1986.0,1745.0,1570.0,1004.0,528.0,300.0
CONTROL__T0288__2025012322,T0288,2025-01-23 22:00:00,2025-01-23 19:00:00,2025-01-24 01:00:00,NORMAL,GROUP__T0288__0001,CONTROL,0.0,0.0,0.0,0.0,0.0,82.0,76.0
CONTROL__T0288__2025041722,T0288,2025-04-17 22:00:00,2025-04-17 19:00:00,2025-04-18 01:00:00,NORMAL,GROUP__T0288__0001,CONTROL,118.0,138.0,111.0,105.0,78.0,0.0,0.0
CONTROL__T0289__2025012322,T0289,2025-01-23 22:00:00,2025-01-23 19:00:00,2025-01-24 01:00:00,NORMAL,GROUP__T0289__0001,CONTROL,0.0,0.0,0.0,0.0,0.0,0.0,0.0
CONTROL__T0289__2025112022,T0289,2025-11-20 22:00:00,2025-11-20 19:00:00,2025-11-21 01:00:00,NORMAL,GROUP__T0289__0001,CONTROL,0.0,0.0,0.0,0.0,0.0,0.0,0.0
CONTROL__T0290__2025082822,T0290,2025-08-28 22:00:00,2025-08-28 19:00:00,2025-08-29 01:00:00,NORMAL,GROUP__T0290__0001,CONTROL,169.0,172.0,158.0,103.0,129.0,77.0,95.0
CONTROL__T0290__2025012322,T0290,2025-01-23 22:00:00,2025-01-23 19:00:00,2025-01-24 01:00:00,NORMAL,GROUP__T0290__0001,CONTROL,0.0,0.0,0.0,0.0,0.0,0.0,0.0
CONTROL__T0479-PR__2025121122,T0479-PR,2025-12-11 22:00:00,2025-12-11 19:00:00,2025-12-12 01:00:00,NORMAL,GROUP__T0479-PR__0001,CONTROL,1152.0,862.0,748.0,569.0,504.0,18.0,11.0
CONTROL__T0479-PR__2025051522,T0479-PR,2025-05-15 22:00:00,2025-05-15 19:00:00,2025-05-16 01:00:00,NORMAL,GROUP__T0479-PR__0001,CONTROL,144.0,100.0,64.0,71.0,54.0,85.0,69.0
CONTROL__7163__2025122601,7163,2025-12-26 01:00:00,2025-12-25 22:00:00,2025-12-26 04:00:00,NORMAL,GROUP__7163__0005,CONTROL,0.0,0.0,0.0,0.0,0.0,0.0,0.0
CONTROL__7163__2025021401,7163,2025-02-14 01:00:00,2025-02-13 22:00:00,2025-02-14 04:00:00,NORMAL,GROUP__7163__0005,CONTROL,0.0,0.0,0.0,0.0,0.0,0.0,0.0
CONTROL__53004__2025080803,53004,2025-08-08 03:00:00,2025-08-08 00:00:00,2025-08-08 06:00:00,NORMAL,GROUP__53004__0008,CONTROL,18.0,12.0,8.0,25.0,31.0,52.0,73.0
CONTROL__53004__2025122603,53004,2025-12-26 03:00:00,2025-12-26 00:00:00,2025-12-26 06:00:00,NORMAL,GROUP__53004__0008,CONTROL,0.0,0.0,0.0,0.0,0.0,0.0,0.0
CONTROL__34016__2025053005,34016,2025-05-30 05:00:00,2025-05-30 02:00:00,2025-05-30 08:00:00,NORMAL,GROUP__34016__0004,CONTROL,28.0,24.0,50.0,134.0,436.0,660.0,817.0
CONTROL__34016__2025111405,34016,2025-11-14 05:00:00,2025-11-14 02:00:00,2025-11-14 08:00:00,NORMAL,GROUP__34016__0004,CONTROL,81.0,156.0,612.0,1345.0,1388.0,1483.0,1383.0
CONTROL__29005__2025103105,29005,2025-10-31 05:00:00,2025-10-31 02:00:00,2025-10-31 08:00:00,NORMAL,GROUP__29005__0006,CONTROL,50.0,58.0,90.0,190.0,390.0,335.0,337.0
CONTROL__29005__2025110705,29005,2025-11-07 05:00:00,2025-11-07 02:00:00,2025-11-07 08:00:00,NORMAL,GROUP__29005__0006,CONTROL,218.0,201.0,331.0,898.0,2140.0,3156.0,3002.0
CONTROL__29005__2025110707,29005,2025-11-07 07:00:00,2025-11-07 04:00:00,2025-11-07 10:00:00,NORMAL,GROUP__29005__0006,CONTROL,331.0,898.0,2140.0,3156.0,3002.0,2756.0,2492.0
CONTROL__29005__2025041807,29005,2025-04-18 07:00:00,2025-04-18 04:00:00,2025-04-18 10:00:00,NORMAL,GROUP__29005__0006,CONTROL,28.0,46.0,75.0,118.0,147.0,147.0,182.0
CONTROL__7179__2025062109,7179,2025-06-21 09:00:00,2025-06-21 06:00:00,2025-06-21 12:00:00,NORMAL,GROUP__7179__0013,CONTROL,735.0,910.0,1135.0,1517.0,1669.0,1664.0,1996.0
CONTROL__7179__2025011809,7179,2025-01-18 09:00:00,2025-01-18 06:00:00,2025-01-18 12:00:00,NORMAL,GROUP__7179__0013,CONTROL,104.0,127.0,161.0,188.0,182.0,206.0,201.0
CONTROL__7179__2025100506,7179,2025-10-05 06:00:00,2025-10-05 03:00:00,2025-10-05 09:00:00,NORMAL,GROUP__7179__0014,CONTROL,25.0,17.0,26.0,41.0,69.0,81.0,81.0
CONTROL__7179__2025051106,7179,2025-05-11 06:00:00,2025-05-11 03:00:00,2025-05-11 09:00:00,NORMAL,GROUP__7179__0014,CONTROL,20.0,16.0,23.0,43.0,61.0,85.0,86.0
CONTROL__9836-PR__2025122123,9836-PR,2025-12-21 23:00:00,2025-12-21 20:00:00,2025-12-22 02:00:00,NORMAL,GROUP__9836-PR__0002,CONTROL,44.0,46.0,24.0,23.0,14.0,15.0,12.0
CONTROL__9836-PR__2025100523,9836-PR,2025-10-05 23:00:00,2025-10-05 20:00:00,2025-10-06 02:00:00,NORMAL,GROUP__9836-PR__0002,CONTROL,717.0,659.0,817.0,457.0,412.0,293.0,203.0
CONTROL__7248__2025022403,7248,2025-02-24 03:00:00,2025-02-24 00:00:00,2025-02-24 06:00:00,NORMAL,GROUP__7248__0009,CONTROL,0.0,0.0,0.0,0.0,0.0,0.0,0.0
CONTROL__7248__2025090103,7248,2025-09-01 03:00:00,2025-09-01 00:00:00,2025-09-01 06:00:00,NORMAL,GROUP__7248__0009,CONTROL,38.0,39.0,34.0,59.0,119.0,216.0,281.0
CONTROL__9658__2025051904,9658,2025-05-19 04:00:00,2025-05-19 01:00:00,2025-05-19 07:00:00,NORMAL,GROUP__9658__0006,CONTROL,92.0,57.0,78.0,162.0,480.0,894.0,1384.0
CONTROL__9658__2025120804,9658,2025-12-08 04:00:00,2025-12-08 01:00:00,2025-12-08 07:00:00,NORMAL,GROUP__9658__0006,CONTROL,29.0,19.0,42.0,54.0,87.0,143.0,123.0
CONTROL__10011__2025081819,10011,2025-08-18 19:00:00,2025-08-18 16:00:00,2025-08-18 22:00:00,NORMAL,GROUP__10011__0007,CONTROL,0.0,0.0,0.0,0.0,0.0,0.0,0.0
CONTROL__10011__2025081119,10011,2025-08-11 19:00:00,2025-08-11 16:00:00,2025-08-11 22:00:00,NORMAL,GROUP__10011__0007,CONTROL,0.0,0.0,0.0,0.0,0.0,0.0,0.0
CONTROL__7139__2025012719,7139,2025-01-27 19:00:00,2025-01-27 16:00:00,2025-01-27 22:00:00,NORMAL,GROUP__7139__0007,CONTROL,2154.0,2195.0,1973.0,1285.0,900.0,721.0,454.0
CONTROL__7139__2025081119,7139,2025-08-11 19:00:00,2025-08-11 16:00:00,2025-08-11 22:00:00,NORMAL,GROUP__7139__0007,CONTROL,2306.0,2329.0,1720.0,1181.0,865.0,810.0,486.0
CONTROL__68025__2025120121,68025,2025-12-01 21:00:00,2025-12-01 18:00:00,2025-12-02 00:00:00,NORMAL,GROUP__68025__0008,CONTROL,729.0,614.0,533.0,415.0,299.0,178.0,4.0
CONTROL__68025__2025012721,68025,2025-01-27 21:00:00,2025-01-27 18:00:00,2025-01-28 00:00:00,NORMAL,GROUP__68025__0008,CONTROL,399.0,366.0,306.0,308.0,200.0,120.0,7.0
CONTROL__7120__2025040804,7120,2025-04-08 04:00:00,2025-04-08 01:00:00,2025-04-08 07:00:00,NORMAL,GROUP__7120__0016,CONTROL,9.0,16.0,22.0,28.0,52.0,95.0,87.0
CONTROL__7120__2025081904,7120,2025-08-19 04:00:00,2025-08-19 01:00:00,2025-08-19 07:00:00,NORMAL,GROUP__7120__0016,CONTROL,9.0,5.0,13.0,29.0,53.0,127.0,94.0
CONTROL__7121__2025032504,7121,2025-03-25 04:00:00,2025-03-25 01:00:00,2025-03-25 07:00:00,NORMAL,GROUP__7121__0016,CONTROL,3.0,2.0,8.0,9.0,17.0,22.0,39.0
CONTROL__7121__2025031804,7121,2025-03-18 04:00:00,2025-03-18 01:00:00,2025-03-18 07:00:00,NORMAL,GROUP__7121__0016,CONTROL,33.0,24.0,43.0,37.0,114.0,219.0,375.0
CONTROL__9658__2025090909,9658,2025-09-09 09:00:00,2025-09-09 06:00:00,2025-09-09 12:00:00,NORMAL,GROUP__9658__0007,CONTROL,151.0,100.0,112.0,169.0,179.0,215.0,207.0
CONTROL__9658__2025040109,9658,2025-04-01 09:00:00,2025-04-01 06:00:00,2025-04-01 12:00:00,NORMAL,GROUP__9658__0007,CONTROL,0.0,0.0,0.0,0.0,0.0,0.0,0.0
CONTROL__50240__2025020422,50240,2025-02-04 22:00:00,2025-02-04 19:00:00,2025-02-05 01:00:00,NORMAL,GROUP__50240__0008,CONTROL,0.0,0.0,0.0,0.0,0.0,0.0,0.0
CONTROL__50240__2025102122,50240,2025-10-21 22:00:00,2025-10-21 19:00:00,2025-10-22 01:00:00,NORMAL,GROUP__50240__0008,CONTROL,1468.0,1171.0,1230.0,909.0,469.0,268.0,159.0
CONTROL__7179__2025111823,7179,2025-11-18 23:00:00,2025-11-18 20:00:00,2025-11-19 02:00:00,NORMAL,GROUP__7179__0015,CONTROL,1196.0,1118.0,932.0,673.0,52.0,56.0,58.0
CONTROL__7179__2025010723,7179,2025-01-07 23:00:00,2025-01-07 20:00:00,2025-01-08 02:00:00,NORMAL,GROUP__7179__0015,CONTROL,1028.0,963.0,793.0,498.0,321.0,203.0,146.0
CONTROL__7179__2025082003,7179,2025-08-20 03:00:00,2025-08-20 00:00:00,2025-08-20 06:00:00,NORMAL,GROUP__7179__0015,CONTROL,40.0,45.0,48.0,55.0,104.0,201.0,291.0
CONTROL__7179__2025071603,7179,2025-07-16 03:00:00,2025-07-16 00:00:00,2025-07-16 06:00:00,NORMAL,GROUP__7179__0015,CONTROL,51.0,43.0,52.0,75.0,97.0,211.0,316.0
CONTROL__50260__2025040904,50260,2025-04-09 04:00:00,2025-04-09 01:00:00,2025-04-09 07:00:00,NORMAL,GROUP__50260__0002,CONTROL,96.0,84.0,117.0,290.0,971.0,2106.0,2554.0
CONTROL__50260__2025070904,50260,2025-07-09 04:00:00,2025-07-09 01:00:00,2025-07-09 07:00:00,NORMAL,GROUP__50260__0002,CONTROL,94.0,48.0,74.0,190.0,515.0,993.0,1203.0
CONTROL__9658__2025080605,9658,2025-08-06 05:00:00,2025-08-06 02:00:00,2025-08-06 08:00:00,NORMAL,GROUP__9658__0008,CONTROL,70.0,78.0,174.0,518.0,935.0,1303.0,1006.0
CONTROL__9658__2025021205,9658,2025-02-12 05:00:00,2025-02-12 02:00:00,2025-02-12 08:00:00,NORMAL,GROUP__9658__0008,CONTROL,0.0,0.0,0.0,0.0,0.0,0.0,0.0
CONTROL__51235__2025021206,51235,2025-02-12 06:00:00,2025-02-12 03:00:00,2025-02-12 09:00:00,NORMAL,GROUP__51235__0013,CONTROL,0.0,0.0,0.0,0.0,0.0,0.0,0.0
CONTROL__51235__2025060406,51235,2025-06-04 06:00:00,2025-06-04 03:00:00,2025-06-04 09:00:00,NORMAL,GROUP__51235__0013,CONTROL,88.0,149.0,388.0,836.0,1301.0,1390.0,1243.0
CONTROL__33014__2025042316,33014,2025-04-23 16:00:00,2025-04-23 13:00:00,2025-04-23 19:00:00,NORMAL,GROUP__33014__0007,CONTROL,154.0,138.0,144.0,111.0,77.0,74.0,38.0
CONTROL__33014__2025080616,33014,2025-08-06 16:00:00,2025-08-06 13:00:00,2025-08-06 19:00:00,NORMAL,GROUP__33014__0007,CONTROL,0.0,0.0,0.0,0.0,0.0,0.0,0.0
CONTROL__7153__2025052819,7153,2025-05-28 19:00:00,2025-05-28 16:00:00,2025-05-28 22:00:00,NORMAL,GROUP__7153__0008,CONTROL,172.0,132.0,105.0,79.0,57.0,38.0,41.0
CONTROL__7153__2025040919,7153,2025-04-09 19:00:00,2025-04-09 16:00:00,2025-04-09 22:00:00,NORMAL,GROUP__7153__0008,CONTROL,1086.0,1123.0,978.0,682.0,476.0,501.0,331.0
CONTROL__23067__2025032621,23067,2025-03-26 21:00:00,2025-03-26 18:00:00,2025-03-27 00:00:00,NORMAL,GROUP__23067__0006,CONTROL,806.0,594.0,590.0,504.0,206.0,95.0,18.0
CONTROL__23067__2025052121,23067,2025-05-21 21:00:00,2025-05-21 18:00:00,2025-05-22 00:00:00,NORMAL,GROUP__23067__0006,CONTROL,937.0,685.0,492.0,399.0,352.0,165.0,166.0
CONTROL__34016__2025110606,34016,2025-11-06 06:00:00,2025-11-06 03:00:00,2025-11-06 09:00:00,NORMAL,GROUP__34016__0005,CONTROL,39.0,148.0,463.0,645.0,812.0,684.0,661.0
CONTROL__34016__2025041006,34016,2025-04-10 06:00:00,2025-04-10 03:00:00,2025-04-10 09:00:00,NORMAL,GROUP__34016__0005,CONTROL,59.0,143.0,621.0,1352.0,1399.0,1535.0,1325.0
CONTROL__33014__2025022706,33014,2025-02-27 06:00:00,2025-02-27 03:00:00,2025-02-27 09:00:00,NORMAL,GROUP__33014__0008,CONTROL,0.0,0.0,0.0,0.0,0.0,0.0,0.0
CONTROL__33014__2025102306,33014,2025-10-23 06:00:00,2025-10-23 03:00:00,2025-10-23 09:00:00,NORMAL,GROUP__33014__0008,CONTROL,0.0,0.0,0.0,0.0,0.0,0.0,0.0
CONTROL__33014__2025041706,33014,2025-04-17 06:00:00,2025-04-17 03:00:00,2025-04-17 09:00:00,NORMAL,GROUP__33014__0008,CONTROL,68.0,189.0,579.0,1189.0,1592.0,1606.0,1396.0
CONTROL__33014__2025010206,33014,2025-01-02 06:00:00,2025-01-02 03:00:00,2025-01-02 09:00:00,NORMAL,GROUP__33014__0008,CONTROL,98.0,223.0,450.0,637.0,697.0,823.0,895.0
CONTROL__7120__2025050106,7120,2025-05-01 06:00:00,2025-05-01 03:00:00,2025-05-01 09:00:00,NORMAL,GROUP__7120__0017,CONTROL,10.0,23.0,55.0,112.0,86.0,64.0,81.0
CONTROL__7120__2025041006,7120,2025-04-10 06:00:00,2025-04-10 03:00:00,2025-04-10 09:00:00,NORMAL,GROUP__7120__0017,CONTROL,62.0,195.0,594.0,755.0,751.0,677.0,768.0
CONTROL__7121__2025013006,7121,2025-01-30 06:00:00,2025-01-30 03:00:00,2025-01-30 09:00:00,NORMAL,GROUP__7121__0017,CONTROL,5.0,4.0,14.0,22.0,26.0,45.0,38.0
CONTROL__7121__2025062606,7121,2025-06-26 06:00:00,2025-06-26 03:00:00,2025-06-26 09:00:00,NORMAL,GROUP__7121__0017,CONTROL,25.0,51.0,86.0,202.0,280.0,364.0,365.0
CONTROL__7161__2025071008,7161,2025-07-10 08:00:00,2025-07-10 05:00:00,2025-07-10 11:00:00,NORMAL,GROUP__7161__0005,CONTROL,90.0,148.0,130.0,128.0,140.0,146.0,161.0
CONTROL__7161__2025103008,7161,2025-10-30 08:00:00,2025-10-30 05:00:00,2025-10-30 11:00:00,NORMAL,GROUP__7161__0005,CONTROL,524.0,914.0,1392.0,1270.0,1006.0,924.0,872.0
CONTROL__50240__2025072410,50240,2025-07-24 10:00:00,2025-07-24 07:00:00,2025-07-24 13:00:00,NORMAL,GROUP__50240__0009,CONTROL,290.0,296.0,351.0,408.0,396.0,444.0,387.0
CONTROL__50240__2025011610,50240,2025-01-16 10:00:00,2025-01-16 07:00:00,2025-01-16 13:00:00,NORMAL,GROUP__50240__0009,CONTROL,0.0,0.0,0.0,0.0,0.0,0.0,0.0
CONTROL__F3FWY003__2025091112,F3FWY003,2025-09-11 12:00:00,2025-09-11 09:00:00,2025-09-11 15:00:00,NORMAL,GROUP__F3FWY003__0014,CONTROL,564.0,580.0,598.0,591.0,589.0,581.0,651.0
CONTROL__F3FWY003__2025010912,F3FWY003,2025-01-09 12:00:00,2025-01-09 09:00:00,2025-01-09 15:00:00,NORMAL,GROUP__F3FWY003__0014,CONTROL,122.0,155.0,221.0,196.0,208.0,218.0,245.0
CONTROL__68025__2025022800,68025,2025-02-28 00:00:00,2025-02-27 21:00:00,2025-02-28 03:00:00,NORMAL,GROUP__68025__0009,CONTROL,0.0,0.0,0.0,0.0,0.0,0.0,0.0
CONTROL__68025__2025072500,68025,2025-07-25 00:00:00,2025-07-24 21:00:00,2025-07-25 03:00:00,NORMAL,GROUP__68025__0009,CONTROL,26.0,20.0,11.0,120.0,93.0,54.0,73.0
CONTROL__7270__2025020107,7270,2025-02-01 07:00:00,2025-02-01 04:00:00,2025-02-01 10:00:00,NORMAL,GROUP__7270__0002,CONTROL,0.0,0.0,0.0,0.0,0.0,0.0,0.0
CONTROL__7270__2025120607,7270,2025-12-06 07:00:00,2025-12-06 04:00:00,2025-12-06 10:00:00,NORMAL,GROUP__7270__0002,CONTROL,248.0,663.0,1373.0,1294.0,1448.0,1668.0,1680.0
CONTROL__T0085__2025062109,T0085,2025-06-21 09:00:00,2025-06-21 06:00:00,2025-06-21 12:00:00,NORMAL,GROUP__T0085__0003,CONTROL,0.0,0.0,0.0,0.0,0.0,0.0,0.0
CONTROL__T0085__2025122009,T0085,2025-12-20 09:00:00,2025-12-20 06:00:00,2025-12-20 12:00:00,NORMAL,GROUP__T0085__0003,CONTROL,6.0,9.0,12.0,8.0,12.0,12.0,14.0
CONTROL__7126__2025121404,7126,2025-12-14 04:00:00,2025-12-14 01:00:00,2025-12-14 07:00:00,NORMAL,GROUP__7126__0005,CONTROL,57.0,36.0,31.0,36.0,71.0,133.0,212.0
CONTROL__7126__2025092804,7126,2025-09-28 04:00:00,2025-09-28 01:00:00,2025-09-28 07:00:00,NORMAL,GROUP__7126__0005,CONTROL,7.0,5.0,3.0,9.0,13.0,16.0,18.0
CONTROL__55049__2025121407,55049,2025-12-14 07:00:00,2025-12-14 04:00:00,2025-12-14 10:00:00,NORMAL,GROUP__55049__0003,CONTROL,70.0,132.0,264.0,480.0,727.0,1234.0,1273.0
CONTROL__55049__2025051807,55049,2025-05-18 07:00:00,2025-05-18 04:00:00,2025-05-18 10:00:00,NORMAL,GROUP__55049__0003,CONTROL,14.0,7.0,15.0,25.0,17.0,33.0,40.0
CONTROL__55049__2025080315,55049,2025-08-03 15:00:00,2025-08-03 12:00:00,2025-08-03 18:00:00,NORMAL,GROUP__55049__0004,CONTROL,1594.0,1290.0,1177.0,1177.0,1036.0,815.0,552.0
CONTROL__55049__2025031615,55049,2025-03-16 15:00:00,2025-03-16 12:00:00,2025-03-16 18:00:00,NORMAL,GROUP__55049__0004,CONTROL,949.0,1132.0,1091.0,1045.0,1019.0,954.0,786.0
CONTROL__F3FWY003__2025100520,F3FWY003,2025-10-05 20:00:00,2025-10-05 17:00:00,2025-10-05 23:00:00,NORMAL,GROUP__F3FWY003__0015,CONTROL,162.0,159.0,115.0,94.0,61.0,100.0,121.0
CONTROL__F3FWY003__2025052520,F3FWY003,2025-05-25 20:00:00,2025-05-25 17:00:00,2025-05-25 23:00:00,NORMAL,GROUP__F3FWY003__0015,CONTROL,0.0,0.0,0.0,0.0,0.0,0.0,0.0
CONTROL__7168__2025111623,7168,2025-11-16 23:00:00,2025-11-16 20:00:00,2025-11-17 02:00:00,NORMAL,GROUP__7168__0007,CONTROL,269.0,272.0,198.0,96.0,14.0,9.0,6.0
CONTROL__7168__2025061523,7168,2025-06-15 23:00:00,2025-06-15 20:00:00,2025-06-16 02:00:00,NORMAL,GROUP__7168__0007,CONTROL,22.0,22.0,17.0,14.0,49.0,29.0,25.0
CONTROL__33014__2025010523,33014,2025-01-05 23:00:00,2025-01-05 20:00:00,2025-01-06 02:00:00,NORMAL,GROUP__33014__0009,CONTROL,31.0,17.0,22.0,0.0,99.0,64.0,58.0
CONTROL__33014__2025041323,33014,2025-04-13 23:00:00,2025-04-13 20:00:00,2025-04-14 02:00:00,NORMAL,GROUP__33014__0009,CONTROL,41.0,19.0,15.0,0.0,106.0,61.0,43.0
CONTROL__7179__2025111001,7179,2025-11-10 01:00:00,2025-11-09 22:00:00,2025-11-10 04:00:00,NORMAL,GROUP__7179__0016,CONTROL,946.0,606.0,39.0,32.0,32.0,53.0,84.0
CONTROL__7179__2025060901,7179,2025-06-09 01:00:00,2025-06-08 22:00:00,2025-06-09 04:00:00,NORMAL,GROUP__7179__0016,CONTROL,54.0,42.0,245.0,180.0,111.0,93.0,70.0
CONTROL__7112__2025012001,7112,2025-01-20 01:00:00,2025-01-19 22:00:00,2025-01-20 04:00:00,NORMAL,GROUP__7112__0013,CONTROL,465.0,284.0,0.0,0.0,0.0,0.0,0.0
CONTROL__7112__2025051201,7112,2025-05-12 01:00:00,2025-05-11 22:00:00,2025-05-12 04:00:00,NORMAL,GROUP__7112__0013,CONTROL,295.0,274.0,138.0,89.0,59.0,80.0,232.0
CONTROL__50240__2025101302,50240,2025-10-13 02:00:00,2025-10-12 23:00:00,2025-10-13 05:00:00,NORMAL,GROUP__50240__0010,CONTROL,495.0,51.0,52.0,46.0,75.0,139.0,339.0
CONTROL__50240__2025122202,50240,2025-12-22 02:00:00,2025-12-21 23:00:00,2025-12-22 05:00:00,NORMAL,GROUP__50240__0010,CONTROL,449.0,46.0,45.0,46.0,70.0,139.0,261.0
CONTROL__23067__2025121503,23067,2025-12-15 03:00:00,2025-12-15 00:00:00,2025-12-15 06:00:00,NORMAL,GROUP__23067__0007,CONTROL,13.0,29.0,35.0,48.0,82.0,138.0,129.0
CONTROL__23067__2025091503,23067,2025-09-15 03:00:00,2025-09-15 00:00:00,2025-09-15 06:00:00,NORMAL,GROUP__23067__0007,CONTROL,10.0,8.0,21.0,29.0,36.0,43.0,96.0
CONTROL__7112__2025031705,7112,2025-03-17 05:00:00,2025-03-17 02:00:00,2025-03-17 08:00:00,NORMAL,GROUP__7112__0013,CONTROL,1.0,8.0,20.0,21.0,58.0,64.0,60.0
CONTROL__7112__2025070705,7112,2025-07-07 05:00:00,2025-07-07 02:00:00,2025-07-07 08:00:00,NORMAL,GROUP__7112__0013,CONTROL,61.0,78.0,205.0,831.0,1417.0,1237.0,1178.0
CONTROL__F3FWY005__2025081120,F3FWY005,2025-08-11 20:00:00,2025-08-11 17:00:00,2025-08-11 23:00:00,NORMAL,GROUP__F3FWY005__0002,CONTROL,0.0,0.0,0.0,0.0,0.0,0.0,0.0
CONTROL__F3FWY005__2025031720,F3FWY005,2025-03-17 20:00:00,2025-03-17 17:00:00,2025-03-17 23:00:00,NORMAL,GROUP__F3FWY005__0002,CONTROL,229.0,184.0,175.0,152.0,118.0,5.0,1.0
CONTROL__7168__2025100621,7168,2025-10-06 21:00:00,2025-10-06 18:00:00,2025-10-07 00:00:00,NORMAL,GROUP__7168__0008,CONTROL,69.0,56.0,34.0,33.0,38.0,22.0,10.0
CONTROL__7168__2025102721,7168,2025-10-27 21:00:00,2025-10-27 18:00:00,2025-10-28 00:00:00,NORMAL,GROUP__7168__0008,CONTROL,382.0,246.0,254.0,203.0,160.0,89.0,45.0
CONTROL__50240__2025092923,50240,2025-09-29 23:00:00,2025-09-29 20:00:00,2025-09-30 02:00:00,NORMAL,GROUP__50240__0011,CONTROL,1216.0,0.0,838.0,0.0,258.0,148.0,171.0
CONTROL__50240__2025120823,50240,2025-12-08 23:00:00,2025-12-08 20:00:00,2025-12-09 02:00:00,NORMAL,GROUP__50240__0011,CONTROL,101.0,84.0,72.0,62.0,0.0,0.0,0.0
CONTROL__7179__2025051306,7179,2025-05-13 06:00:00,2025-05-13 03:00:00,2025-05-13 09:00:00,NORMAL,GROUP__7179__0017,CONTROL,78.0,104.0,220.0,351.0,331.0,357.0,440.0
CONTROL__7179__2025072906,7179,2025-07-29 06:00:00,2025-07-29 03:00:00,2025-07-29 09:00:00,NORMAL,GROUP__7179__0017,CONTROL,217.0,413.0,834.0,1270.0,1596.0,1670.0,1426.0
CONTROL__7184__2025011407,7184,2025-01-14 07:00:00,2025-01-14 04:00:00,2025-01-14 10:00:00,NORMAL,GROUP__7184__0013,CONTROL,216.0,739.0,1766.0,2492.0,2364.0,2138.0,1938.0
CONTROL__7184__2025090907,7184,2025-09-09 07:00:00,2025-09-09 04:00:00,2025-09-09 10:00:00,NORMAL,GROUP__7184__0013,CONTROL,45.0,122.0,237.0,195.0,218.0,308.0,294.0
CONTROL__7112__2025052008,7112,2025-05-20 08:00:00,2025-05-20 05:00:00,2025-05-20 11:00:00,NORMAL,GROUP__7112__0014,CONTROL,80.0,192.0,158.0,135.0,193.0,195.0,180.0
CONTROL__7112__2025011408,7112,2025-01-14 08:00:00,2025-01-14 05:00:00,2025-01-14 11:00:00,NORMAL,GROUP__7112__0014,CONTROL,765.0,1480.0,1277.0,1229.0,1027.0,874.0,955.0
CONTROL__7179__2025090211,7179,2025-09-02 11:00:00,2025-09-02 08:00:00,2025-09-02 14:00:00,NORMAL,GROUP__7179__0017,CONTROL,1564.0,1501.0,1274.0,1321.0,1397.0,1570.0,1799.0
CONTROL__7179__2025100711,7179,2025-10-07 11:00:00,2025-10-07 08:00:00,2025-10-07 14:00:00,NORMAL,GROUP__7179__0017,CONTROL,1505.0,1366.0,1394.0,1480.0,1465.0,1437.0,1535.0
CONTROL__47024__2025120920,47024,2025-12-09 20:00:00,2025-12-09 17:00:00,2025-12-09 23:00:00,NORMAL,GROUP__47024__0005,CONTROL,0.0,0.0,0.0,0.0,0.0,0.0,0.0
CONTROL__47024__2025122320,47024,2025-12-23 20:00:00,2025-12-23 17:00:00,2025-12-23 23:00:00,NORMAL,GROUP__47024__0005,CONTROL,0.0,0.0,0.0,0.0,0.0,0.0,0.0
CONTROL__50240__2025070820,50240,2025-07-08 20:00:00,2025-07-08 17:00:00,2025-07-08 23:00:00,NORMAL,GROUP__50240__0012,CONTROL,242.0,209.0,137.0,106.0,83.0,60.0,67.0
CONTROL__50240__2025032520,50240,2025-03-25 20:00:00,2025-03-25 17:00:00,2025-03-25 23:00:00,NORMAL,GROUP__50240__0012,CONTROL,185.0,180.0,120.0,109.0,95.0,63.0,71.0
CONTROL__33014__2025120221,33014,2025-12-02 21:00:00,2025-12-02 18:00:00,2025-12-03 00:00:00,NORMAL,GROUP__33014__0010,CONTROL,0.0,0.0,0.0,0.0,0.0,0.0,0.0
CONTROL__33014__2025090921,33014,2025-09-09 21:00:00,2025-09-09 18:00:00,2025-09-10 00:00:00,NORMAL,GROUP__33014__0010,CONTROL,0.0,0.0,0.0,0.0,0.0,0.0,0.0
CONTROL__68025__2025010722,68025,2025-01-07 22:00:00,2025-01-07 19:00:00,2025-01-08 01:00:00,NORMAL,GROUP__68025__0010,CONTROL,564.0,447.0,442.0,336.0,170.0,70.0,51.0
CONTROL__68025__2025041522,68025,2025-04-15 22:00:00,2025-04-15 19:00:00,2025-04-16 01:00:00,NORMAL,GROUP__68025__0010,CONTROL,835.0,739.0,640.0,395.0,251.0,7.0,12.0
CONTROL__7132__2025090301,7132,2025-09-03 01:00:00,2025-09-02 22:00:00,2025-09-03 04:00:00,NORMAL,GROUP__7132__0011,CONTROL,261.0,154.0,7.0,5.0,9.0,16.0,30.0
CONTROL__7132__2025102901,7132,2025-10-29 01:00:00,2025-10-28 22:00:00,2025-10-29 04:00:00,NORMAL,GROUP__7132__0011,CONTROL,11.0,13.0,11.0,8.0,9.0,21.0,35.0
CONTROL__7164__2025080606,7164,2025-08-06 06:00:00,2025-08-06 03:00:00,2025-08-06 09:00:00,NORMAL,GROUP__7164__0005,CONTROL,33.0,102.0,347.0,631.0,915.0,955.0,970.0
CONTROL__7164__2025110506,7164,2025-11-05 06:00:00,2025-11-05 03:00:00,2025-11-05 09:00:00,NORMAL,GROUP__7164__0005,CONTROL,15.0,18.0,66.0,124.0,120.0,105.0,101.0
CONTROL__7179__2025011506,7179,2025-01-15 06:00:00,2025-01-15 03:00:00,2025-01-15 09:00:00,NORMAL,GROUP__7179__0018,CONTROL,0.0,0.0,0.0,0.0,0.0,0.0,0.0
CONTROL__7179__2025061106,7179,2025-06-11 06:00:00,2025-06-11 03:00:00,2025-06-11 09:00:00,NORMAL,GROUP__7179__0018,CONTROL,66.0,103.0,236.0,331.0,325.0,350.0,458.0
CONTROL__7163__2025010814,7163,2025-01-08 14:00:00,2025-01-08 11:00:00,2025-01-08 17:00:00,NORMAL,GROUP__7163__0006,CONTROL,75.0,79.0,73.0,60.0,63.0,51.0,62.0
CONTROL__7163__2025043014,7163,2025-04-30 14:00:00,2025-04-30 11:00:00,2025-04-30 17:00:00,NORMAL,GROUP__7163__0006,CONTROL,642.0,642.0,602.0,615.0,717.0,647.0,697.0
CONTROL__7112__2025061818,7112,2025-06-18 18:00:00,2025-06-18 15:00:00,2025-06-18 21:00:00,NORMAL,GROUP__7112__0015,CONTROL,1182.0,1289.0,1250.0,1052.0,920.0,633.0,608.0
CONTROL__7112__2025070218,7112,2025-07-02 18:00:00,2025-07-02 15:00:00,2025-07-02 21:00:00,NORMAL,GROUP__7112__0015,CONTROL,1193.0,1268.0,1172.0,1130.0,784.0,626.0,607.0
CONTROL__7112__2025012923,7112,2025-01-29 23:00:00,2025-01-29 20:00:00,2025-01-30 02:00:00,NORMAL,GROUP__7112__0015,CONTROL,0.0,0.0,0.0,0.0,12.0,10.0,16.0
CONTROL__7112__2025100123,7112,2025-10-01 23:00:00,2025-10-01 20:00:00,2025-10-02 02:00:00,NORMAL,GROUP__7112__0015,CONTROL,796.0,711.0,470.0,274.0,25.0,15.0,21.0
CONTROL__51235__2025110523,51235,2025-11-05 23:00:00,2025-11-05 20:00:00,2025-11-06 02:00:00,NORMAL,GROUP__51235__0014,CONTROL,0.0,0.0,0.0,0.0,17.0,18.0,19.0
CONTROL__51235__2025061123,51235,2025-06-11 23:00:00,2025-06-11 20:00:00,2025-06-12 02:00:00,NORMAL,GROUP__51235__0014,CONTROL,54.0,33.0,26.0,30.0,17.0,12.0,9.0
CONTROL__7159__2025040301,7159,2025-04-03 01:00:00,2025-04-02 22:00:00,2025-04-03 04:00:00,NORMAL,GROUP__7159__0003,CONTROL,562.0,305.0,189.0,116.0,85.0,108.0,212.0
CONTROL__7159__2025070301,7159,2025-07-03 01:00:00,2025-07-02 22:00:00,2025-07-03 04:00:00,NORMAL,GROUP__7159__0003,CONTROL,507.0,306.0,22.0,25.0,22.0,28.0,56.0
CONTROL__7112__2025052202,7112,2025-05-22 02:00:00,2025-05-21 23:00:00,2025-05-22 05:00:00,NORMAL,GROUP__7112__0015,CONTROL,274.0,0.0,0.0,0.0,0.0,0.0,0.0
CONTROL__7112__2025070302,7112,2025-07-03 02:00:00,2025-07-02 23:00:00,2025-07-03 05:00:00,NORMAL,GROUP__7112__0015,CONTROL,284.0,141.0,79.0,68.0,74.0,213.0,823.0
CONTROL__7120__2025032004,7120,2025-03-20 04:00:00,2025-03-20 01:00:00,2025-03-20 07:00:00,NORMAL,GROUP__7120__0018,CONTROL,74.0,61.0,64.0,186.0,624.0,745.0,697.0
CONTROL__7120__2025072404,7120,2025-07-24 04:00:00,2025-07-24 01:00:00,2025-07-24 07:00:00,NORMAL,GROUP__7120__0018,CONTROL,72.0,57.0,64.0,162.0,591.0,755.0,691.0
CONTROL__7121__2025112704,7121,2025-11-27 04:00:00,2025-11-27 01:00:00,2025-11-27 07:00:00,NORMAL,GROUP__7121__0018,CONTROL,57.0,46.0,44.0,52.0,126.0,210.0,329.0
CONTROL__7121__2025040304,7121,2025-04-03 04:00:00,2025-04-03 01:00:00,2025-04-03 07:00:00,NORMAL,GROUP__7121__0018,CONTROL,28.0,36.0,25.0,34.0,106.0,199.0,310.0
CONTROL__7164__2025042404,7164,2025-04-24 04:00:00,2025-04-24 01:00:00,2025-04-24 07:00:00,NORMAL,GROUP__7164__0006,CONTROL,13.0,8.0,8.0,20.0,34.0,64.0,73.0
CONTROL__7164__2025091104,7164,2025-09-11 04:00:00,2025-09-11 01:00:00,2025-09-11 07:00:00,NORMAL,GROUP__7164__0006,CONTROL,9.0,8.0,10.0,17.0,36.0,75.0,82.0
CONTROL__57025__2025012307,57025,2025-01-23 07:00:00,2025-01-23 04:00:00,2025-01-23 10:00:00,NORMAL,GROUP__57025__0002,CONTROL,139.0,394.0,456.0,519.0,490.0,506.0,505.0
CONTROL__57025__2025013007,57025,2025-01-30 07:00:00,2025-01-30 04:00:00,2025-01-30 10:00:00,NORMAL,GROUP__57025__0002,CONTROL,160.0,403.0,446.0,588.0,474.0,517.0,536.0
CONTROL__7153__2025103009,7153,2025-10-30 09:00:00,2025-10-30 06:00:00,2025-10-30 12:00:00,NORMAL,GROUP__7153__0009,CONTROL,323.0,286.0,230.0,231.0,217.0,260.0,235.0
CONTROL__7153__2025041009,7153,2025-04-10 09:00:00,2025-04-10 06:00:00,2025-04-10 12:00:00,NORMAL,GROUP__7153__0009,CONTROL,1527.0,1588.0,1602.0,1138.0,978.0,906.0,884.0
CONTROL__7184__2025100211,7184,2025-10-02 11:00:00,2025-10-02 08:00:00,2025-10-02 14:00:00,NORMAL,GROUP__7184__0014,CONTROL,253.0,288.0,291.0,370.0,359.0,348.0,329.0
CONTROL__7184__2025051511,7184,2025-05-15 11:00:00,2025-05-15 08:00:00,2025-05-15 14:00:00,NORMAL,GROUP__7184__0014,CONTROL,2432.0,2106.0,2055.0,2063.0,1939.0,1855.0,2047.0
CONTROL__7275__2025121121,7275,2025-12-11 21:00:00,2025-12-11 18:00:00,2025-12-12 00:00:00,NORMAL,GROUP__7275__0002,CONTROL,940.0,669.0,631.0,616.0,620.0,450.0,305.0
CONTROL__7275__2025091121,7275,2025-09-11 21:00:00,2025-09-11 18:00:00,2025-09-12 00:00:00,NORMAL,GROUP__7275__0002,CONTROL,593.0,513.0,396.0,343.0,238.0,153.0,89.0
CONTROL__23067__2025060604,23067,2025-06-06 04:00:00,2025-06-06 01:00:00,2025-06-06 07:00:00,NORMAL,GROUP__23067__0008,CONTROL,20.0,18.0,38.0,58.0,88.0,160.0,162.0
CONTROL__23067__2025090504,23067,2025-09-05 04:00:00,2025-09-05 01:00:00,2025-09-05 07:00:00,NORMAL,GROUP__23067__0008,CONTROL,30.0,21.0,27.0,45.0,40.0,66.0,113.0
CONTROL__7248__2025071107,7248,2025-07-11 07:00:00,2025-07-11 04:00:00,2025-07-11 10:00:00,NORMAL,GROUP__7248__0010,CONTROL,368.0,1148.0,1240.0,1326.0,1224.0,1134.0,1101.0
CONTROL__7248__2025070407,7248,2025-07-04 07:00:00,2025-07-04 04:00:00,2025-07-04 10:00:00,NORMAL,GROUP__7248__0010,CONTROL,0.0,0.0,0.0,0.0,0.0,0.0,0.0
CONTROL__50240__2025120601,50240,2025-12-06 01:00:00,2025-12-05 22:00:00,2025-12-06 04:00:00,NORMAL,GROUP__50240__0013,CONTROL,0.0,0.0,504.0,338.0,276.0,257.0,500.0
CONTROL__50240__2025101801,50240,2025-10-18 01:00:00,2025-10-17 22:00:00,2025-10-18 04:00:00,NORMAL,GROUP__50240__0013,CONTROL,64.0,51.0,489.0,270.0,217.0,209.0,437.0
CONTROL__47024__2025041907,47024,2025-04-19 07:00:00,2025-04-19 04:00:00,2025-04-19 10:00:00,NORMAL,GROUP__47024__0006,CONTROL,231.0,373.0,670.0,798.0,950.0,1180.0,977.0
CONTROL__47024__2025050307,47024,2025-05-03 07:00:00,2025-05-03 04:00:00,2025-05-03 10:00:00,NORMAL,GROUP__47024__0006,CONTROL,437.0,781.0,982.0,964.0,1107.0,1200.0,1209.0
CONTROL__53004__2025021600,53004,2025-02-16 00:00:00,2025-02-15 21:00:00,2025-02-16 03:00:00,NORMAL,GROUP__53004__0009,CONTROL,0.0,0.0,0.0,0.0,0.0,0.0,0.0
CONTROL__53004__2025080300,53004,2025-08-03 00:00:00,2025-08-02 21:00:00,2025-08-03 03:00:00,NORMAL,GROUP__53004__0009,CONTROL,398.0,405.0,267.0,160.0,75.0,71.0,61.0
CONTROL__10011__2025060800,10011,2025-06-08 00:00:00,2025-06-07 21:00:00,2025-06-08 03:00:00,NORMAL,GROUP__10011__0008,CONTROL,0.0,0.0,0.0,0.0,0.0,0.0,0.0
CONTROL__10011__2025022300,10011,2025-02-23 00:00:00,2025-02-22 21:00:00,2025-02-23 03:00:00,NORMAL,GROUP__10011__0008,CONTROL,0.0,0.0,0.0,0.0,0.0,0.0,0.0
CONTROL__7139__2025042000,7139,2025-04-20 00:00:00,2025-04-19 21:00:00,2025-04-20 03:00:00,NORMAL,GROUP__7139__0008,CONTROL,1117.0,1259.0,921.0,33.0,25.0,14.0,11.0
CONTROL__7139__2025082400,7139,2025-08-24 00:00:00,2025-08-23 21:00:00,2025-08-24 03:00:00,NORMAL,GROUP__7139__0008,CONTROL,37.0,39.0,43.0,35.0,16.0,20.0,16.0
CONTROL__50240__2025100500,50240,2025-10-05 00:00:00,2025-10-04 21:00:00,2025-10-05 03:00:00,NORMAL,GROUP__50240__0014,CONTROL,0.0,1192.0,864.0,521.0,368.0,0.0,256.0
CONTROL__50240__2025060100,50240,2025-06-01 00:00:00,2025-05-31 21:00:00,2025-06-01 03:00:00,NORMAL,GROUP__50240__0014,CONTROL,1380.0,1235.0,893.0,36.0,28.0,15.0,18.0
CONTROL__68025__2025041304,68025,2025-04-13 04:00:00,2025-04-13 01:00:00,2025-04-13 07:00:00,NORMAL,GROUP__68025__0011,CONTROL,115.0,77.0,64.0,63.0,147.0,268.0,314.0
CONTROL__68025__2025090704,68025,2025-09-07 04:00:00,2025-09-07 01:00:00,2025-09-07 07:00:00,NORMAL,GROUP__68025__0011,CONTROL,3.0,0.0,4.0,5.0,10.0,17.0,15.0
CONTROL__T0231__2025011905,T0231,2025-01-19 05:00:00,2025-01-19 02:00:00,2025-01-19 08:00:00,NORMAL,GROUP__T0231__0002,CONTROL,0.0,0.0,0.0,0.0,0.0,0.0,0.0
CONTROL__T0231__2025122805,T0231,2025-12-28 05:00:00,2025-12-28 02:00:00,2025-12-28 08:00:00,NORMAL,GROUP__T0231__0002,CONTROL,128.0,109.0,133.0,280.0,351.0,420.0,573.0
CONTROL__9658__2025091407,9658,2025-09-14 07:00:00,2025-09-14 04:00:00,2025-09-14 10:00:00,NORMAL,GROUP__9658__0009,CONTROL,13.0,18.0,33.0,38.0,49.0,64.0,68.0
CONTROL__9658__2025011207,9658,2025-01-12 07:00:00,2025-01-12 04:00:00,2025-01-12 10:00:00,NORMAL,GROUP__9658__0009,CONTROL,110.0,118.0,254.0,396.0,563.0,868.0,894.0
CONTROL__22001__2025112310,22001,2025-11-23 10:00:00,2025-11-23 07:00:00,2025-11-23 13:00:00,NORMAL,GROUP__22001__0005,CONTROL,0.0,0.0,0.0,0.0,0.0,0.0,0.0
CONTROL__22001__2025021610,22001,2025-02-16 10:00:00,2025-02-16 07:00:00,2025-02-16 13:00:00,NORMAL,GROUP__22001__0005,CONTROL,0.0,0.0,0.0,0.0,0.0,0.0,0.0
CONTROL__7120__2025060111,7120,2025-06-01 11:00:00,2025-06-01 08:00:00,2025-06-01 14:00:00,NORMAL,GROUP__7120__0019,CONTROL,533.0,639.0,698.0,637.0,718.0,685.0,673.0
CONTROL__7120__2025050411,7120,2025-05-04 11:00:00,2025-05-04 08:00:00,2025-05-04 14:00:00,NORMAL,GROUP__7120__0019,CONTROL,32.0,42.0,27.0,27.0,24.0,31.0,29.0
CONTROL__7121__2025030911,7121,2025-03-09 11:00:00,2025-03-09 08:00:00,2025-03-09 14:00:00,NORMAL,GROUP__7121__0019,CONTROL,17.0,35.0,37.0,57.0,61.0,63.0,51.0
CONTROL__7121__2025070611,7121,2025-07-06 11:00:00,2025-07-06 08:00:00,2025-07-06 14:00:00,NORMAL,GROUP__7121__0019,CONTROL,175.0,241.0,376.0,389.0,304.0,342.0,390.0
CONTROL__7168__2025111618,7168,2025-11-16 18:00:00,2025-11-16 15:00:00,2025-11-16 21:00:00,NORMAL,GROUP__7168__0009,CONTROL,441.0,439.0,449.0,358.0,271.0,269.0,272.0
CONTROL__7168__2025061518,7168,2025-06-15 18:00:00,2025-06-15 15:00:00,2025-06-15 21:00:00,NORMAL,GROUP__7168__0009,CONTROL,37.0,20.0,15.0,25.0,26.0,22.0,22.0
CONTROL__7161__2025091419,7161,2025-09-14 19:00:00,2025-09-14 16:00:00,2025-09-14 22:00:00,NORMAL,GROUP__7161__0006,CONTROL,63.0,78.0,58.0,51.0,28.0,25.0,17.0
CONTROL__7161__2025062919,7161,2025-06-29 19:00:00,2025-06-29 16:00:00,2025-06-29 22:00:00,NORMAL,GROUP__7161__0006,CONTROL,67.0,74.0,55.0,48.0,28.0,23.0,11.0
CONTROL__7161__2025060202,7161,2025-06-02 02:00:00,2025-06-01 23:00:00,2025-06-02 05:00:00,NORMAL,GROUP__7161__0007,CONTROL,14.0,7.0,10.0,6.0,20.0,31.0,98.0
CONTROL__7161__2025111002,7161,2025-11-10 02:00:00,2025-11-09 23:00:00,2025-11-10 05:00:00,NORMAL,GROUP__7161__0007,CONTROL,236.0,89.0,71.0,56.0,62.0,165.0,562.0
CONTROL__F3FWY003__2025111719,F3FWY003,2025-11-17 19:00:00,2025-11-17 16:00:00,2025-11-17 22:00:00,NORMAL,GROUP__F3FWY003__0016,CONTROL,451.0,404.0,326.0,245.0,218.0,163.0,166.0
CONTROL__F3FWY003__2025102719,F3FWY003,2025-10-27 19:00:00,2025-10-27 16:00:00,2025-10-27 22:00:00,NORMAL,GROUP__F3FWY003__0016,CONTROL,618.0,470.0,356.0,302.0,214.0,209.0,168.0
CONTROL__7179__2025120900,7179,2025-12-09 00:00:00,2025-12-08 21:00:00,2025-12-09 03:00:00,NORMAL,GROUP__7179__0019,CONTROL,104.0,88.0,78.0,329.0,202.0,146.0,248.0
CONTROL__7179__2025041500,7179,2025-04-15 00:00:00,2025-04-14 21:00:00,2025-04-15 03:00:00,NORMAL,GROUP__7179__0019,CONTROL,94.0,77.0,49.0,55.0,43.0,46.0,76.0
CONTROL__29005__2025032504,29005,2025-03-25 04:00:00,2025-03-25 01:00:00,2025-03-25 07:00:00,NORMAL,GROUP__29005__0007,CONTROL,36.0,45.0,54.0,158.0,286.0,582.0,472.0
CONTROL__29005__2025092304,29005,2025-09-23 04:00:00,2025-09-23 01:00:00,2025-09-23 07:00:00,NORMAL,GROUP__29005__0007,CONTROL,191.0,144.0,172.0,324.0,872.0,2342.0,3377.0
CONTROL__10011__2025042912,10011,2025-04-29 12:00:00,2025-04-29 09:00:00,2025-04-29 15:00:00,NORMAL,GROUP__10011__0009,CONTROL,0.0,0.0,0.0,0.0,0.0,0.0,0.0
CONTROL__10011__2025090212,10011,2025-09-02 12:00:00,2025-09-02 09:00:00,2025-09-02 15:00:00,NORMAL,GROUP__10011__0009,CONTROL,0.0,0.0,0.0,0.0,0.0,0.0,0.0
CONTROL__7139__2025081212,7139,2025-08-12 12:00:00,2025-08-12 09:00:00,2025-08-12 15:00:00,NORMAL,GROUP__7139__0009,CONTROL,266.0,334.0,360.0,348.0,372.0,381.0,388.0
CONTROL__7139__2025070812,7139,2025-07-08 12:00:00,2025-07-08 09:00:00,2025-07-08 15:00:00,NORMAL,GROUP__7139__0009,CONTROL,291.0,297.0,358.0,354.0,330.0,362.0,432.0
CONTROL__9658__2025102821,9658,2025-10-28 21:00:00,2025-10-28 18:00:00,2025-10-29 00:00:00,NORMAL,GROUP__9658__0010,CONTROL,947.0,832.0,660.0,567.0,449.0,294.0,25.0
CONTROL__9658__2025012821,9658,2025-01-28 21:00:00,2025-01-28 18:00:00,2025-01-29 00:00:00,NORMAL,GROUP__9658__0010,CONTROL,0.0,0.0,0.0,0.0,0.0,0.0,0.0
CONTROL__33014__2025050621,33014,2025-05-06 21:00:00,2025-05-06 18:00:00,2025-05-07 00:00:00,NORMAL,GROUP__33014__0011,CONTROL,78.0,48.0,34.0,32.0,23.0,0.0,16.0
CONTROL__33014__2025081221,33014,2025-08-12 21:00:00,2025-08-12 18:00:00,2025-08-13 00:00:00,NORMAL,GROUP__33014__0011,CONTROL,0.0,0.0,0.0,0.0,0.0,0.0,0.0
CONTROL__7163__2025011501,7163,2025-01-15 01:00:00,2025-01-14 22:00:00,2025-01-15 04:00:00,NORMAL,GROUP__7163__0007,CONTROL,0.0,0.0,13.0,8.0,9.0,10.0,15.0
CONTROL__7163__2025121001,7163,2025-12-10 01:00:00,2025-12-09 22:00:00,2025-12-10 04:00:00,NORMAL,GROUP__7163__0007,CONTROL,302.0,197.0,14.0,13.0,6.0,14.0,18.0
CONTROL__10011__2025061102,10011,2025-06-11 02:00:00,2025-06-10 23:00:00,2025-06-11 05:00:00,NORMAL,GROUP__10011__0010,CONTROL,0.0,0.0,0.0,0.0,0.0,0.0,0.0
CONTROL__10011__2025012902,10011,2025-01-29 02:00:00,2025-01-28 23:00:00,2025-01-29 05:00:00,NORMAL,GROUP__10011__0010,CONTROL,0.0,0.0,0.0,0.0,0.0,34.0,80.0
CONTROL__7139__2025022602,7139,2025-02-26 02:00:00,2025-02-25 23:00:00,2025-02-26 05:00:00,NORMAL,GROUP__7139__0010,CONTROL,0.0,0.0,0.0,0.0,0.0,0.0,0.0
CONTROL__7139__2025112602,7139,2025-11-26 02:00:00,2025-11-25 23:00:00,2025-11-26 05:00:00,NORMAL,GROUP__7139__0010,CONTROL,472.0,20.0,9.0,11.0,19.0,26.0,86.0
CONTROL__7168__2025100804,7168,2025-10-08 04:00:00,2025-10-08 01:00:00,2025-10-08 07:00:00,NORMAL,GROUP__7168__0010,CONTROL,12.0,18.0,17.0,20.0,45.0,90.0,64.0
CONTROL__7168__2025052804,7168,2025-05-28 04:00:00,2025-05-28 01:00:00,2025-05-28 07:00:00,NORMAL,GROUP__7168__0010,CONTROL,10.0,14.0,19.0,24.0,26.0,104.0,94.0
CONTROL__7150__2025022621,7150,2025-02-26 21:00:00,2025-02-26 18:00:00,2025-02-27 00:00:00,NORMAL,GROUP__7150__0001,CONTROL,0.0,0.0,0.0,0.0,0.0,0.0,0.0
CONTROL__7150__2025012221,7150,2025-01-22 21:00:00,2025-01-22 18:00:00,2025-01-23 00:00:00,NORMAL,GROUP__7150__0001,CONTROL,0.0,0.0,0.0,0.0,0.0,0.0,0.0
CONTROL__7163__2025040301,7163,2025-04-03 01:00:00,2025-04-02 22:00:00,2025-04-03 04:00:00,NORMAL,GROUP__7163__0008,CONTROL,441.0,266.0,175.0,125.0,107.0,119.0,108.0
CONTROL__7163__2025050801,7163,2025-05-08 01:00:00,2025-05-07 22:00:00,2025-05-08 04:00:00,NORMAL,GROUP__7163__0008,CONTROL,27.0,20.0,106.0,67.0,68.0,67.0,102.0
CONTROL__47024__2025040319,47024,2025-04-03 19:00:00,2025-04-03 16:00:00,2025-04-03 22:00:00,NORMAL,GROUP__47024__0007,CONTROL,0.0,0.0,0.0,0.0,0.0,0.0,0.0
CONTROL__47024__2025121819,47024,2025-12-18 19:00:00,2025-12-18 16:00:00,2025-12-18 22:00:00,NORMAL,GROUP__47024__0007,CONTROL,970.0,1092.0,1210.0,1271.0,1339.0,1276.0,0.0
CONTROL__T0288__2025030623,T0288,2025-03-06 23:00:00,2025-03-06 20:00:00,2025-03-07 02:00:00,NORMAL,GROUP__T0288__0002,CONTROL,0.0,3.0,0.0,1.0,80.0,79.0,82.0
CONTROL__T0288__2025031323,T0288,2025-03-13 23:00:00,2025-03-13 20:00:00,2025-03-14 02:00:00,NORMAL,GROUP__T0288__0002,CONTROL,0.0,0.0,0.0,0.0,0.0,0.0,0.0
CONTROL__T0289__2025050823,T0289,2025-05-08 23:00:00,2025-05-08 20:00:00,2025-05-09 02:00:00,NORMAL,GROUP__T0289__0002,CONTROL,0.0,0.0,1.0,1.0,0.0,0.0,1.0
CONTROL__T0289__2025020623,T0289,2025-02-06 23:00:00,2025-02-06 20:00:00,2025-02-07 02:00:00,NORMAL,GROUP__T0289__0002,CONTROL,0.0,0.0,0.0,0.0,0.0,0.0,0.0
CONTROL__T0290__2025062623,T0290,2025-06-26 23:00:00,2025-06-26 20:00:00,2025-06-27 02:00:00,NORMAL,GROUP__T0290__0002,CONTROL,0.0,0.0,0.0,0.0,0.0,0.0,0.0
CONTROL__T0290__2025012323,T0290,2025-01-23 23:00:00,2025-01-23 20:00:00,2025-01-24 02:00:00,NORMAL,GROUP__T0290__0002,CONTROL,0.0,0.0,0.0,0.0,0.0,0.0,0.0
CONTROL__T0479-PR__2025120423,T0479-PR,2025-12-04 23:00:00,2025-12-04 20:00:00,2025-12-05 02:00:00,NORMAL,GROUP__T0479-PR__0002,CONTROL,66.0,65.0,42.0,29.0,322.0,147.0,92.0
CONTROL__T0479-PR__2025102323,T0479-PR,2025-10-23 23:00:00,2025-10-23 20:00:00,2025-10-24 02:00:00,NORMAL,GROUP__T0479-PR__0002,CONTROL,1085.0,875.0,619.0,507.0,301.0,127.0,83.0
CONTROL__7248__2025022101,7248,2025-02-21 01:00:00,2025-02-20 22:00:00,2025-02-21 04:00:00,NORMAL,GROUP__7248__0011,CONTROL,0.0,0.0,0.0,0.0,0.0,0.0,0.0
CONTROL__7248__2025122601,7248,2025-12-26 01:00:00,2025-12-25 22:00:00,2025-12-26 04:00:00,NORMAL,GROUP__7248__0011,CONTROL,23.0,21.0,17.0,15.0,18.0,18.0,24.0
CONTROL__7274__2025092603,7274,2025-09-26 03:00:00,2025-09-26 00:00:00,2025-09-26 06:00:00,NORMAL,GROUP__7274__0010,CONTROL,16.0,26.0,19.0,23.0,35.0,123.0,171.0
CONTROL__7274__2025100303,7274,2025-10-03 03:00:00,2025-10-03 00:00:00,2025-10-03 06:00:00,NORMAL,GROUP__7274__0010,CONTROL,23.0,12.0,12.0,14.0,46.0,110.0,186.0
CONTROL__53003__2025052308,53003,2025-05-23 08:00:00,2025-05-23 05:00:00,2025-05-23 11:00:00,NORMAL,GROUP__53003__0004,CONTROL,286.0,565.0,804.0,830.0,815.0,882.0,1055.0
CONTROL__53003__2025091908,53003,2025-09-19 08:00:00,2025-09-19 05:00:00,2025-09-19 11:00:00,NORMAL,GROUP__53003__0004,CONTROL,437.0,1163.0,1683.0,1639.0,1667.0,1601.0,1767.0
CONTROL__7184__2025013108,7184,2025-01-31 08:00:00,2025-01-31 05:00:00,2025-01-31 11:00:00,NORMAL,GROUP__7184__0015,CONTROL,0.0,0.0,0.0,0.0,0.0,0.0,0.0
CONTROL__7184__2025032808,7184,2025-03-28 08:00:00,2025-03-28 05:00:00,2025-03-28 11:00:00,NORMAL,GROUP__7184__0015,CONTROL,0.0,0.0,0.0,0.0,0.0,0.0,0.0
CONTROL__7248__2025082217,7248,2025-08-22 17:00:00,2025-08-22 14:00:00,2025-08-22 20:00:00,NORMAL,GROUP__7248__0012,CONTROL,1029.0,933.0,1038.0,1123.0,1132.0,947.0,723.0
CONTROL__7248__2025112117,7248,2025-11-21 17:00:00,2025-11-21 14:00:00,2025-11-21 20:00:00,NORMAL,GROUP__7248__0012,CONTROL,946.0,917.0,1031.0,1304.0,1220.0,1156.0,817.0
CONTROL__7248__2025120604,7248,2025-12-06 04:00:00,2025-12-06 01:00:00,2025-12-06 07:00:00,NORMAL,GROUP__7248__0013,CONTROL,188.0,162.0,145.0,220.0,574.0,766.0,724.0
CONTROL__7248__2025041204,7248,2025-04-12 04:00:00,2025-04-12 01:00:00,2025-04-12 07:00:00,NORMAL,GROUP__7248__0013,CONTROL,151.0,125.0,114.0,210.0,504.0,859.0,835.0
CONTROL__7274__2025010412,7274,2025-01-04 12:00:00,2025-01-04 09:00:00,2025-01-04 15:00:00,NORMAL,GROUP__7274__0011,CONTROL,52.0,83.0,61.0,68.0,54.0,53.0,44.0
CONTROL__7274__2025092712,7274,2025-09-27 12:00:00,2025-09-27 09:00:00,2025-09-27 15:00:00,NORMAL,GROUP__7274__0011,CONTROL,97.0,82.0,74.0,79.0,66.0,66.0,70.0
CONTROL__F3FWY003__2025120617,F3FWY003,2025-12-06 17:00:00,2025-12-06 14:00:00,2025-12-06 20:00:00,NORMAL,GROUP__F3FWY003__0017,CONTROL,2915.0,3133.0,3233.0,2722.0,1851.0,1216.0,1054.0
CONTROL__F3FWY003__2025060717,F3FWY003,2025-06-07 17:00:00,2025-06-07 14:00:00,2025-06-07 20:00:00,NORMAL,GROUP__F3FWY003__0017,CONTROL,0.0,0.0,0.0,0.0,0.0,0.0,0.0
CONTROL__7126__2025090621,7126,2025-09-06 21:00:00,2025-09-06 18:00:00,2025-09-07 00:00:00,NORMAL,GROUP__7126__0006,CONTROL,32.0,33.0,30.0,20.0,18.0,17.0,6.0
CONTROL__7126__2025011821,7126,2025-01-18 21:00:00,2025-01-18 18:00:00,2025-01-19 00:00:00,NORMAL,GROUP__7126__0006,CONTROL,36.0,27.0,19.0,26.0,17.0,13.0,12.0
CONTROL__53003__2025010423,53003,2025-01-04 23:00:00,2025-01-04 20:00:00,2025-01-05 02:00:00,NORMAL,GROUP__53003__0005,CONTROL,36.0,30.0,26.0,28.0,294.0,178.0,135.0
CONTROL__53003__2025020123,53003,2025-02-01 23:00:00,2025-02-01 20:00:00,2025-02-02 02:00:00,NORMAL,GROUP__53003__0005,CONTROL,0.0,0.0,0.0,0.0,0.0,0.0,0.0
CONTROL__7251__2025081003,7251,2025-08-10 03:00:00,2025-08-10 00:00:00,2025-08-10 06:00:00,NORMAL,GROUP__7251__0010,CONTROL,15.0,12.0,11.0,9.0,9.0,10.0,16.0
CONTROL__7251__2025083103,7251,2025-08-31 03:00:00,2025-08-31 00:00:00,2025-08-31 06:00:00,NORMAL,GROUP__7251__0010,CONTROL,628.0,425.0,355.0,274.0,213.0,117.0,143.0
CONTROL__7112__2025040621,7112,2025-04-06 21:00:00,2025-04-06 18:00:00,2025-04-07 00:00:00,NORMAL,GROUP__7112__0016,CONTROL,1041.0,802.0,673.0,607.0,383.0,245.0,142.0
CONTROL__7112__2025081721,7112,2025-08-17 21:00:00,2025-08-17 18:00:00,2025-08-18 00:00:00,NORMAL,GROUP__7112__0016,CONTROL,940.0,679.0,634.0,535.0,421.0,215.0,25.0
CONTROL__7163__2025090103,7163,2025-09-01 03:00:00,2025-09-01 00:00:00,2025-09-01 06:00:00,NORMAL,GROUP__7163__0009,CONTROL,11.0,7.0,2.0,6.0,11.0,44.0,111.0
CONTROL__7163__2025051903,7163,2025-05-19 03:00:00,2025-05-19 00:00:00,2025-05-19 06:00:00,NORMAL,GROUP__7163__0009,CONTROL,12.0,2.0,6.0,5.0,24.0,48.0,106.0
CONTROL__68025__2025081818,68025,2025-08-18 18:00:00,2025-08-18 15:00:00,2025-08-18 21:00:00,NORMAL,GROUP__68025__0012,CONTROL,58.0,50.0,44.0,21.0,17.0,18.0,6.0
CONTROL__68025__2025052618,68025,2025-05-26 18:00:00,2025-05-26 15:00:00,2025-05-26 21:00:00,NORMAL,GROUP__68025__0012,CONTROL,934.0,1014.0,1037.0,862.0,642.0,483.0,416.0
CONTROL__50240__2025101319,50240,2025-10-13 19:00:00,2025-10-13 16:00:00,2025-10-13 22:00:00,NORMAL,GROUP__50240__0015,CONTROL,0.0,162.0,144.0,140.0,0.0,72.0,53.0
CONTROL__50240__2025092919,50240,2025-09-29 19:00:00,2025-09-29 16:00:00,2025-09-29 22:00:00,NORMAL,GROUP__50240__0015,CONTROL,2029.0,2237.0,1987.0,1438.0,1216.0,0.0,838.0
CONTROL__53004__2025010620,53004,2025-01-06 20:00:00,2025-01-06 17:00:00,2025-01-06 23:00:00,NORMAL,GROUP__53004__0010,CONTROL,53.0,40.0,35.0,29.0,27.0,16.0,11.0
CONTROL__53004__2025033120,53004,2025-03-31 20:00:00,2025-03-31 17:00:00,2025-03-31 23:00:00,NORMAL,GROUP__53004__0010,CONTROL,1675.0,1510.0,1111.0,755.0,658.0,382.0,201.0
CONTROL__7161__2025111202,7161,2025-11-12 02:00:00,2025-11-11 23:00:00,2025-11-12 05:00:00,NORMAL,GROUP__7161__0008,CONTROL,229.0,9.0,17.0,20.0,18.0,36.0,97.0
CONTROL__68025__2025091002,68025,2025-09-10 02:00:00,2025-09-09 23:00:00,2025-09-10 05:00:00,NORMAL,GROUP__68025__0013,CONTROL,167.0,94.0,62.0,45.0,63.0,153.0,478.0
CONTROL__68025__2025011502,68025,2025-01-15 02:00:00,2025-01-14 23:00:00,2025-01-15 05:00:00,NORMAL,GROUP__68025__0013,CONTROL,0.0,0.0,0.0,0.0,0.0,0.0,0.0
CONTROL__7132__2025092406,7132,2025-09-24 06:00:00,2025-09-24 03:00:00,2025-09-24 09:00:00,NORMAL,GROUP__7132__0012,CONTROL,16.0,38.0,86.0,187.0,117.0,105.0,132.0
CONTROL__7132__2025070906,7132,2025-07-09 06:00:00,2025-07-09 03:00:00,2025-07-09 09:00:00,NORMAL,GROUP__7132__0012,CONTROL,140.0,362.0,1018.0,2014.0,1986.0,1828.0,1352.0
CONTROL__T0085__2025082806,T0085,2025-08-28 06:00:00,2025-08-28 03:00:00,2025-08-28 09:00:00,NORMAL,GROUP__T0085__0004,CONTROL,1.0,4.0,19.0,83.0,140.0,152.0,113.0
CONTROL__T0085__2025050106,T0085,2025-05-01 06:00:00,2025-05-01 03:00:00,2025-05-01 09:00:00,NORMAL,GROUP__T0085__0004,CONTROL,0.0,1.0,1.0,12.0,5.0,8.0,4.0
CONTROL__7132__2025092510,7132,2025-09-25 10:00:00,2025-09-25 07:00:00,2025-09-25 13:00:00,NORMAL,GROUP__7132__0013,CONTROL,2006.0,1722.0,1356.0,1042.0,1051.0,955.0,939.0
CONTROL__7132__2025050810,7132,2025-05-08 10:00:00,2025-05-08 07:00:00,2025-05-08 13:00:00,NORMAL,GROUP__7132__0013,CONTROL,2164.0,1937.0,1459.0,1107.0,1009.0,970.0,896.0
CONTROL__23067__2025022022,23067,2025-02-20 22:00:00,2025-02-20 19:00:00,2025-02-21 01:00:00,NORMAL,GROUP__23067__0009,CONTROL,0.0,0.0,0.0,0.0,0.0,0.0,0.0
CONTROL__23067__2025022722,23067,2025-02-27 22:00:00,2025-02-27 19:00:00,2025-02-28 01:00:00,NORMAL,GROUP__23067__0009,CONTROL,0.0,0.0,0.0,0.0,0.0,0.0,0.0
CONTROL__T0342__2025070323,T0342,2025-07-03 23:00:00,2025-07-03 20:00:00,2025-07-04 02:00:00,NORMAL,GROUP__T0342__0001,CONTROL,2.0,0.0,2.0,0.0,0.0,0.0,0.0
CONTROL__T0342__2025112723,T0342,2025-11-27 23:00:00,2025-11-27 20:00:00,2025-11-28 02:00:00,NORMAL,GROUP__T0342__0001,CONTROL,78.0,52.0,31.0,15.0,0.0,0.0,1.0
CONTROL__7179__2025091823,7179,2025-09-18 23:00:00,2025-09-18 20:00:00,2025-09-19 02:00:00,NORMAL,GROUP__7179__0020,CONTROL,140.0,122.0,71.0,57.0,58.0,49.0,50.0
CONTROL__7179__2025120423,7179,2025-12-04 23:00:00,2025-12-04 20:00:00,2025-12-05 02:00:00,NORMAL,GROUP__7179__0020,CONTROL,1512.0,1409.0,1151.0,828.0,466.0,251.0,217.0
CONTROL__53003__2025051600,53003,2025-05-16 00:00:00,2025-05-15 21:00:00,2025-05-16 03:00:00,NORMAL,GROUP__53003__0006,CONTROL,597.0,321.0,180.0,117.0,61.0,56.0,103.0
CONTROL__53003__2025060600,53003,2025-06-06 00:00:00,2025-06-05 21:00:00,2025-06-06 03:00:00,NORMAL,GROUP__53003__0006,CONTROL,61.0,48.0,41.0,179.0,86.0,92.0,87.0
CONTROL__F3FWY003__2025030704,F3FWY003,2025-03-07 04:00:00,2025-03-07 01:00:00,2025-03-07 07:00:00,NORMAL,GROUP__F3FWY003__0018,CONTROL,0.0,0.0,0.0,0.0,0.0,0.0,0.0
CONTROL__F3FWY003__2025071804,F3FWY003,2025-07-18 04:00:00,2025-07-18 01:00:00,2025-07-18 07:00:00,NORMAL,GROUP__F3FWY003__0018,CONTROL,0.0,0.0,0.0,0.0,0.0,0.0,0.0
CONTROL__10011__2025012407,10011,2025-01-24 07:00:00,2025-01-24 04:00:00,2025-01-24 10:00:00,NORMAL,GROUP__10011__0011,CONTROL,86.0,420.0,1121.0,1087.0,1167.0,1153.0,1153.0
CONTROL__10011__2025010307,10011,2025-01-03 07:00:00,2025-01-03 04:00:00,2025-01-03 10:00:00,NORMAL,GROUP__10011__0011,CONTROL,122.0,251.0,528.0,919.0,1270.0,1667.0,1886.0
CONTROL__7139__2025021407,7139,2025-02-14 07:00:00,2025-02-14 04:00:00,2025-02-14 10:00:00,NORMAL,GROUP__7139__0011,CONTROL,0.0,0.0,0.0,0.0,0.0,0.0,0.0
CONTROL__7139__2025072507,7139,2025-07-25 07:00:00,2025-07-25 04:00:00,2025-07-25 10:00:00,NORMAL,GROUP__7139__0011,CONTROL,21.0,70.0,174.0,211.0,292.0,267.0,336.0
CONTROL__7120__2025062100,7120,2025-06-21 00:00:00,2025-06-20 21:00:00,2025-06-21 03:00:00,NORMAL,GROUP__7120__0020,CONTROL,605.0,563.0,471.0,7.0,8.0,14.0,12.0
CONTROL__7120__2025051700,7120,2025-05-17 00:00:00,2025-05-16 21:00:00,2025-05-17 03:00:00,NORMAL,GROUP__7120__0020,CONTROL,24.0,20.0,22.0,9.0,12.0,14.0,11.0
CONTROL__7121__2025092000,7121,2025-09-20 00:00:00,2025-09-19 21:00:00,2025-09-20 03:00:00,NORMAL,GROUP__7121__0020,CONTROL,16.0,11.0,12.0,208.0,184.0,133.0,122.0
CONTROL__7121__2025110100,7121,2025-11-01 00:00:00,2025-10-31 21:00:00,2025-11-01 03:00:00,NORMAL,GROUP__7121__0020,CONTROL,0.0,0.0,0.0,0.0,0.0,0.0,0.0
CONTROL__F3FWY001__2025100405,F3FWY001,2025-10-04 05:00:00,2025-10-04 02:00:00,2025-10-04 08:00:00,NORMAL,GROUP__F3FWY001__0003,CONTROL,80.0,99.0,113.0,185.0,264.0,246.0,317.0
CONTROL__F3FWY001__2025051705,F3FWY001,2025-05-17 05:00:00,2025-05-17 02:00:00,2025-05-17 08:00:00,NORMAL,GROUP__F3FWY001__0003,CONTROL,110.0,141.0,313.0,631.0,1136.0,1682.0,2252.0
CONTROL__7119-PR__2025032308,7119-PR,2025-03-23 08:00:00,2025-03-23 05:00:00,2025-03-23 11:00:00,NORMAL,GROUP__7119-PR__0004,CONTROL,101.0,192.0,278.0,415.0,673.0,859.0,904.0
CONTROL__7119-PR__2025012608,7119-PR,2025-01-26 08:00:00,2025-01-26 05:00:00,2025-01-26 11:00:00,NORMAL,GROUP__7119-PR__0004,CONTROL,2.0,2.0,5.0,11.0,16.0,0.0,0.0
CONTROL__7112__2025041309,7112,2025-04-13 09:00:00,2025-04-13 06:00:00,2025-04-13 12:00:00,NORMAL,GROUP__7112__0017,CONTROL,47.0,40.0,61.0,74.0,69.0,69.0,61.0
CONTROL__7112__2025010509,7112,2025-01-05 09:00:00,2025-01-05 06:00:00,2025-01-05 12:00:00,NORMAL,GROUP__7112__0017,CONTROL,381.0,404.0,585.0,808.0,984.0,1113.0,1070.0
CONTROL__53004__2025083113,53004,2025-08-31 13:00:00,2025-08-31 10:00:00,2025-08-31 16:00:00,NORMAL,GROUP__53004__0011,CONTROL,37.0,31.0,37.0,38.0,37.0,42.0,55.0
CONTROL__53004__2025071313,53004,2025-07-13 13:00:00,2025-07-13 10:00:00,2025-07-13 16:00:00,NORMAL,GROUP__53004__0011,CONTROL,1200.0,1406.0,1261.0,1154.0,1146.0,1133.0,1061.0
CONTROL__10011__2025091416,10011,2025-09-14 16:00:00,2025-09-14 13:00:00,2025-09-14 19:00:00,NORMAL,GROUP__10011__0012,CONTROL,0.0,0.0,0.0,0.0,0.0,0.0,0.0
CONTROL__10011__2025081016,10011,2025-08-10 16:00:00,2025-08-10 13:00:00,2025-08-10 19:00:00,NORMAL,GROUP__10011__0012,CONTROL,0.0,0.0,0.0,0.0,0.0,0.0,0.0
CONTROL__7139__2025010516,7139,2025-01-05 16:00:00,2025-01-05 13:00:00,2025-01-05 19:00:00,NORMAL,GROUP__7139__0012,CONTROL,90.0,97.0,99.0,110.0,99.0,77.0,41.0
CONTROL__7139__2025012616,7139,2025-01-26 16:00:00,2025-01-26 13:00:00,2025-01-26 19:00:00,NORMAL,GROUP__7139__0012,CONTROL,67.0,60.0,54.0,59.0,54.0,50.0,40.0
CONTROL__T0231__2025052519,T0231,2025-05-25 19:00:00,2025-05-25 16:00:00,2025-05-25 22:00:00,NORMAL,GROUP__T0231__0003,CONTROL,1141.0,1116.0,903.0,661.0,552.0,422.0,263.0
CONTROL__T0231__2025050419,T0231,2025-05-04 19:00:00,2025-05-04 16:00:00,2025-05-04 22:00:00,NORMAL,GROUP__T0231__0003,CONTROL,43.0,34.0,28.0,32.0,27.0,18.0,15.0
CONTROL__55049__2025120720,55049,2025-12-07 20:00:00,2025-12-07 17:00:00,2025-12-07 23:00:00,NORMAL,GROUP__55049__0005,CONTROL,816.0,582.0,485.0,389.0,177.0,59.0,13.0
CONTROL__55049__2025032320,55049,2025-03-23 20:00:00,2025-03-23 17:00:00,2025-03-23 23:00:00,NORMAL,GROUP__55049__0005,CONTROL,52.0,35.0,30.0,21.0,17.0,17.0,12.0
CONTROL__7179__2025100605,7179,2025-10-06 05:00:00,2025-10-06 02:00:00,2025-10-06 08:00:00,NORMAL,GROUP__7179__0021,CONTROL,140.0,117.0,115.0,100.0,188.0,200.0,245.0
CONTROL__7179__2025040705,7179,2025-04-07 05:00:00,2025-04-07 02:00:00,2025-04-07 08:00:00,NORMAL,GROUP__7179__0021,CONTROL,143.0,191.0,376.0,924.0,1319.0,1689.0,1660.0
CONTROL__51235__2025101308,51235,2025-10-13 08:00:00,2025-10-13 05:00:00,2025-10-13 11:00:00,NORMAL,GROUP__51235__0015,CONTROL,1102.0,2149.0,2148.0,2038.0,1679.0,1514.0,1463.0
CONTROL__51235__2025062308,51235,2025-06-23 08:00:00,2025-06-23 05:00:00,2025-06-23 11:00:00,NORMAL,GROUP__51235__0015,CONTROL,70.0,119.0,149.0,143.0,194.0,196.0,240.0
CONTROL__7132__2025060922,7132,2025-06-09 22:00:00,2025-06-09 19:00:00,2025-06-10 01:00:00,NORMAL,GROUP__7132__0014,CONTROL,9.0,20.0,9.0,9.0,3.0,90.0,60.0
CONTROL__7132__2025092922,7132,2025-09-29 22:00:00,2025-09-29 19:00:00,2025-09-30 01:00:00,NORMAL,GROUP__7132__0014,CONTROL,26.0,23.0,16.0,13.0,10.0,9.0,1.0
CONTROL__34016__2025111105,34016,2025-11-11 05:00:00,2025-11-11 02:00:00,2025-11-11 08:00:00,NORMAL,GROUP__34016__0006,CONTROL,16.0,39.0,180.0,455.0,575.0,855.0,750.0
CONTROL__34016__2025052705,34016,2025-05-27 05:00:00,2025-05-27 02:00:00,2025-05-27 08:00:00,NORMAL,GROUP__34016__0006,CONTROL,33.0,51.0,153.0,568.0,1464.0,1406.0,1578.0
CONTROL__68025__2025082605,68025,2025-08-26 05:00:00,2025-08-26 02:00:00,2025-08-26 08:00:00,NORMAL,GROUP__68025__0014,CONTROL,49.0,62.0,144.0,481.0,1020.0,1349.0,1455.0
CONTROL__68025__2025102105,68025,2025-10-21 05:00:00,2025-10-21 02:00:00,2025-10-21 08:00:00,NORMAL,GROUP__68025__0014,CONTROL,9.0,9.0,19.0,66.0,140.0,131.0,119.0
CONTROL__50240__2025112506,50240,2025-11-25 06:00:00,2025-11-25 03:00:00,2025-11-25 09:00:00,NORMAL,GROUP__50240__0016,CONTROL,263.0,727.0,2121.0,2571.0,2053.0,2176.0,0.0
CONTROL__50240__2025110406,50240,2025-11-04 06:00:00,2025-11-04 03:00:00,2025-11-04 09:00:00,NORMAL,GROUP__50240__0016,CONTROL,234.0,704.0,2102.0,2722.0,2673.0,2486.0,2121.0
CONTROL__F3FWY006__2025120303,F3FWY006,2025-12-03 03:00:00,2025-12-03 00:00:00,2025-12-03 06:00:00,NORMAL,GROUP__F3FWY006__0003,CONTROL,0.0,0.0,0.0,0.0,0.0,0.0,0.0
CONTROL__F3FWY006__2025031203,F3FWY006,2025-03-12 03:00:00,2025-03-12 00:00:00,2025-03-12 06:00:00,NORMAL,GROUP__F3FWY006__0003,CONTROL,0.0,0.0,0.0,0.0,0.0,0.0,0.0
CONTROL__7248__2025121018,7248,2025-12-10 18:00:00,2025-12-10 15:00:00,2025-12-10 21:00:00,NORMAL,GROUP__7248__0014,CONTROL,0.0,0.0,0.0,0.0,0.0,0.0,0.0
CONTROL__7248__2025012918,7248,2025-01-29 18:00:00,2025-01-29 15:00:00,2025-01-29 21:00:00,NORMAL,GROUP__7248__0014,CONTROL,168.0,148.0,118.0,107.0,86.0,78.0,89.0
CONTROL__33014__2025061121,33014,2025-06-11 21:00:00,2025-06-11 18:00:00,2025-06-12 00:00:00,NORMAL,GROUP__33014__0012,CONTROL,1468.0,1069.0,911.0,895.0,809.0,0.0,16.0
CONTROL__33014__2025021221,33014,2025-02-12 21:00:00,2025-02-12 18:00:00,2025-02-13 00:00:00,NORMAL,GROUP__33014__0012,CONTROL,0.0,0.0,0.0,0.0,0.0,0.0,0.0
CONTROL__7179__2025111303,7179,2025-11-13 03:00:00,2025-11-13 00:00:00,2025-11-13 06:00:00,NORMAL,GROUP__7179__0022,CONTROL,59.0,48.0,52.0,79.0,114.0,240.0,303.0
CONTROL__7179__2025082103,7179,2025-08-21 03:00:00,2025-08-21 00:00:00,2025-08-21 06:00:00,NORMAL,GROUP__7179__0022,CONTROL,49.0,33.0,54.0,56.0,88.0,183.0,297.0
CONTROL__10011__2025061208,10011,2025-06-12 08:00:00,2025-06-12 05:00:00,2025-06-12 11:00:00,NORMAL,GROUP__10011__0013,CONTROL,0.0,0.0,0.0,0.0,0.0,0.0,0.0
CONTROL__10011__2025021308,10011,2025-02-13 08:00:00,2025-02-13 05:00:00,2025-02-13 11:00:00,NORMAL,GROUP__10011__0013,CONTROL,0.0,0.0,0.0,0.0,0.0,0.0,0.0
CONTROL__7139__2025120408,7139,2025-12-04 08:00:00,2025-12-04 05:00:00,2025-12-04 11:00:00,NORMAL,GROUP__7139__0013,CONTROL,102.0,201.0,235.0,291.0,317.0,361.0,374.0
CONTROL__7139__2025013008,7139,2025-01-30 08:00:00,2025-01-30 05:00:00,2025-01-30 11:00:00,NORMAL,GROUP__7139__0013,CONTROL,0.0,0.0,0.0,0.0,0.0,0.0,0.0
CONTROL__68025__2025041719,68025,2025-04-17 19:00:00,2025-04-17 16:00:00,2025-04-17 22:00:00,NORMAL,GROUP__68025__0015,CONTROL,1519.0,1482.0,1269.0,1011.0,1029.0,1047.0,685.0
CONTROL__68025__2025070319,68025,2025-07-03 19:00:00,2025-07-03 16:00:00,2025-07-03 22:00:00,NORMAL,GROUP__68025__0015,CONTROL,1438.0,1469.0,1200.0,959.0,927.0,895.0,471.0
CONTROL__74230__2025091121,74230,2025-09-11 21:00:00,2025-09-11 18:00:00,2025-09-12 00:00:00,NORMAL,GROUP__74230__0003,CONTROL,9.0,4.0,0.0,0.0,2.0,6.0,0.0
CONTROL__74230__2025082821,74230,2025-08-28 21:00:00,2025-08-28 18:00:00,2025-08-29 00:00:00,NORMAL,GROUP__74230__0003,CONTROL,88.0,58.0,42.0,24.0,13.0,20.0,133.0
CONTROL__50240__2025021403,50240,2025-02-14 03:00:00,2025-02-14 00:00:00,2025-02-14 06:00:00,NORMAL,GROUP__50240__0017,CONTROL,0.0,0.0,0.0,0.0,0.0,0.0,0.0
CONTROL__50240__2025072503,50240,2025-07-25 03:00:00,2025-07-25 00:00:00,2025-07-25 06:00:00,NORMAL,GROUP__50240__0017,CONTROL,58.0,50.0,56.0,78.0,153.0,343.0,512.0
CONTROL__7163__2025062004,7163,2025-06-20 04:00:00,2025-06-20 01:00:00,2025-06-20 07:00:00,NORMAL,GROUP__7163__0010,CONTROL,90.0,63.0,82.0,105.0,281.0,551.0,617.0
CONTROL__7163__2025082904,7163,2025-08-29 04:00:00,2025-08-29 01:00:00,2025-08-29 07:00:00,NORMAL,GROUP__7163__0010,CONTROL,81.0,92.0,91.0,119.0,319.0,644.0,593.0
CONTROL__22001__2025082208,22001,2025-08-22 08:00:00,2025-08-22 05:00:00,2025-08-22 11:00:00,NORMAL,GROUP__22001__0006,CONTROL,0.0,0.0,0.0,0.0,0.0,0.0,0.0
CONTROL__22001__2025012408,22001,2025-01-24 08:00:00,2025-01-24 05:00:00,2025-01-24 11:00:00,NORMAL,GROUP__22001__0006,CONTROL,1111.0,1286.0,1233.0,1156.0,1181.0,1122.0,1264.0
CONTROL__7274__2025062721,7274,2025-06-27 21:00:00,2025-06-27 18:00:00,2025-06-28 00:00:00,NORMAL,GROUP__7274__0012,CONTROL,901.0,725.0,576.0,509.0,428.0,295.0,157.0
CONTROL__7274__2025122621,7274,2025-12-26 21:00:00,2025-12-26 18:00:00,2025-12-27 00:00:00,NORMAL,GROUP__7274__0012,CONTROL,0.0,0.0,0.0,0.0,0.0,0.0,119.0
CONTROL__7270__2025102500,7270,2025-10-25 00:00:00,2025-10-24 21:00:00,2025-10-25 03:00:00,NORMAL,GROUP__7270__0003,CONTROL,1000.0,745.0,518.0,327.0,180.0,135.0,108.0
CONTROL__7270__2025060700,7270,2025-06-07 00:00:00,2025-06-06 21:00:00,2025-06-07 03:00:00,NORMAL,GROUP__7270__0003,CONTROL,900.0,747.0,495.0,269.0,150.0,112.0,110.0
CONTROL__10011__2025021501,10011,2025-02-15 01:00:00,2025-02-14 22:00:00,2025-02-15 04:00:00,NORMAL,GROUP__10011__0014,CONTROL,0.0,0.0,0.0,0.0,0.0,0.0,0.0
CONTROL__10011__2025111501,10011,2025-11-15 01:00:00,2025-11-14 22:00:00,2025-11-15 04:00:00,NORMAL,GROUP__10011__0014,CONTROL,0.0,0.0,0.0,0.0,0.0,0.0,0.0
CONTROL__7139__2025031501,7139,2025-03-15 01:00:00,2025-03-14 22:00:00,2025-03-15 04:00:00,NORMAL,GROUP__7139__0014,CONTROL,672.0,440.0,708.0,411.0,302.0,166.0,162.0
CONTROL__7139__2025072601,7139,2025-07-26 01:00:00,2025-07-25 22:00:00,2025-07-26 04:00:00,NORMAL,GROUP__7139__0014,CONTROL,42.0,30.0,549.0,323.0,219.0,164.0,182.0
CONTROL__F3FWY001__2025110119,F3FWY001,2025-11-01 19:00:00,2025-11-01 16:00:00,2025-11-01 22:00:00,NORMAL,GROUP__F3FWY001__0004,CONTROL,2489.0,2329.0,1816.0,1309.0,1111.0,1091.0,1022.0
CONTROL__F3FWY001__2025070519,F3FWY001,2025-07-05 19:00:00,2025-07-05 16:00:00,2025-07-05 22:00:00,NORMAL,GROUP__F3FWY001__0004,CONTROL,299.0,241.0,194.0,161.0,111.0,104.0,95.0
CONTROL__33014__2025051810,33014,2025-05-18 10:00:00,2025-05-18 07:00:00,2025-05-18 13:00:00,NORMAL,GROUP__33014__0013,CONTROL,477.0,795.0,1121.0,1309.0,1448.0,1515.0,1551.0
CONTROL__33014__2025070610,33014,2025-07-06 10:00:00,2025-07-06 07:00:00,2025-07-06 13:00:00,NORMAL,GROUP__33014__0013,CONTROL,0.0,0.0,0.0,0.0,0.0,0.0,0.0
CONTROL__F3FWY003__2025051821,F3FWY003,2025-05-18 21:00:00,2025-05-18 18:00:00,2025-05-19 00:00:00,NORMAL,GROUP__F3FWY003__0019,CONTROL,0.0,0.0,0.0,0.0,0.0,0.0,0.0
CONTROL__F3FWY003__2025122821,F3FWY003,2025-12-28 21:00:00,2025-12-28 18:00:00,2025-12-29 00:00:00,NORMAL,GROUP__F3FWY003__0019,CONTROL,2889.0,2149.0,1670.0,1294.0,872.0,469.0,76.0
CONTROL__29005__2025031708,29005,2025-03-17 08:00:00,2025-03-17 05:00:00,2025-03-17 11:00:00,NORMAL,GROUP__29005__0008,CONTROL,4.0,16.0,83.0,149.0,53.0,40.0,44.0
CONTROL__29005__2025122208,29005,2025-12-22 08:00:00,2025-12-22 05:00:00,2025-12-22 11:00:00,NORMAL,GROUP__29005__0008,CONTROL,670.0,1617.0,2370.0,2512.0,2470.0,1487.0,2367.0
CONTROL__T0288__2025071502,T0288,2025-07-15 02:00:00,2025-07-14 23:00:00,2025-07-15 05:00:00,NORMAL,GROUP__T0288__0003,CONTROL,0.0,0.0,0.0,0.0,0.0,0.0,0.0
CONTROL__T0288__2025041502,T0288,2025-04-15 02:00:00,2025-04-14 23:00:00,2025-04-15 05:00:00,NORMAL,GROUP__T0288__0003,CONTROL,0.0,0.0,2.0,0.0,4.0,0.0,0.0
CONTROL__T0289__2025052002,T0289,2025-05-20 02:00:00,2025-05-19 23:00:00,2025-05-20 05:00:00,NORMAL,GROUP__T0289__0003,CONTROL,93.0,86.0,83.0,80.0,73.0,173.0,267.0
CONTROL__T0289__2025040102,T0289,2025-04-01 02:00:00,2025-03-31 23:00:00,2025-04-01 05:00:00,NORMAL,GROUP__T0289__0003,CONTROL,0.0,1.0,0.0,0.0,2.0,1.0,0.0
CONTROL__T0290__2025011402,T0290,2025-01-14 02:00:00,2025-01-13 23:00:00,2025-01-14 05:00:00,NORMAL,GROUP__T0290__0003,CONTROL,0.0,0.0,0.0,0.0,0.0,0.0,0.0
CONTROL__T0290__2025031802,T0290,2025-03-18 02:00:00,2025-03-17 23:00:00,2025-03-18 05:00:00,NORMAL,GROUP__T0290__0003,CONTROL,0.0,0.0,0.0,0.0,0.0,0.0,0.0
CONTROL__T0479-PR__2025102102,T0479-PR,2025-10-21 02:00:00,2025-10-20 23:00:00,2025-10-21 05:00:00,NORMAL,GROUP__T0479-PR__0003,CONTROL,315.0,77.0,69.0,95.0,226.0,772.0,2039.0
CONTROL__T0479-PR__2025031802,T0479-PR,2025-03-18 02:00:00,2025-03-17 23:00:00,2025-03-18 05:00:00,NORMAL,GROUP__T0479-PR__0003,CONTROL,226.0,0.0,0.0,0.0,0.0,0.0,0.0
CONTROL__7179__2025112503,7179,2025-11-25 03:00:00,2025-11-25 00:00:00,2025-11-25 06:00:00,NORMAL,GROUP__7179__0023,CONTROL,276.0,198.0,160.0,229.0,419.0,944.0,1185.0
CONTROL__7179__2025022503,7179,2025-02-25 03:00:00,2025-02-25 00:00:00,2025-02-25 06:00:00,NORMAL,GROUP__7179__0023,CONTROL,0.0,0.0,0.0,0.0,0.0,0.0,0.0
CONTROL__7132__2025011406,7132,2025-01-14 06:00:00,2025-01-14 03:00:00,2025-01-14 09:00:00,NORMAL,GROUP__7132__0015,CONTROL,119.0,329.0,911.0,1750.0,1858.0,1814.0,1235.0
CONTROL__7132__2025070106,7132,2025-07-01 06:00:00,2025-07-01 03:00:00,2025-07-01 09:00:00,NORMAL,GROUP__7132__0015,CONTROL,10.0,28.0,81.0,160.0,110.0,91.0,78.0
CONTROL__7164__2025050606,7164,2025-05-06 06:00:00,2025-05-06 03:00:00,2025-05-06 09:00:00,NORMAL,GROUP__7164__0007,CONTROL,10.0,19.0,40.0,128.0,106.0,100.0,126.0
CONTROL__7164__2025112506,7164,2025-11-25 06:00:00,2025-11-25 03:00:00,2025-11-25 09:00:00,NORMAL,GROUP__7164__0007,CONTROL,13.0,27.0,52.0,121.0,130.0,126.0,116.0
CONTROL__23067__2025092306,23067,2025-09-23 06:00:00,2025-09-23 03:00:00,2025-09-23 09:00:00,NORMAL,GROUP__23067__0010,CONTROL,277.0,450.0,810.0,1137.0,1374.0,1559.0,1371.0
CONTROL__23067__2025012806,23067,2025-01-28 06:00:00,2025-01-28 03:00:00,2025-01-28 09:00:00,NORMAL,GROUP__23067__0010,CONTROL,373.0,569.0,848.0,1271.0,1455.0,1596.0,1486.0
CONTROL__53004__2025072208,53004,2025-07-22 08:00:00,2025-07-22 05:00:00,2025-07-22 11:00:00,NORMAL,GROUP__53004__0012,CONTROL,83.0,236.0,167.0,119.0,124.0,128.0,138.0
CONTROL__53004__2025080508,53004,2025-08-05 08:00:00,2025-08-05 05:00:00,2025-08-05 11:00:00,NORMAL,GROUP__53004__0012,CONTROL,264.0,757.0,1354.0,1090.0,1015.0,1009.0,1185.0
CONTROL__7251__2025042908,7251,2025-04-29 08:00:00,2025-04-29 05:00:00,2025-04-29 11:00:00,NORMAL,GROUP__7251__0011,CONTROL,212.0,447.0,869.0,824.0,611.0,659.0,708.0
CONTROL__7251__2025111808,7251,2025-11-18 08:00:00,2025-11-18 05:00:00,2025-11-18 11:00:00,NORMAL,GROUP__7251__0011,CONTROL,246.0,418.0,832.0,890.0,678.0,692.0,749.0
CONTROL__10011__2025120212,10011,2025-12-02 12:00:00,2025-12-02 09:00:00,2025-12-02 15:00:00,NORMAL,GROUP__10011__0015,CONTROL,0.0,0.0,0.0,0.0,0.0,0.0,0.0
CONTROL__10011__2025111112,10011,2025-11-11 12:00:00,2025-11-11 09:00:00,2025-11-11 15:00:00,NORMAL,GROUP__10011__0015,CONTROL,0.0,0.0,0.0,0.0,0.0,0.0,0.0
CONTROL__7139__2025062412,7139,2025-06-24 12:00:00,2025-06-24 09:00:00,2025-06-24 15:00:00,NORMAL,GROUP__7139__0015,CONTROL,0.0,0.0,0.0,0.0,0.0,0.0,0.0
CONTROL__7139__2025102812,7139,2025-10-28 12:00:00,2025-10-28 09:00:00,2025-10-28 15:00:00,NORMAL,GROUP__7139__0015,CONTROL,2703.0,2134.0,2113.0,2207.0,2202.0,2521.0,2731.0
CONTROL__7184__2025102122,7184,2025-10-21 22:00:00,2025-10-21 19:00:00,2025-10-22 01:00:00,NORMAL,GROUP__7184__0016,CONTROL,1288.0,952.0,708.0,516.0,281.0,23.0,31.0
CONTROL__7184__2025022522,7184,2025-02-25 22:00:00,2025-02-25 19:00:00,2025-02-26 01:00:00,NORMAL,GROUP__7184__0016,CONTROL,0.0,0.0,0.0,0.0,0.0,0.0,0.0
CONTROL__7274__2025102123,7274,2025-10-21 23:00:00,2025-10-21 20:00:00,2025-10-22 02:00:00,NORMAL,GROUP__7274__0013,CONTROL,49.0,49.0,34.0,34.0,90.0,71.0,73.0
CONTROL__7274__2025112523,7274,2025-11-25 23:00:00,2025-11-25 20:00:00,2025-11-26 02:00:00,NORMAL,GROUP__7274__0013,CONTROL,64.0,37.0,41.0,36.0,131.0,82.0,63.0
CONTROL__7161__2025021903,7161,2025-02-19 03:00:00,2025-02-19 00:00:00,2025-02-19 06:00:00,NORMAL,GROUP__7161__0009,CONTROL,0.0,0.0,0.0,0.0,0.0,0.0,0.0
CONTROL__7161__2025070203,7161,2025-07-02 03:00:00,2025-07-02 00:00:00,2025-07-02 06:00:00,NORMAL,GROUP__7161__0009,CONTROL,0.0,0.0,0.0,0.0,0.0,0.0,0.0
CONTROL__7164__2025071611,7164,2025-07-16 11:00:00,2025-07-16 08:00:00,2025-07-16 14:00:00,NORMAL,GROUP__7164__0008,CONTROL,113.0,84.0,70.0,89.0,69.0,82.0,63.0
CONTROL__7164__2025052811,7164,2025-05-28 11:00:00,2025-05-28 08:00:00,2025-05-28 14:00:00,NORMAL,GROUP__7164__0008,CONTROL,1061.0,889.0,563.0,697.0,631.0,578.0,645.0
CONTROL__23067__2025070212,23067,2025-07-02 12:00:00,2025-07-02 09:00:00,2025-07-02 15:00:00,NORMAL,GROUP__23067__0011,CONTROL,98.0,112.0,88.0,91.0,83.0,80.0,92.0
CONTROL__23067__2025112612,23067,2025-11-26 12:00:00,2025-11-26 09:00:00,2025-11-26 15:00:00,NORMAL,GROUP__23067__0011,CONTROL,1496.0,0.0,1627.0,1735.0,1996.0,2197.0,2312.0
CONTROL__50240__2025091016,50240,2025-09-10 16:00:00,2025-09-10 13:00:00,2025-09-10 19:00:00,NORMAL,GROUP__50240__0018,CONTROL,1889.0,2025.0,2107.0,1903.0,1832.0,1813.0,1198.0
CONTROL__50240__2025052116,50240,2025-05-21 16:00:00,2025-05-21 13:00:00,2025-05-21 19:00:00,NORMAL,GROUP__50240__0018,CONTROL,1976.0,2208.0,2136.0,2081.0,1628.0,1893.0,1482.0
CONTROL__7179__2025120322,7179,2025-12-03 22:00:00,2025-12-03 19:00:00,2025-12-04 01:00:00,NORMAL,GROUP__7179__0024,CONTROL,244.0,146.0,142.0,102.0,90.0,392.0,211.0
CONTROL__7179__2025080622,7179,2025-08-06 22:00:00,2025-08-06 19:00:00,2025-08-07 01:00:00,NORMAL,GROUP__7179__0024,CONTROL,1350.0,1142.0,1037.0,832.0,567.0,323.0,193.0
CONTROL__7251__2025090404,7251,2025-09-04 04:00:00,2025-09-04 01:00:00,2025-09-04 07:00:00,NORMAL,GROUP__7251__0012,CONTROL,16.0,23.0,23.0,31.0,50.0,78.0,137.0
CONTROL__7251__2025012304,7251,2025-01-23 04:00:00,2025-01-23 01:00:00,2025-01-23 07:00:00,NORMAL,GROUP__7251__0012,CONTROL,0.0,0.0,0.0,0.0,0.0,0.0,0.0
CONTROL__51235__2025010205,51235,2025-01-02 05:00:00,2025-01-02 02:00:00,2025-01-02 08:00:00,NORMAL,GROUP__51235__0016,CONTROL,0.0,0.0,1.0,4.0,12.0,8.0,11.0
CONTROL__51235__2025111305,51235,2025-11-13 05:00:00,2025-11-13 02:00:00,2025-11-13 08:00:00,NORMAL,GROUP__51235__0016,CONTROL,87.0,144.0,353.0,1205.0,2230.0,2177.0,2048.0
CONTROL__51235__2025121805,51235,2025-12-18 05:00:00,2025-12-18 02:00:00,2025-12-18 08:00:00,NORMAL,GROUP__51235__0016,CONTROL,90.0,145.0,321.0,1120.0,2090.0,2117.0,2061.0
CONTROL__51235__2025011605,51235,2025-01-16 05:00:00,2025-01-16 02:00:00,2025-01-16 08:00:00,NORMAL,GROUP__51235__0016,CONTROL,80.0,124.0,322.0,1027.0,2055.0,1889.0,1916.0
CONTROL__7161__2025052905,7161,2025-05-29 05:00:00,2025-05-29 02:00:00,2025-05-29 08:00:00,NORMAL,GROUP__7161__0010,CONTROL,46.0,72.0,166.0,542.0,925.0,1488.0,1205.0
CONTROL__7161__2025010905,7161,2025-01-09 05:00:00,2025-01-09 02:00:00,2025-01-09 08:00:00,NORMAL,GROUP__7161__0010,CONTROL,52.0,68.0,143.0,347.0,673.0,1004.0,999.0
CONTROL__29005__2025061909,29005,2025-06-19 09:00:00,2025-06-19 06:00:00,2025-06-19 12:00:00,NORMAL,GROUP__29005__0009,CONTROL,322.0,297.0,295.0,366.0,390.0,441.0,407.0
CONTROL__29005__2025021309,29005,2025-02-13 09:00:00,2025-02-13 06:00:00,2025-02-13 12:00:00,NORMAL,GROUP__29005__0009,CONTROL,0.0,0.0,0.0,0.0,0.0,0.0,0.0
CONTROL__68025__2025122522,68025,2025-12-25 22:00:00,2025-12-25 19:00:00,2025-12-26 01:00:00,NORMAL,GROUP__68025__0016,CONTROL,564.0,603.0,556.0,458.0,354.0,5.0,4.0
CONTROL__68025__2025110622,68025,2025-11-06 22:00:00,2025-11-06 19:00:00,2025-11-07 01:00:00,NORMAL,GROUP__68025__0016,CONTROL,711.0,611.0,529.0,384.0,241.0,104.0,79.0
CONTROL__7168__2025100922,7168,2025-10-09 22:00:00,2025-10-09 19:00:00,2025-10-10 01:00:00,NORMAL,GROUP__7168__0011,CONTROL,38.0,35.0,22.0,22.0,20.0,55.0,47.0
CONTROL__7168__2025090422,7168,2025-09-04 22:00:00,2025-09-04 19:00:00,2025-09-05 01:00:00,NORMAL,GROUP__7168__0011,CONTROL,47.0,31.0,17.0,32.0,18.0,57.0,43.0
CONTROL__7164__2025121902,7164,2025-12-19 02:00:00,2025-12-18 23:00:00,2025-12-19 05:00:00,NORMAL,GROUP__7164__0009,CONTROL,176.0,115.0,87.0,64.0,63.0,81.0,317.0
CONTROL__7164__2025112802,7164,2025-11-28 02:00:00,2025-11-27 23:00:00,2025-11-28 05:00:00,NORMAL,GROUP__7164__0009,CONTROL,203.0,15.0,14.0,9.0,11.0,26.0,57.0
CONTROL__7112__2025120505,7112,2025-12-05 05:00:00,2025-12-05 02:00:00,2025-12-05 08:00:00,NORMAL,GROUP__7112__0018,CONTROL,85.0,104.0,223.0,930.0,1621.0,1245.0,1131.0
CONTROL__7112__2025091205,7112,2025-09-12 05:00:00,2025-09-12 02:00:00,2025-09-12 08:00:00,NORMAL,GROUP__7112__0018,CONTROL,14.0,34.0,69.0,118.0,300.0,265.0,216.0
CONTROL__33014__2025032105,33014,2025-03-21 05:00:00,2025-03-21 02:00:00,2025-03-21 08:00:00,NORMAL,GROUP__33014__0014,CONTROL,78.0,177.0,619.0,1272.0,1890.0,1769.0,1404.0
CONTROL__33014__2025060605,33014,2025-06-06 05:00:00,2025-06-06 02:00:00,2025-06-06 08:00:00,NORMAL,GROUP__33014__0014,CONTROL,17.0,21.0,44.0,75.0,185.0,165.0,156.0
CONTROL__T0288__2025090506,T0288,2025-09-05 06:00:00,2025-09-05 03:00:00,2025-09-05 09:00:00,NORMAL,GROUP__T0288__0004,CONTROL,0.0,0.0,0.0,0.0,0.0,0.0,0.0
CONTROL__T0288__2025032806,T0288,2025-03-28 06:00:00,2025-03-28 03:00:00,2025-03-28 09:00:00,NORMAL,GROUP__T0288__0004,CONTROL,2.0,0.0,1.0,0.0,0.0,0.0,4.0
CONTROL__T0289__2025081506,T0289,2025-08-15 06:00:00,2025-08-15 03:00:00,2025-08-15 09:00:00,NORMAL,GROUP__T0289__0004,CONTROL,0.0,0.0,0.0,0.0,0.0,0.0,0.0
CONTROL__T0289__2025110706,T0289,2025-11-07 06:00:00,2025-11-07 03:00:00,2025-11-07 09:00:00,NORMAL,GROUP__T0289__0004,CONTROL,0.0,0.0,0.0,0.0,0.0,0.0,0.0
CONTROL__T0290__2025080106,T0290,2025-08-01 06:00:00,2025-08-01 03:00:00,2025-08-01 09:00:00,NORMAL,GROUP__T0290__0004,CONTROL,86.0,157.0,238.0,249.0,274.0,210.0,264.0
CONTROL__T0290__2025071106,T0290,2025-07-11 06:00:00,2025-07-11 03:00:00,2025-07-11 09:00:00,NORMAL,GROUP__T0290__0004,CONTROL,0.0,1.0,0.0,1.0,0.0,1.0,0.0
CONTROL__T0479-PR__2025103106,T0479-PR,2025-10-31 06:00:00,2025-10-31 03:00:00,2025-10-31 09:00:00,NORMAL,GROUP__T0479-PR__0004,CONTROL,249.0,731.0,1996.0,2474.0,2366.0,1795.0,1956.0
CONTROL__T0479-PR__2025022806,T0479-PR,2025-02-28 06:00:00,2025-02-28 03:00:00,2025-02-28 09:00:00,NORMAL,GROUP__T0479-PR__0004,CONTROL,0.0,0.0,0.0,0.0,0.0,0.0,0.0
CONTROL__22001__2025090506,22001,2025-09-05 06:00:00,2025-09-05 03:00:00,2025-09-05 09:00:00,NORMAL,GROUP__22001__0007,CONTROL,0.0,0.0,0.0,0.0,0.0,0.0,0.0
CONTROL__22001__2025061306,22001,2025-06-13 06:00:00,2025-06-13 03:00:00,2025-06-13 09:00:00,NORMAL,GROUP__22001__0007,CONTROL,0.0,0.0,0.0,0.0,0.0,0.0,0.0
CONTROL__68025__2025092007,68025,2025-09-20 07:00:00,2025-09-20 04:00:00,2025-09-20 10:00:00,NORMAL,GROUP__68025__0017,CONTROL,104.0,250.0,384.0,511.0,720.0,938.0,977.0
CONTROL__68025__2025071207,68025,2025-07-12 07:00:00,2025-07-12 04:00:00,2025-07-12 10:00:00,NORMAL,GROUP__68025__0017,CONTROL,5.0,17.0,33.0,36.0,37.0,47.0,59.0
CONTROL__7274__2025071922,7274,2025-07-19 22:00:00,2025-07-19 19:00:00,2025-07-20 01:00:00,NORMAL,GROUP__7274__0014,CONTROL,35.0,38.0,36.0,25.0,15.0,20.0,16.0
CONTROL__7274__2025021522,7274,2025-02-15 22:00:00,2025-02-15 19:00:00,2025-02-16 01:00:00,NORMAL,GROUP__7274__0014,CONTROL,0.0,0.0,0.0,0.0,0.0,0.0,0.0
CONTROL__7112__2025122820,7112,2025-12-28 20:00:00,2025-12-28 17:00:00,2025-12-28 23:00:00,NORMAL,GROUP__7112__0019,CONTROL,1184.0,946.0,753.0,678.0,673.0,497.0,338.0
CONTROL__7112__2025042720,7112,2025-04-27 20:00:00,2025-04-27 17:00:00,2025-04-27 23:00:00,NORMAL,GROUP__7112__0019,CONTROL,52.0,48.0,45.0,27.0,21.0,20.0,13.0
CONTROL__7179__2025122900,7179,2025-12-29 00:00:00,2025-12-28 21:00:00,2025-12-29 03:00:00,NORMAL,GROUP__7179__0025,CONTROL,82.0,69.0,40.0,489.0,311.0,185.0,208.0
CONTROL__7179__2025111700,7179,2025-11-17 00:00:00,2025-11-16 21:00:00,2025-11-17 03:00:00,NORMAL,GROUP__7179__0025,CONTROL,86.0,73.0,52.0,347.0,184.0,132.0,216.0
CONTROL__7179__2025061600,7179,2025-06-16 00:00:00,2025-06-15 21:00:00,2025-06-16 03:00:00,NORMAL,GROUP__7179__0025,CONTROL,901.0,734.0,421.0,34.0,31.0,43.0,47.0
CONTROL__7179__2025052600,7179,2025-05-26 00:00:00,2025-05-25 21:00:00,2025-05-26 03:00:00,NORMAL,GROUP__7179__0025,CONTROL,62.0,70.0,60.0,316.0,167.0,139.0,205.0
CONTROL__7179__2025120103,7179,2025-12-01 03:00:00,2025-12-01 00:00:00,2025-12-01 06:00:00,NORMAL,GROUP__7179__0025,CONTROL,33.0,44.0,53.0,55.0,97.0,211.0,294.0
CONTROL__7179__2025012003,7179,2025-01-20 03:00:00,2025-01-20 00:00:00,2025-01-20 06:00:00,NORMAL,GROUP__7179__0025,CONTROL,2.0,2.0,1.0,1.0,0.0,6.0,14.0
CONTROL__9849__2025040705,9849,2025-04-07 05:00:00,2025-04-07 02:00:00,2025-04-07 08:00:00,NORMAL,GROUP__9849__0005,CONTROL,0.0,0.0,0.0,0.0,0.0,0.0,0.0
CONTROL__9849__2025032405,9849,2025-03-24 05:00:00,2025-03-24 02:00:00,2025-03-24 08:00:00,NORMAL,GROUP__9849__0005,CONTROL,0.0,0.0,0.0,0.0,0.0,0.0,1.0
CONTROL__50260__2025111706,50260,2025-11-17 06:00:00,2025-11-17 03:00:00,2025-11-17 09:00:00,NORMAL,GROUP__50260__0003,CONTROL,36.0,46.0,187.0,435.0,316.0,256.0,317.0
CONTROL__50260__2025112406,50260,2025-11-24 06:00:00,2025-11-24 03:00:00,2025-11-24 09:00:00,NORMAL,GROUP__50260__0003,CONTROL,29.0,61.0,197.0,444.0,331.0,284.0,338.0
CONTROL__7132__2025051907,7132,2025-05-19 07:00:00,2025-05-19 04:00:00,2025-05-19 10:00:00,NORMAL,GROUP__7132__0016,CONTROL,377.0,969.0,1988.0,2241.0,2066.0,1355.0,1002.0
CONTROL__7132__2025122907,7132,2025-12-29 07:00:00,2025-12-29 04:00:00,2025-12-29 10:00:00,NORMAL,GROUP__7132__0016,CONTROL,266.0,443.0,634.0,680.0,737.0,863.0,1066.0
CONTROL__33014__2025060208,33014,2025-06-02 08:00:00,2025-06-02 05:00:00,2025-06-02 11:00:00,NORMAL,GROUP__33014__0015,CONTROL,101.0,189.0,168.0,139.0,179.0,185.0,196.0
CONTROL__33014__2025102008,33014,2025-10-20 08:00:00,2025-10-20 05:00:00,2025-10-20 11:00:00,NORMAL,GROUP__33014__0015,CONTROL,0.0,0.0,0.0,0.0,0.0,0.0,0.0
CONTROL__50240__2025092909,50240,2025-09-29 09:00:00,2025-09-29 06:00:00,2025-09-29 12:00:00,NORMAL,GROUP__50240__0019,CONTROL,2486.0,2450.0,2269.0,1977.0,1979.0,1960.0,1878.0
CONTROL__50240__2025060909,50240,2025-06-09 09:00:00,2025-06-09 06:00:00,2025-06-09 12:00:00,NORMAL,GROUP__50240__0019,CONTROL,26.0,30.0,44.0,28.0,36.0,35.0,43.0
CONTROL__F3FWY002__2025063021,F3FWY002,2025-06-30 21:00:00,2025-06-30 18:00:00,2025-07-01 00:00:00,NORMAL,GROUP__F3FWY002__0002,CONTROL,1321.0,815.0,515.0,362.0,258.0,142.0,82.0
CONTROL__F3FWY002__2025102021,F3FWY002,2025-10-20 21:00:00,2025-10-20 18:00:00,2025-10-21 00:00:00,NORMAL,GROUP__F3FWY002__0002,CONTROL,325.0,178.0,213.0,189.0,95.0,0.0,0.0
CONTROL__53004__2025081204,53004,2025-08-12 04:00:00,2025-08-12 01:00:00,2025-08-12 07:00:00,NORMAL,GROUP__53004__0013,CONTROL,15.0,16.0,16.0,28.0,54.0,83.0,89.0
CONTROL__53004__2025020404,53004,2025-02-04 04:00:00,2025-02-04 01:00:00,2025-02-04 07:00:00,NORMAL,GROUP__53004__0013,CONTROL,0.0,0.0,0.0,0.0,0.0,0.0,0.0
CONTROL__9658__2025071505,9658,2025-07-15 05:00:00,2025-07-15 02:00:00,2025-07-15 08:00:00,NORMAL,GROUP__9658__0011,CONTROL,28.0,34.0,51.0,103.0,135.0,125.0,139.0
CONTROL__9658__2025090205,9658,2025-09-02 05:00:00,2025-09-02 02:00:00,2025-09-02 08:00:00,NORMAL,GROUP__9658__0011,CONTROL,24.0,34.0,56.0,99.0,141.0,101.0,112.0
CONTROL__7112__2025042912,7112,2025-04-29 12:00:00,2025-04-29 09:00:00,2025-04-29 15:00:00,NORMAL,GROUP__7112__0020,CONTROL,971.0,881.0,949.0,994.0,1055.0,1126.0,1091.0
CONTROL__7112__2025042212,7112,2025-04-22 12:00:00,2025-04-22 09:00:00,2025-04-22 15:00:00,NORMAL,GROUP__7112__0020,CONTROL,230.0,220.0,215.0,176.0,185.0,169.0,152.0
CONTROL__10011__2025122322,10011,2025-12-23 22:00:00,2025-12-23 19:00:00,2025-12-24 01:00:00,NORMAL,GROUP__10011__0016,CONTROL,0.0,0.0,0.0,0.0,0.0,0.0,0.0
CONTROL__10011__2025011422,10011,2025-01-14 22:00:00,2025-01-14 19:00:00,2025-01-15 01:00:00,NORMAL,GROUP__10011__0016,CONTROL,984.0,732.0,633.0,461.0,256.0,1.0,2.0
CONTROL__7139__2025061722,7139,2025-06-17 22:00:00,2025-06-17 19:00:00,2025-06-18 01:00:00,NORMAL,GROUP__7139__0016,CONTROL,1342.0,1067.0,795.0,591.0,295.0,159.0,104.0
CONTROL__7139__2025093022,7139,2025-09-30 22:00:00,2025-09-30 19:00:00,2025-10-01 01:00:00,NORMAL,GROUP__7139__0016,CONTROL,74.0,53.0,39.0,36.0,19.0,11.0,5.0
CONTROL__53003__2025021123,53003,2025-02-11 23:00:00,2025-02-11 20:00:00,2025-02-12 02:00:00,NORMAL,GROUP__53003__0007,CONTROL,0.0,0.0,0.0,0.0,0.0,0.0,0.0
CONTROL__53003__2025042223,53003,2025-04-22 23:00:00,2025-04-22 20:00:00,2025-04-23 02:00:00,NORMAL,GROUP__53003__0007,CONTROL,40.0,61.0,37.0,0.0,97.0,73.0,55.0
CONTROL__T0288__2025120300,T0288,2025-12-03 00:00:00,2025-12-02 21:00:00,2025-12-03 03:00:00,NORMAL,GROUP__T0288__0005,CONTROL,0.0,0.0,0.0,0.0,0.0,0.0,0.0
CONTROL__T0288__2025082700,T0288,2025-08-27 00:00:00,2025-08-26 21:00:00,2025-08-27 03:00:00,NORMAL,GROUP__T0288__0005,CONTROL,0.0,0.0,0.0,0.0,0.0,0.0,0.0
CONTROL__T0289__2025092400,T0289,2025-09-24 00:00:00,2025-09-23 21:00:00,2025-09-24 03:00:00,NORMAL,GROUP__T0289__0005,CONTROL,0.0,0.0,0.0,0.0,0.0,0.0,0.0
CONTROL__T0289__2025012900,T0289,2025-01-29 00:00:00,2025-01-28 21:00:00,2025-01-29 03:00:00,NORMAL,GROUP__T0289__0005,CONTROL,0.0,0.0,0.0,0.0,0.0,0.0,0.0
CONTROL__T0290__2025030500,T0290,2025-03-05 00:00:00,2025-03-04 21:00:00,2025-03-05 03:00:00,NORMAL,GROUP__T0290__0005,CONTROL,0.0,0.0,0.0,83.0,77.0,72.0,94.0
CONTROL__T0290__2025123100,T0290,2025-12-31 00:00:00,2025-12-30 21:00:00,2025-12-31 03:00:00,NORMAL,GROUP__T0290__0005,CONTROL,0.0,0.0,0.0,0.0,0.0,0.0,0.0
CONTROL__T0479-PR__2025090300,T0479-PR,2025-09-03 00:00:00,2025-09-02 21:00:00,2025-09-03 03:00:00,NORMAL,GROUP__T0479-PR__0005,CONTROL,24.0,24.0,17.0,9.0,28.0,12.0,21.0
CONTROL__T0479-PR__2025032600,T0479-PR,2025-03-26 00:00:00,2025-03-25 21:00:00,2025-03-26 03:00:00,NORMAL,GROUP__T0479-PR__0005,CONTROL,35.0,35.0,24.0,61.0,11.0,10.0,19.0
CONTROL__74228__2025072306,74228,2025-07-23 06:00:00,2025-07-23 03:00:00,2025-07-23 09:00:00,NORMAL,GROUP__74228__0002,CONTROL,8.0,17.0,32.0,120.0,86.0,121.0,138.0
CONTROL__74228__2025102206,74228,2025-10-22 06:00:00,2025-10-22 03:00:00,2025-10-22 09:00:00,NORMAL,GROUP__74228__0002,CONTROL,11.0,19.0,38.0,88.0,111.0,132.0,161.0
CONTROL__F3FWY004__2025071607,F3FWY004,2025-07-16 07:00:00,2025-07-16 04:00:00,2025-07-16 10:00:00,NORMAL,GROUP__F3FWY004__0003,CONTROL,0.0,0.0,0.0,0.0,0.0,0.0,0.0
CONTROL__F3FWY004__2025111907,F3FWY004,2025-11-19 07:00:00,2025-11-19 04:00:00,2025-11-19 10:00:00,NORMAL,GROUP__F3FWY004__0003,CONTROL,0.0,0.0,0.0,0.0,0.0,0.0,0.0
CONTROL__7179__2025040209,7179,2025-04-02 09:00:00,2025-04-02 06:00:00,2025-04-02 12:00:00,NORMAL,GROUP__7179__0026,CONTROL,283.0,333.0,379.0,459.0,0.0,447.0,489.0
CONTROL__7179__2025123109,7179,2025-12-31 09:00:00,2025-12-31 06:00:00,2025-12-31 12:00:00,NORMAL,GROUP__7179__0026,CONTROL,463.0,549.0,623.0,736.0,932.0,1040.0,1111.0
CONTROL__9849__2025081320,9849,2025-08-13 20:00:00,2025-08-13 17:00:00,2025-08-13 23:00:00,NORMAL,GROUP__9849__0006,CONTROL,959.0,793.0,541.0,432.0,428.0,295.0,127.0
CONTROL__9849__2025030520,9849,2025-03-05 20:00:00,2025-03-05 17:00:00,2025-03-05 23:00:00,NORMAL,GROUP__9849__0006,CONTROL,20.0,14.0,3.0,2.0,2.0,1.0,1.0
CONTROL__7150__2025030523,7150,2025-03-05 23:00:00,2025-03-05 20:00:00,2025-03-06 02:00:00,NORMAL,GROUP__7150__0002,CONTROL,0.0,0.0,0.0,0.0,0.0,0.0,0.0
CONTROL__7150__2025052823,7150,2025-05-28 23:00:00,2025-05-28 20:00:00,2025-05-29 02:00:00,NORMAL,GROUP__7150__0002,CONTROL,29.0,15.0,19.0,8.0,110.0,52.0,29.0
CONTROL__9658__2025042323,9658,2025-04-23 23:00:00,2025-04-23 20:00:00,2025-04-24 02:00:00,NORMAL,GROUP__9658__0012,CONTROL,51.0,25.0,31.0,28.0,22.0,23.0,23.0
CONTROL__9658__2025011523,9658,2025-01-15 23:00:00,2025-01-15 20:00:00,2025-01-16 02:00:00,NORMAL,GROUP__9658__0012,CONTROL,0.0,0.0,0.0,0.0,0.0,0.0,0.0
CONTROL__51235__2025061201,51235,2025-06-12 01:00:00,2025-06-11 22:00:00,2025-06-12 04:00:00,NORMAL,GROUP__51235__0017,CONTROL,26.0,30.0,17.0,12.0,9.0,25.0,46.0
CONTROL__51235__2025091801,51235,2025-09-18 01:00:00,2025-09-17 22:00:00,2025-09-18 04:00:00,NORMAL,GROUP__51235__0017,CONTROL,571.0,297.0,16.0,14.0,17.0,29.0,45.0
CONTROL__50240__2025052907,50240,2025-05-29 07:00:00,2025-05-29 04:00:00,2025-05-29 10:00:00,NORMAL,GROUP__50240__0020,CONTROL,78.0,180.0,328.0,256.0,269.0,329.0,384.0
CONTROL__50240__2025091807,50240,2025-09-18 07:00:00,2025-09-18 04:00:00,2025-09-18 10:00:00,NORMAL,GROUP__50240__0020,CONTROL,151.0,355.0,539.0,418.0,364.0,440.0,359.0
CONTROL__9834-PR__2025010909,9834-PR,2025-01-09 09:00:00,2025-01-09 06:00:00,2025-01-09 12:00:00,NORMAL,GROUP__9834-PR__0001,CONTROL,0.0,0.0,0.0,0.0,0.0,0.0,0.0
CONTROL__9834-PR__2025102309,9834-PR,2025-10-23 09:00:00,2025-10-23 06:00:00,2025-10-23 12:00:00,NORMAL,GROUP__9834-PR__0001,CONTROL,51.0,76.0,65.0,55.0,61.0,84.0,75.0
CONTROL__7270__2025040400,7270,2025-04-04 00:00:00,2025-04-03 21:00:00,2025-04-04 03:00:00,NORMAL,GROUP__7270__0004,CONTROL,0.0,0.0,0.0,0.0,0.0,0.0,114.0
CONTROL__7270__2025032100,7270,2025-03-21 00:00:00,2025-03-20 21:00:00,2025-03-21 03:00:00,NORMAL,GROUP__7270__0004,CONTROL,1013.0,1057.0,434.0,204.0,132.0,84.0,148.0
CONTROL__F3FWY003__2025050200,F3FWY003,2025-05-02 00:00:00,2025-05-01 21:00:00,2025-05-02 03:00:00,NORMAL,GROUP__F3FWY003__0020,CONTROL,0.0,0.0,0.0,0.0,0.0,0.0,0.0
CONTROL__F3FWY003__2025112800,F3FWY003,2025-11-28 00:00:00,2025-11-27 21:00:00,2025-11-28 03:00:00,NORMAL,GROUP__F3FWY003__0020,CONTROL,933.0,740.0,496.0,168.0,125.0,107.0,223.0
CONTROL__7126__2025060601,7126,2025-06-06 01:00:00,2025-06-05 22:00:00,2025-06-06 04:00:00,NORMAL,GROUP__7126__0007,CONTROL,14.0,9.0,1.0,0.0,2.0,7.0,21.0
CONTROL__7126__2025080801,7126,2025-08-08 01:00:00,2025-08-07 22:00:00,2025-08-08 04:00:00,NORMAL,GROUP__7126__0007,CONTROL,86.0,45.0,4.0,1.0,4.0,4.0,19.0
CONTROL__7153__2025050209,7153,2025-05-02 09:00:00,2025-05-02 06:00:00,2025-05-02 12:00:00,NORMAL,GROUP__7153__0010,CONTROL,1369.0,1356.0,1328.0,1120.0,1044.0,863.0,925.0
CONTROL__7153__2025110709,7153,2025-11-07 09:00:00,2025-11-07 06:00:00,2025-11-07 12:00:00,NORMAL,GROUP__7153__0010,CONTROL,359.0,252.0,271.0,257.0,224.0,228.0,237.0
CONTROL__7248__2025020801,7248,2025-02-08 01:00:00,2025-02-07 22:00:00,2025-02-08 04:00:00,NORMAL,GROUP__7248__0015,CONTROL,0.0,0.0,0.0,0.0,0.0,0.0,0.0
CONTROL__7248__2025122701,7248,2025-12-27 01:00:00,2025-12-26 22:00:00,2025-12-27 04:00:00,NORMAL,GROUP__7248__0015,CONTROL,35.0,25.0,39.0,32.0,35.0,43.0,68.0
CONTROL__7274__2025062105,7274,2025-06-21 05:00:00,2025-06-21 02:00:00,2025-06-21 08:00:00,NORMAL,GROUP__7274__0015,CONTROL,7.0,10.0,15.0,38.0,57.0,56.0,70.0
CONTROL__7274__2025121305,7274,2025-12-13 05:00:00,2025-12-13 02:00:00,2025-12-13 08:00:00,NORMAL,GROUP__7274__0015,CONTROL,100.0,101.0,196.0,292.0,357.0,488.0,664.0
CONTROL__7168__2025101806,7168,2025-10-18 06:00:00,2025-10-18 03:00:00,2025-10-18 09:00:00,NORMAL,GROUP__7168__0012,CONTROL,30.0,71.0,104.0,154.0,287.0,292.0,374.0
CONTROL__7168__2025060706,7168,2025-06-07 06:00:00,2025-06-07 03:00:00,2025-06-07 09:00:00,NORMAL,GROUP__7168__0012,CONTROL,12.0,7.0,18.0,32.0,40.0,35.0,30.0
CONTROL__7153__2025121309,7153,2025-12-13 09:00:00,2025-12-13 06:00:00,2025-12-13 12:00:00,NORMAL,GROUP__7153__0011,CONTROL,156.0,139.0,145.0,142.0,115.0,120.0,122.0
CONTROL__7153__2025020109,7153,2025-02-01 09:00:00,2025-02-01 06:00:00,2025-02-01 12:00:00,NORMAL,GROUP__7153__0011,CONTROL,0.0,0.0,0.0,0.0,0.0,0.0,0.0
CONTROL__9658__2025061422,9658,2025-06-14 22:00:00,2025-06-14 19:00:00,2025-06-15 01:00:00,NORMAL,GROUP__9658__0013,CONTROL,32.0,30.0,26.0,32.0,15.0,301.0,162.0
CONTROL__9658__2025060722,9658,2025-06-07 22:00:00,2025-06-07 19:00:00,2025-06-08 01:00:00,NORMAL,GROUP__9658__0013,CONTROL,46.0,33.0,25.0,22.0,0.0,306.0,156.0
CONTROL__51235__2025020203,51235,2025-02-02 03:00:00,2025-02-02 00:00:00,2025-02-02 06:00:00,NORMAL,GROUP__51235__0018,CONTROL,0.0,0.0,0.0,0.0,0.0,0.0,0.0
CONTROL__51235__2025090703,51235,2025-09-07 03:00:00,2025-09-07 00:00:00,2025-09-07 06:00:00,NORMAL,GROUP__51235__0018,CONTROL,14.0,9.0,6.0,10.0,12.0,21.0,51.0
CONTROL__7270__2025051808,7270,2025-05-18 08:00:00,2025-05-18 05:00:00,2025-05-18 11:00:00,NORMAL,GROUP__7270__0005,CONTROL,329.0,595.0,590.0,954.0,1344.0,1401.0,1626.0
CONTROL__7270__2025081708,7270,2025-08-17 08:00:00,2025-08-17 05:00:00,2025-08-17 11:00:00,NORMAL,GROUP__7270__0005,CONTROL,31.0,74.0,93.0,84.0,90.0,98.0,85.0
CONTROL__F3FWY003__2025060900,F3FWY003,2025-06-09 00:00:00,2025-06-08 21:00:00,2025-06-09 03:00:00,NORMAL,GROUP__F3FWY003__0021,CONTROL,0.0,0.0,0.0,0.0,0.0,0.0,0.0
CONTROL__F3FWY003__2025021000,F3FWY003,2025-02-10 00:00:00,2025-02-09 21:00:00,2025-02-10 03:00:00,NORMAL,GROUP__F3FWY003__0021,CONTROL,0.0,0.0,0.0,0.0,0.0,0.0,0.0
CONTROL__7184__2025082502,7184,2025-08-25 02:00:00,2025-08-24 23:00:00,2025-08-25 05:00:00,NORMAL,GROUP__7184__0017,CONTROL,21.0,30.0,20.0,33.0,26.0,48.0,114.0
CONTROL__7184__2025100602,7184,2025-10-06 02:00:00,2025-10-05 23:00:00,2025-10-06 05:00:00,NORMAL,GROUP__7184__0017,CONTROL,492.0,281.0,174.0,100.0,84.0,106.0,196.0
CONTROL__50250__2025081806,50250,2025-08-18 06:00:00,2025-08-18 03:00:00,2025-08-18 09:00:00,NORMAL,GROUP__50250__0003,CONTROL,0.0,6.0,21.0,44.0,34.0,34.0,29.0
CONTROL__50250__2025041406,50250,2025-04-14 06:00:00,2025-04-14 03:00:00,2025-04-14 09:00:00,NORMAL,GROUP__50250__0003,CONTROL,5.0,3.0,33.0,39.0,46.0,33.0,28.0
CONTROL__F3FWY001__2025062323,F3FWY001,2025-06-23 23:00:00,2025-06-23 20:00:00,2025-06-24 02:00:00,NORMAL,GROUP__F3FWY001__0005,CONTROL,600.0,381.0,262.0,162.0,124.0,113.0,114.0
CONTROL__F3FWY001__2025090123,F3FWY001,2025-09-01 23:00:00,2025-09-01 20:00:00,2025-09-02 02:00:00,NORMAL,GROUP__F3FWY001__0005,CONTROL,0.0,0.0,0.0,0.0,0.0,0.0,0.0
CONTROL__7179__2025032500,7179,2025-03-25 00:00:00,2025-03-24 21:00:00,2025-03-25 03:00:00,NORMAL,GROUP__7179__0027,CONTROL,83.0,80.0,67.0,280.0,184.0,155.0,209.0
CONTROL__7179__2025110400,7179,2025-11-04 00:00:00,2025-11-03 21:00:00,2025-11-04 03:00:00,NORMAL,GROUP__7179__0027,CONTROL,950.0,759.0,569.0,47.0,42.0,54.0,68.0
CONTROL__7159__2025120213,7159,2025-12-02 13:00:00,2025-12-02 10:00:00,2025-12-02 16:00:00,NORMAL,GROUP__7159__0004,CONTROL,204.0,202.0,198.0,197.0,130.0,148.0,134.0
CONTROL__7159__2025120913,7159,2025-12-09 13:00:00,2025-12-09 10:00:00,2025-12-09 16:00:00,NORMAL,GROUP__7159__0004,CONTROL,180.0,192.0,193.0,228.0,169.0,145.0,158.0
CONTROL__F3FWY002__2025102819,F3FWY002,2025-10-28 19:00:00,2025-10-28 16:00:00,2025-10-28 22:00:00,NORMAL,GROUP__F3FWY002__0003,CONTROL,614.0,493.0,409.0,317.0,232.0,248.0,174.0
CONTROL__F3FWY002__2025021819,F3FWY002,2025-02-18 19:00:00,2025-02-18 16:00:00,2025-02-18 22:00:00,NORMAL,GROUP__F3FWY002__0003,CONTROL,0.0,0.0,0.0,0.0,0.0,0.0,0.0
CONTROL__7179__2025100802,7179,2025-10-08 02:00:00,2025-10-07 23:00:00,2025-10-08 05:00:00,NORMAL,GROUP__7179__0028,CONTROL,531.0,343.0,195.0,144.0,217.0,414.0,890.0
CONTROL__7179__2025080602,7179,2025-08-06 02:00:00,2025-08-05 23:00:00,2025-08-06 05:00:00,NORMAL,GROUP__7179__0028,CONTROL,0.0,0.0,0.0,0.0,12.0,328.0,890.0
CONTROL__33014__2025061805,33014,2025-06-18 05:00:00,2025-06-18 02:00:00,2025-06-18 08:00:00,NORMAL,GROUP__33014__0016,CONTROL,16.0,28.0,49.0,64.0,135.0,157.0,116.0
CONTROL__33014__2025073005,33014,2025-07-30 05:00:00,2025-07-30 02:00:00,2025-07-30 08:00:00,NORMAL,GROUP__33014__0016,CONTROL,0.0,0.0,0.0,0.0,0.0,0.0,0.0
CONTROL__51235__2025052115,51235,2025-05-21 15:00:00,2025-05-21 12:00:00,2025-05-21 18:00:00,NORMAL,GROUP__51235__0019,CONTROL,1216.0,1508.0,1638.0,1602.0,1825.0,1997.0,1819.0
CONTROL__51235__2025011515,51235,2025-01-15 15:00:00,2025-01-15 12:00:00,2025-01-15 18:00:00,NORMAL,GROUP__51235__0019,CONTROL,0.0,0.0,0.0,0.0,0.0,0.0,0.0
CONTROL__7153__2025122422,7153,2025-12-24 22:00:00,2025-12-24 19:00:00,2025-12-25 01:00:00,NORMAL,GROUP__7153__0012,CONTROL,73.0,42.0,46.0,36.0,25.0,0.0,0.0
CONTROL__7153__2025021922,7153,2025-02-19 22:00:00,2025-02-19 19:00:00,2025-02-20 01:00:00,NORMAL,GROUP__7153__0012,CONTROL,0.0,0.0,0.0,0.0,0.0,0.0,0.0
CONTROL__7179__2025032700,7179,2025-03-27 00:00:00,2025-03-26 21:00:00,2025-03-27 03:00:00,NORMAL,GROUP__7179__0029,CONTROL,0.0,0.0,0.0,0.0,0.0,0.0,0.0
CONTROL__7179__2025013000,7179,2025-01-30 00:00:00,2025-01-29 21:00:00,2025-01-30 03:00:00,NORMAL,GROUP__7179__0029,CONTROL,932.0,721.0,495.0,0.0,0.0,0.0,0.0
CONTROL__74229__2025080703,74229,2025-08-07 03:00:00,2025-08-07 00:00:00,2025-08-07 06:00:00,NORMAL,GROUP__74229__0001,CONTROL,4.0,4.0,4.0,4.0,16.0,59.0,128.0
CONTROL__74229__2025072403,74229,2025-07-24 03:00:00,2025-07-24 00:00:00,2025-07-24 06:00:00,NORMAL,GROUP__74229__0001,CONTROL,77.0,34.0,30.0,23.0,40.0,152.0,503.0
CONTROL__74229__2025012305,74229,2025-01-23 05:00:00,2025-01-23 02:00:00,2025-01-23 08:00:00,NORMAL,GROUP__74229__0001,CONTROL,29.0,79.0,358.0,0.0,0.0,0.0,0.0
CONTROL__74229__2025062605,74229,2025-06-26 05:00:00,2025-06-26 02:00:00,2025-06-26 08:00:00,NORMAL,GROUP__74229__0001,CONTROL,10.0,6.0,12.0,45.0,143.0,101.0,94.0
CONTROL__7126__2025110608,7126,2025-11-06 08:00:00,2025-11-06 05:00:00,2025-11-06 11:00:00,NORMAL,GROUP__7126__0008,CONTROL,44.0,76.0,74.0,67.0,81.0,75.0,63.0
CONTROL__7126__2025062608,7126,2025-06-26 08:00:00,2025-06-26 05:00:00,2025-06-26 11:00:00,NORMAL,GROUP__7126__0008,CONTROL,164.0,359.0,505.0,703.0,493.0,552.0,585.0
CONTROL__9834-PR__2025020613,9834-PR,2025-02-06 13:00:00,2025-02-06 10:00:00,2025-02-06 16:00:00,NORMAL,GROUP__9834-PR__0002,CONTROL,0.0,0.0,0.0,0.0,0.0,0.0,0.0
CONTROL__9834-PR__2025121113,9834-PR,2025-12-11 13:00:00,2025-12-11 10:00:00,2025-12-11 16:00:00,NORMAL,GROUP__9834-PR__0002,CONTROL,489.0,570.0,633.0,595.0,686.0,719.0,745.0
CONTROL__7163__2025062705,7163,2025-06-27 05:00:00,2025-06-27 02:00:00,2025-06-27 08:00:00,NORMAL,GROUP__7163__0011,CONTROL,0.0,0.0,0.0,0.0,0.0,0.0,0.0
CONTROL__7163__2025052305,7163,2025-05-23 05:00:00,2025-05-23 02:00:00,2025-05-23 08:00:00,NORMAL,GROUP__7163__0011,CONTROL,56.0,61.0,88.0,232.0,572.0,586.0,559.0
CONTROL__7119-PR__2025061305,7119-PR,2025-06-13 05:00:00,2025-06-13 02:00:00,2025-06-13 08:00:00,NORMAL,GROUP__7119-PR__0005,CONTROL,58.0,54.0,118.0,391.0,668.0,1000.0,1148.0
CONTROL__7119-PR__2025021405,7119-PR,2025-02-14 05:00:00,2025-02-14 02:00:00,2025-02-14 08:00:00,NORMAL,GROUP__7119-PR__0005,CONTROL,0.0,0.0,0.0,0.0,0.0,0.0,0.0
CONTROL__7163__2025092711,7163,2025-09-27 11:00:00,2025-09-27 08:00:00,2025-09-27 14:00:00,NORMAL,GROUP__7163__0012,CONTROL,50.0,62.0,57.0,69.0,71.0,61.0,49.0
CONTROL__7163__2025070511,7163,2025-07-05 11:00:00,2025-07-05 08:00:00,2025-07-05 14:00:00,NORMAL,GROUP__7163__0012,CONTROL,0.0,0.0,0.0,0.0,0.0,0.0,0.0
CONTROL__10011__2025052411,10011,2025-05-24 11:00:00,2025-05-24 08:00:00,2025-05-24 14:00:00,NORMAL,GROUP__10011__0017,CONTROL,0.0,0.0,0.0,0.0,0.0,0.0,0.0
CONTROL__10011__2025110811,10011,2025-11-08 11:00:00,2025-11-08 08:00:00,2025-11-08 14:00:00,NORMAL,GROUP__10011__0017,CONTROL,0.0,0.0,0.0,0.0,0.0,0.0,0.0
CONTROL__7139__2025011811,7139,2025-01-18 11:00:00,2025-01-18 08:00:00,2025-01-18 14:00:00,NORMAL,GROUP__7139__0017,CONTROL,105.0,108.0,106.0,146.0,139.0,122.0,123.0
CONTROL__7139__2025122711,7139,2025-12-27 11:00:00,2025-12-27 08:00:00,2025-12-27 14:00:00,NORMAL,GROUP__7139__0017,CONTROL,0.0,0.0,0.0,0.0,0.0,0.0,0.0
CONTROL__33014__2025012605,33014,2025-01-26 05:00:00,2025-01-26 02:00:00,2025-01-26 08:00:00,NORMAL,GROUP__33014__0017,CONTROL,4.0,5.0,18.0,26.0,28.0,50.0,48.0
CONTROL__33014__2025033005,33014,2025-03-30 05:00:00,2025-03-30 02:00:00,2025-03-30 08:00:00,NORMAL,GROUP__33014__0017,CONTROL,14.0,5.0,16.0,11.0,35.0,37.0,39.0
CONTROL__66249__2025062909,66249,2025-06-29 09:00:00,2025-06-29 06:00:00,2025-06-29 12:00:00,NORMAL,GROUP__66249__0001,CONTROL,104.0,143.0,263.0,363.0,442.0,541.0,589.0
CONTROL__66249__2025070609,66249,2025-07-06 09:00:00,2025-07-06 06:00:00,2025-07-06 12:00:00,NORMAL,GROUP__66249__0001,CONTROL,129.0,130.0,258.0,478.0,549.0,524.0,594.0
CONTROL__33014__2025071320,33014,2025-07-13 20:00:00,2025-07-13 17:00:00,2025-07-13 23:00:00,NORMAL,GROUP__33014__0018,CONTROL,0.0,0.0,0.0,0.0,0.0,0.0,0.0
CONTROL__33014__2025040620,33014,2025-04-06 20:00:00,2025-04-06 17:00:00,2025-04-06 23:00:00,NORMAL,GROUP__33014__0018,CONTROL,48.0,58.0,31.0,24.0,27.0,24.0,0.0
CONTROL__7163__2025022323,7163,2025-02-23 23:00:00,2025-02-23 20:00:00,2025-02-24 02:00:00,NORMAL,GROUP__7163__0013,CONTROL,0.0,0.0,0.0,0.0,0.0,0.0,0.0
CONTROL__7163__2025121423,7163,2025-12-14 23:00:00,2025-12-14 20:00:00,2025-12-15 02:00:00,NORMAL,GROUP__7163__0013,CONTROL,394.0,409.0,365.0,203.0,16.0,6.0,6.0
CONTROL__7251__2025121503,7251,2025-12-15 03:00:00,2025-12-15 00:00:00,2025-12-15 06:00:00,NORMAL,GROUP__7251__0013,CONTROL,264.0,177.0,115.0,78.0,110.0,188.0,417.0
CONTROL__7251__2025063003,7251,2025-06-30 03:00:00,2025-06-30 00:00:00,2025-06-30 06:00:00,NORMAL,GROUP__7251__0013,CONTROL,12.0,19.0,18.0,9.0,28.0,54.0,91.0
CONTROL__29005__2025061001,29005,2025-06-10 01:00:00,2025-06-09 22:00:00,2025-06-10 04:00:00,NORMAL,GROUP__29005__0010,CONTROL,30.0,36.0,36.0,40.0,33.0,42.0,77.0
CONTROL__29005__2025102101,29005,2025-10-21 01:00:00,2025-10-20 22:00:00,2025-10-21 04:00:00,NORMAL,GROUP__29005__0010,CONTROL,0.0,627.0,289.0,158.0,113.0,146.0,424.0
CONTROL__50240__2025080503,50240,2025-08-05 03:00:00,2025-08-05 00:00:00,2025-08-05 06:00:00,NORMAL,GROUP__50240__0021,CONTROL,183.0,156.0,168.0,254.0,677.0,2046.0,2598.0
CONTROL__50240__2025071503,50240,2025-07-15 03:00:00,2025-07-15 00:00:00,2025-07-15 06:00:00,NORMAL,GROUP__50240__0021,CONTROL,199.0,166.0,162.0,238.0,675.0,2056.0,2568.0
CONTROL__55049__2025092306,55049,2025-09-23 06:00:00,2025-09-23 03:00:00,2025-09-23 09:00:00,NORMAL,GROUP__55049__0006,CONTROL,0.0,0.0,0.0,9.0,207.0,720.0,530.0
CONTROL__55049__2025091606,55049,2025-09-16 06:00:00,2025-09-16 03:00:00,2025-09-16 09:00:00,NORMAL,GROUP__55049__0006,CONTROL,0.0,0.0,1.0,4.0,4.0,12.0,16.0
CONTROL__7120__2025041509,7120,2025-04-15 09:00:00,2025-04-15 06:00:00,2025-04-15 12:00:00,NORMAL,GROUP__7120__0021,CONTROL,91.0,106.0,63.0,71.0,80.0,65.0,77.0
CONTROL__7120__2025021109,7120,2025-02-11 09:00:00,2025-02-11 06:00:00,2025-02-11 12:00:00,NORMAL,GROUP__7120__0021,CONTROL,0.0,0.0,0.0,0.0,0.0,0.0,0.0
CONTROL__7121__2025032509,7121,2025-03-25 09:00:00,2025-03-25 06:00:00,2025-03-25 12:00:00,NORMAL,GROUP__7121__0021,CONTROL,22.0,39.0,35.0,47.0,55.0,66.0,53.0
CONTROL__7121__2025123009,7121,2025-12-30 09:00:00,2025-12-30 06:00:00,2025-12-30 12:00:00,NORMAL,GROUP__7121__0021,CONTROL,8.0,4.0,7.0,4.0,3.0,13.0,5.0
CONTROL__9658__2025121610,9658,2025-12-16 10:00:00,2025-12-16 07:00:00,2025-12-16 13:00:00,NORMAL,GROUP__9658__0014,CONTROL,141.0,127.0,140.0,186.0,190.0,223.0,203.0
CONTROL__9658__2025112510,9658,2025-11-25 10:00:00,2025-11-25 07:00:00,2025-11-25 13:00:00,NORMAL,GROUP__9658__0014,CONTROL,1309.0,1155.0,1008.0,870.0,889.0,896.0,1000.0
CONTROL__7270__2025122312,7270,2025-12-23 12:00:00,2025-12-23 09:00:00,2025-12-23 15:00:00,NORMAL,GROUP__7270__0006,CONTROL,217.0,227.0,176.0,196.0,169.0,161.0,144.0
CONTROL__7270__2025070812,7270,2025-07-08 12:00:00,2025-07-08 09:00:00,2025-07-08 15:00:00,NORMAL,GROUP__7270__0006,CONTROL,199.0,275.0,264.0,195.0,204.0,177.0,166.0
CONTROL__23067__2025050707,23067,2025-05-07 07:00:00,2025-05-07 04:00:00,2025-05-07 10:00:00,NORMAL,GROUP__23067__0012,CONTROL,1088.0,1407.0,2295.0,2508.0,2115.0,1671.0,1029.0
CONTROL__23067__2025051407,23067,2025-05-14 07:00:00,2025-05-14 04:00:00,2025-05-14 10:00:00,NORMAL,GROUP__23067__0012,CONTROL,467.0,756.0,1142.0,1498.0,1275.0,1277.0,1320.0
CONTROL__7179__2025111919,7179,2025-11-19 19:00:00,2025-11-19 16:00:00,2025-11-19 22:00:00,NORMAL,GROUP__7179__0030,CONTROL,377.0,311.0,260.0,172.0,143.0,113.0,86.0
CONTROL__7179__2025010819,7179,2025-01-08 19:00:00,2025-01-08 16:00:00,2025-01-08 22:00:00,NORMAL,GROUP__7179__0030,CONTROL,1748.0,1914.0,1564.0,1111.0,983.0,932.0,819.0
CONTROL__23067__2025070221,23067,2025-07-02 21:00:00,2025-07-02 18:00:00,2025-07-03 00:00:00,NORMAL,GROUP__23067__0013,CONTROL,62.0,48.0,54.0,38.0,21.0,24.0,14.0
CONTROL__23067__2025031921,23067,2025-03-19 21:00:00,2025-03-19 18:00:00,2025-03-20 00:00:00,NORMAL,GROUP__23067__0013,CONTROL,40.0,41.0,46.0,28.0,33.0,21.0,85.0
CONTROL__50240__2025110600,50240,2025-11-06 00:00:00,2025-11-05 21:00:00,2025-11-06 03:00:00,NORMAL,GROUP__50240__0022,CONTROL,1332.0,0.0,0.0,43.0,60.0,69.0,87.0
CONTROL__50240__2025081400,50240,2025-08-14 00:00:00,2025-08-13 21:00:00,2025-08-14 03:00:00,NORMAL,GROUP__50240__0022,CONTROL,72.0,56.0,38.0,40.0,42.0,27.0,47.0
CONTROL__7179__2025032003,7179,2025-03-20 03:00:00,2025-03-20 00:00:00,2025-03-20 06:00:00,NORMAL,GROUP__7179__0031,CONTROL,9.0,3.0,11.0,9.0,30.0,71.0,89.0
CONTROL__7179__2025022003,7179,2025-02-20 03:00:00,2025-02-20 00:00:00,2025-02-20 06:00:00,NORMAL,GROUP__7179__0031,CONTROL,0.0,0.0,0.0,0.0,0.0,0.0,0.0
CONTROL__7153__2025121104,7153,2025-12-11 04:00:00,2025-12-11 01:00:00,2025-12-11 07:00:00,NORMAL,GROUP__7153__0013,CONTROL,82.0,75.0,129.0,259.0,942.0,1421.0,1439.0
CONTROL__7153__2025122504,7153,2025-12-25 04:00:00,2025-12-25 01:00:00,2025-12-25 07:00:00,NORMAL,GROUP__7153__0013,CONTROL,0.0,0.0,0.0,0.0,0.0,0.0,0.0
CONTROL__74230__2025022707,74230,2025-02-27 07:00:00,2025-02-27 04:00:00,2025-02-27 10:00:00,NORMAL,GROUP__74230__0004,CONTROL,0.0,0.0,0.0,0.0,0.0,0.0,0.0
CONTROL__74230__2025091807,74230,2025-09-18 07:00:00,2025-09-18 04:00:00,2025-09-18 10:00:00,NORMAL,GROUP__74230__0004,CONTROL,170.0,425.0,863.0,1053.0,1347.0,1274.0,1150.0
CONTROL__7112__2025110607,7112,2025-11-06 07:00:00,2025-11-06 04:00:00,2025-11-06 10:00:00,NORMAL,GROUP__7112__0021,CONTROL,218.0,913.0,1432.0,1362.0,1241.0,1027.0,919.0
CONTROL__7112__2025100907,7112,2025-10-09 07:00:00,2025-10-09 04:00:00,2025-10-09 10:00:00,NORMAL,GROUP__7112__0021,CONTROL,63.0,107.0,268.0,295.0,224.0,247.0,244.0
CONTROL__F3FWY002__2025010915,F3FWY002,2025-01-09 15:00:00,2025-01-09 12:00:00,2025-01-09 18:00:00,NORMAL,GROUP__F3FWY002__0004,CONTROL,2314.0,2377.0,2440.0,2604.0,2516.0,2250.0,1666.0
CONTROL__F3FWY002__2025122515,F3FWY002,2025-12-25 15:00:00,2025-12-25 12:00:00,2025-12-25 18:00:00,NORMAL,GROUP__F3FWY002__0004,CONTROL,0.0,0.0,0.0,0.0,0.0,0.0,0.0
CONTROL__57025__2025073121,57025,2025-07-31 21:00:00,2025-07-31 18:00:00,2025-08-01 00:00:00,NORMAL,GROUP__57025__0003,CONTROL,27.0,18.0,20.0,10.0,5.0,3.0,1.0
CONTROL__57025__2025052221,57025,2025-05-22 21:00:00,2025-05-22 18:00:00,2025-05-23 00:00:00,NORMAL,GROUP__57025__0003,CONTROL,38.0,16.0,16.0,12.0,6.0,6.0,16.0
CONTROL__7179__2025110702,7179,2025-11-07 02:00:00,2025-11-06 23:00:00,2025-11-07 05:00:00,NORMAL,GROUP__7179__0032,CONTROL,65.0,366.0,221.0,174.0,233.0,460.0,965.0
CONTROL__7179__2025062702,7179,2025-06-27 02:00:00,2025-06-26 23:00:00,2025-06-27 05:00:00,NORMAL,GROUP__7179__0032,CONTROL,612.0,54.0,61.0,54.0,61.0,98.0,220.0
CONTROL__7119-PR__2025010308,7119-PR,2025-01-03 08:00:00,2025-01-03 05:00:00,2025-01-03 11:00:00,NORMAL,GROUP__7119-PR__0006,CONTROL,225.0,360.0,462.0,553.0,703.0,791.0,862.0
CONTROL__7119-PR__2025081508,7119-PR,2025-08-15 08:00:00,2025-08-15 05:00:00,2025-08-15 11:00:00,NORMAL,GROUP__7119-PR__0006,CONTROL,216.0,440.0,494.0,613.0,564.0,587.0,708.0
CONTROL__7112__2025091208,7112,2025-09-12 08:00:00,2025-09-12 05:00:00,2025-09-12 11:00:00,NORMAL,GROUP__7112__0022,CONTROL,118.0,300.0,265.0,216.0,254.0,218.0,192.0
CONTROL__7112__2025080808,7112,2025-08-08 08:00:00,2025-08-08 05:00:00,2025-08-08 11:00:00,NORMAL,GROUP__7112__0022,CONTROL,779.0,1485.0,1167.0,1155.0,989.0,919.0,1032.0
CONTROL__7274__2025030800,7274,2025-03-08 00:00:00,2025-03-07 21:00:00,2025-03-08 03:00:00,NORMAL,GROUP__7274__0016,CONTROL,586.0,448.0,304.0,0.0,0.0,0.0,0.0
CONTROL__7274__2025011800,7274,2025-01-18 00:00:00,2025-01-17 21:00:00,2025-01-18 03:00:00,NORMAL,GROUP__7274__0016,CONTROL,39.0,38.0,32.0,0.0,0.0,0.0,0.0
CONTROL__50240__2025112201,50240,2025-11-22 01:00:00,2025-11-21 22:00:00,2025-11-22 04:00:00,NORMAL,GROUP__50240__0023,CONTROL,1294.0,845.0,44.0,31.0,27.0,40.0,56.0
CONTROL__50240__2025072601,50240,2025-07-26 01:00:00,2025-07-25 22:00:00,2025-07-26 04:00:00,NORMAL,GROUP__50240__0023,CONTROL,64.0,51.0,46.0,32.0,20.0,16.0,42.0
CONTROL__7251__2025010502,7251,2025-01-05 02:00:00,2025-01-04 23:00:00,2025-01-05 05:00:00,NORMAL,GROUP__7251__0014,CONTROL,0.0,0.0,0.0,0.0,0.0,0.0,0.0
CONTROL__7251__2025070602,7251,2025-07-06 02:00:00,2025-07-05 23:00:00,2025-07-06 05:00:00,NORMAL,GROUP__7251__0014,CONTROL,27.0,593.0,434.0,412.0,310.0,240.0,171.0
CONTROL__7275__2025011203,7275,2025-01-12 03:00:00,2025-01-12 00:00:00,2025-01-12 06:00:00,NORMAL,GROUP__7275__0003,CONTROL,8.0,2.0,9.0,3.0,5.0,9.0,13.0
CONTROL__7275__2025080303,7275,2025-08-03 03:00:00,2025-08-03 00:00:00,2025-08-03 06:00:00,NORMAL,GROUP__7275__0003,CONTROL,169.0,119.0,90.0,63.0,70.0,182.0,246.0
CONTROL__7179__2025020907,7179,2025-02-09 07:00:00,2025-02-09 04:00:00,2025-02-09 10:00:00,NORMAL,GROUP__7179__0033,CONTROL,0.0,0.0,0.0,0.0,0.0,0.0,0.0
CONTROL__7179__2025030907,7179,2025-03-09 07:00:00,2025-03-09 04:00:00,2025-03-09 10:00:00,NORMAL,GROUP__7179__0033,CONTROL,247.0,293.0,439.0,482.0,731.0,1176.0,1432.0
CONTROL__74229__2025100521,74229,2025-10-05 21:00:00,2025-10-05 18:00:00,2025-10-06 00:00:00,NORMAL,GROUP__74229__0002,CONTROL,18.0,21.0,10.0,7.0,6.0,7.0,0.0
CONTROL__74229__2025062221,74229,2025-06-22 21:00:00,2025-06-22 18:00:00,2025-06-23 00:00:00,NORMAL,GROUP__74229__0002,CONTROL,22.0,16.0,11.0,8.0,7.0,3.0,6.0
CONTROL__53004__2025082421,53004,2025-08-24 21:00:00,2025-08-24 18:00:00,2025-08-25 00:00:00,NORMAL,GROUP__53004__0014,CONTROL,54.0,28.0,29.0,20.0,17.0,10.0,15.0
CONTROL__53004__2025010521,53004,2025-01-05 21:00:00,2025-01-05 18:00:00,2025-01-06 00:00:00,NORMAL,GROUP__53004__0014,CONTROL,847.0,745.0,743.0,571.0,432.0,257.0,10.0
CONTROL__33014__2025113023,33014,2025-11-30 23:00:00,2025-11-30 20:00:00,2025-12-01 02:00:00,NORMAL,GROUP__33014__0019,CONTROL,0.0,0.0,0.0,0.0,0.0,0.0,0.0
CONTROL__33014__2025011923,33014,2025-01-19 23:00:00,2025-01-19 20:00:00,2025-01-20 02:00:00,NORMAL,GROUP__33014__0019,CONTROL,22.0,11.0,11.0,0.0,63.0,47.0,55.0
CONTROL__7161__2025082501,7161,2025-08-25 01:00:00,2025-08-24 22:00:00,2025-08-25 04:00:00,NORMAL,GROUP__7161__0011,CONTROL,376.0,196.0,12.0,12.0,15.0,18.0,40.0
CONTROL__7161__2025032401,7161,2025-03-24 01:00:00,2025-03-23 22:00:00,2025-03-24 04:00:00,NORMAL,GROUP__7161__0011,CONTROL,369.0,195.0,82.0,54.0,46.0,70.0,176.0
CONTROL__7248__2025051904,7248,2025-05-19 04:00:00,2025-05-19 01:00:00,2025-05-19 07:00:00,NORMAL,GROUP__7248__0016,CONTROL,105.0,93.0,134.0,363.0,987.0,1378.0,1347.0
CONTROL__7248__2025080404,7248,2025-08-04 04:00:00,2025-08-04 01:00:00,2025-08-04 07:00:00,NORMAL,GROUP__7248__0016,CONTROL,45.0,44.0,62.0,100.0,236.0,283.0,239.0
CONTROL__7163__2025120104,7163,2025-12-01 04:00:00,2025-12-01 01:00:00,2025-12-01 07:00:00,NORMAL,GROUP__7163__0014,CONTROL,45.0,48.0,61.0,122.0,290.0,707.0,603.0
CONTROL__7163__2025030304,7163,2025-03-03 04:00:00,2025-03-03 01:00:00,2025-03-03 07:00:00,NORMAL,GROUP__7163__0014,CONTROL,0.0,0.0,0.0,0.0,0.0,0.0,0.0
CONTROL__7179__2025101306,7179,2025-10-13 06:00:00,2025-10-13 03:00:00,2025-10-13 09:00:00,NORMAL,GROUP__7179__0034,CONTROL,183.0,390.0,918.0,1225.0,1690.0,1573.0,1308.0
CONTROL__7179__2025100606,7179,2025-10-06 06:00:00,2025-10-06 03:00:00,2025-10-06 09:00:00,NORMAL,GROUP__7179__0034,CONTROL,117.0,115.0,100.0,188.0,200.0,245.0,412.0
CONTROL__51235__2025111723,51235,2025-11-17 23:00:00,2025-11-17 20:00:00,2025-11-18 02:00:00,NORMAL,GROUP__51235__0020,CONTROL,71.0,51.0,41.0,25.0,31.0,13.0,18.0
CONTROL__51235__2025092223,51235,2025-09-22 23:00:00,2025-09-22 20:00:00,2025-09-23 02:00:00,NORMAL,GROUP__51235__0020,CONTROL,817.0,766.0,461.0,226.0,116.0,72.0,80.0
CONTROL__7270__2025092223,7270,2025-09-22 23:00:00,2025-09-22 20:00:00,2025-09-23 02:00:00,NORMAL,GROUP__7270__0007,CONTROL,58.0,69.0,49.0,33.0,105.0,70.0,60.0
CONTROL__7270__2025091523,7270,2025-09-15 23:00:00,2025-09-15 20:00:00,2025-09-16 02:00:00,NORMAL,GROUP__7270__0007,CONTROL,80.0,52.0,50.0,30.0,140.0,87.0,75.0
CONTROL__7119-PR__2025091604,7119-PR,2025-09-16 04:00:00,2025-09-16 01:00:00,2025-09-16 07:00:00,NORMAL,GROUP__7119-PR__0007,CONTROL,7.0,3.0,11.0,22.0,50.0,81.0,101.0
CONTROL__7119-PR__2025012104,7119-PR,2025-01-21 04:00:00,2025-01-21 01:00:00,2025-01-21 07:00:00,NORMAL,GROUP__7119-PR__0007,CONTROL,51.0,40.0,54.0,117.0,364.0,726.0,1007.0
CONTROL__7179__2025030410,7179,2025-03-04 10:00:00,2025-03-04 07:00:00,2025-03-04 13:00:00,NORMAL,GROUP__7179__0035,CONTROL,0.0,0.0,0.0,0.0,0.0,0.0,0.0
CONTROL__7179__2025070810,7179,2025-07-08 10:00:00,2025-07-08 07:00:00,2025-07-08 13:00:00,NORMAL,GROUP__7179__0035,CONTROL,1556.0,1434.0,1352.0,1385.0,1459.0,1386.0,1593.0
CONTROL__47024__2025011410,47024,2025-01-14 10:00:00,2025-01-14 07:00:00,2025-01-14 13:00:00,NORMAL,GROUP__47024__0008,CONTROL,256.0,240.0,268.0,264.0,214.0,236.0,201.0
CONTROL__47024__2025051310,47024,2025-05-13 10:00:00,2025-05-13 07:00:00,2025-05-13 13:00:00,NORMAL,GROUP__47024__0008,CONTROL,145.0,181.0,232.0,246.0,265.0,271.0,242.0
CONTROL__7112__2025072918,7112,2025-07-29 18:00:00,2025-07-29 15:00:00,2025-07-29 21:00:00,NORMAL,GROUP__7112__0023,CONTROL,146.0,152.0,117.0,87.0,55.0,49.0,38.0
CONTROL__7112__2025042918,7112,2025-04-29 18:00:00,2025-04-29 15:00:00,2025-04-29 21:00:00,NORMAL,GROUP__7112__0023,CONTROL,1091.0,1322.0,1357.0,1204.0,858.0,672.0,573.0
CONTROL__22001__2025041520,22001,2025-04-15 20:00:00,2025-04-15 17:00:00,2025-04-15 23:00:00,NORMAL,GROUP__22001__0008,CONTROL,0.0,0.0,0.0,0.0,0.0,0.0,0.0
CONTROL__22001__2025081220,22001,2025-08-12 20:00:00,2025-08-12 17:00:00,2025-08-12 23:00:00,NORMAL,GROUP__22001__0008,CONTROL,0.0,0.0,0.0,0.0,0.0,0.0,0.0
CONTROL__23067__2025110423,23067,2025-11-04 23:00:00,2025-11-04 20:00:00,2025-11-05 02:00:00,NORMAL,GROUP__23067__0014,CONTROL,42.0,33.0,31.0,29.0,0.0,0.0,0.0
CONTROL__23067__2025101423,23067,2025-10-14 23:00:00,2025-10-14 20:00:00,2025-10-15 02:00:00,NORMAL,GROUP__23067__0014,CONTROL,888.0,595.0,183.0,67.0,28.0,23.0,34.0
CONTROL__7248__2025021201,7248,2025-02-12 01:00:00,2025-02-11 22:00:00,2025-02-12 04:00:00,NORMAL,GROUP__7248__0017,CONTROL,0.0,0.0,0.0,0.0,0.0,0.0,0.0
CONTROL__7248__2025040201,7248,2025-04-02 01:00:00,2025-04-01 22:00:00,2025-04-02 04:00:00,NORMAL,GROUP__7248__0017,CONTROL,420.0,313.0,54.0,63.0,65.0,78.0,130.0
CONTROL__7112__2025041605,7112,2025-04-16 05:00:00,2025-04-16 02:00:00,2025-04-16 08:00:00,NORMAL,GROUP__7112__0024,CONTROL,52.0,85.0,217.0,887.0,1513.0,1456.0,1237.0
CONTROL__7112__2025111905,7112,2025-11-19 05:00:00,2025-11-19 02:00:00,2025-11-19 08:00:00,NORMAL,GROUP__7112__0024,CONTROL,22.0,33.0,68.0,115.0,302.0,275.0,235.0
CONTROL__7168__2025030506,7168,2025-03-05 06:00:00,2025-03-05 03:00:00,2025-03-05 09:00:00,NORMAL,GROUP__7168__0013,CONTROL,0.0,0.0,0.0,0.0,0.0,0.0,0.0
CONTROL__7168__2025062506,7168,2025-06-25 06:00:00,2025-06-25 03:00:00,2025-06-25 09:00:00,NORMAL,GROUP__7168__0013,CONTROL,45.0,88.0,257.0,459.0,580.0,634.0,433.0
CONTROL__7112__2025090307,7112,2025-09-03 07:00:00,2025-09-03 04:00:00,2025-09-03 10:00:00,NORMAL,GROUP__7112__0024,CONTROL,213.0,847.0,1536.0,1388.0,1364.0,1094.0,973.0
CONTROL__7112__2025080607,7112,2025-08-06 07:00:00,2025-08-06 04:00:00,2025-08-06 10:00:00,NORMAL,GROUP__7112__0024,CONTROL,0.0,0.0,0.0,0.0,0.0,0.0,0.0
CONTROL__7274__2025092419,7274,2025-09-24 19:00:00,2025-09-24 16:00:00,2025-09-24 22:00:00,NORMAL,GROUP__7274__0017,CONTROL,913.0,1080.0,856.0,672.0,581.0,480.0,373.0
CONTROL__7274__2025060419,7274,2025-06-04 19:00:00,2025-06-04 16:00:00,2025-06-04 22:00:00,NORMAL,GROUP__7274__0017,CONTROL,84.0,103.0,81.0,73.0,52.0,37.0,27.0
CONTROL__33014__2025042321,33014,2025-04-23 21:00:00,2025-04-23 18:00:00,2025-04-24 00:00:00,NORMAL,GROUP__33014__0020,CONTROL,74.0,38.0,36.0,26.0,26.0,0.0,21.0
CONTROL__33014__2025081321,33014,2025-08-13 21:00:00,2025-08-13 18:00:00,2025-08-14 00:00:00,NORMAL,GROUP__33014__0020,CONTROL,0.0,0.0,0.0,0.0,0.0,0.0,0.0
CONTROL__T0337__2025112623,T0337,2025-11-26 23:00:00,2025-11-26 20:00:00,2025-11-27 02:00:00,NORMAL,GROUP__T0337__0001,CONTROL,0.0,0.0,0.0,0.0,3.0,2.0,3.0
CONTROL__T0337__2025042323,T0337,2025-04-23 23:00:00,2025-04-23 20:00:00,2025-04-24 02:00:00,NORMAL,GROUP__T0337__0001,CONTROL,15.0,26.0,5.0,3.0,0.0,0.0,0.0
CONTROL__53004__2025022002,53004,2025-02-20 02:00:00,2025-02-19 23:00:00,2025-02-20 05:00:00,NORMAL,GROUP__53004__0015,CONTROL,0.0,0.0,0.0,0.0,0.0,0.0,0.0
CONTROL__53004__2025110602,53004,2025-11-06 02:00:00,2025-11-05 23:00:00,2025-11-06 05:00:00,NORMAL,GROUP__53004__0015,CONTROL,0.0,152.0,72.0,56.0,51.0,108.0,298.0
CONTROL__7168__2025092509,7168,2025-09-25 09:00:00,2025-09-25 06:00:00,2025-09-25 12:00:00,NORMAL,GROUP__7168__0014,CONTROL,457.0,648.0,608.0,497.0,436.0,422.0,461.0
CONTROL__7168__2025120409,7168,2025-12-04 09:00:00,2025-12-04 06:00:00,2025-12-04 12:00:00,NORMAL,GROUP__7168__0014,CONTROL,61.0,56.0,82.0,84.0,65.0,68.0,67.0
CONTROL__53004__2025050111,53004,2025-05-01 11:00:00,2025-05-01 08:00:00,2025-05-01 14:00:00,NORMAL,GROUP__53004__0016,CONTROL,81.0,102.0,0.0,124.0,119.0,112.0,114.0
CONTROL__53004__2025031311,53004,2025-03-13 11:00:00,2025-03-13 08:00:00,2025-03-13 14:00:00,NORMAL,GROUP__53004__0016,CONTROL,2167.0,1603.0,1282.0,0.0,0.0,0.0,0.0
CONTROL__74229__2025122522,74229,2025-12-25 22:00:00,2025-12-25 19:00:00,2025-12-26 01:00:00,NORMAL,GROUP__74229__0003,CONTROL,0.0,0.0,0.0,0.0,0.0,37.0,14.0
CONTROL__74229__2025091822,74229,2025-09-18 22:00:00,2025-09-18 19:00:00,2025-09-19 01:00:00,NORMAL,GROUP__74229__0003,CONTROL,896.0,713.0,735.0,444.0,190.0,4.0,7.0
CONTROL__7179__2025051603,7179,2025-05-16 03:00:00,2025-05-16 00:00:00,2025-05-16 06:00:00,NORMAL,GROUP__7179__0036,CONTROL,313.0,198.0,169.0,226.0,452.0,949.0,1211.0
CONTROL__7179__2025121903,7179,2025-12-19 03:00:00,2025-12-19 00:00:00,2025-12-19 06:00:00,NORMAL,GROUP__7179__0036,CONTROL,59.0,71.0,66.0,66.0,111.0,225.0,360.0
CONTROL__9658__2025032104,9658,2025-03-21 04:00:00,2025-03-21 01:00:00,2025-03-21 07:00:00,NORMAL,GROUP__9658__0015,CONTROL,28.0,25.0,33.0,51.0,96.0,135.0,123.0
CONTROL__9658__2025070404,9658,2025-07-04 04:00:00,2025-07-04 01:00:00,2025-07-04 07:00:00,NORMAL,GROUP__9658__0015,CONTROL,113.0,80.0,91.0,175.0,465.0,811.0,1046.0
CONTROL__F3FWY003__2025071903,F3FWY003,2025-07-19 03:00:00,2025-07-19 00:00:00,2025-07-19 06:00:00,NORMAL,GROUP__F3FWY003__0022,CONTROL,0.0,0.0,0.0,0.0,0.0,0.0,0.0
CONTROL__F3FWY003__2025062103,F3FWY003,2025-06-21 03:00:00,2025-06-21 00:00:00,2025-06-21 06:00:00,NORMAL,GROUP__F3FWY003__0022,CONTROL,0.0,0.0,0.0,0.0,0.0,0.0,0.0
CONTROL__7126__2025101103,7126,2025-10-11 03:00:00,2025-10-11 00:00:00,2025-10-11 06:00:00,NORMAL,GROUP__7126__0009,CONTROL,81.0,42.0,21.0,18.0,39.0,100.0,211.0
CONTROL__7126__2025101803,7126,2025-10-18 03:00:00,2025-10-18 00:00:00,2025-10-18 06:00:00,NORMAL,GROUP__7126__0009,CONTROL,77.0,31.0,26.0,19.0,32.0,82.0,207.0
CONTROL__50240__2025110112,50240,2025-11-01 12:00:00,2025-11-01 09:00:00,2025-11-01 15:00:00,NORMAL,GROUP__50240__0024,CONTROL,212.0,173.0,179.0,149.0,138.0,160.0,141.0
CONTROL__50240__2025091312,50240,2025-09-13 12:00:00,2025-09-13 09:00:00,2025-09-13 15:00:00,NORMAL,GROUP__50240__0024,CONTROL,179.0,178.0,153.0,129.0,135.0,126.0,151.0
CONTROL__7159__2025041303,7159,2025-04-13 03:00:00,2025-04-13 00:00:00,2025-04-13 06:00:00,NORMAL,GROUP__7159__0005,CONTROL,367.0,221.0,160.0,109.0,123.0,184.0,324.0
CONTROL__7159__2025101903,7159,2025-10-19 03:00:00,2025-10-19 00:00:00,2025-10-19 06:00:00,NORMAL,GROUP__7159__0005,CONTROL,438.0,281.0,172.0,141.0,104.0,188.0,330.0
CONTROL__7179__2025022321,7179,2025-02-23 21:00:00,2025-02-23 18:00:00,2025-02-24 00:00:00,NORMAL,GROUP__7179__0037,CONTROL,0.0,0.0,0.0,0.0,0.0,0.0,0.0
CONTROL__7179__2025100521,7179,2025-10-05 21:00:00,2025-10-05 18:00:00,2025-10-06 00:00:00,NORMAL,GROUP__7179__0037,CONTROL,116.0,87.0,61.0,68.0,77.0,66.0,305.0
CONTROL__7184__2025042904,7184,2025-04-29 04:00:00,2025-04-29 01:00:00,2025-04-29 07:00:00,NORMAL,GROUP__7184__0018,CONTROL,73.0,60.0,96.0,221.0,854.0,2005.0,3044.0
CONTROL__7184__2025061704,7184,2025-06-17 04:00:00,2025-06-17 01:00:00,2025-06-17 07:00:00,NORMAL,GROUP__7184__0018,CONTROL,21.0,27.0,37.0,63.0,144.0,300.0,210.0
CONTROL__F3FWY002__2025022507,F3FWY002,2025-02-25 07:00:00,2025-02-25 04:00:00,2025-02-25 10:00:00,NORMAL,GROUP__F3FWY002__0005,CONTROL,0.0,0.0,0.0,0.0,0.0,0.0,0.0
CONTROL__F3FWY002__2025062407,F3FWY002,2025-06-24 07:00:00,2025-06-24 04:00:00,2025-06-24 10:00:00,NORMAL,GROUP__F3FWY002__0005,CONTROL,316.0,708.0,937.0,700.0,616.0,591.0,498.0
CONTROL__7163__2025031810,7163,2025-03-18 10:00:00,2025-03-18 07:00:00,2025-03-18 13:00:00,NORMAL,GROUP__7163__0015,CONTROL,69.0,83.0,99.0,91.0,95.0,99.0,96.0
CONTROL__7163__2025070810,7163,2025-07-08 10:00:00,2025-07-08 07:00:00,2025-07-08 13:00:00,NORMAL,GROUP__7163__0015,CONTROL,0.0,0.0,0.0,0.0,0.0,0.0,0.0
CONTROL__7248__2025081222,7248,2025-08-12 22:00:00,2025-08-12 19:00:00,2025-08-13 01:00:00,NORMAL,GROUP__7248__0018,CONTROL,747.0,678.0,558.0,395.0,220.0,47.0,61.0
CONTROL__7248__2025070822,7248,2025-07-08 22:00:00,2025-07-08 19:00:00,2025-07-09 01:00:00,NORMAL,GROUP__7248__0018,CONTROL,744.0,533.0,556.0,386.0,244.0,146.0,97.0
CONTROL__32029__2025040823,32029,2025-04-08 23:00:00,2025-04-08 20:00:00,2025-04-09 02:00:00,NORMAL,GROUP__32029__0001,CONTROL,0.0,0.0,0.0,0.0,0.0,0.0,0.0
CONTROL__32029__2025082623,32029,2025-08-26 23:00:00,2025-08-26 20:00:00,2025-08-27 02:00:00,NORMAL,GROUP__32029__0001,CONTROL,0.0,0.0,0.0,0.0,0.0,0.0,0.0
CONTROL__7153__2025072304,7153,2025-07-23 04:00:00,2025-07-23 01:00:00,2025-07-23 07:00:00,NORMAL,GROUP__7153__0014,CONTROL,22.0,42.0,45.0,102.0,170.0,311.0,316.0
CONTROL__7153__2025031204,7153,2025-03-12 04:00:00,2025-03-12 01:00:00,2025-03-12 07:00:00,NORMAL,GROUP__7153__0014,CONTROL,59.0,66.0,101.0,228.0,905.0,1489.0,1583.0
CONTROL__7159__2025071608,7159,2025-07-16 08:00:00,2025-07-16 05:00:00,2025-07-16 11:00:00,NORMAL,GROUP__7159__0006,CONTROL,461.0,819.0,724.0,1031.0,902.0,901.0,828.0
CONTROL__7159__2025070908,7159,2025-07-09 08:00:00,2025-07-09 05:00:00,2025-07-09 11:00:00,NORMAL,GROUP__7159__0006,CONTROL,75.0,150.0,174.0,156.0,120.0,162.0,170.0
CONTROL__7112__2025020515,7112,2025-02-05 15:00:00,2025-02-05 12:00:00,2025-02-05 18:00:00,NORMAL,GROUP__7112__0025,CONTROL,0.0,0.0,0.0,0.0,0.0,0.0,0.0
CONTROL__7112__2025050715,7112,2025-05-07 15:00:00,2025-05-07 12:00:00,2025-05-07 18:00:00,NORMAL,GROUP__7112__0025,CONTROL,1045.0,1200.0,1224.0,1215.0,1397.0,1362.0,1182.0
CONTROL__T0337__2025031919,T0337,2025-03-19 19:00:00,2025-03-19 16:00:00,2025-03-19 22:00:00,NORMAL,GROUP__T0337__0002,CONTROL,175.0,139.0,93.0,52.0,36.0,31.0,7.0
CONTROL__T0337__2025020519,T0337,2025-02-05 19:00:00,2025-02-05 16:00:00,2025-02-05 22:00:00,NORMAL,GROUP__T0337__0002,CONTROL,0.0,0.0,0.0,0.0,0.0,0.0,0.0
CONTROL__68025__2025120320,68025,2025-12-03 20:00:00,2025-12-03 17:00:00,2025-12-03 23:00:00,NORMAL,GROUP__68025__0018,CONTROL,1025.0,864.0,694.0,562.0,482.0,377.0,219.0
CONTROL__68025__2025081320,68025,2025-08-13 20:00:00,2025-08-13 17:00:00,2025-08-13 23:00:00,NORMAL,GROUP__68025__0018,CONTROL,974.0,865.0,614.0,473.0,425.0,241.0,161.0
CONTROL__10011__2025071004,10011,2025-07-10 04:00:00,2025-07-10 01:00:00,2025-07-10 07:00:00,NORMAL,GROUP__10011__0018,CONTROL,0.0,0.0,0.0,0.0,0.0,0.0,0.0
CONTROL__10011__2025082804,10011,2025-08-28 04:00:00,2025-08-28 01:00:00,2025-08-28 07:00:00,NORMAL,GROUP__10011__0018,CONTROL,0.0,0.0,0.0,0.0,0.0,0.0,0.0
CONTROL__7139__2025060504,7139,2025-06-05 04:00:00,2025-06-05 01:00:00,2025-06-05 07:00:00,NORMAL,GROUP__7139__0018,CONTROL,154.0,90.0,73.0,150.0,624.0,1506.0,2752.0
CONTROL__7139__2025020604,7139,2025-02-06 04:00:00,2025-02-06 01:00:00,2025-02-06 07:00:00,NORMAL,GROUP__7139__0018,CONTROL,0.0,0.0,0.0,0.0,0.0,0.0,0.0
CONTROL__55049__2025040305,55049,2025-04-03 05:00:00,2025-04-03 02:00:00,2025-04-03 08:00:00,NORMAL,GROUP__55049__0007,CONTROL,9.0,9.0,23.0,48.0,161.0,136.0,156.0
CONTROL__55049__2025103005,55049,2025-10-30 05:00:00,2025-10-30 02:00:00,2025-10-30 08:00:00,NORMAL,GROUP__55049__0007,CONTROL,24.0,25.0,51.0,260.0,796.0,1032.0,1249.0
CONTROL__33014__2025070307,33014,2025-07-03 07:00:00,2025-07-03 04:00:00,2025-07-03 10:00:00,NORMAL,GROUP__33014__0021,CONTROL,0.0,0.0,0.0,0.0,0.0,0.0,0.0
CONTROL__33014__2025110607,33014,2025-11-06 07:00:00,2025-11-06 04:00:00,2025-11-06 10:00:00,NORMAL,GROUP__33014__0021,CONTROL,0.0,0.0,0.0,0.0,0.0,0.0,0.0
CONTROL__29005__2025072421,29005,2025-07-24 21:00:00,2025-07-24 18:00:00,2025-07-25 00:00:00,NORMAL,GROUP__29005__0011,CONTROL,242.0,133.0,118.0,72.0,67.0,54.0,399.0
CONTROL__29005__2025082821,29005,2025-08-28 21:00:00,2025-08-28 18:00:00,2025-08-29 00:00:00,NORMAL,GROUP__29005__0011,CONTROL,174.0,132.0,133.0,88.0,96.0,82.0,495.0
CONTROL__23067__2025103021,23067,2025-10-30 21:00:00,2025-10-30 18:00:00,2025-10-31 00:00:00,NORMAL,GROUP__23067__0015,CONTROL,47.0,58.0,59.0,28.0,27.0,18.0,59.0
CONTROL__23067__2025082821,23067,2025-08-28 21:00:00,2025-08-28 18:00:00,2025-08-29 00:00:00,NORMAL,GROUP__23067__0015,CONTROL,1272.0,1002.0,869.0,785.0,619.0,328.0,135.0
CONTROL__7161__2025042502,7161,2025-04-25 02:00:00,2025-04-24 23:00:00,2025-04-25 05:00:00,NORMAL,GROUP__7161__0012,CONTROL,235.0,82.0,51.0,42.0,35.0,63.0,91.0
CONTROL__7161__2025111402,7161,2025-11-14 02:00:00,2025-11-13 23:00:00,2025-11-14 05:00:00,NORMAL,GROUP__7161__0012,CONTROL,27.0,15.0,16.0,24.0,16.0,41.0,79.0
CONTROL__9658__2025011704,9658,2025-01-17 04:00:00,2025-01-17 01:00:00,2025-01-17 07:00:00,NORMAL,GROUP__9658__0016,CONTROL,0.0,0.0,0.0,0.0,0.0,0.0,0.0
CONTROL__9658__2025080104,9658,2025-08-01 04:00:00,2025-08-01 01:00:00,2025-08-01 07:00:00,NORMAL,GROUP__9658__0016,CONTROL,23.0,23.0,24.0,50.0,80.0,130.0,122.0
CONTROL__50240__2025080106,50240,2025-08-01 06:00:00,2025-08-01 03:00:00,2025-08-01 09:00:00,NORMAL,GROUP__50240__0025,CONTROL,53.0,72.0,162.0,317.0,270.0,281.0,371.0
CONTROL__50240__2025062706,50240,2025-06-27 06:00:00,2025-06-27 03:00:00,2025-06-27 09:00:00,NORMAL,GROUP__50240__0025,CONTROL,179.0,375.0,1076.0,1997.0,2116.0,2092.0,1968.0
CONTROL__53003__2025112108,53003,2025-11-21 08:00:00,2025-11-21 05:00:00,2025-11-21 11:00:00,NORMAL,GROUP__53003__0008,CONTROL,130.0,159.0,156.0,189.0,0.0,218.0,268.0
CONTROL__53003__2025082208,53003,2025-08-22 08:00:00,2025-08-22 05:00:00,2025-08-22 11:00:00,NORMAL,GROUP__53003__0008,CONTROL,897.0,1932.0,2333.0,2132.0,1643.0,1536.0,1527.0
CONTROL__7164__2025041903,7164,2025-04-19 03:00:00,2025-04-19 00:00:00,2025-04-19 06:00:00,NORMAL,GROUP__7164__0010,CONTROL,119.0,74.0,48.0,46.0,47.0,132.0,226.0
CONTROL__7164__2025112903,7164,2025-11-29 03:00:00,2025-11-29 00:00:00,2025-11-29 06:00:00,NORMAL,GROUP__7164__0010,CONTROL,178.0,147.0,78.0,72.0,80.0,140.0,284.0
CONTROL__23067__2025062103,23067,2025-06-21 03:00:00,2025-06-21 00:00:00,2025-06-21 06:00:00,NORMAL,GROUP__23067__0016,CONTROL,102.0,66.0,107.0,428.0,1010.0,1292.0,1597.0
CONTROL__23067__2025042603,23067,2025-04-26 03:00:00,2025-04-26 00:00:00,2025-04-26 06:00:00,NORMAL,GROUP__23067__0016,CONTROL,63.0,53.0,104.0,341.0,845.0,1290.0,1429.0
CONTROL__57025__2025121303,57025,2025-12-13 03:00:00,2025-12-13 00:00:00,2025-12-13 06:00:00,NORMAL,GROUP__57025__0004,CONTROL,0.0,0.0,0.0,0.0,0.0,0.0,0.0
CONTROL__57025__2025012503,57025,2025-01-25 03:00:00,2025-01-25 00:00:00,2025-01-25 06:00:00,NORMAL,GROUP__57025__0004,CONTROL,4.0,2.0,5.0,9.0,14.0,44.0,69.0
CONTROL__7163__2025111507,7163,2025-11-15 07:00:00,2025-11-15 04:00:00,2025-11-15 10:00:00,NORMAL,GROUP__7163__0016,CONTROL,15.0,31.0,53.0,52.0,71.0,66.0,59.0
CONTROL__7163__2025122707,7163,2025-12-27 07:00:00,2025-12-27 04:00:00,2025-12-27 10:00:00,NORMAL,GROUP__7163__0016,CONTROL,0.0,8.0,12.0,14.0,11.0,15.0,15.0
CONTROL__7159__2025050310,7159,2025-05-03 10:00:00,2025-05-03 07:00:00,2025-05-03 13:00:00,NORMAL,GROUP__7159__0007,CONTROL,76.0,86.0,68.0,74.0,59.0,85.0,89.0
CONTROL__7159__2025110110,7159,2025-11-01 10:00:00,2025-11-01 07:00:00,2025-11-01 13:00:00,NORMAL,GROUP__7159__0007,CONTROL,581.0,770.0,968.0,1026.0,1113.0,1048.0,1220.0
CONTROL__F3FWY003__2025121402,F3FWY003,2025-12-14 02:00:00,2025-12-13 23:00:00,2025-12-14 05:00:00,NORMAL,GROUP__F3FWY003__0023,CONTROL,493.0,71.0,58.0,38.0,45.0,51.0,85.0
CONTROL__F3FWY003__2025052502,F3FWY003,2025-05-25 02:00:00,2025-05-24 23:00:00,2025-05-25 05:00:00,NORMAL,GROUP__F3FWY003__0023,CONTROL,0.0,0.0,0.0,0.0,0.0,0.0,0.0
CONTROL__74230__2025111619,74230,2025-11-16 19:00:00,2025-11-16 16:00:00,2025-11-16 22:00:00,NORMAL,GROUP__74230__0005,CONTROL,58.0,47.0,55.0,34.0,35.0,33.0,17.0
CONTROL__74230__2025052519,74230,2025-05-25 19:00:00,2025-05-25 16:00:00,2025-05-25 22:00:00,NORMAL,GROUP__74230__0005,CONTROL,8.0,6.0,4.0,2.0,5.0,3.0,0.0
CONTROL__7112__2025030221,7112,2025-03-02 21:00:00,2025-03-02 18:00:00,2025-03-03 00:00:00,NORMAL,GROUP__7112__0026,CONTROL,0.0,0.0,0.0,0.0,0.0,0.0,0.0
CONTROL__7112__2025020221,7112,2025-02-02 21:00:00,2025-02-02 18:00:00,2025-02-03 00:00:00,NORMAL,GROUP__7112__0026,CONTROL,0.0,0.0,0.0,0.0,0.0,0.0,0.0
CONTROL__53004__2025020221,53004,2025-02-02 21:00:00,2025-02-02 18:00:00,2025-02-03 00:00:00,NORMAL,GROUP__53004__0017,CONTROL,0.0,0.0,0.0,0.0,0.0,0.0,0.0
CONTROL__53004__2025122121,53004,2025-12-21 21:00:00,2025-12-21 18:00:00,2025-12-22 00:00:00,NORMAL,GROUP__53004__0017,CONTROL,24.0,24.0,22.0,19.0,14.0,12.0,150.0
CONTROL__7179__2025102700,7179,2025-10-27 00:00:00,2025-10-26 21:00:00,2025-10-27 03:00:00,NORMAL,GROUP__7179__0038,CONTROL,82.0,70.0,56.0,359.0,200.0,138.0,225.0
CONTROL__7179__2025011300,7179,2025-01-13 00:00:00,2025-01-12 21:00:00,2025-01-13 03:00:00,NORMAL,GROUP__7179__0038,CONTROL,77.0,56.0,48.0,0.0,0.0,0.0,0.0
CONTROL__T0231__2025061601,T0231,2025-06-16 01:00:00,2025-06-15 22:00:00,2025-06-16 04:00:00,NORMAL,GROUP__T0231__0004,CONTROL,219.0,112.0,6.0,3.0,1.0,10.0,30.0
CONTROL__T0231__2025012001,T0231,2025-01-20 01:00:00,2025-01-19 22:00:00,2025-01-20 04:00:00,NORMAL,GROUP__T0231__0004,CONTROL,0.0,0.0,0.0,0.0,0.0,0.0,0.0
CONTROL__7179__2025081121,7179,2025-08-11 21:00:00,2025-08-11 18:00:00,2025-08-12 00:00:00,NORMAL,GROUP__7179__0039,CONTROL,1841.0,1306.0,956.0,848.0,743.0,413.0,282.0
CONTROL__7179__2025072821,7179,2025-07-28 21:00:00,2025-07-28 18:00:00,2025-07-29 00:00:00,NORMAL,GROUP__7179__0039,CONTROL,237.0,181.0,118.0,78.0,72.0,47.0,247.0
CONTROL__7248__2025032601,7248,2025-03-26 01:00:00,2025-03-25 22:00:00,2025-03-26 04:00:00,NORMAL,GROUP__7248__0019,CONTROL,408.0,257.0,51.0,67.0,62.0,81.0,117.0
CONTROL__7248__2025042301,7248,2025-04-23 01:00:00,2025-04-22 22:00:00,2025-04-23 04:00:00,NORMAL,GROUP__7248__0019,CONTROL,389.0,259.0,0.0,0.0,0.0,0.0,0.0
CONTROL__7251__2025021904,7251,2025-02-19 04:00:00,2025-02-19 01:00:00,2025-02-19 07:00:00,NORMAL,GROUP__7251__0015,CONTROL,0.0,0.0,0.0,0.0,0.0,0.0,0.0
CONTROL__7251__2025072304,7251,2025-07-23 04:00:00,2025-07-23 01:00:00,2025-07-23 07:00:00,NORMAL,GROUP__7251__0015,CONTROL,17.0,16.0,16.0,24.0,48.0,90.0,105.0
CONTROL__7119-PR__2025020505,7119-PR,2025-02-05 05:00:00,2025-02-05 02:00:00,2025-02-05 08:00:00,NORMAL,GROUP__7119-PR__0008,CONTROL,0.0,0.0,0.0,0.0,0.0,0.0,0.0
CONTROL__7119-PR__2025030505,7119-PR,2025-03-05 05:00:00,2025-03-05 02:00:00,2025-03-05 08:00:00,NORMAL,GROUP__7119-PR__0008,CONTROL,3.0,10.0,22.0,40.0,88.0,91.0,89.0
CONTROL__51235__2025082007,51235,2025-08-20 07:00:00,2025-08-20 04:00:00,2025-08-20 10:00:00,NORMAL,GROUP__51235__0021,CONTROL,43.0,115.0,310.0,213.0,187.0,227.0,151.0
CONTROL__51235__2025031207,51235,2025-03-12 07:00:00,2025-03-12 04:00:00,2025-03-12 10:00:00,NORMAL,GROUP__51235__0021,CONTROL,0.0,0.0,0.0,0.0,0.0,0.0,0.0
CONTROL__9658__2025020509,9658,2025-02-05 09:00:00,2025-02-05 06:00:00,2025-02-05 12:00:00,NORMAL,GROUP__9658__0017,CONTROL,0.0,0.0,0.0,0.0,0.0,0.0,0.0
CONTROL__9658__2025101509,9658,2025-10-15 09:00:00,2025-10-15 06:00:00,2025-10-15 12:00:00,NORMAL,GROUP__9658__0017,CONTROL,882.0,1154.0,881.0,831.0,849.0,854.0,825.0
CONTROL__F3FWY003__2025100818,F3FWY003,2025-10-08 18:00:00,2025-10-08 15:00:00,2025-10-08 21:00:00,NORMAL,GROUP__F3FWY003__0024,CONTROL,2891.0,3166.0,2852.0,2101.0,1238.0,854.0,574.0
CONTROL__F3FWY003__2025032618,F3FWY003,2025-03-26 18:00:00,2025-03-26 15:00:00,2025-03-26 21:00:00,NORMAL,GROUP__F3FWY003__0024,CONTROL,0.0,0.0,0.0,0.0,0.0,0.0,0.0
CONTROL__72027__2025031222,72027,2025-03-12 22:00:00,2025-03-12 19:00:00,2025-03-13 01:00:00,NORMAL,GROUP__72027__0001,CONTROL,68.0,40.0,28.0,19.0,9.0,4.0,4.0
CONTROL__72027__2025031922,72027,2025-03-19 22:00:00,2025-03-19 19:00:00,2025-03-20 01:00:00,NORMAL,GROUP__72027__0001,CONTROL,40.0,39.0,26.0,14.0,2.0,3.0,2.0
CONTROL__F3FWY001__2025020600,F3FWY001,2025-02-06 00:00:00,2025-02-05 21:00:00,2025-02-06 03:00:00,NORMAL,GROUP__F3FWY001__0006,CONTROL,0.0,0.0,0.0,0.0,0.0,0.0,0.0
CONTROL__F3FWY001__2025022700,F3FWY001,2025-02-27 00:00:00,2025-02-26 21:00:00,2025-02-27 03:00:00,NORMAL,GROUP__F3FWY001__0006,CONTROL,0.0,0.0,0.0,0.0,0.0,0.0,0.0
CONTROL__74230__2025090401,74230,2025-09-04 01:00:00,2025-09-03 22:00:00,2025-09-04 04:00:00,NORMAL,GROUP__74230__0006,CONTROL,3.0,3.0,1.0,1.0,1.0,1.0,4.0
CONTROL__74230__2025121801,74230,2025-12-18 01:00:00,2025-12-17 22:00:00,2025-12-18 04:00:00,NORMAL,GROUP__74230__0006,CONTROL,14.0,5.0,3.0,1.0,5.0,5.0,18.0
CONTROL__7179__2025050804,7179,2025-05-08 04:00:00,2025-05-08 01:00:00,2025-05-08 07:00:00,NORMAL,GROUP__7179__0040,CONTROL,180.0,156.0,213.0,441.0,968.0,1424.0,1659.0
CONTROL__7179__2025032004,7179,2025-03-20 04:00:00,2025-03-20 01:00:00,2025-03-20 07:00:00,NORMAL,GROUP__7179__0040,CONTROL,3.0,11.0,9.0,30.0,71.0,89.0,94.0
CONTROL__29005__2025121107,29005,2025-12-11 07:00:00,2025-12-11 04:00:00,2025-12-11 10:00:00,NORMAL,GROUP__29005__0012,CONTROL,174.0,289.0,566.0,510.0,425.0,482.0,429.0
CONTROL__29005__2025112007,29005,2025-11-20 07:00:00,2025-11-20 04:00:00,2025-11-20 10:00:00,NORMAL,GROUP__29005__0012,CONTROL,326.0,995.0,2409.0,3420.0,3210.0,2810.0,2390.0
CONTROL__50240__2025061208,50240,2025-06-12 08:00:00,2025-06-12 05:00:00,2025-06-12 11:00:00,NORMAL,GROUP__50240__0026,CONTROL,2163.0,2647.0,2487.0,2415.0,2127.0,1915.0,1859.0
CONTROL__50240__2025031308,50240,2025-03-13 08:00:00,2025-03-13 05:00:00,2025-03-13 11:00:00,NORMAL,GROUP__50240__0026,CONTROL,0.0,0.0,0.0,0.0,0.0,0.0,1899.0
CONTROL__10011__2025112721,10011,2025-11-27 21:00:00,2025-11-27 18:00:00,2025-11-28 00:00:00,NORMAL,GROUP__10011__0019,CONTROL,0.0,0.0,0.0,0.0,0.0,0.0,0.0
CONTROL__10011__2025091121,10011,2025-09-11 21:00:00,2025-09-11 18:00:00,2025-09-12 00:00:00,NORMAL,GROUP__10011__0019,CONTROL,0.0,0.0,0.0,0.0,0.0,0.0,0.0
CONTROL__7139__2025110621,7139,2025-11-06 21:00:00,2025-11-06 18:00:00,2025-11-07 00:00:00,NORMAL,GROUP__7139__0019,CONTROL,2600.0,1869.0,1824.0,1606.0,1042.0,570.0,16.0
CONTROL__7139__2025062621,7139,2025-06-26 21:00:00,2025-06-26 18:00:00,2025-06-27 00:00:00,NORMAL,GROUP__7139__0019,CONTROL,0.0,0.0,0.0,0.0,0.0,0.0,25.0
CONTROL__7112__2025080100,7112,2025-08-01 00:00:00,2025-07-31 21:00:00,2025-08-01 03:00:00,NORMAL,GROUP__7112__0027,CONTROL,29.0,24.0,27.0,14.0,16.0,14.0,26.0
CONTROL__7112__2025122600,7112,2025-12-26 00:00:00,2025-12-25 21:00:00,2025-12-26 03:00:00,NORMAL,GROUP__7112__0027,CONTROL,0.0,0.0,0.0,8.0,9.0,8.0,12.0
CONTROL__23067__2025072501,23067,2025-07-25 01:00:00,2025-07-24 22:00:00,2025-07-25 04:00:00,NORMAL,GROUP__23067__0017,CONTROL,26.0,29.0,25.0,40.0,43.0,82.0,64.0
CONTROL__23067__2025042501,23067,2025-04-25 01:00:00,2025-04-24 22:00:00,2025-04-25 04:00:00,NORMAL,GROUP__23067__0017,CONTROL,0.0,0.0,72.0,45.0,93.0,355.0,709.0
CONTROL__F3FWY003__2025121906,F3FWY003,2025-12-19 06:00:00,2025-12-19 03:00:00,2025-12-19 09:00:00,NORMAL,GROUP__F3FWY003__0025,CONTROL,114.0,298.0,459.0,692.0,666.0,577.0,577.0
CONTROL__F3FWY003__2025071806,F3FWY003,2025-07-18 06:00:00,2025-07-18 03:00:00,2025-07-18 09:00:00,NORMAL,GROUP__F3FWY003__0025,CONTROL,0.0,0.0,0.0,0.0,0.0,0.0,0.0
CONTROL__7120__2025022809,7120,2025-02-28 09:00:00,2025-02-28 06:00:00,2025-02-28 12:00:00,NORMAL,GROUP__7120__0022,CONTROL,0.0,0.0,0.0,0.0,0.0,0.0,0.0
CONTROL__7120__2025021409,7120,2025-02-14 09:00:00,2025-02-14 06:00:00,2025-02-14 12:00:00,NORMAL,GROUP__7120__0022,CONTROL,0.0,0.0,0.0,0.0,0.0,0.0,0.0
CONTROL__7121__2025031409,7121,2025-03-14 09:00:00,2025-03-14 06:00:00,2025-03-14 12:00:00,NORMAL,GROUP__7121__0022,CONTROL,223.0,361.0,421.0,440.0,422.0,473.0,501.0
CONTROL__7121__2025050209,7121,2025-05-02 09:00:00,2025-05-02 06:00:00,2025-05-02 12:00:00,NORMAL,GROUP__7121__0022,CONTROL,208.0,308.0,478.0,398.0,407.0,448.0,458.0
CONTROL__7120__2025070414,7120,2025-07-04 14:00:00,2025-07-04 11:00:00,2025-07-04 17:00:00,NORMAL,GROUP__7120__0022,CONTROL,79.0,85.0,56.0,64.0,45.0,42.0,29.0
CONTROL__7120__2025122614,7120,2025-12-26 14:00:00,2025-12-26 11:00:00,2025-12-26 17:00:00,NORMAL,GROUP__7120__0022,CONTROL,0.0,0.0,0.0,0.0,0.0,0.0,0.0
CONTROL__7121__2025021414,7121,2025-02-14 14:00:00,2025-02-14 11:00:00,2025-02-14 17:00:00,NORMAL,GROUP__7121__0022,CONTROL,0.0,0.0,0.0,0.0,0.0,0.0,0.0
CONTROL__7121__2025050214,7121,2025-05-02 14:00:00,2025-05-02 11:00:00,2025-05-02 17:00:00,NORMAL,GROUP__7121__0022,CONTROL,448.0,458.0,505.0,558.0,608.0,525.0,550.0
CONTROL__51235__2025042520,51235,2025-04-25 20:00:00,2025-04-25 17:00:00,2025-04-25 23:00:00,NORMAL,GROUP__51235__0022,CONTROL,955.0,874.0,750.0,669.0,600.0,504.0,327.0
CONTROL__51235__2025061320,51235,2025-06-13 20:00:00,2025-06-13 17:00:00,2025-06-13 23:00:00,NORMAL,GROUP__51235__0022,CONTROL,1727.0,1758.0,1309.0,1046.0,920.0,787.0,548.0
CONTROL__33014__2025032123,33014,2025-03-21 23:00:00,2025-03-21 20:00:00,2025-03-22 02:00:00,NORMAL,GROUP__33014__0022,CONTROL,752.0,568.0,391.0,0.0,17.0,11.0,10.0
CONTROL__33014__2025102423,33014,2025-10-24 23:00:00,2025-10-24 20:00:00,2025-10-25 02:00:00,NORMAL,GROUP__33014__0022,CONTROL,0.0,0.0,0.0,0.0,0.0,0.0,0.0
CONTROL__68025__2025121307,68025,2025-12-13 07:00:00,2025-12-13 04:00:00,2025-12-13 10:00:00,NORMAL,GROUP__68025__0019,CONTROL,13.0,32.0,41.0,44.0,51.0,46.0,48.0
CONTROL__68025__2025101807,68025,2025-10-18 07:00:00,2025-10-18 04:00:00,2025-10-18 10:00:00,NORMAL,GROUP__68025__0019,CONTROL,101.0,236.0,371.0,572.0,664.0,866.0,992.0
CONTROL__51235__2025030201,51235,2025-03-02 01:00:00,2025-03-01 22:00:00,2025-03-02 04:00:00,NORMAL,GROUP__51235__0023,CONTROL,37.0,31.0,0.0,0.0,0.0,0.0,0.0
CONTROL__51235__2025033001,51235,2025-03-30 01:00:00,2025-03-29 22:00:00,2025-03-30 04:00:00,NORMAL,GROUP__51235__0023,CONTROL,38.0,35.0,386.0,262.0,155.0,130.0,153.0
CONTROL__7179__2025011904,7179,2025-01-19 04:00:00,2025-01-19 01:00:00,2025-01-19 07:00:00,NORMAL,GROUP__7179__0041,CONTROL,35.0,22.0,20.0,15.0,22.0,32.0,52.0
CONTROL__7179__2025012604,7179,2025-01-26 04:00:00,2025-01-26 01:00:00,2025-01-26 07:00:00,NORMAL,GROUP__7179__0041,CONTROL,0.0,0.0,0.0,0.0,0.0,0.0,0.0
CONTROL__7120__2025100603,7120,2025-10-06 03:00:00,2025-10-06 00:00:00,2025-10-06 06:00:00,NORMAL,GROUP__7120__0023,CONTROL,14.0,12.0,7.0,14.0,19.0,18.0,27.0
CONTROL__7120__2025111703,7120,2025-11-17 03:00:00,2025-11-17 00:00:00,2025-11-17 06:00:00,NORMAL,GROUP__7120__0023,CONTROL,115.0,77.0,77.0,88.0,204.0,603.0,715.0
CONTROL__7121__2025121503,7121,2025-12-15 03:00:00,2025-12-15 00:00:00,2025-12-15 06:00:00,NORMAL,GROUP__7121__0023,CONTROL,61.0,53.0,35.0,25.0,38.0,69.0,135.0
CONTROL__7121__2025111703,7121,2025-11-17 03:00:00,2025-11-17 00:00:00,2025-11-17 06:00:00,NORMAL,GROUP__7121__0023,CONTROL,0.0,0.0,0.0,0.0,0.0,0.0,0.0
CONTROL__10011__2025031704,10011,2025-03-17 04:00:00,2025-03-17 01:00:00,2025-03-17 07:00:00,NORMAL,GROUP__10011__0020,CONTROL,2.0,3.0,7.0,0.0,0.0,0.0,0.0
CONTROL__10011__2025063004,10011,2025-06-30 04:00:00,2025-06-30 01:00:00,2025-06-30 07:00:00,NORMAL,GROUP__10011__0020,CONTROL,0.0,0.0,0.0,0.0,0.0,0.0,0.0
CONTROL__7139__2025121504,7139,2025-12-15 04:00:00,2025-12-15 01:00:00,2025-12-15 07:00:00,NORMAL,GROUP__7139__0020,CONTROL,8.0,11.0,22.0,24.0,76.0,199.0,245.0
CONTROL__7139__2025082504,7139,2025-08-25 04:00:00,2025-08-25 01:00:00,2025-08-25 07:00:00,NORMAL,GROUP__7139__0020,CONTROL,82.0,66.0,71.0,177.0,629.0,1481.0,2623.0
CONTROL__9836-PR__2025100606,9836-PR,2025-10-06 06:00:00,2025-10-06 03:00:00,2025-10-06 09:00:00,NORMAL,GROUP__9836-PR__0003,CONTROL,155.0,132.0,109.0,215.0,281.0,440.0,642.0
CONTROL__9836-PR__2025120106,9836-PR,2025-12-01 06:00:00,2025-12-01 03:00:00,2025-12-01 09:00:00,NORMAL,GROUP__9836-PR__0003,CONTROL,103.0,326.0,1047.0,1766.0,0.0,1514.0,1355.0
CONTROL__32029__2025111009,32029,2025-11-10 09:00:00,2025-11-10 06:00:00,2025-11-10 12:00:00,NORMAL,GROUP__32029__0002,CONTROL,0.0,0.0,0.0,0.0,0.0,0.0,0.0
CONTROL__32029__2025033109,32029,2025-03-31 09:00:00,2025-03-31 06:00:00,2025-03-31 12:00:00,NORMAL,GROUP__32029__0002,CONTROL,0.0,0.0,0.0,0.0,0.0,0.0,0.0
CONTROL__23067__2025112420,23067,2025-11-24 20:00:00,2025-11-24 17:00:00,2025-11-24 23:00:00,NORMAL,GROUP__23067__0018,CONTROL,1472.0,1517.0,1173.0,1103.0,1009.0,797.0,204.0
CONTROL__23067__2025092920,23067,2025-09-29 20:00:00,2025-09-29 17:00:00,2025-09-29 23:00:00,NORMAL,GROUP__23067__0018,CONTROL,2159.0,1954.0,1288.0,1089.0,997.0,801.0,759.0
CONTROL__7161__2025011402,7161,2025-01-14 02:00:00,2025-01-13 23:00:00,2025-01-14 05:00:00,NORMAL,GROUP__7161__0013,CONTROL,27.0,108.0,70.0,56.0,85.0,174.0,467.0
CONTROL__7161__2025072202,7161,2025-07-22 02:00:00,2025-07-21 23:00:00,2025-07-22 05:00:00,NORMAL,GROUP__7161__0013,CONTROL,18.0,33.0,16.0,20.0,21.0,31.0,100.0
CONTROL__T0231__2025061002,T0231,2025-06-10 02:00:00,2025-06-09 23:00:00,2025-06-10 05:00:00,NORMAL,GROUP__T0231__0005,CONTROL,7.0,6.0,3.0,6.0,12.0,27.0,76.0
CONTROL__T0231__2025102802,T0231,2025-10-28 02:00:00,2025-10-27 23:00:00,2025-10-28 05:00:00,NORMAL,GROUP__T0231__0005,CONTROL,6.0,63.0,55.0,50.0,88.0,236.0,717.0
CONTROL__7112__2025111120,7112,2025-11-11 20:00:00,2025-11-11 17:00:00,2025-11-11 23:00:00,NORMAL,GROUP__7112__0028,CONTROL,1331.0,1291.0,877.0,797.0,673.0,447.0,271.0
CONTROL__7112__2025072920,7112,2025-07-29 20:00:00,2025-07-29 17:00:00,2025-07-29 23:00:00,NORMAL,GROUP__7112__0028,CONTROL,117.0,87.0,55.0,49.0,38.0,27.0,18.0
CONTROL__51235__2025061021,51235,2025-06-10 21:00:00,2025-06-10 18:00:00,2025-06-11 00:00:00,NORMAL,GROUP__51235__0024,CONTROL,79.0,63.0,61.0,45.0,31.0,27.0,24.0
CONTROL__51235__2025102121,51235,2025-10-21 21:00:00,2025-10-21 18:00:00,2025-10-22 00:00:00,NORMAL,GROUP__51235__0024,CONTROL,88.0,80.0,59.0,47.0,38.0,21.0,169.0
CONTROL__33014__2025040201,33014,2025-04-02 01:00:00,2025-04-01 22:00:00,2025-04-02 04:00:00,NORMAL,GROUP__33014__0023,CONTROL,18.0,0.0,5.0,11.0,15.0,46.0,104.0
CONTROL__33014__2025081301,33014,2025-08-13 01:00:00,2025-08-12 22:00:00,2025-08-13 04:00:00,NORMAL,GROUP__33014__0023,CONTROL,0.0,0.0,0.0,0.0,0.0,0.0,0.0
CONTROL__22001__2025061106,22001,2025-06-11 06:00:00,2025-06-11 03:00:00,2025-06-11 09:00:00,NORMAL,GROUP__22001__0009,CONTROL,0.0,0.0,0.0,0.0,0.0,0.0,0.0
CONTROL__22001__2025091006,22001,2025-09-10 06:00:00,2025-09-10 03:00:00,2025-09-10 09:00:00,NORMAL,GROUP__22001__0009,CONTROL,0.0,0.0,0.0,0.0,0.0,0.0,0.0
CONTROL__7270__2025042310,7270,2025-04-23 10:00:00,2025-04-23 07:00:00,2025-04-23 13:00:00,NORMAL,GROUP__7270__0008,CONTROL,285.0,240.0,216.0,252.0,222.0,198.0,186.0
CONTROL__7270__2025070210,7270,2025-07-02 10:00:00,2025-07-02 07:00:00,2025-07-02 13:00:00,NORMAL,GROUP__7270__0008,CONTROL,0.0,0.0,0.0,0.0,0.0,0.0,0.0
CONTROL__72027__2025061120,72027,2025-06-11 20:00:00,2025-06-11 17:00:00,2025-06-11 23:00:00,NORMAL,GROUP__72027__0002,CONTROL,130.0,127.0,61.0,34.0,27.0,17.0,15.0
CONTROL__72027__2025011520,72027,2025-01-15 20:00:00,2025-01-15 17:00:00,2025-01-15 23:00:00,NORMAL,GROUP__72027__0002,CONTROL,924.0,499.0,353.0,198.0,196.0,109.0,41.0
CONTROL__68025__2025100821,68025,2025-10-08 21:00:00,2025-10-08 18:00:00,2025-10-09 00:00:00,NORMAL,GROUP__68025__0020,CONTROL,878.0,750.0,555.0,468.0,351.0,205.0,11.0
CONTROL__68025__2025070221,68025,2025-07-02 21:00:00,2025-07-02 18:00:00,2025-07-03 00:00:00,NORMAL,GROUP__68025__0020,CONTROL,0.0,0.0,0.0,0.0,0.0,0.0,143.0
CONTROL__22001__2025012222,22001,2025-01-22 22:00:00,2025-01-22 19:00:00,2025-01-23 01:00:00,NORMAL,GROUP__22001__0010,CONTROL,1029.0,981.0,719.0,509.0,229.0,18.0,19.0
CONTROL__22001__2025051422,22001,2025-05-14 22:00:00,2025-05-14 19:00:00,2025-05-15 01:00:00,NORMAL,GROUP__22001__0010,CONTROL,0.0,0.0,0.0,0.0,0.0,0.0,0.0
CONTROL__53004__2025080700,53004,2025-08-07 00:00:00,2025-08-06 21:00:00,2025-08-07 03:00:00,NORMAL,GROUP__53004__0018,CONTROL,24.0,11.0,12.0,15.0,13.0,12.0,18.0
CONTROL__53004__2025090400,53004,2025-09-04 00:00:00,2025-09-03 21:00:00,2025-09-04 03:00:00,NORMAL,GROUP__53004__0018,CONTROL,835.0,606.0,291.0,10.0,7.0,16.0,21.0
CONTROL__7159__2025050201,7159,2025-05-02 01:00:00,2025-05-01 22:00:00,2025-05-02 04:00:00,NORMAL,GROUP__7159__0008,CONTROL,47.0,29.0,24.0,16.0,29.0,33.0,51.0
CONTROL__7159__2025032101,7159,2025-03-21 01:00:00,2025-03-20 22:00:00,2025-03-21 04:00:00,NORMAL,GROUP__7159__0008,CONTROL,33.0,33.0,16.0,27.0,18.0,29.0,47.0
CONTROL__7179__2025060604,7179,2025-06-06 04:00:00,2025-06-06 01:00:00,2025-06-06 07:00:00,NORMAL,GROUP__7179__0042,CONTROL,46.0,44.0,79.0,113.0,254.0,311.0,321.0
CONTROL__7179__2025092604,7179,2025-09-26 04:00:00,2025-09-26 01:00:00,2025-09-26 07:00:00,NORMAL,GROUP__7179__0042,CONTROL,215.0,165.0,216.0,398.0,911.0,1286.0,1595.0
CONTROL__7132__2025092722,7132,2025-09-27 22:00:00,2025-09-27 19:00:00,2025-09-28 01:00:00,NORMAL,GROUP__7132__0017,CONTROL,25.0,19.0,14.0,14.0,10.0,12.0,3.0
CONTROL__7132__2025062122,7132,2025-06-21 22:00:00,2025-06-21 19:00:00,2025-06-22 01:00:00,NORMAL,GROUP__7132__0017,CONTROL,870.0,627.0,549.0,469.0,346.0,283.0,220.0
CONTROL__7184__2025113004,7184,2025-11-30 04:00:00,2025-11-30 01:00:00,2025-11-30 07:00:00,NORMAL,GROUP__7184__0019,CONTROL,250.0,160.0,145.0,118.0,235.0,566.0,960.0
CONTROL__7184__2025092104,7184,2025-09-21 04:00:00,2025-09-21 01:00:00,2025-09-21 07:00:00,NORMAL,GROUP__7184__0019,CONTROL,11.0,9.0,8.0,11.0,27.0,32.0,40.0
CONTROL__F3FWY003__2025110208,F3FWY003,2025-11-02 08:00:00,2025-11-02 05:00:00,2025-11-02 11:00:00,NORMAL,GROUP__F3FWY003__0026,CONTROL,100.0,144.0,193.0,217.0,285.0,290.0,300.0
CONTROL__F3FWY003__2025030908,F3FWY003,2025-03-09 08:00:00,2025-03-09 05:00:00,2025-03-09 11:00:00,NORMAL,GROUP__F3FWY003__0026,CONTROL,0.0,0.0,0.0,0.0,0.0,0.0,0.0
CONTROL__7248__2025111700,7248,2025-11-17 00:00:00,2025-11-16 21:00:00,2025-11-17 03:00:00,NORMAL,GROUP__7248__0020,CONTROL,63.0,87.0,61.0,64.0,57.0,57.0,69.0
CONTROL__7248__2025090800,7248,2025-09-08 00:00:00,2025-09-07 21:00:00,2025-09-08 03:00:00,NORMAL,GROUP__7248__0020,CONTROL,63.0,59.0,44.0,146.0,73.0,73.0,126.0
CONTROL__7112__2025041406,7112,2025-04-14 06:00:00,2025-04-14 03:00:00,2025-04-14 09:00:00,NORMAL,GROUP__7112__0029,CONTROL,24.0,65.0,130.0,272.0,250.0,235.0,253.0
CONTROL__7112__2025010606,7112,2025-01-06 06:00:00,2025-01-06 03:00:00,2025-01-06 09:00:00,NORMAL,GROUP__7112__0029,CONTROL,0.0,0.0,0.0,0.0,0.0,0.0,0.0
CONTROL__29005__2025070708,29005,2025-07-07 08:00:00,2025-07-07 05:00:00,2025-07-07 11:00:00,NORMAL,GROUP__29005__0013,CONTROL,21.0,378.0,183.0,248.0,64.0,164.0,360.0
CONTROL__29005__2025121508,29005,2025-12-15 08:00:00,2025-12-15 05:00:00,2025-12-15 11:00:00,NORMAL,GROUP__29005__0013,CONTROL,942.0,2256.0,0.0,3197.0,2602.0,2269.0,0.0
CONTROL__7179__2025022420,7179,2025-02-24 20:00:00,2025-02-24 17:00:00,2025-02-24 23:00:00,NORMAL,GROUP__7179__0043,CONTROL,0.0,0.0,0.0,0.0,0.0,0.0,0.0
CONTROL__7179__2025071420,7179,2025-07-14 20:00:00,2025-07-14 17:00:00,2025-07-14 23:00:00,NORMAL,GROUP__7179__0043,CONTROL,284.0,232.0,153.0,96.0,84.0,71.0,64.0
CONTROL__51235__2025031023,51235,2025-03-10 23:00:00,2025-03-10 20:00:00,2025-03-11 02:00:00,NORMAL,GROUP__51235__0025,CONTROL,1251.0,1005.0,917.0,446.0,36.0,22.0,18.0
CONTROL__51235__2025090823,51235,2025-09-08 23:00:00,2025-09-08 20:00:00,2025-09-09 02:00:00,NORMAL,GROUP__51235__0025,CONTROL,52.0,36.0,24.0,16.0,133.0,83.0,84.0
CONTROL__33014__2025081200,33014,2025-08-12 00:00:00,2025-08-11 21:00:00,2025-08-12 03:00:00,NORMAL,GROUP__33014__0024,CONTROL,0.0,0.0,0.0,0.0,0.0,0.0,0.0
CONTROL__33014__2025031100,33014,2025-03-11 00:00:00,2025-03-10 21:00:00,2025-03-11 03:00:00,NORMAL,GROUP__33014__0024,CONTROL,22.0,19.0,0.0,55.0,55.0,58.0,197.0
CONTROL__7112__2025102805,7112,2025-10-28 05:00:00,2025-10-28 02:00:00,2025-10-28 08:00:00,NORMAL,GROUP__7112__0030,CONTROL,22.0,32.0,59.0,123.0,255.0,263.0,223.0
CONTROL__7112__2025110405,7112,2025-11-04 05:00:00,2025-11-04 02:00:00,2025-11-04 08:00:00,NORMAL,GROUP__7112__0030,CONTROL,22.0,28.0,75.0,116.0,267.0,239.0,208.0
CONTROL__47024__2025090906,47024,2025-09-09 06:00:00,2025-09-09 03:00:00,2025-09-09 09:00:00,NORMAL,GROUP__47024__0009,CONTROL,46.0,47.0,127.0,145.0,154.0,195.0,227.0
CONTROL__47024__2025041506,47024,2025-04-15 06:00:00,2025-04-15 03:00:00,2025-04-15 09:00:00,NORMAL,GROUP__47024__0009,CONTROL,26.0,22.0,62.0,79.0,81.0,111.0,116.0
CONTROL__7132__2025052723,7132,2025-05-27 23:00:00,2025-05-27 20:00:00,2025-05-28 02:00:00,NORMAL,GROUP__7132__0018,CONTROL,485.0,390.0,281.0,157.0,6.0,13.0,8.0
CONTROL__7132__2025070123,7132,2025-07-01 23:00:00,2025-07-01 20:00:00,2025-07-02 02:00:00,NORMAL,GROUP__7132__0018,CONTROL,23.0,15.0,10.0,15.0,5.0,7.0,2.0
CONTROL__7248__2025081305,7248,2025-08-13 05:00:00,2025-08-13 02:00:00,2025-08-13 08:00:00,NORMAL,GROUP__7248__0021,CONTROL,67.0,68.0,141.0,280.0,320.0,201.0,208.0
CONTROL__7248__2025022605,7248,2025-02-26 05:00:00,2025-02-26 02:00:00,2025-02-26 08:00:00,NORMAL,GROUP__7248__0021,CONTROL,0.0,0.0,0.0,0.0,0.0,0.0,0.0
CONTROL__33014__2025110507,33014,2025-11-05 07:00:00,2025-11-05 04:00:00,2025-11-05 10:00:00,NORMAL,GROUP__33014__0025,CONTROL,0.0,0.0,0.0,0.0,0.0,0.0,0.0
CONTROL__33014__2025040207,33014,2025-04-02 07:00:00,2025-04-02 04:00:00,2025-04-02 10:00:00,NORMAL,GROUP__33014__0025,CONTROL,104.0,216.0,179.0,174.0,212.0,194.0,182.0
CONTROL__T0231__2025010111,T0231,2025-01-01 11:00:00,2025-01-01 08:00:00,2025-01-01 14:00:00,NORMAL,GROUP__T0231__0006,CONTROL,0.0,0.0,0.0,0.0,0.0,0.0,0.0
CONTROL__T0231__2025022611,T0231,2025-02-26 11:00:00,2025-02-26 08:00:00,2025-02-26 14:00:00,NORMAL,GROUP__T0231__0006,CONTROL,0.0,0.0,0.0,0.0,0.0,0.0,0.0
CONTROL__51235__2025061822,51235,2025-06-18 22:00:00,2025-06-18 19:00:00,2025-06-19 01:00:00,NORMAL,GROUP__51235__0026,CONTROL,1453.0,1075.0,1028.0,972.0,497.0,166.0,84.0
CONTROL__51235__2025050722,51235,2025-05-07 22:00:00,2025-05-07 19:00:00,2025-05-08 01:00:00,NORMAL,GROUP__51235__0026,CONTROL,90.0,59.0,34.0,36.0,18.0,169.0,107.0
CONTROL__F3FWY003__2025073100,F3FWY003,2025-07-31 00:00:00,2025-07-30 21:00:00,2025-07-31 03:00:00,NORMAL,GROUP__F3FWY003__0027,CONTROL,0.0,0.0,0.0,0.0,0.0,0.0,0.0
CONTROL__F3FWY003__2025120400,F3FWY003,2025-12-04 00:00:00,2025-12-03 21:00:00,2025-12-04 03:00:00,NORMAL,GROUP__F3FWY003__0027,CONTROL,780.0,596.0,558.0,273.0,89.0,73.0,98.0
CONTROL__47024__2025032702,47024,2025-03-27 02:00:00,2025-03-26 23:00:00,2025-03-27 05:00:00,NORMAL,GROUP__47024__0010,CONTROL,0.0,350.0,303.0,270.0,347.0,586.0,1200.0
CONTROL__47024__2025052202,47024,2025-05-22 02:00:00,2025-05-21 23:00:00,2025-05-22 05:00:00,NORMAL,GROUP__47024__0010,CONTROL,0.0,511.0,261.0,196.0,240.0,421.0,921.0
CONTROL__53004__2025082107,53004,2025-08-21 07:00:00,2025-08-21 04:00:00,2025-08-21 10:00:00,NORMAL,GROUP__53004__0019,CONTROL,31.0,44.0,73.0,79.0,81.0,98.0,107.0
CONTROL__53004__2025050107,53004,2025-05-01 07:00:00,2025-05-01 04:00:00,2025-05-01 10:00:00,NORMAL,GROUP__53004__0019,CONTROL,28.0,35.0,84.0,84.0,81.0,102.0,0.0
CONTROL__7112__2025092507,7112,2025-09-25 07:00:00,2025-09-25 04:00:00,2025-09-25 10:00:00,NORMAL,GROUP__7112__0031,CONTROL,241.0,929.0,1524.0,1368.0,1282.0,1018.0,954.0
CONTROL__7112__2025050807,7112,2025-05-08 07:00:00,2025-05-08 04:00:00,2025-05-08 10:00:00,NORMAL,GROUP__7112__0031,CONTROL,231.0,875.0,1513.0,1376.0,1301.0,1034.0,981.0
CONTROL__23067__2025082110,23067,2025-08-21 10:00:00,2025-08-21 07:00:00,2025-08-21 13:00:00,NORMAL,GROUP__23067__0019,CONTROL,1512.0,1309.0,1408.0,1371.0,1447.0,1423.0,1460.0
CONTROL__23067__2025072410,23067,2025-07-24 10:00:00,2025-07-24 07:00:00,2025-07-24 13:00:00,NORMAL,GROUP__23067__0019,CONTROL,100.0,90.0,88.0,122.0,114.0,115.0,107.0
CONTROL__51235__2025091121,51235,2025-09-11 21:00:00,2025-09-11 18:00:00,2025-09-12 00:00:00,NORMAL,GROUP__51235__0027,CONTROL,73.0,78.0,48.0,43.0,32.0,20.0,13.0
CONTROL__51235__2025080721,51235,2025-08-07 21:00:00,2025-08-07 18:00:00,2025-08-08 00:00:00,NORMAL,GROUP__51235__0027,CONTROL,80.0,84.0,52.0,49.0,27.0,15.0,156.0
CONTROL__7270__2025051603,7270,2025-05-16 03:00:00,2025-05-16 00:00:00,2025-05-16 06:00:00,NORMAL,GROUP__7270__0009,CONTROL,170.0,94.0,95.0,133.0,328.0,1157.0,1958.0
CONTROL__7270__2025022103,7270,2025-02-21 03:00:00,2025-02-21 00:00:00,2025-02-21 06:00:00,NORMAL,GROUP__7270__0009,CONTROL,0.0,0.0,0.0,0.0,0.0,0.0,0.0
CONTROL__29005__2025011704,29005,2025-01-17 04:00:00,2025-01-17 01:00:00,2025-01-17 07:00:00,NORMAL,GROUP__29005__0014,CONTROL,0.0,0.0,0.0,0.0,0.0,0.0,0.0
CONTROL__29005__2025041804,29005,2025-04-18 04:00:00,2025-04-18 01:00:00,2025-04-18 07:00:00,NORMAL,GROUP__29005__0014,CONTROL,26.0,23.0,16.0,28.0,46.0,75.0,118.0
CONTROL__7126__2025071111,7126,2025-07-11 11:00:00,2025-07-11 08:00:00,2025-07-11 14:00:00,NORMAL,GROUP__7126__0010,CONTROL,509.0,444.0,596.0,642.0,748.0,718.0,639.0
CONTROL__7126__2025080811,7126,2025-08-08 11:00:00,2025-08-08 08:00:00,2025-08-08 14:00:00,NORMAL,GROUP__7126__0010,CONTROL,77.0,57.0,56.0,75.0,41.0,64.0,56.0
CONTROL__7120__2025021414,7120,2025-02-14 14:00:00,2025-02-14 11:00:00,2025-02-14 17:00:00,NORMAL,GROUP__7120__0024,CONTROL,0.0,0.0,0.0,0.0,0.0,0.0,0.0
CONTROL__7120__2025040414,7120,2025-04-04 14:00:00,2025-04-04 11:00:00,2025-04-04 17:00:00,NORMAL,GROUP__7120__0024,CONTROL,636.0,653.0,661.0,658.0,665.0,641.0,738.0
CONTROL__7121__2025041814,7121,2025-04-18 14:00:00,2025-04-18 11:00:00,2025-04-18 17:00:00,NORMAL,GROUP__7121__0024,CONTROL,27.0,14.0,13.0,17.0,9.0,11.0,9.0
CONTROL__7121__2025013114,7121,2025-01-31 14:00:00,2025-01-31 11:00:00,2025-01-31 17:00:00,NORMAL,GROUP__7121__0024,CONTROL,0.0,0.0,0.0,0.0,0.0,0.0,0.0
CONTROL__51235__2025030808,51235,2025-03-08 08:00:00,2025-03-08 05:00:00,2025-03-08 11:00:00,NORMAL,GROUP__51235__0028,CONTROL,0.0,0.0,0.0,0.0,0.0,0.0,0.0
CONTROL__51235__2025122008,51235,2025-12-20 08:00:00,2025-12-20 05:00:00,2025-12-20 11:00:00,NORMAL,GROUP__51235__0028,CONTROL,589.0,1467.0,1426.0,1648.0,1798.0,1804.0,1853.0
CONTROL__7120__2025032923,7120,2025-03-29 23:00:00,2025-03-29 20:00:00,2025-03-30 02:00:00,NORMAL,GROUP__7120__0025,CONTROL,630.0,664.0,631.0,507.0,438.0,383.0,287.0
CONTROL__7120__2025122723,7120,2025-12-27 23:00:00,2025-12-27 20:00:00,2025-12-28 02:00:00,NORMAL,GROUP__7120__0025,CONTROL,19.0,14.0,11.0,6.0,257.0,212.0,173.0
CONTROL__7121__2025120623,7121,2025-12-06 23:00:00,2025-12-06 20:00:00,2025-12-07 02:00:00,NORMAL,GROUP__7121__0025,CONTROL,0.0,0.0,0.0,0.0,6.0,1.0,0.0
CONTROL__7121__2025061423,7121,2025-06-14 23:00:00,2025-06-14 20:00:00,2025-06-15 02:00:00,NORMAL,GROUP__7121__0025,CONTROL,420.0,376.0,397.0,359.0,295.0,238.0,200.0
CONTROL__7153__2025122802,7153,2025-12-28 02:00:00,2025-12-27 23:00:00,2025-12-28 05:00:00,NORMAL,GROUP__7153__0015,CONTROL,287.0,27.0,29.0,19.0,24.0,50.0,28.0
CONTROL__7153__2025011202,7153,2025-01-12 02:00:00,2025-01-11 23:00:00,2025-01-12 05:00:00,NORMAL,GROUP__7153__0015,CONTROL,309.0,0.0,0.0,0.0,0.0,0.0,0.0
CONTROL__9849__2025011206,9849,2025-01-12 06:00:00,2025-01-12 03:00:00,2025-01-12 09:00:00,NORMAL,GROUP__9849__0007,CONTROL,0.0,0.0,0.0,1.0,0.0,0.0,1.0
CONTROL__9849__2025021606,9849,2025-02-16 06:00:00,2025-02-16 03:00:00,2025-02-16 09:00:00,NORMAL,GROUP__9849__0007,CONTROL,0.0,0.0,0.0,0.0,0.0,0.0,0.0
CONTROL__7153__2025101306,7153,2025-10-13 06:00:00,2025-10-13 03:00:00,2025-10-13 09:00:00,NORMAL,GROUP__7153__0016,CONTROL,96.0,235.0,935.0,1361.0,1548.0,1510.0,1115.0
CONTROL__7153__2025112406,7153,2025-11-24 06:00:00,2025-11-24 03:00:00,2025-11-24 09:00:00,NORMAL,GROUP__7153__0016,CONTROL,59.0,72.0,200.0,351.0,237.0,230.0,270.0
CONTROL__7161__2025090809,7161,2025-09-08 09:00:00,2025-09-08 06:00:00,2025-09-08 12:00:00,NORMAL,GROUP__7161__0014,CONTROL,149.0,144.0,137.0,158.0,148.0,157.0,169.0
CONTROL__7161__2025122209,7161,2025-12-22 09:00:00,2025-12-22 06:00:00,2025-12-22 12:00:00,NORMAL,GROUP__7161__0014,CONTROL,635.0,863.0,942.0,984.0,1065.0,1158.0,1062.0
CONTROL__9836-PR__2025051910,9836-PR,2025-05-19 10:00:00,2025-05-19 07:00:00,2025-05-19 13:00:00,NORMAL,GROUP__9836-PR__0004,CONTROL,1095.0,1131.0,1006.0,1015.0,1069.0,1148.0,1142.0
CONTROL__9836-PR__2025012710,9836-PR,2025-01-27 10:00:00,2025-01-27 07:00:00,2025-01-27 13:00:00,NORMAL,GROUP__9836-PR__0004,CONTROL,48.0,55.0,67.0,60.0,55.0,47.0,53.0
CONTROL__7179__2025101315,7179,2025-10-13 15:00:00,2025-10-13 12:00:00,2025-10-13 18:00:00,NORMAL,GROUP__7179__0044,CONTROL,1539.0,1545.0,1746.0,1852.0,1828.0,2035.0,1914.0
CONTROL__7179__2025072815,7179,2025-07-28 15:00:00,2025-07-28 12:00:00,2025-07-28 18:00:00,NORMAL,GROUP__7179__0044,CONTROL,460.0,468.0,474.0,446.0,333.0,300.0,237.0
CONTROL__T0288__2025102019,T0288,2025-10-20 19:00:00,2025-10-20 16:00:00,2025-10-20 22:00:00,NORMAL,GROUP__T0288__0006,CONTROL,0.0,0.0,0.0,0.0,0.0,0.0,0.0
CONTROL__T0288__2025092919,T0288,2025-09-29 19:00:00,2025-09-29 16:00:00,2025-09-29 22:00:00,NORMAL,GROUP__T0288__0006,CONTROL,0.0,0.0,0.0,0.0,0.0,0.0,0.0
CONTROL__T0289__2025031019,T0289,2025-03-10 19:00:00,2025-03-10 16:00:00,2025-03-10 22:00:00,NORMAL,GROUP__T0289__0006,CONTROL,0.0,0.0,0.0,0.0,0.0,0.0,0.0
CONTROL__T0289__2025122919,T0289,2025-12-29 19:00:00,2025-12-29 16:00:00,2025-12-29 22:00:00,NORMAL,GROUP__T0289__0006,CONTROL,0.0,0.0,0.0,0.0,0.0,0.0,0.0
CONTROL__T0290__2025111719,T0290,2025-11-17 19:00:00,2025-11-17 16:00:00,2025-11-17 22:00:00,NORMAL,GROUP__T0290__0006,CONTROL,214.0,144.0,157.0,189.0,122.0,148.0,136.0
CONTROL__T0290__2025050519,T0290,2025-05-05 19:00:00,2025-05-05 16:00:00,2025-05-05 22:00:00,NORMAL,GROUP__T0290__0006,CONTROL,0.0,0.0,0.0,1.0,0.0,0.0,0.0
CONTROL__T0479-PR__2025112419,T0479-PR,2025-11-24 19:00:00,2025-11-24 16:00:00,2025-11-24 22:00:00,NORMAL,GROUP__T0479-PR__0006,CONTROL,2017.0,1719.0,1225.0,854.0,592.0,440.0,300.0
CONTROL__T0479-PR__2025041419,T0479-PR,2025-04-14 19:00:00,2025-04-14 16:00:00,2025-04-14 22:00:00,NORMAL,GROUP__T0479-PR__0006,CONTROL,1741.0,1714.0,1214.0,668.0,453.0,299.0,202.0
CONTROL__23067__2025021723,23067,2025-02-17 23:00:00,2025-02-17 20:00:00,2025-02-18 02:00:00,NORMAL,GROUP__23067__0020,CONTROL,0.0,0.0,0.0,0.0,0.0,0.0,0.0
CONTROL__23067__2025072823,23067,2025-07-28 23:00:00,2025-07-28 20:00:00,2025-07-29 02:00:00,NORMAL,GROUP__23067__0020,CONTROL,53.0,37.0,50.0,20.0,125.0,106.0,107.0
CONTROL__7120__2025110400,7120,2025-11-04 00:00:00,2025-11-03 21:00:00,2025-11-04 03:00:00,NORMAL,GROUP__7120__0026,CONTROL,0.0,0.0,0.0,0.0,0.0,0.0,0.0
CONTROL__7120__2025081200,7120,2025-08-12 00:00:00,2025-08-11 21:00:00,2025-08-12 03:00:00,NORMAL,GROUP__7120__0026,CONTROL,427.0,447.0,307.0,96.0,90.0,65.0,97.0
CONTROL__7121__2025081200,7121,2025-08-12 00:00:00,2025-08-11 21:00:00,2025-08-12 03:00:00,NORMAL,GROUP__7121__0026,CONTROL,247.0,208.0,242.0,124.0,101.0,85.0,138.0
CONTROL__7121__2025082600,7121,2025-08-26 00:00:00,2025-08-25 21:00:00,2025-08-26 03:00:00,NORMAL,GROUP__7121__0026,CONTROL,203.0,158.0,79.0,4.0,3.0,6.0,7.0
CONTROL__7179__2025120902,7179,2025-12-09 02:00:00,2025-12-08 23:00:00,2025-12-09 05:00:00,NORMAL,GROUP__7179__0045,CONTROL,78.0,329.0,202.0,146.0,248.0,434.0,935.0
CONTROL__7179__2025101402,7179,2025-10-14 02:00:00,2025-10-13 23:00:00,2025-10-14 05:00:00,NORMAL,GROUP__7179__0045,CONTROL,481.0,66.0,58.0,45.0,71.0,119.0,214.0
CONTROL__9658__2025123008,9658,2025-12-30 08:00:00,2025-12-30 05:00:00,2025-12-30 11:00:00,NORMAL,GROUP__9658__0018,CONTROL,250.0,466.0,593.0,698.0,921.0,956.0,983.0
CONTROL__9658__2025121608,9658,2025-12-16 08:00:00,2025-12-16 05:00:00,2025-12-16 11:00:00,NORMAL,GROUP__9658__0018,CONTROL,112.0,147.0,141.0,127.0,140.0,186.0,190.0
CONTROL__50260__2025120220,50260,2025-12-02 20:00:00,2025-12-02 17:00:00,2025-12-02 23:00:00,NORMAL,GROUP__50260__0004,CONTROL,209.0,182.0,125.0,82.0,56.0,59.0,32.0
CONTROL__50260__2025051320,50260,2025-05-13 20:00:00,2025-05-13 17:00:00,2025-05-13 23:00:00,NORMAL,GROUP__50260__0004,CONTROL,254.0,146.0,86.0,69.0,48.0,36.0,30.0
CONTROL__57025__2025070122,57025,2025-07-01 22:00:00,2025-07-01 19:00:00,2025-07-02 01:00:00,NORMAL,GROUP__57025__0005,CONTROL,176.0,129.0,108.0,54.0,35.0,0.0,1.0
CONTROL__57025__2025112522,57025,2025-11-25 22:00:00,2025-11-25 19:00:00,2025-11-26 01:00:00,NORMAL,GROUP__57025__0005,CONTROL,138.0,0.0,0.0,0.0,0.0,0.0,0.0
CONTROL__53003__2025080607,53003,2025-08-06 07:00:00,2025-08-06 04:00:00,2025-08-06 10:00:00,NORMAL,GROUP__53003__0009,CONTROL,58.0,228.0,508.0,293.0,223.0,217.0,217.0
CONTROL__53003__2025112607,53003,2025-11-26 07:00:00,2025-11-26 04:00:00,2025-11-26 10:00:00,NORMAL,GROUP__53003__0009,CONTROL,66.0,132.0,156.0,174.0,174.0,249.0,271.0
CONTROL__23067__2025121015,23067,2025-12-10 15:00:00,2025-12-10 12:00:00,2025-12-10 18:00:00,NORMAL,GROUP__23067__0021,CONTROL,126.0,103.0,122.0,146.0,112.0,105.0,79.0
CONTROL__23067__2025111915,23067,2025-11-19 15:00:00,2025-11-19 12:00:00,2025-11-19 18:00:00,NORMAL,GROUP__23067__0021,CONTROL,1343.0,945.0,825.0,1099.0,1080.0,1208.0,1062.0
CONTROL__7112__2025010900,7112,2025-01-09 00:00:00,2025-01-08 21:00:00,2025-01-09 03:00:00,NORMAL,GROUP__7112__0032,CONTROL,29.0,22.0,15.0,8.0,6.0,14.0,0.0
CONTROL__7112__2025032000,7112,2025-03-20 00:00:00,2025-03-19 21:00:00,2025-03-20 03:00:00,NORMAL,GROUP__7112__0032,CONTROL,0.0,0.0,0.0,17.0,16.0,20.0,26.0
CONTROL__7179__2025010900,7179,2025-01-09 00:00:00,2025-01-08 21:00:00,2025-01-09 03:00:00,NORMAL,GROUP__7179__0046,CONTROL,932.0,819.0,528.0,0.0,0.0,0.0,0.0
CONTROL__7179__2025122500,7179,2025-12-25 00:00:00,2025-12-24 21:00:00,2025-12-25 03:00:00,NORMAL,GROUP__7179__0046,CONTROL,82.0,76.0,46.0,33.0,22.0,11.0,16.0
CONTROL__7179__2025050803,7179,2025-05-08 03:00:00,2025-05-08 00:00:00,2025-05-08 06:00:00,NORMAL,GROUP__7179__0046,CONTROL,294.0,180.0,156.0,213.0,441.0,968.0,1424.0
CONTROL__7179__2025062603,7179,2025-06-26 03:00:00,2025-06-26 00:00:00,2025-06-26 06:00:00,NORMAL,GROUP__7179__0046,CONTROL,335.0,213.0,160.0,234.0,410.0,921.0,1311.0
CONTROL__7112__2025081405,7112,2025-08-14 05:00:00,2025-08-14 02:00:00,2025-08-14 08:00:00,NORMAL,GROUP__7112__0032,CONTROL,0.0,0.0,0.0,0.0,0.0,0.0,0.0
CONTROL__7112__2025020605,7112,2025-02-06 05:00:00,2025-02-06 02:00:00,2025-02-06 08:00:00,NORMAL,GROUP__7112__0032,CONTROL,0.0,0.0,0.0,0.0,0.0,0.0,0.0
CONTROL__7150__2025040305,7150,2025-04-03 05:00:00,2025-04-03 02:00:00,2025-04-03 08:00:00,NORMAL,GROUP__7150__0003,CONTROL,4.0,7.0,5.0,29.0,58.0,63.0,83.0
CONTROL__7150__2025022005,7150,2025-02-20 05:00:00,2025-02-20 02:00:00,2025-02-20 08:00:00,NORMAL,GROUP__7150__0003,CONTROL,0.0,0.0,0.0,0.0,0.0,0.0,0.0
CONTROL__7161__2025080706,7161,2025-08-07 06:00:00,2025-08-07 03:00:00,2025-08-07 09:00:00,NORMAL,GROUP__7161__0015,CONTROL,136.0,142.0,104.0,145.0,151.0,129.0,144.0
CONTROL__7161__2025052206,7161,2025-05-22 06:00:00,2025-05-22 03:00:00,2025-05-22 09:00:00,NORMAL,GROUP__7161__0015,CONTROL,15.0,44.0,106.0,125.0,117.0,116.0,128.0
CONTROL__7168__2025071707,7168,2025-07-17 07:00:00,2025-07-17 04:00:00,2025-07-17 10:00:00,NORMAL,GROUP__7168__0015,CONTROL,92.0,251.0,456.0,486.0,466.0,427.0,372.0
CONTROL__7168__2025070307,7168,2025-07-03 07:00:00,2025-07-03 04:00:00,2025-07-03 10:00:00,NORMAL,GROUP__7168__0015,CONTROL,29.0,33.0,91.0,61.0,60.0,85.0,94.0
CONTROL__9658__2025100911,9658,2025-10-09 11:00:00,2025-10-09 08:00:00,2025-10-09 14:00:00,NORMAL,GROUP__9658__0019,CONTROL,158.0,187.0,190.0,187.0,177.0,209.0,226.0
CONTROL__9658__2025010911,9658,2025-01-09 11:00:00,2025-01-09 08:00:00,2025-01-09 14:00:00,NORMAL,GROUP__9658__0019,CONTROL,896.0,818.0,832.0,874.0,877.0,866.0,921.0
CONTROL__7163__2025080722,7163,2025-08-07 22:00:00,2025-08-07 19:00:00,2025-08-08 01:00:00,NORMAL,GROUP__7163__0017,CONTROL,512.0,445.0,462.0,300.0,213.0,121.0,116.0
CONTROL__7163__2025052922,7163,2025-05-29 22:00:00,2025-05-29 19:00:00,2025-05-30 01:00:00,NORMAL,GROUP__7163__0017,CONTROL,42.0,37.0,30.0,28.0,18.0,19.0,5.0
CONTROL__7184__2025090606,7184,2025-09-06 06:00:00,2025-09-06 03:00:00,2025-09-06 09:00:00,NORMAL,GROUP__7184__0020,CONTROL,23.0,21.0,49.0,100.0,118.0,142.0,151.0
CONTROL__7184__2025112906,7184,2025-11-29 06:00:00,2025-11-29 03:00:00,2025-11-29 09:00:00,NORMAL,GROUP__7184__0020,CONTROL,37.0,27.0,44.0,105.0,119.0,151.0,150.0
CONTROL__7132__2025082307,7132,2025-08-23 07:00:00,2025-08-23 04:00:00,2025-08-23 10:00:00,NORMAL,GROUP__7132__0019,CONTROL,13.0,23.0,46.0,46.0,51.0,55.0,48.0
CONTROL__7132__2025032207,7132,2025-03-22 07:00:00,2025-03-22 04:00:00,2025-03-22 10:00:00,NORMAL,GROUP__7132__0019,CONTROL,0.0,0.0,0.0,0.0,0.0,0.0,0.0
CONTROL__50240__2025032914,50240,2025-03-29 14:00:00,2025-03-29 11:00:00,2025-03-29 17:00:00,NORMAL,GROUP__50240__0027,CONTROL,170.0,135.0,166.0,124.0,157.0,131.0,121.0
CONTROL__50240__2025092014,50240,2025-09-20 14:00:00,2025-09-20 11:00:00,2025-09-20 17:00:00,NORMAL,GROUP__50240__0027,CONTROL,171.0,158.0,158.0,156.0,129.0,0.0,147.0
CONTROL__7163__2025060802,7163,2025-06-08 02:00:00,2025-06-07 23:00:00,2025-06-08 05:00:00,NORMAL,GROUP__7163__0018,CONTROL,30.0,195.0,228.0,181.0,153.0,139.0,129.0
CONTROL__7163__2025020202,7163,2025-02-02 02:00:00,2025-02-01 23:00:00,2025-02-02 05:00:00,NORMAL,GROUP__7163__0018,CONTROL,0.0,0.0,0.0,0.0,0.0,0.0,0.0
CONTROL__74228__2025020903,74228,2025-02-09 03:00:00,2025-02-09 00:00:00,2025-02-09 06:00:00,NORMAL,GROUP__74228__0003,CONTROL,0.0,0.0,0.0,0.0,0.0,0.0,0.0
CONTROL__74228__2025031603,74228,2025-03-16 03:00:00,2025-03-16 00:00:00,2025-03-16 06:00:00,NORMAL,GROUP__74228__0003,CONTROL,7.0,1.0,1.0,4.0,3.0,14.0,18.0
CONTROL__7120__2025051807,7120,2025-05-18 07:00:00,2025-05-18 04:00:00,2025-05-18 10:00:00,NORMAL,GROUP__7120__0027,CONTROL,13.0,15.0,22.0,19.0,24.0,39.0,39.0
CONTROL__7120__2025010507,7120,2025-01-05 07:00:00,2025-01-05 04:00:00,2025-01-05 10:00:00,NORMAL,GROUP__7120__0027,CONTROL,15.0,19.0,13.0,20.0,20.0,31.0,30.0
CONTROL__7121__2025070607,7121,2025-07-06 07:00:00,2025-07-06 04:00:00,2025-07-06 10:00:00,NORMAL,GROUP__7121__0027,CONTROL,144.0,103.0,133.0,164.0,175.0,241.0,376.0
CONTROL__7121__2025071307,7121,2025-07-13 07:00:00,2025-07-13 04:00:00,2025-07-13 10:00:00,NORMAL,GROUP__7121__0027,CONTROL,171.0,126.0,140.0,172.0,191.0,261.0,362.0
CONTROL__33014__2025021607,33014,2025-02-16 07:00:00,2025-02-16 04:00:00,2025-02-16 10:00:00,NORMAL,GROUP__33014__0026,CONTROL,0.0,0.0,0.0,0.0,0.0,0.0,0.0
CONTROL__33014__2025092107,33014,2025-09-21 07:00:00,2025-09-21 04:00:00,2025-09-21 10:00:00,NORMAL,GROUP__33014__0026,CONTROL,0.0,0.0,0.0,0.0,0.0,0.0,0.0
CONTROL__7248__2025051205,7248,2025-05-12 05:00:00,2025-05-12 02:00:00,2025-05-12 08:00:00,NORMAL,GROUP__7248__0022,CONTROL,50.0,54.0,118.0,225.0,236.0,187.0,157.0
CONTROL__7248__2025101305,7248,2025-10-13 05:00:00,2025-10-13 02:00:00,2025-10-13 08:00:00,NORMAL,GROUP__7248__0022,CONTROL,94.0,141.0,371.0,1129.0,1315.0,1438.0,1293.0
CONTROL__23067__2025063022,23067,2025-06-30 22:00:00,2025-06-30 19:00:00,2025-07-01 01:00:00,NORMAL,GROUP__23067__0022,CONTROL,998.0,1008.0,934.0,920.0,600.0,49.0,68.0
CONTROL__23067__2025070722,23067,2025-07-07 22:00:00,2025-07-07 19:00:00,2025-07-08 01:00:00,NORMAL,GROUP__23067__0022,CONTROL,983.0,1061.0,923.0,810.0,750.0,56.0,61.0
CONTROL__T0345__2025102104,T0345,2025-10-21 04:00:00,2025-10-21 01:00:00,2025-10-21 07:00:00,NORMAL,GROUP__T0345__0001,CONTROL,0.0,0.0,2.0,3.0,29.0,60.0,52.0
CONTROL__T0345__2025081204,T0345,2025-08-12 04:00:00,2025-08-12 01:00:00,2025-08-12 07:00:00,NORMAL,GROUP__T0345__0001,CONTROL,7.0,8.0,12.0,44.0,207.0,506.0,1029.0
CONTROL__T0231__2025050609,T0231,2025-05-06 09:00:00,2025-05-06 06:00:00,2025-05-06 12:00:00,NORMAL,GROUP__T0231__0007,CONTROL,194.0,98.0,82.0,100.0,103.0,112.0,95.0
CONTROL__T0231__2025031809,T0231,2025-03-18 09:00:00,2025-03-18 06:00:00,2025-03-18 12:00:00,NORMAL,GROUP__T0231__0007,CONTROL,1309.0,1294.0,1099.0,1110.0,1060.0,1004.0,912.0
CONTROL__29005__2025012817,29005,2025-01-28 17:00:00,2025-01-28 14:00:00,2025-01-28 20:00:00,NORMAL,GROUP__29005__0015,CONTROL,333.0,364.0,194.0,138.0,179.0,105.0,56.0
CONTROL__29005__2025090217,29005,2025-09-02 17:00:00,2025-09-02 14:00:00,2025-09-02 20:00:00,NORMAL,GROUP__29005__0015,CONTROL,891.0,969.0,1119.0,1216.0,979.0,0.0,598.0
CONTROL__68025__2025030422,68025,2025-03-04 22:00:00,2025-03-04 19:00:00,2025-03-05 01:00:00,NORMAL,GROUP__68025__0021,CONTROL,811.0,732.0,591.0,434.0,271.0,147.0,101.0
CONTROL__68025__2025090222,68025,2025-09-02 22:00:00,2025-09-02 19:00:00,2025-09-03 01:00:00,NORMAL,GROUP__68025__0021,CONTROL,636.0,482.0,383.0,291.0,164.0,8.0,10.0
CONTROL__7161__2025122402,7161,2025-12-24 02:00:00,2025-12-23 23:00:00,2025-12-24 05:00:00,NORMAL,GROUP__7161__0016,CONTROL,28.0,153.0,115.0,90.0,88.0,105.0,234.0
CONTROL__7161__2025012902,7161,2025-01-29 02:00:00,2025-01-28 23:00:00,2025-01-29 05:00:00,NORMAL,GROUP__7161__0016,CONTROL,165.0,9.0,17.0,8.0,20.0,40.0,100.0
CONTROL__9658__2025101502,9658,2025-10-15 02:00:00,2025-10-14 23:00:00,2025-10-15 05:00:00,NORMAL,GROUP__9658__0020,CONTROL,30.0,162.0,115.0,66.0,88.0,169.0,509.0
CONTROL__9658__2025021902,9658,2025-02-19 02:00:00,2025-02-18 23:00:00,2025-02-19 05:00:00,NORMAL,GROUP__9658__0020,CONTROL,0.0,0.0,0.0,0.0,0.0,0.0,0.0
CONTROL__68025__2025042304,68025,2025-04-23 04:00:00,2025-04-23 01:00:00,2025-04-23 07:00:00,NORMAL,GROUP__68025__0021,CONTROL,0.0,0.0,0.0,0.0,0.0,1.0,29.0
CONTROL__68025__2025120304,68025,2025-12-03 04:00:00,2025-12-03 01:00:00,2025-12-03 07:00:00,NORMAL,GROUP__68025__0021,CONTROL,86.0,63.0,62.0,162.0,528.0,892.0,1384.0
CONTROL__53004__2025100807,53004,2025-10-08 07:00:00,2025-10-08 04:00:00,2025-10-08 10:00:00,NORMAL,GROUP__53004__0020,CONTROL,186.0,586.0,1282.0,1838.0,1747.0,1693.0,1372.0
CONTROL__53004__2025082707,53004,2025-08-27 07:00:00,2025-08-27 04:00:00,2025-08-27 10:00:00,NORMAL,GROUP__53004__0020,CONTROL,203.0,635.0,1525.0,2375.0,2092.0,1639.0,1299.0
CONTROL__9827__2025020507,9827,2025-02-05 07:00:00,2025-02-05 04:00:00,2025-02-05 10:00:00,NORMAL,GROUP__9827__0003,CONTROL,0.0,0.0,0.0,0.0,0.0,0.0,0.0
CONTROL__9827__2025100107,9827,2025-10-01 07:00:00,2025-10-01 04:00:00,2025-10-01 10:00:00,NORMAL,GROUP__9827__0003,CONTROL,0.0,0.0,0.0,0.0,0.0,0.0,0.0
CONTROL__7270__2025100108,7270,2025-10-01 08:00:00,2025-10-01 05:00:00,2025-10-01 11:00:00,NORMAL,GROUP__7270__0010,CONTROL,242.0,350.0,323.0,223.0,223.0,287.0,238.0
CONTROL__7270__2025091008,7270,2025-09-10 08:00:00,2025-09-10 05:00:00,2025-09-10 11:00:00,NORMAL,GROUP__7270__0010,CONTROL,231.0,314.0,186.0,175.0,256.0,37.0,246.0
CONTROL__7179__2025010816,7179,2025-01-08 16:00:00,2025-01-08 13:00:00,2025-01-08 19:00:00,NORMAL,GROUP__7179__0047,CONTROL,1516.0,1722.0,1680.0,1748.0,1914.0,1564.0,1111.0
CONTROL__7179__2025030516,7179,2025-03-05 16:00:00,2025-03-05 13:00:00,2025-03-05 19:00:00,NORMAL,GROUP__7179__0047,CONTROL,0.0,0.0,0.0,0.0,0.0,0.0,0.0
CONTROL__T0288__2025080703,T0288,2025-08-07 03:00:00,2025-08-07 00:00:00,2025-08-07 06:00:00,NORMAL,GROUP__T0288__0007,CONTROL,0.0,0.0,0.0,0.0,0.0,0.0,0.0
CONTROL__T0288__2025070303,T0288,2025-07-03 03:00:00,2025-07-03 00:00:00,2025-07-03 06:00:00,NORMAL,GROUP__T0288__0007,CONTROL,0.0,0.0,0.0,0.0,0.0,0.0,0.0
CONTROL__T0289__2025091103,T0289,2025-09-11 03:00:00,2025-09-11 00:00:00,2025-09-11 06:00:00,NORMAL,GROUP__T0289__0007,CONTROL,0.0,0.0,0.0,0.0,0.0,0.0,0.0
CONTROL__T0289__2025050803,T0289,2025-05-08 03:00:00,2025-05-08 00:00:00,2025-05-08 06:00:00,NORMAL,GROUP__T0289__0007,CONTROL,0.0,1.0,0.0,0.0,0.0,0.0,1.0
CONTROL__T0290__2025052903,T0290,2025-05-29 03:00:00,2025-05-29 00:00:00,2025-05-29 06:00:00,NORMAL,GROUP__T0290__0007,CONTROL,0.0,0.0,1.0,1.0,4.0,0.0,1.0
CONTROL__T0290__2025062603,T0290,2025-06-26 03:00:00,2025-06-26 00:00:00,2025-06-26 06:00:00,NORMAL,GROUP__T0290__0007,CONTROL,0.0,0.0,0.0,0.0,0.0,0.0,0.0
CONTROL__T0479-PR__2025032703,T0479-PR,2025-03-27 03:00:00,2025-03-27 00:00:00,2025-03-27 06:00:00,NORMAL,GROUP__T0479-PR__0007,CONTROL,16.0,6.0,8.0,38.0,131.0,395.0,444.0
CONTROL__T0479-PR__2025052203,T0479-PR,2025-05-22 03:00:00,2025-05-22 00:00:00,2025-05-22 06:00:00,NORMAL,GROUP__T0479-PR__0007,CONTROL,12.0,9.0,18.0,36.0,140.0,438.0,516.0
CONTROL__32029__2025030608,32029,2025-03-06 08:00:00,2025-03-06 05:00:00,2025-03-06 11:00:00,NORMAL,GROUP__32029__0003,CONTROL,0.0,0.0,0.0,0.0,0.0,0.0,0.0
CONTROL__32029__2025051508,32029,2025-05-15 08:00:00,2025-05-15 05:00:00,2025-05-15 11:00:00,NORMAL,GROUP__32029__0003,CONTROL,0.0,0.0,0.0,0.0,0.0,0.0,0.0
CONTROL__50240__2025050110,50240,2025-05-01 10:00:00,2025-05-01 07:00:00,2025-05-01 13:00:00,NORMAL,GROUP__50240__0028,CONTROL,2293.0,2175.0,2040.0,1821.0,1887.0,2014.0,2308.0
CONTROL__50240__2025040310,50240,2025-04-03 10:00:00,2025-04-03 07:00:00,2025-04-03 13:00:00,NORMAL,GROUP__50240__0028,CONTROL,394.0,337.0,450.0,361.0,366.0,335.0,302.0
CONTROL__7126__2025030621,7126,2025-03-06 21:00:00,2025-03-06 18:00:00,2025-03-07 00:00:00,NORMAL,GROUP__7126__0011,CONTROL,0.0,0.0,0.0,0.0,0.0,0.0,3.0
CONTROL__7126__2025021321,7126,2025-02-13 21:00:00,2025-02-13 18:00:00,2025-02-14 00:00:00,NORMAL,GROUP__7126__0011,CONTROL,0.0,0.0,0.0,0.0,0.0,0.0,0.0
CONTROL__33014__2025032021,33014,2025-03-20 21:00:00,2025-03-20 18:00:00,2025-03-21 00:00:00,NORMAL,GROUP__33014__0027,CONTROL,931.0,840.0,806.0,523.0,300.0,0.0,104.0
CONTROL__33014__2025070321,33014,2025-07-03 21:00:00,2025-07-03 18:00:00,2025-07-04 00:00:00,NORMAL,GROUP__33014__0027,CONTROL,0.0,0.0,0.0,0.0,0.0,0.0,0.0
CONTROL__7120__2025082821,7120,2025-08-28 21:00:00,2025-08-28 18:00:00,2025-08-29 00:00:00,NORMAL,GROUP__7120__0028,CONTROL,36.0,28.0,17.0,14.0,22.0,16.0,8.0
CONTROL__7120__2025032021,7120,2025-03-20 21:00:00,2025-03-20 18:00:00,2025-03-21 00:00:00,NORMAL,GROUP__7120__0028,CONTROL,718.0,763.0,565.0,560.0,477.0,306.0,162.0
CONTROL__7121__2025112721,7121,2025-11-27 21:00:00,2025-11-27 18:00:00,2025-11-28 00:00:00,NORMAL,GROUP__7121__0028,CONTROL,529.0,440.0,399.0,474.0,276.0,151.0,147.0
CONTROL__7121__2025032721,7121,2025-03-27 21:00:00,2025-03-27 18:00:00,2025-03-28 00:00:00,NORMAL,GROUP__7121__0028,CONTROL,0.0,0.0,0.0,0.0,0.0,0.0,74.0
CONTROL__T0288__2025041803,T0288,2025-04-18 03:00:00,2025-04-18 00:00:00,2025-04-18 06:00:00,NORMAL,GROUP__T0288__0008,CONTROL,0.0,0.0,0.0,0.0,0.0,0.0,0.0
CONTROL__T0288__2025112103,T0288,2025-11-21 03:00:00,2025-11-21 00:00:00,2025-11-21 06:00:00,NORMAL,GROUP__T0288__0008,CONTROL,0.0,0.0,0.0,0.0,0.0,0.0,0.0
CONTROL__T0289__2025121203,T0289,2025-12-12 03:00:00,2025-12-12 00:00:00,2025-12-12 06:00:00,NORMAL,GROUP__T0289__0008,CONTROL,0.0,0.0,0.0,0.0,0.0,0.0,0.0
CONTROL__T0289__2025102403,T0289,2025-10-24 03:00:00,2025-10-24 00:00:00,2025-10-24 06:00:00,NORMAL,GROUP__T0289__0008,CONTROL,0.0,0.0,0.0,0.0,0.0,0.0,0.0
CONTROL__T0290__2025022103,T0290,2025-02-21 03:00:00,2025-02-21 00:00:00,2025-02-21 06:00:00,NORMAL,GROUP__T0290__0008,CONTROL,0.0,0.0,0.0,0.0,0.0,0.0,0.0
CONTROL__T0290__2025051603,T0290,2025-05-16 03:00:00,2025-05-16 00:00:00,2025-05-16 06:00:00,NORMAL,GROUP__T0290__0008,CONTROL,76.0,75.0,84.0,99.0,157.0,268.0,264.0
CONTROL__T0479-PR__2025091203,T0479-PR,2025-09-12 03:00:00,2025-09-12 00:00:00,2025-09-12 06:00:00,NORMAL,GROUP__T0479-PR__0008,CONTROL,98.0,83.0,101.0,210.0,706.0,1847.0,2412.0
CONTROL__T0479-PR__2025012403,T0479-PR,2025-01-24 03:00:00,2025-01-24 00:00:00,2025-01-24 06:00:00,NORMAL,GROUP__T0479-PR__0008,CONTROL,29.0,19.0,21.0,42.0,233.0,834.0,1040.0
CONTROL__33014__2025111408,33014,2025-11-14 08:00:00,2025-11-14 05:00:00,2025-11-14 11:00:00,NORMAL,GROUP__33014__0028,CONTROL,0.0,0.0,0.0,0.0,0.0,0.0,0.0
CONTROL__33014__2025050908,33014,2025-05-09 08:00:00,2025-05-09 05:00:00,2025-05-09 11:00:00,NORMAL,GROUP__33014__0028,CONTROL,109.0,191.0,189.0,140.0,161.0,164.0,183.0
CONTROL__7112__2025100308,7112,2025-10-03 08:00:00,2025-10-03 05:00:00,2025-10-03 11:00:00,NORMAL,GROUP__7112__0033,CONTROL,120.0,253.0,230.0,247.0,229.0,197.0,202.0
CONTROL__7112__2025050908,7112,2025-05-09 08:00:00,2025-05-09 05:00:00,2025-05-09 11:00:00,NORMAL,GROUP__7112__0033,CONTROL,0.0,0.0,0.0,0.0,0.0,0.0,0.0
CONTROL__50260__2025083001,50260,2025-08-30 01:00:00,2025-08-29 22:00:00,2025-08-30 04:00:00,NORMAL,GROUP__50260__0005,CONTROL,39.0,29.0,27.0,15.0,16.0,21.0,29.0
CONTROL__50260__2025080901,50260,2025-08-09 01:00:00,2025-08-08 22:00:00,2025-08-09 04:00:00,NORMAL,GROUP__50260__0005,CONTROL,27.0,26.0,320.0,187.0,105.0,95.0,100.0
CONTROL__7184__2025052407,7184,2025-05-24 07:00:00,2025-05-24 04:00:00,2025-05-24 10:00:00,NORMAL,GROUP__7184__0021,CONTROL,147.0,340.0,699.0,1370.0,1807.0,2522.0,2780.0
CONTROL__7184__2025120607,7184,2025-12-06 07:00:00,2025-12-06 04:00:00,2025-12-06 10:00:00,NORMAL,GROUP__7184__0021,CONTROL,194.0,440.0,808.0,1396.0,1908.0,2501.0,2722.0
CONTROL__55049__2025022304,55049,2025-02-23 04:00:00,2025-02-23 01:00:00,2025-02-23 07:00:00,NORMAL,GROUP__55049__0008,CONTROL,0.0,0.0,0.0,0.0,0.0,0.0,0.0
CONTROL__55049__2025110904,55049,2025-11-09 04:00:00,2025-11-09 01:00:00,2025-11-09 07:00:00,NORMAL,GROUP__55049__0008,CONTROL,0.0,0.0,0.0,0.0,0.0,0.0,0.0
CONTROL__7120__2025033005,7120,2025-03-30 05:00:00,2025-03-30 02:00:00,2025-03-30 08:00:00,NORMAL,GROUP__7120__0029,CONTROL,287.0,199.0,218.0,241.0,314.0,368.0,481.0
CONTROL__7120__2025083105,7120,2025-08-31 05:00:00,2025-08-31 02:00:00,2025-08-31 08:00:00,NORMAL,GROUP__7120__0029,CONTROL,0.0,0.0,0.0,0.0,0.0,0.0,0.0
CONTROL__7121__2025102605,7121,2025-10-26 05:00:00,2025-10-26 02:00:00,2025-10-26 08:00:00,NORMAL,GROUP__7121__0029,CONTROL,0.0,0.0,0.0,0.0,0.0,0.0,0.0
CONTROL__7121__2025081705,7121,2025-08-17 05:00:00,2025-08-17 02:00:00,2025-08-17 08:00:00,NORMAL,GROUP__7121__0029,CONTROL,4.0,8.0,6.0,23.0,19.0,24.0,22.0
CONTROL__7153__2025041309,7153,2025-04-13 09:00:00,2025-04-13 06:00:00,2025-04-13 12:00:00,NORMAL,GROUP__7153__0017,CONTROL,47.0,45.0,65.0,67.0,77.0,69.0,74.0
CONTROL__7153__2025010509,7153,2025-01-05 09:00:00,2025-01-05 06:00:00,2025-01-05 12:00:00,NORMAL,GROUP__7153__0017,CONTROL,234.0,316.0,423.0,747.0,830.0,925.0,794.0
CONTROL__33014__2025072014,33014,2025-07-20 14:00:00,2025-07-20 11:00:00,2025-07-20 17:00:00,NORMAL,GROUP__33014__0029,CONTROL,0.0,0.0,0.0,0.0,0.0,0.0,0.0
CONTROL__33014__2025101914,33014,2025-10-19 14:00:00,2025-10-19 11:00:00,2025-10-19 17:00:00,NORMAL,GROUP__33014__0029,CONTROL,0.0,0.0,0.0,0.0,0.0,0.0,0.0
CONTROL__68025__2025080319,68025,2025-08-03 19:00:00,2025-08-03 16:00:00,2025-08-03 22:00:00,NORMAL,GROUP__68025__0022,CONTROL,801.0,753.0,739.0,576.0,475.0,415.0,308.0
CONTROL__68025__2025072019,68025,2025-07-20 19:00:00,2025-07-20 16:00:00,2025-07-20 22:00:00,NORMAL,GROUP__68025__0022,CONTROL,26.0,32.0,25.0,22.0,14.0,12.0,8.0
CONTROL__7164__2025030300,7164,2025-03-03 00:00:00,2025-03-02 21:00:00,2025-03-03 03:00:00,NORMAL,GROUP__7164__0011,CONTROL,0.0,0.0,0.0,0.0,0.0,0.0,0.0
CONTROL__7164__2025021700,7164,2025-02-17 00:00:00,2025-02-16 21:00:00,2025-02-17 03:00:00,NORMAL,GROUP__7164__0011,CONTROL,0.0,0.0,0.0,0.0,0.0,0.0,0.0
CONTROL__7179__2025021002,7179,2025-02-10 02:00:00,2025-02-09 23:00:00,2025-02-10 05:00:00,NORMAL,GROUP__7179__0048,CONTROL,0.0,0.0,0.0,0.0,0.0,0.0,0.0
CONTROL__7179__2025121502,7179,2025-12-15 02:00:00,2025-12-14 23:00:00,2025-12-15 05:00:00,NORMAL,GROUP__7179__0048,CONTROL,729.0,55.0,31.0,48.0,52.0,96.0,249.0
CONTROL__29005__2025080405,29005,2025-08-04 05:00:00,2025-08-04 02:00:00,2025-08-04 08:00:00,NORMAL,GROUP__29005__0016,CONTROL,128.0,146.0,452.0,1469.0,2932.0,2983.0,2990.0
CONTROL__29005__2025090105,29005,2025-09-01 05:00:00,2025-09-01 02:00:00,2025-09-01 08:00:00,NORMAL,GROUP__29005__0016,CONTROL,43.0,50.0,64.0,162.0,364.0,305.0,266.0
CONTROL__10011__2025050505,10011,2025-05-05 05:00:00,2025-05-05 02:00:00,2025-05-05 08:00:00,NORMAL,GROUP__10011__0021,CONTROL,0.0,0.0,0.0,0.0,0.0,0.0,0.0
CONTROL__10011__2025060905,10011,2025-06-09 05:00:00,2025-06-09 02:00:00,2025-06-09 08:00:00,NORMAL,GROUP__10011__0021,CONTROL,0.0,0.0,0.0,0.0,0.0,0.0,0.0
CONTROL__7139__2025011305,7139,2025-01-13 05:00:00,2025-01-13 02:00:00,2025-01-13 08:00:00,NORMAL,GROUP__7139__0021,CONTROL,69.0,96.0,172.0,531.0,1221.0,2016.0,2498.0
CONTROL__7139__2025090805,7139,2025-09-08 05:00:00,2025-09-08 02:00:00,2025-09-08 08:00:00,NORMAL,GROUP__7139__0021,CONTROL,72.0,73.0,199.0,629.0,1519.0,2692.0,2980.0
CONTROL__68025__2025042106,68025,2025-04-21 06:00:00,2025-04-21 03:00:00,2025-04-21 09:00:00,NORMAL,GROUP__68025__0023,CONTROL,27.0,24.0,39.0,65.0,95.0,272.0,356.0
CONTROL__68025__2025082506,68025,2025-08-25 06:00:00,2025-08-25 03:00:00,2025-08-25 09:00:00,NORMAL,GROUP__68025__0023,CONTROL,62.0,138.0,490.0,907.0,1211.0,1378.0,1048.0
CONTROL__7179__2025110306,7179,2025-11-03 06:00:00,2025-11-03 03:00:00,2025-11-03 09:00:00,NORMAL,GROUP__7179__0048,CONTROL,202.0,396.0,899.0,1350.0,1707.0,1553.0,1431.0
CONTROL__7179__2025011306,7179,2025-01-13 06:00:00,2025-01-13 03:00:00,2025-01-13 09:00:00,NORMAL,GROUP__7179__0048,CONTROL,0.0,0.0,0.0,0.0,0.0,0.0,0.0
CONTROL__68025__2025041406,68025,2025-04-14 06:00:00,2025-04-14 03:00:00,2025-04-14 09:00:00,NORMAL,GROUP__68025__0023,CONTROL,11.0,11.0,31.0,71.0,95.0,61.0,95.0
CONTROL__68025__2025060206,68025,2025-06-02 06:00:00,2025-06-02 03:00:00,2025-06-02 09:00:00,NORMAL,GROUP__68025__0023,CONTROL,67.0,122.0,316.0,569.0,712.0,976.0,795.0
CONTROL__7248__2025111721,7248,2025-11-17 21:00:00,2025-11-17 18:00:00,2025-11-18 00:00:00,NORMAL,GROUP__7248__0023,CONTROL,144.0,87.0,80.0,86.0,51.0,66.0,46.0
CONTROL__7248__2025012021,7248,2025-01-20 21:00:00,2025-01-20 18:00:00,2025-01-21 00:00:00,NORMAL,GROUP__7248__0023,CONTROL,112.0,84.0,73.0,77.0,67.0,48.0,142.0
CONTROL__7153__2025041423,7153,2025-04-14 23:00:00,2025-04-14 20:00:00,2025-04-15 02:00:00,NORMAL,GROUP__7153__0018,CONTROL,515.0,447.0,286.0,134.0,88.0,68.0,80.0
CONTROL__7153__2025070723,7153,2025-07-07 23:00:00,2025-07-07 20:00:00,2025-07-08 02:00:00,NORMAL,GROUP__7153__0018,CONTROL,536.0,415.0,247.0,152.0,100.0,67.0,63.0
CONTROL__7179__2025052623,7179,2025-05-26 23:00:00,2025-05-26 20:00:00,2025-05-27 02:00:00,NORMAL,GROUP__7179__0049,CONTROL,999.0,841.0,739.0,431.0,270.0,177.0,130.0
CONTROL__7179__2025021723,7179,2025-02-17 23:00:00,2025-02-17 20:00:00,2025-02-18 02:00:00,NORMAL,GROUP__7179__0049,CONTROL,0.0,0.0,0.0,0.0,0.0,0.0,0.0
CONTROL__9658__2025102820,9658,2025-10-28 20:00:00,2025-10-28 17:00:00,2025-10-28 23:00:00,NORMAL,GROUP__9658__0021,CONTROL,1152.0,947.0,832.0,660.0,567.0,449.0,294.0
CONTROL__9658__2025061020,9658,2025-06-10 20:00:00,2025-06-10 17:00:00,2025-06-10 23:00:00,NORMAL,GROUP__9658__0021,CONTROL,1089.0,974.0,843.0,657.0,551.0,473.0,245.0
CONTROL__51235__2025021821,51235,2025-02-18 21:00:00,2025-02-18 18:00:00,2025-02-19 00:00:00,NORMAL,GROUP__51235__0029,CONTROL,0.0,0.0,0.0,0.0,0.0,0.0,0.0
CONTROL__51235__2025042921,51235,2025-04-29 21:00:00,2025-04-29 18:00:00,2025-04-30 00:00:00,NORMAL,GROUP__51235__0029,CONTROL,1802.0,1559.0,1185.0,1077.0,846.0,491.0,15.0
CONTROL__7112__2025100119,7112,2025-10-01 19:00:00,2025-10-01 16:00:00,2025-10-01 22:00:00,NORMAL,GROUP__7112__0034,CONTROL,1275.0,1381.0,1259.0,914.0,796.0,711.0,470.0
CONTROL__7112__2025081319,7112,2025-08-13 19:00:00,2025-08-13 16:00:00,2025-08-13 22:00:00,NORMAL,GROUP__7112__0034,CONTROL,0.0,0.0,0.0,0.0,0.0,0.0,0.0
CONTROL__33014__2025031921,33014,2025-03-19 21:00:00,2025-03-19 18:00:00,2025-03-20 00:00:00,NORMAL,GROUP__33014__0030,CONTROL,59.0,34.0,39.0,32.0,41.0,0.0,74.0
CONTROL__33014__2025100821,33014,2025-10-08 21:00:00,2025-10-08 18:00:00,2025-10-09 00:00:00,NORMAL,GROUP__33014__0030,CONTROL,0.0,0.0,0.0,0.0,0.0,0.0,0.0
CONTROL__7184__2025110523,7184,2025-11-05 23:00:00,2025-11-05 20:00:00,2025-11-06 02:00:00,NORMAL,GROUP__7184__0022,CONTROL,1101.0,877.0,571.0,269.0,147.0,87.0,92.0
CONTROL__7184__2025071623,7184,2025-07-16 23:00:00,2025-07-16 20:00:00,2025-07-17 02:00:00,NORMAL,GROUP__7184__0022,CONTROL,845.0,675.0,488.0,266.0,132.0,98.0,69.0
CONTROL__7153__2025101601,7153,2025-10-16 01:00:00,2025-10-15 22:00:00,2025-10-16 04:00:00,NORMAL,GROUP__7153__0019,CONTROL,345.0,201.0,138.0,70.0,88.0,106.0,238.0
CONTROL__7153__2025021301,7153,2025-02-13 01:00:00,2025-02-12 22:00:00,2025-02-13 04:00:00,NORMAL,GROUP__7153__0019,CONTROL,0.0,0.0,0.0,0.0,0.0,0.0,0.0
CONTROL__33014__2025120402,33014,2025-12-04 02:00:00,2025-12-03 23:00:00,2025-12-04 05:00:00,NORMAL,GROUP__33014__0030,CONTROL,0.0,0.0,0.0,0.0,0.0,0.0,0.0
CONTROL__33014__2025052202,33014,2025-05-22 02:00:00,2025-05-21 23:00:00,2025-05-22 05:00:00,NORMAL,GROUP__33014__0030,CONTROL,0.0,124.0,80.0,59.0,78.0,221.0,599.0
CONTROL__7112__2025092503,7112,2025-09-25 03:00:00,2025-09-25 00:00:00,2025-09-25 06:00:00,NORMAL,GROUP__7112__0035,CONTROL,123.0,81.0,58.0,77.0,241.0,929.0,1524.0
CONTROL__7112__2025121103,7112,2025-12-11 03:00:00,2025-12-11 00:00:00,2025-12-11 06:00:00,NORMAL,GROUP__7112__0035,CONTROL,199.0,113.0,79.0,113.0,228.0,904.0,1403.0
CONTROL__7251__2025100204,7251,2025-10-02 04:00:00,2025-10-02 01:00:00,2025-10-02 07:00:00,NORMAL,GROUP__7251__0016,CONTROL,188.0,136.0,117.0,115.0,232.0,393.0,621.0
CONTROL__7251__2025081404,7251,2025-08-14 04:00:00,2025-08-14 01:00:00,2025-08-14 07:00:00,NORMAL,GROUP__7251__0016,CONTROL,190.0,128.0,102.0,117.0,189.0,441.0,770.0
CONTROL__7119-PR__2025073108,7119-PR,2025-07-31 08:00:00,2025-07-31 05:00:00,2025-07-31 11:00:00,NORMAL,GROUP__7119-PR__0009,CONTROL,399.0,673.0,1054.0,1124.0,1084.0,823.0,738.0
CONTROL__7119-PR__2025080708,7119-PR,2025-08-07 08:00:00,2025-08-07 05:00:00,2025-08-07 11:00:00,NORMAL,GROUP__7119-PR__0009,CONTROL,21.0,49.0,55.0,59.0,61.0,56.0,58.0
CONTROL__50240__2025030619,50240,2025-03-06 19:00:00,2025-03-06 16:00:00,2025-03-06 22:00:00,NORMAL,GROUP__50240__0029,CONTROL,172.0,120.0,89.0,62.0,59.0,52.0,43.0
CONTROL__50240__2025031319,50240,2025-03-13 19:00:00,2025-03-13 16:00:00,2025-03-13 22:00:00,NORMAL,GROUP__50240__0029,CONTROL,2649.0,2562.0,2616.0,2097.0,1896.0,1988.0,1544.0
CONTROL__100001__2025082200,100001,2025-08-22 00:00:00,2025-08-21 21:00:00,2025-08-22 03:00:00,NORMAL,GROUP__100001__0001,CONTROL,717.0,583.0,319.0,179.0,130.0,83.0,165.0
CONTROL__100001__2025021400,100001,2025-02-14 00:00:00,2025-02-13 21:00:00,2025-02-14 03:00:00,NORMAL,GROUP__100001__0001,CONTROL,0.0,0.0,0.0,0.0,0.0,0.0,0.0
CONTROL__7161__2025040408,7161,2025-04-04 08:00:00,2025-04-04 05:00:00,2025-04-04 11:00:00,NORMAL,GROUP__7161__0017,CONTROL,336.0,607.0,993.0,1020.0,827.0,759.0,705.0
CONTROL__7161__2025071808,7161,2025-07-18 08:00:00,2025-07-18 05:00:00,2025-07-18 11:00:00,NORMAL,GROUP__7161__0017,CONTROL,101.0,154.0,107.0,133.0,144.0,171.0,154.0
CONTROL__7179__2025090523,7179,2025-09-05 23:00:00,2025-09-05 20:00:00,2025-09-06 02:00:00,NORMAL,GROUP__7179__0050,CONTROL,1210.0,1230.0,1154.0,820.0,56.0,22.0,24.0
CONTROL__7179__2025042523,7179,2025-04-25 23:00:00,2025-04-25 20:00:00,2025-04-26 02:00:00,NORMAL,GROUP__7179__0050,CONTROL,1149.0,1032.0,904.0,731.0,506.0,343.0,250.0
CONTROL__7132__2025062113,7132,2025-06-21 13:00:00,2025-06-21 10:00:00,2025-06-21 16:00:00,NORMAL,GROUP__7132__0020,CONTROL,1273.0,1215.0,1238.0,1209.0,1151.0,1147.0,1165.0
CONTROL__7132__2025050313,7132,2025-05-03 13:00:00,2025-05-03 10:00:00,2025-05-03 16:00:00,NORMAL,GROUP__7132__0020,CONTROL,50.0,52.0,43.0,39.0,38.0,37.0,25.0
CONTROL__7251__2025011822,7251,2025-01-18 22:00:00,2025-01-18 19:00:00,2025-01-19 01:00:00,NORMAL,GROUP__7251__0017,CONTROL,0.0,0.0,0.0,0.0,0.0,0.0,0.0
CONTROL__7251__2025062122,7251,2025-06-21 22:00:00,2025-06-21 19:00:00,2025-06-22 01:00:00,NORMAL,GROUP__7251__0017,CONTROL,46.0,39.0,35.0,45.0,42.0,34.0,22.0
CONTROL__74230__2025072700,74230,2025-07-27 00:00:00,2025-07-26 21:00:00,2025-07-27 03:00:00,NORMAL,GROUP__74230__0007,CONTROL,0.0,0.0,0.0,0.0,0.0,0.0,0.0
CONTROL__74230__2025020200,74230,2025-02-02 00:00:00,2025-02-01 21:00:00,2025-02-02 03:00:00,NORMAL,GROUP__74230__0007,CONTROL,0.0,0.0,0.0,0.0,0.0,0.0,0.0
CONTROL__7119-PR__2025030904,7119-PR,2025-03-09 04:00:00,2025-03-09 01:00:00,2025-03-09 07:00:00,NORMAL,GROUP__7119-PR__0010,CONTROL,162.0,127.0,93.0,72.0,90.0,152.0,199.0
CONTROL__7119-PR__2025111604,7119-PR,2025-11-16 04:00:00,2025-11-16 01:00:00,2025-11-16 07:00:00,NORMAL,GROUP__7119-PR__0010,CONTROL,143.0,107.0,67.0,66.0,124.0,249.0,299.0
CONTROL__7248__2025092809,7248,2025-09-28 09:00:00,2025-09-28 06:00:00,2025-09-28 12:00:00,NORMAL,GROUP__7248__0024,CONTROL,65.0,63.0,68.0,72.0,77.0,81.0,84.0
CONTROL__7248__2025080309,7248,2025-08-03 09:00:00,2025-08-03 06:00:00,2025-08-03 12:00:00,NORMAL,GROUP__7248__0024,CONTROL,46.0,56.0,67.0,66.0,96.0,87.0,92.0
CONTROL__7153__2025081720,7153,2025-08-17 20:00:00,2025-08-17 17:00:00,2025-08-17 23:00:00,NORMAL,GROUP__7153__0020,CONTROL,1108.0,923.0,761.0,532.0,454.0,323.0,159.0
CONTROL__7153__2025051820,7153,2025-05-18 20:00:00,2025-05-18 17:00:00,2025-05-18 23:00:00,NORMAL,GROUP__7153__0020,CONTROL,893.0,744.0,573.0,560.0,390.0,270.0,151.0
CONTROL__7163__2025033105,7163,2025-03-31 05:00:00,2025-03-31 02:00:00,2025-03-31 08:00:00,NORMAL,GROUP__7163__0019,CONTROL,4.0,9.0,23.0,98.0,258.0,323.0,229.0
CONTROL__7163__2025091505,7163,2025-09-15 05:00:00,2025-09-15 02:00:00,2025-09-15 08:00:00,NORMAL,GROUP__7163__0019,CONTROL,5.0,8.0,18.0,47.0,114.0,106.0,115.0
CONTROL__7123-PR__2025091506,7123-PR,2025-09-15 06:00:00,2025-09-15 03:00:00,2025-09-15 09:00:00,NORMAL,GROUP__7123-PR__0003,CONTROL,41.0,56.0,175.0,285.0,491.0,678.0,671.0
CONTROL__7123-PR__2025081806,7123-PR,2025-08-18 06:00:00,2025-08-18 03:00:00,2025-08-18 09:00:00,NORMAL,GROUP__7123-PR__0003,CONTROL,10.0,25.0,64.0,74.0,91.0,98.0,75.0
CONTROL__74230__2025072107,74230,2025-07-21 07:00:00,2025-07-21 04:00:00,2025-07-21 10:00:00,NORMAL,GROUP__74230__0008,CONTROL,0.0,0.0,0.0,0.0,0.0,0.0,0.0
CONTROL__74230__2025033107,74230,2025-03-31 07:00:00,2025-03-31 04:00:00,2025-03-31 10:00:00,NORMAL,GROUP__74230__0008,CONTROL,125.0,230.0,375.0,337.0,262.0,265.0,242.0
CONTROL__50240__2025092220,50240,2025-09-22 20:00:00,2025-09-22 17:00:00,2025-09-22 23:00:00,NORMAL,GROUP__50240__0030,CONTROL,134.0,145.0,120.0,0.0,65.0,56.0,33.0
CONTROL__50240__2025120820,50240,2025-12-08 20:00:00,2025-12-08 17:00:00,2025-12-08 23:00:00,NORMAL,GROUP__50240__0030,CONTROL,157.0,179.0,147.0,101.0,84.0,72.0,62.0
CONTROL__29005__2025062403,29005,2025-06-24 03:00:00,2025-06-24 00:00:00,2025-06-24 06:00:00,NORMAL,GROUP__29005__0017,CONTROL,50.0,50.0,42.0,48.0,87.0,174.0,344.0
CONTROL__29005__2025100703,29005,2025-10-07 03:00:00,2025-10-07 00:00:00,2025-10-07 06:00:00,NORMAL,GROUP__29005__0017,CONTROL,341.0,213.0,144.0,130.0,229.0,763.0,2012.0
CONTROL__7274__2025101411,7274,2025-10-14 11:00:00,2025-10-14 08:00:00,2025-10-14 14:00:00,NORMAL,GROUP__7274__0018,CONTROL,173.0,155.0,120.0,116.0,147.0,118.0,118.0
CONTROL__7274__2025100711,7274,2025-10-07 11:00:00,2025-10-07 08:00:00,2025-10-07 14:00:00,NORMAL,GROUP__7274__0018,CONTROL,1001.0,775.0,812.0,801.0,792.0,831.0,911.0
CONTROL__68025__2025081211,68025,2025-08-12 11:00:00,2025-08-12 08:00:00,2025-08-12 14:00:00,NORMAL,GROUP__68025__0024,CONTROL,1389.0,1241.0,848.0,793.0,748.0,765.0,773.0
CONTROL__68025__2025031111,68025,2025-03-11 11:00:00,2025-03-11 08:00:00,2025-03-11 14:00:00,NORMAL,GROUP__68025__0024,CONTROL,71.0,88.0,61.0,83.0,80.0,79.0,98.0
CONTROL__47024__2025070902,47024,2025-07-09 02:00:00,2025-07-08 23:00:00,2025-07-09 05:00:00,NORMAL,GROUP__47024__0011,CONTROL,649.0,46.0,50.0,46.0,42.0,75.0,120.0
CONTROL__47024__2025041602,47024,2025-04-16 02:00:00,2025-04-15 23:00:00,2025-04-16 05:00:00,NORMAL,GROUP__47024__0011,CONTROL,26.0,300.0,290.0,268.0,292.0,577.0,1181.0
CONTROL__10011__2025042303,10011,2025-04-23 03:00:00,2025-04-23 00:00:00,2025-04-23 06:00:00,NORMAL,GROUP__10011__0022,CONTROL,0.0,0.0,0.0,0.0,0.0,0.0,0.0
CONTROL__10011__2025123103,10011,2025-12-31 03:00:00,2025-12-31 00:00:00,2025-12-31 06:00:00,NORMAL,GROUP__10011__0022,CONTROL,0.0,0.0,0.0,0.0,0.0,0.0,0.0
CONTROL__7139__2025100103,7139,2025-10-01 03:00:00,2025-10-01 00:00:00,2025-10-01 06:00:00,NORMAL,GROUP__7139__0022,CONTROL,11.0,5.0,13.0,20.0,21.0,91.0,202.0
CONTROL__7139__2025091003,7139,2025-09-10 03:00:00,2025-09-10 00:00:00,2025-09-10 06:00:00,NORMAL,GROUP__7139__0022,CONTROL,138.0,88.0,61.0,62.0,140.0,580.0,1255.0
CONTROL__7251__2025091705,7251,2025-09-17 05:00:00,2025-09-17 02:00:00,2025-09-17 08:00:00,NORMAL,GROUP__7251__0018,CONTROL,129.0,109.0,122.0,210.0,441.0,847.0,888.0
CONTROL__7251__2025072305,7251,2025-07-23 05:00:00,2025-07-23 02:00:00,2025-07-23 08:00:00,NORMAL,GROUP__7251__0018,CONTROL,16.0,16.0,24.0,48.0,90.0,105.0,122.0
CONTROL__50240__2025120314,50240,2025-12-03 14:00:00,2025-12-03 11:00:00,2025-12-03 17:00:00,NORMAL,GROUP__50240__0031,CONTROL,1194.0,1353.0,1795.0,2120.0,2080.0,1990.0,1914.0
CONTROL__50240__2025080614,50240,2025-08-06 14:00:00,2025-08-06 11:00:00,2025-08-06 17:00:00,NORMAL,GROUP__50240__0031,CONTROL,1887.0,2070.0,2191.0,2558.0,2498.0,2516.0,2611.0
CONTROL__7179__2025080710,7179,2025-08-07 10:00:00,2025-08-07 07:00:00,2025-08-07 13:00:00,NORMAL,GROUP__7179__0051,CONTROL,1586.0,1647.0,1505.0,1400.0,1421.0,1507.0,1628.0
CONTROL__7179__2025102310,7179,2025-10-23 10:00:00,2025-10-23 07:00:00,2025-10-23 13:00:00,NORMAL,GROUP__7179__0051,CONTROL,1490.0,1551.0,1430.0,1408.0,1310.0,1408.0,1596.0
CONTROL__7163__2025010921,7163,2025-01-09 21:00:00,2025-01-09 18:00:00,2025-01-10 00:00:00,NORMAL,GROUP__7163__0020,CONTROL,52.0,51.0,31.0,25.0,28.0,26.0,115.0
CONTROL__7163__2025082121,7163,2025-08-21 21:00:00,2025-08-21 18:00:00,2025-08-22 00:00:00,NORMAL,GROUP__7163__0020,CONTROL,723.0,491.0,394.0,371.0,312.0,195.0,12.0
CONTROL__53004__2025061301,53004,2025-06-13 01:00:00,2025-06-12 22:00:00,2025-06-13 04:00:00,NORMAL,GROUP__53004__0021,CONTROL,236.0,129.0,87.0,49.0,29.0,49.0,155.0
CONTROL__53004__2025091201,53004,2025-09-12 01:00:00,2025-09-11 22:00:00,2025-09-12 04:00:00,NORMAL,GROUP__53004__0021,CONTROL,14.0,19.0,179.0,82.0,46.0,48.0,93.0
CONTROL__10011__2025042502,10011,2025-04-25 02:00:00,2025-04-24 23:00:00,2025-04-25 05:00:00,NORMAL,GROUP__10011__0023,CONTROL,0.0,0.0,0.0,0.0,0.0,0.0,0.0
CONTROL__10011__2025011002,10011,2025-01-10 02:00:00,2025-01-09 23:00:00,2025-01-10 05:00:00,NORMAL,GROUP__10011__0023,CONTROL,351.0,271.0,124.0,108.0,110.0,135.0,482.0
CONTROL__7139__2025050902,7139,2025-05-09 02:00:00,2025-05-08 23:00:00,2025-05-09 05:00:00,NORMAL,GROUP__7139__0023,CONTROL,0.0,0.0,0.0,0.0,21.0,31.0,76.0
CONTROL__7139__2025100302,7139,2025-10-03 02:00:00,2025-10-02 23:00:00,2025-10-03 05:00:00,NORMAL,GROUP__7139__0023,CONTROL,39.0,257.0,145.0,112.0,122.0,204.0,696.0
CONTROL__68025__2025112806,68025,2025-11-28 06:00:00,2025-11-28 03:00:00,2025-11-28 09:00:00,NORMAL,GROUP__68025__0025,CONTROL,66.0,155.0,471.0,909.0,1195.0,1335.0,1178.0
CONTROL__68025__2025013106,68025,2025-01-31 06:00:00,2025-01-31 03:00:00,2025-01-31 09:00:00,NORMAL,GROUP__68025__0025,CONTROL,0.0,0.0,0.0,0.0,0.0,0.0,0.0
CONTROL__7248__2025011100,7248,2025-01-11 00:00:00,2025-01-10 21:00:00,2025-01-11 03:00:00,NORMAL,GROUP__7248__0025,CONTROL,664.0,570.0,398.0,242.0,139.0,103.0,101.0
CONTROL__7248__2025051000,7248,2025-05-10 00:00:00,2025-05-09 21:00:00,2025-05-10 03:00:00,NORMAL,GROUP__7248__0025,CONTROL,697.0,525.0,411.0,51.0,34.0,35.0,35.0
CONTROL__7179__2025020805,7179,2025-02-08 05:00:00,2025-02-08 02:00:00,2025-02-08 08:00:00,NORMAL,GROUP__7179__0052,CONTROL,0.0,0.0,0.0,0.0,0.0,0.0,0.0
CONTROL__7179__2025080905,7179,2025-08-09 05:00:00,2025-08-09 02:00:00,2025-08-09 08:00:00,NORMAL,GROUP__7179__0052,CONTROL,269.0,230.0,241.0,399.0,667.0,830.0,1153.0
CONTROL__29005__2025101201,29005,2025-10-12 01:00:00,2025-10-11 22:00:00,2025-10-12 04:00:00,NORMAL,GROUP__29005__0018,CONTROL,1707.0,1186.0,710.0,400.0,241.0,187.0,180.0
CONTROL__29005__2025112301,29005,2025-11-23 01:00:00,2025-11-22 22:00:00,2025-11-23 04:00:00,NORMAL,GROUP__29005__0018,CONTROL,1548.0,1694.0,818.0,441.0,246.0,151.0,181.0
CONTROL__7163__2025112302,7163,2025-11-23 02:00:00,2025-11-22 23:00:00,2025-11-23 05:00:00,NORMAL,GROUP__7163__0021,CONTROL,29.0,329.0,274.0,145.0,140.0,104.0,116.0
CONTROL__7163__2025042702,7163,2025-04-27 02:00:00,2025-04-26 23:00:00,2025-04-27 05:00:00,NORMAL,GROUP__7163__0021,CONTROL,25.0,222.0,163.0,136.0,103.0,123.0,93.0
CONTROL__51235__2025062907,51235,2025-06-29 07:00:00,2025-06-29 04:00:00,2025-06-29 10:00:00,NORMAL,GROUP__51235__0030,CONTROL,152.0,148.0,295.0,525.0,693.0,1067.0,1352.0
CONTROL__51235__2025122807,51235,2025-12-28 07:00:00,2025-12-28 04:00:00,2025-12-28 10:00:00,NORMAL,GROUP__51235__0030,CONTROL,147.0,371.0,724.0,635.0,967.0,1488.0,1641.0
CONTROL__7179__2025091410,7179,2025-09-14 10:00:00,2025-09-14 07:00:00,2025-09-14 13:00:00,NORMAL,GROUP__7179__0053,CONTROL,67.0,97.0,98.0,131.0,133.0,150.0,130.0
CONTROL__7179__2025081010,7179,2025-08-10 10:00:00,2025-08-10 07:00:00,2025-08-10 13:00:00,NORMAL,GROUP__7179__0053,CONTROL,589.0,750.0,1156.0,1371.0,1566.0,1739.0,1698.0
CONTROL__7164__2025102614,7164,2025-10-26 14:00:00,2025-10-26 11:00:00,2025-10-26 17:00:00,NORMAL,GROUP__7164__0012,CONTROL,43.0,48.0,33.0,43.0,49.0,30.0,44.0
CONTROL__7164__2025011214,7164,2025-01-12 14:00:00,2025-01-12 11:00:00,2025-01-12 17:00:00,NORMAL,GROUP__7164__0012,CONTROL,0.0,0.0,0.0,0.0,0.0,0.0,0.0
CONTROL__51235__2025062301,51235,2025-06-23 01:00:00,2025-06-22 22:00:00,2025-06-23 04:00:00,NORMAL,GROUP__51235__0031,CONTROL,860.0,409.0,12.0,9.0,11.0,13.0,38.0
CONTROL__51235__2025080401,51235,2025-08-04 01:00:00,2025-08-03 22:00:00,2025-08-04 04:00:00,NORMAL,GROUP__51235__0031,CONTROL,488.0,255.0,11.0,10.0,11.0,11.0,37.0
CONTROL__22001__2025022422,22001,2025-02-24 22:00:00,2025-02-24 19:00:00,2025-02-25 01:00:00,NORMAL,GROUP__22001__0011,CONTROL,0.0,0.0,0.0,0.0,0.0,0.0,0.0
CONTROL__22001__2025072122,22001,2025-07-21 22:00:00,2025-07-21 19:00:00,2025-07-22 01:00:00,NORMAL,GROUP__22001__0011,CONTROL,0.0,0.0,0.0,0.0,0.0,0.0,0.0
CONTROL__7248__2025040804,7248,2025-04-08 04:00:00,2025-04-08 01:00:00,2025-04-08 07:00:00,NORMAL,GROUP__7248__0026,CONTROL,54.0,57.0,79.0,134.0,263.0,281.0,180.0
CONTROL__7248__2025122304,7248,2025-12-23 04:00:00,2025-12-23 01:00:00,2025-12-23 07:00:00,NORMAL,GROUP__7248__0026,CONTROL,56.0,64.0,78.0,117.0,198.0,266.0,241.0
CONTROL__51235__2025032505,51235,2025-03-25 05:00:00,2025-03-25 02:00:00,2025-03-25 08:00:00,NORMAL,GROUP__51235__0032,CONTROL,0.0,0.0,0.0,0.0,0.0,0.0,0.0
CONTROL__51235__2025100705,51235,2025-10-07 05:00:00,2025-10-07 02:00:00,2025-10-07 08:00:00,NORMAL,GROUP__51235__0032,CONTROL,11.0,15.0,38.0,95.0,334.0,273.0,219.0
CONTROL__7161__2025052008,7161,2025-05-20 08:00:00,2025-05-20 05:00:00,2025-05-20 11:00:00,NORMAL,GROUP__7161__0018,CONTROL,102.0,160.0,138.0,151.0,161.0,159.0,163.0
CONTROL__7161__2025091608,7161,2025-09-16 08:00:00,2025-09-16 05:00:00,2025-09-16 11:00:00,NORMAL,GROUP__7161__0018,CONTROL,110.0,152.0,117.0,139.0,162.0,153.0,160.0
CONTROL__F3FWY005__2025061719,F3FWY005,2025-06-17 19:00:00,2025-06-17 16:00:00,2025-06-17 22:00:00,NORMAL,GROUP__F3FWY005__0003,CONTROL,436.0,370.0,301.0,234.0,182.0,167.0,180.0
CONTROL__F3FWY005__2025123019,F3FWY005,2025-12-30 19:00:00,2025-12-30 16:00:00,2025-12-30 22:00:00,NORMAL,GROUP__F3FWY005__0003,CONTROL,0.0,0.0,0.0,0.0,0.0,0.0,0.0
CONTROL__7274__2025042921,7274,2025-04-29 21:00:00,2025-04-29 18:00:00,2025-04-30 00:00:00,NORMAL,GROUP__7274__0019,CONTROL,662.0,519.0,441.0,392.0,279.0,167.0,92.0
CONTROL__7274__2025050621,7274,2025-05-06 21:00:00,2025-05-06 18:00:00,2025-05-07 00:00:00,NORMAL,GROUP__7274__0019,CONTROL,67.0,71.0,52.0,33.0,36.0,21.0,25.0
CONTROL__T0288__2025030421,T0288,2025-03-04 21:00:00,2025-03-04 18:00:00,2025-03-05 00:00:00,NORMAL,GROUP__T0288__0009,CONTROL,156.0,189.0,244.0,158.0,133.0,117.0,2.0
CONTROL__T0288__2025102121,T0288,2025-10-21 21:00:00,2025-10-21 18:00:00,2025-10-22 00:00:00,NORMAL,GROUP__T0288__0009,CONTROL,0.0,0.0,0.0,0.0,0.0,0.0,0.0
CONTROL__T0289__2025032521,T0289,2025-03-25 21:00:00,2025-03-25 18:00:00,2025-03-26 00:00:00,NORMAL,GROUP__T0289__0009,CONTROL,0.0,0.0,0.0,0.0,0.0,0.0,0.0
CONTROL__T0289__2025092321,T0289,2025-09-23 21:00:00,2025-09-23 18:00:00,2025-09-24 00:00:00,NORMAL,GROUP__T0289__0009,CONTROL,0.0,0.0,0.0,0.0,0.0,0.0,0.0
CONTROL__T0290__2025123021,T0290,2025-12-30 21:00:00,2025-12-30 18:00:00,2025-12-31 00:00:00,NORMAL,GROUP__T0290__0009,CONTROL,0.0,0.0,0.0,0.0,0.0,0.0,0.0
CONTROL__T0290__2025021821,T0290,2025-02-18 21:00:00,2025-02-18 18:00:00,2025-02-19 00:00:00,NORMAL,GROUP__T0290__0009,CONTROL,0.0,0.0,0.0,0.0,0.0,0.0,0.0
CONTROL__T0479-PR__2025112521,T0479-PR,2025-11-25 21:00:00,2025-11-25 18:00:00,2025-11-26 00:00:00,NORMAL,GROUP__T0479-PR__0009,CONTROL,146.0,75.0,43.0,34.0,22.0,24.0,0.0
CONTROL__T0479-PR__2025122321,T0479-PR,2025-12-23 21:00:00,2025-12-23 18:00:00,2025-12-24 00:00:00,NORMAL,GROUP__T0479-PR__0009,CONTROL,1651.0,1237.0,1006.0,865.0,626.0,396.0,24.0
CONTROL__33014__2025030423,33014,2025-03-04 23:00:00,2025-03-04 20:00:00,2025-03-05 02:00:00,NORMAL,GROUP__33014__0031,CONTROL,21.0,27.0,16.0,0.0,13.0,7.0,15.0
CONTROL__33014__2025081223,33014,2025-08-12 23:00:00,2025-08-12 20:00:00,2025-08-13 02:00:00,NORMAL,GROUP__33014__0031,CONTROL,0.0,0.0,0.0,0.0,0.0,0.0,0.0
CONTROL__10011__2025073003,10011,2025-07-30 03:00:00,2025-07-30 00:00:00,2025-07-30 06:00:00,NORMAL,GROUP__10011__0024,CONTROL,0.0,0.0,0.0,0.0,0.0,0.0,0.0
CONTROL__10011__2025100103,10011,2025-10-01 03:00:00,2025-10-01 00:00:00,2025-10-01 06:00:00,NORMAL,GROUP__10011__0024,CONTROL,0.0,0.0,0.0,0.0,0.0,0.0,0.0
CONTROL__7139__2025020503,7139,2025-02-05 03:00:00,2025-02-05 00:00:00,2025-02-05 06:00:00,NORMAL,GROUP__7139__0024,CONTROL,0.0,0.0,0.0,0.0,0.0,0.0,0.0
CONTROL__7139__2025120303,7139,2025-12-03 03:00:00,2025-12-03 00:00:00,2025-12-03 06:00:00,NORMAL,GROUP__7139__0024,CONTROL,22.0,6.0,12.0,16.0,20.0,76.0,193.0
CONTROL__7112__2025112613,7112,2025-11-26 13:00:00,2025-11-26 10:00:00,2025-11-26 16:00:00,NORMAL,GROUP__7112__0036,CONTROL,247.0,211.0,196.0,182.0,160.0,148.0,134.0
CONTROL__7112__2025011513,7112,2025-01-15 13:00:00,2025-01-15 10:00:00,2025-01-15 16:00:00,NORMAL,GROUP__7112__0036,CONTROL,0.0,0.0,0.0,0.0,0.0,0.0,109.0
CONTROL__7120__2025091719,7120,2025-09-17 19:00:00,2025-09-17 16:00:00,2025-09-17 22:00:00,NORMAL,GROUP__7120__0030,CONTROL,620.0,643.0,717.0,582.0,529.0,576.0,366.0
CONTROL__7120__2025121719,7120,2025-12-17 19:00:00,2025-12-17 16:00:00,2025-12-17 22:00:00,NORMAL,GROUP__7120__0030,CONTROL,616.0,601.0,682.0,630.0,549.0,548.0,503.0
CONTROL__7121__2025061119,7121,2025-06-11 19:00:00,2025-06-11 16:00:00,2025-06-11 22:00:00,NORMAL,GROUP__7121__0030,CONTROL,40.0,37.0,23.0,21.0,14.0,21.0,8.0
CONTROL__7121__2025071619,7121,2025-07-16 19:00:00,2025-07-16 16:00:00,2025-07-16 22:00:00,NORMAL,GROUP__7121__0030,CONTROL,30.0,20.0,18.0,16.0,19.0,16.0,10.0
CONTROL__7112__2025010120,7112,2025-01-01 20:00:00,2025-01-01 17:00:00,2025-01-01 23:00:00,NORMAL,GROUP__7112__0037,CONTROL,0.0,0.0,0.0,0.0,0.0,0.0,0.0
CONTROL__7112__2025082720,7112,2025-08-27 20:00:00,2025-08-27 17:00:00,2025-08-27 23:00:00,NORMAL,GROUP__7112__0037,CONTROL,0.0,0.0,0.0,0.0,0.0,0.0,0.0
CONTROL__7179__2025050721,7179,2025-05-07 21:00:00,2025-05-07 18:00:00,2025-05-08 00:00:00,NORMAL,GROUP__7179__0054,CONTROL,232.0,184.0,120.0,114.0,44.0,57.0,294.0
CONTROL__7179__2025101521,7179,2025-10-15 21:00:00,2025-10-15 18:00:00,2025-10-16 00:00:00,NORMAL,GROUP__7179__0054,CONTROL,248.0,178.0,158.0,116.0,94.0,58.0,350.0
CONTROL__7161__2025010822,7161,2025-01-08 22:00:00,2025-01-08 19:00:00,2025-01-09 01:00:00,NORMAL,GROUP__7161__0019,CONTROL,567.0,480.0,413.0,310.0,190.0,93.0,69.0
CONTROL__7161__2025031222,7161,2025-03-12 22:00:00,2025-03-12 19:00:00,2025-03-13 01:00:00,NORMAL,GROUP__7161__0019,CONTROL,66.0,65.0,46.0,38.0,34.0,21.0,8.0
CONTROL__9658__2025021223,9658,2025-02-12 23:00:00,2025-02-12 20:00:00,2025-02-13 02:00:00,NORMAL,GROUP__9658__0022,CONTROL,0.0,0.0,0.0,0.0,0.0,0.0,0.0
CONTROL__9658__2025030523,9658,2025-03-05 23:00:00,2025-03-05 20:00:00,2025-03-06 02:00:00,NORMAL,GROUP__9658__0022,CONTROL,0.0,0.0,0.0,0.0,0.0,0.0,0.0
CONTROL__74230__2025110604,74230,2025-11-06 04:00:00,2025-11-06 01:00:00,2025-11-06 07:00:00,NORMAL,GROUP__74230__0009,CONTROL,29.0,37.0,74.0,229.0,471.0,530.0,389.0
CONTROL__74230__2025041704,74230,2025-04-17 04:00:00,2025-04-17 01:00:00,2025-04-17 07:00:00,NORMAL,GROUP__74230__0009,CONTROL,10.0,6.0,12.0,41.0,135.0,235.0,203.0
CONTROL__50240__2025022005,50240,2025-02-20 05:00:00,2025-02-20 02:00:00,2025-02-20 08:00:00,NORMAL,GROUP__50240__0032,CONTROL,0.0,0.0,0.0,0.0,0.0,0.0,0.0
CONTROL__50240__2025121105,50240,2025-12-11 05:00:00,2025-12-11 02:00:00,2025-12-11 08:00:00,NORMAL,GROUP__50240__0032,CONTROL,185.0,256.0,677.0,1979.0,2478.0,2498.0,2396.0
CONTROL__50260__2025052207,50260,2025-05-22 07:00:00,2025-05-22 04:00:00,2025-05-22 10:00:00,NORMAL,GROUP__50260__0006,CONTROL,74.0,114.0,340.0,325.0,308.0,334.0,261.0
CONTROL__50260__2025052907,50260,2025-05-29 07:00:00,2025-05-29 04:00:00,2025-05-29 10:00:00,NORMAL,GROUP__50260__0006,CONTROL,171.0,698.0,1976.0,1812.0,1881.0,1547.0,1325.0
CONTROL__10011__2025072417,10011,2025-07-24 17:00:00,2025-07-24 14:00:00,2025-07-24 20:00:00,NORMAL,GROUP__10011__0025,CONTROL,0.0,0.0,0.0,0.0,0.0,0.0,0.0
CONTROL__10011__2025121817,10011,2025-12-18 17:00:00,2025-12-18 14:00:00,2025-12-18 20:00:00,NORMAL,GROUP__10011__0025,CONTROL,0.0,0.0,0.0,0.0,0.0,0.0,0.0
CONTROL__7139__2025112017,7139,2025-11-20 17:00:00,2025-11-20 14:00:00,2025-11-20 20:00:00,NORMAL,GROUP__7139__0025,CONTROL,470.0,419.0,318.0,268.0,144.0,85.0,65.0
CONTROL__7139__2025022717,7139,2025-02-27 17:00:00,2025-02-27 14:00:00,2025-02-27 20:00:00,NORMAL,GROUP__7139__0025,CONTROL,0.0,0.0,0.0,0.0,0.0,0.0,0.0
CONTROL__50240__2025031320,50240,2025-03-13 20:00:00,2025-03-13 17:00:00,2025-03-13 23:00:00,NORMAL,GROUP__50240__0033,CONTROL,2562.0,2616.0,2097.0,1896.0,1988.0,1544.0,871.0
CONTROL__50240__2025111320,50240,2025-11-13 20:00:00,2025-11-13 17:00:00,2025-11-13 23:00:00,NORMAL,GROUP__50240__0033,CONTROL,161.0,135.0,144.0,119.0,102.0,75.0,55.0
CONTROL__7161__2025100221,7161,2025-10-02 21:00:00,2025-10-02 18:00:00,2025-10-03 00:00:00,NORMAL,GROUP__7161__0020,CONTROL,1153.0,860.0,603.0,567.0,419.0,257.0,144.0
CONTROL__7161__2025090421,7161,2025-09-04 21:00:00,2025-09-04 18:00:00,2025-09-05 00:00:00,NORMAL,GROUP__7161__0020,CONTROL,1246.0,950.0,677.0,602.0,454.0,247.0,18.0
CONTROL__68025__2025091901,68025,2025-09-19 01:00:00,2025-09-18 22:00:00,2025-09-19 04:00:00,NORMAL,GROUP__68025__0026,CONTROL,373.0,231.0,15.0,10.0,3.0,14.0,22.0
CONTROL__68025__2025053001,68025,2025-05-30 01:00:00,2025-05-29 22:00:00,2025-05-30 04:00:00,NORMAL,GROUP__68025__0026,CONTROL,527.0,299.0,116.0,74.0,52.0,66.0,151.0
CONTROL__7150__2025120511,7150,2025-12-05 11:00:00,2025-12-05 08:00:00,2025-12-05 14:00:00,NORMAL,GROUP__7150__0004,CONTROL,97.0,93.0,115.0,109.0,94.0,104.0,80.0
CONTROL__7150__2025022111,7150,2025-02-21 11:00:00,2025-02-21 08:00:00,2025-02-21 14:00:00,NORMAL,GROUP__7150__0004,CONTROL,0.0,0.0,0.0,0.0,0.0,0.0,0.0
CONTROL__74228__2025011714,74228,2025-01-17 14:00:00,2025-01-17 11:00:00,2025-01-17 17:00:00,NORMAL,GROUP__74228__0004,CONTROL,0.0,0.0,0.0,0.0,0.0,0.0,0.0
CONTROL__74228__2025112114,74228,2025-11-21 14:00:00,2025-11-21 11:00:00,2025-11-21 17:00:00,NORMAL,GROUP__74228__0004,CONTROL,139.0,150.0,150.0,132.0,106.0,89.0,86.0
CONTROL__7251__2025121915,7251,2025-12-19 15:00:00,2025-12-19 12:00:00,2025-12-19 18:00:00,NORMAL,GROUP__7251__0019,CONTROL,948.0,1080.0,1079.0,1179.0,1235.0,1244.0,1130.0
CONTROL__7251__2025051615,7251,2025-05-16 15:00:00,2025-05-16 12:00:00,2025-05-16 18:00:00,NORMAL,GROUP__7251__0019,CONTROL,919.0,915.0,1048.0,1308.0,1289.0,1391.0,1134.0
CONTROL__7120__2025031502,7120,2025-03-15 02:00:00,2025-03-14 23:00:00,2025-03-15 05:00:00,NORMAL,GROUP__7120__0031,CONTROL,0.0,352.0,283.0,207.0,156.0,166.0,340.0
CONTROL__7120__2025090602,7120,2025-09-06 02:00:00,2025-09-05 23:00:00,2025-09-06 05:00:00,NORMAL,GROUP__7120__0031,CONTROL,454.0,340.0,263.0,194.0,161.0,231.0,342.0
CONTROL__7121__2025040502,7121,2025-04-05 02:00:00,2025-04-04 23:00:00,2025-04-05 05:00:00,NORMAL,GROUP__7121__0031,CONTROL,229.0,234.0,145.0,150.0,112.0,99.0,94.0
CONTROL__7121__2025080202,7121,2025-08-02 02:00:00,2025-08-01 23:00:00,2025-08-02 05:00:00,NORMAL,GROUP__7121__0031,CONTROL,14.0,13.0,6.0,7.0,3.0,8.0,5.0
CONTROL__7179__2025041904,7179,2025-04-19 04:00:00,2025-04-19 01:00:00,2025-04-19 07:00:00,NORMAL,GROUP__7179__0055,CONTROL,18.0,16.0,24.0,34.0,55.0,75.0,100.0
CONTROL__7179__2025042604,7179,2025-04-26 04:00:00,2025-04-26 01:00:00,2025-04-26 07:00:00,NORMAL,GROUP__7179__0055,CONTROL,343.0,250.0,228.0,252.0,337.0,619.0,756.0
CONTROL__F3FWY003__2025061501,F3FWY003,2025-06-15 01:00:00,2025-06-14 22:00:00,2025-06-15 04:00:00,NORMAL,GROUP__F3FWY003__0028,CONTROL,0.0,0.0,0.0,0.0,0.0,0.0,0.0
CONTROL__F3FWY003__2025111601,F3FWY003,2025-11-16 01:00:00,2025-11-15 22:00:00,2025-11-16 04:00:00,NORMAL,GROUP__F3FWY003__0028,CONTROL,109.0,81.0,1926.0,705.0,126.0,101.0,160.0
CONTROL__F3FWY004__2025040607,F3FWY004,2025-04-06 07:00:00,2025-04-06 04:00:00,2025-04-06 10:00:00,NORMAL,GROUP__F3FWY004__0004,CONTROL,24.0,45.0,101.0,135.0,168.0,174.0,193.0
CONTROL__F3FWY004__2025052507,F3FWY004,2025-05-25 07:00:00,2025-05-25 04:00:00,2025-05-25 10:00:00,NORMAL,GROUP__F3FWY004__0004,CONTROL,94.0,235.0,410.0,220.0,499.0,1096.0,1318.0
CONTROL__23067__2025011920,23067,2025-01-19 20:00:00,2025-01-19 17:00:00,2025-01-19 23:00:00,NORMAL,GROUP__23067__0023,CONTROL,1472.0,1227.0,1303.0,1168.0,1077.0,789.0,299.0
CONTROL__23067__2025033020,23067,2025-03-30 20:00:00,2025-03-30 17:00:00,2025-03-30 23:00:00,NORMAL,GROUP__23067__0023,CONTROL,1153.0,815.0,713.0,878.0,573.0,149.0,53.0
CONTROL__53004__2025082504,53004,2025-08-25 04:00:00,2025-08-25 01:00:00,2025-08-25 07:00:00,NORMAL,GROUP__53004__0022,CONTROL,12.0,15.0,23.0,24.0,44.0,93.0,114.0
CONTROL__53004__2025041404,53004,2025-04-14 04:00:00,2025-04-14 01:00:00,2025-04-14 07:00:00,NORMAL,GROUP__53004__0022,CONTROL,43.0,29.0,56.0,210.0,662.0,1300.0,1775.0
CONTROL__7179__2025120105,7179,2025-12-01 05:00:00,2025-12-01 02:00:00,2025-12-01 08:00:00,NORMAL,GROUP__7179__0056,CONTROL,53.0,55.0,97.0,211.0,294.0,330.0,344.0
CONTROL__7179__2025012705,7179,2025-01-27 05:00:00,2025-01-27 02:00:00,2025-01-27 08:00:00,NORMAL,GROUP__7179__0056,CONTROL,0.0,0.0,0.0,0.0,0.0,0.0,0.0
CONTROL__7132__2025042108,7132,2025-04-21 08:00:00,2025-04-21 05:00:00,2025-04-21 11:00:00,NORMAL,GROUP__7132__0021,CONTROL,16.0,11.0,14.0,25.0,21.0,22.0,20.0
CONTROL__7132__2025011308,7132,2025-01-13 08:00:00,2025-01-13 05:00:00,2025-01-13 11:00:00,NORMAL,GROUP__7132__0021,CONTROL,66.0,123.0,100.0,78.0,65.0,81.0,73.0
CONTROL__33014__2025081810,33014,2025-08-18 10:00:00,2025-08-18 07:00:00,2025-08-18 13:00:00,NORMAL,GROUP__33014__0032,CONTROL,0.0,0.0,0.0,0.0,0.0,0.0,0.0
CONTROL__33014__2025111710,33014,2025-11-17 10:00:00,2025-11-17 07:00:00,2025-11-17 13:00:00,NORMAL,GROUP__33014__0032,CONTROL,0.0,0.0,0.0,0.0,0.0,0.0,0.0
CONTROL__50240__2025090119,50240,2025-09-01 19:00:00,2025-09-01 16:00:00,2025-09-01 22:00:00,NORMAL,GROUP__50240__0034,CONTROL,282.0,223.0,217.0,133.0,105.0,72.0,62.0
CONTROL__50240__2025033119,50240,2025-03-31 19:00:00,2025-03-31 16:00:00,2025-03-31 22:00:00,NORMAL,GROUP__50240__0034,CONTROL,260.0,207.0,167.0,135.0,92.0,83.0,92.0
CONTROL__7153__2025033122,7153,2025-03-31 22:00:00,2025-03-31 19:00:00,2025-04-01 01:00:00,NORMAL,GROUP__7153__0021,CONTROL,78.0,52.0,38.0,52.0,41.0,75.0,39.0
CONTROL__7153__2025050522,7153,2025-05-05 22:00:00,2025-05-05 19:00:00,2025-05-06 01:00:00,NORMAL,GROUP__7153__0021,CONTROL,72.0,72.0,40.0,44.0,30.0,30.0,26.0
CONTROL__7163__2025021106,7163,2025-02-11 06:00:00,2025-02-11 03:00:00,2025-02-11 09:00:00,NORMAL,GROUP__7163__0022,CONTROL,0.0,0.0,0.0,0.0,0.0,0.0,0.0
CONTROL__7163__2025041506,7163,2025-04-15 06:00:00,2025-04-15 03:00:00,2025-04-15 09:00:00,NORMAL,GROUP__7163__0022,CONTROL,7.0,20.0,52.0,116.0,101.0,98.0,119.0
CONTROL__7120__2025021107,7120,2025-02-11 07:00:00,2025-02-11 04:00:00,2025-02-11 10:00:00,NORMAL,GROUP__7120__0032,CONTROL,0.0,0.0,0.0,0.0,0.0,0.0,0.0
CONTROL__7120__2025012107,7120,2025-01-21 07:00:00,2025-01-21 04:00:00,2025-01-21 10:00:00,NORMAL,GROUP__7120__0032,CONTROL,28.0,54.0,113.0,89.0,63.0,92.0,84.0
CONTROL__7121__2025101407,7121,2025-10-14 07:00:00,2025-10-14 04:00:00,2025-10-14 10:00:00,NORMAL,GROUP__7121__0032,CONTROL,47.0,92.0,190.0,371.0,440.0,392.0,379.0
CONTROL__7121__2025090907,7121,2025-09-09 07:00:00,2025-09-09 04:00:00,2025-09-09 10:00:00,NORMAL,GROUP__7121__0032,CONTROL,48.0,87.0,226.0,333.0,449.0,349.0,345.0
CONTROL__7161__2025052716,7161,2025-05-27 16:00:00,2025-05-27 13:00:00,2025-05-27 19:00:00,NORMAL,GROUP__7161__0021,CONTROL,169.0,201.0,220.0,155.0,138.0,115.0,70.0
CONTROL__7161__2025012116,7161,2025-01-21 16:00:00,2025-01-21 13:00:00,2025-01-21 19:00:00,NORMAL,GROUP__7161__0021,CONTROL,0.0,0.0,0.0,0.0,0.0,0.0,0.0
CONTROL__7163__2025020422,7163,2025-02-04 22:00:00,2025-02-04 19:00:00,2025-02-05 01:00:00,NORMAL,GROUP__7163__0023,CONTROL,0.0,0.0,0.0,0.0,0.0,0.0,0.0
CONTROL__7163__2025102822,7163,2025-10-28 22:00:00,2025-10-28 19:00:00,2025-10-29 01:00:00,NORMAL,GROUP__7163__0023,CONTROL,463.0,392.0,369.0,270.0,154.0,83.0,44.0
CONTROL__53004__2025030504,53004,2025-03-05 04:00:00,2025-03-05 01:00:00,2025-03-05 07:00:00,NORMAL,GROUP__53004__0023,CONTROL,58.0,50.0,35.0,87.0,275.0,810.0,1304.0
CONTROL__53004__2025050704,53004,2025-05-07 04:00:00,2025-05-07 01:00:00,2025-05-07 07:00:00,NORMAL,GROUP__53004__0023,CONTROL,44.0,44.0,44.0,84.0,259.0,747.0,1368.0
CONTROL__53004__2025070905,53004,2025-07-09 05:00:00,2025-07-09 02:00:00,2025-07-09 08:00:00,NORMAL,GROUP__53004__0023,CONTROL,25.0,58.0,171.0,621.0,1313.0,1703.0,1675.0
CONTROL__53004__2025082705,53004,2025-08-27 05:00:00,2025-08-27 02:00:00,2025-08-27 08:00:00,NORMAL,GROUP__53004__0023,CONTROL,27.0,41.0,203.0,635.0,1525.0,2375.0,2092.0
CONTROL__7163__2025082008,7163,2025-08-20 08:00:00,2025-08-20 05:00:00,2025-08-20 11:00:00,NORMAL,GROUP__7163__0024,CONTROL,39.0,103.0,87.0,86.0,82.0,101.0,95.0
CONTROL__7163__2025121008,7163,2025-12-10 08:00:00,2025-12-10 05:00:00,2025-12-10 11:00:00,NORMAL,GROUP__7163__0024,CONTROL,50.0,112.0,128.0,114.0,106.0,111.0,108.0
CONTROL__7163__2025112620,7163,2025-11-26 20:00:00,2025-11-26 17:00:00,2025-11-26 23:00:00,NORMAL,GROUP__7163__0025,CONTROL,707.0,695.0,521.0,483.0,512.0,366.0,235.0
CONTROL__7163__2025061120,7163,2025-06-11 20:00:00,2025-06-11 17:00:00,2025-06-11 23:00:00,NORMAL,GROUP__7163__0025,CONTROL,615.0,665.0,505.0,401.0,373.0,273.0,145.0
CONTROL__F3FWY003__2025090400,F3FWY003,2025-09-04 00:00:00,2025-09-03 21:00:00,2025-09-04 03:00:00,NORMAL,GROUP__F3FWY003__0029,CONTROL,607.0,467.0,266.0,96.0,89.0,100.0,126.0
CONTROL__F3FWY003__2025082100,F3FWY003,2025-08-21 00:00:00,2025-08-20 21:00:00,2025-08-21 03:00:00,NORMAL,GROUP__F3FWY003__0029,CONTROL,488.0,475.0,417.0,72.0,86.0,82.0,124.0
CONTROL__7179__2025110601,7179,2025-11-06 01:00:00,2025-11-05 22:00:00,2025-11-06 04:00:00,NORMAL,GROUP__7179__0057,CONTROL,70.0,76.0,62.0,45.0,56.0,73.0,112.0
CONTROL__7179__2025121801,7179,2025-12-18 01:00:00,2025-12-17 22:00:00,2025-12-18 04:00:00,NORMAL,GROUP__7179__0057,CONTROL,1067.0,710.0,409.0,210.0,169.0,247.0,447.0
CONTROL__51235__2025121801,51235,2025-12-18 01:00:00,2025-12-17 22:00:00,2025-12-18 04:00:00,NORMAL,GROUP__51235__0033,CONTROL,43.0,29.0,196.0,113.0,90.0,145.0,321.0
CONTROL__51235__2025110601,51235,2025-11-06 01:00:00,2025-11-05 22:00:00,2025-11-06 04:00:00,NORMAL,GROUP__51235__0033,CONTROL,0.0,0.0,17.0,18.0,19.0,22.0,47.0
CONTROL__68025__2025071005,68025,2025-07-10 05:00:00,2025-07-10 02:00:00,2025-07-10 08:00:00,NORMAL,GROUP__68025__0027,CONTROL,56.0,78.0,138.0,294.0,521.0,635.0,715.0
CONTROL__68025__2025122505,68025,2025-12-25 05:00:00,2025-12-25 02:00:00,2025-12-25 08:00:00,NORMAL,GROUP__68025__0027,CONTROL,125.0,75.0,61.0,107.0,167.0,239.0,251.0
CONTROL__10011__2025071005,10011,2025-07-10 05:00:00,2025-07-10 02:00:00,2025-07-10 08:00:00,NORMAL,GROUP__10011__0026,CONTROL,0.0,0.0,0.0,0.0,0.0,0.0,0.0
CONTROL__10011__2025041005,10011,2025-04-10 05:00:00,2025-04-10 02:00:00,2025-04-10 08:00:00,NORMAL,GROUP__10011__0026,CONTROL,0.0,0.0,0.0,0.0,0.0,0.0,0.0
CONTROL__7139__2025071005,7139,2025-07-10 05:00:00,2025-07-10 02:00:00,2025-07-10 08:00:00,NORMAL,GROUP__7139__0026,CONTROL,14.0,16.0,20.0,54.0,156.0,215.0,238.0
CONTROL__7139__2025061205,7139,2025-06-12 05:00:00,2025-06-12 02:00:00,2025-06-12 08:00:00,NORMAL,GROUP__7139__0026,CONTROL,6.0,16.0,23.0,57.0,191.0,213.0,283.0
CONTROL__7179__2025100220,7179,2025-10-02 20:00:00,2025-10-02 17:00:00,2025-10-02 23:00:00,NORMAL,GROUP__7179__0058,CONTROL,1819.0,1904.0,1415.0,1326.0,1228.0,930.0,602.0
CONTROL__7179__2025121820,7179,2025-12-18 20:00:00,2025-12-18 17:00:00,2025-12-18 23:00:00,NORMAL,GROUP__7179__0058,CONTROL,1863.0,1854.0,1546.0,1478.0,1551.0,1276.0,730.0
CONTROL__7120__2025051521,7120,2025-05-15 21:00:00,2025-05-15 18:00:00,2025-05-16 00:00:00,NORMAL,GROUP__7120__0033,CONTROL,39.0,32.0,30.0,17.0,31.0,14.0,9.0
CONTROL__7120__2025060521,7120,2025-06-05 21:00:00,2025-06-05 18:00:00,2025-06-06 00:00:00,NORMAL,GROUP__7120__0033,CONTROL,30.0,36.0,15.0,25.0,18.0,19.0,142.0
CONTROL__7121__2025022021,7121,2025-02-20 21:00:00,2025-02-20 18:00:00,2025-02-21 00:00:00,NORMAL,GROUP__7121__0033,CONTROL,0.0,0.0,0.0,0.0,0.0,0.0,0.0
CONTROL__7121__2025012321,7121,2025-01-23 21:00:00,2025-01-23 18:00:00,2025-01-24 00:00:00,NORMAL,GROUP__7121__0033,CONTROL,634.0,386.0,353.0,325.0,278.0,124.0,85.0
CONTROL__7248__2025081701,7248,2025-08-17 01:00:00,2025-08-16 22:00:00,2025-08-17 04:00:00,NORMAL,GROUP__7248__0027,CONTROL,0.0,0.0,0.0,0.0,0.0,1.0,0.0
CONTROL__7248__2025010501,7248,2025-01-05 01:00:00,2025-01-04 22:00:00,2025-01-05 04:00:00,NORMAL,GROUP__7248__0027,CONTROL,722.0,529.0,318.0,163.0,125.0,87.0,115.0
CONTROL__47024__2025042200,47024,2025-04-22 00:00:00,2025-04-21 21:00:00,2025-04-22 03:00:00,NORMAL,GROUP__47024__0012,CONTROL,58.0,40.0,39.0,317.0,180.0,132.0,121.0
CONTROL__47024__2025042900,47024,2025-04-29 00:00:00,2025-04-28 21:00:00,2025-04-29 03:00:00,NORMAL,GROUP__47024__0012,CONTROL,50.0,40.0,39.0,54.0,28.0,26.0,43.0
CONTROL__T0288__2025030400,T0288,2025-03-04 00:00:00,2025-03-03 21:00:00,2025-03-04 03:00:00,NORMAL,GROUP__T0288__0010,CONTROL,1.0,0.0,0.0,89.0,89.0,90.0,99.0
CONTROL__T0288__2025122300,T0288,2025-12-23 00:00:00,2025-12-22 21:00:00,2025-12-23 03:00:00,NORMAL,GROUP__T0288__0010,CONTROL,0.0,0.0,0.0,0.0,0.0,0.0,0.0
CONTROL__T0289__2025062400,T0289,2025-06-24 00:00:00,2025-06-23 21:00:00,2025-06-24 03:00:00,NORMAL,GROUP__T0289__0010,CONTROL,0.0,0.0,0.0,0.0,0.0,0.0,0.0
CONTROL__T0289__2025120200,T0289,2025-12-02 00:00:00,2025-12-01 21:00:00,2025-12-02 03:00:00,NORMAL,GROUP__T0289__0010,CONTROL,0.0,0.0,0.0,0.0,0.0,0.0,0.0
CONTROL__T0290__2025090200,T0290,2025-09-02 00:00:00,2025-09-01 21:00:00,2025-09-02 03:00:00,NORMAL,GROUP__T0290__0010,CONTROL,0.0,2.0,0.0,0.0,0.0,0.0,0.0
CONTROL__T0290__2025100700,T0290,2025-10-07 00:00:00,2025-10-06 21:00:00,2025-10-07 03:00:00,NORMAL,GROUP__T0290__0010,CONTROL,0.0,0.0,0.0,0.0,0.0,0.0,0.0
CONTROL__T0479-PR__2025070100,T0479-PR,2025-07-01 00:00:00,2025-06-30 21:00:00,2025-07-01 03:00:00,NORMAL,GROUP__T0479-PR__0010,CONTROL,306.0,212.0,90.0,76.0,66.0,39.0,38.0
CONTROL__T0479-PR__2025030400,T0479-PR,2025-03-04 00:00:00,2025-03-03 21:00:00,2025-03-04 03:00:00,NORMAL,GROUP__T0479-PR__0010,CONTROL,367.0,215.0,83.0,10.0,6.0,12.0,29.0
CONTROL__7120__2025120200,7120,2025-12-02 00:00:00,2025-12-01 21:00:00,2025-12-02 03:00:00,NORMAL,GROUP__7120__0034,CONTROL,24.0,19.0,9.0,110.0,62.0,53.0,92.0
CONTROL__7120__2025040800,7120,2025-04-08 00:00:00,2025-04-07 21:00:00,2025-04-08 03:00:00,NORMAL,GROUP__7120__0034,CONTROL,10.0,11.0,11.0,8.0,9.0,16.0,22.0
CONTROL__7121__2025070800,7121,2025-07-08 00:00:00,2025-07-07 21:00:00,2025-07-08 03:00:00,NORMAL,GROUP__7121__0034,CONTROL,15.0,15.0,8.0,49.0,26.0,24.0,34.0
CONTROL__7121__2025052700,7121,2025-05-27 00:00:00,2025-05-26 21:00:00,2025-05-27 03:00:00,NORMAL,GROUP__7121__0034,CONTROL,262.0,155.0,80.0,0.0,0.0,0.0,0.0
CONTROL__7179__2025081923,7179,2025-08-19 23:00:00,2025-08-19 20:00:00,2025-08-20 02:00:00,NORMAL,GROUP__7179__0059,CONTROL,132.0,107.0,74.0,64.0,40.0,45.0,48.0
CONTROL__7179__2025052023,7179,2025-05-20 23:00:00,2025-05-20 20:00:00,2025-05-21 02:00:00,NORMAL,GROUP__7179__0059,CONTROL,1240.0,1085.0,917.0,521.0,56.0,53.0,42.0
CONTROL__51235__2025040823,51235,2025-04-08 23:00:00,2025-04-08 20:00:00,2025-04-09 02:00:00,NORMAL,GROUP__51235__0034,CONTROL,979.0,804.0,442.0,299.0,14.0,19.0,13.0
CONTROL__51235__2025101423,51235,2025-10-14 23:00:00,2025-10-14 20:00:00,2025-10-15 02:00:00,NORMAL,GROUP__51235__0034,CONTROL,1059.0,957.0,612.0,331.0,21.0,19.0,23.0
CONTROL__74229__2025022605,74229,2025-02-26 05:00:00,2025-02-26 02:00:00,2025-02-26 08:00:00,NORMAL,GROUP__74229__0004,CONTROL,0.0,0.0,0.0,0.0,0.0,0.0,0.0
CONTROL__74229__2025042305,74229,2025-04-23 05:00:00,2025-04-23 02:00:00,2025-04-23 08:00:00,NORMAL,GROUP__74229__0004,CONTROL,4.0,5.0,15.0,21.0,60.0,46.0,71.0
CONTROL__7161__2025020600,7161,2025-02-06 00:00:00,2025-02-05 21:00:00,2025-02-06 03:00:00,NORMAL,GROUP__7161__0022,CONTROL,0.0,0.0,0.0,0.0,0.0,0.0,0.0
CONTROL__7161__2025051500,7161,2025-05-15 00:00:00,2025-05-14 21:00:00,2025-05-15 03:00:00,NORMAL,GROUP__7161__0022,CONTROL,40.0,26.0,33.0,21.0,14.0,23.0,15.0
CONTROL__7161__2025120402,7161,2025-12-04 02:00:00,2025-12-03 23:00:00,2025-12-04 05:00:00,NORMAL,GROUP__7161__0022,CONTROL,235.0,16.0,16.0,20.0,13.0,33.0,115.0
CONTROL__7161__2025012302,7161,2025-01-23 02:00:00,2025-01-22 23:00:00,2025-01-23 05:00:00,NORMAL,GROUP__7161__0022,CONTROL,14.0,89.0,59.0,48.0,76.0,152.0,471.0
CONTROL__F3FWY006__2025082802,F3FWY006,2025-08-28 02:00:00,2025-08-27 23:00:00,2025-08-28 05:00:00,NORMAL,GROUP__F3FWY006__0004,CONTROL,106.0,102.0,101.0,139.0,184.0,317.0,567.0
CONTROL__F3FWY006__2025122502,F3FWY006,2025-12-25 02:00:00,2025-12-24 23:00:00,2025-12-25 05:00:00,NORMAL,GROUP__F3FWY006__0004,CONTROL,0.0,0.0,0.0,0.0,0.0,0.0,0.0
CONTROL__7274__2025061905,7274,2025-06-19 05:00:00,2025-06-19 02:00:00,2025-06-19 08:00:00,NORMAL,GROUP__7274__0020,CONTROL,68.0,97.0,285.0,633.0,1084.0,1303.0,1282.0
CONTROL__7274__2025071705,7274,2025-07-17 05:00:00,2025-07-17 02:00:00,2025-07-17 08:00:00,NORMAL,GROUP__7274__0020,CONTROL,14.0,15.0,26.0,97.0,173.0,143.0,128.0
CONTROL__7274__2025052905,7274,2025-05-29 05:00:00,2025-05-29 02:00:00,2025-05-29 08:00:00,NORMAL,GROUP__7274__0020,CONTROL,17.0,18.0,53.0,93.0,188.0,190.0,179.0
CONTROL__7274__2025091805,7274,2025-09-18 05:00:00,2025-09-18 02:00:00,2025-09-18 08:00:00,NORMAL,GROUP__7274__0020,CONTROL,19.0,12.0,41.0,113.0,205.0,194.0,170.0
CONTROL__7161__2025010206,7161,2025-01-02 06:00:00,2025-01-02 03:00:00,2025-01-02 09:00:00,NORMAL,GROUP__7161__0022,CONTROL,13.0,16.0,44.0,59.0,60.0,72.0,94.0
CONTROL__7161__2025090406,7161,2025-09-04 06:00:00,2025-09-04 03:00:00,2025-09-04 09:00:00,NORMAL,GROUP__7161__0022,CONTROL,61.0,162.0,537.0,887.0,1468.0,1283.0,969.0
CONTROL__47024__2025111406,47024,2025-11-14 06:00:00,2025-11-14 03:00:00,2025-11-14 09:00:00,NORMAL,GROUP__47024__0013,CONTROL,49.0,82.0,141.0,174.0,183.0,214.0,226.0
CONTROL__47024__2025011706,47024,2025-01-17 06:00:00,2025-01-17 03:00:00,2025-01-17 09:00:00,NORMAL,GROUP__47024__0013,CONTROL,50.0,0.0,0.0,0.0,0.0,0.0,0.0
CONTROL__50260__2025080808,50260,2025-08-08 08:00:00,2025-08-08 05:00:00,2025-08-08 11:00:00,NORMAL,GROUP__50260__0007,CONTROL,161.0,357.0,356.0,300.0,337.0,363.0,360.0
CONTROL__50260__2025071808,50260,2025-07-18 08:00:00,2025-07-18 05:00:00,2025-07-18 11:00:00,NORMAL,GROUP__50260__0007,CONTROL,151.0,335.0,379.0,366.0,330.0,317.0,288.0
CONTROL__7179__2025030711,7179,2025-03-07 11:00:00,2025-03-07 08:00:00,2025-03-07 14:00:00,NORMAL,GROUP__7179__0060,CONTROL,0.0,0.0,0.0,0.0,0.0,0.0,0.0
CONTROL__7179__2025011011,7179,2025-01-10 11:00:00,2025-01-10 08:00:00,2025-01-10 14:00:00,NORMAL,GROUP__7179__0060,CONTROL,375.0,392.0,409.0,426.0,431.0,419.0,363.0
CONTROL__7251__2025112812,7251,2025-11-28 12:00:00,2025-11-28 09:00:00,2025-11-28 15:00:00,NORMAL,GROUP__7251__0020,CONTROL,127.0,164.0,178.0,181.0,170.0,168.0,212.0
CONTROL__7251__2025121212,7251,2025-12-12 12:00:00,2025-12-12 09:00:00,2025-12-12 15:00:00,NORMAL,GROUP__7251__0020,CONTROL,160.0,133.0,173.0,182.0,172.0,198.0,164.0
CONTROL__7251__2025110800,7251,2025-11-08 00:00:00,2025-11-07 21:00:00,2025-11-08 03:00:00,NORMAL,GROUP__7251__0021,CONTROL,825.0,886.0,763.0,580.0,452.0,489.0,323.0
CONTROL__7251__2025053100,7251,2025-05-31 00:00:00,2025-05-30 21:00:00,2025-05-31 03:00:00,NORMAL,GROUP__7251__0021,CONTROL,46.0,55.0,35.0,632.0,408.0,331.0,235.0
CONTROL__68025__2025062107,68025,2025-06-21 07:00:00,2025-06-21 04:00:00,2025-06-21 10:00:00,NORMAL,GROUP__68025__0028,CONTROL,85.0,230.0,356.0,491.0,660.0,898.0,981.0
CONTROL__68025__2025120607,68025,2025-12-06 07:00:00,2025-12-06 04:00:00,2025-12-06 10:00:00,NORMAL,GROUP__68025__0028,CONTROL,11.0,22.0,40.0,33.0,35.0,46.0,44.0
CONTROL__32029__2025010407,32029,2025-01-04 07:00:00,2025-01-04 04:00:00,2025-01-04 10:00:00,NORMAL,GROUP__32029__0004,CONTROL,164.0,431.0,528.0,775.0,1137.0,1190.0,1272.0
CONTROL__32029__2025082307,32029,2025-08-23 07:00:00,2025-08-23 04:00:00,2025-08-23 10:00:00,NORMAL,GROUP__32029__0004,CONTROL,0.0,0.0,0.0,0.0,0.0,0.0,0.0
CONTROL__7112__2025010505,7112,2025-01-05 05:00:00,2025-01-05 02:00:00,2025-01-05 08:00:00,NORMAL,GROUP__7112__0038,CONTROL,0.0,90.0,103.0,181.0,381.0,404.0,585.0
CONTROL__7112__2025051105,7112,2025-05-11 05:00:00,2025-05-11 02:00:00,2025-05-11 08:00:00,NORMAL,GROUP__7112__0038,CONTROL,100.0,74.0,64.0,123.0,304.0,336.0,448.0
CONTROL__F3FWY004__2025100523,F3FWY004,2025-10-05 23:00:00,2025-10-05 20:00:00,2025-10-06 02:00:00,NORMAL,GROUP__F3FWY004__0005,CONTROL,699.0,526.0,811.0,813.0,53.0,24.0,6.0
CONTROL__F3FWY004__2025041323,F3FWY004,2025-04-13 23:00:00,2025-04-13 20:00:00,2025-04-14 02:00:00,NORMAL,GROUP__F3FWY004__0005,CONTROL,469.0,245.0,116.0,41.0,81.0,77.0,88.0
CONTROL__7163__2025030303,7163,2025-03-03 03:00:00,2025-03-03 00:00:00,2025-03-03 06:00:00,NORMAL,GROUP__7163__0026,CONTROL,0.0,0.0,0.0,0.0,0.0,0.0,0.0
CONTROL__7163__2025102703,7163,2025-10-27 03:00:00,2025-10-27 00:00:00,2025-10-27 06:00:00,NORMAL,GROUP__7163__0026,CONTROL,10.0,4.0,8.0,9.0,22.0,45.0,110.0
CONTROL__7112__2025122206,7112,2025-12-22 06:00:00,2025-12-22 03:00:00,2025-12-22 09:00:00,NORMAL,GROUP__7112__0039,CONTROL,26.0,60.0,100.0,221.0,228.0,218.0,223.0
CONTROL__7112__2025090106,7112,2025-09-01 06:00:00,2025-09-01 03:00:00,2025-09-01 09:00:00,NORMAL,GROUP__7112__0039,CONTROL,57.0,145.0,527.0,830.0,659.0,593.0,522.0
CONTROL__50240__2025081123,50240,2025-08-11 23:00:00,2025-08-11 20:00:00,2025-08-12 02:00:00,NORMAL,GROUP__50240__0035,CONTROL,1072.0,916.0,683.0,358.0,308.0,201.0,139.0
CONTROL__50240__2025051923,50240,2025-05-19 23:00:00,2025-05-19 20:00:00,2025-05-20 02:00:00,NORMAL,GROUP__50240__0035,CONTROL,1481.0,1282.0,1088.0,680.0,43.0,46.0,58.0
CONTROL__10011__2025092306,10011,2025-09-23 06:00:00,2025-09-23 03:00:00,2025-09-23 09:00:00,NORMAL,GROUP__10011__0027,CONTROL,0.0,0.0,0.0,0.0,0.0,0.0,0.0
CONTROL__10011__2025102806,10011,2025-10-28 06:00:00,2025-10-28 03:00:00,2025-10-28 09:00:00,NORMAL,GROUP__10011__0027,CONTROL,0.0,0.0,0.0,0.0,0.0,0.0,0.0
CONTROL__7139__2025041506,7139,2025-04-15 06:00:00,2025-04-15 03:00:00,2025-04-15 09:00:00,NORMAL,GROUP__7139__0027,CONTROL,10.0,21.0,65.0,171.0,239.0,280.0,297.0
CONTROL__7139__2025011406,7139,2025-01-14 06:00:00,2025-01-14 03:00:00,2025-01-14 09:00:00,NORMAL,GROUP__7139__0027,CONTROL,10.0,21.0,67.0,146.0,221.0,215.0,238.0
CONTROL__T0231__2025012109,T0231,2025-01-21 09:00:00,2025-01-21 06:00:00,2025-01-21 12:00:00,NORMAL,GROUP__T0231__0008,CONTROL,0.0,0.0,0.0,0.0,0.0,0.0,0.0
CONTROL__T0231__2025102109,T0231,2025-10-21 09:00:00,2025-10-21 06:00:00,2025-10-21 12:00:00,NORMAL,GROUP__T0231__0008,CONTROL,1342.0,1182.0,1002.0,1065.0,1050.0,980.0,1046.0
CONTROL__7248__2025092322,7248,2025-09-23 22:00:00,2025-09-23 19:00:00,2025-09-24 01:00:00,NORMAL,GROUP__7248__0028,CONTROL,97.0,95.0,59.0,63.0,51.0,153.0,102.0
CONTROL__7248__2025120222,7248,2025-12-02 22:00:00,2025-12-02 19:00:00,2025-12-03 01:00:00,NORMAL,GROUP__7248__0028,CONTROL,857.0,713.0,650.0,489.0,267.0,185.0,0.0
CONTROL__7270__2025043003,7270,2025-04-30 03:00:00,2025-04-30 00:00:00,2025-04-30 06:00:00,NORMAL,GROUP__7270__0011,CONTROL,164.0,96.0,67.0,111.0,339.0,1181.0,1538.0
CONTROL__7270__2025042303,7270,2025-04-23 03:00:00,2025-04-23 00:00:00,2025-04-23 06:00:00,NORMAL,GROUP__7270__0011,CONTROL,29.0,27.0,37.0,47.0,92.0,205.0,312.0
CONTROL__7248__2025111904,7248,2025-11-19 04:00:00,2025-11-19 01:00:00,2025-11-19 07:00:00,NORMAL,GROUP__7248__0028,CONTROL,76.0,61.0,95.0,140.0,250.0,310.0,236.0
CONTROL__7248__2025111204,7248,2025-11-12 04:00:00,2025-11-12 01:00:00,2025-11-12 07:00:00,NORMAL,GROUP__7248__0028,CONTROL,104.0,105.0,154.0,384.0,1133.0,1098.0,1354.0
CONTROL__F3FWY001__2025123109,F3FWY001,2025-12-31 09:00:00,2025-12-31 06:00:00,2025-12-31 12:00:00,NORMAL,GROUP__F3FWY001__0007,CONTROL,566.0,715.0,950.0,1554.0,1868.0,2228.0,2188.0
CONTROL__F3FWY001__2025051409,F3FWY001,2025-05-14 09:00:00,2025-05-14 06:00:00,2025-05-14 12:00:00,NORMAL,GROUP__F3FWY001__0007,CONTROL,738.0,673.0,659.0,682.0,628.0,612.0,651.0
CONTROL__7272__2025022614,7272,2025-02-26 14:00:00,2025-02-26 11:00:00,2025-02-26 17:00:00,NORMAL,GROUP__7272__0001,CONTROL,0.0,0.0,0.0,0.0,0.0,0.0,0.0
CONTROL__7272__2025042314,7272,2025-04-23 14:00:00,2025-04-23 11:00:00,2025-04-23 17:00:00,NORMAL,GROUP__7272__0001,CONTROL,81.0,79.0,69.0,77.0,66.0,58.0,41.0
CONTROL__53004__2025070217,53004,2025-07-02 17:00:00,2025-07-02 14:00:00,2025-07-02 20:00:00,NORMAL,GROUP__53004__0024,CONTROL,0.0,0.0,0.0,0.0,0.0,0.0,0.0
CONTROL__53004__2025101517,53004,2025-10-15 17:00:00,2025-10-15 14:00:00,2025-10-15 20:00:00,NORMAL,GROUP__53004__0024,CONTROL,1551.0,1741.0,1932.0,1726.0,1795.0,1261.0,985.0
CONTROL__7270__2025082020,7270,2025-08-20 20:00:00,2025-08-20 17:00:00,2025-08-20 23:00:00,NORMAL,GROUP__7270__0012,CONTROL,83.0,85.0,77.0,57.0,49.0,30.0,31.0
CONTROL__7270__2025100820,7270,2025-10-08 20:00:00,2025-10-08 17:00:00,2025-10-08 23:00:00,NORMAL,GROUP__7270__0012,CONTROL,87.0,96.0,83.0,75.0,64.0,53.0,51.0
CONTROL__10011__2025112621,10011,2025-11-26 21:00:00,2025-11-26 18:00:00,2025-11-27 00:00:00,NORMAL,GROUP__10011__0028,CONTROL,0.0,0.0,0.0,0.0,0.0,0.0,0.0
CONTROL__10011__2025052821,10011,2025-05-28 21:00:00,2025-05-28 18:00:00,2025-05-29 00:00:00,NORMAL,GROUP__10011__0028,CONTROL,0.0,0.0,0.0,0.0,0.0,0.0,0.0
CONTROL__7139__2025080621,7139,2025-08-06 21:00:00,2025-08-06 18:00:00,2025-08-07 00:00:00,NORMAL,GROUP__7139__0028,CONTROL,107.0,74.0,63.0,49.0,45.0,30.0,27.0
CONTROL__7139__2025022621,7139,2025-02-26 21:00:00,2025-02-26 18:00:00,2025-02-27 00:00:00,NORMAL,GROUP__7139__0028,CONTROL,0.0,0.0,0.0,0.0,0.0,0.0,0.0
CONTROL__7120__2025080622,7120,2025-08-06 22:00:00,2025-08-06 19:00:00,2025-08-07 01:00:00,NORMAL,GROUP__7120__0035,CONTROL,20.0,27.0,30.0,17.0,20.0,127.0,64.0
CONTROL__7120__2025042322,7120,2025-04-23 22:00:00,2025-04-23 19:00:00,2025-04-24 01:00:00,NORMAL,GROUP__7120__0035,CONTROL,576.0,491.0,471.0,361.0,202.0,111.0,84.0
CONTROL__7121__2025052822,7121,2025-05-28 22:00:00,2025-05-28 19:00:00,2025-05-29 01:00:00,NORMAL,GROUP__7121__0035,CONTROL,3.0,3.0,3.0,7.0,4.0,9.0,6.0
CONTROL__7121__2025010822,7121,2025-01-08 22:00:00,2025-01-08 19:00:00,2025-01-09 01:00:00,NORMAL,GROUP__7121__0035,CONTROL,12.0,8.0,13.0,15.0,8.0,5.0,5.0
CONTROL__53004__2025112700,53004,2025-11-27 00:00:00,2025-11-26 21:00:00,2025-11-27 03:00:00,NORMAL,GROUP__53004__0025,CONTROL,23.0,20.0,14.0,114.0,54.0,44.0,69.0
CONTROL__53004__2025032700,53004,2025-03-27 00:00:00,2025-03-26 21:00:00,2025-03-27 03:00:00,NORMAL,GROUP__53004__0025,CONTROL,823.0,605.0,360.0,81.0,38.0,27.0,51.0
CONTROL__7184__2025091800,7184,2025-09-18 00:00:00,2025-09-17 21:00:00,2025-09-18 03:00:00,NORMAL,GROUP__7184__0023,CONTROL,731.0,494.0,226.0,16.0,26.0,32.0,34.0
CONTROL__7184__2025041700,7184,2025-04-17 00:00:00,2025-04-16 21:00:00,2025-04-17 03:00:00,NORMAL,GROUP__7184__0023,CONTROL,714.0,563.0,295.0,1.0,0.0,3.0,0.0
CONTROL__10011__2025062603,10011,2025-06-26 03:00:00,2025-06-26 00:00:00,2025-06-26 06:00:00,NORMAL,GROUP__10011__0028,CONTROL,0.0,0.0,0.0,0.0,0.0,0.0,0.0
CONTROL__10011__2025082103,10011,2025-08-21 03:00:00,2025-08-21 00:00:00,2025-08-21 06:00:00,NORMAL,GROUP__10011__0028,CONTROL,0.0,0.0,0.0,0.0,0.0,0.0,0.0
CONTROL__7139__2025061903,7139,2025-06-19 03:00:00,2025-06-19 00:00:00,2025-06-19 06:00:00,NORMAL,GROUP__7139__0028,CONTROL,9.0,12.0,19.0,8.0,27.0,64.0,162.0
CONTROL__7139__2025050803,7139,2025-05-08 03:00:00,2025-05-08 00:00:00,2025-05-08 06:00:00,NORMAL,GROUP__7139__0028,CONTROL,0.0,0.0,0.0,0.0,0.0,0.0,0.0
CONTROL__23067__2025032703,23067,2025-03-27 03:00:00,2025-03-27 00:00:00,2025-03-27 06:00:00,NORMAL,GROUP__23067__0024,CONTROL,18.0,20.0,33.0,30.0,44.0,79.0,102.0
CONTROL__23067__2025112003,23067,2025-11-20 03:00:00,2025-11-20 00:00:00,2025-11-20 06:00:00,NORMAL,GROUP__23067__0024,CONTROL,83.0,144.0,495.0,949.0,1752.0,2298.0,2507.0
CONTROL__33014__2025041005,33014,2025-04-10 05:00:00,2025-04-10 02:00:00,2025-04-10 08:00:00,NORMAL,GROUP__33014__0033,CONTROL,13.0,19.0,34.0,115.0,223.0,218.0,165.0
CONTROL__33014__2025011605,33014,2025-01-16 05:00:00,2025-01-16 02:00:00,2025-01-16 08:00:00,NORMAL,GROUP__33014__0033,CONTROL,9.0,37.0,97.0,212.0,149.0,102.0,174.0
CONTROL__7179__2025110607,7179,2025-11-06 07:00:00,2025-11-06 04:00:00,2025-11-06 10:00:00,NORMAL,GROUP__7179__0061,CONTROL,112.0,215.0,343.0,331.0,313.0,402.0,461.0
CONTROL__7179__2025061907,7179,2025-06-19 07:00:00,2025-06-19 04:00:00,2025-06-19 10:00:00,NORMAL,GROUP__7179__0061,CONTROL,432.0,902.0,1381.0,1608.0,1664.0,1500.0,1367.0
CONTROL__7126__2025103009,7126,2025-10-30 09:00:00,2025-10-30 06:00:00,2025-10-30 12:00:00,NORMAL,GROUP__7126__0012,CONTROL,340.0,498.0,700.0,558.0,492.0,626.0,637.0
CONTROL__7126__2025111309,7126,2025-11-13 09:00:00,2025-11-13 06:00:00,2025-11-13 12:00:00,NORMAL,GROUP__7126__0012,CONTROL,82.0,79.0,59.0,74.0,66.0,67.0,80.0
CONTROL__7120__2025030622,7120,2025-03-06 22:00:00,2025-03-06 19:00:00,2025-03-07 01:00:00,NORMAL,GROUP__7120__0036,CONTROL,0.0,0.0,0.0,0.0,0.0,0.0,0.0
CONTROL__7120__2025072422,7120,2025-07-24 22:00:00,2025-07-24 19:00:00,2025-07-25 01:00:00,NORMAL,GROUP__7120__0036,CONTROL,606.0,568.0,512.0,414.0,256.0,7.0,11.0
CONTROL__7121__2025011622,7121,2025-01-16 22:00:00,2025-01-16 19:00:00,2025-01-17 01:00:00,NORMAL,GROUP__7121__0036,CONTROL,387.0,370.0,333.0,282.0,142.0,0.0,0.0
CONTROL__7121__2025100922,7121,2025-10-09 22:00:00,2025-10-09 19:00:00,2025-10-10 01:00:00,NORMAL,GROUP__7121__0036,CONTROL,369.0,329.0,353.0,283.0,167.0,78.0,73.0
CONTROL__53004__2025021401,53004,2025-02-14 01:00:00,2025-02-13 22:00:00,2025-02-14 04:00:00,NORMAL,GROUP__53004__0026,CONTROL,0.0,0.0,0.0,0.0,0.0,0.0,0.0
CONTROL__53004__2025031401,53004,2025-03-14 01:00:00,2025-03-13 22:00:00,2025-03-14 04:00:00,NORMAL,GROUP__53004__0026,CONTROL,317.0,143.0,160.0,76.0,57.0,39.0,73.0
CONTROL__7270__2025062001,7270,2025-06-20 01:00:00,2025-06-19 22:00:00,2025-06-20 04:00:00,NORMAL,GROUP__7270__0013,CONTROL,586.0,296.0,151.0,115.0,83.0,129.0,341.0
CONTROL__7270__2025071801,7270,2025-07-18 01:00:00,2025-07-17 22:00:00,2025-07-18 04:00:00,NORMAL,GROUP__7270__0013,CONTROL,83.0,41.0,25.0,34.0,39.0,53.0,114.0
CONTROL__50250__2025030703,50250,2025-03-07 03:00:00,2025-03-07 00:00:00,2025-03-07 06:00:00,NORMAL,GROUP__50250__0004,CONTROL,2.0,5.0,1.0,6.0,68.0,105.0,96.0
CONTROL__50250__2025010303,50250,2025-01-03 03:00:00,2025-01-03 00:00:00,2025-01-03 06:00:00,NORMAL,GROUP__50250__0004,CONTROL,0.0,0.0,1.0,4.0,10.0,15.0,16.0
CONTROL__7248__2025101706,7248,2025-10-17 06:00:00,2025-10-17 03:00:00,2025-10-17 09:00:00,NORMAL,GROUP__7248__0029,CONTROL,73.0,133.0,242.0,310.0,257.0,229.0,207.0
CONTROL__7248__2025112106,7248,2025-11-21 06:00:00,2025-11-21 03:00:00,2025-11-21 09:00:00,NORMAL,GROUP__7248__0029,CONTROL,161.0,337.0,997.0,1082.0,1209.0,1291.0,1030.0
CONTROL__7163__2025030709,7163,2025-03-07 09:00:00,2025-03-07 06:00:00,2025-03-07 12:00:00,NORMAL,GROUP__7163__0027,CONTROL,96.0,112.0,115.0,99.0,110.0,81.0,99.0
CONTROL__7163__2025071109,7163,2025-07-11 09:00:00,2025-07-11 06:00:00,2025-07-11 12:00:00,NORMAL,GROUP__7163__0027,CONTROL,0.0,0.0,0.0,0.0,0.0,0.0,0.0
CONTROL__53004__2025032119,53004,2025-03-21 19:00:00,2025-03-21 16:00:00,2025-03-21 22:00:00,NORMAL,GROUP__53004__0027,CONTROL,1812.0,1881.0,1710.0,1331.0,1047.0,955.0,865.0
CONTROL__53004__2025120519,53004,2025-12-05 19:00:00,2025-12-05 16:00:00,2025-12-05 22:00:00,NORMAL,GROUP__53004__0027,CONTROL,88.0,49.0,46.0,43.0,36.0,33.0,24.0
CONTROL__7179__2025091922,7179,2025-09-19 22:00:00,2025-09-19 19:00:00,2025-09-20 01:00:00,NORMAL,GROUP__7179__0062,CONTROL,177.0,135.0,96.0,96.0,59.0,615.0,349.0
CONTROL__7179__2025040422,7179,2025-04-04 22:00:00,2025-04-04 19:00:00,2025-04-05 01:00:00,NORMAL,GROUP__7179__0062,CONTROL,1423.0,1132.0,1066.0,1137.0,850.0,57.0,39.0
CONTROL__F3FWY004__2025040505,F3FWY004,2025-04-05 05:00:00,2025-04-05 02:00:00,2025-04-05 08:00:00,NORMAL,GROUP__F3FWY004__0006,CONTROL,28.0,33.0,30.0,151.0,364.0,667.0,898.0
CONTROL__F3FWY004__2025062805,F3FWY004,2025-06-28 05:00:00,2025-06-28 02:00:00,2025-06-28 08:00:00,NORMAL,GROUP__F3FWY004__0006,CONTROL,98.0,81.0,134.0,403.0,896.0,1322.0,1776.0
CONTROL__7161__2025022208,7161,2025-02-22 08:00:00,2025-02-22 05:00:00,2025-02-22 11:00:00,NORMAL,GROUP__7161__0023,CONTROL,0.0,0.0,0.0,0.0,0.0,0.0,0.0
CONTROL__7161__2025122708,7161,2025-12-27 08:00:00,2025-12-27 05:00:00,2025-12-27 11:00:00,NORMAL,GROUP__7161__0023,CONTROL,127.0,219.0,365.0,481.0,708.0,867.0,919.0
CONTROL__7275__2025080910,7275,2025-08-09 10:00:00,2025-08-09 07:00:00,2025-08-09 13:00:00,NORMAL,GROUP__7275__0004,CONTROL,525.0,611.0,653.0,780.0,730.0,736.0,717.0
CONTROL__7275__2025122710,7275,2025-12-27 10:00:00,2025-12-27 07:00:00,2025-12-27 13:00:00,NORMAL,GROUP__7275__0004,CONTROL,21.0,34.0,28.0,32.0,34.0,33.0,44.0
CONTROL__7179__2025092100,7179,2025-09-21 00:00:00,2025-09-20 21:00:00,2025-09-21 03:00:00,NORMAL,GROUP__7179__0063,CONTROL,1260.0,1133.0,1021.0,42.0,32.0,22.0,21.0
CONTROL__7179__2025061500,7179,2025-06-15 00:00:00,2025-06-14 21:00:00,2025-06-15 03:00:00,NORMAL,GROUP__7179__0063,CONTROL,62.0,79.0,74.0,762.0,483.0,326.0,267.0
CONTROL__F3FWY003__2025070602,F3FWY003,2025-07-06 02:00:00,2025-07-05 23:00:00,2025-07-06 05:00:00,NORMAL,GROUP__F3FWY003__0030,CONTROL,0.0,0.0,0.0,0.0,0.0,0.0,0.0
CONTROL__F3FWY003__2025012602,F3FWY003,2025-01-26 02:00:00,2025-01-25 23:00:00,2025-01-26 05:00:00,NORMAL,GROUP__F3FWY003__0030,CONTROL,460.0,74.0,50.0,26.0,34.0,33.0,60.0
CONTROL__74228__2025032305,74228,2025-03-23 05:00:00,2025-03-23 02:00:00,2025-03-23 08:00:00,NORMAL,GROUP__74228__0005,CONTROL,5.0,2.0,0.0,0.0,0.0,0.0,0.0
CONTROL__74228__2025092805,74228,2025-09-28 05:00:00,2025-09-28 02:00:00,2025-09-28 08:00:00,NORMAL,GROUP__74228__0005,CONTROL,47.0,41.0,58.0,111.0,270.0,384.0,683.0
CONTROL__33014__2025072708,33014,2025-07-27 08:00:00,2025-07-27 05:00:00,2025-07-27 11:00:00,NORMAL,GROUP__33014__0034,CONTROL,0.0,0.0,0.0,0.0,0.0,0.0,0.0
CONTROL__33014__2025083108,33014,2025-08-31 08:00:00,2025-08-31 05:00:00,2025-08-31 11:00:00,NORMAL,GROUP__33014__0034,CONTROL,0.0,0.0,0.0,0.0,0.0,0.0,0.0
CONTROL__7270__2025060109,7270,2025-06-01 09:00:00,2025-06-01 06:00:00,2025-06-01 12:00:00,NORMAL,GROUP__7270__0014,CONTROL,33.0,71.0,78.0,67.0,77.0,63.0,57.0
CONTROL__7270__2025062209,7270,2025-06-22 09:00:00,2025-06-22 06:00:00,2025-06-22 12:00:00,NORMAL,GROUP__7270__0014,CONTROL,49.0,85.0,104.0,93.0,98.0,79.0,59.0
CONTROL__7179__2025060201,7179,2025-06-02 01:00:00,2025-06-01 22:00:00,2025-06-02 04:00:00,NORMAL,GROUP__7179__0064,CONTROL,59.0,41.0,35.0,32.0,37.0,42.0,95.0
CONTROL__7179__2025012701,7179,2025-01-27 01:00:00,2025-01-26 22:00:00,2025-01-27 04:00:00,NORMAL,GROUP__7179__0064,CONTROL,0.0,0.0,0.0,0.0,0.0,0.0,0.0
CONTROL__7112__2025090802,7112,2025-09-08 02:00:00,2025-09-07 23:00:00,2025-09-08 05:00:00,NORMAL,GROUP__7112__0040,CONTROL,9.0,15.0,13.0,22.0,31.0,75.0,119.0
CONTROL__7112__2025102002,7112,2025-10-20 02:00:00,2025-10-19 23:00:00,2025-10-20 05:00:00,NORMAL,GROUP__7112__0040,CONTROL,254.0,22.0,9.0,20.0,29.0,59.0,106.0
CONTROL__7179__2025070708,7179,2025-07-07 08:00:00,2025-07-07 05:00:00,2025-07-07 11:00:00,NORMAL,GROUP__7179__0065,CONTROL,194.0,305.0,357.0,384.0,451.0,455.0,471.0
CONTROL__7179__2025040708,7179,2025-04-07 08:00:00,2025-04-07 05:00:00,2025-04-07 11:00:00,NORMAL,GROUP__7179__0065,CONTROL,924.0,1319.0,1689.0,1660.0,1418.0,1392.0,1275.0
CONTROL__7184__2025102009,7184,2025-10-20 09:00:00,2025-10-20 06:00:00,2025-10-20 12:00:00,NORMAL,GROUP__7184__0024,CONTROL,293.0,212.0,210.0,268.0,270.0,331.0,336.0
CONTROL__7184__2025072809,7184,2025-07-28 09:00:00,2025-07-28 06:00:00,2025-07-28 12:00:00,NORMAL,GROUP__7184__0024,CONTROL,258.0,255.0,188.0,267.0,274.0,288.0,302.0
CONTROL__7120__2025010621,7120,2025-01-06 21:00:00,2025-01-06 18:00:00,2025-01-07 00:00:00,NORMAL,GROUP__7120__0037,CONTROL,544.0,448.0,355.0,383.0,275.0,156.0,6.0
CONTROL__7120__2025112421,7120,2025-11-24 21:00:00,2025-11-24 18:00:00,2025-11-25 00:00:00,NORMAL,GROUP__7120__0037,CONTROL,633.0,575.0,477.0,444.0,309.0,172.0,112.0
CONTROL__7121__2025112421,7121,2025-11-24 21:00:00,2025-11-24 18:00:00,2025-11-25 00:00:00,NORMAL,GROUP__7121__0037,CONTROL,0.0,0.0,0.0,0.0,0.0,0.0,0.0
CONTROL__7121__2025120121,7121,2025-12-01 21:00:00,2025-12-01 18:00:00,2025-12-02 00:00:00,NORMAL,GROUP__7121__0037,CONTROL,0.0,0.0,0.0,0.0,0.0,0.0,0.0
CONTROL__68025__2025060303,68025,2025-06-03 03:00:00,2025-06-03 00:00:00,2025-06-03 06:00:00,NORMAL,GROUP__68025__0029,CONTROL,103.0,61.0,66.0,58.0,153.0,504.0,861.0
CONTROL__68025__2025052003,68025,2025-05-20 03:00:00,2025-05-20 00:00:00,2025-05-20 06:00:00,NORMAL,GROUP__68025__0029,CONTROL,8.0,7.0,10.0,15.0,18.0,37.0,47.0
CONTROL__7270__2025111900,7270,2025-11-19 00:00:00,2025-11-18 21:00:00,2025-11-19 03:00:00,NORMAL,GROUP__7270__0015,CONTROL,74.0,49.0,57.0,35.0,38.0,45.0,59.0
CONTROL__74230__2025111206,74230,2025-11-12 06:00:00,2025-11-12 03:00:00,2025-11-12 09:00:00,NORMAL,GROUP__74230__0010,CONTROL,23.0,52.0,95.0,159.0,218.0,215.0,161.0
CONTROL__74230__2025061106,74230,2025-06-11 06:00:00,2025-06-11 03:00:00,2025-06-11 09:00:00,NORMAL,GROUP__74230__0010,CONTROL,0.0,0.0,0.0,2.0,0.0,0.0,7.0
CONTROL__7248__2025012920,7248,2025-01-29 20:00:00,2025-01-29 17:00:00,2025-01-29 23:00:00,NORMAL,GROUP__7248__0030,CONTROL,118.0,107.0,86.0,78.0,89.0,75.0,56.0
CONTROL__7248__2025021920,7248,2025-02-19 20:00:00,2025-02-19 17:00:00,2025-02-19 23:00:00,NORMAL,GROUP__7248__0030,CONTROL,0.0,0.0,0.0,0.0,0.0,0.0,0.0
CONTROL__33014__2025092500,33014,2025-09-25 00:00:00,2025-09-24 21:00:00,2025-09-25 03:00:00,NORMAL,GROUP__33014__0035,CONTROL,0.0,0.0,0.0,0.0,0.0,0.0,0.0
CONTROL__33014__2025091100,33014,2025-09-11 00:00:00,2025-09-10 21:00:00,2025-09-11 03:00:00,NORMAL,GROUP__33014__0035,CONTROL,0.0,0.0,0.0,0.0,0.0,0.0,0.0
CONTROL__7251__2025081402,7251,2025-08-14 02:00:00,2025-08-13 23:00:00,2025-08-14 05:00:00,NORMAL,GROUP__7251__0022,CONTROL,456.0,280.0,190.0,128.0,102.0,117.0,189.0
CONTROL__7251__2025103002,7251,2025-10-30 02:00:00,2025-10-29 23:00:00,2025-10-30 05:00:00,NORMAL,GROUP__7251__0022,CONTROL,471.0,337.0,199.0,127.0,111.0,125.0,207.0
CONTROL__9658__2025121808,9658,2025-12-18 08:00:00,2025-12-18 05:00:00,2025-12-18 11:00:00,NORMAL,GROUP__9658__0023,CONTROL,563.0,820.0,1189.0,1056.0,1028.0,1012.0,1007.0
CONTROL__9658__2025040308,9658,2025-04-03 08:00:00,2025-04-03 05:00:00,2025-04-03 11:00:00,NORMAL,GROUP__9658__0023,CONTROL,89.0,125.0,106.0,118.0,151.0,158.0,195.0
CONTROL__F3FWY003__2025041708,F3FWY003,2025-04-17 08:00:00,2025-04-17 05:00:00,2025-04-17 11:00:00,NORMAL,GROUP__F3FWY003__0031,CONTROL,0.0,0.0,0.0,0.0,0.0,0.0,0.0
CONTROL__F3FWY003__2025122508,F3FWY003,2025-12-25 08:00:00,2025-12-25 05:00:00,2025-12-25 11:00:00,NORMAL,GROUP__F3FWY003__0031,CONTROL,232.0,366.0,694.0,1374.0,2728.0,4280.0,4387.0
CONTROL__7179__2025062621,7179,2025-06-26 21:00:00,2025-06-26 18:00:00,2025-06-27 00:00:00,NORMAL,GROUP__7179__0066,CONTROL,1816.0,1372.0,1178.0,1199.0,1090.0,612.0,54.0
CONTROL__7179__2025052221,7179,2025-05-22 21:00:00,2025-05-22 18:00:00,2025-05-23 00:00:00,NORMAL,GROUP__7179__0066,CONTROL,184.0,144.0,116.0,92.0,84.0,61.0,52.0
CONTROL__29005__2025112722,29005,2025-11-27 22:00:00,2025-11-27 19:00:00,2025-11-28 01:00:00,NORMAL,GROUP__29005__0019,CONTROL,2398.0,2085.0,2076.0,1537.0,0.0,61.0,64.0
CONTROL__29005__2025073122,29005,2025-07-31 22:00:00,2025-07-31 19:00:00,2025-08-01 01:00:00,NORMAL,GROUP__29005__0019,CONTROL,1986.0,1745.0,1570.0,1004.0,528.0,300.0,144.0
CONTROL__29005__2025081422,29005,2025-08-14 22:00:00,2025-08-14 19:00:00,2025-08-15 01:00:00,NORMAL,GROUP__29005__0019,CONTROL,885.0,666.0,578.0,402.0,228.0,277.0,180.0
CONTROL__29005__2025103022,29005,2025-10-30 22:00:00,2025-10-30 19:00:00,2025-10-31 01:00:00,NORMAL,GROUP__29005__0019,CONTROL,173.0,121.0,113.0,79.0,61.0,60.0,56.0
CONTROL__74228__2025042422,74228,2025-04-24 22:00:00,2025-04-24 19:00:00,2025-04-25 01:00:00,NORMAL,GROUP__74228__0006,CONTROL,26.0,24.0,23.0,15.0,5.0,116.0,48.0
CONTROL__74228__2025041722,74228,2025-04-17 22:00:00,2025-04-17 19:00:00,2025-04-18 01:00:00,NORMAL,GROUP__74228__0006,CONTROL,31.0,31.0,16.0,15.0,6.0,9.0,8.0
CONTROL__68025__2025011000,68025,2025-01-10 00:00:00,2025-01-09 21:00:00,2025-01-10 03:00:00,NORMAL,GROUP__68025__0030,CONTROL,24.0,12.0,7.0,121.0,74.0,52.0,47.0
CONTROL__68025__2025053000,68025,2025-05-30 00:00:00,2025-05-29 21:00:00,2025-05-30 03:00:00,NORMAL,GROUP__68025__0030,CONTROL,878.0,527.0,299.0,116.0,74.0,52.0,66.0
CONTROL__7179__2025082203,7179,2025-08-22 03:00:00,2025-08-22 00:00:00,2025-08-22 06:00:00,NORMAL,GROUP__7179__0066,CONTROL,322.0,180.0,168.0,201.0,383.0,787.0,1309.0
CONTROL__7179__2025080103,7179,2025-08-01 03:00:00,2025-08-01 00:00:00,2025-08-01 06:00:00,NORMAL,GROUP__7179__0066,CONTROL,325.0,201.0,148.0,208.0,406.0,823.0,1309.0
CONTROL__7179__2025022806,7179,2025-02-28 06:00:00,2025-02-28 03:00:00,2025-02-28 09:00:00,NORMAL,GROUP__7179__0066,CONTROL,0.0,0.0,0.0,0.0,0.0,0.0,0.0
CONTROL__7179__2025082906,7179,2025-08-29 06:00:00,2025-08-29 03:00:00,2025-08-29 09:00:00,NORMAL,GROUP__7179__0066,CONTROL,90.0,103.0,231.0,345.0,338.0,395.0,460.0
CONTROL__F3FWY003__2025110713,F3FWY003,2025-11-07 13:00:00,2025-11-07 10:00:00,2025-11-07 16:00:00,NORMAL,GROUP__F3FWY003__0032,CONTROL,2260.0,2271.0,2309.0,2672.0,3009.0,3072.0,3026.0
CONTROL__F3FWY003__2025030713,F3FWY003,2025-03-07 13:00:00,2025-03-07 10:00:00,2025-03-07 16:00:00,NORMAL,GROUP__F3FWY003__0032,CONTROL,0.0,0.0,0.0,0.0,0.0,0.0,0.0
CONTROL__F3FWY003__2025102416,F3FWY003,2025-10-24 16:00:00,2025-10-24 13:00:00,2025-10-24 19:00:00,NORMAL,GROUP__F3FWY003__0032,CONTROL,648.0,710.0,709.0,593.0,483.0,386.0,306.0
CONTROL__F3FWY003__2025060616,F3FWY003,2025-06-06 16:00:00,2025-06-06 13:00:00,2025-06-06 19:00:00,NORMAL,GROUP__F3FWY003__0032,CONTROL,0.0,0.0,0.0,0.0,0.0,0.0,0.0
CONTROL__7112__2025012501,7112,2025-01-25 01:00:00,2025-01-24 22:00:00,2025-01-25 04:00:00,NORMAL,GROUP__7112__0041,CONTROL,0.0,0.0,7.0,17.0,15.0,0.0,0.0
CONTROL__7112__2025071901,7112,2025-07-19 01:00:00,2025-07-18 22:00:00,2025-07-19 04:00:00,NORMAL,GROUP__7112__0041,CONTROL,23.0,20.0,242.0,142.0,92.0,80.0,137.0
CONTROL__74230__2025081603,74230,2025-08-16 03:00:00,2025-08-16 00:00:00,2025-08-16 06:00:00,NORMAL,GROUP__74230__0011,CONTROL,0.0,0.0,0.0,0.0,0.0,0.0,0.0
CONTROL__74230__2025092003,74230,2025-09-20 03:00:00,2025-09-20 00:00:00,2025-09-20 06:00:00,NORMAL,GROUP__74230__0011,CONTROL,60.0,40.0,10.0,12.0,24.0,60.0,145.0
CONTROL__7163__2025102515,7163,2025-10-25 15:00:00,2025-10-25 12:00:00,2025-10-25 18:00:00,NORMAL,GROUP__7163__0028,CONTROL,917.0,905.0,886.0,787.0,750.0,828.0,820.0
CONTROL__7163__2025122715,7163,2025-12-27 15:00:00,2025-12-27 12:00:00,2025-12-27 18:00:00,NORMAL,GROUP__7163__0028,CONTROL,6.0,15.0,16.0,10.0,10.0,12.0,7.0
CONTROL__68025__2025060717,68025,2025-06-07 17:00:00,2025-06-07 14:00:00,2025-06-07 20:00:00,NORMAL,GROUP__68025__0031,CONTROL,1162.0,1202.0,1120.0,1165.0,990.0,817.0,745.0
CONTROL__68025__2025111517,68025,2025-11-15 17:00:00,2025-11-15 14:00:00,2025-11-15 20:00:00,NORMAL,GROUP__68025__0031,CONTROL,41.0,49.0,41.0,0.0,58.0,24.0,14.0
CONTROL__53004__2025042003,53004,2025-04-20 03:00:00,2025-04-20 00:00:00,2025-04-20 06:00:00,NORMAL,GROUP__53004__0028,CONTROL,104.0,53.0,50.0,58.0,69.0,116.0,198.0
CONTROL__53004__2025092803,53004,2025-09-28 03:00:00,2025-09-28 00:00:00,2025-09-28 06:00:00,NORMAL,GROUP__53004__0028,CONTROL,326.0,191.0,134.0,86.0,107.0,150.0,349.0
CONTROL__F3FWY003__2025041308,F3FWY003,2025-04-13 08:00:00,2025-04-13 05:00:00,2025-04-13 11:00:00,NORMAL,GROUP__F3FWY003__0033,CONTROL,0.0,0.0,0.0,0.0,0.0,0.0,0.0
CONTROL__F3FWY003__2025113008,F3FWY003,2025-11-30 08:00:00,2025-11-30 05:00:00,2025-11-30 11:00:00,NORMAL,GROUP__F3FWY003__0033,CONTROL,70.0,156.0,133.0,205.0,236.0,322.0,330.0
CONTROL__7248__2025022319,7248,2025-02-23 19:00:00,2025-02-23 16:00:00,2025-02-23 22:00:00,NORMAL,GROUP__7248__0031,CONTROL,0.0,0.0,0.0,0.0,0.0,0.0,0.0
CONTROL__7248__2025092119,7248,2025-09-21 19:00:00,2025-09-21 16:00:00,2025-09-21 22:00:00,NORMAL,GROUP__7248__0031,CONTROL,73.0,61.0,77.0,85.0,60.0,59.0,70.0
CONTROL__23067__2025090722,23067,2025-09-07 22:00:00,2025-09-07 19:00:00,2025-09-08 01:00:00,NORMAL,GROUP__23067__0025,CONTROL,1171.0,1125.0,1153.0,870.0,654.0,125.0,62.0
CONTROL__23067__2025052522,23067,2025-05-25 22:00:00,2025-05-25 19:00:00,2025-05-26 01:00:00,NORMAL,GROUP__23067__0025,CONTROL,747.0,752.0,593.0,446.0,100.0,6.0,20.0
CONTROL__7184__2025080401,7184,2025-08-04 01:00:00,2025-08-03 22:00:00,2025-08-04 04:00:00,NORMAL,GROUP__7184__0025,CONTROL,493.0,239.0,134.0,76.0,57.0,89.0,206.0
CONTROL__7184__2025042801,7184,2025-04-28 01:00:00,2025-04-27 22:00:00,2025-04-28 04:00:00,NORMAL,GROUP__7184__0025,CONTROL,520.0,244.0,115.0,86.0,58.0,85.0,238.0
CONTROL__7120__2025032404,7120,2025-03-24 04:00:00,2025-03-24 01:00:00,2025-03-24 07:00:00,NORMAL,GROUP__7120__0038,CONTROL,6.0,10.0,13.0,39.0,72.0,89.0,94.0
CONTROL__7120__2025031704,7120,2025-03-17 04:00:00,2025-03-17 01:00:00,2025-03-17 07:00:00,NORMAL,GROUP__7120__0038,CONTROL,7.0,8.0,18.0,33.0,58.0,104.0,70.0
CONTROL__7121__2025082504,7121,2025-08-25 04:00:00,2025-08-25 01:00:00,2025-08-25 07:00:00,NORMAL,GROUP__7121__0038,CONTROL,23.0,27.0,31.0,56.0,105.0,209.0,339.0
CONTROL__7121__2025062304,7121,2025-06-23 04:00:00,2025-06-23 01:00:00,2025-06-23 07:00:00,NORMAL,GROUP__7121__0038,CONTROL,44.0,38.0,35.0,49.0,92.0,201.0,298.0
CONTROL__7270__2025012006,7270,2025-01-20 06:00:00,2025-01-20 03:00:00,2025-01-20 09:00:00,NORMAL,GROUP__7270__0016,CONTROL,0.0,0.0,0.0,0.0,0.0,0.0,0.0
CONTROL__7270__2025062306,7270,2025-06-23 06:00:00,2025-06-23 03:00:00,2025-06-23 09:00:00,NORMAL,GROUP__7270__0016,CONTROL,99.0,378.0,1260.0,1992.0,1593.0,1476.0,1461.0
CONTROL__7179__2025012706,7179,2025-01-27 06:00:00,2025-01-27 03:00:00,2025-01-27 09:00:00,NORMAL,GROUP__7179__0067,CONTROL,0.0,0.0,0.0,0.0,0.0,0.0,0.0
CONTROL__7179__2025040706,7179,2025-04-07 06:00:00,2025-04-07 03:00:00,2025-04-07 09:00:00,NORMAL,GROUP__7179__0067,CONTROL,191.0,376.0,924.0,1319.0,1689.0,1660.0,1418.0
CONTROL__68025__2025062321,68025,2025-06-23 21:00:00,2025-06-23 18:00:00,2025-06-24 00:00:00,NORMAL,GROUP__68025__0032,CONTROL,41.0,31.0,18.0,11.0,8.0,4.0,9.0
CONTROL__68025__2025090121,68025,2025-09-01 21:00:00,2025-09-01 18:00:00,2025-09-02 00:00:00,NORMAL,GROUP__68025__0032,CONTROL,757.0,622.0,462.0,407.0,258.0,183.0,97.0
CONTROL__7179__2025090912,7179,2025-09-09 12:00:00,2025-09-09 09:00:00,2025-09-09 15:00:00,NORMAL,GROUP__7179__0068,CONTROL,1448.0,1334.0,1382.0,1452.0,1550.0,1772.0,2000.0
CONTROL__7179__2025052712,7179,2025-05-27 12:00:00,2025-05-27 09:00:00,2025-05-27 15:00:00,NORMAL,GROUP__7179__0068,CONTROL,1460.0,1399.0,1487.0,1443.0,1397.0,1829.0,1888.0
CONTROL__9834-PR__2025112522,9834-PR,2025-11-25 22:00:00,2025-11-25 19:00:00,2025-11-26 01:00:00,NORMAL,GROUP__9834-PR__0003,CONTROL,1.0,1.0,1.0,1.0,0.0,8.0,4.0
CONTROL__9834-PR__2025040822,9834-PR,2025-04-08 22:00:00,2025-04-08 19:00:00,2025-04-09 01:00:00,NORMAL,GROUP__9834-PR__0003,CONTROL,0.0,0.0,0.0,0.0,0.0,0.0,0.0
CONTROL__10011__2025112523,10011,2025-11-25 23:00:00,2025-11-25 20:00:00,2025-11-26 02:00:00,NORMAL,GROUP__10011__0029,CONTROL,0.0,0.0,0.0,0.0,0.0,0.0,0.0
CONTROL__10011__2025011423,10011,2025-01-14 23:00:00,2025-01-14 20:00:00,2025-01-15 02:00:00,NORMAL,GROUP__10011__0029,CONTROL,732.0,633.0,461.0,256.0,1.0,2.0,1.0
CONTROL__7139__2025051323,7139,2025-05-13 23:00:00,2025-05-13 20:00:00,2025-05-14 02:00:00,NORMAL,GROUP__7139__0029,CONTROL,1068.0,972.0,654.0,377.0,12.0,18.0,16.0
CONTROL__7139__2025092323,7139,2025-09-23 23:00:00,2025-09-23 20:00:00,2025-09-24 02:00:00,NORMAL,GROUP__7139__0029,CONTROL,44.0,35.0,33.0,13.0,130.0,93.0,55.0
CONTROL__7163__2025091000,7163,2025-09-10 00:00:00,2025-09-09 21:00:00,2025-09-10 03:00:00,NORMAL,GROUP__7163__0029,CONTROL,30.0,22.0,20.0,11.0,7.0,11.0,12.0
CONTROL__7163__2025061800,7163,2025-06-18 00:00:00,2025-06-17 21:00:00,2025-06-18 03:00:00,NORMAL,GROUP__7163__0029,CONTROL,30.0,20.0,18.0,90.0,59.0,62.0,69.0
CONTROL__7163__2025050700,7163,2025-05-07 00:00:00,2025-05-06 21:00:00,2025-05-07 03:00:00,NORMAL,GROUP__7163__0029,CONTROL,32.0,36.0,32.0,16.0,21.0,23.0,21.0
CONTROL__7163__2025022600,7163,2025-02-26 00:00:00,2025-02-25 21:00:00,2025-02-26 03:00:00,NORMAL,GROUP__7163__0029,CONTROL,0.0,0.0,0.0,0.0,0.0,0.0,0.0
CONTROL__9658__2025032602,9658,2025-03-26 02:00:00,2025-03-25 23:00:00,2025-03-26 05:00:00,NORMAL,GROUP__9658__0024,CONTROL,0.0,0.0,0.0,0.0,0.0,0.0,0.0
CONTROL__9658__2025123102,9658,2025-12-31 02:00:00,2025-12-30 23:00:00,2025-12-31 05:00:00,NORMAL,GROUP__9658__0024,CONTROL,382.0,175.0,129.0,66.0,61.0,80.0,140.0
CONTROL__7112__2025071606,7112,2025-07-16 06:00:00,2025-07-16 03:00:00,2025-07-16 09:00:00,NORMAL,GROUP__7112__0042,CONTROL,39.0,70.0,128.0,314.0,301.0,263.0,263.0
CONTROL__7112__2025012906,7112,2025-01-29 06:00:00,2025-01-29 03:00:00,2025-01-29 09:00:00,NORMAL,GROUP__7112__0042,CONTROL,0.0,0.0,0.0,0.0,0.0,0.0,0.0
CONTROL__50240__2025012207,50240,2025-01-22 07:00:00,2025-01-22 04:00:00,2025-01-22 10:00:00,NORMAL,GROUP__50240__0036,CONTROL,0.0,0.0,0.0,0.0,0.0,0.0,0.0
CONTROL__50240__2025010807,50240,2025-01-08 07:00:00,2025-01-08 04:00:00,2025-01-08 10:00:00,NORMAL,GROUP__50240__0036,CONTROL,312.0,931.0,1783.0,1957.0,1869.0,1824.0,1746.0
CONTROL__7179__2025080608,7179,2025-08-06 08:00:00,2025-08-06 05:00:00,2025-08-06 11:00:00,NORMAL,GROUP__7179__0069,CONTROL,890.0,1253.0,1337.0,1454.0,1441.0,1380.0,1241.0
CONTROL__7179__2025070908,7179,2025-07-09 08:00:00,2025-07-09 05:00:00,2025-07-09 11:00:00,NORMAL,GROUP__7179__0069,CONTROL,227.0,312.0,358.0,408.0,418.0,481.0,462.0
CONTROL__7164__2025080622,7164,2025-08-06 22:00:00,2025-08-06 19:00:00,2025-08-07 01:00:00,NORMAL,GROUP__7164__0013,CONTROL,394.0,339.0,310.0,238.0,129.0,17.0,16.0
CONTROL__7164__2025051422,7164,2025-05-14 22:00:00,2025-05-14 19:00:00,2025-05-15 01:00:00,NORMAL,GROUP__7164__0013,CONTROL,30.0,33.0,25.0,25.0,20.0,113.0,56.0
CONTROL__53004__2025071703,53004,2025-07-17 03:00:00,2025-07-17 00:00:00,2025-07-17 06:00:00,NORMAL,GROUP__53004__0029,CONTROL,14.0,13.0,13.0,21.0,36.0,109.0,256.0
CONTROL__53004__2025011603,53004,2025-01-16 03:00:00,2025-01-16 00:00:00,2025-01-16 06:00:00,NORMAL,GROUP__53004__0029,CONTROL,0.0,0.0,0.0,0.0,170.0,581.0,1279.0
CONTROL__7248__2025040304,7248,2025-04-03 04:00:00,2025-04-03 01:00:00,2025-04-03 07:00:00,NORMAL,GROUP__7248__0032,CONTROL,103.0,116.0,148.0,394.0,918.0,707.0,1344.0
CONTROL__7248__2025050104,7248,2025-05-01 04:00:00,2025-05-01 01:00:00,2025-05-01 07:00:00,NORMAL,GROUP__7248__0032,CONTROL,98.0,97.0,128.0,373.0,1175.0,1340.0,1455.0
CONTROL__33014__2025110613,33014,2025-11-06 13:00:00,2025-11-06 10:00:00,2025-11-06 16:00:00,NORMAL,GROUP__33014__0036,CONTROL,0.0,0.0,0.0,0.0,0.0,0.0,0.0
CONTROL__33014__2025103013,33014,2025-10-30 13:00:00,2025-10-30 10:00:00,2025-10-30 16:00:00,NORMAL,GROUP__33014__0036,CONTROL,0.0,0.0,0.0,0.0,0.0,0.0,0.0
CONTROL__7159__2025100921,7159,2025-10-09 21:00:00,2025-10-09 18:00:00,2025-10-10 00:00:00,NORMAL,GROUP__7159__0009,CONTROL,1272.0,869.0,671.0,782.0,640.0,355.0,206.0
CONTROL__7159__2025030621,7159,2025-03-06 21:00:00,2025-03-06 18:00:00,2025-03-07 00:00:00,NORMAL,GROUP__7159__0009,CONTROL,60.0,50.0,47.0,49.0,28.0,26.0,21.0
CONTROL__7163__2025062621,7163,2025-06-26 21:00:00,2025-06-26 18:00:00,2025-06-27 00:00:00,NORMAL,GROUP__7163__0030,CONTROL,0.0,0.0,0.0,0.0,0.0,0.0,0.0
CONTROL__7163__2025071721,7163,2025-07-17 21:00:00,2025-07-17 18:00:00,2025-07-18 00:00:00,NORMAL,GROUP__7163__0030,CONTROL,668.0,480.0,425.0,408.0,313.0,198.0,12.0
CONTROL__33014__2025091823,33014,2025-09-18 23:00:00,2025-09-18 20:00:00,2025-09-19 02:00:00,NORMAL,GROUP__33014__0037,CONTROL,0.0,0.0,0.0,0.0,0.0,0.0,0.0
CONTROL__33014__2025120423,33014,2025-12-04 23:00:00,2025-12-04 20:00:00,2025-12-05 02:00:00,NORMAL,GROUP__33014__0037,CONTROL,0.0,0.0,0.0,0.0,0.0,0.0,0.0
CONTROL__7179__2025100923,7179,2025-10-09 23:00:00,2025-10-09 20:00:00,2025-10-10 02:00:00,NORMAL,GROUP__7179__0070,CONTROL,1359.0,1334.0,1029.0,624.0,53.0,64.0,50.0
CONTROL__7179__2025121123,7179,2025-12-11 23:00:00,2025-12-11 20:00:00,2025-12-12 02:00:00,NORMAL,GROUP__7179__0070,CONTROL,140.0,158.0,97.0,77.0,492.0,252.0,163.0
CONTROL__9849__2025082207,9849,2025-08-22 07:00:00,2025-08-22 04:00:00,2025-08-22 10:00:00,NORMAL,GROUP__9849__0008,CONTROL,59.0,214.0,606.0,784.0,860.0,624.0,565.0
CONTROL__9849__2025070407,9849,2025-07-04 07:00:00,2025-07-04 04:00:00,2025-07-04 10:00:00,NORMAL,GROUP__9849__0008,CONTROL,64.0,240.0,672.0,614.0,616.0,553.0,501.0
CONTROL__7274__2025090602,7274,2025-09-06 02:00:00,2025-09-05 23:00:00,2025-09-06 05:00:00,NORMAL,GROUP__7274__0021,CONTROL,36.0,171.0,115.0,73.0,77.0,166.0,246.0
CONTROL__7274__2025110102,7274,2025-11-01 02:00:00,2025-10-31 23:00:00,2025-11-01 05:00:00,NORMAL,GROUP__7274__0021,CONTROL,304.0,210.0,118.0,120.0,117.0,181.0,240.0
CONTROL__68025__2025112904,68025,2025-11-29 04:00:00,2025-11-29 01:00:00,2025-11-29 07:00:00,NORMAL,GROUP__68025__0033,CONTROL,152.0,103.0,82.0,105.0,229.0,392.0,516.0
CONTROL__68025__2025051704,68025,2025-05-17 04:00:00,2025-05-17 01:00:00,2025-05-17 07:00:00,NORMAL,GROUP__68025__0033,CONTROL,151.0,112.0,92.0,98.0,174.0,269.0,383.0
CONTROL__53004__2025051705,53004,2025-05-17 05:00:00,2025-05-17 02:00:00,2025-05-17 08:00:00,NORMAL,GROUP__53004__0030,CONTROL,64.0,65.0,116.0,340.0,552.0,856.0,1300.0
CONTROL__53004__2025110105,53004,2025-11-01 05:00:00,2025-11-01 02:00:00,2025-11-01 08:00:00,NORMAL,GROUP__53004__0030,CONTROL,163.0,124.0,104.0,162.0,433.0,776.0,1227.0
CONTROL__F3FWY001__2025050401,F3FWY001,2025-05-04 01:00:00,2025-05-03 22:00:00,2025-05-04 04:00:00,NORMAL,GROUP__F3FWY001__0008,CONTROL,910.0,1120.0,53.0,26.0,33.0,40.0,46.0
CONTROL__F3FWY001__2025113001,F3FWY001,2025-11-30 01:00:00,2025-11-29 22:00:00,2025-11-30 04:00:00,NORMAL,GROUP__F3FWY001__0008,CONTROL,727.0,618.0,64.0,30.0,10.0,8.0,8.0
CONTROL__7112__2025051805,7112,2025-05-18 05:00:00,2025-05-18 02:00:00,2025-05-18 08:00:00,NORMAL,GROUP__7112__0043,CONTROL,10.0,8.0,11.0,9.0,36.0,39.0,41.0
CONTROL__7112__2025012605,7112,2025-01-26 05:00:00,2025-01-26 02:00:00,2025-01-26 08:00:00,NORMAL,GROUP__7112__0043,CONTROL,7.0,9.0,12.0,13.0,38.0,59.0,54.0
CONTROL__10011__2025111617,10011,2025-11-16 17:00:00,2025-11-16 14:00:00,2025-11-16 20:00:00,NORMAL,GROUP__10011__0030,CONTROL,0.0,0.0,0.0,0.0,0.0,0.0,0.0
CONTROL__10011__2025050417,10011,2025-05-04 17:00:00,2025-05-04 14:00:00,2025-05-04 20:00:00,NORMAL,GROUP__10011__0030,CONTROL,0.0,0.0,0.0,0.0,0.0,0.0,0.0
CONTROL__7139__2025082417,7139,2025-08-24 17:00:00,2025-08-24 14:00:00,2025-08-24 20:00:00,NORMAL,GROUP__7139__0030,CONTROL,100.0,103.0,104.0,65.0,67.0,51.0,46.0
CONTROL__7139__2025012617,7139,2025-01-26 17:00:00,2025-01-26 14:00:00,2025-01-26 20:00:00,NORMAL,GROUP__7139__0030,CONTROL,60.0,54.0,59.0,54.0,50.0,40.0,38.0
CONTROL__7179__2025072021,7179,2025-07-20 21:00:00,2025-07-20 18:00:00,2025-07-21 00:00:00,NORMAL,GROUP__7179__0071,CONTROL,1614.0,1315.0,1207.0,945.0,745.0,436.0,35.0
CONTROL__7179__2025071321,7179,2025-07-13 21:00:00,2025-07-13 18:00:00,2025-07-14 00:00:00,NORMAL,GROUP__7179__0071,CONTROL,1714.0,1188.0,1122.0,995.0,748.0,468.0,32.0
CONTROL__7163__2025102002,7163,2025-10-20 02:00:00,2025-10-19 23:00:00,2025-10-20 05:00:00,NORMAL,GROUP__7163__0031,CONTROL,157.0,10.0,3.0,3.0,8.0,26.0,46.0
CONTROL__7163__2025071402,7163,2025-07-14 02:00:00,2025-07-13 23:00:00,2025-07-14 05:00:00,NORMAL,GROUP__7163__0031,CONTROL,0.0,0.0,0.0,0.0,0.0,0.0,0.0
CONTROL__7153__2025042805,7153,2025-04-28 05:00:00,2025-04-28 02:00:00,2025-04-28 08:00:00,NORMAL,GROUP__7153__0022,CONTROL,32.0,52.0,70.0,165.0,329.0,272.0,250.0
CONTROL__7153__2025081105,7153,2025-08-11 05:00:00,2025-08-11 02:00:00,2025-08-11 08:00:00,NORMAL,GROUP__7153__0022,CONTROL,29.0,47.0,68.0,176.0,345.0,278.0,263.0
CONTROL__F3FWY003__2025012712,F3FWY003,2025-01-27 12:00:00,2025-01-27 09:00:00,2025-01-27 15:00:00,NORMAL,GROUP__F3FWY003__0034,CONTROL,1307.0,2358.0,2916.0,3324.0,3177.0,3285.0,1610.0
CONTROL__F3FWY003__2025111712,F3FWY003,2025-11-17 12:00:00,2025-11-17 09:00:00,2025-11-17 15:00:00,NORMAL,GROUP__F3FWY003__0034,CONTROL,612.0,527.0,538.0,584.0,583.0,614.0,554.0
CONTROL__7274__2025101320,7274,2025-10-13 20:00:00,2025-10-13 17:00:00,2025-10-13 23:00:00,NORMAL,GROUP__7274__0022,CONTROL,938.0,726.0,645.0,509.0,387.0,302.0,157.0
CONTROL__7274__2025042120,7274,2025-04-21 20:00:00,2025-04-21 17:00:00,2025-04-21 23:00:00,NORMAL,GROUP__7274__0022,CONTROL,14.0,28.0,16.0,14.0,8.0,7.0,5.0
CONTROL__7112__2025030320,7112,2025-03-03 20:00:00,2025-03-03 17:00:00,2025-03-03 23:00:00,NORMAL,GROUP__7112__0044,CONTROL,0.0,0.0,0.0,0.0,0.0,0.0,0.0
CONTROL__7112__2025060920,7112,2025-06-09 20:00:00,2025-06-09 17:00:00,2025-06-09 23:00:00,NORMAL,GROUP__7112__0044,CONTROL,0.0,0.0,0.0,0.0,0.0,0.0,0.0
CONTROL__34016__2025112506,34016,2025-11-25 06:00:00,2025-11-25 03:00:00,2025-11-25 09:00:00,NORMAL,GROUP__34016__0007,CONTROL,41.0,188.0,461.0,621.0,832.0,735.0,703.0
CONTROL__34016__2025051306,34016,2025-05-13 06:00:00,2025-05-13 03:00:00,2025-05-13 09:00:00,NORMAL,GROUP__34016__0007,CONTROL,5.0,34.0,154.0,440.0,649.0,849.0,718.0
CONTROL__68025__2025042918,68025,2025-04-29 18:00:00,2025-04-29 15:00:00,2025-04-29 21:00:00,NORMAL,GROUP__68025__0034,CONTROL,74.0,49.0,64.0,33.0,27.0,17.0,15.0
CONTROL__68025__2025070818,68025,2025-07-08 18:00:00,2025-07-08 15:00:00,2025-07-08 21:00:00,NORMAL,GROUP__68025__0034,CONTROL,826.0,875.0,1076.0,864.0,654.0,493.0,410.0
CONTROL__7153__2025102820,7153,2025-10-28 20:00:00,2025-10-28 17:00:00,2025-10-28 23:00:00,NORMAL,GROUP__7153__0023,CONTROL,132.0,103.0,83.0,59.0,44.0,41.0,31.0
CONTROL__7153__2025031820,7153,2025-03-18 20:00:00,2025-03-18 17:00:00,2025-03-18 23:00:00,NORMAL,GROUP__7153__0023,CONTROL,0.0,0.0,0.0,0.0,0.0,0.0,0.0
CONTROL__7112__2025051401,7112,2025-05-14 01:00:00,2025-05-13 22:00:00,2025-05-14 04:00:00,NORMAL,GROUP__7112__0045,CONTROL,17.0,13.0,14.0,18.0,23.0,26.0,71.0
CONTROL__7112__2025052101,7112,2025-05-21 01:00:00,2025-05-20 22:00:00,2025-05-21 04:00:00,NORMAL,GROUP__7112__0045,CONTROL,19.0,13.0,165.0,103.0,67.0,88.0,207.0
CONTROL__7270__2025031902,7270,2025-03-19 02:00:00,2025-03-18 23:00:00,2025-03-19 05:00:00,NORMAL,GROUP__7270__0017,CONTROL,0.0,0.0,0.0,0.0,44.0,142.0,258.0
CONTROL__7270__2025011502,7270,2025-01-15 02:00:00,2025-01-14 23:00:00,2025-01-15 05:00:00,NORMAL,GROUP__7270__0017,CONTROL,0.0,156.0,83.0,66.0,125.0,306.0,1146.0
CONTROL__7119-PR__2025091006,7119-PR,2025-09-10 06:00:00,2025-09-10 03:00:00,2025-09-10 09:00:00,NORMAL,GROUP__7119-PR__0011,CONTROL,46.0,133.0,354.0,671.0,961.0,1116.0,714.0
CONTROL__7119-PR__2025080606,7119-PR,2025-08-06 06:00:00,2025-08-06 03:00:00,2025-08-06 09:00:00,NORMAL,GROUP__7119-PR__0011,CONTROL,40.0,129.0,407.0,691.0,1013.0,1227.0,1198.0
CONTROL__68025__2025070220,68025,2025-07-02 20:00:00,2025-07-02 17:00:00,2025-07-02 23:00:00,NORMAL,GROUP__68025__0035,CONTROL,0.0,0.0,0.0,0.0,0.0,0.0,0.0
CONTROL__68025__2025082720,68025,2025-08-27 20:00:00,2025-08-27 17:00:00,2025-08-27 23:00:00,NORMAL,GROUP__68025__0035,CONTROL,1106.0,972.0,784.0,551.0,469.0,348.0,222.0
CONTROL__7112__2025073020,7112,2025-07-30 20:00:00,2025-07-30 17:00:00,2025-07-30 23:00:00,NORMAL,GROUP__7112__0046,CONTROL,108.0,67.0,51.0,34.0,28.0,19.0,13.0
CONTROL__7112__2025070220,7112,2025-07-02 20:00:00,2025-07-02 17:00:00,2025-07-02 23:00:00,NORMAL,GROUP__7112__0046,CONTROL,1172.0,1130.0,784.0,626.0,607.0,435.0,284.0
CONTROL__51235__2025061122,51235,2025-06-11 22:00:00,2025-06-11 19:00:00,2025-06-12 01:00:00,NORMAL,GROUP__51235__0035,CONTROL,74.0,54.0,33.0,26.0,30.0,17.0,12.0
CONTROL__51235__2025010122,51235,2025-01-01 22:00:00,2025-01-01 19:00:00,2025-01-02 01:00:00,NORMAL,GROUP__51235__0035,CONTROL,20.0,22.0,11.0,18.0,13.0,4.0,4.0
CONTROL__74230__2025051506,74230,2025-05-15 06:00:00,2025-05-15 03:00:00,2025-05-15 09:00:00,NORMAL,GROUP__74230__0012,CONTROL,1.0,2.0,4.0,9.0,9.0,7.0,4.0
CONTROL__74230__2025120406,74230,2025-12-04 06:00:00,2025-12-04 03:00:00,2025-12-04 09:00:00,NORMAL,GROUP__74230__0012,CONTROL,3.0,7.0,21.0,20.0,21.0,18.0,17.0
CONTROL__7248__2025092506,7248,2025-09-25 06:00:00,2025-09-25 03:00:00,2025-09-25 09:00:00,NORMAL,GROUP__7248__0033,CONTROL,71.0,123.0,210.0,275.0,203.0,179.0,220.0
CONTROL__7248__2025071006,7248,2025-07-10 06:00:00,2025-07-10 03:00:00,2025-07-10 09:00:00,NORMAL,GROUP__7248__0033,CONTROL,155.0,343.0,1156.0,1235.0,1331.0,1204.0,1225.0
CONTROL__53004__2025112022,53004,2025-11-20 22:00:00,2025-11-20 19:00:00,2025-11-21 01:00:00,NORMAL,GROUP__53004__0031,CONTROL,858.0,682.0,571.0,339.0,202.0,217.0,98.0
CONTROL__53004__2025011622,53004,2025-01-16 22:00:00,2025-01-16 19:00:00,2025-01-17 01:00:00,NORMAL,GROUP__53004__0031,CONTROL,696.0,508.0,454.0,320.0,169.0,0.0,0.0
CONTROL__74230__2025052305,74230,2025-05-23 05:00:00,2025-05-23 02:00:00,2025-05-23 08:00:00,NORMAL,GROUP__74230__0013,CONTROL,1.0,0.0,3.0,5.0,9.0,3.0,8.0
CONTROL__74230__2025071105,74230,2025-07-11 05:00:00,2025-07-11 02:00:00,2025-07-11 08:00:00,NORMAL,GROUP__74230__0013,CONTROL,6.0,6.0,32.0,109.0,189.0,197.0,241.0
CONTROL__47024__2025052307,47024,2025-05-23 07:00:00,2025-05-23 04:00:00,2025-05-23 10:00:00,NORMAL,GROUP__47024__0014,CONTROL,38.0,90.0,90.0,85.0,138.0,188.0,241.0
CONTROL__47024__2025030707,47024,2025-03-07 07:00:00,2025-03-07 04:00:00,2025-03-07 10:00:00,NORMAL,GROUP__47024__0014,CONTROL,113.0,154.0,251.0,234.0,268.0,261.0,249.0
CONTROL__51235__2025010307,51235,2025-01-03 07:00:00,2025-01-03 04:00:00,2025-01-03 10:00:00,NORMAL,GROUP__51235__0036,CONTROL,26.0,75.0,150.0,156.0,146.0,150.0,146.0
CONTROL__51235__2025080807,51235,2025-08-08 07:00:00,2025-08-08 04:00:00,2025-08-08 10:00:00,NORMAL,GROUP__51235__0036,CONTROL,353.0,1106.0,2186.0,2102.0,2099.0,1833.0,1560.0
CONTROL__29005__2025120508,29005,2025-12-05 08:00:00,2025-12-05 05:00:00,2025-12-05 11:00:00,NORMAL,GROUP__29005__0020,CONTROL,1621.0,3042.0,2782.0,2780.0,2509.0,2470.0,2463.0
CONTROL__29005__2025122608,29005,2025-12-26 08:00:00,2025-12-26 05:00:00,2025-12-26 11:00:00,NORMAL,GROUP__29005__0020,CONTROL,16.0,34.0,40.0,35.0,37.0,46.0,53.0
CONTROL__F3FWY003__2025032113,F3FWY003,2025-03-21 13:00:00,2025-03-21 10:00:00,2025-03-21 16:00:00,NORMAL,GROUP__F3FWY003__0035,CONTROL,0.0,0.0,0.0,0.0,0.0,0.0,0.0
CONTROL__F3FWY003__2025021413,F3FWY003,2025-02-14 13:00:00,2025-02-14 10:00:00,2025-02-14 16:00:00,NORMAL,GROUP__F3FWY003__0035,CONTROL,0.0,0.0,0.0,0.0,0.0,0.0,0.0
CONTROL__7179__2025053100,7179,2025-05-31 00:00:00,2025-05-30 21:00:00,2025-05-31 03:00:00,NORMAL,GROUP__7179__0072,CONTROL,114.0,85.0,77.0,45.0,41.0,21.0,30.0
CONTROL__7179__2025030800,7179,2025-03-08 00:00:00,2025-03-07 21:00:00,2025-03-08 03:00:00,NORMAL,GROUP__7179__0072,CONTROL,0.0,0.0,0.0,0.0,0.0,0.0,0.0
CONTROL__7184__2025060707,7184,2025-06-07 07:00:00,2025-06-07 04:00:00,2025-06-07 10:00:00,NORMAL,GROUP__7184__0026,CONTROL,138.0,355.0,702.0,1280.0,1684.0,2224.0,2405.0
CONTROL__7184__2025020807,7184,2025-02-08 07:00:00,2025-02-08 04:00:00,2025-02-08 10:00:00,NORMAL,GROUP__7184__0026,CONTROL,0.0,0.0,0.0,0.0,0.0,0.0,0.0
CONTROL__7248__2025033002,7248,2025-03-30 02:00:00,2025-03-29 23:00:00,2025-03-30 05:00:00,NORMAL,GROUP__7248__0034,CONTROL,54.0,396.0,242.0,175.0,102.0,95.0,213.0
CONTROL__7248__2025113002,7248,2025-11-30 02:00:00,2025-11-29 23:00:00,2025-11-30 05:00:00,NORMAL,GROUP__7248__0034,CONTROL,34.0,371.0,217.0,159.0,132.0,140.0,244.0
CONTROL__68025__2025040604,68025,2025-04-06 04:00:00,2025-04-06 01:00:00,2025-04-06 07:00:00,NORMAL,GROUP__68025__0036,CONTROL,2.0,13.0,3.0,7.0,4.0,13.0,14.0
CONTROL__68025__2025101204,68025,2025-10-12 04:00:00,2025-10-12 01:00:00,2025-10-12 07:00:00,NORMAL,GROUP__68025__0036,CONTROL,3.0,4.0,5.0,3.0,11.0,14.0,14.0
CONTROL__74228__2025080403,74228,2025-08-04 03:00:00,2025-08-04 00:00:00,2025-08-04 06:00:00,NORMAL,GROUP__74228__0007,CONTROL,48.0,16.0,20.0,34.0,95.0,422.0,1239.0
CONTROL__74228__2025020303,74228,2025-02-03 03:00:00,2025-02-03 00:00:00,2025-02-03 06:00:00,NORMAL,GROUP__74228__0007,CONTROL,0.0,0.0,0.0,0.0,0.0,0.0,0.0
CONTROL__53004__2025010704,53004,2025-01-07 04:00:00,2025-01-07 01:00:00,2025-01-07 07:00:00,NORMAL,GROUP__53004__0032,CONTROL,58.0,39.0,33.0,76.0,193.0,400.0,631.0
CONTROL__53004__2025032504,53004,2025-03-25 04:00:00,2025-03-25 01:00:00,2025-03-25 07:00:00,NORMAL,GROUP__53004__0032,CONTROL,34.0,24.0,55.0,192.0,719.0,1464.0,2410.0
CONTROL__7274__2025123004,7274,2025-12-30 04:00:00,2025-12-30 01:00:00,2025-12-30 07:00:00,NORMAL,GROUP__7274__0023,CONTROL,65.0,59.0,69.0,176.0,254.0,279.0,360.0
CONTROL__7274__2025012104,7274,2025-01-21 04:00:00,2025-01-21 01:00:00,2025-01-21 07:00:00,NORMAL,GROUP__7274__0023,CONTROL,52.0,66.0,81.0,238.0,464.0,764.0,816.0
CONTROL__7179__2025070105,7179,2025-07-01 05:00:00,2025-07-01 02:00:00,2025-07-01 08:00:00,NORMAL,GROUP__7179__0073,CONTROL,138.0,208.0,367.0,844.0,1203.0,1543.0,1613.0
CONTROL__7179__2025012105,7179,2025-01-21 05:00:00,2025-01-21 02:00:00,2025-01-21 08:00:00,NORMAL,GROUP__7179__0073,CONTROL,146.0,220.0,424.0,840.0,1292.0,1458.0,1558.0
CONTROL__7112__2025040809,7112,2025-04-08 09:00:00,2025-04-08 06:00:00,2025-04-08 12:00:00,NORMAL,GROUP__7112__0047,CONTROL,169.0,132.0,148.0,148.0,133.0,109.0,132.0
CONTROL__7112__2025102809,7112,2025-10-28 09:00:00,2025-10-28 06:00:00,2025-10-28 12:00:00,NORMAL,GROUP__7112__0047,CONTROL,255.0,263.0,223.0,266.0,231.0,217.0,186.0
CONTROL__7112__2025111809,7112,2025-11-18 09:00:00,2025-11-18 06:00:00,2025-11-18 12:00:00,NORMAL,GROUP__7112__0047,CONTROL,1553.0,1340.0,1195.0,974.0,931.0,971.0,1042.0
CONTROL__7112__2025093009,7112,2025-09-30 09:00:00,2025-09-30 06:00:00,2025-09-30 12:00:00,NORMAL,GROUP__7112__0047,CONTROL,1671.0,1347.0,1266.0,1064.0,960.0,1025.0,1036.0
CONTROL__9836-PR__2025112521,9836-PR,2025-11-25 21:00:00,2025-11-25 18:00:00,2025-11-26 00:00:00,NORMAL,GROUP__9836-PR__0005,CONTROL,1296.0,1282.0,1150.0,1023.0,780.0,457.0,221.0
CONTROL__9836-PR__2025031121,9836-PR,2025-03-11 21:00:00,2025-03-11 18:00:00,2025-03-12 00:00:00,NORMAL,GROUP__9836-PR__0005,CONTROL,0.0,0.0,0.0,0.0,0.0,0.0,8.0
CONTROL__7163__2025102902,7163,2025-10-29 02:00:00,2025-10-28 23:00:00,2025-10-29 05:00:00,NORMAL,GROUP__7163__0032,CONTROL,154.0,83.0,44.0,45.0,60.0,115.0,299.0
CONTROL__7163__2025050702,7163,2025-05-07 02:00:00,2025-05-06 23:00:00,2025-05-07 05:00:00,NORMAL,GROUP__7163__0032,CONTROL,32.0,16.0,21.0,23.0,21.0,35.0,48.0
CONTROL__33014__2025100107,33014,2025-10-01 07:00:00,2025-10-01 04:00:00,2025-10-01 10:00:00,NORMAL,GROUP__33014__0038,CONTROL,0.0,0.0,0.0,0.0,0.0,0.0,0.0
CONTROL__33014__2025090307,33014,2025-09-03 07:00:00,2025-09-03 04:00:00,2025-09-03 10:00:00,NORMAL,GROUP__33014__0038,CONTROL,0.0,0.0,0.0,0.0,0.0,0.0,0.0
CONTROL__7120__2025122410,7120,2025-12-24 10:00:00,2025-12-24 07:00:00,2025-12-24 13:00:00,NORMAL,GROUP__7120__0039,CONTROL,55.0,74.0,73.0,54.0,47.0,51.0,35.0
CONTROL__7120__2025032610,7120,2025-03-26 10:00:00,2025-03-26 07:00:00,2025-03-26 13:00:00,NORMAL,GROUP__7120__0039,CONTROL,754.0,668.0,705.0,704.0,665.0,681.0,606.0
CONTROL__7121__2025012910,7121,2025-01-29 10:00:00,2025-01-29 07:00:00,2025-01-29 13:00:00,NORMAL,GROUP__7121__0039,CONTROL,0.0,0.0,0.0,0.0,0.0,0.0,0.0
CONTROL__7121__2025060410,7121,2025-06-04 10:00:00,2025-06-04 07:00:00,2025-06-04 13:00:00,NORMAL,GROUP__7121__0039,CONTROL,350.0,459.0,373.0,418.0,449.0,466.0,437.0
CONTROL__51235__2025052822,51235,2025-05-28 22:00:00,2025-05-28 19:00:00,2025-05-29 01:00:00,NORMAL,GROUP__51235__0037,CONTROL,51.0,41.0,31.0,55.0,36.0,21.0,16.0
CONTROL__51235__2025121022,51235,2025-12-10 22:00:00,2025-12-10 19:00:00,2025-12-11 01:00:00,NORMAL,GROUP__51235__0037,CONTROL,1246.0,1092.0,960.0,723.0,382.0,17.0,22.0
CONTROL__7164__2025092500,7164,2025-09-25 00:00:00,2025-09-24 21:00:00,2025-09-25 03:00:00,NORMAL,GROUP__7164__0014,CONTROL,21.0,26.0,14.0,80.0,57.0,38.0,41.0
CONTROL__7164__2025091100,7164,2025-09-11 00:00:00,2025-09-10 21:00:00,2025-09-11 03:00:00,NORMAL,GROUP__7164__0014,CONTROL,29.0,27.0,18.0,16.0,9.0,8.0,10.0
CONTROL__50240__2025020604,50240,2025-02-06 04:00:00,2025-02-06 01:00:00,2025-02-06 07:00:00,NORMAL,GROUP__50240__0037,CONTROL,0.0,0.0,0.0,0.0,0.0,0.0,0.0
CONTROL__50240__2025070304,50240,2025-07-03 04:00:00,2025-07-03 01:00:00,2025-07-03 07:00:00,NORMAL,GROUP__50240__0037,CONTROL,37.0,29.0,50.0,71.0,188.0,323.0,276.0
CONTROL__51235__2025062604,51235,2025-06-26 04:00:00,2025-06-26 01:00:00,2025-06-26 07:00:00,NORMAL,GROUP__51235__0037,CONTROL,138.0,110.0,71.0,175.0,380.0,776.0,1369.0
CONTROL__51235__2025112004,51235,2025-11-20 04:00:00,2025-11-20 01:00:00,2025-11-20 07:00:00,NORMAL,GROUP__51235__0037,CONTROL,16.0,16.0,24.0,51.0,165.0,389.0,267.0
CONTROL__7179__2025022706,7179,2025-02-27 06:00:00,2025-02-27 03:00:00,2025-02-27 09:00:00,NORMAL,GROUP__7179__0074,CONTROL,0.0,0.0,0.0,0.0,0.0,0.0,0.0
CONTROL__7179__2025012306,7179,2025-01-23 06:00:00,2025-01-23 03:00:00,2025-01-23 09:00:00,NORMAL,GROUP__7179__0074,CONTROL,68.0,0.0,0.0,0.0,0.0,0.0,0.0
CONTROL__7179__2025041706,7179,2025-04-17 06:00:00,2025-04-17 03:00:00,2025-04-17 09:00:00,NORMAL,GROUP__7179__0074,CONTROL,67.0,110.0,215.0,317.0,366.0,366.0,437.0
CONTROL__7179__2025082106,7179,2025-08-21 06:00:00,2025-08-21 03:00:00,2025-08-21 09:00:00,NORMAL,GROUP__7179__0074,CONTROL,56.0,88.0,183.0,297.0,296.0,318.0,407.0
CONTROL__7164__2025100908,7164,2025-10-09 08:00:00,2025-10-09 05:00:00,2025-10-09 11:00:00,NORMAL,GROUP__7164__0015,CONTROL,53.0,103.0,97.0,113.0,107.0,82.0,81.0
CONTROL__7164__2025032708,7164,2025-03-27 08:00:00,2025-03-27 05:00:00,2025-03-27 11:00:00,NORMAL,GROUP__7164__0015,CONTROL,39.0,68.0,56.0,51.0,61.0,0.0,0.0
CONTROL__7119-PR__2025061211,7119-PR,2025-06-12 11:00:00,2025-06-12 08:00:00,2025-06-12 14:00:00,NORMAL,GROUP__7119-PR__0012,CONTROL,667.0,512.0,552.0,583.0,809.0,792.0,855.0
CONTROL__7119-PR__2025032011,7119-PR,2025-03-20 11:00:00,2025-03-20 08:00:00,2025-03-20 14:00:00,NORMAL,GROUP__7119-PR__0012,CONTROL,624.0,599.0,396.0,359.0,332.0,343.0,379.0
CONTROL__53004__2025032721,53004,2025-03-27 21:00:00,2025-03-27 18:00:00,2025-03-28 00:00:00,NORMAL,GROUP__53004__0033,CONTROL,0.0,0.0,0.0,0.0,0.0,0.0,0.0
CONTROL__53004__2025090421,53004,2025-09-04 21:00:00,2025-09-04 18:00:00,2025-09-05 00:00:00,NORMAL,GROUP__53004__0033,CONTROL,48.0,48.0,36.0,22.0,12.0,21.0,15.0
CONTROL__10011__2025080102,10011,2025-08-01 02:00:00,2025-07-31 23:00:00,2025-08-01 05:00:00,NORMAL,GROUP__10011__0031,CONTROL,0.0,0.0,0.0,0.0,0.0,0.0,0.0
CONTROL__10011__2025050902,10011,2025-05-09 02:00:00,2025-05-08 23:00:00,2025-05-09 05:00:00,NORMAL,GROUP__10011__0031,CONTROL,0.0,0.0,0.0,0.0,0.0,0.0,0.0
CONTROL__7139__2025050202,7139,2025-05-02 02:00:00,2025-05-01 23:00:00,2025-05-02 05:00:00,NORMAL,GROUP__7139__0031,CONTROL,481.0,318.0,150.0,121.0,100.0,179.0,639.0
CONTROL__7139__2025091202,7139,2025-09-12 02:00:00,2025-09-11 23:00:00,2025-09-12 05:00:00,NORMAL,GROUP__7139__0031,CONTROL,506.0,278.0,152.0,118.0,82.0,180.0,677.0
CONTROL__100001__2025030705,100001,2025-03-07 05:00:00,2025-03-07 02:00:00,2025-03-07 08:00:00,NORMAL,GROUP__100001__0002,CONTROL,0.0,0.0,0.0,0.0,0.0,0.0,0.0
CONTROL__100001__2025103105,100001,2025-10-31 05:00:00,2025-10-31 02:00:00,2025-10-31 08:00:00,NORMAL,GROUP__100001__0002,CONTROL,22.0,37.0,47.0,114.0,218.0,226.0,176.0
CONTROL__F3FWY004__2025021406,F3FWY004,2025-02-14 06:00:00,2025-02-14 03:00:00,2025-02-14 09:00:00,NORMAL,GROUP__F3FWY004__0007,CONTROL,0.0,0.0,0.0,0.0,0.0,0.0,0.0
CONTROL__F3FWY004__2025112806,F3FWY004,2025-11-28 06:00:00,2025-11-28 03:00:00,2025-11-28 09:00:00,NORMAL,GROUP__F3FWY004__0007,CONTROL,72.0,221.0,158.0,185.0,300.0,445.0,562.0
CONTROL__68025__2025120514,68025,2025-12-05 14:00:00,2025-12-05 11:00:00,2025-12-05 17:00:00,NORMAL,GROUP__68025__0037,CONTROL,72.0,74.0,58.0,70.0,85.0,52.0,44.0
CONTROL__68025__2025020714,68025,2025-02-07 14:00:00,2025-02-07 11:00:00,2025-02-07 17:00:00,NORMAL,GROUP__68025__0037,CONTROL,0.0,0.0,0.0,0.0,0.0,0.0,0.0
CONTROL__F3FWY003__2025070423,F3FWY003,2025-07-04 23:00:00,2025-07-04 20:00:00,2025-07-05 02:00:00,NORMAL,GROUP__F3FWY003__0036,CONTROL,0.0,0.0,0.0,0.0,0.0,0.0,0.0
CONTROL__F3FWY003__2025051623,F3FWY003,2025-05-16 23:00:00,2025-05-16 20:00:00,2025-05-17 02:00:00,NORMAL,GROUP__F3FWY003__0036,CONTROL,0.0,0.0,0.0,0.0,0.0,0.0,0.0
CONTROL__53004__2025041904,53004,2025-04-19 04:00:00,2025-04-19 01:00:00,2025-04-19 07:00:00,NORMAL,GROUP__53004__0034,CONTROL,0.0,0.0,1.0,3.0,0.0,1.0,2.0
CONTROL__53004__2025032204,53004,2025-03-22 04:00:00,2025-03-22 01:00:00,2025-03-22 07:00:00,NORMAL,GROUP__53004__0034,CONTROL,60.0,62.0,44.0,88.0,204.0,355.0,453.0
CONTROL__F3FWY003__2025122101,F3FWY003,2025-12-21 01:00:00,2025-12-20 22:00:00,2025-12-21 04:00:00,NORMAL,GROUP__F3FWY003__0037,CONTROL,942.0,1052.0,89.0,43.0,56.0,52.0,102.0
CONTROL__F3FWY003__2025032301,F3FWY003,2025-03-23 01:00:00,2025-03-22 22:00:00,2025-03-23 04:00:00,NORMAL,GROUP__F3FWY003__0037,CONTROL,0.0,0.0,0.0,0.0,0.0,0.0,0.0
CONTROL__22001__2025060802,22001,2025-06-08 02:00:00,2025-06-07 23:00:00,2025-06-08 05:00:00,NORMAL,GROUP__22001__0012,CONTROL,0.0,0.0,0.0,0.0,0.0,0.0,0.0
CONTROL__22001__2025030902,22001,2025-03-09 02:00:00,2025-03-08 23:00:00,2025-03-09 05:00:00,NORMAL,GROUP__22001__0012,CONTROL,515.0,431.0,253.0,160.0,97.0,217.0,614.0
CONTROL__23067__2025042003,23067,2025-04-20 03:00:00,2025-04-20 00:00:00,2025-04-20 06:00:00,NORMAL,GROUP__23067__0026,CONTROL,5.0,11.0,8.0,13.0,14.0,25.0,26.0
CONTROL__23067__2025060803,23067,2025-06-08 03:00:00,2025-06-08 00:00:00,2025-06-08 06:00:00,NORMAL,GROUP__23067__0026,CONTROL,10.0,7.0,8.0,17.0,15.0,31.0,25.0
CONTROL__7164__2025052505,7164,2025-05-25 05:00:00,2025-05-25 02:00:00,2025-05-25 08:00:00,NORMAL,GROUP__7164__0016,CONTROL,79.0,57.0,60.0,103.0,169.0,218.0,345.0
CONTROL__7164__2025033005,7164,2025-03-30 05:00:00,2025-03-30 02:00:00,2025-03-30 08:00:00,NORMAL,GROUP__7164__0016,CONTROL,9.0,11.0,8.0,7.0,13.0,13.0,43.0
CONTROL__9658__2025022307,9658,2025-02-23 07:00:00,2025-02-23 04:00:00,2025-02-23 10:00:00,NORMAL,GROUP__9658__0025,CONTROL,0.0,0.0,0.0,0.0,0.0,0.0,0.0
CONTROL__9658__2025101207,9658,2025-10-12 07:00:00,2025-10-12 04:00:00,2025-10-12 10:00:00,NORMAL,GROUP__9658__0025,CONTROL,133.0,183.0,392.0,564.0,790.0,0.0,1357.0
CONTROL__33014__2025020920,33014,2025-02-09 20:00:00,2025-02-09 17:00:00,2025-02-09 23:00:00,NORMAL,GROUP__33014__0039,CONTROL,0.0,0.0,0.0,0.0,0.0,0.0,0.0
CONTROL__33014__2025111620,33014,2025-11-16 20:00:00,2025-11-16 17:00:00,2025-11-16 23:00:00,NORMAL,GROUP__33014__0039,CONTROL,0.0,0.0,0.0,0.0,0.0,0.0,0.0
CONTROL__7120__2025082505,7120,2025-08-25 05:00:00,2025-08-25 02:00:00,2025-08-25 08:00:00,NORMAL,GROUP__7120__0040,CONTROL,64.0,67.0,185.0,626.0,782.0,745.0,750.0
CONTROL__7120__2025090805,7120,2025-09-08 05:00:00,2025-09-08 02:00:00,2025-09-08 08:00:00,NORMAL,GROUP__7120__0040,CONTROL,11.0,11.0,30.0,75.0,101.0,83.0,90.0
CONTROL__7121__2025082505,7121,2025-08-25 05:00:00,2025-08-25 02:00:00,2025-08-25 08:00:00,NORMAL,GROUP__7121__0040,CONTROL,27.0,31.0,56.0,105.0,209.0,339.0,419.0
CONTROL__7121__2025063005,7121,2025-06-30 05:00:00,2025-06-30 02:00:00,2025-06-30 08:00:00,NORMAL,GROUP__7121__0040,CONTROL,36.0,37.0,50.0,100.0,211.0,300.0,363.0
CONTROL__7120__2025052622,7120,2025-05-26 22:00:00,2025-05-26 19:00:00,2025-05-27 01:00:00,NORMAL,GROUP__7120__0041,CONTROL,507.0,414.0,390.0,286.0,189.0,7.0,11.0
CONTROL__7120__2025022422,7120,2025-02-24 22:00:00,2025-02-24 19:00:00,2025-02-25 01:00:00,NORMAL,GROUP__7120__0041,CONTROL,0.0,0.0,0.0,0.0,0.0,0.0,0.0
CONTROL__7121__2025070722,7121,2025-07-07 22:00:00,2025-07-07 19:00:00,2025-07-08 01:00:00,NORMAL,GROUP__7121__0041,CONTROL,24.0,12.0,15.0,15.0,8.0,49.0,26.0
CONTROL__7121__2025033122,7121,2025-03-31 22:00:00,2025-03-31 19:00:00,2025-04-01 01:00:00,NORMAL,GROUP__7121__0041,CONTROL,266.0,260.0,210.0,162.0,77.0,35.0,32.0
CONTROL__50240__2025090903,50240,2025-09-09 03:00:00,2025-09-09 00:00:00,2025-09-09 06:00:00,NORMAL,GROUP__50240__0038,CONTROL,204.0,155.0,173.0,237.0,729.0,2051.0,2629.0
CONTROL__50240__2025092303,50240,2025-09-23 03:00:00,2025-09-23 00:00:00,2025-09-23 06:00:00,NORMAL,GROUP__50240__0038,CONTROL,191.0,141.0,156.0,227.0,707.0,2103.0,2590.0
CONTROL__50240__2025123003,50240,2025-12-30 03:00:00,2025-12-30 00:00:00,2025-12-30 06:00:00,NORMAL,GROUP__50240__0038,CONTROL,36.0,45.0,46.0,57.0,98.0,156.0,212.0
CONTROL__50240__2025100703,50240,2025-10-07 03:00:00,2025-10-07 00:00:00,2025-10-07 06:00:00,NORMAL,GROUP__50240__0038,CONTROL,37.0,37.0,40.0,74.0,133.0,320.0,509.0
CONTROL__53004__2025061708,53004,2025-06-17 08:00:00,2025-06-17 05:00:00,2025-06-17 11:00:00,NORMAL,GROUP__53004__0035,CONTROL,106.0,244.0,192.0,161.0,159.0,131.0,127.0
CONTROL__53004__2025120908,53004,2025-12-09 08:00:00,2025-12-09 05:00:00,2025-12-09 11:00:00,NORMAL,GROUP__53004__0035,CONTROL,653.0,1479.0,1906.0,1872.0,1611.0,1304.0,1261.0
CONTROL__74230__2025011409,74230,2025-01-14 09:00:00,2025-01-14 06:00:00,2025-01-14 12:00:00,NORMAL,GROUP__74230__0014,CONTROL,0.0,0.0,0.0,0.0,0.0,0.0,0.0
CONTROL__74230__2025060309,74230,2025-06-03 09:00:00,2025-06-03 06:00:00,2025-06-03 12:00:00,NORMAL,GROUP__74230__0014,CONTROL,6.0,16.0,5.0,8.0,7.0,12.0,7.0
CONTROL__7161__2025090910,7161,2025-09-09 10:00:00,2025-09-09 07:00:00,2025-09-09 13:00:00,NORMAL,GROUP__7161__0024,CONTROL,1513.0,1352.0,1029.0,861.0,845.0,890.0,902.0
CONTROL__7161__2025080510,7161,2025-08-05 10:00:00,2025-08-05 07:00:00,2025-08-05 13:00:00,NORMAL,GROUP__7161__0024,CONTROL,145.0,155.0,152.0,140.0,171.0,160.0,172.0
CONTROL__7251__2025123011,7251,2025-12-30 11:00:00,2025-12-30 08:00:00,2025-12-30 14:00:00,NORMAL,GROUP__7251__0023,CONTROL,71.0,89.0,82.0,75.0,94.0,98.0,95.0
CONTROL__7251__2025042211,7251,2025-04-22 11:00:00,2025-04-22 08:00:00,2025-04-22 14:00:00,NORMAL,GROUP__7251__0023,CONTROL,739.0,650.0,682.0,737.0,770.0,821.0,982.0
CONTROL__32029__2025042922,32029,2025-04-29 22:00:00,2025-04-29 19:00:00,2025-04-30 01:00:00,NORMAL,GROUP__32029__0005,CONTROL,0.0,0.0,0.0,0.0,0.0,0.0,0.0
CONTROL__32029__2025052022,32029,2025-05-20 22:00:00,2025-05-20 19:00:00,2025-05-21 01:00:00,NORMAL,GROUP__32029__0005,CONTROL,0.0,0.0,0.0,0.0,0.0,0.0,0.0
CONTROL__7163__2025051323,7163,2025-05-13 23:00:00,2025-05-13 20:00:00,2025-05-14 02:00:00,NORMAL,GROUP__7163__0033,CONTROL,433.0,353.0,478.0,274.0,164.0,102.0,94.0
CONTROL__7163__2025030423,7163,2025-03-04 23:00:00,2025-03-04 20:00:00,2025-03-05 02:00:00,NORMAL,GROUP__7163__0033,CONTROL,0.0,0.0,0.0,0.0,18.0,7.0,10.0
CONTROL__7270__2025092404,7270,2025-09-24 04:00:00,2025-09-24 01:00:00,2025-09-24 07:00:00,NORMAL,GROUP__7270__0018,CONTROL,35.0,42.0,47.0,127.0,207.0,332.0,257.0
CONTROL__7270__2025111904,7270,2025-11-19 04:00:00,2025-11-19 01:00:00,2025-11-19 07:00:00,NORMAL,GROUP__7270__0018,CONTROL,38.0,45.0,59.0,118.0,239.0,359.0,242.0
CONTROL__7120__2025020521,7120,2025-02-05 21:00:00,2025-02-05 18:00:00,2025-02-06 00:00:00,NORMAL,GROUP__7120__0042,CONTROL,0.0,0.0,0.0,0.0,0.0,0.0,0.0
CONTROL__7120__2025060421,7120,2025-06-04 21:00:00,2025-06-04 18:00:00,2025-06-05 00:00:00,NORMAL,GROUP__7120__0042,CONTROL,721.0,589.0,528.0,463.0,339.0,218.0,7.0
CONTROL__7121__2025081321,7121,2025-08-13 21:00:00,2025-08-13 18:00:00,2025-08-14 00:00:00,NORMAL,GROUP__7121__0042,CONTROL,558.0,387.0,323.0,330.0,260.0,130.0,6.0
CONTROL__7121__2025100121,7121,2025-10-01 21:00:00,2025-10-01 18:00:00,2025-10-02 00:00:00,NORMAL,GROUP__7121__0042,CONTROL,0.0,0.0,0.0,0.0,0.0,0.0,76.0
CONTROL__9658__2025050103,9658,2025-05-01 03:00:00,2025-05-01 00:00:00,2025-05-01 06:00:00,NORMAL,GROUP__9658__0026,CONTROL,158.0,84.0,73.0,76.0,176.0,544.0,951.0
CONTROL__9658__2025071703,9658,2025-07-17 03:00:00,2025-07-17 00:00:00,2025-07-17 06:00:00,NORMAL,GROUP__9658__0026,CONTROL,155.0,106.0,67.0,80.0,172.0,460.0,823.0
CONTROL__23067__2025013005,23067,2025-01-30 05:00:00,2025-01-30 02:00:00,2025-01-30 08:00:00,NORMAL,GROUP__23067__0027,CONTROL,327.0,856.0,1159.0,1871.0,2243.0,2151.0,1742.0
CONTROL__23067__2025032705,23067,2025-03-27 05:00:00,2025-03-27 02:00:00,2025-03-27 08:00:00,NORMAL,GROUP__23067__0027,CONTROL,33.0,30.0,44.0,79.0,102.0,104.0,115.0
CONTROL__7184__2025050819,7184,2025-05-08 19:00:00,2025-05-08 16:00:00,2025-05-08 22:00:00,NORMAL,GROUP__7184__0027,CONTROL,2485.0,2349.0,1942.0,1280.0,894.0,627.0,517.0
CONTROL__7184__2025032719,7184,2025-03-27 19:00:00,2025-03-27 16:00:00,2025-03-27 22:00:00,NORMAL,GROUP__7184__0027,CONTROL,2456.0,2288.0,1954.0,1386.0,913.0,804.0,588.0
CONTROL__7112__2025032721,7112,2025-03-27 21:00:00,2025-03-27 18:00:00,2025-03-28 00:00:00,NORMAL,GROUP__7112__0048,CONTROL,98.0,64.0,59.0,35.0,33.0,19.0,224.0
CONTROL__7112__2025021321,7112,2025-02-13 21:00:00,2025-02-13 18:00:00,2025-02-14 00:00:00,NORMAL,GROUP__7112__0048,CONTROL,0.0,0.0,0.0,0.0,0.0,0.0,0.0
CONTROL__7184__2025110623,7184,2025-11-06 23:00:00,2025-11-06 20:00:00,2025-11-07 02:00:00,NORMAL,GROUP__7184__0027,CONTROL,1101.0,848.0,598.0,345.0,34.0,43.0,23.0
CONTROL__7184__2025121823,7184,2025-12-18 23:00:00,2025-12-18 20:00:00,2025-12-19 02:00:00,NORMAL,GROUP__7184__0027,CONTROL,1078.0,944.0,710.0,396.0,45.0,40.0,30.0
CONTROL__7112__2025040402,7112,2025-04-04 02:00:00,2025-04-03 23:00:00,2025-04-04 05:00:00,NORMAL,GROUP__7112__0048,CONTROL,301.0,167.0,77.0,56.0,64.0,175.0,596.0
CONTROL__7112__2025011702,7112,2025-01-17 02:00:00,2025-01-16 23:00:00,2025-01-17 05:00:00,NORMAL,GROUP__7112__0048,CONTROL,81.0,0.0,0.0,0.0,0.0,0.0,0.0
CONTROL__29005__2025080105,29005,2025-08-01 05:00:00,2025-08-01 02:00:00,2025-08-01 08:00:00,NORMAL,GROUP__29005__0021,CONTROL,129.0,149.0,409.0,1349.0,2789.0,2710.0,2829.0
CONTROL__29005__2025071105,29005,2025-07-11 05:00:00,2025-07-11 02:00:00,2025-07-11 08:00:00,NORMAL,GROUP__29005__0021,CONTROL,0.0,0.0,0.0,1.0,1643.0,1056.0,2785.0
CONTROL__50240__2025032105,50240,2025-03-21 05:00:00,2025-03-21 02:00:00,2025-03-21 08:00:00,NORMAL,GROUP__50240__0039,CONTROL,216.0,189.0,356.0,1149.0,2028.0,2282.0,1937.0
CONTROL__50240__2025022805,50240,2025-02-28 05:00:00,2025-02-28 02:00:00,2025-02-28 08:00:00,NORMAL,GROUP__50240__0039,CONTROL,0.0,0.0,0.0,0.0,0.0,0.0,0.0
CONTROL__F3FWY002__2025121208,F3FWY002,2025-12-12 08:00:00,2025-12-12 05:00:00,2025-12-12 11:00:00,NORMAL,GROUP__F3FWY002__0006,CONTROL,0.0,0.0,0.0,0.0,0.0,0.0,0.0
CONTROL__F3FWY002__2025062008,F3FWY002,2025-06-20 08:00:00,2025-06-20 05:00:00,2025-06-20 11:00:00,NORMAL,GROUP__F3FWY002__0006,CONTROL,603.0,729.0,577.0,510.0,556.0,603.0,554.0
CONTROL__7112__2025102412,7112,2025-10-24 12:00:00,2025-10-24 09:00:00,2025-10-24 15:00:00,NORMAL,GROUP__7112__0049,CONTROL,253.0,194.0,249.0,180.0,205.0,169.0,158.0
CONTROL__7112__2025071812,7112,2025-07-18 12:00:00,2025-07-18 09:00:00,2025-07-18 15:00:00,NORMAL,GROUP__7112__0049,CONTROL,272.0,208.0,203.0,182.0,174.0,167.0,149.0
CONTROL__7112__2025050307,7112,2025-05-03 07:00:00,2025-05-03 04:00:00,2025-05-03 10:00:00,NORMAL,GROUP__7112__0050,CONTROL,6.0,11.0,22.0,24.0,18.0,24.0,23.0
CONTROL__7112__2025110107,7112,2025-11-01 07:00:00,2025-11-01 04:00:00,2025-11-01 10:00:00,NORMAL,GROUP__7112__0050,CONTROL,135.0,424.0,1097.0,856.0,805.0,1053.0,1202.0
CONTROL__T0345__2025051722,T0345,2025-05-17 22:00:00,2025-05-17 19:00:00,2025-05-18 01:00:00,NORMAL,GROUP__T0345__0002,CONTROL,242.0,241.0,226.0,182.0,123.0,73.0,27.0
CONTROL__T0345__2025092722,T0345,2025-09-27 22:00:00,2025-09-27 19:00:00,2025-09-28 01:00:00,NORMAL,GROUP__T0345__0002,CONTROL,327.0,197.0,208.0,191.0,123.0,2.0,0.0
CONTROL__72027__2025051101,72027,2025-05-11 01:00:00,2025-05-10 22:00:00,2025-05-11 04:00:00,NORMAL,GROUP__72027__0003,CONTROL,0.0,383.0,137.0,79.0,45.0,41.0,38.0
CONTROL__72027__2025121401,72027,2025-12-14 01:00:00,2025-12-13 22:00:00,2025-12-14 04:00:00,NORMAL,GROUP__72027__0003,CONTROL,597.0,473.0,13.0,4.0,4.0,1.0,1.0
CONTROL__7120__2025121406,7120,2025-12-14 06:00:00,2025-12-14 03:00:00,2025-12-14 09:00:00,NORMAL,GROUP__7120__0043,CONTROL,9.0,13.0,21.0,40.0,19.0,40.0,47.0
CONTROL__7120__2025110906,7120,2025-11-09 06:00:00,2025-11-09 03:00:00,2025-11-09 09:00:00,NORMAL,GROUP__7120__0043,CONTROL,0.0,0.0,0.0,0.0,0.0,0.0,0.0
CONTROL__7121__2025041306,7121,2025-04-13 06:00:00,2025-04-13 03:00:00,2025-04-13 09:00:00,NORMAL,GROUP__7121__0043,CONTROL,157.0,134.0,100.0,115.0,153.0,203.0,306.0
CONTROL__7121__2025111606,7121,2025-11-16 06:00:00,2025-11-16 03:00:00,2025-11-16 09:00:00,NORMAL,GROUP__7121__0043,CONTROL,220.0,193.0,154.0,150.0,191.0,267.0,344.0
CONTROL__7248__2025051808,7248,2025-05-18 08:00:00,2025-05-18 05:00:00,2025-05-18 11:00:00,NORMAL,GROUP__7248__0035,CONTROL,207.0,306.0,423.0,644.0,969.0,1145.0,1253.0
CONTROL__7248__2025083108,7248,2025-08-31 08:00:00,2025-08-31 05:00:00,2025-08-31 11:00:00,NORMAL,GROUP__7248__0035,CONTROL,38.0,48.0,51.0,66.0,75.0,89.0,85.0
CONTROL__T0231__2025011920,T0231,2025-01-19 20:00:00,2025-01-19 17:00:00,2025-01-19 23:00:00,NORMAL,GROUP__T0231__0009,CONTROL,0.0,0.0,0.0,0.0,0.0,0.0,0.0
CONTROL__T0231__2025012620,T0231,2025-01-26 20:00:00,2025-01-26 17:00:00,2025-01-26 23:00:00,NORMAL,GROUP__T0231__0009,CONTROL,22.0,24.0,25.0,22.0,13.0,10.0,9.0
CONTROL__7274__2025052522,7274,2025-05-25 22:00:00,2025-05-25 19:00:00,2025-05-26 01:00:00,NORMAL,GROUP__7274__0024,CONTROL,486.0,442.0,385.0,267.0,158.0,16.0,9.0
CONTROL__7274__2025081022,7274,2025-08-10 22:00:00,2025-08-10 19:00:00,2025-08-11 01:00:00,NORMAL,GROUP__7274__0024,CONTROL,34.0,29.0,33.0,26.0,10.0,99.0,48.0
CONTROL__50250__2025040703,50250,2025-04-07 03:00:00,2025-04-07 00:00:00,2025-04-07 06:00:00,NORMAL,GROUP__50250__0005,CONTROL,1.0,0.0,0.0,2.0,1.0,26.0,53.0
CONTROL__50250__2025102003,50250,2025-10-20 03:00:00,2025-10-20 00:00:00,2025-10-20 06:00:00,NORMAL,GROUP__50250__0005,CONTROL,0.0,0.0,3.0,6.0,11.0,43.0,46.0
CONTROL__7179__2025090106,7179,2025-09-01 06:00:00,2025-09-01 03:00:00,2025-09-01 09:00:00,NORMAL,GROUP__7179__0075,CONTROL,196.0,390.0,880.0,1213.0,1657.0,1655.0,1371.0
CONTROL__7179__2025111706,7179,2025-11-17 06:00:00,2025-11-17 03:00:00,2025-11-17 09:00:00,NORMAL,GROUP__7179__0075,CONTROL,216.0,415.0,920.0,1362.0,1599.0,1598.0,1463.0
CONTROL__7163__2025100606,7163,2025-10-06 06:00:00,2025-10-06 03:00:00,2025-10-06 09:00:00,NORMAL,GROUP__7163__0034,CONTROL,69.0,65.0,69.0,123.0,139.0,186.0,261.0
CONTROL__7163__2025111006,7163,2025-11-10 06:00:00,2025-11-10 03:00:00,2025-11-10 09:00:00,NORMAL,GROUP__7163__0034,CONTROL,8.0,16.0,48.0,126.0,105.0,112.0,121.0
CONTROL__68025__2025040818,68025,2025-04-08 18:00:00,2025-04-08 15:00:00,2025-04-08 21:00:00,NORMAL,GROUP__68025__0038,CONTROL,1384.0,1526.0,1470.0,1287.0,768.0,687.0,669.0
CONTROL__68025__2025102118,68025,2025-10-21 18:00:00,2025-10-21 15:00:00,2025-10-21 21:00:00,NORMAL,GROUP__68025__0038,CONTROL,73.0,70.0,54.0,29.0,26.0,21.0,23.0
CONTROL__7179__2025010806,7179,2025-01-08 06:00:00,2025-01-08 03:00:00,2025-01-08 09:00:00,NORMAL,GROUP__7179__0076,CONTROL,174.0,0.0,0.0,0.0,0.0,0.0,0.0
CONTROL__7179__2025010106,7179,2025-01-01 06:00:00,2025-01-01 03:00:00,2025-01-01 09:00:00,NORMAL,GROUP__7179__0076,CONTROL,0.0,173.0,148.0,167.0,159.0,187.0,272.0
CONTROL__47024__2025012906,47024,2025-01-29 06:00:00,2025-01-29 03:00:00,2025-01-29 09:00:00,NORMAL,GROUP__47024__0015,CONTROL,271.0,538.0,1114.0,1158.0,1210.0,1204.0,1091.0
CONTROL__47024__2025110506,47024,2025-11-05 06:00:00,2025-11-05 03:00:00,2025-11-05 09:00:00,NORMAL,GROUP__47024__0015,CONTROL,87.0,110.0,196.0,273.0,253.0,259.0,258.0
CONTROL__47024__2025011506,47024,2025-01-15 06:00:00,2025-01-15 03:00:00,2025-01-15 09:00:00,NORMAL,GROUP__47024__0015,CONTROL,0.0,94.0,149.0,248.0,230.0,225.0,270.0
CONTROL__47024__2025040206,47024,2025-04-02 06:00:00,2025-04-02 03:00:00,2025-04-02 09:00:00,NORMAL,GROUP__47024__0015,CONTROL,89.0,100.0,168.0,257.0,228.0,232.0,274.0
CONTROL__9658__2025020521,9658,2025-02-05 21:00:00,2025-02-05 18:00:00,2025-02-06 00:00:00,NORMAL,GROUP__9658__0027,CONTROL,0.0,0.0,0.0,0.0,0.0,0.0,0.0
CONTROL__9658__2025091721,9658,2025-09-17 21:00:00,2025-09-17 18:00:00,2025-09-18 00:00:00,NORMAL,GROUP__9658__0027,CONTROL,122.0,79.0,56.0,40.0,48.0,37.0,175.0
CONTROL__7251__2025060500,7251,2025-06-05 00:00:00,2025-06-04 21:00:00,2025-06-05 03:00:00,NORMAL,GROUP__7251__0024,CONTROL,750.0,635.0,431.0,260.0,180.0,137.0,107.0
CONTROL__7251__2025112700,7251,2025-11-27 00:00:00,2025-11-26 21:00:00,2025-11-27 03:00:00,NORMAL,GROUP__7251__0024,CONTROL,778.0,749.0,540.0,19.0,20.0,18.0,13.0
CONTROL__7163__2025040305,7163,2025-04-03 05:00:00,2025-04-03 02:00:00,2025-04-03 08:00:00,NORMAL,GROUP__7163__0035,CONTROL,107.0,119.0,108.0,260.0,692.0,687.0,524.0
CONTROL__7163__2025061205,7163,2025-06-12 05:00:00,2025-06-12 02:00:00,2025-06-12 08:00:00,NORMAL,GROUP__7163__0035,CONTROL,52.0,66.0,101.0,255.0,664.0,668.0,429.0
CONTROL__7184__2025121820,7184,2025-12-18 20:00:00,2025-12-18 17:00:00,2025-12-18 23:00:00,NORMAL,GROUP__7184__0028,CONTROL,2434.0,2057.0,1468.0,1078.0,944.0,710.0,396.0
CONTROL__7184__2025031320,7184,2025-03-13 20:00:00,2025-03-13 17:00:00,2025-03-13 23:00:00,NORMAL,GROUP__7184__0028,CONTROL,163.0,112.0,87.0,62.0,72.0,32.0,17.0
CONTROL__23067__2025041021,23067,2025-04-10 21:00:00,2025-04-10 18:00:00,2025-04-11 00:00:00,NORMAL,GROUP__23067__0028,CONTROL,1857.0,1280.0,1113.0,1200.0,1125.0,774.0,28.0
CONTROL__23067__2025070321,23067,2025-07-03 21:00:00,2025-07-03 18:00:00,2025-07-04 00:00:00,NORMAL,GROUP__23067__0028,CONTROL,69.0,59.0,38.0,44.0,50.0,25.0,20.0
CONTROL__23067__2025040321,23067,2025-04-03 21:00:00,2025-04-03 18:00:00,2025-04-04 00:00:00,NORMAL,GROUP__23067__0028,CONTROL,54.0,40.0,37.0,37.0,22.0,20.0,11.0
CONTROL__23067__2025090421,23067,2025-09-04 21:00:00,2025-09-04 18:00:00,2025-09-05 00:00:00,NORMAL,GROUP__23067__0028,CONTROL,1844.0,1278.0,1205.0,1083.0,865.0,805.0,21.0
CONTROL__7179__2025112806,7179,2025-11-28 06:00:00,2025-11-28 03:00:00,2025-11-28 09:00:00,NORMAL,GROUP__7179__0077,CONTROL,71.0,133.0,232.0,370.0,363.0,420.0,433.0
CONTROL__7179__2025013106,7179,2025-01-31 06:00:00,2025-01-31 03:00:00,2025-01-31 09:00:00,NORMAL,GROUP__7179__0077,CONTROL,0.0,0.0,0.0,0.0,0.0,0.0,0.0
CONTROL__74230__2025060607,74230,2025-06-06 07:00:00,2025-06-06 04:00:00,2025-06-06 10:00:00,NORMAL,GROUP__74230__0015,CONTROL,2.0,10.0,12.0,4.0,6.0,12.0,9.0
CONTROL__74230__2025070407,74230,2025-07-04 07:00:00,2025-07-04 04:00:00,2025-07-04 10:00:00,NORMAL,GROUP__74230__0015,CONTROL,6.0,11.0,16.0,13.0,7.0,9.0,4.0
CONTROL__23067__2025022108,23067,2025-02-21 08:00:00,2025-02-21 05:00:00,2025-02-21 11:00:00,NORMAL,GROUP__23067__0029,CONTROL,0.0,0.0,0.0,0.0,0.0,0.0,0.0
CONTROL__23067__2025122608,23067,2025-12-26 08:00:00,2025-12-26 05:00:00,2025-12-26 11:00:00,NORMAL,GROUP__23067__0029,CONTROL,24.0,66.0,61.0,44.0,58.0,54.0,51.0
CONTROL__7179__2025112811,7179,2025-11-28 11:00:00,2025-11-28 08:00:00,2025-11-28 14:00:00,NORMAL,GROUP__7179__0077,CONTROL,420.0,433.0,476.0,513.0,490.0,519.0,400.0
CONTROL__7179__2025082211,7179,2025-08-22 11:00:00,2025-08-22 08:00:00,2025-08-22 14:00:00,NORMAL,GROUP__7179__0077,CONTROL,1723.0,1406.0,1415.0,1478.0,1523.0,1574.0,1816.0
CONTROL__7179__2025081511,7179,2025-08-15 11:00:00,2025-08-15 08:00:00,2025-08-15 14:00:00,NORMAL,GROUP__7179__0077,CONTROL,1596.0,1432.0,1416.0,1425.0,1485.0,1561.0,1828.0
CONTROL__7179__2025122611,7179,2025-12-26 11:00:00,2025-12-26 08:00:00,2025-12-26 14:00:00,NORMAL,GROUP__7179__0077,CONTROL,53.0,74.0,128.0,154.0,161.0,150.0,174.0
CONTROL__74230__2025112815,74230,2025-11-28 15:00:00,2025-11-28 12:00:00,2025-11-28 18:00:00,NORMAL,GROUP__74230__0016,CONTROL,543.0,593.0,606.0,677.0,660.0,524.0,377.0
CONTROL__74230__2025122615,74230,2025-12-26 15:00:00,2025-12-26 12:00:00,2025-12-26 18:00:00,NORMAL,GROUP__74230__0016,CONTROL,70.0,60.0,49.0,54.0,55.0,45.0,39.0
CONTROL__7126__2025062113,7126,2025-06-21 13:00:00,2025-06-21 10:00:00,2025-06-21 16:00:00,NORMAL,GROUP__7126__0013,CONTROL,718.0,842.0,808.0,745.0,715.0,814.0,664.0
CONTROL__7126__2025020113,7126,2025-02-01 13:00:00,2025-02-01 10:00:00,2025-02-01 16:00:00,NORMAL,GROUP__7126__0013,CONTROL,0.0,0.0,0.0,0.0,0.0,0.0,0.0
CONTROL__7126__2025081613,7126,2025-08-16 13:00:00,2025-08-16 10:00:00,2025-08-16 16:00:00,NORMAL,GROUP__7126__0013,CONTROL,60.0,66.0,69.0,70.0,71.0,63.0,68.0
CONTROL__7126__2025090613,7126,2025-09-06 13:00:00,2025-09-06 10:00:00,2025-09-06 16:00:00,NORMAL,GROUP__7126__0013,CONTROL,50.0,46.0,55.0,45.0,41.0,39.0,32.0
CONTROL__7112__2025092023,7112,2025-09-20 23:00:00,2025-09-20 20:00:00,2025-09-21 02:00:00,NORMAL,GROUP__7112__0051,CONTROL,24.0,28.0,23.0,9.0,263.0,170.0,103.0
CONTROL__7112__2025021523,7112,2025-02-15 23:00:00,2025-02-15 20:00:00,2025-02-16 02:00:00,NORMAL,GROUP__7112__0051,CONTROL,0.0,0.0,0.0,0.0,0.0,0.0,0.0
CONTROL__33014__2025083103,33014,2025-08-31 03:00:00,2025-08-31 00:00:00,2025-08-31 06:00:00,NORMAL,GROUP__33014__0040,CONTROL,0.0,0.0,0.0,0.0,0.0,0.0,0.0
CONTROL__33014__2025011203,33014,2025-01-12 03:00:00,2025-01-12 00:00:00,2025-01-12 06:00:00,NORMAL,GROUP__33014__0040,CONTROL,6.0,5.0,6.0,11.0,23.0,28.0,37.0
CONTROL__F3FWY005__2025092109,F3FWY005,2025-09-21 09:00:00,2025-09-21 06:00:00,2025-09-21 12:00:00,NORMAL,GROUP__F3FWY005__0004,CONTROL,621.0,943.0,1774.0,2643.0,3314.0,3551.0,3614.0
CONTROL__F3FWY005__2025040609,F3FWY005,2025-04-06 09:00:00,2025-04-06 06:00:00,2025-04-06 12:00:00,NORMAL,GROUP__F3FWY005__0004,CONTROL,19.0,21.0,70.0,152.0,224.0,326.0,295.0
CONTROL__7179__2025083121,7179,2025-08-31 21:00:00,2025-08-31 18:00:00,2025-09-01 00:00:00,NORMAL,GROUP__7179__0078,CONTROL,1741.0,1351.0,1162.0,957.0,713.0,445.0,263.0
CONTROL__7179__2025020221,7179,2025-02-02 21:00:00,2025-02-02 18:00:00,2025-02-03 00:00:00,NORMAL,GROUP__7179__0078,CONTROL,0.0,0.0,0.0,0.0,0.0,0.0,0.0
CONTROL__7274__2025112322,7274,2025-11-23 22:00:00,2025-11-23 19:00:00,2025-11-24 01:00:00,NORMAL,GROUP__7274__0025,CONTROL,562.0,549.0,465.0,362.0,199.0,106.0,66.0
CONTROL__7274__2025122122,7274,2025-12-21 22:00:00,2025-12-21 19:00:00,2025-12-22 01:00:00,NORMAL,GROUP__7274__0025,CONTROL,45.0,48.0,34.0,24.0,19.0,145.0,89.0
CONTROL__7164__2025050504,7164,2025-05-05 04:00:00,2025-05-05 01:00:00,2025-05-05 07:00:00,NORMAL,GROUP__7164__0017,CONTROL,44.0,32.0,38.0,83.0,320.0,520.0,878.0
CONTROL__7164__2025090104,7164,2025-09-01 04:00:00,2025-09-01 01:00:00,2025-09-01 07:00:00,NORMAL,GROUP__7164__0017,CONTROL,8.0,13.0,3.0,16.0,57.0,104.0,98.0
CONTROL__7251__2025100604,7251,2025-10-06 04:00:00,2025-10-06 01:00:00,2025-10-06 07:00:00,NORMAL,GROUP__7251__0025,CONTROL,9.0,7.0,8.0,8.0,8.0,16.0,20.0
CONTROL__7251__2025031004,7251,2025-03-10 04:00:00,2025-03-10 01:00:00,2025-03-10 07:00:00,NORMAL,GROUP__7251__0025,CONTROL,0.0,0.0,0.0,0.0,0.0,0.0,0.0
CONTROL__7168__2025080406,7168,2025-08-04 06:00:00,2025-08-04 03:00:00,2025-08-04 09:00:00,NORMAL,GROUP__7168__0016,CONTROL,10.0,12.0,37.0,56.0,83.0,62.0,77.0
CONTROL__7168__2025092206,7168,2025-09-22 06:00:00,2025-09-22 03:00:00,2025-09-22 09:00:00,NORMAL,GROUP__7168__0016,CONTROL,9.0,23.0,44.0,76.0,84.0,78.0,75.0
CONTROL__51235__2025090808,51235,2025-09-08 08:00:00,2025-09-08 05:00:00,2025-09-08 11:00:00,NORMAL,GROUP__51235__0038,CONTROL,124.0,353.0,233.0,210.0,270.0,229.0,174.0
CONTROL__51235__2025102008,51235,2025-10-20 08:00:00,2025-10-20 05:00:00,2025-10-20 11:00:00,NORMAL,GROUP__51235__0038,CONTROL,147.0,370.0,249.0,211.0,260.0,256.0,193.0
CONTROL__7120__2025021712,7120,2025-02-17 12:00:00,2025-02-17 09:00:00,2025-02-17 15:00:00,NORMAL,GROUP__7120__0044,CONTROL,0.0,0.0,0.0,0.0,0.0,0.0,0.0
CONTROL__7120__2025092912,7120,2025-09-29 12:00:00,2025-09-29 09:00:00,2025-09-29 15:00:00,NORMAL,GROUP__7120__0044,CONTROL,103.0,96.0,83.0,75.0,75.0,54.0,42.0
CONTROL__7121__2025032412,7121,2025-03-24 12:00:00,2025-03-24 09:00:00,2025-03-24 15:00:00,NORMAL,GROUP__7121__0044,CONTROL,302.0,279.0,277.0,332.0,340.0,348.0,407.0
CONTROL__7121__2025031012,7121,2025-03-10 12:00:00,2025-03-10 09:00:00,2025-03-10 15:00:00,NORMAL,GROUP__7121__0044,CONTROL,0.0,0.0,0.0,0.0,0.0,0.0,0.0
CONTROL__53003__2025090117,53003,2025-09-01 17:00:00,2025-09-01 14:00:00,2025-09-01 20:00:00,NORMAL,GROUP__53003__0010,CONTROL,1803.0,2148.0,2525.0,2543.0,2059.0,1258.0,905.0
CONTROL__53003__2025021717,53003,2025-02-17 17:00:00,2025-02-17 14:00:00,2025-02-17 20:00:00,NORMAL,GROUP__53003__0010,CONTROL,0.0,0.0,0.0,0.0,0.0,0.0,0.0
CONTROL__53003__2025120117,53003,2025-12-01 17:00:00,2025-12-01 14:00:00,2025-12-01 20:00:00,NORMAL,GROUP__53003__0010,CONTROL,1921.0,2123.0,2561.0,2636.0,2064.0,1330.0,1072.0
CONTROL__53003__2025051217,53003,2025-05-12 17:00:00,2025-05-12 14:00:00,2025-05-12 20:00:00,NORMAL,GROUP__53003__0010,CONTROL,1381.0,1684.0,1725.0,1782.0,1224.0,924.0,687.0
CONTROL__7126__2025040721,7126,2025-04-07 21:00:00,2025-04-07 18:00:00,2025-04-08 00:00:00,NORMAL,GROUP__7126__0014,CONTROL,54.0,32.0,27.0,18.0,9.0,6.0,1.0
CONTROL__7126__2025062321,7126,2025-06-23 21:00:00,2025-06-23 18:00:00,2025-06-24 00:00:00,NORMAL,GROUP__7126__0014,CONTROL,45.0,35.0,15.0,10.0,7.0,4.0,0.0
CONTROL__53003__2025122305,53003,2025-12-23 05:00:00,2025-12-23 02:00:00,2025-12-23 08:00:00,NORMAL,GROUP__53003__0011,CONTROL,76.0,97.0,223.0,505.0,982.0,1236.0,1474.0
CONTROL__53003__2025052705,53003,2025-05-27 05:00:00,2025-05-27 02:00:00,2025-05-27 08:00:00,NORMAL,GROUP__53003__0011,CONTROL,61.0,54.0,130.0,429.0,1113.0,1694.0,1533.0
CONTROL__23067__2025041518,23067,2025-04-15 18:00:00,2025-04-15 15:00:00,2025-04-15 21:00:00,NORMAL,GROUP__23067__0030,CONTROL,74.0,63.0,52.0,39.0,30.0,40.0,28.0
CONTROL__23067__2025081218,23067,2025-08-12 18:00:00,2025-08-12 15:00:00,2025-08-12 21:00:00,NORMAL,GROUP__23067__0030,CONTROL,2008.0,2116.0,2290.0,1940.0,1257.0,1089.0,1010.0
CONTROL__7112__2025012900,7112,2025-01-29 00:00:00,2025-01-28 21:00:00,2025-01-29 03:00:00,NORMAL,GROUP__7112__0052,CONTROL,0.0,0.0,0.0,0.0,0.0,0.0,0.0
CONTROL__7112__2025061800,7112,2025-06-18 00:00:00,2025-06-17 21:00:00,2025-06-18 03:00:00,NORMAL,GROUP__7112__0052,CONTROL,45.0,19.0,16.0,128.0,74.0,75.0,74.0
CONTROL__7112__2025031900,7112,2025-03-19 00:00:00,2025-03-18 21:00:00,2025-03-19 03:00:00,NORMAL,GROUP__7112__0052,CONTROL,37.0,23.0,20.0,0.0,0.0,0.0,0.0
CONTROL__7112__2025020500,7112,2025-02-05 00:00:00,2025-02-04 21:00:00,2025-02-05 03:00:00,NORMAL,GROUP__7112__0052,CONTROL,0.0,0.0,0.0,0.0,0.0,0.0,0.0
CONTROL__33014__2025030504,33014,2025-03-05 04:00:00,2025-03-05 01:00:00,2025-03-05 07:00:00,NORMAL,GROUP__33014__0041,CONTROL,7.0,15.0,48.0,100.0,250.0,182.0,152.0
CONTROL__33014__2025061804,33014,2025-06-18 04:00:00,2025-06-18 01:00:00,2025-06-18 07:00:00,NORMAL,GROUP__33014__0041,CONTROL,18.0,16.0,28.0,49.0,64.0,135.0,157.0
CONTROL__7112__2025012905,7112,2025-01-29 05:00:00,2025-01-29 02:00:00,2025-01-29 08:00:00,NORMAL,GROUP__7112__0052,CONTROL,0.0,0.0,0.0,0.0,0.0,0.0,0.0
CONTROL__7112__2025122405,7112,2025-12-24 05:00:00,2025-12-24 02:00:00,2025-12-24 08:00:00,NORMAL,GROUP__7112__0052,CONTROL,21.0,33.0,49.0,74.0,164.0,153.0,131.0
CONTROL__7112__2025073005,7112,2025-07-30 05:00:00,2025-07-30 02:00:00,2025-07-30 08:00:00,NORMAL,GROUP__7112__0052,CONTROL,24.0,40.0,61.0,119.0,272.0,267.0,223.0
CONTROL__7112__2025120305,7112,2025-12-03 05:00:00,2025-12-03 02:00:00,2025-12-03 08:00:00,NORMAL,GROUP__7112__0052,CONTROL,27.0,33.0,56.0,112.0,241.0,244.0,224.0
CONTROL__74230__2025123105,74230,2025-12-31 05:00:00,2025-12-31 02:00:00,2025-12-31 08:00:00,NORMAL,GROUP__74230__0017,CONTROL,14.0,34.0,86.0,148.0,228.0,286.0,432.0
CONTROL__74230__2025021205,74230,2025-02-12 05:00:00,2025-02-12 02:00:00,2025-02-12 08:00:00,NORMAL,GROUP__74230__0017,CONTROL,0.0,0.0,0.0,0.0,0.0,0.0,0.0
CONTROL__9836-PR__2025122406,9836-PR,2025-12-24 06:00:00,2025-12-24 03:00:00,2025-12-24 09:00:00,NORMAL,GROUP__9836-PR__0006,CONTROL,11.0,30.0,47.0,87.0,83.0,93.0,91.0
CONTROL__9836-PR__2025071606,9836-PR,2025-07-16 06:00:00,2025-07-16 03:00:00,2025-07-16 09:00:00,NORMAL,GROUP__9836-PR__0006,CONTROL,85.0,308.0,938.0,1762.0,1444.0,1373.0,1485.0
CONTROL__7123-PR__2025072306,7123-PR,2025-07-23 06:00:00,2025-07-23 03:00:00,2025-07-23 09:00:00,NORMAL,GROUP__7123-PR__0004,CONTROL,49.0,154.0,348.0,666.0,1028.0,814.0,619.0
CONTROL__7123-PR__2025110506,7123-PR,2025-11-05 06:00:00,2025-11-05 03:00:00,2025-11-05 09:00:00,NORMAL,GROUP__7123-PR__0004,CONTROL,72.0,149.0,374.0,675.0,901.0,693.0,570.0
CONTROL__51235__2025031907,51235,2025-03-19 07:00:00,2025-03-19 04:00:00,2025-03-19 10:00:00,NORMAL,GROUP__51235__0039,CONTROL,54.0,134.0,309.0,273.0,188.0,250.0,215.0
CONTROL__51235__2025080607,51235,2025-08-06 07:00:00,2025-08-06 04:00:00,2025-08-06 10:00:00,NORMAL,GROUP__51235__0039,CONTROL,54.0,142.0,361.0,264.0,197.0,272.0,253.0
CONTROL__68025__2025090320,68025,2025-09-03 20:00:00,2025-09-03 17:00:00,2025-09-03 23:00:00,NORMAL,GROUP__68025__0039,CONTROL,36.0,32.0,26.0,19.0,12.0,17.0,6.0
CONTROL__68025__2025100120,68025,2025-10-01 20:00:00,2025-10-01 17:00:00,2025-10-01 23:00:00,NORMAL,GROUP__68025__0039,CONTROL,70.0,35.0,19.0,23.0,25.0,8.0,13.0
CONTROL__53004__2025011522,53004,2025-01-15 22:00:00,2025-01-15 19:00:00,2025-01-16 01:00:00,NORMAL,GROUP__53004__0036,CONTROL,0.0,0.0,0.0,0.0,0.0,0.0,0.0
CONTROL__53004__2025021222,53004,2025-02-12 22:00:00,2025-02-12 19:00:00,2025-02-13 01:00:00,NORMAL,GROUP__53004__0036,CONTROL,0.0,0.0,0.0,0.0,0.0,0.0,0.0
CONTROL__7120__2025080704,7120,2025-08-07 04:00:00,2025-08-07 01:00:00,2025-08-07 07:00:00,NORMAL,GROUP__7120__0045,CONTROL,64.0,63.0,73.0,180.0,552.0,641.0,712.0
CONTROL__7120__2025081404,7120,2025-08-14 04:00:00,2025-08-14 01:00:00,2025-08-14 07:00:00,NORMAL,GROUP__7120__0045,CONTROL,8.0,11.0,14.0,15.0,66.0,114.0,87.0
CONTROL__7121__2025062604,7121,2025-06-26 04:00:00,2025-06-26 01:00:00,2025-06-26 07:00:00,NORMAL,GROUP__7121__0045,CONTROL,59.0,29.0,25.0,51.0,86.0,202.0,280.0
CONTROL__7121__2025050104,7121,2025-05-01 04:00:00,2025-05-01 01:00:00,2025-05-01 07:00:00,NORMAL,GROUP__7121__0045,CONTROL,5.0,1.0,4.0,2.0,12.0,31.0,24.0
CONTROL__T0231__2025073105,T0231,2025-07-31 05:00:00,2025-07-31 02:00:00,2025-07-31 08:00:00,NORMAL,GROUP__T0231__0010,CONTROL,52.0,86.0,215.0,666.0,1240.0,1208.0,976.0
CONTROL__T0231__2025102305,T0231,2025-10-23 05:00:00,2025-10-23 02:00:00,2025-10-23 08:00:00,NORMAL,GROUP__T0231__0010,CONTROL,65.0,74.0,241.0,740.0,1303.0,1189.0,1075.0
CONTROL__9658__2025100906,9658,2025-10-09 06:00:00,2025-10-09 03:00:00,2025-10-09 09:00:00,NORMAL,GROUP__9658__0028,CONTROL,40.0,58.0,97.0,177.0,135.0,158.0,187.0
CONTROL__9658__2025013006,9658,2025-01-30 06:00:00,2025-01-30 03:00:00,2025-01-30 09:00:00,NORMAL,GROUP__9658__0028,CONTROL,0.0,0.0,0.0,0.0,0.0,0.0,0.0
CONTROL__51235__2025042506,51235,2025-04-25 06:00:00,2025-04-25 03:00:00,2025-04-25 09:00:00,NORMAL,GROUP__51235__0040,CONTROL,107.0,170.0,343.0,525.0,478.0,546.0,764.0
CONTROL__51235__2025112806,51235,2025-11-28 06:00:00,2025-11-28 03:00:00,2025-11-28 09:00:00,NORMAL,GROUP__51235__0040,CONTROL,34.0,50.0,151.0,369.0,303.0,231.0,269.0
CONTROL__47024__2025042513,47024,2025-04-25 13:00:00,2025-04-25 10:00:00,2025-04-25 16:00:00,NORMAL,GROUP__47024__0016,CONTROL,1038.0,1334.0,1225.0,1152.0,1217.0,1196.0,1277.0
CONTROL__47024__2025102413,47024,2025-10-24 13:00:00,2025-10-24 10:00:00,2025-10-24 16:00:00,NORMAL,GROUP__47024__0016,CONTROL,230.0,247.0,252.0,194.0,202.0,149.0,161.0
CONTROL__7120__2025053015,7120,2025-05-30 15:00:00,2025-05-30 12:00:00,2025-05-30 18:00:00,NORMAL,GROUP__7120__0046,CONTROL,86.0,70.0,57.0,38.0,37.0,31.0,44.0
CONTROL__7120__2025072515,7120,2025-07-25 15:00:00,2025-07-25 12:00:00,2025-07-25 18:00:00,NORMAL,GROUP__7120__0046,CONTROL,84.0,64.0,61.0,56.0,27.0,34.0,31.0
CONTROL__7121__2025071115,7121,2025-07-11 15:00:00,2025-07-11 12:00:00,2025-07-11 18:00:00,NORMAL,GROUP__7121__0046,CONTROL,433.0,485.0,488.0,546.0,531.0,626.0,521.0
CONTROL__7121__2025110715,7121,2025-11-07 15:00:00,2025-11-07 12:00:00,2025-11-07 18:00:00,NORMAL,GROUP__7121__0046,CONTROL,0.0,0.0,0.0,0.0,0.0,0.0,0.0
CONTROL__7120__2025021508,7120,2025-02-15 08:00:00,2025-02-15 05:00:00,2025-02-15 11:00:00,NORMAL,GROUP__7120__0047,CONTROL,0.0,0.0,0.0,0.0,0.0,0.0,0.0
CONTROL__7120__2025072608,7120,2025-07-26 08:00:00,2025-07-26 05:00:00,2025-07-26 11:00:00,NORMAL,GROUP__7120__0047,CONTROL,33.0,50.0,54.0,69.0,53.0,54.0,36.0
CONTROL__7121__2025120608,7121,2025-12-06 08:00:00,2025-12-06 05:00:00,2025-12-06 11:00:00,NORMAL,GROUP__7121__0047,CONTROL,0.0,0.0,0.0,0.0,0.0,0.0,0.0
CONTROL__7121__2025090608,7121,2025-09-06 08:00:00,2025-09-06 05:00:00,2025-09-06 11:00:00,NORMAL,GROUP__7121__0047,CONTROL,11.0,16.0,18.0,24.0,24.0,30.0,20.0
CONTROL__23067__2025092720,23067,2025-09-27 20:00:00,2025-09-27 17:00:00,2025-09-27 23:00:00,NORMAL,GROUP__23067__0031,CONTROL,47.0,36.0,34.0,30.0,15.0,25.0,16.0
CONTROL__23067__2025081620,23067,2025-08-16 20:00:00,2025-08-16 17:00:00,2025-08-16 23:00:00,NORMAL,GROUP__23067__0031,CONTROL,1435.0,1623.0,1101.0,1248.0,1009.0,1098.0,670.0
CONTROL__7120__2025072002,7120,2025-07-20 02:00:00,2025-07-19 23:00:00,2025-07-20 05:00:00,NORMAL,GROUP__7120__0048,CONTROL,531.0,438.0,341.0,271.0,253.0,233.0,246.0
CONTROL__7120__2025120702,7120,2025-12-07 02:00:00,2025-12-06 23:00:00,2025-12-07 05:00:00,NORMAL,GROUP__7120__0048,CONTROL,27.0,25.0,12.0,17.0,13.0,14.0,19.0
CONTROL__7121__2025072702,7121,2025-07-27 02:00:00,2025-07-26 23:00:00,2025-07-27 05:00:00,NORMAL,GROUP__7121__0048,CONTROL,22.0,10.0,7.0,10.0,5.0,3.0,8.0
CONTROL__7121__2025071302,7121,2025-07-13 02:00:00,2025-07-12 23:00:00,2025-07-13 05:00:00,NORMAL,GROUP__7121__0048,CONTROL,14.0,252.0,245.0,218.0,180.0,171.0,126.0
CONTROL__7132__2025112320,7132,2025-11-23 20:00:00,2025-11-23 17:00:00,2025-11-23 23:00:00,NORMAL,GROUP__7132__0022,CONTROL,33.0,21.0,25.0,15.0,12.0,8.0,11.0
CONTROL__7132__2025042020,7132,2025-04-20 20:00:00,2025-04-20 17:00:00,2025-04-20 23:00:00,NORMAL,GROUP__7132__0022,CONTROL,1252.0,1167.0,827.0,634.0,490.0,351.0,230.0
CONTROL__7112__2025110221,7112,2025-11-02 21:00:00,2025-11-02 18:00:00,2025-11-03 00:00:00,NORMAL,GROUP__7112__0053,CONTROL,1010.0,852.0,770.0,664.0,545.0,320.0,15.0
CONTROL__7112__2025022321,7112,2025-02-23 21:00:00,2025-02-23 18:00:00,2025-02-24 00:00:00,NORMAL,GROUP__7112__0053,CONTROL,0.0,0.0,0.0,0.0,0.0,0.0,0.0
CONTROL__7163__2025033022,7163,2025-03-30 22:00:00,2025-03-30 19:00:00,2025-03-31 01:00:00,NORMAL,GROUP__7163__0036,CONTROL,407.0,346.0,302.0,195.0,114.0,9.0,7.0
CONTROL__7163__2025060822,7163,2025-06-08 22:00:00,2025-06-08 19:00:00,2025-06-09 01:00:00,NORMAL,GROUP__7163__0036,CONTROL,487.0,394.0,379.0,288.0,208.0,3.0,4.0
CONTROL__53003__2025122901,53003,2025-12-29 01:00:00,2025-12-28 22:00:00,2025-12-29 04:00:00,NORMAL,GROUP__53003__0012,CONTROL,31.0,35.0,149.0,86.0,60.0,79.0,178.0
CONTROL__53003__2025112401,53003,2025-11-24 01:00:00,2025-11-23 22:00:00,2025-11-24 04:00:00,NORMAL,GROUP__53003__0012,CONTROL,21.0,24.0,161.0,85.0,57.0,93.0,203.0
CONTROL__68025__2025090802,68025,2025-09-08 02:00:00,2025-09-07 23:00:00,2025-09-08 05:00:00,NORMAL,GROUP__68025__0040,CONTROL,9.0,12.0,10.0,6.0,9.0,15.0,52.0
CONTROL__68025__2025071402,68025,2025-07-14 02:00:00,2025-07-13 23:00:00,2025-07-14 05:00:00,NORMAL,GROUP__68025__0040,CONTROL,168.0,10.0,3.0,4.0,7.0,17.0,26.0
CONTROL__10011__2025030304,10011,2025-03-03 04:00:00,2025-03-03 01:00:00,2025-03-03 07:00:00,NORMAL,GROUP__10011__0032,CONTROL,2.0,2.0,0.0,2.0,11.0,50.0,55.0
CONTROL__10011__2025111704,10011,2025-11-17 04:00:00,2025-11-17 01:00:00,2025-11-17 07:00:00,NORMAL,GROUP__10011__0032,CONTROL,0.0,0.0,0.0,0.0,0.0,0.0,0.0
CONTROL__7139__2025032404,7139,2025-03-24 04:00:00,2025-03-24 01:00:00,2025-03-24 07:00:00,NORMAL,GROUP__7139__0032,CONTROL,0.0,0.0,0.0,0.0,0.0,0.0,0.0
CONTROL__7139__2025021704,7139,2025-02-17 04:00:00,2025-02-17 01:00:00,2025-02-17 07:00:00,NORMAL,GROUP__7139__0032,CONTROL,0.0,0.0,0.0,0.0,0.0,0.0,0.0
CONTROL__23067__2025042805,23067,2025-04-28 05:00:00,2025-04-28 02:00:00,2025-04-28 08:00:00,NORMAL,GROUP__23067__0032,CONTROL,83.0,202.0,393.0,813.0,1110.0,1612.0,1449.0
CONTROL__23067__2025060205,23067,2025-06-02 05:00:00,2025-06-02 02:00:00,2025-06-02 08:00:00,NORMAL,GROUP__23067__0032,CONTROL,74.0,241.0,423.0,817.0,1107.0,1561.0,1465.0
CONTROL__7150__2025102708,7150,2025-10-27 08:00:00,2025-10-27 05:00:00,2025-10-27 11:00:00,NORMAL,GROUP__7150__0005,CONTROL,27.0,70.0,81.0,69.0,73.0,83.0,84.0
CONTROL__7150__2025052608,7150,2025-05-26 08:00:00,2025-05-26 05:00:00,2025-05-26 11:00:00,NORMAL,GROUP__7150__0005,CONTROL,234.0,426.0,851.0,1206.0,754.0,725.0,803.0
CONTROL__7184__2025092911,7184,2025-09-29 11:00:00,2025-09-29 08:00:00,2025-09-29 14:00:00,NORMAL,GROUP__7184__0029,CONTROL,2591.0,2233.0,2264.0,2012.0,1946.0,2030.0,1969.0
CONTROL__7184__2025111711,7184,2025-11-17 11:00:00,2025-11-17 08:00:00,2025-11-17 14:00:00,NORMAL,GROUP__7184__0029,CONTROL,2655.0,2234.0,1997.0,1912.0,1846.0,1887.0,1927.0
CONTROL__7126__2025050608,7126,2025-05-06 08:00:00,2025-05-06 05:00:00,2025-05-06 11:00:00,NORMAL,GROUP__7126__0015,CONTROL,197.0,369.0,555.0,706.0,504.0,529.0,631.0
CONTROL__7126__2025060308,7126,2025-06-03 08:00:00,2025-06-03 05:00:00,2025-06-03 11:00:00,NORMAL,GROUP__7126__0015,CONTROL,202.0,403.0,555.0,697.0,503.0,491.0,595.0
CONTROL__7126__2025122308,7126,2025-12-23 08:00:00,2025-12-23 05:00:00,2025-12-23 11:00:00,NORMAL,GROUP__7126__0015,CONTROL,28.0,59.0,69.0,74.0,78.0,76.0,68.0
CONTROL__7126__2025040808,7126,2025-04-08 08:00:00,2025-04-08 05:00:00,2025-04-08 11:00:00,NORMAL,GROUP__7126__0015,CONTROL,10.0,24.0,51.0,60.0,64.0,61.0,75.0
CONTROL__7274__2025090908,7274,2025-09-09 08:00:00,2025-09-09 05:00:00,2025-09-09 11:00:00,NORMAL,GROUP__7274__0026,CONTROL,718.0,1297.0,1440.0,1331.0,922.0,715.0,771.0
CONTROL__7274__2025020408,7274,2025-02-04 08:00:00,2025-02-04 05:00:00,2025-02-04 11:00:00,NORMAL,GROUP__7274__0026,CONTROL,0.0,0.0,0.0,0.0,0.0,0.0,0.0
CONTROL__53004__2025121000,53004,2025-12-10 00:00:00,2025-12-09 21:00:00,2025-12-10 03:00:00,NORMAL,GROUP__53004__0037,CONTROL,527.0,379.0,197.0,183.0,74.0,60.0,55.0
CONTROL__53004__2025073000,53004,2025-07-30 00:00:00,2025-07-29 21:00:00,2025-07-30 03:00:00,NORMAL,GROUP__53004__0037,CONTROL,24.0,14.0,10.0,13.0,7.0,9.0,18.0
CONTROL__53004__2025040901,53004,2025-04-09 01:00:00,2025-04-08 22:00:00,2025-04-09 04:00:00,NORMAL,GROUP__53004__0037,CONTROL,12.0,7.0,3.0,2.0,1.0,1.0,3.0
CONTROL__53004__2025101501,53004,2025-10-15 01:00:00,2025-10-14 22:00:00,2025-10-15 04:00:00,NORMAL,GROUP__53004__0037,CONTROL,21.0,21.0,132.0,56.0,40.0,42.0,96.0
CONTROL__F3FWY002__2025010802,F3FWY002,2025-01-08 02:00:00,2025-01-07 23:00:00,2025-01-08 05:00:00,NORMAL,GROUP__F3FWY002__0007,CONTROL,0.0,0.0,0.0,0.0,3.0,10.0,21.0
CONTROL__F3FWY002__2025082702,F3FWY002,2025-08-27 02:00:00,2025-08-26 23:00:00,2025-08-27 05:00:00,NORMAL,GROUP__F3FWY002__0007,CONTROL,0.0,0.0,0.0,0.0,0.0,159.0,570.0
CONTROL__53003__2025062503,53003,2025-06-25 03:00:00,2025-06-25 00:00:00,2025-06-25 06:00:00,NORMAL,GROUP__53003__0013,CONTROL,24.0,16.0,31.0,37.0,66.0,115.0,190.0
CONTROL__53003__2025061803,53003,2025-06-18 03:00:00,2025-06-18 00:00:00,2025-06-18 06:00:00,NORMAL,GROUP__53003__0013,CONTROL,137.0,73.0,56.0,70.0,138.0,445.0,1124.0
CONTROL__F3FWY002__2025082101,F3FWY002,2025-08-21 01:00:00,2025-08-20 22:00:00,2025-08-21 04:00:00,NORMAL,GROUP__F3FWY002__0008,CONTROL,247.0,133.0,85.0,91.0,115.0,161.0,281.0
CONTROL__F3FWY002__2025091101,F3FWY002,2025-09-11 01:00:00,2025-09-10 22:00:00,2025-09-11 04:00:00,NORMAL,GROUP__F3FWY002__0008,CONTROL,228.0,134.0,114.0,105.0,139.0,118.0,184.0
CONTROL__T0231__2025102303,T0231,2025-10-23 03:00:00,2025-10-23 00:00:00,2025-10-23 06:00:00,NORMAL,GROUP__T0231__0011,CONTROL,93.0,58.0,65.0,74.0,241.0,740.0,1303.0
CONTROL__T0231__2025040303,T0231,2025-04-03 03:00:00,2025-04-03 00:00:00,2025-04-03 06:00:00,NORMAL,GROUP__T0231__0011,CONTROL,0.0,0.0,0.0,0.0,205.0,647.0,1257.0
CONTROL__9834-PR__2025050805,9834-PR,2025-05-08 05:00:00,2025-05-08 02:00:00,2025-05-08 08:00:00,NORMAL,GROUP__9834-PR__0004,CONTROL,0.0,0.0,0.0,0.0,1.0,13.0,25.0
CONTROL__9834-PR__2025052205,9834-PR,2025-05-22 05:00:00,2025-05-22 02:00:00,2025-05-22 08:00:00,NORMAL,GROUP__9834-PR__0004,CONTROL,17.0,25.0,71.0,195.0,378.0,694.0,939.0
CONTROL__9834-PR__2025090405,9834-PR,2025-09-04 05:00:00,2025-09-04 02:00:00,2025-09-04 08:00:00,NORMAL,GROUP__9834-PR__0004,CONTROL,21.0,21.0,60.0,194.0,373.0,618.0,810.0
CONTROL__9834-PR__2025091805,9834-PR,2025-09-18 05:00:00,2025-09-18 02:00:00,2025-09-18 08:00:00,NORMAL,GROUP__9834-PR__0004,CONTROL,3.0,4.0,11.0,35.0,56.0,68.0,73.0
CONTROL__7161__2025071708,7161,2025-07-17 08:00:00,2025-07-17 05:00:00,2025-07-17 11:00:00,NORMAL,GROUP__7161__0025,CONTROL,487.0,790.0,1086.0,1189.0,1006.0,953.0,966.0
CONTROL__7161__2025032008,7161,2025-03-20 08:00:00,2025-03-20 05:00:00,2025-03-20 11:00:00,NORMAL,GROUP__7161__0025,CONTROL,93.0,157.0,123.0,117.0,148.0,162.0,148.0
CONTROL__7251__2025062700,7251,2025-06-27 00:00:00,2025-06-26 21:00:00,2025-06-27 03:00:00,NORMAL,GROUP__7251__0026,CONTROL,729.0,620.0,463.0,26.0,15.0,16.0,23.0
CONTROL__7251__2025011000,7251,2025-01-10 00:00:00,2025-01-09 21:00:00,2025-01-10 03:00:00,NORMAL,GROUP__7251__0026,CONTROL,38.0,37.0,27.0,0.0,0.0,0.0,0.0
CONTROL__53004__2025110703,53004,2025-11-07 03:00:00,2025-11-07 00:00:00,2025-11-07 06:00:00,NORMAL,GROUP__53004__0038,CONTROL,163.0,96.0,85.0,71.0,86.0,297.0,769.0
CONTROL__53004__2025101703,53004,2025-10-17 03:00:00,2025-10-17 00:00:00,2025-10-17 06:00:00,NORMAL,GROUP__53004__0038,CONTROL,91.0,42.0,32.0,40.0,164.0,589.0,1330.0
CONTROL__F3FWY005__2025071104,F3FWY005,2025-07-11 04:00:00,2025-07-11 01:00:00,2025-07-11 07:00:00,NORMAL,GROUP__F3FWY005__0005,CONTROL,0.0,0.0,0.0,0.0,0.0,0.0,0.0
CONTROL__F3FWY005__2025032104,F3FWY005,2025-03-21 04:00:00,2025-03-21 01:00:00,2025-03-21 07:00:00,NORMAL,GROUP__F3FWY005__0005,CONTROL,0.0,0.0,0.0,0.0,0.0,0.0,0.0
CONTROL__74230__2025050905,74230,2025-05-09 05:00:00,2025-05-09 02:00:00,2025-05-09 08:00:00,NORMAL,GROUP__74230__0018,CONTROL,9.0,16.0,41.0,137.0,226.0,268.0,270.0
CONTROL__74230__2025112105,74230,2025-11-21 05:00:00,2025-11-21 02:00:00,2025-11-21 08:00:00,NORMAL,GROUP__74230__0018,CONTROL,0.0,0.0,0.0,0.0,0.0,0.0,0.0
CONTROL__7120__2025010306,7120,2025-01-03 06:00:00,2025-01-03 03:00:00,2025-01-03 09:00:00,NORMAL,GROUP__7120__0049,CONTROL,14.0,25.0,33.0,53.0,79.0,66.0,49.0
CONTROL__7120__2025012406,7120,2025-01-24 06:00:00,2025-01-24 03:00:00,2025-01-24 09:00:00,NORMAL,GROUP__7120__0049,CONTROL,92.0,172.0,579.0,747.0,747.0,663.0,712.0
CONTROL__7121__2025110706,7121,2025-11-07 06:00:00,2025-11-07 03:00:00,2025-11-07 09:00:00,NORMAL,GROUP__7121__0049,CONTROL,0.0,0.0,0.0,0.0,0.0,0.0,0.0
CONTROL__7121__2025051606,7121,2025-05-16 06:00:00,2025-05-16 03:00:00,2025-05-16 09:00:00,NORMAL,GROUP__7121__0049,CONTROL,6.0,6.0,17.0,20.0,27.0,29.0,26.0
CONTROL__74228__2025071807,74228,2025-07-18 07:00:00,2025-07-18 04:00:00,2025-07-18 10:00:00,NORMAL,GROUP__74228__0008,CONTROL,10.0,28.0,89.0,119.0,109.0,132.0,150.0
CONTROL__74228__2025042507,74228,2025-04-25 07:00:00,2025-04-25 04:00:00,2025-04-25 10:00:00,NORMAL,GROUP__74228__0008,CONTROL,33.0,74.0,176.0,328.0,384.0,617.0,850.0
CONTROL__F3FWY003__2025112903,F3FWY003,2025-11-29 03:00:00,2025-11-29 00:00:00,2025-11-29 06:00:00,NORMAL,GROUP__F3FWY003__0038,CONTROL,113.0,80.0,65.0,75.0,121.0,206.0,373.0
CONTROL__F3FWY003__2025032903,F3FWY003,2025-03-29 03:00:00,2025-03-29 00:00:00,2025-03-29 06:00:00,NORMAL,GROUP__F3FWY003__0038,CONTROL,0.0,0.0,0.0,0.0,0.0,0.0,0.0
CONTROL__23067__2025090603,23067,2025-09-06 03:00:00,2025-09-06 00:00:00,2025-09-06 06:00:00,NORMAL,GROUP__23067__0033,CONTROL,189.0,88.0,109.0,237.0,412.0,781.0,1113.0
CONTROL__23067__2025092003,23067,2025-09-20 03:00:00,2025-09-20 00:00:00,2025-09-20 06:00:00,NORMAL,GROUP__23067__0033,CONTROL,194.0,93.0,96.0,231.0,409.0,767.0,1119.0
CONTROL__23067__2025012503,23067,2025-01-25 03:00:00,2025-01-25 00:00:00,2025-01-25 06:00:00,NORMAL,GROUP__23067__0033,CONTROL,15.0,15.0,22.0,28.0,34.0,79.0,74.0
CONTROL__23067__2025110103,23067,2025-11-01 03:00:00,2025-11-01 00:00:00,2025-11-01 06:00:00,NORMAL,GROUP__23067__0033,CONTROL,16.0,23.0,24.0,34.0,42.0,69.0,75.0
CONTROL__100001__2025011113,100001,2025-01-11 13:00:00,2025-01-11 10:00:00,2025-01-11 16:00:00,NORMAL,GROUP__100001__0003,CONTROL,0.0,0.0,0.0,0.0,0.0,0.0,0.0
CONTROL__100001__2025062813,100001,2025-06-28 13:00:00,2025-06-28 10:00:00,2025-06-28 16:00:00,NORMAL,GROUP__100001__0003,CONTROL,978.0,1039.0,1069.0,1038.0,1154.0,1108.0,1134.0
CONTROL__47024__2025030203,47024,2025-03-02 03:00:00,2025-03-02 00:00:00,2025-03-02 06:00:00,NORMAL,GROUP__47024__0017,CONTROL,470.0,339.0,220.0,218.0,299.0,519.0,662.0
CONTROL__47024__2025061503,47024,2025-06-15 03:00:00,2025-06-15 00:00:00,2025-06-15 06:00:00,NORMAL,GROUP__47024__0017,CONTROL,14.0,12.0,7.0,7.0,17.0,26.0,60.0
CONTROL__50240__2025070607,50240,2025-07-06 07:00:00,2025-07-06 04:00:00,2025-07-06 10:00:00,NORMAL,GROUP__50240__0040,CONTROL,259.0,574.0,927.0,1005.0,1448.0,2215.0,2336.0
CONTROL__50240__2025052507,50240,2025-05-25 07:00:00,2025-05-25 04:00:00,2025-05-25 10:00:00,NORMAL,GROUP__50240__0040,CONTROL,23.0,23.0,55.0,76.0,74.0,101.0,98.0
CONTROL__50240__2025100519,50240,2025-10-05 19:00:00,2025-10-05 16:00:00,2025-10-05 22:00:00,NORMAL,GROUP__50240__0041,CONTROL,1930.0,1959.0,1776.0,1479.0,1271.0,1276.0,1416.0
CONTROL__50240__2025030219,50240,2025-03-02 19:00:00,2025-03-02 16:00:00,2025-03-02 22:00:00,NORMAL,GROUP__50240__0041,CONTROL,117.0,92.0,85.0,65.0,84.0,74.0,58.0
CONTROL__7120__2025091421,7120,2025-09-14 21:00:00,2025-09-14 18:00:00,2025-09-15 00:00:00,NORMAL,GROUP__7120__0050,CONTROL,665.0,567.0,556.0,453.0,314.0,212.0,97.0
CONTROL__7120__2025010521,7120,2025-01-05 21:00:00,2025-01-05 18:00:00,2025-01-06 00:00:00,NORMAL,GROUP__7120__0050,CONTROL,23.0,26.0,12.0,19.0,10.0,14.0,122.0
CONTROL__7121__2025032321,7121,2025-03-23 21:00:00,2025-03-23 18:00:00,2025-03-24 00:00:00,NORMAL,GROUP__7121__0050,CONTROL,22.0,14.0,11.0,11.0,7.0,9.0,52.0
CONTROL__7121__2025020921,7121,2025-02-09 21:00:00,2025-02-09 18:00:00,2025-02-10 00:00:00,NORMAL,GROUP__7121__0050,CONTROL,0.0,0.0,0.0,0.0,0.0,0.0,0.0
CONTROL__74230__2025020922,74230,2025-02-09 22:00:00,2025-02-09 19:00:00,2025-02-10 01:00:00,NORMAL,GROUP__74230__0019,CONTROL,0.0,0.0,0.0,0.0,0.0,0.0,0.0
CONTROL__74230__2025033022,74230,2025-03-30 22:00:00,2025-03-30 19:00:00,2025-03-31 01:00:00,NORMAL,GROUP__74230__0019,CONTROL,51.0,90.0,4.0,5.0,2.0,9.0,3.0
CONTROL__F3FWY002__2025062300,F3FWY002,2025-06-23 00:00:00,2025-06-22 21:00:00,2025-06-23 03:00:00,NORMAL,GROUP__F3FWY002__0009,CONTROL,149.0,122.0,124.0,80.0,61.0,84.0,146.0
CONTROL__F3FWY002__2025021700,F3FWY002,2025-02-17 00:00:00,2025-02-16 21:00:00,2025-02-17 03:00:00,NORMAL,GROUP__F3FWY002__0009,CONTROL,0.0,0.0,0.0,0.0,0.0,0.0,0.0
CONTROL__F3FWY002__2025061600,F3FWY002,2025-06-16 00:00:00,2025-06-15 21:00:00,2025-06-16 03:00:00,NORMAL,GROUP__F3FWY002__0009,CONTROL,147.0,122.0,113.0,97.0,76.0,75.0,175.0
CONTROL__F3FWY002__2025040700,F3FWY002,2025-04-07 00:00:00,2025-04-06 21:00:00,2025-04-07 03:00:00,NORMAL,GROUP__F3FWY002__0009,CONTROL,152.0,159.0,99.0,86.0,68.0,85.0,144.0
CONTROL__7163__2025100600,7163,2025-10-06 00:00:00,2025-10-05 21:00:00,2025-10-06 03:00:00,NORMAL,GROUP__7163__0037,CONTROL,25.0,35.0,23.0,138.0,107.0,91.0,69.0
CONTROL__7163__2025062300,7163,2025-06-23 00:00:00,2025-06-22 21:00:00,2025-06-23 03:00:00,NORMAL,GROUP__7163__0037,CONTROL,279.0,236.0,120.0,70.0,40.0,45.0,64.0
CONTROL__7184__2025070701,7184,2025-07-07 01:00:00,2025-07-06 22:00:00,2025-07-07 04:00:00,NORMAL,GROUP__7184__0030,CONTROL,476.0,236.0,19.0,21.0,22.0,28.0,55.0
CONTROL__7184__2025060201,7184,2025-06-02 01:00:00,2025-06-01 22:00:00,2025-06-02 04:00:00,NORMAL,GROUP__7184__0030,CONTROL,417.0,231.0,24.0,16.0,23.0,26.0,50.0
CONTROL__9658__2025020304,9658,2025-02-03 04:00:00,2025-02-03 01:00:00,2025-02-03 07:00:00,NORMAL,GROUP__9658__0029,CONTROL,0.0,0.0,0.0,0.0,0.0,0.0,0.0
CONTROL__9658__2025062304,9658,2025-06-23 04:00:00,2025-06-23 01:00:00,2025-06-23 07:00:00,NORMAL,GROUP__9658__0029,CONTROL,67.0,40.0,78.0,186.0,509.0,887.0,1021.0
CONTROL__7179__2025071506,7179,2025-07-15 06:00:00,2025-07-15 03:00:00,2025-07-15 09:00:00,NORMAL,GROUP__7179__0079,CONTROL,194.0,385.0,867.0,1321.0,1384.0,1456.0,1495.0
CONTROL__7179__2025092306,7179,2025-09-23 06:00:00,2025-09-23 03:00:00,2025-09-23 09:00:00,NORMAL,GROUP__7179__0079,CONTROL,63.0,115.0,227.0,333.0,297.0,302.0,378.0
CONTROL__7251__2025111111,7251,2025-11-11 11:00:00,2025-11-11 08:00:00,2025-11-11 14:00:00,NORMAL,GROUP__7251__0027,CONTROL,126.0,154.0,158.0,145.0,189.0,172.0,199.0
CONTROL__7251__2025090911,7251,2025-09-09 11:00:00,2025-09-09 08:00:00,2025-09-09 14:00:00,NORMAL,GROUP__7251__0027,CONTROL,115.0,136.0,173.0,183.0,181.0,152.0,183.0
CONTROL__9658__2025072920,9658,2025-07-29 20:00:00,2025-07-29 17:00:00,2025-07-29 23:00:00,NORMAL,GROUP__9658__0030,CONTROL,118.0,108.0,74.0,50.0,36.0,29.0,33.0
CONTROL__9658__2025052020,9658,2025-05-20 20:00:00,2025-05-20 17:00:00,2025-05-20 23:00:00,NORMAL,GROUP__9658__0030,CONTROL,110.0,87.0,68.0,50.0,46.0,36.0,38.0
CONTROL__9658__2025030420,9658,2025-03-04 20:00:00,2025-03-04 17:00:00,2025-03-04 23:00:00,NORMAL,GROUP__9658__0030,CONTROL,1082.0,993.0,847.0,707.0,580.0,485.0,274.0
CONTROL__9658__2025040820,9658,2025-04-08 20:00:00,2025-04-08 17:00:00,2025-04-08 23:00:00,NORMAL,GROUP__9658__0030,CONTROL,144.0,89.0,73.0,46.0,36.0,38.0,35.0
CONTROL__7251__2025081923,7251,2025-08-19 23:00:00,2025-08-19 20:00:00,2025-08-20 02:00:00,NORMAL,GROUP__7251__0028,CONTROL,609.0,647.0,602.0,415.0,15.0,20.0,31.0
CONTROL__7251__2025061023,7251,2025-06-10 23:00:00,2025-06-10 20:00:00,2025-06-11 02:00:00,NORMAL,GROUP__7251__0028,CONTROL,663.0,665.0,567.0,399.0,259.0,146.0,110.0
CONTROL__53004__2025010803,53004,2025-01-08 03:00:00,2025-01-08 00:00:00,2025-01-08 06:00:00,NORMAL,GROUP__53004__0039,CONTROL,0.0,0.0,0.0,0.0,1.0,2.0,39.0
CONTROL__53004__2025101503,53004,2025-10-15 03:00:00,2025-10-15 00:00:00,2025-10-15 06:00:00,NORMAL,GROUP__53004__0039,CONTROL,132.0,56.0,40.0,42.0,96.0,276.0,824.0
CONTROL__7119-PR__2025073005,7119-PR,2025-07-30 05:00:00,2025-07-30 02:00:00,2025-07-30 08:00:00,NORMAL,GROUP__7119-PR__0013,CONTROL,3.0,4.0,15.0,45.0,87.0,92.0,93.0
CONTROL__7119-PR__2025072305,7119-PR,2025-07-23 05:00:00,2025-07-23 02:00:00,2025-07-23 08:00:00,NORMAL,GROUP__7119-PR__0013,CONTROL,55.0,50.0,90.0,227.0,687.0,667.0,766.0
CONTROL__7179__2025080606,7179,2025-08-06 06:00:00,2025-08-06 03:00:00,2025-08-06 09:00:00,NORMAL,GROUP__7179__0080,CONTROL,12.0,328.0,890.0,1253.0,1337.0,1454.0,1441.0
CONTROL__7179__2025062506,7179,2025-06-25 06:00:00,2025-06-25 03:00:00,2025-06-25 09:00:00,NORMAL,GROUP__7179__0080,CONTROL,219.0,429.0,898.0,1274.0,1613.0,1653.0,1464.0
CONTROL__33014__2025092422,33014,2025-09-24 22:00:00,2025-09-24 19:00:00,2025-09-25 01:00:00,NORMAL,GROUP__33014__0042,CONTROL,0.0,0.0,0.0,0.0,0.0,0.0,0.0
CONTROL__33014__2025082022,33014,2025-08-20 22:00:00,2025-08-20 19:00:00,2025-08-21 01:00:00,NORMAL,GROUP__33014__0042,CONTROL,0.0,0.0,0.0,0.0,0.0,0.0,0.0
CONTROL__34016__2025101601,34016,2025-10-16 01:00:00,2025-10-15 22:00:00,2025-10-16 04:00:00,NORMAL,GROUP__34016__0008,CONTROL,56.0,24.0,15.0,14.0,16.0,27.0,139.0
CONTROL__34016__2025090401,34016,2025-09-04 01:00:00,2025-09-03 22:00:00,2025-09-04 04:00:00,NORMAL,GROUP__34016__0008,CONTROL,237.0,124.0,26.0,12.0,7.0,17.0,32.0
CONTROL__7248__2025112707,7248,2025-11-27 07:00:00,2025-11-27 04:00:00,2025-11-27 10:00:00,NORMAL,GROUP__7248__0036,CONTROL,400.0,1109.0,1310.0,1347.0,1247.0,1004.0,987.0
CONTROL__7248__2025052907,7248,2025-05-29 07:00:00,2025-05-29 04:00:00,2025-05-29 10:00:00,NORMAL,GROUP__7248__0036,CONTROL,122.0,236.0,242.0,204.0,177.0,214.0,233.0
CONTROL__32029__2025103011,32029,2025-10-30 11:00:00,2025-10-30 08:00:00,2025-10-30 14:00:00,NORMAL,GROUP__32029__0006,CONTROL,0.0,0.0,0.0,0.0,0.0,0.0,0.0
CONTROL__32029__2025101611,32029,2025-10-16 11:00:00,2025-10-16 08:00:00,2025-10-16 14:00:00,NORMAL,GROUP__32029__0006,CONTROL,0.0,0.0,0.0,0.0,0.0,0.0,0.0
CONTROL__32029__2025112711,32029,2025-11-27 11:00:00,2025-11-27 08:00:00,2025-11-27 14:00:00,NORMAL,GROUP__32029__0006,CONTROL,0.0,0.0,0.0,0.0,0.0,0.0,0.0
CONTROL__32029__2025041011,32029,2025-04-10 11:00:00,2025-04-10 08:00:00,2025-04-10 14:00:00,NORMAL,GROUP__32029__0006,CONTROL,0.0,0.0,0.0,0.0,0.0,0.0,0.0
CONTROL__7275__2025042419,7275,2025-04-24 19:00:00,2025-04-24 16:00:00,2025-04-24 22:00:00,NORMAL,GROUP__7275__0005,CONTROL,686.0,745.0,628.0,499.0,377.0,400.0,306.0
CONTROL__7275__2025101619,7275,2025-10-16 19:00:00,2025-10-16 16:00:00,2025-10-16 22:00:00,NORMAL,GROUP__7275__0005,CONTROL,116.0,83.0,70.0,42.0,34.0,21.0,21.0
CONTROL__7275__2025092519,7275,2025-09-25 19:00:00,2025-09-25 16:00:00,2025-09-25 22:00:00,NORMAL,GROUP__7275__0005,CONTROL,56.0,35.0,34.0,39.0,28.0,16.0,15.0
CONTROL__7275__2025112719,7275,2025-11-27 19:00:00,2025-11-27 16:00:00,2025-11-27 22:00:00,NORMAL,GROUP__7275__0005,CONTROL,46.0,56.0,37.0,47.0,22.0,28.0,22.0
CONTROL__34016__2025062004,34016,2025-06-20 04:00:00,2025-06-20 01:00:00,2025-06-20 07:00:00,NORMAL,GROUP__34016__0009,CONTROL,60.0,48.0,60.0,156.0,541.0,1191.0,1285.0
CONTROL__34016__2025051604,34016,2025-05-16 04:00:00,2025-05-16 01:00:00,2025-05-16 07:00:00,NORMAL,GROUP__34016__0009,CONTROL,1.0,0.0,0.0,1.0,3.0,4.0,3.0
CONTROL__7179__2025071106,7179,2025-07-11 06:00:00,2025-07-11 03:00:00,2025-07-11 09:00:00,NORMAL,GROUP__7179__0081,CONTROL,231.0,420.0,856.0,1287.0,1543.0,1589.0,1495.0
CONTROL__7179__2025040406,7179,2025-04-04 06:00:00,2025-04-04 03:00:00,2025-04-04 09:00:00,NORMAL,GROUP__7179__0081,CONTROL,224.0,427.0,818.0,1200.0,1515.0,1590.0,1265.0
CONTROL__7159__2025061401,7159,2025-06-14 01:00:00,2025-06-13 22:00:00,2025-06-14 04:00:00,NORMAL,GROUP__7159__0010,CONTROL,739.0,457.0,331.0,199.0,135.0,112.0,151.0
CONTROL__7159__2025080201,7159,2025-08-02 01:00:00,2025-08-01 22:00:00,2025-08-02 04:00:00,NORMAL,GROUP__7159__0010,CONTROL,42.0,22.0,334.0,170.0,122.0,135.0,144.0
CONTROL__50240__2025040504,50240,2025-04-05 04:00:00,2025-04-05 01:00:00,2025-04-05 07:00:00,NORMAL,GROUP__50240__0042,CONTROL,36.0,15.0,31.0,42.0,71.0,177.0,176.0
CONTROL__50240__2025080904,50240,2025-08-09 04:00:00,2025-08-09 01:00:00,2025-08-09 07:00:00,NORMAL,GROUP__50240__0042,CONTROL,33.0,25.0,19.0,32.0,67.0,139.0,141.0
CONTROL__72027__2025031604,72027,2025-03-16 04:00:00,2025-03-16 01:00:00,2025-03-16 07:00:00,NORMAL,GROUP__72027__0004,CONTROL,0.0,0.0,0.0,40.0,101.0,235.0,371.0
CONTROL__72027__2025092104,72027,2025-09-21 04:00:00,2025-09-21 01:00:00,2025-09-21 07:00:00,NORMAL,GROUP__72027__0004,CONTROL,4.0,2.0,3.0,2.0,3.0,6.0,30.0
CONTROL__51235__2025030916,51235,2025-03-09 16:00:00,2025-03-09 13:00:00,2025-03-09 19:00:00,NORMAL,GROUP__51235__0041,CONTROL,70.0,68.0,0.0,0.0,0.0,0.0,0.0
CONTROL__51235__2025111616,51235,2025-11-16 16:00:00,2025-11-16 13:00:00,2025-11-16 19:00:00,NORMAL,GROUP__51235__0041,CONTROL,1726.0,1723.0,1763.0,1606.0,1567.0,1367.0,1168.0
CONTROL__F3FWY005__2025072106,F3FWY005,2025-07-21 06:00:00,2025-07-21 03:00:00,2025-07-21 09:00:00,NORMAL,GROUP__F3FWY005__0006,CONTROL,5.0,40.0,223.0,316.0,172.0,108.0,79.0
CONTROL__F3FWY005__2025060206,F3FWY005,2025-06-02 06:00:00,2025-06-02 03:00:00,2025-06-02 09:00:00,NORMAL,GROUP__F3FWY005__0006,CONTROL,128.0,287.0,769.0,797.0,567.0,499.0,516.0
CONTROL__9827__2025090900,9827,2025-09-09 00:00:00,2025-09-08 21:00:00,2025-09-09 03:00:00,NORMAL,GROUP__9827__0004,CONTROL,274.0,141.0,55.0,6.0,11.0,9.0,7.0
CONTROL__9827__2025081200,9827,2025-08-12 00:00:00,2025-08-11 21:00:00,2025-08-12 03:00:00,NORMAL,GROUP__9827__0004,CONTROL,30.0,19.0,16.0,28.0,24.0,19.0,26.0
CONTROL__7126__2025040103,7126,2025-04-01 03:00:00,2025-04-01 00:00:00,2025-04-01 06:00:00,NORMAL,GROUP__7126__0016,CONTROL,0.0,0.0,0.0,0.0,0.0,0.0,0.0
CONTROL__7126__2025090903,7126,2025-09-09 03:00:00,2025-09-09 00:00:00,2025-09-09 06:00:00,NORMAL,GROUP__7126__0016,CONTROL,4.0,1.0,4.0,5.0,12.0,42.0,65.0
CONTROL__7270__2025111104,7270,2025-11-11 04:00:00,2025-11-11 01:00:00,2025-11-11 07:00:00,NORMAL,GROUP__7270__0019,CONTROL,106.0,87.0,134.0,347.0,1245.0,1874.0,1493.0
CONTROL__7270__2025120204,7270,2025-12-02 04:00:00,2025-12-02 01:00:00,2025-12-02 07:00:00,NORMAL,GROUP__7270__0019,CONTROL,36.0,40.0,64.0,111.0,252.0,323.0,230.0
CONTROL__7120__2025081906,7120,2025-08-19 06:00:00,2025-08-19 03:00:00,2025-08-19 09:00:00,NORMAL,GROUP__7120__0051,CONTROL,13.0,29.0,53.0,127.0,94.0,61.0,90.0
CONTROL__7120__2025102806,7120,2025-10-28 06:00:00,2025-10-28 03:00:00,2025-10-28 09:00:00,NORMAL,GROUP__7120__0051,CONTROL,0.0,0.0,0.0,0.0,0.0,0.0,0.0
CONTROL__7121__2025082606,7121,2025-08-26 06:00:00,2025-08-26 03:00:00,2025-08-26 09:00:00,NORMAL,GROUP__7121__0051,CONTROL,7.0,4.0,7.0,25.0,37.0,34.0,56.0
CONTROL__7121__2025081206,7121,2025-08-12 06:00:00,2025-08-12 03:00:00,2025-08-12 09:00:00,NORMAL,GROUP__7121__0051,CONTROL,138.0,83.0,94.0,170.0,391.0,441.0,349.0
CONTROL__7251__2025111904,7251,2025-11-19 04:00:00,2025-11-19 01:00:00,2025-11-19 07:00:00,NORMAL,GROUP__7251__0029,CONTROL,15.0,28.0,24.0,23.0,69.0,102.0,146.0
CONTROL__7251__2025042304,7251,2025-04-23 04:00:00,2025-04-23 01:00:00,2025-04-23 07:00:00,NORMAL,GROUP__7251__0029,CONTROL,15.0,12.0,8.0,33.0,48.0,82.0,134.0
CONTROL__7163__2025011506,7163,2025-01-15 06:00:00,2025-01-15 03:00:00,2025-01-15 09:00:00,NORMAL,GROUP__7163__0038,CONTROL,10.0,15.0,47.0,93.0,104.0,113.0,82.0
CONTROL__7163__2025110506,7163,2025-11-05 06:00:00,2025-11-05 03:00:00,2025-11-05 09:00:00,NORMAL,GROUP__7163__0038,CONTROL,19.0,26.0,40.0,120.0,110.0,100.0,111.0
CONTROL__7161__2025091806,7161,2025-09-18 06:00:00,2025-09-18 03:00:00,2025-09-18 09:00:00,NORMAL,GROUP__7161__0026,CONTROL,17.0,36.0,106.0,155.0,145.0,154.0,155.0
CONTROL__7161__2025111306,7161,2025-11-13 06:00:00,2025-11-13 03:00:00,2025-11-13 09:00:00,NORMAL,GROUP__7161__0026,CONTROL,18.0,42.0,98.0,161.0,132.0,134.0,140.0
CONTROL__7120__2025100213,7120,2025-10-02 13:00:00,2025-10-02 10:00:00,2025-10-02 16:00:00,NORMAL,GROUP__7120__0052,CONTROL,697.0,708.0,646.0,617.0,584.0,603.0,648.0
CONTROL__7120__2025073113,7120,2025-07-31 13:00:00,2025-07-31 10:00:00,2025-07-31 16:00:00,NORMAL,GROUP__7120__0052,CONTROL,683.0,699.0,603.0,644.0,589.0,645.0,661.0
CONTROL__7121__2025062613,7121,2025-06-26 13:00:00,2025-06-26 10:00:00,2025-06-26 16:00:00,NORMAL,GROUP__7121__0052,CONTROL,415.0,452.0,416.0,454.0,496.0,632.0,554.0
CONTROL__7121__2025070313,7121,2025-07-03 13:00:00,2025-07-03 10:00:00,2025-07-03 16:00:00,NORMAL,GROUP__7121__0052,CONTROL,422.0,390.0,390.0,432.0,447.0,556.0,549.0
CONTROL__F3FWY002__2025101617,F3FWY002,2025-10-16 17:00:00,2025-10-16 14:00:00,2025-10-16 20:00:00,NORMAL,GROUP__F3FWY002__0010,CONTROL,699.0,764.0,596.0,512.0,424.0,337.0,295.0
CONTROL__F3FWY002__2025111317,F3FWY002,2025-11-13 17:00:00,2025-11-13 14:00:00,2025-11-13 20:00:00,NORMAL,GROUP__F3FWY002__0010,CONTROL,677.0,738.0,630.0,482.0,463.0,338.0,284.0
CONTROL__22001__2025022719,22001,2025-02-27 19:00:00,2025-02-27 16:00:00,2025-02-27 22:00:00,NORMAL,GROUP__22001__0013,CONTROL,0.0,0.0,0.0,0.0,0.0,0.0,0.0
CONTROL__22001__2025091119,22001,2025-09-11 19:00:00,2025-09-11 16:00:00,2025-09-11 22:00:00,NORMAL,GROUP__22001__0013,CONTROL,0.0,0.0,0.0,0.0,0.0,0.0,0.0
CONTROL__7126__2025041112,7126,2025-04-11 12:00:00,2025-04-11 09:00:00,2025-04-11 15:00:00,NORMAL,GROUP__7126__0017,CONTROL,0.0,0.0,0.0,0.0,0.0,0.0,0.0
CONTROL__7126__2025091912,7126,2025-09-19 12:00:00,2025-09-19 09:00:00,2025-09-19 15:00:00,NORMAL,GROUP__7126__0017,CONTROL,564.0,650.0,690.0,657.0,730.0,670.0,677.0
CONTROL__53004__2025021501,53004,2025-02-15 01:00:00,2025-02-14 22:00:00,2025-02-15 04:00:00,NORMAL,GROUP__53004__0040,CONTROL,0.0,0.0,0.0,0.0,0.0,0.0,0.0
CONTROL__53004__2025090601,53004,2025-09-06 01:00:00,2025-09-05 22:00:00,2025-09-06 04:00:00,NORMAL,GROUP__53004__0040,CONTROL,24.0,24.0,5.0,4.0,12.0,10.0,12.0
CONTROL__53004__2025053101,53004,2025-05-31 01:00:00,2025-05-30 22:00:00,2025-05-31 04:00:00,NORMAL,GROUP__53004__0040,CONTROL,20.0,12.0,7.0,7.0,6.0,7.0,15.0
CONTROL__53004__2025020101,53004,2025-02-01 01:00:00,2025-01-31 22:00:00,2025-02-01 04:00:00,NORMAL,GROUP__53004__0040,CONTROL,0.0,0.0,0.0,0.0,0.0,0.0,0.0
CONTROL__10011__2025051702,10011,2025-05-17 02:00:00,2025-05-16 23:00:00,2025-05-17 05:00:00,NORMAL,GROUP__10011__0033,CONTROL,0.0,0.0,0.0,0.0,0.0,0.0,0.0
CONTROL__10011__2025112902,10011,2025-11-29 02:00:00,2025-11-28 23:00:00,2025-11-29 05:00:00,NORMAL,GROUP__10011__0033,CONTROL,0.0,0.0,0.0,0.0,0.0,0.0,0.0
CONTROL__7139__2025081602,7139,2025-08-16 02:00:00,2025-08-15 23:00:00,2025-08-16 05:00:00,NORMAL,GROUP__7139__0033,CONTROL,40.0,624.0,420.0,332.0,217.0,207.0,338.0
CONTROL__7139__2025031502,7139,2025-03-15 02:00:00,2025-03-14 23:00:00,2025-03-15 05:00:00,NORMAL,GROUP__7139__0033,CONTROL,440.0,708.0,411.0,302.0,166.0,162.0,395.0
CONTROL__F3FWY006__2025110105,F3FWY006,2025-11-01 05:00:00,2025-11-01 02:00:00,2025-11-01 08:00:00,NORMAL,GROUP__F3FWY006__0005,CONTROL,49.0,27.0,39.0,95.0,118.0,207.0,224.0
CONTROL__F3FWY006__2025080905,F3FWY006,2025-08-09 05:00:00,2025-08-09 02:00:00,2025-08-09 08:00:00,NORMAL,GROUP__F3FWY006__0005,CONTROL,41.0,85.0,87.0,119.0,162.0,177.0,135.0
CONTROL__7251__2025030904,7251,2025-03-09 04:00:00,2025-03-09 01:00:00,2025-03-09 07:00:00,NORMAL,GROUP__7251__0030,CONTROL,0.0,0.0,0.0,0.0,0.0,0.0,0.0
CONTROL__7251__2025041304,7251,2025-04-13 04:00:00,2025-04-13 01:00:00,2025-04-13 07:00:00,NORMAL,GROUP__7251__0030,CONTROL,484.0,418.0,303.0,229.0,174.0,200.0,359.0
CONTROL__7248__2025092105,7248,2025-09-21 05:00:00,2025-09-21 02:00:00,2025-09-21 08:00:00,NORMAL,GROUP__7248__0037,CONTROL,29.0,30.0,32.0,39.0,51.0,59.0,59.0
CONTROL__7248__2025121405,7248,2025-12-14 05:00:00,2025-12-14 02:00:00,2025-12-14 08:00:00,NORMAL,GROUP__7248__0037,CONTROL,142.0,113.0,130.0,277.0,397.0,518.0,704.0
CONTROL__7248__2025122105,7248,2025-12-21 05:00:00,2025-12-21 02:00:00,2025-12-21 08:00:00,NORMAL,GROUP__7248__0037,CONTROL,25.0,47.0,27.0,44.0,55.0,55.0,71.0
CONTROL__7248__2025100505,7248,2025-10-05 05:00:00,2025-10-05 02:00:00,2025-10-05 08:00:00,NORMAL,GROUP__7248__0037,CONTROL,0.0,29.0,27.0,26.0,45.0,54.0,64.0
CONTROL__F3FWY001__2025081017,F3FWY001,2025-08-10 17:00:00,2025-08-10 14:00:00,2025-08-10 20:00:00,NORMAL,GROUP__F3FWY001__0009,CONTROL,2863.0,2952.0,2861.0,2292.0,1783.0,1361.0,1014.0
CONTROL__F3FWY001__2025081717,F3FWY001,2025-08-17 17:00:00,2025-08-17 14:00:00,2025-08-17 20:00:00,NORMAL,GROUP__F3FWY001__0009,CONTROL,317.0,341.0,287.0,270.0,244.0,211.0,153.0
CONTROL__F3FWY003__2025122123,F3FWY003,2025-12-21 23:00:00,2025-12-21 20:00:00,2025-12-22 02:00:00,NORMAL,GROUP__F3FWY003__0039,CONTROL,155.0,122.0,102.0,130.0,88.0,64.0,93.0
CONTROL__F3FWY003__2025092823,F3FWY003,2025-09-28 23:00:00,2025-09-28 20:00:00,2025-09-29 02:00:00,NORMAL,GROUP__F3FWY003__0039,CONTROL,893.0,676.0,466.0,275.0,76.0,70.0,78.0
CONTROL__23067__2025072104,23067,2025-07-21 04:00:00,2025-07-21 01:00:00,2025-07-21 07:00:00,NORMAL,GROUP__23067__0034,CONTROL,12.0,18.0,25.0,41.0,50.0,73.0,91.0
CONTROL__23067__2025090804,23067,2025-09-08 04:00:00,2025-09-08 01:00:00,2025-09-08 07:00:00,NORMAL,GROUP__23067__0034,CONTROL,62.0,85.0,234.0,394.0,751.0,1165.0,1567.0
CONTROL__33014__2025120105,33014,2025-12-01 05:00:00,2025-12-01 02:00:00,2025-12-01 08:00:00,NORMAL,GROUP__33014__0043,CONTROL,0.0,0.0,0.0,0.0,0.0,0.0,0.0
CONTROL__33014__2025111705,33014,2025-11-17 05:00:00,2025-11-17 02:00:00,2025-11-17 08:00:00,NORMAL,GROUP__33014__0043,CONTROL,0.0,0.0,0.0,0.0,0.0,0.0,0.0
CONTROL__68025__2025112421,68025,2025-11-24 21:00:00,2025-11-24 18:00:00,2025-11-25 00:00:00,NORMAL,GROUP__68025__0041,CONTROL,747.0,625.0,505.0,464.0,278.0,161.0,5.0
CONTROL__68025__2025050521,68025,2025-05-05 21:00:00,2025-05-05 18:00:00,2025-05-06 00:00:00,NORMAL,GROUP__68025__0041,CONTROL,34.0,22.0,15.0,13.0,5.0,10.0,129.0
CONTROL__7248__2025070101,7248,2025-07-01 01:00:00,2025-06-30 22:00:00,2025-07-01 04:00:00,NORMAL,GROUP__7248__0038,CONTROL,314.0,181.0,49.0,45.0,53.0,77.0,117.0
CONTROL__7248__2025072901,7248,2025-07-29 01:00:00,2025-07-28 22:00:00,2025-07-29 04:00:00,NORMAL,GROUP__7248__0038,CONTROL,0.0,0.0,38.0,56.0,43.0,67.0,126.0
CONTROL__7132__2025071509,7132,2025-07-15 09:00:00,2025-07-15 06:00:00,2025-07-15 12:00:00,NORMAL,GROUP__7132__0023,CONTROL,2051.0,2080.0,1916.0,1315.0,1113.0,962.0,1052.0
CONTROL__7132__2025052009,7132,2025-05-20 09:00:00,2025-05-20 06:00:00,2025-05-20 12:00:00,NORMAL,GROUP__7132__0023,CONTROL,2136.0,2236.0,2034.0,1482.0,973.0,935.0,954.0
CONTROL__7132__2025121609,7132,2025-12-16 09:00:00,2025-12-16 06:00:00,2025-12-16 12:00:00,NORMAL,GROUP__7132__0023,CONTROL,1440.0,1472.0,1303.0,1098.0,1116.0,1092.0,1076.0
CONTROL__7132__2025012809,7132,2025-01-28 09:00:00,2025-01-28 06:00:00,2025-01-28 12:00:00,NORMAL,GROUP__7132__0023,CONTROL,1838.0,1949.0,1984.0,1204.0,909.0,964.0,838.0
CONTROL__7179__2025072210,7179,2025-07-22 10:00:00,2025-07-22 07:00:00,2025-07-22 13:00:00,NORMAL,GROUP__7179__0082,CONTROL,1439.0,1617.0,1465.0,1278.0,1309.0,1380.0,1550.0
CONTROL__7179__2025061010,7179,2025-06-10 10:00:00,2025-06-10 07:00:00,2025-06-10 13:00:00,NORMAL,GROUP__7179__0082,CONTROL,1739.0,1546.0,1528.0,1388.0,1367.0,1230.0,1256.0
CONTROL__74229__2025072221,74229,2025-07-22 21:00:00,2025-07-22 18:00:00,2025-07-23 00:00:00,NORMAL,GROUP__74229__0005,CONTROL,1211.0,730.0,581.0,554.0,360.0,158.0,4.0
CONTROL__74229__2025021121,74229,2025-02-11 21:00:00,2025-02-11 18:00:00,2025-02-12 00:00:00,NORMAL,GROUP__74229__0005,CONTROL,0.0,0.0,0.0,0.0,0.0,0.0,0.0
CONTROL__7120__2025090221,7120,2025-09-02 21:00:00,2025-09-02 18:00:00,2025-09-03 00:00:00,NORMAL,GROUP__7120__0053,CONTROL,653.0,553.0,439.0,447.0,342.0,217.0,7.0
CONTROL__7120__2025031121,7120,2025-03-11 21:00:00,2025-03-11 18:00:00,2025-03-12 00:00:00,NORMAL,GROUP__7120__0053,CONTROL,0.0,0.0,0.0,0.0,0.0,0.0,5.0
CONTROL__7121__2025050621,7121,2025-05-06 21:00:00,2025-05-06 18:00:00,2025-05-07 00:00:00,NORMAL,GROUP__7121__0053,CONTROL,486.0,347.0,247.0,235.0,149.0,82.0,1.0
CONTROL__7121__2025111121,7121,2025-11-11 21:00:00,2025-11-11 18:00:00,2025-11-12 00:00:00,NORMAL,GROUP__7121__0053,CONTROL,0.0,0.0,0.0,0.0,0.0,0.0,0.0
CONTROL__68025__2025102821,68025,2025-10-28 21:00:00,2025-10-28 18:00:00,2025-10-29 00:00:00,NORMAL,GROUP__68025__0042,CONTROL,33.0,23.0,21.0,26.0,15.0,5.0,128.0
CONTROL__68025__2025020421,68025,2025-02-04 21:00:00,2025-02-04 18:00:00,2025-02-05 00:00:00,NORMAL,GROUP__68025__0042,CONTROL,0.0,0.0,0.0,0.0,0.0,0.0,0.0
CONTROL__7112__2025041601,7112,2025-04-16 01:00:00,2025-04-15 22:00:00,2025-04-16 04:00:00,NORMAL,GROUP__7112__0054,CONTROL,453.0,217.0,148.0,96.0,52.0,85.0,217.0
CONTROL__7112__2025100101,7112,2025-10-01 01:00:00,2025-09-30 22:00:00,2025-10-01 04:00:00,NORMAL,GROUP__7112__0054,CONTROL,479.0,300.0,165.0,93.0,66.0,84.0,224.0
CONTROL__7248__2025071604,7248,2025-07-16 04:00:00,2025-07-16 01:00:00,2025-07-16 07:00:00,NORMAL,GROUP__7248__0039,CONTROL,38.0,58.0,85.0,121.0,250.0,314.0,238.0
CONTROL__7248__2025091704,7248,2025-09-17 04:00:00,2025-09-17 01:00:00,2025-09-17 07:00:00,NORMAL,GROUP__7248__0039,CONTROL,0.0,0.0,0.0,0.0,0.0,0.0,0.0
CONTROL__10011__2025061105,10011,2025-06-11 05:00:00,2025-06-11 02:00:00,2025-06-11 08:00:00,NORMAL,GROUP__10011__0034,CONTROL,0.0,0.0,0.0,0.0,0.0,0.0,0.0
CONTROL__10011__2025123105,10011,2025-12-31 05:00:00,2025-12-31 02:00:00,2025-12-31 08:00:00,NORMAL,GROUP__10011__0034,CONTROL,0.0,0.0,0.0,0.0,0.0,0.0,0.0
CONTROL__7139__2025012905,7139,2025-01-29 05:00:00,2025-01-29 02:00:00,2025-01-29 08:00:00,NORMAL,GROUP__7139__0034,CONTROL,0.0,0.0,18.0,44.0,158.0,190.0,212.0
CONTROL__7139__2025040905,7139,2025-04-09 05:00:00,2025-04-09 02:00:00,2025-04-09 08:00:00,NORMAL,GROUP__7139__0034,CONTROL,64.0,68.0,179.0,703.0,1688.0,2725.0,3038.0
CONTROL__T0342__2025110508,T0342,2025-11-05 08:00:00,2025-11-05 05:00:00,2025-11-05 11:00:00,NORMAL,GROUP__T0342__0002,CONTROL,55.0,177.0,315.0,233.0,144.0,121.0,93.0
CONTROL__T0342__2025011508,T0342,2025-01-15 08:00:00,2025-01-15 05:00:00,2025-01-15 11:00:00,NORMAL,GROUP__T0342__0002,CONTROL,9.0,25.0,15.0,16.0,18.0,11.0,14.0
CONTROL__T0342__2025091708,T0342,2025-09-17 08:00:00,2025-09-17 05:00:00,2025-09-17 11:00:00,NORMAL,GROUP__T0342__0002,CONTROL,22.0,67.0,143.0,159.0,111.0,120.0,155.0
CONTROL__T0342__2025072308,T0342,2025-07-23 08:00:00,2025-07-23 05:00:00,2025-07-23 11:00:00,NORMAL,GROUP__T0342__0002,CONTROL,0.0,0.0,0.0,0.0,0.0,0.0,0.0
CONTROL__7179__2025052813,7179,2025-05-28 13:00:00,2025-05-28 10:00:00,2025-05-28 16:00:00,NORMAL,GROUP__7179__0083,CONTROL,1411.0,1369.0,1492.0,1524.0,1845.0,1985.0,1804.0
CONTROL__7179__2025070913,7179,2025-07-09 13:00:00,2025-07-09 10:00:00,2025-07-09 16:00:00,NORMAL,GROUP__7179__0083,CONTROL,481.0,462.0,498.0,507.0,492.0,438.0,341.0
CONTROL__29005__2025090320,29005,2025-09-03 20:00:00,2025-09-03 17:00:00,2025-09-03 23:00:00,NORMAL,GROUP__29005__0022,CONTROL,309.0,231.0,134.0,107.0,81.0,63.0,51.0
CONTROL__29005__2025110520,29005,2025-11-05 20:00:00,2025-11-05 17:00:00,2025-11-05 23:00:00,NORMAL,GROUP__29005__0022,CONTROL,3540.0,3019.0,2105.0,1891.0,1700.0,0.0,0.0
CONTROL__7112__2025010823,7112,2025-01-08 23:00:00,2025-01-08 20:00:00,2025-01-09 02:00:00,NORMAL,GROUP__7112__0055,CONTROL,25.0,29.0,22.0,15.0,8.0,6.0,14.0
CONTROL__7112__2025091023,7112,2025-09-10 23:00:00,2025-09-10 20:00:00,2025-09-11 02:00:00,NORMAL,GROUP__7112__0055,CONTROL,50.0,33.0,22.0,24.0,17.0,7.0,14.0
CONTROL__7112__2025100823,7112,2025-10-08 23:00:00,2025-10-08 20:00:00,2025-10-09 02:00:00,NORMAL,GROUP__7112__0055,CONTROL,768.0,675.0,467.0,290.0,15.0,14.0,22.0
CONTROL__7112__2025012223,7112,2025-01-22 23:00:00,2025-01-22 20:00:00,2025-01-23 02:00:00,NORMAL,GROUP__7112__0055,CONTROL,0.0,0.0,0.0,0.0,6.0,6.0,7.0
CONTROL__10011__2025032000,10011,2025-03-20 00:00:00,2025-03-19 21:00:00,2025-03-20 03:00:00,NORMAL,GROUP__10011__0035,CONTROL,217.0,186.0,76.0,25.0,8.0,9.0,17.0
CONTROL__10011__2025041000,10011,2025-04-10 00:00:00,2025-04-09 21:00:00,2025-04-10 03:00:00,NORMAL,GROUP__10011__0035,CONTROL,0.0,0.0,0.0,0.0,0.0,0.0,0.0
CONTROL__7139__2025120400,7139,2025-12-04 00:00:00,2025-12-03 21:00:00,2025-12-04 03:00:00,NORMAL,GROUP__7139__0035,CONTROL,49.0,43.0,24.0,17.0,6.0,12.0,12.0
CONTROL__7139__2025112000,7139,2025-11-20 00:00:00,2025-11-19 21:00:00,2025-11-20 03:00:00,NORMAL,GROUP__7139__0035,CONTROL,1454.0,995.0,546.0,13.0,15.0,12.0,11.0
CONTROL__7270__2025112004,7270,2025-11-20 04:00:00,2025-11-20 01:00:00,2025-11-20 07:00:00,NORMAL,GROUP__7270__0020,CONTROL,109.0,80.0,142.0,342.0,1195.0,1667.0,849.0
CONTROL__7270__2025081404,7270,2025-08-14 04:00:00,2025-08-14 01:00:00,2025-08-14 07:00:00,NORMAL,GROUP__7270__0020,CONTROL,32.0,38.0,41.0,108.0,260.0,370.0,316.0
CONTROL__50240__2025082104,50240,2025-08-21 04:00:00,2025-08-21 01:00:00,2025-08-21 07:00:00,NORMAL,GROUP__50240__0043,CONTROL,29.0,33.0,43.0,61.0,166.0,250.0,219.0
CONTROL__50240__2025042404,50240,2025-04-24 04:00:00,2025-04-24 01:00:00,2025-04-24 07:00:00,NORMAL,GROUP__50240__0043,CONTROL,138.0,168.0,230.0,576.0,1741.0,2257.0,2203.0
CONTROL__50240__2025010204,50240,2025-01-02 04:00:00,2025-01-02 01:00:00,2025-01-02 07:00:00,NORMAL,GROUP__50240__0043,CONTROL,227.0,148.0,224.0,423.0,1036.0,1422.0,1450.0
CONTROL__50240__2025060504,50240,2025-06-05 04:00:00,2025-06-05 01:00:00,2025-06-05 07:00:00,NORMAL,GROUP__50240__0043,CONTROL,34.0,50.0,71.0,114.0,317.0,491.0,330.0
CONTROL__23067__2025072405,23067,2025-07-24 05:00:00,2025-07-24 02:00:00,2025-07-24 08:00:00,NORMAL,GROUP__23067__0035,CONTROL,31.0,40.0,48.0,46.0,90.0,100.0,90.0
CONTROL__23067__2025121805,23067,2025-12-18 05:00:00,2025-12-18 02:00:00,2025-12-18 08:00:00,NORMAL,GROUP__23067__0035,CONTROL,421.0,1055.0,1689.0,2224.0,2196.0,2093.0,1531.0
CONTROL__68025__2025111306,68025,2025-11-13 06:00:00,2025-11-13 03:00:00,2025-11-13 09:00:00,NORMAL,GROUP__68025__0043,CONTROL,65.0,152.0,467.0,1032.0,1315.0,1486.0,1210.0
CONTROL__68025__2025011606,68025,2025-01-16 06:00:00,2025-01-16 03:00:00,2025-01-16 09:00:00,NORMAL,GROUP__68025__0043,CONTROL,49.0,126.0,449.0,936.0,1222.0,1282.0,1179.0
CONTROL__7179__2025092508,7179,2025-09-25 08:00:00,2025-09-25 05:00:00,2025-09-25 11:00:00,NORMAL,GROUP__7179__0084,CONTROL,230.0,342.0,361.0,357.0,436.0,520.0,514.0
CONTROL__7179__2025102308,7179,2025-10-23 08:00:00,2025-10-23 05:00:00,2025-10-23 11:00:00,NORMAL,GROUP__7179__0084,CONTROL,962.0,1268.0,1490.0,1551.0,1430.0,1408.0,1310.0
CONTROL__53003__2025091110,53003,2025-09-11 10:00:00,2025-09-11 07:00:00,2025-09-11 13:00:00,NORMAL,GROUP__53003__0014,CONTROL,115.0,134.0,173.0,210.0,205.0,205.0,240.0
CONTROL__53003__2025073110,53003,2025-07-31 10:00:00,2025-07-31 07:00:00,2025-07-31 13:00:00,NORMAL,GROUP__53003__0014,CONTROL,2760.0,2224.0,1666.0,1503.0,1382.0,1357.0,1399.0
CONTROL__7112__2025041718,7112,2025-04-17 18:00:00,2025-04-17 15:00:00,2025-04-17 21:00:00,NORMAL,GROUP__7112__0056,CONTROL,142.0,121.0,109.0,87.0,79.0,67.0,33.0
CONTROL__7112__2025042418,7112,2025-04-24 18:00:00,2025-04-24 15:00:00,2025-04-24 21:00:00,NORMAL,GROUP__7112__0056,CONTROL,153.0,113.0,105.0,100.0,60.0,53.0,38.0
CONTROL__F3FWY003__2025062006,F3FWY003,2025-06-20 06:00:00,2025-06-20 03:00:00,2025-06-20 09:00:00,NORMAL,GROUP__F3FWY003__0040,CONTROL,0.0,0.0,0.0,0.0,0.0,0.0,0.0
CONTROL__F3FWY003__2025020706,F3FWY003,2025-02-07 06:00:00,2025-02-07 03:00:00,2025-02-07 09:00:00,NORMAL,GROUP__F3FWY003__0040,CONTROL,0.0,0.0,0.0,0.0,0.0,0.0,0.0
CONTROL__50240__2025080109,50240,2025-08-01 09:00:00,2025-08-01 06:00:00,2025-08-01 12:00:00,NORMAL,GROUP__50240__0044,CONTROL,317.0,270.0,281.0,371.0,406.0,356.0,379.0
CONTROL__50240__2025061309,50240,2025-06-13 09:00:00,2025-06-13 06:00:00,2025-06-13 12:00:00,NORMAL,GROUP__50240__0044,CONTROL,539.0,431.0,377.0,372.0,370.0,394.0,349.0
CONTROL__23067__2025112109,23067,2025-11-21 09:00:00,2025-11-21 06:00:00,2025-11-21 12:00:00,NORMAL,GROUP__23067__0036,CONTROL,94.0,109.0,108.0,117.0,104.0,109.0,111.0
CONTROL__23067__2025100309,23067,2025-10-03 09:00:00,2025-10-03 06:00:00,2025-10-03 12:00:00,NORMAL,GROUP__23067__0036,CONTROL,169.0,147.0,115.0,137.0,114.0,113.0,91.0
CONTROL__7120__2025041812,7120,2025-04-18 12:00:00,2025-04-18 09:00:00,2025-04-18 15:00:00,NORMAL,GROUP__7120__0054,CONTROL,678.0,676.0,669.0,641.0,696.0,596.0,571.0
CONTROL__7120__2025080812,7120,2025-08-08 12:00:00,2025-08-08 09:00:00,2025-08-08 15:00:00,NORMAL,GROUP__7120__0054,CONTROL,739.0,667.0,677.0,647.0,639.0,687.0,702.0
CONTROL__7121__2025013112,7121,2025-01-31 12:00:00,2025-01-31 09:00:00,2025-01-31 15:00:00,NORMAL,GROUP__7121__0054,CONTROL,0.0,0.0,0.0,0.0,0.0,0.0,0.0
CONTROL__7121__2025100312,7121,2025-10-03 12:00:00,2025-10-03 09:00:00,2025-10-03 15:00:00,NORMAL,GROUP__7121__0054,CONTROL,51.0,53.0,54.0,53.0,81.0,70.0,64.0
CONTROL__23067__2025053109,23067,2025-05-31 09:00:00,2025-05-31 06:00:00,2025-05-31 12:00:00,NORMAL,GROUP__23067__0037,CONTROL,41.0,57.0,69.0,70.0,58.0,48.0,52.0
CONTROL__23067__2025031509,23067,2025-03-15 09:00:00,2025-03-15 06:00:00,2025-03-15 12:00:00,NORMAL,GROUP__23067__0037,CONTROL,57.0,80.0,77.0,86.0,83.0,63.0,69.0
CONTROL__68025__2025120702,68025,2025-12-07 02:00:00,2025-12-06 23:00:00,2025-12-07 05:00:00,NORMAL,GROUP__68025__0044,CONTROL,10.0,254.0,151.0,112.0,80.0,99.0,148.0
CONTROL__68025__2025042002,68025,2025-04-20 02:00:00,2025-04-19 23:00:00,2025-04-20 05:00:00,NORMAL,GROUP__68025__0044,CONTROL,19.0,25.0,9.0,6.0,4.0,5.0,6.0
CONTROL__7164__2025060802,7164,2025-06-08 02:00:00,2025-06-07 23:00:00,2025-06-08 05:00:00,NORMAL,GROUP__7164__0018,CONTROL,201.0,14.0,14.0,6.0,4.0,6.0,15.0
CONTROL__7164__2025051802,7164,2025-05-18 02:00:00,2025-05-17 23:00:00,2025-05-18 05:00:00,NORMAL,GROUP__7164__0018,CONTROL,30.0,26.0,10.0,12.0,8.0,2.0,13.0
CONTROL__7179__2025020202,7179,2025-02-02 02:00:00,2025-02-01 23:00:00,2025-02-02 05:00:00,NORMAL,GROUP__7179__0085,CONTROL,0.0,0.0,0.0,0.0,0.0,0.0,0.0
CONTROL__7179__2025081002,7179,2025-08-10 02:00:00,2025-08-09 23:00:00,2025-08-10 05:00:00,NORMAL,GROUP__7179__0085,CONTROL,903.0,647.0,432.0,331.0,224.0,196.0,231.0
CONTROL__68025__2025122106,68025,2025-12-21 06:00:00,2025-12-21 03:00:00,2025-12-21 09:00:00,NORMAL,GROUP__68025__0044,CONTROL,5.0,8.0,20.0,17.0,23.0,34.0,36.0
CONTROL__68025__2025030906,68025,2025-03-09 06:00:00,2025-03-09 03:00:00,2025-03-09 09:00:00,NORMAL,GROUP__68025__0044,CONTROL,69.0,0.0,0.0,0.0,0.0,0.0,0.0
CONTROL__7163__2025042008,7163,2025-04-20 08:00:00,2025-04-20 05:00:00,2025-04-20 11:00:00,NORMAL,GROUP__7163__0039,CONTROL,20.0,21.0,24.0,31.0,38.0,47.0,34.0
CONTROL__7163__2025122808,7163,2025-12-28 08:00:00,2025-12-28 05:00:00,2025-12-28 11:00:00,NORMAL,GROUP__7163__0039,CONTROL,124.0,163.0,213.0,261.0,477.0,576.0,647.0
CONTROL__7150__2025060820,7150,2025-06-08 20:00:00,2025-06-08 17:00:00,2025-06-08 23:00:00,NORMAL,GROUP__7150__0006,CONTROL,24.0,28.0,17.0,22.0,10.0,9.0,6.0
CONTROL__7150__2025012620,7150,2025-01-26 20:00:00,2025-01-26 17:00:00,2025-01-26 23:00:00,NORMAL,GROUP__7150__0006,CONTROL,0.0,0.0,0.0,0.0,0.0,0.0,0.0
CONTROL__7120__2025111621,7120,2025-11-16 21:00:00,2025-11-16 18:00:00,2025-11-17 00:00:00,NORMAL,GROUP__7120__0055,CONTROL,30.0,31.0,24.0,17.0,20.0,11.0,115.0
CONTROL__7120__2025032321,7120,2025-03-23 21:00:00,2025-03-23 18:00:00,2025-03-24 00:00:00,NORMAL,GROUP__7120__0055,CONTROL,634.0,520.0,498.0,433.0,366.0,250.0,13.0
CONTROL__7121__2025101221,7121,2025-10-12 21:00:00,2025-10-12 18:00:00,2025-10-13 00:00:00,NORMAL,GROUP__7121__0055,CONTROL,327.0,246.0,271.0,280.0,186.0,91.0,6.0
CONTROL__7121__2025011221,7121,2025-01-12 21:00:00,2025-01-12 18:00:00,2025-01-13 00:00:00,NORMAL,GROUP__7121__0055,CONTROL,78.0,62.0,69.0,64.0,63.0,29.0,63.0
CONTROL__29005__2025091422,29005,2025-09-14 22:00:00,2025-09-14 19:00:00,2025-09-15 01:00:00,NORMAL,GROUP__29005__0023,CONTROL,2285.0,2194.0,1713.0,0.0,546.0,29.0,29.0
CONTROL__29005__2025090722,29005,2025-09-07 22:00:00,2025-09-07 19:00:00,2025-09-08 01:00:00,NORMAL,GROUP__29005__0023,CONTROL,107.0,90.0,65.0,52.0,45.0,259.0,158.0
CONTROL__7248__2025012623,7248,2025-01-26 23:00:00,2025-01-26 20:00:00,2025-01-27 02:00:00,NORMAL,GROUP__7248__0040,CONTROL,973.0,805.0,685.0,498.0,25.0,26.0,24.0
CONTROL__7248__2025042023,7248,2025-04-20 23:00:00,2025-04-20 20:00:00,2025-04-21 02:00:00,NORMAL,GROUP__7248__0040,CONTROL,53.0,44.0,42.0,34.0,33.0,19.0,33.0
CONTROL__50240__2025010603,50240,2025-01-06 03:00:00,2025-01-06 00:00:00,2025-01-06 06:00:00,NORMAL,GROUP__50240__0045,CONTROL,27.0,30.0,31.0,40.0,61.0,146.0,238.0
CONTROL__50240__2025102703,50240,2025-10-27 03:00:00,2025-10-27 00:00:00,2025-10-27 06:00:00,NORMAL,GROUP__50240__0045,CONTROL,57.0,50.0,59.0,88.0,150.0,347.0,530.0
CONTROL__7270__2025102803,7270,2025-10-28 03:00:00,2025-10-28 00:00:00,2025-10-28 06:00:00,NORMAL,GROUP__7270__0021,CONTROL,147.0,79.0,72.0,126.0,346.0,1196.0,1955.0
CONTROL__7270__2025021103,7270,2025-02-11 03:00:00,2025-02-11 00:00:00,2025-02-11 06:00:00,NORMAL,GROUP__7270__0021,CONTROL,0.0,0.0,0.0,0.0,0.0,0.0,0.0
CONTROL__34016__2025072204,34016,2025-07-22 04:00:00,2025-07-22 01:00:00,2025-07-22 07:00:00,NORMAL,GROUP__34016__0010,CONTROL,2.0,1.0,1.0,1.0,0.0,5.0,2.0
CONTROL__34016__2025042204,34016,2025-04-22 04:00:00,2025-04-22 01:00:00,2025-04-22 07:00:00,NORMAL,GROUP__34016__0010,CONTROL,0.0,0.0,0.0,0.0,4.0,2.0,2.0
CONTROL__7163__2025080506,7163,2025-08-05 06:00:00,2025-08-05 03:00:00,2025-08-05 09:00:00,NORMAL,GROUP__7163__0040,CONTROL,153.0,281.0,275.0,589.0,608.0,308.0,558.0
CONTROL__7163__2025112506,7163,2025-11-25 06:00:00,2025-11-25 03:00:00,2025-11-25 09:00:00,NORMAL,GROUP__7163__0040,CONTROL,11.0,16.0,61.0,128.0,100.0,98.0,98.0
CONTROL__53004__2025090906,53004,2025-09-09 06:00:00,2025-09-09 03:00:00,2025-09-09 09:00:00,NORMAL,GROUP__53004__0041,CONTROL,43.0,178.0,656.0,1509.0,2225.0,2112.0,1562.0
CONTROL__53004__2025072206,53004,2025-07-22 06:00:00,2025-07-22 03:00:00,2025-07-22 09:00:00,NORMAL,GROUP__53004__0041,CONTROL,20.0,31.0,83.0,236.0,167.0,119.0,124.0
CONTROL__F3FWY003__2025111819,F3FWY003,2025-11-18 19:00:00,2025-11-18 16:00:00,2025-11-18 22:00:00,NORMAL,GROUP__F3FWY003__0041,CONTROL,500.0,416.0,396.0,277.0,189.0,161.0,151.0
CONTROL__F3FWY003__2025012119,F3FWY003,2025-01-21 19:00:00,2025-01-21 16:00:00,2025-01-21 22:00:00,NORMAL,GROUP__F3FWY003__0041,CONTROL,0.0,0.0,0.0,0.0,0.0,0.0,0.0
CONTROL__7112__2025082623,7112,2025-08-26 23:00:00,2025-08-26 20:00:00,2025-08-27 02:00:00,NORMAL,GROUP__7112__0057,CONTROL,0.0,0.0,0.0,0.0,0.0,0.0,0.0
CONTROL__7112__2025031823,7112,2025-03-18 23:00:00,2025-03-18 20:00:00,2025-03-19 02:00:00,NORMAL,GROUP__7112__0057,CONTROL,51.0,37.0,23.0,20.0,0.0,0.0,0.0
CONTROL__7112__2025080600,7112,2025-08-06 00:00:00,2025-08-05 21:00:00,2025-08-06 03:00:00,NORMAL,GROUP__7112__0057,CONTROL,31.0,21.0,23.0,0.0,0.0,0.0,0.0
CONTROL__7112__2025040200,7112,2025-04-02 00:00:00,2025-04-01 21:00:00,2025-04-02 03:00:00,NORMAL,GROUP__7112__0057,CONTROL,0.0,0.0,0.0,153.0,98.0,53.0,80.0
CONTROL__7120__2025082002,7120,2025-08-20 02:00:00,2025-08-19 23:00:00,2025-08-20 05:00:00,NORMAL,GROUP__7120__0056,CONTROL,14.0,7.0,15.0,12.0,12.0,22.0,63.0
CONTROL__7120__2025052802,7120,2025-05-28 02:00:00,2025-05-27 23:00:00,2025-05-28 05:00:00,NORMAL,GROUP__7120__0056,CONTROL,13.0,10.0,11.0,14.0,14.0,27.0,55.0
CONTROL__7121__2025112602,7121,2025-11-26 02:00:00,2025-11-25 23:00:00,2025-11-26 05:00:00,NORMAL,GROUP__7121__0056,CONTROL,0.0,83.0,49.0,40.0,40.0,52.0,95.0
CONTROL__7121__2025042302,7121,2025-04-23 02:00:00,2025-04-22 23:00:00,2025-04-23 05:00:00,NORMAL,GROUP__7121__0056,CONTROL,103.0,52.0,32.0,20.0,37.0,40.0,76.0
CONTROL__9658__2025070903,9658,2025-07-09 03:00:00,2025-07-09 00:00:00,2025-07-09 06:00:00,NORMAL,GROUP__9658__0031,CONTROL,30.0,21.0,19.0,34.0,48.0,80.0,146.0
CONTROL__9658__2025020503,9658,2025-02-05 03:00:00,2025-02-05 00:00:00,2025-02-05 06:00:00,NORMAL,GROUP__9658__0031,CONTROL,0.0,0.0,0.0,0.0,0.0,0.0,0.0
CONTROL__9658__2025042303,9658,2025-04-23 03:00:00,2025-04-23 00:00:00,2025-04-23 06:00:00,NORMAL,GROUP__9658__0031,CONTROL,19.0,18.0,20.0,30.0,54.0,84.0,114.0
CONTROL__9658__2025111203,9658,2025-11-12 03:00:00,2025-11-12 00:00:00,2025-11-12 06:00:00,NORMAL,GROUP__9658__0031,CONTROL,138.0,127.0,72.0,88.0,181.0,534.0,1013.0
CONTROL__7251__2025072303,7251,2025-07-23 03:00:00,2025-07-23 00:00:00,2025-07-23 06:00:00,NORMAL,GROUP__7251__0031,CONTROL,13.0,17.0,16.0,16.0,24.0,48.0,90.0
CONTROL__7251__2025050703,7251,2025-05-07 03:00:00,2025-05-07 00:00:00,2025-05-07 06:00:00,NORMAL,GROUP__7251__0031,CONTROL,22.0,16.0,14.0,23.0,30.0,50.0,99.0
CONTROL__7163__2025080605,7163,2025-08-06 05:00:00,2025-08-06 02:00:00,2025-08-06 08:00:00,NORMAL,GROUP__7163__0041,CONTROL,94.0,141.0,248.0,277.0,627.0,632.0,417.0
CONTROL__7163__2025091705,7163,2025-09-17 05:00:00,2025-09-17 02:00:00,2025-09-17 08:00:00,NORMAL,GROUP__7163__0041,CONTROL,43.0,67.0,113.0,305.0,715.0,540.0,419.0
CONTROL__7163__2025010105,7163,2025-01-01 05:00:00,2025-01-01 02:00:00,2025-01-01 08:00:00,NORMAL,GROUP__7163__0041,CONTROL,0.0,0.0,0.0,0.0,0.0,0.0,0.0
CONTROL__7163__2025100105,7163,2025-10-01 05:00:00,2025-10-01 02:00:00,2025-10-01 08:00:00,NORMAL,GROUP__7163__0041,CONTROL,6.0,9.0,25.0,52.0,114.0,93.0,115.0
CONTROL__53004__2025032606,53004,2025-03-26 06:00:00,2025-03-26 03:00:00,2025-03-26 09:00:00,NORMAL,GROUP__53004__0042,CONTROL,0.0,78.0,264.0,689.0,1218.0,1097.0,988.0
CONTROL__53004__2025021906,53004,2025-02-19 06:00:00,2025-02-19 03:00:00,2025-02-19 09:00:00,NORMAL,GROUP__53004__0042,CONTROL,0.0,0.0,0.0,0.0,0.0,0.0,0.0
CONTROL__51235__2025011520,51235,2025-01-15 20:00:00,2025-01-15 17:00:00,2025-01-15 23:00:00,NORMAL,GROUP__51235__0042,CONTROL,0.0,0.0,0.0,0.0,0.0,0.0,0.0
CONTROL__51235__2025020520,51235,2025-02-05 20:00:00,2025-02-05 17:00:00,2025-02-05 23:00:00,NORMAL,GROUP__51235__0042,CONTROL,0.0,0.0,0.0,0.0,0.0,0.0,0.0
CONTROL__9658__2025101520,9658,2025-10-15 20:00:00,2025-10-15 17:00:00,2025-10-15 23:00:00,NORMAL,GROUP__9658__0032,CONTROL,1072.0,980.0,895.0,661.0,640.0,552.0,298.0
CONTROL__9658__2025032620,9658,2025-03-26 20:00:00,2025-03-26 17:00:00,2025-03-26 23:00:00,NORMAL,GROUP__9658__0032,CONTROL,0.0,0.0,0.0,0.0,0.0,0.0,0.0
CONTROL__7251__2025122423,7251,2025-12-24 23:00:00,2025-12-24 20:00:00,2025-12-25 02:00:00,NORMAL,GROUP__7251__0032,CONTROL,641.0,670.0,735.0,642.0,0.0,0.0,0.0
CONTROL__7251__2025060423,7251,2025-06-04 23:00:00,2025-06-04 20:00:00,2025-06-05 02:00:00,NORMAL,GROUP__7251__0032,CONTROL,710.0,750.0,635.0,431.0,260.0,180.0,137.0
CONTROL__50250__2025081401,50250,2025-08-14 01:00:00,2025-08-13 22:00:00,2025-08-14 04:00:00,NORMAL,GROUP__50250__0006,CONTROL,21.0,8.0,2.0,1.0,1.0,1.0,2.0
CONTROL__50250__2025082101,50250,2025-08-21 01:00:00,2025-08-20 22:00:00,2025-08-21 04:00:00,NORMAL,GROUP__50250__0006,CONTROL,1.0,4.0,1.0,4.0,0.0,4.0,5.0
CONTROL__50250__2025080701,50250,2025-08-07 01:00:00,2025-08-06 22:00:00,2025-08-07 04:00:00,NORMAL,GROUP__50250__0006,CONTROL,15.0,9.0,3.0,0.0,1.0,0.0,10.0
CONTROL__50250__2025061901,50250,2025-06-19 01:00:00,2025-06-18 22:00:00,2025-06-19 04:00:00,NORMAL,GROUP__50250__0006,CONTROL,1.0,0.0,0.0,0.0,2.0,0.0,5.0
CONTROL__53004__2025110606,53004,2025-11-06 06:00:00,2025-11-06 03:00:00,2025-11-06 09:00:00,NORMAL,GROUP__53004__0043,CONTROL,51.0,108.0,298.0,802.0,1268.0,1239.0,1072.0
CONTROL__53004__2025082106,53004,2025-08-21 06:00:00,2025-08-21 03:00:00,2025-08-21 09:00:00,NORMAL,GROUP__53004__0043,CONTROL,12.0,31.0,44.0,73.0,79.0,81.0,98.0
CONTROL__T0231__2025120422,T0231,2025-12-04 22:00:00,2025-12-04 19:00:00,2025-12-05 01:00:00,NORMAL,GROUP__T0231__0012,CONTROL,27.0,24.0,17.0,20.0,10.0,219.0,141.0
CONTROL__T0231__2025121122,T0231,2025-12-11 22:00:00,2025-12-11 19:00:00,2025-12-12 01:00:00,NORMAL,GROUP__T0231__0012,CONTROL,727.0,668.0,628.0,514.0,371.0,9.0,3.0
CONTROL__34016__2025020703,34016,2025-02-07 03:00:00,2025-02-07 00:00:00,2025-02-07 06:00:00,NORMAL,GROUP__34016__0011,CONTROL,0.0,0.0,0.0,0.0,0.0,0.0,0.0
CONTROL__34016__2025072503,34016,2025-07-25 03:00:00,2025-07-25 00:00:00,2025-07-25 06:00:00,NORMAL,GROUP__34016__0011,CONTROL,43.0,33.0,30.0,26.0,47.0,122.0,388.0
CONTROL__7120__2025080811,7120,2025-08-08 11:00:00,2025-08-08 08:00:00,2025-08-08 14:00:00,NORMAL,GROUP__7120__0057,CONTROL,623.0,739.0,667.0,677.0,647.0,639.0,687.0
CONTROL__7120__2025062011,7120,2025-06-20 11:00:00,2025-06-20 08:00:00,2025-06-20 14:00:00,NORMAL,GROUP__7120__0057,CONTROL,638.0,746.0,655.0,693.0,601.0,641.0,651.0
CONTROL__7121__2025022111,7121,2025-02-21 11:00:00,2025-02-21 08:00:00,2025-02-21 14:00:00,NORMAL,GROUP__7121__0057,CONTROL,0.0,0.0,0.0,0.0,0.0,0.0,0.0
CONTROL__7121__2025071111,7121,2025-07-11 11:00:00,2025-07-11 08:00:00,2025-07-11 14:00:00,NORMAL,GROUP__7121__0057,CONTROL,394.0,377.0,289.0,400.0,433.0,485.0,488.0
CONTROL__10011__2025091218,10011,2025-09-12 18:00:00,2025-09-12 15:00:00,2025-09-12 21:00:00,NORMAL,GROUP__10011__0036,CONTROL,0.0,0.0,0.0,0.0,0.0,0.0,0.0
CONTROL__10011__2025100318,10011,2025-10-03 18:00:00,2025-10-03 15:00:00,2025-10-03 21:00:00,NORMAL,GROUP__10011__0036,CONTROL,0.0,0.0,0.0,0.0,0.0,0.0,0.0
CONTROL__7139__2025122618,7139,2025-12-26 18:00:00,2025-12-26 15:00:00,2025-12-26 21:00:00,NORMAL,GROUP__7139__0036,CONTROL,0.0,0.0,0.0,0.0,0.0,0.0,0.0
CONTROL__7139__2025092618,7139,2025-09-26 18:00:00,2025-09-26 15:00:00,2025-09-26 21:00:00,NORMAL,GROUP__7139__0036,CONTROL,3042.0,2953.0,2759.0,2674.0,1794.0,1342.0,1268.0
CONTROL__T0288__2025092618,T0288,2025-09-26 18:00:00,2025-09-26 15:00:00,2025-09-26 21:00:00,NORMAL,GROUP__T0288__0011,CONTROL,0.0,0.0,0.0,0.0,0.0,0.0,0.0
CONTROL__T0288__2025051618,T0288,2025-05-16 18:00:00,2025-05-16 15:00:00,2025-05-16 21:00:00,NORMAL,GROUP__T0288__0011,CONTROL,154.0,162.0,145.0,138.0,122.0,123.0,108.0
CONTROL__T0289__2025041818,T0289,2025-04-18 18:00:00,2025-04-18 15:00:00,2025-04-18 21:00:00,NORMAL,GROUP__T0289__0011,CONTROL,0.0,0.0,0.0,0.0,0.0,0.0,0.0
CONTROL__T0289__2025020718,T0289,2025-02-07 18:00:00,2025-02-07 15:00:00,2025-02-07 21:00:00,NORMAL,GROUP__T0289__0011,CONTROL,0.0,0.0,0.0,0.0,0.0,0.0,0.0
CONTROL__T0290__2025103118,T0290,2025-10-31 18:00:00,2025-10-31 15:00:00,2025-10-31 21:00:00,NORMAL,GROUP__T0290__0011,CONTROL,0.0,0.0,0.0,0.0,0.0,0.0,0.0
CONTROL__T0290__2025082218,T0290,2025-08-22 18:00:00,2025-08-22 15:00:00,2025-08-22 21:00:00,NORMAL,GROUP__T0290__0011,CONTROL,128.0,152.0,140.0,141.0,92.0,133.0,104.0
CONTROL__T0479-PR__2025041818,T0479-PR,2025-04-18 18:00:00,2025-04-18 15:00:00,2025-04-18 21:00:00,NORMAL,GROUP__T0479-PR__0011,CONTROL,173.0,225.0,144.0,113.0,96.0,66.0,38.0
CONTROL__T0479-PR__2025062018,T0479-PR,2025-06-20 18:00:00,2025-06-20 15:00:00,2025-06-20 21:00:00,NORMAL,GROUP__T0479-PR__0011,CONTROL,506.0,578.0,462.0,356.0,306.0,147.0,128.0
CONTROL__7179__2025120603,7179,2025-12-06 03:00:00,2025-12-06 00:00:00,2025-12-06 06:00:00,NORMAL,GROUP__7179__0086,CONTROL,61.0,35.0,36.0,42.0,66.0,106.0,189.0
CONTROL__7179__2025101103,7179,2025-10-11 03:00:00,2025-10-11 00:00:00,2025-10-11 06:00:00,NORMAL,GROUP__7179__0086,CONTROL,63.0,44.0,39.0,24.0,43.0,94.0,180.0
CONTROL__10011__2025112905,10011,2025-11-29 05:00:00,2025-11-29 02:00:00,2025-11-29 08:00:00,NORMAL,GROUP__10011__0037,CONTROL,0.0,0.0,0.0,0.0,0.0,0.0,0.0
CONTROL__10011__2025071205,10011,2025-07-12 05:00:00,2025-07-12 02:00:00,2025-07-12 08:00:00,NORMAL,GROUP__10011__0037,CONTROL,0.0,0.0,0.0,0.0,0.0,0.0,0.0
CONTROL__7139__2025111505,7139,2025-11-15 05:00:00,2025-11-15 02:00:00,2025-11-15 08:00:00,NORMAL,GROUP__7139__0037,CONTROL,329.0,222.0,198.0,414.0,941.0,1448.0,2010.0
CONTROL__7139__2025092005,7139,2025-09-20 05:00:00,2025-09-20 02:00:00,2025-09-20 08:00:00,NORMAL,GROUP__7139__0037,CONTROL,22.0,11.0,18.0,49.0,99.0,147.0,142.0
CONTROL__34016__2025070521,34016,2025-07-05 21:00:00,2025-07-05 18:00:00,2025-07-06 00:00:00,NORMAL,GROUP__34016__0012,CONTROL,450.0,317.0,298.0,265.0,292.0,241.0,130.0
CONTROL__34016__2025092721,34016,2025-09-27 21:00:00,2025-09-27 18:00:00,2025-09-28 00:00:00,NORMAL,GROUP__34016__0012,CONTROL,460.0,334.0,217.0,208.0,193.0,169.0,90.0
CONTROL__51235__2025020206,51235,2025-02-02 06:00:00,2025-02-02 03:00:00,2025-02-02 09:00:00,NORMAL,GROUP__51235__0043,CONTROL,0.0,0.0,0.0,0.0,0.0,0.0,0.0
CONTROL__51235__2025092806,51235,2025-09-28 06:00:00,2025-09-28 03:00:00,2025-09-28 09:00:00,NORMAL,GROUP__51235__0043,CONTROL,14.0,15.0,18.0,42.0,59.0,62.0,52.0
CONTROL__50240__2025030907,50240,2025-03-09 07:00:00,2025-03-09 04:00:00,2025-03-09 10:00:00,NORMAL,GROUP__50240__0046,CONTROL,218.0,553.0,897.0,1037.0,1380.0,2173.0,2229.0
CONTROL__50240__2025041307,50240,2025-04-13 07:00:00,2025-04-13 04:00:00,2025-04-13 10:00:00,NORMAL,GROUP__50240__0046,CONTROL,236.0,346.0,703.0,1073.0,1526.0,2085.0,2180.0
CONTROL__F3FWY002__2025051108,F3FWY002,2025-05-11 08:00:00,2025-05-11 05:00:00,2025-05-11 11:00:00,NORMAL,GROUP__F3FWY002__0011,CONTROL,274.0,426.0,715.0,1324.0,2286.0,3294.0,3835.0
CONTROL__F3FWY002__2025092108,F3FWY002,2025-09-21 08:00:00,2025-09-21 05:00:00,2025-09-21 11:00:00,NORMAL,GROUP__F3FWY002__0011,CONTROL,0.0,0.0,0.0,0.0,0.0,0.0,0.0
CONTROL__7168__2025080402,7168,2025-08-04 02:00:00,2025-08-03 23:00:00,2025-08-04 05:00:00,NORMAL,GROUP__7168__0017,CONTROL,92.0,15.0,8.0,10.0,10.0,12.0,37.0
CONTROL__7168__2025070702,7168,2025-07-07 02:00:00,2025-07-06 23:00:00,2025-07-07 05:00:00,NORMAL,GROUP__7168__0017,CONTROL,78.0,13.0,9.0,11.0,13.0,26.0,45.0
CONTROL__53004__2025041407,53004,2025-04-14 07:00:00,2025-04-14 04:00:00,2025-04-14 10:00:00,NORMAL,GROUP__53004__0044,CONTROL,210.0,662.0,1300.0,1775.0,1685.0,1531.0,1205.0
CONTROL__53004__2025042107,53004,2025-04-21 07:00:00,2025-04-21 04:00:00,2025-04-21 10:00:00,NORMAL,GROUP__53004__0044,CONTROL,69.0,127.0,224.0,246.0,383.0,594.0,733.0
CONTROL__53004__2025051207,53004,2025-05-12 07:00:00,2025-05-12 04:00:00,2025-05-12 10:00:00,NORMAL,GROUP__53004__0044,CONTROL,104.0,298.0,759.0,1330.0,1186.0,1108.0,1088.0
CONTROL__53004__2025012707,53004,2025-01-27 07:00:00,2025-01-27 04:00:00,2025-01-27 10:00:00,NORMAL,GROUP__53004__0044,CONTROL,0.0,0.0,0.0,0.0,1.0,1.0,4.0
CONTROL__23067__2025030312,23067,2025-03-03 12:00:00,2025-03-03 09:00:00,2025-03-03 15:00:00,NORMAL,GROUP__23067__0038,CONTROL,94.0,115.0,97.0,98.0,69.0,60.0,47.0
CONTROL__23067__2025091512,23067,2025-09-15 12:00:00,2025-09-15 09:00:00,2025-09-15 15:00:00,NORMAL,GROUP__23067__0038,CONTROL,114.0,111.0,144.0,116.0,91.0,130.0,97.0
CONTROL__23067__2025080412,23067,2025-08-04 12:00:00,2025-08-04 09:00:00,2025-08-04 15:00:00,NORMAL,GROUP__23067__0038,CONTROL,1560.0,1173.0,1232.0,1054.0,1200.0,885.0,1025.0
CONTROL__23067__2025012712,23067,2025-01-27 12:00:00,2025-01-27 09:00:00,2025-01-27 15:00:00,NORMAL,GROUP__23067__0038,CONTROL,72.0,92.0,56.0,59.0,52.0,44.0,47.0
CONTROL__7161__2025020312,7161,2025-02-03 12:00:00,2025-02-03 09:00:00,2025-02-03 15:00:00,NORMAL,GROUP__7161__0027,CONTROL,0.0,0.0,0.0,0.0,0.0,0.0,0.0
CONTROL__7161__2025081112,7161,2025-08-11 12:00:00,2025-08-11 09:00:00,2025-08-11 15:00:00,NORMAL,GROUP__7161__0027,CONTROL,139.0,145.0,159.0,172.0,164.0,169.0,184.0
CONTROL__53004__2025122921,53004,2025-12-29 21:00:00,2025-12-29 18:00:00,2025-12-30 00:00:00,NORMAL,GROUP__53004__0045,CONTROL,476.0,325.0,270.0,243.0,173.0,114.0,46.0
CONTROL__53004__2025021721,53004,2025-02-17 21:00:00,2025-02-17 18:00:00,2025-02-18 00:00:00,NORMAL,GROUP__53004__0045,CONTROL,0.0,0.0,0.0,0.0,0.0,0.0,0.0
CONTROL__55049__2025081821,55049,2025-08-18 21:00:00,2025-08-18 18:00:00,2025-08-19 00:00:00,NORMAL,GROUP__55049__0009,CONTROL,15.0,0.0,0.0,0.0,0.0,0.0,5.0
CONTROL__55049__2025012721,55049,2025-01-27 21:00:00,2025-01-27 18:00:00,2025-01-28 00:00:00,NORMAL,GROUP__55049__0009,CONTROL,41.0,40.0,37.0,21.0,16.0,13.0,0.0
CONTROL__55049__2025122221,55049,2025-12-22 21:00:00,2025-12-22 18:00:00,2025-12-23 00:00:00,NORMAL,GROUP__55049__0009,CONTROL,5.0,0.0,0.0,0.0,0.0,0.0,0.0
CONTROL__55049__2025092221,55049,2025-09-22 21:00:00,2025-09-22 18:00:00,2025-09-23 00:00:00,NORMAL,GROUP__55049__0009,CONTROL,75.0,76.0,35.0,14.0,24.0,11.0,0.0
CONTROL__68025__2025031809,68025,2025-03-18 09:00:00,2025-03-18 06:00:00,2025-03-18 12:00:00,NORMAL,GROUP__68025__0045,CONTROL,0.0,0.0,0.0,0.0,0.0,297.0,374.0
CONTROL__68025__2025100709,68025,2025-10-07 09:00:00,2025-10-07 06:00:00,2025-10-07 12:00:00,NORMAL,GROUP__68025__0045,CONTROL,790.0,1036.0,1137.0,990.0,837.0,824.0,801.0
CONTROL__F3FWY004__2025092319,F3FWY004,2025-09-23 19:00:00,2025-09-23 16:00:00,2025-09-23 22:00:00,NORMAL,GROUP__F3FWY004__0008,CONTROL,723.0,530.0,404.0,284.0,232.0,227.0,182.0
CONTROL__F3FWY004__2025060319,F3FWY004,2025-06-03 19:00:00,2025-06-03 16:00:00,2025-06-03 22:00:00,NORMAL,GROUP__F3FWY004__0008,CONTROL,925.0,929.0,621.0,151.0,63.0,153.0,151.0
CONTROL__33014__2025052022,33014,2025-05-20 22:00:00,2025-05-20 19:00:00,2025-05-21 01:00:00,NORMAL,GROUP__33014__0044,CONTROL,54.0,36.0,40.0,34.0,31.0,17.0,14.0
CONTROL__33014__2025101422,33014,2025-10-14 22:00:00,2025-10-14 19:00:00,2025-10-15 01:00:00,NORMAL,GROUP__33014__0044,CONTROL,0.0,0.0,0.0,0.0,0.0,0.0,0.0
CONTROL__29005__2025093022,29005,2025-09-30 22:00:00,2025-09-30 19:00:00,2025-10-01 01:00:00,NORMAL,GROUP__29005__0024,CONTROL,1283.0,1034.0,1021.0,686.0,249.0,271.0,160.0
CONTROL__29005__2025021122,29005,2025-02-11 22:00:00,2025-02-11 19:00:00,2025-02-12 01:00:00,NORMAL,GROUP__29005__0024,CONTROL,0.0,0.0,0.0,0.0,0.0,0.0,0.0
CONTROL__7120__2025110423,7120,2025-11-04 23:00:00,2025-11-04 20:00:00,2025-11-05 02:00:00,NORMAL,GROUP__7120__0058,CONTROL,0.0,0.0,0.0,0.0,0.0,0.0,0.0
CONTROL__7120__2025090223,7120,2025-09-02 23:00:00,2025-09-02 20:00:00,2025-09-03 02:00:00,NORMAL,GROUP__7120__0058,CONTROL,439.0,447.0,342.0,217.0,7.0,7.0,4.0
CONTROL__7121__2025071523,7121,2025-07-15 23:00:00,2025-07-15 20:00:00,2025-07-16 02:00:00,NORMAL,GROUP__7121__0058,CONTROL,247.0,325.0,259.0,103.0,7.0,2.0,6.0
CONTROL__7121__2025031823,7121,2025-03-18 23:00:00,2025-03-18 20:00:00,2025-03-19 02:00:00,NORMAL,GROUP__7121__0058,CONTROL,315.0,315.0,229.0,103.0,3.0,4.0,8.0
CONTROL__10011__2025082702,10011,2025-08-27 02:00:00,2025-08-26 23:00:00,2025-08-27 05:00:00,NORMAL,GROUP__10011__0038,CONTROL,0.0,0.0,0.0,0.0,0.0,0.0,0.0
CONTROL__10011__2025011502,10011,2025-01-15 02:00:00,2025-01-14 23:00:00,2025-01-15 05:00:00,NORMAL,GROUP__10011__0038,CONTROL,256.0,1.0,2.0,1.0,2.0,2.0,16.0
CONTROL__7139__2025100102,7139,2025-10-01 02:00:00,2025-09-30 23:00:00,2025-10-01 05:00:00,NORMAL,GROUP__7139__0038,CONTROL,19.0,11.0,5.0,13.0,20.0,21.0,91.0
CONTROL__7179__2025062502,7179,2025-06-25 02:00:00,2025-06-24 23:00:00,2025-06-25 05:00:00,NORMAL,GROUP__7179__0087,CONTROL,47.0,301.0,161.0,150.0,219.0,429.0,898.0
CONTROL__7179__2025102202,7179,2025-10-22 02:00:00,2025-10-21 23:00:00,2025-10-22 05:00:00,NORMAL,GROUP__7179__0087,CONTROL,571.0,272.0,189.0,141.0,242.0,418.0,940.0
CONTROL__7184__2025122405,7184,2025-12-24 05:00:00,2025-12-24 02:00:00,2025-12-24 08:00:00,NORMAL,GROUP__7184__0031,CONTROL,91.0,138.0,216.0,444.0,891.0,1238.0,1602.0
CONTROL__7184__2025040205,7184,2025-04-02 05:00:00,2025-04-02 02:00:00,2025-04-02 08:00:00,NORMAL,GROUP__7184__0031,CONTROL,0.0,0.0,0.0,0.0,0.0,0.0,0.0
CONTROL__7112__2025021207,7112,2025-02-12 07:00:00,2025-02-12 04:00:00,2025-02-12 10:00:00,NORMAL,GROUP__7112__0058,CONTROL,0.0,0.0,0.0,0.0,0.0,0.0,0.0
CONTROL__7112__2025052107,7112,2025-05-21 07:00:00,2025-05-21 04:00:00,2025-05-21 10:00:00,NORMAL,GROUP__7112__0058,CONTROL,207.0,851.0,1495.0,1215.0,1145.0,1120.0,1019.0
CONTROL__53004__2025012921,53004,2025-01-29 21:00:00,2025-01-29 18:00:00,2025-01-30 00:00:00,NORMAL,GROUP__53004__0046,CONTROL,0.0,0.0,0.0,0.0,0.0,0.0,63.0
CONTROL__53004__2025012221,53004,2025-01-22 21:00:00,2025-01-22 18:00:00,2025-01-23 00:00:00,NORMAL,GROUP__53004__0046,CONTROL,0.0,0.0,0.0,0.0,0.0,0.0,0.0
CONTROL__23067__2025062602,23067,2025-06-26 02:00:00,2025-06-25 23:00:00,2025-06-26 05:00:00,NORMAL,GROUP__23067__0039,CONTROL,37.0,303.0,118.0,119.0,258.0,415.0,797.0
CONTROL__23067__2025011602,23067,2025-01-16 02:00:00,2025-01-15 23:00:00,2025-01-16 05:00:00,NORMAL,GROUP__23067__0039,CONTROL,835.0,42.0,80.0,282.0,587.0,994.0,1384.0
CONTROL__F3FWY004__2025020604,F3FWY004,2025-02-06 04:00:00,2025-02-06 01:00:00,2025-02-06 07:00:00,NORMAL,GROUP__F3FWY004__0009,CONTROL,0.0,0.0,0.0,0.0,0.0,0.0,0.0
CONTROL__F3FWY004__2025073104,F3FWY004,2025-07-31 04:00:00,2025-07-31 01:00:00,2025-07-31 07:00:00,NORMAL,GROUP__F3FWY004__0009,CONTROL,0.0,41.0,59.0,125.0,432.0,1256.0,1508.0
CONTROL__7179__2025090405,7179,2025-09-04 05:00:00,2025-09-04 02:00:00,2025-09-04 08:00:00,NORMAL,GROUP__7179__0088,CONTROL,133.0,166.0,380.0,909.0,1299.0,1616.0,1685.0
CONTROL__7179__2025122505,7179,2025-12-25 05:00:00,2025-12-25 02:00:00,2025-12-25 08:00:00,NORMAL,GROUP__7179__0088,CONTROL,11.0,16.0,9.0,17.0,20.0,33.0,38.0
CONTROL__7184__2025022005,7184,2025-02-20 05:00:00,2025-02-20 02:00:00,2025-02-20 08:00:00,NORMAL,GROUP__7184__0032,CONTROL,0.0,0.0,0.0,0.0,0.0,0.0,0.0
CONTROL__7184__2025082105,7184,2025-08-21 05:00:00,2025-08-21 02:00:00,2025-08-21 08:00:00,NORMAL,GROUP__7184__0032,CONTROL,63.0,91.0,215.0,711.0,1688.0,2704.0,2316.0
CONTROL__10011__2025070307,10011,2025-07-03 07:00:00,2025-07-03 04:00:00,2025-07-03 10:00:00,NORMAL,GROUP__10011__0039,CONTROL,0.0,0.0,0.0,0.0,0.0,0.0,0.0
CONTROL__10011__2025121107,10011,2025-12-11 07:00:00,2025-12-11 04:00:00,2025-12-11 10:00:00,NORMAL,GROUP__10011__0039,CONTROL,0.0,0.0,0.0,0.0,0.0,0.0,0.0
CONTROL__7139__2025052907,7139,2025-05-29 07:00:00,2025-05-29 04:00:00,2025-05-29 10:00:00,NORMAL,GROUP__7139__0039,CONTROL,151.0,594.0,1486.0,2738.0,3228.0,2672.0,2194.0
CONTROL__7139__2025090407,7139,2025-09-04 07:00:00,2025-09-04 04:00:00,2025-09-04 10:00:00,NORMAL,GROUP__7139__0039,CONTROL,19.0,75.0,175.0,230.0,253.0,298.0,340.0
CONTROL__51235__2025110620,51235,2025-11-06 20:00:00,2025-11-06 17:00:00,2025-11-06 23:00:00,NORMAL,GROUP__51235__0044,CONTROL,95.0,88.0,84.0,62.0,48.0,28.0,30.0
CONTROL__51235__2025073120,51235,2025-07-31 20:00:00,2025-07-31 17:00:00,2025-07-31 23:00:00,NORMAL,GROUP__51235__0044,CONTROL,1878.0,1705.0,1455.0,1311.0,1192.0,942.0,565.0
CONTROL__7112__2025071722,7112,2025-07-17 22:00:00,2025-07-17 19:00:00,2025-07-18 01:00:00,NORMAL,GROUP__7112__0059,CONTROL,72.0,55.0,25.0,28.0,27.0,16.0,15.0
CONTROL__7112__2025061922,7112,2025-06-19 22:00:00,2025-06-19 19:00:00,2025-06-20 01:00:00,NORMAL,GROUP__7112__0059,CONTROL,918.0,786.0,611.0,483.0,284.0,18.0,24.0
CONTROL__7112__2025071022,7112,2025-07-10 22:00:00,2025-07-10 19:00:00,2025-07-11 01:00:00,NORMAL,GROUP__7112__0059,CONTROL,62.0,53.0,37.0,27.0,13.0,21.0,21.0
CONTROL__7112__2025012322,7112,2025-01-23 22:00:00,2025-01-23 19:00:00,2025-01-24 01:00:00,NORMAL,GROUP__7112__0059,CONTROL,24.0,24.0,19.0,16.0,9.0,0.0,0.0
CONTROL__7179__2025031403,7179,2025-03-14 03:00:00,2025-03-14 00:00:00,2025-03-14 06:00:00,NORMAL,GROUP__7179__0089,CONTROL,0.0,0.0,0.0,0.0,422.0,901.0,1292.0
CONTROL__7179__2025060603,7179,2025-06-06 03:00:00,2025-06-06 00:00:00,2025-06-06 06:00:00,NORMAL,GROUP__7179__0089,CONTROL,63.0,46.0,44.0,79.0,113.0,254.0,311.0
CONTROL__33014__2025070404,33014,2025-07-04 04:00:00,2025-07-04 01:00:00,2025-07-04 07:00:00,NORMAL,GROUP__33014__0045,CONTROL,0.0,0.0,0.0,0.0,0.0,0.0,0.0
CONTROL__33014__2025061304,33014,2025-06-13 04:00:00,2025-06-13 01:00:00,2025-06-13 07:00:00,NORMAL,GROUP__33014__0045,CONTROL,96.0,75.0,68.0,105.0,244.0,720.0,1002.0
CONTROL__47024__2025101006,47024,2025-10-10 06:00:00,2025-10-10 03:00:00,2025-10-10 09:00:00,NORMAL,GROUP__47024__0018,CONTROL,237.0,413.0,942.0,1099.0,826.0,957.0,958.0
CONTROL__47024__2025070406,47024,2025-07-04 06:00:00,2025-07-04 03:00:00,2025-07-04 09:00:00,NORMAL,GROUP__47024__0018,CONTROL,251.0,387.0,897.0,994.0,855.0,952.0,975.0
CONTROL__7184__2025041809,7184,2025-04-18 09:00:00,2025-04-18 06:00:00,2025-04-18 12:00:00,NORMAL,GROUP__7184__0033,CONTROL,251.0,285.0,436.0,595.0,656.0,699.0,645.0
CONTROL__7184__2025012409,7184,2025-01-24 09:00:00,2025-01-24 06:00:00,2025-01-24 12:00:00,NORMAL,GROUP__7184__0033,CONTROL,0.0,0.0,0.0,0.0,0.0,0.0,0.0
CONTROL__68025__2025062019,68025,2025-06-20 19:00:00,2025-06-20 16:00:00,2025-06-20 22:00:00,NORMAL,GROUP__68025__0046,CONTROL,1402.0,1401.0,1154.0,897.0,787.0,720.0,627.0
CONTROL__68025__2025082219,68025,2025-08-22 19:00:00,2025-08-22 16:00:00,2025-08-22 22:00:00,NORMAL,GROUP__68025__0046,CONTROL,956.0,1005.0,1022.0,758.0,585.0,571.0,411.0
CONTROL__68025__2025101720,68025,2025-10-17 20:00:00,2025-10-17 17:00:00,2025-10-17 23:00:00,NORMAL,GROUP__68025__0046,CONTROL,971.0,940.0,820.0,661.0,581.0,453.0,309.0
CONTROL__68025__2025042520,68025,2025-04-25 20:00:00,2025-04-25 17:00:00,2025-04-25 23:00:00,NORMAL,GROUP__68025__0046,CONTROL,0.0,0.0,0.0,0.0,0.0,0.0,0.0
CONTROL__7112__2025042523,7112,2025-04-25 23:00:00,2025-04-25 20:00:00,2025-04-26 02:00:00,NORMAL,GROUP__7112__0060,CONTROL,0.0,0.0,0.0,0.0,13.0,6.0,7.0
CONTROL__7112__2025121223,7112,2025-12-12 23:00:00,2025-12-12 20:00:00,2025-12-13 02:00:00,NORMAL,GROUP__7112__0060,CONTROL,931.0,866.0,790.0,726.0,16.0,10.0,17.0
CONTROL__7184__2025122704,7184,2025-12-27 04:00:00,2025-12-27 01:00:00,2025-12-27 07:00:00,NORMAL,GROUP__7184__0034,CONTROL,129.0,85.0,88.0,129.0,277.0,476.0,747.0
CONTROL__7184__2025100404,7184,2025-10-04 04:00:00,2025-10-04 01:00:00,2025-10-04 07:00:00,NORMAL,GROUP__7184__0034,CONTROL,14.0,16.0,20.0,27.0,32.0,84.0,106.0
CONTROL__F3FWY004__2025033003,F3FWY004,2025-03-30 03:00:00,2025-03-30 00:00:00,2025-03-30 06:00:00,NORMAL,GROUP__F3FWY004__0010,CONTROL,0.0,0.0,0.0,0.0,0.0,0.0,0.0
CONTROL__F3FWY004__2025010503,F3FWY004,2025-01-05 03:00:00,2025-01-05 00:00:00,2025-01-05 06:00:00,NORMAL,GROUP__F3FWY004__0010,CONTROL,0.0,0.0,0.0,0.0,0.0,0.0,0.0
CONTROL__F3FWY004__2025030903,F3FWY004,2025-03-09 03:00:00,2025-03-09 00:00:00,2025-03-09 06:00:00,NORMAL,GROUP__F3FWY004__0010,CONTROL,0.0,0.0,0.0,0.0,0.0,0.0,0.0
CONTROL__F3FWY004__2025121403,F3FWY004,2025-12-14 03:00:00,2025-12-14 00:00:00,2025-12-14 06:00:00,NORMAL,GROUP__F3FWY004__0010,CONTROL,103.0,64.0,28.0,39.0,58.0,92.0,143.0
CONTROL__7120__2025111609,7120,2025-11-16 09:00:00,2025-11-16 06:00:00,2025-11-16 12:00:00,NORMAL,GROUP__7120__0059,CONTROL,25.0,24.0,30.0,32.0,32.0,36.0,47.0
CONTROL__7120__2025081009,7120,2025-08-10 09:00:00,2025-08-10 06:00:00,2025-08-10 12:00:00,NORMAL,GROUP__7120__0059,CONTROL,43.0,31.0,38.0,33.0,26.0,40.0,36.0
CONTROL__7121__2025040609,7121,2025-04-06 09:00:00,2025-04-06 06:00:00,2025-04-06 12:00:00,NORMAL,GROUP__7121__0059,CONTROL,9.0,12.0,14.0,18.0,15.0,20.0,21.0
CONTROL__7121__2025082409,7121,2025-08-24 09:00:00,2025-08-24 06:00:00,2025-08-24 12:00:00,NORMAL,GROUP__7121__0059,CONTROL,148.0,167.0,233.0,313.0,354.0,393.0,342.0
CONTROL__7120__2025113020,7120,2025-11-30 20:00:00,2025-11-30 17:00:00,2025-11-30 23:00:00,NORMAL,GROUP__7120__0060,CONTROL,639.0,669.0,592.0,606.0,529.0,121.0,62.0
CONTROL__7120__2025122820,7120,2025-12-28 20:00:00,2025-12-28 17:00:00,2025-12-28 23:00:00,NORMAL,GROUP__7120__0060,CONTROL,589.0,544.0,495.0,436.0,502.0,350.0,280.0
CONTROL__7121__2025033020,7121,2025-03-30 20:00:00,2025-03-30 17:00:00,2025-03-30 23:00:00,NORMAL,GROUP__7121__0060,CONTROL,338.0,296.0,225.0,247.0,217.0,210.0,90.0
CONTROL__7121__2025060820,7121,2025-06-08 20:00:00,2025-06-08 17:00:00,2025-06-08 23:00:00,NORMAL,GROUP__7121__0060,CONTROL,14.0,13.0,17.0,9.0,14.0,14.0,4.0
CONTROL__7120__2025051820,7120,2025-05-18 20:00:00,2025-05-18 17:00:00,2025-05-18 23:00:00,NORMAL,GROUP__7120__0060,CONTROL,23.0,19.0,24.0,16.0,25.0,13.0,9.0
CONTROL__7120__2025010520,7120,2025-01-05 20:00:00,2025-01-05 17:00:00,2025-01-05 23:00:00,NORMAL,GROUP__7120__0060,CONTROL,21.0,23.0,26.0,12.0,19.0,10.0,14.0
CONTROL__7121__2025121420,7121,2025-12-14 20:00:00,2025-12-14 17:00:00,2025-12-14 23:00:00,NORMAL,GROUP__7121__0060,CONTROL,239.0,235.0,184.0,199.0,51.0,1.0,102.0
CONTROL__7121__2025101220,7121,2025-10-12 20:00:00,2025-10-12 17:00:00,2025-10-12 23:00:00,NORMAL,GROUP__7121__0060,CONTROL,384.0,327.0,246.0,271.0,280.0,186.0,91.0
CONTROL__9836-PR__2025081020,9836-PR,2025-08-10 20:00:00,2025-08-10 17:00:00,2025-08-10 23:00:00,NORMAL,GROUP__9836-PR__0007,CONTROL,41.0,35.0,28.0,32.0,15.0,18.0,11.0
CONTROL__9836-PR__2025072020,9836-PR,2025-07-20 20:00:00,2025-07-20 17:00:00,2025-07-20 23:00:00,NORMAL,GROUP__9836-PR__0007,CONTROL,39.0,29.0,34.0,30.0,15.0,12.0,7.0
CONTROL__7251__2025113022,7251,2025-11-30 22:00:00,2025-11-30 19:00:00,2025-12-01 01:00:00,NORMAL,GROUP__7251__0033,CONTROL,783.0,794.0,872.0,626.0,446.0,283.0,154.0
CONTROL__7251__2025092122,7251,2025-09-21 22:00:00,2025-09-21 19:00:00,2025-09-22 01:00:00,NORMAL,GROUP__7251__0033,CONTROL,39.0,45.0,25.0,37.0,26.0,17.0,5.0
CONTROL__F3FWY003__2025120722,F3FWY003,2025-12-07 22:00:00,2025-12-07 19:00:00,2025-12-08 01:00:00,NORMAL,GROUP__F3FWY003__0042,CONTROL,227.0,213.0,145.0,162.0,109.0,216.0,92.0
CONTROL__F3FWY003__2025012622,F3FWY003,2025-01-26 22:00:00,2025-01-26 19:00:00,2025-01-27 01:00:00,NORMAL,GROUP__F3FWY003__0042,CONTROL,57.0,70.0,38.0,36.0,45.0,107.0,90.0
CONTROL__7184__2025091508,7184,2025-09-15 08:00:00,2025-09-15 05:00:00,2025-09-15 11:00:00,NORMAL,GROUP__7184__0035,CONTROL,121.0,295.0,242.0,221.0,281.0,301.0,346.0
CONTROL__7184__2025120108,7184,2025-12-01 08:00:00,2025-12-01 05:00:00,2025-12-01 11:00:00,NORMAL,GROUP__7184__0035,CONTROL,113.0,269.0,226.0,233.0,256.0,285.0,329.0
CONTROL__10011__2025031021,10011,2025-03-10 21:00:00,2025-03-10 18:00:00,2025-03-11 00:00:00,NORMAL,GROUP__10011__0040,CONTROL,14.0,8.0,4.0,6.0,3.0,1.0,124.0
CONTROL__10011__2025071421,10011,2025-07-14 21:00:00,2025-07-14 18:00:00,2025-07-15 00:00:00,NORMAL,GROUP__10011__0040,CONTROL,0.0,0.0,0.0,0.0,0.0,0.0,0.0
CONTROL__7139__2025063021,7139,2025-06-30 21:00:00,2025-06-30 18:00:00,2025-07-01 00:00:00,NORMAL,GROUP__7139__0040,CONTROL,102.0,60.0,54.0,40.0,35.0,22.0,11.0
CONTROL__7139__2025020321,7139,2025-02-03 21:00:00,2025-02-03 18:00:00,2025-02-04 00:00:00,NORMAL,GROUP__7139__0040,CONTROL,0.0,0.0,0.0,0.0,0.0,0.0,0.0
CONTROL__T0288__2025072901,T0288,2025-07-29 01:00:00,2025-07-28 22:00:00,2025-07-29 04:00:00,NORMAL,GROUP__T0288__0012,CONTROL,0.0,0.0,0.0,0.0,0.0,0.0,0.0
CONTROL__T0288__2025062401,T0288,2025-06-24 01:00:00,2025-06-23 22:00:00,2025-06-24 04:00:00,NORMAL,GROUP__T0288__0012,CONTROL,0.0,0.0,0.0,0.0,0.0,0.0,0.0
CONTROL__T0289__2025011401,T0289,2025-01-14 01:00:00,2025-01-13 22:00:00,2025-01-14 04:00:00,NORMAL,GROUP__T0289__0012,CONTROL,0.0,0.0,85.0,68.0,86.0,122.0,168.0
CONTROL__T0289__2025031101,T0289,2025-03-11 01:00:00,2025-03-10 22:00:00,2025-03-11 04:00:00,NORMAL,GROUP__T0289__0012,CONTROL,0.0,0.0,0.0,0.0,0.0,0.0,0.0
CONTROL__T0290__2025031801,T0290,2025-03-18 01:00:00,2025-03-17 22:00:00,2025-03-18 04:00:00,NORMAL,GROUP__T0290__0012,CONTROL,0.0,0.0,0.0,0.0,0.0,0.0,0.0
CONTROL__T0290__2025012801,T0290,2025-01-28 01:00:00,2025-01-27 22:00:00,2025-01-28 04:00:00,NORMAL,GROUP__T0290__0012,CONTROL,0.0,0.0,53.0,54.0,58.0,102.0,162.0
CONTROL__T0479-PR__2025081201,T0479-PR,2025-08-12 01:00:00,2025-08-11 22:00:00,2025-08-12 04:00:00,NORMAL,GROUP__T0479-PR__0012,CONTROL,33.0,29.0,135.0,60.0,52.0,73.0,149.0
CONTROL__T0479-PR__2025061701,T0479-PR,2025-06-17 01:00:00,2025-06-16 22:00:00,2025-06-17 04:00:00,NORMAL,GROUP__T0479-PR__0012,CONTROL,299.0,192.0,56.0,71.0,96.0,221.0,781.0
CONTROL__55049__2025030403,55049,2025-03-04 03:00:00,2025-03-04 00:00:00,2025-03-04 06:00:00,NORMAL,GROUP__55049__0010,CONTROL,0.0,0.0,0.0,0.0,0.0,0.0,11.0
CONTROL__55049__2025051303,55049,2025-05-13 03:00:00,2025-05-13 00:00:00,2025-05-13 06:00:00,NORMAL,GROUP__55049__0010,CONTROL,32.0,20.0,16.0,27.0,137.0,420.0,921.0
CONTROL__33014__2025062406,33014,2025-06-24 06:00:00,2025-06-24 03:00:00,2025-06-24 09:00:00,NORMAL,GROUP__33014__0046,CONTROL,17.0,49.0,56.0,142.0,140.0,133.0,173.0
CONTROL__33014__2025050606,33014,2025-05-06 06:00:00,2025-05-06 03:00:00,2025-05-06 09:00:00,NORMAL,GROUP__33014__0046,CONTROL,25.0,35.0,98.0,238.0,191.0,154.0,200.0
CONTROL__7251__2025070822,7251,2025-07-08 22:00:00,2025-07-08 19:00:00,2025-07-09 01:00:00,NORMAL,GROUP__7251__0034,CONTROL,54.0,35.0,43.0,38.0,31.0,249.0,161.0
CONTROL__7251__2025032522,7251,2025-03-25 22:00:00,2025-03-25 19:00:00,2025-03-26 01:00:00,NORMAL,GROUP__7251__0034,CONTROL,0.0,0.0,0.0,0.0,0.0,0.0,0.0
CONTROL__53004__2025100806,53004,2025-10-08 06:00:00,2025-10-08 03:00:00,2025-10-08 09:00:00,NORMAL,GROUP__53004__0047,CONTROL,54.0,186.0,586.0,1282.0,1838.0,1747.0,1693.0
CONTROL__53004__2025060406,53004,2025-06-04 06:00:00,2025-06-04 03:00:00,2025-06-04 09:00:00,NORMAL,GROUP__53004__0047,CONTROL,54.0,192.0,721.0,1499.0,2349.0,2071.0,1678.0
CONTROL__7168__2025071617,7168,2025-07-16 17:00:00,2025-07-16 14:00:00,2025-07-16 20:00:00,NORMAL,GROUP__7168__0018,CONTROL,102.0,117.0,83.0,80.0,67.0,34.0,18.0
CONTROL__7168__2025052117,7168,2025-05-21 17:00:00,2025-05-21 14:00:00,2025-05-21 20:00:00,NORMAL,GROUP__7168__0018,CONTROL,754.0,965.0,1020.0,756.0,742.0,340.0,285.0
CONTROL__74229__2025103005,74229,2025-10-30 05:00:00,2025-10-30 02:00:00,2025-10-30 08:00:00,NORMAL,GROUP__74229__0006,CONTROL,21.0,36.0,127.0,524.0,867.0,976.0,775.0
CONTROL__74229__2025040305,74229,2025-04-03 05:00:00,2025-04-03 02:00:00,2025-04-03 08:00:00,NORMAL,GROUP__74229__0006,CONTROL,7.0,13.0,37.0,128.0,103.0,102.0,74.0
CONTROL__23067__2025070319,23067,2025-07-03 19:00:00,2025-07-03 16:00:00,2025-07-03 22:00:00,NORMAL,GROUP__23067__0040,CONTROL,79.0,74.0,69.0,59.0,38.0,44.0,50.0
CONTROL__23067__2025041019,23067,2025-04-10 19:00:00,2025-04-10 16:00:00,2025-04-10 22:00:00,NORMAL,GROUP__23067__0040,CONTROL,2189.0,2284.0,1857.0,1280.0,1113.0,1200.0,1125.0
CONTROL__74229__2025060521,74229,2025-06-05 21:00:00,2025-06-05 18:00:00,2025-06-06 00:00:00,NORMAL,GROUP__74229__0007,CONTROL,47.0,32.0,23.0,17.0,11.0,7.0,3.0
CONTROL__74229__2025070321,74229,2025-07-03 21:00:00,2025-07-03 18:00:00,2025-07-04 00:00:00,NORMAL,GROUP__74229__0007,CONTROL,1180.0,875.0,667.0,612.0,486.0,222.0,41.0
CONTROL__9658__2025061222,9658,2025-06-12 22:00:00,2025-06-12 19:00:00,2025-06-13 01:00:00,NORMAL,GROUP__9658__0033,CONTROL,859.0,702.0,681.0,517.0,302.0,31.0,37.0
CONTROL__9658__2025090422,9658,2025-09-04 22:00:00,2025-09-04 19:00:00,2025-09-05 01:00:00,NORMAL,GROUP__9658__0033,CONTROL,876.0,727.0,714.0,533.0,344.0,20.0,16.0
CONTROL__9658__2025052222,9658,2025-05-22 22:00:00,2025-05-22 19:00:00,2025-05-23 01:00:00,NORMAL,GROUP__9658__0033,CONTROL,789.0,666.0,528.0,437.0,291.0,143.0,117.0
CONTROL__9658__2025011622,9658,2025-01-16 22:00:00,2025-01-16 19:00:00,2025-01-17 01:00:00,NORMAL,GROUP__9658__0033,CONTROL,815.0,648.0,638.0,566.0,362.0,0.0,0.0
CONTROL__F3FWY003__2025070401,F3FWY003,2025-07-04 01:00:00,2025-07-03 22:00:00,2025-07-04 04:00:00,NORMAL,GROUP__F3FWY003__0043,CONTROL,0.0,0.0,0.0,0.0,0.0,0.0,0.0
CONTROL__F3FWY003__2025081501,F3FWY003,2025-08-15 01:00:00,2025-08-14 22:00:00,2025-08-15 04:00:00,NORMAL,GROUP__F3FWY003__0043,CONTROL,603.0,391.0,133.0,99.0,81.0,81.0,199.0
CONTROL__33014__2025012402,33014,2025-01-24 02:00:00,2025-01-23 23:00:00,2025-01-24 05:00:00,NORMAL,GROUP__33014__0047,CONTROL,26.0,14.0,9.0,21.0,41.0,80.0,186.0
CONTROL__33014__2025082202,33014,2025-08-22 02:00:00,2025-08-21 23:00:00,2025-08-22 05:00:00,NORMAL,GROUP__33014__0047,CONTROL,0.0,0.0,0.0,0.0,0.0,0.0,0.0
CONTROL__7248__2025090505,7248,2025-09-05 05:00:00,2025-09-05 02:00:00,2025-09-05 08:00:00,NORMAL,GROUP__7248__0041,CONTROL,99.0,152.0,335.0,1056.0,1119.0,1193.0,1249.0
CONTROL__7248__2025022105,7248,2025-02-21 05:00:00,2025-02-21 02:00:00,2025-02-21 08:00:00,NORMAL,GROUP__7248__0041,CONTROL,0.0,0.0,0.0,0.0,0.0,0.0,0.0
CONTROL__7119-PR__2025030706,7119-PR,2025-03-07 06:00:00,2025-03-07 03:00:00,2025-03-07 09:00:00,NORMAL,GROUP__7119-PR__0014,CONTROL,0.0,0.0,0.0,0.0,0.0,0.0,0.0
CONTROL__7119-PR__2025112806,7119-PR,2025-11-28 06:00:00,2025-11-28 03:00:00,2025-11-28 09:00:00,NORMAL,GROUP__7119-PR__0014,CONTROL,56.0,125.0,415.0,697.0,994.0,1189.0,1128.0
CONTROL__7161__2025070422,7161,2025-07-04 22:00:00,2025-07-04 19:00:00,2025-07-05 01:00:00,NORMAL,GROUP__7161__0028,CONTROL,74.0,44.0,29.0,28.0,31.0,177.0,100.0
CONTROL__7161__2025080122,7161,2025-08-01 22:00:00,2025-08-01 19:00:00,2025-08-02 01:00:00,NORMAL,GROUP__7161__0028,CONTROL,59.0,45.0,40.0,30.0,20.0,170.0,101.0
CONTROL__55049__2025080204,55049,2025-08-02 04:00:00,2025-08-02 01:00:00,2025-08-02 07:00:00,NORMAL,GROUP__55049__0011,CONTROL,86.0,62.0,41.0,51.0,85.0,252.0,408.0
CONTROL__55049__2025070504,55049,2025-07-05 04:00:00,2025-07-05 01:00:00,2025-07-05 07:00:00,NORMAL,GROUP__55049__0011,CONTROL,0.0,0.0,0.0,0.0,0.0,0.0,0.0
CONTROL__7163__2025091407,7163,2025-09-14 07:00:00,2025-09-14 04:00:00,2025-09-14 10:00:00,NORMAL,GROUP__7163__0042,CONTROL,102.0,128.0,175.0,276.0,370.0,559.0,656.0
CONTROL__7163__2025051807,7163,2025-05-18 07:00:00,2025-05-18 04:00:00,2025-05-18 10:00:00,NORMAL,GROUP__7163__0042,CONTROL,9.0,11.0,25.0,30.0,39.0,41.0,42.0
CONTROL__F3FWY006__2025022308,F3FWY006,2025-02-23 08:00:00,2025-02-23 05:00:00,2025-02-23 11:00:00,NORMAL,GROUP__F3FWY006__0006,CONTROL,0.0,0.0,0.0,0.0,0.0,0.0,0.0
CONTROL__F3FWY006__2025122808,F3FWY006,2025-12-28 08:00:00,2025-12-28 05:00:00,2025-12-28 11:00:00,NORMAL,GROUP__F3FWY006__0006,CONTROL,0.0,0.0,0.0,0.0,0.0,0.0,0.0
CONTROL__68025__2025071321,68025,2025-07-13 21:00:00,2025-07-13 18:00:00,2025-07-14 00:00:00,NORMAL,GROUP__68025__0047,CONTROL,825.0,623.0,529.0,475.0,294.0,168.0,10.0
CONTROL__68025__2025122821,68025,2025-12-28 21:00:00,2025-12-28 18:00:00,2025-12-29 00:00:00,NORMAL,GROUP__68025__0047,CONTROL,25.0,26.0,36.0,21.0,18.0,12.0,6.0
CONTROL__7112__2025083122,7112,2025-08-31 22:00:00,2025-08-31 19:00:00,2025-09-01 01:00:00,NORMAL,GROUP__7112__0061,CONTROL,616.0,601.0,501.0,332.0,199.0,107.0,65.0
CONTROL__7112__2025072722,7112,2025-07-27 22:00:00,2025-07-27 19:00:00,2025-07-28 01:00:00,NORMAL,GROUP__7112__0061,CONTROL,45.0,24.0,30.0,26.0,12.0,128.0,89.0
CONTROL__7184__2025100605,7184,2025-10-06 05:00:00,2025-10-06 02:00:00,2025-10-06 08:00:00,NORMAL,GROUP__7184__0036,CONTROL,100.0,84.0,106.0,196.0,359.0,525.0,749.0
CONTROL__7184__2025031005,7184,2025-03-10 05:00:00,2025-03-10 02:00:00,2025-03-10 08:00:00,NORMAL,GROUP__7184__0036,CONTROL,62.0,88.0,220.0,781.0,1784.0,2835.0,2275.0
CONTROL__53004__2025081807,53004,2025-08-18 07:00:00,2025-08-18 04:00:00,2025-08-18 10:00:00,NORMAL,GROUP__53004__0048,CONTROL,186.0,613.0,1370.0,2267.0,2183.0,1414.0,1127.0
CONTROL__53004__2025120807,53004,2025-12-08 07:00:00,2025-12-08 04:00:00,2025-12-08 10:00:00,NORMAL,GROUP__53004__0048,CONTROL,33.0,108.0,269.0,204.0,134.0,146.0,150.0
CONTROL__53004__2025110307,53004,2025-11-03 07:00:00,2025-11-03 04:00:00,2025-11-03 10:00:00,NORMAL,GROUP__53004__0048,CONTROL,191.0,611.0,1498.0,2259.0,2135.0,1395.0,1177.0
CONTROL__53004__2025082507,53004,2025-08-25 07:00:00,2025-08-25 04:00:00,2025-08-25 10:00:00,NORMAL,GROUP__53004__0048,CONTROL,24.0,44.0,93.0,114.0,106.0,135.0,141.0
CONTROL__7163__2025041420,7163,2025-04-14 20:00:00,2025-04-14 17:00:00,2025-04-14 23:00:00,NORMAL,GROUP__7163__0043,CONTROL,68.0,61.0,39.0,37.0,31.0,33.0,17.0
CONTROL__7163__2025062320,7163,2025-06-23 20:00:00,2025-06-23 17:00:00,2025-06-23 23:00:00,NORMAL,GROUP__7163__0043,CONTROL,565.0,532.0,401.0,343.0,0.0,0.0,0.0
CONTROL__7150__2025111721,7150,2025-11-17 21:00:00,2025-11-17 18:00:00,2025-11-18 00:00:00,NORMAL,GROUP__7150__0007,CONTROL,46.0,40.0,39.0,27.0,13.0,7.0,5.0
CONTROL__7150__2025042821,7150,2025-04-28 21:00:00,2025-04-28 18:00:00,2025-04-29 00:00:00,NORMAL,GROUP__7150__0007,CONTROL,50.0,29.0,30.0,25.0,10.0,9.0,6.0
CONTROL__7120__2025062403,7120,2025-06-24 03:00:00,2025-06-24 00:00:00,2025-06-24 06:00:00,NORMAL,GROUP__7120__0061,CONTROL,8.0,7.0,8.0,18.0,27.0,67.0,114.0
CONTROL__7120__2025052703,7120,2025-05-27 03:00:00,2025-05-27 00:00:00,2025-05-27 06:00:00,NORMAL,GROUP__7120__0061,CONTROL,7.0,11.0,6.0,17.0,34.0,51.0,115.0
CONTROL__7121__2025110403,7121,2025-11-04 03:00:00,2025-11-04 00:00:00,2025-11-04 06:00:00,NORMAL,GROUP__7121__0061,CONTROL,0.0,0.0,0.0,0.0,0.0,0.0,0.0
CONTROL__7121__2025040803,7121,2025-04-08 03:00:00,2025-04-08 00:00:00,2025-04-08 06:00:00,NORMAL,GROUP__7121__0061,CONTROL,42.0,31.0,30.0,32.0,44.0,100.0,235.0
CONTROL__7120__2025031103,7120,2025-03-11 03:00:00,2025-03-11 00:00:00,2025-03-11 06:00:00,NORMAL,GROUP__7120__0061,CONTROL,0.0,0.0,0.0,0.0,0.0,0.0,0.0
CONTROL__7120__2025031803,7120,2025-03-18 03:00:00,2025-03-18 00:00:00,2025-03-18 06:00:00,NORMAL,GROUP__7120__0061,CONTROL,0.0,0.0,0.0,0.0,0.0,0.0,0.0
CONTROL__7121__2025010703,7121,2025-01-07 03:00:00,2025-01-07 00:00:00,2025-01-07 06:00:00,NORMAL,GROUP__7121__0061,CONTROL,8.0,7.0,6.0,2.0,4.0,13.0,15.0
CONTROL__7121__2025070803,7121,2025-07-08 03:00:00,2025-07-08 00:00:00,2025-07-08 06:00:00,NORMAL,GROUP__7121__0061,CONTROL,49.0,26.0,24.0,34.0,41.0,90.0,193.0
CONTROL__7120__2025091607,7120,2025-09-16 07:00:00,2025-09-16 04:00:00,2025-09-16 10:00:00,NORMAL,GROUP__7120__0061,CONTROL,28.0,66.0,95.0,88.0,75.0,85.0,102.0
CONTROL__7120__2025101407,7120,2025-10-14 07:00:00,2025-10-14 04:00:00,2025-10-14 10:00:00,NORMAL,GROUP__7120__0061,CONTROL,157.0,595.0,767.0,730.0,677.0,748.0,699.0
CONTROL__7121__2025070807,7121,2025-07-08 07:00:00,2025-07-08 04:00:00,2025-07-08 10:00:00,NORMAL,GROUP__7121__0061,CONTROL,41.0,90.0,193.0,311.0,421.0,375.0,340.0
CONTROL__7121__2025051307,7121,2025-05-13 07:00:00,2025-05-13 04:00:00,2025-05-13 10:00:00,NORMAL,GROUP__7121__0061,CONTROL,1.0,3.0,4.0,5.0,11.0,8.0,8.0
CONTROL__7126__2025070110,7126,2025-07-01 10:00:00,2025-07-01 07:00:00,2025-07-01 13:00:00,NORMAL,GROUP__7126__0018,CONTROL,58.0,46.0,48.0,57.0,57.0,46.0,54.0
CONTROL__7126__2025091610,7126,2025-09-16 10:00:00,2025-09-16 07:00:00,2025-09-16 13:00:00,NORMAL,GROUP__7126__0018,CONTROL,73.0,70.0,69.0,56.0,72.0,52.0,74.0
CONTROL__F3FWY003__2025012819,F3FWY003,2025-01-28 19:00:00,2025-01-28 16:00:00,2025-01-28 22:00:00,NORMAL,GROUP__F3FWY003__0044,CONTROL,0.0,0.0,0.0,0.0,0.0,0.0,0.0
CONTROL__F3FWY003__2025112519,F3FWY003,2025-11-25 19:00:00,2025-11-25 16:00:00,2025-11-25 22:00:00,NORMAL,GROUP__F3FWY003__0044,CONTROL,614.0,505.0,387.0,334.0,266.0,222.0,207.0
CONTROL__33014__2025082621,33014,2025-08-26 21:00:00,2025-08-26 18:00:00,2025-08-27 00:00:00,NORMAL,GROUP__33014__0048,CONTROL,0.0,0.0,0.0,0.0,0.0,0.0,0.0
CONTROL__33014__2025072221,33014,2025-07-22 21:00:00,2025-07-22 18:00:00,2025-07-23 00:00:00,NORMAL,GROUP__33014__0048,CONTROL,0.0,0.0,0.0,0.0,0.0,0.0,0.0
CONTROL__10011__2025022605,10011,2025-02-26 05:00:00,2025-02-26 02:00:00,2025-02-26 08:00:00,NORMAL,GROUP__10011__0041,CONTROL,0.0,0.0,0.0,0.0,0.0,0.0,0.0
CONTROL__10011__2025092405,10011,2025-09-24 05:00:00,2025-09-24 02:00:00,2025-09-24 08:00:00,NORMAL,GROUP__10011__0041,CONTROL,0.0,0.0,0.0,0.0,0.0,0.0,0.0
CONTROL__7139__2025073005,7139,2025-07-30 05:00:00,2025-07-30 02:00:00,2025-07-30 08:00:00,NORMAL,GROUP__7139__0041,CONTROL,15.0,23.0,22.0,51.0,167.0,219.0,242.0
CONTROL__7139__2025040205,7139,2025-04-02 05:00:00,2025-04-02 02:00:00,2025-04-02 08:00:00,NORMAL,GROUP__7139__0041,CONTROL,10.0,8.0,21.0,63.0,177.0,219.0,263.0
CONTROL__F3FWY001__2025032605,F3FWY001,2025-03-26 05:00:00,2025-03-26 02:00:00,2025-03-26 08:00:00,NORMAL,GROUP__F3FWY001__0010,CONTROL,0.0,0.0,52.0,311.0,458.0,515.0,269.0
CONTROL__F3FWY001__2025122405,F3FWY001,2025-12-24 05:00:00,2025-12-24 02:00:00,2025-12-24 08:00:00,NORMAL,GROUP__F3FWY001__0010,CONTROL,135.0,212.0,404.0,855.0,1330.0,1720.0,2254.0
CONTROL__53003__2025120320,53003,2025-12-03 20:00:00,2025-12-03 17:00:00,2025-12-03 23:00:00,NORMAL,GROUP__53003__0015,CONTROL,100.0,88.0,70.0,76.0,40.0,31.0,26.0
CONTROL__53003__2025012220,53003,2025-01-22 20:00:00,2025-01-22 17:00:00,2025-01-22 23:00:00,NORMAL,GROUP__53003__0015,CONTROL,665.0,599.0,498.0,360.0,346.0,290.0,198.0
CONTROL__7112__2025112002,7112,2025-11-20 02:00:00,2025-11-19 23:00:00,2025-11-20 05:00:00,NORMAL,GROUP__7112__0062,CONTROL,31.0,164.0,98.0,75.0,92.0,230.0,947.0
CONTROL__7112__2025090402,7112,2025-09-04 02:00:00,2025-09-03 23:00:00,2025-09-04 05:00:00,NORMAL,GROUP__7112__0062,CONTROL,282.0,144.0,73.0,66.0,102.0,222.0,875.0
CONTROL__50240__2025013003,50240,2025-01-30 03:00:00,2025-01-30 00:00:00,2025-01-30 06:00:00,NORMAL,GROUP__50240__0047,CONTROL,141.0,92.0,92.0,125.0,271.0,666.0,769.0
CONTROL__50240__2025110603,50240,2025-11-06 03:00:00,2025-11-06 00:00:00,2025-11-06 06:00:00,NORMAL,GROUP__50240__0047,CONTROL,43.0,60.0,69.0,87.0,158.0,379.0,554.0
CONTROL__50240__2025102303,50240,2025-10-23 03:00:00,2025-10-23 00:00:00,2025-10-23 06:00:00,NORMAL,GROUP__50240__0047,CONTROL,38.0,53.0,50.0,102.0,166.0,377.0,557.0
CONTROL__50240__2025122503,50240,2025-12-25 03:00:00,2025-12-25 00:00:00,2025-12-25 06:00:00,NORMAL,GROUP__50240__0047,CONTROL,300.0,241.0,140.0,108.0,125.0,249.0,293.0
CONTROL__33014__2025012303,33014,2025-01-23 03:00:00,2025-01-23 00:00:00,2025-01-23 06:00:00,NORMAL,GROUP__33014__0049,CONTROL,13.0,28.0,17.0,36.0,53.0,124.0,178.0
CONTROL__33014__2025022003,33014,2025-02-20 03:00:00,2025-02-20 00:00:00,2025-02-20 06:00:00,NORMAL,GROUP__33014__0049,CONTROL,0.0,0.0,0.0,0.0,0.0,0.0,0.0
CONTROL__33014__2025042403,33014,2025-04-24 03:00:00,2025-04-24 00:00:00,2025-04-24 06:00:00,NORMAL,GROUP__33014__0049,CONTROL,21.0,12.0,20.0,19.0,43.0,52.0,136.0
CONTROL__33014__2025032003,33014,2025-03-20 03:00:00,2025-03-20 00:00:00,2025-03-20 06:00:00,NORMAL,GROUP__33014__0049,CONTROL,74.0,65.0,94.0,209.0,631.0,1419.0,2121.0
CONTROL__74230__2025020604,74230,2025-02-06 04:00:00,2025-02-06 01:00:00,2025-02-06 07:00:00,NORMAL,GROUP__74230__0020,CONTROL,0.0,0.0,0.0,0.0,0.0,0.0,0.0
CONTROL__74230__2025051504,74230,2025-05-15 04:00:00,2025-05-15 01:00:00,2025-05-15 07:00:00,NORMAL,GROUP__74230__0020,CONTROL,1.0,0.0,1.0,2.0,4.0,9.0,9.0
CONTROL__74230__2025061904,74230,2025-06-19 04:00:00,2025-06-19 01:00:00,2025-06-19 07:00:00,NORMAL,GROUP__74230__0020,CONTROL,11.0,7.0,11.0,26.0,102.0,212.0,246.0
CONTROL__74230__2025091104,74230,2025-09-11 04:00:00,2025-09-11 01:00:00,2025-09-11 07:00:00,NORMAL,GROUP__74230__0020,CONTROL,0.0,0.0,0.0,1.0,7.0,5.0,10.0
CONTROL__7270__2025051505,7270,2025-05-15 05:00:00,2025-05-15 02:00:00,2025-05-15 08:00:00,NORMAL,GROUP__7270__0022,CONTROL,77.0,125.0,334.0,1163.0,1999.0,1304.0,1428.0
CONTROL__7270__2025041705,7270,2025-04-17 05:00:00,2025-04-17 02:00:00,2025-04-17 08:00:00,NORMAL,GROUP__7270__0022,CONTROL,76.0,149.0,357.0,1205.0,1679.0,1517.0,1526.0
CONTROL__9836-PR__2025081407,9836-PR,2025-08-14 07:00:00,2025-08-14 04:00:00,2025-08-14 10:00:00,NORMAL,GROUP__9836-PR__0008,CONTROL,121.0,274.0,664.0,1112.0,1060.0,980.0,1100.0
CONTROL__9836-PR__2025030607,9836-PR,2025-03-06 07:00:00,2025-03-06 04:00:00,2025-03-06 10:00:00,NORMAL,GROUP__9836-PR__0008,CONTROL,0.0,0.0,0.0,0.0,0.0,0.0,0.0
CONTROL__74230__2025060521,74230,2025-06-05 21:00:00,2025-06-05 18:00:00,2025-06-06 00:00:00,NORMAL,GROUP__74230__0021,CONTROL,457.0,284.0,215.0,252.0,174.0,82.0,0.0
CONTROL__74230__2025122521,74230,2025-12-25 21:00:00,2025-12-25 18:00:00,2025-12-26 00:00:00,NORMAL,GROUP__74230__0021,CONTROL,48.0,38.0,33.0,22.0,24.0,4.0,6.0
CONTROL__7120__2025100922,7120,2025-10-09 22:00:00,2025-10-09 19:00:00,2025-10-10 01:00:00,NORMAL,GROUP__7120__0062,CONTROL,28.0,15.0,26.0,12.0,14.0,16.0,18.0
CONTROL__7120__2025062622,7120,2025-06-26 22:00:00,2025-06-26 19:00:00,2025-06-27 01:00:00,NORMAL,GROUP__7120__0062,CONTROL,45.0,27.0,21.0,13.0,15.0,7.0,6.0
CONTROL__7121__2025091822,7121,2025-09-18 22:00:00,2025-09-18 19:00:00,2025-09-19 01:00:00,NORMAL,GROUP__7121__0062,CONTROL,26.0,15.0,15.0,12.0,12.0,3.0,4.0
CONTROL__7121__2025112722,7121,2025-11-27 22:00:00,2025-11-27 19:00:00,2025-11-28 01:00:00,NORMAL,GROUP__7121__0062,CONTROL,440.0,399.0,474.0,276.0,151.0,147.0,88.0
CONTROL__7159__2025032722,7159,2025-03-27 22:00:00,2025-03-27 19:00:00,2025-03-28 01:00:00,NORMAL,GROUP__7159__0011,CONTROL,69.0,57.0,55.0,43.0,39.0,30.0,27.0
CONTROL__7159__2025091122,7159,2025-09-11 22:00:00,2025-09-11 19:00:00,2025-09-12 01:00:00,NORMAL,GROUP__7159__0011,CONTROL,63.0,61.0,45.0,48.0,32.0,205.0,124.0
CONTROL__7179__2025110700,7179,2025-11-07 00:00:00,2025-11-06 21:00:00,2025-11-07 03:00:00,NORMAL,GROUP__7179__0090,CONTROL,127.0,105.0,65.0,366.0,221.0,174.0,233.0
CONTROL__7179__2025022800,7179,2025-02-28 00:00:00,2025-02-27 21:00:00,2025-02-28 03:00:00,NORMAL,GROUP__7179__0090,CONTROL,0.0,0.0,0.0,0.0,0.0,0.0,0.0
CONTROL__53003__2025053004,53003,2025-05-30 04:00:00,2025-05-30 01:00:00,2025-05-30 07:00:00,NORMAL,GROUP__53003__0016,CONTROL,85.0,54.0,87.0,308.0,1113.0,2139.0,2382.0
CONTROL__53003__2025030704,53003,2025-03-07 04:00:00,2025-03-07 01:00:00,2025-03-07 07:00:00,NORMAL,GROUP__53003__0016,CONTROL,0.0,0.0,0.0,105.0,392.0,1075.0,1615.0
CONTROL__50240__2025062020,50240,2025-06-20 20:00:00,2025-06-20 17:00:00,2025-06-20 23:00:00,NORMAL,GROUP__50240__0048,CONTROL,264.0,193.0,141.0,99.0,75.0,78.0,58.0
CONTROL__50240__2025052320,50240,2025-05-23 20:00:00,2025-05-23 17:00:00,2025-05-23 23:00:00,NORMAL,GROUP__50240__0048,CONTROL,178.0,170.0,127.0,73.0,64.0,54.0,50.0
CONTROL__74230__2025051005,74230,2025-05-10 05:00:00,2025-05-10 02:00:00,2025-05-10 08:00:00,NORMAL,GROUP__74230__0022,CONTROL,1.0,0.0,2.0,3.0,4.0,5.0,5.0
CONTROL__74230__2025092005,74230,2025-09-20 05:00:00,2025-09-20 02:00:00,2025-09-20 08:00:00,NORMAL,GROUP__74230__0022,CONTROL,10.0,12.0,24.0,60.0,145.0,264.0,364.0
CONTROL__T0288__2025071213,T0288,2025-07-12 13:00:00,2025-07-12 10:00:00,2025-07-12 16:00:00,NORMAL,GROUP__T0288__0013,CONTROL,0.0,0.0,0.0,0.0,0.0,0.0,0.0
CONTROL__T0288__2025090613,T0288,2025-09-06 13:00:00,2025-09-06 10:00:00,2025-09-06 16:00:00,NORMAL,GROUP__T0288__0013,CONTROL,0.0,0.0,0.0,0.0,0.0,0.0,0.0
CONTROL__T0289__2025012513,T0289,2025-01-25 13:00:00,2025-01-25 10:00:00,2025-01-25 16:00:00,NORMAL,GROUP__T0289__0013,CONTROL,0.0,0.0,3.0,3.0,0.0,1.0,1.0
CONTROL__T0289__2025050313,T0289,2025-05-03 13:00:00,2025-05-03 10:00:00,2025-05-03 16:00:00,NORMAL,GROUP__T0289__0013,CONTROL,82.0,70.0,65.0,69.0,65.0,58.0,60.0
CONTROL__T0290__2025080213,T0290,2025-08-02 13:00:00,2025-08-02 10:00:00,2025-08-02 16:00:00,NORMAL,GROUP__T0290__0013,CONTROL,0.0,1.0,3.0,0.0,0.0,3.0,0.0
CONTROL__T0290__2025062813,T0290,2025-06-28 13:00:00,2025-06-28 10:00:00,2025-06-28 16:00:00,NORMAL,GROUP__T0290__0013,CONTROL,1.0,2.0,1.0,0.0,2.0,1.0,1.0
CONTROL__T0479-PR__2025042613,T0479-PR,2025-04-26 13:00:00,2025-04-26 10:00:00,2025-04-26 16:00:00,NORMAL,GROUP__T0479-PR__0013,CONTROL,149.0,137.0,160.0,168.0,185.0,168.0,153.0
CONTROL__T0479-PR__2025051713,T0479-PR,2025-05-17 13:00:00,2025-05-17 10:00:00,2025-05-17 16:00:00,NORMAL,GROUP__T0479-PR__0013,CONTROL,243.0,236.0,231.0,264.0,250.0,227.0,249.0
CONTROL__7179__2025072622,7179,2025-07-26 22:00:00,2025-07-26 19:00:00,2025-07-27 01:00:00,NORMAL,GROUP__7179__0091,CONTROL,1558.0,1256.0,1306.0,1170.0,940.0,42.0,28.0
CONTROL__7179__2025122722,7179,2025-12-27 22:00:00,2025-12-27 19:00:00,2025-12-28 01:00:00,NORMAL,GROUP__7179__0091,CONTROL,1067.0,956.0,927.0,900.0,732.0,35.0,28.0
CONTROL__74229__2025010500,74229,2025-01-05 00:00:00,2025-01-04 21:00:00,2025-01-05 03:00:00,NORMAL,GROUP__74229__0008,CONTROL,416.0,282.0,181.0,79.0,60.0,30.0,17.0
CONTROL__74229__2025082400,74229,2025-08-24 00:00:00,2025-08-23 21:00:00,2025-08-24 03:00:00,NORMAL,GROUP__74229__0008,CONTROL,467.0,378.0,200.0,269.0,118.0,80.0,62.0
CONTROL__7112__2025080309,7112,2025-08-03 09:00:00,2025-08-03 06:00:00,2025-08-03 12:00:00,NORMAL,GROUP__7112__0063,CONTROL,389.0,412.0,544.0,756.0,966.0,1136.0,1175.0
CONTROL__7112__2025022309,7112,2025-02-23 09:00:00,2025-02-23 06:00:00,2025-02-23 12:00:00,NORMAL,GROUP__7112__0063,CONTROL,0.0,0.0,0.0,0.0,0.0,0.0,0.0
CONTROL__7270__2025031617,7270,2025-03-16 17:00:00,2025-03-16 14:00:00,2025-03-16 20:00:00,NORMAL,GROUP__7270__0023,CONTROL,78.0,82.0,66.0,78.0,85.0,61.0,60.0
CONTROL__7270__2025071317,7270,2025-07-13 17:00:00,2025-07-13 14:00:00,2025-07-13 20:00:00,NORMAL,GROUP__7270__0023,CONTROL,89.0,80.0,89.0,70.0,74.0,66.0,54.0
CONTROL__7270__2025061517,7270,2025-06-15 17:00:00,2025-06-15 14:00:00,2025-06-15 20:00:00,NORMAL,GROUP__7270__0023,CONTROL,1673.0,1634.0,1507.0,1487.0,1285.0,1077.0,868.0
CONTROL__7270__2025101217,7270,2025-10-12 17:00:00,2025-10-12 14:00:00,2025-10-12 20:00:00,NORMAL,GROUP__7270__0023,CONTROL,1452.0,1594.0,1374.0,1571.0,1079.0,966.0,802.0
CONTROL__53004__2025083120,53004,2025-08-31 20:00:00,2025-08-31 17:00:00,2025-08-31 23:00:00,NORMAL,GROUP__53004__0049,CONTROL,41.0,33.0,26.0,26.0,16.0,15.0,14.0
CONTROL__53004__2025080320,53004,2025-08-03 20:00:00,2025-08-03 17:00:00,2025-08-03 23:00:00,NORMAL,GROUP__53004__0049,CONTROL,633.0,485.0,377.0,287.0,226.0,148.0,94.0
CONTROL__7132__2025091422,7132,2025-09-14 22:00:00,2025-09-14 19:00:00,2025-09-15 01:00:00,NORMAL,GROUP__7132__0024,CONTROL,22.0,13.0,10.0,9.0,8.0,90.0,64.0
CONTROL__7132__2025061522,7132,2025-06-15 22:00:00,2025-06-15 19:00:00,2025-06-16 01:00:00,NORMAL,GROUP__7132__0024,CONTROL,601.0,469.0,419.0,272.0,151.0,85.0,58.0
CONTROL__74230__2025091503,74230,2025-09-15 03:00:00,2025-09-15 00:00:00,2025-09-15 06:00:00,NORMAL,GROUP__74230__0023,CONTROL,0.0,3.0,2.0,1.0,4.0,17.0,8.0
CONTROL__74230__2025042103,74230,2025-04-21 03:00:00,2025-04-21 00:00:00,2025-04-21 06:00:00,NORMAL,GROUP__74230__0023,CONTROL,1.0,2.0,0.0,2.0,0.0,2.0,6.0
CONTROL__55049__2025110310,55049,2025-11-03 10:00:00,2025-11-03 07:00:00,2025-11-03 13:00:00,NORMAL,GROUP__55049__0012,CONTROL,0.0,0.0,0.0,0.0,0.0,0.0,0.0
CONTROL__55049__2025081810,55049,2025-08-18 10:00:00,2025-08-18 07:00:00,2025-08-18 13:00:00,NORMAL,GROUP__55049__0012,CONTROL,0.0,0.0,0.0,1.0,5.0,6.0,3.0
CONTROL__50240__2025060219,50240,2025-06-02 19:00:00,2025-06-02 16:00:00,2025-06-02 22:00:00,NORMAL,GROUP__50240__0049,CONTROL,232.0,195.0,189.0,123.0,94.0,78.0,68.0
CONTROL__50240__2025112419,50240,2025-11-24 19:00:00,2025-11-24 16:00:00,2025-11-24 22:00:00,NORMAL,GROUP__50240__0049,CONTROL,2165.0,1865.0,1797.0,1405.0,1222.0,1065.0,666.0
CONTROL__22001__2025022421,22001,2025-02-24 21:00:00,2025-02-24 18:00:00,2025-02-25 00:00:00,NORMAL,GROUP__22001__0014,CONTROL,0.0,0.0,0.0,0.0,0.0,0.0,0.0
CONTROL__22001__2025082521,22001,2025-08-25 21:00:00,2025-08-25 18:00:00,2025-08-26 00:00:00,NORMAL,GROUP__22001__0014,CONTROL,0.0,0.0,0.0,0.0,0.0,0.0,0.0
CONTROL__T0288__2025012804,T0288,2025-01-28 04:00:00,2025-01-28 01:00:00,2025-01-28 07:00:00,NORMAL,GROUP__T0288__0014,CONTROL,54.0,58.0,102.0,163.0,257.0,318.0,255.0
CONTROL__T0288__2025010704,T0288,2025-01-07 04:00:00,2025-01-07 01:00:00,2025-01-07 07:00:00,NORMAL,GROUP__T0288__0014,CONTROL,0.0,4.0,0.0,0.0,0.0,0.0,1.0
CONTROL__T0289__2025020404,T0289,2025-02-04 04:00:00,2025-02-04 01:00:00,2025-02-04 07:00:00,NORMAL,GROUP__T0289__0014,CONTROL,0.0,0.0,0.0,0.0,0.0,0.0,0.0
CONTROL__T0289__2025100704,T0289,2025-10-07 04:00:00,2025-10-07 01:00:00,2025-10-07 07:00:00,NORMAL,GROUP__T0289__0014,CONTROL,0.0,0.0,0.0,0.0,0.0,0.0,0.0
CONTROL__T0290__2025091604,T0290,2025-09-16 04:00:00,2025-09-16 01:00:00,2025-09-16 07:00:00,NORMAL,GROUP__T0290__0014,CONTROL,0.0,1.0,2.0,1.0,0.0,0.0,2.0
CONTROL__T0290__2025062404,T0290,2025-06-24 04:00:00,2025-06-24 01:00:00,2025-06-24 07:00:00,NORMAL,GROUP__T0290__0014,CONTROL,0.0,0.0,0.0,0.0,0.0,0.0,0.0
CONTROL__T0479-PR__2025012804,T0479-PR,2025-01-28 04:00:00,2025-01-28 01:00:00,2025-01-28 07:00:00,NORMAL,GROUP__T0479-PR__0014,CONTROL,0.0,0.0,0.0,0.0,0.0,0.0,0.0
CONTROL__T0479-PR__2025112504,T0479-PR,2025-11-25 04:00:00,2025-11-25 01:00:00,2025-11-25 07:00:00,NORMAL,GROUP__T0479-PR__0014,CONTROL,12.0,13.0,26.0,104.0,408.0,463.0,322.0
CONTROL__7168__2025070106,7168,2025-07-01 06:00:00,2025-07-01 03:00:00,2025-07-01 09:00:00,NORMAL,GROUP__7168__0019,CONTROL,41.0,103.0,220.0,390.0,540.0,587.0,400.0
CONTROL__7168__2025093006,7168,2025-09-30 06:00:00,2025-09-30 03:00:00,2025-09-30 09:00:00,NORMAL,GROUP__7168__0019,CONTROL,20.0,25.0,55.0,132.0,103.0,98.0,101.0
CONTROL__7163__2025080521,7163,2025-08-05 21:00:00,2025-08-05 18:00:00,2025-08-06 00:00:00,NORMAL,GROUP__7163__0044,CONTROL,725.0,460.0,392.0,314.0,523.0,295.0,187.0
CONTROL__7163__2025020421,7163,2025-02-04 21:00:00,2025-02-04 18:00:00,2025-02-05 00:00:00,NORMAL,GROUP__7163__0044,CONTROL,0.0,0.0,0.0,0.0,0.0,0.0,0.0
CONTROL__33014__2025012122,33014,2025-01-21 22:00:00,2025-01-21 19:00:00,2025-01-22 01:00:00,NORMAL,GROUP__33014__0050,CONTROL,662.0,531.0,290.0,191.0,0.0,20.0,28.0
CONTROL__33014__2025102122,33014,2025-10-21 22:00:00,2025-10-21 19:00:00,2025-10-22 01:00:00,NORMAL,GROUP__33014__0050,CONTROL,0.0,0.0,0.0,0.0,0.0,0.0,0.0
CONTROL__51235__2025011503,51235,2025-01-15 03:00:00,2025-01-15 00:00:00,2025-01-15 06:00:00,NORMAL,GROUP__51235__0045,CONTROL,0.0,0.0,0.0,0.0,0.0,0.0,0.0
CONTROL__51235__2025040903,51235,2025-04-09 03:00:00,2025-04-09 00:00:00,2025-04-09 06:00:00,NORMAL,GROUP__51235__0045,CONTROL,14.0,19.0,13.0,22.0,52.0,158.0,312.0
CONTROL__29005__2025011518,29005,2025-01-15 18:00:00,2025-01-15 15:00:00,2025-01-15 21:00:00,NORMAL,GROUP__29005__0025,CONTROL,0.0,0.0,0.0,0.0,0.0,0.0,0.0
CONTROL__29005__2025091018,29005,2025-09-10 18:00:00,2025-09-10 15:00:00,2025-09-10 21:00:00,NORMAL,GROUP__29005__0025,CONTROL,2785.0,3043.0,3510.0,0.0,1742.0,1377.0,1323.0
CONTROL__68025__2025121019,68025,2025-12-10 19:00:00,2025-12-10 16:00:00,2025-12-10 22:00:00,NORMAL,GROUP__68025__0048,CONTROL,83.0,56.0,44.0,32.0,27.0,15.0,20.0
CONTROL__68025__2025060419,68025,2025-06-04 19:00:00,2025-06-04 16:00:00,2025-06-04 22:00:00,NORMAL,GROUP__68025__0048,CONTROL,933.0,1080.0,885.0,762.0,526.0,448.0,327.0
CONTROL__22001__2025030520,22001,2025-03-05 20:00:00,2025-03-05 17:00:00,2025-03-05 23:00:00,NORMAL,GROUP__22001__0015,CONTROL,940.0,893.0,882.0,760.0,371.0,317.0,201.0
CONTROL__22001__2025010820,22001,2025-01-08 20:00:00,2025-01-08 17:00:00,2025-01-08 23:00:00,NORMAL,GROUP__22001__0015,CONTROL,109.0,74.0,62.0,0.0,0.0,0.0,23.0
CONTROL__7274__2025061120,7274,2025-06-11 20:00:00,2025-06-11 17:00:00,2025-06-11 23:00:00,NORMAL,GROUP__7274__0027,CONTROL,94.0,54.0,69.0,48.0,37.0,27.0,12.0
CONTROL__7274__2025081320,7274,2025-08-13 20:00:00,2025-08-13 17:00:00,2025-08-13 23:00:00,NORMAL,GROUP__7274__0027,CONTROL,992.0,831.0,646.0,526.0,441.0,339.0,199.0
CONTROL__F3FWY003__2025031302,F3FWY003,2025-03-13 02:00:00,2025-03-12 23:00:00,2025-03-13 05:00:00,NORMAL,GROUP__F3FWY003__0045,CONTROL,0.0,0.0,0.0,0.0,0.0,0.0,0.0
CONTROL__F3FWY003__2025112702,F3FWY003,2025-11-27 02:00:00,2025-11-26 23:00:00,2025-11-27 05:00:00,NORMAL,GROUP__F3FWY003__0045,CONTROL,156.0,181.0,98.0,63.0,84.0,243.0,728.0
CONTROL__7120__2025050808,7120,2025-05-08 08:00:00,2025-05-08 05:00:00,2025-05-08 11:00:00,NORMAL,GROUP__7120__0063,CONTROL,58.0,88.0,102.0,76.0,92.0,96.0,93.0
CONTROL__7120__2025041008,7120,2025-04-10 08:00:00,2025-04-10 05:00:00,2025-04-10 11:00:00,NORMAL,GROUP__7120__0063,CONTROL,594.0,755.0,751.0,677.0,768.0,677.0,653.0
CONTROL__7121__2025121808,7121,2025-12-18 08:00:00,2025-12-18 05:00:00,2025-12-18 11:00:00,NORMAL,GROUP__7121__0063,CONTROL,9.0,18.0,27.0,42.0,38.0,38.0,55.0
CONTROL__7121__2025042408,7121,2025-04-24 08:00:00,2025-04-24 05:00:00,2025-04-24 11:00:00,NORMAL,GROUP__7121__0063,CONTROL,18.0,32.0,41.0,53.0,65.0,54.0,51.0
CONTROL__7251__2025081423,7251,2025-08-14 23:00:00,2025-08-14 20:00:00,2025-08-15 02:00:00,NORMAL,GROUP__7251__0035,CONTROL,756.0,724.0,669.0,433.0,25.0,16.0,19.0
CONTROL__7251__2025111323,7251,2025-11-13 23:00:00,2025-11-13 20:00:00,2025-11-14 02:00:00,NORMAL,GROUP__7251__0035,CONTROL,755.0,820.0,696.0,571.0,26.0,12.0,21.0
CONTROL__7120__2025112800,7120,2025-11-28 00:00:00,2025-11-27 21:00:00,2025-11-28 03:00:00,NORMAL,GROUP__7120__0064,CONTROL,0.0,0.0,0.0,11.0,14.0,12.0,19.0
CONTROL__7120__2025061300,7120,2025-06-13 00:00:00,2025-06-12 21:00:00,2025-06-13 03:00:00,NORMAL,GROUP__7120__0064,CONTROL,525.0,406.0,312.0,9.0,7.0,11.0,14.0
CONTROL__7121__2025121900,7121,2025-12-19 00:00:00,2025-12-18 21:00:00,2025-12-19 03:00:00,NORMAL,GROUP__7121__0064,CONTROL,13.0,16.0,7.0,0.0,0.0,0.0,0.0
CONTROL__7121__2025082900,7121,2025-08-29 00:00:00,2025-08-28 21:00:00,2025-08-29 03:00:00,NORMAL,GROUP__7121__0064,CONTROL,8.0,7.0,9.0,79.0,40.0,18.0,32.0
CONTROL__7120__2025101703,7120,2025-10-17 03:00:00,2025-10-17 00:00:00,2025-10-17 06:00:00,NORMAL,GROUP__7120__0064,CONTROL,200.0,90.0,96.0,91.0,180.0,570.0,699.0
CONTROL__7120__2025062703,7120,2025-06-27 03:00:00,2025-06-27 00:00:00,2025-06-27 06:00:00,NORMAL,GROUP__7120__0064,CONTROL,7.0,6.0,10.0,18.0,23.0,63.0,107.0
CONTROL__7121__2025053003,7121,2025-05-30 03:00:00,2025-05-30 00:00:00,2025-05-30 06:00:00,NORMAL,GROUP__7121__0064,CONTROL,4.0,4.0,6.0,12.0,5.0,10.0,22.0
CONTROL__7121__2025112803,7121,2025-11-28 03:00:00,2025-11-28 00:00:00,2025-11-28 06:00:00,NORMAL,GROUP__7121__0064,CONTROL,147.0,88.0,54.0,47.0,69.0,123.0,198.0
CONTROL__F3FWY003__2025060605,F3FWY003,2025-06-06 05:00:00,2025-06-06 02:00:00,2025-06-06 08:00:00,NORMAL,GROUP__F3FWY003__0046,CONTROL,0.0,0.0,0.0,0.0,0.0,0.0,0.0
CONTROL__F3FWY003__2025042505,F3FWY003,2025-04-25 05:00:00,2025-04-25 02:00:00,2025-04-25 08:00:00,NORMAL,GROUP__F3FWY003__0046,CONTROL,0.0,0.0,0.0,0.0,0.0,0.0,0.0
CONTROL__7112__2025112906,7112,2025-11-29 06:00:00,2025-11-29 03:00:00,2025-11-29 09:00:00,NORMAL,GROUP__7112__0064,CONTROL,19.0,27.0,48.0,140.0,145.0,115.0,91.0
CONTROL__7112__2025121306,7112,2025-12-13 06:00:00,2025-12-13 03:00:00,2025-12-13 09:00:00,NORMAL,GROUP__7112__0064,CONTROL,15.0,24.0,63.0,159.0,145.0,117.0,102.0
CONTROL__7112__2025092006,7112,2025-09-20 06:00:00,2025-09-20 03:00:00,2025-09-20 09:00:00,NORMAL,GROUP__7112__0064,CONTROL,18.0,30.0,60.0,166.0,155.0,112.0,107.0
CONTROL__7112__2025022206,7112,2025-02-22 06:00:00,2025-02-22 03:00:00,2025-02-22 09:00:00,NORMAL,GROUP__7112__0064,CONTROL,0.0,0.0,0.0,0.0,0.0,0.0,0.0
CONTROL__7132__2025011811,7132,2025-01-18 11:00:00,2025-01-18 08:00:00,2025-01-18 14:00:00,NORMAL,GROUP__7132__0025,CONTROL,0.0,0.0,0.0,0.0,0.0,0.0,0.0
CONTROL__7132__2025070511,7132,2025-07-05 11:00:00,2025-07-05 08:00:00,2025-07-05 14:00:00,NORMAL,GROUP__7132__0025,CONTROL,49.0,56.0,39.0,47.0,44.0,47.0,28.0
CONTROL__7112__2025112922,7112,2025-11-29 22:00:00,2025-11-29 19:00:00,2025-11-30 01:00:00,NORMAL,GROUP__7112__0065,CONTROL,52.0,22.0,23.0,20.0,27.0,395.0,181.0
CONTROL__7112__2025110122,7112,2025-11-01 22:00:00,2025-11-01 19:00:00,2025-11-02 01:00:00,NORMAL,GROUP__7112__0065,CONTROL,1032.0,821.0,756.0,694.0,496.0,314.0,233.0
CONTROL__7112__2025040600,7112,2025-04-06 00:00:00,2025-04-05 21:00:00,2025-04-06 03:00:00,NORMAL,GROUP__7112__0065,CONTROL,0.0,0.0,0.0,0.0,0.0,0.0,57.0
CONTROL__7112__2025042700,7112,2025-04-27 00:00:00,2025-04-26 21:00:00,2025-04-27 03:00:00,NORMAL,GROUP__7112__0065,CONTROL,14.0,15.0,13.0,18.0,5.0,11.0,14.0
CONTROL__51235__2025091402,51235,2025-09-14 02:00:00,2025-09-13 23:00:00,2025-09-14 05:00:00,NORMAL,GROUP__51235__0046,CONTROL,25.0,13.0,12.0,8.0,10.0,13.0,21.0
CONTROL__51235__2025121402,51235,2025-12-14 02:00:00,2025-12-13 23:00:00,2025-12-14 05:00:00,NORMAL,GROUP__51235__0046,CONTROL,25.0,22.0,9.0,7.0,11.0,9.0,31.0
CONTROL__7179__2025010504,7179,2025-01-05 04:00:00,2025-01-05 01:00:00,2025-01-05 07:00:00,NORMAL,GROUP__7179__0092,CONTROL,0.0,0.0,0.0,169.0,242.0,438.0,445.0
CONTROL__7179__2025083104,7179,2025-08-31 04:00:00,2025-08-31 01:00:00,2025-08-31 07:00:00,NORMAL,GROUP__7179__0092,CONTROL,500.0,352.0,286.0,207.0,269.0,399.0,614.0
CONTROL__F3FWY004__2025100505,F3FWY004,2025-10-05 05:00:00,2025-10-05 02:00:00,2025-10-05 08:00:00,NORMAL,GROUP__F3FWY004__0011,CONTROL,0.0,107.0,161.0,291.0,511.0,892.0,1457.0
CONTROL__F3FWY004__2025110905,F3FWY004,2025-11-09 05:00:00,2025-11-09 02:00:00,2025-11-09 08:00:00,NORMAL,GROUP__F3FWY004__0011,CONTROL,0.0,0.0,4.0,2.0,13.0,50.0,255.0
CONTROL__34016__2025091407,34016,2025-09-14 07:00:00,2025-09-14 04:00:00,2025-09-14 10:00:00,NORMAL,GROUP__34016__0013,CONTROL,34.0,46.0,104.0,221.0,324.0,547.0,698.0
CONTROL__34016__2025030207,34016,2025-03-02 07:00:00,2025-03-02 04:00:00,2025-03-02 10:00:00,NORMAL,GROUP__34016__0013,CONTROL,0.0,0.0,0.0,0.0,1.0,0.0,0.0
CONTROL__74230__2025042710,74230,2025-04-27 10:00:00,2025-04-27 07:00:00,2025-04-27 13:00:00,NORMAL,GROUP__74230__0024,CONTROL,78.0,147.0,249.0,271.0,251.0,284.0,356.0
CONTROL__74230__2025011910,74230,2025-01-19 10:00:00,2025-01-19 07:00:00,2025-01-19 13:00:00,NORMAL,GROUP__74230__0024,CONTROL,5.0,5.0,4.0,14.0,11.0,15.0,15.0
CONTROL__7179__2025032311,7179,2025-03-23 11:00:00,2025-03-23 08:00:00,2025-03-23 14:00:00,NORMAL,GROUP__7179__0093,CONTROL,807.0,1223.0,1347.0,1550.0,1538.0,1556.0,1689.0
CONTROL__7179__2025011911,7179,2025-01-19 11:00:00,2025-01-19 08:00:00,2025-01-19 14:00:00,NORMAL,GROUP__7179__0093,CONTROL,70.0,77.0,100.0,120.0,111.0,132.0,101.0
CONTROL__7153__2025083121,7153,2025-08-31 21:00:00,2025-08-31 18:00:00,2025-09-01 00:00:00,NORMAL,GROUP__7153__0024,CONTROL,907.0,670.0,537.0,462.0,331.0,178.0,18.0
CONTROL__7153__2025012621,7153,2025-01-26 21:00:00,2025-01-26 18:00:00,2025-01-27 00:00:00,NORMAL,GROUP__7153__0024,CONTROL,0.0,0.0,0.0,0.0,0.0,0.0,154.0
CONTROL__7153__2025082421,7153,2025-08-24 21:00:00,2025-08-24 18:00:00,2025-08-25 00:00:00,NORMAL,GROUP__7153__0024,CONTROL,745.0,625.0,561.0,484.0,293.0,168.0,118.0
CONTROL__7153__2025120721,7153,2025-12-07 21:00:00,2025-12-07 18:00:00,2025-12-08 00:00:00,NORMAL,GROUP__7153__0024,CONTROL,937.0,834.0,650.0,572.0,462.0,247.0,117.0
CONTROL__T0231__2025021622,T0231,2025-02-16 22:00:00,2025-02-16 19:00:00,2025-02-17 01:00:00,NORMAL,GROUP__T0231__0013,CONTROL,0.0,0.0,0.0,0.0,0.0,0.0,0.0
CONTROL__T0231__2025122822,T0231,2025-12-28 22:00:00,2025-12-28 19:00:00,2025-12-29 01:00:00,NORMAL,GROUP__T0231__0013,CONTROL,652.0,510.0,454.0,391.0,254.0,4.0,3.0
CONTROL__T0231__2025081022,T0231,2025-08-10 22:00:00,2025-08-10 19:00:00,2025-08-11 01:00:00,NORMAL,GROUP__T0231__0013,CONTROL,625.0,496.0,388.0,265.0,159.0,7.0,7.0
CONTROL__T0231__2025121422,T0231,2025-12-14 22:00:00,2025-12-14 19:00:00,2025-12-15 01:00:00,NORMAL,GROUP__T0231__0013,CONTROL,31.0,33.0,25.0,21.0,12.0,9.0,2.0
CONTROL__F3FWY003__2025071404,F3FWY003,2025-07-14 04:00:00,2025-07-14 01:00:00,2025-07-14 07:00:00,NORMAL,GROUP__F3FWY003__0047,CONTROL,0.0,0.0,0.0,0.0,0.0,0.0,0.0
CONTROL__F3FWY003__2025102704,F3FWY003,2025-10-27 04:00:00,2025-10-27 01:00:00,2025-10-27 07:00:00,NORMAL,GROUP__F3FWY003__0047,CONTROL,86.0,124.0,138.0,309.0,535.0,716.0,652.0
CONTROL__29005__2025011311,29005,2025-01-13 11:00:00,2025-01-13 08:00:00,2025-01-13 14:00:00,NORMAL,GROUP__29005__0026,CONTROL,357.0,0.0,365.0,320.0,323.0,313.0,250.0
CONTROL__29005__2025031011,29005,2025-03-10 11:00:00,2025-03-10 08:00:00,2025-03-10 14:00:00,NORMAL,GROUP__29005__0026,CONTROL,3191.0,2706.0,2244.0,0.0,0.0,0.0,0.0
CONTROL__32029__2025063012,32029,2025-06-30 12:00:00,2025-06-30 09:00:00,2025-06-30 15:00:00,NORMAL,GROUP__32029__0007,CONTROL,0.0,0.0,0.0,0.0,0.0,0.0,0.0
CONTROL__32029__2025022412,32029,2025-02-24 12:00:00,2025-02-24 09:00:00,2025-02-24 15:00:00,NORMAL,GROUP__32029__0007,CONTROL,0.0,0.0,0.0,0.0,0.0,0.0,0.0
CONTROL__32029__2025033112,32029,2025-03-31 12:00:00,2025-03-31 09:00:00,2025-03-31 15:00:00,NORMAL,GROUP__32029__0007,CONTROL,0.0,0.0,0.0,0.0,0.0,0.0,0.0
CONTROL__32029__2025042112,32029,2025-04-21 12:00:00,2025-04-21 09:00:00,2025-04-21 15:00:00,NORMAL,GROUP__32029__0007,CONTROL,0.0,0.0,0.0,0.0,0.0,0.0,0.0
CONTROL__33014__2025020319,33014,2025-02-03 19:00:00,2025-02-03 16:00:00,2025-02-03 22:00:00,NORMAL,GROUP__33014__0051,CONTROL,0.0,0.0,0.0,0.0,0.0,0.0,0.0
CONTROL__33014__2025051219,33014,2025-05-12 19:00:00,2025-05-12 16:00:00,2025-05-12 22:00:00,NORMAL,GROUP__33014__0051,CONTROL,1653.0,1616.0,1327.0,969.0,779.0,616.0,452.0
CONTROL__51235__2025090120,51235,2025-09-01 20:00:00,2025-09-01 17:00:00,2025-09-01 23:00:00,NORMAL,GROUP__51235__0047,CONTROL,141.0,126.0,68.0,0.0,46.0,38.0,27.0
CONTROL__51235__2025081120,51235,2025-08-11 20:00:00,2025-08-11 17:00:00,2025-08-11 23:00:00,NORMAL,GROUP__51235__0047,CONTROL,111.0,86.0,78.0,48.0,35.0,28.0,18.0
CONTROL__7119-PR__2025040722,7119-PR,2025-04-07 22:00:00,2025-04-07 19:00:00,2025-04-08 01:00:00,NORMAL,GROUP__7119-PR__0015,CONTROL,771.0,505.0,406.0,296.0,137.0,94.0,63.0
CONTROL__7119-PR__2025071422,7119-PR,2025-07-14 22:00:00,2025-07-14 19:00:00,2025-07-15 01:00:00,NORMAL,GROUP__7119-PR__0015,CONTROL,23.0,18.0,17.0,10.0,10.0,7.0,5.0
CONTROL__10011__2025111103,10011,2025-11-11 03:00:00,2025-11-11 00:00:00,2025-11-11 06:00:00,NORMAL,GROUP__10011__0042,CONTROL,0.0,0.0,0.0,0.0,0.0,0.0,0.0
CONTROL__10011__2025040103,10011,2025-04-01 03:00:00,2025-04-01 00:00:00,2025-04-01 06:00:00,NORMAL,GROUP__10011__0042,CONTROL,0.0,0.0,0.0,0.0,0.0,0.0,0.0
CONTROL__7139__2025070103,7139,2025-07-01 03:00:00,2025-07-01 00:00:00,2025-07-01 06:00:00,NORMAL,GROUP__7139__0042,CONTROL,11.0,12.0,8.0,14.0,16.0,51.0,134.0
CONTROL__7139__2025080503,7139,2025-08-05 03:00:00,2025-08-05 00:00:00,2025-08-05 06:00:00,NORMAL,GROUP__7139__0042,CONTROL,119.0,80.0,58.0,46.0,143.0,615.0,1452.0
CONTROL__23067__2025072204,23067,2025-07-22 04:00:00,2025-07-22 01:00:00,2025-07-22 07:00:00,NORMAL,GROUP__23067__0041,CONTROL,15.0,21.0,32.0,0.0,0.0,0.0,0.0
CONTROL__23067__2025012804,23067,2025-01-28 04:00:00,2025-01-28 01:00:00,2025-01-28 07:00:00,NORMAL,GROUP__23067__0041,CONTROL,73.0,161.0,373.0,569.0,848.0,1271.0,1455.0
CONTROL__7132__2025052004,7132,2025-05-20 04:00:00,2025-05-20 01:00:00,2025-05-20 07:00:00,NORMAL,GROUP__7132__0026,CONTROL,61.0,55.0,141.0,393.0,1172.0,2136.0,2236.0
CONTROL__7132__2025122304,7132,2025-12-23 04:00:00,2025-12-23 01:00:00,2025-12-23 07:00:00,NORMAL,GROUP__7132__0026,CONTROL,5.0,9.0,16.0,16.0,46.0,60.0,71.0
CONTROL__7112__2025090206,7112,2025-09-02 06:00:00,2025-09-02 03:00:00,2025-09-02 09:00:00,NORMAL,GROUP__7112__0066,CONTROL,43.0,50.0,110.0,287.0,240.0,225.0,300.0
CONTROL__7112__2025120906,7112,2025-12-09 06:00:00,2025-12-09 03:00:00,2025-12-09 09:00:00,NORMAL,GROUP__7112__0066,CONTROL,97.0,218.0,916.0,1607.0,1302.0,1216.0,1049.0
CONTROL__F3FWY002__2025091616,F3FWY002,2025-09-16 16:00:00,2025-09-16 13:00:00,2025-09-16 19:00:00,NORMAL,GROUP__F3FWY002__0012,CONTROL,617.0,654.0,618.0,510.0,427.0,349.0,293.0
CONTROL__F3FWY002__2025120916,F3FWY002,2025-12-09 16:00:00,2025-12-09 13:00:00,2025-12-09 19:00:00,NORMAL,GROUP__F3FWY002__0012,CONTROL,1808.0,2088.0,2119.0,2090.0,1937.0,64.0,0.0
CONTROL__F3FWY004__2025052716,F3FWY004,2025-05-27 16:00:00,2025-05-27 13:00:00,2025-05-27 19:00:00,NORMAL,GROUP__F3FWY004__0012,CONTROL,1048.0,1085.0,1025.0,946.0,627.0,453.0,330.0
CONTROL__F3FWY004__2025123016,F3FWY004,2025-12-30 16:00:00,2025-12-30 13:00:00,2025-12-30 19:00:00,NORMAL,GROUP__F3FWY004__0012,CONTROL,300.0,285.0,271.0,232.0,183.0,125.0,125.0
CONTROL__9658__2025061718,9658,2025-06-17 18:00:00,2025-06-17 15:00:00,2025-06-17 21:00:00,NORMAL,GROUP__9658__0034,CONTROL,166.0,165.0,128.0,102.0,65.0,65.0,39.0
CONTROL__9658__2025082618,9658,2025-08-26 18:00:00,2025-08-26 15:00:00,2025-08-26 21:00:00,NORMAL,GROUP__9658__0034,CONTROL,1074.0,1135.0,1175.0,1033.0,944.0,716.0,574.0
CONTROL__53004__2025040819,53004,2025-04-08 19:00:00,2025-04-08 16:00:00,2025-04-08 22:00:00,NORMAL,GROUP__53004__0050,CONTROL,65.0,64.0,53.0,44.0,20.0,23.0,12.0
CONTROL__53004__2025111119,53004,2025-11-11 19:00:00,2025-11-11 16:00:00,2025-11-11 22:00:00,NORMAL,GROUP__53004__0050,CONTROL,1933.0,1950.0,1740.0,1281.0,988.0,887.0,574.0
CONTROL__7163__2025102120,7163,2025-10-21 20:00:00,2025-10-21 17:00:00,2025-10-21 23:00:00,NORMAL,GROUP__7163__0045,CONTROL,652.0,662.0,495.0,419.0,341.0,243.0,147.0
CONTROL__7163__2025120920,7163,2025-12-09 20:00:00,2025-12-09 17:00:00,2025-12-09 23:00:00,NORMAL,GROUP__7163__0045,CONTROL,587.0,668.0,491.0,484.0,415.0,302.0,197.0
CONTROL__7163__2025022521,7163,2025-02-25 21:00:00,2025-02-25 18:00:00,2025-02-26 00:00:00,NORMAL,GROUP__7163__0045,CONTROL,0.0,0.0,0.0,0.0,0.0,0.0,0.0
CONTROL__7163__2025120221,7163,2025-12-02 21:00:00,2025-12-02 18:00:00,2025-12-03 00:00:00,NORMAL,GROUP__7163__0045,CONTROL,54.0,31.0,38.0,31.0,27.0,15.0,9.0
CONTROL__53004__2025041522,53004,2025-04-15 22:00:00,2025-04-15 19:00:00,2025-04-16 01:00:00,NORMAL,GROUP__53004__0050,CONTROL,29.0,24.0,19.0,16.0,22.0,20.0,19.0
CONTROL__53004__2025122322,53004,2025-12-23 22:00:00,2025-12-23 19:00:00,2025-12-24 01:00:00,NORMAL,GROUP__53004__0050,CONTROL,46.0,32.0,37.0,28.0,15.0,16.0,9.0
CONTROL__9658__2025010805,9658,2025-01-08 05:00:00,2025-01-08 02:00:00,2025-01-08 08:00:00,NORMAL,GROUP__9658__0035,CONTROL,0.0,0.0,0.0,0.0,0.0,0.0,0.0
CONTROL__9658__2025091005,9658,2025-09-10 05:00:00,2025-09-10 02:00:00,2025-09-10 08:00:00,NORMAL,GROUP__9658__0035,CONTROL,53.0,66.0,188.0,486.0,828.0,1282.0,847.0
CONTROL__7270__2025012905,7270,2025-01-29 05:00:00,2025-01-29 02:00:00,2025-01-29 08:00:00,NORMAL,GROUP__7270__0024,CONTROL,48.0,42.0,99.0,214.0,374.0,280.0,208.0
CONTROL__7270__2025061105,7270,2025-06-11 05:00:00,2025-06-11 02:00:00,2025-06-11 08:00:00,NORMAL,GROUP__7270__0024,CONTROL,76.0,119.0,335.0,1197.0,1879.0,757.0,789.0
CONTROL__7251__2025090311,7251,2025-09-03 11:00:00,2025-09-03 08:00:00,2025-09-03 14:00:00,NORMAL,GROUP__7251__0036,CONTROL,132.0,166.0,157.0,180.0,149.0,171.0,192.0
CONTROL__7251__2025031911,7251,2025-03-19 11:00:00,2025-03-19 08:00:00,2025-03-19 14:00:00,NORMAL,GROUP__7251__0036,CONTROL,0.0,0.0,0.0,0.0,0.0,0.0,0.0
CONTROL__7120__2025030519,7120,2025-03-05 19:00:00,2025-03-05 16:00:00,2025-03-05 22:00:00,NORMAL,GROUP__7120__0065,CONTROL,39.0,31.0,33.0,25.0,19.0,17.0,21.0
CONTROL__7120__2025102919,7120,2025-10-29 19:00:00,2025-10-29 16:00:00,2025-10-29 22:00:00,NORMAL,GROUP__7120__0065,CONTROL,0.0,0.0,0.0,0.0,0.0,0.0,0.0
CONTROL__7121__2025091019,7121,2025-09-10 19:00:00,2025-09-10 16:00:00,2025-09-10 22:00:00,NORMAL,GROUP__7121__0065,CONTROL,522.0,573.0,522.0,326.0,271.0,385.0,285.0
CONTROL__7121__2025111219,7121,2025-11-12 19:00:00,2025-11-12 16:00:00,2025-11-12 22:00:00,NORMAL,GROUP__7121__0065,CONTROL,0.0,0.0,0.0,0.0,0.0,0.0,0.0
CONTROL__7162__2025091803,7162,2025-09-18 03:00:00,2025-09-18 00:00:00,2025-09-18 06:00:00,NORMAL,GROUP__7162__0003,CONTROL,2.0,3.0,3.0,14.0,31.0,87.0,117.0
CONTROL__7162__2025050803,7162,2025-05-08 03:00:00,2025-05-08 00:00:00,2025-05-08 06:00:00,NORMAL,GROUP__7162__0003,CONTROL,5.0,3.0,4.0,13.0,38.0,86.0,100.0
CONTROL__10011__2025052905,10011,2025-05-29 05:00:00,2025-05-29 02:00:00,2025-05-29 08:00:00,NORMAL,GROUP__10011__0043,CONTROL,0.0,0.0,0.0,0.0,0.0,0.0,0.0
CONTROL__10011__2025020605,10011,2025-02-06 05:00:00,2025-02-06 02:00:00,2025-02-06 08:00:00,NORMAL,GROUP__10011__0043,CONTROL,0.0,0.0,0.0,0.0,0.0,0.0,0.0
CONTROL__7139__2025102305,7139,2025-10-23 05:00:00,2025-10-23 02:00:00,2025-10-23 08:00:00,NORMAL,GROUP__7139__0043,CONTROL,7.0,13.0,30.0,83.0,230.0,256.0,284.0
CONTROL__7139__2025042405,7139,2025-04-24 05:00:00,2025-04-24 02:00:00,2025-04-24 08:00:00,NORMAL,GROUP__7139__0043,CONTROL,0.0,21.0,16.0,61.0,162.0,204.0,232.0
CONTROL__47024__2025071007,47024,2025-07-10 07:00:00,2025-07-10 04:00:00,2025-07-10 10:00:00,NORMAL,GROUP__47024__0019,CONTROL,110.0,188.0,244.0,278.0,239.0,302.0,241.0
CONTROL__47024__2025012307,47024,2025-01-23 07:00:00,2025-01-23 04:00:00,2025-01-23 10:00:00,NORMAL,GROUP__47024__0019,CONTROL,363.0,956.0,984.0,865.0,916.0,876.0,0.0
CONTROL__10011__2025081407,10011,2025-08-14 07:00:00,2025-08-14 04:00:00,2025-08-14 10:00:00,NORMAL,GROUP__10011__0043,CONTROL,0.0,0.0,0.0,0.0,0.0,0.0,0.0
CONTROL__10011__2025082807,10011,2025-08-28 07:00:00,2025-08-28 04:00:00,2025-08-28 10:00:00,NORMAL,GROUP__10011__0043,CONTROL,0.0,0.0,0.0,0.0,0.0,0.0,0.0
CONTROL__7139__2025082807,7139,2025-08-28 07:00:00,2025-08-28 04:00:00,2025-08-28 10:00:00,NORMAL,GROUP__7139__0043,CONTROL,22.0,60.0,174.0,224.0,236.0,322.0,303.0
CONTROL__7139__2025071007,7139,2025-07-10 07:00:00,2025-07-10 04:00:00,2025-07-10 10:00:00,NORMAL,GROUP__7139__0043,CONTROL,20.0,54.0,156.0,215.0,238.0,280.0,294.0
CONTROL__7161__2025061222,7161,2025-06-12 22:00:00,2025-06-12 19:00:00,2025-06-13 01:00:00,NORMAL,GROUP__7161__0029,CONTROL,56.0,53.0,36.0,34.0,33.0,10.0,10.0
CONTROL__7161__2025082122,7161,2025-08-21 22:00:00,2025-08-21 19:00:00,2025-08-22 01:00:00,NORMAL,GROUP__7161__0029,CONTROL,779.0,736.0,567.0,387.0,201.0,89.0,67.0
CONTROL__T0288__2025111400,T0288,2025-11-14 00:00:00,2025-11-13 21:00:00,2025-11-14 03:00:00,NORMAL,GROUP__T0288__0015,CONTROL,0.0,0.0,0.0,0.0,0.0,0.0,0.0
CONTROL__T0288__2025080100,T0288,2025-08-01 00:00:00,2025-07-31 21:00:00,2025-08-01 03:00:00,NORMAL,GROUP__T0288__0015,CONTROL,0.0,0.0,0.0,0.0,0.0,0.0,0.0
CONTROL__T0289__2025103100,T0289,2025-10-31 00:00:00,2025-10-30 21:00:00,2025-10-31 03:00:00,NORMAL,GROUP__T0289__0015,CONTROL,0.0,0.0,0.0,0.0,0.0,0.0,0.0
CONTROL__T0289__2025010300,T0289,2025-01-03 00:00:00,2025-01-02 21:00:00,2025-01-03 03:00:00,NORMAL,GROUP__T0289__0015,CONTROL,0.0,0.0,1.0,0.0,0.0,0.0,0.0
CONTROL__T0290__2025080800,T0290,2025-08-08 00:00:00,2025-08-07 21:00:00,2025-08-08 03:00:00,NORMAL,GROUP__T0290__0015,CONTROL,138.0,151.0,111.0,78.0,71.0,72.0,94.0
CONTROL__T0290__2025012400,T0290,2025-01-24 00:00:00,2025-01-23 21:00:00,2025-01-24 03:00:00,NORMAL,GROUP__T0290__0015,CONTROL,0.0,0.0,0.0,0.0,0.0,0.0,0.0
CONTROL__T0479-PR__2025011700,T0479-PR,2025-01-17 00:00:00,2025-01-16 21:00:00,2025-01-17 03:00:00,NORMAL,GROUP__T0479-PR__0015,CONTROL,523.0,300.0,171.0,0.0,0.0,0.0,0.0
CONTROL__T0479-PR__2025082200,T0479-PR,2025-08-22 00:00:00,2025-08-21 21:00:00,2025-08-22 03:00:00,NORMAL,GROUP__T0479-PR__0015,CONTROL,48.0,18.0,25.0,16.0,25.0,26.0,23.0
CONTROL__7274__2025092600,7274,2025-09-26 00:00:00,2025-09-25 21:00:00,2025-09-26 03:00:00,NORMAL,GROUP__7274__0028,CONTROL,51.0,41.0,25.0,16.0,26.0,19.0,23.0
CONTROL__7274__2025070400,7274,2025-07-04 00:00:00,2025-07-03 21:00:00,2025-07-04 03:00:00,NORMAL,GROUP__7274__0028,CONTROL,34.0,29.0,31.0,98.0,93.0,64.0,93.0
CONTROL__33014__2025030702,33014,2025-03-07 02:00:00,2025-03-06 23:00:00,2025-03-07 05:00:00,NORMAL,GROUP__33014__0052,CONTROL,161.0,15.0,13.0,19.0,41.0,97.0,220.0
CONTROL__33014__2025101002,33014,2025-10-10 02:00:00,2025-10-09 23:00:00,2025-10-10 05:00:00,NORMAL,GROUP__33014__0052,CONTROL,0.0,0.0,0.0,0.0,0.0,0.0,0.0
CONTROL__74230__2025082905,74230,2025-08-29 05:00:00,2025-08-29 02:00:00,2025-08-29 08:00:00,NORMAL,GROUP__74230__0025,CONTROL,52.0,59.0,147.0,400.0,743.0,907.0,1027.0
CONTROL__74230__2025062005,74230,2025-06-20 05:00:00,2025-06-20 02:00:00,2025-06-20 08:00:00,NORMAL,GROUP__74230__0025,CONTROL,13.0,31.0,73.0,167.0,229.0,253.0,241.0
CONTROL__7161__2025022107,7161,2025-02-21 07:00:00,2025-02-21 04:00:00,2025-02-21 10:00:00,NORMAL,GROUP__7161__0030,CONTROL,0.0,0.0,0.0,0.0,0.0,0.0,0.0
CONTROL__7161__2025080807,7161,2025-08-08 07:00:00,2025-08-08 04:00:00,2025-08-08 10:00:00,NORMAL,GROUP__7161__0030,CONTROL,99.0,93.0,113.0,121.0,150.0,130.0,164.0
CONTROL__7126__2025103107,7126,2025-10-31 07:00:00,2025-10-31 04:00:00,2025-10-31 10:00:00,NORMAL,GROUP__7126__0019,CONTROL,16.0,44.0,64.0,81.0,55.0,62.0,46.0
CONTROL__7126__2025090507,7126,2025-09-05 07:00:00,2025-09-05 04:00:00,2025-09-05 10:00:00,NORMAL,GROUP__7126__0019,CONTROL,21.0,33.0,55.0,60.0,62.0,77.0,68.0
CONTROL__7120__2025062715,7120,2025-06-27 15:00:00,2025-06-27 12:00:00,2025-06-27 18:00:00,NORMAL,GROUP__7120__0066,CONTROL,87.0,82.0,72.0,46.0,40.0,34.0,26.0
CONTROL__7120__2025031415,7120,2025-03-14 15:00:00,2025-03-14 12:00:00,2025-03-14 18:00:00,NORMAL,GROUP__7120__0066,CONTROL,0.0,0.0,0.0,0.0,0.0,0.0,0.0
CONTROL__7121__2025022115,7121,2025-02-21 15:00:00,2025-02-21 12:00:00,2025-02-21 18:00:00,NORMAL,GROUP__7121__0066,CONTROL,0.0,0.0,0.0,0.0,0.0,0.0,0.0
CONTROL__7121__2025071815,7121,2025-07-18 15:00:00,2025-07-18 12:00:00,2025-07-18 18:00:00,NORMAL,GROUP__7121__0066,CONTROL,472.0,470.0,528.0,513.0,536.0,514.0,509.0
CONTROL__7112__2025121219,7112,2025-12-12 19:00:00,2025-12-12 16:00:00,2025-12-12 22:00:00,NORMAL,GROUP__7112__0067,CONTROL,1246.0,1219.0,1208.0,1054.0,931.0,866.0,790.0
CONTROL__7112__2025060619,7112,2025-06-06 19:00:00,2025-06-06 16:00:00,2025-06-06 22:00:00,NORMAL,GROUP__7112__0067,CONTROL,63.0,77.0,59.0,33.0,26.0,31.0,15.0
CONTROL__33014__2025020802,33014,2025-02-08 02:00:00,2025-02-07 23:00:00,2025-02-08 05:00:00,NORMAL,GROUP__33014__0053,CONTROL,0.0,0.0,0.0,0.0,0.0,0.0,0.0
CONTROL__33014__2025011802,33014,2025-01-18 02:00:00,2025-01-17 23:00:00,2025-01-18 05:00:00,NORMAL,GROUP__33014__0053,CONTROL,0.0,200.0,105.0,94.0,87.0,168.0,304.0
CONTROL__33014__2025072602,33014,2025-07-26 02:00:00,2025-07-25 23:00:00,2025-07-26 05:00:00,NORMAL,GROUP__33014__0053,CONTROL,0.0,0.0,0.0,0.0,0.0,0.0,0.0
CONTROL__33014__2025092002,33014,2025-09-20 02:00:00,2025-09-19 23:00:00,2025-09-20 05:00:00,NORMAL,GROUP__33014__0053,CONTROL,0.0,0.0,0.0,0.0,0.0,0.0,0.0
CONTROL__7179__2025050306,7179,2025-05-03 06:00:00,2025-05-03 03:00:00,2025-05-03 09:00:00,NORMAL,GROUP__7179__0094,CONTROL,34.0,36.0,87.0,143.0,164.0,180.0,202.0
CONTROL__7179__2025011806,7179,2025-01-18 06:00:00,2025-01-18 03:00:00,2025-01-18 09:00:00,NORMAL,GROUP__7179__0094,CONTROL,29.0,31.0,57.0,104.0,127.0,161.0,188.0
CONTROL__7248__2025090617,7248,2025-09-06 17:00:00,2025-09-06 14:00:00,2025-09-06 20:00:00,NORMAL,GROUP__7248__0042,CONTROL,1230.0,1205.0,1246.0,1425.0,1463.0,931.0,762.0
CONTROL__7248__2025021517,7248,2025-02-15 17:00:00,2025-02-15 14:00:00,2025-02-15 20:00:00,NORMAL,GROUP__7248__0042,CONTROL,0.0,0.0,0.0,0.0,0.0,0.0,0.0
CONTROL__9658__2025060806,9658,2025-06-08 06:00:00,2025-06-08 03:00:00,2025-06-08 09:00:00,NORMAL,GROUP__9658__0036,CONTROL,85.0,83.0,158.0,313.0,430.0,675.0,1001.0
CONTROL__9658__2025092806,9658,2025-09-28 06:00:00,2025-09-28 03:00:00,2025-09-28 09:00:00,NORMAL,GROUP__9658__0036,CONTROL,11.0,13.0,13.0,33.0,49.0,56.0,72.0
CONTROL__7132__2025090706,7132,2025-09-07 06:00:00,2025-09-07 03:00:00,2025-09-07 09:00:00,NORMAL,GROUP__7132__0027,CONTROL,8.0,12.0,8.0,24.0,30.0,25.0,25.0
CONTROL__7132__2025110206,7132,2025-11-02 06:00:00,2025-11-02 03:00:00,2025-11-02 09:00:00,NORMAL,GROUP__7132__0027,CONTROL,216.0,261.0,373.0,451.0,495.0,721.0,1014.0
CONTROL__7270__2025101214,7270,2025-10-12 14:00:00,2025-10-12 11:00:00,2025-10-12 17:00:00,NORMAL,GROUP__7270__0025,CONTROL,1543.0,1672.0,1582.0,1452.0,1594.0,1374.0,1571.0
CONTROL__7270__2025120714,7270,2025-12-07 14:00:00,2025-12-07 11:00:00,2025-12-07 17:00:00,NORMAL,GROUP__7270__0025,CONTROL,1499.0,1750.0,1691.0,1497.0,1647.0,1620.0,1455.0
CONTROL__29005__2025102615,29005,2025-10-26 15:00:00,2025-10-26 12:00:00,2025-10-26 18:00:00,NORMAL,GROUP__29005__0027,CONTROL,3192.0,3460.0,3292.0,3245.0,3071.0,0.0,0.0
CONTROL__29005__2025040615,29005,2025-04-06 15:00:00,2025-04-06 12:00:00,2025-04-06 18:00:00,NORMAL,GROUP__29005__0027,CONTROL,3373.0,3139.0,3509.0,3427.0,3338.0,2923.0,2588.0
CONTROL__F3FWY004__2025110916,F3FWY004,2025-11-09 16:00:00,2025-11-09 13:00:00,2025-11-09 19:00:00,NORMAL,GROUP__F3FWY004__0013,CONTROL,312.0,315.0,302.0,268.0,232.0,217.0,208.0
CONTROL__F3FWY004__2025051116,F3FWY004,2025-05-11 16:00:00,2025-05-11 13:00:00,2025-05-11 19:00:00,NORMAL,GROUP__F3FWY004__0013,CONTROL,348.0,330.0,353.0,397.0,347.0,299.0,33.0
CONTROL__7270__2025033017,7270,2025-03-30 17:00:00,2025-03-30 14:00:00,2025-03-30 20:00:00,NORMAL,GROUP__7270__0025,CONTROL,1636.0,1790.0,1679.0,1555.0,1252.0,928.0,935.0
CONTROL__7270__2025080317,7270,2025-08-03 17:00:00,2025-08-03 14:00:00,2025-08-03 20:00:00,NORMAL,GROUP__7270__0025,CONTROL,83.0,81.0,68.0,65.0,66.0,65.0,54.0
CONTROL__74230__2025101919,74230,2025-10-19 19:00:00,2025-10-19 16:00:00,2025-10-19 22:00:00,NORMAL,GROUP__74230__0026,CONTROL,1270.0,1079.0,979.0,827.0,622.0,424.0,207.0
CONTROL__74230__2025051119,74230,2025-05-11 19:00:00,2025-05-11 16:00:00,2025-05-11 22:00:00,NORMAL,GROUP__74230__0026,CONTROL,415.0,339.0,183.0,152.0,106.0,124.0,53.0
CONTROL__50240__2025033019,50240,2025-03-30 19:00:00,2025-03-30 16:00:00,2025-03-30 22:00:00,NORMAL,GROUP__50240__0050,CONTROL,0.0,2489.0,2200.0,1757.0,1734.0,1600.0,1324.0
CONTROL__50240__2025051119,50240,2025-05-11 19:00:00,2025-05-11 16:00:00,2025-05-11 22:00:00,NORMAL,GROUP__50240__0050,CONTROL,102.0,91.0,74.0,78.0,44.0,60.0,62.0
CONTROL__51235__2025030921,51235,2025-03-09 21:00:00,2025-03-09 18:00:00,2025-03-10 00:00:00,NORMAL,GROUP__51235__0048,CONTROL,0.0,0.0,0.0,0.0,0.0,0.0,266.0
CONTROL__51235__2025040621,51235,2025-04-06 21:00:00,2025-04-06 18:00:00,2025-04-07 00:00:00,NORMAL,GROUP__51235__0048,CONTROL,1359.0,953.0,868.0,820.0,495.0,233.0,132.0
CONTROL__7123-PR__2025011408,7123-PR,2025-01-14 08:00:00,2025-01-14 05:00:00,2025-01-14 11:00:00,NORMAL,GROUP__7123-PR__0005,CONTROL,36.0,58.0,63.0,59.0,65.0,0.0,0.0
CONTROL__7123-PR__2025062408,7123-PR,2025-06-24 08:00:00,2025-06-24 05:00:00,2025-06-24 11:00:00,NORMAL,GROUP__7123-PR__0005,CONTROL,184.0,338.0,532.0,743.0,706.0,540.0,656.0
CONTROL__7168__2025101420,7168,2025-10-14 20:00:00,2025-10-14 17:00:00,2025-10-14 23:00:00,NORMAL,GROUP__7168__0020,CONTROL,101.0,85.0,52.0,35.0,32.0,39.0,18.0
CONTROL__7168__2025020420,7168,2025-02-04 20:00:00,2025-02-04 17:00:00,2025-02-04 23:00:00,NORMAL,GROUP__7168__0020,CONTROL,0.0,0.0,0.0,0.0,0.0,0.0,0.0
CONTROL__7270__2025050703,7270,2025-05-07 03:00:00,2025-05-07 00:00:00,2025-05-07 06:00:00,NORMAL,GROUP__7270__0026,CONTROL,48.0,39.0,42.0,63.0,112.0,234.0,367.0
CONTROL__7270__2025070903,7270,2025-07-09 03:00:00,2025-07-09 00:00:00,2025-07-09 06:00:00,NORMAL,GROUP__7270__0026,CONTROL,51.0,35.0,48.0,50.0,111.0,224.0,398.0
CONTROL__7270__2025031903,7270,2025-03-19 03:00:00,2025-03-19 00:00:00,2025-03-19 06:00:00,NORMAL,GROUP__7270__0026,CONTROL,0.0,0.0,0.0,44.0,142.0,258.0,424.0
CONTROL__7270__2025062503,7270,2025-06-25 03:00:00,2025-06-25 00:00:00,2025-06-25 06:00:00,NORMAL,GROUP__7270__0026,CONTROL,5.0,5.0,4.0,25.0,96.0,226.0,382.0
CONTROL__53004__2025101505,53004,2025-10-15 05:00:00,2025-10-15 02:00:00,2025-10-15 08:00:00,NORMAL,GROUP__53004__0051,CONTROL,40.0,42.0,96.0,276.0,824.0,1325.0,1135.0
CONTROL__53004__2025111905,53004,2025-11-19 05:00:00,2025-11-19 02:00:00,2025-11-19 08:00:00,NORMAL,GROUP__53004__0051,CONTROL,52.0,38.0,84.0,292.0,798.0,1292.0,0.0
CONTROL__7184__2025011505,7184,2025-01-15 05:00:00,2025-01-15 02:00:00,2025-01-15 08:00:00,NORMAL,GROUP__7184__0037,CONTROL,0.0,0.0,0.0,0.0,0.0,0.0,0.0
CONTROL__7184__2025012905,7184,2025-01-29 05:00:00,2025-01-29 02:00:00,2025-01-29 08:00:00,NORMAL,GROUP__7184__0037,CONTROL,0.0,0.0,0.0,0.0,0.0,0.0,0.0
CONTROL__7168__2025080605,7168,2025-08-06 05:00:00,2025-08-06 02:00:00,2025-08-06 08:00:00,NORMAL,GROUP__7168__0021,CONTROL,29.0,44.0,90.0,229.0,438.0,749.0,570.0
CONTROL__7168__2025102205,7168,2025-10-22 05:00:00,2025-10-22 02:00:00,2025-10-22 08:00:00,NORMAL,GROUP__7168__0021,CONTROL,40.0,44.0,118.0,267.0,435.0,557.0,599.0
CONTROL__7168__2025061105,7168,2025-06-11 05:00:00,2025-06-11 02:00:00,2025-06-11 08:00:00,NORMAL,GROUP__7168__0021,CONTROL,17.0,14.0,19.0,34.0,68.0,70.0,77.0
CONTROL__7168__2025043005,7168,2025-04-30 05:00:00,2025-04-30 02:00:00,2025-04-30 08:00:00,NORMAL,GROUP__7168__0021,CONTROL,6.0,12.0,24.0,34.0,81.0,85.0,64.0
CONTROL__7179__2025121711,7179,2025-12-17 11:00:00,2025-12-17 08:00:00,2025-12-17 14:00:00,NORMAL,GROUP__7179__0095,CONTROL,1552.0,1418.0,1439.0,1549.0,1379.0,1599.0,1924.0
CONTROL__7179__2025051411,7179,2025-05-14 11:00:00,2025-05-14 08:00:00,2025-05-14 14:00:00,NORMAL,GROUP__7179__0095,CONTROL,352.0,506.0,494.0,484.0,499.0,478.0,497.0
CONTROL__7179__2025070213,7179,2025-07-02 13:00:00,2025-07-02 10:00:00,2025-07-02 16:00:00,NORMAL,GROUP__7179__0095,CONTROL,0.0,0.0,25.0,24.0,29.0,46.0,28.0
CONTROL__7179__2025111213,7179,2025-11-12 13:00:00,2025-11-12 10:00:00,2025-11-12 16:00:00,NORMAL,GROUP__7179__0095,CONTROL,458.0,519.0,505.0,517.0,482.0,431.0,450.0
CONTROL__7112__2025040221,7112,2025-04-02 21:00:00,2025-04-02 18:00:00,2025-04-03 00:00:00,NORMAL,GROUP__7112__0068,CONTROL,1321.0,971.0,833.0,615.0,466.0,265.0,173.0
CONTROL__7112__2025080621,7112,2025-08-06 21:00:00,2025-08-06 18:00:00,2025-08-07 00:00:00,NORMAL,GROUP__7112__0068,CONTROL,0.0,0.0,0.0,0.0,0.0,0.0,0.0
CONTROL__7168__2025010201,7168,2025-01-02 01:00:00,2025-01-01 22:00:00,2025-01-02 04:00:00,NORMAL,GROUP__7168__0022,CONTROL,13.0,5.0,0.0,0.0,0.0,0.0,0.0
CONTROL__7168__2025110601,7168,2025-11-06 01:00:00,2025-11-05 22:00:00,2025-11-06 04:00:00,NORMAL,GROUP__7168__0022,CONTROL,180.0,108.0,66.0,46.0,39.0,49.0,103.0
CONTROL__T0288__2025121106,T0288,2025-12-11 06:00:00,2025-12-11 03:00:00,2025-12-11 09:00:00,NORMAL,GROUP__T0288__0016,CONTROL,0.0,0.0,0.0,0.0,0.0,0.0,0.0
CONTROL__T0288__2025061206,T0288,2025-06-12 06:00:00,2025-06-12 03:00:00,2025-06-12 09:00:00,NORMAL,GROUP__T0288__0016,CONTROL,0.0,0.0,0.0,0.0,0.0,0.0,0.0
CONTROL__T0289__2025101606,T0289,2025-10-16 06:00:00,2025-10-16 03:00:00,2025-10-16 09:00:00,NORMAL,GROUP__T0289__0016,CONTROL,0.0,0.0,0.0,0.0,0.0,0.0,0.0
CONTROL__T0289__2025011606,T0289,2025-01-16 06:00:00,2025-01-16 03:00:00,2025-01-16 09:00:00,NORMAL,GROUP__T0289__0016,CONTROL,0.0,0.0,0.0,0.0,0.0,0.0,0.0
CONTROL__T0290__2025052906,T0290,2025-05-29 06:00:00,2025-05-29 03:00:00,2025-05-29 09:00:00,NORMAL,GROUP__T0290__0016,CONTROL,1.0,4.0,0.0,1.0,1.0,1.0,1.0
CONTROL__T0290__2025091106,T0290,2025-09-11 06:00:00,2025-09-11 03:00:00,2025-09-11 09:00:00,NORMAL,GROUP__T0290__0016,CONTROL,89.0,169.0,229.0,317.0,272.0,245.0,293.0
CONTROL__T0479-PR__2025061206,T0479-PR,2025-06-12 06:00:00,2025-06-12 03:00:00,2025-06-12 09:00:00,NORMAL,GROUP__T0479-PR__0016,CONTROL,34.0,138.0,558.0,641.0,370.0,309.0,307.0
CONTROL__T0479-PR__2025022006,T0479-PR,2025-02-20 06:00:00,2025-02-20 03:00:00,2025-02-20 09:00:00,NORMAL,GROUP__T0479-PR__0016,CONTROL,0.0,0.0,0.0,0.0,0.0,0.0,0.0
CONTROL__7184__2025012307,7184,2025-01-23 07:00:00,2025-01-23 04:00:00,2025-01-23 10:00:00,NORMAL,GROUP__7184__0038,CONTROL,0.0,0.0,0.0,0.0,0.0,0.0,0.0
CONTROL__7184__2025010907,7184,2025-01-09 07:00:00,2025-01-09 04:00:00,2025-01-09 10:00:00,NORMAL,GROUP__7184__0038,CONTROL,40.0,76.0,183.0,147.0,200.0,199.0,205.0
CONTROL__50240__2025121808,50240,2025-12-18 08:00:00,2025-12-18 05:00:00,2025-12-18 11:00:00,NORMAL,GROUP__50240__0051,CONTROL,378.0,591.0,449.0,334.0,0.0,414.0,401.0
CONTROL__50240__2025071708,50240,2025-07-17 08:00:00,2025-07-17 05:00:00,2025-07-17 11:00:00,NORMAL,GROUP__50240__0051,CONTROL,339.0,538.0,409.0,393.0,443.0,367.0,363.0
CONTROL__50240__2025073108,50240,2025-07-31 08:00:00,2025-07-31 05:00:00,2025-07-31 11:00:00,NORMAL,GROUP__50240__0051,CONTROL,164.0,289.0,262.0,257.0,378.0,353.0,389.0
CONTROL__50240__2025020608,50240,2025-02-06 08:00:00,2025-02-06 05:00:00,2025-02-06 11:00:00,NORMAL,GROUP__50240__0051,CONTROL,0.0,0.0,0.0,0.0,0.0,0.0,0.0
CONTROL__7153__2025062621,7153,2025-06-26 21:00:00,2025-06-26 18:00:00,2025-06-27 00:00:00,NORMAL,GROUP__7153__0025,CONTROL,123.0,94.0,61.0,53.0,48.0,34.0,126.0
CONTROL__7153__2025071021,7153,2025-07-10 21:00:00,2025-07-10 18:00:00,2025-07-11 00:00:00,NORMAL,GROUP__7153__0025,CONTROL,112.0,87.0,60.0,62.0,44.0,41.0,120.0
CONTROL__23067__2025100301,23067,2025-10-03 01:00:00,2025-10-02 22:00:00,2025-10-03 04:00:00,NORMAL,GROUP__23067__0042,CONTROL,40.0,46.0,42.0,34.0,31.0,87.0,81.0
CONTROL__23067__2025082201,23067,2025-08-22 01:00:00,2025-08-21 22:00:00,2025-08-22 04:00:00,NORMAL,GROUP__23067__0042,CONTROL,1021.0,662.0,16.0,13.0,21.0,33.0,41.0
CONTROL__50240__2025052303,50240,2025-05-23 03:00:00,2025-05-23 00:00:00,2025-05-23 06:00:00,NORMAL,GROUP__50240__0052,CONTROL,51.0,43.0,53.0,57.0,111.0,228.0,393.0
CONTROL__50240__2025013103,50240,2025-01-31 03:00:00,2025-01-31 00:00:00,2025-01-31 06:00:00,NORMAL,GROUP__50240__0052,CONTROL,0.0,0.0,0.0,0.0,0.0,0.0,0.0
CONTROL__7120__2025090507,7120,2025-09-05 07:00:00,2025-09-05 04:00:00,2025-09-05 10:00:00,NORMAL,GROUP__7120__0067,CONTROL,190.0,516.0,748.0,758.0,710.0,698.0,735.0
CONTROL__7120__2025031407,7120,2025-03-14 07:00:00,2025-03-14 04:00:00,2025-03-14 10:00:00,NORMAL,GROUP__7120__0067,CONTROL,0.0,0.0,0.0,0.0,0.0,0.0,0.0
CONTROL__7121__2025010307,7121,2025-01-03 07:00:00,2025-01-03 04:00:00,2025-01-03 10:00:00,NORMAL,GROUP__7121__0067,CONTROL,2.0,0.0,3.0,7.0,8.0,7.0,0.0
CONTROL__7121__2025040407,7121,2025-04-04 07:00:00,2025-04-04 04:00:00,2025-04-04 10:00:00,NORMAL,GROUP__7121__0067,CONTROL,52.0,87.0,194.0,318.0,390.0,346.0,340.0
CONTROL__53004__2025072508,53004,2025-07-25 08:00:00,2025-07-25 05:00:00,2025-07-25 11:00:00,NORMAL,GROUP__53004__0052,CONTROL,583.0,1267.0,1946.0,1929.0,1448.0,1265.0,1249.0
CONTROL__53004__2025053008,53004,2025-05-30 08:00:00,2025-05-30 05:00:00,2025-05-30 11:00:00,NORMAL,GROUP__53004__0052,CONTROL,102.0,250.0,169.0,139.0,127.0,125.0,112.0
CONTROL__7179__2025112809,7179,2025-11-28 09:00:00,2025-11-28 06:00:00,2025-11-28 12:00:00,NORMAL,GROUP__7179__0096,CONTROL,370.0,363.0,420.0,433.0,476.0,513.0,490.0
CONTROL__7179__2025032809,7179,2025-03-28 09:00:00,2025-03-28 06:00:00,2025-03-28 12:00:00,NORMAL,GROUP__7179__0096,CONTROL,304.0,347.0,342.0,425.0,488.0,478.0,495.0
CONTROL__57025__2025040502,57025,2025-04-05 02:00:00,2025-04-04 23:00:00,2025-04-05 05:00:00,NORMAL,GROUP__57025__0006,CONTROL,0.0,16.0,18.0,12.0,21.0,61.0,186.0
CONTROL__57025__2025062102,57025,2025-06-21 02:00:00,2025-06-20 23:00:00,2025-06-21 05:00:00,NORMAL,GROUP__57025__0006,CONTROL,2.0,1.0,1.0,1.0,1.0,5.0,24.0
CONTROL__7251__2025101116,7251,2025-10-11 16:00:00,2025-10-11 13:00:00,2025-10-11 19:00:00,NORMAL,GROUP__7251__0037,CONTROL,1057.0,1078.0,1201.0,1152.0,1139.0,926.0,874.0
CONTROL__7251__2025030816,7251,2025-03-08 16:00:00,2025-03-08 13:00:00,2025-03-08 19:00:00,NORMAL,GROUP__7251__0037,CONTROL,0.0,0.0,0.0,0.0,0.0,0.0,0.0
CONTROL__7112__2025122722,7112,2025-12-27 22:00:00,2025-12-27 19:00:00,2025-12-28 01:00:00,NORMAL,GROUP__7112__0069,CONTROL,25.0,31.0,15.0,10.0,12.0,283.0,145.0
CONTROL__7112__2025011122,7112,2025-01-11 22:00:00,2025-01-11 19:00:00,2025-01-12 01:00:00,NORMAL,GROUP__7112__0069,CONTROL,0.0,0.0,0.0,0.0,0.0,0.0,0.0
CONTROL__23067__2025112307,23067,2025-11-23 07:00:00,2025-11-23 04:00:00,2025-11-23 10:00:00,NORMAL,GROUP__23067__0043,CONTROL,1169.0,1156.0,1482.0,1432.0,1481.0,1164.0,1658.0
CONTROL__23067__2025090707,23067,2025-09-07 07:00:00,2025-09-07 04:00:00,2025-09-07 10:00:00,NORMAL,GROUP__23067__0043,CONTROL,436.0,646.0,1013.0,1627.0,1651.0,1324.0,1450.0
CONTROL__7248__2025042102,7248,2025-04-21 02:00:00,2025-04-20 23:00:00,2025-04-21 05:00:00,NORMAL,GROUP__7248__0043,CONTROL,34.0,33.0,19.0,33.0,27.0,24.0,52.0
CONTROL__7248__2025011302,7248,2025-01-13 02:00:00,2025-01-12 23:00:00,2025-01-13 05:00:00,NORMAL,GROUP__7248__0043,CONTROL,306.0,201.0,108.0,98.0,124.0,370.0,1030.0
CONTROL__68025__2025102703,68025,2025-10-27 03:00:00,2025-10-27 00:00:00,2025-10-27 06:00:00,NORMAL,GROUP__68025__0049,CONTROL,8.0,4.0,8.0,8.0,13.0,60.0,152.0
CONTROL__68025__2025031703,68025,2025-03-17 03:00:00,2025-03-17 00:00:00,2025-03-17 06:00:00,NORMAL,GROUP__68025__0049,CONTROL,89.0,50.0,36.0,32.0,73.0,266.0,517.0
CONTROL__7119-PR__2025040703,7119-PR,2025-04-07 03:00:00,2025-04-07 00:00:00,2025-04-07 06:00:00,NORMAL,GROUP__7119-PR__0016,CONTROL,98.0,59.0,44.0,61.0,107.0,408.0,746.0
CONTROL__7119-PR__2025120103,7119-PR,2025-12-01 03:00:00,2025-12-01 00:00:00,2025-12-01 06:00:00,NORMAL,GROUP__7119-PR__0016,CONTROL,6.0,8.0,3.0,8.0,16.0,42.0,96.0
CONTROL__7179__2025072104,7179,2025-07-21 04:00:00,2025-07-21 01:00:00,2025-07-21 07:00:00,NORMAL,GROUP__7179__0097,CONTROL,30.0,33.0,54.0,92.0,203.0,345.0,320.0
CONTROL__7179__2025022404,7179,2025-02-24 04:00:00,2025-02-24 01:00:00,2025-02-24 07:00:00,NORMAL,GROUP__7179__0097,CONTROL,0.0,0.0,0.0,0.0,0.0,0.0,0.0
CONTROL__50240__2025071405,50240,2025-07-14 05:00:00,2025-07-14 02:00:00,2025-07-14 08:00:00,NORMAL,GROUP__50240__0053,CONTROL,52.0,48.0,67.0,171.0,287.0,298.0,283.0
CONTROL__50240__2025022405,50240,2025-02-24 05:00:00,2025-02-24 02:00:00,2025-02-24 08:00:00,NORMAL,GROUP__50240__0053,CONTROL,0.0,0.0,0.0,0.0,0.0,0.0,0.0
CONTROL__74229__2025111706,74229,2025-11-17 06:00:00,2025-11-17 03:00:00,2025-11-17 09:00:00,NORMAL,GROUP__74229__0009,CONTROL,12.0,54.0,156.0,107.0,86.0,115.0,93.0
CONTROL__74229__2025041406,74229,2025-04-14 06:00:00,2025-04-14 03:00:00,2025-04-14 09:00:00,NORMAL,GROUP__74229__0009,CONTROL,28.0,95.0,367.0,911.0,1361.0,1314.0,1122.0
CONTROL__7161__2025090107,7161,2025-09-01 07:00:00,2025-09-01 04:00:00,2025-09-01 10:00:00,NORMAL,GROUP__7161__0031,CONTROL,173.0,530.0,940.0,1451.0,1269.0,894.0,883.0
CONTROL__7161__2025120107,7161,2025-12-01 07:00:00,2025-12-01 04:00:00,2025-12-01 10:00:00,NORMAL,GROUP__7161__0031,CONTROL,38.0,102.0,128.0,148.0,122.0,123.0,169.0
CONTROL__7248__2025020311,7248,2025-02-03 11:00:00,2025-02-03 08:00:00,2025-02-03 14:00:00,NORMAL,GROUP__7248__0044,CONTROL,0.0,0.0,0.0,0.0,0.0,0.0,0.0
CONTROL__7248__2025111711,7248,2025-11-17 11:00:00,2025-11-17 08:00:00,2025-11-17 14:00:00,NORMAL,GROUP__7248__0044,CONTROL,190.0,245.0,267.0,267.0,231.0,227.0,226.0
CONTROL__7120__2025060303,7120,2025-06-03 03:00:00,2025-06-03 00:00:00,2025-06-03 06:00:00,NORMAL,GROUP__7120__0068,CONTROL,7.0,8.0,7.0,13.0,34.0,51.0,116.0
CONTROL__7120__2025093003,7120,2025-09-30 03:00:00,2025-09-30 00:00:00,2025-09-30 06:00:00,NORMAL,GROUP__7120__0068,CONTROL,93.0,55.0,66.0,76.0,204.0,586.0,758.0
CONTROL__7121__2025102803,7121,2025-10-28 03:00:00,2025-10-28 00:00:00,2025-10-28 06:00:00,NORMAL,GROUP__7121__0068,CONTROL,0.0,0.0,0.0,0.0,0.0,0.0,0.0
CONTROL__7121__2025101403,7121,2025-10-14 03:00:00,2025-10-14 00:00:00,2025-10-14 06:00:00,NORMAL,GROUP__7121__0068,CONTROL,69.0,49.0,22.0,22.0,47.0,92.0,190.0
CONTROL__7119-PR__2025111106,7119-PR,2025-11-11 06:00:00,2025-11-11 03:00:00,2025-11-11 09:00:00,NORMAL,GROUP__7119-PR__0017,CONTROL,8.0,12.0,24.0,55.0,58.0,63.0,61.0
CONTROL__7119-PR__2025021806,7119-PR,2025-02-18 06:00:00,2025-02-18 03:00:00,2025-02-18 09:00:00,NORMAL,GROUP__7119-PR__0017,CONTROL,0.0,0.0,0.0,0.0,0.0,0.0,0.0
CONTROL__7168__2025080518,7168,2025-08-05 18:00:00,2025-08-05 15:00:00,2025-08-05 21:00:00,NORMAL,GROUP__7168__0023,CONTROL,95.0,119.0,106.0,75.0,37.0,26.0,25.0
CONTROL__7168__2025101418,7168,2025-10-14 18:00:00,2025-10-14 15:00:00,2025-10-14 21:00:00,NORMAL,GROUP__7168__0023,CONTROL,99.0,102.0,101.0,85.0,52.0,35.0,32.0
CONTROL__7179__2025042921,7179,2025-04-29 21:00:00,2025-04-29 18:00:00,2025-04-30 00:00:00,NORMAL,GROUP__7179__0098,CONTROL,236.0,179.0,97.0,82.0,72.0,60.0,263.0
CONTROL__7179__2025021121,7179,2025-02-11 21:00:00,2025-02-11 18:00:00,2025-02-12 00:00:00,NORMAL,GROUP__7179__0098,CONTROL,0.0,0.0,0.0,0.0,0.0,0.0,0.0
CONTROL__F3FWY003__2025040123,F3FWY003,2025-04-01 23:00:00,2025-04-01 20:00:00,2025-04-02 02:00:00,NORMAL,GROUP__F3FWY003__0048,CONTROL,0.0,0.0,0.0,0.0,0.0,0.0,0.0
CONTROL__F3FWY003__2025080523,F3FWY003,2025-08-05 23:00:00,2025-08-05 20:00:00,2025-08-06 02:00:00,NORMAL,GROUP__F3FWY003__0048,CONTROL,257.0,186.0,175.0,121.0,98.0,79.0,95.0
CONTROL__7112__2025111901,7112,2025-11-19 01:00:00,2025-11-18 22:00:00,2025-11-19 04:00:00,NORMAL,GROUP__7112__0070,CONTROL,488.0,264.0,30.0,25.0,22.0,33.0,68.0
CONTROL__7112__2025070901,7112,2025-07-09 01:00:00,2025-07-08 22:00:00,2025-07-09 04:00:00,NORMAL,GROUP__7112__0070,CONTROL,434.0,255.0,19.0,22.0,24.0,43.0,58.0
CONTROL__7112__2025112601,7112,2025-11-26 01:00:00,2025-11-25 22:00:00,2025-11-26 04:00:00,NORMAL,GROUP__7112__0070,CONTROL,32.0,39.0,33.0,23.0,27.0,29.0,63.0
CONTROL__7112__2025111201,7112,2025-11-12 01:00:00,2025-11-11 22:00:00,2025-11-12 04:00:00,NORMAL,GROUP__7112__0070,CONTROL,447.0,271.0,158.0,93.0,67.0,80.0,221.0
CONTROL__7251__2025082702,7251,2025-08-27 02:00:00,2025-08-26 23:00:00,2025-08-27 05:00:00,NORMAL,GROUP__7251__0038,CONTROL,37.0,259.0,167.0,130.0,113.0,133.0,221.0
CONTROL__7251__2025062502,7251,2025-06-25 02:00:00,2025-06-24 23:00:00,2025-06-25 05:00:00,NORMAL,GROUP__7251__0038,CONTROL,411.0,20.0,12.0,20.0,24.0,32.0,41.0
CONTROL__7251__2025060402,7251,2025-06-04 02:00:00,2025-06-03 23:00:00,2025-06-04 05:00:00,NORMAL,GROUP__7251__0038,CONTROL,413.0,254.0,149.0,124.0,87.0,119.0,183.0
CONTROL__7251__2025030502,7251,2025-03-05 02:00:00,2025-03-04 23:00:00,2025-03-05 05:00:00,NORMAL,GROUP__7251__0038,CONTROL,0.0,0.0,0.0,0.0,0.0,0.0,0.0
CONTROL__33014__2025090306,33014,2025-09-03 06:00:00,2025-09-03 03:00:00,2025-09-03 09:00:00,NORMAL,GROUP__33014__0054,CONTROL,0.0,0.0,0.0,0.0,0.0,0.0,0.0
CONTROL__33014__2025071606,33014,2025-07-16 06:00:00,2025-07-16 03:00:00,2025-07-16 09:00:00,NORMAL,GROUP__33014__0054,CONTROL,0.0,0.0,0.0,0.0,0.0,0.0,0.0
CONTROL__33014__2025022606,33014,2025-02-26 06:00:00,2025-02-26 03:00:00,2025-02-26 09:00:00,NORMAL,GROUP__33014__0054,CONTROL,0.0,0.0,0.0,0.0,0.0,0.0,0.0
CONTROL__33014__2025091006,33014,2025-09-10 06:00:00,2025-09-10 03:00:00,2025-09-10 09:00:00,NORMAL,GROUP__33014__0054,CONTROL,0.0,0.0,0.0,0.0,0.0,0.0,0.0
CONTROL__53004__2025082708,53004,2025-08-27 08:00:00,2025-08-27 05:00:00,2025-08-27 11:00:00,NORMAL,GROUP__53004__0053,CONTROL,635.0,1525.0,2375.0,2092.0,1639.0,1299.0,1206.0
CONTROL__53004__2025070208,53004,2025-07-02 08:00:00,2025-07-02 05:00:00,2025-07-02 11:00:00,NORMAL,GROUP__53004__0053,CONTROL,0.0,0.0,0.0,0.0,0.0,0.0,0.0
CONTROL__53003__2025092418,53003,2025-09-24 18:00:00,2025-09-24 15:00:00,2025-09-24 21:00:00,NORMAL,GROUP__53003__0017,CONTROL,174.0,125.0,116.0,103.0,75.0,58.0,36.0
CONTROL__53003__2025102918,53003,2025-10-29 18:00:00,2025-10-29 15:00:00,2025-10-29 21:00:00,NORMAL,GROUP__53003__0017,CONTROL,1678.0,1670.0,1685.0,1363.0,973.0,756.0,609.0
CONTROL__F3FWY004__2025041619,F3FWY004,2025-04-16 19:00:00,2025-04-16 16:00:00,2025-04-16 22:00:00,NORMAL,GROUP__F3FWY004__0014,CONTROL,0.0,0.0,0.0,0.0,0.0,0.0,0.0
CONTROL__F3FWY004__2025021919,F3FWY004,2025-02-19 19:00:00,2025-02-19 16:00:00,2025-02-19 22:00:00,NORMAL,GROUP__F3FWY004__0014,CONTROL,0.0,0.0,0.0,0.0,0.0,0.0,0.0
CONTROL__F3FWY001__2025112700,F3FWY001,2025-11-27 00:00:00,2025-11-26 21:00:00,2025-11-27 03:00:00,NORMAL,GROUP__F3FWY001__0011,CONTROL,169.0,174.0,148.0,196.0,88.0,79.0,102.0
CONTROL__F3FWY001__2025050800,F3FWY001,2025-05-08 00:00:00,2025-05-07 21:00:00,2025-05-08 03:00:00,NORMAL,GROUP__F3FWY001__0011,CONTROL,228.0,186.0,143.0,100.0,125.0,101.0,154.0
CONTROL__7179__2025080701,7179,2025-08-07 01:00:00,2025-08-06 22:00:00,2025-08-07 04:00:00,NORMAL,GROUP__7179__0099,CONTROL,832.0,567.0,323.0,193.0,137.0,200.0,416.0
CONTROL__7179__2025081401,7179,2025-08-14 01:00:00,2025-08-13 22:00:00,2025-08-14 04:00:00,NORMAL,GROUP__7179__0099,CONTROL,838.0,520.0,293.0,180.0,159.0,202.0,375.0
CONTROL__F3FWY005__2025020603,F3FWY005,2025-02-06 03:00:00,2025-02-06 00:00:00,2025-02-06 06:00:00,NORMAL,GROUP__F3FWY005__0007,CONTROL,0.0,0.0,0.0,0.0,0.0,0.0,0.0
CONTROL__F3FWY005__2025090403,F3FWY005,2025-09-04 03:00:00,2025-09-04 00:00:00,2025-09-04 06:00:00,NORMAL,GROUP__F3FWY005__0007,CONTROL,88.0,102.0,124.0,207.0,351.0,715.0,859.0
CONTROL__9827__2025022714,9827,2025-02-27 14:00:00,2025-02-27 11:00:00,2025-02-27 17:00:00,NORMAL,GROUP__9827__0005,CONTROL,0.0,0.0,0.0,0.0,0.0,0.0,0.0
CONTROL__9827__2025111314,9827,2025-11-13 14:00:00,2025-11-13 11:00:00,2025-11-13 17:00:00,NORMAL,GROUP__9827__0005,CONTROL,118.0,117.0,127.0,130.0,147.0,160.0,107.0
CONTROL__F3FWY003__2025082122,F3FWY003,2025-08-21 22:00:00,2025-08-21 19:00:00,2025-08-22 01:00:00,NORMAL,GROUP__F3FWY003__0049,CONTROL,256.0,222.0,213.0,147.0,154.0,93.0,90.0
CONTROL__F3FWY003__2025120422,F3FWY003,2025-12-04 22:00:00,2025-12-04 19:00:00,2025-12-05 01:00:00,NORMAL,GROUP__F3FWY003__0049,CONTROL,1420.0,1161.0,962.0,735.0,547.0,138.0,137.0
CONTROL__F3FWY003__2025010922,F3FWY003,2025-01-09 22:00:00,2025-01-09 19:00:00,2025-01-10 01:00:00,NORMAL,GROUP__F3FWY003__0049,CONTROL,128.0,96.0,51.0,38.0,19.0,0.0,0.0
CONTROL__F3FWY003__2025032022,F3FWY003,2025-03-20 22:00:00,2025-03-20 19:00:00,2025-03-21 01:00:00,NORMAL,GROUP__F3FWY003__0049,CONTROL,0.0,0.0,0.0,0.0,0.0,0.0,0.0
CONTROL__74228__2025122523,74228,2025-12-25 23:00:00,2025-12-25 20:00:00,2025-12-26 02:00:00,NORMAL,GROUP__74228__0009,CONTROL,0.0,0.0,0.0,0.0,0.0,0.0,0.0
CONTROL__74228__2025112023,74228,2025-11-20 23:00:00,2025-11-20 20:00:00,2025-11-21 02:00:00,NORMAL,GROUP__74228__0009,CONTROL,38.0,39.0,40.0,21.0,10.0,14.0,4.0
CONTROL__7112__2025022023,7112,2025-02-20 23:00:00,2025-02-20 20:00:00,2025-02-21 02:00:00,NORMAL,GROUP__7112__0071,CONTROL,0.0,0.0,0.0,0.0,0.0,0.0,0.0
CONTROL__7112__2025010223,7112,2025-01-02 23:00:00,2025-01-02 20:00:00,2025-01-03 02:00:00,NORMAL,GROUP__7112__0071,CONTROL,701.0,669.0,500.0,322.0,5.0,0.0,4.0
CONTROL__50250__2025121901,50250,2025-12-19 01:00:00,2025-12-18 22:00:00,2025-12-19 04:00:00,NORMAL,GROUP__50250__0007,CONTROL,9.0,0.0,31.0,23.0,28.0,77.0,207.0
CONTROL__50250__2025082901,50250,2025-08-29 01:00:00,2025-08-28 22:00:00,2025-08-29 04:00:00,NORMAL,GROUP__50250__0007,CONTROL,5.0,0.0,1.0,1.0,2.0,2.0,3.0
CONTROL__7112__2025110705,7112,2025-11-07 05:00:00,2025-11-07 02:00:00,2025-11-07 08:00:00,NORMAL,GROUP__7112__0071,CONTROL,72.0,83.0,198.0,858.0,1614.0,1262.0,1229.0
CONTROL__7112__2025053005,7112,2025-05-30 05:00:00,2025-05-30 02:00:00,2025-05-30 08:00:00,NORMAL,GROUP__7112__0071,CONTROL,55.0,84.0,203.0,700.0,1192.0,1091.0,960.0
CONTROL__23067__2025041105,23067,2025-04-11 05:00:00,2025-04-11 02:00:00,2025-04-11 08:00:00,NORMAL,GROUP__23067__0044,CONTROL,26.0,53.0,43.0,51.0,111.0,86.0,102.0
CONTROL__23067__2025010305,23067,2025-01-03 05:00:00,2025-01-03 02:00:00,2025-01-03 08:00:00,NORMAL,GROUP__23067__0044,CONTROL,373.0,813.0,1143.0,1402.0,1576.0,1690.0,1247.0
CONTROL__F3FWY003__2025010306,F3FWY003,2025-01-03 06:00:00,2025-01-03 03:00:00,2025-01-03 09:00:00,NORMAL,GROUP__F3FWY003__0050,CONTROL,112.0,0.0,0.0,0.0,0.0,0.0,0.0
CONTROL__F3FWY003__2025101006,F3FWY003,2025-10-10 06:00:00,2025-10-10 03:00:00,2025-10-10 09:00:00,NORMAL,GROUP__F3FWY003__0050,CONTROL,151.0,259.0,473.0,729.0,679.0,624.0,582.0
CONTROL__F3FWY003__2025070412,F3FWY003,2025-07-04 12:00:00,2025-07-04 09:00:00,2025-07-04 15:00:00,NORMAL,GROUP__F3FWY003__0050,CONTROL,0.0,0.0,0.0,0.0,0.0,0.0,0.0
CONTROL__F3FWY003__2025082912,F3FWY003,2025-08-29 12:00:00,2025-08-29 09:00:00,2025-08-29 15:00:00,NORMAL,GROUP__F3FWY003__0050,CONTROL,2034.0,2350.0,2494.0,2545.0,2707.0,3025.0,3426.0
CONTROL__10011__2025062716,10011,2025-06-27 16:00:00,2025-06-27 13:00:00,2025-06-27 19:00:00,NORMAL,GROUP__10011__0044,CONTROL,0.0,0.0,0.0,0.0,0.0,0.0,0.0
CONTROL__10011__2025022116,10011,2025-02-21 16:00:00,2025-02-21 13:00:00,2025-02-21 19:00:00,NORMAL,GROUP__10011__0044,CONTROL,0.0,0.0,0.0,0.0,0.0,0.0,0.0
CONTROL__7139__2025021416,7139,2025-02-14 16:00:00,2025-02-14 13:00:00,2025-02-14 19:00:00,NORMAL,GROUP__7139__0044,CONTROL,0.0,0.0,0.0,0.0,0.0,0.0,0.0
CONTROL__7139__2025022116,7139,2025-02-21 16:00:00,2025-02-21 13:00:00,2025-02-21 19:00:00,NORMAL,GROUP__7139__0044,CONTROL,0.0,0.0,0.0,0.0,0.0,0.0,0.0
CONTROL__7120__2025080820,7120,2025-08-08 20:00:00,2025-08-08 17:00:00,2025-08-08 23:00:00,NORMAL,GROUP__7120__0069,CONTROL,712.0,754.0,727.0,646.0,603.0,595.0,419.0
CONTROL__7120__2025090520,7120,2025-09-05 20:00:00,2025-09-05 17:00:00,2025-09-05 23:00:00,NORMAL,GROUP__7120__0069,CONTROL,705.0,815.0,789.0,613.0,569.0,594.0,454.0
CONTROL__7121__2025072520,7121,2025-07-25 20:00:00,2025-07-25 17:00:00,2025-07-25 23:00:00,NORMAL,GROUP__7121__0069,CONTROL,535.0,479.0,346.0,356.0,334.0,363.0,281.0
CONTROL__7121__2025050920,7121,2025-05-09 20:00:00,2025-05-09 17:00:00,2025-05-09 23:00:00,NORMAL,GROUP__7121__0069,CONTROL,602.0,432.0,427.0,371.0,395.0,404.0,328.0
CONTROL__7126__2025102502,7126,2025-10-25 02:00:00,2025-10-24 23:00:00,2025-10-25 05:00:00,NORMAL,GROUP__7126__0020,CONTROL,8.0,6.0,4.0,7.0,3.0,8.0,20.0
CONTROL__7126__2025100402,7126,2025-10-04 02:00:00,2025-10-03 23:00:00,2025-10-04 05:00:00,NORMAL,GROUP__7126__0020,CONTROL,8.0,7.0,4.0,4.0,4.0,7.0,16.0
CONTROL__7120__2025082315,7120,2025-08-23 15:00:00,2025-08-23 12:00:00,2025-08-23 18:00:00,NORMAL,GROUP__7120__0070,CONTROL,660.0,691.0,650.0,699.0,687.0,727.0,681.0
CONTROL__7120__2025101115,7120,2025-10-11 15:00:00,2025-10-11 12:00:00,2025-10-11 18:00:00,NORMAL,GROUP__7120__0070,CONTROL,33.0,34.0,32.0,43.0,31.0,30.0,25.0
CONTROL__7121__2025012515,7121,2025-01-25 15:00:00,2025-01-25 12:00:00,2025-01-25 18:00:00,NORMAL,GROUP__7121__0070,CONTROL,0.0,0.0,0.0,0.0,0.0,0.0,0.0
CONTROL__7121__2025010415,7121,2025-01-04 15:00:00,2025-01-04 12:00:00,2025-01-04 18:00:00,NORMAL,GROUP__7121__0070,CONTROL,156.0,132.0,151.0,137.0,153.0,149.0,211.0
CONTROL__7179__2025041215,7179,2025-04-12 15:00:00,2025-04-12 12:00:00,2025-04-12 18:00:00,NORMAL,GROUP__7179__0100,CONTROL,209.0,235.0,187.0,188.0,176.0,167.0,123.0
CONTROL__7179__2025031515,7179,2025-03-15 15:00:00,2025-03-15 12:00:00,2025-03-15 18:00:00,NORMAL,GROUP__7179__0100,CONTROL,1854.0,1934.0,1849.0,1899.0,1777.0,1869.0,1939.0
CONTROL__7161__2025083023,7161,2025-08-30 23:00:00,2025-08-30 20:00:00,2025-08-31 02:00:00,NORMAL,GROUP__7161__0032,CONTROL,656.0,577.0,528.0,342.0,227.0,139.0,102.0
CONTROL__7161__2025120623,7161,2025-12-06 23:00:00,2025-12-06 20:00:00,2025-12-07 02:00:00,NORMAL,GROUP__7161__0032,CONTROL,45.0,41.0,23.0,27.0,20.0,15.0,12.0
CONTROL__7184__2025070603,7184,2025-07-06 03:00:00,2025-07-06 00:00:00,2025-07-06 06:00:00,NORMAL,GROUP__7184__0039,CONTROL,325.0,202.0,132.0,121.0,139.0,213.0,475.0
CONTROL__7184__2025062903,7184,2025-06-29 03:00:00,2025-06-29 00:00:00,2025-06-29 06:00:00,NORMAL,GROUP__7184__0039,CONTROL,18.0,9.0,10.0,16.0,10.0,19.0,28.0
CONTROL__7184__2025052503,7184,2025-05-25 03:00:00,2025-05-25 00:00:00,2025-05-25 06:00:00,NORMAL,GROUP__7184__0039,CONTROL,29.0,7.0,12.0,20.0,8.0,20.0,28.0
CONTROL__7184__2025020903,7184,2025-02-09 03:00:00,2025-02-09 00:00:00,2025-02-09 06:00:00,NORMAL,GROUP__7184__0039,CONTROL,0.0,0.0,0.0,0.0,0.0,0.0,0.0
CONTROL__7179__2025092812,7179,2025-09-28 12:00:00,2025-09-28 09:00:00,2025-09-28 15:00:00,NORMAL,GROUP__7179__0101,CONTROL,114.0,122.0,127.0,140.0,134.0,130.0,148.0
CONTROL__7179__2025081712,7179,2025-08-17 12:00:00,2025-08-17 09:00:00,2025-08-17 15:00:00,NORMAL,GROUP__7179__0101,CONTROL,88.0,111.0,137.0,131.0,168.0,121.0,124.0
CONTROL__7168__2025091421,7168,2025-09-14 21:00:00,2025-09-14 18:00:00,2025-09-15 00:00:00,NORMAL,GROUP__7168__0024,CONTROL,23.0,22.0,25.0,24.0,19.0,15.0,10.0
CONTROL__7168__2025092821,7168,2025-09-28 21:00:00,2025-09-28 18:00:00,2025-09-29 00:00:00,NORMAL,GROUP__7168__0024,CONTROL,362.0,268.0,211.0,219.0,203.0,84.0,53.0
CONTROL__7132__2025072805,7132,2025-07-28 05:00:00,2025-07-28 02:00:00,2025-07-28 08:00:00,NORMAL,GROUP__7132__0028,CONTROL,6.0,16.0,43.0,74.0,187.0,135.0,107.0
CONTROL__7132__2025090805,7132,2025-09-08 05:00:00,2025-09-08 02:00:00,2025-09-08 08:00:00,NORMAL,GROUP__7132__0028,CONTROL,71.0,125.0,372.0,1042.0,2085.0,2194.0,2036.0
CONTROL__68025__2025011319,68025,2025-01-13 19:00:00,2025-01-13 16:00:00,2025-01-13 22:00:00,NORMAL,GROUP__68025__0050,CONTROL,818.0,851.0,731.0,628.0,528.0,448.0,320.0
CONTROL__68025__2025080419,68025,2025-08-04 19:00:00,2025-08-04 16:00:00,2025-08-04 22:00:00,NORMAL,GROUP__68025__0050,CONTROL,119.0,73.0,65.0,37.0,23.0,16.0,17.0
CONTROL__7179__2025041421,7179,2025-04-14 21:00:00,2025-04-14 18:00:00,2025-04-15 00:00:00,NORMAL,GROUP__7179__0102,CONTROL,253.0,145.0,105.0,94.0,77.0,49.0,55.0
CONTROL__7179__2025072121,7179,2025-07-21 21:00:00,2025-07-21 18:00:00,2025-07-22 00:00:00,NORMAL,GROUP__7179__0102,CONTROL,243.0,151.0,101.0,103.0,63.0,62.0,266.0
CONTROL__74230__2025091523,74230,2025-09-15 23:00:00,2025-09-15 20:00:00,2025-09-16 02:00:00,NORMAL,GROUP__74230__0027,CONTROL,14.0,5.0,4.0,6.0,16.0,13.0,3.0
CONTROL__74230__2025051923,74230,2025-05-19 23:00:00,2025-05-19 20:00:00,2025-05-20 02:00:00,NORMAL,GROUP__74230__0027,CONTROL,356.0,27.0,0.0,0.0,0.0,0.0,3.0
CONTROL__7120__2025031801,7120,2025-03-18 01:00:00,2025-03-17 22:00:00,2025-03-18 04:00:00,NORMAL,GROUP__7120__0071,CONTROL,19.0,7.0,0.0,0.0,0.0,0.0,0.0
CONTROL__7120__2025051301,7120,2025-05-13 01:00:00,2025-05-12 22:00:00,2025-05-13 04:00:00,NORMAL,GROUP__7120__0071,CONTROL,37.0,29.0,110.0,72.0,81.0,83.0,295.0
CONTROL__7121__2025102101,7121,2025-10-21 01:00:00,2025-10-20 22:00:00,2025-10-21 04:00:00,NORMAL,GROUP__7121__0071,CONTROL,11.0,8.0,71.0,38.0,37.0,33.0,38.0
CONTROL__7121__2025122301,7121,2025-12-23 01:00:00,2025-12-22 22:00:00,2025-12-23 04:00:00,NORMAL,GROUP__7121__0071,CONTROL,0.0,0.0,0.0,0.0,0.0,0.0,0.0
CONTROL__68025__2025020404,68025,2025-02-04 04:00:00,2025-02-04 01:00:00,2025-02-04 07:00:00,NORMAL,GROUP__68025__0051,CONTROL,0.0,0.0,0.0,0.0,0.0,0.0,0.0
CONTROL__68025__2025102104,68025,2025-10-21 04:00:00,2025-10-21 01:00:00,2025-10-21 07:00:00,NORMAL,GROUP__68025__0051,CONTROL,5.0,9.0,9.0,19.0,66.0,140.0,131.0
CONTROL__7179__2025112505,7179,2025-11-25 05:00:00,2025-11-25 02:00:00,2025-11-25 08:00:00,NORMAL,GROUP__7179__0103,CONTROL,160.0,229.0,419.0,944.0,1185.0,1252.0,1422.0
CONTROL__7179__2025030405,7179,2025-03-04 05:00:00,2025-03-04 02:00:00,2025-03-04 08:00:00,NORMAL,GROUP__7179__0103,CONTROL,0.0,0.0,0.0,0.0,0.0,0.0,0.0
CONTROL__33014__2025021807,33014,2025-02-18 07:00:00,2025-02-18 04:00:00,2025-02-18 10:00:00,NORMAL,GROUP__33014__0055,CONTROL,0.0,0.0,0.0,0.0,0.0,0.0,0.0
CONTROL__33014__2025051307,33014,2025-05-13 07:00:00,2025-05-13 04:00:00,2025-05-13 10:00:00,NORMAL,GROUP__33014__0055,CONTROL,84.0,288.0,759.0,1034.0,1186.0,1058.0,1075.0
CONTROL__7179__2025042914,7179,2025-04-29 14:00:00,2025-04-29 11:00:00,2025-04-29 17:00:00,NORMAL,GROUP__7179__0104,CONTROL,477.0,491.0,415.0,426.0,385.0,296.0,287.0
CONTROL__7179__2025090914,7179,2025-09-09 14:00:00,2025-09-09 11:00:00,2025-09-09 17:00:00,NORMAL,GROUP__7179__0104,CONTROL,1382.0,1452.0,1550.0,1772.0,2000.0,1817.0,2025.0
CONTROL__68025__2025100802,68025,2025-10-08 02:00:00,2025-10-07 23:00:00,2025-10-08 05:00:00,NORMAL,GROUP__68025__0052,CONTROL,210.0,129.0,99.0,54.0,68.0,140.0,454.0
CONTROL__68025__2025060402,68025,2025-06-04 02:00:00,2025-06-03 23:00:00,2025-06-04 05:00:00,NORMAL,GROUP__68025__0052,CONTROL,166.0,96.0,59.0,50.0,66.0,158.0,505.0
CONTROL__7162__2025061802,7162,2025-06-18 02:00:00,2025-06-17 23:00:00,2025-06-18 05:00:00,NORMAL,GROUP__7162__0004,CONTROL,86.0,50.0,23.0,34.0,47.0,213.0,472.0
CONTROL__7162__2025110502,7162,2025-11-05 02:00:00,2025-11-04 23:00:00,2025-11-05 05:00:00,NORMAL,GROUP__7162__0004,CONTROL,6.0,9.0,6.0,7.0,11.0,27.0,92.0
CONTROL__F3FWY001__2025031202,F3FWY001,2025-03-12 02:00:00,2025-03-11 23:00:00,2025-03-12 05:00:00,NORMAL,GROUP__F3FWY001__0012,CONTROL,0.0,32.0,20.0,24.0,45.0,100.0,204.0
CONTROL__F3FWY001__2025111902,F3FWY001,2025-11-19 02:00:00,2025-11-18 23:00:00,2025-11-19 05:00:00,NORMAL,GROUP__F3FWY001__0012,CONTROL,478.0,15.0,3.0,5.0,8.0,181.0,601.0
CONTROL__33014__2025072302,33014,2025-07-23 02:00:00,2025-07-22 23:00:00,2025-07-23 05:00:00,NORMAL,GROUP__33014__0056,CONTROL,0.0,0.0,0.0,0.0,0.0,0.0,0.0
CONTROL__33014__2025110502,33014,2025-11-05 02:00:00,2025-11-04 23:00:00,2025-11-05 05:00:00,NORMAL,GROUP__33014__0056,CONTROL,0.0,0.0,0.0,0.0,0.0,0.0,0.0
CONTROL__T0345__2025112604,T0345,2025-11-26 04:00:00,2025-11-26 01:00:00,2025-11-26 07:00:00,NORMAL,GROUP__T0345__0003,CONTROL,12.0,11.0,11.0,58.0,228.0,579.0,1004.0
CONTROL__T0345__2025051404,T0345,2025-05-14 04:00:00,2025-05-14 01:00:00,2025-05-14 07:00:00,NORMAL,GROUP__T0345__0003,CONTROL,1.0,0.0,3.0,1.0,12.0,26.0,36.0
CONTROL__7112__2025021204,7112,2025-02-12 04:00:00,2025-02-12 01:00:00,2025-02-12 07:00:00,NORMAL,GROUP__7112__0072,CONTROL,0.0,0.0,0.0,0.0,0.0,0.0,0.0
CONTROL__7112__2025030504,7112,2025-03-05 04:00:00,2025-03-05 01:00:00,2025-03-05 07:00:00,NORMAL,GROUP__7112__0072,CONTROL,0.0,0.0,0.0,0.0,0.0,0.0,0.0
CONTROL__F3FWY003__2025102909,F3FWY003,2025-10-29 09:00:00,2025-10-29 06:00:00,2025-10-29 12:00:00,NORMAL,GROUP__F3FWY003__0051,CONTROL,2922.0,3208.0,2185.0,1871.0,1792.0,1615.0,1695.0
CONTROL__F3FWY003__2025100809,F3FWY003,2025-10-08 09:00:00,2025-10-08 06:00:00,2025-10-08 12:00:00,NORMAL,GROUP__F3FWY003__0051,CONTROL,1448.0,1702.0,1821.0,1997.0,2314.0,2219.0,2041.0
CONTROL__7161__2025071007,7161,2025-07-10 07:00:00,2025-07-10 04:00:00,2025-07-10 10:00:00,NORMAL,GROUP__7161__0033,CONTROL,32.0,90.0,148.0,130.0,128.0,140.0,146.0
CONTROL__7161__2025080707,7161,2025-08-07 07:00:00,2025-08-07 04:00:00,2025-08-07 10:00:00,NORMAL,GROUP__7161__0033,CONTROL,142.0,104.0,145.0,151.0,129.0,144.0,148.0
CONTROL__7112__2025012307,7112,2025-01-23 07:00:00,2025-01-23 04:00:00,2025-01-23 10:00:00,NORMAL,GROUP__7112__0073,CONTROL,31.0,52.0,109.0,110.0,105.0,116.0,88.0
CONTROL__7112__2025081407,7112,2025-08-14 07:00:00,2025-08-14 04:00:00,2025-08-14 10:00:00,NORMAL,GROUP__7112__0073,CONTROL,0.0,0.0,0.0,0.0,0.0,0.0,0.0
CONTROL__7112__2025072503,7112,2025-07-25 03:00:00,2025-07-25 00:00:00,2025-07-25 06:00:00,NORMAL,GROUP__7112__0074,CONTROL,162.0,80.0,71.0,86.0,191.0,801.0,1524.0
CONTROL__7112__2025062703,7112,2025-06-27 03:00:00,2025-06-27 00:00:00,2025-06-27 06:00:00,NORMAL,GROUP__7112__0074,CONTROL,172.0,103.0,61.0,79.0,205.0,817.0,1542.0
CONTROL__7112__2025030703,7112,2025-03-07 03:00:00,2025-03-07 00:00:00,2025-03-07 06:00:00,NORMAL,GROUP__7112__0074,CONTROL,21.0,38.0,24.0,30.0,61.0,127.0,275.0
CONTROL__7112__2025080103,7112,2025-08-01 03:00:00,2025-08-01 00:00:00,2025-08-01 06:00:00,NORMAL,GROUP__7112__0074,CONTROL,14.0,16.0,14.0,26.0,52.0,99.0,246.0
CONTROL__7120__2025081514,7120,2025-08-15 14:00:00,2025-08-15 11:00:00,2025-08-15 17:00:00,NORMAL,GROUP__7120__0072,CONTROL,97.0,80.0,69.0,76.0,52.0,36.0,27.0
CONTROL__7120__2025051614,7120,2025-05-16 14:00:00,2025-05-16 11:00:00,2025-05-16 17:00:00,NORMAL,GROUP__7120__0072,CONTROL,69.0,78.0,68.0,71.0,55.0,44.0,33.0
CONTROL__7121__2025062014,7121,2025-06-20 14:00:00,2025-06-20 11:00:00,2025-06-20 17:00:00,NORMAL,GROUP__7121__0072,CONTROL,286.0,453.0,489.0,555.0,486.0,474.0,560.0
CONTROL__7121__2025011014,7121,2025-01-10 14:00:00,2025-01-10 11:00:00,2025-01-10 17:00:00,NORMAL,GROUP__7121__0072,CONTROL,0.0,0.0,0.0,0.0,0.0,0.0,0.0
CONTROL__7179__2025022817,7179,2025-02-28 17:00:00,2025-02-28 14:00:00,2025-02-28 20:00:00,NORMAL,GROUP__7179__0105,CONTROL,0.0,0.0,0.0,0.0,0.0,0.0,0.0
CONTROL__7179__2025071817,7179,2025-07-18 17:00:00,2025-07-18 14:00:00,2025-07-18 20:00:00,NORMAL,GROUP__7179__0105,CONTROL,1888.0,1986.0,1966.0,1870.0,2043.0,1466.0,1158.0
CONTROL__7179__2025122617,7179,2025-12-26 17:00:00,2025-12-26 14:00:00,2025-12-26 20:00:00,NORMAL,GROUP__7179__0105,CONTROL,174.0,153.0,186.0,186.0,163.0,161.0,163.0
CONTROL__7179__2025030717,7179,2025-03-07 17:00:00,2025-03-07 14:00:00,2025-03-07 20:00:00,NORMAL,GROUP__7179__0105,CONTROL,0.0,0.0,0.0,0.0,0.0,0.0,0.0
CONTROL__7161__2025052320,7161,2025-05-23 20:00:00,2025-05-23 17:00:00,2025-05-23 23:00:00,NORMAL,GROUP__7161__0034,CONTROL,1473.0,1279.0,905.0,684.0,602.0,508.0,325.0
CONTROL__7161__2025121220,7161,2025-12-12 20:00:00,2025-12-12 17:00:00,2025-12-12 23:00:00,NORMAL,GROUP__7161__0034,CONTROL,1409.0,1277.0,842.0,674.0,605.0,578.0,401.0
CONTROL__7184__2025101801,7184,2025-10-18 01:00:00,2025-10-17 22:00:00,2025-10-18 04:00:00,NORMAL,GROUP__7184__0040,CONTROL,685.0,406.0,271.0,160.0,118.0,121.0,143.0
CONTROL__7184__2025083001,7184,2025-08-30 01:00:00,2025-08-29 22:00:00,2025-08-30 04:00:00,NORMAL,GROUP__7184__0040,CONTROL,677.0,409.0,19.0,28.0,11.0,18.0,20.0
CONTROL__7184__2025121301,7184,2025-12-13 01:00:00,2025-12-12 22:00:00,2025-12-13 04:00:00,NORMAL,GROUP__7184__0040,CONTROL,927.0,521.0,380.0,246.0,167.0,121.0,173.0
CONTROL__7184__2025041901,7184,2025-04-19 01:00:00,2025-04-18 22:00:00,2025-04-19 04:00:00,NORMAL,GROUP__7184__0040,CONTROL,230.0,164.0,152.0,94.0,74.0,60.0,118.0
CONTROL__7161__2025052404,7161,2025-05-24 04:00:00,2025-05-24 01:00:00,2025-05-24 07:00:00,NORMAL,GROUP__7161__0035,CONTROL,14.0,8.0,9.0,11.0,32.0,60.0,60.0
CONTROL__7161__2025080904,7161,2025-08-09 04:00:00,2025-08-09 01:00:00,2025-08-09 07:00:00,NORMAL,GROUP__7161__0035,CONTROL,100.0,71.0,65.0,85.0,193.0,352.0,556.0
CONTROL__33014__2025081606,33014,2025-08-16 06:00:00,2025-08-16 03:00:00,2025-08-16 09:00:00,NORMAL,GROUP__33014__0057,CONTROL,0.0,0.0,0.0,0.0,0.0,0.0,0.0
CONTROL__33014__2025083006,33014,2025-08-30 06:00:00,2025-08-30 03:00:00,2025-08-30 09:00:00,NORMAL,GROUP__33014__0057,CONTROL,0.0,0.0,0.0,0.0,0.0,0.0,0.0
CONTROL__33014__2025072606,33014,2025-07-26 06:00:00,2025-07-26 03:00:00,2025-07-26 09:00:00,NORMAL,GROUP__33014__0057,CONTROL,0.0,0.0,0.0,0.0,0.0,0.0,0.0
CONTROL__33014__2025120606,33014,2025-12-06 06:00:00,2025-12-06 03:00:00,2025-12-06 09:00:00,NORMAL,GROUP__33014__0057,CONTROL,0.0,0.0,0.0,0.0,0.0,0.0,0.0
CONTROL__7248__2025121318,7248,2025-12-13 18:00:00,2025-12-13 15:00:00,2025-12-13 21:00:00,NORMAL,GROUP__7248__0045,CONTROL,109.0,89.0,87.0,96.0,76.0,61.0,58.0
CONTROL__7248__2025021518,7248,2025-02-15 18:00:00,2025-02-15 15:00:00,2025-02-15 21:00:00,NORMAL,GROUP__7248__0045,CONTROL,0.0,0.0,0.0,0.0,0.0,0.0,0.0
CONTROL__22001__2025100418,22001,2025-10-04 18:00:00,2025-10-04 15:00:00,2025-10-04 21:00:00,NORMAL,GROUP__22001__0016,CONTROL,0.0,0.0,0.0,0.0,0.0,0.0,0.0
CONTROL__22001__2025112218,22001,2025-11-22 18:00:00,2025-11-22 15:00:00,2025-11-22 21:00:00,NORMAL,GROUP__22001__0016,CONTROL,0.0,0.0,0.0,0.0,0.0,0.0,0.0
CONTROL__7159__2025051804,7159,2025-05-18 04:00:00,2025-05-18 01:00:00,2025-05-18 07:00:00,NORMAL,GROUP__7159__0012,CONTROL,19.0,15.0,17.0,12.0,22.0,34.0,46.0
CONTROL__7159__2025110904,7159,2025-11-09 04:00:00,2025-11-09 01:00:00,2025-11-09 07:00:00,NORMAL,GROUP__7159__0012,CONTROL,244.0,173.0,133.0,114.0,184.0,336.0,441.0
CONTROL__7179__2025072023,7179,2025-07-20 23:00:00,2025-07-20 20:00:00,2025-07-21 02:00:00,NORMAL,GROUP__7179__0106,CONTROL,1207.0,945.0,745.0,436.0,35.0,30.0,33.0
CONTROL__7179__2025110923,7179,2025-11-09 23:00:00,2025-11-09 20:00:00,2025-11-10 02:00:00,NORMAL,GROUP__7179__0106,CONTROL,1302.0,1173.0,946.0,606.0,39.0,32.0,32.0
CONTROL__7179__2025020923,7179,2025-02-09 23:00:00,2025-02-09 20:00:00,2025-02-10 02:00:00,NORMAL,GROUP__7179__0106,CONTROL,0.0,0.0,0.0,0.0,0.0,0.0,0.0
CONTROL__7179__2025060823,7179,2025-06-08 23:00:00,2025-06-08 20:00:00,2025-06-09 02:00:00,NORMAL,GROUP__7179__0106,CONTROL,68.0,71.0,54.0,42.0,245.0,180.0,111.0
CONTROL__29005__2025092823,29005,2025-09-28 23:00:00,2025-09-28 20:00:00,2025-09-29 02:00:00,NORMAL,GROUP__29005__0028,CONTROL,82.0,76.0,52.0,43.0,300.0,172.0,125.0
CONTROL__29005__2025061523,29005,2025-06-15 23:00:00,2025-06-15 20:00:00,2025-06-16 02:00:00,NORMAL,GROUP__29005__0028,CONTROL,99.0,67.0,42.0,29.0,44.0,23.0,38.0
CONTROL__7119-PR__2025051201,7119-PR,2025-05-12 01:00:00,2025-05-11 22:00:00,2025-05-12 04:00:00,NORMAL,GROUP__7119-PR__0018,CONTROL,13.0,7.0,6.0,6.0,3.0,12.0,17.0
CONTROL__7119-PR__2025090101,7119-PR,2025-09-01 01:00:00,2025-08-31 22:00:00,2025-09-01 04:00:00,NORMAL,GROUP__7119-PR__0018,CONTROL,18.0,6.0,102.0,67.0,50.0,39.0,88.0
CONTROL__7248__2025072104,7248,2025-07-21 04:00:00,2025-07-21 01:00:00,2025-07-21 07:00:00,NORMAL,GROUP__7248__0046,CONTROL,0.0,0.0,0.0,0.0,0.0,0.0,0.0
CONTROL__7248__2025052604,7248,2025-05-26 04:00:00,2025-05-26 01:00:00,2025-05-26 07:00:00,NORMAL,GROUP__7248__0046,CONTROL,99.0,80.0,123.0,393.0,1115.0,1367.0,1452.0
CONTROL__68025__2025032406,68025,2025-03-24 06:00:00,2025-03-24 03:00:00,2025-03-24 09:00:00,NORMAL,GROUP__68025__0053,CONTROL,0.0,0.0,0.0,0.0,0.0,0.0,0.0
CONTROL__68025__2025081106,68025,2025-08-11 06:00:00,2025-08-11 03:00:00,2025-08-11 09:00:00,NORMAL,GROUP__68025__0053,CONTROL,53.0,139.0,450.0,871.0,1164.0,1427.0,1083.0
CONTROL__F3FWY003__2025020320,F3FWY003,2025-02-03 20:00:00,2025-02-03 17:00:00,2025-02-03 23:00:00,NORMAL,GROUP__F3FWY003__0052,CONTROL,0.0,0.0,0.0,0.0,0.0,0.0,0.0
CONTROL__F3FWY003__2025051920,F3FWY003,2025-05-19 20:00:00,2025-05-19 17:00:00,2025-05-19 23:00:00,NORMAL,GROUP__F3FWY003__0052,CONTROL,0.0,0.0,0.0,0.0,0.0,0.0,0.0
CONTROL__7184__2025020322,7184,2025-02-03 22:00:00,2025-02-03 19:00:00,2025-02-04 01:00:00,NORMAL,GROUP__7184__0041,CONTROL,0.0,0.0,0.0,0.0,0.0,0.0,0.0
CONTROL__7184__2025102722,7184,2025-10-27 22:00:00,2025-10-27 19:00:00,2025-10-28 01:00:00,NORMAL,GROUP__7184__0041,CONTROL,654.0,696.0,613.0,428.0,237.0,22.0,28.0
CONTROL__7184__2025011322,7184,2025-01-13 22:00:00,2025-01-13 19:00:00,2025-01-14 01:00:00,NORMAL,GROUP__7184__0041,CONTROL,985.0,821.0,649.0,480.0,249.0,153.0,99.0
CONTROL__7184__2025111722,7184,2025-11-17 22:00:00,2025-11-17 19:00:00,2025-11-18 01:00:00,NORMAL,GROUP__7184__0041,CONTROL,1187.0,932.0,711.0,513.0,214.0,131.0,87.0
CONTROL__7163__2025021800,7163,2025-02-18 00:00:00,2025-02-17 21:00:00,2025-02-18 03:00:00,NORMAL,GROUP__7163__0046,CONTROL,0.0,0.0,0.0,0.0,0.0,0.0,0.0
CONTROL__7163__2025123000,7163,2025-12-30 00:00:00,2025-12-29 21:00:00,2025-12-30 03:00:00,NORMAL,GROUP__7163__0046,CONTROL,13.0,16.0,15.0,98.0,65.0,39.0,39.0
CONTROL__53004__2025092302,53004,2025-09-23 02:00:00,2025-09-22 23:00:00,2025-09-23 05:00:00,NORMAL,GROUP__53004__0054,CONTROL,119.0,11.0,9.0,18.0,14.0,30.0,49.0
CONTROL__53004__2025052002,53004,2025-05-20 02:00:00,2025-05-19 23:00:00,2025-05-20 05:00:00,NORMAL,GROUP__53004__0054,CONTROL,7.0,50.0,34.0,22.0,46.0,206.0,701.0
CONTROL__7163__2025123003,7163,2025-12-30 03:00:00,2025-12-30 00:00:00,2025-12-30 06:00:00,NORMAL,GROUP__7163__0046,CONTROL,98.0,65.0,39.0,39.0,64.0,114.0,201.0
CONTROL__7163__2025072903,7163,2025-07-29 03:00:00,2025-07-29 00:00:00,2025-07-29 06:00:00,NORMAL,GROUP__7163__0046,CONTROL,61.0,35.0,32.0,51.0,109.0,272.0,617.0
CONTROL__7275__2025040804,7275,2025-04-08 04:00:00,2025-04-08 01:00:00,2025-04-08 07:00:00,NORMAL,GROUP__7275__0006,CONTROL,76.0,75.0,46.0,77.0,153.0,285.0,433.0
CONTROL__7275__2025092304,7275,2025-09-23 04:00:00,2025-09-23 01:00:00,2025-09-23 07:00:00,NORMAL,GROUP__7275__0006,CONTROL,55.0,37.0,56.0,142.0,535.0,1068.0,1003.0
CONTROL__74230__2025080504,74230,2025-08-05 04:00:00,2025-08-05 01:00:00,2025-08-05 07:00:00,NORMAL,GROUP__74230__0028,CONTROL,0.0,0.0,0.0,0.0,0.0,0.0,0.0
CONTROL__74230__2025062404,74230,2025-06-24 04:00:00,2025-06-24 01:00:00,2025-06-24 07:00:00,NORMAL,GROUP__74230__0028,CONTROL,0.0,1.0,2.0,5.0,19.0,17.0,20.0
CONTROL__7179__2025052706,7179,2025-05-27 06:00:00,2025-05-27 03:00:00,2025-05-27 09:00:00,NORMAL,GROUP__7179__0107,CONTROL,228.0,400.0,923.0,1336.0,1662.0,1602.0,1460.0
CONTROL__7179__2025060306,7179,2025-06-03 06:00:00,2025-06-03 03:00:00,2025-06-03 09:00:00,NORMAL,GROUP__7179__0107,CONTROL,54.0,114.0,227.0,308.0,325.0,363.0,425.0
CONTROL__7120__2025030413,7120,2025-03-04 13:00:00,2025-03-04 10:00:00,2025-03-04 16:00:00,NORMAL,GROUP__7120__0073,CONTROL,0.0,0.0,0.0,0.0,0.0,0.0,0.0
CONTROL__7120__2025072913,7120,2025-07-29 13:00:00,2025-07-29 10:00:00,2025-07-29 16:00:00,NORMAL,GROUP__7120__0073,CONTROL,103.0,113.0,85.0,84.0,56.0,57.0,47.0
CONTROL__7121__2025052013,7121,2025-05-20 13:00:00,2025-05-20 10:00:00,2025-05-20 16:00:00,NORMAL,GROUP__7121__0073,CONTROL,325.0,381.0,405.0,408.0,500.0,481.0,558.0
CONTROL__7121__2025061713,7121,2025-06-17 13:00:00,2025-06-17 10:00:00,2025-06-17 16:00:00,NORMAL,GROUP__7121__0073,CONTROL,0.0,0.0,0.0,0.0,0.0,0.0,0.0
CONTROL__7120__2025111115,7120,2025-11-11 15:00:00,2025-11-11 12:00:00,2025-11-11 18:00:00,NORMAL,GROUP__7120__0073,CONTROL,0.0,0.0,0.0,0.0,0.0,0.0,0.0
CONTROL__7120__2025112515,7120,2025-11-25 15:00:00,2025-11-25 12:00:00,2025-11-25 18:00:00,NORMAL,GROUP__7120__0073,CONTROL,632.0,609.0,626.0,614.0,590.0,639.0,677.0
CONTROL__7121__2025090915,7121,2025-09-09 15:00:00,2025-09-09 12:00:00,2025-09-09 18:00:00,NORMAL,GROUP__7121__0073,CONTROL,426.0,416.0,507.0,518.0,501.0,563.0,521.0
CONTROL__7121__2025100715,7121,2025-10-07 15:00:00,2025-10-07 12:00:00,2025-10-07 18:00:00,NORMAL,GROUP__7121__0073,CONTROL,414.0,483.0,500.0,501.0,612.0,566.0,408.0
CONTROL__7184__2025052020,7184,2025-05-20 20:00:00,2025-05-20 17:00:00,2025-05-20 23:00:00,NORMAL,GROUP__7184__0042,CONTROL,2412.0,1907.0,1274.0,860.0,777.0,545.0,246.0
CONTROL__7184__2025062420,7184,2025-06-24 20:00:00,2025-06-24 17:00:00,2025-06-24 23:00:00,NORMAL,GROUP__7184__0042,CONTROL,1731.0,1632.0,1123.0,970.0,670.0,443.0,250.0
CONTROL__74230__2025021823,74230,2025-02-18 23:00:00,2025-02-18 20:00:00,2025-02-19 02:00:00,NORMAL,GROUP__74230__0029,CONTROL,0.0,0.0,0.0,0.0,0.0,0.0,0.0
CONTROL__74230__2025110423,74230,2025-11-04 23:00:00,2025-11-04 20:00:00,2025-11-05 02:00:00,NORMAL,GROUP__74230__0029,CONTROL,705.0,405.0,441.0,191.0,93.0,82.0,83.0
CONTROL__23067__2025070907,23067,2025-07-09 07:00:00,2025-07-09 04:00:00,2025-07-09 10:00:00,NORMAL,GROUP__23067__0045,CONTROL,1052.0,1633.0,2320.0,2504.0,2148.0,1418.0,1251.0
CONTROL__23067__2025072307,23067,2025-07-23 07:00:00,2025-07-23 04:00:00,2025-07-23 10:00:00,NORMAL,GROUP__23067__0045,CONTROL,1013.0,1603.0,2483.0,2658.0,2376.0,1293.0,1106.0
CONTROL__F3FWY002__2025111223,F3FWY002,2025-11-12 23:00:00,2025-11-12 20:00:00,2025-11-13 02:00:00,NORMAL,GROUP__F3FWY002__0013,CONTROL,206.0,189.0,174.0,144.0,123.0,116.0,119.0
CONTROL__F3FWY002__2025070223,F3FWY002,2025-07-02 23:00:00,2025-07-02 20:00:00,2025-07-03 02:00:00,NORMAL,GROUP__F3FWY002__0013,CONTROL,0.0,0.0,0.0,0.0,102.0,117.0,122.0
CONTROL__F3FWY002__2025100823,F3FWY002,2025-10-08 23:00:00,2025-10-08 20:00:00,2025-10-09 02:00:00,NORMAL,GROUP__F3FWY002__0013,CONTROL,250.0,241.0,220.0,151.0,130.0,105.0,121.0
CONTROL__F3FWY002__2025112623,F3FWY002,2025-11-26 23:00:00,2025-11-26 20:00:00,2025-11-27 02:00:00,NORMAL,GROUP__F3FWY002__0013,CONTROL,253.0,249.0,204.0,190.0,120.0,127.0,91.0
CONTROL__7120__2025061909,7120,2025-06-19 09:00:00,2025-06-19 06:00:00,2025-06-19 12:00:00,NORMAL,GROUP__7120__0074,CONTROL,107.0,101.0,76.0,103.0,118.0,78.0,90.0
CONTROL__7120__2025061209,7120,2025-06-12 09:00:00,2025-06-12 06:00:00,2025-06-12 12:00:00,NORMAL,GROUP__7120__0074,CONTROL,706.0,760.0,655.0,724.0,662.0,663.0,671.0
CONTROL__7121__2025082809,7121,2025-08-28 09:00:00,2025-08-28 06:00:00,2025-08-28 12:00:00,NORMAL,GROUP__7121__0074,CONTROL,24.0,28.0,39.0,50.0,54.0,63.0,69.0
CONTROL__7121__2025032709,7121,2025-03-27 09:00:00,2025-03-27 06:00:00,2025-03-27 12:00:00,NORMAL,GROUP__7121__0074,CONTROL,0.0,0.0,0.0,0.0,0.0,0.0,0.0
CONTROL__10011__2025062611,10011,2025-06-26 11:00:00,2025-06-26 08:00:00,2025-06-26 14:00:00,NORMAL,GROUP__10011__0045,CONTROL,0.0,0.0,0.0,0.0,0.0,0.0,0.0
CONTROL__10011__2025070311,10011,2025-07-03 11:00:00,2025-07-03 08:00:00,2025-07-03 14:00:00,NORMAL,GROUP__10011__0045,CONTROL,0.0,0.0,0.0,0.0,0.0,0.0,0.0
CONTROL__7139__2025060511,7139,2025-06-05 11:00:00,2025-06-05 08:00:00,2025-06-05 14:00:00,NORMAL,GROUP__7139__0045,CONTROL,3202.0,2543.0,2147.0,2263.0,2374.0,2310.0,2463.0
CONTROL__7139__2025092511,7139,2025-09-25 11:00:00,2025-09-25 08:00:00,2025-09-25 14:00:00,NORMAL,GROUP__7139__0045,CONTROL,3090.0,2609.0,2278.0,2242.0,2351.0,2400.0,2633.0
CONTROL__7248__2025112716,7248,2025-11-27 16:00:00,2025-11-27 13:00:00,2025-11-27 19:00:00,NORMAL,GROUP__7248__0047,CONTROL,864.0,951.0,854.0,951.0,841.0,946.0,840.0
CONTROL__7248__2025091816,7248,2025-09-18 16:00:00,2025-09-18 13:00:00,2025-09-18 19:00:00,NORMAL,GROUP__7248__0047,CONTROL,906.0,922.0,770.0,921.0,953.0,998.0,819.0
CONTROL__7153__2025061309,7153,2025-06-13 09:00:00,2025-06-13 06:00:00,2025-06-13 12:00:00,NORMAL,GROUP__7153__0026,CONTROL,338.0,291.0,244.0,267.0,245.0,242.0,216.0
CONTROL__7153__2025090509,7153,2025-09-05 09:00:00,2025-09-05 06:00:00,2025-09-05 12:00:00,NORMAL,GROUP__7153__0026,CONTROL,327.0,229.0,253.0,230.0,270.0,229.0,217.0
CONTROL__50240__2025112110,50240,2025-11-21 10:00:00,2025-11-21 07:00:00,2025-11-21 13:00:00,NORMAL,GROUP__50240__0054,CONTROL,2418.0,2227.0,1986.0,1931.0,1981.0,1904.0,1981.0
CONTROL__50240__2025110710,50240,2025-11-07 10:00:00,2025-11-07 07:00:00,2025-11-07 13:00:00,NORMAL,GROUP__50240__0054,CONTROL,439.0,318.0,398.0,385.0,381.0,348.0,354.0
CONTROL__7248__2025051612,7248,2025-05-16 12:00:00,2025-05-16 09:00:00,2025-05-16 15:00:00,NORMAL,GROUP__7248__0048,CONTROL,1044.0,1006.0,979.0,874.0,883.0,1073.0,991.0
CONTROL__7248__2025103112,7248,2025-10-31 12:00:00,2025-10-31 09:00:00,2025-10-31 15:00:00,NORMAL,GROUP__7248__0048,CONTROL,206.0,225.0,222.0,301.0,255.0,222.0,170.0
CONTROL__7120__2025070503,7120,2025-07-05 03:00:00,2025-07-05 00:00:00,2025-07-05 06:00:00,NORMAL,GROUP__7120__0075,CONTROL,15.0,11.0,13.0,8.0,19.0,27.0,58.0
CONTROL__7120__2025040503,7120,2025-04-05 03:00:00,2025-04-05 00:00:00,2025-04-05 06:00:00,NORMAL,GROUP__7120__0075,CONTROL,11.0,12.0,9.0,9.0,12.0,36.0,65.0
CONTROL__7121__2025090603,7121,2025-09-06 03:00:00,2025-09-06 00:00:00,2025-09-06 06:00:00,NORMAL,GROUP__7121__0075,CONTROL,10.0,7.0,9.0,10.0,4.0,11.0,16.0
CONTROL__7121__2025041203,7121,2025-04-12 03:00:00,2025-04-12 00:00:00,2025-04-12 06:00:00,NORMAL,GROUP__7121__0075,CONTROL,213.0,154.0,115.0,151.0,91.0,91.0,142.0
CONTROL__7120__2025020106,7120,2025-02-01 06:00:00,2025-02-01 03:00:00,2025-02-01 09:00:00,NORMAL,GROUP__7120__0075,CONTROL,0.0,0.0,0.0,0.0,0.0,0.0,0.0
CONTROL__7120__2025021506,7120,2025-02-15 06:00:00,2025-02-15 03:00:00,2025-02-15 09:00:00,NORMAL,GROUP__7120__0075,CONTROL,0.0,0.0,0.0,0.0,0.0,0.0,0.0
CONTROL__7121__2025011106,7121,2025-01-11 06:00:00,2025-01-11 03:00:00,2025-01-11 09:00:00,NORMAL,GROUP__7121__0075,CONTROL,0.0,0.0,0.0,0.0,0.0,0.0,0.0
CONTROL__7121__2025030106,7121,2025-03-01 06:00:00,2025-03-01 03:00:00,2025-03-01 09:00:00,NORMAL,GROUP__7121__0075,CONTROL,0.0,0.0,0.0,0.0,0.0,0.0,0.0
CONTROL__7132__2025122011,7132,2025-12-20 11:00:00,2025-12-20 08:00:00,2025-12-20 14:00:00,NORMAL,GROUP__7132__0029,CONTROL,952.0,1158.0,1200.0,1220.0,1148.0,1160.0,1097.0
CONTROL__7132__2025032911,7132,2025-03-29 11:00:00,2025-03-29 08:00:00,2025-03-29 14:00:00,NORMAL,GROUP__7132__0029,CONTROL,965.0,1117.0,1150.0,1111.0,1196.0,1151.0,1084.0
CONTROL__7132__2025092011,7132,2025-09-20 11:00:00,2025-09-20 08:00:00,2025-09-20 14:00:00,NORMAL,GROUP__7132__0029,CONTROL,44.0,56.0,55.0,46.0,40.0,43.0,33.0
CONTROL__7132__2025010411,7132,2025-01-04 11:00:00,2025-01-04 08:00:00,2025-01-04 14:00:00,NORMAL,GROUP__7132__0029,CONTROL,33.0,29.0,44.0,42.0,31.0,32.0,24.0
CONTROL__29005__2025041918,29005,2025-04-19 18:00:00,2025-04-19 15:00:00,2025-04-19 21:00:00,NORMAL,GROUP__29005__0029,CONTROL,170.0,158.0,148.0,118.0,82.0,76.0,69.0
CONTROL__29005__2025091318,29005,2025-09-13 18:00:00,2025-09-13 15:00:00,2025-09-13 21:00:00,NORMAL,GROUP__29005__0029,CONTROL,204.0,179.0,186.0,124.0,101.0,79.0,79.0
CONTROL__7123-PR__2025022221,7123-PR,2025-02-22 21:00:00,2025-02-22 18:00:00,2025-02-23 00:00:00,NORMAL,GROUP__7123-PR__0006,CONTROL,0.0,0.0,0.0,0.0,0.0,0.0,0.0
CONTROL__7123-PR__2025040521,7123-PR,2025-04-05 21:00:00,2025-04-05 18:00:00,2025-04-06 00:00:00,NORMAL,GROUP__7123-PR__0006,CONTROL,672.0,500.0,362.0,318.0,269.0,170.0,0.0
CONTROL__7179__2025111708,7179,2025-11-17 08:00:00,2025-11-17 05:00:00,2025-11-17 11:00:00,NORMAL,GROUP__7179__0108,CONTROL,920.0,1362.0,1599.0,1598.0,1463.0,1308.0,1461.0
CONTROL__7179__2025020308,7179,2025-02-03 08:00:00,2025-02-03 05:00:00,2025-02-03 11:00:00,NORMAL,GROUP__7179__0108,CONTROL,0.0,0.0,0.0,0.0,0.0,0.0,0.0
CONTROL__7179__2025082508,7179,2025-08-25 08:00:00,2025-08-25 05:00:00,2025-08-25 11:00:00,NORMAL,GROUP__7179__0108,CONTROL,866.0,1348.0,1668.0,1581.0,1420.0,1326.0,1417.0
CONTROL__7179__2025011308,7179,2025-01-13 08:00:00,2025-01-13 05:00:00,2025-01-13 11:00:00,NORMAL,GROUP__7179__0108,CONTROL,0.0,0.0,0.0,0.0,0.0,0.0,0.0
CONTROL__7163__2025110311,7163,2025-11-03 11:00:00,2025-11-03 08:00:00,2025-11-03 14:00:00,NORMAL,GROUP__7163__0047,CONTROL,113.0,116.0,114.0,92.0,101.0,93.0,68.0
CONTROL__7163__2025061611,7163,2025-06-16 11:00:00,2025-06-16 08:00:00,2025-06-16 14:00:00,NORMAL,GROUP__7163__0047,CONTROL,478.0,608.0,562.0,620.0,641.0,602.0,588.0
CONTROL__9849__2025051919,9849,2025-05-19 19:00:00,2025-05-19 16:00:00,2025-05-19 22:00:00,NORMAL,GROUP__9849__0009,CONTROL,48.0,62.0,36.0,21.0,14.0,13.0,8.0
CONTROL__9849__2025090119,9849,2025-09-01 19:00:00,2025-09-01 16:00:00,2025-09-01 22:00:00,NORMAL,GROUP__9849__0009,CONTROL,72.0,78.0,51.0,30.0,24.0,14.0,5.0
CONTROL__7184__2025120822,7184,2025-12-08 22:00:00,2025-12-08 19:00:00,2025-12-09 01:00:00,NORMAL,GROUP__7184__0043,CONTROL,104.0,77.0,48.0,46.0,19.0,140.0,87.0
CONTROL__7184__2025012022,7184,2025-01-20 22:00:00,2025-01-20 19:00:00,2025-01-21 01:00:00,NORMAL,GROUP__7184__0043,CONTROL,1100.0,917.0,672.0,507.0,236.0,0.0,0.0
CONTROL__7161__2025121607,7161,2025-12-16 07:00:00,2025-12-16 04:00:00,2025-12-16 10:00:00,NORMAL,GROUP__7161__0036,CONTROL,159.0,538.0,901.0,1311.0,1153.0,978.0,1065.0
CONTROL__7161__2025111107,7161,2025-11-11 07:00:00,2025-11-11 04:00:00,2025-11-11 10:00:00,NORMAL,GROUP__7161__0036,CONTROL,167.0,548.0,1011.0,1382.0,1368.0,978.0,898.0
CONTROL__10011__2025051312,10011,2025-05-13 12:00:00,2025-05-13 09:00:00,2025-05-13 15:00:00,NORMAL,GROUP__10011__0046,CONTROL,0.0,0.0,0.0,0.0,0.0,0.0,0.0
CONTROL__10011__2025062412,10011,2025-06-24 12:00:00,2025-06-24 09:00:00,2025-06-24 15:00:00,NORMAL,GROUP__10011__0046,CONTROL,0.0,0.0,0.0,0.0,0.0,0.0,0.0
CONTROL__7139__2025091612,7139,2025-09-16 12:00:00,2025-09-16 09:00:00,2025-09-16 15:00:00,NORMAL,GROUP__7139__0046,CONTROL,2434.0,2093.0,2106.0,2089.0,2192.0,2496.0,2824.0
CONTROL__7139__2025052712,7139,2025-05-27 12:00:00,2025-05-27 09:00:00,2025-05-27 15:00:00,NORMAL,GROUP__7139__0046,CONTROL,2583.0,2127.0,2027.0,2080.0,2059.0,2392.0,2739.0
CONTROL__7161__2025041518,7161,2025-04-15 18:00:00,2025-04-15 15:00:00,2025-04-15 21:00:00,NORMAL,GROUP__7161__0037,CONTROL,186.0,152.0,152.0,96.0,59.0,45.0,32.0
CONTROL__7161__2025111818,7161,2025-11-18 18:00:00,2025-11-18 15:00:00,2025-11-18 21:00:00,NORMAL,GROUP__7161__0037,CONTROL,1343.0,1572.0,1470.0,1349.0,901.0,704.0,590.0
CONTROL__7112__2025090306,7112,2025-09-03 06:00:00,2025-09-03 03:00:00,2025-09-03 09:00:00,NORMAL,GROUP__7112__0075,CONTROL,77.0,213.0,847.0,1536.0,1388.0,1364.0,1094.0
CONTROL__7112__2025111206,7112,2025-11-12 06:00:00,2025-11-12 03:00:00,2025-11-12 09:00:00,NORMAL,GROUP__7112__0075,CONTROL,80.0,221.0,921.0,1537.0,1423.0,1196.0,1084.0
