event_sample_id,split_scheme,partition,y_true,y_pred,prob_NORMAL,prob_ACCIDENT,prob_OTHER_DISRUPTION
INCIDENT__219427-webtirf__7120,Grouped-random,train,OTHER_DISRUPTION,OTHER_DISRUPTION,0.33023462,0.32506052,0.3447049
INCIDENT__219440.0-webtirf__7168,Grouped-random,train,OTHER_DISRUPTION,ACCIDENT,0.32431245,0.33990923,0.33577836
INCIDENT__219613-webtirf__22001,Grouped-random,train,OTHER_DISRUPTION,NORMAL,0.37016022,0.33589637,0.29394332
INCIDENT__219630.0-webtirf__68025,Grouped-random,train,OTHER_DISRUPTION,OTHER_DISRUPTION,0.33023462,0.32506052,0.3447049
INCIDENT__219630.0-webtirf__7179,Grouped-random,train,OTHER_DISRUPTION,NORMAL,0.36533904,0.30791935,0.32674164
INCIDENT__219650.0-webtirf__F3FWY003,Grouped-random,train,OTHER_DISRUPTION,ACCIDENT,0.3285466,0.34693432,0.32451913
INCIDENT__219663-webtirf__7248,Grouped-random,train,OTHER_DISRUPTION,OTHER_DISRUPTION,0.3572589,0.27933496,0.3634061
INCIDENT__219668-webtirf__7163,Grouped-random,train,OTHER_DISRUPTION,NORMAL,0.36830586,0.27302867,0.35866547
INCIDENT__219694-webtirf__7179,Grouped-random,train,OTHER_DISRUPTION,NORMAL,0.36961383,0.29745033,0.33293587
INCIDENT__219711-webtirf__33014,Grouped-random,train,OTHER_DISRUPTION,ACCIDENT,0.35016057,0.37155277,0.27828664
INCIDENT__219761-webtirf__7163,Grouped-random,train,OTHER_DISRUPTION,OTHER_DISRUPTION,0.34944722,0.28113845,0.36941436
INCIDENT__219783-webtirf__7112,Grouped-random,train,ACCIDENT,ACCIDENT,0.32486147,0.35284212,0.3222965
INCIDENT__219807-webtirf__23067,Grouped-random,train,OTHER_DISRUPTION,NORMAL,0.37337893,0.33603716,0.29058388
INCIDENT__219833-webtirf__7248,Grouped-random,train,OTHER_DISRUPTION,NORMAL,0.34865546,0.3418846,0.30945995
INCIDENT__219844-webtirf__9827,Grouped-random,train,OTHER_DISRUPTION,OTHER_DISRUPTION,0.33023462,0.32506052,0.3447049
INCIDENT__219890.0-webtirf__7164,Grouped-random,train,OTHER_DISRUPTION,OTHER_DISRUPTION,0.34587142,0.30004987,0.35407877
INCIDENT__219914-webtirf__7184,Grouped-random,train,OTHER_DISRUPTION,OTHER_DISRUPTION,0.3318918,0.32245907,0.3456491
INCIDENT__219932-webtirf__7120,Grouped-random,train,ACCIDENT,NORMAL,0.34262255,0.33160013,0.32577732
INCIDENT__219932-webtirf__7121,Grouped-random,train,ACCIDENT,OTHER_DISRUPTION,0.3319728,0.33204585,0.33598137
INCIDENT__219943-webtirf__7184,Grouped-random,train,OTHER_DISRUPTION,ACCIDENT,0.31566975,0.40269348,0.28163677
INCIDENT__219947-webtirf__F3FWY003,Grouped-random,train,OTHER_DISRUPTION,OTHER_DISRUPTION,0.33023462,0.32506052,0.3447049
INCIDENT__219957-webtirf__10011,Grouped-random,train,ACCIDENT,NORMAL,0.3736648,0.35601458,0.2703205
INCIDENT__219957-webtirf__7139,Grouped-random,train,ACCIDENT,NORMAL,0.3432238,0.3262097,0.33056644
INCIDENT__219979-webtirf__7251,Grouped-random,train,OTHER_DISRUPTION,OTHER_DISRUPTION,0.32517177,0.33500874,0.33981946
INCIDENT__220005-webtirf__68025,Grouped-random,train,OTHER_DISRUPTION,OTHER_DISRUPTION,0.3270087,0.31186822,0.36112306
INCIDENT__220025-webtirf__68025,Grouped-random,train,OTHER_DISRUPTION,OTHER_DISRUPTION,0.3416597,0.3143697,0.3439706
INCIDENT__220081-webtirf__7120,Grouped-random,train,OTHER_DISRUPTION,OTHER_DISRUPTION,0.35514966,0.2818058,0.3630444
INCIDENT__220081-webtirf__7121,Grouped-random,train,OTHER_DISRUPTION,OTHER_DISRUPTION,0.31565747,0.3243124,0.36003017
INCIDENT__220088-webtirf__74230,Grouped-random,train,OTHER_DISRUPTION,OTHER_DISRUPTION,0.3049778,0.30329388,0.3917284
INCIDENT__220110.0-webtirf__53004,Grouped-random,train,ACCIDENT,ACCIDENT,0.32156742,0.35470274,0.32372984
INCIDENT__220170.0-webtirf__7126,Grouped-random,train,ACCIDENT,NORMAL,0.36268073,0.33907157,0.29824767
INCIDENT__220181-webtirf__7184,Grouped-random,train,OTHER_DISRUPTION,NORMAL,0.35862687,0.3363451,0.30502796
INCIDENT__220188-webtirf__7184,Grouped-random,train,OTHER_DISRUPTION,OTHER_DISRUPTION,0.3340228,0.28416324,0.38181394
INCIDENT__220216-webtirf__68025,Grouped-random,train,OTHER_DISRUPTION,OTHER_DISRUPTION,0.32052362,0.29867938,0.38079703
INCIDENT__220247-webtirf__50260,Grouped-random,train,ACCIDENT,OTHER_DISRUPTION,0.32531065,0.29229462,0.3823947
INCIDENT__220287-webtirf__51235,Grouped-random,train,OTHER_DISRUPTION,OTHER_DISRUPTION,0.33570093,0.3255322,0.33876684
INCIDENT__220326-webtirf__51235,Grouped-random,train,OTHER_DISRUPTION,NORMAL,0.33973068,0.3320845,0.32818487
INCIDENT__220424-webtirf__7179,Grouped-random,train,ACCIDENT,OTHER_DISRUPTION,0.33023462,0.32506052,0.3447049
INCIDENT__220471-webtirf__7121,Grouped-random,train,OTHER_DISRUPTION,OTHER_DISRUPTION,0.33023462,0.32506052,0.3447049
INCIDENT__220489-webtirf__50240,Grouped-random,train,OTHER_DISRUPTION,NORMAL,0.3687441,0.31359524,0.31766072
INCIDENT__220582-webtirf__53003,Grouped-random,train,OTHER_DISRUPTION,OTHER_DISRUPTION,0.3295203,0.3311694,0.33931032
INCIDENT__220591-webtirf__50250,Grouped-random,train,OTHER_DISRUPTION,OTHER_DISRUPTION,0.31227133,0.31097314,0.37675548
INCIDENT__220608-webtirf__53004,Grouped-random,train,ACCIDENT,NORMAL,0.37274623,0.2834491,0.34380463
INCIDENT__220763-webtirf__7184,Grouped-random,train,OTHER_DISRUPTION,OTHER_DISRUPTION,0.32240748,0.32842943,0.34916314
INCIDENT__220800.0-webtirf__7184,Grouped-random,train,OTHER_DISRUPTION,OTHER_DISRUPTION,0.32530192,0.3265931,0.34810492
INCIDENT__220876-webtirf__T0231,Grouped-random,train,ACCIDENT,NORMAL,0.3763511,0.34536555,0.27828342
INCIDENT__220930.0-webtirf__F3FWY001,Grouped-random,train,ACCIDENT,ACCIDENT,0.27137306,0.41994366,0.30868322
INCIDENT__220938-webtirf__53003,Grouped-random,train,OTHER_DISRUPTION,OTHER_DISRUPTION,0.32749403,0.29299033,0.37951565
INCIDENT__221020.0-webtirf__F3FWY001,Grouped-random,train,ACCIDENT,ACCIDENT,0.30798236,0.41055518,0.2814624
INCIDENT__221032-webtirf__F3FWY003,Grouped-random,train,OTHER_DISRUPTION,OTHER_DISRUPTION,0.33023462,0.32506052,0.3447049
INCIDENT__221068-webtirf__7120,Grouped-random,train,OTHER_DISRUPTION,NORMAL,0.36988962,0.34954402,0.2805663
INCIDENT__221068-webtirf__7121,Grouped-random,train,OTHER_DISRUPTION,OTHER_DISRUPTION,0.33023462,0.32506052,0.3447049
INCIDENT__221135-webtirf__47024,Grouped-random,train,OTHER_DISRUPTION,OTHER_DISRUPTION,0.32661632,0.29847723,0.37490642
INCIDENT__221139-webtirf__7139,Grouped-random,train,OTHER_DISRUPTION,ACCIDENT,0.30391043,0.382208,0.3138816
INCIDENT__221167-webtirf__7132,Grouped-random,train,ACCIDENT,NORMAL,0.34815285,0.32032037,0.33152673
INCIDENT__221220.0-webtirf__68025,Grouped-random,train,OTHER_DISRUPTION,NORMAL,0.36280525,0.33720523,0.29998952
INCIDENT__221259-webtirf__7139,Grouped-random,train,ACCIDENT,OTHER_DISRUPTION,0.3274927,0.31913695,0.35337025
INCIDENT__221277-webtirf__53004,Grouped-random,train,OTHER_DISRUPTION,OTHER_DISRUPTION,0.3347808,0.32495138,0.3402678
INCIDENT__221291-webtirf__7112,Grouped-random,train,OTHER_DISRUPTION,NORMAL,0.3695489,0.34602937,0.2844218
INCIDENT__221341-webtirf__7120,Grouped-random,train,OTHER_DISRUPTION,OTHER_DISRUPTION,0.33023462,0.32506052,0.3447049
INCIDENT__221341-webtirf__7121,Grouped-random,train,OTHER_DISRUPTION,OTHER_DISRUPTION,0.3155398,0.3349847,0.34947544
INCIDENT__221362-webtirf__7248,Grouped-random,train,OTHER_DISRUPTION,OTHER_DISRUPTION,0.35656306,0.28293043,0.36050656
INCIDENT__221414-webtirf__29005,Grouped-random,train,OTHER_DISRUPTION,NORMAL,0.37744814,0.36924678,0.2533051
INCIDENT__221452-webtirf__51235,Grouped-random,train,OTHER_DISRUPTION,NORMAL,0.35019496,0.30943617,0.34036884
INCIDENT__221466-webtirf__7251,Grouped-random,train,OTHER_DISRUPTION,OTHER_DISRUPTION,0.33023462,0.32506052,0.3447049
INCIDENT__221501-webtirf__7126,Grouped-random,train,ACCIDENT,NORMAL,0.33826262,0.3284874,0.33325005
INCIDENT__221530.0-webtirf__34016,Grouped-random,train,OTHER_DISRUPTION,NORMAL,0.37915042,0.2897135,0.3311361
INCIDENT__221572-webtirf__7120,Grouped-random,train,OTHER_DISRUPTION,NORMAL,0.3448693,0.33007097,0.32505965
INCIDENT__221572-webtirf__7121,Grouped-random,train,OTHER_DISRUPTION,NORMAL,0.34923908,0.30722556,0.34353542
INCIDENT__221578-webtirf__7274,Grouped-random,train,ACCIDENT,NORMAL,0.34064573,0.34029722,0.31905708
INCIDENT__221662-webtirf__F3FWY004,Grouped-random,train,OTHER_DISRUPTION,OTHER_DISRUPTION,0.33023462,0.32506052,0.3447049
INCIDENT__221731-webtirf__7153,Grouped-random,train,OTHER_DISRUPTION,NORMAL,0.36944193,0.35107487,0.27948308
INCIDENT__221767-webtirf__F3FWY002,Grouped-random,train,ACCIDENT,OTHER_DISRUPTION,0.33023462,0.32506052,0.3447049
INCIDENT__221798-webtirf__7248,Grouped-random,train,OTHER_DISRUPTION,NORMAL,0.37607855,0.31620905,0.3077125
INCIDENT__221804-webtirf__7274,Grouped-random,train,OTHER_DISRUPTION,OTHER_DISRUPTION,0.33023462,0.32506052,0.3447049
INCIDENT__221825-webtirf__7112,Grouped-random,train,ACCIDENT,OTHER_DISRUPTION,0.33023462,0.32506052,0.3447049
INCIDENT__221908-webtirf__7161,Grouped-random,train,OTHER_DISRUPTION,ACCIDENT,0.3385667,0.35460013,0.30683318
INCIDENT__221928-webtirf__7132,Grouped-random,train,ACCIDENT,NORMAL,0.3657638,0.30722886,0.32700735
INCIDENT__221952-webtirf__55049,Grouped-random,train,ACCIDENT,OTHER_DISRUPTION,0.33609933,0.32561356,0.33828706
INCIDENT__221973-webtirf__F3FWY005,Grouped-random,train,OTHER_DISRUPTION,OTHER_DISRUPTION,0.33023462,0.32506052,0.3447049
INCIDENT__222057-webtirf__7120,Grouped-random,train,OTHER_DISRUPTION,NORMAL,0.34749708,0.3127631,0.3397399
INCIDENT__222057-webtirf__7121,Grouped-random,train,OTHER_DISRUPTION,OTHER_DISRUPTION,0.33023462,0.32506052,0.3447049
INCIDENT__222064-webtirf__53004,Grouped-random,train,OTHER_DISRUPTION,NORMAL,0.35153154,0.31091654,0.3375518
INCIDENT__222066-webtirf__10011,Grouped-random,train,OTHER_DISRUPTION,OTHER_DISRUPTION,0.33023462,0.32506052,0.3447049
INCIDENT__222066-webtirf__7139,Grouped-random,train,OTHER_DISRUPTION,NORMAL,0.3861587,0.30871442,0.30512688
INCIDENT__222140.0-webtirf__7132,Grouped-random,train,OTHER_DISRUPTION,NORMAL,0.36268523,0.29890016,0.33841464
INCIDENT__222182-webtirf__7120,Grouped-random,train,OTHER_DISRUPTION,OTHER_DISRUPTION,0.32397944,0.3368492,0.33917126
INCIDENT__222186-webtirf__7248,Grouped-random,train,OTHER_DISRUPTION,NORMAL,0.3652094,0.32241425,0.31237632
INCIDENT__222221-webtirf__7123-PR,Grouped-random,train,OTHER_DISRUPTION,OTHER_DISRUPTION,0.33915412,0.3192455,0.34160042
INCIDENT__222224-webtirf__F3FWY003,Grouped-random,train,OTHER_DISRUPTION,OTHER_DISRUPTION,0.33023462,0.32506052,0.3447049
INCIDENT__222334-webtirf__7274,Grouped-random,train,OTHER_DISRUPTION,ACCIDENT,0.3380508,0.34085023,0.32109895
INCIDENT__222366-webtirf__51235,Grouped-random,train,OTHER_DISRUPTION,OTHER_DISRUPTION,0.32472116,0.33627704,0.33900174
INCIDENT__222370.0-webtirf__33014,Grouped-random,train,OTHER_DISRUPTION,NORMAL,0.36389974,0.32717395,0.3089263
INCIDENT__222476-webtirf__F3FWY003,Grouped-random,train,OTHER_DISRUPTION,ACCIDENT,0.3216484,0.34336802,0.3349836
INCIDENT__222498-webtirf__51235,Grouped-random,train,OTHER_DISRUPTION,OTHER_DISRUPTION,0.33023462,0.32506052,0.3447049
INCIDENT__222574-webtirf__50240,Grouped-random,train,OTHER_DISRUPTION,OTHER_DISRUPTION,0.33023462,0.32506052,0.3447049
INCIDENT__222632-webtirf__7274,Grouped-random,train,ACCIDENT,OTHER_DISRUPTION,0.33023462,0.32506052,0.3447049
INCIDENT__222661-webtirf__53003,Grouped-random,train,OTHER_DISRUPTION,OTHER_DISRUPTION,0.33023462,0.32506052,0.3447049
INCIDENT__222684-webtirf__7251,Grouped-random,train,OTHER_DISRUPTION,OTHER_DISRUPTION,0.33023462,0.32506052,0.3447049
INCIDENT__222696-webtirf__68025,Grouped-random,train,OTHER_DISRUPTION,OTHER_DISRUPTION,0.33023462,0.32506052,0.3447049
INCIDENT__222702-webtirf__7168,Grouped-random,train,ACCIDENT,OTHER_DISRUPTION,0.33023462,0.32506052,0.3447049
INCIDENT__222749-webtirf__74230,Grouped-random,train,OTHER_DISRUPTION,OTHER_DISRUPTION,0.33023462,0.32506052,0.3447049
INCIDENT__222759-webtirf__7120,Grouped-random,train,OTHER_DISRUPTION,OTHER_DISRUPTION,0.33023462,0.32506052,0.3447049
INCIDENT__222759-webtirf__7121,Grouped-random,train,OTHER_DISRUPTION,OTHER_DISRUPTION,0.33023462,0.32506052,0.3447049
INCIDENT__222771-webtirf__7162,Grouped-random,train,OTHER_DISRUPTION,OTHER_DISRUPTION,0.33023462,0.32506052,0.3447049
INCIDENT__222782-webtirf__7162,Grouped-random,train,OTHER_DISRUPTION,OTHER_DISRUPTION,0.33023462,0.32506052,0.3447049
INCIDENT__222821-webtirf__7153,Grouped-random,train,OTHER_DISRUPTION,OTHER_DISRUPTION,0.33023462,0.32506052,0.3447049
INCIDENT__222837-webtirf__7132,Grouped-random,train,OTHER_DISRUPTION,OTHER_DISRUPTION,0.33023462,0.32506052,0.3447049
INCIDENT__222901-webtirf__7251,Grouped-random,train,OTHER_DISRUPTION,OTHER_DISRUPTION,0.33023462,0.32506052,0.3447049
INCIDENT__222916-webtirf__53004,Grouped-random,train,ACCIDENT,OTHER_DISRUPTION,0.33023462,0.32506052,0.3447049
INCIDENT__222923-webtirf__7274,Grouped-random,train,OTHER_DISRUPTION,OTHER_DISRUPTION,0.33023462,0.32506052,0.3447049
INCIDENT__223046-webtirf__7248,Grouped-random,train,ACCIDENT,OTHER_DISRUPTION,0.33023462,0.32506052,0.3447049
INCIDENT__223059-webtirf__7132,Grouped-random,train,OTHER_DISRUPTION,OTHER_DISRUPTION,0.33023462,0.32506052,0.3447049
INCIDENT__223065-webtirf__10011,Grouped-random,train,ACCIDENT,OTHER_DISRUPTION,0.33023462,0.32506052,0.3447049
INCIDENT__223065-webtirf__7139,Grouped-random,train,ACCIDENT,OTHER_DISRUPTION,0.33023462,0.32506052,0.3447049
INCIDENT__223086-webtirf__7251,Grouped-random,train,OTHER_DISRUPTION,OTHER_DISRUPTION,0.33023462,0.32506052,0.3447049
INCIDENT__223110.0-webtirf__7184,Grouped-random,train,OTHER_DISRUPTION,OTHER_DISRUPTION,0.33023462,0.32506052,0.3447049
INCIDENT__223180.0-webtirf__7153,Grouped-random,train,ACCIDENT,OTHER_DISRUPTION,0.33023462,0.32506052,0.3447049
INCIDENT__223187-webtirf__7274,Grouped-random,train,ACCIDENT,OTHER_DISRUPTION,0.33023462,0.32506052,0.3447049
INCIDENT__223196-webtirf__51235,Grouped-random,train,OTHER_DISRUPTION,OTHER_DISRUPTION,0.33023462,0.32506052,0.3447049
INCIDENT__223224-webtirf__7162,Grouped-random,train,ACCIDENT,OTHER_DISRUPTION,0.33023462,0.32506052,0.3447049
INCIDENT__223225-webtirf__68025,Grouped-random,train,OTHER_DISRUPTION,OTHER_DISRUPTION,0.33023462,0.32506052,0.3447049
INCIDENT__223282-webtirf__34016,Grouped-random,train,OTHER_DISRUPTION,OTHER_DISRUPTION,0.33023462,0.32506052,0.3447049
INCIDENT__223290.0-webtirf__9849,Grouped-random,train,ACCIDENT,OTHER_DISRUPTION,0.33023462,0.32506052,0.3447049
INCIDENT__223304-webtirf__7164,Grouped-random,train,OTHER_DISRUPTION,OTHER_DISRUPTION,0.33023462,0.32506052,0.3447049
INCIDENT__223315-webtirf__7274,Grouped-random,train,OTHER_DISRUPTION,OTHER_DISRUPTION,0.33023462,0.32506052,0.3447049
INCIDENT__223348-webtirf__10011,Grouped-random,train,OTHER_DISRUPTION,OTHER_DISRUPTION,0.33023462,0.32506052,0.3447049
INCIDENT__223386-webtirf__7163,Grouped-random,train,OTHER_DISRUPTION,OTHER_DISRUPTION,0.33023462,0.32506052,0.3447049
INCIDENT__223424-webtirf__7184,Grouped-random,train,OTHER_DISRUPTION,OTHER_DISRUPTION,0.33023462,0.32506052,0.3447049
INCIDENT__223445-webtirf__7168,Grouped-random,train,OTHER_DISRUPTION,OTHER_DISRUPTION,0.33023462,0.32506052,0.3447049
INCIDENT__223457-webtirf__7120,Grouped-random,train,OTHER_DISRUPTION,OTHER_DISRUPTION,0.33023462,0.32506052,0.3447049
INCIDENT__223457-webtirf__7121,Grouped-random,train,OTHER_DISRUPTION,OTHER_DISRUPTION,0.33023462,0.32506052,0.3447049
INCIDENT__223483-webtirf__7120,Grouped-random,train,OTHER_DISRUPTION,OTHER_DISRUPTION,0.33023462,0.32506052,0.3447049
INCIDENT__223483-webtirf__7121,Grouped-random,train,OTHER_DISRUPTION,OTHER_DISRUPTION,0.33023462,0.32506052,0.3447049
INCIDENT__223485-webtirf__9658,Grouped-random,train,OTHER_DISRUPTION,OTHER_DISRUPTION,0.33023462,0.32506052,0.3447049
INCIDENT__223506-webtirf__47024,Grouped-random,train,OTHER_DISRUPTION,OTHER_DISRUPTION,0.33023462,0.32506052,0.3447049
INCIDENT__223517-webtirf__7168,Grouped-random,train,OTHER_DISRUPTION,OTHER_DISRUPTION,0.33023462,0.32506052,0.3447049
INCIDENT__223572-webtirf__F3FWY003,Grouped-random,train,OTHER_DISRUPTION,OTHER_DISRUPTION,0.33023462,0.32506052,0.3447049
INCIDENT__223583-webtirf__50240,Grouped-random,train,OTHER_DISRUPTION,OTHER_DISRUPTION,0.33023462,0.32506052,0.3447049
INCIDENT__223634-webtirf__9827,Grouped-random,train,OTHER_DISRUPTION,OTHER_DISRUPTION,0.33023462,0.32506052,0.3447049
INCIDENT__223640.0-webtirf__7184,Grouped-random,train,ACCIDENT,OTHER_DISRUPTION,0.33023462,0.32506052,0.3447049
INCIDENT__223653-webtirf__7274,Grouped-random,train,ACCIDENT,OTHER_DISRUPTION,0.33023462,0.32506052,0.3447049
INCIDENT__223756-webtirf__7119-PR,Grouped-random,train,ACCIDENT,OTHER_DISRUPTION,0.33023462,0.32506052,0.3447049
INCIDENT__223809-webtirf__7179,Grouped-random,train,OTHER_DISRUPTION,OTHER_DISRUPTION,0.33023462,0.32506052,0.3447049
INCIDENT__223838-webtirf__9658,Grouped-random,train,ACCIDENT,OTHER_DISRUPTION,0.33023462,0.32506052,0.3447049
INCIDENT__223917-webtirf__7179,Grouped-random,train,ACCIDENT,OTHER_DISRUPTION,0.33023462,0.32506052,0.3447049
INCIDENT__223947-webtirf__7164,Grouped-random,train,ACCIDENT,OTHER_DISRUPTION,0.33023462,0.32506052,0.3447049
INCIDENT__224000.0-webtirf__7112,Grouped-random,train,OTHER_DISRUPTION,OTHER_DISRUPTION,0.33023462,0.32506052,0.3447049
INCIDENT__224060.0-webtirf__7275,Grouped-random,train,ACCIDENT,OTHER_DISRUPTION,0.33023462,0.32506052,0.3447049
INCIDENT__224121-webtirf__34016,Grouped-random,train,OTHER_DISRUPTION,OTHER_DISRUPTION,0.33023462,0.32506052,0.3447049
INCIDENT__224168-webtirf__22001,Grouped-random,train,OTHER_DISRUPTION,OTHER_DISRUPTION,0.33023462,0.32506052,0.3447049
INCIDENT__224244-webtirf__7112,Grouped-random,train,OTHER_DISRUPTION,OTHER_DISRUPTION,0.33023462,0.32506052,0.3447049
INCIDENT__224271-webtirf__7120,Grouped-random,train,OTHER_DISRUPTION,OTHER_DISRUPTION,0.33023462,0.32506052,0.3447049
INCIDENT__224330.0-webtirf__7153,Grouped-random,train,OTHER_DISRUPTION,OTHER_DISRUPTION,0.33023462,0.32506052,0.3447049
INCIDENT__224331-webtirf__7112,Grouped-random,train,ACCIDENT,OTHER_DISRUPTION,0.33023462,0.32506052,0.3447049
INCIDENT__224346-webtirf__7184,Grouped-random,train,OTHER_DISRUPTION,OTHER_DISRUPTION,0.33023462,0.32506052,0.3447049
INCIDENT__224412-webtirf__9849,Grouped-random,train,ACCIDENT,OTHER_DISRUPTION,0.33023462,0.32506052,0.3447049
INCIDENT__224420.0-webtirf__7120,Grouped-random,train,OTHER_DISRUPTION,OTHER_DISRUPTION,0.33023462,0.32506052,0.3447049
INCIDENT__224420.0-webtirf__7121,Grouped-random,train,OTHER_DISRUPTION,OTHER_DISRUPTION,0.33023462,0.32506052,0.3447049
INCIDENT__224428-webtirf__7184,Grouped-random,train,OTHER_DISRUPTION,OTHER_DISRUPTION,0.33023462,0.32506052,0.3447049
INCIDENT__224435-webtirf__F3FWY001,Grouped-random,train,OTHER_DISRUPTION,OTHER_DISRUPTION,0.33023462,0.32506052,0.3447049
INCIDENT__224446-webtirf__57025,Grouped-random,train,OTHER_DISRUPTION,OTHER_DISRUPTION,0.33023462,0.32506052,0.3447049
INCIDENT__224510.0-webtirf__7120,Grouped-random,train,OTHER_DISRUPTION,OTHER_DISRUPTION,0.33023462,0.32506052,0.3447049
INCIDENT__224510.0-webtirf__7121,Grouped-random,train,OTHER_DISRUPTION,OTHER_DISRUPTION,0.33023462,0.32506052,0.3447049
INCIDENT__224541-webtirf__7120,Grouped-random,train,OTHER_DISRUPTION,OTHER_DISRUPTION,0.33023462,0.32506052,0.3447049
INCIDENT__224541-webtirf__7121,Grouped-random,train,OTHER_DISRUPTION,OTHER_DISRUPTION,0.33023462,0.32506052,0.3447049
INCIDENT__224555-webtirf__7153,Grouped-random,train,OTHER_DISRUPTION,OTHER_DISRUPTION,0.33023462,0.32506052,0.3447049
INCIDENT__224568-webtirf__F3FWY004,Grouped-random,train,ACCIDENT,OTHER_DISRUPTION,0.33023462,0.32506052,0.3447049
INCIDENT__224588-webtirf__53004,Grouped-random,train,OTHER_DISRUPTION,OTHER_DISRUPTION,0.33023462,0.32506052,0.3447049
INCIDENT__224622-webtirf__7184,Grouped-random,train,OTHER_DISRUPTION,OTHER_DISRUPTION,0.33023462,0.32506052,0.3447049
INCIDENT__224652-webtirf__50250,Grouped-random,train,ACCIDENT,OTHER_DISRUPTION,0.33023462,0.32506052,0.3447049
INCIDENT__224696-webtirf__23067,Grouped-random,train,OTHER_DISRUPTION,OTHER_DISRUPTION,0.33023462,0.32506052,0.3447049
INCIDENT__224707-webtirf__7132,Grouped-random,train,OTHER_DISRUPTION,OTHER_DISRUPTION,0.33023462,0.32506052,0.3447049
INCIDENT__224709-webtirf__33014,Grouped-random,train,OTHER_DISRUPTION,OTHER_DISRUPTION,0.33023462,0.32506052,0.3447049
INCIDENT__224767-webtirf__7153,Grouped-random,train,OTHER_DISRUPTION,OTHER_DISRUPTION,0.33023462,0.32506052,0.3447049
INCIDENT__224798-webtirf__29005,Grouped-random,train,ACCIDENT,OTHER_DISRUPTION,0.33023462,0.32506052,0.3447049
INCIDENT__224877-webtirf__53004,Grouped-random,train,ACCIDENT,OTHER_DISRUPTION,0.33023462,0.32506052,0.3447049
INCIDENT__224891-webtirf__7112,Grouped-random,train,OTHER_DISRUPTION,OTHER_DISRUPTION,0.33023462,0.32506052,0.3447049
INCIDENT__224898-webtirf__9849,Grouped-random,train,ACCIDENT,OTHER_DISRUPTION,0.33023462,0.32506052,0.3447049
INCIDENT__224991-webtirf__7161,Grouped-random,train,ACCIDENT,OTHER_DISRUPTION,0.33023462,0.32506052,0.3447049
INCIDENT__225098-webtirf__7132,Grouped-random,train,OTHER_DISRUPTION,OTHER_DISRUPTION,0.33023462,0.32506052,0.3447049
INCIDENT__225126-webtirf__47024,Grouped-random,train,OTHER_DISRUPTION,OTHER_DISRUPTION,0.33023462,0.32506052,0.3447049
INCIDENT__225221-webtirf__7270,Grouped-random,train,OTHER_DISRUPTION,OTHER_DISRUPTION,0.33023462,0.32506052,0.3447049
INCIDENT__225230.0-webtirf__33014,Grouped-random,train,ACCIDENT,OTHER_DISRUPTION,0.33023462,0.32506052,0.3447049
INCIDENT__225235-webtirf__51235,Grouped-random,train,OTHER_DISRUPTION,OTHER_DISRUPTION,0.33023462,0.32506052,0.3447049
INCIDENT__225238-webtirf__29005,Grouped-random,train,OTHER_DISRUPTION,OTHER_DISRUPTION,0.33023462,0.32506052,0.3447049
INCIDENT__225248-webtirf__T0288,Grouped-random,train,OTHER_DISRUPTION,OTHER_DISRUPTION,0.33023462,0.32506052,0.3447049
INCIDENT__225248-webtirf__T0479-PR,Grouped-random,train,OTHER_DISRUPTION,OTHER_DISRUPTION,0.33023462,0.32506052,0.3447049
INCIDENT__225280.0-webtirf__7163,Grouped-random,train,OTHER_DISRUPTION,OTHER_DISRUPTION,0.33023462,0.32506052,0.3447049
INCIDENT__225312-webtirf__53004,Grouped-random,train,ACCIDENT,OTHER_DISRUPTION,0.33023462,0.32506052,0.3447049
INCIDENT__225334-webtirf__34016,Grouped-random,train,OTHER_DISRUPTION,OTHER_DISRUPTION,0.33023462,0.32506052,0.3447049
INCIDENT__225464-webtirf__9836-PR,Grouped-random,train,OTHER_DISRUPTION,OTHER_DISRUPTION,0.31304896,0.31507167,0.37187937
INCIDENT__225498-webtirf__7248,Grouped-random,train,OTHER_DISRUPTION,NORMAL,0.36868417,0.29032326,0.34099257
INCIDENT__225542-webtirf__10011,Grouped-random,train,OTHER_DISRUPTION,ACCIDENT,0.329514,0.33983737,0.3306487
INCIDENT__225542-webtirf__7139,Grouped-random,train,OTHER_DISRUPTION,OTHER_DISRUPTION,0.33023462,0.32506052,0.3447049
INCIDENT__225624-webtirf__7120,Grouped-random,train,ACCIDENT,OTHER_DISRUPTION,0.33023462,0.32506052,0.3447049
INCIDENT__225624-webtirf__7121,Grouped-random,train,ACCIDENT,OTHER_DISRUPTION,0.33023462,0.32506052,0.3447049
INCIDENT__225653-webtirf__9658,Grouped-random,train,ACCIDENT,NORMAL,0.37067205,0.35764617,0.2716818
INCIDENT__225693-webtirf__50240,Grouped-random,train,OTHER_DISRUPTION,NORMAL,0.36763826,0.27919018,0.35317153
INCIDENT__225760.0-webtirf__50260,Grouped-random,train,OTHER_DISRUPTION,NORMAL,0.38635662,0.30071342,0.31292984
INCIDENT__225769-webtirf__9658,Grouped-random,train,ACCIDENT,OTHER_DISRUPTION,0.33023462,0.32506052,0.3447049
INCIDENT__225780.0-webtirf__51235,Grouped-random,train,ACCIDENT,NORMAL,0.34444475,0.33359927,0.32195604
INCIDENT__225822-webtirf__23067,Grouped-random,train,OTHER_DISRUPTION,NORMAL,0.37523234,0.31120792,0.3135599
INCIDENT__225989-webtirf__34016,Grouped-random,train,OTHER_DISRUPTION,ACCIDENT,0.33961985,0.37325564,0.2871245
INCIDENT__225994-webtirf__33014,Grouped-random,train,OTHER_DISRUPTION,ACCIDENT,0.33778876,0.39722463,0.2649866
INCIDENT__225996-webtirf__7120,Grouped-random,train,ACCIDENT,OTHER_DISRUPTION,0.33023462,0.32506052,0.3447049
INCIDENT__226007-webtirf__7161,Grouped-random,train,ACCIDENT,OTHER_DISRUPTION,0.33023462,0.32506052,0.3447049
INCIDENT__226011-webtirf__50240,Grouped-random,train,OTHER_DISRUPTION,NORMAL,0.36039436,0.32701686,0.3125887
INCIDENT__226132-webtirf__68025,Grouped-random,train,OTHER_DISRUPTION,OTHER_DISRUPTION,0.3207146,0.3170673,0.36221808
INCIDENT__226499-webtirf__7270,Grouped-random,train,ACCIDENT,NORMAL,0.34798908,0.31756243,0.33444852
INCIDENT__226507-webtirf__T0085,Grouped-random,train,ACCIDENT,NORMAL,0.34685406,0.3293179,0.32382813
INCIDENT__226627-webtirf__7126,Grouped-random,train,OTHER_DISRUPTION,OTHER_DISRUPTION,0.3281328,0.32570028,0.34616688
INCIDENT__226666-webtirf__55049,Grouped-random,train,ACCIDENT,NORMAL,0.3712627,0.32374325,0.30499405
INCIDENT__226713-webtirf__F3FWY003,Grouped-random,train,OTHER_DISRUPTION,OTHER_DISRUPTION,0.33023462,0.32506052,0.3447049
INCIDENT__226899-webtirf__23067,Grouped-random,train,OTHER_DISRUPTION,NORMAL,0.3808631,0.3123517,0.30678535
INCIDENT__226976-webtirf__F3FWY005,Grouped-random,train,OTHER_DISRUPTION,OTHER_DISRUPTION,0.33023462,0.32506052,0.3447049
INCIDENT__226987-webtirf__7168,Grouped-random,train,ACCIDENT,NORMAL,0.34207743,0.32045516,0.33746743
INCIDENT__227085-webtirf__7184,Grouped-random,train,ACCIDENT,OTHER_DISRUPTION,0.33023462,0.32506052,0.3447049
INCIDENT__227089-webtirf__7112,Grouped-random,train,OTHER_DISRUPTION,ACCIDENT,0.36299607,0.36784652,0.26915747
INCIDENT__227126-webtirf__50240,Grouped-random,train,OTHER_DISRUPTION,NORMAL,0.36563534,0.35717687,0.27718785
INCIDENT__227142-webtirf__33014,Grouped-random,train,OTHER_DISRUPTION,OTHER_DISRUPTION,0.33907807,0.31388623,0.34703568
INCIDENT__227150.0-webtirf__68025,Grouped-random,train,OTHER_DISRUPTION,ACCIDENT,0.3325232,0.33932906,0.32814768
INCIDENT__227206-webtirf__7132,Grouped-random,train,OTHER_DISRUPTION,OTHER_DISRUPTION,0.32210523,0.31890225,0.35899246
INCIDENT__227258-webtirf__7164,Grouped-random,train,OTHER_DISRUPTION,NORMAL,0.34859076,0.31762537,0.33378384
INCIDENT__227258-webtirf__7179,Grouped-random,train,OTHER_DISRUPTION,OTHER_DISRUPTION,0.33023462,0.32506052,0.3447049
INCIDENT__227277-webtirf__33014,Grouped-random,train,OTHER_DISRUPTION,NORMAL,0.36219347,0.32617915,0.31162736
INCIDENT__227282-webtirf__7163,Grouped-random,train,OTHER_DISRUPTION,NORMAL,0.36953926,0.34925973,0.2812011
INCIDENT__227344-webtirf__7159,Grouped-random,train,OTHER_DISRUPTION,ACCIDENT,0.33280304,0.33482686,0.33237
INCIDENT__227351-webtirf__7112,Grouped-random,train,OTHER_DISRUPTION,OTHER_DISRUPTION,0.33967942,0.31958306,0.3407375
INCIDENT__227366-webtirf__7120,Grouped-random,train,OTHER_DISRUPTION,NORMAL,0.34709212,0.32084325,0.3320647
INCIDENT__227366-webtirf__7121,Grouped-random,train,OTHER_DISRUPTION,OTHER_DISRUPTION,0.3208178,0.316907,0.36227518
INCIDENT__227368-webtirf__7164,Grouped-random,train,OTHER_DISRUPTION,OTHER_DISRUPTION,0.31757596,0.31387472,0.36854932
INCIDENT__227395-webtirf__57025,Grouped-random,train,OTHER_DISRUPTION,NORMAL,0.34162697,0.33157778,0.32679516
INCIDENT__227399-webtirf__7153,Grouped-random,train,OTHER_DISRUPTION,OTHER_DISRUPTION,0.33023462,0.32506052,0.3447049
INCIDENT__227403-webtirf__7184,Grouped-random,train,OTHER_DISRUPTION,NORMAL,0.35485956,0.34274894,0.30239144
INCIDENT__227425-webtirf__7275,Grouped-random,train,ACCIDENT,NORMAL,0.36080918,0.30824813,0.33094272
INCIDENT__227483-webtirf__23067,Grouped-random,train,ACCIDENT,NORMAL,0.34481335,0.3286751,0.32651156
INCIDENT__227511-webtirf__7248,Grouped-random,train,OTHER_DISRUPTION,NORMAL,0.35173097,0.33896995,0.3092991
INCIDENT__227547-webtirf__50240,Grouped-random,train,ACCIDENT,OTHER_DISRUPTION,0.34007344,0.31947672,0.3404499
INCIDENT__227566-webtirf__47024,Grouped-random,train,ACCIDENT,ACCIDENT,0.3535989,0.37092915,0.27547193
INCIDENT__227603-webtirf__53004,Grouped-random,train,OTHER_DISRUPTION,ACCIDENT,0.3254079,0.34493664,0.32965544
INCIDENT__227604-webtirf__7139,Grouped-random,train,OTHER_DISRUPTION,NORMAL,0.36709192,0.35190982,0.2809982
INCIDENT__227633-webtirf__68025,Grouped-random,train,OTHER_DISRUPTION,OTHER_DISRUPTION,0.3238486,0.3214984,0.35465294
INCIDENT__227635-webtirf__T0231,Grouped-random,train,OTHER_DISRUPTION,OTHER_DISRUPTION,0.33023462,0.32506052,0.3447049
INCIDENT__227645-webtirf__9658,Grouped-random,train,OTHER_DISRUPTION,OTHER_DISRUPTION,0.33023462,0.32506052,0.3447049
INCIDENT__227659-webtirf__22001,Grouped-random,train,OTHER_DISRUPTION,NORMAL,0.35735175,0.28566316,0.356985
INCIDENT__227661-webtirf__7120,Grouped-random,train,ACCIDENT,OTHER_DISRUPTION,0.33044183,0.31436813,0.35518995
INCIDENT__227671-webtirf__7168,Grouped-random,train,OTHER_DISRUPTION,OTHER_DISRUPTION,0.33023462,0.32506052,0.3447049
INCIDENT__227674-webtirf__7161,Grouped-random,train,OTHER_DISRUPTION,NORMAL,0.3701885,0.3538803,0.27593118
INCIDENT__227732-webtirf__7161,Grouped-random,train,OTHER_DISRUPTION,OTHER_DISRUPTION,0.3340422,0.2983844,0.36757338
INCIDENT__227807-webtirf__7179,Grouped-random,train,OTHER_DISRUPTION,OTHER_DISRUPTION,0.3296306,0.31841514,0.35195422
INCIDENT__227838-webtirf__29005,Grouped-random,train,OTHER_DISRUPTION,OTHER_DISRUPTION,0.33023462,0.32506052,0.3447049
INCIDENT__227875-webtirf__10011,Grouped-random,train,OTHER_DISRUPTION,NORMAL,0.37017718,0.33007672,0.2997461
INCIDENT__227875-webtirf__7139,Grouped-random,train,OTHER_DISRUPTION,NORMAL,0.37941343,0.36656284,0.2540238
INCIDENT__227895-webtirf__9658,Grouped-random,train,ACCIDENT,NORMAL,0.40246046,0.31655434,0.2809852
INCIDENT__227942-webtirf__10011,Grouped-random,train,OTHER_DISRUPTION,OTHER_DISRUPTION,0.32201353,0.3245586,0.35342792
INCIDENT__227942-webtirf__7139,Grouped-random,train,OTHER_DISRUPTION,OTHER_DISRUPTION,0.33469272,0.31538182,0.34992555
INCIDENT__227958-webtirf__7168,Grouped-random,train,ACCIDENT,OTHER_DISRUPTION,0.3342861,0.32405114,0.34166273
INCIDENT__228135-webtirf__47024,Grouped-random,train,ACCIDENT,OTHER_DISRUPTION,0.33023462,0.32506052,0.3447049
INCIDENT__228179-webtirf__T0288,Grouped-random,train,OTHER_DISRUPTION,NORMAL,0.3561125,0.29858053,0.34530693
INCIDENT__228179-webtirf__T0290,Grouped-random,train,OTHER_DISRUPTION,OTHER_DISRUPTION,0.33023462,0.32506052,0.3447049
INCIDENT__228202-webtirf__7248,Grouped-random,train,OTHER_DISRUPTION,NORMAL,0.38276798,0.2935569,0.3236751
INCIDENT__228203-webtirf__7139,Grouped-random,train,OTHER_DISRUPTION,OTHER_DISRUPTION,0.32370308,0.32005155,0.35624537
INCIDENT__228232-webtirf__7274,Grouped-random,train,ACCIDENT,OTHER_DISRUPTION,0.33023462,0.32506052,0.3447049
INCIDENT__228299-webtirf__53003,Grouped-random,train,OTHER_DISRUPTION,NORMAL,0.35969374,0.3354185,0.30488777
INCIDENT__228310.0-webtirf__7248,Grouped-random,train,ACCIDENT,NORMAL,0.36755556,0.35940912,0.27303535
INCIDENT__228351-webtirf__7248,Grouped-random,train,OTHER_DISRUPTION,NORMAL,0.37896842,0.3127407,0.30829084
INCIDENT__228381-webtirf__7126,Grouped-random,train,ACCIDENT,ACCIDENT,0.27954614,0.41292912,0.3075247
INCIDENT__228387-webtirf__53003,Grouped-random,train,ACCIDENT,ACCIDENT,0.3251892,0.3418786,0.33293217
INCIDENT__228405-webtirf__7251,Grouped-random,train,ACCIDENT,OTHER_DISRUPTION,0.33023462,0.32506052,0.3447049
INCIDENT__228451-webtirf__7112,Grouped-random,train,OTHER_DISRUPTION,ACCIDENT,0.27352548,0.41817796,0.3082966
INCIDENT__228505-webtirf__7163,Grouped-random,train,OTHER_DISRUPTION,OTHER_DISRUPTION,0.33456665,0.2858402,0.3795931
INCIDENT__228547-webtirf__68025,Grouped-random,train,OTHER_DISRUPTION,OTHER_DISRUPTION,0.33023462,0.32506052,0.3447049
INCIDENT__228553-webtirf__53004,Grouped-random,train,OTHER_DISRUPTION,NORMAL,0.37063143,0.33534068,0.29402784
INCIDENT__228632-webtirf__50240,Grouped-random,train,OTHER_DISRUPTION,NORMAL,0.36429113,0.33720255,0.2985063
INCIDENT__228704-webtirf__68025,Grouped-random,train,OTHER_DISRUPTION,NORMAL,0.33828154,0.32962456,0.33209395
INCIDENT__228735-webtirf__7132,Grouped-random,train,ACCIDENT,OTHER_DISRUPTION,0.33023462,0.32506052,0.3447049
INCIDENT__228933-webtirf__T0085,Grouped-random,train,OTHER_DISRUPTION,ACCIDENT,0.33959106,0.3396423,0.32076663
INCIDENT__229110.0-webtirf__T0342,Grouped-random,train,OTHER_DISRUPTION,OTHER_DISRUPTION,0.32583752,0.32306454,0.35109797
INCIDENT__229117-webtirf__7179,Grouped-random,train,ACCIDENT,ACCIDENT,0.3345382,0.33675238,0.32870948
INCIDENT__229247-webtirf__10011,Grouped-random,train,OTHER_DISRUPTION,ACCIDENT,0.3354182,0.35557055,0.3090113
INCIDENT__229247-webtirf__7139,Grouped-random,train,OTHER_DISRUPTION,OTHER_DISRUPTION,0.33023462,0.32506052,0.3447049
INCIDENT__229322-webtirf__7121,Grouped-random,train,OTHER_DISRUPTION,NORMAL,0.3613379,0.31023067,0.32843134
INCIDENT__229462-webtirf__F3FWY001,Grouped-random,train,ACCIDENT,OTHER_DISRUPTION,0.33023462,0.32506052,0.3447049
INCIDENT__229596-webtirf__7112,Grouped-random,train,OTHER_DISRUPTION,ACCIDENT,0.33912942,0.34329462,0.31757602
INCIDENT__229618-webtirf__53004,Grouped-random,train,OTHER_DISRUPTION,NORMAL,0.3676654,0.36760944,0.2647252
INCIDENT__229624-webtirf__7139,Grouped-random,train,OTHER_DISRUPTION,NORMAL,0.34072268,0.3284302,0.33084708
INCIDENT__229725-webtirf__7179,Grouped-random,train,ACCIDENT,ACCIDENT,0.31965843,0.3646172,0.31572434
INCIDENT__229747-webtirf__51235,Grouped-random,train,ACCIDENT,NORMAL,0.34953764,0.33724132,0.31322104
INCIDENT__229789-webtirf__7132,Grouped-random,train,OTHER_DISRUPTION,OTHER_DISRUPTION,0.32132095,0.33493006,0.34374896
INCIDENT__229859-webtirf__50240,Grouped-random,train,ACCIDENT,ACCIDENT,0.33876982,0.40403807,0.25719208
INCIDENT__229878-webtirf__7161,Grouped-random,train,OTHER_DISRUPTION,NORMAL,0.35508418,0.3274964,0.31741947
INCIDENT__230100.0-webtirf__7248,Grouped-random,train,OTHER_DISRUPTION,NORMAL,0.35274947,0.32788143,0.31936914
INCIDENT__230196-webtirf__7179,Grouped-random,train,OTHER_DISRUPTION,NORMAL,0.39236653,0.2957705,0.31186298
INCIDENT__230250.0-webtirf__10011,Grouped-random,train,ACCIDENT,OTHER_DISRUPTION,0.33023462,0.32506052,0.3447049
INCIDENT__230250.0-webtirf__7139,Grouped-random,train,ACCIDENT,OTHER_DISRUPTION,0.33023462,0.32506052,0.3447049
INCIDENT__230277-webtirf__68025,Grouped-random,train,ACCIDENT,NORMAL,0.3677819,0.3617574,0.2704607
INCIDENT__230346-webtirf__50240,Grouped-random,train,OTHER_DISRUPTION,NORMAL,0.36550966,0.28328195,0.35120842
INCIDENT__230351-webtirf__7163,Grouped-random,train,OTHER_DISRUPTION,OTHER_DISRUPTION,0.31981528,0.3224369,0.35774785
INCIDENT__230415-webtirf__7274,Grouped-random,train,OTHER_DISRUPTION,ACCIDENT,0.2734494,0.41824123,0.3083093
INCIDENT__230436-webtirf__10011,Grouped-random,train,OTHER_DISRUPTION,OTHER_DISRUPTION,0.33023462,0.32506052,0.3447049
INCIDENT__230436-webtirf__7139,Grouped-random,train,OTHER_DISRUPTION,ACCIDENT,0.27271518,0.41884923,0.30843556
INCIDENT__230474-webtirf__F3FWY001,Grouped-random,train,ACCIDENT,NORMAL,0.35756406,0.32862163,0.3138143
INCIDENT__230514-webtirf__33014,Grouped-random,train,ACCIDENT,OTHER_DISRUPTION,0.33222693,0.33129272,0.33648038
INCIDENT__230611-webtirf__29005,Grouped-random,train,ACCIDENT,ACCIDENT,0.3460343,0.39756072,0.25640503
INCIDENT__230679-webtirf__T0288,Grouped-random,train,ACCIDENT,ACCIDENT,0.3300445,0.35449055,0.3154649
INCIDENT__230679-webtirf__T0290,Grouped-random,train,ACCIDENT,ACCIDENT,0.32999527,0.35444933,0.31555536
INCIDENT__230679-webtirf__T0479-PR,Grouped-random,train,ACCIDENT,OTHER_DISRUPTION,0.3518777,0.26954612,0.3785761
INCIDENT__230695-webtirf__7179,Grouped-random,train,OTHER_DISRUPTION,NORMAL,0.39237046,0.29388273,0.31374678
INCIDENT__230712-webtirf__7132,Grouped-random,train,OTHER_DISRUPTION,NORMAL,0.33796942,0.33391744,0.32811314
INCIDENT__230715-webtirf__7164,Grouped-random,train,ACCIDENT,ACCIDENT,0.3479096,0.363775,0.28831542
INCIDENT__230717-webtirf__23067,Grouped-random,train,ACCIDENT,NORMAL,0.3448907,0.32189992,0.3332094
INCIDENT__230730.0-webtirf__53004,Grouped-random,train,OTHER_DISRUPTION,NORMAL,0.3451626,0.3326318,0.32220557
INCIDENT__230732-webtirf__7251,Grouped-random,train,ACCIDENT,NORMAL,0.35650903,0.319867,0.3236239
INCIDENT__230775-webtirf__7184,Grouped-random,train,OTHER_DISRUPTION,NORMAL,0.37466523,0.29211143,0.33322334
INCIDENT__230815-webtirf__7161,Grouped-random,train,OTHER_DISRUPTION,NORMAL,0.35554647,0.29872555,0.34572798
INCIDENT__230880.0-webtirf__23067,Grouped-random,train,OTHER_DISRUPTION,ACCIDENT,0.34030998,0.3439199,0.3157701
INCIDENT__230911-webtirf__7179,Grouped-random,train,OTHER_DISRUPTION,NORMAL,0.35262203,0.3255149,0.32186306
INCIDENT__230973-webtirf__7161,Grouped-random,train,OTHER_DISRUPTION,NORMAL,0.34503302,0.33169314,0.3232738
INCIDENT__231036-webtirf__68025,Grouped-random,train,OTHER_DISRUPTION,OTHER_DISRUPTION,0.34897634,0.28536522,0.36565837
INCIDENT__231043-webtirf__7168,Grouped-random,train,OTHER_DISRUPTION,OTHER_DISRUPTION,0.33934852,0.2912569,0.36939457
INCIDENT__231089-webtirf__7164,Grouped-random,train,OTHER_DISRUPTION,OTHER_DISRUPTION,0.32177904,0.31529993,0.36292106
INCIDENT__231136-webtirf__7112,Grouped-random,train,OTHER_DISRUPTION,NORMAL,0.35258496,0.31667587,0.33073923
INCIDENT__231141-webtirf__33014,Grouped-random,train,OTHER_DISRUPTION,NORMAL,0.3433327,0.3226336,0.33403376
INCIDENT__231158-webtirf__T0288,Grouped-random,train,OTHER_DISRUPTION,OTHER_DISRUPTION,0.33023462,0.32506052,0.3447049
INCIDENT__231158-webtirf__T0290,Grouped-random,train,OTHER_DISRUPTION,OTHER_DISRUPTION,0.33023462,0.32506052,0.3447049
INCIDENT__231158-webtirf__T0479-PR,Grouped-random,train,OTHER_DISRUPTION,ACCIDENT,0.35247177,0.36808422,0.27944395
INCIDENT__231160.0-webtirf__22001,Grouped-random,train,OTHER_DISRUPTION,OTHER_DISRUPTION,0.33023462,0.32506052,0.3447049
INCIDENT__231229-webtirf__68025,Grouped-random,train,OTHER_DISRUPTION,NORMAL,0.34087527,0.32074136,0.3383833
INCIDENT__231304-webtirf__7112,Grouped-random,train,OTHER_DISRUPTION,NORMAL,0.33753526,0.32533276,0.337132
INCIDENT__231331-webtirf__7179,Grouped-random,train,OTHER_DISRUPTION,NORMAL,0.37320447,0.31655386,0.31024167
INCIDENT__231359-webtirf__7179,Grouped-random,train,OTHER_DISRUPTION,NORMAL,0.36318687,0.2827135,0.35409957
INCIDENT__231378-webtirf__9849,Grouped-random,train,ACCIDENT,OTHER_DISRUPTION,0.32858878,0.32481948,0.34659165
INCIDENT__231394-webtirf__50260,Grouped-random,train,ACCIDENT,NORMAL,0.34637806,0.34536672,0.3082552
INCIDENT__231402-webtirf__7132,Grouped-random,train,OTHER_DISRUPTION,ACCIDENT,0.34035087,0.38560295,0.27404618
INCIDENT__231404-webtirf__33014,Grouped-random,train,OTHER_DISRUPTION,ACCIDENT,0.3498131,0.3818848,0.26830205
INCIDENT__231407-webtirf__50240,Grouped-random,train,OTHER_DISRUPTION,NORMAL,0.37646407,0.37049308,0.2530429
INCIDENT__231424-webtirf__F3FWY002,Grouped-random,train,OTHER_DISRUPTION,NORMAL,0.35871342,0.32589778,0.31538886
INCIDENT__231508-webtirf__53004,Grouped-random,train,OTHER_DISRUPTION,NORMAL,0.36410245,0.3055515,0.33034602
INCIDENT__231592-webtirf__10011,Grouped-random,train,OTHER_DISRUPTION,OTHER_DISRUPTION,0.33023462,0.32506052,0.3447049
INCIDENT__231592-webtirf__7139,Grouped-random,train,OTHER_DISRUPTION,NORMAL,0.33660468,0.33298135,0.3304139
INCIDENT__231609-webtirf__53003,Grouped-random,train,OTHER_DISRUPTION,ACCIDENT,0.32947367,0.34000763,0.33051872
INCIDENT__231614-webtirf__T0479-PR,Grouped-random,train,OTHER_DISRUPTION,OTHER_DISRUPTION,0.31788427,0.29797748,0.3841383
INCIDENT__231671-webtirf__74228,Grouped-random,train,ACCIDENT,ACCIDENT,0.34252355,0.38155758,0.27591887
INCIDENT__231711-webtirf__9849,Grouped-random,train,ACCIDENT,OTHER_DISRUPTION,0.33023462,0.32506052,0.3447049
INCIDENT__231735-webtirf__9658,Grouped-random,train,OTHER_DISRUPTION,NORMAL,0.3691332,0.31405672,0.3168101
INCIDENT__231756-webtirf__51235,Grouped-random,train,OTHER_DISRUPTION,NORMAL,0.35635346,0.297565,0.34608147
INCIDENT__231808-webtirf__50240,Grouped-random,train,ACCIDENT,NORMAL,0.34970972,0.3425793,0.30771098
INCIDENT__231818-webtirf__9834-PR,Grouped-random,train,ACCIDENT,OTHER_DISRUPTION,0.33023462,0.32506052,0.3447049
INCIDENT__231847-webtirf__7270,Grouped-random,train,OTHER_DISRUPTION,NORMAL,0.38106313,0.32620978,0.29272708
INCIDENT__231849-webtirf__F3FWY003,Grouped-random,train,ACCIDENT,OTHER_DISRUPTION,0.33023462,0.32506052,0.3447049
INCIDENT__231852-webtirf__7126,Grouped-random,train,ACCIDENT,OTHER_DISRUPTION,0.31701568,0.3125173,0.37046707
INCIDENT__231923-webtirf__7274,Grouped-random,train,OTHER_DISRUPTION,OTHER_DISRUPTION,0.34219387,0.30308533,0.35472086
INCIDENT__231925-webtirf__7168,Grouped-random,train,OTHER_DISRUPTION,NORMAL,0.36819333,0.3005693,0.3312374
INCIDENT__231936-webtirf__7153,Grouped-random,train,ACCIDENT,ACCIDENT,0.3513429,0.36997315,0.278684
INCIDENT__231957-webtirf__9658,Grouped-random,train,OTHER_DISRUPTION,OTHER_DISRUPTION,0.35354814,0.28284428,0.36360756
INCIDENT__231973-webtirf__51235,Grouped-random,train,OTHER_DISRUPTION,ACCIDENT,0.32417488,0.33819064,0.33763447
INCIDENT__231989-webtirf__7270,Grouped-random,train,OTHER_DISRUPTION,NORMAL,0.3447304,0.32200792,0.3332616
INCIDENT__232028-webtirf__50250,Grouped-random,train,OTHER_DISRUPTION,OTHER_DISRUPTION,0.33023462,0.32506052,0.3447049
INCIDENT__232044-webtirf__7120,Grouped-random,train,OTHER_DISRUPTION,OTHER_DISRUPTION,0.32882214,0.3179875,0.3531904
INCIDENT__232044-webtirf__7121,Grouped-random,train,OTHER_DISRUPTION,ACCIDENT,0.3291883,0.3359771,0.33483464
INCIDENT__232066-webtirf__F3FWY001,Grouped-random,train,ACCIDENT,NORMAL,0.34976962,0.32488066,0.32534972
INCIDENT__232076-webtirf__7179,Grouped-random,train,ACCIDENT,NORMAL,0.35771066,0.31203365,0.33025563
INCIDENT__232185-webtirf__7159,Grouped-random,train,OTHER_DISRUPTION,NORMAL,0.37187856,0.35629845,0.2718229
INCIDENT__232274-webtirf__33014,Grouped-random,train,ACCIDENT,NORMAL,0.35088915,0.32790676,0.32120416
INCIDENT__232337-webtirf__7179,Grouped-random,train,OTHER_DISRUPTION,OTHER_DISRUPTION,0.33994085,0.30538207,0.354677
INCIDENT__232454-webtirf__7126,Grouped-random,train,ACCIDENT,OTHER_DISRUPTION,0.33107474,0.33407202,0.33485326
INCIDENT__232463-webtirf__9834-PR,Grouped-random,train,ACCIDENT,OTHER_DISRUPTION,0.33023462,0.32506052,0.3447049
INCIDENT__232506-webtirf__7163,Grouped-random,train,OTHER_DISRUPTION,OTHER_DISRUPTION,0.33607718,0.32468405,0.33923876
INCIDENT__232509-webtirf__7119-PR,Grouped-random,train,ACCIDENT,ACCIDENT,0.33229885,0.33774203,0.32995915
INCIDENT__232619-webtirf__10011,Grouped-random,train,OTHER_DISRUPTION,OTHER_DISRUPTION,0.33023462,0.32506052,0.3447049
INCIDENT__232619-webtirf__7139,Grouped-random,train,OTHER_DISRUPTION,ACCIDENT,0.35688123,0.38444212,0.25867662
INCIDENT__232636-webtirf__7121,Grouped-random,train,OTHER_DISRUPTION,NORMAL,0.3643425,0.33966482,0.29599264
INCIDENT__232724-webtirf__66249,Grouped-random,train,OTHER_DISRUPTION,ACCIDENT,0.3306217,0.3386229,0.33075547
INCIDENT__232735-webtirf__33014,Grouped-random,train,OTHER_DISRUPTION,NORMAL,0.35639778,0.30793414,0.33566806
INCIDENT__232913-webtirf__50240,Grouped-random,train,OTHER_DISRUPTION,NORMAL,0.3630549,0.2791114,0.35783377
INCIDENT__232952-webtirf__55049,Grouped-random,train,OTHER_DISRUPTION,ACCIDENT,0.34699145,0.37012675,0.28288174
INCIDENT__232988-webtirf__7270,Grouped-random,train,ACCIDENT,NORMAL,0.37423936,0.35910082,0.2666598
INCIDENT__233085-webtirf__23067,Grouped-random,train,ACCIDENT,NORMAL,0.35018706,0.31613863,0.33367425
INCIDENT__233118-webtirf__7179,Grouped-random,train,OTHER_DISRUPTION,NORMAL,0.3758325,0.36052915,0.26363838
INCIDENT__233129-webtirf__23067,Grouped-random,train,OTHER_DISRUPTION,OTHER_DISRUPTION,0.33740968,0.31189844,0.35069188
INCIDENT__233165-webtirf__50240,Grouped-random,train,ACCIDENT,ACCIDENT,0.33580956,0.34303197,0.32115844
INCIDENT__233195-webtirf__7179,Grouped-random,train,ACCIDENT,NORMAL,0.39278775,0.29623726,0.31097493
INCIDENT__233202-webtirf__7153,Grouped-random,train,ACCIDENT,NORMAL,0.36859223,0.30615252,0.32525524
INCIDENT__233226-webtirf__74230,Grouped-random,train,OTHER_DISRUPTION,NORMAL,0.34388068,0.33387333,0.32224604
INCIDENT__233229-webtirf__7112,Grouped-random,train,ACCIDENT,ACCIDENT,0.3355569,0.3900661,0.27437708
INCIDENT__233246-webtirf__F3FWY002,Grouped-random,train,OTHER_DISRUPTION,ACCIDENT,0.36269543,0.3772666,0.26003793
INCIDENT__233309-webtirf__7179,Grouped-random,train,OTHER_DISRUPTION,NORMAL,0.3621571,0.28844544,0.34939742
INCIDENT__233368-webtirf__7119-PR,Grouped-random,train,ACCIDENT,NORMAL,0.33719552,0.33150902,0.33129543
INCIDENT__233374-webtirf__7112,Grouped-random,train,OTHER_DISRUPTION,OTHER_DISRUPTION,0.33023462,0.32506052,0.3447049
INCIDENT__233406-webtirf__50240,Grouped-random,train,OTHER_DISRUPTION,OTHER_DISRUPTION,0.32937065,0.2914321,0.37919733
INCIDENT__233470.0-webtirf__7251,Grouped-random,train,OTHER_DISRUPTION,NORMAL,0.3694266,0.32785675,0.3027166
INCIDENT__233476-webtirf__7275,Grouped-random,train,ACCIDENT,OTHER_DISRUPTION,0.32329005,0.33445755,0.34225237
INCIDENT__233512-webtirf__53004,Grouped-random,train,ACCIDENT,NORMAL,0.36853415,0.29688165,0.33458427
INCIDENT__233532-webtirf__33014,Grouped-random,train,ACCIDENT,NORMAL,0.37344676,0.311812,0.31474113
INCIDENT__233547-webtirf__7161,Grouped-random,train,OTHER_DISRUPTION,NORMAL,0.35262704,0.2952566,0.3521163
INCIDENT__233560.0-webtirf__7248,Grouped-random,train,ACCIDENT,OTHER_DISRUPTION,0.33023462,0.32506052,0.3447049
INCIDENT__233568-webtirf__7163,Grouped-random,train,OTHER_DISRUPTION,NORMAL,0.38167983,0.29680005,0.32152018
INCIDENT__233661-webtirf__7270,Grouped-random,train,OTHER_DISRUPTION,NORMAL,0.37468874,0.31043464,0.31487665
INCIDENT__233706-webtirf__7119-PR,Grouped-random,train,OTHER_DISRUPTION,NORMAL,0.3793162,0.29222867,0.3284552
INCIDENT__233742-webtirf__7179,Grouped-random,train,ACCIDENT,NORMAL,0.37565067,0.36197862,0.26237068
INCIDENT__233744-webtirf__47024,Grouped-random,train,OTHER_DISRUPTION,NORMAL,0.3554225,0.33636,0.30821747
INCIDENT__233758-webtirf__7112,Grouped-random,train,OTHER_DISRUPTION,NORMAL,0.34645075,0.31893542,0.3346139
INCIDENT__233804-webtirf__7248,Grouped-random,train,OTHER_DISRUPTION,ACCIDENT,0.3280377,0.3476399,0.32432243
INCIDENT__233833-webtirf__7112,Grouped-random,train,ACCIDENT,ACCIDENT,0.3549122,0.3550682,0.2900197
INCIDENT__233846-webtirf__7168,Grouped-random,train,OTHER_DISRUPTION,ACCIDENT,0.3370748,0.33779293,0.32513222
INCIDENT__233859-webtirf__7112,Grouped-random,train,ACCIDENT,ACCIDENT,0.33404845,0.39332393,0.27262756
INCIDENT__233880.0-webtirf__7274,Grouped-random,train,ACCIDENT,OTHER_DISRUPTION,0.34144258,0.3160005,0.34255686
INCIDENT__233889-webtirf__33014,Grouped-random,train,OTHER_DISRUPTION,OTHER_DISRUPTION,0.31764343,0.33412033,0.34823614
INCIDENT__233907-webtirf__T0337,Grouped-random,train,OTHER_DISRUPTION,OTHER_DISRUPTION,0.32797286,0.32529914,0.346728
INCIDENT__234000.0-webtirf__53004,Grouped-random,train,OTHER_DISRUPTION,NORMAL,0.37552148,0.35608232,0.26839617
INCIDENT__234025-webtirf__74229,Grouped-random,train,OTHER_DISRUPTION,OTHER_DISRUPTION,0.35880253,0.27408603,0.36711136
INCIDENT__234072-webtirf__7179,Grouped-random,train,OTHER_DISRUPTION,NORMAL,0.39285564,0.29650027,0.31064412
INCIDENT__234074-webtirf__9658,Grouped-random,train,OTHER_DISRUPTION,NORMAL,0.3897828,0.29515892,0.31505826
INCIDENT__234151-webtirf__F3FWY003,Grouped-random,train,OTHER_DISRUPTION,OTHER_DISRUPTION,0.33023462,0.32506052,0.3447049
INCIDENT__234156-webtirf__7126,Grouped-random,train,ACCIDENT,OTHER_DISRUPTION,0.34740484,0.27194613,0.38064906
INCIDENT__234169-webtirf__10011,Grouped-random,train,OTHER_DISRUPTION,OTHER_DISRUPTION,0.33023462,0.32506052,0.3447049
INCIDENT__234169-webtirf__7139,Grouped-random,train,OTHER_DISRUPTION,OTHER_DISRUPTION,0.33023462,0.32506052,0.3447049
INCIDENT__234192-webtirf__50240,Grouped-random,train,ACCIDENT,ACCIDENT,0.3692354,0.37786698,0.25289753
INCIDENT__234224-webtirf__7159,Grouped-random,train,OTHER_DISRUPTION,NORMAL,0.37386715,0.28989205,0.33624086
INCIDENT__234438-webtirf__7184,Grouped-random,train,OTHER_DISRUPTION,NORMAL,0.39283803,0.29090673,0.31625524
INCIDENT__234451-webtirf__F3FWY002,Grouped-random,train,OTHER_DISRUPTION,ACCIDENT,0.33427322,0.40731516,0.25841156
INCIDENT__234493-webtirf__7248,Grouped-random,train,OTHER_DISRUPTION,ACCIDENT,0.33308235,0.33813822,0.32877934
INCIDENT__234569-webtirf__7159,Grouped-random,train,OTHER_DISRUPTION,ACCIDENT,0.35885525,0.3642789,0.27686575
INCIDENT__234586-webtirf__7112,Grouped-random,train,OTHER_DISRUPTION,NORMAL,0.35542208,0.32948613,0.31509185
INCIDENT__234592-webtirf__T0337,Grouped-random,train,OTHER_DISRUPTION,OTHER_DISRUPTION,0.3236663,0.32420173,0.35213184
INCIDENT__234594-webtirf__68025,Grouped-random,train,OTHER_DISRUPTION,NORMAL,0.36883125,0.33823228,0.29293653
INCIDENT__234658-webtirf__10011,Grouped-random,train,OTHER_DISRUPTION,OTHER_DISRUPTION,0.33023462,0.32506052,0.3447049
INCIDENT__234658-webtirf__7139,Grouped-random,train,OTHER_DISRUPTION,NORMAL,0.39707515,0.2817636,0.32116127
INCIDENT__234670.0-webtirf__55049,Grouped-random,train,OTHER_DISRUPTION,NORMAL,0.3573214,0.30712444,0.33555403
INCIDENT__234689-webtirf__33014,Grouped-random,train,OTHER_DISRUPTION,ACCIDENT,0.3443387,0.37428308,0.28137824
INCIDENT__234788-webtirf__7161,Grouped-random,train,OTHER_DISRUPTION,OTHER_DISRUPTION,0.35770613,0.279288,0.36300585
INCIDENT__234833-webtirf__50240,Grouped-random,train,OTHER_DISRUPTION,NORMAL,0.3568928,0.32603785,0.3170694
INCIDENT__234851-webtirf__53003,Grouped-random,train,ACCIDENT,ACCIDENT,0.35786602,0.38146096,0.260673
INCIDENT__234894-webtirf__7164,Grouped-random,train,OTHER_DISRUPTION,OTHER_DISRUPTION,0.32615244,0.3002088,0.37363875
INCIDENT__234901-webtirf__57025,Grouped-random,train,ACCIDENT,OTHER_DISRUPTION,0.3356777,0.2742459,0.39007646
INCIDENT__234913-webtirf__7163,Grouped-random,train,ACCIDENT,NORMAL,0.36388245,0.3367709,0.2993466
INCIDENT__234922-webtirf__7159,Grouped-random,train,OTHER_DISRUPTION,NORMAL,0.34683147,0.3315283,0.32164016
INCIDENT__234963-webtirf__F3FWY003,Grouped-random,train,ACCIDENT,OTHER_DISRUPTION,0.33023462,0.32506052,0.3447049
INCIDENT__235027-webtirf__7112,Grouped-random,train,OTHER_DISRUPTION,OTHER_DISRUPTION,0.3142002,0.29489896,0.3909008
INCIDENT__235092-webtirf__7179,Grouped-random,train,OTHER_DISRUPTION,NORMAL,0.37059742,0.31683722,0.3125654
INCIDENT__235119-webtirf__T0231,Grouped-random,train,OTHER_DISRUPTION,OTHER_DISRUPTION,0.32268807,0.29841167,0.3789002
INCIDENT__235302-webtirf__7179,Grouped-random,train,OTHER_DISRUPTION,OTHER_DISRUPTION,0.35580492,0.28543168,0.35876328
INCIDENT__235657-webtirf__7248,Grouped-random,train,OTHER_DISRUPTION,NORMAL,0.35974634,0.30176836,0.33848536
INCIDENT__235732-webtirf__7251,Grouped-random,train,OTHER_DISRUPTION,NORMAL,0.38161117,0.2819579,0.33643106
INCIDENT__235801-webtirf__51235,Grouped-random,train,ACCIDENT,ACCIDENT,0.33670124,0.4017731,0.26152557
INCIDENT__235819-webtirf__9658,Grouped-random,train,ACCIDENT,NORMAL,0.3697582,0.3584448,0.27179706
INCIDENT__235904-webtirf__72027,Grouped-random,train,OTHER_DISRUPTION,NORMAL,0.37305006,0.30048853,0.32646137
INCIDENT__235968-webtirf__74230,Grouped-random,train,OTHER_DISRUPTION,OTHER_DISRUPTION,0.3244609,0.28357574,0.39196336
INCIDENT__236020.0-webtirf__7179,Grouped-random,train,ACCIDENT,NORMAL,0.3697897,0.30333695,0.32687342
INCIDENT__236109-webtirf__29005,Grouped-random,train,ACCIDENT,ACCIDENT,0.33991352,0.3543906,0.30569583
INCIDENT__236126-webtirf__50240,Grouped-random,train,OTHER_DISRUPTION,NORMAL,0.36010447,0.33269492,0.30720067
INCIDENT__236245-webtirf__10011,Grouped-random,train,OTHER_DISRUPTION,OTHER_DISRUPTION,0.33023462,0.32506052,0.3447049
INCIDENT__236245-webtirf__7139,Grouped-random,train,OTHER_DISRUPTION,NORMAL,0.38032058,0.3074615,0.31221786
INCIDENT__236589-webtirf__51235,Grouped-random,train,ACCIDENT,NORMAL,0.37457463,0.3583948,0.2670306
INCIDENT__236656-webtirf__68025,Grouped-random,train,OTHER_DISRUPTION,NORMAL,0.3644607,0.3390157,0.29652357
INCIDENT__236690.0-webtirf__51235,Grouped-random,train,ACCIDENT,OTHER_DISRUPTION,0.31855965,0.32518172,0.35625863
INCIDENT__236706-webtirf__7179,Grouped-random,train,ACCIDENT,OTHER_DISRUPTION,0.33226067,0.29085824,0.376881
INCIDENT__236842-webtirf__7120,Grouped-random,train,OTHER_DISRUPTION,NORMAL,0.38070914,0.29080608,0.3284848
INCIDENT__236855-webtirf__10011,Grouped-random,train,ACCIDENT,OTHER_DISRUPTION,0.33023462,0.32506052,0.3447049
INCIDENT__236855-webtirf__7139,Grouped-random,train,ACCIDENT,NORMAL,0.3942267,0.28148553,0.3242878
INCIDENT__236891-webtirf__9836-PR,Grouped-random,train,ACCIDENT,ACCIDENT,0.34084862,0.3910946,0.26805675
INCIDENT__236939-webtirf__32029,Grouped-random,train,ACCIDENT,OTHER_DISRUPTION,0.33023462,0.32506052,0.3447049
INCIDENT__236980.0-webtirf__23067,Grouped-random,train,OTHER_DISRUPTION,OTHER_DISRUPTION,0.33329546,0.32640204,0.3403025
INCIDENT__237051-webtirf__7161,Grouped-random,train,OTHER_DISRUPTION,OTHER_DISRUPTION,0.3299431,0.27867523,0.39138168
INCIDENT__237053-webtirf__T0231,Grouped-random,train,ACCIDENT,NORMAL,0.36730328,0.26645556,0.36624116
INCIDENT__237142-webtirf__51235,Grouped-random,train,OTHER_DISRUPTION,NORMAL,0.3783998,0.28786105,0.33373916
INCIDENT__237222-webtirf__22001,Grouped-random,train,OTHER_DISRUPTION,OTHER_DISRUPTION,0.33023462,0.32506052,0.3447049
INCIDENT__237253-webtirf__72027,Grouped-random,train,OTHER_DISRUPTION,NORMAL,0.34174812,0.31691203,0.34133983
INCIDENT__237257-webtirf__68025,Grouped-random,train,ACCIDENT,NORMAL,0.3695701,0.32079503,0.3096348
INCIDENT__237265-webtirf__22001,Grouped-random,train,OTHER_DISRUPTION,OTHER_DISRUPTION,0.33023462,0.32506052,0.3447049
INCIDENT__237404-webtirf__7159,Grouped-random,train,OTHER_DISRUPTION,OTHER_DISRUPTION,0.33206862,0.31189597,0.35603538
INCIDENT__237431-webtirf__7179,Grouped-random,train,ACCIDENT,NORMAL,0.37049273,0.30453324,0.32497397
INCIDENT__237556-webtirf__7132,Grouped-random,train,OTHER_DISRUPTION,NORMAL,0.3737233,0.33638132,0.28989536
INCIDENT__237584-webtirf__7184,Grouped-random,train,ACCIDENT,NORMAL,0.38534147,0.28923818,0.32542035
INCIDENT__237607-webtirf__F3FWY003,Grouped-random,train,ACCIDENT,OTHER_DISRUPTION,0.33023462,0.32506052,0.3447049
INCIDENT__237773-webtirf__7112,Grouped-random,train,OTHER_DISRUPTION,NORMAL,0.34930447,0.32364553,0.32704994
INCIDENT__237780.0-webtirf__29005,Grouped-random,train,ACCIDENT,NORMAL,0.34854737,0.34564283,0.3058098
INCIDENT__237801-webtirf__7179,Grouped-random,train,OTHER_DISRUPTION,NORMAL,0.36019373,0.32344472,0.31636152
INCIDENT__237829-webtirf__51235,Grouped-random,train,OTHER_DISRUPTION,OTHER_DISRUPTION,0.3287208,0.33097178,0.34030747
INCIDENT__237832-webtirf__33014,Grouped-random,train,OTHER_DISRUPTION,OTHER_DISRUPTION,0.32084382,0.3055496,0.37360653
INCIDENT__237884-webtirf__7112,Grouped-random,train,OTHER_DISRUPTION,NORMAL,0.3539107,0.35039744,0.2956918
INCIDENT__237901-webtirf__47024,Grouped-random,train,ACCIDENT,NORMAL,0.35243213,0.33326694,0.31430095
INCIDENT__238022-webtirf__33014,Grouped-random,train,OTHER_DISRUPTION,ACCIDENT,0.3445056,0.37790805,0.27758634
INCIDENT__238095-webtirf__F3FWY003,Grouped-random,train,OTHER_DISRUPTION,OTHER_DISRUPTION,0.33023462,0.32506052,0.3447049
INCIDENT__238113-webtirf__47024,Grouped-random,train,OTHER_DISRUPTION,NORMAL,0.36307335,0.29496515,0.34196147
INCIDENT__238153-webtirf__53004,Grouped-random,train,OTHER_DISRUPTION,ACCIDENT,0.3346717,0.40207162,0.26325664
INCIDENT__238155-webtirf__7112,Grouped-random,train,OTHER_DISRUPTION,NORMAL,0.341889,0.3384339,0.31967708
INCIDENT__238195-webtirf__51235,Grouped-random,train,OTHER_DISRUPTION,OTHER_DISRUPTION,0.32975626,0.2924779,0.37776592
INCIDENT__238246-webtirf__7270,Grouped-random,train,ACCIDENT,NORMAL,0.39135188,0.28116828,0.32747987
INCIDENT__238274-webtirf__29005,Grouped-random,train,OTHER_DISRUPTION,NORMAL,0.3986546,0.29760787,0.30373758
INCIDENT__238323-webtirf__7126,Grouped-random,train,ACCIDENT,NORMAL,0.33924338,0.32992074,0.3308359
INCIDENT__238324-webtirf__7120,Grouped-random,train,OTHER_DISRUPTION,NORMAL,0.36777994,0.35198355,0.28023648
INCIDENT__238324-webtirf__7121,Grouped-random,train,OTHER_DISRUPTION,NORMAL,0.36477074,0.3480276,0.28720173
INCIDENT__238367-webtirf__51235,Grouped-random,train,ACCIDENT,NORMAL,0.3408827,0.3313145,0.32780275
INCIDENT__238403-webtirf__9849,Grouped-random,train,ACCIDENT,ACCIDENT,0.33261785,0.34095898,0.3264232
INCIDENT__238456-webtirf__7153,Grouped-random,train,ACCIDENT,OTHER_DISRUPTION,0.33023462,0.32506052,0.3447049
INCIDENT__238471-webtirf__7161,Grouped-random,train,ACCIDENT,OTHER_DISRUPTION,0.32606968,0.33310968,0.34082064
INCIDENT__238473-webtirf__9836-PR,Grouped-random,train,OTHER_DISRUPTION,ACCIDENT,0.32507893,0.3418595,0.33306152
INCIDENT__238485-webtirf__7179,Grouped-random,train,OTHER_DISRUPTION,NORMAL,0.36869657,0.35114074,0.28016278
INCIDENT__238492-webtirf__T0288,Grouped-random,train,OTHER_DISRUPTION,OTHER_DISRUPTION,0.33023462,0.32506052,0.3447049
INCIDENT__238492-webtirf__T0289,Grouped-random,train,OTHER_DISRUPTION,OTHER_DISRUPTION,0.33023462,0.32506052,0.3447049
INCIDENT__238492-webtirf__T0290,Grouped-random,train,OTHER_DISRUPTION,OTHER_DISRUPTION,0.33023462,0.32506052,0.3447049
INCIDENT__238514-webtirf__23067,Grouped-random,train,OTHER_DISRUPTION,OTHER_DISRUPTION,0.3373216,0.2806176,0.38206077
INCIDENT__238522-webtirf__7120,Grouped-random,train,OTHER_DISRUPTION,OTHER_DISRUPTION,0.3429866,0.31239712,0.34461626
INCIDENT__238522-webtirf__7121,Grouped-random,train,OTHER_DISRUPTION,OTHER_DISRUPTION,0.3356952,0.3140081,0.35029668
INCIDENT__238575-webtirf__9658,Grouped-random,train,OTHER_DISRUPTION,ACCIDENT,0.3530054,0.37051195,0.27648264
INCIDENT__238615-webtirf__57025,Grouped-random,train,ACCIDENT,OTHER_DISRUPTION,0.3089961,0.31570706,0.3752968
INCIDENT__238700.0-webtirf__53003,Grouped-random,train,ACCIDENT,NORMAL,0.35203394,0.33250627,0.31545976
INCIDENT__238722-webtirf__23067,Grouped-random,train,OTHER_DISRUPTION,NORMAL,0.36931792,0.3603092,0.27037293
INCIDENT__238755-webtirf__7179,Grouped-random,train,OTHER_DISRUPTION,NORMAL,0.35427684,0.32416826,0.3215549
INCIDENT__238776-webtirf__7179,Grouped-random,train,OTHER_DISRUPTION,NORMAL,0.39225572,0.2954139,0.3123303
INCIDENT__238796-webtirf__7150,Grouped-random,train,OTHER_DISRUPTION,NORMAL,0.34631798,0.31433398,0.33934802
INCIDENT__238811-webtirf__7161,Grouped-random,train,OTHER_DISRUPTION,NORMAL,0.34222817,0.3345759,0.32319587
INCIDENT__238824-webtirf__7168,Grouped-random,train,ACCIDENT,ACCIDENT,0.3421361,0.35952675,0.29833713
INCIDENT__238832-webtirf__9658,Grouped-random,train,ACCIDENT,NORMAL,0.37584418,0.35214084,0.272015
INCIDENT__238852-webtirf__7163,Grouped-random,train,OTHER_DISRUPTION,OTHER_DISRUPTION,0.35764882,0.2764729,0.36587822
INCIDENT__239028-webtirf__7132,Grouped-random,train,ACCIDENT,NORMAL,0.3347277,0.33382118,0.33145106
INCIDENT__239068-webtirf__74228,Grouped-random,train,ACCIDENT,OTHER_DISRUPTION,0.32384863,0.31006148,0.36608988
INCIDENT__239087-webtirf__7120,Grouped-random,train,ACCIDENT,OTHER_DISRUPTION,0.33029732,0.32698333,0.34271932
INCIDENT__239087-webtirf__7121,Grouped-random,train,ACCIDENT,NORMAL,0.37290144,0.30908507,0.31801337
INCIDENT__239088-webtirf__33014,Grouped-random,train,OTHER_DISRUPTION,OTHER_DISRUPTION,0.33870724,0.31941277,0.34188
INCIDENT__239246-webtirf__23067,Grouped-random,train,OTHER_DISRUPTION,ACCIDENT,0.33449575,0.33544123,0.33006296
INCIDENT__239295-webtirf__T0345,Grouped-random,train,ACCIDENT,OTHER_DISRUPTION,0.3559429,0.28489962,0.35915738
INCIDENT__239329-webtirf__33014,Grouped-random,train,OTHER_DISRUPTION,NORMAL,0.37038177,0.36721596,0.2624023
INCIDENT__239339-webtirf__29005,Grouped-random,train,ACCIDENT,NORMAL,0.36154,0.31710604,0.32135394
INCIDENT__239430.0-webtirf__53004,Grouped-random,train,OTHER_DISRUPTION,NORMAL,0.33886492,0.33750623,0.32362887
INCIDENT__239435-webtirf__7270,Grouped-random,train,OTHER_DISRUPTION,NORMAL,0.35912985,0.3372595,0.30361062
INCIDENT__239454-webtirf__7164,Grouped-random,train,OTHER_DISRUPTION,OTHER_DISRUPTION,0.32906532,0.32446015,0.34647447
INCIDENT__239509-webtirf__T0288,Grouped-random,train,OTHER_DISRUPTION,OTHER_DISRUPTION,0.33023462,0.32506052,0.3447049
INCIDENT__239509-webtirf__T0289,Grouped-random,train,OTHER_DISRUPTION,OTHER_DISRUPTION,0.33023462,0.32506052,0.3447049
INCIDENT__239509-webtirf__T0290,Grouped-random,train,OTHER_DISRUPTION,OTHER_DISRUPTION,0.33023462,0.32506052,0.3447049
INCIDENT__239509-webtirf__T0479-PR,Grouped-random,train,OTHER_DISRUPTION,OTHER_DISRUPTION,0.33023462,0.32506052,0.3447049
INCIDENT__239574-webtirf__50240,Grouped-random,train,ACCIDENT,NORMAL,0.37925094,0.36586788,0.25488108
INCIDENT__239593-webtirf__7126,Grouped-random,train,ACCIDENT,NORMAL,0.37434614,0.28500664,0.3406472
INCIDENT__239596-webtirf__33014,Grouped-random,train,OTHER_DISRUPTION,OTHER_DISRUPTION,0.30738723,0.32986817,0.36274475
INCIDENT__239597-webtirf__7120,Grouped-random,train,OTHER_DISRUPTION,OTHER_DISRUPTION,0.3207575,0.28646228,0.39278024
INCIDENT__239597-webtirf__7121,Grouped-random,train,OTHER_DISRUPTION,OTHER_DISRUPTION,0.30847907,0.29948393,0.392037
INCIDENT__239630.0-webtirf__T0288,Grouped-random,train,OTHER_DISRUPTION,OTHER_DISRUPTION,0.33023462,0.32506052,0.3447049
INCIDENT__239630.0-webtirf__T0289,Grouped-random,train,OTHER_DISRUPTION,OTHER_DISRUPTION,0.33023462,0.32506052,0.3447049
INCIDENT__239630.0-webtirf__T0290,Grouped-random,train,OTHER_DISRUPTION,OTHER_DISRUPTION,0.33023462,0.32506052,0.3447049
INCIDENT__239630.0-webtirf__T0479-PR,Grouped-random,train,OTHER_DISRUPTION,OTHER_DISRUPTION,0.33514148,0.27865002,0.38620853
INCIDENT__239678-webtirf__33014,Grouped-random,train,OTHER_DISRUPTION,ACCIDENT,0.3462512,0.37689465,0.27685407
INCIDENT__239682-webtirf__7112,Grouped-random,train,OTHER_DISRUPTION,NORMAL,0.3499373,0.34309435,0.30696836
INCIDENT__239723-webtirf__50260,Grouped-random,train,ACCIDENT,NORMAL,0.37691617,0.3176334,0.30545047
INCIDENT__239756-webtirf__7184,Grouped-random,train,ACCIDENT,NORMAL,0.36285675,0.36210895,0.2750343
INCIDENT__239791-webtirf__55049,Grouped-random,train,ACCIDENT,OTHER_DISRUPTION,0.33023462,0.32506052,0.3447049
INCIDENT__239793-webtirf__7120,Grouped-random,train,OTHER_DISRUPTION,NORMAL,0.37502825,0.32074222,0.30422953
INCIDENT__239802-webtirf__7153,Grouped-random,train,ACCIDENT,NORMAL,0.36474264,0.35024592,0.2850115
INCIDENT__239856-webtirf__7164,Grouped-random,train,OTHER_DISRUPTION,NORMAL,0.35702142,0.3215874,0.3213911
INCIDENT__239869-webtirf__7179,Grouped-random,train,OTHER_DISRUPTION,OTHER_DISRUPTION,0.35409316,0.27951226,0.3663946
INCIDENT__239890.0-webtirf__29005,Grouped-random,train,ACCIDENT,ACCIDENT,0.3602015,0.36175385,0.27804458
INCIDENT__239895-webtirf__10011,Grouped-random,train,OTHER_DISRUPTION,OTHER_DISRUPTION,0.33023462,0.32506052,0.3447049
INCIDENT__239895-webtirf__7139,Grouped-random,train,OTHER_DISRUPTION,OTHER_DISRUPTION,0.33023462,0.32506052,0.3447049
INCIDENT__239901-webtirf__68025,Grouped-random,train,OTHER_DISRUPTION,NORMAL,0.33951238,0.33846363,0.322024
INCIDENT__239901-webtirf__7179,Grouped-random,train,OTHER_DISRUPTION,NORMAL,0.35736263,0.33012527,0.31251207
INCIDENT__240095-webtirf__9658,Grouped-random,train,ACCIDENT,NORMAL,0.36655176,0.34510615,0.28834212
INCIDENT__240101-webtirf__51235,Grouped-random,train,OTHER_DISRUPTION,NORMAL,0.34336314,0.31848326,0.3381536
INCIDENT__240214-webtirf__7112,Grouped-random,train,OTHER_DISRUPTION,NORMAL,0.36851516,0.35679618,0.27468863
INCIDENT__240235-webtirf__7184,Grouped-random,train,OTHER_DISRUPTION,ACCIDENT,0.33443847,0.33697695,0.32858455
INCIDENT__240247-webtirf__7153,Grouped-random,train,OTHER_DISRUPTION,OTHER_DISRUPTION,0.34707025,0.28983474,0.36309505
INCIDENT__240267-webtirf__7112,Grouped-random,train,OTHER_DISRUPTION,NORMAL,0.38788873,0.27636644,0.3357449
INCIDENT__240322-webtirf__50240,Grouped-random,train,OTHER_DISRUPTION,NORMAL,0.3506475,0.31794584,0.33140656
INCIDENT__240326-webtirf__7270,Grouped-random,train,OTHER_DISRUPTION,NORMAL,0.37327582,0.30997822,0.31674594
INCIDENT__240340.0-webtirf__100001,Grouped-random,train,ACCIDENT,NORMAL,0.37433356,0.32329175,0.30237463
INCIDENT__240402-webtirf__7161,Grouped-random,train,ACCIDENT,ACCIDENT,0.35264847,0.36977917,0.27757227
INCIDENT__240425-webtirf__7179,Grouped-random,train,ACCIDENT,NORMAL,0.34213293,0.33790934,0.31995776
INCIDENT__240450.0-webtirf__7132,Grouped-random,train,ACCIDENT,OTHER_DISRUPTION,0.3248069,0.32615528,0.3490379
INCIDENT__240483-webtirf__7119-PR,Grouped-random,train,OTHER_DISRUPTION,NORMAL,0.3616449,0.3016781,0.336677
INCIDENT__240526-webtirf__7153,Grouped-random,train,OTHER_DISRUPTION,OTHER_DISRUPTION,0.33299336,0.33156186,0.33544478
INCIDENT__240613-webtirf__7163,Grouped-random,train,ACCIDENT,OTHER_DISRUPTION,0.33023462,0.32506052,0.3447049
INCIDENT__240627-webtirf__7123-PR,Grouped-random,train,OTHER_DISRUPTION,NORMAL,0.35911956,0.33451763,0.3063628
INCIDENT__240630.0-webtirf__74230,Grouped-random,train,ACCIDENT,OTHER_DISRUPTION,0.3276895,0.3253096,0.3470009
INCIDENT__240646-webtirf__7159,Grouped-random,train,OTHER_DISRUPTION,NORMAL,0.35537267,0.3326079,0.31201947
INCIDENT__240828-webtirf__68025,Grouped-random,train,ACCIDENT,NORMAL,0.34088948,0.32898763,0.33012283
INCIDENT__240854-webtirf__7112,Grouped-random,train,OTHER_DISRUPTION,NORMAL,0.35575867,0.3282812,0.31596017
INCIDENT__241030.0-webtirf__47024,Grouped-random,train,OTHER_DISRUPTION,NORMAL,0.36443767,0.32171533,0.31384692
INCIDENT__241047-webtirf__10011,Grouped-random,train,OTHER_DISRUPTION,OTHER_DISRUPTION,0.33023462,0.32506052,0.3447049
INCIDENT__241047-webtirf__7139,Grouped-random,train,OTHER_DISRUPTION,OTHER_DISRUPTION,0.33023462,0.32506052,0.3447049
INCIDENT__241078-webtirf__7251,Grouped-random,train,OTHER_DISRUPTION,NORMAL,0.3805002,0.3014957,0.31800404
INCIDENT__241117-webtirf__50240,Grouped-random,train,ACCIDENT,ACCIDENT,0.30591935,0.38873437,0.30534628
INCIDENT__241272-webtirf__53004,Grouped-random,train,ACCIDENT,OTHER_DISRUPTION,0.33705267,0.28932083,0.3736265
INCIDENT__241285-webtirf__10011,Grouped-random,train,OTHER_DISRUPTION,OTHER_DISRUPTION,0.33023462,0.32506052,0.3447049
INCIDENT__241285-webtirf__7139,Grouped-random,train,OTHER_DISRUPTION,OTHER_DISRUPTION,0.32619956,0.28325313,0.3905473
INCIDENT__241319-webtirf__68025,Grouped-random,train,OTHER_DISRUPTION,ACCIDENT,0.33597597,0.34128368,0.3227403
INCIDENT__241363-webtirf__7248,Grouped-random,train,ACCIDENT,ACCIDENT,0.32731363,0.34713498,0.32555136
INCIDENT__241392-webtirf__7179,Grouped-random,train,OTHER_DISRUPTION,NORMAL,0.3619763,0.3014684,0.33655533
INCIDENT__241432-webtirf__7163,Grouped-random,train,ACCIDENT,OTHER_DISRUPTION,0.33023462,0.32506052,0.3447049
INCIDENT__241451-webtirf__51235,Grouped-random,train,ACCIDENT,NORMAL,0.37975398,0.32231244,0.2979335
INCIDENT__241459-webtirf__7179,Grouped-random,train,OTHER_DISRUPTION,NORMAL,0.3513209,0.32235757,0.32632163
INCIDENT__241515-webtirf__51235,Grouped-random,train,OTHER_DISRUPTION,OTHER_DISRUPTION,0.34155077,0.29560715,0.3628421
INCIDENT__241608-webtirf__51235,Grouped-random,train,OTHER_DISRUPTION,NORMAL,0.36017108,0.3563146,0.2835143
INCIDENT__241623-webtirf__7161,Grouped-random,train,OTHER_DISRUPTION,ACCIDENT,0.354774,0.37021714,0.27500886
INCIDENT__241633-webtirf__F3FWY005,Grouped-random,train,OTHER_DISRUPTION,OTHER_DISRUPTION,0.33023462,0.32506052,0.3447049
INCIDENT__241642-webtirf__7274,Grouped-random,train,OTHER_DISRUPTION,OTHER_DISRUPTION,0.32628614,0.28527153,0.38844234
INCIDENT__241643-webtirf__T0288,Grouped-random,train,OTHER_DISRUPTION,OTHER_DISRUPTION,0.33023462,0.32506052,0.3447049
INCIDENT__241643-webtirf__T0289,Grouped-random,train,OTHER_DISRUPTION,OTHER_DISRUPTION,0.33023462,0.32506052,0.3447049
INCIDENT__241643-webtirf__T0479-PR,Grouped-random,train,OTHER_DISRUPTION,OTHER_DISRUPTION,0.32869446,0.29520038,0.37610507
INCIDENT__241668-webtirf__10011,Grouped-random,train,OTHER_DISRUPTION,OTHER_DISRUPTION,0.33023462,0.32506052,0.3447049
INCIDENT__241668-webtirf__7139,Grouped-random,train,OTHER_DISRUPTION,NORMAL,0.38450146,0.2703524,0.3451462
INCIDENT__241731-webtirf__7112,Grouped-random,train,OTHER_DISRUPTION,NORMAL,0.3602875,0.3289929,0.31071958
INCIDENT__241738-webtirf__7121,Grouped-random,train,OTHER_DISRUPTION,OTHER_DISRUPTION,0.3270593,0.32964036,0.34330025
INCIDENT__241754-webtirf__7161,Grouped-random,train,OTHER_DISRUPTION,NORMAL,0.36497885,0.2769152,0.358106
INCIDENT__241758-webtirf__9658,Grouped-random,train,OTHER_DISRUPTION,OTHER_DISRUPTION,0.3299801,0.33432078,0.335699
INCIDENT__241825-webtirf__74230,Grouped-random,train,OTHER_DISRUPTION,ACCIDENT,0.33370447,0.33385512,0.3324403
INCIDENT__241835-webtirf__50240,Grouped-random,train,OTHER_DISRUPTION,NORMAL,0.34837714,0.3428159,0.30880702
INCIDENT__241849-webtirf__50260,Grouped-random,train,ACCIDENT,ACCIDENT,0.33979204,0.39952376,0.2606843
INCIDENT__241915-webtirf__68025,Grouped-random,train,OTHER_DISRUPTION,NORMAL,0.37117267,0.3093843,0.319443
INCIDENT__241982-webtirf__7150,Grouped-random,train,OTHER_DISRUPTION,NORMAL,0.3534566,0.3254051,0.32113835
INCIDENT__241991-webtirf__74228,Grouped-random,train,OTHER_DISRUPTION,NORMAL,0.3462064,0.3280185,0.32577512
INCIDENT__242013-webtirf__7120,Grouped-random,train,ACCIDENT,OTHER_DISRUPTION,0.32617533,0.30960354,0.36422113
INCIDENT__242013-webtirf__7121,Grouped-random,train,ACCIDENT,OTHER_DISRUPTION,0.32054442,0.3106975,0.36875802
INCIDENT__242021-webtirf__7179,Grouped-random,train,OTHER_DISRUPTION,NORMAL,0.3581303,0.29143846,0.35043123
INCIDENT__242058-webtirf__F3FWY003,Grouped-random,train,OTHER_DISRUPTION,OTHER_DISRUPTION,0.33023462,0.32506052,0.3447049
INCIDENT__242093-webtirf__23067,Grouped-random,train,OTHER_DISRUPTION,OTHER_DISRUPTION,0.3293463,0.3317157,0.33893797
INCIDENT__242137-webtirf__7132,Grouped-random,train,ACCIDENT,ACCIDENT,0.35996148,0.37582588,0.2642127
INCIDENT__242152-webtirf__33014,Grouped-random,train,OTHER_DISRUPTION,OTHER_DISRUPTION,0.33023462,0.32506052,0.3447049
INCIDENT__242161-webtirf__50240,Grouped-random,train,ACCIDENT,NORMAL,0.35871404,0.32591584,0.3153701
INCIDENT__242201-webtirf__7153,Grouped-random,train,OTHER_DISRUPTION,OTHER_DISRUPTION,0.33596116,0.3278822,0.3361566
INCIDENT__242307-webtirf__7163,Grouped-random,train,OTHER_DISRUPTION,ACCIDENT,0.30355707,0.38383564,0.31260732
INCIDENT__242319-webtirf__7121,Grouped-random,train,OTHER_DISRUPTION,NORMAL,0.35243866,0.33778307,0.3097783
INCIDENT__242339-webtirf__7161,Grouped-random,train,ACCIDENT,ACCIDENT,0.3490076,0.37953836,0.2714541
INCIDENT__242393-webtirf__53004,Grouped-random,train,OTHER_DISRUPTION,NORMAL,0.3859372,0.293665,0.32039785
INCIDENT__242403-webtirf__53004,Grouped-random,train,OTHER_DISRUPTION,NORMAL,0.36913937,0.33310452,0.29775608
INCIDENT__242427-webtirf__7163,Grouped-random,train,OTHER_DISRUPTION,NORMAL,0.34332377,0.32653847,0.33013776
INCIDENT__242436-webtirf__7163,Grouped-random,train,OTHER_DISRUPTION,OTHER_DISRUPTION,0.33266485,0.3291838,0.3381514
INCIDENT__242474-webtirf__7179,Grouped-random,train,OTHER_DISRUPTION,NORMAL,0.3634675,0.31008533,0.32644716
INCIDENT__242475-webtirf__51235,Grouped-random,train,OTHER_DISRUPTION,OTHER_DISRUPTION,0.32592475,0.30762085,0.36645445
INCIDENT__242502-webtirf__10011,Grouped-random,train,OTHER_DISRUPTION,OTHER_DISRUPTION,0.33023462,0.32506052,0.3447049
INCIDENT__242906-webtirf__T0288,Grouped-random,train,ACCIDENT,OTHER_DISRUPTION,0.33023462,0.32506052,0.3447049
INCIDENT__242906-webtirf__T0289,Grouped-random,train,ACCIDENT,OTHER_DISRUPTION,0.33023462,0.32506052,0.3447049
INCIDENT__242996-webtirf__7179,Grouped-random,train,OTHER_DISRUPTION,NORMAL,0.38042712,0.31026232,0.30931056
INCIDENT__242997-webtirf__51235,Grouped-random,train,ACCIDENT,NORMAL,0.33834153,0.33323646,0.32842198
INCIDENT__243039-webtirf__74229,Grouped-random,train,OTHER_DISRUPTION,NORMAL,0.3369564,0.3294014,0.33364224
INCIDENT__243146-webtirf__7274,Grouped-random,train,OTHER_DISRUPTION,ACCIDENT,0.3380203,0.34427834,0.3177013
INCIDENT__243298-webtirf__50260,Grouped-random,train,ACCIDENT,ACCIDENT,0.3528718,0.38040856,0.26671958
INCIDENT__243360.0-webtirf__7251,Grouped-random,train,OTHER_DISRUPTION,NORMAL,0.37266105,0.34903032,0.27830854
INCIDENT__243439-webtirf__68025,Grouped-random,train,OTHER_DISRUPTION,NORMAL,0.33805287,0.32580635,0.3361408
INCIDENT__243440.0-webtirf__32029,Grouped-random,train,OTHER_DISRUPTION,OTHER_DISRUPTION,0.33023462,0.32506052,0.3447049
INCIDENT__243487-webtirf__7112,Grouped-random,train,OTHER_DISRUPTION,NORMAL,0.3362776,0.33119562,0.33252677
INCIDENT__243528-webtirf__F3FWY004,Grouped-random,train,OTHER_DISRUPTION,NORMAL,0.3721437,0.3128736,0.31498268
INCIDENT__243569-webtirf__7163,Grouped-random,train,OTHER_DISRUPTION,OTHER_DISRUPTION,0.33509046,0.2957424,0.36916703
INCIDENT__243589-webtirf__7112,Grouped-random,train,OTHER_DISRUPTION,ACCIDENT,0.33951113,0.38733727,0.2731516
INCIDENT__243678-webtirf__7139,Grouped-random,train,OTHER_DISRUPTION,NORMAL,0.3608931,0.31348094,0.32562608
INCIDENT__243694-webtirf__T0231,Grouped-random,train,ACCIDENT,NORMAL,0.3556378,0.33048463,0.31387755
INCIDENT__243829-webtirf__7272,Grouped-random,train,OTHER_DISRUPTION,NORMAL,0.3677106,0.34026718,0.29202223
INCIDENT__243831-webtirf__53004,Grouped-random,train,OTHER_DISRUPTION,ACCIDENT,0.31758127,0.34820408,0.33421463
INCIDENT__243839-webtirf__7270,Grouped-random,train,OTHER_DISRUPTION,NORMAL,0.36220253,0.3442425,0.29355496
INCIDENT__243850.0-webtirf__10011,Grouped-random,train,OTHER_DISRUPTION,OTHER_DISRUPTION,0.33023462,0.32506052,0.3447049
INCIDENT__243850.0-webtirf__7139,Grouped-random,train,OTHER_DISRUPTION,OTHER_DISRUPTION,0.32483926,0.28547424,0.38968644
INCIDENT__243863-webtirf__7120,Grouped-random,train,OTHER_DISRUPTION,ACCIDENT,0.3352972,0.33536682,0.32933608
INCIDENT__243863-webtirf__7121,Grouped-random,train,OTHER_DISRUPTION,OTHER_DISRUPTION,0.31532282,0.323002,0.36167523
INCIDENT__243887-webtirf__53004,Grouped-random,train,ACCIDENT,OTHER_DISRUPTION,0.32374582,0.3292635,0.34699062
INCIDENT__243899-webtirf__7184,Grouped-random,train,ACCIDENT,NORMAL,0.3393236,0.33245718,0.32821915
INCIDENT__243928-webtirf__10011,Grouped-random,train,OTHER_DISRUPTION,OTHER_DISRUPTION,0.33023462,0.32506052,0.3447049
INCIDENT__243928-webtirf__7139,Grouped-random,train,OTHER_DISRUPTION,NORMAL,0.38610625,0.27171078,0.342183
INCIDENT__243986-webtirf__7121,Grouped-random,train,OTHER_DISRUPTION,OTHER_DISRUPTION,0.32096726,0.33320436,0.34582835
INCIDENT__244008-webtirf__53004,Grouped-random,train,ACCIDENT,OTHER_DISRUPTION,0.33903638,0.31267014,0.34829354
INCIDENT__244009-webtirf__7270,Grouped-random,train,OTHER_DISRUPTION,NORMAL,0.3748353,0.28489846,0.3402663
INCIDENT__244026-webtirf__50250,Grouped-random,train,ACCIDENT,OTHER_DISRUPTION,0.3392457,0.31680763,0.3439467
INCIDENT__244058-webtirf__7248,Grouped-random,train,OTHER_DISRUPTION,ACCIDENT,0.34160247,0.3823404,0.276057
INCIDENT__244091-webtirf__53004,Grouped-random,train,ACCIDENT,OTHER_DISRUPTION,0.32705194,0.32887965,0.34406838
INCIDENT__244105-webtirf__7179,Grouped-random,train,ACCIDENT,NORMAL,0.36530495,0.2802799,0.35441515
INCIDENT__244192-webtirf__7161,Grouped-random,train,OTHER_DISRUPTION,NORMAL,0.36254284,0.34979916,0.28765795
INCIDENT__244218-webtirf__7275,Grouped-random,train,ACCIDENT,OTHER_DISRUPTION,0.3316556,0.32243505,0.34590933
INCIDENT__244351-webtirf__F3FWY003,Grouped-random,train,ACCIDENT,NORMAL,0.34374586,0.31809977,0.33815432
INCIDENT__244390.0-webtirf__74228,Grouped-random,train,ACCIDENT,OTHER_DISRUPTION,0.33423084,0.31788972,0.34787944
INCIDENT__244417-webtirf__33014,Grouped-random,train,OTHER_DISRUPTION,OTHER_DISRUPTION,0.33023462,0.32506052,0.3447049
INCIDENT__244430.0-webtirf__7270,Grouped-random,train,ACCIDENT,NORMAL,0.34074125,0.3313557,0.327903
INCIDENT__244521-webtirf__7179,Grouped-random,train,OTHER_DISRUPTION,NORMAL,0.35938352,0.3110172,0.32959932
INCIDENT__244636-webtirf__7184,Grouped-random,train,OTHER_DISRUPTION,ACCIDENT,0.36476249,0.38071734,0.2545202
INCIDENT__244708-webtirf__68025,Grouped-random,train,OTHER_DISRUPTION,NORMAL,0.38080576,0.27448532,0.34470895
INCIDENT__244842-webtirf__74230,Grouped-random,train,OTHER_DISRUPTION,OTHER_DISRUPTION,0.33023462,0.32506052,0.3447049
INCIDENT__244874-webtirf__7248,Grouped-random,train,ACCIDENT,NORMAL,0.3468694,0.32700634,0.32612428
INCIDENT__244894-webtirf__33014,Grouped-random,train,OTHER_DISRUPTION,OTHER_DISRUPTION,0.33023462,0.32506052,0.3447049
INCIDENT__245032-webtirf__74228,Grouped-random,train,ACCIDENT,NORMAL,0.3694243,0.29742646,0.33314922
INCIDENT__245049-webtirf__68025,Grouped-random,train,OTHER_DISRUPTION,NORMAL,0.36424533,0.32282308,0.31293157
INCIDENT__245153-webtirf__74230,Grouped-random,train,ACCIDENT,OTHER_DISRUPTION,0.33023462,0.32506052,0.3447049
INCIDENT__245194-webtirf__7163,Grouped-random,train,OTHER_DISRUPTION,ACCIDENT,0.3316504,0.33810702,0.3302425
INCIDENT__245196-webtirf__68025,Grouped-random,train,OTHER_DISRUPTION,ACCIDENT,0.32621828,0.33821,0.33557168
INCIDENT__245231-webtirf__53004,Grouped-random,train,ACCIDENT,OTHER_DISRUPTION,0.3344857,0.3239465,0.34156772
INCIDENT__245274-webtirf__7248,Grouped-random,train,ACCIDENT,NORMAL,0.37153462,0.3527416,0.27572376
INCIDENT__245294-webtirf__23067,Grouped-random,train,OTHER_DISRUPTION,OTHER_DISRUPTION,0.3169454,0.3242174,0.35883716
INCIDENT__245327-webtirf__7184,Grouped-random,train,OTHER_DISRUPTION,OTHER_DISRUPTION,0.32929608,0.3133425,0.3573614
INCIDENT__245349-webtirf__7120,Grouped-random,train,OTHER_DISRUPTION,NORMAL,0.37423113,0.31495792,0.31081092
INCIDENT__245349-webtirf__7121,Grouped-random,train,OTHER_DISRUPTION,NORMAL,0.3660804,0.2912461,0.34267354
INCIDENT__245367-webtirf__7270,Grouped-random,train,ACCIDENT,ACCIDENT,0.33931386,0.3945684,0.26611775
INCIDENT__245369-webtirf__7179,Grouped-random,train,OTHER_DISRUPTION,ACCIDENT,0.34555247,0.3799309,0.27451658
INCIDENT__245396-webtirf__68025,Grouped-random,train,OTHER_DISRUPTION,NORMAL,0.367398,0.31542426,0.31717774
INCIDENT__245514-webtirf__7179,Grouped-random,train,ACCIDENT,NORMAL,0.3743134,0.36243266,0.26325387
INCIDENT__245526-webtirf__9834-PR,Grouped-random,train,OTHER_DISRUPTION,NORMAL,0.36531508,0.29698557,0.33769935
INCIDENT__245534-webtirf__10011,Grouped-random,train,OTHER_DISRUPTION,OTHER_DISRUPTION,0.33023462,0.32506052,0.3447049
INCIDENT__245534-webtirf__7139,Grouped-random,train,OTHER_DISRUPTION,OTHER_DISRUPTION,0.3243366,0.32767794,0.34798545
INCIDENT__245539-webtirf__7163,Grouped-random,train,OTHER_DISRUPTION,NORMAL,0.3567662,0.31164193,0.33159187
INCIDENT__245561-webtirf__9658,Grouped-random,train,ACCIDENT,NORMAL,0.36041775,0.28159875,0.35798353
INCIDENT__245581-webtirf__7112,Grouped-random,train,OTHER_DISRUPTION,OTHER_DISRUPTION,0.33023462,0.32506052,0.3447049
INCIDENT__245595-webtirf__50240,Grouped-random,train,OTHER_DISRUPTION,ACCIDENT,0.34370244,0.35696208,0.29933554
INCIDENT__245599-webtirf__7179,Grouped-random,train,ACCIDENT,ACCIDENT,0.35951495,0.374085,0.26640007
INCIDENT__245626-webtirf__7164,Grouped-random,train,OTHER_DISRUPTION,NORMAL,0.3625157,0.3133191,0.32416523
INCIDENT__245672-webtirf__53004,Grouped-random,train,ACCIDENT,OTHER_DISRUPTION,0.33416227,0.28268582,0.38315198
INCIDENT__245678-webtirf__7248,Grouped-random,train,ACCIDENT,NORMAL,0.37834737,0.31847534,0.30317736
INCIDENT__245772-webtirf__7159,Grouped-random,train,ACCIDENT,OTHER_DISRUPTION,0.33480844,0.3261741,0.33901748
INCIDENT__245782-webtirf__33014,Grouped-random,train,OTHER_DISRUPTION,OTHER_DISRUPTION,0.33023462,0.32506052,0.3447049
INCIDENT__245902-webtirf__7274,Grouped-random,train,OTHER_DISRUPTION,OTHER_DISRUPTION,0.32391667,0.31085268,0.36523062
INCIDENT__245908-webtirf__68025,Grouped-random,train,OTHER_DISRUPTION,NORMAL,0.3760104,0.2968347,0.32715482
INCIDENT__245912-webtirf__53004,Grouped-random,train,OTHER_DISRUPTION,NORMAL,0.34201044,0.32485282,0.3331367
INCIDENT__245943-webtirf__F3FWY001,Grouped-random,train,OTHER_DISRUPTION,OTHER_DISRUPTION,0.33000895,0.30491182,0.36507916
INCIDENT__245981-webtirf__10011,Grouped-random,train,OTHER_DISRUPTION,OTHER_DISRUPTION,0.33023462,0.32506052,0.3447049
INCIDENT__245981-webtirf__7139,Grouped-random,train,OTHER_DISRUPTION,ACCIDENT,0.36795515,0.37762135,0.2544235
INCIDENT__245989-webtirf__7179,Grouped-random,train,OTHER_DISRUPTION,NORMAL,0.3455147,0.3235905,0.3308948
INCIDENT__246048-webtirf__7153,Grouped-random,train,OTHER_DISRUPTION,NORMAL,0.34984574,0.33467597,0.31547835
INCIDENT__246096-webtirf__F3FWY003,Grouped-random,train,ACCIDENT,NORMAL,0.37361223,0.36672217,0.25966555
INCIDENT__246106-webtirf__7274,Grouped-random,train,ACCIDENT,NORMAL,0.3658174,0.3225136,0.31166908
INCIDENT__246177-webtirf__34016,Grouped-random,train,OTHER_DISRUPTION,NORMAL,0.3638205,0.33126828,0.30491117
INCIDENT__246224-webtirf__68025,Grouped-random,train,OTHER_DISRUPTION,NORMAL,0.37287778,0.34977227,0.27735
INCIDENT__246229-webtirf__7153,Grouped-random,train,ACCIDENT,NORMAL,0.36713874,0.32288513,0.30997607
INCIDENT__246275-webtirf__7112,Grouped-random,train,ACCIDENT,OTHER_DISRUPTION,0.32797286,0.32529914,0.346728
INCIDENT__246301-webtirf__7270,Grouped-random,train,OTHER_DISRUPTION,OTHER_DISRUPTION,0.35452935,0.27809215,0.36737853
INCIDENT__246391-webtirf__7119-PR,Grouped-random,train,ACCIDENT,NORMAL,0.35599598,0.33953547,0.30446857
INCIDENT__246472-webtirf__68025,Grouped-random,train,OTHER_DISRUPTION,NORMAL,0.36859974,0.3248567,0.3065435
INCIDENT__246479-webtirf__7112,Grouped-random,train,OTHER_DISRUPTION,OTHER_DISRUPTION,0.33023462,0.32506052,0.3447049
INCIDENT__246521-webtirf__51235,Grouped-random,train,OTHER_DISRUPTION,OTHER_DISRUPTION,0.3334383,0.32994413,0.3366176
INCIDENT__246744-webtirf__7248,Grouped-random,train,OTHER_DISRUPTION,OTHER_DISRUPTION,0.33023462,0.32506052,0.3447049
INCIDENT__246810.0-webtirf__53004,Grouped-random,train,ACCIDENT,ACCIDENT,0.33154902,0.33776549,0.3306855
INCIDENT__246912-webtirf__74230,Grouped-random,train,OTHER_DISRUPTION,OTHER_DISRUPTION,0.33023462,0.32506052,0.3447049
INCIDENT__246934-webtirf__47024,Grouped-random,train,OTHER_DISRUPTION,NORMAL,0.34985194,0.34039927,0.3097488
INCIDENT__246942-webtirf__29005,Grouped-random,train,OTHER_DISRUPTION,NORMAL,0.35715833,0.34697837,0.29586324
INCIDENT__246952-webtirf__7120,Grouped-random,train,OTHER_DISRUPTION,NORMAL,0.34519997,0.32918665,0.32561338
INCIDENT__246991-webtirf__7179,Grouped-random,train,OTHER_DISRUPTION,NORMAL,0.37625876,0.33281386,0.29092738
INCIDENT__247011-webtirf__7184,Grouped-random,train,ACCIDENT,ACCIDENT,0.3616132,0.36339304,0.27499375
INCIDENT__247050.0-webtirf__7248,Grouped-random,train,OTHER_DISRUPTION,NORMAL,0.3436393,0.32553563,0.33082503
INCIDENT__247153-webtirf__74228,Grouped-random,train,OTHER_DISRUPTION,NORMAL,0.37716997,0.27251324,0.35031685
INCIDENT__247272-webtirf__53004,Grouped-random,train,OTHER_DISRUPTION,NORMAL,0.39087728,0.28673947,0.32238322
INCIDENT__247275-webtirf__7274,Grouped-random,train,ACCIDENT,NORMAL,0.38256988,0.3039749,0.31345528
INCIDENT__247372-webtirf__7163,Grouped-random,train,OTHER_DISRUPTION,OTHER_DISRUPTION,0.32113692,0.29162887,0.38723424
INCIDENT__247418-webtirf__33014,Grouped-random,train,OTHER_DISRUPTION,OTHER_DISRUPTION,0.33023462,0.32506052,0.3447049
INCIDENT__247430.0-webtirf__7120,Grouped-random,train,OTHER_DISRUPTION,NORMAL,0.37008268,0.35061783,0.27929938
INCIDENT__247430.0-webtirf__7121,Grouped-random,train,OTHER_DISRUPTION,NORMAL,0.36028478,0.3465987,0.29311648
INCIDENT__247466-webtirf__7164,Grouped-random,train,OTHER_DISRUPTION,OTHER_DISRUPTION,0.34419155,0.30394226,0.3518661
INCIDENT__247537-webtirf__7179,Grouped-random,train,OTHER_DISRUPTION,ACCIDENT,0.34755072,0.37878463,0.27366465
INCIDENT__247551-webtirf__7164,Grouped-random,train,ACCIDENT,OTHER_DISRUPTION,0.33527333,0.3277203,0.33700633
INCIDENT__247561-webtirf__7119-PR,Grouped-random,train,ACCIDENT,NORMAL,0.37075624,0.34637368,0.2828701
INCIDENT__247576-webtirf__53004,Grouped-random,train,ACCIDENT,OTHER_DISRUPTION,0.33826578,0.31308407,0.34865016
INCIDENT__247611-webtirf__10011,Grouped-random,train,OTHER_DISRUPTION,OTHER_DISRUPTION,0.33023462,0.32506052,0.3447049
INCIDENT__247611-webtirf__7139,Grouped-random,train,OTHER_DISRUPTION,NORMAL,0.3559661,0.30670017,0.33733383
INCIDENT__247644-webtirf__F3FWY004,Grouped-random,train,ACCIDENT,ACCIDENT,0.35591617,0.36308202,0.28100178
INCIDENT__247681-webtirf__68025,Grouped-random,train,OTHER_DISRUPTION,NORMAL,0.33843267,0.33383912,0.3277282
INCIDENT__247702-webtirf__F3FWY003,Grouped-random,train,ACCIDENT,NORMAL,0.37775394,0.31355911,0.30868694
INCIDENT__247715-webtirf__53004,Grouped-random,train,OTHER_DISRUPTION,NORMAL,0.34393626,0.3209015,0.33516222
INCIDENT__247745-webtirf__F3FWY003,Grouped-random,train,ACCIDENT,NORMAL,0.3601768,0.30870283,0.3311204
INCIDENT__247753-webtirf__22001,Grouped-random,train,ACCIDENT,OTHER_DISRUPTION,0.33023462,0.32506052,0.3447049
INCIDENT__247767-webtirf__9658,Grouped-random,train,OTHER_DISRUPTION,NORMAL,0.3731264,0.32868236,0.29819128
INCIDENT__247799-webtirf__33014,Grouped-random,train,OTHER_DISRUPTION,OTHER_DISRUPTION,0.33023462,0.32506052,0.3447049
INCIDENT__247875-webtirf__7120,Grouped-random,train,OTHER_DISRUPTION,ACCIDENT,0.3512145,0.3517673,0.29701814
INCIDENT__247875-webtirf__7121,Grouped-random,train,OTHER_DISRUPTION,OTHER_DISRUPTION,0.33431134,0.32177815,0.34391055
INCIDENT__247936-webtirf__7121,Grouped-random,train,OTHER_DISRUPTION,NORMAL,0.33538565,0.334448,0.3301664
INCIDENT__247978-webtirf__50240,Grouped-random,train,OTHER_DISRUPTION,NORMAL,0.38844278,0.3077605,0.3037967
INCIDENT__248015-webtirf__7161,Grouped-random,train,ACCIDENT,NORMAL,0.38161427,0.34999463,0.2683911
INCIDENT__248039-webtirf__32029,Grouped-random,train,OTHER_DISRUPTION,OTHER_DISRUPTION,0.33023462,0.32506052,0.3447049
INCIDENT__248041-webtirf__7163,Grouped-random,train,OTHER_DISRUPTION,OTHER_DISRUPTION,0.3274036,0.3314742,0.34112215
INCIDENT__248105-webtirf__7121,Grouped-random,train,OTHER_DISRUPTION,OTHER_DISRUPTION,0.32175145,0.33672795,0.34152064
INCIDENT__248156-webtirf__9658,Grouped-random,train,OTHER_DISRUPTION,NORMAL,0.38284087,0.28009284,0.33706626
INCIDENT__248179-webtirf__23067,Grouped-random,train,OTHER_DISRUPTION,ACCIDENT,0.35483143,0.36042082,0.28474772
INCIDENT__248213-webtirf__7184,Grouped-random,train,OTHER_DISRUPTION,NORMAL,0.35520864,0.32274354,0.32204783
INCIDENT__248231-webtirf__7184,Grouped-random,train,OTHER_DISRUPTION,OTHER_DISRUPTION,0.33038545,0.33207107,0.3375435
INCIDENT__248306-webtirf__29005,Grouped-random,train,OTHER_DISRUPTION,OTHER_DISRUPTION,0.33023462,0.32506052,0.3447049
INCIDENT__248308-webtirf__50240,Grouped-random,train,OTHER_DISRUPTION,ACCIDENT,0.34940112,0.38216722,0.26843172
INCIDENT__248326-webtirf__F3FWY002,Grouped-random,train,ACCIDENT,ACCIDENT,0.36536172,0.37802696,0.25661135
INCIDENT__248379-webtirf__7112,Grouped-random,train,OTHER_DISRUPTION,NORMAL,0.34029576,0.32846248,0.3312418
INCIDENT__248411-webtirf__T0345,Grouped-random,train,ACCIDENT,NORMAL,0.35383865,0.30387086,0.34229046
INCIDENT__248425-webtirf__72027,Grouped-random,train,ACCIDENT,NORMAL,0.36161894,0.32202166,0.31635937
INCIDENT__248468-webtirf__7248,Grouped-random,train,OTHER_DISRUPTION,NORMAL,0.34373328,0.32438886,0.33187783
INCIDENT__248488-webtirf__T0231,Grouped-random,train,OTHER_DISRUPTION,OTHER_DISRUPTION,0.32132965,0.3258785,0.35279176
INCIDENT__248496-webtirf__7274,Grouped-random,train,ACCIDENT,OTHER_DISRUPTION,0.32845667,0.32553566,0.3460077
INCIDENT__248546-webtirf__50250,Grouped-random,train,OTHER_DISRUPTION,NORMAL,0.34647417,0.31507406,0.33845177
INCIDENT__248567-webtirf__7179,Grouped-random,train,OTHER_DISRUPTION,NORMAL,0.35965565,0.32756704,0.3127773
INCIDENT__248574-webtirf__7163,Grouped-random,train,OTHER_DISRUPTION,ACCIDENT,0.33847222,0.357261,0.30426684
INCIDENT__248731-webtirf__68025,Grouped-random,train,OTHER_DISRUPTION,NORMAL,0.36899817,0.35334966,0.27765208
INCIDENT__248977-webtirf__7179,Grouped-random,train,ACCIDENT,ACCIDENT,0.34788308,0.3779078,0.2742091
INCIDENT__249008-webtirf__7121,Grouped-random,train,OTHER_DISRUPTION,NORMAL,0.37734845,0.33055502,0.29209653
INCIDENT__249085-webtirf__9658,Grouped-random,train,OTHER_DISRUPTION,NORMAL,0.36386818,0.32532042,0.31081146
INCIDENT__249226-webtirf__7163,Grouped-random,train,ACCIDENT,NORMAL,0.34369195,0.32454246,0.33176553
INCIDENT__249267-webtirf__7184,Grouped-random,train,OTHER_DISRUPTION,NORMAL,0.37340453,0.3445638,0.28203157
INCIDENT__249280-webtirf__23067,Grouped-random,train,OTHER_DISRUPTION,NORMAL,0.38934293,0.2839211,0.32673603
INCIDENT__249416-webtirf__7179,Grouped-random,train,OTHER_DISRUPTION,ACCIDENT,0.3457241,0.3815166,0.27275923
INCIDENT__249440-webtirf__7179,Grouped-random,train,OTHER_DISRUPTION,NORMAL,0.3789644,0.35845223,0.2625835
INCIDENT__249446-webtirf__74230,Grouped-random,train,OTHER_DISRUPTION,ACCIDENT,0.3225667,0.33947504,0.33795834
INCIDENT__249490-webtirf__7126,Grouped-random,train,OTHER_DISRUPTION,OTHER_DISRUPTION,0.33119228,0.33321822,0.33558947
INCIDENT__249497-webtirf__7112,Grouped-random,train,OTHER_DISRUPTION,NORMAL,0.3657983,0.31283456,0.32136717
INCIDENT__249542-webtirf__7179,Grouped-random,train,OTHER_DISRUPTION,OTHER_DISRUPTION,0.34830362,0.28357714,0.3681192
INCIDENT__249545-webtirf__7274,Grouped-random,train,ACCIDENT,OTHER_DISRUPTION,0.3248939,0.32435673,0.3507493
INCIDENT__249587-webtirf__7164,Grouped-random,train,OTHER_DISRUPTION,NORMAL,0.35023203,0.31433463,0.33543336
INCIDENT__249598-webtirf__7251,Grouped-random,train,OTHER_DISRUPTION,OTHER_DISRUPTION,0.35307655,0.28826922,0.35865426
INCIDENT__249635-webtirf__7121,Grouped-random,train,ACCIDENT,NORMAL,0.37034053,0.3366543,0.29300526
INCIDENT__249651-webtirf__7126,Grouped-random,train,ACCIDENT,NORMAL,0.38807178,0.2942114,0.31771693
INCIDENT__249800-webtirf__7112,Grouped-random,train,OTHER_DISRUPTION,ACCIDENT,0.33436134,0.33707535,0.32856336
INCIDENT__249829-webtirf__33014,Grouped-random,train,OTHER_DISRUPTION,OTHER_DISRUPTION,0.33023462,0.32506052,0.3447049
INCIDENT__249840-webtirf__7112,Grouped-random,train,OTHER_DISRUPTION,ACCIDENT,0.3535187,0.35678607,0.28969523
INCIDENT__249844-webtirf__74230,Grouped-random,train,OTHER_DISRUPTION,NORMAL,0.36431634,0.33158648,0.3040971
INCIDENT__249849-webtirf__9836-PR,Grouped-random,train,OTHER_DISRUPTION,NORMAL,0.34601775,0.3319394,0.32204285
INCIDENT__249891-webtirf__68025,Grouped-random,train,ACCIDENT,OTHER_DISRUPTION,0.3133246,0.3261747,0.36050066
INCIDENT__249895-webtirf__53004,Grouped-random,train,ACCIDENT,NORMAL,0.37504983,0.29959726,0.32535285
INCIDENT__249939-webtirf__7120,Grouped-random,train,OTHER_DISRUPTION,NORMAL,0.34980428,0.31362957,0.33656615
INCIDENT__249943-webtirf__T0231,Grouped-random,train,ACCIDENT,ACCIDENT,0.33952862,0.34006608,0.3204053
INCIDENT__249952-webtirf__9658,Grouped-random,train,OTHER_DISRUPTION,ACCIDENT,0.34409165,0.3740482,0.28186014
INCIDENT__250058-webtirf__51235,Grouped-random,train,OTHER_DISRUPTION,NORMAL,0.343275,0.34293923,0.3137858
INCIDENT__250093-webtirf__47024,Grouped-random,train,ACCIDENT,NORMAL,0.37108478,0.3614714,0.2674438
INCIDENT__250137-webtirf__7120,Grouped-random,train,OTHER_DISRUPTION,ACCIDENT,0.35533583,0.35863286,0.2860314
INCIDENT__250137-webtirf__7121,Grouped-random,train,OTHER_DISRUPTION,NORMAL,0.35915476,0.33389097,0.3069542
INCIDENT__250156-webtirf__23067,Grouped-random,train,OTHER_DISRUPTION,NORMAL,0.36901206,0.36307272,0.26791507
INCIDENT__250172-webtirf__7121,Grouped-random,train,OTHER_DISRUPTION,OTHER_DISRUPTION,0.31018624,0.30362803,0.38618577
INCIDENT__250224-webtirf__7112,Grouped-random,train,OTHER_DISRUPTION,NORMAL,0.36978868,0.33112788,0.29908344
INCIDENT__250262-webtirf__53003,Grouped-random,train,OTHER_DISRUPTION,OTHER_DISRUPTION,0.3298368,0.2820603,0.3881029
INCIDENT__250269-webtirf__68025,Grouped-random,train,OTHER_DISRUPTION,NORMAL,0.35676554,0.29536915,0.34786528
INCIDENT__250287-webtirf__10011,Grouped-random,train,ACCIDENT,OTHER_DISRUPTION,0.33023462,0.32506052,0.3447049
INCIDENT__250313-webtirf__7150,Grouped-random,train,OTHER_DISRUPTION,NORMAL,0.3429587,0.32647702,0.33056432
INCIDENT__250318-webtirf__7184,Grouped-random,train,OTHER_DISRUPTION,NORMAL,0.36025548,0.33713707,0.3026074
INCIDENT__250410-webtirf__7126,Grouped-random,train,ACCIDENT,ACCIDENT,0.35075384,0.35852462,0.29072154
INCIDENT__250411-webtirf__7274,Grouped-random,train,ACCIDENT,NORMAL,0.3606285,0.32532215,0.31404942
INCIDENT__250466-webtirf__53004,Grouped-random,train,OTHER_DISRUPTION,OTHER_DISRUPTION,0.3188709,0.30169022,0.37943888
INCIDENT__250486-webtirf__53004,Grouped-random,train,OTHER_DISRUPTION,OTHER_DISRUPTION,0.32941484,0.32145834,0.34912676
INCIDENT__250494-webtirf__53003,Grouped-random,train,OTHER_DISRUPTION,NORMAL,0.36655784,0.27420765,0.3592345
INCIDENT__250569-webtirf__29005,Grouped-random,train,OTHER_DISRUPTION,NORMAL,0.3646918,0.34340987,0.2918984
INCIDENT__250572-webtirf__7248,Grouped-random,train,OTHER_DISRUPTION,NORMAL,0.3659537,0.35740733,0.27663895
INCIDENT__250609-webtirf__F3FWY002,Grouped-random,train,ACCIDENT,ACCIDENT,0.32860255,0.34586176,0.3255357
INCIDENT__250633-webtirf__T0231,Grouped-random,train,OTHER_DISRUPTION,NORMAL,0.38836694,0.2772954,0.33433762
INCIDENT__250660-webtirf__9834-PR,Grouped-random,train,OTHER_DISRUPTION,NORMAL,0.38522243,0.2969351,0.3178424
INCIDENT__250686-webtirf__7161,Grouped-random,train,OTHER_DISRUPTION,ACCIDENT,0.3517671,0.3732205,0.27501237
INCIDENT__250736-webtirf__7251,Grouped-random,train,ACCIDENT,NORMAL,0.3733957,0.3077648,0.31883943
INCIDENT__250776-webtirf__53004,Grouped-random,train,OTHER_DISRUPTION,OTHER_DISRUPTION,0.35459584,0.2772826,0.36812153
INCIDENT__250805-webtirf__74230,Grouped-random,train,OTHER_DISRUPTION,NORMAL,0.341003,0.3408404,0.31815663
INCIDENT__250812-webtirf__7120,Grouped-random,train,OTHER_DISRUPTION,NORMAL,0.34160784,0.3264642,0.33192798
INCIDENT__250812-webtirf__7121,Grouped-random,train,OTHER_DISRUPTION,NORMAL,0.36182252,0.3214744,0.31670317
INCIDENT__250816-webtirf__74228,Grouped-random,train,ACCIDENT,ACCIDENT,0.33327466,0.34289357,0.3238317
INCIDENT__250869-webtirf__F3FWY003,Grouped-random,train,OTHER_DISRUPTION,NORMAL,0.36804965,0.28238147,0.3495688
INCIDENT__250870-webtirf__23067,Grouped-random,train,OTHER_DISRUPTION,OTHER_DISRUPTION,0.3338814,0.32333088,0.34278768
INCIDENT__250888-webtirf__100001,Grouped-random,train,ACCIDENT,NORMAL,0.34897947,0.3318694,0.3191511
INCIDENT__250916-webtirf__47024,Grouped-random,train,OTHER_DISRUPTION,NORMAL,0.38612753,0.31179154,0.30208093
INCIDENT__250927-webtirf__50240,Grouped-random,train,OTHER_DISRUPTION,ACCIDENT,0.3590323,0.3669628,0.2740049
INCIDENT__250941-webtirf__50240,Grouped-random,train,ACCIDENT,ACCIDENT,0.37023327,0.40418735,0.22557949
INCIDENT__250947-webtirf__7120,Grouped-random,train,OTHER_DISRUPTION,OTHER_DISRUPTION,0.32342908,0.33759442,0.33897644
INCIDENT__250947-webtirf__7121,Grouped-random,train,OTHER_DISRUPTION,ACCIDENT,0.32113436,0.3495713,0.32929432
INCIDENT__250953-webtirf__74230,Grouped-random,train,OTHER_DISRUPTION,OTHER_DISRUPTION,0.31740442,0.32007942,0.36251622
INCIDENT__250960-webtirf__F3FWY002,Grouped-random,train,OTHER_DISRUPTION,NORMAL,0.34432483,0.31895998,0.33671528
INCIDENT__250974-webtirf__7163,Grouped-random,train,OTHER_DISRUPTION,OTHER_DISRUPTION,0.33527303,0.32238662,0.3423404
INCIDENT__251003-webtirf__9658,Grouped-random,train,OTHER_DISRUPTION,NORMAL,0.35421494,0.31521243,0.33057266
INCIDENT__251152-webtirf__7251,Grouped-random,train,OTHER_DISRUPTION,NORMAL,0.37754077,0.3433873,0.27907196
INCIDENT__251170-webtirf__9658,Grouped-random,train,ACCIDENT,NORMAL,0.3440905,0.3252463,0.3306632
INCIDENT__251189-webtirf__7251,Grouped-random,train,OTHER_DISRUPTION,NORMAL,0.36927873,0.3206469,0.3100743
INCIDENT__251226-webtirf__53004,Grouped-random,train,OTHER_DISRUPTION,OTHER_DISRUPTION,0.33595154,0.2823546,0.3816939
INCIDENT__251248-webtirf__7119-PR,Grouped-random,train,ACCIDENT,NORMAL,0.3763132,0.3184853,0.3052016
INCIDENT__251254-webtirf__7179,Grouped-random,train,ACCIDENT,ACCIDENT,0.34730726,0.37921694,0.2734758
INCIDENT__251341-webtirf__34016,Grouped-random,train,OTHER_DISRUPTION,OTHER_DISRUPTION,0.32774353,0.3211912,0.35106513
INCIDENT__251403-webtirf__7248,Grouped-random,train,OTHER_DISRUPTION,ACCIDENT,0.3407577,0.38300833,0.27623397
INCIDENT__251430-webtirf__7275,Grouped-random,train,OTHER_DISRUPTION,NORMAL,0.36156645,0.3414005,0.2970331
INCIDENT__251496-webtirf__34016,Grouped-random,train,OTHER_DISRUPTION,NORMAL,0.37615624,0.28366673,0.34017706
INCIDENT__251575-webtirf__7159,Grouped-random,train,ACCIDENT,NORMAL,0.35383812,0.310817,0.3353449
INCIDENT__251582-webtirf__50240,Grouped-random,train,OTHER_DISRUPTION,NORMAL,0.38535848,0.31837648,0.29626513
INCIDENT__251621-webtirf__72027,Grouped-random,train,OTHER_DISRUPTION,ACCIDENT,0.33413112,0.3374958,0.3283731
INCIDENT__251681-webtirf__F3FWY005,Grouped-random,train,OTHER_DISRUPTION,NORMAL,0.3616126,0.2916791,0.34670833
INCIDENT__251728-webtirf__9827,Grouped-random,train,ACCIDENT,OTHER_DISRUPTION,0.33023462,0.32506052,0.3447049
INCIDENT__251763-webtirf__7126,Grouped-random,train,ACCIDENT,OTHER_DISRUPTION,0.34159085,0.3119686,0.3464406
INCIDENT__251771-webtirf__7270,Grouped-random,train,OTHER_DISRUPTION,NORMAL,0.37856147,0.31590122,0.30553728
INCIDENT__251785-webtirf__7120,Grouped-random,train,OTHER_DISRUPTION,ACCIDENT,0.343782,0.36577198,0.29044604
INCIDENT__251785-webtirf__7121,Grouped-random,train,OTHER_DISRUPTION,NORMAL,0.36485487,0.32068557,0.3144596
INCIDENT__251924-webtirf__7163,Grouped-random,train,OTHER_DISRUPTION,NORMAL,0.34582752,0.3322829,0.3218895
INCIDENT__252059-webtirf__7161,Grouped-random,train,OTHER_DISRUPTION,ACCIDENT,0.34742975,0.3696802,0.2828901
INCIDENT__252083-webtirf__7120,Grouped-random,train,OTHER_DISRUPTION,NORMAL,0.3420652,0.3284639,0.32947096
INCIDENT__252085-webtirf__F3FWY002,Grouped-random,train,OTHER_DISRUPTION,NORMAL,0.37207747,0.34217718,0.28574547
INCIDENT__252087-webtirf__22001,Grouped-random,train,OTHER_DISRUPTION,OTHER_DISRUPTION,0.33023462,0.32506052,0.3447049
INCIDENT__252224-webtirf__7126,Grouped-random,train,OTHER_DISRUPTION,NORMAL,0.3650849,0.35455707,0.280358
INCIDENT__252238-webtirf__T0288,Grouped-random,train,OTHER_DISRUPTION,OTHER_DISRUPTION,0.33023462,0.32506052,0.3447049
INCIDENT__252238-webtirf__T0289,Grouped-random,train,OTHER_DISRUPTION,OTHER_DISRUPTION,0.33023462,0.32506052,0.3447049
INCIDENT__252260-webtirf__53004,Grouped-random,train,OTHER_DISRUPTION,OTHER_DISRUPTION,0.33648387,0.3082093,0.3553069
INCIDENT__252263-webtirf__10011,Grouped-random,train,ACCIDENT,OTHER_DISRUPTION,0.33023462,0.32506052,0.3447049
INCIDENT__252263-webtirf__7139,Grouped-random,train,ACCIDENT,OTHER_DISRUPTION,0.31624082,0.29007825,0.3936809
INCIDENT__252322-webtirf__7251,Grouped-random,train,OTHER_DISRUPTION,OTHER_DISRUPTION,0.32196236,0.31288734,0.3651502
INCIDENT__252330-webtirf__7248,Grouped-random,train,ACCIDENT,NORMAL,0.38264877,0.3033523,0.31399903
INCIDENT__252378-webtirf__F3FWY003,Grouped-random,train,OTHER_DISRUPTION,NORMAL,0.3534467,0.32782853,0.31872466
INCIDENT__252417-webtirf__23067,Grouped-random,train,ACCIDENT,NORMAL,0.3455394,0.33071217,0.32374835
INCIDENT__252465-webtirf__68025,Grouped-random,train,ACCIDENT,OTHER_DISRUPTION,0.3159417,0.31600446,0.36805382
INCIDENT__252570-webtirf__7132,Grouped-random,train,ACCIDENT,NORMAL,0.38214535,0.35755116,0.2603036
INCIDENT__252572-webtirf__7179,Grouped-random,train,ACCIDENT,NORMAL,0.3668904,0.33935496,0.2937547
INCIDENT__252593-webtirf__7121,Grouped-random,train,ACCIDENT,NORMAL,0.3678469,0.2839861,0.34816706
INCIDENT__252597-webtirf__68025,Grouped-random,train,OTHER_DISRUPTION,NORMAL,0.3669075,0.31656975,0.3165227
INCIDENT__252629-webtirf__7112,Grouped-random,train,OTHER_DISRUPTION,OTHER_DISRUPTION,0.35042495,0.29561278,0.3539622
INCIDENT__252649-webtirf__7248,Grouped-random,train,OTHER_DISRUPTION,OTHER_DISRUPTION,0.33023462,0.32506052,0.3447049
INCIDENT__252661-webtirf__10011,Grouped-random,train,ACCIDENT,OTHER_DISRUPTION,0.33023462,0.32506052,0.3447049
INCIDENT__252661-webtirf__7139,Grouped-random,train,ACCIDENT,NORMAL,0.38078353,0.31819567,0.3010208
INCIDENT__252680-webtirf__T0342,Grouped-random,train,OTHER_DISRUPTION,ACCIDENT,0.33478847,0.3386636,0.32654792
INCIDENT__252697-webtirf__7179,Grouped-random,train,ACCIDENT,NORMAL,0.3643918,0.34717846,0.28842983
INCIDENT__252747-webtirf__10011,Grouped-random,train,OTHER_DISRUPTION,OTHER_DISRUPTION,0.33023462,0.32506052,0.3447049
INCIDENT__252774-webtirf__7270,Grouped-random,train,OTHER_DISRUPTION,NORMAL,0.3706857,0.3265255,0.30278888
INCIDENT__252780-webtirf__50240,Grouped-random,train,OTHER_DISRUPTION,NORMAL,0.36258316,0.3213671,0.31604978
INCIDENT__252792-webtirf__68025,Grouped-random,train,ACCIDENT,NORMAL,0.34428316,0.32879516,0.32692164
INCIDENT__252936-webtirf__F3FWY003,Grouped-random,train,ACCIDENT,ACCIDENT,0.3480787,0.36074823,0.29117313
INCIDENT__252972-webtirf__7121,Grouped-random,train,ACCIDENT,NORMAL,0.33976483,0.32954547,0.33068964
INCIDENT__253046-webtirf__23067,Grouped-random,train,OTHER_DISRUPTION,NORMAL,0.37608126,0.36261708,0.26130164
INCIDENT__253084-webtirf__68025,Grouped-random,train,ACCIDENT,OTHER_DISRUPTION,0.30707073,0.313226,0.37970322
INCIDENT__253084-webtirf__7164,Grouped-random,train,ACCIDENT,NORMAL,0.36057743,0.31853113,0.32089135
INCIDENT__253084-webtirf__7179,Grouped-random,train,ACCIDENT,NORMAL,0.38700303,0.33105895,0.28193805
INCIDENT__253119-webtirf__7150,Grouped-random,train,OTHER_DISRUPTION,OTHER_DISRUPTION,0.32331482,0.3368622,0.33982295
INCIDENT__253135-webtirf__7121,Grouped-random,train,OTHER_DISRUPTION,NORMAL,0.37547594,0.28938016,0.33514395
INCIDENT__253138-webtirf__29005,Grouped-random,train,ACCIDENT,NORMAL,0.35230392,0.33714908,0.31054705
INCIDENT__253176-webtirf__50240,Grouped-random,train,OTHER_DISRUPTION,NORMAL,0.39709258,0.29424798,0.30865934
INCIDENT__253289-webtirf__34016,Grouped-random,train,OTHER_DISRUPTION,NORMAL,0.36438078,0.33763936,0.29797983
INCIDENT__253301-webtirf__7163,Grouped-random,train,OTHER_DISRUPTION,ACCIDENT,0.337215,0.35333702,0.30944797
INCIDENT__253308-webtirf__53004,Grouped-random,train,ACCIDENT,NORMAL,0.34230292,0.33067235,0.32702473
INCIDENT__253386-webtirf__7120,Grouped-random,train,ACCIDENT,OTHER_DISRUPTION,0.33023462,0.32506052,0.3447049
INCIDENT__253386-webtirf__7121,Grouped-random,train,ACCIDENT,OTHER_DISRUPTION,0.33023462,0.32506052,0.3447049
INCIDENT__253404-webtirf__7251,Grouped-random,train,OTHER_DISRUPTION,NORMAL,0.3714278,0.2841551,0.3444171
INCIDENT__253437-webtirf__7163,Grouped-random,train,OTHER_DISRUPTION,NORMAL,0.3504457,0.32005298,0.3295014
INCIDENT__253446-webtirf__53004,Grouped-random,train,OTHER_DISRUPTION,ACCIDENT,0.349615,0.36502516,0.28535992
INCIDENT__253486-webtirf__51235,Grouped-random,train,OTHER_DISRUPTION,NORMAL,0.37554035,0.29144272,0.333017
INCIDENT__253511-webtirf__7251,Grouped-random,train,ACCIDENT,NORMAL,0.37261721,0.30216405,0.3252187
INCIDENT__253555-webtirf__53004,Grouped-random,train,OTHER_DISRUPTION,ACCIDENT,0.34076747,0.3441419,0.31509066
INCIDENT__253601-webtirf__T0231,Grouped-random,train,OTHER_DISRUPTION,NORMAL,0.37094048,0.3089663,0.3200932
INCIDENT__253646-webtirf__34016,Grouped-random,train,OTHER_DISRUPTION,OTHER_DISRUPTION,0.33265373,0.32816365,0.33918256
INCIDENT__253699-webtirf__7120,Grouped-random,train,OTHER_DISRUPTION,OTHER_DISRUPTION,0.33023462,0.32506052,0.3447049
INCIDENT__253699-webtirf__7121,Grouped-random,train,OTHER_DISRUPTION,OTHER_DISRUPTION,0.33023462,0.32506052,0.3447049
INCIDENT__253707-webtirf__7139,Grouped-random,train,OTHER_DISRUPTION,OTHER_DISRUPTION,0.33023462,0.32506052,0.3447049
INCIDENT__253709-webtirf__T0288,Grouped-random,train,OTHER_DISRUPTION,OTHER_DISRUPTION,0.33023462,0.32506052,0.3447049
INCIDENT__253709-webtirf__T0479-PR,Grouped-random,train,OTHER_DISRUPTION,NORMAL,0.37579173,0.37453288,0.24967541
INCIDENT__253734-webtirf__7179,Grouped-random,train,OTHER_DISRUPTION,OTHER_DISRUPTION,0.3498493,0.27955845,0.37059224
INCIDENT__253737-webtirf__10011,Grouped-random,train,OTHER_DISRUPTION,OTHER_DISRUPTION,0.33023462,0.32506052,0.3447049
INCIDENT__253798-webtirf__51235,Grouped-random,train,OTHER_DISRUPTION,ACCIDENT,0.3332103,0.34298462,0.32380515
INCIDENT__253799-webtirf__50240,Grouped-random,train,OTHER_DISRUPTION,ACCIDENT,0.35682383,0.36949402,0.27368215
INCIDENT__253855-webtirf__7168,Grouped-random,train,OTHER_DISRUPTION,OTHER_DISRUPTION,0.34922215,0.28771186,0.36306596
INCIDENT__253900-webtirf__53004,Grouped-random,train,ACCIDENT,ACCIDENT,0.33772987,0.34029728,0.3219728
INCIDENT__253922-webtirf__7161,Grouped-random,train,OTHER_DISRUPTION,NORMAL,0.3776808,0.34682932,0.2754899
INCIDENT__253945-webtirf__53004,Grouped-random,train,OTHER_DISRUPTION,OTHER_DISRUPTION,0.3205288,0.29136696,0.38810426
INCIDENT__253950-webtirf__55049,Grouped-random,train,OTHER_DISRUPTION,ACCIDENT,0.29914156,0.39233825,0.30852017
INCIDENT__254019-webtirf__68025,Grouped-random,train,ACCIDENT,NORMAL,0.35335377,0.33051622,0.31613007
INCIDENT__254075-webtirf__7120,Grouped-random,train,OTHER_DISRUPTION,OTHER_DISRUPTION,0.33023462,0.32506052,0.3447049
INCIDENT__254075-webtirf__7121,Grouped-random,train,OTHER_DISRUPTION,OTHER_DISRUPTION,0.33023462,0.32506052,0.3447049
INCIDENT__254102-webtirf__10011,Grouped-random,train,OTHER_DISRUPTION,OTHER_DISRUPTION,0.33023462,0.32506052,0.3447049
INCIDENT__254102-webtirf__7139,Grouped-random,train,OTHER_DISRUPTION,OTHER_DISRUPTION,0.3646817,0.27049,0.36482838
INCIDENT__254132-webtirf__7112,Grouped-random,train,OTHER_DISRUPTION,NORMAL,0.34515095,0.34423426,0.31061476
INCIDENT__254179-webtirf__53004,Grouped-random,train,ACCIDENT,OTHER_DISRUPTION,0.32189378,0.32458737,0.35351884
INCIDENT__254213-webtirf__23067,Grouped-random,train,OTHER_DISRUPTION,OTHER_DISRUPTION,0.3466862,0.28696615,0.3663477
INCIDENT__254234-webtirf__F3FWY004,Grouped-random,train,OTHER_DISRUPTION,NORMAL,0.37056333,0.32129917,0.30813754
INCIDENT__254246-webtirf__7179,Grouped-random,train,OTHER_DISRUPTION,NORMAL,0.36156133,0.35221785,0.2862207
INCIDENT__254259-webtirf__10011,Grouped-random,train,ACCIDENT,OTHER_DISRUPTION,0.33023462,0.32506052,0.3447049
INCIDENT__254259-webtirf__7139,Grouped-random,train,ACCIDENT,ACCIDENT,0.33950287,0.40685254,0.25364462
INCIDENT__254290-webtirf__7112,Grouped-random,train,OTHER_DISRUPTION,NORMAL,0.36845428,0.28313217,0.34841347
INCIDENT__254347-webtirf__7179,Grouped-random,train,OTHER_DISRUPTION,NORMAL,0.39052603,0.3013426,0.30813128
INCIDENT__254392-webtirf__47024,Grouped-random,train,OTHER_DISRUPTION,ACCIDENT,0.34893808,0.3696338,0.28142816
INCIDENT__254407-webtirf__7184,Grouped-random,train,ACCIDENT,NORMAL,0.36762685,0.330348,0.30202514
INCIDENT__254425-webtirf__68025,Grouped-random,train,ACCIDENT,NORMAL,0.37164563,0.35103562,0.27731872
INCIDENT__254427-webtirf__68025,Grouped-random,train,ACCIDENT,NORMAL,0.37109017,0.34510058,0.28380924
INCIDENT__254520-webtirf__F3FWY004,Grouped-random,train,OTHER_DISRUPTION,OTHER_DISRUPTION,0.3516399,0.2946189,0.3537412
INCIDENT__254535-webtirf__7120,Grouped-random,train,ACCIDENT,OTHER_DISRUPTION,0.33023462,0.32506052,0.3447049
INCIDENT__254535-webtirf__7121,Grouped-random,train,ACCIDENT,OTHER_DISRUPTION,0.33023462,0.32506052,0.3447049
INCIDENT__254550-webtirf__7120,Grouped-random,train,OTHER_DISRUPTION,OTHER_DISRUPTION,0.33023462,0.32506052,0.3447049
INCIDENT__254550-webtirf__7121,Grouped-random,train,OTHER_DISRUPTION,OTHER_DISRUPTION,0.33023462,0.32506052,0.3447049
INCIDENT__254561-webtirf__7251,Grouped-random,train,OTHER_DISRUPTION,NORMAL,0.35904828,0.33139333,0.3095584
INCIDENT__254565-webtirf__F3FWY003,Grouped-random,train,OTHER_DISRUPTION,NORMAL,0.34168974,0.33607236,0.3222379
INCIDENT__254665-webtirf__10011,Grouped-random,train,OTHER_DISRUPTION,OTHER_DISRUPTION,0.33023462,0.32506052,0.3447049
INCIDENT__254665-webtirf__7139,Grouped-random,train,OTHER_DISRUPTION,NORMAL,0.34636208,0.3138145,0.3398235
INCIDENT__254695-webtirf__T0288,Grouped-random,train,OTHER_DISRUPTION,OTHER_DISRUPTION,0.33023462,0.32506052,0.3447049
INCIDENT__254695-webtirf__T0289,Grouped-random,train,OTHER_DISRUPTION,OTHER_DISRUPTION,0.33023462,0.32506052,0.3447049
INCIDENT__254705-webtirf__55049,Grouped-random,train,OTHER_DISRUPTION,ACCIDENT,0.31638023,0.34209305,0.3415266
INCIDENT__254723-webtirf__33014,Grouped-random,train,OTHER_DISRUPTION,OTHER_DISRUPTION,0.33023462,0.32506052,0.3447049
INCIDENT__254814-webtirf__53004,Grouped-random,train,OTHER_DISRUPTION,OTHER_DISRUPTION,0.31909207,0.32687926,0.35402864
INCIDENT__254905-webtirf__74229,Grouped-random,train,OTHER_DISRUPTION,NORMAL,0.35374144,0.34670216,0.29955643
INCIDENT__254934-webtirf__23067,Grouped-random,train,ACCIDENT,NORMAL,0.37652156,0.35993508,0.2635434
INCIDENT__254946-webtirf__74229,Grouped-random,train,OTHER_DISRUPTION,NORMAL,0.36838678,0.2919915,0.33962163
INCIDENT__254950-webtirf__9658,Grouped-random,train,ACCIDENT,NORMAL,0.33966365,0.32730728,0.33302906
INCIDENT__254982-webtirf__F3FWY003,Grouped-random,train,OTHER_DISRUPTION,NORMAL,0.3684842,0.27690423,0.35461164
INCIDENT__254987-webtirf__33014,Grouped-random,train,OTHER_DISRUPTION,OTHER_DISRUPTION,0.33023462,0.32506052,0.3447049
INCIDENT__255034-webtirf__7248,Grouped-random,train,OTHER_DISRUPTION,NORMAL,0.34730646,0.34105495,0.31163853
INCIDENT__255047-webtirf__7119-PR,Grouped-random,train,ACCIDENT,NORMAL,0.35154998,0.3074816,0.3409684
INCIDENT__255128-webtirf__55049,Grouped-random,train,OTHER_DISRUPTION,OTHER_DISRUPTION,0.34405443,0.29463348,0.3613121
INCIDENT__255181-webtirf__7163,Grouped-random,train,ACCIDENT,OTHER_DISRUPTION,0.33501607,0.31744373,0.34754023
INCIDENT__255184-webtirf__F3FWY006,Grouped-random,train,ACCIDENT,OTHER_DISRUPTION,0.33023462,0.32506052,0.3447049
INCIDENT__255199-webtirf__68025,Grouped-random,train,ACCIDENT,OTHER_DISRUPTION,0.31387624,0.32160133,0.3645224
INCIDENT__255268-webtirf__7184,Grouped-random,train,OTHER_DISRUPTION,NORMAL,0.3584549,0.31507722,0.3264678
INCIDENT__255280-webtirf__53004,Grouped-random,train,ACCIDENT,NORMAL,0.34545067,0.3273179,0.3272315
INCIDENT__255299-webtirf__7163,Grouped-random,train,OTHER_DISRUPTION,ACCIDENT,0.33305824,0.33642063,0.33052105
INCIDENT__255350-webtirf__7120,Grouped-random,train,OTHER_DISRUPTION,OTHER_DISRUPTION,0.33023462,0.32506052,0.3447049
INCIDENT__255350-webtirf__7121,Grouped-random,train,OTHER_DISRUPTION,OTHER_DISRUPTION,0.33023462,0.32506052,0.3447049
INCIDENT__255379-webtirf__7120,Grouped-random,train,OTHER_DISRUPTION,OTHER_DISRUPTION,0.33023462,0.32506052,0.3447049
INCIDENT__255379-webtirf__7121,Grouped-random,train,OTHER_DISRUPTION,OTHER_DISRUPTION,0.33023462,0.32506052,0.3447049
INCIDENT__255422-webtirf__33014,Grouped-random,train,OTHER_DISRUPTION,OTHER_DISRUPTION,0.33023462,0.32506052,0.3447049
INCIDENT__255476-webtirf__10011,Grouped-random,train,OTHER_DISRUPTION,OTHER_DISRUPTION,0.33023462,0.32506052,0.3447049
INCIDENT__255476-webtirf__7139,Grouped-random,train,OTHER_DISRUPTION,NORMAL,0.37996164,0.32164654,0.29839176
INCIDENT__255482-webtirf__F3FWY001,Grouped-random,train,OTHER_DISRUPTION,NORMAL,0.35973483,0.34677207,0.2934931
INCIDENT__255570-webtirf__50240,Grouped-random,train,OTHER_DISRUPTION,NORMAL,0.3752247,0.28795043,0.33682492
INCIDENT__255580-webtirf__33014,Grouped-random,train,OTHER_DISRUPTION,OTHER_DISRUPTION,0.33023462,0.32506052,0.3447049
INCIDENT__255618-webtirf__9836-PR,Grouped-random,train,ACCIDENT,NORMAL,0.34669694,0.3350768,0.31822622
INCIDENT__255653-webtirf__74230,Grouped-random,train,OTHER_DISRUPTION,NORMAL,0.3653068,0.29780424,0.33688897
INCIDENT__255659-webtirf__7159,Grouped-random,train,OTHER_DISRUPTION,NORMAL,0.36622405,0.282243,0.35153297
INCIDENT__255733-webtirf__53003,Grouped-random,train,OTHER_DISRUPTION,NORMAL,0.3915925,0.28676397,0.3216435
INCIDENT__255779-webtirf__50240,Grouped-random,train,ACCIDENT,NORMAL,0.34996775,0.3252981,0.32473406
INCIDENT__255814-webtirf__74230,Grouped-random,train,OTHER_DISRUPTION,ACCIDENT,0.33059877,0.3352155,0.3341857
INCIDENT__255833-webtirf__T0288,Grouped-random,train,OTHER_DISRUPTION,OTHER_DISRUPTION,0.33023462,0.32506052,0.3447049
INCIDENT__255844-webtirf__7179,Grouped-random,train,OTHER_DISRUPTION,NORMAL,0.3404209,0.32177404,0.33780512
INCIDENT__255854-webtirf__74229,Grouped-random,train,OTHER_DISRUPTION,NORMAL,0.3453943,0.31135246,0.34325325
INCIDENT__255887-webtirf__7112,Grouped-random,train,OTHER_DISRUPTION,ACCIDENT,0.332892,0.33711416,0.32999384
INCIDENT__255900-webtirf__7270,Grouped-random,train,OTHER_DISRUPTION,NORMAL,0.37526187,0.36275688,0.26198122
INCIDENT__255907-webtirf__53004,Grouped-random,train,OTHER_DISRUPTION,OTHER_DISRUPTION,0.32771787,0.32580936,0.34647277
INCIDENT__255929-webtirf__7132,Grouped-random,train,OTHER_DISRUPTION,OTHER_DISRUPTION,0.35572052,0.28442264,0.35985687
INCIDENT__256007-webtirf__55049,Grouped-random,train,OTHER_DISRUPTION,NORMAL,0.34423748,0.33131722,0.32444522
INCIDENT__256041-webtirf__22001,Grouped-random,train,OTHER_DISRUPTION,OTHER_DISRUPTION,0.33023462,0.32506052,0.3447049
INCIDENT__256079-webtirf__T0288,Grouped-random,train,ACCIDENT,OTHER_DISRUPTION,0.33023462,0.32506052,0.3447049
INCIDENT__256079-webtirf__T0289,Grouped-random,train,ACCIDENT,OTHER_DISRUPTION,0.33023462,0.32506052,0.3447049
INCIDENT__256079-webtirf__T0290,Grouped-random,train,ACCIDENT,OTHER_DISRUPTION,0.32604337,0.32913288,0.34482375
INCIDENT__256147-webtirf__7163,Grouped-random,train,OTHER_DISRUPTION,OTHER_DISRUPTION,0.32093763,0.28933054,0.38973173
INCIDENT__256152-webtirf__33014,Grouped-random,train,ACCIDENT,OTHER_DISRUPTION,0.33023462,0.32506052,0.3447049
INCIDENT__256183-webtirf__51235,Grouped-random,train,OTHER_DISRUPTION,NORMAL,0.39352942,0.2790159,0.32745466
INCIDENT__256241-webtirf__29005,Grouped-random,train,ACCIDENT,NORMAL,0.36256236,0.32407734,0.3133603
INCIDENT__256244-webtirf__68025,Grouped-random,train,OTHER_DISRUPTION,NORMAL,0.3341465,0.33212864,0.33372486
INCIDENT__256247-webtirf__22001,Grouped-random,train,OTHER_DISRUPTION,OTHER_DISRUPTION,0.33023462,0.32506052,0.3447049
INCIDENT__256286-webtirf__F3FWY003,Grouped-random,train,ACCIDENT,NORMAL,0.3700943,0.27306947,0.35683617
INCIDENT__256351-webtirf__7120,Grouped-random,train,ACCIDENT,NORMAL,0.36694804,0.32848567,0.30456626
INCIDENT__256412-webtirf__7251,Grouped-random,train,OTHER_DISRUPTION,NORMAL,0.36520815,0.33026305,0.30452877
INCIDENT__256427-webtirf__7120,Grouped-random,train,ACCIDENT,NORMAL,0.3555952,0.32768646,0.31671825
INCIDENT__256451-webtirf__7120,Grouped-random,train,ACCIDENT,NORMAL,0.38043168,0.29438478,0.3251835
INCIDENT__256465-webtirf__F3FWY003,Grouped-random,train,OTHER_DISRUPTION,NORMAL,0.3668235,0.33725163,0.29592478
INCIDENT__256591-webtirf__53004,Grouped-random,train,OTHER_DISRUPTION,NORMAL,0.36947054,0.36824748,0.26228195
INCIDENT__256609-webtirf__7112,Grouped-random,train,OTHER_DISRUPTION,NORMAL,0.3649105,0.33571723,0.29937223
INCIDENT__256617-webtirf__7112,Grouped-random,train,OTHER_DISRUPTION,NORMAL,0.36980745,0.3112175,0.31897503
INCIDENT__256625-webtirf__51235,Grouped-random,train,OTHER_DISRUPTION,OTHER_DISRUPTION,0.3199177,0.30448642,0.37559587
INCIDENT__256633-webtirf__7179,Grouped-random,train,ACCIDENT,NORMAL,0.38476753,0.3169011,0.2983314
INCIDENT__256638-webtirf__F3FWY004,Grouped-random,train,OTHER_DISRUPTION,NORMAL,0.39118892,0.2993622,0.30944887
INCIDENT__256641-webtirf__34016,Grouped-random,train,OTHER_DISRUPTION,NORMAL,0.36300465,0.3303766,0.30661878
INCIDENT__256645-webtirf__74230,Grouped-random,train,OTHER_DISRUPTION,NORMAL,0.33732104,0.3362837,0.32639518
INCIDENT__256652-webtirf__7179,Grouped-random,train,OTHER_DISRUPTION,ACCIDENT,0.35577506,0.37760735,0.26661757
INCIDENT__256680-webtirf__7153,Grouped-random,train,OTHER_DISRUPTION,OTHER_DISRUPTION,0.33132875,0.3231604,0.34551084
INCIDENT__256690-webtirf__T0231,Grouped-random,train,OTHER_DISRUPTION,ACCIDENT,0.33081502,0.3383017,0.33088335
INCIDENT__256754-webtirf__F3FWY003,Grouped-random,train,OTHER_DISRUPTION,NORMAL,0.3780675,0.3275298,0.29440272
INCIDENT__256789-webtirf__29005,Grouped-random,train,OTHER_DISRUPTION,OTHER_DISRUPTION,0.30369124,0.32826602,0.36804265
INCIDENT__256790-webtirf__32029,Grouped-random,train,ACCIDENT,OTHER_DISRUPTION,0.33023462,0.32506052,0.3447049
INCIDENT__256796-webtirf__33014,Grouped-random,train,OTHER_DISRUPTION,OTHER_DISRUPTION,0.33023462,0.32506052,0.3447049
INCIDENT__256823-webtirf__7119-PR,Grouped-random,train,OTHER_DISRUPTION,ACCIDENT,0.33271247,0.33743396,0.3298535
INCIDENT__256862-webtirf__7139,Grouped-random,train,OTHER_DISRUPTION,NORMAL,0.3876483,0.27151594,0.34083584
INCIDENT__256864-webtirf__23067,Grouped-random,train,ACCIDENT,NORMAL,0.34756848,0.318478,0.33395353
INCIDENT__256881-webtirf__7132,Grouped-random,train,ACCIDENT,NORMAL,0.38024583,0.3154795,0.3042747
INCIDENT__256897-webtirf__7112,Grouped-random,train,ACCIDENT,NORMAL,0.34691516,0.3357192,0.31736568
INCIDENT__256928-webtirf__F3FWY002,Grouped-random,train,OTHER_DISRUPTION,ACCIDENT,0.35806498,0.38424945,0.25768563
INCIDENT__256931-webtirf__9658,Grouped-random,train,OTHER_DISRUPTION,NORMAL,0.36611623,0.36231175,0.27157205
INCIDENT__256936-webtirf__53004,Grouped-random,train,OTHER_DISRUPTION,NORMAL,0.37265226,0.34975675,0.27759096
INCIDENT__256962-webtirf__53004,Grouped-random,train,OTHER_DISRUPTION,NORMAL,0.3658362,0.28233287,0.35183093
INCIDENT__257082-webtirf__9658,Grouped-random,train,OTHER_DISRUPTION,OTHER_DISRUPTION,0.31253773,0.33203906,0.35542318
INCIDENT__257097-webtirf__7270,Grouped-random,train,ACCIDENT,ACCIDENT,0.34234077,0.36346075,0.2941985
INCIDENT__257143-webtirf__7251,Grouped-random,train,ACCIDENT,NORMAL,0.38091272,0.3400236,0.27906367
INCIDENT__257172-webtirf__7120,Grouped-random,train,ACCIDENT,OTHER_DISRUPTION,0.33023462,0.32506052,0.3447049
INCIDENT__257241-webtirf__7162,Grouped-random,train,ACCIDENT,NORMAL,0.3497292,0.30975577,0.34051496
INCIDENT__257275-webtirf__7139,Grouped-random,train,OTHER_DISRUPTION,NORMAL,0.36743784,0.30114555,0.33141664
INCIDENT__257292-webtirf__47024,Grouped-random,train,OTHER_DISRUPTION,NORMAL,0.35190573,0.33889845,0.30919576
INCIDENT__257294-webtirf__7139,Grouped-random,train,OTHER_DISRUPTION,NORMAL,0.3545778,0.33269945,0.31272268
INCIDENT__257352-webtirf__7161,Grouped-random,train,OTHER_DISRUPTION,OTHER_DISRUPTION,0.33699608,0.3166521,0.34635186
INCIDENT__257371-webtirf__T0288,Grouped-random,train,OTHER_DISRUPTION,OTHER_DISRUPTION,0.33023462,0.32506052,0.3447049
INCIDENT__257371-webtirf__T0289,Grouped-random,train,OTHER_DISRUPTION,OTHER_DISRUPTION,0.33023462,0.32506052,0.3447049
INCIDENT__257371-webtirf__T0290,Grouped-random,train,OTHER_DISRUPTION,OTHER_DISRUPTION,0.3260615,0.32182574,0.35211274
INCIDENT__257371-webtirf__T0479-PR,Grouped-random,train,OTHER_DISRUPTION,ACCIDENT,0.3328197,0.33989212,0.3272882
INCIDENT__257386-webtirf__7274,Grouped-random,train,ACCIDENT,NORMAL,0.36829036,0.32480744,0.30690217
INCIDENT__257416-webtirf__33014,Grouped-random,train,OTHER_DISRUPTION,OTHER_DISRUPTION,0.33023462,0.32506052,0.3447049
INCIDENT__257465-webtirf__74230,Grouped-random,train,OTHER_DISRUPTION,NORMAL,0.3535304,0.33702976,0.30943984
INCIDENT__257484-webtirf__7161,Grouped-random,train,OTHER_DISRUPTION,NORMAL,0.34511146,0.33094952,0.32393906
INCIDENT__257486-webtirf__7126,Grouped-random,train,ACCIDENT,ACCIDENT,0.3514516,0.35157493,0.29697344
INCIDENT__257507-webtirf__7120,Grouped-random,train,OTHER_DISRUPTION,ACCIDENT,0.33261937,0.33419695,0.3331837
INCIDENT__257507-webtirf__7121,Grouped-random,train,OTHER_DISRUPTION,NORMAL,0.3631197,0.3480326,0.2888477
INCIDENT__257511-webtirf__7112,Grouped-random,train,OTHER_DISRUPTION,NORMAL,0.34710237,0.32153994,0.3313577
INCIDENT__257570-webtirf__33014,Grouped-random,train,OTHER_DISRUPTION,OTHER_DISRUPTION,0.33023462,0.32506052,0.3447049
INCIDENT__257578-webtirf__7179,Grouped-random,train,OTHER_DISRUPTION,NORMAL,0.3637773,0.2986147,0.33760792
INCIDENT__257591-webtirf__7179,Grouped-random,train,OTHER_DISRUPTION,NORMAL,0.35612965,0.31957015,0.3243002
INCIDENT__257657-webtirf__9658,Grouped-random,train,OTHER_DISRUPTION,NORMAL,0.3888849,0.30757248,0.30354252
INCIDENT__257675-webtirf__7270,Grouped-random,train,ACCIDENT,ACCIDENT,0.3659549,0.37279022,0.2612549
INCIDENT__257676-webtirf__29005,Grouped-random,train,ACCIDENT,OTHER_DISRUPTION,0.29317492,0.32350466,0.38332033
INCIDENT__257681-webtirf__7270,Grouped-random,train,ACCIDENT,NORMAL,0.36977813,0.36652824,0.2636936
INCIDENT__257686-webtirf__50240,Grouped-random,train,OTHER_DISRUPTION,OTHER_DISRUPTION,0.33023462,0.32506052,0.3447049
INCIDENT__257907-webtirf__7123-PR,Grouped-random,train,OTHER_DISRUPTION,ACCIDENT,0.3460731,0.3637345,0.29019246
INCIDENT__257922-webtirf__7168,Grouped-random,train,ACCIDENT,NORMAL,0.34360158,0.31828666,0.33811167
INCIDENT__257980-webtirf__7270,Grouped-random,train,ACCIDENT,NORMAL,0.39065084,0.2848406,0.3245085
INCIDENT__258003-webtirf__53004,Grouped-random,train,OTHER_DISRUPTION,NORMAL,0.34421217,0.32152095,0.3342669
INCIDENT__258007-webtirf__7184,Grouped-random,train,ACCIDENT,NORMAL,0.36535808,0.34474066,0.28990123
INCIDENT__258010-webtirf__7168,Grouped-random,train,OTHER_DISRUPTION,NORMAL,0.3599873,0.32775307,0.3122596
INCIDENT__258032-webtirf__7179,Grouped-random,train,OTHER_DISRUPTION,NORMAL,0.36299202,0.34676772,0.2902402
INCIDENT__258041-webtirf__7179,Grouped-random,train,OTHER_DISRUPTION,NORMAL,0.36359087,0.34816316,0.288246
INCIDENT__258082-webtirf__7168,Grouped-random,train,OTHER_DISRUPTION,OTHER_DISRUPTION,0.3345259,0.31507286,0.35040128
INCIDENT__258119-webtirf__T0288,Grouped-random,train,OTHER_DISRUPTION,OTHER_DISRUPTION,0.33023462,0.32506052,0.3447049
INCIDENT__258119-webtirf__T0289,Grouped-random,train,OTHER_DISRUPTION,OTHER_DISRUPTION,0.33023462,0.32506052,0.3447049
INCIDENT__258119-webtirf__T0290,Grouped-random,train,OTHER_DISRUPTION,OTHER_DISRUPTION,0.33023462,0.32506052,0.3447049
INCIDENT__258119-webtirf__T0479-PR,Grouped-random,train,OTHER_DISRUPTION,ACCIDENT,0.33471695,0.35224754,0.3130355
INCIDENT__258139-webtirf__7184,Grouped-random,train,ACCIDENT,NORMAL,0.3517362,0.33494294,0.31332093
INCIDENT__258140-webtirf__50240,Grouped-random,train,ACCIDENT,ACCIDENT,0.3686189,0.37757793,0.2538032
INCIDENT__258186-webtirf__7153,Grouped-random,train,OTHER_DISRUPTION,OTHER_DISRUPTION,0.34203514,0.28227922,0.37568572
INCIDENT__258248-webtirf__50240,Grouped-random,train,OTHER_DISRUPTION,NORMAL,0.3776294,0.28830722,0.3340634
INCIDENT__258277-webtirf__7120,Grouped-random,train,OTHER_DISRUPTION,ACCIDENT,0.34609482,0.3663513,0.28755382
INCIDENT__258284-webtirf__7179,Grouped-random,train,OTHER_DISRUPTION,ACCIDENT,0.3682618,0.36836728,0.26337087
INCIDENT__258333-webtirf__57025,Grouped-random,train,OTHER_DISRUPTION,OTHER_DISRUPTION,0.33023462,0.32506052,0.3447049
INCIDENT__258387-webtirf__7251,Grouped-random,train,OTHER_DISRUPTION,NORMAL,0.37247446,0.35606098,0.27146462
INCIDENT__258391-webtirf__7112,Grouped-random,train,OTHER_DISRUPTION,OTHER_DISRUPTION,0.32925737,0.32626793,0.34447476
INCIDENT__258422-webtirf__23067,Grouped-random,train,OTHER_DISRUPTION,ACCIDENT,0.36376473,0.37244856,0.26378676
INCIDENT__258484-webtirf__7248,Grouped-random,train,OTHER_DISRUPTION,NORMAL,0.3826183,0.27580488,0.3415768
INCIDENT__258489-webtirf__68025,Grouped-random,train,ACCIDENT,NORMAL,0.38099825,0.27419657,0.34480512
INCIDENT__258489-webtirf__7119-PR,Grouped-random,train,ACCIDENT,NORMAL,0.36828136,0.2760122,0.35570636
INCIDENT__258513-webtirf__50240,Grouped-random,train,ACCIDENT,ACCIDENT,0.3408816,0.3549033,0.30421513
INCIDENT__258522-webtirf__7161,Grouped-random,train,ACCIDENT,NORMAL,0.3489202,0.32455313,0.32652667
INCIDENT__258534-webtirf__7248,Grouped-random,train,OTHER_DISRUPTION,NORMAL,0.37480497,0.35425904,0.27093595
INCIDENT__258598-webtirf__7120,Grouped-random,train,OTHER_DISRUPTION,OTHER_DISRUPTION,0.34718278,0.28757623,0.365241
INCIDENT__258598-webtirf__7121,Grouped-random,train,OTHER_DISRUPTION,OTHER_DISRUPTION,0.33023462,0.32506052,0.3447049
INCIDENT__258665-webtirf__7179,Grouped-random,train,ACCIDENT,NORMAL,0.3634742,0.3121363,0.32438952
INCIDENT__258674-webtirf__F3FWY003,Grouped-random,train,OTHER_DISRUPTION,NORMAL,0.36269894,0.32860044,0.30870068
INCIDENT__258700-webtirf__7112,Grouped-random,train,OTHER_DISRUPTION,NORMAL,0.35319364,0.30381325,0.34299314
INCIDENT__258767-webtirf__53004,Grouped-random,train,OTHER_DISRUPTION,ACCIDENT,0.35106355,0.37085763,0.27807885
INCIDENT__258782-webtirf__53003,Grouped-random,train,OTHER_DISRUPTION,NORMAL,0.3506633,0.31789476,0.33144194
INCIDENT__258825-webtirf__F3FWY001,Grouped-random,train,OTHER_DISRUPTION,NORMAL,0.3788245,0.3283029,0.29287258
INCIDENT__258827-webtirf__7179,Grouped-random,train,ACCIDENT,NORMAL,0.34704804,0.30818632,0.34476563
INCIDENT__258841-webtirf__F3FWY005,Grouped-random,train,OTHER_DISRUPTION,OTHER_DISRUPTION,0.33023462,0.32506052,0.3447049
INCIDENT__258879-webtirf__9827,Grouped-random,train,OTHER_DISRUPTION,NORMAL,0.35084036,0.3287542,0.32040548
INCIDENT__258927-webtirf__74228,Grouped-random,train,OTHER_DISRUPTION,OTHER_DISRUPTION,0.3210754,0.3136042,0.36532038
INCIDENT__258962-webtirf__50250,Grouped-random,train,ACCIDENT,OTHER_DISRUPTION,0.3260371,0.32105768,0.35290515
INCIDENT__259086-webtirf__23067,Grouped-random,train,OTHER_DISRUPTION,OTHER_DISRUPTION,0.33023462,0.32506052,0.3447049
INCIDENT__259126-webtirf__10011,Grouped-random,train,OTHER_DISRUPTION,OTHER_DISRUPTION,0.33023462,0.32506052,0.3447049
INCIDENT__259126-webtirf__7139,Grouped-random,train,OTHER_DISRUPTION,NORMAL,0.3576094,0.31910583,0.32328486
INCIDENT__259131-webtirf__7120,Grouped-random,train,ACCIDENT,NORMAL,0.3613988,0.35558948,0.2830117
INCIDENT__259147-webtirf__7126,Grouped-random,train,ACCIDENT,OTHER_DISRUPTION,0.31434515,0.31345937,0.37219557
INCIDENT__259179-webtirf__7120,Grouped-random,train,OTHER_DISRUPTION,NORMAL,0.3684667,0.34594887,0.28558427
INCIDENT__259179-webtirf__7121,Grouped-random,train,OTHER_DISRUPTION,OTHER_DISRUPTION,0.33023462,0.32506052,0.3447049
INCIDENT__259188-webtirf__7161,Grouped-random,train,ACCIDENT,ACCIDENT,0.33335927,0.33911282,0.32752782
INCIDENT__259200-webtirf__7184,Grouped-random,train,ACCIDENT,OTHER_DISRUPTION,0.3265163,0.3068927,0.36659092
INCIDENT__259239-webtirf__7168,Grouped-random,train,OTHER_DISRUPTION,NORMAL,0.36497322,0.2903742,0.34465256
INCIDENT__259325-webtirf__68025,Grouped-random,train,OTHER_DISRUPTION,NORMAL,0.3709595,0.3458149,0.28322563
INCIDENT__259339-webtirf__7179,Grouped-random,train,OTHER_DISRUPTION,NORMAL,0.35771856,0.32436982,0.31791165
INCIDENT__259345-webtirf__74230,Grouped-random,train,OTHER_DISRUPTION,NORMAL,0.3519971,0.30897182,0.339031
INCIDENT__259366-webtirf__7121,Grouped-random,train,OTHER_DISRUPTION,OTHER_DISRUPTION,0.30709925,0.31097722,0.38192347
INCIDENT__259379-webtirf__68025,Grouped-random,train,OTHER_DISRUPTION,NORMAL,0.38861322,0.28932106,0.32206577
INCIDENT__259473-webtirf__68025,Grouped-random,train,OTHER_DISRUPTION,OTHER_DISRUPTION,0.3255835,0.29210553,0.3823109
INCIDENT__259475-webtirf__7162,Grouped-random,train,ACCIDENT,NORMAL,0.36117655,0.29000106,0.34882239
INCIDENT__259477-webtirf__F3FWY001,Grouped-random,train,OTHER_DISRUPTION,NORMAL,0.3753549,0.27465427,0.3499909
INCIDENT__259492-webtirf__7112,Grouped-random,train,ACCIDENT,NORMAL,0.3757374,0.3157966,0.308466
INCIDENT__259528-webtirf__F3FWY003,Grouped-random,train,ACCIDENT,NORMAL,0.37616724,0.34542534,0.27840734
INCIDENT__259638-webtirf__7112,Grouped-random,train,OTHER_DISRUPTION,ACCIDENT,0.34286714,0.34669855,0.3104343
INCIDENT__259730-webtirf__7112,Grouped-random,train,ACCIDENT,NORMAL,0.3880661,0.27720913,0.3347248
INCIDENT__259778-webtirf__7120,Grouped-random,train,OTHER_DISRUPTION,NORMAL,0.3390576,0.32798362,0.33295882
INCIDENT__259778-webtirf__7121,Grouped-random,train,OTHER_DISRUPTION,OTHER_DISRUPTION,0.33023462,0.32506052,0.3447049
INCIDENT__259792-webtirf__7161,Grouped-random,train,ACCIDENT,NORMAL,0.3778567,0.3451203,0.27702293
INCIDENT__259832-webtirf__7161,Grouped-random,train,OTHER_DISRUPTION,OTHER_DISRUPTION,0.33739254,0.3042138,0.3583937
INCIDENT__259840-webtirf__33014,Grouped-random,train,OTHER_DISRUPTION,OTHER_DISRUPTION,0.33023462,0.32506052,0.3447049
INCIDENT__259858-webtirf__7248,Grouped-random,train,ACCIDENT,NORMAL,0.3723075,0.3561184,0.27157402
INCIDENT__259859-webtirf__22001,Grouped-random,train,ACCIDENT,OTHER_DISRUPTION,0.33023462,0.32506052,0.3447049
INCIDENT__259903-webtirf__7159,Grouped-random,train,OTHER_DISRUPTION,OTHER_DISRUPTION,0.33041078,0.31102642,0.35856283
INCIDENT__260000-webtirf__7179,Grouped-random,train,OTHER_DISRUPTION,ACCIDENT,0.33660898,0.3379619,0.32542917
INCIDENT__260006-webtirf__29005,Grouped-random,train,ACCIDENT,NORMAL,0.37927172,0.32118323,0.29954508
INCIDENT__260021-webtirf__7119-PR,Grouped-random,train,OTHER_DISRUPTION,OTHER_DISRUPTION,0.31958494,0.3034845,0.37693056
INCIDENT__260043-webtirf__7248,Grouped-random,train,ACCIDENT,NORMAL,0.37845126,0.3178316,0.3037171
INCIDENT__260048-webtirf__68025,Grouped-random,train,OTHER_DISRUPTION,NORMAL,0.3394976,0.3365574,0.32394505
INCIDENT__260075-webtirf__F3FWY003,Grouped-random,train,OTHER_DISRUPTION,NORMAL,0.3706585,0.3296755,0.2996661
INCIDENT__260090-webtirf__7184,Grouped-random,train,OTHER_DISRUPTION,NORMAL,0.35966882,0.2879125,0.35241863
INCIDENT__260112-webtirf__7163,Grouped-random,train,OTHER_DISRUPTION,ACCIDENT,0.3327149,0.3368973,0.3303877
INCIDENT__260138-webtirf__7163,Grouped-random,train,OTHER_DISRUPTION,NORMAL,0.36410695,0.2719679,0.36392525
INCIDENT__260142-webtirf__7275,Grouped-random,train,ACCIDENT,NORMAL,0.34803745,0.3162257,0.33573678
INCIDENT__260171-webtirf__7120,Grouped-random,train,OTHER_DISRUPTION,NORMAL,0.36903435,0.34883317,0.28213242
INCIDENT__260171-webtirf__7121,Grouped-random,train,OTHER_DISRUPTION,OTHER_DISRUPTION,0.33023462,0.32506052,0.3447049
INCIDENT__260177-webtirf__7120,Grouped-random,train,OTHER_DISRUPTION,NORMAL,0.3687572,0.34866023,0.28258252
INCIDENT__260177-webtirf__7121,Grouped-random,train,OTHER_DISRUPTION,OTHER_DISRUPTION,0.33023462,0.32506052,0.3447049
INCIDENT__260182-webtirf__7184,Grouped-random,train,OTHER_DISRUPTION,NORMAL,0.35018313,0.32246116,0.32735568
INCIDENT__260196-webtirf__74230,Grouped-random,train,OTHER_DISRUPTION,OTHER_DISRUPTION,0.33018553,0.3297402,0.3400743
INCIDENT__260236-webtirf__23067,Grouped-random,train,OTHER_DISRUPTION,ACCIDENT,0.3574459,0.37330857,0.26924556
INCIDENT__260270-webtirf__F3FWY002,Grouped-random,train,ACCIDENT,OTHER_DISRUPTION,0.33023462,0.32506052,0.3447049
INCIDENT__260291-webtirf__7120,Grouped-random,train,OTHER_DISRUPTION,OTHER_DISRUPTION,0.33023462,0.32506052,0.3447049
INCIDENT__260299-webtirf__7248,Grouped-random,train,ACCIDENT,ACCIDENT,0.3253128,0.33808306,0.33660415
INCIDENT__260332-webtirf__50240,Grouped-random,train,ACCIDENT,ACCIDENT,0.33362862,0.33428377,0.33208764
INCIDENT__260364-webtirf__7120,Grouped-random,train,OTHER_DISRUPTION,OTHER_DISRUPTION,0.3337351,0.3222359,0.34402895
INCIDENT__260364-webtirf__7121,Grouped-random,train,OTHER_DISRUPTION,OTHER_DISRUPTION,0.33023462,0.32506052,0.3447049
INCIDENT__260368-webtirf__7120,Grouped-random,train,OTHER_DISRUPTION,ACCIDENT,0.3289232,0.3383683,0.3327085
INCIDENT__260368-webtirf__7121,Grouped-random,train,OTHER_DISRUPTION,OTHER_DISRUPTION,0.33023462,0.32506052,0.3447049
INCIDENT__260380-webtirf__7132,Grouped-random,train,ACCIDENT,ACCIDENT,0.3568237,0.36911535,0.27406093
INCIDENT__260385-webtirf__29005,Grouped-random,train,ACCIDENT,OTHER_DISRUPTION,0.29300308,0.32342437,0.3835725
INCIDENT__260481-webtirf__9849,Grouped-random,train,OTHER_DISRUPTION,OTHER_DISRUPTION,0.32236654,0.33806017,0.33957332
INCIDENT__260488-webtirf__7184,Grouped-random,train,OTHER_DISRUPTION,OTHER_DISRUPTION,0.3308517,0.3283054,0.34084287
INCIDENT__260541-webtirf__7139,Grouped-random,train,OTHER_DISRUPTION,NORMAL,0.3639451,0.32302755,0.31302738
INCIDENT__260575-webtirf__7112,Grouped-random,train,OTHER_DISRUPTION,NORMAL,0.3511314,0.3467589,0.30210972
CONTROL__7120__2025081304,Grouped-random,train,NORMAL,NORMAL,0.34852865,0.31872576,0.33274555
CONTROL__7120__2025070904,Grouped-random,train,NORMAL,NORMAL,0.37280938,0.30899146,0.31819922
CONTROL__7168__2025043011,Grouped-random,train,NORMAL,NORMAL,0.3464373,0.31731963,0.33624315
CONTROL__7168__2025082011,Grouped-random,train,NORMAL,NORMAL,0.34741485,0.31242454,0.34016067
CONTROL__22001__2025032305,Grouped-random,train,NORMAL,OTHER_DISRUPTION,0.33023462,0.32506052,0.3447049
CONTROL__22001__2025022305,Grouped-random,train,NORMAL,OTHER_DISRUPTION,0.33023462,0.32506052,0.3447049
CONTROL__68025__2025101221,Grouped-random,train,NORMAL,OTHER_DISRUPTION,0.32056582,0.33406013,0.34537405
CONTROL__68025__2025032321,Grouped-random,train,NORMAL,OTHER_DISRUPTION,0.33804762,0.3217974,0.34015504
CONTROL__7179__2025040621,Grouped-random,train,NORMAL,OTHER_DISRUPTION,0.34155977,0.29248917,0.36595112
CONTROL__7179__2025082421,Grouped-random,train,NORMAL,OTHER_DISRUPTION,0.34279275,0.2849377,0.37226954
CONTROL__F3FWY003__2025031700,Grouped-random,train,NORMAL,OTHER_DISRUPTION,0.33023462,0.32506052,0.3447049
CONTROL__F3FWY003__2025111700,Grouped-random,train,NORMAL,NORMAL,0.37186432,0.3244372,0.30369845
CONTROL__7248__2025063002,Grouped-random,train,NORMAL,NORMAL,0.37443444,0.28101236,0.34455323
CONTROL__7248__2025041402,Grouped-random,train,NORMAL,OTHER_DISRUPTION,0.35774043,0.27964386,0.3626157
CONTROL__7163__2025122203,Grouped-random,train,NORMAL,OTHER_DISRUPTION,0.33779442,0.28787947,0.3743261
CONTROL__7163__2025120103,Grouped-random,train,NORMAL,NORMAL,0.37325737,0.27052954,0.35621306
CONTROL__7179__2025060204,Grouped-random,train,NORMAL,NORMAL,0.3707144,0.29776624,0.3315194
CONTROL__7179__2025011304,Grouped-random,train,NORMAL,OTHER_DISRUPTION,0.33023462,0.32506052,0.3447049
CONTROL__33014__2025042107,Grouped-random,train,NORMAL,OTHER_DISRUPTION,0.33023462,0.32506052,0.3447049
CONTROL__33014__2025040707,Grouped-random,train,NORMAL,ACCIDENT,0.33696005,0.39739722,0.2656428
CONTROL__7163__2025120822,Grouped-random,train,NORMAL,NORMAL,0.3632859,0.31070852,0.32600555
CONTROL__7163__2025080422,Grouped-random,train,NORMAL,NORMAL,0.35588926,0.31792527,0.3261854
CONTROL__7112__2025071501,Grouped-random,train,NORMAL,NORMAL,0.37133032,0.2936376,0.33503202
CONTROL__7112__2025082601,Grouped-random,train,NORMAL,OTHER_DISRUPTION,0.33023462,0.32506052,0.3447049
CONTROL__23067__2025111804,Grouped-random,train,NORMAL,ACCIDENT,0.34890616,0.3852792,0.26581478
CONTROL__23067__2025080504,Grouped-random,train,NORMAL,NORMAL,0.35741833,0.3059115,0.33667013
CONTROL__7248__2025070107,Grouped-random,train,NORMAL,NORMAL,0.35535273,0.33321127,0.31143603
CONTROL__7248__2025120907,Grouped-random,train,NORMAL,ACCIDENT,0.34641516,0.37838718,0.27519763
CONTROL__9827__2025062418,Grouped-random,train,NORMAL,NORMAL,0.35028076,0.32060826,0.32911095
CONTROL__9827__2025060318,Grouped-random,train,NORMAL,NORMAL,0.34894988,0.317135,0.3339151
CONTROL__7164__2025071602,Grouped-random,train,NORMAL,OTHER_DISRUPTION,0.31479645,0.28488806,0.40031552
CONTROL__7164__2025082702,Grouped-random,train,NORMAL,OTHER_DISRUPTION,0.35008347,0.27147055,0.37844595
CONTROL__7184__2025100804,Grouped-random,train,NORMAL,NORMAL,0.39389068,0.2908254,0.31528395
CONTROL__7184__2025020504,Grouped-random,train,NORMAL,OTHER_DISRUPTION,0.33023462,0.32506052,0.3447049
CONTROL__7120__2025052110,Grouped-random,train,NORMAL,NORMAL,0.34677735,0.32996815,0.32325456
CONTROL__7120__2025052810,Grouped-random,train,NORMAL,NORMAL,0.348848,0.317258,0.333894
CONTROL__7121__2025120310,Grouped-random,train,NORMAL,NORMAL,0.35786176,0.32659686,0.3155414
CONTROL__7121__2025052810,Grouped-random,train,NORMAL,ACCIDENT,0.3289629,0.3392612,0.3317759
CONTROL__7184__2025071612,Grouped-random,train,NORMAL,NORMAL,0.38019103,0.36562923,0.25417978
CONTROL__7184__2025082712,Grouped-random,train,NORMAL,NORMAL,0.35823163,0.3429675,0.29880092
CONTROL__F3FWY003__2025102213,Grouped-random,train,NORMAL,ACCIDENT,0.36906728,0.37135428,0.25957847
CONTROL__F3FWY003__2025101513,Grouped-random,train,NORMAL,NORMAL,0.3701906,0.37001708,0.2597923
CONTROL__10011__2025070219,Grouped-random,train,NORMAL,OTHER_DISRUPTION,0.33023462,0.32506052,0.3447049
CONTROL__10011__2025041619,Grouped-random,train,NORMAL,OTHER_DISRUPTION,0.33023462,0.32506052,0.3447049
CONTROL__7139__2025042319,Grouped-random,train,NORMAL,OTHER_DISRUPTION,0.33023462,0.32506052,0.3447049
CONTROL__7139__2025102919,Grouped-random,train,NORMAL,NORMAL,0.3770568,0.3656774,0.25726584
CONTROL__7251__2025011523,Grouped-random,train,NORMAL,OTHER_DISRUPTION,0.33023462,0.32506052,0.3447049
CONTROL__7251__2025102923,Grouped-random,train,NORMAL,NORMAL,0.36623448,0.3188709,0.31489465
CONTROL__68025__2025071001,Grouped-random,train,NORMAL,NORMAL,0.3367404,0.33090845,0.33235112
CONTROL__68025__2025013001,Grouped-random,train,NORMAL,OTHER_DISRUPTION,0.3445371,0.3096086,0.34585428
CONTROL__68025__2025071004,Grouped-random,train,NORMAL,NORMAL,0.3817862,0.29777792,0.32043582
CONTROL__68025__2025102304,Grouped-random,train,NORMAL,NORMAL,0.35724762,0.3036054,0.33914697
CONTROL__7120__2025020622,Grouped-random,train,NORMAL,OTHER_DISRUPTION,0.33023462,0.32506052,0.3447049
CONTROL__7120__2025050822,Grouped-random,train,NORMAL,OTHER_DISRUPTION,0.3203899,0.32939753,0.35021257
CONTROL__7121__2025062622,Grouped-random,train,NORMAL,NORMAL,0.36470774,0.3257928,0.3094994
CONTROL__7121__2025040322,Grouped-random,train,NORMAL,NORMAL,0.35948572,0.30314717,0.3373671
CONTROL__74230__2025041023,Grouped-random,train,NORMAL,OTHER_DISRUPTION,0.33315513,0.33002642,0.3368184
CONTROL__74230__2025012323,Grouped-random,train,NORMAL,OTHER_DISRUPTION,0.332081,0.3083616,0.35955742
CONTROL__53004__2025102402,Grouped-random,train,NORMAL,NORMAL,0.34604877,0.3095299,0.34442133
CONTROL__53004__2025013102,Grouped-random,train,NORMAL,OTHER_DISRUPTION,0.3109784,0.31654748,0.37247416
CONTROL__7126__2025090508,Grouped-random,train,NORMAL,NORMAL,0.3394102,0.32988855,0.33070135
CONTROL__7126__2025091908,Grouped-random,train,NORMAL,NORMAL,0.35513055,0.35441872,0.29045066
CONTROL__7184__2025061313,Grouped-random,train,NORMAL,NORMAL,0.35875115,0.34180948,0.2994394
CONTROL__7184__2025101013,Grouped-random,train,NORMAL,NORMAL,0.3609638,0.33911693,0.29991928
CONTROL__7184__2025030715,Grouped-random,train,NORMAL,NORMAL,0.35169685,0.3248008,0.3235024
CONTROL__7184__2025080815,Grouped-random,train,NORMAL,NORMAL,0.3539806,0.32497844,0.32104093
CONTROL__68025__2025041902,Grouped-random,train,NORMAL,OTHER_DISRUPTION,0.32090533,0.3067517,0.37234297
CONTROL__68025__2025030802,Grouped-random,train,NORMAL,ACCIDENT,0.32717502,0.35012266,0.32270235
CONTROL__50260__2025101821,Grouped-random,train,NORMAL,OTHER_DISRUPTION,0.34360716,0.28305954,0.37333325
CONTROL__50260__2025021521,Grouped-random,train,NORMAL,OTHER_DISRUPTION,0.33023462,0.32506052,0.3447049
CONTROL__51235__2025020913,Grouped-random,train,NORMAL,OTHER_DISRUPTION,0.33023462,0.32506052,0.3447049
CONTROL__51235__2025113013,Grouped-random,train,NORMAL,NORMAL,0.37382972,0.3677616,0.2584087
CONTROL__51235__2025021700,Grouped-random,train,NORMAL,OTHER_DISRUPTION,0.33023462,0.32506052,0.3447049
CONTROL__51235__2025102000,Grouped-random,train,NORMAL,NORMAL,0.3627219,0.31316015,0.32411802
CONTROL__7179__2025012021,Grouped-random,train,NORMAL,ACCIDENT,0.30355504,0.3736067,0.32283828
CONTROL__7179__2025102721,Grouped-random,train,NORMAL,NORMAL,0.37032422,0.347184,0.28249177
CONTROL__7121__2025010702,Grouped-random,train,NORMAL,OTHER_DISRUPTION,0.32653385,0.33111623,0.34234998
CONTROL__7121__2025042202,Grouped-random,train,NORMAL,OTHER_DISRUPTION,0.32198474,0.33798096,0.34003437
CONTROL__50240__2025020404,Grouped-random,train,NORMAL,OTHER_DISRUPTION,0.33023462,0.32506052,0.3447049
CONTROL__50240__2025123004,Grouped-random,train,NORMAL,NORMAL,0.3652281,0.3045305,0.33024138
CONTROL__53003__2025081923,Grouped-random,train,NORMAL,NORMAL,0.37586907,0.29925567,0.32487532
CONTROL__53003__2025042923,Grouped-random,train,NORMAL,ACCIDENT,0.32845604,0.33829603,0.3332478
CONTROL__50250__2025092400,Grouped-random,train,NORMAL,OTHER_DISRUPTION,0.31324136,0.31371775,0.37304083
CONTROL__50250__2025070900,Grouped-random,train,NORMAL,OTHER_DISRUPTION,0.3170942,0.31753314,0.3653726
CONTROL__53004__2025012203,Grouped-random,train,NORMAL,NORMAL,0.36708888,0.27424535,0.35866576
CONTROL__53004__2025060403,Grouped-random,train,NORMAL,NORMAL,0.38623855,0.2731433,0.3406181
CONTROL__7184__2025030523,Grouped-random,train,NORMAL,NORMAL,0.33390284,0.33244777,0.33364937
CONTROL__7184__2025081323,Grouped-random,train,NORMAL,NORMAL,0.37760264,0.30744803,0.31494948
CONTROL__7184__2025032003,Grouped-random,train,NORMAL,OTHER_DISRUPTION,0.35596532,0.27791333,0.3661213
CONTROL__7184__2025100903,Grouped-random,train,NORMAL,NORMAL,0.3918813,0.27229452,0.3358242
CONTROL__T0231__2025032013,Grouped-random,train,NORMAL,NORMAL,0.3536068,0.3278314,0.31856185
CONTROL__T0231__2025041713,Grouped-random,train,NORMAL,NORMAL,0.35076064,0.3315192,0.3177202
CONTROL__F3FWY001__2025051601,Grouped-random,train,NORMAL,NORMAL,0.38081542,0.29157588,0.32760876
CONTROL__F3FWY001__2025071801,Grouped-random,train,NORMAL,NORMAL,0.37208822,0.28176072,0.34615102
CONTROL__53003__2025060601,Grouped-random,train,NORMAL,NORMAL,0.34433803,0.32389838,0.3317636
CONTROL__53003__2025120501,Grouped-random,train,NORMAL,NORMAL,0.36481237,0.31056193,0.32462582
CONTROL__F3FWY001__2025071106,Grouped-random,train,NORMAL,ACCIDENT,0.35545418,0.37140346,0.2731423
CONTROL__F3FWY001__2025080806,Grouped-random,train,NORMAL,ACCIDENT,0.34969273,0.35905036,0.29125693
CONTROL__F3FWY003__2025022107,Grouped-random,train,NORMAL,OTHER_DISRUPTION,0.33023462,0.32506052,0.3447049
CONTROL__F3FWY003__2025010307,Grouped-random,train,NORMAL,OTHER_DISRUPTION,0.33023462,0.32506052,0.3447049
CONTROL__7120__2025072512,Grouped-random,train,NORMAL,NORMAL,0.34279767,0.3303107,0.32689163
CONTROL__7120__2025030712,Grouped-random,train,NORMAL,NORMAL,0.37143967,0.3481102,0.28045008
CONTROL__7121__2025081512,Grouped-random,train,NORMAL,NORMAL,0.3399671,0.32680735,0.33322552
CONTROL__7121__2025121212,Grouped-random,train,NORMAL,OTHER_DISRUPTION,0.33023462,0.32506052,0.3447049
CONTROL__47024__2025120521,Grouped-random,train,NORMAL,ACCIDENT,0.25951228,0.43005005,0.31043768
CONTROL__47024__2025042521,Grouped-random,train,NORMAL,NORMAL,0.3900129,0.36656713,0.24342
CONTROL__7139__2025100321,Grouped-random,train,NORMAL,NORMAL,0.36941114,0.31949914,0.31108972
CONTROL__7139__2025072521,Grouped-random,train,NORMAL,OTHER_DISRUPTION,0.32982504,0.30454385,0.3656311
CONTROL__7132__2025101100,Grouped-random,train,NORMAL,NORMAL,0.35974684,0.3092135,0.3310397
CONTROL__7132__2025070500,Grouped-random,train,NORMAL,OTHER_DISRUPTION,0.3172764,0.3121835,0.37054
CONTROL__68025__2025111507,Grouped-random,train,NORMAL,ACCIDENT,0.33376217,0.33632746,0.32991037
CONTROL__68025__2025080207,Grouped-random,train,NORMAL,OTHER_DISRUPTION,0.3330677,0.32670924,0.34022307
CONTROL__7139__2025102523,Grouped-random,train,NORMAL,NORMAL,0.37719044,0.28596252,0.33684704
CONTROL__7139__2025092723,Grouped-random,train,NORMAL,NORMAL,0.37617037,0.28706038,0.33676922
CONTROL__53004__2025032303,Grouped-random,train,NORMAL,OTHER_DISRUPTION,0.35970765,0.27767506,0.36261734
CONTROL__53004__2025051103,Grouped-random,train,NORMAL,OTHER_DISRUPTION,0.33379668,0.32794788,0.33825535
CONTROL__7112__2025021609,Grouped-random,train,NORMAL,OTHER_DISRUPTION,0.33023462,0.32506052,0.3447049
CONTROL__7112__2025120709,Grouped-random,train,NORMAL,OTHER_DISRUPTION,0.33936322,0.30641094,0.35422584
CONTROL__7120__2025021700,Grouped-random,train,NORMAL,OTHER_DISRUPTION,0.33023462,0.32506052,0.3447049
CONTROL__7120__2025031700,Grouped-random,train,NORMAL,OTHER_DISRUPTION,0.3213397,0.31119063,0.3674697
CONTROL__7121__2025120800,Grouped-random,train,NORMAL,OTHER_DISRUPTION,0.32551453,0.3256134,0.34887204
CONTROL__7121__2025100600,Grouped-random,train,NORMAL,ACCIDENT,0.33106026,0.34556228,0.32337758
CONTROL__7248__2025032402,Grouped-random,train,NORMAL,NORMAL,0.3799677,0.27219358,0.34783876
CONTROL__7248__2025092902,Grouped-random,train,NORMAL,NORMAL,0.3739316,0.2829991,0.34306923
CONTROL__29005__2025030319,Grouped-random,train,NORMAL,NORMAL,0.35409793,0.3255087,0.3203933
CONTROL__29005__2025051219,Grouped-random,train,NORMAL,ACCIDENT,0.37330437,0.4072031,0.2194925
CONTROL__51235__2025093001,Grouped-random,train,NORMAL,NORMAL,0.37243435,0.28087756,0.34668806
CONTROL__51235__2025062401,Grouped-random,train,NORMAL,OTHER_DISRUPTION,0.32104385,0.2993332,0.3796229
CONTROL__7251__2025091602,Grouped-random,train,NORMAL,OTHER_DISRUPTION,0.32326856,0.28395596,0.39277557
CONTROL__7251__2025112502,Grouped-random,train,NORMAL,NORMAL,0.34105858,0.32487124,0.3340701
CONTROL__7126__2025031806,Grouped-random,train,NORMAL,NORMAL,0.3369181,0.33136582,0.33171612
CONTROL__7126__2025082606,Grouped-random,train,NORMAL,ACCIDENT,0.3365346,0.33976546,0.32369998
CONTROL__34016__2025010721,Grouped-random,train,NORMAL,NORMAL,0.3580481,0.29098585,0.35096592
CONTROL__34016__2025100721,Grouped-random,train,NORMAL,NORMAL,0.37571734,0.29140362,0.3328791
CONTROL__7120__2025120305,Grouped-random,train,NORMAL,NORMAL,0.33881083,0.3378808,0.32330838
CONTROL__7120__2025041605,Grouped-random,train,NORMAL,ACCIDENT,0.33538598,0.34656557,0.31804848
CONTROL__7121__2025121005,Grouped-random,train,NORMAL,NORMAL,0.34959835,0.30675262,0.34364903
CONTROL__7121__2025092405,Grouped-random,train,NORMAL,NORMAL,0.37356344,0.29871222,0.3277243
CONTROL__7120__2025040205,Grouped-random,train,NORMAL,OTHER_DISRUPTION,0.33023462,0.32506052,0.3447049
CONTROL__7120__2025101505,Grouped-random,train,NORMAL,NORMAL,0.35428467,0.34453154,0.3011838
CONTROL__7121__2025122405,Grouped-random,train,NORMAL,OTHER_DISRUPTION,0.33023462,0.32506052,0.3447049
CONTROL__7121__2025081305,Grouped-random,train,NORMAL,NORMAL,0.3710674,0.31059605,0.31833652
CONTROL__7274__2025040206,Grouped-random,train,NORMAL,ACCIDENT,0.33934793,0.3885158,0.27213627
CONTROL__7274__2025011506,Grouped-random,train,NORMAL,OTHER_DISRUPTION,0.33023462,0.32506052,0.3447049
CONTROL__F3FWY004__2025022700,Grouped-random,train,NORMAL,OTHER_DISRUPTION,0.33023462,0.32506052,0.3447049
CONTROL__F3FWY004__2025062600,Grouped-random,train,NORMAL,NORMAL,0.34840107,0.31596372,0.33563527
CONTROL__7153__2025092519,Grouped-random,train,NORMAL,NORMAL,0.34757146,0.32398456,0.32844403
CONTROL__7153__2025091119,Grouped-random,train,NORMAL,NORMAL,0.34797165,0.31733665,0.33469176
CONTROL__F3FWY002__2025053001,Grouped-random,train,NORMAL,NORMAL,0.3631755,0.29299408,0.34383038
CONTROL__F3FWY002__2025101701,Grouped-random,train,NORMAL,OTHER_DISRUPTION,0.32927674,0.3149373,0.35578594
CONTROL__7248__2025080804,Grouped-random,train,NORMAL,NORMAL,0.36659026,0.31248227,0.32092744
CONTROL__7248__2025071804,Grouped-random,train,NORMAL,NORMAL,0.36473256,0.31651923,0.31874824
CONTROL__7274__2025100305,Grouped-random,train,NORMAL,NORMAL,0.346706,0.32983583,0.32345814
CONTROL__7274__2025041805,Grouped-random,train,NORMAL,OTHER_DISRUPTION,0.33023462,0.32506052,0.3447049
CONTROL__7112__2025101710,Grouped-random,train,NORMAL,NORMAL,0.36419758,0.33147144,0.30433103
CONTROL__7112__2025111410,Grouped-random,train,NORMAL,NORMAL,0.37636974,0.35458842,0.26904187
CONTROL__7161__2025052506,Grouped-random,train,NORMAL,OTHER_DISRUPTION,0.34074926,0.31632784,0.34292287
CONTROL__7161__2025062206,Grouped-random,train,NORMAL,NORMAL,0.38725555,0.30117363,0.31157082
CONTROL__7132__2025080323,Grouped-random,train,NORMAL,NORMAL,0.3632439,0.29729328,0.3394629
CONTROL__7132__2025113023,Grouped-random,train,NORMAL,OTHER_DISRUPTION,0.322586,0.33411363,0.34330037
CONTROL__55049__2025081805,Grouped-random,train,NORMAL,OTHER_DISRUPTION,0.33023462,0.32506052,0.3447049
CONTROL__55049__2025022405,Grouped-random,train,NORMAL,OTHER_DISRUPTION,0.33023462,0.32506052,0.3447049
CONTROL__F3FWY005__2025020310,Grouped-random,train,NORMAL,OTHER_DISRUPTION,0.33023462,0.32506052,0.3447049
CONTROL__F3FWY005__2025032410,Grouped-random,train,NORMAL,NORMAL,0.3900459,0.3468261,0.26312798
CONTROL__7120__2025122304,Grouped-random,train,NORMAL,NORMAL,0.3720337,0.3123011,0.3156652
CONTROL__7120__2025032504,Grouped-random,train,NORMAL,OTHER_DISRUPTION,0.33023462,0.32506052,0.3447049
CONTROL__7121__2025112504,Grouped-random,train,NORMAL,OTHER_DISRUPTION,0.33023462,0.32506052,0.3447049
CONTROL__7121__2025042204,Grouped-random,train,NORMAL,NORMAL,0.36158532,0.2827025,0.3557122
CONTROL__53004__2025111805,Grouped-random,train,NORMAL,NORMAL,0.3501705,0.32684812,0.32298133
CONTROL__53004__2025092305,Grouped-random,train,NORMAL,NORMAL,0.34454393,0.32017013,0.335286
CONTROL__10011__2025022505,Grouped-random,train,NORMAL,OTHER_DISRUPTION,0.33023462,0.32506052,0.3447049
CONTROL__10011__2025102105,Grouped-random,train,NORMAL,OTHER_DISRUPTION,0.33023462,0.32506052,0.3447049
CONTROL__7139__2025090905,Grouped-random,train,NORMAL,NORMAL,0.36639455,0.3015214,0.33208406
CONTROL__7139__2025070105,Grouped-random,train,NORMAL,NORMAL,0.36679068,0.29601333,0.33719605
CONTROL__7132__2025040821,Grouped-random,train,NORMAL,OTHER_DISRUPTION,0.315151,0.32296318,0.3618858
CONTROL__7132__2025042921,Grouped-random,train,NORMAL,OTHER_DISRUPTION,0.3244515,0.33152384,0.34402466
CONTROL__7120__2025120300,Grouped-random,train,NORMAL,NORMAL,0.35938835,0.31341487,0.32719678
CONTROL__7120__2025123100,Grouped-random,train,NORMAL,NORMAL,0.3678073,0.3216233,0.31056947
CONTROL__7248__2025112600,Grouped-random,train,NORMAL,ACCIDENT,0.33057907,0.3435801,0.32584083
CONTROL__7248__2025012200,Grouped-random,train,NORMAL,NORMAL,0.3681994,0.32136467,0.31043586
CONTROL__7123-PR__2025123104,Grouped-random,train,NORMAL,ACCIDENT,0.33303297,0.33847082,0.32849628
CONTROL__7123-PR__2025101504,Grouped-random,train,NORMAL,NORMAL,0.34452263,0.32392186,0.33155552
CONTROL__F3FWY003__2025080604,Grouped-random,train,NORMAL,NORMAL,0.3723689,0.31803808,0.30959308
CONTROL__F3FWY003__2025111204,Grouped-random,train,NORMAL,NORMAL,0.36134893,0.33598122,0.30266982
CONTROL__7274__2025121106,Grouped-random,train,NORMAL,ACCIDENT,0.34088573,0.38127986,0.27783433
CONTROL__7274__2025011606,Grouped-random,train,NORMAL,ACCIDENT,0.34067893,0.38233384,0.27698725
CONTROL__51235__2025082819,Grouped-random,train,NORMAL,NORMAL,0.35197106,0.32642367,0.32160524
CONTROL__51235__2025052919,Grouped-random,train,NORMAL,NORMAL,0.34585696,0.31876713,0.3353759
CONTROL__33014__2025062620,Grouped-random,train,NORMAL,OTHER_DISRUPTION,0.33023462,0.32506052,0.3447049
CONTROL__33014__2025091120,Grouped-random,train,NORMAL,OTHER_DISRUPTION,0.33023462,0.32506052,0.3447049
CONTROL__F3FWY003__2025100305,Grouped-random,train,NORMAL,NORMAL,0.36597311,0.3433436,0.2906833
CONTROL__F3FWY003__2025120505,Grouped-random,train,NORMAL,ACCIDENT,0.34558985,0.3602367,0.29417348
CONTROL__51235__2025071808,Grouped-random,train,NORMAL,ACCIDENT,0.35712746,0.3810922,0.26178035
CONTROL__51235__2025030708,Grouped-random,train,NORMAL,ACCIDENT,0.3365931,0.3386001,0.32480678
CONTROL__50240__2025110117,Grouped-random,train,NORMAL,OTHER_DISRUPTION,0.31229118,0.33193678,0.35577205
CONTROL__50240__2025100417,Grouped-random,train,NORMAL,ACCIDENT,0.3474169,0.3574981,0.29508498
CONTROL__7248__2025120623,Grouped-random,train,NORMAL,NORMAL,0.3652482,0.3256541,0.30909774
CONTROL__7248__2025062123,Grouped-random,train,NORMAL,NORMAL,0.3369413,0.33157146,0.3314872
CONTROL__7248__2025080303,Grouped-random,train,NORMAL,OTHER_DISRUPTION,0.3296031,0.31250435,0.3578925
CONTROL__7248__2025091403,Grouped-random,train,NORMAL,OTHER_DISRUPTION,0.33159235,0.30822152,0.36018616
CONTROL__7274__2025120720,Grouped-random,train,NORMAL,OTHER_DISRUPTION,0.33320543,0.31957617,0.34721833
CONTROL__7274__2025122120,Grouped-random,train,NORMAL,OTHER_DISRUPTION,0.3354948,0.3289956,0.33550966
CONTROL__53003__2025071402,Grouped-random,train,NORMAL,OTHER_DISRUPTION,0.34164515,0.27739397,0.38096082
CONTROL__53003__2025010602,Grouped-random,train,NORMAL,OTHER_DISRUPTION,0.34359694,0.2793471,0.37705594
CONTROL__7251__2025111004,Grouped-random,train,NORMAL,NORMAL,0.35640058,0.29869542,0.34490395
CONTROL__7251__2025072804,Grouped-random,train,NORMAL,NORMAL,0.37970796,0.28107896,0.3392131
CONTROL__68025__2025012705,Grouped-random,train,NORMAL,NORMAL,0.3622616,0.30391863,0.33381972
CONTROL__68025__2025120105,Grouped-random,train,NORMAL,NORMAL,0.37467247,0.3183901,0.3069374
CONTROL__68025__2025110305,Grouped-random,train,NORMAL,NORMAL,0.37437955,0.31914908,0.30647135
CONTROL__68025__2025041405,Grouped-random,train,NORMAL,NORMAL,0.34081843,0.33382037,0.3253611
CONTROL__7168__2025051905,Grouped-random,train,NORMAL,NORMAL,0.3692737,0.31465587,0.31607044
CONTROL__7168__2025090805,Grouped-random,train,NORMAL,NORMAL,0.34646383,0.32164747,0.3318887
CONTROL__74230__2025060223,Grouped-random,train,NORMAL,OTHER_DISRUPTION,0.32723653,0.3266528,0.34611058
CONTROL__74230__2025102023,Grouped-random,train,NORMAL,ACCIDENT,0.32991886,0.3374896,0.33259162
CONTROL__7120__2025050600,Grouped-random,train,NORMAL,OTHER_DISRUPTION,0.32066995,0.3265427,0.35278744
CONTROL__7120__2025012100,Grouped-random,train,NORMAL,ACCIDENT,0.33335724,0.3362695,0.33037332
CONTROL__7121__2025042900,Grouped-random,train,NORMAL,NORMAL,0.3406884,0.31887934,0.3404322
CONTROL__7121__2025101400,Grouped-random,train,NORMAL,OTHER_DISRUPTION,0.3279258,0.3346682,0.33740592
CONTROL__7162__2025082602,Grouped-random,train,NORMAL,OTHER_DISRUPTION,0.36133665,0.2745321,0.36413133
CONTROL__7162__2025061702,Grouped-random,train,NORMAL,NORMAL,0.3651377,0.28714132,0.34772092
CONTROL__7162__2025031804,Grouped-random,train,NORMAL,NORMAL,0.33807856,0.33453166,0.32738984
CONTROL__7162__2025021104,Grouped-random,train,NORMAL,OTHER_DISRUPTION,0.33023462,0.32506052,0.3447049
CONTROL__7153__2025031819,Grouped-random,train,NORMAL,OTHER_DISRUPTION,0.33023462,0.32506052,0.3447049
CONTROL__7153__2025031119,Grouped-random,train,NORMAL,NORMAL,0.3478621,0.32052946,0.3316085
CONTROL__7132__2025110421,Grouped-random,train,NORMAL,NORMAL,0.3687772,0.31556797,0.31565478
CONTROL__7132__2025091621,Grouped-random,train,NORMAL,OTHER_DISRUPTION,0.3240392,0.33563834,0.34032243
CONTROL__7251__2025120304,Grouped-random,train,NORMAL,OTHER_DISRUPTION,0.35158747,0.29615963,0.35225287
CONTROL__7251__2025091004,Grouped-random,train,NORMAL,NORMAL,0.3635776,0.30751228,0.3289102
CONTROL__53004__2025052804,Grouped-random,train,NORMAL,NORMAL,0.38939852,0.28879985,0.32180163
CONTROL__53004__2025061104,Grouped-random,train,NORMAL,NORMAL,0.366272,0.3001539,0.33357403
CONTROL__7274__2025110506,Grouped-random,train,NORMAL,ACCIDENT,0.3419806,0.3827732,0.27524617
CONTROL__7274__2025010106,Grouped-random,train,NORMAL,OTHER_DISRUPTION,0.33023462,0.32506052,0.3447049
CONTROL__7248__2025030608,Grouped-random,train,NORMAL,NORMAL,0.36747354,0.32539666,0.3071297
CONTROL__7248__2025112008,Grouped-random,train,NORMAL,NORMAL,0.36817482,0.36328605,0.26853916
CONTROL__50240__2025072419,Grouped-random,train,NORMAL,NORMAL,0.35763568,0.3186064,0.3237579
CONTROL__50240__2025012319,Grouped-random,train,NORMAL,OTHER_DISRUPTION,0.33023462,0.32506052,0.3447049
CONTROL__7132__2025071719,Grouped-random,train,NORMAL,NORMAL,0.36898935,0.34929714,0.28171358
CONTROL__7132__2025071019,Grouped-random,train,NORMAL,OTHER_DISRUPTION,0.33327657,0.32646847,0.3402549
CONTROL__10011__2025072420,Grouped-random,train,NORMAL,OTHER_DISRUPTION,0.33023462,0.32506052,0.3447049
CONTROL__10011__2025032720,Grouped-random,train,NORMAL,NORMAL,0.3679377,0.36390314,0.2681591
CONTROL__7139__2025051520,Grouped-random,train,NORMAL,NORMAL,0.36599088,0.36451682,0.26949227
CONTROL__7139__2025022020,Grouped-random,train,NORMAL,OTHER_DISRUPTION,0.33023462,0.32506052,0.3447049
CONTROL__7251__2025030623,Grouped-random,train,NORMAL,OTHER_DISRUPTION,0.33023462,0.32506052,0.3447049
CONTROL__7251__2025013023,Grouped-random,train,NORMAL,NORMAL,0.36740142,0.30358592,0.32901257
CONTROL__50240__2025013023,Grouped-random,train,NORMAL,NORMAL,0.35726288,0.32422933,0.31850773
CONTROL__50240__2025031323,Grouped-random,train,NORMAL,NORMAL,0.38608468,0.2992415,0.3146739
CONTROL__7184__2025110702,Grouped-random,train,NORMAL,OTHER_DISRUPTION,0.3449555,0.28842598,0.3666185
CONTROL__7184__2025080802,Grouped-random,train,NORMAL,OTHER_DISRUPTION,0.34213904,0.28369138,0.37416953
CONTROL__7153__2025041112,Grouped-random,train,NORMAL,OTHER_DISRUPTION,0.33023462,0.32506052,0.3447049
CONTROL__7153__2025050912,Grouped-random,train,NORMAL,NORMAL,0.36060742,0.3300382,0.30935445
CONTROL__7274__2025090519,Grouped-random,train,NORMAL,NORMAL,0.34224406,0.32735607,0.33039987
CONTROL__7274__2025012419,Grouped-random,train,NORMAL,OTHER_DISRUPTION,0.33023462,0.32506052,0.3447049
CONTROL__51235__2025101022,Grouped-random,train,NORMAL,NORMAL,0.36289364,0.2808137,0.35629275
CONTROL__51235__2025051622,Grouped-random,train,NORMAL,ACCIDENT,0.33120725,0.33764654,0.33114618
CONTROL__7162__2025040505,Grouped-random,train,NORMAL,NORMAL,0.3467194,0.3114865,0.34179404
CONTROL__7162__2025042605,Grouped-random,train,NORMAL,NORMAL,0.38489103,0.29667622,0.3184327
CONTROL__68025__2025022205,Grouped-random,train,NORMAL,OTHER_DISRUPTION,0.33023462,0.32506052,0.3447049
CONTROL__68025__2025032205,Grouped-random,train,NORMAL,OTHER_DISRUPTION,0.33645022,0.3260527,0.33749714
CONTROL__34016__2025072623,Grouped-random,train,NORMAL,NORMAL,0.3354843,0.33334342,0.33117226
CONTROL__34016__2025122723,Grouped-random,train,NORMAL,NORMAL,0.35587704,0.3051538,0.33896914
CONTROL__9849__2025091402,Grouped-random,train,NORMAL,OTHER_DISRUPTION,0.32623804,0.33163032,0.3421317
CONTROL__9849__2025081002,Grouped-random,train,NORMAL,OTHER_DISRUPTION,0.32340723,0.32833362,0.34825918
CONTROL__7164__2025082405,Grouped-random,train,NORMAL,NORMAL,0.36774868,0.2916941,0.34055716
CONTROL__7164__2025042005,Grouped-random,train,NORMAL,NORMAL,0.36332756,0.30161938,0.33505303
CONTROL__7274__2025072706,Grouped-random,train,NORMAL,NORMAL,0.33668974,0.32838538,0.33492473
CONTROL__7274__2025040606,Grouped-random,train,NORMAL,NORMAL,0.38493243,0.2978671,0.3172005
CONTROL__10011__2025110921,Grouped-random,train,NORMAL,OTHER_DISRUPTION,0.33023462,0.32506052,0.3447049
CONTROL__10011__2025113021,Grouped-random,train,NORMAL,OTHER_DISRUPTION,0.33023462,0.32506052,0.3447049
CONTROL__7163__2025091501,Grouped-random,train,NORMAL,OTHER_DISRUPTION,0.32305536,0.3008981,0.37604657
CONTROL__7163__2025042101,Grouped-random,train,NORMAL,OTHER_DISRUPTION,0.31912547,0.3213889,0.35948563
CONTROL__7184__2025070703,Grouped-random,train,NORMAL,OTHER_DISRUPTION,0.3556927,0.27460527,0.36970204
CONTROL__7184__2025072803,Grouped-random,train,NORMAL,OTHER_DISRUPTION,0.35626206,0.27636713,0.36737087
CONTROL__7168__2025122205,Grouped-random,train,NORMAL,NORMAL,0.34249803,0.31790438,0.33959755
CONTROL__7168__2025090105,Grouped-random,train,NORMAL,NORMAL,0.34372932,0.3261691,0.33010158
CONTROL__7120__2025010608,Grouped-random,train,NORMAL,ACCIDENT,0.35725465,0.35804525,0.28470007
CONTROL__7120__2025012708,Grouped-random,train,NORMAL,OTHER_DISRUPTION,0.3287443,0.31928533,0.3519704
CONTROL__7121__2025070708,Grouped-random,train,NORMAL,NORMAL,0.34062687,0.32357126,0.33580196
CONTROL__7121__2025111008,Grouped-random,train,NORMAL,OTHER_DISRUPTION,0.33023462,0.32506052,0.3447049
CONTROL__7120__2025110320,Grouped-random,train,NORMAL,OTHER_DISRUPTION,0.33023462,0.32506052,0.3447049
CONTROL__7120__2025040720,Grouped-random,train,NORMAL,OTHER_DISRUPTION,0.32203054,0.33165833,0.34631118
CONTROL__7121__2025110320,Grouped-random,train,NORMAL,OTHER_DISRUPTION,0.33023462,0.32506052,0.3447049
CONTROL__7121__2025102020,Grouped-random,train,NORMAL,OTHER_DISRUPTION,0.32249162,0.33294785,0.3445605
CONTROL__9658__2025112420,Grouped-random,train,NORMAL,NORMAL,0.36350212,0.3457635,0.29073438
CONTROL__9658__2025092220,Grouped-random,train,NORMAL,NORMAL,0.3628605,0.34064966,0.29648983
CONTROL__47024__2025052623,Grouped-random,train,NORMAL,ACCIDENT,0.33311123,0.33794388,0.3289449
CONTROL__47024__2025060923,Grouped-random,train,NORMAL,NORMAL,0.37433046,0.287951,0.33771855
CONTROL__7168__2025022501,Grouped-random,train,NORMAL,OTHER_DISRUPTION,0.33023462,0.32506052,0.3447049
CONTROL__7168__2025061001,Grouped-random,train,NORMAL,OTHER_DISRUPTION,0.334049,0.33062202,0.33532906
CONTROL__F3FWY003__2025071520,Grouped-random,train,NORMAL,OTHER_DISRUPTION,0.33023462,0.32506052,0.3447049
CONTROL__F3FWY003__2025021820,Grouped-random,train,NORMAL,OTHER_DISRUPTION,0.33023462,0.32506052,0.3447049
CONTROL__50240__2025072922,Grouped-random,train,NORMAL,NORMAL,0.3564776,0.31708625,0.32643616
CONTROL__50240__2025121622,Grouped-random,train,NORMAL,ACCIDENT,0.3328197,0.33989212,0.3272882
CONTROL__9827__2025011505,Grouped-random,train,NORMAL,NORMAL,0.3351032,0.3342611,0.3306357
CONTROL__9827__2025123105,Grouped-random,train,NORMAL,NORMAL,0.37303677,0.30319571,0.32376745
CONTROL__7184__2025061805,Grouped-random,train,NORMAL,NORMAL,0.35222948,0.32691908,0.3208515
CONTROL__7184__2025012205,Grouped-random,train,NORMAL,OTHER_DISRUPTION,0.33023462,0.32506052,0.3447049
CONTROL__7274__2025111207,Grouped-random,train,NORMAL,ACCIDENT,0.3370271,0.38832957,0.27464327
CONTROL__7274__2025100107,Grouped-random,train,NORMAL,ACCIDENT,0.340297,0.37980616,0.2798968
CONTROL__7119-PR__2025041004,Grouped-random,train,NORMAL,NORMAL,0.35211337,0.30730322,0.34058338
CONTROL__7119-PR__2025020604,Grouped-random,train,NORMAL,OTHER_DISRUPTION,0.33023462,0.32506052,0.3447049
CONTROL__7179__2025120407,Grouped-random,train,NORMAL,ACCIDENT,0.34846723,0.37898254,0.27255023
CONTROL__7179__2025061907,Grouped-random,train,NORMAL,ACCIDENT,0.34528878,0.3838772,0.2708341
CONTROL__9658__2025071021,Grouped-random,train,NORMAL,NORMAL,0.36212188,0.3297906,0.30808756
CONTROL__9658__2025092521,Grouped-random,train,NORMAL,NORMAL,0.36614597,0.29641077,0.33744317
CONTROL__7179__2025031404,Grouped-random,train,NORMAL,ACCIDENT,0.33294994,0.34370437,0.32334563
CONTROL__7179__2025051604,Grouped-random,train,NORMAL,NORMAL,0.38439628,0.31826955,0.29733416
CONTROL__7164__2025091909,Grouped-random,train,NORMAL,NORMAL,0.36575434,0.35452196,0.27972367
CONTROL__7164__2025071109,Grouped-random,train,NORMAL,NORMAL,0.34896275,0.33052826,0.32050893
CONTROL__7112__2025101104,Grouped-random,train,NORMAL,NORMAL,0.38006523,0.3079254,0.31200936
CONTROL__7112__2025062104,Grouped-random,train,NORMAL,NORMAL,0.3803443,0.30713883,0.3125168
CONTROL__7275__2025090704,Grouped-random,train,NORMAL,OTHER_DISRUPTION,0.3341404,0.32166776,0.34419188
CONTROL__7275__2025051804,Grouped-random,train,NORMAL,NORMAL,0.37203884,0.31085765,0.31710345
CONTROL__34016__2025081101,Grouped-random,train,NORMAL,NORMAL,0.33751634,0.32817203,0.33431157
CONTROL__34016__2025010601,Grouped-random,train,NORMAL,OTHER_DISRUPTION,0.31859207,0.28243262,0.39897525
CONTROL__22001__2025051909,Grouped-random,train,NORMAL,OTHER_DISRUPTION,0.33023462,0.32506052,0.3447049
CONTROL__22001__2025033109,Grouped-random,train,NORMAL,OTHER_DISRUPTION,0.33023462,0.32506052,0.3447049
CONTROL__7112__2025070103,Grouped-random,train,NORMAL,OTHER_DISRUPTION,0.35206595,0.2787195,0.36921453
CONTROL__7112__2025120203,Grouped-random,train,NORMAL,NORMAL,0.38843125,0.27608654,0.33548215
CONTROL__7120__2025082605,Grouped-random,train,NORMAL,NORMAL,0.3522898,0.34617016,0.3015401
CONTROL__7120__2025042205,Grouped-random,train,NORMAL,NORMAL,0.3415696,0.33013722,0.3282931
CONTROL__7153__2025112522,Grouped-random,train,NORMAL,NORMAL,0.34004137,0.3272041,0.33275455
CONTROL__7153__2025111122,Grouped-random,train,NORMAL,NORMAL,0.36777934,0.3060605,0.32616016
CONTROL__7112__2025011422,Grouped-random,train,NORMAL,NORMAL,0.36334231,0.28186002,0.3547976
CONTROL__7112__2025072922,Grouped-random,train,NORMAL,OTHER_DISRUPTION,0.32355052,0.3155863,0.3608632
CONTROL__7184__2025012200,Grouped-random,train,NORMAL,OTHER_DISRUPTION,0.33023462,0.32506052,0.3447049
CONTROL__7184__2025061800,Grouped-random,train,NORMAL,OTHER_DISRUPTION,0.32643518,0.31693837,0.35662648
CONTROL__9849__2025031205,Grouped-random,train,NORMAL,ACCIDENT,0.33553112,0.3359697,0.32849917
CONTROL__9849__2025060405,Grouped-random,train,NORMAL,NORMAL,0.34130758,0.3230897,0.33560276
CONTROL__7120__2025073007,Grouped-random,train,NORMAL,NORMAL,0.3384391,0.3285539,0.33300695
CONTROL__7120__2025120307,Grouped-random,train,NORMAL,NORMAL,0.33937594,0.33028096,0.33034313
CONTROL__7121__2025100107,Grouped-random,train,NORMAL,OTHER_DISRUPTION,0.33023462,0.32506052,0.3447049
CONTROL__7121__2025061107,Grouped-random,train,NORMAL,NORMAL,0.3373714,0.33232468,0.33030394
CONTROL__7184__2025060408,Grouped-random,train,NORMAL,ACCIDENT,0.3463594,0.39294243,0.26069805
CONTROL__7184__2025031208,Grouped-random,train,NORMAL,NORMAL,0.35664943,0.33273146,0.3106191
CONTROL__F3FWY001__2025112611,Grouped-random,train,NORMAL,NORMAL,0.37056363,0.34197435,0.2874621
CONTROL__F3FWY001__2025012911,Grouped-random,train,NORMAL,OTHER_DISRUPTION,0.33023462,0.32506052,0.3447049
CONTROL__57025__2025070920,Grouped-random,train,NORMAL,OTHER_DISRUPTION,0.33351117,0.3183258,0.34816304
CONTROL__57025__2025082020,Grouped-random,train,NORMAL,OTHER_DISRUPTION,0.34049585,0.31233382,0.34717032
CONTROL__7120__2025040303,Grouped-random,train,NORMAL,OTHER_DISRUPTION,0.33023462,0.32506052,0.3447049
CONTROL__7120__2025052903,Grouped-random,train,NORMAL,OTHER_DISRUPTION,0.34408814,0.29080954,0.3651023
CONTROL__7121__2025103003,Grouped-random,train,NORMAL,OTHER_DISRUPTION,0.33023462,0.32506052,0.3447049
CONTROL__7121__2025011603,Grouped-random,train,NORMAL,OTHER_DISRUPTION,0.3485761,0.27407062,0.3773533
CONTROL__7120__2025082108,Grouped-random,train,NORMAL,NORMAL,0.36789027,0.35122123,0.2808885
CONTROL__7120__2025080708,Grouped-random,train,NORMAL,NORMAL,0.3649843,0.3531835,0.2818322
CONTROL__7121__2025081408,Grouped-random,train,NORMAL,OTHER_DISRUPTION,0.34281453,0.3126605,0.34452498
CONTROL__7121__2025052908,Grouped-random,train,NORMAL,NORMAL,0.3373265,0.32920623,0.33346722
CONTROL__7153__2025082819,Grouped-random,train,NORMAL,NORMAL,0.3474412,0.3195868,0.33297196
CONTROL__7153__2025050819,Grouped-random,train,NORMAL,NORMAL,0.34745947,0.32448795,0.32805264
CONTROL__F3FWY004__2025082822,Grouped-random,train,NORMAL,NORMAL,0.35812736,0.3262367,0.31563592
CONTROL__F3FWY004__2025100222,Grouped-random,train,NORMAL,NORMAL,0.34617564,0.33067578,0.32314858
CONTROL__53004__2025011700,Grouped-random,train,NORMAL,NORMAL,0.34951904,0.31571308,0.33476788
CONTROL__53004__2025013100,Grouped-random,train,NORMAL,OTHER_DISRUPTION,0.34084377,0.3086629,0.35049337
CONTROL__7184__2025032804,Grouped-random,train,NORMAL,OTHER_DISRUPTION,0.33023462,0.32506052,0.3447049
CONTROL__7184__2025082904,Grouped-random,train,NORMAL,NORMAL,0.39519963,0.2903396,0.31446075
CONTROL__50250__2025081507,Grouped-random,train,NORMAL,ACCIDENT,0.32710856,0.34234124,0.3305502
CONTROL__50250__2025021407,Grouped-random,train,NORMAL,OTHER_DISRUPTION,0.33023462,0.32506052,0.3447049
CONTROL__23067__2025090603,Grouped-random,train,NORMAL,NORMAL,0.38935652,0.29661515,0.31402835
CONTROL__23067__2025083003,Grouped-random,train,NORMAL,OTHER_DISRUPTION,0.3420187,0.28505045,0.37293077
CONTROL__7132__2025102506,Grouped-random,train,NORMAL,NORMAL,0.36574036,0.3426238,0.2916358
CONTROL__7132__2025062106,Grouped-random,train,NORMAL,NORMAL,0.36488545,0.34456828,0.29054636
CONTROL__33014__2025060706,Grouped-random,train,NORMAL,NORMAL,0.3446033,0.31793606,0.3374606
CONTROL__33014__2025082306,Grouped-random,train,NORMAL,OTHER_DISRUPTION,0.33023462,0.32506052,0.3447049
CONTROL__7153__2025033006,Grouped-random,train,NORMAL,OTHER_DISRUPTION,0.33023462,0.32506052,0.3447049
CONTROL__7153__2025011206,Grouped-random,train,NORMAL,OTHER_DISRUPTION,0.33023462,0.32506052,0.3447049
CONTROL__29005__2025071320,Grouped-random,train,NORMAL,NORMAL,0.34592885,0.326241,0.32783028
CONTROL__29005__2025110220,Grouped-random,train,NORMAL,NORMAL,0.3467989,0.3275017,0.3256994
CONTROL__53004__2025110312,Grouped-random,train,NORMAL,NORMAL,0.3804779,0.35254335,0.2669788
CONTROL__53004__2025061612,Grouped-random,train,NORMAL,NORMAL,0.35093302,0.33028048,0.3187865
CONTROL__7112__2025062319,Grouped-random,train,NORMAL,NORMAL,0.3466602,0.3190016,0.3343382
CONTROL__7112__2025060919,Grouped-random,train,NORMAL,OTHER_DISRUPTION,0.33023462,0.32506052,0.3447049
CONTROL__9849__2025063021,Grouped-random,train,NORMAL,OTHER_DISRUPTION,0.33390075,0.32203832,0.3440609
CONTROL__9849__2025092221,Grouped-random,train,NORMAL,OTHER_DISRUPTION,0.3078364,0.28767255,0.4044911
CONTROL__7161__2025072910,Grouped-random,train,NORMAL,NORMAL,0.363895,0.3213603,0.31474468
CONTROL__7161__2025082610,Grouped-random,train,NORMAL,NORMAL,0.3823201,0.34965792,0.26802194
CONTROL__7132__2025062507,Grouped-random,train,NORMAL,ACCIDENT,0.3321376,0.40406182,0.26380065
CONTROL__7132__2025042307,Grouped-random,train,NORMAL,ACCIDENT,0.3328352,0.3337876,0.33337724
CONTROL__47024__2025030520,Grouped-random,train,NORMAL,ACCIDENT,0.36476338,0.3649929,0.27024373
CONTROL__47024__2025070920,Grouped-random,train,NORMAL,NORMAL,0.34215653,0.3291049,0.3287386
CONTROL__7112__2025112701,Grouped-random,train,NORMAL,NORMAL,0.35319752,0.30457994,0.34222257
CONTROL__7112__2025080701,Grouped-random,train,NORMAL,OTHER_DISRUPTION,0.33023462,0.32506052,0.3447049
CONTROL__7112__2025071705,Grouped-random,train,NORMAL,NORMAL,0.3546634,0.32334444,0.3219922
CONTROL__7112__2025102305,Grouped-random,train,NORMAL,ACCIDENT,0.354473,0.3546136,0.2909133
CONTROL__7270__2025032718,Grouped-random,train,NORMAL,NORMAL,0.37310076,0.3618419,0.26505736
CONTROL__7270__2025010218,Grouped-random,train,NORMAL,OTHER_DISRUPTION,0.33023462,0.32506052,0.3447049
CONTROL__33014__2025011620,Grouped-random,train,NORMAL,OTHER_DISRUPTION,0.3281731,0.32464775,0.34717914
CONTROL__33014__2025071020,Grouped-random,train,NORMAL,OTHER_DISRUPTION,0.33023462,0.32506052,0.3447049
CONTROL__51235__2025041021,Grouped-random,train,NORMAL,NORMAL,0.40986982,0.3401014,0.25002876
CONTROL__51235__2025062621,Grouped-random,train,NORMAL,NORMAL,0.36149335,0.34932745,0.28917924
CONTROL__29005__2025012321,Grouped-random,train,NORMAL,OTHER_DISRUPTION,0.33023462,0.32506052,0.3447049
CONTROL__29005__2025041021,Grouped-random,train,NORMAL,NORMAL,0.35877037,0.29014543,0.3510842
CONTROL__T0288__2025012322,Grouped-random,train,NORMAL,ACCIDENT,0.33330253,0.33664432,0.33005315
CONTROL__T0288__2025112022,Grouped-random,train,NORMAL,OTHER_DISRUPTION,0.33023462,0.32506052,0.3447049
CONTROL__T0479-PR__2025050122,Grouped-random,train,NORMAL,NORMAL,0.36824086,0.28113195,0.3506272
CONTROL__T0479-PR__2025021322,Grouped-random,train,NORMAL,OTHER_DISRUPTION,0.33023462,0.32506052,0.3447049
CONTROL__7163__2025080801,Grouped-random,train,NORMAL,NORMAL,0.36093768,0.3110736,0.3279887
CONTROL__7163__2025082201,Grouped-random,train,NORMAL,OTHER_DISRUPTION,0.3289295,0.3055726,0.36549798
CONTROL__53004__2025021403,Grouped-random,train,NORMAL,OTHER_DISRUPTION,0.33023462,0.32506052,0.3447049
CONTROL__53004__2025101703,Grouped-random,train,NORMAL,NORMAL,0.38374335,0.27271923,0.34353742
CONTROL__34016__2025021405,Grouped-random,train,NORMAL,OTHER_DISRUPTION,0.33023462,0.32506052,0.3447049
CONTROL__34016__2025053005,Grouped-random,train,NORMAL,NORMAL,0.38060284,0.2975267,0.3218705
CONTROL__9836-PR__2025021623,Grouped-random,train,NORMAL,OTHER_DISRUPTION,0.33023462,0.32506052,0.3447049
CONTROL__9836-PR__2025080323,Grouped-random,train,NORMAL,ACCIDENT,0.33107507,0.33926013,0.32966477
CONTROL__7248__2025070703,Grouped-random,train,NORMAL,OTHER_DISRUPTION,0.33023462,0.32506052,0.3447049
CONTROL__7248__2025033103,Grouped-random,train,NORMAL,NORMAL,0.36594236,0.29435453,0.3397031
CONTROL__10011__2025012719,Grouped-random,train,NORMAL,OTHER_DISRUPTION,0.3250793,0.3026978,0.3722229
CONTROL__10011__2025062319,Grouped-random,train,NORMAL,OTHER_DISRUPTION,0.33023462,0.32506052,0.3447049
CONTROL__7139__2025033119,Grouped-random,train,NORMAL,OTHER_DISRUPTION,0.33023462,0.32506052,0.3447049
CONTROL__7139__2025031719,Grouped-random,train,NORMAL,ACCIDENT,0.30277148,0.40731633,0.28991216
CONTROL__7120__2025062404,Grouped-random,train,NORMAL,NORMAL,0.3485565,0.31941327,0.33203027
CONTROL__7120__2025060304,Grouped-random,train,NORMAL,NORMAL,0.35356373,0.3080174,0.3384188
CONTROL__7121__2025070104,Grouped-random,train,NORMAL,OTHER_DISRUPTION,0.33121243,0.3136776,0.35511005
CONTROL__7121__2025093004,Grouped-random,train,NORMAL,NORMAL,0.36570516,0.27732283,0.35697207
CONTROL__9658__2025090209,Grouped-random,train,NORMAL,NORMAL,0.3633776,0.3198301,0.31679225
CONTROL__9658__2025010709,Grouped-random,train,NORMAL,ACCIDENT,0.33951193,0.34233633,0.31815177
CONTROL__50240__2025112522,Grouped-random,train,NORMAL,NORMAL,0.37600082,0.3231619,0.3008372
CONTROL__50240__2025031822,Grouped-random,train,NORMAL,NORMAL,0.37399578,0.31559756,0.31040663
CONTROL__7179__2025121623,Grouped-random,train,NORMAL,NORMAL,0.3398117,0.3377651,0.32242328
CONTROL__7179__2025061023,Grouped-random,train,NORMAL,NORMAL,0.38012746,0.30465508,0.31521744
CONTROL__7179__2025090303,Grouped-random,train,NORMAL,NORMAL,0.3667545,0.2863018,0.34694374
CONTROL__7179__2025012203,Grouped-random,train,NORMAL,OTHER_DISRUPTION,0.33023462,0.32506052,0.3447049
CONTROL__50260__2025080604,Grouped-random,train,NORMAL,NORMAL,0.38740736,0.29864168,0.31395096
CONTROL__50260__2025041604,Grouped-random,train,NORMAL,NORMAL,0.39405277,0.29899624,0.30695096
CONTROL__9658__2025021905,Grouped-random,train,NORMAL,OTHER_DISRUPTION,0.33023462,0.32506052,0.3447049
CONTROL__9658__2025032605,Grouped-random,train,NORMAL,OTHER_DISRUPTION,0.33023462,0.32506052,0.3447049
CONTROL__51235__2025051406,Grouped-random,train,NORMAL,ACCIDENT,0.34890792,0.36939067,0.28170136
CONTROL__51235__2025091006,Grouped-random,train,NORMAL,ACCIDENT,0.34446532,0.3890877,0.26644683
CONTROL__23067__2025082021,Grouped-random,train,NORMAL,NORMAL,0.357339,0.3270746,0.31558642
CONTROL__23067__2025091021,Grouped-random,train,NORMAL,OTHER_DISRUPTION,0.32536858,0.30028468,0.3743468
CONTROL__34016__2025041006,Grouped-random,train,NORMAL,ACCIDENT,0.34441584,0.3814955,0.2740887
CONTROL__34016__2025041706,Grouped-random,train,NORMAL,ACCIDENT,0.3493288,0.36991405,0.2807571
CONTROL__33014__2025010206,Grouped-random,train,NORMAL,NORMAL,0.3550088,0.35185322,0.29313797
CONTROL__33014__2025102306,Grouped-random,train,NORMAL,OTHER_DISRUPTION,0.33023462,0.32506052,0.3447049
CONTROL__33014__2025121106,Grouped-random,train,NORMAL,OTHER_DISRUPTION,0.33023462,0.32506052,0.3447049
CONTROL__33014__2025092506,Grouped-random,train,NORMAL,OTHER_DISRUPTION,0.33023462,0.32506052,0.3447049
CONTROL__7120__2025050106,Grouped-random,train,NORMAL,NORMAL,0.33573666,0.3338897,0.33037367
CONTROL__7120__2025032006,Grouped-random,train,NORMAL,ACCIDENT,0.3411278,0.37108395,0.28778824
CONTROL__7161__2025110608,Grouped-random,train,NORMAL,ACCIDENT,0.3545272,0.37162104,0.27385175
CONTROL__7161__2025032708,Grouped-random,train,NORMAL,ACCIDENT,0.35162646,0.37425014,0.2741233
CONTROL__50240__2025081410,Grouped-random,train,NORMAL,NORMAL,0.3619611,0.34126166,0.29677722
CONTROL__50240__2025060510,Grouped-random,train,NORMAL,NORMAL,0.36558652,0.33968666,0.2947268
CONTROL__68025__2025082900,Grouped-random,train,NORMAL,OTHER_DISRUPTION,0.3197231,0.32388806,0.35638878
CONTROL__68025__2025120500,Grouped-random,train,NORMAL,OTHER_DISRUPTION,0.31650862,0.3225778,0.36091357
CONTROL__7270__2025122007,Grouped-random,train,NORMAL,ACCIDENT,0.34814492,0.3782246,0.27363044
CONTROL__7270__2025052407,Grouped-random,train,NORMAL,ACCIDENT,0.34830096,0.37820953,0.27348962
CONTROL__T0085__2025082309,Grouped-random,train,NORMAL,ACCIDENT,0.32854155,0.34366384,0.32779452
CONTROL__T0085__2025092009,Grouped-random,train,NORMAL,NORMAL,0.3522767,0.3256253,0.32209802
CONTROL__7126__2025092804,Grouped-random,train,NORMAL,ACCIDENT,0.33360386,0.33474466,0.33165136
CONTROL__7126__2025112304,Grouped-random,train,NORMAL,OTHER_DISRUPTION,0.3336869,0.3303866,0.3359265
CONTROL__55049__2025091407,Grouped-random,train,NORMAL,OTHER_DISRUPTION,0.33023462,0.32506052,0.3447049
CONTROL__55049__2025042707,Grouped-random,train,NORMAL,NORMAL,0.3779199,0.30812314,0.31395698
CONTROL__F3FWY003__2025011220,Grouped-random,train,NORMAL,NORMAL,0.35915408,0.32668808,0.31415772
CONTROL__F3FWY003__2025051120,Grouped-random,train,NORMAL,OTHER_DISRUPTION,0.33023462,0.32506052,0.3447049
CONTROL__7112__2025022401,Grouped-random,train,NORMAL,OTHER_DISRUPTION,0.33023462,0.32506052,0.3447049
CONTROL__7112__2025012001,Grouped-random,train,NORMAL,OTHER_DISRUPTION,0.3342445,0.31205106,0.35370442
CONTROL__23067__2025062303,Grouped-random,train,NORMAL,OTHER_DISRUPTION,0.33963996,0.30270016,0.35765997
CONTROL__23067__2025033103,Grouped-random,train,NORMAL,NORMAL,0.3791297,0.3148625,0.3060078
CONTROL__7112__2025102005,Grouped-random,train,NORMAL,NORMAL,0.35684586,0.321006,0.32214803
CONTROL__7112__2025012705,Grouped-random,train,NORMAL,OTHER_DISRUPTION,0.33023462,0.32506052,0.3447049
CONTROL__F3FWY005__2025101320,Grouped-random,train,NORMAL,NORMAL,0.38111973,0.31848574,0.3003946
CONTROL__F3FWY005__2025120120,Grouped-random,train,NORMAL,NORMAL,0.38119903,0.31831905,0.30048198
CONTROL__7168__2025012721,Grouped-random,train,NORMAL,NORMAL,0.37879243,0.3029764,0.31823117
CONTROL__7168__2025031721,Grouped-random,train,NORMAL,NORMAL,0.41832668,0.30350617,0.27816707
CONTROL__7184__2025092307,Grouped-random,train,NORMAL,NORMAL,0.3519154,0.33613998,0.3119446
CONTROL__7184__2025012107,Grouped-random,train,NORMAL,OTHER_DISRUPTION,0.33023462,0.32506052,0.3447049
CONTROL__7112__2025042908,Grouped-random,train,NORMAL,ACCIDENT,0.36236647,0.36778817,0.2698453
CONTROL__7112__2025090908,Grouped-random,train,NORMAL,ACCIDENT,0.3637693,0.36723936,0.26899126
CONTROL__50240__2025072920,Grouped-random,train,NORMAL,NORMAL,0.35708055,0.32535914,0.31756032
CONTROL__50240__2025040120,Grouped-random,train,NORMAL,NORMAL,0.3623013,0.36162332,0.27607548
CONTROL__33014__2025102121,Grouped-random,train,NORMAL,OTHER_DISRUPTION,0.33023462,0.32506052,0.3447049
CONTROL__33014__2025051321,Grouped-random,train,NORMAL,OTHER_DISRUPTION,0.3091284,0.33061007,0.36026147
CONTROL__68025__2025071522,Grouped-random,train,NORMAL,NORMAL,0.3707178,0.30443862,0.32484356
CONTROL__68025__2025111822,Grouped-random,train,NORMAL,OTHER_DISRUPTION,0.3206311,0.3333113,0.34605753
CONTROL__7132__2025070901,Grouped-random,train,NORMAL,NORMAL,0.3627381,0.2765653,0.36069658
CONTROL__7132__2025082001,Grouped-random,train,NORMAL,OTHER_DISRUPTION,0.32996902,0.3003118,0.3697192
CONTROL__7164__2025081306,Grouped-random,train,NORMAL,ACCIDENT,0.34732968,0.36303487,0.2896355
CONTROL__7164__2025021906,Grouped-random,train,NORMAL,OTHER_DISRUPTION,0.33023462,0.32506052,0.3447049
CONTROL__7179__2025091706,Grouped-random,train,NORMAL,NORMAL,0.35717696,0.33507782,0.30774522
CONTROL__7179__2025102206,Grouped-random,train,NORMAL,ACCIDENT,0.34889036,0.3773746,0.273735
CONTROL__33014__2025072311,Grouped-random,train,NORMAL,OTHER_DISRUPTION,0.33023462,0.32506052,0.3447049
CONTROL__33014__2025100111,Grouped-random,train,NORMAL,OTHER_DISRUPTION,0.33023462,0.32506052,0.3447049
CONTROL__7163__2025040214,Grouped-random,train,NORMAL,NORMAL,0.36724514,0.3406142,0.2921406
CONTROL__7163__2025070914,Grouped-random,train,NORMAL,OTHER_DISRUPTION,0.33023462,0.32506052,0.3447049
CONTROL__7112__2025040918,Grouped-random,train,NORMAL,NORMAL,0.34778646,0.31930032,0.33291325
CONTROL__7112__2025060418,Grouped-random,train,NORMAL,OTHER_DISRUPTION,0.33671066,0.32476875,0.33852053
CONTROL__7112__2025061823,Grouped-random,train,NORMAL,NORMAL,0.37036806,0.30651185,0.32312006
CONTROL__7112__2025041623,Grouped-random,train,NORMAL,NORMAL,0.37199402,0.31026462,0.31774136
CONTROL__7159__2025103001,Grouped-random,train,NORMAL,NORMAL,0.3766779,0.30306295,0.32025924
CONTROL__7159__2025122501,Grouped-random,train,NORMAL,NORMAL,0.35868618,0.30840224,0.33291155
CONTROL__7112__2025090402,Grouped-random,train,NORMAL,NORMAL,0.3698654,0.267713,0.3624217
CONTROL__7112__2025071702,Grouped-random,train,NORMAL,OTHER_DISRUPTION,0.34404078,0.2793216,0.3766376
CONTROL__7120__2025062604,Grouped-random,train,NORMAL,NORMAL,0.34873733,0.3159184,0.33534434
CONTROL__7120__2025072404,Grouped-random,train,NORMAL,NORMAL,0.37336072,0.31040058,0.3162387
CONTROL__7121__2025032704,Grouped-random,train,NORMAL,OTHER_DISRUPTION,0.33023462,0.32506052,0.3447049
CONTROL__7121__2025112704,Grouped-random,train,NORMAL,NORMAL,0.36693564,0.28437957,0.34868485
CONTROL__7164__2025050104,Grouped-random,train,NORMAL,NORMAL,0.38359374,0.29229957,0.3241067
CONTROL__7164__2025060504,Grouped-random,train,NORMAL,NORMAL,0.36007684,0.32483694,0.3150862
CONTROL__57025__2025021307,Grouped-random,train,NORMAL,OTHER_DISRUPTION,0.33023462,0.32506052,0.3447049
CONTROL__57025__2025062607,Grouped-random,train,NORMAL,NORMAL,0.3413503,0.33106485,0.3275848
CONTROL__7153__2025032709,Grouped-random,train,NORMAL,OTHER_DISRUPTION,0.33023462,0.32506052,0.3447049
CONTROL__7153__2025020609,Grouped-random,train,NORMAL,OTHER_DISRUPTION,0.33023462,0.32506052,0.3447049
CONTROL__7184__2025061211,Grouped-random,train,NORMAL,NORMAL,0.35996073,0.3384029,0.30163637
CONTROL__7184__2025072411,Grouped-random,train,NORMAL,NORMAL,0.36287722,0.33296394,0.3041589
CONTROL__7275__2025050821,Grouped-random,train,NORMAL,NORMAL,0.37891483,0.29748127,0.32360393
CONTROL__7275__2025120421,Grouped-random,train,NORMAL,ACCIDENT,0.328812,0.33627906,0.33490887
CONTROL__23067__2025081504,Grouped-random,train,NORMAL,NORMAL,0.3562865,0.30698058,0.3367328
CONTROL__23067__2025101004,Grouped-random,train,NORMAL,ACCIDENT,0.3461157,0.38801455,0.26586974
CONTROL__7248__2025112807,Grouped-random,train,NORMAL,NORMAL,0.35048643,0.34212655,0.30738705
CONTROL__7248__2025011007,Grouped-random,train,NORMAL,ACCIDENT,0.34397426,0.37794906,0.2780767
CONTROL__50240__2025041901,Grouped-random,train,NORMAL,OTHER_DISRUPTION,0.32375294,0.31273893,0.36350814
CONTROL__50240__2025060701,Grouped-random,train,NORMAL,ACCIDENT,0.2994292,0.39621973,0.30435106
CONTROL__47024__2025052407,Grouped-random,train,NORMAL,ACCIDENT,0.35563284,0.36858353,0.2757837
CONTROL__47024__2025051707,Grouped-random,train,NORMAL,ACCIDENT,0.35563666,0.3657183,0.27864504
CONTROL__53004__2025042000,Grouped-random,train,NORMAL,ACCIDENT,0.32867151,0.34672788,0.32460058
CONTROL__53004__2025061500,Grouped-random,train,NORMAL,NORMAL,0.35621914,0.31050918,0.33327156
CONTROL__7139__2025112300,Grouped-random,train,NORMAL,ACCIDENT,0.33001196,0.36305183,0.30693612
CONTROL__7139__2025030900,Grouped-random,train,NORMAL,OTHER_DISRUPTION,0.33023462,0.32506052,0.3447049
CONTROL__68025__2025080304,Grouped-random,train,NORMAL,NORMAL,0.36767128,0.30000407,0.33232465
CONTROL__68025__2025102604,Grouped-random,train,NORMAL,NORMAL,0.36994568,0.3013648,0.32868955
CONTROL__T0231__2025081005,Grouped-random,train,NORMAL,NORMAL,0.38245216,0.3093216,0.30822617
CONTROL__T0231__2025011905,Grouped-random,train,NORMAL,OTHER_DISRUPTION,0.33023462,0.32506052,0.3447049
CONTROL__9658__2025110207,Grouped-random,train,NORMAL,NORMAL,0.34129414,0.32218745,0.33651844
CONTROL__9658__2025012607,Grouped-random,train,NORMAL,OTHER_DISRUPTION,0.33812925,0.32299337,0.33887735
CONTROL__22001__2025090710,Grouped-random,train,NORMAL,OTHER_DISRUPTION,0.33023462,0.32506052,0.3447049
CONTROL__22001__2025122810,Grouped-random,train,NORMAL,OTHER_DISRUPTION,0.33023462,0.32506052,0.3447049
CONTROL__7120__2025051111,Grouped-random,train,NORMAL,NORMAL,0.36244553,0.35711965,0.28043482
CONTROL__7120__2025012611,Grouped-random,train,NORMAL,ACCIDENT,0.3250658,0.34110725,0.33382693
CONTROL__7168__2025122818,Grouped-random,train,NORMAL,NORMAL,0.36741218,0.33288816,0.29969963
CONTROL__7168__2025051818,Grouped-random,train,NORMAL,NORMAL,0.36917812,0.33029467,0.30052716
CONTROL__7161__2025011219,Grouped-random,train,NORMAL,OTHER_DISRUPTION,0.33023462,0.32506052,0.3447049
CONTROL__7161__2025070619,Grouped-random,train,NORMAL,NORMAL,0.34060273,0.31879592,0.34060138
CONTROL__7161__2025090802,Grouped-random,train,NORMAL,OTHER_DISRUPTION,0.32506585,0.28420323,0.390731
CONTROL__7161__2025112402,Grouped-random,train,NORMAL,OTHER_DISRUPTION,0.3263368,0.2836927,0.38997054
CONTROL__7179__2025032500,Grouped-random,train,NORMAL,NORMAL,0.35471997,0.32408258,0.32119733
CONTROL__7179__2025070100,Grouped-random,train,NORMAL,NORMAL,0.38254875,0.3281769,0.2892744
CONTROL__29005__2025051304,Grouped-random,train,NORMAL,NORMAL,0.37220022,0.2987349,0.32906482
CONTROL__29005__2025080504,Grouped-random,train,NORMAL,NORMAL,0.37177107,0.30816576,0.3200631
CONTROL__10011__2025093012,Grouped-random,train,NORMAL,OTHER_DISRUPTION,0.33023462,0.32506052,0.3447049
CONTROL__10011__2025061012,Grouped-random,train,NORMAL,OTHER_DISRUPTION,0.33023462,0.32506052,0.3447049
CONTROL__7139__2025102812,Grouped-random,train,NORMAL,NORMAL,0.3788879,0.36735258,0.25375953
CONTROL__7139__2025090212,Grouped-random,train,NORMAL,NORMAL,0.3727232,0.33074096,0.29653588
CONTROL__9658__2025052021,Grouped-random,train,NORMAL,OTHER_DISRUPTION,0.33628592,0.28073716,0.38297695
CONTROL__9658__2025030421,Grouped-random,train,NORMAL,NORMAL,0.40804195,0.33204544,0.25991267
CONTROL__10011__2025071602,Grouped-random,train,NORMAL,OTHER_DISRUPTION,0.33023462,0.32506052,0.3447049
CONTROL__10011__2025012902,Grouped-random,train,NORMAL,ACCIDENT,0.32856315,0.34389988,0.32753703
CONTROL__7139__2025022602,Grouped-random,train,NORMAL,OTHER_DISRUPTION,0.33023462,0.32506052,0.3447049
CONTROL__7139__2025012202,Grouped-random,train,NORMAL,OTHER_DISRUPTION,0.3154701,0.31668666,0.3678432
CONTROL__7168__2025041604,Grouped-random,train,NORMAL,NORMAL,0.34432104,0.3171918,0.33848706
CONTROL__7168__2025111904,Grouped-random,train,NORMAL,NORMAL,0.35122636,0.30074176,0.34803188
CONTROL__47024__2025101619,Grouped-random,train,NORMAL,OTHER_DISRUPTION,0.31826544,0.3125463,0.36918828
CONTROL__47024__2025042419,Grouped-random,train,NORMAL,OTHER_DISRUPTION,0.32452756,0.31256628,0.36290625
CONTROL__T0288__2025081423,Grouped-random,train,NORMAL,OTHER_DISRUPTION,0.33023462,0.32506052,0.3447049
CONTROL__T0288__2025101623,Grouped-random,train,NORMAL,OTHER_DISRUPTION,0.33023462,0.32506052,0.3447049
CONTROL__T0290__2025121823,Grouped-random,train,NORMAL,OTHER_DISRUPTION,0.33023462,0.32506052,0.3447049
CONTROL__T0290__2025100223,Grouped-random,train,NORMAL,OTHER_DISRUPTION,0.33023462,0.32506052,0.3447049
CONTROL__7248__2025052301,Grouped-random,train,NORMAL,NORMAL,0.3743679,0.28731143,0.33832064
CONTROL__7248__2025090501,Grouped-random,train,NORMAL,NORMAL,0.3604064,0.29161775,0.34797585
CONTROL__7139__2025061301,Grouped-random,train,NORMAL,OTHER_DISRUPTION,0.32054597,0.30463526,0.3748188
CONTROL__7139__2025082201,Grouped-random,train,NORMAL,OTHER_DISRUPTION,0.32290936,0.30741814,0.3696725
CONTROL__7274__2025030703,Grouped-random,train,NORMAL,NORMAL,0.38860115,0.2812615,0.33013737
CONTROL__7274__2025111403,Grouped-random,train,NORMAL,NORMAL,0.38812205,0.28469458,0.32718334
CONTROL__53003__2025010308,Grouped-random,train,NORMAL,NORMAL,0.34560823,0.345474,0.30891773
CONTROL__53003__2025101708,Grouped-random,train,NORMAL,NORMAL,0.35407633,0.33531833,0.31060544
CONTROL__7248__2025022817,Grouped-random,train,NORMAL,OTHER_DISRUPTION,0.33023462,0.32506052,0.3447049
CONTROL__7248__2025100317,Grouped-random,train,NORMAL,NORMAL,0.36498716,0.36210853,0.27290428
CONTROL__7248__2025010404,Grouped-random,train,NORMAL,NORMAL,0.37935606,0.3050624,0.3155815
CONTROL__7248__2025121304,Grouped-random,train,NORMAL,NORMAL,0.35596615,0.31496742,0.3290664
CONTROL__7126__2025011821,Grouped-random,train,NORMAL,OTHER_DISRUPTION,0.32360354,0.3351457,0.34125075
CONTROL__7126__2025092021,Grouped-random,train,NORMAL,NORMAL,0.3643427,0.29339093,0.34226638
CONTROL__53003__2025071223,Grouped-random,train,NORMAL,OTHER_DISRUPTION,0.32771912,0.33181554,0.34046525
CONTROL__53003__2025080923,Grouped-random,train,NORMAL,NORMAL,0.3689243,0.2820382,0.3490375
CONTROL__7251__2025092803,Grouped-random,train,NORMAL,NORMAL,0.3785214,0.33027676,0.2912019
CONTROL__7251__2025072703,Grouped-random,train,NORMAL,NORMAL,0.37792176,0.33038795,0.29169023
CONTROL__7112__2025081721,Grouped-random,train,NORMAL,NORMAL,0.36976707,0.2889988,0.34123418
CONTROL__7112__2025020221,Grouped-random,train,NORMAL,OTHER_DISRUPTION,0.33023462,0.32506052,0.3447049
CONTROL__7163__2025082503,Grouped-random,train,NORMAL,NORMAL,0.3736823,0.27407184,0.35224584
CONTROL__7163__2025081103,Grouped-random,train,NORMAL,OTHER_DISRUPTION,0.33803824,0.29009315,0.37186867
CONTROL__68025__2025040718,Grouped-random,train,NORMAL,OTHER_DISRUPTION,0.3350185,0.32694706,0.3380345
CONTROL__68025__2025012018,Grouped-random,train,NORMAL,OTHER_DISRUPTION,0.3190895,0.31297925,0.36793134
CONTROL__53004__2025060920,Grouped-random,train,NORMAL,OTHER_DISRUPTION,0.3258414,0.33376774,0.3403909
CONTROL__53004__2025021020,Grouped-random,train,NORMAL,OTHER_DISRUPTION,0.33023462,0.32506052,0.3447049
CONTROL__50240__2025062410,Grouped-random,train,NORMAL,NORMAL,0.38171872,0.36394867,0.25433272
CONTROL__50240__2025052710,Grouped-random,train,NORMAL,NORMAL,0.36172363,0.33962995,0.29864636
CONTROL__68025__2025112602,Grouped-random,train,NORMAL,OTHER_DISRUPTION,0.31907913,0.30019,0.38073087
CONTROL__68025__2025071602,Grouped-random,train,NORMAL,OTHER_DISRUPTION,0.3576768,0.27016622,0.37215695
CONTROL__7132__2025081306,Grouped-random,train,NORMAL,ACCIDENT,0.33617517,0.33888155,0.32494324
CONTROL__7132__2025100806,Grouped-random,train,NORMAL,NORMAL,0.33815646,0.33774358,0.3241
CONTROL__T0085__2025051506,Grouped-random,train,NORMAL,ACCIDENT,0.32793295,0.35139772,0.32066935
CONTROL__T0085__2025060506,Grouped-random,train,NORMAL,ACCIDENT,0.3285511,0.33872956,0.33271936
CONTROL__T0342__2025061223,Grouped-random,train,NORMAL,OTHER_DISRUPTION,0.31186005,0.31379288,0.37434706
CONTROL__T0342__2025091123,Grouped-random,train,NORMAL,OTHER_DISRUPTION,0.33402085,0.3304206,0.3355585
CONTROL__7179__2025073123,Grouped-random,train,NORMAL,NORMAL,0.3763238,0.31913835,0.30453786
CONTROL__7179__2025013023,Grouped-random,train,NORMAL,OTHER_DISRUPTION,0.33023462,0.32506052,0.3447049
CONTROL__10011__2025040407,Grouped-random,train,NORMAL,OTHER_DISRUPTION,0.33023462,0.32506052,0.3447049
CONTROL__10011__2025012407,Grouped-random,train,NORMAL,ACCIDENT,0.33932278,0.38702202,0.27365524
CONTROL__7139__2025022807,Grouped-random,train,NORMAL,OTHER_DISRUPTION,0.33023462,0.32506052,0.3447049
CONTROL__7139__2025111407,Grouped-random,train,NORMAL,ACCIDENT,0.3424898,0.39981344,0.25769675
CONTROL__7121__2025072600,Grouped-random,train,NORMAL,NORMAL,0.35910684,0.31108677,0.32980636
CONTROL__7121__2025110800,Grouped-random,train,NORMAL,OTHER_DISRUPTION,0.33023462,0.32506052,0.3447049
CONTROL__F3FWY001__2025042605,Grouped-random,train,NORMAL,NORMAL,0.3578124,0.3151305,0.32705715
CONTROL__F3FWY001__2025010405,Grouped-random,train,NORMAL,NORMAL,0.36582118,0.30839163,0.32578707
CONTROL__7112__2025060109,Grouped-random,train,NORMAL,ACCIDENT,0.3328197,0.33989212,0.3272882
CONTROL__7112__2025121409,Grouped-random,train,NORMAL,NORMAL,0.34042984,0.3282208,0.3313493
CONTROL__53004__2025113013,Grouped-random,train,NORMAL,NORMAL,0.3703509,0.3647732,0.26487586
CONTROL__53004__2025050413,Grouped-random,train,NORMAL,NORMAL,0.37227222,0.3640824,0.26364544
CONTROL__7139__2025062916,Grouped-random,train,NORMAL,NORMAL,0.34146178,0.32585165,0.33268663
CONTROL__7139__2025121416,Grouped-random,train,NORMAL,ACCIDENT,0.36475402,0.38338926,0.25185668
CONTROL__7179__2025061605,Grouped-random,train,NORMAL,NORMAL,0.36108065,0.32101932,0.31790006
CONTROL__7179__2025021005,Grouped-random,train,NORMAL,OTHER_DISRUPTION,0.33023462,0.32506052,0.3447049
CONTROL__51235__2025021008,Grouped-random,train,NORMAL,OTHER_DISRUPTION,0.33023462,0.32506052,0.3447049
CONTROL__51235__2025040708,Grouped-random,train,NORMAL,ACCIDENT,0.3581877,0.38124958,0.2605627
CONTROL__7132__2025070722,Grouped-random,train,NORMAL,NORMAL,0.33966714,0.32437915,0.33595365
CONTROL__7132__2025021722,Grouped-random,train,NORMAL,OTHER_DISRUPTION,0.33023462,0.32506052,0.3447049
CONTROL__50240__2025121606,Grouped-random,train,NORMAL,NORMAL,0.34946886,0.33073452,0.31979668
CONTROL__50240__2025021806,Grouped-random,train,NORMAL,OTHER_DISRUPTION,0.33023462,0.32506052,0.3447049
CONTROL__7161__2025021815,Grouped-random,train,NORMAL,OTHER_DISRUPTION,0.33023462,0.32506052,0.3447049
CONTROL__7161__2025102115,Grouped-random,train,NORMAL,NORMAL,0.3532926,0.3254826,0.3212247
CONTROL__7248__2025030518,Grouped-random,train,NORMAL,NORMAL,0.375045,0.35039172,0.2745632
CONTROL__7248__2025100118,Grouped-random,train,NORMAL,NORMAL,0.36782444,0.35773563,0.2744399
CONTROL__7179__2025091803,Grouped-random,train,NORMAL,NORMAL,0.36651173,0.28928667,0.34420165
CONTROL__7179__2025081403,Grouped-random,train,NORMAL,NORMAL,0.39225194,0.29306155,0.31468654
CONTROL__10011__2025041708,Grouped-random,train,NORMAL,OTHER_DISRUPTION,0.33023462,0.32506052,0.3447049
CONTROL__10011__2025112008,Grouped-random,train,NORMAL,OTHER_DISRUPTION,0.33023462,0.32506052,0.3447049
CONTROL__7139__2025011608,Grouped-random,train,NORMAL,ACCIDENT,0.32626307,0.346254,0.32748294
CONTROL__7139__2025041708,Grouped-random,train,NORMAL,NORMAL,0.34981754,0.34239534,0.3077871
CONTROL__68025__2025101619,Grouped-random,train,NORMAL,NORMAL,0.33754793,0.3255717,0.33688048
CONTROL__68025__2025061919,Grouped-random,train,NORMAL,NORMAL,0.3665483,0.36172,0.27173167
CONTROL__50240__2025080103,Grouped-random,train,NORMAL,OTHER_DISRUPTION,0.3609612,0.2775866,0.36145213
CONTROL__50240__2025030703,Grouped-random,train,NORMAL,OTHER_DISRUPTION,0.33023462,0.32506052,0.3447049
CONTROL__7163__2025032104,Grouped-random,train,NORMAL,NORMAL,0.35381353,0.30381155,0.34237492
CONTROL__7163__2025111404,Grouped-random,train,NORMAL,NORMAL,0.35611513,0.30301434,0.3408705
CONTROL__7274__2025011721,Grouped-random,train,NORMAL,NORMAL,0.368293,0.30399543,0.3277116
CONTROL__7274__2025030721,Grouped-random,train,NORMAL,NORMAL,0.40530682,0.33377314,0.26091996
CONTROL__10011__2025071901,Grouped-random,train,NORMAL,OTHER_DISRUPTION,0.33023462,0.32506052,0.3447049
CONTROL__10011__2025121301,Grouped-random,train,NORMAL,OTHER_DISRUPTION,0.33023462,0.32506052,0.3447049
CONTROL__7139__2025101801,Grouped-random,train,NORMAL,NORMAL,0.38170275,0.33270016,0.2855971
CONTROL__7139__2025071901,Grouped-random,train,NORMAL,NORMAL,0.37469974,0.32922474,0.29607558
CONTROL__F3FWY001__2025121319,Grouped-random,train,NORMAL,NORMAL,0.38637844,0.3561256,0.25749594
CONTROL__F3FWY001__2025011119,Grouped-random,train,NORMAL,OTHER_DISRUPTION,0.33023462,0.32506052,0.3447049
CONTROL__33014__2025020210,Grouped-random,train,NORMAL,OTHER_DISRUPTION,0.33023462,0.32506052,0.3447049
CONTROL__33014__2025082410,Grouped-random,train,NORMAL,OTHER_DISRUPTION,0.33023462,0.32506052,0.3447049
CONTROL__29005__2025120108,Grouped-random,train,NORMAL,NORMAL,0.3550867,0.3426164,0.3022969
CONTROL__29005__2025120808,Grouped-random,train,NORMAL,NORMAL,0.35228893,0.34844005,0.299271
CONTROL__T0288__2025062402,Grouped-random,train,NORMAL,OTHER_DISRUPTION,0.33023462,0.32506052,0.3447049
CONTROL__T0288__2025021102,Grouped-random,train,NORMAL,OTHER_DISRUPTION,0.33023462,0.32506052,0.3447049
CONTROL__T0290__2025070802,Grouped-random,train,NORMAL,OTHER_DISRUPTION,0.31697255,0.31107527,0.37195206
CONTROL__T0290__2025082602,Grouped-random,train,NORMAL,OTHER_DISRUPTION,0.3183063,0.31254938,0.36914438
CONTROL__T0479-PR__2025091602,Grouped-random,train,NORMAL,OTHER_DISRUPTION,0.33668032,0.27787787,0.38544175
CONTROL__T0479-PR__2025061702,Grouped-random,train,NORMAL,NORMAL,0.39205334,0.26806307,0.33988354
CONTROL__7179__2025042903,Grouped-random,train,NORMAL,NORMAL,0.3657418,0.2827037,0.35155448
CONTROL__7179__2025012103,Grouped-random,train,NORMAL,NORMAL,0.3922943,0.29516792,0.31253776
CONTROL__7132__2025061706,Grouped-random,train,NORMAL,ACCIDENT,0.33877385,0.39938715,0.261839
CONTROL__7132__2025021806,Grouped-random,train,NORMAL,OTHER_DISRUPTION,0.33023462,0.32506052,0.3447049
CONTROL__7164__2025110406,Grouped-random,train,NORMAL,NORMAL,0.34635273,0.3283602,0.3252871
CONTROL__7164__2025051306,Grouped-random,train,NORMAL,NORMAL,0.34909987,0.32480684,0.32609332
CONTROL__23067__2025042206,Grouped-random,train,NORMAL,NORMAL,0.34525412,0.325846,0.32889983
CONTROL__23067__2025022506,Grouped-random,train,NORMAL,OTHER_DISRUPTION,0.33023462,0.32506052,0.3447049
CONTROL__53004__2025072208,Grouped-random,train,NORMAL,NORMAL,0.35134524,0.33032516,0.31832963
CONTROL__53004__2025061708,Grouped-random,train,NORMAL,NORMAL,0.35201108,0.3317945,0.3161944
CONTROL__7251__2025020408,Grouped-random,train,NORMAL,OTHER_DISRUPTION,0.33023462,0.32506052,0.3447049
CONTROL__7251__2025101408,Grouped-random,train,NORMAL,ACCIDENT,0.34579763,0.36767262,0.28652972
CONTROL__7184__2025031122,Grouped-random,train,NORMAL,ACCIDENT,0.33319044,0.3374079,0.3294017
CONTROL__7184__2025101422,Grouped-random,train,NORMAL,NORMAL,0.37750813,0.3090818,0.31341
CONTROL__7161__2025050703,Grouped-random,train,NORMAL,NORMAL,0.35544437,0.30666548,0.33789015
CONTROL__7161__2025073003,Grouped-random,train,NORMAL,OTHER_DISRUPTION,0.3519465,0.29402602,0.3540275
CONTROL__23067__2025010112,Grouped-random,train,NORMAL,ACCIDENT,0.32841665,0.33778816,0.33379516
CONTROL__23067__2025101512,Grouped-random,train,NORMAL,NORMAL,0.3586054,0.32503623,0.31635833
CONTROL__7179__2025050722,Grouped-random,train,NORMAL,NORMAL,0.34704012,0.32957545,0.3233844
CONTROL__7179__2025111922,Grouped-random,train,NORMAL,NORMAL,0.35193786,0.3263731,0.32168895
CONTROL__7161__2025082805,Grouped-random,train,NORMAL,NORMAL,0.35510835,0.31131968,0.3335719
CONTROL__7161__2025022705,Grouped-random,train,NORMAL,OTHER_DISRUPTION,0.33023462,0.32506052,0.3447049
CONTROL__68025__2025041722,Grouped-random,train,NORMAL,NORMAL,0.37232876,0.29785427,0.32981703
CONTROL__68025__2025050122,Grouped-random,train,NORMAL,OTHER_DISRUPTION,0.3274801,0.32790342,0.34461644
CONTROL__7168__2025010222,Grouped-random,train,NORMAL,ACCIDENT,0.33370912,0.33382255,0.3324683
CONTROL__7168__2025080722,Grouped-random,train,NORMAL,NORMAL,0.35951585,0.30656174,0.3339224
CONTROL__7164__2025082202,Grouped-random,train,NORMAL,OTHER_DISRUPTION,0.34794623,0.2825082,0.36954552
CONTROL__7164__2025103102,Grouped-random,train,NORMAL,OTHER_DISRUPTION,0.34167135,0.31656778,0.3417609
CONTROL__7112__2025022805,Grouped-random,train,NORMAL,OTHER_DISRUPTION,0.33023462,0.32506052,0.3447049
CONTROL__7112__2025091905,Grouped-random,train,NORMAL,NORMAL,0.35810468,0.31788245,0.3240129
CONTROL__33014__2025022105,Grouped-random,train,NORMAL,OTHER_DISRUPTION,0.33023462,0.32506052,0.3447049
CONTROL__33014__2025042505,Grouped-random,train,NORMAL,ACCIDENT,0.3276401,0.34553358,0.32682636
CONTROL__T0288__2025050906,Grouped-random,train,NORMAL,NORMAL,0.34883183,0.34440923,0.30675894
CONTROL__T0288__2025021406,Grouped-random,train,NORMAL,OTHER_DISRUPTION,0.33023462,0.32506052,0.3447049
CONTROL__T0290__2025102406,Grouped-random,train,NORMAL,OTHER_DISRUPTION,0.33023462,0.32506052,0.3447049
CONTROL__T0290__2025052306,Grouped-random,train,NORMAL,OTHER_DISRUPTION,0.32239607,0.31762415,0.3599798
CONTROL__T0479-PR__2025050206,Grouped-random,train,NORMAL,ACCIDENT,0.34051195,0.35127604,0.30821207
CONTROL__T0479-PR__2025041806,Grouped-random,train,NORMAL,ACCIDENT,0.3361939,0.34192535,0.3218808
CONTROL__22001__2025101706,Grouped-random,train,NORMAL,OTHER_DISRUPTION,0.33023462,0.32506052,0.3447049
CONTROL__22001__2025103106,Grouped-random,train,NORMAL,OTHER_DISRUPTION,0.33023462,0.32506052,0.3447049
CONTROL__68025__2025053107,Grouped-random,train,NORMAL,NORMAL,0.36627376,0.33772215,0.29600415
CONTROL__68025__2025122007,Grouped-random,train,NORMAL,OTHER_DISRUPTION,0.33023462,0.32506052,0.3447049
CONTROL__7112__2025040620,Grouped-random,train,NORMAL,NORMAL,0.3696891,0.33928445,0.2910265
CONTROL__7112__2025011920,Grouped-random,train,NORMAL,NORMAL,0.36678952,0.34535852,0.287852
CONTROL__7179__2025092900,Grouped-random,train,NORMAL,NORMAL,0.3494237,0.32925382,0.3213224
CONTROL__7179__2025072100,Grouped-random,train,NORMAL,NORMAL,0.369618,0.31638533,0.31399664
CONTROL__7179__2025090100,Grouped-random,train,NORMAL,NORMAL,0.38188374,0.32846868,0.28964758
CONTROL__7179__2025012000,Grouped-random,train,NORMAL,OTHER_DISRUPTION,0.32555816,0.3136883,0.36075348
CONTROL__7179__2025090103,Grouped-random,train,NORMAL,NORMAL,0.39066103,0.29597536,0.31336364
CONTROL__7179__2025052603,Grouped-random,train,NORMAL,NORMAL,0.39136747,0.29666787,0.31196457
CONTROL__9849__2025122905,Grouped-random,train,NORMAL,OTHER_DISRUPTION,0.33448985,0.32947114,0.33603892
CONTROL__9849__2025063005,Grouped-random,train,NORMAL,NORMAL,0.33733985,0.33057508,0.33208516
CONTROL__50260__2025040706,Grouped-random,train,NORMAL,ACCIDENT,0.34416258,0.39368156,0.26215583
CONTROL__50260__2025052606,Grouped-random,train,NORMAL,NORMAL,0.34762752,0.3428747,0.30949777
CONTROL__7132__2025012007,Grouped-random,train,NORMAL,ACCIDENT,0.33992165,0.38502473,0.2750536
CONTROL__7132__2025042107,Grouped-random,train,NORMAL,ACCIDENT,0.32882828,0.34227282,0.32889894
CONTROL__33014__2025052608,Grouped-random,train,NORMAL,NORMAL,0.3535245,0.32835287,0.31812263
CONTROL__33014__2025091508,Grouped-random,train,NORMAL,OTHER_DISRUPTION,0.33023462,0.32506052,0.3447049
CONTROL__50240__2025033109,Grouped-random,train,NORMAL,NORMAL,0.36946377,0.33171242,0.29882377
CONTROL__50240__2025061609,Grouped-random,train,NORMAL,NORMAL,0.3740804,0.3701532,0.25576636
CONTROL__F3FWY002__2025052621,Grouped-random,train,NORMAL,NORMAL,0.35415262,0.3243066,0.32154077
CONTROL__F3FWY002__2025120121,Grouped-random,train,NORMAL,OTHER_DISRUPTION,0.33023462,0.32506052,0.3447049
CONTROL__53004__2025071504,Grouped-random,train,NORMAL,NORMAL,0.36527577,0.30110925,0.3336149
CONTROL__53004__2025031804,Grouped-random,train,NORMAL,NORMAL,0.36403948,0.3030674,0.3328931
CONTROL__10011__2025010722,Grouped-random,train,NORMAL,NORMAL,0.37098122,0.30737433,0.32164446
CONTROL__10011__2025031122,Grouped-random,train,NORMAL,OTHER_DISRUPTION,0.35978732,0.27918702,0.3610257
CONTROL__7139__2025012122,Grouped-random,train,NORMAL,OTHER_DISRUPTION,0.33677554,0.32387468,0.33934975
CONTROL__7139__2025121622,Grouped-random,train,NORMAL,NORMAL,0.3744804,0.3182096,0.30731004
CONTROL__53003__2025030423,Grouped-random,train,NORMAL,OTHER_DISRUPTION,0.32713845,0.3252208,0.34764078
CONTROL__53003__2025040123,Grouped-random,train,NORMAL,OTHER_DISRUPTION,0.33331868,0.3210098,0.34567156
CONTROL__T0479-PR__2025020500,Grouped-random,train,NORMAL,OTHER_DISRUPTION,0.33023462,0.32506052,0.3447049
CONTROL__T0479-PR__2025073000,Grouped-random,train,NORMAL,OTHER_DISRUPTION,0.32996768,0.3329257,0.33710667
CONTROL__74228__2025031906,Grouped-random,train,NORMAL,ACCIDENT,0.3497235,0.35659134,0.29368505
CONTROL__74228__2025091006,Grouped-random,train,NORMAL,ACCIDENT,0.34853762,0.35623488,0.29522744
CONTROL__9849__2025091020,Grouped-random,train,NORMAL,OTHER_DISRUPTION,0.32794797,0.31479895,0.35725307
CONTROL__9849__2025091720,Grouped-random,train,NORMAL,OTHER_DISRUPTION,0.32628787,0.3159259,0.3577862
CONTROL__9658__2025052123,Grouped-random,train,NORMAL,NORMAL,0.36994356,0.30899614,0.3210603
CONTROL__9658__2025060423,Grouped-random,train,NORMAL,NORMAL,0.3731192,0.30112764,0.32575315
CONTROL__51235__2025050101,Grouped-random,train,NORMAL,NORMAL,0.3389892,0.33329162,0.32771918
CONTROL__51235__2025072401,Grouped-random,train,NORMAL,OTHER_DISRUPTION,0.3476129,0.30148974,0.35089746
CONTROL__50240__2025090407,Grouped-random,train,NORMAL,ACCIDENT,0.34127596,0.3985363,0.26018777
CONTROL__50240__2025081407,Grouped-random,train,NORMAL,NORMAL,0.35361317,0.3389794,0.30740747
CONTROL__9834-PR__2025070309,Grouped-random,train,NORMAL,NORMAL,0.3409349,0.33211106,0.32695398
CONTROL__9834-PR__2025091109,Grouped-random,train,NORMAL,NORMAL,0.3425418,0.32429722,0.3331609
CONTROL__7270__2025080800,Grouped-random,train,NORMAL,NORMAL,0.34905398,0.30858025,0.34236577
CONTROL__7270__2025022100,Grouped-random,train,NORMAL,OTHER_DISRUPTION,0.33023462,0.32506052,0.3447049
CONTROL__F3FWY003__2025111400,Grouped-random,train,NORMAL,NORMAL,0.37548068,0.32713646,0.29738295
CONTROL__F3FWY003__2025121900,Grouped-random,train,NORMAL,ACCIDENT,0.29381797,0.3813912,0.32479078
CONTROL__7126__2025021401,Grouped-random,train,NORMAL,OTHER_DISRUPTION,0.33023462,0.32506052,0.3447049
CONTROL__7126__2025020701,Grouped-random,train,NORMAL,OTHER_DISRUPTION,0.33023462,0.32506052,0.3447049
CONTROL__7274__2025010405,Grouped-random,train,NORMAL,OTHER_DISRUPTION,0.3390706,0.3205231,0.34040624
CONTROL__7274__2025100405,Grouped-random,train,NORMAL,NORMAL,0.34471446,0.3134338,0.34185174
CONTROL__7168__2025050306,Grouped-random,train,NORMAL,NORMAL,0.36590135,0.31175193,0.32234675
CONTROL__7168__2025110806,Grouped-random,train,NORMAL,NORMAL,0.36804414,0.3064644,0.3254915
CONTROL__7153__2025110809,Grouped-random,train,NORMAL,ACCIDENT,0.35989708,0.365424,0.27467892
CONTROL__7153__2025060709,Grouped-random,train,NORMAL,NORMAL,0.35650432,0.31588247,0.32761323
CONTROL__9658__2025042622,Grouped-random,train,NORMAL,ACCIDENT,0.33357963,0.3361394,0.33028093
CONTROL__9658__2025041222,Grouped-random,train,NORMAL,OTHER_DISRUPTION,0.3295244,0.33087268,0.33960298
CONTROL__51235__2025033003,Grouped-random,train,NORMAL,NORMAL,0.37960824,0.28429124,0.33610052
CONTROL__51235__2025021603,Grouped-random,train,NORMAL,OTHER_DISRUPTION,0.33023462,0.32506052,0.3447049
CONTROL__7270__2025122808,Grouped-random,train,NORMAL,ACCIDENT,0.36015168,0.36214083,0.27770746
CONTROL__7270__2025030908,Grouped-random,train,NORMAL,NORMAL,0.3647687,0.35399848,0.28123283
CONTROL__50250__2025051906,Grouped-random,train,NORMAL,ACCIDENT,0.3341094,0.3453952,0.32049546
CONTROL__50250__2025102006,Grouped-random,train,NORMAL,ACCIDENT,0.32668322,0.3433334,0.3299835
CONTROL__7120__2025021712,Grouped-random,train,NORMAL,OTHER_DISRUPTION,0.33023462,0.32506052,0.3447049
CONTROL__7120__2025012012,Grouped-random,train,NORMAL,OTHER_DISRUPTION,0.33023462,0.32506052,0.3447049
CONTROL__7121__2025121512,Grouped-random,train,NORMAL,NORMAL,0.36060417,0.32989284,0.30950296
CONTROL__7121__2025012012,Grouped-random,train,NORMAL,ACCIDENT,0.3141158,0.3626883,0.32319587
CONTROL__F3FWY001__2025031023,Grouped-random,train,NORMAL,OTHER_DISRUPTION,0.33023462,0.32506052,0.3447049
CONTROL__F3FWY001__2025012723,Grouped-random,train,NORMAL,OTHER_DISRUPTION,0.33023462,0.32506052,0.3447049
CONTROL__7179__2025120200,Grouped-random,train,NORMAL,NORMAL,0.35845166,0.32302028,0.3185281
CONTROL__7179__2025102800,Grouped-random,train,NORMAL,NORMAL,0.3828595,0.32839823,0.28874227
CONTROL__7159__2025012813,Grouped-random,train,NORMAL,NORMAL,0.3593383,0.33077103,0.3098907
CONTROL__7159__2025040113,Grouped-random,train,NORMAL,OTHER_DISRUPTION,0.33023462,0.32506052,0.3447049
CONTROL__33014__2025091005,Grouped-random,train,NORMAL,OTHER_DISRUPTION,0.33023462,0.32506052,0.3447049
CONTROL__33014__2025022605,Grouped-random,train,NORMAL,OTHER_DISRUPTION,0.33023462,0.32506052,0.3447049
CONTROL__7179__2025111300,Grouped-random,train,NORMAL,OTHER_DISRUPTION,0.34584832,0.30524057,0.34891117
CONTROL__7179__2025100200,Grouped-random,train,NORMAL,NORMAL,0.38446867,0.32949924,0.2860321
CONTROL__7126__2025100208,Grouped-random,train,NORMAL,NORMAL,0.33897504,0.32800916,0.3330158
CONTROL__7126__2025122508,Grouped-random,train,NORMAL,OTHER_DISRUPTION,0.33023462,0.32506052,0.3447049
CONTROL__9834-PR__2025071013,Grouped-random,train,NORMAL,NORMAL,0.37350842,0.34795067,0.27854097
CONTROL__9834-PR__2025121113,Grouped-random,train,NORMAL,NORMAL,0.3647552,0.35154128,0.2837035
CONTROL__7163__2025122605,Grouped-random,train,NORMAL,OTHER_DISRUPTION,0.33023462,0.32506052,0.3447049
CONTROL__7163__2025021405,Grouped-random,train,NORMAL,OTHER_DISRUPTION,0.33023462,0.32506052,0.3447049
CONTROL__7119-PR__2025100305,Grouped-random,train,NORMAL,NORMAL,0.34445372,0.32853237,0.3270139
CONTROL__7119-PR__2025022105,Grouped-random,train,NORMAL,OTHER_DISRUPTION,0.33023462,0.32506052,0.3447049
CONTROL__10011__2025053111,Grouped-random,train,NORMAL,OTHER_DISRUPTION,0.33023462,0.32506052,0.3447049
CONTROL__10011__2025020111,Grouped-random,train,NORMAL,OTHER_DISRUPTION,0.33023462,0.32506052,0.3447049
CONTROL__7139__2025083011,Grouped-random,train,NORMAL,ACCIDENT,0.36104155,0.38533896,0.2536195
CONTROL__7139__2025110811,Grouped-random,train,NORMAL,ACCIDENT,0.36342242,0.3844021,0.25217542
CONTROL__7121__2025080920,Grouped-random,train,NORMAL,OTHER_DISRUPTION,0.32118976,0.33659062,0.3422197
CONTROL__7121__2025102520,Grouped-random,train,NORMAL,OTHER_DISRUPTION,0.33023462,0.32506052,0.3447049
CONTROL__66249__2025110909,Grouped-random,train,NORMAL,NORMAL,0.33446005,0.3312856,0.33425438
CONTROL__66249__2025052509,Grouped-random,train,NORMAL,OTHER_DISRUPTION,0.33563852,0.30391914,0.36044234
CONTROL__33014__2025012620,Grouped-random,train,NORMAL,OTHER_DISRUPTION,0.34320113,0.31306145,0.34373745
CONTROL__33014__2025092820,Grouped-random,train,NORMAL,OTHER_DISRUPTION,0.33023462,0.32506052,0.3447049
CONTROL__50240__2025101403,Grouped-random,train,NORMAL,NORMAL,0.3752607,0.2844506,0.34028867
CONTROL__50240__2025082603,Grouped-random,train,NORMAL,NORMAL,0.39608318,0.28215733,0.32175946
CONTROL__55049__2025030406,Grouped-random,train,NORMAL,ACCIDENT,0.33223978,0.33513308,0.33262712
CONTROL__55049__2025090206,Grouped-random,train,NORMAL,ACCIDENT,0.33193916,0.3411349,0.32692596
CONTROL__7270__2025082612,Grouped-random,train,NORMAL,NORMAL,0.3945435,0.3353194,0.27013707
CONTROL__7270__2025102812,Grouped-random,train,NORMAL,NORMAL,0.37737104,0.35770443,0.26492453
CONTROL__23067__2025010107,Grouped-random,train,NORMAL,OTHER_DISRUPTION,0.33319104,0.32718006,0.3396289
CONTROL__23067__2025081307,Grouped-random,train,NORMAL,ACCIDENT,0.34653383,0.3917467,0.26171958
CONTROL__7179__2025091719,Grouped-random,train,NORMAL,NORMAL,0.36116785,0.318876,0.3199561
CONTROL__7179__2025082019,Grouped-random,train,NORMAL,NORMAL,0.3605447,0.32384655,0.3156087
CONTROL__23067__2025022621,Grouped-random,train,NORMAL,OTHER_DISRUPTION,0.33023462,0.32506052,0.3447049
CONTROL__23067__2025011521,Grouped-random,train,NORMAL,NORMAL,0.3585631,0.315128,0.3263089
CONTROL__50240__2025112700,Grouped-random,train,NORMAL,NORMAL,0.38001576,0.32118782,0.29879642
CONTROL__50240__2025032000,Grouped-random,train,NORMAL,ACCIDENT,0.32453516,0.35062563,0.32483917
CONTROL__7179__2025030603,Grouped-random,train,NORMAL,NORMAL,0.36673367,0.2864281,0.3468382
CONTROL__7179__2025110603,Grouped-random,train,NORMAL,NORMAL,0.36741993,0.28352043,0.3490597
CONTROL__7153__2025112004,Grouped-random,train,NORMAL,NORMAL,0.36173832,0.31565067,0.32261097
CONTROL__7153__2025121804,Grouped-random,train,NORMAL,NORMAL,0.36948532,0.3066958,0.32381883
CONTROL__74230__2025120407,Grouped-random,train,NORMAL,ACCIDENT,0.32627386,0.34764534,0.32608077
CONTROL__74230__2025082807,Grouped-random,train,NORMAL,OTHER_DISRUPTION,0.3472002,0.29585573,0.35694414
CONTROL__7112__2025051507,Grouped-random,train,NORMAL,NORMAL,0.34940803,0.3365104,0.3140816
CONTROL__7112__2025010207,Grouped-random,train,NORMAL,ACCIDENT,0.34683293,0.3665764,0.2865907
CONTROL__F3FWY002__2025042415,Grouped-random,train,NORMAL,ACCIDENT,0.36220422,0.38724154,0.2505541
CONTROL__F3FWY002__2025050815,Grouped-random,train,NORMAL,ACCIDENT,0.35892755,0.38267648,0.258396
CONTROL__7179__2025092602,Grouped-random,train,NORMAL,NORMAL,0.3722604,0.30378506,0.3239546
CONTROL__7179__2025032102,Grouped-random,train,NORMAL,OTHER_DISRUPTION,0.32581097,0.2972266,0.37696242
CONTROL__7119-PR__2025122608,Grouped-random,train,NORMAL,OTHER_DISRUPTION,0.33085537,0.32064772,0.34849697
CONTROL__7119-PR__2025022808,Grouped-random,train,NORMAL,OTHER_DISRUPTION,0.33023462,0.32506052,0.3447049
CONTROL__7112__2025051608,Grouped-random,train,NORMAL,OTHER_DISRUPTION,0.33023462,0.32506052,0.3447049
CONTROL__7112__2025072508,Grouped-random,train,NORMAL,ACCIDENT,0.36440393,0.36617798,0.2694181
CONTROL__50240__2025101801,Grouped-random,train,NORMAL,NORMAL,0.349715,0.33157358,0.31871146
CONTROL__50240__2025022201,Grouped-random,train,NORMAL,OTHER_DISRUPTION,0.33023462,0.32506052,0.3447049
CONTROL__7251__2025092802,Grouped-random,train,NORMAL,NORMAL,0.375687,0.33177286,0.29254022
CONTROL__7251__2025021602,Grouped-random,train,NORMAL,OTHER_DISRUPTION,0.33023462,0.32506052,0.3447049
CONTROL__7275__2025060803,Grouped-random,train,NORMAL,NORMAL,0.3696676,0.31533644,0.31499606
CONTROL__7275__2025062903,Grouped-random,train,NORMAL,NORMAL,0.3635838,0.3314463,0.30497
CONTROL__53004__2025012621,Grouped-random,train,NORMAL,NORMAL,0.36291653,0.30667338,0.3304101
CONTROL__53004__2025041321,Grouped-random,train,NORMAL,OTHER_DISRUPTION,0.3162284,0.3158152,0.3679564
CONTROL__33014__2025011223,Grouped-random,train,NORMAL,OTHER_DISRUPTION,0.32772785,0.33005527,0.34221697
CONTROL__33014__2025081723,Grouped-random,train,NORMAL,OTHER_DISRUPTION,0.33023462,0.32506052,0.3447049
CONTROL__7161__2025060201,Grouped-random,train,NORMAL,OTHER_DISRUPTION,0.32601997,0.30682036,0.36715966
CONTROL__7161__2025010601,Grouped-random,train,NORMAL,ACCIDENT,0.2740719,0.41772062,0.30820745
CONTROL__7248__2025092204,Grouped-random,train,NORMAL,NORMAL,0.35897782,0.32113245,0.31988966
CONTROL__7248__2025041404,Grouped-random,train,NORMAL,NORMAL,0.36163056,0.3177482,0.32062125
CONTROL__7163__2025072104,Grouped-random,train,NORMAL,NORMAL,0.35461822,0.3007165,0.34466523
CONTROL__7163__2025100604,Grouped-random,train,NORMAL,NORMAL,0.35415292,0.3044788,0.34136823
CONTROL__7270__2025101323,Grouped-random,train,NORMAL,NORMAL,0.3777109,0.3120962,0.31019294
CONTROL__7270__2025060923,Grouped-random,train,NORMAL,ACCIDENT,0.3314076,0.33767846,0.3309139
CONTROL__7119-PR__2025110404,Grouped-random,train,NORMAL,OTHER_DISRUPTION,0.34384415,0.30527604,0.35087982
CONTROL__7119-PR__2025080504,Grouped-random,train,NORMAL,NORMAL,0.35256135,0.3037442,0.34369445
CONTROL__7179__2025042210,Grouped-random,train,NORMAL,NORMAL,0.3599803,0.3475453,0.29247448
CONTROL__7179__2025052710,Grouped-random,train,NORMAL,NORMAL,0.373954,0.3638944,0.2621516
CONTROL__47024__2025082610,Grouped-random,train,NORMAL,NORMAL,0.35392025,0.3376206,0.30845913
CONTROL__47024__2025112510,Grouped-random,train,NORMAL,NORMAL,0.36012048,0.33644867,0.30343083
CONTROL__7112__2025111118,Grouped-random,train,NORMAL,NORMAL,0.36754176,0.3629165,0.26954186
CONTROL__7112__2025122318,Grouped-random,train,NORMAL,NORMAL,0.34617314,0.32749128,0.32633558
CONTROL__7248__2025062501,Grouped-random,train,NORMAL,NORMAL,0.37142247,0.28422442,0.34435308
CONTROL__7248__2025052801,Grouped-random,train,NORMAL,NORMAL,0.36202586,0.2840233,0.35395077
CONTROL__7112__2025111905,Grouped-random,train,NORMAL,NORMAL,0.3551851,0.32540154,0.31941348
CONTROL__7112__2025011505,Grouped-random,train,NORMAL,NORMAL,0.35724777,0.32089594,0.32185626
CONTROL__7168__2025051406,Grouped-random,train,NORMAL,NORMAL,0.34361762,0.32656953,0.32981282
CONTROL__7168__2025091706,Grouped-random,train,NORMAL,NORMAL,0.34384596,0.32843512,0.3277189
CONTROL__7112__2025092407,Grouped-random,train,NORMAL,ACCIDENT,0.33514473,0.39245954,0.27239564
CONTROL__7112__2025043007,Grouped-random,train,NORMAL,ACCIDENT,0.3355362,0.39027882,0.274185
CONTROL__7274__2025060419,Grouped-random,train,NORMAL,NORMAL,0.34245214,0.31973732,0.3378106
CONTROL__7274__2025043019,Grouped-random,train,NORMAL,NORMAL,0.37314987,0.34450743,0.28234264
CONTROL__33014__2025070921,Grouped-random,train,NORMAL,OTHER_DISRUPTION,0.33023462,0.32506052,0.3447049
CONTROL__33014__2025111921,Grouped-random,train,NORMAL,OTHER_DISRUPTION,0.33023462,0.32506052,0.3447049
CONTROL__T0337__2025062523,Grouped-random,train,NORMAL,OTHER_DISRUPTION,0.32227656,0.32854885,0.3491747
CONTROL__T0337__2025121723,Grouped-random,train,NORMAL,OTHER_DISRUPTION,0.3295568,0.32670832,0.34373486
CONTROL__53004__2025030611,Grouped-random,train,NORMAL,ACCIDENT,0.31443062,0.37045762,0.31511182
CONTROL__53004__2025070311,Grouped-random,train,NORMAL,NORMAL,0.35790217,0.3268009,0.31529692
CONTROL__74229__2025061922,Grouped-random,train,NORMAL,OTHER_DISRUPTION,0.3561693,0.28293118,0.36089957
CONTROL__74229__2025091122,Grouped-random,train,NORMAL,OTHER_DISRUPTION,0.32273352,0.3287563,0.34851018
CONTROL__7179__2025112103,Grouped-random,train,NORMAL,NORMAL,0.39049184,0.30247983,0.30702838
CONTROL__7179__2025061303,Grouped-random,train,NORMAL,NORMAL,0.36806262,0.28633952,0.34559786
CONTROL__9658__2025121904,Grouped-random,train,NORMAL,NORMAL,0.35557115,0.3091012,0.33532757
CONTROL__9658__2025120504,Grouped-random,train,NORMAL,NORMAL,0.3891167,0.3013528,0.30953053
CONTROL__F3FWY003__2025122703,Grouped-random,train,NORMAL,NORMAL,0.35505396,0.30590084,0.3390452
CONTROL__F3FWY003__2025112203,Grouped-random,train,NORMAL,NORMAL,0.39501822,0.27954158,0.32544017
CONTROL__7126__2025090603,Grouped-random,train,NORMAL,OTHER_DISRUPTION,0.33274075,0.31356394,0.35369536
CONTROL__7126__2025041203,Grouped-random,train,NORMAL,OTHER_DISRUPTION,0.33096695,0.30625242,0.3627806
CONTROL__10011__2025111505,Grouped-random,train,NORMAL,OTHER_DISRUPTION,0.33023462,0.32506052,0.3447049
CONTROL__10011__2025092005,Grouped-random,train,NORMAL,OTHER_DISRUPTION,0.33023462,0.32506052,0.3447049
CONTROL__7139__2025092705,Grouped-random,train,NORMAL,NORMAL,0.39400178,0.30772644,0.29827186
CONTROL__7139__2025080205,Grouped-random,train,NORMAL,NORMAL,0.39319694,0.30092597,0.30587703
CONTROL__50240__2025021512,Grouped-random,train,NORMAL,OTHER_DISRUPTION,0.33023462,0.32506052,0.3447049
CONTROL__50240__2025111512,Grouped-random,train,NORMAL,ACCIDENT,0.37014374,0.3767337,0.25312263
CONTROL__7159__2025032303,Grouped-random,train,NORMAL,NORMAL,0.3778334,0.30527428,0.3168924
CONTROL__7159__2025070603,Grouped-random,train,NORMAL,OTHER_DISRUPTION,0.32632774,0.3311623,0.34250996
CONTROL__7184__2025070804,Grouped-random,train,NORMAL,NORMAL,0.36623886,0.30177793,0.3319832
CONTROL__7184__2025052004,Grouped-random,train,NORMAL,NORMAL,0.3939219,0.28902653,0.3170516
CONTROL__F3FWY002__2025091607,Grouped-random,train,NORMAL,ACCIDENT,0.35337704,0.36301792,0.283605
CONTROL__F3FWY002__2025072907,Grouped-random,train,NORMAL,ACCIDENT,0.33405426,0.40734696,0.25859866
CONTROL__7248__2025012122,Grouped-random,train,NORMAL,NORMAL,0.37153324,0.30147952,0.32698727
CONTROL__7248__2025080522,Grouped-random,train,NORMAL,NORMAL,0.34228963,0.3249019,0.3328085
CONTROL__7159__2025010808,Grouped-random,train,NORMAL,OTHER_DISRUPTION,0.33023462,0.32506052,0.3447049
CONTROL__7159__2025072308,Grouped-random,train,NORMAL,ACCIDENT,0.35346207,0.36724335,0.27929458
CONTROL__7112__2025010115,Grouped-random,train,NORMAL,OTHER_DISRUPTION,0.33023462,0.32506052,0.3447049
CONTROL__7112__2025102915,Grouped-random,train,NORMAL,NORMAL,0.35762832,0.32862085,0.3137509
CONTROL__T0337__2025052119,Grouped-random,train,NORMAL,OTHER_DISRUPTION,0.32459903,0.32329446,0.3521065
CONTROL__T0337__2025072319,Grouped-random,train,NORMAL,NORMAL,0.3603262,0.30618516,0.33348864
CONTROL__68025__2025050720,Grouped-random,train,NORMAL,OTHER_DISRUPTION,0.33511257,0.3182217,0.34666568
CONTROL__68025__2025110520,Grouped-random,train,NORMAL,NORMAL,0.36773944,0.33401313,0.2982474
CONTROL__10011__2025012304,Grouped-random,train,NORMAL,OTHER_DISRUPTION,0.33023462,0.32506052,0.3447049
CONTROL__10011__2025010204,Grouped-random,train,NORMAL,NORMAL,0.33916652,0.3277657,0.33306772
CONTROL__7139__2025110604,Grouped-random,train,NORMAL,NORMAL,0.39591673,0.28581733,0.31826594
CONTROL__7139__2025120404,Grouped-random,train,NORMAL,NORMAL,0.36713165,0.29306808,0.33980027
CONTROL__55049__2025041005,Grouped-random,train,NORMAL,NORMAL,0.3746998,0.31009102,0.31520912
CONTROL__55049__2025032705,Grouped-random,train,NORMAL,NORMAL,0.3417901,0.3235349,0.33467495
CONTROL__33014__2025101607,Grouped-random,train,NORMAL,OTHER_DISRUPTION,0.33023462,0.32506052,0.3447049
CONTROL__33014__2025052907,Grouped-random,train,NORMAL,ACCIDENT,0.33801845,0.3965463,0.2654353
CONTROL__7161__2025092602,Grouped-random,train,NORMAL,OTHER_DISRUPTION,0.36358532,0.2713217,0.3650929
CONTROL__7161__2025042502,Grouped-random,train,NORMAL,OTHER_DISRUPTION,0.3491341,0.2994394,0.35142648
CONTROL__50240__2025101006,Grouped-random,train,NORMAL,ACCIDENT,0.34071696,0.39844143,0.2608417
CONTROL__50240__2025071106,Grouped-random,train,NORMAL,ACCIDENT,0.3448222,0.3907299,0.26444784
CONTROL__53003__2025080808,Grouped-random,train,NORMAL,ACCIDENT,0.35745642,0.3824325,0.26011106
CONTROL__53003__2025032808,Grouped-random,train,NORMAL,ACCIDENT,0.35777655,0.38150358,0.26071978
CONTROL__7164__2025101803,Grouped-random,train,NORMAL,NORMAL,0.35998493,0.28324142,0.35677364
CONTROL__7164__2025102503,Grouped-random,train,NORMAL,NORMAL,0.36027926,0.28390402,0.35581663
CONTROL__57025__2025112203,Grouped-random,train,NORMAL,NORMAL,0.36352417,0.29055095,0.3459249
CONTROL__57025__2025060703,Grouped-random,train,NORMAL,OTHER_DISRUPTION,0.33641738,0.27707535,0.38650733
CONTROL__7163__2025031507,Grouped-random,train,NORMAL,NORMAL,0.36404264,0.3362013,0.299756
CONTROL__7163__2025032207,Grouped-random,train,NORMAL,NORMAL,0.36226097,0.3384035,0.29933554
CONTROL__7159__2025020810,Grouped-random,train,NORMAL,OTHER_DISRUPTION,0.33023462,0.32506052,0.3447049
CONTROL__7159__2025030810,Grouped-random,train,NORMAL,NORMAL,0.3637116,0.36240438,0.27388412
CONTROL__F3FWY003__2025061502,Grouped-random,train,NORMAL,OTHER_DISRUPTION,0.33023462,0.32506052,0.3447049
CONTROL__F3FWY003__2025090702,Grouped-random,train,NORMAL,NORMAL,0.3581765,0.29444477,0.34737873
CONTROL__7112__2025011921,Grouped-random,train,NORMAL,NORMAL,0.40765494,0.33338654,0.25895852
CONTROL__7112__2025072721,Grouped-random,train,NORMAL,OTHER_DISRUPTION,0.31869742,0.30705568,0.3742469
CONTROL__7179__2025021000,Grouped-random,train,NORMAL,OTHER_DISRUPTION,0.33023462,0.32506052,0.3447049
CONTROL__7179__2025063000,Grouped-random,train,NORMAL,NORMAL,0.3832018,0.32755145,0.28924674
CONTROL__T0231__2025010601,Grouped-random,train,NORMAL,ACCIDENT,0.30355707,0.38383564,0.31260732
CONTROL__T0231__2025080401,Grouped-random,train,NORMAL,OTHER_DISRUPTION,0.32513726,0.29661015,0.37825254
CONTROL__7179__2025111721,Grouped-random,train,NORMAL,NORMAL,0.36415032,0.34695113,0.28889844
CONTROL__7179__2025081121,Grouped-random,train,NORMAL,NORMAL,0.37381002,0.34181234,0.28437763
CONTROL__7248__2025092401,Grouped-random,train,NORMAL,NORMAL,0.36120936,0.28860557,0.35018507
CONTROL__7248__2025123101,Grouped-random,train,NORMAL,OTHER_DISRUPTION,0.34007803,0.31182244,0.3480996
CONTROL__7251__2025021204,Grouped-random,train,NORMAL,OTHER_DISRUPTION,0.33023462,0.32506052,0.3447049
CONTROL__7251__2025043004,Grouped-random,train,NORMAL,NORMAL,0.35560805,0.2933208,0.35107112
CONTROL__51235__2025101507,Grouped-random,train,NORMAL,ACCIDENT,0.33766064,0.3519446,0.3103947
CONTROL__51235__2025061107,Grouped-random,train,NORMAL,ACCIDENT,0.33784252,0.35007015,0.3120873
CONTROL__9658__2025012209,Grouped-random,train,NORMAL,OTHER_DISRUPTION,0.33023462,0.32506052,0.3447049
CONTROL__9658__2025091009,Grouped-random,train,NORMAL,NORMAL,0.3674644,0.35859305,0.27394253
CONTROL__72027__2025060422,Grouped-random,train,NORMAL,OTHER_DISRUPTION,0.327572,0.32333612,0.3490918
CONTROL__72027__2025031222,Grouped-random,train,NORMAL,OTHER_DISRUPTION,0.32671452,0.31624153,0.35704392
CONTROL__74230__2025012301,Grouped-random,train,NORMAL,OTHER_DISRUPTION,0.3320515,0.3175921,0.35035646
CONTROL__74230__2025022701,Grouped-random,train,NORMAL,OTHER_DISRUPTION,0.33023462,0.32506052,0.3447049
CONTROL__7179__2025032004,Grouped-random,train,NORMAL,NORMAL,0.3508345,0.3123626,0.33680296
CONTROL__7179__2025022704,Grouped-random,train,NORMAL,OTHER_DISRUPTION,0.33023462,0.32506052,0.3447049
CONTROL__29005__2025020607,Grouped-random,train,NORMAL,OTHER_DISRUPTION,0.33023462,0.32506052,0.3447049
CONTROL__29005__2025041707,Grouped-random,train,NORMAL,ACCIDENT,0.34225807,0.40219587,0.2555461
CONTROL__50240__2025090408,Grouped-random,train,NORMAL,ACCIDENT,0.3670479,0.3792887,0.25366342
CONTROL__50240__2025022008,Grouped-random,train,NORMAL,OTHER_DISRUPTION,0.33023462,0.32506052,0.3447049
CONTROL__10011__2025103021,Grouped-random,train,NORMAL,OTHER_DISRUPTION,0.33023462,0.32506052,0.3447049
CONTROL__10011__2025121821,Grouped-random,train,NORMAL,OTHER_DISRUPTION,0.33023462,0.32506052,0.3447049
CONTROL__7139__2025061921,Grouped-random,train,NORMAL,OTHER_DISRUPTION,0.32698745,0.2875528,0.38545966
CONTROL__7139__2025101621,Grouped-random,train,NORMAL,NORMAL,0.37296504,0.35162735,0.27540758
CONTROL__7120__2025080809,Grouped-random,train,NORMAL,NORMAL,0.3718361,0.3494638,0.27870008
CONTROL__7120__2025122609,Grouped-random,train,NORMAL,OTHER_DISRUPTION,0.33023462,0.32506052,0.3447049
CONTROL__7121__2025013109,Grouped-random,train,NORMAL,OTHER_DISRUPTION,0.33023462,0.32506052,0.3447049
CONTROL__7121__2025041109,Grouped-random,train,NORMAL,NORMAL,0.35527787,0.3472479,0.29747424
CONTROL__7120__2025030714,Grouped-random,train,NORMAL,NORMAL,0.37295413,0.3455454,0.28150052
CONTROL__7120__2025021414,Grouped-random,train,NORMAL,OTHER_DISRUPTION,0.33023462,0.32506052,0.3447049
CONTROL__7121__2025030714,Grouped-random,train,NORMAL,OTHER_DISRUPTION,0.33023462,0.32506052,0.3447049
CONTROL__7121__2025053014,Grouped-random,train,NORMAL,OTHER_DISRUPTION,0.33399218,0.32992688,0.336081
CONTROL__51235__2025101720,Grouped-random,train,NORMAL,NORMAL,0.3722892,0.3578019,0.26990888
CONTROL__51235__2025112120,Grouped-random,train,NORMAL,NORMAL,0.37868786,0.35777995,0.2635323
CONTROL__68025__2025041907,Grouped-random,train,NORMAL,OTHER_DISRUPTION,0.3311625,0.32369554,0.34514186
CONTROL__68025__2025110807,Grouped-random,train,NORMAL,ACCIDENT,0.3309585,0.341993,0.32704854
CONTROL__51235__2025011201,Grouped-random,train,NORMAL,NORMAL,0.34846362,0.33168653,0.31984994
CONTROL__51235__2025082401,Grouped-random,train,NORMAL,NORMAL,0.3635115,0.30976894,0.32671958
CONTROL__7179__2025113004,Grouped-random,train,NORMAL,NORMAL,0.3874555,0.311445,0.30109954
CONTROL__7179__2025092804,Grouped-random,train,NORMAL,OTHER_DISRUPTION,0.33454844,0.30001166,0.36543986
CONTROL__7120__2025012703,Grouped-random,train,NORMAL,ACCIDENT,0.3273213,0.34749943,0.32517934
CONTROL__7120__2025062303,Grouped-random,train,NORMAL,NORMAL,0.38262782,0.28967008,0.32770216
CONTROL__10011__2025031004,Grouped-random,train,NORMAL,NORMAL,0.33550337,0.33484372,0.3296529
CONTROL__10011__2025022404,Grouped-random,train,NORMAL,OTHER_DISRUPTION,0.33023462,0.32506052,0.3447049
CONTROL__7139__2025060204,Grouped-random,train,NORMAL,OTHER_DISRUPTION,0.33023462,0.32506052,0.3447049
CONTROL__7139__2025120104,Grouped-random,train,NORMAL,NORMAL,0.36637068,0.29290143,0.34072793
CONTROL__9836-PR__2025061606,Grouped-random,train,NORMAL,ACCIDENT,0.34109655,0.38970423,0.2691993
CONTROL__9836-PR__2025071406,Grouped-random,train,NORMAL,NORMAL,0.35511965,0.30720907,0.3376713
CONTROL__32029__2025072809,Grouped-random,train,NORMAL,OTHER_DISRUPTION,0.33023462,0.32506052,0.3447049
CONTROL__32029__2025122209,Grouped-random,train,NORMAL,OTHER_DISRUPTION,0.33023462,0.32506052,0.3447049
CONTROL__23067__2025033120,Grouped-random,train,NORMAL,NORMAL,0.3549571,0.33150145,0.31354138
CONTROL__23067__2025081120,Grouped-random,train,NORMAL,OTHER_DISRUPTION,0.3335747,0.3249715,0.34145382
CONTROL__7161__2025070102,Grouped-random,train,NORMAL,OTHER_DISRUPTION,0.32811552,0.2817609,0.39012358
CONTROL__7161__2025122302,Grouped-random,train,NORMAL,OTHER_DISRUPTION,0.3274408,0.2882738,0.38428533
CONTROL__T0231__2025071502,Grouped-random,train,NORMAL,OTHER_DISRUPTION,0.3658255,0.26581135,0.3683631
CONTROL__T0231__2025052002,Grouped-random,train,NORMAL,NORMAL,0.36765477,0.28588402,0.34646124
CONTROL__51235__2025092321,Grouped-random,train,NORMAL,NORMAL,0.3768433,0.2929581,0.3301987
CONTROL__51235__2025010721,Grouped-random,train,NORMAL,NORMAL,0.40938118,0.33706823,0.25355053
CONTROL__22001__2025091706,Grouped-random,train,NORMAL,OTHER_DISRUPTION,0.33023462,0.32506052,0.3447049
CONTROL__22001__2025060406,Grouped-random,train,NORMAL,OTHER_DISRUPTION,0.33023462,0.32506052,0.3447049
CONTROL__72027__2025101520,Grouped-random,train,NORMAL,NORMAL,0.37424645,0.31352282,0.31223074
CONTROL__72027__2025043020,Grouped-random,train,NORMAL,NORMAL,0.34607992,0.31107447,0.3428456
CONTROL__68025__2025042321,Grouped-random,train,NORMAL,OTHER_DISRUPTION,0.33487114,0.3272205,0.3379084
CONTROL__68025__2025072321,Grouped-random,train,NORMAL,OTHER_DISRUPTION,0.31001484,0.31507596,0.37490916
CONTROL__22001__2025091722,Grouped-random,train,NORMAL,OTHER_DISRUPTION,0.33023462,0.32506052,0.3447049
CONTROL__7159__2025101001,Grouped-random,train,NORMAL,NORMAL,0.38011062,0.30380574,0.31608367
CONTROL__7159__2025032801,Grouped-random,train,NORMAL,OTHER_DISRUPTION,0.33042195,0.30377242,0.36580572
CONTROL__7179__2025112104,Grouped-random,train,NORMAL,NORMAL,0.3872689,0.31542176,0.2973094
CONTROL__7179__2025010304,Grouped-random,train,NORMAL,NORMAL,0.36830506,0.30061266,0.33108217
CONTROL__7132__2025012522,Grouped-random,train,NORMAL,NORMAL,0.33909592,0.32844213,0.33246192
CONTROL__7132__2025042622,Grouped-random,train,NORMAL,ACCIDENT,0.3328197,0.33989212,0.3272882
CONTROL__7184__2025031604,Grouped-random,train,NORMAL,NORMAL,0.34023246,0.32637376,0.33339375
CONTROL__7184__2025051804,Grouped-random,train,NORMAL,NORMAL,0.38631943,0.290511,0.32316956
CONTROL__F3FWY003__2025022308,Grouped-random,train,NORMAL,OTHER_DISRUPTION,0.33023462,0.32506052,0.3447049
CONTROL__F3FWY003__2025020208,Grouped-random,train,NORMAL,OTHER_DISRUPTION,0.33023462,0.32506052,0.3447049
CONTROL__7112__2025030306,Grouped-random,train,NORMAL,OTHER_DISRUPTION,0.33023462,0.32506052,0.3447049
CONTROL__7112__2025052606,Grouped-random,train,NORMAL,OTHER_DISRUPTION,0.33023462,0.32506052,0.3447049
CONTROL__29005__2025012708,Grouped-random,train,NORMAL,NORMAL,0.34367806,0.326559,0.329763
CONTROL__29005__2025041408,Grouped-random,train,NORMAL,ACCIDENT,0.36145133,0.38499898,0.25354978
CONTROL__7179__2025072120,Grouped-random,train,NORMAL,NORMAL,0.35780352,0.32467216,0.31752425
CONTROL__7179__2025033120,Grouped-random,train,NORMAL,NORMAL,0.35725126,0.32279372,0.319955
CONTROL__51235__2025032423,Grouped-random,train,NORMAL,OTHER_DISRUPTION,0.33023462,0.32506052,0.3447049
CONTROL__51235__2025071423,Grouped-random,train,NORMAL,OTHER_DISRUPTION,0.32158905,0.31471044,0.36370057
CONTROL__33014__2025030400,Grouped-random,train,NORMAL,ACCIDENT,0.3328197,0.33989212,0.3272882
CONTROL__33014__2025120900,Grouped-random,train,NORMAL,OTHER_DISRUPTION,0.33023462,0.32506052,0.3447049
CONTROL__7112__2025040105,Grouped-random,train,NORMAL,OTHER_DISRUPTION,0.33023462,0.32506052,0.3447049
CONTROL__7112__2025012805,Grouped-random,train,NORMAL,OTHER_DISRUPTION,0.33023462,0.32506052,0.3447049
CONTROL__47024__2025093006,Grouped-random,train,NORMAL,NORMAL,0.3603757,0.30914393,0.33048037
CONTROL__47024__2025011406,Grouped-random,train,NORMAL,NORMAL,0.35814646,0.32710695,0.31474656
CONTROL__33014__2025090307,Grouped-random,train,NORMAL,OTHER_DISRUPTION,0.33023462,0.32506052,0.3447049
CONTROL__33014__2025030507,Grouped-random,train,NORMAL,NORMAL,0.35239747,0.33431596,0.31328657
CONTROL__F3FWY003__2025102300,Grouped-random,train,NORMAL,NORMAL,0.375861,0.32143041,0.30270863
CONTROL__F3FWY003__2025050100,Grouped-random,train,NORMAL,OTHER_DISRUPTION,0.33023462,0.32506052,0.3447049
CONTROL__47024__2025091102,Grouped-random,train,NORMAL,NORMAL,0.3938953,0.29603466,0.31007013
CONTROL__47024__2025012302,Grouped-random,train,NORMAL,ACCIDENT,0.30899984,0.38386446,0.30713576
CONTROL__53004__2025061907,Grouped-random,train,NORMAL,ACCIDENT,0.33542144,0.4016646,0.26291394
CONTROL__53004__2025121807,Grouped-random,train,NORMAL,ACCIDENT,0.3389997,0.39371675,0.2672836
CONTROL__7112__2025090407,Grouped-random,train,NORMAL,ACCIDENT,0.3344356,0.3921369,0.2734274
CONTROL__7112__2025082807,Grouped-random,train,NORMAL,OTHER_DISRUPTION,0.33023462,0.32506052,0.3447049
CONTROL__51235__2025071721,Grouped-random,train,NORMAL,OTHER_DISRUPTION,0.3238158,0.2945433,0.38164085
CONTROL__51235__2025082821,Grouped-random,train,NORMAL,NORMAL,0.34419954,0.3233906,0.33240998
CONTROL__7270__2025080803,Grouped-random,train,NORMAL,NORMAL,0.39297906,0.278674,0.32834697
CONTROL__7270__2025112803,Grouped-random,train,NORMAL,NORMAL,0.36444184,0.28517133,0.35038683
CONTROL__29005__2025100304,Grouped-random,train,NORMAL,NORMAL,0.38903508,0.31314927,0.29781562
CONTROL__29005__2025041804,Grouped-random,train,NORMAL,OTHER_DISRUPTION,0.34650034,0.28703365,0.36646602
CONTROL__7126__2025031411,Grouped-random,train,NORMAL,NORMAL,0.33762714,0.3335935,0.32877937
CONTROL__7126__2025082211,Grouped-random,train,NORMAL,NORMAL,0.36984903,0.34733617,0.28281474
CONTROL__7120__2025022814,Grouped-random,train,NORMAL,OTHER_DISRUPTION,0.33023462,0.32506052,0.3447049
CONTROL__7120__2025092614,Grouped-random,train,NORMAL,NORMAL,0.34134364,0.32445213,0.33420426
CONTROL__7121__2025090514,Grouped-random,train,NORMAL,NORMAL,0.366699,0.34447306,0.28882796
CONTROL__7121__2025041114,Grouped-random,train,NORMAL,NORMAL,0.36972836,0.342966,0.2873056
CONTROL__51235__2025020108,Grouped-random,train,NORMAL,OTHER_DISRUPTION,0.33023462,0.32506052,0.3447049
CONTROL__51235__2025032908,Grouped-random,train,NORMAL,NORMAL,0.33869496,0.3352105,0.32609463
CONTROL__9849__2025102606,Grouped-random,train,NORMAL,NORMAL,0.37541118,0.2940527,0.3305362
CONTROL__9849__2025051806,Grouped-random,train,NORMAL,NORMAL,0.37176302,0.29778126,0.33045578
CONTROL__7153__2025081106,Grouped-random,train,NORMAL,ACCIDENT,0.34128022,0.34833398,0.3103857
CONTROL__7153__2025090806,Grouped-random,train,NORMAL,ACCIDENT,0.3400437,0.38924953,0.2707069
CONTROL__7161__2025021709,Grouped-random,train,NORMAL,OTHER_DISRUPTION,0.33023462,0.32506052,0.3447049
CONTROL__7161__2025122909,Grouped-random,train,NORMAL,NORMAL,0.35933295,0.35357723,0.2870898
CONTROL__9836-PR__2025032410,Grouped-random,train,NORMAL,NORMAL,0.3753637,0.3608283,0.26380792
CONTROL__9836-PR__2025042110,Grouped-random,train,NORMAL,ACCIDENT,0.33553907,0.33614102,0.32831988
CONTROL__7179__2025010615,Grouped-random,train,NORMAL,NORMAL,0.3613271,0.33176893,0.3069039
CONTROL__7179__2025092915,Grouped-random,train,NORMAL,ACCIDENT,0.36554754,0.37426513,0.26018736
CONTROL__T0288__2025091519,Grouped-random,train,NORMAL,OTHER_DISRUPTION,0.33023462,0.32506052,0.3447049
CONTROL__T0288__2025111719,Grouped-random,train,NORMAL,OTHER_DISRUPTION,0.33023462,0.32506052,0.3447049
CONTROL__T0289__2025042119,Grouped-random,train,NORMAL,OTHER_DISRUPTION,0.33023462,0.32506052,0.3447049
CONTROL__T0289__2025062319,Grouped-random,train,NORMAL,OTHER_DISRUPTION,0.33023462,0.32506052,0.3447049
CONTROL__T0290__2025122919,Grouped-random,train,NORMAL,OTHER_DISRUPTION,0.33023462,0.32506052,0.3447049
CONTROL__T0290__2025120119,Grouped-random,train,NORMAL,NORMAL,0.3622605,0.3299236,0.30781585
CONTROL__23067__2025100623,Grouped-random,train,NORMAL,NORMAL,0.38325268,0.30634278,0.3104045
CONTROL__23067__2025090123,Grouped-random,train,NORMAL,NORMAL,0.3714236,0.2979954,0.33058107
CONTROL__7120__2025111800,Grouped-random,train,NORMAL,NORMAL,0.36449277,0.32676473,0.30874237
CONTROL__7120__2025070100,Grouped-random,train,NORMAL,OTHER_DISRUPTION,0.34433544,0.3097902,0.34587437
CONTROL__7121__2025031100,Grouped-random,train,NORMAL,ACCIDENT,0.29914156,0.39233825,0.30852017
CONTROL__7121__2025110400,Grouped-random,train,NORMAL,OTHER_DISRUPTION,0.33023462,0.32506052,0.3447049
CONTROL__9658__2025100708,Grouped-random,train,NORMAL,NORMAL,0.3586994,0.3175245,0.32377613
CONTROL__9658__2025031808,Grouped-random,train,NORMAL,ACCIDENT,0.35463208,0.37017184,0.275196
CONTROL__57025__2025110422,Grouped-random,train,NORMAL,OTHER_DISRUPTION,0.3071409,0.31158477,0.38127434
CONTROL__57025__2025031122,Grouped-random,train,NORMAL,NORMAL,0.35643202,0.30515468,0.33841333
CONTROL__53003__2025111207,Grouped-random,train,NORMAL,ACCIDENT,0.34006009,0.39098403,0.26895592
CONTROL__53003__2025010807,Grouped-random,train,NORMAL,ACCIDENT,0.3430307,0.38438797,0.27258146
CONTROL__23067__2025090315,Grouped-random,train,NORMAL,ACCIDENT,0.36230028,0.37753323,0.2601665
CONTROL__23067__2025042315,Grouped-random,train,NORMAL,ACCIDENT,0.3674799,0.37177885,0.26074126
CONTROL__7112__2025121100,Grouped-random,train,NORMAL,NORMAL,0.33941436,0.33328795,0.3272977
CONTROL__7112__2025022000,Grouped-random,train,NORMAL,OTHER_DISRUPTION,0.33023462,0.32506052,0.3447049
CONTROL__7179__2025091800,Grouped-random,train,NORMAL,NORMAL,0.34436643,0.320797,0.33483657
CONTROL__7179__2025030600,Grouped-random,train,NORMAL,ACCIDENT,0.3328197,0.33989212,0.3272882
CONTROL__7179__2025062603,Grouped-random,train,NORMAL,NORMAL,0.39197055,0.29764172,0.3103878
CONTROL__7179__2025010903,Grouped-random,train,NORMAL,OTHER_DISRUPTION,0.33023462,0.32506052,0.3447049
CONTROL__7112__2025112005,Grouped-random,train,NORMAL,ACCIDENT,0.35214433,0.35841873,0.28943694
CONTROL__7112__2025012305,Grouped-random,train,NORMAL,NORMAL,0.35084546,0.32002035,0.32913417
CONTROL__7150__2025010205,Grouped-random,train,NORMAL,NORMAL,0.37247577,0.28978458,0.33773956
CONTROL__7150__2025071005,Grouped-random,train,NORMAL,NORMAL,0.3482242,0.31086648,0.3409092
CONTROL__7161__2025032006,Grouped-random,train,NORMAL,NORMAL,0.34413755,0.3269927,0.32886976
CONTROL__7161__2025082806,Grouped-random,train,NORMAL,NORMAL,0.34733897,0.3287094,0.3239516
CONTROL__7168__2025122507,Grouped-random,train,NORMAL,OTHER_DISRUPTION,0.33023462,0.32506052,0.3447049
CONTROL__7168__2025031307,Grouped-random,train,NORMAL,OTHER_DISRUPTION,0.33023462,0.32506052,0.3447049
CONTROL__9658__2025021311,Grouped-random,train,NORMAL,OTHER_DISRUPTION,0.33023462,0.32506052,0.3447049
CONTROL__9658__2025112011,Grouped-random,train,NORMAL,NORMAL,0.372748,0.35495588,0.27229616
CONTROL__7163__2025091122,Grouped-random,train,NORMAL,OTHER_DISRUPTION,0.33069006,0.32644418,0.34286574
CONTROL__7163__2025011622,Grouped-random,train,NORMAL,NORMAL,0.36138433,0.28893393,0.34968174
CONTROL__7132__2025053107,Grouped-random,train,NORMAL,ACCIDENT,0.35846666,0.35988864,0.2816448
CONTROL__7132__2025041207,Grouped-random,train,NORMAL,NORMAL,0.36145368,0.35639992,0.28214636
CONTROL__74228__2025110903,Grouped-random,train,NORMAL,OTHER_DISRUPTION,0.35543823,0.27514592,0.36941582
CONTROL__74228__2025083103,Grouped-random,train,NORMAL,OTHER_DISRUPTION,0.33033335,0.30875328,0.3609134
CONTROL__7120__2025070607,Grouped-random,train,NORMAL,NORMAL,0.36411345,0.33904916,0.29683724
CONTROL__7120__2025071307,Grouped-random,train,NORMAL,NORMAL,0.36809573,0.3347476,0.29715666
CONTROL__7121__2025022307,Grouped-random,train,NORMAL,OTHER_DISRUPTION,0.33023462,0.32506052,0.3447049
CONTROL__7121__2025051107,Grouped-random,train,NORMAL,ACCIDENT,0.32667798,0.34074816,0.3325739
CONTROL__33014__2025121407,Grouped-random,train,NORMAL,OTHER_DISRUPTION,0.33023462,0.32506052,0.3447049
CONTROL__33014__2025033007,Grouped-random,train,NORMAL,OTHER_DISRUPTION,0.34010154,0.31792602,0.34197247
CONTROL__23067__2025051922,Grouped-random,train,NORMAL,NORMAL,0.3751551,0.31031743,0.3145275
CONTROL__23067__2025041422,Grouped-random,train,NORMAL,OTHER_DISRUPTION,0.32183266,0.3334483,0.34471905
CONTROL__T0345__2025031104,Grouped-random,train,NORMAL,NORMAL,0.34065622,0.325603,0.3337408
CONTROL__T0345__2025051304,Grouped-random,train,NORMAL,OTHER_DISRUPTION,0.3386829,0.31301323,0.34830382
CONTROL__33014__2025030409,Grouped-random,train,NORMAL,NORMAL,0.3582105,0.330854,0.31093547
CONTROL__33014__2025070809,Grouped-random,train,NORMAL,OTHER_DISRUPTION,0.33023462,0.32506052,0.3447049
CONTROL__29005__2025100717,Grouped-random,train,NORMAL,ACCIDENT,0.36544782,0.38417336,0.25037876
CONTROL__29005__2025120917,Grouped-random,train,NORMAL,ACCIDENT,0.36492118,0.38430917,0.2507697
CONTROL__53004__2025042307,Grouped-random,train,NORMAL,ACCIDENT,0.34126687,0.38847777,0.27025536
CONTROL__53004__2025090307,Grouped-random,train,NORMAL,ACCIDENT,0.34199086,0.38121352,0.2767956
CONTROL__7270__2025030508,Grouped-random,train,NORMAL,ACCIDENT,0.3636217,0.37159032,0.26478797
CONTROL__7270__2025043008,Grouped-random,train,NORMAL,NORMAL,0.36712095,0.36674622,0.26613277
CONTROL__7164__2025030519,Grouped-random,train,NORMAL,NORMAL,0.33818904,0.3275045,0.33430642
CONTROL__7164__2025090319,Grouped-random,train,NORMAL,OTHER_DISRUPTION,0.33014,0.32792914,0.34193093
CONTROL__T0288__2025121103,Grouped-random,train,NORMAL,OTHER_DISRUPTION,0.33023462,0.32506052,0.3447049
CONTROL__T0288__2025050103,Grouped-random,train,NORMAL,OTHER_DISRUPTION,0.32597518,0.32585403,0.34817085
CONTROL__T0289__2025091103,Grouped-random,train,NORMAL,OTHER_DISRUPTION,0.33023462,0.32506052,0.3447049
CONTROL__T0289__2025110603,Grouped-random,train,NORMAL,OTHER_DISRUPTION,0.33023462,0.32506052,0.3447049
CONTROL__T0290__2025100903,Grouped-random,train,NORMAL,OTHER_DISRUPTION,0.33023462,0.32506052,0.3447049
CONTROL__T0290__2025022703,Grouped-random,train,NORMAL,OTHER_DISRUPTION,0.33023462,0.32506052,0.3447049
CONTROL__T0479-PR__2025091103,Grouped-random,train,NORMAL,ACCIDENT,0.33671412,0.34200415,0.32128176
CONTROL__T0479-PR__2025080703,Grouped-random,train,NORMAL,NORMAL,0.3870689,0.27041408,0.34251708
CONTROL__50240__2025051510,Grouped-random,train,NORMAL,NORMAL,0.36345854,0.34219277,0.29434872
CONTROL__50240__2025020610,Grouped-random,train,NORMAL,OTHER_DISRUPTION,0.33023462,0.32506052,0.3447049
CONTROL__7126__2025070321,Grouped-random,train,NORMAL,NORMAL,0.39901122,0.29285306,0.30813566
CONTROL__7126__2025121121,Grouped-random,train,NORMAL,OTHER_DISRUPTION,0.31694123,0.31946155,0.36359724
CONTROL__33014__2025042421,Grouped-random,train,NORMAL,OTHER_DISRUPTION,0.33785442,0.32145306,0.3406924
CONTROL__33014__2025052921,Grouped-random,train,NORMAL,OTHER_DISRUPTION,0.3339795,0.32782573,0.33819473
CONTROL__7120__2025090421,Grouped-random,train,NORMAL,NORMAL,0.36287197,0.3288322,0.30829582
CONTROL__7120__2025082821,Grouped-random,train,NORMAL,OTHER_DISRUPTION,0.32594734,0.33418253,0.33987013
CONTROL__7121__2025051521,Grouped-random,train,NORMAL,NORMAL,0.37719068,0.28839585,0.33441347
CONTROL__7121__2025012321,Grouped-random,train,NORMAL,NORMAL,0.36512294,0.31417727,0.32069972
CONTROL__T0288__2025102403,Grouped-random,train,NORMAL,OTHER_DISRUPTION,0.33023462,0.32506052,0.3447049
CONTROL__T0288__2025031403,Grouped-random,train,NORMAL,OTHER_DISRUPTION,0.33023462,0.32506052,0.3447049
CONTROL__T0289__2025111403,Grouped-random,train,NORMAL,OTHER_DISRUPTION,0.33023462,0.32506052,0.3447049
CONTROL__T0289__2025082203,Grouped-random,train,NORMAL,OTHER_DISRUPTION,0.33023462,0.32506052,0.3447049
CONTROL__T0290__2025090503,Grouped-random,train,NORMAL,OTHER_DISRUPTION,0.32417464,0.31935844,0.35646692
CONTROL__T0290__2025100303,Grouped-random,train,NORMAL,OTHER_DISRUPTION,0.33023462,0.32506052,0.3447049
CONTROL__T0479-PR__2025010303,Grouped-random,train,NORMAL,NORMAL,0.39044425,0.29663926,0.3129165
CONTROL__T0479-PR__2025081503,Grouped-random,train,NORMAL,NORMAL,0.37503475,0.2888991,0.3360662
CONTROL__33014__2025011708,Grouped-random,train,NORMAL,ACCIDENT,0.35779035,0.36950767,0.27270204
CONTROL__33014__2025012408,Grouped-random,train,NORMAL,NORMAL,0.3661118,0.3232595,0.31062874
CONTROL__7112__2025100308,Grouped-random,train,NORMAL,NORMAL,0.35008743,0.34135914,0.30855343
CONTROL__7112__2025082208,Grouped-random,train,NORMAL,OTHER_DISRUPTION,0.33023462,0.32506052,0.3447049
CONTROL__50260__2025070501,Grouped-random,train,NORMAL,NORMAL,0.34642228,0.32746178,0.32611594
CONTROL__50260__2025020101,Grouped-random,train,NORMAL,OTHER_DISRUPTION,0.33023462,0.32506052,0.3447049
CONTROL__7184__2025051707,Grouped-random,train,NORMAL,ACCIDENT,0.36160335,0.36403868,0.27435797
CONTROL__7184__2025102507,Grouped-random,train,NORMAL,ACCIDENT,0.35693824,0.373431,0.2696307
CONTROL__55049__2025082404,Grouped-random,train,NORMAL,OTHER_DISRUPTION,0.33335167,0.29744574,0.36920258
CONTROL__55049__2025111604,Grouped-random,train,NORMAL,OTHER_DISRUPTION,0.33023462,0.32506052,0.3447049
CONTROL__7120__2025051105,Grouped-random,train,NORMAL,NORMAL,0.37566826,0.3188571,0.3054747
CONTROL__7120__2025041305,Grouped-random,train,NORMAL,NORMAL,0.3784273,0.31719187,0.3043809
CONTROL__7153__2025122109,Grouped-random,train,NORMAL,ACCIDENT,0.35758147,0.35882685,0.28359157
CONTROL__7153__2025120709,Grouped-random,train,NORMAL,ACCIDENT,0.3560388,0.36114833,0.2828129
CONTROL__7164__2025012000,Grouped-random,train,NORMAL,NORMAL,0.35288122,0.312508,0.33461082
CONTROL__7164__2025122200,Grouped-random,train,NORMAL,NORMAL,0.36121374,0.316027,0.32275927
CONTROL__7179__2025011302,Grouped-random,train,NORMAL,OTHER_DISRUPTION,0.31911778,0.31299964,0.3678826
CONTROL__7179__2025072802,Grouped-random,train,NORMAL,OTHER_DISRUPTION,0.3514596,0.276376,0.37216437
CONTROL__29005__2025021705,Grouped-random,train,NORMAL,OTHER_DISRUPTION,0.33023462,0.32506052,0.3447049
CONTROL__29005__2025100605,Grouped-random,train,NORMAL,NORMAL,0.38644287,0.31112346,0.30243364
CONTROL__10011__2025021005,Grouped-random,train,NORMAL,OTHER_DISRUPTION,0.33023462,0.32506052,0.3447049
CONTROL__10011__2025091505,Grouped-random,train,NORMAL,OTHER_DISRUPTION,0.33023462,0.32506052,0.3447049
CONTROL__7139__2025011305,Grouped-random,train,NORMAL,NORMAL,0.38287368,0.31454074,0.30258557
CONTROL__7139__2025031705,Grouped-random,train,NORMAL,NORMAL,0.38186303,0.30358833,0.31454867
CONTROL__68025__2025041406,Grouped-random,train,NORMAL,NORMAL,0.34488586,0.3148356,0.34027857
CONTROL__68025__2025072106,Grouped-random,train,NORMAL,ACCIDENT,0.34690866,0.3697713,0.28332
CONTROL__7179__2025061606,Grouped-random,train,NORMAL,NORMAL,0.35466245,0.33315435,0.3121833
CONTROL__7179__2025092906,Grouped-random,train,NORMAL,ACCIDENT,0.347534,0.37831634,0.27414963
CONTROL__68025__2025090106,Grouped-random,train,NORMAL,ACCIDENT,0.3448872,0.37566566,0.27944714
CONTROL__68025__2025030306,Grouped-random,train,NORMAL,ACCIDENT,0.33162108,0.34031814,0.32806075
CONTROL__9658__2025121620,Grouped-random,train,NORMAL,NORMAL,0.3469081,0.3255252,0.32756677
CONTROL__9658__2025061020,Grouped-random,train,NORMAL,NORMAL,0.36283115,0.34241986,0.29474905
CONTROL__51235__2025070821,Grouped-random,train,NORMAL,NORMAL,0.3791457,0.3335484,0.28730586
CONTROL__51235__2025011421,Grouped-random,train,NORMAL,NORMAL,0.40918317,0.3392637,0.25155315
CONTROL__7112__2025121019,Grouped-random,train,NORMAL,NORMAL,0.34680495,0.31945398,0.333741
CONTROL__7112__2025052819,Grouped-random,train,NORMAL,NORMAL,0.36573017,0.29398623,0.3402836
CONTROL__7184__2025070223,Grouped-random,train,NORMAL,NORMAL,0.33377722,0.33334172,0.3328811
CONTROL__7184__2025092423,Grouped-random,train,NORMAL,ACCIDENT,0.33502835,0.33588493,0.32908663
CONTROL__7153__2025031301,Grouped-random,train,NORMAL,OTHER_DISRUPTION,0.3313012,0.3115398,0.357159
CONTROL__7153__2025100201,Grouped-random,train,NORMAL,NORMAL,0.3550439,0.2972176,0.34773853
CONTROL__7112__2025041703,Grouped-random,train,NORMAL,OTHER_DISRUPTION,0.35850784,0.27610958,0.36538252
CONTROL__7112__2025010203,Grouped-random,train,NORMAL,NORMAL,0.37997323,0.27900743,0.3410193
CONTROL__50240__2025050119,Grouped-random,train,NORMAL,ACCIDENT,0.37238628,0.37318584,0.2544279
CONTROL__50240__2025042419,Grouped-random,train,NORMAL,ACCIDENT,0.3388055,0.37505272,0.28614178
CONTROL__7270__2025102322,Grouped-random,train,NORMAL,ACCIDENT,0.33202758,0.33890375,0.32906863
CONTROL__7270__2025112722,Grouped-random,train,NORMAL,NORMAL,0.3410863,0.32704207,0.33187163
CONTROL__100001__2025060600,Grouped-random,train,NORMAL,OTHER_DISRUPTION,0.32578173,0.3018141,0.37240413
CONTROL__100001__2025070400,Grouped-random,train,NORMAL,OTHER_DISRUPTION,0.31595433,0.33343962,0.3506061
CONTROL__7161__2025081508,Grouped-random,train,NORMAL,ACCIDENT,0.3525751,0.37211767,0.27530727
CONTROL__7161__2025071108,Grouped-random,train,NORMAL,NORMAL,0.35300687,0.32985637,0.3171368
CONTROL__7179__2025032823,Grouped-random,train,NORMAL,NORMAL,0.34482756,0.32241648,0.33275592
CONTROL__7179__2025091923,Grouped-random,train,NORMAL,NORMAL,0.34279826,0.33727297,0.31992874
CONTROL__7132__2025041213,Grouped-random,train,NORMAL,NORMAL,0.3738231,0.36032248,0.26585442
CONTROL__7132__2025122013,Grouped-random,train,NORMAL,NORMAL,0.37286985,0.35939685,0.2677333
CONTROL__7119-PR__2025080304,Grouped-random,train,NORMAL,NORMAL,0.35895634,0.3038694,0.33717427
CONTROL__7119-PR__2025120704,Grouped-random,train,NORMAL,NORMAL,0.37015384,0.2994786,0.33036757
CONTROL__7153__2025022320,Grouped-random,train,NORMAL,OTHER_DISRUPTION,0.33023462,0.32506052,0.3447049
CONTROL__7153__2025030920,Grouped-random,train,NORMAL,OTHER_DISRUPTION,0.33023462,0.32506052,0.3447049
CONTROL__7163__2025091505,Grouped-random,train,NORMAL,NORMAL,0.35366306,0.3128399,0.33349708
CONTROL__7163__2025042105,Grouped-random,train,NORMAL,OTHER_DISRUPTION,0.33313534,0.3210152,0.34584934
CONTROL__7123-PR__2025122906,Grouped-random,train,NORMAL,NORMAL,0.3576088,0.30497888,0.33741233
CONTROL__7123-PR__2025090806,Grouped-random,train,NORMAL,ACCIDENT,0.33489248,0.33981508,0.3252924
CONTROL__74230__2025102707,Grouped-random,train,NORMAL,ACCIDENT,0.3508971,0.37594873,0.27315414
CONTROL__74230__2025021007,Grouped-random,train,NORMAL,OTHER_DISRUPTION,0.33023462,0.32506052,0.3447049
CONTROL__7159__2025102010,Grouped-random,train,NORMAL,NORMAL,0.37129745,0.35558954,0.27311304
CONTROL__7159__2025072810,Grouped-random,train,NORMAL,NORMAL,0.3635992,0.32574683,0.31065404
CONTROL__68025__2025100711,Grouped-random,train,NORMAL,NORMAL,0.37889397,0.34878805,0.27231795
CONTROL__68025__2025123011,Grouped-random,train,NORMAL,ACCIDENT,0.32486653,0.33878002,0.33635342
CONTROL__7112__2025061013,Grouped-random,train,NORMAL,NORMAL,0.3575084,0.3302763,0.31221527
CONTROL__7112__2025102813,Grouped-random,train,NORMAL,NORMAL,0.35618433,0.32746252,0.31635317
CONTROL__47024__2025020502,Grouped-random,train,NORMAL,OTHER_DISRUPTION,0.33023462,0.32506052,0.3447049
CONTROL__47024__2025031902,Grouped-random,train,NORMAL,NORMAL,0.38984358,0.29964998,0.31050652
CONTROL__10011__2025122403,Grouped-random,train,NORMAL,OTHER_DISRUPTION,0.33023462,0.32506052,0.3447049
CONTROL__10011__2025050703,Grouped-random,train,NORMAL,OTHER_DISRUPTION,0.33023462,0.32506052,0.3447049
CONTROL__7139__2025062503,Grouped-random,train,NORMAL,OTHER_DISRUPTION,0.33023462,0.32506052,0.3447049
CONTROL__7139__2025022603,Grouped-random,train,NORMAL,OTHER_DISRUPTION,0.33023462,0.32506052,0.3447049
CONTROL__7251__2025071605,Grouped-random,train,NORMAL,NORMAL,0.37973467,0.3086734,0.311592
CONTROL__7251__2025080605,Grouped-random,train,NORMAL,NORMAL,0.3868695,0.30200914,0.3111214
CONTROL__50240__2025043014,Grouped-random,train,NORMAL,NORMAL,0.36646366,0.32915458,0.30438185
CONTROL__50240__2025102914,Grouped-random,train,NORMAL,NORMAL,0.3608896,0.32639852,0.31271192
CONTROL__53004__2025103101,Grouped-random,train,NORMAL,OTHER_DISRUPTION,0.3188832,0.31279603,0.36832064
CONTROL__53004__2025031401,Grouped-random,train,NORMAL,NORMAL,0.35599422,0.3167093,0.32729656
CONTROL__10011__2025092602,Grouped-random,train,NORMAL,OTHER_DISRUPTION,0.33023462,0.32506052,0.3447049
CONTROL__10011__2025050202,Grouped-random,train,NORMAL,OTHER_DISRUPTION,0.33023462,0.32506052,0.3447049
CONTROL__7139__2025040402,Grouped-random,train,NORMAL,ACCIDENT,0.3134374,0.3728351,0.3137275
CONTROL__7139__2025062702,Grouped-random,train,NORMAL,OTHER_DISRUPTION,0.33277884,0.3151711,0.35205013
CONTROL__68025__2025051606,Grouped-random,train,NORMAL,NORMAL,0.339069,0.33833852,0.32259244
CONTROL__68025__2025110706,Grouped-random,train,NORMAL,ACCIDENT,0.34944072,0.366996,0.2835633
CONTROL__7248__2025030800,Grouped-random,train,NORMAL,NORMAL,0.3731042,0.32523334,0.30166245
CONTROL__7248__2025110100,Grouped-random,train,NORMAL,NORMAL,0.33927786,0.33769587,0.3230264
CONTROL__7179__2025021505,Grouped-random,train,NORMAL,OTHER_DISRUPTION,0.33023462,0.32506052,0.3447049
CONTROL__7179__2025110805,Grouped-random,train,NORMAL,NORMAL,0.36110955,0.30715263,0.33173773
CONTROL__7163__2025020202,Grouped-random,train,NORMAL,OTHER_DISRUPTION,0.33023462,0.32506052,0.3447049
CONTROL__7163__2025122802,Grouped-random,train,NORMAL,ACCIDENT,0.32580993,0.34936267,0.3248274
CONTROL__51235__2025101907,Grouped-random,train,NORMAL,NORMAL,0.362674,0.35599008,0.2813358
CONTROL__51235__2025022307,Grouped-random,train,NORMAL,OTHER_DISRUPTION,0.33023462,0.32506052,0.3447049
CONTROL__7179__2025042710,Grouped-random,train,NORMAL,NORMAL,0.34589168,0.32962736,0.32448092
CONTROL__7179__2025080310,Grouped-random,train,NORMAL,NORMAL,0.35199767,0.3231865,0.32481587
CONTROL__51235__2025062301,Grouped-random,train,NORMAL,OTHER_DISRUPTION,0.34294918,0.2951222,0.36192858
CONTROL__51235__2025102701,Grouped-random,train,NORMAL,NORMAL,0.3522812,0.30151695,0.34620193
CONTROL__51235__2025031805,Grouped-random,train,NORMAL,NORMAL,0.35712633,0.31911892,0.32375482
CONTROL__51235__2025051305,Grouped-random,train,NORMAL,NORMAL,0.37905183,0.3167048,0.30424333
CONTROL__7161__2025121608,Grouped-random,train,NORMAL,ACCIDENT,0.3563724,0.36922032,0.27440727
CONTROL__7161__2025070108,Grouped-random,train,NORMAL,NORMAL,0.356449,0.31411132,0.32943964
CONTROL__F3FWY005__2025101419,Grouped-random,train,NORMAL,NORMAL,0.365734,0.32694155,0.30732453
CONTROL__F3FWY005__2025120919,Grouped-random,train,NORMAL,NORMAL,0.37283054,0.33032262,0.2968469
CONTROL__7274__2025102121,Grouped-random,train,NORMAL,OTHER_DISRUPTION,0.33464137,0.29075426,0.37460437
CONTROL__7274__2025101421,Grouped-random,train,NORMAL,OTHER_DISRUPTION,0.3262315,0.29482302,0.37894556
CONTROL__T0288__2025060321,Grouped-random,train,NORMAL,OTHER_DISRUPTION,0.33023462,0.32506052,0.3447049
CONTROL__T0288__2025102121,Grouped-random,train,NORMAL,OTHER_DISRUPTION,0.33023462,0.32506052,0.3447049
CONTROL__T0289__2025120921,Grouped-random,train,NORMAL,OTHER_DISRUPTION,0.33023462,0.32506052,0.3447049
CONTROL__T0289__2025122321,Grouped-random,train,NORMAL,OTHER_DISRUPTION,0.33023462,0.32506052,0.3447049
CONTROL__T0479-PR__2025040121,Grouped-random,train,NORMAL,OTHER_DISRUPTION,0.34601355,0.30280614,0.35118037
CONTROL__T0479-PR__2025093021,Grouped-random,train,NORMAL,NORMAL,0.35695174,0.31851366,0.32453457
CONTROL__10011__2025042303,Grouped-random,train,NORMAL,OTHER_DISRUPTION,0.33023462,0.32506052,0.3447049
CONTROL__10011__2025022603,Grouped-random,train,NORMAL,OTHER_DISRUPTION,0.33023462,0.32506052,0.3447049
CONTROL__7139__2025040203,Grouped-random,train,NORMAL,OTHER_DISRUPTION,0.34116718,0.28086835,0.37796453
CONTROL__7139__2025010803,Grouped-random,train,NORMAL,OTHER_DISRUPTION,0.33413243,0.28310755,0.38276014
CONTROL__7112__2025091713,Grouped-random,train,NORMAL,NORMAL,0.3685433,0.3612929,0.27016386
CONTROL__7112__2025111913,Grouped-random,train,NORMAL,NORMAL,0.35656717,0.3247418,0.3186909
CONTROL__7121__2025071619,Grouped-random,train,NORMAL,ACCIDENT,0.32531774,0.34031692,0.33436534
CONTROL__7121__2025052819,Grouped-random,train,NORMAL,OTHER_DISRUPTION,0.3213872,0.32569143,0.35292143
CONTROL__7121__2025101519,Grouped-random,train,NORMAL,OTHER_DISRUPTION,0.33023462,0.32506052,0.3447049
CONTROL__7121__2025061819,Grouped-random,train,NORMAL,NORMAL,0.37165964,0.3366299,0.29171035
CONTROL__7161__2025012222,Grouped-random,train,NORMAL,NORMAL,0.33548176,0.33322734,0.3312908
CONTROL__7161__2025060422,Grouped-random,train,NORMAL,ACCIDENT,0.33171338,0.33810502,0.3301816
CONTROL__9658__2025050723,Grouped-random,train,NORMAL,NORMAL,0.3727211,0.29894146,0.32833743
CONTROL__9658__2025122423,Grouped-random,train,NORMAL,OTHER_DISRUPTION,0.31721893,0.3156092,0.36717188
CONTROL__74230__2025100904,Grouped-random,train,NORMAL,NORMAL,0.36104083,0.32425636,0.31470284
CONTROL__74230__2025121804,Grouped-random,train,NORMAL,ACCIDENT,0.33133495,0.3448941,0.32377097
CONTROL__50240__2025020605,Grouped-random,train,NORMAL,OTHER_DISRUPTION,0.33023462,0.32506052,0.3447049
CONTROL__50240__2025080705,Grouped-random,train,NORMAL,ACCIDENT,0.35330617,0.37587416,0.27081966
CONTROL__50260__2025100907,Grouped-random,train,NORMAL,ACCIDENT,0.33736342,0.40228137,0.26035526
CONTROL__50260__2025030607,Grouped-random,train,NORMAL,ACCIDENT,0.33469254,0.4020223,0.26328513
CONTROL__68025__2025112801,Grouped-random,train,NORMAL,NORMAL,0.36477557,0.29559705,0.33962736
CONTROL__68025__2025102401,Grouped-random,train,NORMAL,OTHER_DISRUPTION,0.32215813,0.29970858,0.3781334
CONTROL__7150__2025091911,Grouped-random,train,NORMAL,NORMAL,0.37343156,0.35634783,0.27022058
CONTROL__7150__2025013111,Grouped-random,train,NORMAL,OTHER_DISRUPTION,0.33023462,0.32506052,0.3447049
CONTROL__74228__2025040414,Grouped-random,train,NORMAL,NORMAL,0.35401177,0.3300179,0.3159704
CONTROL__74228__2025020714,Grouped-random,train,NORMAL,OTHER_DISRUPTION,0.33023462,0.32506052,0.3447049
CONTROL__7120__2025010402,Grouped-random,train,NORMAL,OTHER_DISRUPTION,0.32223088,0.31572914,0.36204
CONTROL__7120__2025082302,Grouped-random,train,NORMAL,ACCIDENT,0.3359563,0.34588844,0.3181553
CONTROL__7121__2025110802,Grouped-random,train,NORMAL,OTHER_DISRUPTION,0.33023462,0.32506052,0.3447049
CONTROL__7121__2025101802,Grouped-random,train,NORMAL,ACCIDENT,0.32521144,0.34187925,0.3329093
CONTROL__7179__2025010404,Grouped-random,train,NORMAL,OTHER_DISRUPTION,0.33023462,0.32506052,0.3447049
CONTROL__7179__2025032204,Grouped-random,train,NORMAL,OTHER_DISRUPTION,0.33023462,0.32506052,0.3447049
CONTROL__F3FWY003__2025052501,Grouped-random,train,NORMAL,OTHER_DISRUPTION,0.33023462,0.32506052,0.3447049
CONTROL__F3FWY003__2025021601,Grouped-random,train,NORMAL,OTHER_DISRUPTION,0.33023462,0.32506052,0.3447049
CONTROL__23067__2025083120,Grouped-random,train,NORMAL,NORMAL,0.3703534,0.32743704,0.3022095
CONTROL__23067__2025092120,Grouped-random,train,NORMAL,NORMAL,0.36794093,0.36341563,0.26864338
CONTROL__7132__2025042108,Grouped-random,train,NORMAL,ACCIDENT,0.32672504,0.34458113,0.32869396
CONTROL__7132__2025042808,Grouped-random,train,NORMAL,NORMAL,0.3400824,0.331798,0.32811955
CONTROL__33014__2025031010,Grouped-random,train,NORMAL,NORMAL,0.35943353,0.32893464,0.3116318
CONTROL__33014__2025020310,Grouped-random,train,NORMAL,OTHER_DISRUPTION,0.33023462,0.32506052,0.3447049
CONTROL__50240__2025020319,Grouped-random,train,NORMAL,OTHER_DISRUPTION,0.33023462,0.32506052,0.3447049
CONTROL__50240__2025072119,Grouped-random,train,NORMAL,NORMAL,0.37627494,0.36903974,0.25468528
CONTROL__7153__2025120122,Grouped-random,train,NORMAL,ACCIDENT,0.33520246,0.338465,0.32633245
CONTROL__7153__2025082522,Grouped-random,train,NORMAL,NORMAL,0.371135,0.31852606,0.3103389
CONTROL__7163__2025121606,Grouped-random,train,NORMAL,NORMAL,0.35367653,0.3317643,0.3145591
CONTROL__7163__2025080506,Grouped-random,train,NORMAL,NORMAL,0.35328987,0.34733102,0.29937917
CONTROL__7121__2025061707,Grouped-random,train,NORMAL,OTHER_DISRUPTION,0.33023462,0.32506052,0.3447049
CONTROL__7121__2025041507,Grouped-random,train,NORMAL,NORMAL,0.347033,0.34523758,0.30772948
CONTROL__7161__2025082616,Grouped-random,train,NORMAL,ACCIDENT,0.35219312,0.37921113,0.26859576
CONTROL__7161__2025031116,Grouped-random,train,NORMAL,OTHER_DISRUPTION,0.33023462,0.32506052,0.3447049
CONTROL__53004__2025072304,Grouped-random,train,NORMAL,NORMAL,0.37778533,0.2975912,0.32462353
CONTROL__53004__2025052104,Grouped-random,train,NORMAL,NORMAL,0.36239251,0.3063612,0.3312462
CONTROL__53004__2025082005,Grouped-random,train,NORMAL,NORMAL,0.3457458,0.33490863,0.31934553
CONTROL__53004__2025111205,Grouped-random,train,NORMAL,NORMAL,0.3444691,0.32592592,0.329605
CONTROL__7163__2025050708,Grouped-random,train,NORMAL,NORMAL,0.34057984,0.3319311,0.32748902
CONTROL__7163__2025012208,Grouped-random,train,NORMAL,NORMAL,0.35369626,0.35044497,0.29585877
CONTROL__7163__2025102920,Grouped-random,train,NORMAL,NORMAL,0.3589792,0.32786396,0.31315696
CONTROL__7163__2025123120,Grouped-random,train,NORMAL,NORMAL,0.37079057,0.33457828,0.29463115
CONTROL__7179__2025092501,Grouped-random,train,NORMAL,NORMAL,0.36909997,0.30795836,0.32294172
CONTROL__7179__2025090401,Grouped-random,train,NORMAL,NORMAL,0.36044395,0.30874938,0.33080667
CONTROL__51235__2025011601,Grouped-random,train,NORMAL,ACCIDENT,0.32476532,0.35240766,0.32282698
CONTROL__51235__2025122501,Grouped-random,train,NORMAL,NORMAL,0.3430441,0.31408307,0.34287277
CONTROL__10011__2025062605,Grouped-random,train,NORMAL,OTHER_DISRUPTION,0.33023462,0.32506052,0.3447049
CONTROL__10011__2025060505,Grouped-random,train,NORMAL,OTHER_DISRUPTION,0.33023462,0.32506052,0.3447049
CONTROL__T0288__2025052000,Grouped-random,train,NORMAL,NORMAL,0.35193688,0.3306349,0.31742826
CONTROL__T0288__2025090900,Grouped-random,train,NORMAL,OTHER_DISRUPTION,0.33023462,0.32506052,0.3447049
CONTROL__T0289__2025093000,Grouped-random,train,NORMAL,OTHER_DISRUPTION,0.33023462,0.32506052,0.3447049
CONTROL__T0289__2025121600,Grouped-random,train,NORMAL,OTHER_DISRUPTION,0.33023462,0.32506052,0.3447049
CONTROL__7179__2025070823,Grouped-random,train,NORMAL,NORMAL,0.3796262,0.30686888,0.31350493
CONTROL__7179__2025040123,Grouped-random,train,NORMAL,NORMAL,0.34275478,0.32584786,0.33139738
CONTROL__51235__2025090923,Grouped-random,train,NORMAL,NORMAL,0.37794045,0.3182937,0.30376583
CONTROL__51235__2025122323,Grouped-random,train,NORMAL,NORMAL,0.37861344,0.31910214,0.3022844
CONTROL__74229__2025043005,Grouped-random,train,NORMAL,ACCIDENT,0.33478656,0.3423496,0.32286397
CONTROL__74229__2025082005,Grouped-random,train,NORMAL,NORMAL,0.3484997,0.32855174,0.32294852
CONTROL__7274__2025030605,Grouped-random,train,NORMAL,NORMAL,0.35088423,0.32620972,0.3229061
CONTROL__7274__2025050105,Grouped-random,train,NORMAL,NORMAL,0.35074413,0.32867083,0.32058507
CONTROL__7274__2025071705,Grouped-random,train,NORMAL,NORMAL,0.34772372,0.32655075,0.3257255
CONTROL__7274__2025102305,Grouped-random,train,NORMAL,NORMAL,0.36025342,0.34693328,0.29281324
CONTROL__50260__2025091908,Grouped-random,train,NORMAL,NORMAL,0.3543708,0.34360018,0.3020289
CONTROL__50260__2025022808,Grouped-random,train,NORMAL,OTHER_DISRUPTION,0.33023462,0.32506052,0.3447049
CONTROL__7251__2025062012,Grouped-random,train,NORMAL,NORMAL,0.37029102,0.3512158,0.27849323
CONTROL__7251__2025091912,Grouped-random,train,NORMAL,NORMAL,0.3747598,0.34631646,0.2789238
CONTROL__68025__2025121307,Grouped-random,train,NORMAL,NORMAL,0.33440417,0.33266422,0.33293164
CONTROL__68025__2025021507,Grouped-random,train,NORMAL,OTHER_DISRUPTION,0.33023462,0.32506052,0.3447049
CONTROL__32029__2025110807,Grouped-random,train,NORMAL,OTHER_DISRUPTION,0.33023462,0.32506052,0.3447049
CONTROL__32029__2025031507,Grouped-random,train,NORMAL,OTHER_DISRUPTION,0.33023462,0.32506052,0.3447049
CONTROL__7112__2025020905,Grouped-random,train,NORMAL,OTHER_DISRUPTION,0.33023462,0.32506052,0.3447049
CONTROL__7112__2025052505,Grouped-random,train,NORMAL,OTHER_DISRUPTION,0.33023462,0.32506052,0.3447049
CONTROL__F3FWY004__2025101923,Grouped-random,train,NORMAL,NORMAL,0.3798094,0.3188616,0.30132905
CONTROL__F3FWY004__2025101223,Grouped-random,train,NORMAL,NORMAL,0.3602198,0.31403822,0.32574198
CONTROL__7163__2025051203,Grouped-random,train,NORMAL,NORMAL,0.37079993,0.27124837,0.35795182
CONTROL__7163__2025040703,Grouped-random,train,NORMAL,OTHER_DISRUPTION,0.34034488,0.28655782,0.3730973
CONTROL__7112__2025090106,Grouped-random,train,NORMAL,ACCIDENT,0.33739617,0.37341452,0.28918928
CONTROL__7112__2025070706,Grouped-random,train,NORMAL,ACCIDENT,0.33969566,0.38620475,0.2740996
CONTROL__7139__2025021806,Grouped-random,train,NORMAL,OTHER_DISRUPTION,0.33023462,0.32506052,0.3447049
CONTROL__7139__2025102106,Grouped-random,train,NORMAL,ACCIDENT,0.35150993,0.3834009,0.26508915
CONTROL__T0231__2025021109,Grouped-random,train,NORMAL,OTHER_DISRUPTION,0.33023462,0.32506052,0.3447049
CONTROL__T0231__2025090909,Grouped-random,train,NORMAL,NORMAL,0.3541007,0.33343467,0.3124645
CONTROL__7248__2025022522,Grouped-random,train,NORMAL,OTHER_DISRUPTION,0.33023462,0.32506052,0.3447049
CONTROL__7248__2025070822,Grouped-random,train,NORMAL,NORMAL,0.36866686,0.31422913,0.317104
CONTROL__7248__2025110504,Grouped-random,train,NORMAL,NORMAL,0.3754572,0.3228631,0.30167976
CONTROL__7248__2025120304,Grouped-random,train,NORMAL,ACCIDENT,0.32696247,0.38537392,0.28766355
CONTROL__7272__2025100114,Grouped-random,train,NORMAL,ACCIDENT,0.33604643,0.36497766,0.29897588
CONTROL__7272__2025012914,Grouped-random,train,NORMAL,NORMAL,0.36785197,0.31817397,0.31397408
CONTROL__53004__2025082017,Grouped-random,train,NORMAL,NORMAL,0.33954814,0.3213654,0.33908638
CONTROL__53004__2025072317,Grouped-random,train,NORMAL,NORMAL,0.36023065,0.35149407,0.2882753
CONTROL__7270__2025021920,Grouped-random,train,NORMAL,OTHER_DISRUPTION,0.33023462,0.32506052,0.3447049
CONTROL__7270__2025042320,Grouped-random,train,NORMAL,NORMAL,0.3428271,0.32637563,0.33079728
CONTROL__10011__2025070921,Grouped-random,train,NORMAL,OTHER_DISRUPTION,0.33023462,0.32506052,0.3447049
CONTROL__10011__2025041621,Grouped-random,train,NORMAL,OTHER_DISRUPTION,0.33023462,0.32506052,0.3447049
CONTROL__7139__2025050721,Grouped-random,train,NORMAL,NORMAL,0.37392208,0.3157078,0.31037006
CONTROL__7139__2025010121,Grouped-random,train,NORMAL,NORMAL,0.39201298,0.37075993,0.23722707
CONTROL__7120__2025060422,Grouped-random,train,NORMAL,OTHER_DISRUPTION,0.3536399,0.28888115,0.35747898
CONTROL__7120__2025122422,Grouped-random,train,NORMAL,OTHER_DISRUPTION,0.31662032,0.31322977,0.37014997
CONTROL__7121__2025052822,Grouped-random,train,NORMAL,ACCIDENT,0.32852566,0.34020472,0.33126968
CONTROL__7121__2025110522,Grouped-random,train,NORMAL,OTHER_DISRUPTION,0.33023462,0.32506052,0.3447049
CONTROL__53004__2025052200,Grouped-random,train,NORMAL,OTHER_DISRUPTION,0.3226678,0.316146,0.36118618
CONTROL__53004__2025012300,Grouped-random,train,NORMAL,OTHER_DISRUPTION,0.32774353,0.3211912,0.35106513
CONTROL__7184__2025020600,Grouped-random,train,NORMAL,OTHER_DISRUPTION,0.33023462,0.32506052,0.3447049
CONTROL__7184__2025072400,Grouped-random,train,NORMAL,OTHER_DISRUPTION,0.32538444,0.3212787,0.35333684
CONTROL__10011__2025082103,Grouped-random,train,NORMAL,OTHER_DISRUPTION,0.33023462,0.32506052,0.3447049
CONTROL__10011__2025042403,Grouped-random,train,NORMAL,OTHER_DISRUPTION,0.33023462,0.32506052,0.3447049
CONTROL__7139__2025052903,Grouped-random,train,NORMAL,NORMAL,0.38612315,0.27452856,0.33934823
CONTROL__7139__2025022003,Grouped-random,train,NORMAL,OTHER_DISRUPTION,0.33023462,0.32506052,0.3447049
CONTROL__7121__2025020622,Grouped-random,train,NORMAL,OTHER_DISRUPTION,0.33023462,0.32506052,0.3447049
CONTROL__7121__2025092522,Grouped-random,train,NORMAL,NORMAL,0.36293954,0.30489734,0.3321631
CONTROL__53004__2025081501,Grouped-random,train,NORMAL,OTHER_DISRUPTION,0.32443365,0.30743885,0.3681275
CONTROL__53004__2025041101,Grouped-random,train,NORMAL,OTHER_DISRUPTION,0.33636856,0.31138045,0.35225105
CONTROL__7270__2025061301,Grouped-random,train,NORMAL,NORMAL,0.37745044,0.28762048,0.3349291
CONTROL__7270__2025121901,Grouped-random,train,NORMAL,NORMAL,0.36113635,0.29370433,0.3451593
CONTROL__50250__2025061303,Grouped-random,train,NORMAL,NORMAL,0.34781536,0.31218985,0.3399948
CONTROL__50250__2025092603,Grouped-random,train,NORMAL,OTHER_DISRUPTION,0.34211886,0.31307808,0.34480307
CONTROL__7248__2025052306,Grouped-random,train,NORMAL,ACCIDENT,0.34133428,0.3795171,0.27914852
CONTROL__7248__2025072506,Grouped-random,train,NORMAL,ACCIDENT,0.3409994,0.382988,0.2760126
CONTROL__53004__2025020719,Grouped-random,train,NORMAL,OTHER_DISRUPTION,0.33023462,0.32506052,0.3447049
CONTROL__53004__2025103119,Grouped-random,train,NORMAL,OTHER_DISRUPTION,0.33354184,0.32226446,0.3441938
CONTROL__7179__2025080822,Grouped-random,train,NORMAL,NORMAL,0.35529014,0.32179227,0.32291758
CONTROL__7179__2025081522,Grouped-random,train,NORMAL,NORMAL,0.36649084,0.28244534,0.35106382
CONTROL__7161__2025051008,Grouped-random,train,NORMAL,NORMAL,0.34653845,0.31811365,0.33534792
CONTROL__7161__2025032208,Grouped-random,train,NORMAL,NORMAL,0.3483523,0.31251854,0.33912912
CONTROL__7275__2025053110,Grouped-random,train,NORMAL,NORMAL,0.33767882,0.326756,0.33556512
CONTROL__7275__2025062810,Grouped-random,train,NORMAL,OTHER_DISRUPTION,0.33023462,0.32506052,0.3447049
CONTROL__F3FWY003__2025020202,Grouped-random,train,NORMAL,OTHER_DISRUPTION,0.33023462,0.32506052,0.3447049
CONTROL__F3FWY003__2025041302,Grouped-random,train,NORMAL,OTHER_DISRUPTION,0.33023462,0.32506052,0.3447049
CONTROL__74228__2025110905,Grouped-random,train,NORMAL,NORMAL,0.38096938,0.28818646,0.33084422
CONTROL__74228__2025072005,Grouped-random,train,NORMAL,NORMAL,0.36966446,0.28084835,0.34948713
CONTROL__33014__2025082408,Grouped-random,train,NORMAL,OTHER_DISRUPTION,0.33023462,0.32506052,0.3447049
CONTROL__33014__2025010508,Grouped-random,train,NORMAL,ACCIDENT,0.3289537,0.33792245,0.33312377
CONTROL__7270__2025060109,Grouped-random,train,NORMAL,NORMAL,0.33502927,0.33051616,0.3344545
CONTROL__7270__2025011209,Grouped-random,train,NORMAL,NORMAL,0.3416356,0.32383788,0.33452657
CONTROL__7179__2025090101,Grouped-random,train,NORMAL,NORMAL,0.38833496,0.30018157,0.31148347
CONTROL__7179__2025042101,Grouped-random,train,NORMAL,NORMAL,0.37655544,0.32657433,0.29687023
CONTROL__7184__2025092909,Grouped-random,train,NORMAL,ACCIDENT,0.36636725,0.37924933,0.25438341
CONTROL__7184__2025020309,Grouped-random,train,NORMAL,OTHER_DISRUPTION,0.33023462,0.32506052,0.3447049
CONTROL__68025__2025100703,Grouped-random,train,NORMAL,NORMAL,0.3784778,0.2751631,0.34635907
CONTROL__68025__2025072203,Grouped-random,train,NORMAL,OTHER_DISRUPTION,0.3333562,0.2845566,0.38208723
CONTROL__74230__2025110506,Grouped-random,train,NORMAL,ACCIDENT,0.34600794,0.3771576,0.27683443
CONTROL__74230__2025061806,Grouped-random,train,NORMAL,NORMAL,0.3488266,0.33929968,0.3118738
CONTROL__7248__2025121020,Grouped-random,train,NORMAL,OTHER_DISRUPTION,0.33023462,0.32506052,0.3447049
CONTROL__7248__2025070920,Grouped-random,train,NORMAL,NORMAL,0.364114,0.3478831,0.28800285
CONTROL__33014__2025031300,Grouped-random,train,NORMAL,NORMAL,0.33564448,0.33109608,0.33325946
CONTROL__33014__2025072400,Grouped-random,train,NORMAL,OTHER_DISRUPTION,0.33023462,0.32506052,0.3447049
CONTROL__74228__2025052922,Grouped-random,train,NORMAL,ACCIDENT,0.3279936,0.33711284,0.33489358
CONTROL__74228__2025041022,Grouped-random,train,NORMAL,OTHER_DISRUPTION,0.3467804,0.29285935,0.3603602
CONTROL__68025__2025042500,Grouped-random,train,NORMAL,OTHER_DISRUPTION,0.3171654,0.31924012,0.3635946
CONTROL__68025__2025052300,Grouped-random,train,NORMAL,OTHER_DISRUPTION,0.31452125,0.31725124,0.3682275
CONTROL__74230__2025053103,Grouped-random,train,NORMAL,OTHER_DISRUPTION,0.3356714,0.30508974,0.35923883
CONTROL__74230__2025030103,Grouped-random,train,NORMAL,OTHER_DISRUPTION,0.33184895,0.3334888,0.3346623
CONTROL__7163__2025092715,Grouped-random,train,NORMAL,OTHER_DISRUPTION,0.33493075,0.3296068,0.33546248
CONTROL__7163__2025062815,Grouped-random,train,NORMAL,OTHER_DISRUPTION,0.33023462,0.32506052,0.3447049
CONTROL__68025__2025011817,Grouped-random,train,NORMAL,NORMAL,0.3667301,0.35670945,0.27656052
CONTROL__68025__2025051717,Grouped-random,train,NORMAL,NORMAL,0.37154827,0.35909063,0.2693611
CONTROL__53004__2025072003,Grouped-random,train,NORMAL,NORMAL,0.3603432,0.2812539,0.3584029
CONTROL__53004__2025081703,Grouped-random,train,NORMAL,NORMAL,0.36234748,0.28025457,0.35739794
CONTROL__7248__2025050419,Grouped-random,train,NORMAL,NORMAL,0.3731563,0.35371557,0.27312803
CONTROL__7248__2025032319,Grouped-random,train,NORMAL,NORMAL,0.37030333,0.35592633,0.2737702
CONTROL__23067__2025092822,Grouped-random,train,NORMAL,ACCIDENT,0.3343009,0.33543405,0.33026505
CONTROL__23067__2025042022,Grouped-random,train,NORMAL,OTHER_DISRUPTION,0.33394668,0.3222782,0.34377512
CONTROL__7184__2025101301,Grouped-random,train,NORMAL,OTHER_DISRUPTION,0.35005835,0.29363915,0.35630256
CONTROL__7184__2025032401,Grouped-random,train,NORMAL,OTHER_DISRUPTION,0.33276325,0.30969453,0.35754225
CONTROL__7120__2025041404,Grouped-random,train,NORMAL,NORMAL,0.3499289,0.3149999,0.33507118
CONTROL__7120__2025112404,Grouped-random,train,NORMAL,NORMAL,0.37225175,0.31473458,0.31301373
CONTROL__7121__2025110304,Grouped-random,train,NORMAL,OTHER_DISRUPTION,0.33023462,0.32506052,0.3447049
CONTROL__7121__2025122204,Grouped-random,train,NORMAL,OTHER_DISRUPTION,0.33023462,0.32506052,0.3447049
CONTROL__7270__2025100606,Grouped-random,train,NORMAL,NORMAL,0.3371447,0.33186838,0.33098686
CONTROL__7270__2025092206,Grouped-random,train,NORMAL,ACCIDENT,0.3398727,0.3442293,0.31589794
CONTROL__7179__2025101306,Grouped-random,train,NORMAL,ACCIDENT,0.3445294,0.38263583,0.27283478
CONTROL__7179__2025100606,Grouped-random,train,NORMAL,NORMAL,0.37092257,0.29982442,0.32925308
CONTROL__68025__2025033121,Grouped-random,train,NORMAL,ACCIDENT,0.27560544,0.41641733,0.30797726
CONTROL__68025__2025120821,Grouped-random,train,NORMAL,NORMAL,0.36854267,0.3196238,0.31183347
CONTROL__7179__2025102812,Grouped-random,train,NORMAL,NORMAL,0.37186602,0.3642825,0.26385143
CONTROL__7179__2025080512,Grouped-random,train,NORMAL,NORMAL,0.374346,0.36211076,0.26354328
CONTROL__9834-PR__2025040122,Grouped-random,train,NORMAL,OTHER_DISRUPTION,0.33023462,0.32506052,0.3447049
CONTROL__9834-PR__2025052722,Grouped-random,train,NORMAL,OTHER_DISRUPTION,0.3235622,0.33004802,0.34638968
CONTROL__10011__2025112523,Grouped-random,train,NORMAL,OTHER_DISRUPTION,0.33023462,0.32506052,0.3447049
CONTROL__10011__2025040123,Grouped-random,train,NORMAL,OTHER_DISRUPTION,0.33023462,0.32506052,0.3447049
CONTROL__7139__2025051323,Grouped-random,train,NORMAL,NORMAL,0.37570384,0.30003744,0.32425877
CONTROL__7139__2025090923,Grouped-random,train,NORMAL,ACCIDENT,0.32979742,0.33850285,0.33169985
CONTROL__7163__2025072300,Grouped-random,train,NORMAL,NORMAL,0.35864434,0.31283563,0.32852
CONTROL__7163__2025080600,Grouped-random,train,NORMAL,NORMAL,0.36875626,0.32957375,0.30166993
CONTROL__7163__2025061100,Grouped-random,train,NORMAL,NORMAL,0.35689613,0.3228432,0.32026067
CONTROL__7163__2025102900,Grouped-random,train,NORMAL,NORMAL,0.35755455,0.3217525,0.32069293
CONTROL__9658__2025122402,Grouped-random,train,NORMAL,OTHER_DISRUPTION,0.3427884,0.29778448,0.35942712
CONTROL__9658__2025052802,Grouped-random,train,NORMAL,NORMAL,0.36007944,0.2815456,0.35837498
CONTROL__7112__2025061106,Grouped-random,train,NORMAL,ACCIDENT,0.33917812,0.38914123,0.27168065
CONTROL__7112__2025070206,Grouped-random,train,NORMAL,OTHER_DISRUPTION,0.3306747,0.26885924,0.400466
CONTROL__50240__2025091007,Grouped-random,train,NORMAL,ACCIDENT,0.34243467,0.39614663,0.26141873
CONTROL__50240__2025071607,Grouped-random,train,NORMAL,NORMAL,0.35416296,0.33865908,0.3071779
CONTROL__7179__2025020508,Grouped-random,train,NORMAL,OTHER_DISRUPTION,0.33023462,0.32506052,0.3447049
CONTROL__7179__2025032608,Grouped-random,train,NORMAL,OTHER_DISRUPTION,0.33023462,0.32506052,0.3447049
CONTROL__7164__2025082022,Grouped-random,train,NORMAL,OTHER_DISRUPTION,0.3239513,0.33254373,0.34350502
CONTROL__7164__2025102222,Grouped-random,train,NORMAL,NORMAL,0.3622125,0.2867803,0.35100716
CONTROL__53004__2025011603,Grouped-random,train,NORMAL,ACCIDENT,0.3317096,0.33762103,0.3306694
CONTROL__53004__2025100203,Grouped-random,train,NORMAL,NORMAL,0.37178242,0.27257884,0.35563868
CONTROL__7248__2025071704,Grouped-random,train,NORMAL,NORMAL,0.35982504,0.3219598,0.31821522
CONTROL__7248__2025011604,Grouped-random,train,NORMAL,NORMAL,0.37553513,0.3217947,0.3026702
CONTROL__7159__2025031321,Grouped-random,train,NORMAL,OTHER_DISRUPTION,0.33558983,0.27752417,0.386886
CONTROL__7159__2025011621,Grouped-random,train,NORMAL,NORMAL,0.40026698,0.34640592,0.2533272
CONTROL__33014__2025050823,Grouped-random,train,NORMAL,OTHER_DISRUPTION,0.32989046,0.32912835,0.34098122
CONTROL__33014__2025122523,Grouped-random,train,NORMAL,OTHER_DISRUPTION,0.33023462,0.32506052,0.3447049
CONTROL__7274__2025120602,Grouped-random,train,NORMAL,OTHER_DISRUPTION,0.32283077,0.29455218,0.382617
CONTROL__7274__2025062802,Grouped-random,train,NORMAL,NORMAL,0.36911777,0.2953227,0.33555952
CONTROL__68025__2025102504,Grouped-random,train,NORMAL,NORMAL,0.33954087,0.32338992,0.3370692
CONTROL__68025__2025020104,Grouped-random,train,NORMAL,OTHER_DISRUPTION,0.33023462,0.32506052,0.3447049
CONTROL__53004__2025020805,Grouped-random,train,NORMAL,OTHER_DISRUPTION,0.33023462,0.32506052,0.3447049
CONTROL__53004__2025101805,Grouped-random,train,NORMAL,NORMAL,0.34304145,0.31841365,0.33854493
CONTROL__F3FWY001__2025060101,Grouped-random,train,NORMAL,NORMAL,0.38286516,0.3234318,0.293703
CONTROL__F3FWY001__2025110201,Grouped-random,train,NORMAL,NORMAL,0.3862458,0.31999025,0.29376394
CONTROL__10011__2025080317,Grouped-random,train,NORMAL,OTHER_DISRUPTION,0.33023462,0.32506052,0.3447049
CONTROL__10011__2025122117,Grouped-random,train,NORMAL,OTHER_DISRUPTION,0.33023462,0.32506052,0.3447049
CONTROL__7139__2025120717,Grouped-random,train,NORMAL,NORMAL,0.35048294,0.32639644,0.32312062
CONTROL__7139__2025111617,Grouped-random,train,NORMAL,ACCIDENT,0.36839703,0.38034406,0.2512589
CONTROL__7179__2025092821,Grouped-random,train,NORMAL,OTHER_DISRUPTION,0.34762678,0.2869805,0.36539274
CONTROL__7179__2025102621,Grouped-random,train,NORMAL,OTHER_DISRUPTION,0.3471276,0.28756407,0.3653083
CONTROL__7153__2025101305,Grouped-random,train,NORMAL,NORMAL,0.35902128,0.3499412,0.29103747
CONTROL__7153__2025120105,Grouped-random,train,NORMAL,NORMAL,0.35500696,0.32833025,0.31666276
CONTROL__F3FWY003__2025033112,Grouped-random,train,NORMAL,OTHER_DISRUPTION,0.33023462,0.32506052,0.3447049
CONTROL__F3FWY003__2025102012,Grouped-random,train,NORMAL,NORMAL,0.37315795,0.36854178,0.2583003
CONTROL__7274__2025121520,Grouped-random,train,NORMAL,NORMAL,0.33888963,0.3290717,0.33203873
CONTROL__7274__2025033120,Grouped-random,train,NORMAL,OTHER_DISRUPTION,0.33023462,0.32506052,0.3447049
CONTROL__34016__2025071506,Grouped-random,train,NORMAL,ACCIDENT,0.33079132,0.33477923,0.3344295
CONTROL__34016__2025041506,Grouped-random,train,NORMAL,ACCIDENT,0.33289373,0.33914712,0.32795915
CONTROL__68025__2025081218,Grouped-random,train,NORMAL,NORMAL,0.36744413,0.35505056,0.27750528
CONTROL__68025__2025012118,Grouped-random,train,NORMAL,OTHER_DISRUPTION,0.3268182,0.3241784,0.34900346
CONTROL__7153__2025040120,Grouped-random,train,NORMAL,OTHER_DISRUPTION,0.32280007,0.31627795,0.36092207
CONTROL__7153__2025031820,Grouped-random,train,NORMAL,OTHER_DISRUPTION,0.33023462,0.32506052,0.3447049
CONTROL__7112__2025122401,Grouped-random,train,NORMAL,OTHER_DISRUPTION,0.32746258,0.3008134,0.37172398
CONTROL__7112__2025100101,Grouped-random,train,NORMAL,NORMAL,0.37159917,0.28937963,0.3390211
CONTROL__7270__2025100802,Grouped-random,train,NORMAL,OTHER_DISRUPTION,0.35201117,0.274134,0.37385482
CONTROL__7270__2025043002,Grouped-random,train,NORMAL,NORMAL,0.37706926,0.26869893,0.35423192
CONTROL__7119-PR__2025061806,Grouped-random,train,NORMAL,NORMAL,0.34529996,0.32660392,0.32809624
CONTROL__7119-PR__2025052806,Grouped-random,train,NORMAL,NORMAL,0.34943298,0.34939998,0.3011671
CONTROL__68025__2025041620,Grouped-random,train,NORMAL,OTHER_DISRUPTION,0.3395256,0.31898034,0.341494
CONTROL__68025__2025022620,Grouped-random,train,NORMAL,OTHER_DISRUPTION,0.33023462,0.32506052,0.3447049
CONTROL__7112__2025100120,Grouped-random,train,NORMAL,NORMAL,0.36577207,0.34503353,0.2891945
CONTROL__7112__2025091720,Grouped-random,train,NORMAL,NORMAL,0.3651384,0.339945,0.29491657
CONTROL__51235__2025120322,Grouped-random,train,NORMAL,NORMAL,0.34010124,0.32484984,0.3350489
CONTROL__51235__2025030522,Grouped-random,train,NORMAL,OTHER_DISRUPTION,0.34116986,0.31638432,0.34244588
CONTROL__7248__2025010906,Grouped-random,train,NORMAL,ACCIDENT,0.3409004,0.382833,0.2762666
CONTROL__7248__2025032006,Grouped-random,train,NORMAL,ACCIDENT,0.33971202,0.3841269,0.2761611
CONTROL__53004__2025090422,Grouped-random,train,NORMAL,OTHER_DISRUPTION,0.32953474,0.33415633,0.33630893
CONTROL__53004__2025011622,Grouped-random,train,NORMAL,OTHER_DISRUPTION,0.34555283,0.28914687,0.36530027
CONTROL__74230__2025110705,Grouped-random,train,NORMAL,NORMAL,0.357788,0.3417453,0.3004668
CONTROL__74230__2025050905,Grouped-random,train,NORMAL,NORMAL,0.36470947,0.31130597,0.32398456
CONTROL__47024__2025112107,Grouped-random,train,NORMAL,NORMAL,0.34747034,0.34394002,0.3085897
CONTROL__47024__2025011707,Grouped-random,train,NORMAL,OTHER_DISRUPTION,0.33023462,0.32506052,0.3447049
CONTROL__29005__2025092608,Grouped-random,train,NORMAL,NORMAL,0.35917434,0.33818582,0.3026398
CONTROL__29005__2025012408,Grouped-random,train,NORMAL,OTHER_DISRUPTION,0.33023462,0.32506052,0.3447049
CONTROL__7120__2025071810,Grouped-random,train,NORMAL,NORMAL,0.35142714,0.32823345,0.3203393
CONTROL__7120__2025061310,Grouped-random,train,NORMAL,NORMAL,0.34972695,0.32854503,0.321728
CONTROL__7120__2025122610,Grouped-random,train,NORMAL,OTHER_DISRUPTION,0.33023462,0.32506052,0.3447049
CONTROL__7120__2025041810,Grouped-random,train,NORMAL,NORMAL,0.36125988,0.35559162,0.28314853
CONTROL__7179__2025092700,Grouped-random,train,NORMAL,NORMAL,0.38009876,0.31203747,0.30786386
CONTROL__7179__2025081600,Grouped-random,train,NORMAL,NORMAL,0.38115817,0.3080596,0.31078225
CONTROL__7184__2025071907,Grouped-random,train,NORMAL,NORMAL,0.36453825,0.35647148,0.2789903
CONTROL__7184__2025071207,Grouped-random,train,NORMAL,NORMAL,0.36470446,0.35562298,0.27967262
CONTROL__7248__2025092102,Grouped-random,train,NORMAL,NORMAL,0.34903076,0.3096976,0.34127173
CONTROL__7248__2025041302,Grouped-random,train,NORMAL,NORMAL,0.376276,0.29669946,0.3270245
CONTROL__74228__2025121503,Grouped-random,train,NORMAL,OTHER_DISRUPTION,0.33329043,0.29816544,0.36854407
CONTROL__74228__2025032403,Grouped-random,train,NORMAL,NORMAL,0.37850043,0.27152738,0.34997222
CONTROL__53004__2025032504,Grouped-random,train,NORMAL,NORMAL,0.38992652,0.28919104,0.32088238
CONTROL__53004__2025022504,Grouped-random,train,NORMAL,OTHER_DISRUPTION,0.33023462,0.32506052,0.3447049
CONTROL__7274__2025010704,Grouped-random,train,NORMAL,NORMAL,0.35725886,0.30016953,0.34257165
CONTROL__7274__2025100704,Grouped-random,train,NORMAL,NORMAL,0.3777163,0.31120977,0.311074
CONTROL__7163__2025082002,Grouped-random,train,NORMAL,OTHER_DISRUPTION,0.3215873,0.2917548,0.38665798
CONTROL__7163__2025012902,Grouped-random,train,NORMAL,OTHER_DISRUPTION,0.35413757,0.27290392,0.37295848
CONTROL__33014__2025070207,Grouped-random,train,NORMAL,OTHER_DISRUPTION,0.33023462,0.32506052,0.3447049
CONTROL__33014__2025061107,Grouped-random,train,NORMAL,ACCIDENT,0.344454,0.37685233,0.27869377
CONTROL__7120__2025051410,Grouped-random,train,NORMAL,NORMAL,0.3693437,0.35114473,0.27951157
CONTROL__7120__2025090310,Grouped-random,train,NORMAL,NORMAL,0.35146907,0.32787293,0.32065806
CONTROL__7121__2025121010,Grouped-random,train,NORMAL,NORMAL,0.35233223,0.31231833,0.33534944
CONTROL__7121__2025123110,Grouped-random,train,NORMAL,ACCIDENT,0.3254825,0.34664515,0.32787237
CONTROL__7164__2025013000,Grouped-random,train,NORMAL,ACCIDENT,0.33054164,0.33981082,0.32964754
CONTROL__7164__2025061200,Grouped-random,train,NORMAL,ACCIDENT,0.3302406,0.33840415,0.33135527
CONTROL__7179__2025062606,Grouped-random,train,NORMAL,ACCIDENT,0.3477814,0.37860355,0.27361512
CONTROL__7179__2025071006,Grouped-random,train,NORMAL,ACCIDENT,0.35213962,0.36941513,0.27844524
CONTROL__7179__2025102306,Grouped-random,train,NORMAL,ACCIDENT,0.34767672,0.37840018,0.27392316
CONTROL__7179__2025120406,Grouped-random,train,NORMAL,ACCIDENT,0.34772947,0.3773749,0.2748956
CONTROL__7164__2025121808,Grouped-random,train,NORMAL,ACCIDENT,0.35223377,0.36581442,0.2819518
CONTROL__7164__2025041708,Grouped-random,train,NORMAL,NORMAL,0.33721384,0.330729,0.33205712
CONTROL__7119-PR__2025060511,Grouped-random,train,NORMAL,NORMAL,0.38135818,0.3476892,0.27095258
CONTROL__7119-PR__2025112011,Grouped-random,train,NORMAL,NORMAL,0.34419566,0.33213183,0.32367262
CONTROL__53004__2025100921,Grouped-random,train,NORMAL,NORMAL,0.36696133,0.32487178,0.3081668
CONTROL__53004__2025032721,Grouped-random,train,NORMAL,OTHER_DISRUPTION,0.33023462,0.32506052,0.3447049
CONTROL__10011__2025091902,Grouped-random,train,NORMAL,OTHER_DISRUPTION,0.33023462,0.32506052,0.3447049
CONTROL__10011__2025062702,Grouped-random,train,NORMAL,OTHER_DISRUPTION,0.33023462,0.32506052,0.3447049
CONTROL__7139__2025031402,Grouped-random,train,NORMAL,OTHER_DISRUPTION,0.34675744,0.29001483,0.36322773
CONTROL__7139__2025013102,Grouped-random,train,NORMAL,OTHER_DISRUPTION,0.33023462,0.32506052,0.3447049
CONTROL__F3FWY004__2025101006,Grouped-random,train,NORMAL,ACCIDENT,0.3564552,0.36433816,0.27920657
CONTROL__F3FWY004__2025103106,Grouped-random,train,NORMAL,ACCIDENT,0.34655333,0.36019772,0.29324883
CONTROL__68025__2025040414,Grouped-random,train,NORMAL,NORMAL,0.34624717,0.32915425,0.3245986
CONTROL__68025__2025020714,Grouped-random,train,NORMAL,OTHER_DISRUPTION,0.33023462,0.32506052,0.3447049
CONTROL__F3FWY003__2025103123,Grouped-random,train,NORMAL,NORMAL,0.3537452,0.33060855,0.31564617
CONTROL__F3FWY003__2025101023,Grouped-random,train,NORMAL,NORMAL,0.35508344,0.32074162,0.32417494
CONTROL__53004__2025061404,Grouped-random,train,NORMAL,NORMAL,0.3833532,0.28780636,0.32884043
CONTROL__53004__2025101804,Grouped-random,train,NORMAL,OTHER_DISRUPTION,0.34314364,0.30701038,0.34984604
CONTROL__F3FWY003__2025100501,Grouped-random,train,NORMAL,ACCIDENT,0.3303359,0.3389899,0.3306742
CONTROL__F3FWY003__2025072001,Grouped-random,train,NORMAL,OTHER_DISRUPTION,0.33023462,0.32506052,0.3447049
CONTROL__22001__2025120702,Grouped-random,train,NORMAL,OTHER_DISRUPTION,0.33023462,0.32506052,0.3447049
CONTROL__22001__2025062902,Grouped-random,train,NORMAL,OTHER_DISRUPTION,0.33023462,0.32506052,0.3447049
CONTROL__9658__2025082407,Grouped-random,train,NORMAL,NORMAL,0.34222603,0.32170284,0.3360711
CONTROL__9658__2025033007,Grouped-random,train,NORMAL,ACCIDENT,0.2528039,0.43605927,0.3111368
CONTROL__33014__2025120720,Grouped-random,train,NORMAL,OTHER_DISRUPTION,0.33023462,0.32506052,0.3447049
CONTROL__33014__2025102620,Grouped-random,train,NORMAL,OTHER_DISRUPTION,0.33023462,0.32506052,0.3447049
CONTROL__7120__2025101305,Grouped-random,train,NORMAL,ACCIDENT,0.33776197,0.34312874,0.31910926
CONTROL__7120__2025060905,Grouped-random,train,NORMAL,NORMAL,0.37417966,0.31717786,0.30864254
CONTROL__7121__2025011305,Grouped-random,train,NORMAL,NORMAL,0.37306115,0.29920006,0.32773873
CONTROL__7121__2025061605,Grouped-random,train,NORMAL,NORMAL,0.37309432,0.2957426,0.33116308
CONTROL__7121__2025010622,Grouped-random,train,NORMAL,NORMAL,0.33380678,0.33313203,0.33306116
CONTROL__7121__2025122922,Grouped-random,train,NORMAL,OTHER_DISRUPTION,0.33407235,0.28837693,0.37755066
CONTROL__50240__2025050603,Grouped-random,train,NORMAL,NORMAL,0.3962356,0.28423253,0.31953183
CONTROL__50240__2025051303,Grouped-random,train,NORMAL,NORMAL,0.39667302,0.28396276,0.3193642
CONTROL__50240__2025111103,Grouped-random,train,NORMAL,NORMAL,0.39573917,0.2975051,0.30675575
CONTROL__50240__2025012103,Grouped-random,train,NORMAL,NORMAL,0.39604908,0.29555497,0.30839586
CONTROL__7161__2025042210,Grouped-random,train,NORMAL,NORMAL,0.35633266,0.32863206,0.3150353
CONTROL__7161__2025081210,Grouped-random,train,NORMAL,NORMAL,0.38183513,0.34953773,0.26862708
CONTROL__32029__2025123022,Grouped-random,train,NORMAL,OTHER_DISRUPTION,0.33023462,0.32506052,0.3447049
CONTROL__32029__2025092322,Grouped-random,train,NORMAL,OTHER_DISRUPTION,0.33023462,0.32506052,0.3447049
CONTROL__7163__2025041523,Grouped-random,train,NORMAL,NORMAL,0.33458948,0.33375224,0.3316582
CONTROL__7163__2025040823,Grouped-random,train,NORMAL,ACCIDENT,0.32851538,0.33921352,0.33227104
CONTROL__7121__2025061821,Grouped-random,train,NORMAL,NORMAL,0.379679,0.28963092,0.33069015
CONTROL__7121__2025111921,Grouped-random,train,NORMAL,OTHER_DISRUPTION,0.32308918,0.33250976,0.3444011
CONTROL__9658__2025071703,Grouped-random,train,NORMAL,NORMAL,0.38158053,0.27951968,0.33889982
CONTROL__9658__2025042403,Grouped-random,train,NORMAL,OTHER_DISRUPTION,0.34646472,0.29291937,0.3606159
CONTROL__23067__2025021305,Grouped-random,train,NORMAL,OTHER_DISRUPTION,0.33023462,0.32506052,0.3447049
CONTROL__23067__2025100205,Grouped-random,train,NORMAL,NORMAL,0.35113245,0.3119836,0.33688393
CONTROL__7184__2025121119,Grouped-random,train,NORMAL,NORMAL,0.37710363,0.36127457,0.2616218
CONTROL__7184__2025040319,Grouped-random,train,NORMAL,OTHER_DISRUPTION,0.33023462,0.32506052,0.3447049
CONTROL__7112__2025042421,Grouped-random,train,NORMAL,NORMAL,0.36764607,0.3075168,0.32483718
CONTROL__7112__2025020621,Grouped-random,train,NORMAL,OTHER_DISRUPTION,0.33023462,0.32506052,0.3447049
CONTROL__7184__2025061223,Grouped-random,train,NORMAL,OTHER_DISRUPTION,0.32761696,0.32998878,0.3423943
CONTROL__7184__2025100923,Grouped-random,train,NORMAL,NORMAL,0.37828892,0.30775714,0.313954
CONTROL__7112__2025032802,Grouped-random,train,NORMAL,NORMAL,0.3624988,0.2948705,0.34263065
CONTROL__7112__2025110702,Grouped-random,train,NORMAL,NORMAL,0.36703232,0.2687181,0.3642495
CONTROL__29005__2025100305,Grouped-random,train,NORMAL,NORMAL,0.36219546,0.35847804,0.27932647
CONTROL__29005__2025110705,Grouped-random,train,NORMAL,NORMAL,0.37627453,0.3380537,0.28567174
CONTROL__50240__2025011005,Grouped-random,train,NORMAL,NORMAL,0.35773316,0.31999546,0.32227135
CONTROL__50240__2025011705,Grouped-random,train,NORMAL,ACCIDENT,0.3204615,0.3779815,0.3015571
CONTROL__F3FWY002__2025032108,Grouped-random,train,NORMAL,ACCIDENT,0.3587748,0.37717637,0.26404884
CONTROL__F3FWY002__2025122608,Grouped-random,train,NORMAL,OTHER_DISRUPTION,0.33023462,0.32506052,0.3447049
CONTROL__7112__2025051007,Grouped-random,train,NORMAL,ACCIDENT,0.32673502,0.33731052,0.33595437
CONTROL__7112__2025110807,Grouped-random,train,NORMAL,ACCIDENT,0.33481774,0.3373945,0.32778776
CONTROL__T0345__2025030822,Grouped-random,train,NORMAL,ACCIDENT,0.33188263,0.33955368,0.3285637
CONTROL__T0345__2025072622,Grouped-random,train,NORMAL,OTHER_DISRUPTION,0.31870168,0.33587793,0.34542036
CONTROL__72027__2025031601,Grouped-random,train,NORMAL,ACCIDENT,0.29423228,0.39802969,0.30773807
CONTROL__72027__2025050401,Grouped-random,train,NORMAL,OTHER_DISRUPTION,0.3337101,0.31164128,0.35464862
CONTROL__7248__2025032308,Grouped-random,train,NORMAL,NORMAL,0.3720652,0.33768842,0.2902465
CONTROL__7248__2025112308,Grouped-random,train,NORMAL,NORMAL,0.34968707,0.31549335,0.33481959
CONTROL__T0231__2025092120,Grouped-random,train,NORMAL,NORMAL,0.3653265,0.32522157,0.3094519
CONTROL__T0231__2025051120,Grouped-random,train,NORMAL,OTHER_DISRUPTION,0.32797247,0.33201382,0.34001374
CONTROL__7274__2025072022,Grouped-random,train,NORMAL,ACCIDENT,0.32857835,0.33834147,0.33308017
CONTROL__7274__2025021622,Grouped-random,train,NORMAL,OTHER_DISRUPTION,0.33023462,0.32506052,0.3447049
CONTROL__50250__2025050503,Grouped-random,train,NORMAL,NORMAL,0.34396365,0.32001305,0.3360232
CONTROL__50250__2025122203,Grouped-random,train,NORMAL,NORMAL,0.37222022,0.29380867,0.33397114
CONTROL__7179__2025012006,Grouped-random,train,NORMAL,ACCIDENT,0.33104682,0.34179783,0.32715538
CONTROL__7179__2025022406,Grouped-random,train,NORMAL,OTHER_DISRUPTION,0.33023462,0.32506052,0.3447049
CONTROL__7163__2025120106,Grouped-random,train,NORMAL,ACCIDENT,0.3357271,0.36040878,0.30386418
CONTROL__7163__2025120806,Grouped-random,train,NORMAL,ACCIDENT,0.34499744,0.3576767,0.29732594
CONTROL__68025__2025120218,Grouped-random,train,NORMAL,OTHER_DISRUPTION,0.33901125,0.32169822,0.33929053
CONTROL__68025__2025102818,Grouped-random,train,NORMAL,OTHER_DISRUPTION,0.32775685,0.32651564,0.34572744
CONTROL__7179__2025060406,Grouped-random,train,NORMAL,ACCIDENT,0.3508028,0.37445512,0.27474204
CONTROL__7179__2025100806,Grouped-random,train,NORMAL,ACCIDENT,0.34823716,0.377086,0.27467683
CONTROL__7121__2025080610,Grouped-random,train,NORMAL,NORMAL,0.36461353,0.33996436,0.29542217
CONTROL__7121__2025021210,Grouped-random,train,NORMAL,OTHER_DISRUPTION,0.33023462,0.32506052,0.3447049
CONTROL__9658__2025051421,Grouped-random,train,NORMAL,OTHER_DISRUPTION,0.33831716,0.2786319,0.38305092
CONTROL__9658__2025100121,Grouped-random,train,NORMAL,NORMAL,0.36728483,0.29320928,0.33950585
CONTROL__7163__2025050805,Grouped-random,train,NORMAL,NORMAL,0.35252106,0.34065253,0.3068264
CONTROL__7163__2025062605,Grouped-random,train,NORMAL,OTHER_DISRUPTION,0.33023462,0.32506052,0.3447049
CONTROL__7184__2025050120,Grouped-random,train,NORMAL,NORMAL,0.3511668,0.3172039,0.33162925
CONTROL__7184__2025042420,Grouped-random,train,NORMAL,NORMAL,0.37420928,0.34818012,0.27761066
CONTROL__23067__2025122521,Grouped-random,train,NORMAL,OTHER_DISRUPTION,0.318305,0.32577583,0.35591912
CONTROL__23067__2025013021,Grouped-random,train,NORMAL,NORMAL,0.37504178,0.3066617,0.3182965
CONTROL__23067__2025112721,Grouped-random,train,NORMAL,OTHER_DISRUPTION,0.32866353,0.28882498,0.38251147
CONTROL__23067__2025010221,Grouped-random,train,NORMAL,NORMAL,0.36481214,0.3121934,0.32299444
CONTROL__7179__2025071806,Grouped-random,train,NORMAL,ACCIDENT,0.3502005,0.37378138,0.27601802
CONTROL__7179__2025041106,Grouped-random,train,NORMAL,OTHER_DISRUPTION,0.33023462,0.32506052,0.3447049
CONTROL__7179__2025101711,Grouped-random,train,NORMAL,NORMAL,0.3796832,0.3578636,0.26245317
CONTROL__7179__2025041111,Grouped-random,train,NORMAL,OTHER_DISRUPTION,0.33023462,0.32506052,0.3447049
CONTROL__7179__2025062011,Grouped-random,train,NORMAL,NORMAL,0.37441343,0.36335945,0.26222715
CONTROL__7179__2025070411,Grouped-random,train,NORMAL,NORMAL,0.37395033,0.3642331,0.2618166
CONTROL__74230__2025092615,Grouped-random,train,NORMAL,NORMAL,0.34701633,0.32640094,0.3265827
CONTROL__74230__2025013115,Grouped-random,train,NORMAL,NORMAL,0.3480317,0.3458088,0.3061595
CONTROL__7126__2025060713,Grouped-random,train,NORMAL,NORMAL,0.3405013,0.31953937,0.33995932
CONTROL__7126__2025032913,Grouped-random,train,NORMAL,OTHER_DISRUPTION,0.33023462,0.32506052,0.3447049
CONTROL__7126__2025083013,Grouped-random,train,NORMAL,OTHER_DISRUPTION,0.33526447,0.32499287,0.3397426
CONTROL__7126__2025080913,Grouped-random,train,NORMAL,NORMAL,0.3679402,0.35389125,0.2781685
CONTROL__7112__2025053123,Grouped-random,train,NORMAL,NORMAL,0.36654097,0.2916208,0.3418382
CONTROL__7112__2025092723,Grouped-random,train,NORMAL,ACCIDENT,0.3328197,0.33989212,0.3272882
CONTROL__7179__2025021621,Grouped-random,train,NORMAL,OTHER_DISRUPTION,0.33023462,0.32506052,0.3447049
CONTROL__7179__2025072721,Grouped-random,train,NORMAL,NORMAL,0.34365013,0.3224174,0.33393246
CONTROL__7274__2025081022,Grouped-random,train,NORMAL,ACCIDENT,0.32843047,0.33828655,0.33328298
CONTROL__7274__2025040622,Grouped-random,train,NORMAL,NORMAL,0.3660631,0.29973102,0.33420584
CONTROL__7164__2025102004,Grouped-random,train,NORMAL,NORMAL,0.3837973,0.2911213,0.32508144
CONTROL__7164__2025060204,Grouped-random,train,NORMAL,NORMAL,0.38497886,0.2856542,0.3293669
CONTROL__7251__2025092904,Grouped-random,train,NORMAL,NORMAL,0.37879038,0.2883334,0.3328762
CONTROL__7251__2025112404,Grouped-random,train,NORMAL,NORMAL,0.3822278,0.2828366,0.33493558
CONTROL__7121__2025072812,Grouped-random,train,NORMAL,NORMAL,0.36767012,0.33646667,0.2958632
CONTROL__7121__2025032412,Grouped-random,train,NORMAL,NORMAL,0.3712704,0.3282629,0.30046672
CONTROL__7126__2025111721,Grouped-random,train,NORMAL,OTHER_DISRUPTION,0.33049142,0.3229735,0.346535
CONTROL__7126__2025041421,Grouped-random,train,NORMAL,OTHER_DISRUPTION,0.33548984,0.31790432,0.3466058
CONTROL__7112__2025082700,Grouped-random,train,NORMAL,OTHER_DISRUPTION,0.33023462,0.32506052,0.3447049
CONTROL__7112__2025110500,Grouped-random,train,NORMAL,OTHER_DISRUPTION,0.32625577,0.320484,0.35326025
CONTROL__7112__2025040200,Grouped-random,train,NORMAL,ACCIDENT,0.32902384,0.34360093,0.3273753
CONTROL__7112__2025031200,Grouped-random,train,NORMAL,NORMAL,0.35733092,0.31828028,0.3243887
CONTROL__33014__2025010104,Grouped-random,train,NORMAL,OTHER_DISRUPTION,0.33023462,0.32506052,0.3447049
CONTROL__33014__2025081304,Grouped-random,train,NORMAL,OTHER_DISRUPTION,0.33023462,0.32506052,0.3447049
CONTROL__7112__2025052805,Grouped-random,train,NORMAL,NORMAL,0.35061336,0.34568182,0.3037048
CONTROL__7112__2025070205,Grouped-random,train,NORMAL,NORMAL,0.36836374,0.3499071,0.2817292
CONTROL__7112__2025043005,Grouped-random,train,NORMAL,NORMAL,0.3546702,0.35293612,0.29239374
CONTROL__7112__2025061805,Grouped-random,train,NORMAL,ACCIDENT,0.35346246,0.35490623,0.29163134
CONTROL__74230__2025111905,Grouped-random,train,NORMAL,ACCIDENT,0.35370982,0.3594359,0.28685427
CONTROL__74230__2025070205,Grouped-random,train,NORMAL,OTHER_DISRUPTION,0.32935956,0.32629803,0.34434247
CONTROL__9836-PR__2025072306,Grouped-random,train,NORMAL,NORMAL,0.35580862,0.31392938,0.33026198
CONTROL__9836-PR__2025010106,Grouped-random,train,NORMAL,OTHER_DISRUPTION,0.33023462,0.32506052,0.3447049
CONTROL__68025__2025121020,Grouped-random,train,NORMAL,OTHER_DISRUPTION,0.33571672,0.31016374,0.35411957
CONTROL__68025__2025060420,Grouped-random,train,NORMAL,NORMAL,0.37017542,0.33552712,0.2942975
CONTROL__53004__2025120322,Grouped-random,train,NORMAL,OTHER_DISRUPTION,0.32369274,0.33097622,0.34533113
CONTROL__53004__2025080622,Grouped-random,train,NORMAL,OTHER_DISRUPTION,0.32394913,0.32830545,0.34774545
CONTROL__7120__2025041004,Grouped-random,train,NORMAL,NORMAL,0.37371835,0.31139553,0.31488618
CONTROL__7120__2025080704,Grouped-random,train,NORMAL,NORMAL,0.37526768,0.30883163,0.3159007
CONTROL__T0231__2025032705,Grouped-random,train,NORMAL,NORMAL,0.35451636,0.3521568,0.2933268
CONTROL__T0231__2025022705,Grouped-random,train,NORMAL,OTHER_DISRUPTION,0.33023462,0.32506052,0.3447049
CONTROL__9658__2025082106,Grouped-random,train,NORMAL,NORMAL,0.34113416,0.33158553,0.32728037
CONTROL__9658__2025062606,Grouped-random,train,NORMAL,OTHER_DISRUPTION,0.32910573,0.31645882,0.3544354
CONTROL__51235__2025081506,Grouped-random,train,NORMAL,ACCIDENT,0.3549454,0.35561582,0.28943884
CONTROL__51235__2025020706,Grouped-random,train,NORMAL,OTHER_DISRUPTION,0.33023462,0.32506052,0.3447049
CONTROL__47024__2025040413,Grouped-random,train,NORMAL,NORMAL,0.39131704,0.3002455,0.30843756
CONTROL__47024__2025051613,Grouped-random,train,NORMAL,ACCIDENT,0.33159631,0.34124252,0.3271612
CONTROL__7120__2025062108,Grouped-random,train,NORMAL,OTHER_DISRUPTION,0.3320986,0.32996318,0.33793828
CONTROL__7120__2025031508,Grouped-random,train,NORMAL,ACCIDENT,0.35386935,0.35999054,0.2861401
CONTROL__7121__2025062108,Grouped-random,train,NORMAL,NORMAL,0.35597718,0.3347451,0.30927768
CONTROL__7121__2025011108,Grouped-random,train,NORMAL,OTHER_DISRUPTION,0.33023462,0.32506052,0.3447049
CONTROL__23067__2025041920,Grouped-random,train,NORMAL,OTHER_DISRUPTION,0.33052012,0.33297968,0.3365002
CONTROL__23067__2025070520,Grouped-random,train,NORMAL,NORMAL,0.36372876,0.3383616,0.29790965
CONTROL__7121__2025121402,Grouped-random,train,NORMAL,ACCIDENT,0.30922538,0.37723318,0.31354144
CONTROL__7121__2025120702,Grouped-random,train,NORMAL,OTHER_DISRUPTION,0.3309565,0.3291954,0.33984813
CONTROL__7112__2025021621,Grouped-random,train,NORMAL,OTHER_DISRUPTION,0.33023462,0.32506052,0.3447049
CONTROL__7112__2025020921,Grouped-random,train,NORMAL,OTHER_DISRUPTION,0.33023462,0.32506052,0.3447049
CONTROL__53003__2025100601,Grouped-random,train,NORMAL,ACCIDENT,0.33314562,0.3432142,0.32364026
CONTROL__53003__2025033101,Grouped-random,train,NORMAL,NORMAL,0.34958568,0.30154398,0.34887028
CONTROL__68025__2025033102,Grouped-random,train,NORMAL,OTHER_DISRUPTION,0.32223088,0.31572914,0.36204
CONTROL__68025__2025092902,Grouped-random,train,NORMAL,OTHER_DISRUPTION,0.32548168,0.2938171,0.38070127
CONTROL__10011__2025081804,Grouped-random,train,NORMAL,OTHER_DISRUPTION,0.33023462,0.32506052,0.3447049
CONTROL__10011__2025120104,Grouped-random,train,NORMAL,OTHER_DISRUPTION,0.33023462,0.32506052,0.3447049
CONTROL__7150__2025122908,Grouped-random,train,NORMAL,ACCIDENT,0.33443138,0.33452204,0.33104655
CONTROL__7150__2025072108,Grouped-random,train,NORMAL,ACCIDENT,0.3487383,0.36707956,0.2841821
CONTROL__7184__2025030311,Grouped-random,train,NORMAL,NORMAL,0.3662264,0.3240679,0.30970567
CONTROL__7184__2025060211,Grouped-random,train,NORMAL,NORMAL,0.35498795,0.34214938,0.30286258
CONTROL__7126__2025120208,Grouped-random,train,NORMAL,ACCIDENT,0.33300945,0.35868993,0.30830058
CONTROL__7126__2025010708,Grouped-random,train,NORMAL,NORMAL,0.36167613,0.3406205,0.29770336
CONTROL__7126__2025031808,Grouped-random,train,NORMAL,OTHER_DISRUPTION,0.33068284,0.32857832,0.3407388
CONTROL__7126__2025090908,Grouped-random,train,NORMAL,NORMAL,0.33806202,0.32819584,0.3337422
CONTROL__7274__2025070808,Grouped-random,train,NORMAL,NORMAL,0.35710618,0.327689,0.3152049
CONTROL__7274__2025040808,Grouped-random,train,NORMAL,ACCIDENT,0.3275249,0.33851063,0.33396447
CONTROL__53004__2025091700,Grouped-random,train,NORMAL,NORMAL,0.3562543,0.31071642,0.33302927
CONTROL__53004__2025070900,Grouped-random,train,NORMAL,NORMAL,0.35473347,0.3113084,0.33395812
CONTROL__53004__2025031201,Grouped-random,train,NORMAL,ACCIDENT,0.27106068,0.42019534,0.308744
CONTROL__53003__2025102903,Grouped-random,train,NORMAL,NORMAL,0.39254138,0.27557504,0.33188352
CONTROL__53003__2025022603,Grouped-random,train,NORMAL,OTHER_DISRUPTION,0.33023462,0.32506052,0.3447049
CONTROL__29005__2025052814,Grouped-random,train,NORMAL,ACCIDENT,0.3677354,0.3787949,0.25346985
CONTROL__29005__2025050714,Grouped-random,train,NORMAL,NORMAL,0.36422908,0.34280714,0.29296377
CONTROL__7248__2025062519,Grouped-random,train,NORMAL,NORMAL,0.3627623,0.3562752,0.28096253
CONTROL__7248__2025011519,Grouped-random,train,NORMAL,NORMAL,0.36695814,0.3543563,0.27868548
CONTROL__F3FWY002__2025042401,Grouped-random,train,NORMAL,NORMAL,0.36148018,0.28194666,0.3565731
CONTROL__F3FWY002__2025052201,Grouped-random,train,NORMAL,OTHER_DISRUPTION,0.35950512,0.27310258,0.36739224
CONTROL__T0231__2025071703,Grouped-random,train,NORMAL,NORMAL,0.38572422,0.2766826,0.33759317
CONTROL__T0231__2025103003,Grouped-random,train,NORMAL,NORMAL,0.3890243,0.2762684,0.3347074
CONTROL__9834-PR__2025100905,Grouped-random,train,NORMAL,NORMAL,0.37322167,0.29976338,0.32701495
CONTROL__9834-PR__2025032005,Grouped-random,train,NORMAL,OTHER_DISRUPTION,0.33023462,0.32506052,0.3447049
CONTROL__9834-PR__2025112005,Grouped-random,train,NORMAL,NORMAL,0.37934303,0.29740155,0.3232554
CONTROL__9834-PR__2025040305,Grouped-random,train,NORMAL,OTHER_DISRUPTION,0.33023462,0.32506052,0.3447049
CONTROL__7161__2025050108,Grouped-random,train,NORMAL,NORMAL,0.3583214,0.31794527,0.3237333
CONTROL__7161__2025101608,Grouped-random,train,NORMAL,ACCIDENT,0.3523732,0.37358642,0.27404028
CONTROL__7251__2025060600,Grouped-random,train,NORMAL,NORMAL,0.37012297,0.3164494,0.3134276
CONTROL__7251__2025111400,Grouped-random,train,NORMAL,NORMAL,0.36630672,0.31705558,0.3166377
CONTROL__53004__2025081503,Grouped-random,train,NORMAL,OTHER_DISRUPTION,0.3513168,0.27911788,0.3695653
CONTROL__53004__2025101003,Grouped-random,train,NORMAL,NORMAL,0.36830133,0.27419493,0.35750362
CONTROL__74230__2025121905,Grouped-random,train,NORMAL,ACCIDENT,0.32589096,0.34325737,0.33085176
CONTROL__74230__2025041805,Grouped-random,train,NORMAL,OTHER_DISRUPTION,0.33023462,0.32506052,0.3447049
CONTROL__7120__2025061306,Grouped-random,train,NORMAL,ACCIDENT,0.33511537,0.33782965,0.327055
CONTROL__7120__2025020706,Grouped-random,train,NORMAL,OTHER_DISRUPTION,0.33023462,0.32506052,0.3447049
CONTROL__7121__2025011006,Grouped-random,train,NORMAL,OTHER_DISRUPTION,0.33023462,0.32506052,0.3447049
CONTROL__7121__2025121906,Grouped-random,train,NORMAL,OTHER_DISRUPTION,0.33023462,0.32506052,0.3447049
CONTROL__74228__2025080107,Grouped-random,train,NORMAL,NORMAL,0.34618506,0.3276839,0.32613105
CONTROL__74228__2025071807,Grouped-random,train,NORMAL,NORMAL,0.34991533,0.32130376,0.32878086
CONTROL__F3FWY003__2025030803,Grouped-random,train,NORMAL,OTHER_DISRUPTION,0.33023462,0.32506052,0.3447049
CONTROL__F3FWY003__2025100403,Grouped-random,train,NORMAL,OTHER_DISRUPTION,0.3500442,0.28364867,0.36630714
CONTROL__23067__2025012503,Grouped-random,train,NORMAL,NORMAL,0.34475288,0.31351918,0.3417279
CONTROL__23067__2025081603,Grouped-random,train,NORMAL,NORMAL,0.3893472,0.29746592,0.31318697
CONTROL__23067__2025053103,Grouped-random,train,NORMAL,OTHER_DISRUPTION,0.33372098,0.32366055,0.3426185
CONTROL__23067__2025062803,Grouped-random,train,NORMAL,OTHER_DISRUPTION,0.3445336,0.2895983,0.3658681
CONTROL__100001__2025032913,Grouped-random,train,NORMAL,OTHER_DISRUPTION,0.3398929,0.32004213,0.3400649
CONTROL__100001__2025070513,Grouped-random,train,NORMAL,NORMAL,0.3675877,0.36228347,0.27012885
CONTROL__47024__2025082403,Grouped-random,train,NORMAL,NORMAL,0.38636333,0.31113347,0.30250308
CONTROL__47024__2025051103,Grouped-random,train,NORMAL,NORMAL,0.3856156,0.30812344,0.30626106
CONTROL__50240__2025050407,Grouped-random,train,NORMAL,ACCIDENT,0.3611434,0.36290723,0.2759493
CONTROL__50240__2025061507,Grouped-random,train,NORMAL,NORMAL,0.36825377,0.34845597,0.28329027
CONTROL__50240__2025060119,Grouped-random,train,NORMAL,NORMAL,0.34755754,0.3246182,0.32782426
CONTROL__50240__2025080319,Grouped-random,train,NORMAL,NORMAL,0.34569263,0.32664555,0.32766175
CONTROL__7120__2025121421,Grouped-random,train,NORMAL,OTHER_DISRUPTION,0.32484114,0.33254158,0.3426173
CONTROL__7120__2025042721,Grouped-random,train,NORMAL,NORMAL,0.36073324,0.31449762,0.32476908
CONTROL__7121__2025020221,Grouped-random,train,NORMAL,OTHER_DISRUPTION,0.33023462,0.32506052,0.3447049
CONTROL__7121__2025051121,Grouped-random,train,NORMAL,OTHER_DISRUPTION,0.31958407,0.28057274,0.39984316
CONTROL__74230__2025060822,Grouped-random,train,NORMAL,NORMAL,0.3488908,0.31529528,0.33581394
CONTROL__74230__2025100522,Grouped-random,train,NORMAL,OTHER_DISRUPTION,0.358523,0.2733024,0.36817464
CONTROL__F3FWY002__2025100600,Grouped-random,train,NORMAL,OTHER_DISRUPTION,0.33023462,0.32506052,0.3447049
CONTROL__F3FWY002__2025052600,Grouped-random,train,NORMAL,NORMAL,0.3547424,0.31023112,0.33502644
CONTROL__F3FWY002__2025111000,Grouped-random,train,NORMAL,NORMAL,0.37302962,0.31506944,0.31190094
CONTROL__F3FWY002__2025081800,Grouped-random,train,NORMAL,NORMAL,0.35593787,0.30102012,0.343042
CONTROL__7163__2025082500,Grouped-random,train,NORMAL,NORMAL,0.35481358,0.31575412,0.32943234
CONTROL__7163__2025052600,Grouped-random,train,NORMAL,NORMAL,0.3542576,0.31854436,0.32719806
CONTROL__9658__2025051204,Grouped-random,train,NORMAL,NORMAL,0.35079926,0.31717667,0.33202413
CONTROL__9658__2025071404,Grouped-random,train,NORMAL,NORMAL,0.35246262,0.3145225,0.3330148
CONTROL__7251__2025042211,Grouped-random,train,NORMAL,NORMAL,0.37590143,0.3445879,0.27951068
CONTROL__7251__2025061711,Grouped-random,train,NORMAL,NORMAL,0.38209915,0.3392524,0.27864856
CONTROL__9658__2025072920,Grouped-random,train,NORMAL,NORMAL,0.34167564,0.32375973,0.33456463
CONTROL__9658__2025040120,Grouped-random,train,NORMAL,OTHER_DISRUPTION,0.33023462,0.32506052,0.3447049
CONTROL__9658__2025020420,Grouped-random,train,NORMAL,OTHER_DISRUPTION,0.33023462,0.32506052,0.3447049
CONTROL__9658__2025091620,Grouped-random,train,NORMAL,NORMAL,0.34305248,0.3247896,0.33215794
CONTROL__7251__2025010723,Grouped-random,train,NORMAL,NORMAL,0.36911923,0.30098733,0.32989338
CONTROL__7251__2025012123,Grouped-random,train,NORMAL,OTHER_DISRUPTION,0.33023462,0.32506052,0.3447049
CONTROL__53004__2025080603,Grouped-random,train,NORMAL,OTHER_DISRUPTION,0.35309836,0.277505,0.36939666
CONTROL__53004__2025091003,Grouped-random,train,NORMAL,OTHER_DISRUPTION,0.35186496,0.2814435,0.36669153
CONTROL__7119-PR__2025111205,Grouped-random,train,NORMAL,NORMAL,0.37095803,0.31470448,0.31433752
CONTROL__7119-PR__2025091005,Grouped-random,train,NORMAL,NORMAL,0.3735635,0.31590503,0.31053153
CONTROL__7179__2025112606,Grouped-random,train,NORMAL,NORMAL,0.3562262,0.3348058,0.30896798
CONTROL__7179__2025090306,Grouped-random,train,NORMAL,NORMAL,0.36108002,0.32818663,0.31073338
CONTROL__34016__2025112701,Grouped-random,train,NORMAL,OTHER_DISRUPTION,0.3614594,0.26579693,0.3727436
CONTROL__34016__2025032701,Grouped-random,train,NORMAL,OTHER_DISRUPTION,0.3221016,0.28122234,0.39667612
CONTROL__7248__2025100907,Grouped-random,train,NORMAL,NORMAL,0.34923482,0.34181646,0.30894879
CONTROL__7248__2025032007,Grouped-random,train,NORMAL,ACCIDENT,0.34333864,0.38058499,0.2760764
CONTROL__7275__2025061219,Grouped-random,train,NORMAL,NORMAL,0.36726317,0.33847225,0.29426458
CONTROL__7275__2025032019,Grouped-random,train,NORMAL,OTHER_DISRUPTION,0.33462948,0.32999352,0.33537704
CONTROL__7275__2025060519,Grouped-random,train,NORMAL,OTHER_DISRUPTION,0.334257,0.3298806,0.33586246
CONTROL__7275__2025101619,Grouped-random,train,NORMAL,NORMAL,0.34194458,0.31949228,0.33856317
CONTROL__34016__2025090504,Grouped-random,train,NORMAL,ACCIDENT,0.33324265,0.33705282,0.32970446
CONTROL__34016__2025082204,Grouped-random,train,NORMAL,NORMAL,0.38324907,0.29926544,0.3174855
CONTROL__7159__2025030101,Grouped-random,train,NORMAL,OTHER_DISRUPTION,0.33023462,0.32506052,0.3447049
CONTROL__7159__2025091301,Grouped-random,train,NORMAL,NORMAL,0.37454152,0.32952437,0.29593414
CONTROL__50240__2025072604,Grouped-random,train,NORMAL,NORMAL,0.35614005,0.28909266,0.3547673
CONTROL__50240__2025091304,Grouped-random,train,NORMAL,NORMAL,0.36797386,0.29614234,0.33588383
CONTROL__72027__2025121404,Grouped-random,train,NORMAL,OTHER_DISRUPTION,0.33447364,0.30979562,0.3557307
CONTROL__72027__2025040604,Grouped-random,train,NORMAL,OTHER_DISRUPTION,0.33604196,0.32231063,0.34164745
CONTROL__F3FWY005__2025041406,Grouped-random,train,NORMAL,ACCIDENT,0.33664957,0.40725276,0.25609764
CONTROL__F3FWY005__2025060906,Grouped-random,train,NORMAL,NORMAL,0.35626763,0.29396826,0.3497641
CONTROL__9827__2025072200,Grouped-random,train,NORMAL,OTHER_DISRUPTION,0.33484855,0.3064855,0.35866597
CONTROL__9827__2025021100,Grouped-random,train,NORMAL,OTHER_DISRUPTION,0.33023462,0.32506052,0.3447049
CONTROL__7126__2025082603,Grouped-random,train,NORMAL,OTHER_DISRUPTION,0.34216613,0.30305716,0.35477674
CONTROL__7126__2025030403,Grouped-random,train,NORMAL,OTHER_DISRUPTION,0.3608086,0.27754912,0.36164224
CONTROL__7270__2025032504,Grouped-random,train,NORMAL,OTHER_DISRUPTION,0.33023462,0.32506052,0.3447049
CONTROL__7270__2025012104,Grouped-random,train,NORMAL,NORMAL,0.3751851,0.31863728,0.30617756
CONTROL__7120__2025093006,Grouped-random,train,NORMAL,ACCIDENT,0.3410616,0.3717175,0.2872209
CONTROL__7120__2025050606,Grouped-random,train,NORMAL,NORMAL,0.34138808,0.32922605,0.32938582
CONTROL__7121__2025081906,Grouped-random,train,NORMAL,NORMAL,0.33522353,0.33185354,0.33292294
CONTROL__7121__2025031106,Grouped-random,train,NORMAL,NORMAL,0.35850126,0.32903787,0.31246075
CONTROL__7163__2025061106,Grouped-random,train,NORMAL,ACCIDENT,0.34542388,0.3532632,0.30131295
CONTROL__7163__2025120306,Grouped-random,train,NORMAL,NORMAL,0.3386052,0.3316651,0.3297297
CONTROL__7161__2025050106,Grouped-random,train,NORMAL,NORMAL,0.3454497,0.32755083,0.32699952
CONTROL__7161__2025100206,Grouped-random,train,NORMAL,ACCIDENT,0.34615567,0.37158474,0.28225958
CONTROL__7120__2025051513,Grouped-random,train,NORMAL,NORMAL,0.34122768,0.32309526,0.33567694
CONTROL__7120__2025072413,Grouped-random,train,NORMAL,NORMAL,0.3699647,0.3482509,0.2817843
CONTROL__F3FWY002__2025022717,Grouped-random,train,NORMAL,OTHER_DISRUPTION,0.33023462,0.32506052,0.3447049
CONTROL__F3FWY002__2025011617,Grouped-random,train,NORMAL,OTHER_DISRUPTION,0.33023462,0.32506052,0.3447049
CONTROL__22001__2025052219,Grouped-random,train,NORMAL,OTHER_DISRUPTION,0.33023462,0.32506052,0.3447049
CONTROL__22001__2025012319,Grouped-random,train,NORMAL,NORMAL,0.3530565,0.32523432,0.32170925
CONTROL__7126__2025082212,Grouped-random,train,NORMAL,NORMAL,0.36059517,0.356579,0.28282577
CONTROL__7126__2025090512,Grouped-random,train,NORMAL,OTHER_DISRUPTION,0.34010094,0.3161405,0.34375855
CONTROL__T0288__2025121919,Grouped-random,train,NORMAL,OTHER_DISRUPTION,0.33023462,0.32506052,0.3447049
CONTROL__T0288__2025011719,Grouped-random,train,NORMAL,OTHER_DISRUPTION,0.33023462,0.32506052,0.3447049
CONTROL__T0289__2025031419,Grouped-random,train,NORMAL,OTHER_DISRUPTION,0.33023462,0.32506052,0.3447049
CONTROL__T0289__2025032819,Grouped-random,train,NORMAL,ACCIDENT,0.31027365,0.37482503,0.31490126
CONTROL__53004__2025022201,Grouped-random,train,NORMAL,OTHER_DISRUPTION,0.33023462,0.32506052,0.3447049
CONTROL__53004__2025112201,Grouped-random,train,NORMAL,NORMAL,0.3767289,0.32429928,0.29897195
CONTROL__53004__2025031501,Grouped-random,train,NORMAL,NORMAL,0.34576932,0.31263283,0.34159783
CONTROL__53004__2025061401,Grouped-random,train,NORMAL,NORMAL,0.35986423,0.31278738,0.32734835
CONTROL__10011__2025062802,Grouped-random,train,NORMAL,OTHER_DISRUPTION,0.33023462,0.32506052,0.3447049
CONTROL__10011__2025020102,Grouped-random,train,NORMAL,OTHER_DISRUPTION,0.32269436,0.31264058,0.36466506
CONTROL__7139__2025011102,Grouped-random,train,NORMAL,OTHER_DISRUPTION,0.33023462,0.32506052,0.3447049
CONTROL__7139__2025060702,Grouped-random,train,NORMAL,OTHER_DISRUPTION,0.33660668,0.2918188,0.3715745
CONTROL__7251__2025120704,Grouped-random,train,NORMAL,OTHER_DISRUPTION,0.32393607,0.31849074,0.35757312
CONTROL__7251__2025101904,Grouped-random,train,NORMAL,OTHER_DISRUPTION,0.32341626,0.30984512,0.36673856
CONTROL__7248__2025110205,Grouped-random,train,NORMAL,OTHER_DISRUPTION,0.34141552,0.30366245,0.35492203
CONTROL__7248__2025011905,Grouped-random,train,NORMAL,NORMAL,0.37778464,0.30678207,0.31543335
CONTROL__7248__2025121405,Grouped-random,train,NORMAL,NORMAL,0.3818197,0.30829522,0.30988503
CONTROL__7248__2025062205,Grouped-random,train,NORMAL,NORMAL,0.38221064,0.2934346,0.32435477
CONTROL__F3FWY003__2025092123,Grouped-random,train,NORMAL,NORMAL,0.3820563,0.3150022,0.3029415
CONTROL__F3FWY003__2025102623,Grouped-random,train,NORMAL,NORMAL,0.3814739,0.3252085,0.2933176
CONTROL__23067__2025051204,Grouped-random,train,NORMAL,NORMAL,0.35346624,0.2954714,0.35106233
CONTROL__23067__2025090804,Grouped-random,train,NORMAL,NORMAL,0.37943003,0.31523687,0.30533308
CONTROL__68025__2025100621,Grouped-random,train,NORMAL,ACCIDENT,0.28045765,0.41209295,0.30744937
CONTROL__68025__2025051921,Grouped-random,train,NORMAL,OTHER_DISRUPTION,0.31497192,0.32095066,0.3640774
CONTROL__7132__2025100709,Grouped-random,train,NORMAL,NORMAL,0.3763727,0.35744017,0.26618713
CONTROL__7132__2025030409,Grouped-random,train,NORMAL,OTHER_DISRUPTION,0.3265246,0.32407707,0.3493983
CONTROL__7132__2025070109,Grouped-random,train,NORMAL,NORMAL,0.35208073,0.32899404,0.31892523
CONTROL__7132__2025082609,Grouped-random,train,NORMAL,NORMAL,0.3579139,0.33020177,0.31188425
CONTROL__7179__2025051310,Grouped-random,train,NORMAL,NORMAL,0.3599125,0.34839803,0.29168943
CONTROL__7179__2025030410,Grouped-random,train,NORMAL,OTHER_DISRUPTION,0.33023462,0.32506052,0.3447049
CONTROL__7121__2025021821,Grouped-random,train,NORMAL,OTHER_DISRUPTION,0.33023462,0.32506052,0.3447049
CONTROL__7121__2025031821,Grouped-random,train,NORMAL,NORMAL,0.38604942,0.2903543,0.32359636
CONTROL__68025__2025012121,Grouped-random,train,NORMAL,ACCIDENT,0.32347548,0.33964324,0.33688128
CONTROL__68025__2025072921,Grouped-random,train,NORMAL,NORMAL,0.39189976,0.29912037,0.30897993
CONTROL__7112__2025010801,Grouped-random,train,NORMAL,NORMAL,0.3495762,0.3119461,0.33847776
CONTROL__7112__2025062501,Grouped-random,train,NORMAL,OTHER_DISRUPTION,0.34889868,0.30134434,0.34975696
CONTROL__7248__2025090304,Grouped-random,train,NORMAL,NORMAL,0.34888047,0.33466002,0.3164595
CONTROL__7248__2025122404,Grouped-random,train,NORMAL,NORMAL,0.36272192,0.31235015,0.32492793
CONTROL__10011__2025052805,Grouped-random,train,NORMAL,OTHER_DISRUPTION,0.33023462,0.32506052,0.3447049
CONTROL__10011__2025050705,Grouped-random,train,NORMAL,OTHER_DISRUPTION,0.33023462,0.32506052,0.3447049
CONTROL__7139__2025112605,Grouped-random,train,NORMAL,NORMAL,0.36699426,0.30219838,0.33080733
CONTROL__7139__2025020505,Grouped-random,train,NORMAL,OTHER_DISRUPTION,0.33023462,0.32506052,0.3447049
CONTROL__T0342__2025040208,Grouped-random,train,NORMAL,NORMAL,0.3358812,0.33146104,0.33265778
CONTROL__T0342__2025071608,Grouped-random,train,NORMAL,OTHER_DISRUPTION,0.33023462,0.32506052,0.3447049
CONTROL__T0342__2025100108,Grouped-random,train,NORMAL,ACCIDENT,0.32817215,0.34993392,0.32189393
CONTROL__T0342__2025081308,Grouped-random,train,NORMAL,NORMAL,0.33615243,0.33431616,0.32953143
CONTROL__7179__2025070913,Grouped-random,train,NORMAL,NORMAL,0.36250505,0.3480113,0.28948367
CONTROL__7179__2025122413,Grouped-random,train,NORMAL,NORMAL,0.3619791,0.33541465,0.30260628
CONTROL__10011__2025100900,Grouped-random,train,NORMAL,OTHER_DISRUPTION,0.33023462,0.32506052,0.3447049
CONTROL__10011__2025052900,Grouped-random,train,NORMAL,OTHER_DISRUPTION,0.33023462,0.32506052,0.3447049
CONTROL__7270__2025052204,Grouped-random,train,NORMAL,NORMAL,0.36330155,0.31417716,0.32252127
CONTROL__7270__2025073104,Grouped-random,train,NORMAL,NORMAL,0.37819716,0.31449258,0.3073102
CONTROL__50240__2025032704,Grouped-random,train,NORMAL,OTHER_DISRUPTION,0.33023462,0.32506052,0.3447049
CONTROL__50240__2025071704,Grouped-random,train,NORMAL,NORMAL,0.3669131,0.31475583,0.31833106
CONTROL__50240__2025051504,Grouped-random,train,NORMAL,NORMAL,0.36634058,0.3162702,0.31738913
CONTROL__50240__2025061204,Grouped-random,train,NORMAL,NORMAL,0.3727646,0.3374833,0.2897521
CONTROL__68025__2025091806,Grouped-random,train,NORMAL,ACCIDENT,0.34663114,0.37369984,0.279669
CONTROL__68025__2025071006,Grouped-random,train,NORMAL,ACCIDENT,0.34567174,0.35735047,0.29697782
CONTROL__F3FWY003__2025101006,Grouped-random,train,NORMAL,ACCIDENT,0.34556833,0.36327216,0.29115948
CONTROL__F3FWY003__2025080106,Grouped-random,train,NORMAL,ACCIDENT,0.34800163,0.35639653,0.29560176
CONTROL__7121__2025110712,Grouped-random,train,NORMAL,OTHER_DISRUPTION,0.33023462,0.32506052,0.3447049
CONTROL__7121__2025101012,Grouped-random,train,NORMAL,NORMAL,0.36762562,0.3419064,0.29046795
CONTROL__23067__2025090609,Grouped-random,train,NORMAL,ACCIDENT,0.36521918,0.37017825,0.26460254
CONTROL__23067__2025053109,Grouped-random,train,NORMAL,OTHER_DISRUPTION,0.3346653,0.32977304,0.3355617
CONTROL__68025__2025020902,Grouped-random,train,NORMAL,OTHER_DISRUPTION,0.33023462,0.32506052,0.3447049
CONTROL__68025__2025033002,Grouped-random,train,NORMAL,ACCIDENT,0.33176127,0.3403225,0.32791626
CONTROL__7164__2025102602,Grouped-random,train,NORMAL,OTHER_DISRUPTION,0.3297381,0.31276602,0.35749587
CONTROL__7164__2025070602,Grouped-random,train,NORMAL,OTHER_DISRUPTION,0.31464428,0.31281742,0.3725383
CONTROL__7179__2025062202,Grouped-random,train,NORMAL,OTHER_DISRUPTION,0.3446434,0.2949511,0.36040545
CONTROL__7179__2025081002,Grouped-random,train,NORMAL,NORMAL,0.3821718,0.32942662,0.2884016
CONTROL__7150__2025020920,Grouped-random,train,NORMAL,OTHER_DISRUPTION,0.33023462,0.32506052,0.3447049
CONTROL__7150__2025051820,Grouped-random,train,NORMAL,NORMAL,0.3739353,0.32162428,0.30444038
CONTROL__7121__2025050421,Grouped-random,train,NORMAL,OTHER_DISRUPTION,0.3085954,0.29291484,0.39848974
CONTROL__7121__2025083121,Grouped-random,train,NORMAL,OTHER_DISRUPTION,0.3260615,0.32182574,0.35211274
CONTROL__29005__2025012622,Grouped-random,train,NORMAL,OTHER_DISRUPTION,0.35882604,0.2809809,0.36019313
CONTROL__29005__2025010522,Grouped-random,train,NORMAL,NORMAL,0.37126154,0.28018185,0.34855664
CONTROL__50240__2025071403,Grouped-random,train,NORMAL,NORMAL,0.3609955,0.28032732,0.35867712
CONTROL__50240__2025060903,Grouped-random,train,NORMAL,OTHER_DISRUPTION,0.32444486,0.3090595,0.36649552
CONTROL__34016__2025052004,Grouped-random,train,NORMAL,OTHER_DISRUPTION,0.32774353,0.3211912,0.35106513
CONTROL__34016__2025032504,Grouped-random,train,NORMAL,NORMAL,0.3781194,0.30049953,0.32138112
CONTROL__7163__2025092306,Grouped-random,train,NORMAL,NORMAL,0.3430922,0.32823026,0.32867756
CONTROL__7163__2025090206,Grouped-random,train,NORMAL,NORMAL,0.34538093,0.31958833,0.3350307
CONTROL__53004__2025020406,Grouped-random,train,NORMAL,OTHER_DISRUPTION,0.33023462,0.32506052,0.3447049
CONTROL__53004__2025101406,Grouped-random,train,NORMAL,NORMAL,0.34774095,0.3173501,0.3349089
CONTROL__7120__2025110502,Grouped-random,train,NORMAL,OTHER_DISRUPTION,0.33023462,0.32506052,0.3447049
CONTROL__7120__2025072302,Grouped-random,train,NORMAL,NORMAL,0.36216563,0.29060706,0.34722725
CONTROL__7121__2025112602,Grouped-random,train,NORMAL,ACCIDENT,0.31443742,0.36114183,0.32442078
CONTROL__7121__2025052102,Grouped-random,train,NORMAL,OTHER_DISRUPTION,0.31209406,0.3182156,0.3696903
CONTROL__7251__2025111903,Grouped-random,train,NORMAL,OTHER_DISRUPTION,0.3415009,0.2914762,0.36702284
CONTROL__7251__2025121703,Grouped-random,train,NORMAL,OTHER_DISRUPTION,0.33616146,0.28128406,0.38255444
CONTROL__7163__2025010105,Grouped-random,train,NORMAL,OTHER_DISRUPTION,0.33023462,0.32506052,0.3447049
CONTROL__7163__2025012905,Grouped-random,train,NORMAL,NORMAL,0.36291662,0.3278602,0.3092232
CONTROL__7163__2025052105,Grouped-random,train,NORMAL,ACCIDENT,0.3386701,0.3478298,0.31350002
CONTROL__7163__2025111905,Grouped-random,train,NORMAL,ACCIDENT,0.3476104,0.34811416,0.3042754
CONTROL__53004__2025052106,Grouped-random,train,NORMAL,ACCIDENT,0.3359909,0.34060282,0.3234063
CONTROL__53004__2025101506,Grouped-random,train,NORMAL,ACCIDENT,0.34884217,0.3654693,0.28568846
CONTROL__51235__2025052120,Grouped-random,train,NORMAL,NORMAL,0.3676271,0.3435186,0.28885424
CONTROL__51235__2025012220,Grouped-random,train,NORMAL,OTHER_DISRUPTION,0.33023462,0.32506052,0.3447049
CONTROL__7251__2025082023,Grouped-random,train,NORMAL,OTHER_DISRUPTION,0.32451302,0.32434508,0.35114187
CONTROL__7251__2025101523,Grouped-random,train,NORMAL,ACCIDENT,0.3353124,0.3388293,0.32585827
CONTROL__53004__2025013006,Grouped-random,train,NORMAL,ACCIDENT,0.34209028,0.36477998,0.29312974
CONTROL__53004__2025072406,Grouped-random,train,NORMAL,ACCIDENT,0.343012,0.39223385,0.26475415
CONTROL__T0231__2025091822,Grouped-random,train,NORMAL,NORMAL,0.3390835,0.32376027,0.33715615
CONTROL__T0231__2025080722,Grouped-random,train,NORMAL,OTHER_DISRUPTION,0.3159454,0.3242506,0.35980394
CONTROL__34016__2025112103,Grouped-random,train,NORMAL,OTHER_DISRUPTION,0.33108348,0.32708594,0.3418306
CONTROL__34016__2025022103,Grouped-random,train,NORMAL,OTHER_DISRUPTION,0.33023462,0.32506052,0.3447049
CONTROL__7120__2025013111,Grouped-random,train,NORMAL,NORMAL,0.34677255,0.33154958,0.32167783
CONTROL__7120__2025091211,Grouped-random,train,NORMAL,NORMAL,0.3472628,0.3310302,0.32170704
CONTROL__7121__2025100311,Grouped-random,train,NORMAL,NORMAL,0.3430468,0.32486254,0.33209068
CONTROL__7121__2025010311,Grouped-random,train,NORMAL,OTHER_DISRUPTION,0.32050672,0.31778017,0.36171308
CONTROL__7139__2025091918,Grouped-random,train,NORMAL,NORMAL,0.3771015,0.37153733,0.25136122
CONTROL__7139__2025091218,Grouped-random,train,NORMAL,NORMAL,0.37472525,0.37255827,0.25271642
CONTROL__T0288__2025060618,Grouped-random,train,NORMAL,OTHER_DISRUPTION,0.33023462,0.32506052,0.3447049
CONTROL__T0288__2025042518,Grouped-random,train,NORMAL,OTHER_DISRUPTION,0.33023462,0.32506052,0.3447049
CONTROL__T0479-PR__2025053018,Grouped-random,train,NORMAL,ACCIDENT,0.37263277,0.37274456,0.2546226
CONTROL__T0479-PR__2025121218,Grouped-random,train,NORMAL,ACCIDENT,0.3344275,0.33552018,0.3300523
CONTROL__7179__2025022203,Grouped-random,train,NORMAL,OTHER_DISRUPTION,0.33023462,0.32506052,0.3447049
CONTROL__7179__2025091303,Grouped-random,train,NORMAL,NORMAL,0.38955066,0.29933694,0.31111252
CONTROL__10011__2025091305,Grouped-random,train,NORMAL,OTHER_DISRUPTION,0.33023462,0.32506052,0.3447049
CONTROL__10011__2025081605,Grouped-random,train,NORMAL,OTHER_DISRUPTION,0.33023462,0.32506052,0.3447049
CONTROL__51235__2025092806,Grouped-random,train,NORMAL,NORMAL,0.3374568,0.332845,0.32969815
CONTROL__51235__2025060106,Grouped-random,train,NORMAL,NORMAL,0.37942266,0.32543737,0.29513994
CONTROL__50240__2025111607,Grouped-random,train,NORMAL,ACCIDENT,0.3588041,0.36610663,0.2750892
CONTROL__50240__2025081707,Grouped-random,train,NORMAL,ACCIDENT,0.35952854,0.36399782,0.27647367
CONTROL__7168__2025012002,Grouped-random,train,NORMAL,OTHER_DISRUPTION,0.33023462,0.32506052,0.3447049
CONTROL__7168__2025063002,Grouped-random,train,NORMAL,OTHER_DISRUPTION,0.3262268,0.30106878,0.3727044
CONTROL__53004__2025062307,Grouped-random,train,NORMAL,ACCIDENT,0.33342996,0.4038434,0.26272666
CONTROL__53004__2025121507,Grouped-random,train,NORMAL,ACCIDENT,0.3348913,0.34027404,0.32483473
CONTROL__53004__2025012007,Grouped-random,train,NORMAL,ACCIDENT,0.34972766,0.3665652,0.2837071
CONTROL__53004__2025092907,Grouped-random,train,NORMAL,ACCIDENT,0.33856285,0.39275658,0.26868063
CONTROL__7161__2025042112,Grouped-random,train,NORMAL,ACCIDENT,0.3304494,0.33756143,0.33198917
CONTROL__7161__2025010612,Grouped-random,train,NORMAL,NORMAL,0.37507725,0.3510759,0.27384686
CONTROL__53004__2025030321,Grouped-random,train,NORMAL,OTHER_DISRUPTION,0.32049295,0.2826295,0.3968776
CONTROL__53004__2025120821,Grouped-random,train,NORMAL,OTHER_DISRUPTION,0.31387317,0.29696992,0.38915685
CONTROL__55049__2025122921,Grouped-random,train,NORMAL,NORMAL,0.35462826,0.29302767,0.352344
CONTROL__55049__2025020321,Grouped-random,train,NORMAL,OTHER_DISRUPTION,0.33023462,0.32506052,0.3447049
CONTROL__55049__2025010621,Grouped-random,train,NORMAL,OTHER_DISRUPTION,0.3125939,0.30575365,0.38165253
CONTROL__55049__2025072121,Grouped-random,train,NORMAL,OTHER_DISRUPTION,0.29471758,0.34026897,0.36501342
CONTROL__68025__2025101409,Grouped-random,train,NORMAL,NORMAL,0.36741033,0.362333,0.2702566
CONTROL__68025__2025011409,Grouped-random,train,NORMAL,OTHER_DISRUPTION,0.33023462,0.32506052,0.3447049
CONTROL__7120__2025021823,Grouped-random,train,NORMAL,OTHER_DISRUPTION,0.33023462,0.32506052,0.3447049
CONTROL__7120__2025093023,Grouped-random,train,NORMAL,NORMAL,0.36264274,0.3114253,0.325932
CONTROL__7121__2025062423,Grouped-random,train,NORMAL,NORMAL,0.34890455,0.30621204,0.3448833
CONTROL__7121__2025080523,Grouped-random,train,NORMAL,NORMAL,0.36041334,0.31705484,0.3225318
CONTROL__10011__2025091702,Grouped-random,train,NORMAL,OTHER_DISRUPTION,0.33023462,0.32506052,0.3447049
CONTROL__10011__2025021202,Grouped-random,train,NORMAL,OTHER_DISRUPTION,0.33023462,0.32506052,0.3447049
CONTROL__7139__2025123102,Grouped-random,train,NORMAL,OTHER_DISRUPTION,0.31960648,0.31337374,0.3670198
CONTROL__7139__2025102202,Grouped-random,train,NORMAL,NORMAL,0.3651836,0.26992416,0.36489227
CONTROL__7112__2025020507,Grouped-random,train,NORMAL,OTHER_DISRUPTION,0.33023462,0.32506052,0.3447049
CONTROL__7112__2025100807,Grouped-random,train,NORMAL,ACCIDENT,0.33474436,0.39143005,0.2738256
CONTROL__53004__2025082021,Grouped-random,train,NORMAL,OTHER_DISRUPTION,0.31327045,0.3158174,0.37091213
CONTROL__53004__2025021221,Grouped-random,train,NORMAL,OTHER_DISRUPTION,0.33023462,0.32506052,0.3447049
CONTROL__23067__2025010902,Grouped-random,train,NORMAL,OTHER_DISRUPTION,0.33731946,0.2923144,0.37036607
CONTROL__23067__2025052902,Grouped-random,train,NORMAL,NORMAL,0.38978195,0.28747544,0.32274264
CONTROL__F3FWY004__2025011604,Grouped-random,train,NORMAL,ACCIDENT,0.3328197,0.33989212,0.3272882
CONTROL__F3FWY004__2025091104,Grouped-random,train,NORMAL,ACCIDENT,0.35125974,0.35879537,0.28994492
CONTROL__7179__2025072405,Grouped-random,train,NORMAL,NORMAL,0.3642568,0.31968877,0.31605443
CONTROL__7179__2025062605,Grouped-random,train,NORMAL,NORMAL,0.36389557,0.3498849,0.28621948
CONTROL__10011__2025070307,Grouped-random,train,NORMAL,OTHER_DISRUPTION,0.33023462,0.32506052,0.3447049
CONTROL__10011__2025090407,Grouped-random,train,NORMAL,OTHER_DISRUPTION,0.33023462,0.32506052,0.3447049
CONTROL__7139__2025030607,Grouped-random,train,NORMAL,OTHER_DISRUPTION,0.33023462,0.32506052,0.3447049
CONTROL__7139__2025071007,Grouped-random,train,NORMAL,NORMAL,0.35277057,0.3306278,0.31660157
CONTROL__7112__2025022722,Grouped-random,train,NORMAL,OTHER_DISRUPTION,0.33023462,0.32506052,0.3447049
CONTROL__7112__2025120422,Grouped-random,train,NORMAL,ACCIDENT,0.3352027,0.33577332,0.329024
CONTROL__7112__2025013022,Grouped-random,train,NORMAL,OTHER_DISRUPTION,0.3181996,0.31027624,0.37152413
CONTROL__7112__2025092522,Grouped-random,train,NORMAL,NORMAL,0.3709521,0.31003824,0.31900972
CONTROL__7179__2025012403,Grouped-random,train,NORMAL,OTHER_DISRUPTION,0.33023462,0.32506052,0.3447049
CONTROL__7179__2025062003,Grouped-random,train,NORMAL,NORMAL,0.39307502,0.29548463,0.31144032
CONTROL__47024__2025060606,Grouped-random,train,NORMAL,NORMAL,0.3586569,0.31359252,0.32775062
CONTROL__47024__2025010306,Grouped-random,train,NORMAL,ACCIDENT,0.3538052,0.36384267,0.28235215
CONTROL__7184__2025012409,Grouped-random,train,NORMAL,OTHER_DISRUPTION,0.33023462,0.32506052,0.3447049
CONTROL__7184__2025072509,Grouped-random,train,NORMAL,NORMAL,0.3637349,0.33249792,0.30376714
CONTROL__68025__2025080119,Grouped-random,train,NORMAL,OTHER_DISRUPTION,0.32794997,0.32679984,0.34525013
CONTROL__68025__2025032119,Grouped-random,train,NORMAL,NORMAL,0.37700334,0.35361946,0.26937717
CONTROL__68025__2025013120,Grouped-random,train,NORMAL,OTHER_DISRUPTION,0.33023462,0.32506052,0.3447049
CONTROL__68025__2025120520,Grouped-random,train,NORMAL,OTHER_DISRUPTION,0.3310407,0.32604617,0.34291315
CONTROL__F3FWY004__2025070603,Grouped-random,train,NORMAL,OTHER_DISRUPTION,0.3644334,0.2690482,0.3665184
CONTROL__F3FWY004__2025081003,Grouped-random,train,NORMAL,NORMAL,0.37964725,0.28696683,0.333386
CONTROL__F3FWY004__2025092103,Grouped-random,train,NORMAL,OTHER_DISRUPTION,0.34605193,0.28477806,0.36917004
CONTROL__F3FWY004__2025072003,Grouped-random,train,NORMAL,OTHER_DISRUPTION,0.33335665,0.31813776,0.34850556
CONTROL__7120__2025102609,Grouped-random,train,NORMAL,OTHER_DISRUPTION,0.33023462,0.32506052,0.3447049
CONTROL__7120__2025032309,Grouped-random,train,NORMAL,NORMAL,0.363141,0.34754595,0.289313
CONTROL__7121__2025012609,Grouped-random,train,NORMAL,NORMAL,0.35860518,0.32883874,0.31255615
CONTROL__7121__2025021609,Grouped-random,train,NORMAL,OTHER_DISRUPTION,0.33023462,0.32506052,0.3447049
CONTROL__7120__2025112320,Grouped-random,train,NORMAL,ACCIDENT,0.32824698,0.34193715,0.32981586
CONTROL__7120__2025030220,Grouped-random,train,NORMAL,NORMAL,0.36525828,0.3435684,0.29117328
CONTROL__7121__2025121420,Grouped-random,train,NORMAL,OTHER_DISRUPTION,0.31664187,0.333211,0.35014713
CONTROL__7121__2025081020,Grouped-random,train,NORMAL,NORMAL,0.37723973,0.3247412,0.29801905
CONTROL__7120__2025110920,Grouped-random,train,NORMAL,OTHER_DISRUPTION,0.33023462,0.32506052,0.3447049
CONTROL__7120__2025051120,Grouped-random,train,NORMAL,NORMAL,0.36357802,0.35009202,0.28632987
CONTROL__7121__2025100520,Grouped-random,train,NORMAL,OTHER_DISRUPTION,0.32234296,0.33686176,0.34079525
CONTROL__7121__2025122820,Grouped-random,train,NORMAL,OTHER_DISRUPTION,0.33023462,0.32506052,0.3447049
CONTROL__7251__2025052522,Grouped-random,train,NORMAL,NORMAL,0.3581399,0.33086798,0.3109921
CONTROL__7251__2025092122,Grouped-random,train,NORMAL,OTHER_DISRUPTION,0.3301111,0.31542817,0.3544607
CONTROL__F3FWY003__2025061522,Grouped-random,train,NORMAL,OTHER_DISRUPTION,0.33023462,0.32506052,0.3447049
CONTROL__F3FWY003__2025111622,Grouped-random,train,NORMAL,NORMAL,0.37811056,0.30551717,0.31637233
CONTROL__10011__2025091521,Grouped-random,train,NORMAL,OTHER_DISRUPTION,0.33023462,0.32506052,0.3447049
CONTROL__10011__2025092921,Grouped-random,train,NORMAL,OTHER_DISRUPTION,0.33023462,0.32506052,0.3447049
CONTROL__7139__2025010621,Grouped-random,train,NORMAL,OTHER_DISRUPTION,0.33882713,0.3066231,0.35454974
CONTROL__7139__2025051221,Grouped-random,train,NORMAL,NORMAL,0.3731156,0.31305638,0.31382805
CONTROL__T0288__2025070801,Grouped-random,train,NORMAL,OTHER_DISRUPTION,0.33023462,0.32506052,0.3447049
CONTROL__T0288__2025011401,Grouped-random,train,NORMAL,NORMAL,0.33791834,0.33781108,0.32427058
CONTROL__T0289__2025062401,Grouped-random,train,NORMAL,OTHER_DISRUPTION,0.33023462,0.32506052,0.3447049
CONTROL__T0289__2025081201,Grouped-random,train,NORMAL,OTHER_DISRUPTION,0.33023462,0.32506052,0.3447049
CONTROL__55049__2025030403,Grouped-random,train,NORMAL,ACCIDENT,0.30815017,0.36527202,0.3265778
CONTROL__55049__2025061003,Grouped-random,train,NORMAL,OTHER_DISRUPTION,0.36307472,0.26886332,0.3680619
CONTROL__33014__2025072206,Grouped-random,train,NORMAL,OTHER_DISRUPTION,0.33023462,0.32506052,0.3447049
CONTROL__33014__2025120206,Grouped-random,train,NORMAL,OTHER_DISRUPTION,0.33023462,0.32506052,0.3447049
CONTROL__53004__2025012906,Grouped-random,train,NORMAL,OTHER_DISRUPTION,0.33023462,0.32506052,0.3447049
CONTROL__53004__2025062506,Grouped-random,train,NORMAL,ACCIDENT,0.34376165,0.39198,0.26425844
CONTROL__74229__2025013005,Grouped-random,train,NORMAL,NORMAL,0.3429297,0.33759937,0.31947088
CONTROL__74229__2025101605,Grouped-random,train,NORMAL,NORMAL,0.35587755,0.34408647,0.30003598
CONTROL__23067__2025010219,Grouped-random,train,NORMAL,NORMAL,0.35601154,0.32249066,0.3214979
CONTROL__23067__2025112719,Grouped-random,train,NORMAL,OTHER_DISRUPTION,0.33373326,0.3318082,0.33445847
CONTROL__74229__2025042421,Grouped-random,train,NORMAL,NORMAL,0.41889834,0.30391058,0.27719104
CONTROL__74229__2025071021,Grouped-random,train,NORMAL,NORMAL,0.40490183,0.3078301,0.28726807
CONTROL__9658__2025052222,Grouped-random,train,NORMAL,NORMAL,0.37055916,0.3169984,0.3124425
CONTROL__9658__2025112022,Grouped-random,train,NORMAL,NORMAL,0.37052843,0.32096347,0.30850816
CONTROL__9658__2025070322,Grouped-random,train,NORMAL,NORMAL,0.3699855,0.31471327,0.31530124
CONTROL__9658__2025101622,Grouped-random,train,NORMAL,NORMAL,0.36617106,0.28879696,0.34503195
CONTROL__F3FWY003__2025062701,Grouped-random,train,NORMAL,OTHER_DISRUPTION,0.33023462,0.32506052,0.3447049
CONTROL__F3FWY003__2025091201,Grouped-random,train,NORMAL,NORMAL,0.3641554,0.2948229,0.3410217
CONTROL__33014__2025011002,Grouped-random,train,NORMAL,OTHER_DISRUPTION,0.344942,0.30851033,0.34654766
CONTROL__33014__2025053002,Grouped-random,train,NORMAL,OTHER_DISRUPTION,0.3308348,0.3290091,0.3401561
CONTROL__7248__2025091905,Grouped-random,train,NORMAL,ACCIDENT,0.3485234,0.36866984,0.28280675
CONTROL__7248__2025040405,Grouped-random,train,NORMAL,ACCIDENT,0.348236,0.36057633,0.29118764
CONTROL__7119-PR__2025072506,Grouped-random,train,NORMAL,NORMAL,0.34809896,0.32029685,0.33160412
CONTROL__7119-PR__2025082906,Grouped-random,train,NORMAL,ACCIDENT,0.3521876,0.3583342,0.28947812
CONTROL__55049__2025080204,Grouped-random,train,NORMAL,NORMAL,0.3680914,0.2788931,0.35301548
CONTROL__55049__2025092004,Grouped-random,train,NORMAL,ACCIDENT,0.3036634,0.3846509,0.31168577
CONTROL__7163__2025033007,Grouped-random,train,NORMAL,NORMAL,0.3774882,0.31081775,0.31169412
CONTROL__7163__2025090707,Grouped-random,train,NORMAL,NORMAL,0.37365738,0.31832674,0.30801588
CONTROL__F3FWY006__2025030208,Grouped-random,train,NORMAL,OTHER_DISRUPTION,0.33023462,0.32506052,0.3447049
CONTROL__F3FWY006__2025033008,Grouped-random,train,NORMAL,OTHER_DISRUPTION,0.33023462,0.32506052,0.3447049
CONTROL__68025__2025121421,Grouped-random,train,NORMAL,OTHER_DISRUPTION,0.31454372,0.316145,0.36931124
CONTROL__68025__2025113021,Grouped-random,train,NORMAL,OTHER_DISRUPTION,0.3135958,0.32188222,0.364522
CONTROL__7184__2025061605,Grouped-random,train,NORMAL,NORMAL,0.3672355,0.34527758,0.28748697
CONTROL__7184__2025122205,Grouped-random,train,NORMAL,NORMAL,0.37551358,0.3250351,0.29945126
CONTROL__53004__2025041407,Grouped-random,train,NORMAL,ACCIDENT,0.33770168,0.39474237,0.26755592
CONTROL__53004__2025091507,Grouped-random,train,NORMAL,ACCIDENT,0.33440113,0.40022826,0.26537067
CONTROL__53004__2025050507,Grouped-random,train,NORMAL,ACCIDENT,0.33451423,0.40222442,0.26326135
CONTROL__53004__2025031007,Grouped-random,train,NORMAL,NORMAL,0.33687785,0.3344194,0.32870275
CONTROL__7163__2025081120,Grouped-random,train,NORMAL,OTHER_DISRUPTION,0.33248308,0.33307981,0.33443713
CONTROL__7163__2025060920,Grouped-random,train,NORMAL,ACCIDENT,0.32271776,0.3389737,0.33830854
CONTROL__7120__2025012103,Grouped-random,train,NORMAL,OTHER_DISRUPTION,0.34499252,0.2869384,0.3680691
CONTROL__7120__2025120203,Grouped-random,train,NORMAL,NORMAL,0.3824899,0.28744,0.33007002
CONTROL__7121__2025032503,Grouped-random,train,NORMAL,OTHER_DISRUPTION,0.3354092,0.3248476,0.33974317
CONTROL__7121__2025012103,Grouped-random,train,NORMAL,OTHER_DISRUPTION,0.33023462,0.32506052,0.3447049
CONTROL__7120__2025032503,Grouped-random,train,NORMAL,OTHER_DISRUPTION,0.33023462,0.32506052,0.3447049
CONTROL__7120__2025010703,Grouped-random,train,NORMAL,OTHER_DISRUPTION,0.34416685,0.29399192,0.36184123
CONTROL__7121__2025031803,Grouped-random,train,NORMAL,OTHER_DISRUPTION,0.35166627,0.2789963,0.36933738
CONTROL__7121__2025072903,Grouped-random,train,NORMAL,OTHER_DISRUPTION,0.3470784,0.27738944,0.37553212
CONTROL__7120__2025070107,Grouped-random,train,NORMAL,NORMAL,0.33766425,0.33286646,0.32946938
CONTROL__7120__2025032507,Grouped-random,train,NORMAL,OTHER_DISRUPTION,0.33023462,0.32506052,0.3447049
CONTROL__7121__2025101407,Grouped-random,train,NORMAL,NORMAL,0.34687883,0.34630284,0.30681828
CONTROL__7121__2025091607,Grouped-random,train,NORMAL,NORMAL,0.34798017,0.34396073,0.30805907
CONTROL__33014__2025090221,Grouped-random,train,NORMAL,OTHER_DISRUPTION,0.33023462,0.32506052,0.3447049
CONTROL__33014__2025042921,Grouped-random,train,NORMAL,OTHER_DISRUPTION,0.3129614,0.33221447,0.3548242
CONTROL__10011__2025061105,Grouped-random,train,NORMAL,OTHER_DISRUPTION,0.33023462,0.32506052,0.3447049
CONTROL__10011__2025020505,Grouped-random,train,NORMAL,OTHER_DISRUPTION,0.33023462,0.32506052,0.3447049
CONTROL__7139__2025022605,Grouped-random,train,NORMAL,OTHER_DISRUPTION,0.33023462,0.32506052,0.3447049
CONTROL__7139__2025120305,Grouped-random,train,NORMAL,NORMAL,0.3624354,0.30604473,0.33151975
CONTROL__F3FWY001__2025122405,Grouped-random,train,NORMAL,NORMAL,0.37425822,0.33623657,0.28950524
CONTROL__F3FWY001__2025091705,Grouped-random,train,NORMAL,ACCIDENT,0.34768018,0.3583967,0.293923
CONTROL__50240__2025010203,Grouped-random,train,NORMAL,NORMAL,0.3922827,0.29714087,0.31057644
CONTROL__50240__2025012303,Grouped-random,train,NORMAL,OTHER_DISRUPTION,0.33023462,0.32506052,0.3447049
CONTROL__50240__2025052903,Grouped-random,train,NORMAL,NORMAL,0.36272606,0.27808177,0.3591922
CONTROL__50240__2025090403,Grouped-random,train,NORMAL,NORMAL,0.39704427,0.29417065,0.30878508
CONTROL__33014__2025022703,Grouped-random,train,NORMAL,OTHER_DISRUPTION,0.33023462,0.32506052,0.3447049
CONTROL__33014__2025041003,Grouped-random,train,NORMAL,OTHER_DISRUPTION,0.3513188,0.276625,0.37205613
CONTROL__33014__2025103003,Grouped-random,train,NORMAL,OTHER_DISRUPTION,0.33023462,0.32506052,0.3447049
CONTROL__33014__2025091803,Grouped-random,train,NORMAL,OTHER_DISRUPTION,0.33023462,0.32506052,0.3447049
CONTROL__9836-PR__2025100907,Grouped-random,train,NORMAL,NORMAL,0.35401228,0.31804198,0.32794574
CONTROL__9836-PR__2025021307,Grouped-random,train,NORMAL,OTHER_DISRUPTION,0.33023462,0.32506052,0.3447049
CONTROL__74230__2025031321,Grouped-random,train,NORMAL,NORMAL,0.37610364,0.29646695,0.3274295
CONTROL__74230__2025012321,Grouped-random,train,NORMAL,NORMAL,0.37281126,0.29760504,0.32958376
CONTROL__7159__2025101622,Grouped-random,train,NORMAL,OTHER_DISRUPTION,0.3340053,0.32967687,0.33631787
CONTROL__7159__2025022722,Grouped-random,train,NORMAL,OTHER_DISRUPTION,0.33023462,0.32506052,0.3447049
CONTROL__53003__2025092604,Grouped-random,train,NORMAL,NORMAL,0.3609181,0.30643412,0.33264777
CONTROL__53003__2025010304,Grouped-random,train,NORMAL,NORMAL,0.34882742,0.3127484,0.33842418
CONTROL__50240__2025071120,Grouped-random,train,NORMAL,NORMAL,0.3723369,0.36517793,0.26248518
CONTROL__50240__2025070420,Grouped-random,train,NORMAL,ACCIDENT,0.37116885,0.37331706,0.25551417
CONTROL__74230__2025040505,Grouped-random,train,NORMAL,OTHER_DISRUPTION,0.32645783,0.3233033,0.35023883
CONTROL__74230__2025110805,Grouped-random,train,NORMAL,NORMAL,0.3623881,0.3083386,0.32927325
CONTROL__T0288__2025112213,Grouped-random,train,NORMAL,OTHER_DISRUPTION,0.33023462,0.32506052,0.3447049
CONTROL__T0288__2025032913,Grouped-random,train,NORMAL,OTHER_DISRUPTION,0.33023462,0.32506052,0.3447049
CONTROL__7179__2025060722,Grouped-random,train,NORMAL,NORMAL,0.36270267,0.27971497,0.35758236
CONTROL__7179__2025012522,Grouped-random,train,NORMAL,OTHER_DISRUPTION,0.3254758,0.2961535,0.37837073
CONTROL__74229__2025041300,Grouped-random,train,NORMAL,NORMAL,0.36911717,0.30432168,0.32656112
CONTROL__74229__2025092100,Grouped-random,train,NORMAL,NORMAL,0.36113155,0.30919254,0.32967585
CONTROL__7112__2025040609,Grouped-random,train,NORMAL,NORMAL,0.3673881,0.3514026,0.2812092
CONTROL__7112__2025030909,Grouped-random,train,NORMAL,NORMAL,0.36128035,0.29852614,0.34019345
CONTROL__7270__2025092817,Grouped-random,train,NORMAL,NORMAL,0.37261102,0.36459243,0.26279652
CONTROL__7270__2025032317,Grouped-random,train,NORMAL,NORMAL,0.3727083,0.36467597,0.2626157
CONTROL__7270__2025010517,Grouped-random,train,NORMAL,OTHER_DISRUPTION,0.33023462,0.32506052,0.3447049
CONTROL__7270__2025033017,Grouped-random,train,NORMAL,NORMAL,0.37388054,0.3638109,0.26230845
CONTROL__53004__2025092820,Grouped-random,train,NORMAL,NORMAL,0.36621284,0.34743163,0.28635547
CONTROL__53004__2025051120,Grouped-random,train,NORMAL,OTHER_DISRUPTION,0.3260744,0.3288299,0.34509572
CONTROL__7132__2025112322,Grouped-random,train,NORMAL,NORMAL,0.33657154,0.33304182,0.33038664
CONTROL__7132__2025062222,Grouped-random,train,NORMAL,OTHER_DISRUPTION,0.35149384,0.28859258,0.35991353
CONTROL__55049__2025052610,Grouped-random,train,NORMAL,NORMAL,0.35838014,0.32181403,0.31980586
CONTROL__55049__2025090810,Grouped-random,train,NORMAL,NORMAL,0.3697439,0.35815725,0.27209878
CONTROL__22001__2025122921,Grouped-random,train,NORMAL,OTHER_DISRUPTION,0.33023462,0.32506052,0.3447049
CONTROL__22001__2025062321,Grouped-random,train,NORMAL,OTHER_DISRUPTION,0.33023462,0.32506052,0.3447049
CONTROL__T0288__2025032504,Grouped-random,train,NORMAL,OTHER_DISRUPTION,0.33023462,0.32506052,0.3447049
CONTROL__T0288__2025021804,Grouped-random,train,NORMAL,OTHER_DISRUPTION,0.33023462,0.32506052,0.3447049
CONTROL__T0289__2025021804,Grouped-random,train,NORMAL,OTHER_DISRUPTION,0.33023462,0.32506052,0.3447049
CONTROL__T0289__2025081904,Grouped-random,train,NORMAL,OTHER_DISRUPTION,0.33023462,0.32506052,0.3447049
CONTROL__T0290__2025122304,Grouped-random,train,NORMAL,OTHER_DISRUPTION,0.3282793,0.32668483,0.34503594
CONTROL__T0290__2025080504,Grouped-random,train,NORMAL,OTHER_DISRUPTION,0.33023462,0.32506052,0.3447049
CONTROL__7163__2025081921,Grouped-random,train,NORMAL,OTHER_DISRUPTION,0.33137265,0.3178156,0.3508117
CONTROL__7163__2025012121,Grouped-random,train,NORMAL,OTHER_DISRUPTION,0.31873363,0.29275477,0.3885116
CONTROL__33014__2025050622,Grouped-random,train,NORMAL,OTHER_DISRUPTION,0.32448274,0.33318412,0.3423331
CONTROL__33014__2025011422,Grouped-random,train,NORMAL,NORMAL,0.36690056,0.30464992,0.32844952
CONTROL__51235__2025010103,Grouped-random,train,NORMAL,OTHER_DISRUPTION,0.32543936,0.3349378,0.33962277
CONTROL__51235__2025022603,Grouped-random,train,NORMAL,OTHER_DISRUPTION,0.33023462,0.32506052,0.3447049
CONTROL__29005__2025100118,Grouped-random,train,NORMAL,ACCIDENT,0.37333098,0.37703872,0.24963026
CONTROL__29005__2025041618,Grouped-random,train,NORMAL,ACCIDENT,0.37444937,0.3776088,0.2479419
CONTROL__68025__2025092419,Grouped-random,train,NORMAL,OTHER_DISRUPTION,0.33563933,0.32187355,0.3424871
CONTROL__68025__2025070219,Grouped-random,train,NORMAL,OTHER_DISRUPTION,0.33023462,0.32506052,0.3447049
CONTROL__22001__2025121020,Grouped-random,train,NORMAL,OTHER_DISRUPTION,0.33023462,0.32506052,0.3447049
CONTROL__22001__2025040920,Grouped-random,train,NORMAL,OTHER_DISRUPTION,0.33023462,0.32506052,0.3447049
CONTROL__F3FWY003__2025112702,Grouped-random,train,NORMAL,NORMAL,0.36837867,0.27344593,0.3581754
CONTROL__F3FWY003__2025031302,Grouped-random,train,NORMAL,OTHER_DISRUPTION,0.33023462,0.32506052,0.3447049
CONTROL__7120__2025092508,Grouped-random,train,NORMAL,NORMAL,0.3516117,0.32488263,0.32350567
CONTROL__7120__2025010908,Grouped-random,train,NORMAL,ACCIDENT,0.35662833,0.35867214,0.28469956
CONTROL__7251__2025082123,Grouped-random,train,NORMAL,NORMAL,0.38710517,0.30115628,0.31173864
CONTROL__7251__2025110623,Grouped-random,train,NORMAL,NORMAL,0.3434809,0.34302157,0.31349745
CONTROL__7120__2025020700,Grouped-random,train,NORMAL,OTHER_DISRUPTION,0.33023462,0.32506052,0.3447049
CONTROL__7120__2025100300,Grouped-random,train,NORMAL,NORMAL,0.36921293,0.3276201,0.30316693
CONTROL__7120__2025040403,Grouped-random,train,NORMAL,NORMAL,0.33516085,0.33502865,0.3298105
CONTROL__7120__2025121203,Grouped-random,train,NORMAL,NORMAL,0.38252103,0.2967339,0.3207451
CONTROL__F3FWY003__2025092605,Grouped-random,train,NORMAL,NORMAL,0.36668652,0.34135354,0.29196003
CONTROL__F3FWY003__2025031405,Grouped-random,train,NORMAL,OTHER_DISRUPTION,0.33023462,0.32506052,0.3447049
CONTROL__53004__2025112912,Grouped-random,train,NORMAL,NORMAL,0.36962473,0.3684004,0.26197484
CONTROL__53004__2025070512,Grouped-random,train,NORMAL,NORMAL,0.33506396,0.33380863,0.3311274
CONTROL__7112__2025122722,Grouped-random,train,NORMAL,ACCIDENT,0.3335998,0.3384663,0.32793382
CONTROL__7112__2025042622,Grouped-random,train,NORMAL,OTHER_DISRUPTION,0.32398635,0.3314977,0.34451592
CONTROL__7112__2025110900,Grouped-random,train,NORMAL,OTHER_DISRUPTION,0.32347393,0.32969016,0.3468359
CONTROL__7112__2025042700,Grouped-random,train,NORMAL,OTHER_DISRUPTION,0.32270643,0.33176032,0.34553322
CONTROL__51235__2025060802,Grouped-random,train,NORMAL,ACCIDENT,0.32136354,0.35148102,0.32715538
CONTROL__51235__2025101902,Grouped-random,train,NORMAL,ACCIDENT,0.33332127,0.35468072,0.31199795
CONTROL__7179__2025020904,Grouped-random,train,NORMAL,OTHER_DISRUPTION,0.33023462,0.32506052,0.3447049
CONTROL__7179__2025100504,Grouped-random,train,NORMAL,NORMAL,0.33603305,0.334024,0.32994294
CONTROL__F3FWY004__2025032305,Grouped-random,train,NORMAL,OTHER_DISRUPTION,0.33023462,0.32506052,0.3447049
CONTROL__F3FWY004__2025051105,Grouped-random,train,NORMAL,NORMAL,0.3352952,0.33269504,0.33200976
CONTROL__34016__2025101207,Grouped-random,train,NORMAL,NORMAL,0.36423746,0.34797662,0.28778595
CONTROL__34016__2025010507,Grouped-random,train,NORMAL,NORMAL,0.3659331,0.34364977,0.2904171
CONTROL__74230__2025090710,Grouped-random,train,NORMAL,ACCIDENT,0.3325958,0.33617994,0.33122426
CONTROL__74230__2025122110,Grouped-random,train,NORMAL,ACCIDENT,0.3495924,0.355797,0.29461062
CONTROL__7179__2025061511,Grouped-random,train,NORMAL,ACCIDENT,0.35511348,0.37716705,0.2677196
CONTROL__7179__2025032311,Grouped-random,train,NORMAL,ACCIDENT,0.3593184,0.3729175,0.26776412
CONTROL__7153__2025110921,Grouped-random,train,NORMAL,NORMAL,0.36591104,0.2911356,0.3429534
CONTROL__7153__2025090721,Grouped-random,train,NORMAL,NORMAL,0.37087598,0.31428045,0.3148436
CONTROL__7153__2025101921,Grouped-random,train,NORMAL,OTHER_DISRUPTION,0.33189583,0.33153462,0.33656952
CONTROL__7153__2025111621,Grouped-random,train,NORMAL,OTHER_DISRUPTION,0.3355298,0.28724316,0.37722707
CONTROL__T0231__2025030222,Grouped-random,train,NORMAL,OTHER_DISRUPTION,0.31892103,0.33433926,0.34673974
CONTROL__T0231__2025021622,Grouped-random,train,NORMAL,OTHER_DISRUPTION,0.33023462,0.32506052,0.3447049
CONTROL__T0231__2025083122,Grouped-random,train,NORMAL,NORMAL,0.33668587,0.33157575,0.33173844
CONTROL__T0231__2025122122,Grouped-random,train,NORMAL,NORMAL,0.36302024,0.27730724,0.35967252
CONTROL__F3FWY003__2025052604,Grouped-random,train,NORMAL,OTHER_DISRUPTION,0.33023462,0.32506052,0.3447049
CONTROL__F3FWY003__2025061604,Grouped-random,train,NORMAL,OTHER_DISRUPTION,0.33023462,0.32506052,0.3447049
CONTROL__29005__2025091511,Grouped-random,train,NORMAL,NORMAL,0.36353326,0.34249026,0.29397652
CONTROL__29005__2025092211,Grouped-random,train,NORMAL,NORMAL,0.36138627,0.34431046,0.2943033
CONTROL__32029__2025042112,Grouped-random,train,NORMAL,OTHER_DISRUPTION,0.33023462,0.32506052,0.3447049
CONTROL__32029__2025100612,Grouped-random,train,NORMAL,OTHER_DISRUPTION,0.33023462,0.32506052,0.3447049
CONTROL__32029__2025091512,Grouped-random,train,NORMAL,OTHER_DISRUPTION,0.33023462,0.32506052,0.3447049
CONTROL__32029__2025060212,Grouped-random,train,NORMAL,OTHER_DISRUPTION,0.33023462,0.32506052,0.3447049
CONTROL__33014__2025101319,Grouped-random,train,NORMAL,OTHER_DISRUPTION,0.33023462,0.32506052,0.3447049
CONTROL__33014__2025021719,Grouped-random,train,NORMAL,OTHER_DISRUPTION,0.33023462,0.32506052,0.3447049
CONTROL__7119-PR__2025102722,Grouped-random,train,NORMAL,NORMAL,0.3729728,0.27628094,0.3507462
CONTROL__7119-PR__2025081122,Grouped-random,train,NORMAL,OTHER_DISRUPTION,0.31765884,0.32899818,0.35334304
CONTROL__7139__2025093003,Grouped-random,train,NORMAL,OTHER_DISRUPTION,0.35115036,0.282523,0.3663266
CONTROL__7139__2025030403,Grouped-random,train,NORMAL,NORMAL,0.38667858,0.27111724,0.34220415
CONTROL__23067__2025041504,Grouped-random,train,NORMAL,NORMAL,0.35180688,0.3102028,0.33799028
CONTROL__23067__2025090904,Grouped-random,train,NORMAL,NORMAL,0.35729373,0.2966646,0.34604165
CONTROL__7132__2025082604,Grouped-random,train,NORMAL,NORMAL,0.36054072,0.3079183,0.33154094
CONTROL__7132__2025071504,Grouped-random,train,NORMAL,NORMAL,0.38370046,0.30759412,0.3087054
CONTROL__7112__2025062406,Grouped-random,train,NORMAL,NORMAL,0.35042033,0.32856917,0.32101056
CONTROL__7112__2025102806,Grouped-random,train,NORMAL,NORMAL,0.34923238,0.33123663,0.319531
CONTROL__F3FWY002__2025102816,Grouped-random,train,NORMAL,NORMAL,0.3644416,0.34972593,0.28583252
CONTROL__F3FWY002__2025120216,Grouped-random,train,NORMAL,OTHER_DISRUPTION,0.33023462,0.32506052,0.3447049
CONTROL__9658__2025061718,Grouped-random,train,NORMAL,NORMAL,0.35006863,0.3184367,0.33149466
CONTROL__9658__2025090918,Grouped-random,train,NORMAL,NORMAL,0.35213125,0.31817245,0.32969627
CONTROL__53004__2025090219,Grouped-random,train,NORMAL,NORMAL,0.33818614,0.32746366,0.33435017
CONTROL__53004__2025110419,Grouped-random,train,NORMAL,NORMAL,0.33858952,0.3248168,0.33659363
CONTROL__53004__2025042922,Grouped-random,train,NORMAL,OTHER_DISRUPTION,0.32851827,0.3316676,0.33981413
CONTROL__53004__2025072222,Grouped-random,train,NORMAL,OTHER_DISRUPTION,0.32752123,0.3345257,0.33795306
CONTROL__9658__2025070905,Grouped-random,train,NORMAL,NORMAL,0.3483736,0.32252222,0.3291042
CONTROL__9658__2025111905,Grouped-random,train,NORMAL,NORMAL,0.35660958,0.34710917,0.2962813
CONTROL__7270__2025031905,Grouped-random,train,NORMAL,ACCIDENT,0.32643774,0.37452444,0.29903775
CONTROL__7270__2025043005,Grouped-random,train,NORMAL,ACCIDENT,0.35121417,0.36555243,0.2832334
CONTROL__7251__2025060411,Grouped-random,train,NORMAL,NORMAL,0.3808671,0.3408571,0.2782758
CONTROL__7251__2025012211,Grouped-random,train,NORMAL,OTHER_DISRUPTION,0.33023462,0.32506052,0.3447049
CONTROL__7120__2025010819,Grouped-random,train,NORMAL,OTHER_DISRUPTION,0.32079682,0.32674465,0.3524585
CONTROL__7120__2025032619,Grouped-random,train,NORMAL,NORMAL,0.35827795,0.35611033,0.2856117
CONTROL__7162__2025062603,Grouped-random,train,NORMAL,NORMAL,0.35030448,0.307677,0.34201846
CONTROL__7162__2025082103,Grouped-random,train,NORMAL,NORMAL,0.37662607,0.28732988,0.33604395
CONTROL__7139__2025022005,Grouped-random,train,NORMAL,OTHER_DISRUPTION,0.33023462,0.32506052,0.3447049
CONTROL__7139__2025071005,Grouped-random,train,NORMAL,NORMAL,0.36654204,0.29721206,0.33624583
CONTROL__47024__2025013007,Grouped-random,train,NORMAL,ACCIDENT,0.35477415,0.37164095,0.2735849
CONTROL__47024__2025102307,Grouped-random,train,NORMAL,ACCIDENT,0.35618356,0.36981663,0.27399978
CONTROL__7139__2025102307,Grouped-random,train,NORMAL,NORMAL,0.3519066,0.33434868,0.3137447
CONTROL__7139__2025082807,Grouped-random,train,NORMAL,NORMAL,0.35255858,0.33400783,0.31343353
CONTROL__7161__2025050822,Grouped-random,train,NORMAL,NORMAL,0.33574253,0.33045176,0.33380568
CONTROL__7161__2025022722,Grouped-random,train,NORMAL,OTHER_DISRUPTION,0.33023462,0.32506052,0.3447049
CONTROL__T0288__2025052300,Grouped-random,train,NORMAL,ACCIDENT,0.33133087,0.34234148,0.32632762
CONTROL__T0288__2025071800,Grouped-random,train,NORMAL,OTHER_DISRUPTION,0.33023462,0.32506052,0.3447049
CONTROL__T0289__2025122600,Grouped-random,train,NORMAL,OTHER_DISRUPTION,0.33023462,0.32506052,0.3447049
CONTROL__T0289__2025051600,Grouped-random,train,NORMAL,OTHER_DISRUPTION,0.32430884,0.32494268,0.35074845
CONTROL__T0290__2025091200,Grouped-random,train,NORMAL,NORMAL,0.3472533,0.31249404,0.34025264
CONTROL__T0290__2025080100,Grouped-random,train,NORMAL,NORMAL,0.35358584,0.3201704,0.32624376
CONTROL__T0479-PR__2025012400,Grouped-random,train,NORMAL,NORMAL,0.35395396,0.3103718,0.33567432
CONTROL__T0479-PR__2025122600,Grouped-random,train,NORMAL,NORMAL,0.35250616,0.31720418,0.3302897
CONTROL__7274__2025120500,Grouped-random,train,NORMAL,OTHER_DISRUPTION,0.32275793,0.3212061,0.356036
CONTROL__7274__2025062700,Grouped-random,train,NORMAL,NORMAL,0.36382878,0.32421392,0.31195727
CONTROL__33014__2025080102,Grouped-random,train,NORMAL,OTHER_DISRUPTION,0.33023462,0.32506052,0.3447049
CONTROL__33014__2025042502,Grouped-random,train,NORMAL,OTHER_DISRUPTION,0.32243347,0.33232722,0.34523937
CONTROL__74230__2025103105,Grouped-random,train,NORMAL,NORMAL,0.36252183,0.29358953,0.34388867
CONTROL__74230__2025082905,Grouped-random,train,NORMAL,NORMAL,0.3695186,0.3230044,0.30747694
CONTROL__7161__2025101007,Grouped-random,train,NORMAL,ACCIDENT,0.3467138,0.3725105,0.28077573
CONTROL__7161__2025022107,Grouped-random,train,NORMAL,OTHER_DISRUPTION,0.33023462,0.32506052,0.3447049
CONTROL__7126__2025103107,Grouped-random,train,NORMAL,ACCIDENT,0.3297884,0.33611798,0.3340937
CONTROL__7126__2025012407,Grouped-random,train,NORMAL,OTHER_DISRUPTION,0.33023462,0.32506052,0.3447049
CONTROL__7120__2025032115,Grouped-random,train,NORMAL,NORMAL,0.36929393,0.34842494,0.282281
CONTROL__7120__2025041115,Grouped-random,train,NORMAL,NORMAL,0.33796698,0.328878,0.33315504
CONTROL__7121__2025011015,Grouped-random,train,NORMAL,OTHER_DISRUPTION,0.33023462,0.32506052,0.3447049
CONTROL__7121__2025070415,Grouped-random,train,NORMAL,OTHER_DISRUPTION,0.33526382,0.32131055,0.34342557
CONTROL__7112__2025032819,Grouped-random,train,NORMAL,NORMAL,0.37407604,0.3564971,0.26942685
CONTROL__7112__2025050219,Grouped-random,train,NORMAL,OTHER_DISRUPTION,0.33023462,0.32506052,0.3447049
CONTROL__33014__2025111502,Grouped-random,train,NORMAL,OTHER_DISRUPTION,0.33023462,0.32506052,0.3447049
CONTROL__33014__2025071902,Grouped-random,train,NORMAL,OTHER_DISRUPTION,0.33023462,0.32506052,0.3447049
CONTROL__33014__2025041902,Grouped-random,train,NORMAL,ACCIDENT,0.33274594,0.34019223,0.3270618
CONTROL__33014__2025011102,Grouped-random,train,NORMAL,OTHER_DISRUPTION,0.3356627,0.31814253,0.3461947
CONTROL__7179__2025110804,Grouped-random,train,NORMAL,NORMAL,0.3622602,0.29769328,0.3400465
CONTROL__7179__2025022204,Grouped-random,train,NORMAL,OTHER_DISRUPTION,0.33023462,0.32506052,0.3447049
CONTROL__7179__2025122006,Grouped-random,train,NORMAL,NORMAL,0.3729897,0.3396258,0.28738448
CONTROL__7179__2025080206,Grouped-random,train,NORMAL,NORMAL,0.35664624,0.30974078,0.33361295
CONTROL__9658__2025022306,Grouped-random,train,NORMAL,OTHER_DISRUPTION,0.33023462,0.32506052,0.3447049
CONTROL__9658__2025120706,Grouped-random,train,NORMAL,NORMAL,0.38480636,0.30955294,0.3056408
CONTROL__7270__2025041314,Grouped-random,train,NORMAL,NORMAL,0.34397018,0.33263412,0.32339576
CONTROL__7270__2025090714,Grouped-random,train,NORMAL,NORMAL,0.34601384,0.3232675,0.33071867
CONTROL__29005__2025020215,Grouped-random,train,NORMAL,OTHER_DISRUPTION,0.33023462,0.32506052,0.3447049
CONTROL__29005__2025121415,Grouped-random,train,NORMAL,OTHER_DISRUPTION,0.30824202,0.3302334,0.36152458
CONTROL__7270__2025110917,Grouped-random,train,NORMAL,NORMAL,0.37320194,0.36520183,0.26159617
CONTROL__7270__2025082417,Grouped-random,train,NORMAL,NORMAL,0.33950484,0.3264689,0.33402628
CONTROL__50240__2025011919,Grouped-random,train,NORMAL,NORMAL,0.3430125,0.33202526,0.3249623
CONTROL__50240__2025011219,Grouped-random,train,NORMAL,OTHER_DISRUPTION,0.33023462,0.32506052,0.3447049
CONTROL__7123-PR__2025102808,Grouped-random,train,NORMAL,ACCIDENT,0.33400545,0.3347193,0.3312752
CONTROL__7123-PR__2025052708,Grouped-random,train,NORMAL,NORMAL,0.34076858,0.328392,0.33083946
CONTROL__7168__2025102120,Grouped-random,train,NORMAL,OTHER_DISRUPTION,0.33850995,0.3205162,0.34097385
CONTROL__7168__2025041520,Grouped-random,train,NORMAL,NORMAL,0.33970293,0.3216796,0.3386174
CONTROL__7270__2025123103,Grouped-random,train,NORMAL,NORMAL,0.35388717,0.29419264,0.3519202
CONTROL__7270__2025051403,Grouped-random,train,NORMAL,NORMAL,0.39102694,0.28166875,0.3273043
CONTROL__7270__2025020503,Grouped-random,train,NORMAL,OTHER_DISRUPTION,0.33023462,0.32506052,0.3447049
CONTROL__7270__2025082703,Grouped-random,train,NORMAL,NORMAL,0.3686188,0.28545082,0.34593037
CONTROL__53004__2025060405,Grouped-random,train,NORMAL,NORMAL,0.36992392,0.33532387,0.29475218
CONTROL__53004__2025072305,Grouped-random,train,NORMAL,NORMAL,0.3609362,0.32837227,0.31069145
CONTROL__7184__2025082005,Grouped-random,train,NORMAL,NORMAL,0.3478278,0.33495724,0.3172149
CONTROL__7184__2025110505,Grouped-random,train,NORMAL,NORMAL,0.3659221,0.34719312,0.28688478
CONTROL__7168__2025032605,Grouped-random,train,NORMAL,OTHER_DISRUPTION,0.33023462,0.32506052,0.3447049
CONTROL__7168__2025021205,Grouped-random,train,NORMAL,OTHER_DISRUPTION,0.33023462,0.32506052,0.3447049
CONTROL__7168__2025080605,Grouped-random,train,NORMAL,NORMAL,0.36584368,0.3208955,0.31326085
CONTROL__7168__2025123105,Grouped-random,train,NORMAL,ACCIDENT,0.328465,0.3371242,0.33441067
CONTROL__7179__2025051411,Grouped-random,train,NORMAL,NORMAL,0.36113393,0.3497315,0.28913462
CONTROL__7179__2025070911,Grouped-random,train,NORMAL,NORMAL,0.36393005,0.34669095,0.28937894
CONTROL__7179__2025111213,Grouped-random,train,NORMAL,NORMAL,0.36651832,0.3461709,0.28731075
CONTROL__7179__2025021913,Grouped-random,train,NORMAL,OTHER_DISRUPTION,0.33023462,0.32506052,0.3447049
CONTROL__7168__2025072401,Grouped-random,train,NORMAL,OTHER_DISRUPTION,0.3341563,0.2970162,0.3688275
CONTROL__7168__2025040301,Grouped-random,train,NORMAL,OTHER_DISRUPTION,0.3458285,0.2981292,0.3560424
CONTROL__T0288__2025071006,Grouped-random,train,NORMAL,OTHER_DISRUPTION,0.33023462,0.32506052,0.3447049
CONTROL__T0288__2025010206,Grouped-random,train,NORMAL,OTHER_DISRUPTION,0.33023462,0.32506052,0.3447049
CONTROL__T0289__2025090406,Grouped-random,train,NORMAL,OTHER_DISRUPTION,0.33023462,0.32506052,0.3447049
CONTROL__T0289__2025030606,Grouped-random,train,NORMAL,ACCIDENT,0.30877116,0.39595744,0.29527137
CONTROL__T0290__2025090406,Grouped-random,train,NORMAL,ACCIDENT,0.33962986,0.34332746,0.31704262
CONTROL__T0290__2025122506,Grouped-random,train,NORMAL,OTHER_DISRUPTION,0.33023462,0.32506052,0.3447049
CONTROL__T0479-PR__2025070306,Grouped-random,train,NORMAL,ACCIDENT,0.33184862,0.36127806,0.3068733
CONTROL__T0479-PR__2025010906,Grouped-random,train,NORMAL,ACCIDENT,0.35705963,0.3611142,0.28182617
CONTROL__7184__2025121807,Grouped-random,train,NORMAL,ACCIDENT,0.34157678,0.3992181,0.2592051
CONTROL__7184__2025041007,Grouped-random,train,NORMAL,ACCIDENT,0.34074932,0.39545462,0.26379612
CONTROL__50240__2025021308,Grouped-random,train,NORMAL,OTHER_DISRUPTION,0.33023462,0.32506052,0.3447049
CONTROL__50240__2025080708,Grouped-random,train,NORMAL,ACCIDENT,0.36654088,0.37976947,0.25368968
CONTROL__50240__2025070308,Grouped-random,train,NORMAL,NORMAL,0.3604156,0.33647913,0.3031052
CONTROL__50240__2025100908,Grouped-random,train,NORMAL,ACCIDENT,0.36888552,0.37692055,0.25419396
CONTROL__7153__2025080721,Grouped-random,train,NORMAL,OTHER_DISRUPTION,0.34270078,0.313734,0.34356526
CONTROL__7153__2025071721,Grouped-random,train,NORMAL,NORMAL,0.34127566,0.32363182,0.33509248
CONTROL__50240__2025052303,Grouped-random,train,NORMAL,NORMAL,0.3679609,0.2798605,0.3521786
CONTROL__50240__2025121203,Grouped-random,train,NORMAL,NORMAL,0.36254072,0.31202057,0.32543868
CONTROL__7120__2025050207,Grouped-random,train,NORMAL,ACCIDENT,0.34461498,0.36787108,0.28751388
CONTROL__7120__2025032807,Grouped-random,train,NORMAL,ACCIDENT,0.34289363,0.36993784,0.28716853
CONTROL__7179__2025012409,Grouped-random,train,NORMAL,OTHER_DISRUPTION,0.33023462,0.32506052,0.3447049
CONTROL__7179__2025082209,Grouped-random,train,NORMAL,NORMAL,0.36930388,0.36759898,0.26309714
CONTROL__57025__2025012502,Grouped-random,train,NORMAL,OTHER_DISRUPTION,0.3249888,0.2951051,0.37990612
CONTROL__57025__2025020802,Grouped-random,train,NORMAL,OTHER_DISRUPTION,0.33023462,0.32506052,0.3447049
CONTROL__7251__2025062116,Grouped-random,train,NORMAL,NORMAL,0.3433405,0.327654,0.32900545
CONTROL__7251__2025090616,Grouped-random,train,NORMAL,NORMAL,0.3675045,0.36364898,0.26884654
CONTROL__7112__2025041922,Grouped-random,train,NORMAL,OTHER_DISRUPTION,0.35707688,0.2776874,0.3652357
CONTROL__7112__2025112922,Grouped-random,train,NORMAL,NORMAL,0.33629906,0.3335388,0.33016217
CONTROL__23067__2025020907,Grouped-random,train,NORMAL,OTHER_DISRUPTION,0.33023462,0.32506052,0.3447049
CONTROL__23067__2025012607,Grouped-random,train,NORMAL,NORMAL,0.3347102,0.33456784,0.330722
CONTROL__7248__2025021702,Grouped-random,train,NORMAL,OTHER_DISRUPTION,0.33023462,0.32506052,0.3447049
CONTROL__7248__2025090102,Grouped-random,train,NORMAL,OTHER_DISRUPTION,0.3548384,0.27813384,0.3670278
CONTROL__68025__2025041403,Grouped-random,train,NORMAL,OTHER_DISRUPTION,0.33409142,0.29222134,0.37368718
CONTROL__68025__2025031003,Grouped-random,train,NORMAL,OTHER_DISRUPTION,0.33850673,0.29384482,0.3676485
CONTROL__7119-PR__2025021003,Grouped-random,train,NORMAL,OTHER_DISRUPTION,0.33023462,0.32506052,0.3447049
CONTROL__7119-PR__2025021703,Grouped-random,train,NORMAL,OTHER_DISRUPTION,0.33023462,0.32506052,0.3447049
CONTROL__50240__2025090105,Grouped-random,train,NORMAL,NORMAL,0.3525689,0.3287053,0.31872573
CONTROL__50240__2025031705,Grouped-random,train,NORMAL,ACCIDENT,0.35046068,0.38053852,0.2690008
CONTROL__7161__2025090807,Grouped-random,train,NORMAL,NORMAL,0.34349045,0.33374304,0.32276654
CONTROL__7161__2025102007,Grouped-random,train,NORMAL,ACCIDENT,0.33622697,0.38852,0.275253
CONTROL__7248__2025012711,Grouped-random,train,NORMAL,NORMAL,0.33613002,0.33244053,0.33142945
CONTROL__7248__2025010611,Grouped-random,train,NORMAL,NORMAL,0.36439997,0.32760397,0.3079961
CONTROL__7120__2025040103,Grouped-random,train,NORMAL,NORMAL,0.37897947,0.2914721,0.3295484
CONTROL__7120__2025040803,Grouped-random,train,NORMAL,OTHER_DISRUPTION,0.3452214,0.28742245,0.36735624
CONTROL__7121__2025092303,Grouped-random,train,NORMAL,OTHER_DISRUPTION,0.3254877,0.30067644,0.37383583
CONTROL__7121__2025042203,Grouped-random,train,NORMAL,OTHER_DISRUPTION,0.3430844,0.27786577,0.37904993
CONTROL__7179__2025021821,Grouped-random,train,NORMAL,OTHER_DISRUPTION,0.33023462,0.32506052,0.3447049
CONTROL__7179__2025061721,Grouped-random,train,NORMAL,NORMAL,0.36995715,0.30261758,0.3274252
CONTROL__F3FWY003__2025092323,Grouped-random,train,NORMAL,NORMAL,0.37427616,0.32542422,0.30029956
CONTROL__F3FWY003__2025081223,Grouped-random,train,NORMAL,NORMAL,0.37108672,0.3111146,0.31779867
CONTROL__7112__2025110501,Grouped-random,train,NORMAL,OTHER_DISRUPTION,0.3300851,0.28840813,0.3815067
CONTROL__7112__2025073001,Grouped-random,train,NORMAL,OTHER_DISRUPTION,0.33286494,0.29735705,0.3697781
CONTROL__7112__2025092401,Grouped-random,train,NORMAL,NORMAL,0.36934948,0.28669912,0.34395137
CONTROL__7112__2025071601,Grouped-random,train,NORMAL,OTHER_DISRUPTION,0.34836197,0.296451,0.35518697
CONTROL__53004__2025123108,Grouped-random,train,NORMAL,ACCIDENT,0.33091122,0.3391637,0.329925
CONTROL__53004__2025061108,Grouped-random,train,NORMAL,NORMAL,0.35481182,0.3324158,0.31277236
CONTROL__53003__2025050718,Grouped-random,train,NORMAL,ACCIDENT,0.37037903,0.37334877,0.25627226
CONTROL__53003__2025010118,Grouped-random,train,NORMAL,OTHER_DISRUPTION,0.3332968,0.3295497,0.33715343
CONTROL__F3FWY001__2025092500,Grouped-random,train,NORMAL,NORMAL,0.34456426,0.32433805,0.33109778
CONTROL__F3FWY001__2025031300,Grouped-random,train,NORMAL,OTHER_DISRUPTION,0.32368124,0.3146151,0.36170372
CONTROL__7179__2025011601,Grouped-random,train,NORMAL,OTHER_DISRUPTION,0.33023462,0.32506052,0.3447049
CONTROL__7179__2025121801,Grouped-random,train,NORMAL,NORMAL,0.39425087,0.30810416,0.29764485
CONTROL__F3FWY005__2025092503,Grouped-random,train,NORMAL,NORMAL,0.38337633,0.3065731,0.31005058
CONTROL__F3FWY005__2025111303,Grouped-random,train,NORMAL,NORMAL,0.39525568,0.28949365,0.3152507
CONTROL__9827__2025032714,Grouped-random,train,NORMAL,OTHER_DISRUPTION,0.3271856,0.2875722,0.38524222
CONTROL__9827__2025072414,Grouped-random,train,NORMAL,NORMAL,0.37264866,0.35264322,0.27470806
CONTROL__74228__2025073123,Grouped-random,train,NORMAL,OTHER_DISRUPTION,0.31848913,0.33006692,0.35144398
CONTROL__74228__2025122523,Grouped-random,train,NORMAL,OTHER_DISRUPTION,0.33023462,0.32506052,0.3447049
CONTROL__50250__2025101001,Grouped-random,train,NORMAL,NORMAL,0.33916116,0.32187212,0.33896676
CONTROL__50250__2025041801,Grouped-random,train,NORMAL,OTHER_DISRUPTION,0.32313737,0.3166904,0.36017227
CONTROL__23067__2025053005,Grouped-random,train,NORMAL,NORMAL,0.3579765,0.35501626,0.28700715
CONTROL__23067__2025111405,Grouped-random,train,NORMAL,ACCIDENT,0.3436978,0.39289275,0.26340947
CONTROL__F3FWY003__2025122606,Grouped-random,train,NORMAL,NORMAL,0.38671824,0.31698635,0.29629546
CONTROL__F3FWY003__2025070406,Grouped-random,train,NORMAL,OTHER_DISRUPTION,0.33023462,0.32506052,0.3447049
CONTROL__F3FWY003__2025121912,Grouped-random,train,NORMAL,NORMAL,0.3795079,0.33501843,0.28547364
CONTROL__F3FWY003__2025102412,Grouped-random,train,NORMAL,NORMAL,0.36915404,0.3502237,0.2806222
CONTROL__10011__2025110716,Grouped-random,train,NORMAL,OTHER_DISRUPTION,0.33023462,0.32506052,0.3447049
CONTROL__10011__2025121916,Grouped-random,train,NORMAL,OTHER_DISRUPTION,0.33023462,0.32506052,0.3447049
CONTROL__7139__2025022816,Grouped-random,train,NORMAL,OTHER_DISRUPTION,0.33023462,0.32506052,0.3447049
CONTROL__7139__2025110716,Grouped-random,train,NORMAL,NORMAL,0.35774073,0.31776497,0.32449433
CONTROL__7120__2025120520,Grouped-random,train,NORMAL,NORMAL,0.36443707,0.3556648,0.2798981
CONTROL__7120__2025022120,Grouped-random,train,NORMAL,OTHER_DISRUPTION,0.33023462,0.32506052,0.3447049
CONTROL__7126__2025092702,Grouped-random,train,NORMAL,OTHER_DISRUPTION,0.3329741,0.29873776,0.36828813
CONTROL__7126__2025021502,Grouped-random,train,NORMAL,OTHER_DISRUPTION,0.33023462,0.32506052,0.3447049
CONTROL__7120__2025111515,Grouped-random,train,NORMAL,NORMAL,0.3694977,0.35049745,0.28000486
CONTROL__7120__2025071915,Grouped-random,train,NORMAL,NORMAL,0.36920577,0.3524111,0.27838302
CONTROL__7121__2025080215,Grouped-random,train,NORMAL,OTHER_DISRUPTION,0.3239319,0.33749235,0.33857572
CONTROL__7121__2025091315,Grouped-random,train,NORMAL,ACCIDENT,0.32716307,0.33986676,0.33297008
CONTROL__7161__2025092023,Grouped-random,train,NORMAL,NORMAL,0.36962485,0.32095063,0.3094245
CONTROL__7161__2025062823,Grouped-random,train,NORMAL,OTHER_DISRUPTION,0.32304624,0.3359002,0.3410535
CONTROL__7184__2025051803,Grouped-random,train,NORMAL,NORMAL,0.37695786,0.28657034,0.3364717
CONTROL__7184__2025083103,Grouped-random,train,NORMAL,NORMAL,0.37986183,0.2926357,0.3275025
CONTROL__7184__2025060803,Grouped-random,train,NORMAL,NORMAL,0.37208456,0.28315863,0.34475678
CONTROL__7184__2025071303,Grouped-random,train,NORMAL,OTHER_DISRUPTION,0.32570547,0.3203623,0.35393223
CONTROL__7168__2025033021,Grouped-random,train,NORMAL,ACCIDENT,0.29245713,0.39999738,0.30754542
CONTROL__7168__2025092121,Grouped-random,train,NORMAL,NORMAL,0.3634144,0.29203972,0.3445459
CONTROL__68025__2025092219,Grouped-random,train,NORMAL,NORMAL,0.36959487,0.3432299,0.2871752
CONTROL__68025__2025120819,Grouped-random,train,NORMAL,NORMAL,0.3679747,0.34886786,0.28315747
CONTROL__7179__2025042821,Grouped-random,train,NORMAL,NORMAL,0.35453787,0.32497534,0.32048675
CONTROL__7179__2025022421,Grouped-random,train,NORMAL,OTHER_DISRUPTION,0.33023462,0.32506052,0.3447049
CONTROL__74230__2025031723,Grouped-random,train,NORMAL,ACCIDENT,0.33103713,0.34058255,0.3283803
CONTROL__74230__2025112423,Grouped-random,train,NORMAL,OTHER_DISRUPTION,0.3111113,0.31152648,0.37736225
CONTROL__7121__2025061701,Grouped-random,train,NORMAL,OTHER_DISRUPTION,0.32719,0.31407568,0.3587343
CONTROL__7121__2025101401,Grouped-random,train,NORMAL,OTHER_DISRUPTION,0.32762015,0.32520986,0.34716988
CONTROL__68025__2025020404,Grouped-random,train,NORMAL,OTHER_DISRUPTION,0.33023462,0.32506052,0.3447049
CONTROL__68025__2025112504,Grouped-random,train,NORMAL,NORMAL,0.3588958,0.3033572,0.33774698
CONTROL__68025__2025120302,Grouped-random,train,NORMAL,NORMAL,0.35778928,0.29215893,0.35005194
CONTROL__68025__2025021902,Grouped-random,train,NORMAL,OTHER_DISRUPTION,0.33023462,0.32506052,0.3447049
CONTROL__7162__2025100802,Grouped-random,train,NORMAL,NORMAL,0.36417407,0.27966416,0.35616174
CONTROL__7162__2025102202,Grouped-random,train,NORMAL,OTHER_DISRUPTION,0.33399326,0.29327652,0.37273026
CONTROL__F3FWY001__2025123102,Grouped-random,train,NORMAL,NORMAL,0.38273627,0.2947887,0.32247502
CONTROL__F3FWY001__2025111902,Grouped-random,train,NORMAL,OTHER_DISRUPTION,0.33511534,0.3066867,0.35819793
CONTROL__7112__2025073004,Grouped-random,train,NORMAL,NORMAL,0.3690058,0.29679894,0.33419514
CONTROL__7112__2025042304,Grouped-random,train,NORMAL,NORMAL,0.36699966,0.29641148,0.33658886
CONTROL__F3FWY003__2025101509,Grouped-random,train,NORMAL,ACCIDENT,0.36519617,0.37192732,0.26287645
CONTROL__F3FWY003__2025051409,Grouped-random,train,NORMAL,OTHER_DISRUPTION,0.33023462,0.32506052,0.3447049
CONTROL__7112__2025110607,Grouped-random,train,NORMAL,ACCIDENT,0.3350476,0.3912462,0.27370623
CONTROL__7112__2025041707,Grouped-random,train,NORMAL,ACCIDENT,0.34406528,0.34636682,0.3095679
CONTROL__7112__2025022803,Grouped-random,train,NORMAL,OTHER_DISRUPTION,0.33023462,0.32506052,0.3447049
CONTROL__7112__2025053003,Grouped-random,train,NORMAL,NORMAL,0.38666674,0.27851373,0.33481959
CONTROL__7112__2025101703,Grouped-random,train,NORMAL,OTHER_DISRUPTION,0.35394725,0.27713847,0.36891422
CONTROL__7112__2025050903,Grouped-random,train,NORMAL,OTHER_DISRUPTION,0.33023462,0.32506052,0.3447049
CONTROL__7120__2025080114,Grouped-random,train,NORMAL,NORMAL,0.36817816,0.34952247,0.28229937
CONTROL__7120__2025100314,Grouped-random,train,NORMAL,NORMAL,0.37094727,0.34906754,0.27998513
CONTROL__7121__2025061314,Grouped-random,train,NORMAL,NORMAL,0.37008652,0.34212488,0.28778854
CONTROL__7121__2025082914,Grouped-random,train,NORMAL,NORMAL,0.37316996,0.33987546,0.28695464
CONTROL__7161__2025032120,Grouped-random,train,NORMAL,NORMAL,0.34663755,0.3254152,0.3279472
CONTROL__7161__2025112120,Grouped-random,train,NORMAL,NORMAL,0.3477854,0.3245229,0.3276916
CONTROL__7161__2025083004,Grouped-random,train,NORMAL,NORMAL,0.37992457,0.28768378,0.3323917
CONTROL__7161__2025070504,Grouped-random,train,NORMAL,NORMAL,0.378258,0.284953,0.33678895
CONTROL__33014__2025041906,Grouped-random,train,NORMAL,NORMAL,0.3364405,0.33159974,0.33195978
CONTROL__33014__2025101106,Grouped-random,train,NORMAL,OTHER_DISRUPTION,0.33023462,0.32506052,0.3447049
CONTROL__33014__2025020106,Grouped-random,train,NORMAL,OTHER_DISRUPTION,0.33023462,0.32506052,0.3447049
CONTROL__33014__2025100406,Grouped-random,train,NORMAL,OTHER_DISRUPTION,0.33023462,0.32506052,0.3447049
CONTROL__7248__2025072618,Grouped-random,train,NORMAL,NORMAL,0.3725907,0.35829273,0.26911658
CONTROL__7248__2025011818,Grouped-random,train,NORMAL,NORMAL,0.34601262,0.33103547,0.3229519
CONTROL__22001__2025061418,Grouped-random,train,NORMAL,OTHER_DISRUPTION,0.33023462,0.32506052,0.3447049
CONTROL__22001__2025030818,Grouped-random,train,NORMAL,NORMAL,0.37710097,0.3559895,0.2669096
CONTROL__7159__2025121404,Grouped-random,train,NORMAL,NORMAL,0.33856028,0.32629776,0.335142
CONTROL__7159__2025012604,Grouped-random,train,NORMAL,OTHER_DISRUPTION,0.33208215,0.3087277,0.35919005
CONTROL__7179__2025020923,Grouped-random,train,NORMAL,OTHER_DISRUPTION,0.33023462,0.32506052,0.3447049
CONTROL__7179__2025112323,Grouped-random,train,NORMAL,NORMAL,0.3815887,0.32131305,0.29709822
CONTROL__7179__2025060123,Grouped-random,train,NORMAL,OTHER_DISRUPTION,0.33728945,0.3240303,0.33868024
CONTROL__7179__2025031623,Grouped-random,train,NORMAL,OTHER_DISRUPTION,0.33499745,0.32095888,0.3440436
CONTROL__29005__2025081723,Grouped-random,train,NORMAL,NORMAL,0.33746904,0.3294264,0.33310458
CONTROL__29005__2025121423,Grouped-random,train,NORMAL,ACCIDENT,0.3349143,0.34000224,0.32508335
CONTROL__7119-PR__2025122901,Grouped-random,train,NORMAL,OTHER_DISRUPTION,0.32447928,0.3251181,0.3504026
CONTROL__7119-PR__2025092901,Grouped-random,train,NORMAL,NORMAL,0.3620242,0.31036878,0.32760704
CONTROL__7248__2025090104,Grouped-random,train,NORMAL,NORMAL,0.3596713,0.31889454,0.32143417
CONTROL__7248__2025032404,Grouped-random,train,NORMAL,NORMAL,0.37672848,0.32140502,0.3018665
CONTROL__68025__2025102706,Grouped-random,train,NORMAL,NORMAL,0.34031305,0.33821243,0.3214745
CONTROL__68025__2025011306,Grouped-random,train,NORMAL,ACCIDENT,0.34608144,0.36583912,0.28807944
CONTROL__F3FWY003__2025102020,Grouped-random,train,NORMAL,NORMAL,0.38446254,0.3348255,0.28071207
CONTROL__F3FWY003__2025092220,Grouped-random,train,NORMAL,NORMAL,0.36332005,0.32861608,0.30806383
CONTROL__7184__2025060922,Grouped-random,train,NORMAL,NORMAL,0.37299886,0.28019664,0.3468045
CONTROL__7184__2025101322,Grouped-random,train,NORMAL,NORMAL,0.37645742,0.30873483,0.3148077
CONTROL__7184__2025031022,Grouped-random,train,NORMAL,OTHER_DISRUPTION,0.3500222,0.28915462,0.3608232
CONTROL__7184__2025063022,Grouped-random,train,NORMAL,NORMAL,0.37509814,0.30813867,0.31676325
CONTROL__7163__2025052000,Grouped-random,train,NORMAL,OTHER_DISRUPTION,0.31554118,0.32206857,0.36239025
CONTROL__7163__2025090900,Grouped-random,train,NORMAL,OTHER_DISRUPTION,0.343192,0.30839258,0.34841532
CONTROL__7163__2025112503,Grouped-random,train,NORMAL,OTHER_DISRUPTION,0.34039372,0.28591552,0.37369078
CONTROL__7163__2025093003,Grouped-random,train,NORMAL,NORMAL,0.37341127,0.27121195,0.35537675
CONTROL__7275__2025092304,Grouped-random,train,NORMAL,NORMAL,0.37937862,0.30082175,0.31979972
CONTROL__7275__2025041504,Grouped-random,train,NORMAL,NORMAL,0.37973616,0.2997075,0.3205563
CONTROL__7120__2025070113,Grouped-random,train,NORMAL,NORMAL,0.34103066,0.32928976,0.32967955
CONTROL__7120__2025052013,Grouped-random,train,NORMAL,NORMAL,0.37094414,0.34830937,0.28074655
CONTROL__7121__2025091613,Grouped-random,train,NORMAL,NORMAL,0.36987877,0.3372129,0.29290837
CONTROL__7121__2025032513,Grouped-random,train,NORMAL,OTHER_DISRUPTION,0.33316162,0.33218285,0.33465558
CONTROL__7120__2025021115,Grouped-random,train,NORMAL,OTHER_DISRUPTION,0.33023462,0.32506052,0.3447049
CONTROL__7120__2025012115,Grouped-random,train,NORMAL,OTHER_DISRUPTION,0.3335684,0.32554716,0.34088448
CONTROL__7121__2025112515,Grouped-random,train,NORMAL,OTHER_DISRUPTION,0.33023462,0.32506052,0.3447049
CONTROL__7121__2025111115,Grouped-random,train,NORMAL,OTHER_DISRUPTION,0.33023462,0.32506052,0.3447049
CONTROL__7184__2025092320,Grouped-random,train,NORMAL,NORMAL,0.3464115,0.3209585,0.33263
CONTROL__7184__2025032520,Grouped-random,train,NORMAL,OTHER_DISRUPTION,0.33023462,0.32506052,0.3447049
CONTROL__74230__2025061023,Grouped-random,train,NORMAL,OTHER_DISRUPTION,0.3220355,0.32339433,0.35457018
CONTROL__74230__2025070823,Grouped-random,train,NORMAL,OTHER_DISRUPTION,0.33856592,0.30947858,0.35195553
CONTROL__23067__2025111907,Grouped-random,train,NORMAL,ACCIDENT,0.367027,0.37619242,0.25678065
CONTROL__23067__2025121707,Grouped-random,train,NORMAL,OTHER_DISRUPTION,0.34001735,0.30844316,0.35153943
CONTROL__F3FWY002__2025011523,Grouped-random,train,NORMAL,OTHER_DISRUPTION,0.31883457,0.31280503,0.3683604
CONTROL__F3FWY002__2025052823,Grouped-random,train,NORMAL,NORMAL,0.36287573,0.3291244,0.30799988
CONTROL__F3FWY002__2025090323,Grouped-random,train,NORMAL,NORMAL,0.35854727,0.32960775,0.31184503
CONTROL__F3FWY002__2025102223,Grouped-random,train,NORMAL,NORMAL,0.3514394,0.31467873,0.33388186
CONTROL__7120__2025073109,Grouped-random,train,NORMAL,NORMAL,0.369103,0.35040522,0.28049174
CONTROL__7120__2025102309,Grouped-random,train,NORMAL,OTHER_DISRUPTION,0.33023462,0.32506052,0.3447049
CONTROL__7248__2025121116,Grouped-random,train,NORMAL,NORMAL,0.36574298,0.3590791,0.2751779
CONTROL__7248__2025121816,Grouped-random,train,NORMAL,NORMAL,0.36036038,0.3300838,0.30955586
CONTROL__50240__2025032110,Grouped-random,train,NORMAL,NORMAL,0.37844178,0.36562592,0.2559323
CONTROL__50240__2025031410,Grouped-random,train,NORMAL,NORMAL,0.3656977,0.33617687,0.29812542
CONTROL__7120__2025091303,Grouped-random,train,NORMAL,OTHER_DISRUPTION,0.33612707,0.30532828,0.35854477
CONTROL__7120__2025030803,Grouped-random,train,NORMAL,OTHER_DISRUPTION,0.33023462,0.32506052,0.3447049
CONTROL__7121__2025092703,Grouped-random,train,NORMAL,NORMAL,0.36105952,0.309882,0.32905847
CONTROL__7121__2025011803,Grouped-random,train,NORMAL,OTHER_DISRUPTION,0.32107356,0.3223896,0.35653684
CONTROL__7120__2025082306,Grouped-random,train,NORMAL,NORMAL,0.3640407,0.33841404,0.29754516
CONTROL__7120__2025020106,Grouped-random,train,NORMAL,OTHER_DISRUPTION,0.33023462,0.32506052,0.3447049
CONTROL__7121__2025102506,Grouped-random,train,NORMAL,OTHER_DISRUPTION,0.33023462,0.32506052,0.3447049
CONTROL__7121__2025111506,Grouped-random,train,NORMAL,ACCIDENT,0.33006662,0.3447192,0.3252142
CONTROL__7132__2025031511,Grouped-random,train,NORMAL,ACCIDENT,0.36459085,0.3672133,0.26819578
CONTROL__7132__2025032211,Grouped-random,train,NORMAL,OTHER_DISRUPTION,0.33023462,0.32506052,0.3447049
CONTROL__7132__2025032911,Grouped-random,train,NORMAL,NORMAL,0.36587256,0.3644045,0.26972297
CONTROL__7132__2025083011,Grouped-random,train,NORMAL,ACCIDENT,0.33263177,0.33948055,0.32788768
CONTROL__29005__2025100418,Grouped-random,train,NORMAL,ACCIDENT,0.3325393,0.34448242,0.32297838
CONTROL__29005__2025062118,Grouped-random,train,NORMAL,NORMAL,0.38010365,0.37001806,0.24987829
CONTROL__9849__2025042119,Grouped-random,train,NORMAL,ACCIDENT,0.32199588,0.33925447,0.33874962
CONTROL__9849__2025100619,Grouped-random,train,NORMAL,NORMAL,0.35586464,0.3284041,0.31573126
CONTROL__7184__2025051922,Grouped-random,train,NORMAL,NORMAL,0.37551785,0.31083313,0.31364903
CONTROL__7184__2025080422,Grouped-random,train,NORMAL,NORMAL,0.37476873,0.3070394,0.31819186
CONTROL__7139__2025012112,Grouped-random,train,NORMAL,NORMAL,0.37015954,0.32813188,0.30170852
CONTROL__7139__2025061012,Grouped-random,train,NORMAL,NORMAL,0.3795587,0.36514613,0.2552952
CONTROL__7112__2025052806,Grouped-random,train,NORMAL,ACCIDENT,0.33710662,0.37423515,0.28865814
CONTROL__7112__2025111206,Grouped-random,train,NORMAL,ACCIDENT,0.33889922,0.38938254,0.2717182
INCIDENT__219468-webtirf__F3FWY003,Grouped-random,validation,ACCIDENT,OTHER_DISRUPTION,0.33973125,0.3043229,0.35594583
INCIDENT__219481-webtirf__7179,Grouped-random,validation,OTHER_DISRUPTION,OTHER_DISRUPTION,0.3545638,0.28810948,0.35732666
INCIDENT__219601-webtirf__7123-PR,Grouped-random,validation,OTHER_DISRUPTION,NORMAL,0.36512807,0.34189472,0.2929772
INCIDENT__219653-webtirf__9836-PR,Grouped-random,validation,ACCIDENT,OTHER_DISRUPTION,0.33023462,0.32506052,0.3447049
INCIDENT__219670.0-webtirf__23067,Grouped-random,validation,OTHER_DISRUPTION,NORMAL,0.36661473,0.3421472,0.29123813
INCIDENT__219796-webtirf__51235,Grouped-random,validation,ACCIDENT,NORMAL,0.3676042,0.28620863,0.34618714
INCIDENT__219811-webtirf__50240,Grouped-random,validation,OTHER_DISRUPTION,NORMAL,0.3915709,0.30662912,0.3017999
INCIDENT__219896-webtirf__F3FWY006,Grouped-random,validation,ACCIDENT,OTHER_DISRUPTION,0.3182766,0.31254646,0.36917692
INCIDENT__220572-webtirf__7161,Grouped-random,validation,OTHER_DISRUPTION,NORMAL,0.36945868,0.31156284,0.31897846
INCIDENT__220679-webtirf__7251,Grouped-random,validation,OTHER_DISRUPTION,NORMAL,0.3704914,0.3504017,0.27910694
INCIDENT__220680.0-webtirf__T0085,Grouped-random,validation,OTHER_DISRUPTION,OTHER_DISRUPTION,0.31890017,0.3238958,0.35720396
INCIDENT__220873-webtirf__T0085,Grouped-random,validation,OTHER_DISRUPTION,NORMAL,0.3490687,0.32622984,0.32470146
INCIDENT__221259-webtirf__10011,Grouped-random,validation,ACCIDENT,ACCIDENT,0.33675137,0.34202418,0.32122442
INCIDENT__221287-webtirf__7153,Grouped-random,validation,ACCIDENT,OTHER_DISRUPTION,0.33023462,0.32506052,0.3447049
INCIDENT__221512-webtirf__7163,Grouped-random,validation,OTHER_DISRUPTION,NORMAL,0.3444356,0.3282591,0.3273053
INCIDENT__221723-webtirf__51235,Grouped-random,validation,OTHER_DISRUPTION,NORMAL,0.3610722,0.32378128,0.31514657
INCIDENT__221794-webtirf__23067,Grouped-random,validation,OTHER_DISRUPTION,NORMAL,0.3654528,0.34143743,0.29310971
INCIDENT__221949-webtirf__7184,Grouped-random,validation,OTHER_DISRUPTION,OTHER_DISRUPTION,0.335556,0.29265046,0.3717936
INCIDENT__222027-webtirf__7179,Grouped-random,validation,OTHER_DISRUPTION,ACCIDENT,0.3330632,0.3388451,0.32809174
INCIDENT__222182-webtirf__7121,Grouped-random,validation,OTHER_DISRUPTION,OTHER_DISRUPTION,0.33023462,0.32506052,0.3447049
INCIDENT__222495-webtirf__7112,Grouped-random,validation,OTHER_DISRUPTION,OTHER_DISRUPTION,0.33023462,0.32506052,0.3447049
INCIDENT__222566-webtirf__F3FWY003,Grouped-random,validation,ACCIDENT,OTHER_DISRUPTION,0.33023462,0.32506052,0.3447049
INCIDENT__222623-webtirf__7112,Grouped-random,validation,ACCIDENT,OTHER_DISRUPTION,0.33023462,0.32506052,0.3447049
INCIDENT__222953-webtirf__9849,Grouped-random,validation,ACCIDENT,OTHER_DISRUPTION,0.33023462,0.32506052,0.3447049
INCIDENT__223254-webtirf__7126,Grouped-random,validation,OTHER_DISRUPTION,OTHER_DISRUPTION,0.33023462,0.32506052,0.3447049
INCIDENT__223348-webtirf__7139,Grouped-random,validation,OTHER_DISRUPTION,OTHER_DISRUPTION,0.33023462,0.32506052,0.3447049
INCIDENT__223498-webtirf__7179,Grouped-random,validation,OTHER_DISRUPTION,OTHER_DISRUPTION,0.33023462,0.32506052,0.3447049
INCIDENT__223658-webtirf__22001,Grouped-random,validation,OTHER_DISRUPTION,OTHER_DISRUPTION,0.33023462,0.32506052,0.3447049
INCIDENT__223704-webtirf__7161,Grouped-random,validation,ACCIDENT,OTHER_DISRUPTION,0.33023462,0.32506052,0.3447049
INCIDENT__224250.0-webtirf__F3FWY003,Grouped-random,validation,OTHER_DISRUPTION,OTHER_DISRUPTION,0.33023462,0.32506052,0.3447049
INCIDENT__224271-webtirf__7121,Grouped-random,validation,OTHER_DISRUPTION,OTHER_DISRUPTION,0.33023462,0.32506052,0.3447049
INCIDENT__224690.0-webtirf__29005,Grouped-random,validation,OTHER_DISRUPTION,OTHER_DISRUPTION,0.33023462,0.32506052,0.3447049
INCIDENT__224720.0-webtirf__7159,Grouped-random,validation,ACCIDENT,OTHER_DISRUPTION,0.33023462,0.32506052,0.3447049
INCIDENT__224789-webtirf__51235,Grouped-random,validation,ACCIDENT,OTHER_DISRUPTION,0.33023462,0.32506052,0.3447049
INCIDENT__224950.0-webtirf__F3FWY003,Grouped-random,validation,OTHER_DISRUPTION,OTHER_DISRUPTION,0.33023462,0.32506052,0.3447049
INCIDENT__224975-webtirf__7274,Grouped-random,validation,OTHER_DISRUPTION,OTHER_DISRUPTION,0.33023462,0.32506052,0.3447049
INCIDENT__225018-webtirf__74228,Grouped-random,validation,ACCIDENT,OTHER_DISRUPTION,0.33023462,0.32506052,0.3447049
INCIDENT__225027-webtirf__7179,Grouped-random,validation,ACCIDENT,OTHER_DISRUPTION,0.33023462,0.32506052,0.3447049
INCIDENT__225248-webtirf__T0290,Grouped-random,validation,OTHER_DISRUPTION,OTHER_DISRUPTION,0.33023462,0.32506052,0.3447049
INCIDENT__225340.0-webtirf__29005,Grouped-random,validation,OTHER_DISRUPTION,OTHER_DISRUPTION,0.33023462,0.32506052,0.3447049
INCIDENT__225352-webtirf__29005,Grouped-random,validation,OTHER_DISRUPTION,OTHER_DISRUPTION,0.33023462,0.32506052,0.3447049
INCIDENT__225390.0-webtirf__7179,Grouped-random,validation,OTHER_DISRUPTION,NORMAL,0.3630141,0.32250607,0.3144799
INCIDENT__225506-webtirf__9658,Grouped-random,validation,OTHER_DISRUPTION,NORMAL,0.3536168,0.31459907,0.33178404
INCIDENT__225805-webtirf__33014,Grouped-random,validation,ACCIDENT,NORMAL,0.35069028,0.31631196,0.33299774
INCIDENT__225996-webtirf__7121,Grouped-random,validation,ACCIDENT,NORMAL,0.33773676,0.32904905,0.33321422
INCIDENT__226017-webtirf__F3FWY003,Grouped-random,validation,OTHER_DISRUPTION,OTHER_DISRUPTION,0.33023462,0.32506052,0.3447049
INCIDENT__226697-webtirf__55049,Grouped-random,validation,OTHER_DISRUPTION,NORMAL,0.37331602,0.32313246,0.3035515
INCIDENT__226786-webtirf__33014,Grouped-random,validation,OTHER_DISRUPTION,ACCIDENT,0.32913047,0.33710518,0.33376428
INCIDENT__226857-webtirf__7179,Grouped-random,validation,OTHER_DISRUPTION,NORMAL,0.36368355,0.2955985,0.34071797
INCIDENT__226884-webtirf__50240,Grouped-random,validation,ACCIDENT,NORMAL,0.3941024,0.27626884,0.32962877
INCIDENT__227083-webtirf__7179,Grouped-random,validation,ACCIDENT,OTHER_DISRUPTION,0.33023462,0.32506052,0.3447049
INCIDENT__227097-webtirf__7179,Grouped-random,validation,ACCIDENT,OTHER_DISRUPTION,0.33023462,0.32506052,0.3447049
INCIDENT__227124-webtirf__47024,Grouped-random,validation,OTHER_DISRUPTION,OTHER_DISRUPTION,0.33023462,0.32506052,0.3447049
INCIDENT__227321-webtirf__51235,Grouped-random,validation,OTHER_DISRUPTION,OTHER_DISRUPTION,0.33023462,0.32506052,0.3447049
INCIDENT__227606-webtirf__50240,Grouped-random,validation,OTHER_DISRUPTION,OTHER_DISRUPTION,0.32697907,0.3194579,0.35356298
INCIDENT__227661-webtirf__7121,Grouped-random,validation,ACCIDENT,ACCIDENT,0.32479542,0.34405422,0.33115032
INCIDENT__227774-webtirf__F3FWY003,Grouped-random,validation,ACCIDENT,OTHER_DISRUPTION,0.33023462,0.32506052,0.3447049
INCIDENT__227898-webtirf__33014,Grouped-random,validation,OTHER_DISRUPTION,OTHER_DISRUPTION,0.31756538,0.33264297,0.3497917
INCIDENT__228040.0-webtirf__7163,Grouped-random,validation,OTHER_DISRUPTION,NORMAL,0.35913327,0.30660295,0.3342639
INCIDENT__228179-webtirf__T0289,Grouped-random,validation,OTHER_DISRUPTION,OTHER_DISRUPTION,0.33023462,0.32506052,0.3447049
INCIDENT__228300.0-webtirf__7184,Grouped-random,validation,ACCIDENT,NORMAL,0.35574135,0.33474874,0.3095099
INCIDENT__228362-webtirf__7274,Grouped-random,validation,OTHER_DISRUPTION,OTHER_DISRUPTION,0.33023462,0.32506052,0.3447049
INCIDENT__228549-webtirf__50240,Grouped-random,validation,ACCIDENT,NORMAL,0.3529785,0.32521805,0.32180348
INCIDENT__228950.0-webtirf__7132,Grouped-random,validation,OTHER_DISRUPTION,OTHER_DISRUPTION,0.33023462,0.32506052,0.3447049
INCIDENT__229038-webtirf__23067,Grouped-random,validation,OTHER_DISRUPTION,OTHER_DISRUPTION,0.33908668,0.28483033,0.37608293
INCIDENT__229198-webtirf__F3FWY003,Grouped-random,validation,OTHER_DISRUPTION,OTHER_DISRUPTION,0.33023462,0.32506052,0.3447049
INCIDENT__229322-webtirf__7120,Grouped-random,validation,OTHER_DISRUPTION,NORMAL,0.37002072,0.32743147,0.30254784
INCIDENT__229624-webtirf__10011,Grouped-random,validation,OTHER_DISRUPTION,OTHER_DISRUPTION,0.33023462,0.32506052,0.3447049
INCIDENT__229641-webtirf__55049,Grouped-random,validation,ACCIDENT,OTHER_DISRUPTION,0.32363376,0.3351639,0.34120232
INCIDENT__229843-webtirf__34016,Grouped-random,validation,ACCIDENT,OTHER_DISRUPTION,0.3301907,0.3333718,0.3364375
INCIDENT__230116-webtirf__33014,Grouped-random,validation,OTHER_DISRUPTION,OTHER_DISRUPTION,0.31863606,0.33451682,0.34684715
INCIDENT__230290.0-webtirf__74230,Grouped-random,validation,OTHER_DISRUPTION,OTHER_DISRUPTION,0.30815056,0.32590175,0.3659477
INCIDENT__230527-webtirf__F3FWY003,Grouped-random,validation,OTHER_DISRUPTION,OTHER_DISRUPTION,0.33023462,0.32506052,0.3447049
INCIDENT__230746-webtirf__7139,Grouped-random,validation,OTHER_DISRUPTION,NORMAL,0.36717325,0.33556724,0.29725945
INCIDENT__230878-webtirf__7164,Grouped-random,validation,OTHER_DISRUPTION,NORMAL,0.38134834,0.3394981,0.27915362
INCIDENT__230959-webtirf__7251,Grouped-random,validation,OTHER_DISRUPTION,OTHER_DISRUPTION,0.35363063,0.2862701,0.36009923
INCIDENT__231002-webtirf__29005,Grouped-random,validation,OTHER_DISRUPTION,NORMAL,0.3696306,0.3353168,0.29505265
INCIDENT__231525-webtirf__9658,Grouped-random,validation,OTHER_DISRUPTION,NORMAL,0.36379918,0.3357943,0.3004065
INCIDENT__231614-webtirf__T0289,Grouped-random,validation,OTHER_DISRUPTION,OTHER_DISRUPTION,0.32631254,0.32810068,0.34558675
INCIDENT__231695-webtirf__7179,Grouped-random,validation,OTHER_DISRUPTION,NORMAL,0.36473233,0.34047148,0.29479617
INCIDENT__231733-webtirf__7150,Grouped-random,validation,OTHER_DISRUPTION,NORMAL,0.37104177,0.2963844,0.33257383
INCIDENT__232007-webtirf__F3FWY003,Grouped-random,validation,ACCIDENT,OTHER_DISRUPTION,0.33023462,0.32506052,0.3447049
INCIDENT__232197-webtirf__F3FWY002,Grouped-random,validation,OTHER_DISRUPTION,NORMAL,0.36814693,0.32962373,0.30222934
INCIDENT__232246-webtirf__7179,Grouped-random,validation,ACCIDENT,OTHER_DISRUPTION,0.35433304,0.28060144,0.36506557
INCIDENT__232302-webtirf__51235,Grouped-random,validation,ACCIDENT,ACCIDENT,0.36295968,0.37446392,0.26257628
INCIDENT__232377-webtirf__74229,Grouped-random,validation,OTHER_DISRUPTION,NORMAL,0.36766905,0.2711717,0.36115932
INCIDENT__232432-webtirf__74229,Grouped-random,validation,OTHER_DISRUPTION,NORMAL,0.37768564,0.30771938,0.314595
INCIDENT__232703-webtirf__33014,Grouped-random,validation,OTHER_DISRUPTION,OTHER_DISRUPTION,0.3361421,0.32417336,0.3396846
INCIDENT__232763-webtirf__7163,Grouped-random,validation,OTHER_DISRUPTION,OTHER_DISRUPTION,0.3479093,0.2987908,0.3532998
INCIDENT__232975-webtirf__7120,Grouped-random,validation,OTHER_DISRUPTION,NORMAL,0.35012174,0.33037066,0.31950757
INCIDENT__232984-webtirf__9658,Grouped-random,validation,ACCIDENT,NORMAL,0.35333952,0.32938662,0.31727383
INCIDENT__233404-webtirf__7274,Grouped-random,validation,OTHER_DISRUPTION,NORMAL,0.34231606,0.32732183,0.3303621
INCIDENT__233485-webtirf__7179,Grouped-random,validation,OTHER_DISRUPTION,NORMAL,0.37448657,0.33575192,0.28976148
INCIDENT__233587-webtirf__7179,Grouped-random,validation,OTHER_DISRUPTION,ACCIDENT,0.34717777,0.3795444,0.27327776
INCIDENT__233764-webtirf__22001,Grouped-random,validation,ACCIDENT,OTHER_DISRUPTION,0.33023462,0.32506052,0.3447049
INCIDENT__234472-webtirf__7163,Grouped-random,validation,OTHER_DISRUPTION,NORMAL,0.3688702,0.34828016,0.2828497
INCIDENT__234504-webtirf__32029,Grouped-random,validation,OTHER_DISRUPTION,OTHER_DISRUPTION,0.33023462,0.32506052,0.3447049
INCIDENT__234742-webtirf__23067,Grouped-random,validation,ACCIDENT,OTHER_DISRUPTION,0.33283406,0.3323475,0.3348185
INCIDENT__235018-webtirf__74230,Grouped-random,validation,OTHER_DISRUPTION,OTHER_DISRUPTION,0.3292565,0.33200735,0.33873606
INCIDENT__235028-webtirf__53004,Grouped-random,validation,OTHER_DISRUPTION,OTHER_DISRUPTION,0.33323702,0.31994954,0.34681338
INCIDENT__235866-webtirf__F3FWY003,Grouped-random,validation,OTHER_DISRUPTION,OTHER_DISRUPTION,0.33023462,0.32506052,0.3447049
INCIDENT__236411-webtirf__23067,Grouped-random,validation,OTHER_DISRUPTION,NORMAL,0.35909787,0.30109686,0.3398053
INCIDENT__236522-webtirf__F3FWY003,Grouped-random,validation,OTHER_DISRUPTION,OTHER_DISRUPTION,0.33023462,0.32506052,0.3447049
INCIDENT__237136-webtirf__7112,Grouped-random,validation,OTHER_DISRUPTION,NORMAL,0.36380616,0.33197197,0.3042219
INCIDENT__237166-webtirf__33014,Grouped-random,validation,ACCIDENT,ACCIDENT,0.3343108,0.33716762,0.32852158
INCIDENT__237648-webtirf__7248,Grouped-random,validation,OTHER_DISRUPTION,NORMAL,0.3648991,0.32023478,0.3148661
INCIDENT__237944-webtirf__7132,Grouped-random,validation,OTHER_DISRUPTION,OTHER_DISRUPTION,0.3191101,0.32792133,0.35296845
INCIDENT__238033-webtirf__T0231,Grouped-random,validation,OTHER_DISRUPTION,NORMAL,0.35129774,0.32985952,0.31884277
INCIDENT__238076-webtirf__51235,Grouped-random,validation,OTHER_DISRUPTION,NORMAL,0.3656403,0.2816016,0.35275814
INCIDENT__238387-webtirf__7120,Grouped-random,validation,OTHER_DISRUPTION,NORMAL,0.376753,0.33559448,0.28765243
INCIDENT__239042-webtirf__50240,Grouped-random,validation,OTHER_DISRUPTION,NORMAL,0.36151248,0.3283091,0.3101784
INCIDENT__239432-webtirf__9827,Grouped-random,validation,ACCIDENT,ACCIDENT,0.3399715,0.38043717,0.27959123
INCIDENT__239450.0-webtirf__7179,Grouped-random,validation,OTHER_DISRUPTION,NORMAL,0.36023635,0.33352327,0.30624035
INCIDENT__239555-webtirf__32029,Grouped-random,validation,OTHER_DISRUPTION,OTHER_DISRUPTION,0.33023462,0.32506052,0.3447049
INCIDENT__239793-webtirf__7121,Grouped-random,validation,OTHER_DISRUPTION,ACCIDENT,0.3301403,0.33658472,0.33327502
INCIDENT__239814-webtirf__33014,Grouped-random,validation,ACCIDENT,NORMAL,0.37345335,0.36340415,0.26314253
INCIDENT__239967-webtirf__7179,Grouped-random,validation,OTHER_DISRUPTION,NORMAL,0.3423761,0.32000828,0.33761558
INCIDENT__241224-webtirf__7179,Grouped-random,validation,OTHER_DISRUPTION,NORMAL,0.36026734,0.3511413,0.28859136
INCIDENT__241243-webtirf__7163,Grouped-random,validation,OTHER_DISRUPTION,OTHER_DISRUPTION,0.33023462,0.32506052,0.3447049
INCIDENT__241425-webtirf__29005,Grouped-random,validation,ACCIDENT,NORMAL,0.38418472,0.33019122,0.2856241
INCIDENT__241463-webtirf__7164,Grouped-random,validation,OTHER_DISRUPTION,OTHER_DISRUPTION,0.33272773,0.31126255,0.3560098
INCIDENT__241646-webtirf__33014,Grouped-random,validation,OTHER_DISRUPTION,OTHER_DISRUPTION,0.33023462,0.32506052,0.3447049
INCIDENT__241746-webtirf__7179,Grouped-random,validation,OTHER_DISRUPTION,NORMAL,0.36020875,0.28536552,0.35442564
INCIDENT__241879-webtirf__50240,Grouped-random,validation,ACCIDENT,NORMAL,0.35218304,0.32423544,0.32358155
INCIDENT__241993-webtirf__7251,Grouped-random,validation,OTHER_DISRUPTION,NORMAL,0.34427115,0.32163173,0.334097
INCIDENT__242069-webtirf__F3FWY004,Grouped-random,validation,ACCIDENT,NORMAL,0.36064735,0.3092849,0.33006775
INCIDENT__242113-webtirf__53004,Grouped-random,validation,OTHER_DISRUPTION,NORMAL,0.36139187,0.3080563,0.3305518
INCIDENT__242319-webtirf__7120,Grouped-random,validation,OTHER_DISRUPTION,NORMAL,0.3417944,0.32845777,0.3297478
INCIDENT__242362-webtirf__7163,Grouped-random,validation,ACCIDENT,OTHER_DISRUPTION,0.32497874,0.3368743,0.338147
INCIDENT__242464-webtirf__F3FWY003,Grouped-random,validation,ACCIDENT,OTHER_DISRUPTION,0.33023462,0.32506052,0.3447049
INCIDENT__242502-webtirf__7139,Grouped-random,validation,OTHER_DISRUPTION,OTHER_DISRUPTION,0.33023462,0.32506052,0.3447049
INCIDENT__242549-webtirf__7121,Grouped-random,validation,OTHER_DISRUPTION,NORMAL,0.36397153,0.31532258,0.32070586
INCIDENT__242905-webtirf__47024,Grouped-random,validation,OTHER_DISRUPTION,NORMAL,0.34844103,0.33158833,0.3199706
INCIDENT__242908-webtirf__7120,Grouped-random,validation,ACCIDENT,OTHER_DISRUPTION,0.31719095,0.30753714,0.3752719
INCIDENT__242908-webtirf__7121,Grouped-random,validation,ACCIDENT,OTHER_DISRUPTION,0.32116264,0.32625443,0.35258287
INCIDENT__243357-webtirf__7179,Grouped-random,validation,OTHER_DISRUPTION,NORMAL,0.36334446,0.347023,0.2896324
INCIDENT__243408-webtirf__7251,Grouped-random,validation,OTHER_DISRUPTION,NORMAL,0.37101495,0.3372076,0.29177743
INCIDENT__243623-webtirf__50240,Grouped-random,validation,OTHER_DISRUPTION,NORMAL,0.38386446,0.2988737,0.3172619
INCIDENT__243678-webtirf__10011,Grouped-random,validation,OTHER_DISRUPTION,OTHER_DISRUPTION,0.33023462,0.32506052,0.3447049
INCIDENT__243755-webtirf__7270,Grouped-random,validation,ACCIDENT,NORMAL,0.39037964,0.2807485,0.32887188
INCIDENT__243814-webtirf__F3FWY001,Grouped-random,validation,ACCIDENT,NORMAL,0.38136065,0.3557121,0.26292723
INCIDENT__243930.0-webtirf__23067,Grouped-random,validation,ACCIDENT,OTHER_DISRUPTION,0.35067138,0.2866298,0.36269873
INCIDENT__243945-webtirf__33014,Grouped-random,validation,ACCIDENT,OTHER_DISRUPTION,0.33023462,0.32506052,0.3447049
INCIDENT__243960.0-webtirf__7179,Grouped-random,validation,ACCIDENT,ACCIDENT,0.34639323,0.3817002,0.27190658
INCIDENT__244164-webtirf__F3FWY004,Grouped-random,validation,OTHER_DISRUPTION,NORMAL,0.35861444,0.31237295,0.32901266
INCIDENT__244543-webtirf__7112,Grouped-random,validation,OTHER_DISRUPTION,NORMAL,0.36699724,0.26674905,0.36625364
INCIDENT__244633-webtirf__7179,Grouped-random,validation,ACCIDENT,ACCIDENT,0.35756075,0.3758597,0.26657945
INCIDENT__244661-webtirf__7120,Grouped-random,validation,OTHER_DISRUPTION,OTHER_DISRUPTION,0.31021112,0.29275116,0.39703768
INCIDENT__244661-webtirf__7121,Grouped-random,validation,OTHER_DISRUPTION,OTHER_DISRUPTION,0.31418315,0.31094763,0.37486917
INCIDENT__245026-webtirf__29005,Grouped-random,validation,OTHER_DISRUPTION,ACCIDENT,0.3328197,0.33989212,0.3272882
INCIDENT__245111-webtirf__F3FWY003,Grouped-random,validation,OTHER_DISRUPTION,NORMAL,0.3685237,0.34873474,0.28274158
INCIDENT__245115-webtirf__F3FWY003,Grouped-random,validation,OTHER_DISRUPTION,NORMAL,0.36220863,0.3413437,0.29644766
INCIDENT__245773-webtirf__7163,Grouped-random,validation,OTHER_DISRUPTION,NORMAL,0.36476895,0.3206008,0.31463015
INCIDENT__245952-webtirf__7112,Grouped-random,validation,OTHER_DISRUPTION,NORMAL,0.37836897,0.30502295,0.31660804
INCIDENT__246026-webtirf__7163,Grouped-random,validation,ACCIDENT,OTHER_DISRUPTION,0.35059187,0.28091684,0.3684913
INCIDENT__246969-webtirf__F3FWY003,Grouped-random,validation,OTHER_DISRUPTION,NORMAL,0.3684417,0.34844553,0.28311273
INCIDENT__247053-webtirf__68025,Grouped-random,validation,OTHER_DISRUPTION,OTHER_DISRUPTION,0.32347006,0.3262231,0.3503068
INCIDENT__247279-webtirf__7179,Grouped-random,validation,OTHER_DISRUPTION,NORMAL,0.35942635,0.3260404,0.31453326
INCIDENT__247334-webtirf__9836-PR,Grouped-random,validation,OTHER_DISRUPTION,NORMAL,0.38457868,0.28599736,0.329424
INCIDENT__248013-webtirf__53004,Grouped-random,validation,ACCIDENT,NORMAL,0.35349533,0.3320309,0.31447375
INCIDENT__248014-webtirf__74230,Grouped-random,validation,OTHER_DISRUPTION,NORMAL,0.35021076,0.32086396,0.32892525
INCIDENT__248017-webtirf__7251,Grouped-random,validation,ACCIDENT,NORMAL,0.36343354,0.32129708,0.31526923
INCIDENT__248338-webtirf__7112,Grouped-random,validation,OTHER_DISRUPTION,NORMAL,0.36702564,0.36257383,0.27040052
INCIDENT__248460.0-webtirf__7120,Grouped-random,validation,OTHER_DISRUPTION,NORMAL,0.3796073,0.31657258,0.3038201
INCIDENT__248980-webtirf__47024,Grouped-random,validation,ACCIDENT,ACCIDENT,0.3495835,0.36906338,0.28135303
INCIDENT__249425-webtirf__74230,Grouped-random,validation,OTHER_DISRUPTION,OTHER_DISRUPTION,0.32873383,0.32972267,0.3415434
INCIDENT__249431-webtirf__23067,Grouped-random,validation,OTHER_DISRUPTION,NORMAL,0.34664452,0.32992402,0.3234315
INCIDENT__249503-webtirf__33014,Grouped-random,validation,ACCIDENT,OTHER_DISRUPTION,0.33023462,0.32506052,0.3447049
INCIDENT__249524-webtirf__F3FWY005,Grouped-random,validation,OTHER_DISRUPTION,NORMAL,0.36076933,0.33011267,0.30911797
INCIDENT__249635-webtirf__7120,Grouped-random,validation,ACCIDENT,NORMAL,0.37289366,0.34714296,0.27996343
INCIDENT__249640-webtirf__53003,Grouped-random,validation,ACCIDENT,ACCIDENT,0.35715583,0.38425195,0.25859216
INCIDENT__249768-webtirf__23067,Grouped-random,validation,OTHER_DISRUPTION,OTHER_DISRUPTION,0.3333745,0.3169979,0.34962758
INCIDENT__249857-webtirf__51235,Grouped-random,validation,OTHER_DISRUPTION,ACCIDENT,0.33848348,0.39825666,0.26325992
INCIDENT__250098-webtirf__7121,Grouped-random,validation,ACCIDENT,ACCIDENT,0.3338119,0.3359996,0.33018848
INCIDENT__250222-webtirf__7132,Grouped-random,validation,ACCIDENT,OTHER_DISRUPTION,0.3245903,0.33491248,0.3404973
INCIDENT__250235-webtirf__7163,Grouped-random,validation,OTHER_DISRUPTION,OTHER_DISRUPTION,0.33633006,0.32441172,0.3392582
INCIDENT__250287-webtirf__7139,Grouped-random,validation,ACCIDENT,NORMAL,0.36601904,0.2906076,0.34337342
INCIDENT__250489-webtirf__F3FWY002,Grouped-random,validation,OTHER_DISRUPTION,OTHER_DISRUPTION,0.33023462,0.32506052,0.3447049
INCIDENT__250750-webtirf__51235,Grouped-random,validation,OTHER_DISRUPTION,OTHER_DISRUPTION,0.32286492,0.3180724,0.3590627
INCIDENT__250789-webtirf__F3FWY005,Grouped-random,validation,OTHER_DISRUPTION,NORMAL,0.35325783,0.34696025,0.29978195
INCIDENT__251127-webtirf__7179,Grouped-random,validation,OTHER_DISRUPTION,ACCIDENT,0.3483814,0.37723362,0.27438504
INCIDENT__251420-webtirf__32029,Grouped-random,validation,ACCIDENT,OTHER_DISRUPTION,0.33023462,0.32506052,0.3447049
INCIDENT__252083-webtirf__7121,Grouped-random,validation,OTHER_DISRUPTION,NORMAL,0.37334427,0.33528215,0.2913736
INCIDENT__252349-webtirf__F3FWY001,Grouped-random,validation,ACCIDENT,NORMAL,0.3694139,0.33114755,0.2994386
INCIDENT__252504-webtirf__7248,Grouped-random,validation,OTHER_DISRUPTION,OTHER_DISRUPTION,0.33586133,0.3142375,0.3499012
INCIDENT__252592-webtirf__74229,Grouped-random,validation,ACCIDENT,NORMAL,0.36800045,0.28930375,0.34269583
INCIDENT__252740-webtirf__7112,Grouped-random,validation,OTHER_DISRUPTION,OTHER_DISRUPTION,0.32682523,0.33632144,0.3368533
INCIDENT__252789-webtirf__23067,Grouped-random,validation,OTHER_DISRUPTION,NORMAL,0.34815016,0.3213973,0.33045256
INCIDENT__252828-webtirf__7112,Grouped-random,validation,OTHER_DISRUPTION,NORMAL,0.35012224,0.32129824,0.32857955
INCIDENT__252964-webtirf__23067,Grouped-random,validation,OTHER_DISRUPTION,NORMAL,0.3560621,0.3240745,0.31986338
INCIDENT__253105-webtirf__7163,Grouped-random,validation,ACCIDENT,NORMAL,0.36572176,0.33556253,0.29871577
INCIDENT__253287-webtirf__7270,Grouped-random,validation,OTHER_DISRUPTION,NORMAL,0.39044073,0.28346124,0.32609802
INCIDENT__253353-webtirf__7112,Grouped-random,validation,OTHER_DISRUPTION,OTHER_DISRUPTION,0.32248104,0.3236048,0.35391408
INCIDENT__253368-webtirf__7112,Grouped-random,validation,OTHER_DISRUPTION,OTHER_DISRUPTION,0.32485515,0.32310647,0.3520384
INCIDENT__253400-webtirf__9658,Grouped-random,validation,OTHER_DISRUPTION,NORMAL,0.38353884,0.2820595,0.33440164
INCIDENT__253709-webtirf__T0289,Grouped-random,validation,OTHER_DISRUPTION,OTHER_DISRUPTION,0.33023462,0.32506052,0.3447049
INCIDENT__253709-webtirf__T0290,Grouped-random,validation,OTHER_DISRUPTION,OTHER_DISRUPTION,0.33023462,0.32506052,0.3447049
INCIDENT__253737-webtirf__7139,Grouped-random,validation,OTHER_DISRUPTION,NORMAL,0.3960742,0.30713722,0.29678848
INCIDENT__253762-webtirf__34016,Grouped-random,validation,OTHER_DISRUPTION,ACCIDENT,0.2714366,0.41989237,0.30867103
INCIDENT__253803-webtirf__F3FWY002,Grouped-random,validation,ACCIDENT,ACCIDENT,0.34875748,0.35158098,0.2996615
INCIDENT__253920-webtirf__23067,Grouped-random,validation,OTHER_DISRUPTION,NORMAL,0.37326723,0.35825294,0.26847982
INCIDENT__254061-webtirf__29005,Grouped-random,validation,ACCIDENT,NORMAL,0.3553632,0.33205676,0.31258
INCIDENT__254247-webtirf__7184,Grouped-random,validation,OTHER_DISRUPTION,NORMAL,0.37165508,0.33625826,0.29208657
INCIDENT__254277-webtirf__51235,Grouped-random,validation,OTHER_DISRUPTION,NORMAL,0.36212087,0.3250146,0.3128645
INCIDENT__254358-webtirf__33014,Grouped-random,validation,OTHER_DISRUPTION,OTHER_DISRUPTION,0.33023462,0.32506052,0.3447049
INCIDENT__254444-webtirf__7112,Grouped-random,validation,OTHER_DISRUPTION,ACCIDENT,0.33116618,0.33929336,0.3295405
INCIDENT__254551-webtirf__9836-PR,Grouped-random,validation,ACCIDENT,OTHER_DISRUPTION,0.33733398,0.32474872,0.33791724
INCIDENT__254695-webtirf__T0290,Grouped-random,validation,OTHER_DISRUPTION,ACCIDENT,0.32395145,0.35454836,0.32150012
INCIDENT__254748-webtirf__7251,Grouped-random,validation,OTHER_DISRUPTION,NORMAL,0.34666815,0.32569712,0.32763478
INCIDENT__254826-webtirf__7168,Grouped-random,validation,OTHER_DISRUPTION,NORMAL,0.3546497,0.35295352,0.29239666
INCIDENT__255095-webtirf__7161,Grouped-random,validation,OTHER_DISRUPTION,NORMAL,0.34462035,0.32735902,0.32802063
INCIDENT__255214-webtirf__7112,Grouped-random,validation,OTHER_DISRUPTION,NORMAL,0.3383968,0.32971528,0.33188793
INCIDENT__255517-webtirf__53003,Grouped-random,validation,ACCIDENT,NORMAL,0.3677346,0.3565052,0.27576023
INCIDENT__255563-webtirf__7112,Grouped-random,validation,OTHER_DISRUPTION,NORMAL,0.37111035,0.26971564,0.35917404
INCIDENT__255607-webtirf__7270,Grouped-random,validation,OTHER_DISRUPTION,ACCIDENT,0.34279248,0.37653866,0.28066882
INCIDENT__255656-webtirf__7120,Grouped-random,validation,OTHER_DISRUPTION,NORMAL,0.3337818,0.33330914,0.33290905
INCIDENT__255656-webtirf__7121,Grouped-random,validation,OTHER_DISRUPTION,OTHER_DISRUPTION,0.3257236,0.32989043,0.34438604
INCIDENT__255691-webtirf__7179,Grouped-random,validation,OTHER_DISRUPTION,NORMAL,0.34597757,0.3362335,0.31778887
INCIDENT__255833-webtirf__T0289,Grouped-random,validation,OTHER_DISRUPTION,OTHER_DISRUPTION,0.33023462,0.32506052,0.3447049
INCIDENT__255833-webtirf__T0479-PR,Grouped-random,validation,OTHER_DISRUPTION,ACCIDENT,0.3700709,0.38211665,0.24781245
INCIDENT__255975-webtirf__74230,Grouped-random,validation,ACCIDENT,NORMAL,0.35987717,0.30527398,0.33484888
INCIDENT__256019-webtirf__50240,Grouped-random,validation,OTHER_DISRUPTION,NORMAL,0.36523926,0.3629673,0.27179345
INCIDENT__256079-webtirf__T0479-PR,Grouped-random,validation,ACCIDENT,NORMAL,0.3723258,0.33711702,0.2905572
INCIDENT__256112-webtirf__7168,Grouped-random,validation,ACCIDENT,ACCIDENT,0.3448849,0.35499528,0.30011985
INCIDENT__256248-webtirf__7274,Grouped-random,validation,OTHER_DISRUPTION,NORMAL,0.35858443,0.33849898,0.30291656
INCIDENT__256427-webtirf__7121,Grouped-random,validation,ACCIDENT,OTHER_DISRUPTION,0.31838775,0.3258835,0.35572878
INCIDENT__256451-webtirf__7121,Grouped-random,validation,ACCIDENT,OTHER_DISRUPTION,0.33263907,0.31906176,0.3482992
INCIDENT__256586-webtirf__7132,Grouped-random,validation,ACCIDENT,ACCIDENT,0.36427948,0.3675621,0.26815835
INCIDENT__256804-webtirf__51235,Grouped-random,validation,OTHER_DISRUPTION,NORMAL,0.34444073,0.32187015,0.3336891
INCIDENT__256862-webtirf__10011,Grouped-random,validation,OTHER_DISRUPTION,OTHER_DISRUPTION,0.33023462,0.32506052,0.3447049
INCIDENT__256929-webtirf__F3FWY004,Grouped-random,validation,OTHER_DISRUPTION,ACCIDENT,0.35270897,0.3919591,0.255332
INCIDENT__257172-webtirf__7121,Grouped-random,validation,ACCIDENT,NORMAL,0.37423745,0.3354816,0.29028097
INCIDENT__257275-webtirf__10011,Grouped-random,validation,OTHER_DISRUPTION,OTHER_DISRUPTION,0.33023462,0.32506052,0.3447049
INCIDENT__257294-webtirf__10011,Grouped-random,validation,OTHER_DISRUPTION,OTHER_DISRUPTION,0.33023462,0.32506052,0.3447049
INCIDENT__257614-webtirf__7248,Grouped-random,validation,ACCIDENT,NORMAL,0.344801,0.32662493,0.32857406
INCIDENT__257685-webtirf__74230,Grouped-random,validation,OTHER_DISRUPTION,OTHER_DISRUPTION,0.33512446,0.32698303,0.33789253
INCIDENT__257696-webtirf__51235,Grouped-random,validation,ACCIDENT,NORMAL,0.37549287,0.29667005,0.32783714
INCIDENT__258057-webtirf__7112,Grouped-random,validation,OTHER_DISRUPTION,NORMAL,0.33888233,0.32517648,0.3359412
INCIDENT__258226-webtirf__23067,Grouped-random,validation,OTHER_DISRUPTION,NORMAL,0.37975785,0.28540993,0.33483222
INCIDENT__258283-webtirf__53004,Grouped-random,validation,OTHER_DISRUPTION,NORMAL,0.349003,0.33458474,0.3164123
INCIDENT__258505-webtirf__7179,Grouped-random,validation,OTHER_DISRUPTION,NORMAL,0.37098148,0.3001526,0.32886595
INCIDENT__258657-webtirf__7168,Grouped-random,validation,OTHER_DISRUPTION,NORMAL,0.3403711,0.32147598,0.33815297
INCIDENT__258786-webtirf__F3FWY004,Grouped-random,validation,ACCIDENT,NORMAL,0.3749366,0.33152735,0.293536
INCIDENT__258920-webtirf__F3FWY003,Grouped-random,validation,OTHER_DISRUPTION,NORMAL,0.37711614,0.31821358,0.3046702
INCIDENT__259397-webtirf__33014,Grouped-random,validation,ACCIDENT,OTHER_DISRUPTION,0.33023462,0.32506052,0.3447049
INCIDENT__259414-webtirf__7179,Grouped-random,validation,ACCIDENT,NORMAL,0.36294028,0.34855565,0.288504
INCIDENT__259481-webtirf__33014,Grouped-random,validation,ACCIDENT,OTHER_DISRUPTION,0.33023462,0.32506052,0.3447049
INCIDENT__259488-webtirf__T0345,Grouped-random,validation,ACCIDENT,NORMAL,0.3436462,0.32017064,0.33618316
INCIDENT__259637-webtirf__7161,Grouped-random,validation,OTHER_DISRUPTION,NORMAL,0.34507138,0.3287643,0.3261643
INCIDENT__259780-webtirf__7179,Grouped-random,validation,OTHER_DISRUPTION,NORMAL,0.3585514,0.32366776,0.3177808
INCIDENT__260132-webtirf__53004,Grouped-random,validation,OTHER_DISRUPTION,OTHER_DISRUPTION,0.33679605,0.2916476,0.37155625
INCIDENT__260336-webtirf__7248,Grouped-random,validation,OTHER_DISRUPTION,ACCIDENT,0.32805195,0.33673877,0.3352093
INCIDENT__260470-webtirf__7179,Grouped-random,validation,OTHER_DISRUPTION,ACCIDENT,0.36023253,0.36333886,0.27642858
INCIDENT__260547-webtirf__7161,Grouped-random,validation,OTHER_DISRUPTION,NORMAL,0.3423518,0.32520282,0.33244544
CONTROL__F3FWY003__2025022001,Grouped-random,validation,NORMAL,OTHER_DISRUPTION,0.33023462,0.32506052,0.3447049
CONTROL__F3FWY003__2025041701,Grouped-random,validation,NORMAL,OTHER_DISRUPTION,0.33023462,0.32506052,0.3447049
CONTROL__7179__2025122503,Grouped-random,validation,NORMAL,OTHER_DISRUPTION,0.32345355,0.32111135,0.35543507
CONTROL__7179__2025091103,Grouped-random,validation,NORMAL,NORMAL,0.3642705,0.28456765,0.35116178
CONTROL__7123-PR__2025020119,Grouped-random,validation,NORMAL,OTHER_DISRUPTION,0.33023462,0.32506052,0.3447049
CONTROL__7123-PR__2025080219,Grouped-random,validation,NORMAL,OTHER_DISRUPTION,0.3232884,0.3346687,0.3420428
CONTROL__9836-PR__2025070701,Grouped-random,validation,NORMAL,NORMAL,0.35343114,0.29886827,0.34770063
CONTROL__9836-PR__2025031701,Grouped-random,validation,NORMAL,OTHER_DISRUPTION,0.3314836,0.31120172,0.35731468
CONTROL__23067__2025090803,Grouped-random,validation,NORMAL,NORMAL,0.38885647,0.29329553,0.31784797
CONTROL__23067__2025060903,Grouped-random,validation,NORMAL,OTHER_DISRUPTION,0.3389942,0.312928,0.34807777
CONTROL__51235__2025041502,Grouped-random,validation,NORMAL,NORMAL,0.37221867,0.2818829,0.34589848
CONTROL__51235__2025090202,Grouped-random,validation,NORMAL,OTHER_DISRUPTION,0.33198634,0.29030293,0.37771076
CONTROL__50240__2025112504,Grouped-random,validation,NORMAL,NORMAL,0.36534283,0.34766135,0.28699583
CONTROL__50240__2025030404,Grouped-random,validation,NORMAL,ACCIDENT,0.33359998,0.34453493,0.32186505
CONTROL__F3FWY006__2025052802,Grouped-random,validation,NORMAL,NORMAL,0.38294908,0.26914126,0.34790966
CONTROL__F3FWY006__2025040902,Grouped-random,validation,NORMAL,OTHER_DISRUPTION,0.33023462,0.32506052,0.3447049
CONTROL__7161__2025120921,Grouped-random,validation,NORMAL,OTHER_DISRUPTION,0.33604556,0.28234303,0.3816115
CONTROL__7161__2025060321,Grouped-random,validation,NORMAL,NORMAL,0.34164774,0.32334664,0.33500555
CONTROL__7251__2025123110,Grouped-random,validation,NORMAL,OTHER_DISRUPTION,0.33023462,0.32506052,0.3447049
CONTROL__7251__2025030510,Grouped-random,validation,NORMAL,OTHER_DISRUPTION,0.33023462,0.32506052,0.3447049
CONTROL__T0085__2025052110,Grouped-random,validation,NORMAL,ACCIDENT,0.32648933,0.34407339,0.32943726
CONTROL__T0085__2025040210,Grouped-random,validation,NORMAL,NORMAL,0.36263108,0.32355765,0.31381127
CONTROL__T0085__2025071010,Grouped-random,validation,NORMAL,OTHER_DISRUPTION,0.32234964,0.31695434,0.36069605
CONTROL__T0085__2025050810,Grouped-random,validation,NORMAL,OTHER_DISRUPTION,0.32218117,0.3278868,0.34993207
CONTROL__10011__2025122723,Grouped-random,validation,NORMAL,OTHER_DISRUPTION,0.33023462,0.32506052,0.3447049
CONTROL__10011__2025052423,Grouped-random,validation,NORMAL,OTHER_DISRUPTION,0.33023462,0.32506052,0.3447049
CONTROL__7153__2025110907,Grouped-random,validation,NORMAL,NORMAL,0.37312153,0.32427043,0.30260798
CONTROL__7153__2025020207,Grouped-random,validation,NORMAL,OTHER_DISRUPTION,0.33023462,0.32506052,0.3447049
CONTROL__7163__2025111111,Grouped-random,validation,NORMAL,NORMAL,0.3485346,0.33065072,0.32081464
CONTROL__7163__2025021111,Grouped-random,validation,NORMAL,OTHER_DISRUPTION,0.33023462,0.32506052,0.3447049
CONTROL__51235__2025030615,Grouped-random,validation,NORMAL,NORMAL,0.3567211,0.3290284,0.3142505
CONTROL__51235__2025092515,Grouped-random,validation,NORMAL,NORMAL,0.35296333,0.32632276,0.32071388
CONTROL__23067__2025050904,Grouped-random,validation,NORMAL,NORMAL,0.36062333,0.30196938,0.33740726
CONTROL__23067__2025103104,Grouped-random,validation,NORMAL,ACCIDENT,0.34559682,0.3893959,0.26500726
CONTROL__7184__2025021704,Grouped-random,validation,NORMAL,OTHER_DISRUPTION,0.33023462,0.32506052,0.3447049
CONTROL__7184__2025012004,Grouped-random,validation,NORMAL,NORMAL,0.3942498,0.2891726,0.31657752
CONTROL__7179__2025101401,Grouped-random,validation,NORMAL,NORMAL,0.3679191,0.3022101,0.32987082
CONTROL__7179__2025110401,Grouped-random,validation,NORMAL,NORMAL,0.36602825,0.30400798,0.3299637
CONTROL__7121__2025051400,Grouped-random,validation,NORMAL,ACCIDENT,0.32930446,0.3456826,0.32501295
CONTROL__7121__2025111900,Grouped-random,validation,NORMAL,ACCIDENT,0.3334606,0.33555755,0.33098197
CONTROL__7112__2025082907,Grouped-random,validation,NORMAL,ACCIDENT,0.33737466,0.373347,0.2892784
CONTROL__7112__2025060607,Grouped-random,validation,NORMAL,NORMAL,0.34486386,0.33331746,0.32181865
CONTROL__F3FWY003__2025092014,Grouped-random,validation,NORMAL,NORMAL,0.36128497,0.33620602,0.30250898
CONTROL__F3FWY003__2025012514,Grouped-random,validation,NORMAL,ACCIDENT,0.37385514,0.37508467,0.25106022
CONTROL__7112__2025110211,Grouped-random,validation,NORMAL,ACCIDENT,0.35990924,0.36718675,0.272904
CONTROL__7112__2025072011,Grouped-random,validation,NORMAL,ACCIDENT,0.35580057,0.37113044,0.27306893
CONTROL__9849__2025091018,Grouped-random,validation,NORMAL,NORMAL,0.34111735,0.32195237,0.33693022
CONTROL__9849__2025010818,Grouped-random,validation,NORMAL,OTHER_DISRUPTION,0.33023462,0.32506052,0.3447049
CONTROL__7126__2025100411,Grouped-random,validation,NORMAL,ACCIDENT,0.32937983,0.33733687,0.33328328
CONTROL__7126__2025072611,Grouped-random,validation,NORMAL,ACCIDENT,0.33183327,0.33922118,0.32894564
CONTROL__7139__2025011221,Grouped-random,validation,NORMAL,OTHER_DISRUPTION,0.31714693,0.3041775,0.3786755
CONTROL__7139__2025032321,Grouped-random,validation,NORMAL,OTHER_DISRUPTION,0.33023462,0.32506052,0.3447049
CONTROL__7179__2025072122,Grouped-random,validation,NORMAL,NORMAL,0.34931192,0.32893622,0.32175186
CONTROL__7179__2025070722,Grouped-random,validation,NORMAL,NORMAL,0.3461219,0.3317174,0.32216072
CONTROL__22001__2025070910,Grouped-random,validation,NORMAL,OTHER_DISRUPTION,0.33023462,0.32506052,0.3447049
CONTROL__22001__2025011510,Grouped-random,validation,NORMAL,NORMAL,0.37413004,0.35827965,0.26759028
CONTROL__7161__2025110522,Grouped-random,validation,NORMAL,NORMAL,0.33914715,0.330202,0.3306509
CONTROL__7161__2025020522,Grouped-random,validation,NORMAL,OTHER_DISRUPTION,0.33023462,0.32506052,0.3447049
CONTROL__F3FWY003__2025090203,Grouped-random,validation,NORMAL,NORMAL,0.38739684,0.27179176,0.34081146
CONTROL__F3FWY003__2025072203,Grouped-random,validation,NORMAL,OTHER_DISRUPTION,0.33023462,0.32506052,0.3447049
CONTROL__7121__2025040105,Grouped-random,validation,NORMAL,NORMAL,0.37389803,0.29732013,0.3287818
CONTROL__7121__2025081905,Grouped-random,validation,NORMAL,OTHER_DISRUPTION,0.33713695,0.31815618,0.3447068
CONTROL__29005__2025061401,Grouped-random,validation,NORMAL,NORMAL,0.38518247,0.3305581,0.28425938
CONTROL__29005__2025071201,Grouped-random,validation,NORMAL,NORMAL,0.368307,0.31628773,0.31540522
CONTROL__7159__2025083011,Grouped-random,validation,NORMAL,NORMAL,0.36911148,0.35850775,0.2723807
CONTROL__7159__2025110811,Grouped-random,validation,NORMAL,NORMAL,0.34828886,0.32900074,0.32271037
CONTROL__51235__2025121419,Grouped-random,validation,NORMAL,NORMAL,0.33486962,0.3309845,0.3341459
CONTROL__51235__2025091419,Grouped-random,validation,NORMAL,OTHER_DISRUPTION,0.33366108,0.3273877,0.33895123
CONTROL__F3FWY003__2025092303,Grouped-random,validation,NORMAL,NORMAL,0.3898307,0.27627313,0.33389616
CONTROL__F3FWY003__2025120203,Grouped-random,validation,NORMAL,NORMAL,0.38387233,0.30024794,0.3158798
CONTROL__7274__2025080505,Grouped-random,validation,NORMAL,NORMAL,0.35616508,0.35272473,0.29111022
CONTROL__7274__2025040805,Grouped-random,validation,NORMAL,ACCIDENT,0.32805362,0.34033614,0.3316102
CONTROL__74228__2025072223,Grouped-random,validation,NORMAL,OTHER_DISRUPTION,0.319582,0.32319742,0.3572206
CONTROL__74228__2025031123,Grouped-random,validation,NORMAL,OTHER_DISRUPTION,0.31761435,0.32678235,0.35560334
CONTROL__7179__2025042923,Grouped-random,validation,NORMAL,NORMAL,0.34642318,0.33276072,0.32081616
CONTROL__7179__2025111123,Grouped-random,validation,NORMAL,NORMAL,0.3808347,0.3079367,0.31122854
CONTROL__T0290__2025121122,Grouped-random,validation,NORMAL,OTHER_DISRUPTION,0.33023462,0.32506052,0.3447049
CONTROL__T0290__2025051522,Grouped-random,validation,NORMAL,ACCIDENT,0.334365,0.33706865,0.3285664
CONTROL__29005__2025102405,Grouped-random,validation,NORMAL,ACCIDENT,0.36013448,0.36263445,0.27723107
CONTROL__29005__2025092605,Grouped-random,validation,NORMAL,NORMAL,0.3573763,0.32707107,0.3155526
CONTROL__29005__2025040407,Grouped-random,validation,NORMAL,OTHER_DISRUPTION,0.33023462,0.32506052,0.3447049
CONTROL__29005__2025121207,Grouped-random,validation,NORMAL,ACCIDENT,0.3398768,0.40146264,0.25866053
CONTROL__7179__2025082309,Grouped-random,validation,NORMAL,ACCIDENT,0.35809386,0.37288222,0.26902384
CONTROL__7179__2025040509,Grouped-random,validation,NORMAL,NORMAL,0.35955998,0.32885167,0.3115884
CONTROL__9658__2025072104,Grouped-random,validation,NORMAL,NORMAL,0.38820207,0.293059,0.3187389
CONTROL__9658__2025052604,Grouped-random,validation,NORMAL,NORMAL,0.38761732,0.29705787,0.3153248
CONTROL__33014__2025091016,Grouped-random,validation,NORMAL,OTHER_DISRUPTION,0.33023462,0.32506052,0.3447049
CONTROL__33014__2025041616,Grouped-random,validation,NORMAL,ACCIDENT,0.3593712,0.37744996,0.26317888
CONTROL__7121__2025101606,Grouped-random,validation,NORMAL,OTHER_DISRUPTION,0.33909333,0.31884745,0.34205922
CONTROL__7121__2025011606,Grouped-random,validation,NORMAL,NORMAL,0.3623588,0.32224247,0.3153987
CONTROL__F3FWY003__2025101612,Grouped-random,validation,NORMAL,NORMAL,0.37196788,0.34534132,0.28269073
CONTROL__F3FWY003__2025020612,Grouped-random,validation,NORMAL,OTHER_DISRUPTION,0.33023462,0.32506052,0.3447049
CONTROL__55049__2025051815,Grouped-random,validation,NORMAL,OTHER_DISRUPTION,0.31769243,0.31618673,0.3661208
CONTROL__55049__2025083115,Grouped-random,validation,NORMAL,OTHER_DISRUPTION,0.32933626,0.3258244,0.3448393
CONTROL__33014__2025020223,Grouped-random,validation,NORMAL,OTHER_DISRUPTION,0.33023462,0.32506052,0.3447049
CONTROL__33014__2025060823,Grouped-random,validation,NORMAL,NORMAL,0.3736393,0.3072576,0.31910306
CONTROL__7179__2025031701,Grouped-random,validation,NORMAL,OTHER_DISRUPTION,0.3376145,0.2804488,0.38193673
CONTROL__7179__2025102701,Grouped-random,validation,NORMAL,NORMAL,0.3600282,0.3153128,0.32465902
CONTROL__50240__2025121502,Grouped-random,validation,NORMAL,NORMAL,0.39477274,0.27809626,0.32713097
CONTROL__50240__2025090102,Grouped-random,validation,NORMAL,OTHER_DISRUPTION,0.34723634,0.28148344,0.37128022
CONTROL__7179__2025011406,Grouped-random,validation,NORMAL,OTHER_DISRUPTION,0.33023462,0.32506052,0.3447049
CONTROL__7179__2025010706,Grouped-random,validation,NORMAL,ACCIDENT,0.35040966,0.3708112,0.27877912
CONTROL__7179__2025022511,Grouped-random,validation,NORMAL,OTHER_DISRUPTION,0.33023462,0.32506052,0.3447049
CONTROL__7179__2025031811,Grouped-random,validation,NORMAL,OTHER_DISRUPTION,0.33023462,0.32506052,0.3447049
CONTROL__47024__2025012120,Grouped-random,validation,NORMAL,OTHER_DISRUPTION,0.33023462,0.32506052,0.3447049
CONTROL__47024__2025092320,Grouped-random,validation,NORMAL,OTHER_DISRUPTION,0.33023462,0.32506052,0.3447049
CONTROL__51235__2025091723,Grouped-random,validation,NORMAL,NORMAL,0.37713107,0.30007598,0.32279298
CONTROL__51235__2025101523,Grouped-random,validation,NORMAL,OTHER_DISRUPTION,0.3333163,0.32506722,0.34161645
CONTROL__50240__2025072000,Grouped-random,validation,NORMAL,NORMAL,0.36892688,0.34188324,0.28918985
CONTROL__50240__2025112300,Grouped-random,validation,NORMAL,ACCIDENT,0.32587284,0.3499093,0.32421777
CONTROL__7121__2025033011,Grouped-random,validation,NORMAL,OTHER_DISRUPTION,0.33200753,0.31899738,0.34899506
CONTROL__7121__2025060111,Grouped-random,validation,NORMAL,OTHER_DISRUPTION,0.33023462,0.32506052,0.3447049
CONTROL__F3FWY003__2025120119,Grouped-random,validation,NORMAL,NORMAL,0.37263617,0.3303392,0.29702473
CONTROL__F3FWY003__2025111019,Grouped-random,validation,NORMAL,NORMAL,0.37197444,0.33113113,0.2968945
CONTROL__33014__2025040821,Grouped-random,validation,NORMAL,NORMAL,0.33719033,0.3263223,0.3364873
CONTROL__33014__2025112521,Grouped-random,validation,NORMAL,OTHER_DISRUPTION,0.33023462,0.32506052,0.3447049
CONTROL__7163__2025030601,Grouped-random,validation,NORMAL,OTHER_DISRUPTION,0.31910604,0.30765387,0.37324002
CONTROL__7163__2025031301,Grouped-random,validation,NORMAL,OTHER_DISRUPTION,0.33252883,0.3066865,0.36078465
CONTROL__T0289__2025071023,Grouped-random,validation,NORMAL,OTHER_DISRUPTION,0.33023462,0.32506052,0.3447049
CONTROL__T0289__2025050123,Grouped-random,validation,NORMAL,NORMAL,0.35466498,0.32690543,0.31842953
CONTROL__7184__2025090508,Grouped-random,validation,NORMAL,NORMAL,0.36045748,0.33012244,0.30942002
CONTROL__7184__2025080108,Grouped-random,validation,NORMAL,ACCIDENT,0.34676102,0.3906731,0.26256588
CONTROL__7274__2025080212,Grouped-random,validation,NORMAL,NORMAL,0.3397295,0.3317162,0.32855427
CONTROL__7274__2025082312,Grouped-random,validation,NORMAL,NORMAL,0.365914,0.36100557,0.2730805
CONTROL__50240__2025042819,Grouped-random,validation,NORMAL,NORMAL,0.37430367,0.36109018,0.26460612
CONTROL__50240__2025012019,Grouped-random,validation,NORMAL,OTHER_DISRUPTION,0.32538804,0.3254757,0.3491362
CONTROL__7132__2025121110,Grouped-random,validation,NORMAL,NORMAL,0.37536418,0.3581554,0.2664804
CONTROL__7132__2025071710,Grouped-random,validation,NORMAL,NORMAL,0.38208267,0.35497302,0.2629443
CONTROL__23067__2025040322,Grouped-random,validation,NORMAL,OTHER_DISRUPTION,0.3208656,0.3280854,0.351049
CONTROL__23067__2025013022,Grouped-random,validation,NORMAL,NORMAL,0.37664625,0.3241837,0.29917008
CONTROL__F3FWY003__2025071804,Grouped-random,validation,NORMAL,OTHER_DISRUPTION,0.33023462,0.32506052,0.3447049
CONTROL__F3FWY003__2025071104,Grouped-random,validation,NORMAL,OTHER_DISRUPTION,0.33023462,0.32506052,0.3447049
CONTROL__7120__2025080900,Grouped-random,validation,NORMAL,NORMAL,0.37283215,0.33027184,0.29689598
CONTROL__7120__2025100400,Grouped-random,validation,NORMAL,NORMAL,0.36804,0.307555,0.32440498
CONTROL__10011__2025122116,Grouped-random,validation,NORMAL,OTHER_DISRUPTION,0.33023462,0.32506052,0.3447049
CONTROL__10011__2025021616,Grouped-random,validation,NORMAL,OTHER_DISRUPTION,0.33023462,0.32506052,0.3447049
CONTROL__55049__2025011920,Grouped-random,validation,NORMAL,OTHER_DISRUPTION,0.33023462,0.32506052,0.3447049
CONTROL__55049__2025070620,Grouped-random,validation,NORMAL,NORMAL,0.36835322,0.30606338,0.3255834
CONTROL__34016__2025090905,Grouped-random,validation,NORMAL,OTHER_DISRUPTION,0.33388212,0.3286512,0.3374667
CONTROL__34016__2025052705,Grouped-random,validation,NORMAL,NORMAL,0.3650554,0.33519477,0.29974988
CONTROL__33014__2025081321,Grouped-random,validation,NORMAL,OTHER_DISRUPTION,0.33023462,0.32506052,0.3447049
CONTROL__33014__2025120321,Grouped-random,validation,NORMAL,OTHER_DISRUPTION,0.33023462,0.32506052,0.3447049
CONTROL__74230__2025071021,Grouped-random,validation,NORMAL,OTHER_DISRUPTION,0.3202872,0.32617626,0.35353652
CONTROL__74230__2025021321,Grouped-random,validation,NORMAL,OTHER_DISRUPTION,0.33023462,0.32506052,0.3447049
CONTROL__F3FWY003__2025071321,Grouped-random,validation,NORMAL,OTHER_DISRUPTION,0.33023462,0.32506052,0.3447049
CONTROL__F3FWY003__2025110921,Grouped-random,validation,NORMAL,NORMAL,0.36975026,0.30131367,0.328936
CONTROL__7139__2025110412,Grouped-random,validation,NORMAL,NORMAL,0.36556682,0.33966622,0.2947669
CONTROL__7139__2025082612,Grouped-random,validation,NORMAL,NORMAL,0.37934133,0.36607343,0.2545852
CONTROL__7164__2025123111,Grouped-random,validation,NORMAL,NORMAL,0.35241508,0.3355546,0.31203035
CONTROL__7164__2025052111,Grouped-random,validation,NORMAL,NORMAL,0.38457504,0.3402946,0.27513027
CONTROL__7251__2025020604,Grouped-random,validation,NORMAL,OTHER_DISRUPTION,0.33023462,0.32506052,0.3447049
CONTROL__7251__2025120404,Grouped-random,validation,NORMAL,OTHER_DISRUPTION,0.33023462,0.32506052,0.3447049
CONTROL__29005__2025122509,Grouped-random,validation,NORMAL,ACCIDENT,0.36221248,0.37197766,0.26580986
CONTROL__29005__2025100909,Grouped-random,validation,NORMAL,NORMAL,0.36413383,0.33984354,0.29602265
CONTROL__9658__2025100705,Grouped-random,validation,NORMAL,NORMAL,0.34752423,0.32090178,0.331574
CONTROL__9658__2025081205,Grouped-random,validation,NORMAL,NORMAL,0.34689054,0.32701334,0.32609618
CONTROL__T0289__2025051400,Grouped-random,validation,NORMAL,NORMAL,0.3562006,0.309942,0.33385742
CONTROL__T0289__2025120300,Grouped-random,validation,NORMAL,OTHER_DISRUPTION,0.33023462,0.32506052,0.3447049
CONTROL__7179__2025051409,Grouped-random,validation,NORMAL,NORMAL,0.36300698,0.34327886,0.29371414
CONTROL__7179__2025032609,Grouped-random,validation,NORMAL,OTHER_DISRUPTION,0.33023462,0.32506052,0.3447049
CONTROL__7150__2025120323,Grouped-random,validation,NORMAL,OTHER_DISRUPTION,0.32585546,0.33131608,0.34282842
CONTROL__7150__2025101523,Grouped-random,validation,NORMAL,ACCIDENT,0.33001456,0.338872,0.33111346
CONTROL__F3FWY003__2025090100,Grouped-random,validation,NORMAL,NORMAL,0.3501562,0.3055234,0.34432036
CONTROL__F3FWY003__2025070700,Grouped-random,validation,NORMAL,OTHER_DISRUPTION,0.33023462,0.32506052,0.3447049
CONTROL__F3FWY002__2025040819,Grouped-random,validation,NORMAL,NORMAL,0.3697646,0.33008993,0.3001454
CONTROL__F3FWY002__2025052019,Grouped-random,validation,NORMAL,NORMAL,0.37003252,0.33000058,0.29996687
CONTROL__7179__2025011502,Grouped-random,validation,NORMAL,OTHER_DISRUPTION,0.33023462,0.32506052,0.3447049
CONTROL__7179__2025092402,Grouped-random,validation,NORMAL,NORMAL,0.37430313,0.29567337,0.33002344
CONTROL__51235__2025102915,Grouped-random,validation,NORMAL,ACCIDENT,0.36494148,0.3724164,0.26264217
CONTROL__51235__2025110515,Grouped-random,validation,NORMAL,OTHER_DISRUPTION,0.33023462,0.32506052,0.3447049
CONTROL__74229__2025051503,Grouped-random,validation,NORMAL,OTHER_DISRUPTION,0.33730718,0.29456347,0.36812928
CONTROL__74229__2025021303,Grouped-random,validation,NORMAL,OTHER_DISRUPTION,0.33023462,0.32506052,0.3447049
CONTROL__74229__2025100205,Grouped-random,validation,NORMAL,ACCIDENT,0.33460099,0.342888,0.32251093
CONTROL__74229__2025022705,Grouped-random,validation,NORMAL,OTHER_DISRUPTION,0.33023462,0.32506052,0.3447049
CONTROL__33014__2025051105,Grouped-random,validation,NORMAL,NORMAL,0.33648703,0.32824826,0.33526468
CONTROL__33014__2025030905,Grouped-random,validation,NORMAL,NORMAL,0.33951476,0.32315776,0.3373275
CONTROL__7163__2025022323,Grouped-random,validation,NORMAL,OTHER_DISRUPTION,0.33023462,0.32506052,0.3447049
CONTROL__7163__2025071323,Grouped-random,validation,NORMAL,OTHER_DISRUPTION,0.33023462,0.32506052,0.3447049
CONTROL__7120__2025110409,Grouped-random,validation,NORMAL,OTHER_DISRUPTION,0.33023462,0.32506052,0.3447049
CONTROL__7120__2025093009,Grouped-random,validation,NORMAL,NORMAL,0.3700135,0.35136396,0.27862254
CONTROL__9658__2025090910,Grouped-random,validation,NORMAL,NORMAL,0.35705099,0.32809904,0.31484994
CONTROL__9658__2025102810,Grouped-random,validation,NORMAL,NORMAL,0.37677577,0.3509452,0.27227896
CONTROL__7274__2025071200,Grouped-random,validation,NORMAL,OTHER_DISRUPTION,0.31940898,0.3230038,0.35758728
CONTROL__7274__2025112200,Grouped-random,validation,NORMAL,OTHER_DISRUPTION,0.32690087,0.32563907,0.3474601
CONTROL__7179__2025110207,Grouped-random,validation,NORMAL,NORMAL,0.35229906,0.31090292,0.33679816
CONTROL__7179__2025062207,Grouped-random,validation,NORMAL,NORMAL,0.3520378,0.30738723,0.34057498
CONTROL__7179__2025112406,Grouped-random,validation,NORMAL,ACCIDENT,0.3476103,0.3789928,0.27339688
CONTROL__7179__2025021006,Grouped-random,validation,NORMAL,OTHER_DISRUPTION,0.33023462,0.32506052,0.3447049
CONTROL__22001__2025070820,Grouped-random,validation,NORMAL,OTHER_DISRUPTION,0.33023462,0.32506052,0.3447049
CONTROL__22001__2025123020,Grouped-random,validation,NORMAL,OTHER_DISRUPTION,0.33023462,0.32506052,0.3447049
CONTROL__7163__2025050610,Grouped-random,validation,NORMAL,NORMAL,0.35031772,0.32893142,0.32075083
CONTROL__7163__2025112510,Grouped-random,validation,NORMAL,NORMAL,0.35237283,0.3284016,0.31922552
CONTROL__32029__2025091623,Grouped-random,validation,NORMAL,OTHER_DISRUPTION,0.33023462,0.32506052,0.3447049
CONTROL__32029__2025012123,Grouped-random,validation,NORMAL,NORMAL,0.35948595,0.3127551,0.32775888
CONTROL__23067__2025042421,Grouped-random,validation,NORMAL,ACCIDENT,0.28553307,0.40722793,0.30723894
CONTROL__23067__2025062621,Grouped-random,validation,NORMAL,NORMAL,0.35858247,0.32252252,0.31889498
CONTROL__74230__2025020919,Grouped-random,validation,NORMAL,OTHER_DISRUPTION,0.33023462,0.32506052,0.3447049
CONTROL__74230__2025110219,Grouped-random,validation,NORMAL,OTHER_DISRUPTION,0.3138453,0.318116,0.3680387
CONTROL__53004__2025120721,Grouped-random,validation,NORMAL,OTHER_DISRUPTION,0.32886788,0.3276057,0.34352642
CONTROL__53004__2025031621,Grouped-random,validation,NORMAL,NORMAL,0.37497446,0.30334586,0.32167968
CONTROL__F3FWY003__2025021918,Grouped-random,validation,NORMAL,OTHER_DISRUPTION,0.33023462,0.32506052,0.3447049
CONTROL__F3FWY003__2025043018,Grouped-random,validation,NORMAL,OTHER_DISRUPTION,0.33023462,0.32506052,0.3447049
CONTROL__23067__2025032101,Grouped-random,validation,NORMAL,NORMAL,0.35478157,0.30535176,0.33986667
CONTROL__23067__2025030701,Grouped-random,validation,NORMAL,NORMAL,0.35426825,0.30667976,0.33905193
CONTROL__F3FWY003__2025102406,Grouped-random,validation,NORMAL,ACCIDENT,0.34660196,0.36277705,0.29062095
CONTROL__F3FWY003__2025040406,Grouped-random,validation,NORMAL,OTHER_DISRUPTION,0.33023462,0.32506052,0.3447049
CONTROL__7112__2025021120,Grouped-random,validation,NORMAL,OTHER_DISRUPTION,0.33023462,0.32506052,0.3447049
CONTROL__7112__2025022520,Grouped-random,validation,NORMAL,OTHER_DISRUPTION,0.33023462,0.32506052,0.3447049
CONTROL__33014__2025102201,Grouped-random,validation,NORMAL,OTHER_DISRUPTION,0.33023462,0.32506052,0.3447049
CONTROL__33014__2025021201,Grouped-random,validation,NORMAL,OTHER_DISRUPTION,0.33023462,0.32506052,0.3447049
CONTROL__7248__2025092900,Grouped-random,validation,NORMAL,NORMAL,0.34691435,0.32004258,0.3330431
CONTROL__7248__2025011300,Grouped-random,validation,NORMAL,NORMAL,0.3731437,0.32830706,0.29854915
CONTROL__7132__2025050623,Grouped-random,validation,NORMAL,NORMAL,0.36473268,0.30718252,0.32808483
CONTROL__7132__2025021123,Grouped-random,validation,NORMAL,OTHER_DISRUPTION,0.33023462,0.32506052,0.3447049
CONTROL__T0231__2025111211,Grouped-random,validation,NORMAL,NORMAL,0.34834808,0.32826254,0.32338938
CONTROL__T0231__2025052811,Grouped-random,validation,NORMAL,NORMAL,0.35536128,0.31036896,0.33426973
CONTROL__51235__2025073022,Grouped-random,validation,NORMAL,NORMAL,0.3680293,0.32206774,0.3099029
CONTROL__51235__2025010822,Grouped-random,validation,NORMAL,OTHER_DISRUPTION,0.33023462,0.32506052,0.3447049
CONTROL__7120__2025110123,Grouped-random,validation,NORMAL,OTHER_DISRUPTION,0.33023462,0.32506052,0.3447049
CONTROL__7120__2025072623,Grouped-random,validation,NORMAL,OTHER_DISRUPTION,0.32415944,0.33748522,0.33835524
CONTROL__50240__2025031514,Grouped-random,validation,NORMAL,NORMAL,0.3569387,0.3279643,0.3150969
CONTROL__50240__2025092014,Grouped-random,validation,NORMAL,OTHER_DISRUPTION,0.3092617,0.33066657,0.36007187
CONTROL__9827__2025082707,Grouped-random,validation,NORMAL,ACCIDENT,0.33983272,0.38001555,0.28015167
CONTROL__9827__2025012207,Grouped-random,validation,NORMAL,OTHER_DISRUPTION,0.33023462,0.32506052,0.3447049
CONTROL__7179__2025070216,Grouped-random,validation,NORMAL,OTHER_DISRUPTION,0.32505792,0.33177832,0.3431637
CONTROL__7179__2025042316,Grouped-random,validation,NORMAL,NORMAL,0.35652447,0.32770568,0.3157698
CONTROL__32029__2025062608,Grouped-random,validation,NORMAL,OTHER_DISRUPTION,0.33023462,0.32506052,0.3447049
CONTROL__32029__2025101608,Grouped-random,validation,NORMAL,OTHER_DISRUPTION,0.33023462,0.32506052,0.3447049
CONTROL__7121__2025113005,Grouped-random,validation,NORMAL,NORMAL,0.3758087,0.31317857,0.3110128
CONTROL__7121__2025050405,Grouped-random,validation,NORMAL,OTHER_DISRUPTION,0.32563186,0.31455413,0.35981402
CONTROL__33014__2025110214,Grouped-random,validation,NORMAL,OTHER_DISRUPTION,0.33023462,0.32506052,0.3447049
CONTROL__33014__2025101214,Grouped-random,validation,NORMAL,OTHER_DISRUPTION,0.33023462,0.32506052,0.3447049
CONTROL__7179__2025111723,Grouped-random,validation,NORMAL,NORMAL,0.37739906,0.3185631,0.30403787
CONTROL__7179__2025050523,Grouped-random,validation,NORMAL,NORMAL,0.37439257,0.32035074,0.3052566
CONTROL__7179__2025091110,Grouped-random,validation,NORMAL,NORMAL,0.35936764,0.34783953,0.2927928
CONTROL__7179__2025041010,Grouped-random,validation,NORMAL,NORMAL,0.37381092,0.3635692,0.26261982
CONTROL__7163__2025052921,Grouped-random,validation,NORMAL,OTHER_DISRUPTION,0.32857978,0.33190414,0.3395161
CONTROL__7163__2025031321,Grouped-random,validation,NORMAL,OTHER_DISRUPTION,0.32194966,0.2872353,0.390815
CONTROL__29005__2025051101,Grouped-random,validation,NORMAL,ACCIDENT,0.32532912,0.34949967,0.32517123
CONTROL__29005__2025102601,Grouped-random,validation,NORMAL,NORMAL,0.35636142,0.29125324,0.35238534
CONTROL__7164__2025020214,Grouped-random,validation,NORMAL,OTHER_DISRUPTION,0.33023462,0.32506052,0.3447049
CONTROL__7164__2025041314,Grouped-random,validation,NORMAL,ACCIDENT,0.3282591,0.34168363,0.33005723
CONTROL__33014__2025061023,Grouped-random,validation,NORMAL,ACCIDENT,0.33218747,0.3382538,0.32955876
CONTROL__33014__2025041523,Grouped-random,validation,NORMAL,OTHER_DISRUPTION,0.32735696,0.33100912,0.34163398
CONTROL__7179__2025021921,Grouped-random,validation,NORMAL,OTHER_DISRUPTION,0.33023462,0.32506052,0.3447049
CONTROL__7179__2025021221,Grouped-random,validation,NORMAL,OTHER_DISRUPTION,0.33023462,0.32506052,0.3447049
CONTROL__50240__2025092520,Grouped-random,validation,NORMAL,ACCIDENT,0.36327955,0.36749098,0.2692294
CONTROL__50240__2025061220,Grouped-random,validation,NORMAL,NORMAL,0.36589864,0.362544,0.27155733
CONTROL__7251__2025082215,Grouped-random,validation,NORMAL,ACCIDENT,0.3620317,0.36691418,0.27105412
CONTROL__7251__2025091915,Grouped-random,validation,NORMAL,ACCIDENT,0.35784608,0.37169456,0.27045932
CONTROL__F3FWY004__2025070607,Grouped-random,validation,NORMAL,NORMAL,0.37389416,0.33736113,0.28874466
CONTROL__F3FWY004__2025080307,Grouped-random,validation,NORMAL,NORMAL,0.37269357,0.3353612,0.29194525
CONTROL__53004__2025052604,Grouped-random,validation,NORMAL,NORMAL,0.36382177,0.30260953,0.3335686
CONTROL__53004__2025041404,Grouped-random,validation,NORMAL,NORMAL,0.38630095,0.29345796,0.32024124
CONTROL__7120__2025010707,Grouped-random,validation,NORMAL,NORMAL,0.33740106,0.33321902,0.32937986
CONTROL__7120__2025022507,Grouped-random,validation,NORMAL,OTHER_DISRUPTION,0.33023462,0.32506052,0.3447049
CONTROL__7163__2025021822,Grouped-random,validation,NORMAL,OTHER_DISRUPTION,0.33023462,0.32506052,0.3447049
CONTROL__7163__2025011422,Grouped-random,validation,NORMAL,NORMAL,0.33387813,0.3326242,0.3334976
CONTROL__F3FWY003__2025041000,Grouped-random,validation,NORMAL,OTHER_DISRUPTION,0.33023462,0.32506052,0.3447049
CONTROL__F3FWY003__2025110600,Grouped-random,validation,NORMAL,NORMAL,0.3631471,0.30314764,0.33370516
CONTROL__7139__2025072405,Grouped-random,validation,NORMAL,NORMAL,0.383285,0.31343755,0.30327743
CONTROL__7139__2025050105,Grouped-random,validation,NORMAL,NORMAL,0.38439378,0.31324857,0.3023576
CONTROL__7121__2025091121,Grouped-random,validation,NORMAL,NORMAL,0.3697098,0.2898558,0.34043443
CONTROL__7121__2025011621,Grouped-random,validation,NORMAL,NORMAL,0.41597688,0.30504668,0.27897647
CONTROL__47024__2025100700,Grouped-random,validation,NORMAL,NORMAL,0.37865603,0.3294371,0.2919069
CONTROL__47024__2025030400,Grouped-random,validation,NORMAL,NORMAL,0.3787582,0.32038447,0.30085742
CONTROL__7120__2025101400,Grouped-random,validation,NORMAL,ACCIDENT,0.3315848,0.33944565,0.32896957
CONTROL__7120__2025093000,Grouped-random,validation,NORMAL,NORMAL,0.33849335,0.32941228,0.3320944
CONTROL__7121__2025120200,Grouped-random,validation,NORMAL,OTHER_DISRUPTION,0.33023462,0.32506052,0.3447049
CONTROL__7121__2025102100,Grouped-random,validation,NORMAL,ACCIDENT,0.3311455,0.3427791,0.32607543
CONTROL__7179__2025032111,Grouped-random,validation,NORMAL,NORMAL,0.35918567,0.32658592,0.31422845
CONTROL__7179__2025080111,Grouped-random,validation,NORMAL,NORMAL,0.37882498,0.35955173,0.26162332
CONTROL__7251__2025122700,Grouped-random,validation,NORMAL,ACCIDENT,0.32681477,0.3475983,0.32558694
CONTROL__7251__2025070500,Grouped-random,validation,NORMAL,OTHER_DISRUPTION,0.32519984,0.32366276,0.35113734
CONTROL__50240__2025081823,Grouped-random,validation,NORMAL,NORMAL,0.38131267,0.3173289,0.30135843
CONTROL__50240__2025050523,Grouped-random,validation,NORMAL,NORMAL,0.37499657,0.32360682,0.30139664
CONTROL__10011__2025030406,Grouped-random,validation,NORMAL,ACCIDENT,0.35153696,0.38273233,0.26573062
CONTROL__10011__2025061006,Grouped-random,validation,NORMAL,OTHER_DISRUPTION,0.33023462,0.32506052,0.3447049
CONTROL__7270__2025022603,Grouped-random,validation,NORMAL,OTHER_DISRUPTION,0.33023462,0.32506052,0.3447049
CONTROL__7270__2025010103,Grouped-random,validation,NORMAL,OTHER_DISRUPTION,0.33023462,0.32506052,0.3447049
CONTROL__F3FWY001__2025031209,Grouped-random,validation,NORMAL,NORMAL,0.372818,0.32122067,0.30596134
CONTROL__F3FWY001__2025070209,Grouped-random,validation,NORMAL,OTHER_DISRUPTION,0.33023462,0.32506052,0.3447049
CONTROL__23067__2025091803,Grouped-random,validation,NORMAL,NORMAL,0.3845779,0.30621526,0.3092068
CONTROL__23067__2025050803,Grouped-random,validation,NORMAL,OTHER_DISRUPTION,0.33749115,0.29240853,0.37010032
CONTROL__33014__2025050805,Grouped-random,validation,NORMAL,NORMAL,0.35306707,0.3143922,0.33254066
CONTROL__33014__2025121805,Grouped-random,validation,NORMAL,OTHER_DISRUPTION,0.33023462,0.32506052,0.3447049
CONTROL__7179__2025072407,Grouped-random,validation,NORMAL,NORMAL,0.35652357,0.34141517,0.30206123
CONTROL__7179__2025090407,Grouped-random,validation,NORMAL,ACCIDENT,0.34505647,0.38465548,0.2702881
CONTROL__F3FWY004__2025110105,Grouped-random,validation,NORMAL,NORMAL,0.3920347,0.30353928,0.30442598
CONTROL__F3FWY004__2025120605,Grouped-random,validation,NORMAL,NORMAL,0.3604271,0.31389844,0.32567447
CONTROL__7112__2025030302,Grouped-random,validation,NORMAL,OTHER_DISRUPTION,0.33023462,0.32506052,0.3447049
CONTROL__7112__2025122902,Grouped-random,validation,NORMAL,OTHER_DISRUPTION,0.34142295,0.2999039,0.35867313
CONTROL__7179__2025111008,Grouped-random,validation,NORMAL,NORMAL,0.36443654,0.3351409,0.30042255
CONTROL__7179__2025031708,Grouped-random,validation,NORMAL,NORMAL,0.3588575,0.34169182,0.2994506
CONTROL__7120__2025112421,Grouped-random,validation,NORMAL,NORMAL,0.36418176,0.31657287,0.3192454
CONTROL__7120__2025110321,Grouped-random,validation,NORMAL,OTHER_DISRUPTION,0.33023462,0.32506052,0.3447049
CONTROL__7121__2025010621,Grouped-random,validation,NORMAL,ACCIDENT,0.3110938,0.35602245,0.3328838
CONTROL__7121__2025092221,Grouped-random,validation,NORMAL,NORMAL,0.3714741,0.29023203,0.33829385
CONTROL__29005__2025030622,Grouped-random,validation,NORMAL,ACCIDENT,0.3336584,0.33417943,0.33216223
CONTROL__29005__2025052222,Grouped-random,validation,NORMAL,ACCIDENT,0.33278713,0.33902368,0.3281891
CONTROL__29005__2025011622,Grouped-random,validation,NORMAL,OTHER_DISRUPTION,0.31967175,0.31206143,0.36826682
CONTROL__29005__2025091822,Grouped-random,validation,NORMAL,NORMAL,0.35213187,0.30139512,0.3464729
CONTROL__F3FWY003__2025102413,Grouped-random,validation,NORMAL,NORMAL,0.36550796,0.35321495,0.28127703
CONTROL__F3FWY003__2025100313,Grouped-random,validation,NORMAL,ACCIDENT,0.37157944,0.38097653,0.24744412
CONTROL__F3FWY003__2025041116,Grouped-random,validation,NORMAL,OTHER_DISRUPTION,0.33023462,0.32506052,0.3447049
CONTROL__F3FWY003__2025092616,Grouped-random,validation,NORMAL,ACCIDENT,0.36769322,0.3836386,0.24866825
CONTROL__7163__2025102321,Grouped-random,validation,NORMAL,OTHER_DISRUPTION,0.32476664,0.28431842,0.39091492
CONTROL__7163__2025091821,Grouped-random,validation,NORMAL,NORMAL,0.36378464,0.31967893,0.31653637
CONTROL__7112__2025010505,Grouped-random,validation,NORMAL,ACCIDENT,0.32924056,0.36705527,0.3037041
CONTROL__7112__2025122105,Grouped-random,validation,NORMAL,NORMAL,0.37874275,0.31099993,0.3102573
CONTROL__7163__2025091502,Grouped-random,validation,NORMAL,OTHER_DISRUPTION,0.31956947,0.2850893,0.39534125
CONTROL__7163__2025033102,Grouped-random,validation,NORMAL,OTHER_DISRUPTION,0.3156594,0.28544202,0.3988986
CONTROL__F3FWY003__2025030713,Grouped-random,validation,NORMAL,OTHER_DISRUPTION,0.33023462,0.32506052,0.3447049
CONTROL__F3FWY003__2025080113,Grouped-random,validation,NORMAL,NORMAL,0.3671974,0.34859854,0.284204
CONTROL__68025__2025083104,Grouped-random,validation,NORMAL,OTHER_DISRUPTION,0.32298183,0.33059043,0.34642783
CONTROL__68025__2025113004,Grouped-random,validation,NORMAL,OTHER_DISRUPTION,0.33325937,0.33152997,0.3352107
CONTROL__7179__2025020405,Grouped-random,validation,NORMAL,OTHER_DISRUPTION,0.33023462,0.32506052,0.3447049
CONTROL__7179__2025070105,Grouped-random,validation,NORMAL,NORMAL,0.36572412,0.3454816,0.28879425
CONTROL__9836-PR__2025090921,Grouped-random,validation,NORMAL,OTHER_DISRUPTION,0.33429807,0.32020706,0.34549484
CONTROL__9836-PR__2025021821,Grouped-random,validation,NORMAL,OTHER_DISRUPTION,0.33023462,0.32506052,0.3447049
CONTROL__53004__2025120908,Grouped-random,validation,NORMAL,ACCIDENT,0.34857917,0.38463932,0.26678154
CONTROL__53004__2025042908,Grouped-random,validation,NORMAL,NORMAL,0.3524675,0.31035823,0.33717436
CONTROL__74230__2025052709,Grouped-random,validation,NORMAL,NORMAL,0.36400068,0.33637178,0.29962757
CONTROL__74230__2025042209,Grouped-random,validation,NORMAL,OTHER_DISRUPTION,0.32283664,0.3223583,0.35480502
CONTROL__7251__2025030411,Grouped-random,validation,NORMAL,OTHER_DISRUPTION,0.33023462,0.32506052,0.3447049
CONTROL__7251__2025040111,Grouped-random,validation,NORMAL,NORMAL,0.38568282,0.33446896,0.27984816
CONTROL__7112__2025061312,Grouped-random,validation,NORMAL,NORMAL,0.3684915,0.3610775,0.27043104
CONTROL__7112__2025110712,Grouped-random,validation,NORMAL,NORMAL,0.37190223,0.35871342,0.26938447
CONTROL__7120__2025082406,Grouped-random,validation,NORMAL,NORMAL,0.33459118,0.33279967,0.33260912
CONTROL__7120__2025051106,Grouped-random,validation,NORMAL,NORMAL,0.373753,0.32448202,0.3017649
CONTROL__47024__2025030506,Grouped-random,validation,NORMAL,ACCIDENT,0.34873053,0.36854792,0.28272146
CONTROL__47024__2025102206,Grouped-random,validation,NORMAL,NORMAL,0.3544909,0.33309928,0.31240976
CONTROL__47024__2025031906,Grouped-random,validation,NORMAL,ACCIDENT,0.3461035,0.37635863,0.27753797
CONTROL__47024__2025022606,Grouped-random,validation,NORMAL,OTHER_DISRUPTION,0.33023462,0.32506052,0.3447049
CONTROL__74230__2025061307,Grouped-random,validation,NORMAL,ACCIDENT,0.33764622,0.35189888,0.31045488
CONTROL__74230__2025091907,Grouped-random,validation,NORMAL,OTHER_DISRUPTION,0.33998886,0.28579694,0.37421417
CONTROL__23067__2025112808,Grouped-random,validation,NORMAL,ACCIDENT,0.36645868,0.36821282,0.26532856
CONTROL__23067__2025071808,Grouped-random,validation,NORMAL,NORMAL,0.34540525,0.3269392,0.3276556
CONTROL__33014__2025033003,Grouped-random,validation,NORMAL,OTHER_DISRUPTION,0.32382908,0.30721667,0.3689543
CONTROL__33014__2025122103,Grouped-random,validation,NORMAL,OTHER_DISRUPTION,0.33023462,0.32506052,0.3447049
CONTROL__F3FWY005__2025101209,Grouped-random,validation,NORMAL,NORMAL,0.35757482,0.3328346,0.30959052
CONTROL__F3FWY005__2025080309,Grouped-random,validation,NORMAL,NORMAL,0.3537761,0.32465658,0.32156736
CONTROL__7120__2025070712,Grouped-random,validation,NORMAL,NORMAL,0.37186724,0.34806848,0.28006423
CONTROL__7120__2025111712,Grouped-random,validation,NORMAL,NORMAL,0.37027758,0.34830403,0.28141838
CONTROL__53003__2025012717,Grouped-random,validation,NORMAL,NORMAL,0.33491403,0.33433038,0.33075556
CONTROL__53003__2025060217,Grouped-random,validation,NORMAL,NORMAL,0.35786614,0.31308636,0.32904744
CONTROL__53003__2025111717,Grouped-random,validation,NORMAL,NORMAL,0.35183927,0.32226786,0.3258928
CONTROL__53003__2025051217,Grouped-random,validation,NORMAL,ACCIDENT,0.36281335,0.37217057,0.26501614
CONTROL__23067__2025021118,Grouped-random,validation,NORMAL,OTHER_DISRUPTION,0.33023462,0.32506052,0.3447049
CONTROL__23067__2025072918,Grouped-random,validation,NORMAL,NORMAL,0.3752366,0.36617133,0.25859216
CONTROL__51235__2025121007,Grouped-random,validation,NORMAL,ACCIDENT,0.33666775,0.40160826,0.261724
CONTROL__51235__2025040207,Grouped-random,validation,NORMAL,ACCIDENT,0.3411101,0.34811622,0.3107737
CONTROL__7121__2025062015,Grouped-random,validation,NORMAL,NORMAL,0.36879826,0.3430439,0.28815782
CONTROL__7121__2025053015,Grouped-random,validation,NORMAL,NORMAL,0.336821,0.33061004,0.332569
CONTROL__7132__2025052520,Grouped-random,validation,NORMAL,OTHER_DISRUPTION,0.32139182,0.3341429,0.34446537
CONTROL__7132__2025110920,Grouped-random,validation,NORMAL,ACCIDENT,0.32424763,0.3385348,0.33721754
CONTROL__7163__2025072022,Grouped-random,validation,NORMAL,OTHER_DISRUPTION,0.32625934,0.33342695,0.3403136
CONTROL__7163__2025122822,Grouped-random,validation,NORMAL,OTHER_DISRUPTION,0.35033187,0.27809593,0.37157214
CONTROL__7139__2025011304,Grouped-random,validation,NORMAL,NORMAL,0.39373088,0.28555787,0.32071128
CONTROL__7139__2025031704,Grouped-random,validation,NORMAL,NORMAL,0.38677943,0.2828453,0.33037534
CONTROL__F3FWY002__2025022602,Grouped-random,validation,NORMAL,OTHER_DISRUPTION,0.33023462,0.32506052,0.3447049
CONTROL__F3FWY002__2025072302,Grouped-random,validation,NORMAL,NORMAL,0.37627083,0.2855024,0.33822682
CONTROL__51235__2025072500,Grouped-random,validation,NORMAL,ACCIDENT,0.3282908,0.34217468,0.3295345
CONTROL__51235__2025071800,Grouped-random,validation,NORMAL,NORMAL,0.34657022,0.3202533,0.33317652
CONTROL__51235__2025082900,Grouped-random,validation,NORMAL,OTHER_DISRUPTION,0.336846,0.32344148,0.3397125
CONTROL__51235__2025052300,Grouped-random,validation,NORMAL,NORMAL,0.34667245,0.32083935,0.33248812
CONTROL__F3FWY005__2025090504,Grouped-random,validation,NORMAL,NORMAL,0.35417226,0.34383622,0.30199158
CONTROL__F3FWY005__2025082204,Grouped-random,validation,NORMAL,NORMAL,0.3690266,0.3367352,0.29423818
CONTROL__7179__2025061706,Grouped-random,validation,NORMAL,ACCIDENT,0.34703735,0.37971425,0.2732484
CONTROL__7179__2025072206,Grouped-random,validation,NORMAL,ACCIDENT,0.35009634,0.37416005,0.27574363
CONTROL__32029__2025011611,Grouped-random,validation,NORMAL,NORMAL,0.384187,0.35037246,0.26544055
CONTROL__32029__2025073111,Grouped-random,validation,NORMAL,OTHER_DISRUPTION,0.33023462,0.32506052,0.3447049
CONTROL__32029__2025062611,Grouped-random,validation,NORMAL,OTHER_DISRUPTION,0.33023462,0.32506052,0.3447049
CONTROL__32029__2025010211,Grouped-random,validation,NORMAL,NORMAL,0.36176053,0.35324773,0.2849917
CONTROL__7121__2025070313,Grouped-random,validation,NORMAL,NORMAL,0.36988312,0.33737046,0.29274648
CONTROL__7121__2025022713,Grouped-random,validation,NORMAL,OTHER_DISRUPTION,0.33023462,0.32506052,0.3447049
CONTROL__F3FWY001__2025050417,Grouped-random,validation,NORMAL,NORMAL,0.36221537,0.33093393,0.30685073
CONTROL__F3FWY001__2025030217,Grouped-random,validation,NORMAL,OTHER_DISRUPTION,0.33023462,0.32506052,0.3447049
CONTROL__7248__2025072901,Grouped-random,validation,NORMAL,ACCIDENT,0.3335296,0.33575583,0.33071458
CONTROL__7248__2025071501,Grouped-random,validation,NORMAL,ACCIDENT,0.32757574,0.34813747,0.32428682
CONTROL__74229__2025071521,Grouped-random,validation,NORMAL,NORMAL,0.40742418,0.30451098,0.28806487
CONTROL__74229__2025021121,Grouped-random,validation,NORMAL,OTHER_DISRUPTION,0.33023462,0.32506052,0.3447049
CONTROL__7112__2025112623,Grouped-random,validation,NORMAL,ACCIDENT,0.33096388,0.3389221,0.33011398
CONTROL__7112__2025010123,Grouped-random,validation,NORMAL,OTHER_DISRUPTION,0.3334511,0.3299006,0.3366483
CONTROL__7112__2025100823,Grouped-random,validation,NORMAL,NORMAL,0.3721302,0.30797726,0.3198926
CONTROL__7112__2025090323,Grouped-random,validation,NORMAL,NORMAL,0.37387905,0.3116388,0.31448203
CONTROL__23067__2025121805,Grouped-random,validation,NORMAL,ACCIDENT,0.33995092,0.39728922,0.26275992
CONTROL__23067__2025071005,Grouped-random,validation,NORMAL,NORMAL,0.3442895,0.33506325,0.32064724
CONTROL__7112__2025013018,Grouped-random,validation,NORMAL,NORMAL,0.34442842,0.32246876,0.3331028
CONTROL__7112__2025111318,Grouped-random,validation,NORMAL,NORMAL,0.3737331,0.3603663,0.26590058
CONTROL__23067__2025082209,Grouped-random,validation,NORMAL,NORMAL,0.35230458,0.33172214,0.3159733
CONTROL__23067__2025070409,Grouped-random,validation,NORMAL,NORMAL,0.3519055,0.32927334,0.3188211
CONTROL__7163__2025082408,Grouped-random,validation,NORMAL,NORMAL,0.3637094,0.3361226,0.30016798
CONTROL__7163__2025083108,Grouped-random,validation,NORMAL,NORMAL,0.35861146,0.3459995,0.2953891
CONTROL__7270__2025072903,Grouped-random,validation,NORMAL,NORMAL,0.36827123,0.28290504,0.34882376
CONTROL__7270__2025030403,Grouped-random,validation,NORMAL,OTHER_DISRUPTION,0.33023462,0.32506052,0.3447049
CONTROL__7112__2025040123,Grouped-random,validation,NORMAL,OTHER_DISRUPTION,0.3324973,0.3294942,0.33800843
CONTROL__7112__2025100723,Grouped-random,validation,NORMAL,ACCIDENT,0.3313046,0.33927256,0.32942283
CONTROL__7112__2025070200,Grouped-random,validation,NORMAL,ACCIDENT,0.33246666,0.33973977,0.32779354
CONTROL__7112__2025073000,Grouped-random,validation,NORMAL,OTHER_DISRUPTION,0.32449725,0.30613223,0.36937055
CONTROL__9658__2025102903,Grouped-random,validation,NORMAL,OTHER_DISRUPTION,0.35178068,0.283692,0.36452737
CONTROL__9658__2025012203,Grouped-random,validation,NORMAL,OTHER_DISRUPTION,0.33023462,0.32506052,0.3447049
CONTROL__9658__2025070903,Grouped-random,validation,NORMAL,OTHER_DISRUPTION,0.34864938,0.28112617,0.3702244
CONTROL__9658__2025120303,Grouped-random,validation,NORMAL,NORMAL,0.38493592,0.28140378,0.33366033
CONTROL__T0289__2025080818,Grouped-random,validation,NORMAL,OTHER_DISRUPTION,0.33023462,0.32506052,0.3447049
CONTROL__T0289__2025092618,Grouped-random,validation,NORMAL,OTHER_DISRUPTION,0.33023462,0.32506052,0.3447049
CONTROL__T0290__2025032818,Grouped-random,validation,NORMAL,OTHER_DISRUPTION,0.33023462,0.32506052,0.3447049
CONTROL__T0290__2025082218,Grouped-random,validation,NORMAL,NORMAL,0.3522517,0.33121333,0.316535
CONTROL__7139__2025110805,Grouped-random,validation,NORMAL,NORMAL,0.39652655,0.3067489,0.2967245
CONTROL__7139__2025050305,Grouped-random,validation,NORMAL,NORMAL,0.34381303,0.31692433,0.33926263
CONTROL__34016__2025082321,Grouped-random,validation,NORMAL,OTHER_DISRUPTION,0.33023462,0.32506052,0.3447049
CONTROL__34016__2025110121,Grouped-random,validation,NORMAL,ACCIDENT,0.2825404,0.4080908,0.30936882
CONTROL__F3FWY002__2025062908,Grouped-random,validation,NORMAL,NORMAL,0.36787102,0.3576398,0.2744892
CONTROL__F3FWY002__2025040608,Grouped-random,validation,NORMAL,NORMAL,0.35758078,0.32642636,0.3159929
CONTROL__23067__2025071412,Grouped-random,validation,NORMAL,NORMAL,0.37087122,0.3624537,0.2666751
CONTROL__23067__2025100612,Grouped-random,validation,NORMAL,NORMAL,0.3697047,0.36909735,0.2611979
CONTROL__23067__2025031012,Grouped-random,validation,NORMAL,ACCIDENT,0.36778575,0.3695749,0.2626394
CONTROL__23067__2025021012,Grouped-random,validation,NORMAL,OTHER_DISRUPTION,0.33023462,0.32506052,0.3447049
CONTROL__29005__2025021822,Grouped-random,validation,NORMAL,OTHER_DISRUPTION,0.33023462,0.32506052,0.3447049
CONTROL__29005__2025021122,Grouped-random,validation,NORMAL,OTHER_DISRUPTION,0.33023462,0.32506052,0.3447049
CONTROL__7184__2025020605,Grouped-random,validation,NORMAL,OTHER_DISRUPTION,0.33023462,0.32506052,0.3447049
CONTROL__7184__2025071005,Grouped-random,validation,NORMAL,NORMAL,0.37299514,0.33205643,0.29494837
CONTROL__51235__2025041720,Grouped-random,validation,NORMAL,NORMAL,0.37082484,0.35864395,0.27053115
CONTROL__51235__2025042420,Grouped-random,validation,NORMAL,NORMAL,0.34188688,0.3193388,0.33877426
CONTROL__33014__2025080804,Grouped-random,validation,NORMAL,OTHER_DISRUPTION,0.33023462,0.32506052,0.3447049
CONTROL__33014__2025051604,Grouped-random,validation,NORMAL,NORMAL,0.3916234,0.29219195,0.3161846
CONTROL__7112__2025071823,Grouped-random,validation,NORMAL,ACCIDENT,0.32999143,0.33886346,0.33114505
CONTROL__7112__2025031423,Grouped-random,validation,NORMAL,OTHER_DISRUPTION,0.32164502,0.32078007,0.3575749
CONTROL__9836-PR__2025092120,Grouped-random,validation,NORMAL,ACCIDENT,0.32672805,0.3402119,0.3330601
CONTROL__9836-PR__2025072020,Grouped-random,validation,NORMAL,OTHER_DISRUPTION,0.32988107,0.32678908,0.34332994
CONTROL__T0290__2025081201,Grouped-random,validation,NORMAL,OTHER_DISRUPTION,0.33023462,0.32506052,0.3447049
CONTROL__T0290__2025091601,Grouped-random,validation,NORMAL,OTHER_DISRUPTION,0.32807636,0.33009008,0.3418336
CONTROL__7251__2025061022,Grouped-random,validation,NORMAL,NORMAL,0.36415344,0.3241528,0.31169385
CONTROL__7251__2025121622,Grouped-random,validation,NORMAL,NORMAL,0.36079988,0.28249088,0.3567092
CONTROL__7168__2025010817,Grouped-random,validation,NORMAL,OTHER_DISRUPTION,0.33023462,0.32506052,0.3447049
CONTROL__7168__2025082717,Grouped-random,validation,NORMAL,NORMAL,0.3596096,0.34315464,0.2972358
CONTROL__7161__2025051622,Grouped-random,validation,NORMAL,NORMAL,0.36836362,0.30917442,0.3224619
CONTROL__7161__2025111422,Grouped-random,validation,NORMAL,OTHER_DISRUPTION,0.33791766,0.32147887,0.3406035
CONTROL__7112__2025060122,Grouped-random,validation,NORMAL,OTHER_DISRUPTION,0.32230544,0.3318536,0.34584096
CONTROL__7112__2025033022,Grouped-random,validation,NORMAL,OTHER_DISRUPTION,0.34680536,0.28672314,0.36647147
CONTROL__53003__2025082020,Grouped-random,validation,NORMAL,NORMAL,0.34349534,0.3196166,0.33688807
CONTROL__53003__2025052120,Grouped-random,validation,NORMAL,NORMAL,0.3741019,0.35383624,0.27206182
CONTROL__7112__2025032702,Grouped-random,validation,NORMAL,NORMAL,0.33843726,0.32759547,0.33396724
CONTROL__7112__2025041002,Grouped-random,validation,NORMAL,OTHER_DISRUPTION,0.34723756,0.28704083,0.36572158
CONTROL__7270__2025010905,Grouped-random,validation,NORMAL,OTHER_DISRUPTION,0.33023462,0.32506052,0.3447049
CONTROL__7270__2025032005,Grouped-random,validation,NORMAL,OTHER_DISRUPTION,0.32330576,0.3327399,0.34395432
CONTROL__7120__2025012322,Grouped-random,validation,NORMAL,ACCIDENT,0.33112907,0.33897725,0.3298937
CONTROL__7120__2025040322,Grouped-random,validation,NORMAL,OTHER_DISRUPTION,0.33023462,0.32506052,0.3447049
CONTROL__7121__2025082822,Grouped-random,validation,NORMAL,ACCIDENT,0.3310562,0.33851227,0.33043143
CONTROL__7121__2025121122,Grouped-random,validation,NORMAL,OTHER_DISRUPTION,0.33023462,0.32506052,0.3447049
CONTROL__7179__2025101700,Grouped-random,validation,NORMAL,NORMAL,0.38553175,0.33071595,0.28375223
CONTROL__7179__2025061300,Grouped-random,validation,NORMAL,NORMAL,0.378451,0.31988278,0.3016662
CONTROL__T0289__2025031513,Grouped-random,validation,NORMAL,OTHER_DISRUPTION,0.33023462,0.32506052,0.3447049
CONTROL__T0289__2025060713,Grouped-random,validation,NORMAL,OTHER_DISRUPTION,0.33023462,0.32506052,0.3447049
CONTROL__T0479-PR__2025051713,Grouped-random,validation,NORMAL,NORMAL,0.36593956,0.32888344,0.30517703
CONTROL__T0479-PR__2025122013,Grouped-random,validation,NORMAL,NORMAL,0.35444677,0.33585724,0.30969602
CONTROL__74230__2025072803,Grouped-random,validation,NORMAL,OTHER_DISRUPTION,0.33023462,0.32506052,0.3447049
CONTROL__74230__2025040703,Grouped-random,validation,NORMAL,NORMAL,0.3371439,0.3308263,0.33202973
CONTROL__50240__2025061619,Grouped-random,validation,NORMAL,NORMAL,0.37503684,0.36894202,0.2560212
CONTROL__50240__2025102719,Grouped-random,validation,NORMAL,OTHER_DISRUPTION,0.31278244,0.33214045,0.35507715
CONTROL__T0479-PR__2025093004,Grouped-random,validation,NORMAL,NORMAL,0.3708438,0.29633185,0.3328243
CONTROL__T0479-PR__2025051304,Grouped-random,validation,NORMAL,NORMAL,0.37453607,0.2955794,0.3298845
CONTROL__7168__2025102106,Grouped-random,validation,NORMAL,NORMAL,0.34116602,0.33137515,0.32745883
CONTROL__7168__2025100706,Grouped-random,validation,NORMAL,NORMAL,0.34241372,0.3269131,0.3306731
CONTROL__7274__2025031920,Grouped-random,validation,NORMAL,OTHER_DISRUPTION,0.33023462,0.32506052,0.3447049
CONTROL__7274__2025091720,Grouped-random,validation,NORMAL,NORMAL,0.3409002,0.31999254,0.33910728
CONTROL__7121__2025052300,Grouped-random,validation,NORMAL,OTHER_DISRUPTION,0.31966957,0.3289039,0.3514266
CONTROL__7121__2025021400,Grouped-random,validation,NORMAL,OTHER_DISRUPTION,0.33023462,0.32506052,0.3447049
CONTROL__7121__2025100303,Grouped-random,validation,NORMAL,NORMAL,0.33582577,0.33401787,0.3301564
CONTROL__7121__2025021403,Grouped-random,validation,NORMAL,OTHER_DISRUPTION,0.33023462,0.32506052,0.3447049
CONTROL__7132__2025030111,Grouped-random,validation,NORMAL,NORMAL,0.3668103,0.364979,0.26821077
CONTROL__7132__2025121311,Grouped-random,validation,NORMAL,NORMAL,0.36756048,0.36445126,0.26798826
CONTROL__51235__2025070720,Grouped-random,validation,NORMAL,NORMAL,0.34426484,0.3216698,0.33406544
CONTROL__51235__2025041420,Grouped-random,validation,NORMAL,NORMAL,0.3428979,0.32356563,0.33353645
CONTROL__10011__2025070803,Grouped-random,validation,NORMAL,OTHER_DISRUPTION,0.33023462,0.32506052,0.3447049
CONTROL__10011__2025120903,Grouped-random,validation,NORMAL,OTHER_DISRUPTION,0.33023462,0.32506052,0.3447049
CONTROL__F3FWY004__2025050616,Grouped-random,validation,NORMAL,OTHER_DISRUPTION,0.33023462,0.32506052,0.3447049
CONTROL__F3FWY004__2025071516,Grouped-random,validation,NORMAL,OTHER_DISRUPTION,0.33023462,0.32506052,0.3447049
CONTROL__7121__2025122419,Grouped-random,validation,NORMAL,OTHER_DISRUPTION,0.33023462,0.32506052,0.3447049
CONTROL__7121__2025120319,Grouped-random,validation,NORMAL,NORMAL,0.35361874,0.3266703,0.31971094
CONTROL__10011__2025010205,Grouped-random,validation,NORMAL,ACCIDENT,0.33415434,0.34872904,0.31711668
CONTROL__10011__2025030605,Grouped-random,validation,NORMAL,ACCIDENT,0.33325213,0.33698842,0.32975948
CONTROL__10011__2025041007,Grouped-random,validation,NORMAL,OTHER_DISRUPTION,0.33023462,0.32506052,0.3447049
CONTROL__10011__2025050107,Grouped-random,validation,NORMAL,OTHER_DISRUPTION,0.33023462,0.32506052,0.3447049
CONTROL__7248__2025070517,Grouped-random,validation,NORMAL,NORMAL,0.3665251,0.36386204,0.2696129
CONTROL__7248__2025051717,Grouped-random,validation,NORMAL,NORMAL,0.36750275,0.36361742,0.26887986
CONTROL__74230__2025083119,Grouped-random,validation,NORMAL,OTHER_DISRUPTION,0.32624984,0.33103737,0.34271273
CONTROL__74230__2025122119,Grouped-random,validation,NORMAL,NORMAL,0.36041367,0.3236284,0.31595793
CONTROL__51235__2025102621,Grouped-random,validation,NORMAL,OTHER_DISRUPTION,0.32760763,0.28974757,0.3826448
CONTROL__51235__2025050421,Grouped-random,validation,NORMAL,NORMAL,0.37419906,0.30535567,0.32044518
CONTROL__7112__2025100821,Grouped-random,validation,NORMAL,NORMAL,0.37658274,0.29134196,0.3320753
CONTROL__7112__2025061821,Grouped-random,validation,NORMAL,NORMAL,0.36725885,0.32311076,0.30963033
CONTROL__23067__2025100301,Grouped-random,validation,NORMAL,OTHER_DISRUPTION,0.3420833,0.31261396,0.34530282
CONTROL__23067__2025072501,Grouped-random,validation,NORMAL,NORMAL,0.3411969,0.32567233,0.3331308
CONTROL__53004__2025041108,Grouped-random,validation,NORMAL,OTHER_DISRUPTION,0.332195,0.3320958,0.33570912
CONTROL__53004__2025102408,Grouped-random,validation,NORMAL,ACCIDENT,0.3462759,0.37809947,0.27562466
CONTROL__7179__2025110304,Grouped-random,validation,NORMAL,NORMAL,0.38909867,0.3110243,0.29987708
CONTROL__7179__2025022404,Grouped-random,validation,NORMAL,OTHER_DISRUPTION,0.33023462,0.32506052,0.3447049
CONTROL__7168__2025070818,Grouped-random,validation,NORMAL,NORMAL,0.3426927,0.31928033,0.33802697
CONTROL__7168__2025070118,Grouped-random,validation,NORMAL,NORMAL,0.38063252,0.3267654,0.29260215
CONTROL__F3FWY004__2025012919,Grouped-random,validation,NORMAL,OTHER_DISRUPTION,0.33023462,0.32506052,0.3447049
CONTROL__F3FWY004__2025091019,Grouped-random,validation,NORMAL,NORMAL,0.3829753,0.34926686,0.26775774
CONTROL__F3FWY003__2025062622,Grouped-random,validation,NORMAL,OTHER_DISRUPTION,0.33023462,0.32506052,0.3447049
CONTROL__F3FWY003__2025073122,Grouped-random,validation,NORMAL,ACCIDENT,0.33343306,0.33574727,0.3308196
CONTROL__F3FWY003__2025061222,Grouped-random,validation,NORMAL,OTHER_DISRUPTION,0.33023462,0.32506052,0.3447049
CONTROL__F3FWY003__2025092522,Grouped-random,validation,NORMAL,NORMAL,0.37688735,0.31427574,0.30883694
CONTROL__33014__2025112507,Grouped-random,validation,NORMAL,OTHER_DISRUPTION,0.33023462,0.32506052,0.3447049
CONTROL__33014__2025120207,Grouped-random,validation,NORMAL,OTHER_DISRUPTION,0.33023462,0.32506052,0.3447049
CONTROL__7179__2025091614,Grouped-random,validation,NORMAL,ACCIDENT,0.36640584,0.3715408,0.26205325
CONTROL__7179__2025093014,Grouped-random,validation,NORMAL,NORMAL,0.37032652,0.36714673,0.26252672
CONTROL__33014__2025040902,Grouped-random,validation,NORMAL,OTHER_DISRUPTION,0.34362668,0.3053925,0.35098085
CONTROL__33014__2025100802,Grouped-random,validation,NORMAL,OTHER_DISRUPTION,0.33023462,0.32506052,0.3447049
CONTROL__T0345__2025110504,Grouped-random,validation,NORMAL,NORMAL,0.38402635,0.28678513,0.32918856
CONTROL__T0345__2025120304,Grouped-random,validation,NORMAL,NORMAL,0.38175228,0.29012638,0.32812133
CONTROL__7161__2025040307,Grouped-random,validation,NORMAL,ACCIDENT,0.3261215,0.34523734,0.32864112
CONTROL__7161__2025122507,Grouped-random,validation,NORMAL,NORMAL,0.37803397,0.30724806,0.31471804
CONTROL__7179__2025021417,Grouped-random,validation,NORMAL,OTHER_DISRUPTION,0.33023462,0.32506052,0.3447049
CONTROL__7179__2025050217,Grouped-random,validation,NORMAL,NORMAL,0.36196044,0.32299542,0.31504413
CONTROL__7179__2025060617,Grouped-random,validation,NORMAL,NORMAL,0.36266732,0.3201088,0.31722397
CONTROL__7179__2025013117,Grouped-random,validation,NORMAL,OTHER_DISRUPTION,0.33023462,0.32506052,0.3447049
CONTROL__53004__2025051302,Grouped-random,validation,NORMAL,OTHER_DISRUPTION,0.35671255,0.26996285,0.37332457
CONTROL__53004__2025011402,Grouped-random,validation,NORMAL,OTHER_DISRUPTION,0.34949496,0.2741589,0.37634614
CONTROL__7248__2025042512,Grouped-random,validation,NORMAL,OTHER_DISRUPTION,0.32563284,0.33205998,0.3423072
CONTROL__7248__2025101712,Grouped-random,validation,NORMAL,NORMAL,0.3592147,0.3315072,0.30927813
CONTROL__7179__2025011308,Grouped-random,validation,NORMAL,OTHER_DISRUPTION,0.33023462,0.32506052,0.3447049
CONTROL__7179__2025102708,Grouped-random,validation,NORMAL,ACCIDENT,0.35887632,0.3747653,0.2663583
CONTROL__7179__2025102008,Grouped-random,validation,NORMAL,ACCIDENT,0.3600408,0.37364316,0.266316
CONTROL__7179__2025120108,Grouped-random,validation,NORMAL,NORMAL,0.36248642,0.33761847,0.29989505
CONTROL__7161__2025112518,Grouped-random,validation,NORMAL,NORMAL,0.37140515,0.3602863,0.26830852
CONTROL__7161__2025031818,Grouped-random,validation,NORMAL,OTHER_DISRUPTION,0.33023462,0.32506052,0.3447049
INCIDENT__219427-webtirf__7121,Grouped-random,test,OTHER_DISRUPTION,OTHER_DISRUPTION,0.33023462,0.32506052,0.3447049
INCIDENT__219564-webtirf__33014,Grouped-random,test,OTHER_DISRUPTION,ACCIDENT,0.3316483,0.33556795,0.33278367
INCIDENT__219630.0-webtirf__7164,Grouped-random,test,OTHER_DISRUPTION,ACCIDENT,0.3074108,0.36789617,0.32469302
INCIDENT__220084-webtirf__7179,Grouped-random,test,OTHER_DISRUPTION,ACCIDENT,0.3335135,0.33519068,0.3312958
INCIDENT__220200.0-webtirf__7179,Grouped-random,test,OTHER_DISRUPTION,OTHER_DISRUPTION,0.33023462,0.32506052,0.3447049
INCIDENT__220217-webtirf__50240,Grouped-random,test,OTHER_DISRUPTION,OTHER_DISRUPTION,0.31903574,0.31294113,0.36802307
INCIDENT__220319-webtirf__7126,Grouped-random,test,OTHER_DISRUPTION,OTHER_DISRUPTION,0.33046496,0.31273958,0.35679546
INCIDENT__220419-webtirf__7119-PR,Grouped-random,test,OTHER_DISRUPTION,OTHER_DISRUPTION,0.32531705,0.32736826,0.34731466
INCIDENT__220429-webtirf__7119-PR,Grouped-random,test,OTHER_DISRUPTION,OTHER_DISRUPTION,0.329589,0.32379064,0.3466203
INCIDENT__220471-webtirf__7120,Grouped-random,test,OTHER_DISRUPTION,OTHER_DISRUPTION,0.33023462,0.32506052,0.3447049
INCIDENT__220664-webtirf__7248,Grouped-random,test,ACCIDENT,NORMAL,0.3670303,0.36527297,0.26769665
INCIDENT__220944-webtirf__51235,Grouped-random,test,OTHER_DISRUPTION,OTHER_DISRUPTION,0.33544436,0.3046266,0.35992903
INCIDENT__220993-webtirf__7132,Grouped-random,test,OTHER_DISRUPTION,NORMAL,0.34889325,0.3306925,0.32041422
INCIDENT__221139-webtirf__10011,Grouped-random,test,OTHER_DISRUPTION,OTHER_DISRUPTION,0.33555767,0.31891638,0.34552598
INCIDENT__221180.0-webtirf__7251,Grouped-random,test,OTHER_DISRUPTION,OTHER_DISRUPTION,0.33023462,0.32506052,0.3447049
INCIDENT__221218-webtirf__7112,Grouped-random,test,OTHER_DISRUPTION,OTHER_DISRUPTION,0.33023462,0.32506052,0.3447049
INCIDENT__221498-webtirf__23067,Grouped-random,test,OTHER_DISRUPTION,ACCIDENT,0.34548613,0.38838756,0.2661262
INCIDENT__221520.0-webtirf__7112,Grouped-random,test,ACCIDENT,NORMAL,0.3732769,0.35356677,0.27315643
INCIDENT__221850.0-webtirf__F3FWY006,Grouped-random,test,OTHER_DISRUPTION,OTHER_DISRUPTION,0.33023462,0.32506052,0.3447049
INCIDENT__221930.0-webtirf__7159,Grouped-random,test,OTHER_DISRUPTION,OTHER_DISRUPTION,0.33023462,0.32506052,0.3447049
INCIDENT__222011-webtirf__33014,Grouped-random,test,OTHER_DISRUPTION,NORMAL,0.3475005,0.33483124,0.31766832
INCIDENT__222481-webtirf__9658,Grouped-random,test,OTHER_DISRUPTION,OTHER_DISRUPTION,0.33023462,0.32506052,0.3447049
INCIDENT__222559-webtirf__7132,Grouped-random,test,ACCIDENT,OTHER_DISRUPTION,0.33023462,0.32506052,0.3447049
INCIDENT__222700.0-webtirf__47024,Grouped-random,test,OTHER_DISRUPTION,OTHER_DISRUPTION,0.33023462,0.32506052,0.3447049
INCIDENT__222788-webtirf__7119-PR,Grouped-random,test,ACCIDENT,OTHER_DISRUPTION,0.33023462,0.32506052,0.3447049
INCIDENT__222835-webtirf__7251,Grouped-random,test,OTHER_DISRUPTION,OTHER_DISRUPTION,0.33023462,0.32506052,0.3447049
INCIDENT__223042-webtirf__7179,Grouped-random,test,OTHER_DISRUPTION,OTHER_DISRUPTION,0.33023462,0.32506052,0.3447049
INCIDENT__223149-webtirf__7168,Grouped-random,test,OTHER_DISRUPTION,OTHER_DISRUPTION,0.33023462,0.32506052,0.3447049
INCIDENT__223489-webtirf__50240,Grouped-random,test,ACCIDENT,OTHER_DISRUPTION,0.33023462,0.32506052,0.3447049
INCIDENT__223661-webtirf__7132,Grouped-random,test,ACCIDENT,OTHER_DISRUPTION,0.33023462,0.32506052,0.3447049
INCIDENT__223705-webtirf__51235,Grouped-random,test,OTHER_DISRUPTION,OTHER_DISRUPTION,0.33023462,0.32506052,0.3447049
INCIDENT__223914-webtirf__68025,Grouped-random,test,ACCIDENT,OTHER_DISRUPTION,0.33023462,0.32506052,0.3447049
INCIDENT__224039-webtirf__7168,Grouped-random,test,OTHER_DISRUPTION,OTHER_DISRUPTION,0.33023462,0.32506052,0.3447049
INCIDENT__224259-webtirf__7184,Grouped-random,test,OTHER_DISRUPTION,OTHER_DISRUPTION,0.33023462,0.32506052,0.3447049
INCIDENT__224287-webtirf__9658,Grouped-random,test,OTHER_DISRUPTION,OTHER_DISRUPTION,0.33023462,0.32506052,0.3447049
INCIDENT__224638-webtirf__22001,Grouped-random,test,OTHER_DISRUPTION,OTHER_DISRUPTION,0.33023462,0.32506052,0.3447049
INCIDENT__224672-webtirf__55049,Grouped-random,test,ACCIDENT,OTHER_DISRUPTION,0.33023462,0.32506052,0.3447049
INCIDENT__224842-webtirf__F3FWY003,Grouped-random,test,OTHER_DISRUPTION,OTHER_DISRUPTION,0.33023462,0.32506052,0.3447049
INCIDENT__225010.0-webtirf__7168,Grouped-random,test,OTHER_DISRUPTION,OTHER_DISRUPTION,0.33023462,0.32506052,0.3447049
INCIDENT__225019-webtirf__9658,Grouped-random,test,OTHER_DISRUPTION,OTHER_DISRUPTION,0.33023462,0.32506052,0.3447049
INCIDENT__225080.0-webtirf__7251,Grouped-random,test,OTHER_DISRUPTION,OTHER_DISRUPTION,0.33023462,0.32506052,0.3447049
INCIDENT__225084-webtirf__29005,Grouped-random,test,OTHER_DISRUPTION,OTHER_DISRUPTION,0.33023462,0.32506052,0.3447049
INCIDENT__225248-webtirf__T0289,Grouped-random,test,OTHER_DISRUPTION,OTHER_DISRUPTION,0.33023462,0.32506052,0.3447049
INCIDENT__225425-webtirf__7179,Grouped-random,test,OTHER_DISRUPTION,OTHER_DISRUPTION,0.32050908,0.31413737,0.3653535
INCIDENT__225556-webtirf__68025,Grouped-random,test,ACCIDENT,ACCIDENT,0.31563464,0.35602248,0.3283429
INCIDENT__225812-webtirf__7153,Grouped-random,test,ACCIDENT,NORMAL,0.34852844,0.32847795,0.32299355
INCIDENT__226785-webtirf__7168,Grouped-random,test,ACCIDENT,OTHER_DISRUPTION,0.3319311,0.32768303,0.34038582
INCIDENT__227008-webtirf__50240,Grouped-random,test,OTHER_DISRUPTION,NORMAL,0.38029352,0.32433626,0.29537025
INCIDENT__227604-webtirf__10011,Grouped-random,test,OTHER_DISRUPTION,OTHER_DISRUPTION,0.33023462,0.32506052,0.3447049
INCIDENT__227935-webtirf__7163,Grouped-random,test,OTHER_DISRUPTION,OTHER_DISRUPTION,0.34293354,0.30793747,0.349129
INCIDENT__228007-webtirf__7150,Grouped-random,test,OTHER_DISRUPTION,OTHER_DISRUPTION,0.33023462,0.32506052,0.3447049
INCIDENT__228179-webtirf__T0479-PR,Grouped-random,test,OTHER_DISRUPTION,OTHER_DISRUPTION,0.34205064,0.3097445,0.34820488
INCIDENT__228203-webtirf__10011,Grouped-random,test,OTHER_DISRUPTION,OTHER_DISRUPTION,0.3147356,0.2945071,0.39075735
INCIDENT__228375-webtirf__F3FWY003,Grouped-random,test,OTHER_DISRUPTION,OTHER_DISRUPTION,0.33023462,0.32506052,0.3447049
INCIDENT__228703-webtirf__7161,Grouped-random,test,ACCIDENT,NORMAL,0.33954605,0.33237195,0.3280819
INCIDENT__229123-webtirf__53003,Grouped-random,test,ACCIDENT,NORMAL,0.38132095,0.3226936,0.29598543
INCIDENT__229592-webtirf__7119-PR,Grouped-random,test,ACCIDENT,OTHER_DISRUPTION,0.33349547,0.33130005,0.33520454
INCIDENT__229636-webtirf__T0231,Grouped-random,test,ACCIDENT,NORMAL,0.3662905,0.3452486,0.2884609
INCIDENT__229849-webtirf__68025,Grouped-random,test,OTHER_DISRUPTION,NORMAL,0.37532902,0.31313086,0.31154016
INCIDENT__230015-webtirf__F3FWY006,Grouped-random,test,OTHER_DISRUPTION,OTHER_DISRUPTION,0.33023462,0.32506052,0.3447049
INCIDENT__230395-webtirf__22001,Grouped-random,test,OTHER_DISRUPTION,OTHER_DISRUPTION,0.33023462,0.32506052,0.3447049
INCIDENT__230427-webtirf__7270,Grouped-random,test,OTHER_DISRUPTION,NORMAL,0.36983728,0.3164418,0.31372082
INCIDENT__230679-webtirf__T0289,Grouped-random,test,ACCIDENT,OTHER_DISRUPTION,0.3241089,0.3267845,0.34910658
INCIDENT__230746-webtirf__10011,Grouped-random,test,OTHER_DISRUPTION,OTHER_DISRUPTION,0.33023462,0.32506052,0.3447049
INCIDENT__230789-webtirf__7274,Grouped-random,test,ACCIDENT,ACCIDENT,0.3322873,0.3347538,0.33295885
INCIDENT__230884-webtirf__50240,Grouped-random,test,OTHER_DISRUPTION,ACCIDENT,0.36742064,0.37976933,0.25281
INCIDENT__230965-webtirf__51235,Grouped-random,test,OTHER_DISRUPTION,ACCIDENT,0.3574285,0.36321953,0.27935198
INCIDENT__231158-webtirf__T0289,Grouped-random,test,OTHER_DISRUPTION,OTHER_DISRUPTION,0.33023462,0.32506052,0.3447049
INCIDENT__231252-webtirf__7274,Grouped-random,test,OTHER_DISRUPTION,NORMAL,0.36547753,0.2764214,0.35810116
INCIDENT__231572-webtirf__7112,Grouped-random,test,ACCIDENT,NORMAL,0.36873522,0.35627773,0.27498713
INCIDENT__231614-webtirf__T0288,Grouped-random,test,OTHER_DISRUPTION,ACCIDENT,0.33389255,0.3377767,0.32833076
INCIDENT__231614-webtirf__T0290,Grouped-random,test,OTHER_DISRUPTION,OTHER_DISRUPTION,0.3385097,0.31160688,0.34988347
INCIDENT__231681-webtirf__F3FWY004,Grouped-random,test,OTHER_DISRUPTION,OTHER_DISRUPTION,0.33023462,0.32506052,0.3447049
INCIDENT__231892-webtirf__7153,Grouped-random,test,ACCIDENT,NORMAL,0.34605196,0.32437712,0.329571
INCIDENT__231910.0-webtirf__7248,Grouped-random,test,ACCIDENT,OTHER_DISRUPTION,0.32711738,0.32058793,0.35229468
INCIDENT__232015-webtirf__7184,Grouped-random,test,OTHER_DISRUPTION,OTHER_DISRUPTION,0.3299222,0.30800417,0.36207375
INCIDENT__232317-webtirf__7153,Grouped-random,test,OTHER_DISRUPTION,NORMAL,0.34069198,0.33102325,0.3282847
INCIDENT__232617-webtirf__7163,Grouped-random,test,ACCIDENT,NORMAL,0.33655465,0.33377835,0.3296671
INCIDENT__232636-webtirf__7120,Grouped-random,test,OTHER_DISRUPTION,ACCIDENT,0.32610846,0.33790764,0.33598384
INCIDENT__232807-webtirf__7251,Grouped-random,test,OTHER_DISRUPTION,OTHER_DISRUPTION,0.33898845,0.2949434,0.36606815
INCIDENT__232900.0-webtirf__29005,Grouped-random,test,OTHER_DISRUPTION,OTHER_DISRUPTION,0.33836403,0.2776959,0.3839401
INCIDENT__232975-webtirf__7121,Grouped-random,test,OTHER_DISRUPTION,NORMAL,0.34409755,0.32422838,0.3316741
INCIDENT__233269-webtirf__57025,Grouped-random,test,OTHER_DISRUPTION,NORMAL,0.36653796,0.30397853,0.3294835
INCIDENT__233510.0-webtirf__74229,Grouped-random,test,OTHER_DISRUPTION,NORMAL,0.36394095,0.29622653,0.3398325
INCIDENT__233651-webtirf__51235,Grouped-random,test,OTHER_DISRUPTION,ACCIDENT,0.33065063,0.33910516,0.33024427
INCIDENT__233783-webtirf__23067,Grouped-random,test,OTHER_DISRUPTION,NORMAL,0.37059432,0.3079802,0.3214254
INCIDENT__233941-webtirf__53004,Grouped-random,test,OTHER_DISRUPTION,OTHER_DISRUPTION,0.35549498,0.27812356,0.36638156
INCIDENT__233993-webtirf__7168,Grouped-random,test,ACCIDENT,NORMAL,0.34880325,0.31657565,0.33462107
INCIDENT__234119-webtirf__55049,Grouped-random,test,OTHER_DISRUPTION,NORMAL,0.3643677,0.3235973,0.312035
INCIDENT__234266-webtirf__7179,Grouped-random,test,OTHER_DISRUPTION,NORMAL,0.3456269,0.31828058,0.3360925
INCIDENT__234535-webtirf__7153,Grouped-random,test,ACCIDENT,NORMAL,0.38424122,0.30563095,0.3101278
INCIDENT__234738-webtirf__29005,Grouped-random,test,ACCIDENT,NORMAL,0.39436188,0.34060264,0.26503548
INCIDENT__234815-webtirf__9658,Grouped-random,test,OTHER_DISRUPTION,NORMAL,0.34662378,0.3213595,0.33201674
INCIDENT__234896-webtirf__23067,Grouped-random,test,OTHER_DISRUPTION,NORMAL,0.39033657,0.29490694,0.3147565
INCIDENT__235757-webtirf__7119-PR,Grouped-random,test,OTHER_DISRUPTION,NORMAL,0.34864128,0.3179142,0.33344445
INCIDENT__235953-webtirf__F3FWY001,Grouped-random,test,ACCIDENT,NORMAL,0.3676833,0.31592292,0.31639373
INCIDENT__236375-webtirf__7112,Grouped-random,test,OTHER_DISRUPTION,OTHER_DISRUPTION,0.33023462,0.32506052,0.3447049
INCIDENT__236617-webtirf__33014,Grouped-random,test,OTHER_DISRUPTION,NORMAL,0.36682677,0.32235414,0.3108191
INCIDENT__236842-webtirf__7121,Grouped-random,test,OTHER_DISRUPTION,OTHER_DISRUPTION,0.3490629,0.27261665,0.3783204
INCIDENT__237247-webtirf__7270,Grouped-random,test,ACCIDENT,NORMAL,0.35456747,0.33056816,0.3148644
INCIDENT__237252-webtirf__53004,Grouped-random,test,OTHER_DISRUPTION,NORMAL,0.3640946,0.35972324,0.2761822
INCIDENT__237280.0-webtirf__53004,Grouped-random,test,OTHER_DISRUPTION,NORMAL,0.3588307,0.31929696,0.32187232
INCIDENT__238010.0-webtirf__7248,Grouped-random,test,OTHER_DISRUPTION,ACCIDENT,0.34773308,0.3688493,0.28341764
INCIDENT__238176-webtirf__23067,Grouped-random,test,OTHER_DISRUPTION,NORMAL,0.3492238,0.32861775,0.32215843
INCIDENT__238387-webtirf__7121,Grouped-random,test,OTHER_DISRUPTION,OTHER_DISRUPTION,0.33023462,0.32506052,0.3447049
INCIDENT__238393-webtirf__7153,Grouped-random,test,ACCIDENT,OTHER_DISRUPTION,0.32463375,0.33067557,0.3446907
INCIDENT__238492-webtirf__T0479-PR,Grouped-random,test,OTHER_DISRUPTION,NORMAL,0.34944472,0.3182413,0.33231398
INCIDENT__238536-webtirf__7179,Grouped-random,test,OTHER_DISRUPTION,NORMAL,0.3808282,0.28659824,0.33257356
INCIDENT__238601-webtirf__50260,Grouped-random,test,OTHER_DISRUPTION,NORMAL,0.3513311,0.3240832,0.3245857
INCIDENT__239024-webtirf__7184,Grouped-random,test,ACCIDENT,NORMAL,0.35368657,0.30439675,0.34191668
INCIDENT__239062-webtirf__7163,Grouped-random,test,OTHER_DISRUPTION,OTHER_DISRUPTION,0.32331264,0.3039799,0.3727075
INCIDENT__239178-webtirf__7248,Grouped-random,test,OTHER_DISRUPTION,ACCIDENT,0.35073942,0.3643809,0.28487965
INCIDENT__239331-webtirf__T0231,Grouped-random,test,ACCIDENT,NORMAL,0.35764635,0.32778373,0.31456983
INCIDENT__239350.0-webtirf__68025,Grouped-random,test,OTHER_DISRUPTION,NORMAL,0.35976744,0.2821806,0.35805196
INCIDENT__239375-webtirf__7161,Grouped-random,test,OTHER_DISRUPTION,OTHER_DISRUPTION,0.33244684,0.2786077,0.38894546
INCIDENT__239377-webtirf__9658,Grouped-random,test,ACCIDENT,NORMAL,0.36062458,0.28440064,0.35497475
INCIDENT__239398-webtirf__68025,Grouped-random,test,OTHER_DISRUPTION,NORMAL,0.35234237,0.31193578,0.3357219
INCIDENT__239820.0-webtirf__68025,Grouped-random,test,ACCIDENT,OTHER_DISRUPTION,0.32612392,0.33016163,0.3437145
INCIDENT__239939-webtirf__7248,Grouped-random,test,OTHER_DISRUPTION,OTHER_DISRUPTION,0.3471478,0.30030155,0.3525507
INCIDENT__239963-webtirf__7153,Grouped-random,test,ACCIDENT,NORMAL,0.34374744,0.32171085,0.3345417
INCIDENT__240223-webtirf__33014,Grouped-random,test,OTHER_DISRUPTION,OTHER_DISRUPTION,0.33023462,0.32506052,0.3447049
INCIDENT__240263-webtirf__33014,Grouped-random,test,OTHER_DISRUPTION,OTHER_DISRUPTION,0.33023462,0.32506052,0.3447049
INCIDENT__240275-webtirf__7251,Grouped-random,test,OTHER_DISRUPTION,NORMAL,0.38068664,0.2855023,0.3338111
INCIDENT__240298-webtirf__7119-PR,Grouped-random,test,ACCIDENT,NORMAL,0.35448664,0.35342574,0.2920876
INCIDENT__240466-webtirf__7251,Grouped-random,test,ACCIDENT,NORMAL,0.3604436,0.3603753,0.27918115
INCIDENT__240471-webtirf__74230,Grouped-random,test,OTHER_DISRUPTION,OTHER_DISRUPTION,0.32262632,0.32361576,0.3537579
INCIDENT__240509-webtirf__7248,Grouped-random,test,OTHER_DISRUPTION,NORMAL,0.34824172,0.31880918,0.3329491
INCIDENT__240656-webtirf__50240,Grouped-random,test,OTHER_DISRUPTION,NORMAL,0.3697098,0.36819002,0.26210028
INCIDENT__240721-webtirf__29005,Grouped-random,test,OTHER_DISRUPTION,NORMAL,0.36357123,0.28832603,0.34810278
INCIDENT__240827-webtirf__7274,Grouped-random,test,ACCIDENT,NORMAL,0.34720314,0.3257522,0.32704464
INCIDENT__241476-webtirf__23067,Grouped-random,test,OTHER_DISRUPTION,NORMAL,0.3744018,0.3406634,0.28493473
INCIDENT__241577-webtirf__22001,Grouped-random,test,OTHER_DISRUPTION,OTHER_DISRUPTION,0.33023462,0.32506052,0.3447049
INCIDENT__241603-webtirf__7248,Grouped-random,test,OTHER_DISRUPTION,NORMAL,0.3722327,0.32442874,0.30333853
INCIDENT__241643-webtirf__T0290,Grouped-random,test,OTHER_DISRUPTION,ACCIDENT,0.28905377,0.39453384,0.31641242
INCIDENT__241738-webtirf__7120,Grouped-random,test,OTHER_DISRUPTION,NORMAL,0.3686601,0.34630898,0.28503087
INCIDENT__241744-webtirf__7112,Grouped-random,test,ACCIDENT,NORMAL,0.34463722,0.32321188,0.33215088
INCIDENT__241875-webtirf__10011,Grouped-random,test,ACCIDENT,OTHER_DISRUPTION,0.33023462,0.32506052,0.3447049
INCIDENT__241875-webtirf__7139,Grouped-random,test,ACCIDENT,NORMAL,0.3658094,0.31602964,0.318161
INCIDENT__241884-webtirf__7161,Grouped-random,test,ACCIDENT,NORMAL,0.34135807,0.32074082,0.33790112
INCIDENT__242124-webtirf__7179,Grouped-random,test,ACCIDENT,NORMAL,0.36550355,0.31453013,0.31996626
INCIDENT__242498-webtirf__68025,Grouped-random,test,OTHER_DISRUPTION,NORMAL,0.34479403,0.33329293,0.32191303
INCIDENT__242544-webtirf__7179,Grouped-random,test,ACCIDENT,NORMAL,0.36973593,0.36297524,0.26728886
INCIDENT__242549-webtirf__7120,Grouped-random,test,OTHER_DISRUPTION,OTHER_DISRUPTION,0.32082272,0.3305807,0.3485965
INCIDENT__242744-webtirf__7248,Grouped-random,test,ACCIDENT,OTHER_DISRUPTION,0.33023462,0.32506052,0.3447049
INCIDENT__242906-webtirf__T0290,Grouped-random,test,ACCIDENT,OTHER_DISRUPTION,0.3271151,0.32737643,0.3455085
INCIDENT__242906-webtirf__T0479-PR,Grouped-random,test,ACCIDENT,OTHER_DISRUPTION,0.34378192,0.31005692,0.3461611
INCIDENT__243103-webtirf__7161,Grouped-random,test,OTHER_DISRUPTION,NORMAL,0.3639497,0.315278,0.3207723
INCIDENT__243114-webtirf__7161,Grouped-random,test,OTHER_DISRUPTION,OTHER_DISRUPTION,0.32147977,0.28493094,0.39358926
INCIDENT__243116-webtirf__F3FWY006,Grouped-random,test,OTHER_DISRUPTION,NORMAL,0.38817182,0.27109686,0.34073132
INCIDENT__243159-webtirf__7161,Grouped-random,test,OTHER_DISRUPTION,NORMAL,0.34331465,0.33402866,0.32265666
INCIDENT__243286-webtirf__47024,Grouped-random,test,OTHER_DISRUPTION,ACCIDENT,0.34700266,0.37556973,0.27742767
INCIDENT__243965-webtirf__7126,Grouped-random,test,ACCIDENT,NORMAL,0.34094885,0.3207156,0.3383355
INCIDENT__243986-webtirf__7120,Grouped-random,test,OTHER_DISRUPTION,NORMAL,0.36542767,0.31740627,0.31716606
INCIDENT__244075-webtirf__7163,Grouped-random,test,OTHER_DISRUPTION,NORMAL,0.34420744,0.3292715,0.326521
INCIDENT__244317-webtirf__7179,Grouped-random,test,OTHER_DISRUPTION,OTHER_DISRUPTION,0.3341167,0.31781125,0.34807208
INCIDENT__244797-webtirf__7270,Grouped-random,test,ACCIDENT,NORMAL,0.34519118,0.31638032,0.33842847
INCIDENT__244920.0-webtirf__7251,Grouped-random,test,OTHER_DISRUPTION,NORMAL,0.37394223,0.33052382,0.2955339
INCIDENT__244979-webtirf__9658,Grouped-random,test,ACCIDENT,NORMAL,0.3632444,0.315608,0.32114762
INCIDENT__244980.0-webtirf__F3FWY003,Grouped-random,test,OTHER_DISRUPTION,ACCIDENT,0.35000023,0.38215286,0.2678469
INCIDENT__245017-webtirf__7179,Grouped-random,test,OTHER_DISRUPTION,NORMAL,0.36637202,0.3061611,0.3274668
INCIDENT__245069-webtirf__7179,Grouped-random,test,OTHER_DISRUPTION,NORMAL,0.36541656,0.2848291,0.3497542
INCIDENT__245089-webtirf__7179,Grouped-random,test,OTHER_DISRUPTION,NORMAL,0.3576643,0.33306646,0.30926937
INCIDENT__245140.0-webtirf__7112,Grouped-random,test,ACCIDENT,OTHER_DISRUPTION,0.33944488,0.30956024,0.35099483
INCIDENT__245251-webtirf__F3FWY003,Grouped-random,test,ACCIDENT,NORMAL,0.36085802,0.323381,0.31576094
INCIDENT__245764-webtirf__33014,Grouped-random,test,OTHER_DISRUPTION,OTHER_DISRUPTION,0.33023462,0.32506052,0.3447049
INCIDENT__245787-webtirf__7179,Grouped-random,test,OTHER_DISRUPTION,NORMAL,0.377463,0.3138596,0.30867735
INCIDENT__245854-webtirf__9849,Grouped-random,test,ACCIDENT,ACCIDENT,0.33076558,0.33886135,0.33037308
INCIDENT__246108-webtirf__7112,Grouped-random,test,ACCIDENT,OTHER_DISRUPTION,0.3191866,0.32318944,0.35762393
INCIDENT__246742-webtirf__74230,Grouped-random,test,OTHER_DISRUPTION,OTHER_DISRUPTION,0.33023462,0.32506052,0.3447049
INCIDENT__246935-webtirf__51235,Grouped-random,test,OTHER_DISRUPTION,NORMAL,0.34402543,0.3430573,0.31291726
INCIDENT__246952-webtirf__7121,Grouped-random,test,OTHER_DISRUPTION,OTHER_DISRUPTION,0.3363184,0.32398838,0.33969328
INCIDENT__247316-webtirf__7112,Grouped-random,test,OTHER_DISRUPTION,OTHER_DISRUPTION,0.33023462,0.32506052,0.3447049
INCIDENT__247454-webtirf__51235,Grouped-random,test,OTHER_DISRUPTION,OTHER_DISRUPTION,0.3352539,0.32518277,0.33956337
INCIDENT__247511-webtirf__50240,Grouped-random,test,OTHER_DISRUPTION,NORMAL,0.3731469,0.3370933,0.2897598
INCIDENT__247517-webtirf__51235,Grouped-random,test,OTHER_DISRUPTION,NORMAL,0.3558983,0.29461023,0.34949148
INCIDENT__247639-webtirf__100001,Grouped-random,test,ACCIDENT,NORMAL,0.37018257,0.3304879,0.2993295
INCIDENT__247756-webtirf__23067,Grouped-random,test,OTHER_DISRUPTION,NORMAL,0.37976965,0.3183246,0.30190578
INCIDENT__247764-webtirf__7164,Grouped-random,test,ACCIDENT,OTHER_DISRUPTION,0.32765,0.3268365,0.34551352
INCIDENT__247936-webtirf__7120,Grouped-random,test,OTHER_DISRUPTION,NORMAL,0.36768383,0.31215066,0.32016546
INCIDENT__248068-webtirf__7270,Grouped-random,test,OTHER_DISRUPTION,NORMAL,0.35886127,0.32257295,0.31856573
INCIDENT__248105-webtirf__7120,Grouped-random,test,OTHER_DISRUPTION,OTHER_DISRUPTION,0.31826866,0.29722652,0.3845049
INCIDENT__248460.0-webtirf__7121,Grouped-random,test,OTHER_DISRUPTION,ACCIDENT,0.32956925,0.34521338,0.32521734
INCIDENT__249008-webtirf__7120,Grouped-random,test,OTHER_DISRUPTION,ACCIDENT,0.3295083,0.33868563,0.33180615
INCIDENT__249142-webtirf__7251,Grouped-random,test,OTHER_DISRUPTION,NORMAL,0.36720702,0.3163022,0.31649077
INCIDENT__249614-webtirf__7168,Grouped-random,test,ACCIDENT,NORMAL,0.33778915,0.336967,0.3252438
INCIDENT__249624-webtirf__51235,Grouped-random,test,ACCIDENT,NORMAL,0.34593174,0.3410578,0.31301057
INCIDENT__249725-webtirf__53003,Grouped-random,test,OTHER_DISRUPTION,NORMAL,0.37168103,0.3251682,0.30315074
INCIDENT__249852-webtirf__7123-PR,Grouped-random,test,ACCIDENT,ACCIDENT,0.33531713,0.3404058,0.32427704
INCIDENT__249939-webtirf__7121,Grouped-random,test,OTHER_DISRUPTION,OTHER_DISRUPTION,0.3353215,0.32187116,0.34280726
INCIDENT__250098-webtirf__7120,Grouped-random,test,ACCIDENT,OTHER_DISRUPTION,0.33397296,0.3270298,0.3389972
INCIDENT__250172-webtirf__7120,Grouped-random,test,OTHER_DISRUPTION,OTHER_DISRUPTION,0.3319867,0.31195393,0.3560593
INCIDENT__250294-webtirf__23067,Grouped-random,test,OTHER_DISRUPTION,ACCIDENT,0.3440833,0.39460707,0.26130953
INCIDENT__250981-webtirf__7184,Grouped-random,test,OTHER_DISRUPTION,NORMAL,0.37286228,0.2869228,0.3402149
INCIDENT__251315-webtirf__33014,Grouped-random,test,OTHER_DISRUPTION,OTHER_DISRUPTION,0.33023462,0.32506052,0.3447049
INCIDENT__251526-webtirf__7179,Grouped-random,test,OTHER_DISRUPTION,ACCIDENT,0.34948447,0.3757083,0.27480727
INCIDENT__251641-webtirf__51235,Grouped-random,test,ACCIDENT,OTHER_DISRUPTION,0.33717766,0.32244945,0.34037283
INCIDENT__251899-webtirf__7251,Grouped-random,test,OTHER_DISRUPTION,OTHER_DISRUPTION,0.3505736,0.2918955,0.3575309
INCIDENT__252238-webtirf__T0290,Grouped-random,test,OTHER_DISRUPTION,OTHER_DISRUPTION,0.33023462,0.32506052,0.3447049
INCIDENT__252238-webtirf__T0479-PR,Grouped-random,test,OTHER_DISRUPTION,NORMAL,0.38121194,0.3639881,0.25479996
INCIDENT__252277-webtirf__F3FWY006,Grouped-random,test,OTHER_DISRUPTION,NORMAL,0.3759645,0.32101116,0.30302435
INCIDENT__252421-webtirf__33014,Grouped-random,test,OTHER_DISRUPTION,OTHER_DISRUPTION,0.33023462,0.32506052,0.3447049
INCIDENT__252593-webtirf__7120,Grouped-random,test,ACCIDENT,NORMAL,0.36233574,0.31389076,0.32377347
INCIDENT__252715-webtirf__29005,Grouped-random,test,OTHER_DISRUPTION,ACCIDENT,0.32945567,0.3388801,0.33166423
INCIDENT__252747-webtirf__7139,Grouped-random,test,OTHER_DISRUPTION,NORMAL,0.37919673,0.31540427,0.30539903
INCIDENT__252803-webtirf__7179,Grouped-random,test,ACCIDENT,ACCIDENT,0.36124238,0.37264138,0.26611626
INCIDENT__252808-webtirf__53003,Grouped-random,test,OTHER_DISRUPTION,NORMAL,0.3663478,0.32663715,0.30701503
INCIDENT__252963-webtirf__50240,Grouped-random,test,OTHER_DISRUPTION,NORMAL,0.3690375,0.3390132,0.29194924
INCIDENT__252972-webtirf__7120,Grouped-random,test,ACCIDENT,NORMAL,0.36980167,0.35058817,0.27961007
INCIDENT__253135-webtirf__7120,Grouped-random,test,OTHER_DISRUPTION,OTHER_DISRUPTION,0.32025978,0.2976738,0.3820665
INCIDENT__253151-webtirf__7248,Grouped-random,test,OTHER_DISRUPTION,NORMAL,0.3366961,0.32772902,0.33557487
INCIDENT__253324-webtirf__F3FWY003,Grouped-random,test,OTHER_DISRUPTION,NORMAL,0.37307876,0.33107272,0.2958485
INCIDENT__253488-webtirf__9658,Grouped-random,test,ACCIDENT,NORMAL,0.3651379,0.35013908,0.284723
INCIDENT__253520-webtirf__50250,Grouped-random,test,ACCIDENT,OTHER_DISRUPTION,0.3212689,0.32899845,0.3497327
INCIDENT__253707-webtirf__10011,Grouped-random,test,OTHER_DISRUPTION,OTHER_DISRUPTION,0.33023462,0.32506052,0.3447049
INCIDENT__253804-webtirf__34016,Grouped-random,test,OTHER_DISRUPTION,NORMAL,0.36120105,0.35786396,0.28093496
INCIDENT__254038-webtirf__F3FWY004,Grouped-random,test,OTHER_DISRUPTION,OTHER_DISRUPTION,0.33023462,0.32506052,0.3447049
INCIDENT__254059-webtirf__33014,Grouped-random,test,OTHER_DISRUPTION,OTHER_DISRUPTION,0.33023462,0.32506052,0.3447049
INCIDENT__254104-webtirf__7179,Grouped-random,test,ACCIDENT,NORMAL,0.3879182,0.28726014,0.32482168
INCIDENT__254124-webtirf__7184,Grouped-random,test,OTHER_DISRUPTION,NORMAL,0.35496902,0.31874466,0.32628632
INCIDENT__254469-webtirf__7184,Grouped-random,test,OTHER_DISRUPTION,NORMAL,0.3942778,0.28653103,0.31919122
INCIDENT__254633-webtirf__7184,Grouped-random,test,OTHER_DISRUPTION,NORMAL,0.3554857,0.3347154,0.309799
INCIDENT__254695-webtirf__T0479-PR,Grouped-random,test,OTHER_DISRUPTION,OTHER_DISRUPTION,0.33153972,0.29019368,0.37826654
INCIDENT__255305-webtirf__7150,Grouped-random,test,OTHER_DISRUPTION,NORMAL,0.3967401,0.2987775,0.3044824
INCIDENT__255387-webtirf__7126,Grouped-random,test,ACCIDENT,NORMAL,0.36570022,0.35047913,0.28382057
INCIDENT__255402-webtirf__F3FWY003,Grouped-random,test,ACCIDENT,NORMAL,0.38572675,0.34953612,0.26473713
INCIDENT__255600-webtirf__74230,Grouped-random,test,OTHER_DISRUPTION,NORMAL,0.3690403,0.31154412,0.31941554
INCIDENT__255833-webtirf__T0290,Grouped-random,test,OTHER_DISRUPTION,OTHER_DISRUPTION,0.32324833,0.33295962,0.34379202
INCIDENT__256351-webtirf__7121,Grouped-random,test,ACCIDENT,NORMAL,0.33840555,0.3285017,0.33309272
INCIDENT__256560-webtirf__7112,Grouped-random,test,OTHER_DISRUPTION,ACCIDENT,0.34993383,0.35956272,0.29050347
INCIDENT__256948-webtirf__7163,Grouped-random,test,OTHER_DISRUPTION,OTHER_DISRUPTION,0.33151945,0.33059892,0.33788165
INCIDENT__256949-webtirf__7163,Grouped-random,test,OTHER_DISRUPTION,OTHER_DISRUPTION,0.3275588,0.2791787,0.39326254
INCIDENT__257658-webtirf__7132,Grouped-random,test,OTHER_DISRUPTION,ACCIDENT,0.3281685,0.34474692,0.3270845
INCIDENT__257678-webtirf__F3FWY004,Grouped-random,test,OTHER_DISRUPTION,OTHER_DISRUPTION,0.33023462,0.32506052,0.3447049
INCIDENT__258277-webtirf__7121,Grouped-random,test,OTHER_DISRUPTION,OTHER_DISRUPTION,0.33023462,0.32506052,0.3447049
INCIDENT__258519-webtirf__74229,Grouped-random,test,OTHER_DISRUPTION,ACCIDENT,0.33312553,0.33898166,0.32789272
INCIDENT__258628-webtirf__7119-PR,Grouped-random,test,OTHER_DISRUPTION,NORMAL,0.34572592,0.33319634,0.32107776
INCIDENT__258710-webtirf__7251,Grouped-random,test,OTHER_DISRUPTION,OTHER_DISRUPTION,0.3447063,0.294461,0.36083272
INCIDENT__258760-webtirf__33014,Grouped-random,test,OTHER_DISRUPTION,OTHER_DISRUPTION,0.33023462,0.32506052,0.3447049
INCIDENT__259131-webtirf__7121,Grouped-random,test,ACCIDENT,OTHER_DISRUPTION,0.33023462,0.32506052,0.3447049
INCIDENT__259184-webtirf__7179,Grouped-random,test,ACCIDENT,ACCIDENT,0.37004235,0.37285596,0.2571017
INCIDENT__259224-webtirf__7179,Grouped-random,test,ACCIDENT,ACCIDENT,0.36425546,0.37378818,0.2619563
INCIDENT__259289-webtirf__7132,Grouped-random,test,OTHER_DISRUPTION,ACCIDENT,0.3377588,0.33989513,0.32234606
INCIDENT__259366-webtirf__7120,Grouped-random,test,OTHER_DISRUPTION,OTHER_DISRUPTION,0.35085213,0.2932233,0.35592464
INCIDENT__259383-webtirf__7179,Grouped-random,test,OTHER_DISRUPTION,NORMAL,0.36484066,0.31918663,0.31597266
INCIDENT__259820-webtirf__7184,Grouped-random,test,OTHER_DISRUPTION,ACCIDENT,0.33056858,0.349635,0.31979638
INCIDENT__260144-webtirf__74230,Grouped-random,test,OTHER_DISRUPTION,NORMAL,0.33576113,0.33261687,0.33162206
INCIDENT__260157-webtirf__7179,Grouped-random,test,OTHER_DISRUPTION,NORMAL,0.35932058,0.3306112,0.31006822
INCIDENT__260291-webtirf__7121,Grouped-random,test,OTHER_DISRUPTION,OTHER_DISRUPTION,0.33023462,0.32506052,0.3447049
INCIDENT__260293-webtirf__10011,Grouped-random,test,ACCIDENT,OTHER_DISRUPTION,0.33023462,0.32506052,0.3447049
INCIDENT__260293-webtirf__7139,Grouped-random,test,ACCIDENT,OTHER_DISRUPTION,0.33023462,0.32506052,0.3447049
INCIDENT__260327-webtirf__7153,Grouped-random,test,ACCIDENT,OTHER_DISRUPTION,0.33023462,0.32506052,0.3447049
INCIDENT__260389-webtirf__7123-PR,Grouped-random,test,ACCIDENT,NORMAL,0.36203504,0.2901477,0.3478173
INCIDENT__260472-webtirf__7163,Grouped-random,test,OTHER_DISRUPTION,OTHER_DISRUPTION,0.3286071,0.3279071,0.34348586
INCIDENT__260529-webtirf__7161,Grouped-random,test,OTHER_DISRUPTION,NORMAL,0.34092012,0.3292115,0.32986832
INCIDENT__260541-webtirf__10011,Grouped-random,test,OTHER_DISRUPTION,OTHER_DISRUPTION,0.33023462,0.32506052,0.3447049
CONTROL__7121__2025032604,Grouped-random,test,NORMAL,OTHER_DISRUPTION,0.32978785,0.30514714,0.36506507
CONTROL__7121__2025091704,Grouped-random,test,NORMAL,OTHER_DISRUPTION,0.33718687,0.3255419,0.33727115
CONTROL__F3FWY003__2025052400,Grouped-random,test,NORMAL,OTHER_DISRUPTION,0.33023462,0.32506052,0.3447049
CONTROL__F3FWY003__2025122700,Grouped-random,test,NORMAL,NORMAL,0.36291474,0.31514153,0.3219437
CONTROL__33014__2025072600,Grouped-random,test,NORMAL,OTHER_DISRUPTION,0.33023462,0.32506052,0.3447049
CONTROL__33014__2025082300,Grouped-random,test,NORMAL,OTHER_DISRUPTION,0.33023462,0.32506052,0.3447049
CONTROL__F3FWY003__2025090606,Grouped-random,test,NORMAL,NORMAL,0.3704072,0.34193835,0.2876544
CONTROL__F3FWY003__2025072606,Grouped-random,test,NORMAL,OTHER_DISRUPTION,0.33023462,0.32506052,0.3447049
CONTROL__7164__2025121421,Grouped-random,test,NORMAL,NORMAL,0.36047694,0.32275116,0.31677184
CONTROL__7164__2025082421,Grouped-random,test,NORMAL,NORMAL,0.36293566,0.31584442,0.32121983
CONTROL__7179__2025041722,Grouped-random,test,NORMAL,NORMAL,0.34951493,0.32331318,0.32717192
CONTROL__7179__2025100922,Grouped-random,test,NORMAL,NORMAL,0.3731964,0.29196754,0.334836
CONTROL__7179__2025082921,Grouped-random,test,NORMAL,NORMAL,0.35426328,0.29205966,0.3536771
CONTROL__7179__2025031421,Grouped-random,test,NORMAL,NORMAL,0.36688423,0.36617744,0.26693833
CONTROL__50240__2025101802,Grouped-random,test,NORMAL,NORMAL,0.36707738,0.31538397,0.31753868
CONTROL__50240__2025020102,Grouped-random,test,NORMAL,OTHER_DISRUPTION,0.33023462,0.32506052,0.3447049
CONTROL__7126__2025022400,Grouped-random,test,NORMAL,OTHER_DISRUPTION,0.33023462,0.32506052,0.3447049
CONTROL__7126__2025031000,Grouped-random,test,NORMAL,OTHER_DISRUPTION,0.33023462,0.32506052,0.3447049
CONTROL__7119-PR__2025091519,Grouped-random,test,NORMAL,NORMAL,0.36958393,0.34545454,0.28496158
CONTROL__7119-PR__2025021719,Grouped-random,test,NORMAL,OTHER_DISRUPTION,0.33023462,0.32506052,0.3447049
CONTROL__7119-PR__2025090821,Grouped-random,test,NORMAL,NORMAL,0.4003499,0.2935421,0.30610803
CONTROL__7119-PR__2025010621,Grouped-random,test,NORMAL,NORMAL,0.36515573,0.3150654,0.31977886
CONTROL__7120__2025040102,Grouped-random,test,NORMAL,NORMAL,0.36104804,0.28237942,0.3565725
CONTROL__7120__2025031102,Grouped-random,test,NORMAL,OTHER_DISRUPTION,0.33023462,0.32506052,0.3447049
CONTROL__7248__2025102908,Grouped-random,test,NORMAL,OTHER_DISRUPTION,0.33023462,0.32506052,0.3447049
CONTROL__7248__2025010108,Grouped-random,test,NORMAL,NORMAL,0.37141624,0.30860117,0.31998268
CONTROL__51235__2025031402,Grouped-random,test,NORMAL,OTHER_DISRUPTION,0.3508363,0.2738535,0.37531018
CONTROL__51235__2025112802,Grouped-random,test,NORMAL,OTHER_DISRUPTION,0.3381316,0.27459612,0.38727224
CONTROL__7132__2025091204,Grouped-random,test,NORMAL,NORMAL,0.3561363,0.30734304,0.33652064
CONTROL__7132__2025100304,Grouped-random,test,NORMAL,NORMAL,0.37872347,0.31669268,0.30458385
CONTROL__10011__2025091221,Grouped-random,test,NORMAL,OTHER_DISRUPTION,0.33023462,0.32506052,0.3447049
CONTROL__10011__2025070421,Grouped-random,test,NORMAL,OTHER_DISRUPTION,0.33023462,0.32506052,0.3447049
CONTROL__7251__2025021501,Grouped-random,test,NORMAL,OTHER_DISRUPTION,0.33023462,0.32506052,0.3447049
CONTROL__7251__2025022201,Grouped-random,test,NORMAL,OTHER_DISRUPTION,0.33023462,0.32506052,0.3447049
CONTROL__7112__2025012507,Grouped-random,test,NORMAL,ACCIDENT,0.28158742,0.41104093,0.30737165
CONTROL__7112__2025020107,Grouped-random,test,NORMAL,OTHER_DISRUPTION,0.33023462,0.32506052,0.3447049
CONTROL__23067__2025123005,Grouped-random,test,NORMAL,ACCIDENT,0.3571277,0.3633134,0.2795589
CONTROL__23067__2025040105,Grouped-random,test,NORMAL,NORMAL,0.3490945,0.31303668,0.33786875
CONTROL__7112__2025072919,Grouped-random,test,NORMAL,NORMAL,0.3493481,0.32078537,0.32986656
CONTROL__7112__2025082619,Grouped-random,test,NORMAL,OTHER_DISRUPTION,0.33023462,0.32506052,0.3447049
CONTROL__F3FWY003__2025040404,Grouped-random,test,NORMAL,OTHER_DISRUPTION,0.33023462,0.32506052,0.3447049
CONTROL__F3FWY003__2025102404,Grouped-random,test,NORMAL,NORMAL,0.37460566,0.31751096,0.3078833
CONTROL__F3FWY003__2025042509,Grouped-random,test,NORMAL,OTHER_DISRUPTION,0.33023462,0.32506052,0.3447049
CONTROL__F3FWY003__2025091909,Grouped-random,test,NORMAL,ACCIDENT,0.36384577,0.37637186,0.2597824
CONTROL__F3FWY006__2025071123,Grouped-random,test,NORMAL,NORMAL,0.3526504,0.33012107,0.31722856
CONTROL__F3FWY006__2025062023,Grouped-random,test,NORMAL,ACCIDENT,0.3332066,0.33729798,0.32949534
CONTROL__7159__2025021700,Grouped-random,test,NORMAL,OTHER_DISRUPTION,0.33023462,0.32506052,0.3447049
CONTROL__7159__2025090100,Grouped-random,test,NORMAL,ACCIDENT,0.33475712,0.3389948,0.32624805
CONTROL__33014__2025061000,Grouped-random,test,NORMAL,OTHER_DISRUPTION,0.33626765,0.3124412,0.35129112
CONTROL__33014__2025093000,Grouped-random,test,NORMAL,OTHER_DISRUPTION,0.33023462,0.32506052,0.3447049
CONTROL__9658__2025122605,Grouped-random,test,NORMAL,OTHER_DISRUPTION,0.33023462,0.32506052,0.3447049
CONTROL__9658__2025101705,Grouped-random,test,NORMAL,NORMAL,0.34567183,0.32747546,0.32685274
CONTROL__7132__2025112909,Grouped-random,test,NORMAL,OTHER_DISRUPTION,0.3344939,0.3164514,0.34905466
CONTROL__7132__2025011809,Grouped-random,test,NORMAL,OTHER_DISRUPTION,0.33023462,0.32506052,0.3447049
CONTROL__47024__2025101305,Grouped-random,test,NORMAL,ACCIDENT,0.35349333,0.36447942,0.28202724
CONTROL__47024__2025110305,Grouped-random,test,NORMAL,NORMAL,0.35755387,0.3553775,0.28706864
CONTROL__7119-PR__2025071504,Grouped-random,test,NORMAL,NORMAL,0.3459347,0.31820306,0.33586225
CONTROL__7119-PR__2025042204,Grouped-random,test,NORMAL,NORMAL,0.3762545,0.29405534,0.32969022
CONTROL__7251__2025081221,Grouped-random,test,NORMAL,NORMAL,0.37202212,0.3390431,0.28893468
CONTROL__7251__2025091621,Grouped-random,test,NORMAL,OTHER_DISRUPTION,0.332616,0.28922454,0.37815952
CONTROL__7179__2025031306,Grouped-random,test,NORMAL,ACCIDENT,0.3491801,0.37076044,0.28005946
CONTROL__7179__2025100206,Grouped-random,test,NORMAL,ACCIDENT,0.349371,0.37569046,0.27493858
CONTROL__7168__2025032105,Grouped-random,test,NORMAL,NORMAL,0.34609884,0.31875938,0.33514175
CONTROL__7168__2025121905,Grouped-random,test,NORMAL,NORMAL,0.36281213,0.32160905,0.31557882
CONTROL__50240__2025120121,Grouped-random,test,NORMAL,OTHER_DISRUPTION,0.33023462,0.32506052,0.3447049
CONTROL__50240__2025112421,Grouped-random,test,NORMAL,NORMAL,0.3688665,0.3333651,0.2977684
CONTROL__7132__2025052111,Grouped-random,test,NORMAL,NORMAL,0.34719422,0.32982442,0.32298142
CONTROL__7132__2025111211,Grouped-random,test,NORMAL,NORMAL,0.35465482,0.3256509,0.31969428
CONTROL__51235__2025052123,Grouped-random,test,NORMAL,NORMAL,0.37563872,0.290711,0.3336502
CONTROL__51235__2025073023,Grouped-random,test,NORMAL,NORMAL,0.37013814,0.31680688,0.31305492
CONTROL__68025__2025081504,Grouped-random,test,NORMAL,NORMAL,0.35299924,0.30264887,0.34435183
CONTROL__68025__2025080104,Grouped-random,test,NORMAL,NORMAL,0.35212678,0.3073286,0.34054464
CONTROL__7168__2025030117,Grouped-random,test,NORMAL,OTHER_DISRUPTION,0.33023462,0.32506052,0.3447049
CONTROL__7168__2025101117,Grouped-random,test,NORMAL,OTHER_DISRUPTION,0.32422522,0.3339395,0.34183523
CONTROL__7184__2025100703,Grouped-random,test,NORMAL,NORMAL,0.39109403,0.271707,0.33719894
CONTROL__7184__2025070803,Grouped-random,test,NORMAL,OTHER_DISRUPTION,0.35495862,0.2756671,0.36937425
CONTROL__9658__2025011407,Grouped-random,test,NORMAL,ACCIDENT,0.34026614,0.3805227,0.27921113
CONTROL__9658__2025052007,Grouped-random,test,NORMAL,NORMAL,0.35791227,0.3132257,0.32886198
CONTROL__22001__2025101705,Grouped-random,test,NORMAL,OTHER_DISRUPTION,0.33023462,0.32506052,0.3447049
CONTROL__22001__2025111405,Grouped-random,test,NORMAL,OTHER_DISRUPTION,0.33023462,0.32506052,0.3447049
CONTROL__55049__2025081516,Grouped-random,test,NORMAL,ACCIDENT,0.35827345,0.3717107,0.27001578
CONTROL__55049__2025121916,Grouped-random,test,NORMAL,NORMAL,0.34900266,0.32402796,0.32696936
CONTROL__F3FWY003__2025051203,Grouped-random,test,NORMAL,OTHER_DISRUPTION,0.33023462,0.32506052,0.3447049
CONTROL__F3FWY003__2025121503,Grouped-random,test,NORMAL,NORMAL,0.3846568,0.29108137,0.32426187
CONTROL__7168__2025071520,Grouped-random,test,NORMAL,NORMAL,0.37396985,0.32816547,0.29786462
CONTROL__7168__2025042920,Grouped-random,test,NORMAL,NORMAL,0.33937734,0.32391602,0.3367067
CONTROL__9658__2025122323,Grouped-random,test,NORMAL,NORMAL,0.37199676,0.30489329,0.32310992
CONTROL__9658__2025012823,Grouped-random,test,NORMAL,OTHER_DISRUPTION,0.33023462,0.32506052,0.3447049
CONTROL__7251__2025090305,Grouped-random,test,NORMAL,NORMAL,0.35467038,0.30294108,0.34238857
CONTROL__7251__2025102905,Grouped-random,test,NORMAL,NORMAL,0.3839042,0.3051586,0.3109373
CONTROL__29005__2025121705,Grouped-random,test,NORMAL,ACCIDENT,0.34729946,0.34755477,0.3051457
CONTROL__29005__2025092405,Grouped-random,test,NORMAL,NORMAL,0.3555146,0.3299478,0.3145376
CONTROL__T0289__2025082822,Grouped-random,test,NORMAL,OTHER_DISRUPTION,0.33023462,0.32506052,0.3447049
CONTROL__T0289__2025012322,Grouped-random,test,NORMAL,OTHER_DISRUPTION,0.33023462,0.32506052,0.3447049
CONTROL__7179__2025091406,Grouped-random,test,NORMAL,NORMAL,0.34938276,0.31399646,0.3366209
CONTROL__7179__2025122806,Grouped-random,test,NORMAL,NORMAL,0.3441059,0.31696165,0.33893257
CONTROL__68025__2025021721,Grouped-random,test,NORMAL,OTHER_DISRUPTION,0.33023462,0.32506052,0.3447049
CONTROL__68025__2025021021,Grouped-random,test,NORMAL,OTHER_DISRUPTION,0.33023462,0.32506052,0.3447049
CONTROL__7153__2025022619,Grouped-random,test,NORMAL,OTHER_DISRUPTION,0.33023462,0.32506052,0.3447049
CONTROL__7153__2025011519,Grouped-random,test,NORMAL,OTHER_DISRUPTION,0.33023462,0.32506052,0.3447049
CONTROL__7168__2025041323,Grouped-random,test,NORMAL,NORMAL,0.3585801,0.31483364,0.32658628
CONTROL__7168__2025122823,Grouped-random,test,NORMAL,NORMAL,0.3560925,0.29540265,0.34850475
CONTROL__50240__2025092223,Grouped-random,test,NORMAL,ACCIDENT,0.31463614,0.37052307,0.31484082
CONTROL__50240__2025112423,Grouped-random,test,NORMAL,NORMAL,0.38139752,0.32884192,0.2897606
CONTROL__10011__2025041300,Grouped-random,test,NORMAL,OTHER_DISRUPTION,0.33023462,0.32506052,0.3447049
CONTROL__10011__2025101200,Grouped-random,test,NORMAL,OTHER_DISRUPTION,0.33023462,0.32506052,0.3447049
CONTROL__7163__2025021901,Grouped-random,test,NORMAL,OTHER_DISRUPTION,0.33023462,0.32506052,0.3447049
CONTROL__7163__2025012201,Grouped-random,test,NORMAL,OTHER_DISRUPTION,0.333897,0.30910414,0.35699886
CONTROL__7150__2025040221,Grouped-random,test,NORMAL,NORMAL,0.38556096,0.2930464,0.32139263
CONTROL__7150__2025040921,Grouped-random,test,NORMAL,OTHER_DISRUPTION,0.31102315,0.29841068,0.3905661
CONTROL__T0479-PR__2025082123,Grouped-random,test,NORMAL,OTHER_DISRUPTION,0.32848296,0.32386607,0.34765097
CONTROL__T0479-PR__2025102323,Grouped-random,test,NORMAL,NORMAL,0.37373176,0.30685508,0.31941307
CONTROL__10011__2025100301,Grouped-random,test,NORMAL,OTHER_DISRUPTION,0.33023462,0.32506052,0.3447049
CONTROL__10011__2025110701,Grouped-random,test,NORMAL,OTHER_DISRUPTION,0.33023462,0.32506052,0.3447049
CONTROL__F3FWY003__2025040517,Grouped-random,test,NORMAL,OTHER_DISRUPTION,0.33023462,0.32506052,0.3447049
CONTROL__F3FWY003__2025081617,Grouped-random,test,NORMAL,NORMAL,0.3585076,0.3234184,0.3180739
CONTROL__7161__2025022602,Grouped-random,test,NORMAL,OTHER_DISRUPTION,0.33023462,0.32506052,0.3447049
CONTROL__53003__2025053000,Grouped-random,test,NORMAL,NORMAL,0.36644807,0.32149476,0.3120572
CONTROL__53003__2025121900,Grouped-random,test,NORMAL,NORMAL,0.37223044,0.31602997,0.31173962
CONTROL__7119-PR__2025060108,Grouped-random,test,NORMAL,OTHER_DISRUPTION,0.33604535,0.32754114,0.33641353
CONTROL__7119-PR__2025112308,Grouped-random,test,NORMAL,ACCIDENT,0.3306592,0.34280175,0.32653898
CONTROL__T0231__2025011919,Grouped-random,test,NORMAL,OTHER_DISRUPTION,0.33023462,0.32506052,0.3447049
CONTROL__T0231__2025121419,Grouped-random,test,NORMAL,ACCIDENT,0.33156523,0.33436704,0.3340678
CONTROL__68025__2025061705,Grouped-random,test,NORMAL,NORMAL,0.37424698,0.31564525,0.3101077
CONTROL__68025__2025021805,Grouped-random,test,NORMAL,OTHER_DISRUPTION,0.33023462,0.32506052,0.3447049
CONTROL__F3FWY006__2025111203,Grouped-random,test,NORMAL,OTHER_DISRUPTION,0.33023462,0.32506052,0.3447049
CONTROL__F3FWY006__2025080603,Grouped-random,test,NORMAL,ACCIDENT,0.30015448,0.39097178,0.30887377
CONTROL__22001__2025122608,Grouped-random,test,NORMAL,OTHER_DISRUPTION,0.33023462,0.32506052,0.3447049
CONTROL__22001__2025012408,Grouped-random,test,NORMAL,NORMAL,0.3718438,0.3608639,0.26729238
CONTROL__7270__2025011100,Grouped-random,test,NORMAL,NORMAL,0.37121397,0.31547898,0.31330705
CONTROL__7270__2025052400,Grouped-random,test,NORMAL,ACCIDENT,0.3334555,0.33782092,0.32872364
CONTROL__T0289__2025071502,Grouped-random,test,NORMAL,OTHER_DISRUPTION,0.33023462,0.32506052,0.3447049
CONTROL__T0289__2025082602,Grouped-random,test,NORMAL,OTHER_DISRUPTION,0.33023462,0.32506052,0.3447049
CONTROL__10011__2025070812,Grouped-random,test,NORMAL,OTHER_DISRUPTION,0.33023462,0.32506052,0.3447049
CONTROL__10011__2025080512,Grouped-random,test,NORMAL,OTHER_DISRUPTION,0.33023462,0.32506052,0.3447049
CONTROL__7274__2025102823,Grouped-random,test,NORMAL,OTHER_DISRUPTION,0.31697723,0.32284203,0.36018082
CONTROL__7274__2025031123,Grouped-random,test,NORMAL,NORMAL,0.34044516,0.32606325,0.33349165
CONTROL__50240__2025102216,Grouped-random,test,NORMAL,ACCIDENT,0.35533112,0.42494497,0.21972391
CONTROL__50240__2025032616,Grouped-random,test,NORMAL,ACCIDENT,0.36640826,0.38069534,0.2528965
CONTROL__51235__2025110605,Grouped-random,test,NORMAL,NORMAL,0.34989318,0.33313337,0.31697336
CONTROL__51235__2025061205,Grouped-random,test,NORMAL,NORMAL,0.3479632,0.3376019,0.3144349
CONTROL__51235__2025040305,Grouped-random,test,NORMAL,NORMAL,0.3545522,0.32644996,0.3189979
CONTROL__51235__2025072405,Grouped-random,test,NORMAL,NORMAL,0.35285965,0.33045268,0.3166877
CONTROL__T0289__2025092606,Grouped-random,test,NORMAL,OTHER_DISRUPTION,0.33023462,0.32506052,0.3447049
CONTROL__T0289__2025082906,Grouped-random,test,NORMAL,OTHER_DISRUPTION,0.33023462,0.32506052,0.3447049
CONTROL__7274__2025080922,Grouped-random,test,NORMAL,NORMAL,0.36520195,0.27714804,0.35764995
CONTROL__7274__2025122722,Grouped-random,test,NORMAL,NORMAL,0.3624323,0.32135445,0.31621313
CONTROL__7112__2025042912,Grouped-random,test,NORMAL,NORMAL,0.36940613,0.3586209,0.27197298
CONTROL__7112__2025030412,Grouped-random,test,NORMAL,NORMAL,0.3719539,0.3574984,0.2705476
CONTROL__T0288__2025101500,Grouped-random,test,NORMAL,OTHER_DISRUPTION,0.33023462,0.32506052,0.3447049
CONTROL__T0288__2025052800,Grouped-random,test,NORMAL,ACCIDENT,0.32724774,0.34908217,0.32367006
CONTROL__T0290__2025031200,Grouped-random,test,NORMAL,OTHER_DISRUPTION,0.33023462,0.32506052,0.3447049
CONTROL__T0290__2025032600,Grouped-random,test,NORMAL,ACCIDENT,0.33197635,0.341279,0.32674465
CONTROL__F3FWY004__2025082707,Grouped-random,test,NORMAL,ACCIDENT,0.34496948,0.38503256,0.26999795
CONTROL__F3FWY004__2025092407,Grouped-random,test,NORMAL,ACCIDENT,0.34936488,0.36259755,0.28803748
CONTROL__7153__2025062009,Grouped-random,test,NORMAL,NORMAL,0.37350965,0.359803,0.26668736
CONTROL__7153__2025061309,Grouped-random,test,NORMAL,NORMAL,0.36646917,0.3318242,0.30170667
CONTROL__7248__2025101101,Grouped-random,test,NORMAL,NORMAL,0.3494623,0.30513042,0.34540725
CONTROL__7248__2025020101,Grouped-random,test,NORMAL,OTHER_DISRUPTION,0.33023462,0.32506052,0.3447049
CONTROL__7184__2025111702,Grouped-random,test,NORMAL,NORMAL,0.3688189,0.2805281,0.350653
CONTROL__7184__2025072102,Grouped-random,test,NORMAL,OTHER_DISRUPTION,0.3401944,0.27884072,0.38096488
CONTROL__7153__2025111222,Grouped-random,test,NORMAL,NORMAL,0.3663891,0.31497926,0.31863165
CONTROL__7153__2025090322,Grouped-random,test,NORMAL,NORMAL,0.37078166,0.31281024,0.31640813
CONTROL__7163__2025053111,Grouped-random,test,NORMAL,ACCIDENT,0.3338986,0.3359938,0.33010757
CONTROL__7163__2025052411,Grouped-random,test,NORMAL,NORMAL,0.3606692,0.35884362,0.28048715
CONTROL__7120__2025090620,Grouped-random,test,NORMAL,NORMAL,0.36420467,0.35391304,0.28188223
CONTROL__7120__2025020820,Grouped-random,test,NORMAL,OTHER_DISRUPTION,0.33023462,0.32506052,0.3447049
CONTROL__7251__2025072103,Grouped-random,test,NORMAL,NORMAL,0.3670094,0.2859806,0.34700993
CONTROL__7251__2025051903,Grouped-random,test,NORMAL,OTHER_DISRUPTION,0.33786824,0.28570867,0.3764231
CONTROL__29005__2025031101,Grouped-random,test,NORMAL,NORMAL,0.39095137,0.3115715,0.297477
CONTROL__29005__2025021101,Grouped-random,test,NORMAL,OTHER_DISRUPTION,0.33023462,0.32506052,0.3447049
CONTROL__7121__2025120209,Grouped-random,test,NORMAL,OTHER_DISRUPTION,0.33023462,0.32506052,0.3447049
CONTROL__7121__2025062409,Grouped-random,test,NORMAL,NORMAL,0.35141477,0.3507426,0.2978427
CONTROL__57025__2025081421,Grouped-random,test,NORMAL,OTHER_DISRUPTION,0.31751359,0.32158598,0.3609004
CONTROL__57025__2025010221,Grouped-random,test,NORMAL,NORMAL,0.36189637,0.28832123,0.34978232
CONTROL__74229__2025011221,Grouped-random,test,NORMAL,OTHER_DISRUPTION,0.3104274,0.30395016,0.38562244
CONTROL__74229__2025092121,Grouped-random,test,NORMAL,NORMAL,0.38261345,0.28619748,0.33118904
CONTROL__51235__2025082523,Grouped-random,test,NORMAL,OTHER_DISRUPTION,0.32849464,0.32728294,0.3442225
CONTROL__51235__2025051223,Grouped-random,test,NORMAL,ACCIDENT,0.3309892,0.3392288,0.3297819
CONTROL__23067__2025120223,Grouped-random,test,NORMAL,NORMAL,0.35683024,0.29125106,0.35191873
CONTROL__23067__2025081923,Grouped-random,test,NORMAL,NORMAL,0.34364897,0.32765773,0.32869327
CONTROL__53004__2025042402,Grouped-random,test,NORMAL,OTHER_DISRUPTION,0.33422214,0.31838495,0.34739292
CONTROL__53004__2025070302,Grouped-random,test,NORMAL,OTHER_DISRUPTION,0.342041,0.30444065,0.3535183
CONTROL__7168__2025102309,Grouped-random,test,NORMAL,NORMAL,0.34885597,0.3192968,0.33184713
CONTROL__7168__2025081409,Grouped-random,test,NORMAL,NORMAL,0.34556228,0.3325859,0.32185188
CONTROL__55049__2025061311,Grouped-random,test,NORMAL,NORMAL,0.37451258,0.35872906,0.26675832
CONTROL__55049__2025112111,Grouped-random,test,NORMAL,ACCIDENT,0.36435518,0.36532953,0.2703153
CONTROL__7179__2025031621,Grouped-random,test,NORMAL,NORMAL,0.34643176,0.3181094,0.33545884
CONTROL__7179__2025011921,Grouped-random,test,NORMAL,NORMAL,0.3619903,0.29796126,0.34004855
CONTROL__7153__2025050704,Grouped-random,test,NORMAL,NORMAL,0.36881694,0.30658665,0.32459643
CONTROL__7153__2025071604,Grouped-random,test,NORMAL,NORMAL,0.3692254,0.30399412,0.3267805
CONTROL__29005__2025072421,Grouped-random,test,NORMAL,OTHER_DISRUPTION,0.35254854,0.28531465,0.3621368
CONTROL__29005__2025010921,Grouped-random,test,NORMAL,NORMAL,0.38712993,0.30213067,0.31073943
CONTROL__9658__2025032104,Grouped-random,test,NORMAL,NORMAL,0.35425076,0.31121328,0.33453596
CONTROL__9658__2025041104,Grouped-random,test,NORMAL,NORMAL,0.3853092,0.30173904,0.31295177
CONTROL__23067__2025020803,Grouped-random,test,NORMAL,OTHER_DISRUPTION,0.33023462,0.32506052,0.3447049
CONTROL__23067__2025110103,Grouped-random,test,NORMAL,OTHER_DISRUPTION,0.34376872,0.31070572,0.34552553
CONTROL__7119-PR__2025031905,Grouped-random,test,NORMAL,OTHER_DISRUPTION,0.33023462,0.32506052,0.3447049
CONTROL__7119-PR__2025031205,Grouped-random,test,NORMAL,NORMAL,0.35199565,0.31409124,0.33391315
CONTROL__F3FWY001__2025021300,Grouped-random,test,NORMAL,OTHER_DISRUPTION,0.33023462,0.32506052,0.3447049
CONTROL__F3FWY001__2025010200,Grouped-random,test,NORMAL,OTHER_DISRUPTION,0.32993516,0.31271315,0.35735163
CONTROL__7112__2025092600,Grouped-random,test,NORMAL,NORMAL,0.37277782,0.3241592,0.30306304
CONTROL__7112__2025032100,Grouped-random,test,NORMAL,OTHER_DISRUPTION,0.32486746,0.3133368,0.36179578
CONTROL__33014__2025110723,Grouped-random,test,NORMAL,OTHER_DISRUPTION,0.33023462,0.32506052,0.3447049
CONTROL__33014__2025101723,Grouped-random,test,NORMAL,OTHER_DISRUPTION,0.33023462,0.32506052,0.3447049
CONTROL__7121__2025102703,Grouped-random,test,NORMAL,OTHER_DISRUPTION,0.33023462,0.32506052,0.3447049
CONTROL__7121__2025122203,Grouped-random,test,NORMAL,OTHER_DISRUPTION,0.33023462,0.32506052,0.3447049
CONTROL__7270__2025102910,Grouped-random,test,NORMAL,NORMAL,0.36569554,0.32888433,0.3054202
CONTROL__7270__2025081310,Grouped-random,test,NORMAL,NORMAL,0.3727634,0.36198118,0.26525545
CONTROL__53004__2025102218,Grouped-random,test,NORMAL,NORMAL,0.36976093,0.36868113,0.2615579
CONTROL__53004__2025070918,Grouped-random,test,NORMAL,NORMAL,0.367922,0.35410005,0.27797803
CONTROL__53004__2025071700,Grouped-random,test,NORMAL,NORMAL,0.3455945,0.31203544,0.34236997
CONTROL__53004__2025021300,Grouped-random,test,NORMAL,OTHER_DISRUPTION,0.33023462,0.32506052,0.3447049
CONTROL__7248__2025123105,Grouped-random,test,NORMAL,NORMAL,0.3470183,0.325384,0.32759774
CONTROL__7248__2025080605,Grouped-random,test,NORMAL,NORMAL,0.34355024,0.3407589,0.31569085
CONTROL__23067__2025100910,Grouped-random,test,NORMAL,NORMAL,0.35356885,0.3295732,0.31685793
CONTROL__23067__2025012310,Grouped-random,test,NORMAL,NORMAL,0.37421614,0.36380377,0.26198006
CONTROL__7121__2025082323,Grouped-random,test,NORMAL,NORMAL,0.34098312,0.32936528,0.32965165
CONTROL__7121__2025111523,Grouped-random,test,NORMAL,NORMAL,0.33651626,0.33405656,0.32942715
CONTROL__7153__2025071302,Grouped-random,test,NORMAL,OTHER_DISRUPTION,0.32404095,0.31850532,0.35745373
CONTROL__7153__2025011202,Grouped-random,test,NORMAL,OTHER_DISRUPTION,0.31824005,0.31292257,0.36883736
CONTROL__T0479-PR__2025060219,Grouped-random,test,NORMAL,NORMAL,0.37893113,0.31898534,0.3020835
CONTROL__T0479-PR__2025031719,Grouped-random,test,NORMAL,NORMAL,0.3773085,0.34271237,0.27997917
CONTROL__7179__2025100702,Grouped-random,test,NORMAL,NORMAL,0.37981343,0.28763688,0.33254975
CONTROL__7179__2025072902,Grouped-random,test,NORMAL,NORMAL,0.3732437,0.30077195,0.3259844
CONTROL__50260__2025050620,Grouped-random,test,NORMAL,NORMAL,0.3540755,0.31016913,0.33575538
CONTROL__50260__2025031820,Grouped-random,test,NORMAL,NORMAL,0.37270665,0.35573816,0.27155516
CONTROL__7184__2025101106,Grouped-random,test,NORMAL,NORMAL,0.3569819,0.30805162,0.33496654
CONTROL__7184__2025022206,Grouped-random,test,NORMAL,OTHER_DISRUPTION,0.33023462,0.32506052,0.3447049
CONTROL__7163__2025091402,Grouped-random,test,NORMAL,NORMAL,0.36739156,0.3290836,0.30352488
CONTROL__7163__2025082402,Grouped-random,test,NORMAL,NORMAL,0.36412427,0.33073354,0.30514213
CONTROL__7248__2025071405,Grouped-random,test,NORMAL,OTHER_DISRUPTION,0.33023462,0.32506052,0.3447049
CONTROL__7248__2025080405,Grouped-random,test,NORMAL,NORMAL,0.34580162,0.3404541,0.31374428
CONTROL__T0231__2025110409,Grouped-random,test,NORMAL,NORMAL,0.3752892,0.35599285,0.268718
CONTROL__T0231__2025100709,Grouped-random,test,NORMAL,NORMAL,0.357095,0.33011767,0.3127873
CONTROL__68025__2025060322,Grouped-random,test,NORMAL,NORMAL,0.36915502,0.3078517,0.32299325
CONTROL__68025__2025012822,Grouped-random,test,NORMAL,OTHER_DISRUPTION,0.31870627,0.32372248,0.35757124
CONTROL__7161__2025050702,Grouped-random,test,NORMAL,NORMAL,0.35395914,0.33260608,0.31343478
CONTROL__7161__2025040202,Grouped-random,test,NORMAL,OTHER_DISRUPTION,0.32050908,0.31413737,0.3653535
CONTROL__9658__2025072302,Grouped-random,test,NORMAL,OTHER_DISRUPTION,0.35831583,0.28327638,0.35840788
CONTROL__9658__2025011502,Grouped-random,test,NORMAL,ACCIDENT,0.33187053,0.34123182,0.32689765
CONTROL__68025__2025100804,Grouped-random,test,NORMAL,NORMAL,0.386514,0.29540375,0.31808233
CONTROL__68025__2025060404,Grouped-random,test,NORMAL,NORMAL,0.38820153,0.29246888,0.31932968
CONTROL__68025__2025022319,Grouped-random,test,NORMAL,OTHER_DISRUPTION,0.33023462,0.32506052,0.3447049
CONTROL__68025__2025111619,Grouped-random,test,NORMAL,NORMAL,0.3625141,0.35294285,0.284543
CONTROL__7248__2025102721,Grouped-random,test,NORMAL,NORMAL,0.3651986,0.29562336,0.33917797
CONTROL__7248__2025110321,Grouped-random,test,NORMAL,NORMAL,0.35102108,0.30276167,0.34621727
CONTROL__7153__2025051923,Grouped-random,test,NORMAL,NORMAL,0.36441818,0.31354818,0.32203367
CONTROL__7153__2025102023,Grouped-random,test,NORMAL,OTHER_DISRUPTION,0.3306547,0.31225672,0.35708854
CONTROL__33014__2025031221,Grouped-random,test,NORMAL,OTHER_DISRUPTION,0.31843624,0.33229318,0.34927067
CONTROL__33014__2025092421,Grouped-random,test,NORMAL,OTHER_DISRUPTION,0.33023462,0.32506052,0.3447049
CONTROL__33014__2025091102,Grouped-random,test,NORMAL,OTHER_DISRUPTION,0.33023462,0.32506052,0.3447049
CONTROL__33014__2025112702,Grouped-random,test,NORMAL,OTHER_DISRUPTION,0.33023462,0.32506052,0.3447049
CONTROL__7251__2025041704,Grouped-random,test,NORMAL,OTHER_DISRUPTION,0.3514211,0.29458117,0.35399774
CONTROL__7251__2025031304,Grouped-random,test,NORMAL,OTHER_DISRUPTION,0.33023462,0.32506052,0.3447049
CONTROL__7119-PR__2025072408,Grouped-random,test,NORMAL,ACCIDENT,0.3491531,0.37341532,0.27743158
CONTROL__7119-PR__2025051508,Grouped-random,test,NORMAL,ACCIDENT,0.3475639,0.37479416,0.27764192
CONTROL__7251__2025110122,Grouped-random,test,NORMAL,NORMAL,0.35531262,0.31296447,0.33172294
CONTROL__7251__2025011122,Grouped-random,test,NORMAL,OTHER_DISRUPTION,0.34122244,0.28097248,0.377805
CONTROL__74230__2025090700,Grouped-random,test,NORMAL,OTHER_DISRUPTION,0.3116493,0.31358802,0.37476256
CONTROL__74230__2025011200,Grouped-random,test,NORMAL,OTHER_DISRUPTION,0.32495415,0.31210974,0.36293614
CONTROL__7248__2025042709,Grouped-random,test,NORMAL,NORMAL,0.3640392,0.35065362,0.28530717
CONTROL__7248__2025092809,Grouped-random,test,NORMAL,NORMAL,0.34631464,0.32052797,0.33315733
CONTROL__50240__2025041420,Grouped-random,test,NORMAL,NORMAL,0.3693371,0.35679463,0.27386823
CONTROL__50240__2025051920,Grouped-random,test,NORMAL,NORMAL,0.37165573,0.36561802,0.2627262
CONTROL__29005__2025052003,Grouped-random,test,NORMAL,NORMAL,0.3686891,0.28003374,0.35127714
CONTROL__29005__2025041503,Grouped-random,test,NORMAL,NORMAL,0.3960594,0.27729994,0.32664064
CONTROL__7274__2025093011,Grouped-random,test,NORMAL,NORMAL,0.36078197,0.31972694,0.3194911
CONTROL__7274__2025031111,Grouped-random,test,NORMAL,NORMAL,0.35720155,0.32722816,0.31557024
CONTROL__23067__2025011921,Grouped-random,test,NORMAL,NORMAL,0.3792415,0.29901436,0.3217441
CONTROL__23067__2025042021,Grouped-random,test,NORMAL,OTHER_DISRUPTION,0.32015425,0.2945281,0.3853176
CONTROL__22001__2025052622,Grouped-random,test,NORMAL,OTHER_DISRUPTION,0.33023462,0.32506052,0.3447049
CONTROL__22001__2025063022,Grouped-random,test,NORMAL,OTHER_DISRUPTION,0.33023462,0.32506052,0.3447049
CONTROL__7248__2025021804,Grouped-random,test,NORMAL,OTHER_DISRUPTION,0.33023462,0.32506052,0.3447049
CONTROL__7248__2025070104,Grouped-random,test,NORMAL,NORMAL,0.358619,0.31948024,0.32190073
CONTROL__T0290__2025082621,Grouped-random,test,NORMAL,ACCIDENT,0.28384322,0.40888768,0.30726913
CONTROL__T0290__2025031121,Grouped-random,test,NORMAL,OTHER_DISRUPTION,0.33023462,0.32506052,0.3447049
CONTROL__7120__2025041619,Grouped-random,test,NORMAL,ACCIDENT,0.3282342,0.34031126,0.33145455
CONTROL__7120__2025111919,Grouped-random,test,NORMAL,OTHER_DISRUPTION,0.33023462,0.32506052,0.3447049
CONTROL__7120__2025102919,Grouped-random,test,NORMAL,OTHER_DISRUPTION,0.33023462,0.32506052,0.3447049
CONTROL__7120__2025052119,Grouped-random,test,NORMAL,ACCIDENT,0.3267507,0.3376798,0.33556947
CONTROL__7112__2025060420,Grouped-random,test,NORMAL,OTHER_DISRUPTION,0.33404782,0.3296416,0.33631054
CONTROL__7112__2025010820,Grouped-random,test,NORMAL,NORMAL,0.34031904,0.3236192,0.3360617
CONTROL__10011__2025100917,Grouped-random,test,NORMAL,OTHER_DISRUPTION,0.33023462,0.32506052,0.3447049
CONTROL__10011__2025070317,Grouped-random,test,NORMAL,OTHER_DISRUPTION,0.33023462,0.32506052,0.3447049
CONTROL__7139__2025032717,Grouped-random,test,NORMAL,ACCIDENT,0.3671771,0.38081393,0.252009
CONTROL__7139__2025032017,Grouped-random,test,NORMAL,NORMAL,0.35715902,0.31208768,0.33075327
CONTROL__7161__2025121821,Grouped-random,test,NORMAL,OTHER_DISRUPTION,0.3403432,0.28182355,0.37783337
CONTROL__7161__2025062621,Grouped-random,test,NORMAL,NORMAL,0.3708445,0.3110486,0.31810683
CONTROL__7179__2025110305,Grouped-random,test,NORMAL,NORMAL,0.3611064,0.35257888,0.28631476
CONTROL__7179__2025011305,Grouped-random,test,NORMAL,OTHER_DISRUPTION,0.33023462,0.32506052,0.3447049
CONTROL__68025__2025082105,Grouped-random,test,NORMAL,NORMAL,0.34876907,0.32813323,0.32309768
CONTROL__68025__2025030605,Grouped-random,test,NORMAL,NORMAL,0.34103027,0.33044636,0.3285234
CONTROL__7179__2025052220,Grouped-random,test,NORMAL,NORMAL,0.3547859,0.3247992,0.32041487
CONTROL__7179__2025090420,Grouped-random,test,NORMAL,ACCIDENT,0.36216608,0.3677299,0.27010393
CONTROL__7120__2025022721,Grouped-random,test,NORMAL,OTHER_DISRUPTION,0.33023462,0.32506052,0.3447049
CONTROL__7120__2025122521,Grouped-random,test,NORMAL,OTHER_DISRUPTION,0.33023462,0.32506052,0.3447049
CONTROL__7248__2025101901,Grouped-random,test,NORMAL,ACCIDENT,0.32730612,0.3487125,0.32398137
CONTROL__7248__2025081701,Grouped-random,test,NORMAL,OTHER_DISRUPTION,0.3282793,0.32668483,0.34503594
CONTROL__T0290__2025040100,Grouped-random,test,NORMAL,ACCIDENT,0.3316425,0.34182838,0.3265291
CONTROL__T0290__2025101400,Grouped-random,test,NORMAL,OTHER_DISRUPTION,0.32977423,0.3259542,0.34427166
CONTROL__T0479-PR__2025120900,Grouped-random,test,NORMAL,NORMAL,0.3509153,0.31385306,0.33523157
CONTROL__T0479-PR__2025061700,Grouped-random,test,NORMAL,NORMAL,0.36885116,0.29204518,0.33910364
CONTROL__7161__2025080700,Grouped-random,test,NORMAL,NORMAL,0.3613735,0.3198707,0.31875584
CONTROL__7161__2025112700,Grouped-random,test,NORMAL,NORMAL,0.34722933,0.3096659,0.34310475
CONTROL__7161__2025102302,Grouped-random,test,NORMAL,OTHER_DISRUPTION,0.3600776,0.27812964,0.3617928
CONTROL__7161__2025122502,Grouped-random,test,NORMAL,NORMAL,0.3607106,0.32265148,0.31663793
CONTROL__F3FWY006__2025122502,Grouped-random,test,NORMAL,OTHER_DISRUPTION,0.33023462,0.32506052,0.3447049
CONTROL__F3FWY006__2025050802,Grouped-random,test,NORMAL,OTHER_DISRUPTION,0.3185039,0.3126165,0.3688796
CONTROL__7161__2025042406,Grouped-random,test,NORMAL,NORMAL,0.3553269,0.35108957,0.29358366
CONTROL__7161__2025062606,Grouped-random,test,NORMAL,ACCIDENT,0.34355327,0.3752575,0.28118923
CONTROL__47024__2025062006,Grouped-random,test,NORMAL,ACCIDENT,0.34565035,0.37702557,0.27732408
CONTROL__47024__2025100306,Grouped-random,test,NORMAL,NORMAL,0.35416716,0.33352417,0.31230867
CONTROL__7126__2025091809,Grouped-random,test,NORMAL,ACCIDENT,0.3566458,0.3573976,0.28595665
CONTROL__7126__2025092509,Grouped-random,test,NORMAL,NORMAL,0.35832876,0.35478783,0.28688344
CONTROL__7120__2025061222,Grouped-random,test,NORMAL,OTHER_DISRUPTION,0.35396644,0.2792142,0.3668193
CONTROL__7120__2025042422,Grouped-random,test,NORMAL,OTHER_DISRUPTION,0.3528703,0.27939892,0.3677308
CONTROL__7163__2025050909,Grouped-random,test,NORMAL,NORMAL,0.3709197,0.34889773,0.28018257
CONTROL__7163__2025092609,Grouped-random,test,NORMAL,NORMAL,0.3665764,0.3528371,0.28058657
CONTROL__7179__2025051100,Grouped-random,test,NORMAL,OTHER_DISRUPTION,0.3377401,0.32316732,0.33909255
CONTROL__7179__2025083100,Grouped-random,test,NORMAL,NORMAL,0.37405097,0.34273627,0.2832128
CONTROL__7270__2025043000,Grouped-random,test,NORMAL,NORMAL,0.37185365,0.3238497,0.30429658
CONTROL__7270__2025020500,Grouped-random,test,NORMAL,OTHER_DISRUPTION,0.33023462,0.32506052,0.3447049
CONTROL__7251__2025112002,Grouped-random,test,NORMAL,NORMAL,0.34073928,0.33610922,0.32315147
CONTROL__7251__2025041702,Grouped-random,test,NORMAL,OTHER_DISRUPTION,0.33413157,0.3002669,0.36560157
CONTROL__9658__2025011608,Grouped-random,test,NORMAL,ACCIDENT,0.35512212,0.3670384,0.27783945
CONTROL__9658__2025050808,Grouped-random,test,NORMAL,NORMAL,0.36110416,0.30973417,0.32916173
CONTROL__F3FWY003__2025032008,Grouped-random,test,NORMAL,OTHER_DISRUPTION,0.33023462,0.32506052,0.3447049
CONTROL__F3FWY003__2025013008,Grouped-random,test,NORMAL,OTHER_DISRUPTION,0.33023462,0.32506052,0.3447049
CONTROL__7179__2025061221,Grouped-random,test,NORMAL,NORMAL,0.3656396,0.30845928,0.32590115
CONTROL__7179__2025112021,Grouped-random,test,NORMAL,NORMAL,0.36408335,0.36244228,0.2734743
CONTROL__7179__2025101703,Grouped-random,test,NORMAL,NORMAL,0.39135137,0.30102122,0.30762732
CONTROL__7179__2025080103,Grouped-random,test,NORMAL,NORMAL,0.39234984,0.29420722,0.3134429
CONTROL__7179__2025060606,Grouped-random,test,NORMAL,NORMAL,0.35866576,0.33304775,0.30828643
CONTROL__7179__2025030706,Grouped-random,test,NORMAL,OTHER_DISRUPTION,0.33023462,0.32506052,0.3447049
CONTROL__7112__2025062801,Grouped-random,test,NORMAL,NORMAL,0.3679905,0.32606146,0.30594802
CONTROL__7112__2025101101,Grouped-random,test,NORMAL,NORMAL,0.37060317,0.3296106,0.29978624
CONTROL__F3FWY003__2025033008,Grouped-random,test,NORMAL,OTHER_DISRUPTION,0.33023462,0.32506052,0.3447049
CONTROL__F3FWY003__2025041308,Grouped-random,test,NORMAL,OTHER_DISRUPTION,0.33023462,0.32506052,0.3447049
CONTROL__33014__2025060513,Grouped-random,test,NORMAL,NORMAL,0.37255958,0.3614947,0.26594573
CONTROL__33014__2025041013,Grouped-random,test,NORMAL,NORMAL,0.3619624,0.3308589,0.30717868
CONTROL__7179__2025071023,Grouped-random,test,NORMAL,NORMAL,0.37968707,0.31992757,0.30038548
CONTROL__7179__2025121123,Grouped-random,test,NORMAL,ACCIDENT,0.33550206,0.33738065,0.32711735
CONTROL__9849__2025082207,Grouped-random,test,NORMAL,ACCIDENT,0.33635545,0.37922353,0.28442094
CONTROL__9849__2025071107,Grouped-random,test,NORMAL,ACCIDENT,0.3392641,0.36987907,0.2908568
CONTROL__7112__2025060920,Grouped-random,test,NORMAL,OTHER_DISRUPTION,0.33023462,0.32506052,0.3447049
CONTROL__7112__2025021020,Grouped-random,test,NORMAL,OTHER_DISRUPTION,0.33023462,0.32506052,0.3447049
CONTROL__74230__2025072406,Grouped-random,test,NORMAL,OTHER_DISRUPTION,0.33023462,0.32506052,0.3447049
CONTROL__74230__2025090406,Grouped-random,test,NORMAL,ACCIDENT,0.33190253,0.3460847,0.32201275
CONTROL__51235__2025070407,Grouped-random,test,NORMAL,NORMAL,0.35527432,0.31705773,0.32766792
CONTROL__51235__2025103107,Grouped-random,test,NORMAL,ACCIDENT,0.33730048,0.40110642,0.26159307
CONTROL__7121__2025030710,Grouped-random,test,NORMAL,OTHER_DISRUPTION,0.33023462,0.32506052,0.3447049
CONTROL__7121__2025082910,Grouped-random,test,NORMAL,NORMAL,0.36150578,0.3441872,0.2943071
CONTROL__7121__2025013110,Grouped-random,test,NORMAL,OTHER_DISRUPTION,0.33023462,0.32506052,0.3447049
CONTROL__7121__2025070410,Grouped-random,test,NORMAL,NORMAL,0.34082037,0.32189184,0.33728778
CONTROL__7112__2025100709,Grouped-random,test,NORMAL,NORMAL,0.36348164,0.3318339,0.30468443
CONTROL__7112__2025092309,Grouped-random,test,NORMAL,NORMAL,0.38278407,0.35146114,0.26575485
CONTROL__7112__2025040809,Grouped-random,test,NORMAL,NORMAL,0.36264336,0.32475078,0.31260592
CONTROL__7112__2025042909,Grouped-random,test,NORMAL,NORMAL,0.3815797,0.3516608,0.26675946
CONTROL__51235__2025021922,Grouped-random,test,NORMAL,OTHER_DISRUPTION,0.33023462,0.32506052,0.3447049
CONTROL__51235__2025090322,Grouped-random,test,NORMAL,OTHER_DISRUPTION,0.3329699,0.32840097,0.33862904
CONTROL__50240__2025052904,Grouped-random,test,NORMAL,NORMAL,0.3683747,0.30880606,0.32281923
CONTROL__50240__2025081404,Grouped-random,test,NORMAL,NORMAL,0.3706714,0.30269596,0.32663265
CONTROL__51235__2025071004,Grouped-random,test,NORMAL,NORMAL,0.3848548,0.3100499,0.30509531
CONTROL__51235__2025081404,Grouped-random,test,NORMAL,NORMAL,0.38294014,0.31001353,0.30704635
CONTROL__100001__2025122605,Grouped-random,test,NORMAL,NORMAL,0.3626663,0.30059537,0.33673832
CONTROL__100001__2025090505,Grouped-random,test,NORMAL,NORMAL,0.34968916,0.3299486,0.3203622
CONTROL__23067__2025101203,Grouped-random,test,NORMAL,OTHER_DISRUPTION,0.33117366,0.31043842,0.35838798
CONTROL__23067__2025011203,Grouped-random,test,NORMAL,NORMAL,0.36092013,0.3465982,0.29248172
CONTROL__7164__2025020205,Grouped-random,test,NORMAL,OTHER_DISRUPTION,0.33023462,0.32506052,0.3447049
CONTROL__7164__2025032305,Grouped-random,test,NORMAL,OTHER_DISRUPTION,0.33023462,0.32506052,0.3447049
CONTROL__7120__2025061622,Grouped-random,test,NORMAL,OTHER_DISRUPTION,0.35114127,0.2893929,0.35946575
CONTROL__7120__2025031022,Grouped-random,test,NORMAL,OTHER_DISRUPTION,0.33023462,0.32506052,0.3447049
CONTROL__7270__2025081304,Grouped-random,test,NORMAL,NORMAL,0.3690019,0.32803175,0.30296633
CONTROL__7270__2025010804,Grouped-random,test,NORMAL,OTHER_DISRUPTION,0.33023462,0.32506052,0.3447049
CONTROL__7120__2025082721,Grouped-random,test,NORMAL,NORMAL,0.3861222,0.2942302,0.31964767
CONTROL__7120__2025071621,Grouped-random,test,NORMAL,NORMAL,0.3826493,0.28776163,0.329589
CONTROL__7121__2025083106,Grouped-random,test,NORMAL,OTHER_DISRUPTION,0.33023462,0.32506052,0.3447049
CONTROL__7121__2025080306,Grouped-random,test,NORMAL,OTHER_DISRUPTION,0.32729715,0.33319035,0.33951253
CONTROL__7120__2025072310,Grouped-random,test,NORMAL,NORMAL,0.37194717,0.34832174,0.27973107
CONTROL__7120__2025020510,Grouped-random,test,NORMAL,OTHER_DISRUPTION,0.33023462,0.32506052,0.3447049
CONTROL__7251__2025110600,Grouped-random,test,NORMAL,NORMAL,0.37539062,0.32198212,0.3026273
CONTROL__7251__2025021300,Grouped-random,test,NORMAL,OTHER_DISRUPTION,0.33023462,0.32506052,0.3447049
CONTROL__7168__2025112406,Grouped-random,test,NORMAL,NORMAL,0.34356618,0.32450676,0.3319271
CONTROL__7168__2025122206,Grouped-random,test,NORMAL,NORMAL,0.3362329,0.33515117,0.32861587
CONTROL__51235__2025063008,Grouped-random,test,NORMAL,ACCIDENT,0.3455395,0.3782493,0.27621117
CONTROL__51235__2025032408,Grouped-random,test,NORMAL,NORMAL,0.34991404,0.3398234,0.31026247
CONTROL__53003__2025021805,Grouped-random,test,NORMAL,OTHER_DISRUPTION,0.33023462,0.32506052,0.3447049
CONTROL__53003__2025110405,Grouped-random,test,NORMAL,ACCIDENT,0.35796443,0.3650595,0.27697605
CONTROL__7123-PR__2025082006,Grouped-random,test,NORMAL,NORMAL,0.36170295,0.33279973,0.3054973
CONTROL__7123-PR__2025042306,Grouped-random,test,NORMAL,ACCIDENT,0.3358073,0.3403117,0.32388097
CONTROL__7121__2025010204,Grouped-random,test,NORMAL,NORMAL,0.33648247,0.3318686,0.33164892
CONTROL__7121__2025081404,Grouped-random,test,NORMAL,OTHER_DISRUPTION,0.33046895,0.31249204,0.35703897
CONTROL__7120__2025050915,Grouped-random,test,NORMAL,NORMAL,0.33950496,0.32817334,0.33232164
CONTROL__7120__2025053015,Grouped-random,test,NORMAL,OTHER_DISRUPTION,0.33430222,0.31692111,0.34877676
CONTROL__7120__2025011202,Grouped-random,test,NORMAL,ACCIDENT,0.3288106,0.35855538,0.31263408
CONTROL__7120__2025100502,Grouped-random,test,NORMAL,OTHER_DISRUPTION,0.32961532,0.33443514,0.3359495
CONTROL__23067__2025020305,Grouped-random,test,NORMAL,OTHER_DISRUPTION,0.33023462,0.32506052,0.3447049
CONTROL__23067__2025071405,Grouped-random,test,NORMAL,ACCIDENT,0.34399262,0.39477015,0.26123723
CONTROL__7184__2025092201,Grouped-random,test,NORMAL,OTHER_DISRUPTION,0.3285915,0.30365008,0.36775833
CONTROL__7184__2025060201,Grouped-random,test,NORMAL,OTHER_DISRUPTION,0.34826118,0.3003139,0.3514248
CONTROL__33014__2025032622,Grouped-random,test,NORMAL,OTHER_DISRUPTION,0.3183612,0.31627545,0.36536333
CONTROL__33014__2025102922,Grouped-random,test,NORMAL,OTHER_DISRUPTION,0.33023462,0.32506052,0.3447049
CONTROL__7179__2025022806,Grouped-random,test,NORMAL,OTHER_DISRUPTION,0.33023462,0.32506052,0.3447049
CONTROL__7179__2025032106,Grouped-random,test,NORMAL,NORMAL,0.34905806,0.3259308,0.32501113
CONTROL__51235__2025042016,Grouped-random,test,NORMAL,ACCIDENT,0.3312449,0.33921456,0.3295405
CONTROL__51235__2025072716,Grouped-random,test,NORMAL,NORMAL,0.33832735,0.3267827,0.33488998
CONTROL__7251__2025042304,Grouped-random,test,NORMAL,OTHER_DISRUPTION,0.35168308,0.29176012,0.3565568
CONTROL__7251__2025012204,Grouped-random,test,NORMAL,OTHER_DISRUPTION,0.33023462,0.32506052,0.3447049
CONTROL__T0290__2025062019,Grouped-random,test,NORMAL,OTHER_DISRUPTION,0.33023462,0.32506052,0.3447049
CONTROL__T0290__2025090519,Grouped-random,test,NORMAL,OTHER_DISRUPTION,0.32867703,0.32591152,0.34541142
CONTROL__T0479-PR__2025121219,Grouped-random,test,NORMAL,ACCIDENT,0.3117346,0.36444163,0.32382384
CONTROL__T0479-PR__2025092619,Grouped-random,test,NORMAL,NORMAL,0.37809598,0.36587057,0.25603348
CONTROL__F3FWY006__2025060705,Grouped-random,test,NORMAL,NORMAL,0.3548255,0.32036078,0.32481372
CONTROL__F3FWY006__2025091305,Grouped-random,test,NORMAL,NORMAL,0.36440158,0.3164069,0.3191914
CONTROL__33014__2025063005,Grouped-random,test,NORMAL,OTHER_DISRUPTION,0.33023462,0.32506052,0.3447049
CONTROL__33014__2025060205,Grouped-random,test,NORMAL,NORMAL,0.34984758,0.32852468,0.32162777
CONTROL__7120__2025080521,Grouped-random,test,NORMAL,NORMAL,0.41067156,0.29671818,0.29261017
CONTROL__7120__2025042921,Grouped-random,test,NORMAL,OTHER_DISRUPTION,0.31824225,0.32809833,0.3536594
CONTROL__29005__2025052820,Grouped-random,test,NORMAL,ACCIDENT,0.36556935,0.36810297,0.2663277
CONTROL__29005__2025010120,Grouped-random,test,NORMAL,ACCIDENT,0.3721014,0.40175655,0.22614199
CONTROL__7139__2025102300,Grouped-random,test,NORMAL,NORMAL,0.360857,0.3079768,0.33116618
CONTROL__7139__2025022700,Grouped-random,test,NORMAL,OTHER_DISRUPTION,0.33023462,0.32506052,0.3447049
CONTROL__7179__2025022708,Grouped-random,test,NORMAL,OTHER_DISRUPTION,0.33023462,0.32506052,0.3447049
CONTROL__7179__2025110608,Grouped-random,test,NORMAL,NORMAL,0.3645636,0.33475286,0.30068353
CONTROL__53003__2025041710,Grouped-random,test,NORMAL,NORMAL,0.3758391,0.36606842,0.2580925
CONTROL__53003__2025110610,Grouped-random,test,NORMAL,NORMAL,0.38353372,0.36053163,0.2559347
CONTROL__50240__2025032809,Grouped-random,test,NORMAL,NORMAL,0.3728135,0.3710159,0.2561706
CONTROL__50240__2025091209,Grouped-random,test,NORMAL,NORMAL,0.3721704,0.33589408,0.29193544
CONTROL__7120__2025040412,Grouped-random,test,NORMAL,NORMAL,0.37307367,0.34732452,0.27960172
CONTROL__7120__2025081512,Grouped-random,test,NORMAL,NORMAL,0.34203604,0.3287827,0.32918125
CONTROL__7120__2025081721,Grouped-random,test,NORMAL,OTHER_DISRUPTION,0.32028082,0.2973621,0.382357
CONTROL__7120__2025021621,Grouped-random,test,NORMAL,OTHER_DISRUPTION,0.33023462,0.32506052,0.3447049
CONTROL__7248__2025051823,Grouped-random,test,NORMAL,NORMAL,0.37226072,0.32075107,0.30698827
CONTROL__7248__2025082423,Grouped-random,test,NORMAL,NORMAL,0.37480336,0.31379282,0.3114038
CONTROL__F3FWY003__2025052019,Grouped-random,test,NORMAL,OTHER_DISRUPTION,0.33023462,0.32506052,0.3447049
CONTROL__F3FWY003__2025070819,Grouped-random,test,NORMAL,OTHER_DISRUPTION,0.33023462,0.32506052,0.3447049
CONTROL__9658__2025122420,Grouped-random,test,NORMAL,OTHER_DISRUPTION,0.32436746,0.30087766,0.3747549
CONTROL__9658__2025022620,Grouped-random,test,NORMAL,OTHER_DISRUPTION,0.33023462,0.32506052,0.3447049
CONTROL__50250__2025081401,Grouped-random,test,NORMAL,OTHER_DISRUPTION,0.31165966,0.30949038,0.37884995
CONTROL__50250__2025100201,Grouped-random,test,NORMAL,OTHER_DISRUPTION,0.30459076,0.3344933,0.36091593
CONTROL__50250__2025042401,Grouped-random,test,NORMAL,OTHER_DISRUPTION,0.3325776,0.33158788,0.3358345
CONTROL__50250__2025091801,Grouped-random,test,NORMAL,OTHER_DISRUPTION,0.33438078,0.33055446,0.3350647
CONTROL__10011__2025020718,Grouped-random,test,NORMAL,OTHER_DISRUPTION,0.33023462,0.32506052,0.3447049
CONTROL__10011__2025031418,Grouped-random,test,NORMAL,OTHER_DISRUPTION,0.3345461,0.31570652,0.34974736
CONTROL__34016__2025122808,Grouped-random,test,NORMAL,ACCIDENT,0.34636787,0.35657042,0.29706177
CONTROL__34016__2025030908,Grouped-random,test,NORMAL,OTHER_DISRUPTION,0.32789457,0.32664806,0.34545735
CONTROL__F3FWY004__2025021119,Grouped-random,test,NORMAL,OTHER_DISRUPTION,0.33023462,0.32506052,0.3447049
CONTROL__F3FWY004__2025031819,Grouped-random,test,NORMAL,NORMAL,0.35858575,0.31616372,0.3252507
CONTROL__33014__2025092322,Grouped-random,test,NORMAL,OTHER_DISRUPTION,0.33023462,0.32506052,0.3447049
CONTROL__33014__2025061722,Grouped-random,test,NORMAL,NORMAL,0.37099186,0.2837638,0.34524432
CONTROL__7179__2025032602,Grouped-random,test,NORMAL,OTHER_DISRUPTION,0.32123595,0.31273457,0.36602944
CONTROL__7179__2025082702,Grouped-random,test,NORMAL,OTHER_DISRUPTION,0.35554588,0.28404382,0.36041024
CONTROL__7184__2025073005,Grouped-random,test,NORMAL,NORMAL,0.35210562,0.32670417,0.3211902
CONTROL__7184__2025022605,Grouped-random,test,NORMAL,OTHER_DISRUPTION,0.33023462,0.32506052,0.3447049
CONTROL__7184__2025030804,Grouped-random,test,NORMAL,OTHER_DISRUPTION,0.33023462,0.32506052,0.3447049
CONTROL__7184__2025112204,Grouped-random,test,NORMAL,OTHER_DISRUPTION,0.35026103,0.2972814,0.3524576
CONTROL__7184__2025090108,Grouped-random,test,NORMAL,NORMAL,0.35502535,0.33616045,0.30881432
CONTROL__7184__2025041408,Grouped-random,test,NORMAL,ACCIDENT,0.3478955,0.39157116,0.26053336
CONTROL__T0479-PR__2025081901,Grouped-random,test,NORMAL,OTHER_DISRUPTION,0.3169625,0.28785113,0.39518633
CONTROL__T0479-PR__2025122301,Grouped-random,test,NORMAL,NORMAL,0.35547993,0.29795092,0.34656915
CONTROL__7150__2025090821,Grouped-random,test,NORMAL,OTHER_DISRUPTION,0.33046836,0.3228754,0.3466562
CONTROL__7150__2025102721,Grouped-random,test,NORMAL,ACCIDENT,0.3252409,0.3401992,0.3345599
CONTROL__7126__2025121610,Grouped-random,test,NORMAL,NORMAL,0.37169567,0.34363356,0.2846708
CONTROL__7126__2025022510,Grouped-random,test,NORMAL,OTHER_DISRUPTION,0.33023462,0.32506052,0.3447049
CONTROL__F3FWY003__2025090219,Grouped-random,test,NORMAL,NORMAL,0.38422668,0.34741175,0.2683616
CONTROL__F3FWY003__2025040819,Grouped-random,test,NORMAL,OTHER_DISRUPTION,0.33023462,0.32506052,0.3447049
CONTROL__74230__2025091804,Grouped-random,test,NORMAL,NORMAL,0.38486654,0.29608065,0.31905288
CONTROL__74230__2025120404,Grouped-random,test,NORMAL,ACCIDENT,0.3346254,0.33926597,0.32610857
CONTROL__74230__2025020604,Grouped-random,test,NORMAL,OTHER_DISRUPTION,0.33023462,0.32506052,0.3447049
CONTROL__74230__2025022704,Grouped-random,test,NORMAL,OTHER_DISRUPTION,0.33023462,0.32506052,0.3447049
CONTROL__T0290__2025121313,Grouped-random,test,NORMAL,NORMAL,0.3465063,0.32852378,0.32496983
CONTROL__T0290__2025120613,Grouped-random,test,NORMAL,OTHER_DISRUPTION,0.3265944,0.32920316,0.34420234
CONTROL__7121__2025010908,Grouped-random,test,NORMAL,NORMAL,0.34022987,0.32188806,0.33788204
CONTROL__7121__2025013008,Grouped-random,test,NORMAL,OTHER_DISRUPTION,0.3367837,0.31504944,0.34816688
CONTROL__7112__2025122706,Grouped-random,test,NORMAL,NORMAL,0.33524066,0.33069247,0.33406687
CONTROL__7112__2025122006,Grouped-random,test,NORMAL,ACCIDENT,0.3365371,0.33996195,0.32350093
CONTROL__7112__2025042606,Grouped-random,test,NORMAL,ACCIDENT,0.3366894,0.3406039,0.32270664
CONTROL__7112__2025092706,Grouped-random,test,NORMAL,ACCIDENT,0.33618394,0.33752948,0.32628652
CONTROL__7163__2025102120,Grouped-random,test,NORMAL,NORMAL,0.3621274,0.32600063,0.31187195
CONTROL__7163__2025052720,Grouped-random,test,NORMAL,NORMAL,0.36402807,0.32213122,0.31384063
CONTROL__7163__2025110421,Grouped-random,test,NORMAL,OTHER_DISRUPTION,0.33273682,0.32419485,0.34306833
CONTROL__7163__2025111121,Grouped-random,test,NORMAL,OTHER_DISRUPTION,0.33224335,0.28583908,0.38191757
CONTROL__7132__2025081006,Grouped-random,test,NORMAL,NORMAL,0.37707222,0.32410526,0.2988225
CONTROL__7132__2025050406,Grouped-random,test,NORMAL,NORMAL,0.37910274,0.32280278,0.29809457
CONTROL__F3FWY004__2025072016,Grouped-random,test,NORMAL,ACCIDENT,0.36258087,0.37825096,0.25916827
CONTROL__F3FWY004__2025090716,Grouped-random,test,NORMAL,ACCIDENT,0.37041396,0.3793248,0.25026134
CONTROL__7121__2025011007,Grouped-random,test,NORMAL,OTHER_DISRUPTION,0.33023462,0.32506052,0.3447049
CONTROL__7121__2025031407,Grouped-random,test,NORMAL,NORMAL,0.34931117,0.34466243,0.3060264
CONTROL__74229__2025122906,Grouped-random,test,NORMAL,ACCIDENT,0.32796398,0.34267384,0.3293622
CONTROL__74229__2025090106,Grouped-random,test,NORMAL,NORMAL,0.34116414,0.32731667,0.33151922
CONTROL__7119-PR__2025112506,Grouped-random,test,NORMAL,ACCIDENT,0.3406374,0.3689995,0.29036313
CONTROL__7119-PR__2025042906,Grouped-random,test,NORMAL,NORMAL,0.3443247,0.32844973,0.32722566
CONTROL__7251__2025060402,Grouped-random,test,NORMAL,NORMAL,0.37381938,0.30522323,0.32095736
CONTROL__7251__2025061102,Grouped-random,test,NORMAL,NORMAL,0.37251392,0.30164075,0.3258452
CONTROL__7251__2025040202,Grouped-random,test,NORMAL,NORMAL,0.379026,0.32027805,0.30069596
CONTROL__7251__2025011502,Grouped-random,test,NORMAL,NORMAL,0.3395292,0.33133107,0.3291398
CONTROL__33014__2025112606,Grouped-random,test,NORMAL,OTHER_DISRUPTION,0.33023462,0.32506052,0.3447049
CONTROL__33014__2025082006,Grouped-random,test,NORMAL,OTHER_DISRUPTION,0.33023462,0.32506052,0.3447049
CONTROL__33014__2025061806,Grouped-random,test,NORMAL,NORMAL,0.35051572,0.3150447,0.3344396
CONTROL__33014__2025110506,Grouped-random,test,NORMAL,OTHER_DISRUPTION,0.33023462,0.32506052,0.3447049
CONTROL__7112__2025022023,Grouped-random,test,NORMAL,OTHER_DISRUPTION,0.33023462,0.32506052,0.3447049
CONTROL__7112__2025082823,Grouped-random,test,NORMAL,OTHER_DISRUPTION,0.33391017,0.33151546,0.33457437
CONTROL__7112__2025100305,Grouped-random,test,NORMAL,NORMAL,0.35989454,0.31314245,0.32696298
CONTROL__7112__2025072505,Grouped-random,test,NORMAL,NORMAL,0.35490054,0.35266036,0.2924391
CONTROL__7121__2025010320,Grouped-random,test,NORMAL,OTHER_DISRUPTION,0.32317525,0.33277372,0.34405097
CONTROL__7121__2025081520,Grouped-random,test,NORMAL,OTHER_DISRUPTION,0.32702798,0.330051,0.342921
CONTROL__7179__2025080915,Grouped-random,test,NORMAL,ACCIDENT,0.36861557,0.37320268,0.25818178
CONTROL__7179__2025040515,Grouped-random,test,NORMAL,NORMAL,0.35646468,0.3279254,0.3156099
CONTROL__7179__2025090712,Grouped-random,test,NORMAL,ACCIDENT,0.3626156,0.3761156,0.26126888
CONTROL__7179__2025041312,Grouped-random,test,NORMAL,ACCIDENT,0.36390057,0.37437668,0.26172274
CONTROL__7132__2025081105,Grouped-random,test,NORMAL,NORMAL,0.3442054,0.3354251,0.32036948
CONTROL__7132__2025120105,Grouped-random,test,NORMAL,NORMAL,0.34527913,0.32814035,0.32658052
CONTROL__7120__2025031801,Grouped-random,test,NORMAL,OTHER_DISRUPTION,0.31680092,0.31184208,0.37135702
CONTROL__7120__2025081901,Grouped-random,test,NORMAL,OTHER_DISRUPTION,0.33060864,0.30253744,0.3668539
CONTROL__7179__2025090905,Grouped-random,test,NORMAL,NORMAL,0.3601836,0.3537111,0.28610533
CONTROL__7179__2025061705,Grouped-random,test,NORMAL,NORMAL,0.3644148,0.3484987,0.28708646
CONTROL__7184__2025100401,Grouped-random,test,NORMAL,OTHER_DISRUPTION,0.32329145,0.31732398,0.35938454
CONTROL__7184__2025040501,Grouped-random,test,NORMAL,NORMAL,0.3807097,0.29262066,0.3266696
CONTROL__7184__2025032901,Grouped-random,test,NORMAL,ACCIDENT,0.3142401,0.37077776,0.31498215
CONTROL__7184__2025120601,Grouped-random,test,NORMAL,ACCIDENT,0.33619615,0.34735972,0.31644422
CONTROL__74230__2025091604,Grouped-random,test,NORMAL,NORMAL,0.36820754,0.29828626,0.3335062
CONTROL__74230__2025072904,Grouped-random,test,NORMAL,OTHER_DISRUPTION,0.33023462,0.32506052,0.3447049
CONTROL__7179__2025100706,Grouped-random,test,NORMAL,ACCIDENT,0.3481632,0.37605375,0.275783
CONTROL__7179__2025070106,Grouped-random,test,NORMAL,ACCIDENT,0.3477987,0.37744284,0.27475846
CONTROL__7121__2025041009,Grouped-random,test,NORMAL,ACCIDENT,0.35173926,0.35254094,0.2957198
CONTROL__7121__2025013009,Grouped-random,test,NORMAL,ACCIDENT,0.32847026,0.342575,0.32895476
CONTROL__10011__2025031311,Grouped-random,test,NORMAL,NORMAL,0.38098735,0.367627,0.25138578
CONTROL__10011__2025121111,Grouped-random,test,NORMAL,OTHER_DISRUPTION,0.33023462,0.32506052,0.3447049
CONTROL__7139__2025112011,Grouped-random,test,NORMAL,NORMAL,0.36615077,0.33692524,0.29692394
CONTROL__7139__2025021311,Grouped-random,test,NORMAL,OTHER_DISRUPTION,0.33023462,0.32506052,0.3447049
CONTROL__7153__2025060609,Grouped-random,test,NORMAL,NORMAL,0.37159917,0.32577714,0.3026236
CONTROL__7153__2025080809,Grouped-random,test,NORMAL,NORMAL,0.3649043,0.3314643,0.3036314
CONTROL__7123-PR__2025090621,Grouped-random,test,NORMAL,OTHER_DISRUPTION,0.32252663,0.29889643,0.37857687
CONTROL__7123-PR__2025072621,Grouped-random,test,NORMAL,OTHER_DISRUPTION,0.32335168,0.28247723,0.39417106
CONTROL__7163__2025100611,Grouped-random,test,NORMAL,NORMAL,0.35329777,0.34884623,0.2978559
CONTROL__7163__2025040711,Grouped-random,test,NORMAL,NORMAL,0.35294288,0.31856838,0.32848874
CONTROL__7161__2025082607,Grouped-random,test,NORMAL,ACCIDENT,0.3361686,0.39106557,0.2727659
CONTROL__7161__2025050607,Grouped-random,test,NORMAL,ACCIDENT,0.33592835,0.39027658,0.27379504
CONTROL__10011__2025030412,Grouped-random,test,NORMAL,NORMAL,0.3800692,0.3661445,0.25378633
CONTROL__10011__2025012112,Grouped-random,test,NORMAL,ACCIDENT,0.30371273,0.40040782,0.29587945
